n_selected,selection_method,selection_reused,test_dates,test_end,test_end_date,test_start,test_start_date,train_end,train_end_date,train_start,train_start_date,window_id,selected_feature
18,lasso,False,2016-03-07T00:00:00,313,2016-03-07T00:00:00,312,2016-03-07T00:00:00,312,2016-02-29T00:00:00,0,2009-04-20T00:00:00,0,DJIA_Index
18,lasso,False,2016-03-07T00:00:00,313,2016-03-07T00:00:00,312,2016-03-07T00:00:00,312,2016-02-29T00:00:00,0,2009-04-20T00:00:00,0,Stock_Uncertainty
18,lasso,False,2016-03-07T00:00:00,313,2016-03-07T00:00:00,312,2016-03-07T00:00:00,312,2016-02-29T00:00:00,0,2009-04-20T00:00:00,0,awnd_extreme_high_wind_in_harvesting
18,lasso,False,2016-03-07T00:00:00,313,2016-03-07T00:00:00,312,2016-03-07T00:00:00,312,2016-02-29T00:00:00,0,2009-04-20T00:00:00,0,awnd_moderate_high_wind_in_harvesting
18,lasso,False,2016-03-07T00:00:00,313,2016-03-07T00:00:00,312,2016-03-07T00:00:00,312,2016-02-29T00:00:00,0,2009-04-20T00:00:00,0,awnd_moderate_high_wind_in_planting
18,lasso,False,2016-03-07T00:00:00,313,2016-03-07T00:00:00,312,2016-03-07T00:00:00,312,2016-02-29T00:00:00,0,2009-04-20T00:00:00,0,corn_monthly_rv
18,lasso,False,2016-03-07T00:00:00,313,2016-03-07T00:00:00,312,2016-03-07T00:00:00,312,2016-02-29T00:00:00,0,2009-04-20T00:00:00,0,corn_seasonal_rv
18,lasso,False,2016-03-07T00:00:00,313,2016-03-07T00:00:00,312,2016-03-07T00:00:00,312,2016-02-29T00:00:00,0,2009-04-20T00:00:00,0,corn_weekly_rv
18,lasso,False,2016-03-07T00:00:00,313,2016-03-07T00:00:00,312,2016-03-07T00:00:00,312,2016-02-29T00:00:00,0,2009-04-20T00:00:00,0,pdsi_extreme_drought_in_harvesting
18,lasso,False,2016-03-07T00:00:00,313,2016-03-07T00:00:00,312,2016-03-07T00:00:00,312,2016-02-29T00:00:00,0,2009-04-20T00:00:00,0,pdsi_extreme_drought_in_planting
18,lasso,False,2016-03-07T00:00:00,313,2016-03-07T00:00:00,312,2016-03-07T00:00:00,312,2016-02-29T00:00:00,0,2009-04-20T00:00:00,0,pdsi_extreme_wet_in_harvesting
18,lasso,False,2016-03-07T00:00:00,313,2016-03-07T00:00:00,312,2016-03-07T00:00:00,312,2016-02-29T00:00:00,0,2009-04-20T00:00:00,0,pdsi_severe_drought_in_harvesting
18,lasso,False,2016-03-07T00:00:00,313,2016-03-07T00:00:00,312,2016-03-07T00:00:00,312,2016-02-29T00:00:00,0,2009-04-20T00:00:00,0,spi_7d_extreme_wet_in_harvesting
18,lasso,False,2016-03-07T00:00:00,313,2016-03-07T00:00:00,312,2016-03-07T00:00:00,312,2016-02-29T00:00:00,0,2009-04-20T00:00:00,0,spi_7d_very_dry_in_planting
18,lasso,False,2016-03-07T00:00:00,313,2016-03-07T00:00:00,312,2016-03-07T00:00:00,312,2016-02-29T00:00:00,0,2009-04-20T00:00:00,0,ssta_elino
18,lasso,False,2016-03-07T00:00:00,313,2016-03-07T00:00:00,312,2016-03-07T00:00:00,312,2016-02-29T00:00:00,0,2009-04-20T00:00:00,0,tmax_hot_in_harvesting
18,lasso,False,2016-03-07T00:00:00,313,2016-03-07T00:00:00,312,2016-03-07T00:00:00,312,2016-02-29T00:00:00,0,2009-04-20T00:00:00,0,tmax_very_hot_in_planting
18,lasso,False,2016-03-07T00:00:00,313,2016-03-07T00:00:00,312,2016-03-07T00:00:00,312,2016-02-29T00:00:00,0,2009-04-20T00:00:00,0,wheat_weekly_rv
18,lasso,True,2016-05-02T00:00:00,321,2016-05-02T00:00:00,320,2016-05-02T00:00:00,320,2016-04-25T00:00:00,0,2009-04-20T00:00:00,1,DJIA_Index
18,lasso,True,2016-05-02T00:00:00,321,2016-05-02T00:00:00,320,2016-05-02T00:00:00,320,2016-04-25T00:00:00,0,2009-04-20T00:00:00,1,Stock_Uncertainty
18,lasso,True,2016-05-02T00:00:00,321,2016-05-02T00:00:00,320,2016-05-02T00:00:00,320,2016-04-25T00:00:00,0,2009-04-20T00:00:00,1,awnd_extreme_high_wind_in_harvesting
18,lasso,True,2016-05-02T00:00:00,321,2016-05-02T00:00:00,320,2016-05-02T00:00:00,320,2016-04-25T00:00:00,0,2009-04-20T00:00:00,1,awnd_moderate_high_wind_in_harvesting
18,lasso,True,2016-05-02T00:00:00,321,2016-05-02T00:00:00,320,2016-05-02T00:00:00,320,2016-04-25T00:00:00,0,2009-04-20T00:00:00,1,awnd_moderate_high_wind_in_planting
18,lasso,True,2016-05-02T00:00:00,321,2016-05-02T00:00:00,320,2016-05-02T00:00:00,320,2016-04-25T00:00:00,0,2009-04-20T00:00:00,1,corn_monthly_rv
18,lasso,True,2016-05-02T00:00:00,321,2016-05-02T00:00:00,320,2016-05-02T00:00:00,320,2016-04-25T00:00:00,0,2009-04-20T00:00:00,1,corn_seasonal_rv
18,lasso,True,2016-05-02T00:00:00,321,2016-05-02T00:00:00,320,2016-05-02T00:00:00,320,2016-04-25T00:00:00,0,2009-04-20T00:00:00,1,corn_weekly_rv
18,lasso,True,2016-05-02T00:00:00,321,2016-05-02T00:00:00,320,2016-05-02T00:00:00,320,2016-04-25T00:00:00,0,2009-04-20T00:00:00,1,pdsi_extreme_drought_in_harvesting
18,lasso,True,2016-05-02T00:00:00,321,2016-05-02T00:00:00,320,2016-05-02T00:00:00,320,2016-04-25T00:00:00,0,2009-04-20T00:00:00,1,pdsi_extreme_drought_in_planting
18,lasso,True,2016-05-02T00:00:00,321,2016-05-02T00:00:00,320,2016-05-02T00:00:00,320,2016-04-25T00:00:00,0,2009-04-20T00:00:00,1,pdsi_extreme_wet_in_harvesting
18,lasso,True,2016-05-02T00:00:00,321,2016-05-02T00:00:00,320,2016-05-02T00:00:00,320,2016-04-25T00:00:00,0,2009-04-20T00:00:00,1,pdsi_severe_drought_in_harvesting
18,lasso,True,2016-05-02T00:00:00,321,2016-05-02T00:00:00,320,2016-05-02T00:00:00,320,2016-04-25T00:00:00,0,2009-04-20T00:00:00,1,spi_7d_extreme_wet_in_harvesting
18,lasso,True,2016-05-02T00:00:00,321,2016-05-02T00:00:00,320,2016-05-02T00:00:00,320,2016-04-25T00:00:00,0,2009-04-20T00:00:00,1,spi_7d_very_dry_in_planting
18,lasso,True,2016-05-02T00:00:00,321,2016-05-02T00:00:00,320,2016-05-02T00:00:00,320,2016-04-25T00:00:00,0,2009-04-20T00:00:00,1,ssta_elino
18,lasso,True,2016-05-02T00:00:00,321,2016-05-02T00:00:00,320,2016-05-02T00:00:00,320,2016-04-25T00:00:00,0,2009-04-20T00:00:00,1,tmax_hot_in_harvesting
18,lasso,True,2016-05-02T00:00:00,321,2016-05-02T00:00:00,320,2016-05-02T00:00:00,320,2016-04-25T00:00:00,0,2009-04-20T00:00:00,1,tmax_very_hot_in_planting
18,lasso,True,2016-05-02T00:00:00,321,2016-05-02T00:00:00,320,2016-05-02T00:00:00,320,2016-04-25T00:00:00,0,2009-04-20T00:00:00,1,wheat_weekly_rv
18,lasso,True,2016-07-11T00:00:00,329,2016-07-11T00:00:00,328,2016-07-11T00:00:00,328,2016-06-27T00:00:00,0,2009-04-20T00:00:00,2,DJIA_Index
18,lasso,True,2016-07-11T00:00:00,329,2016-07-11T00:00:00,328,2016-07-11T00:00:00,328,2016-06-27T00:00:00,0,2009-04-20T00:00:00,2,Stock_Uncertainty
18,lasso,True,2016-07-11T00:00:00,329,2016-07-11T00:00:00,328,2016-07-11T00:00:00,328,2016-06-27T00:00:00,0,2009-04-20T00:00:00,2,awnd_extreme_high_wind_in_harvesting
18,lasso,True,2016-07-11T00:00:00,329,2016-07-11T00:00:00,328,2016-07-11T00:00:00,328,2016-06-27T00:00:00,0,2009-04-20T00:00:00,2,awnd_moderate_high_wind_in_harvesting
18,lasso,True,2016-07-11T00:00:00,329,2016-07-11T00:00:00,328,2016-07-11T00:00:00,328,2016-06-27T00:00:00,0,2009-04-20T00:00:00,2,awnd_moderate_high_wind_in_planting
18,lasso,True,2016-07-11T00:00:00,329,2016-07-11T00:00:00,328,2016-07-11T00:00:00,328,2016-06-27T00:00:00,0,2009-04-20T00:00:00,2,corn_monthly_rv
18,lasso,True,2016-07-11T00:00:00,329,2016-07-11T00:00:00,328,2016-07-11T00:00:00,328,2016-06-27T00:00:00,0,2009-04-20T00:00:00,2,corn_seasonal_rv
18,lasso,True,2016-07-11T00:00:00,329,2016-07-11T00:00:00,328,2016-07-11T00:00:00,328,2016-06-27T00:00:00,0,2009-04-20T00:00:00,2,corn_weekly_rv
18,lasso,True,2016-07-11T00:00:00,329,2016-07-11T00:00:00,328,2016-07-11T00:00:00,328,2016-06-27T00:00:00,0,2009-04-20T00:00:00,2,pdsi_extreme_drought_in_harvesting
18,lasso,True,2016-07-11T00:00:00,329,2016-07-11T00:00:00,328,2016-07-11T00:00:00,328,2016-06-27T00:00:00,0,2009-04-20T00:00:00,2,pdsi_extreme_drought_in_planting
18,lasso,True,2016-07-11T00:00:00,329,2016-07-11T00:00:00,328,2016-07-11T00:00:00,328,2016-06-27T00:00:00,0,2009-04-20T00:00:00,2,pdsi_extreme_wet_in_harvesting
18,lasso,True,2016-07-11T00:00:00,329,2016-07-11T00:00:00,328,2016-07-11T00:00:00,328,2016-06-27T00:00:00,0,2009-04-20T00:00:00,2,pdsi_severe_drought_in_harvesting
18,lasso,True,2016-07-11T00:00:00,329,2016-07-11T00:00:00,328,2016-07-11T00:00:00,328,2016-06-27T00:00:00,0,2009-04-20T00:00:00,2,spi_7d_extreme_wet_in_harvesting
18,lasso,True,2016-07-11T00:00:00,329,2016-07-11T00:00:00,328,2016-07-11T00:00:00,328,2016-06-27T00:00:00,0,2009-04-20T00:00:00,2,spi_7d_very_dry_in_planting
18,lasso,True,2016-07-11T00:00:00,329,2016-07-11T00:00:00,328,2016-07-11T00:00:00,328,2016-06-27T00:00:00,0,2009-04-20T00:00:00,2,ssta_elino
18,lasso,True,2016-07-11T00:00:00,329,2016-07-11T00:00:00,328,2016-07-11T00:00:00,328,2016-06-27T00:00:00,0,2009-04-20T00:00:00,2,tmax_hot_in_harvesting
18,lasso,True,2016-07-11T00:00:00,329,2016-07-11T00:00:00,328,2016-07-11T00:00:00,328,2016-06-27T00:00:00,0,2009-04-20T00:00:00,2,tmax_very_hot_in_planting
18,lasso,True,2016-07-11T00:00:00,329,2016-07-11T00:00:00,328,2016-07-11T00:00:00,328,2016-06-27T00:00:00,0,2009-04-20T00:00:00,2,wheat_weekly_rv
18,lasso,True,2016-09-12T00:00:00,337,2016-09-12T00:00:00,336,2016-09-12T00:00:00,336,2016-08-29T00:00:00,0,2009-04-20T00:00:00,3,DJIA_Index
18,lasso,True,2016-09-12T00:00:00,337,2016-09-12T00:00:00,336,2016-09-12T00:00:00,336,2016-08-29T00:00:00,0,2009-04-20T00:00:00,3,Stock_Uncertainty
18,lasso,True,2016-09-12T00:00:00,337,2016-09-12T00:00:00,336,2016-09-12T00:00:00,336,2016-08-29T00:00:00,0,2009-04-20T00:00:00,3,awnd_extreme_high_wind_in_harvesting
18,lasso,True,2016-09-12T00:00:00,337,2016-09-12T00:00:00,336,2016-09-12T00:00:00,336,2016-08-29T00:00:00,0,2009-04-20T00:00:00,3,awnd_moderate_high_wind_in_harvesting
18,lasso,True,2016-09-12T00:00:00,337,2016-09-12T00:00:00,336,2016-09-12T00:00:00,336,2016-08-29T00:00:00,0,2009-04-20T00:00:00,3,awnd_moderate_high_wind_in_planting
18,lasso,True,2016-09-12T00:00:00,337,2016-09-12T00:00:00,336,2016-09-12T00:00:00,336,2016-08-29T00:00:00,0,2009-04-20T00:00:00,3,corn_monthly_rv
18,lasso,True,2016-09-12T00:00:00,337,2016-09-12T00:00:00,336,2016-09-12T00:00:00,336,2016-08-29T00:00:00,0,2009-04-20T00:00:00,3,corn_seasonal_rv
18,lasso,True,2016-09-12T00:00:00,337,2016-09-12T00:00:00,336,2016-09-12T00:00:00,336,2016-08-29T00:00:00,0,2009-04-20T00:00:00,3,corn_weekly_rv
18,lasso,True,2016-09-12T00:00:00,337,2016-09-12T00:00:00,336,2016-09-12T00:00:00,336,2016-08-29T00:00:00,0,2009-04-20T00:00:00,3,pdsi_extreme_drought_in_harvesting
18,lasso,True,2016-09-12T00:00:00,337,2016-09-12T00:00:00,336,2016-09-12T00:00:00,336,2016-08-29T00:00:00,0,2009-04-20T00:00:00,3,pdsi_extreme_drought_in_planting
18,lasso,True,2016-09-12T00:00:00,337,2016-09-12T00:00:00,336,2016-09-12T00:00:00,336,2016-08-29T00:00:00,0,2009-04-20T00:00:00,3,pdsi_extreme_wet_in_harvesting
18,lasso,True,2016-09-12T00:00:00,337,2016-09-12T00:00:00,336,2016-09-12T00:00:00,336,2016-08-29T00:00:00,0,2009-04-20T00:00:00,3,pdsi_severe_drought_in_harvesting
18,lasso,True,2016-09-12T00:00:00,337,2016-09-12T00:00:00,336,2016-09-12T00:00:00,336,2016-08-29T00:00:00,0,2009-04-20T00:00:00,3,spi_7d_extreme_wet_in_harvesting
18,lasso,True,2016-09-12T00:00:00,337,2016-09-12T00:00:00,336,2016-09-12T00:00:00,336,2016-08-29T00:00:00,0,2009-04-20T00:00:00,3,spi_7d_very_dry_in_planting
18,lasso,True,2016-09-12T00:00:00,337,2016-09-12T00:00:00,336,2016-09-12T00:00:00,336,2016-08-29T00:00:00,0,2009-04-20T00:00:00,3,ssta_elino
18,lasso,True,2016-09-12T00:00:00,337,2016-09-12T00:00:00,336,2016-09-12T00:00:00,336,2016-08-29T00:00:00,0,2009-04-20T00:00:00,3,tmax_hot_in_harvesting
18,lasso,True,2016-09-12T00:00:00,337,2016-09-12T00:00:00,336,2016-09-12T00:00:00,336,2016-08-29T00:00:00,0,2009-04-20T00:00:00,3,tmax_very_hot_in_planting
18,lasso,True,2016-09-12T00:00:00,337,2016-09-12T00:00:00,336,2016-09-12T00:00:00,336,2016-08-29T00:00:00,0,2009-04-20T00:00:00,3,wheat_weekly_rv
28,lasso,False,2016-11-14T00:00:00,345,2016-11-14T00:00:00,344,2016-11-14T00:00:00,344,2016-11-07T00:00:00,0,2009-04-20T00:00:00,4,DJIA_Index
28,lasso,False,2016-11-14T00:00:00,345,2016-11-14T00:00:00,344,2016-11-14T00:00:00,344,2016-11-07T00:00:00,0,2009-04-20T00:00:00,4,NAO_index
28,lasso,False,2016-11-14T00:00:00,345,2016-11-14T00:00:00,344,2016-11-14T00:00:00,344,2016-11-07T00:00:00,0,2009-04-20T00:00:00,4,Stock_Uncertainty
28,lasso,False,2016-11-14T00:00:00,345,2016-11-14T00:00:00,344,2016-11-14T00:00:00,344,2016-11-07T00:00:00,0,2009-04-20T00:00:00,4,WTI_Index
28,lasso,False,2016-11-14T00:00:00,345,2016-11-14T00:00:00,344,2016-11-14T00:00:00,344,2016-11-07T00:00:00,0,2009-04-20T00:00:00,4,awnd_extreme_high_wind_in_harvesting
28,lasso,False,2016-11-14T00:00:00,345,2016-11-14T00:00:00,344,2016-11-14T00:00:00,344,2016-11-07T00:00:00,0,2009-04-20T00:00:00,4,awnd_extreme_high_wind_in_planting
28,lasso,False,2016-11-14T00:00:00,345,2016-11-14T00:00:00,344,2016-11-14T00:00:00,344,2016-11-07T00:00:00,0,2009-04-20T00:00:00,4,awnd_moderate_high_wind_in_harvesting
28,lasso,False,2016-11-14T00:00:00,345,2016-11-14T00:00:00,344,2016-11-14T00:00:00,344,2016-11-07T00:00:00,0,2009-04-20T00:00:00,4,awnd_moderate_high_wind_in_planting
28,lasso,False,2016-11-14T00:00:00,345,2016-11-14T00:00:00,344,2016-11-14T00:00:00,344,2016-11-07T00:00:00,0,2009-04-20T00:00:00,4,corn_monthly_rv
28,lasso,False,2016-11-14T00:00:00,345,2016-11-14T00:00:00,344,2016-11-14T00:00:00,344,2016-11-07T00:00:00,0,2009-04-20T00:00:00,4,corn_seasonal_rv
28,lasso,False,2016-11-14T00:00:00,345,2016-11-14T00:00:00,344,2016-11-14T00:00:00,344,2016-11-07T00:00:00,0,2009-04-20T00:00:00,4,corn_weekly_rv
28,lasso,False,2016-11-14T00:00:00,345,2016-11-14T00:00:00,344,2016-11-14T00:00:00,344,2016-11-07T00:00:00,0,2009-04-20T00:00:00,4,corn_weekly_rvb
28,lasso,False,2016-11-14T00:00:00,345,2016-11-14T00:00:00,344,2016-11-14T00:00:00,344,2016-11-07T00:00:00,0,2009-04-20T00:00:00,4,pdsi_extreme_drought_in_harvesting
28,lasso,False,2016-11-14T00:00:00,345,2016-11-14T00:00:00,344,2016-11-14T00:00:00,344,2016-11-07T00:00:00,0,2009-04-20T00:00:00,4,pdsi_extreme_drought_in_planting
28,lasso,False,2016-11-14T00:00:00,345,2016-11-14T00:00:00,344,2016-11-14T00:00:00,344,2016-11-07T00:00:00,0,2009-04-20T00:00:00,4,pdsi_extreme_wet_in_harvesting
28,lasso,False,2016-11-14T00:00:00,345,2016-11-14T00:00:00,344,2016-11-14T00:00:00,344,2016-11-07T00:00:00,0,2009-04-20T00:00:00,4,pdsi_extreme_wet_in_planting
28,lasso,False,2016-11-14T00:00:00,345,2016-11-14T00:00:00,344,2016-11-14T00:00:00,344,2016-11-07T00:00:00,0,2009-04-20T00:00:00,4,pdsi_severe_drought_in_harvesting
28,lasso,False,2016-11-14T00:00:00,345,2016-11-14T00:00:00,344,2016-11-14T00:00:00,344,2016-11-07T00:00:00,0,2009-04-20T00:00:00,4,pdsi_very_wet_in_harvesting
28,lasso,False,2016-11-14T00:00:00,345,2016-11-14T00:00:00,344,2016-11-14T00:00:00,344,2016-11-07T00:00:00,0,2009-04-20T00:00:00,4,spi_7d_extreme_wet_in_harvesting
28,lasso,False,2016-11-14T00:00:00,345,2016-11-14T00:00:00,344,2016-11-14T00:00:00,344,2016-11-07T00:00:00,0,2009-04-20T00:00:00,4,spi_7d_extreme_wet_in_planting
28,lasso,False,2016-11-14T00:00:00,345,2016-11-14T00:00:00,344,2016-11-14T00:00:00,344,2016-11-07T00:00:00,0,2009-04-20T00:00:00,4,spi_7d_very_wet_in_planting
28,lasso,False,2016-11-14T00:00:00,345,2016-11-14T00:00:00,344,2016-11-14T00:00:00,344,2016-11-07T00:00:00,0,2009-04-20T00:00:00,4,ssta_elino
28,lasso,False,2016-11-14T00:00:00,345,2016-11-14T00:00:00,344,2016-11-14T00:00:00,344,2016-11-07T00:00:00,0,2009-04-20T00:00:00,4,tmax_hot_in_harvesting
28,lasso,False,2016-11-14T00:00:00,345,2016-11-14T00:00:00,344,2016-11-14T00:00:00,344,2016-11-07T00:00:00,0,2009-04-20T00:00:00,4,tmax_hot_in_planting
28,lasso,False,2016-11-14T00:00:00,345,2016-11-14T00:00:00,344,2016-11-14T00:00:00,344,2016-11-07T00:00:00,0,2009-04-20T00:00:00,4,tmax_very_hot_in_planting
28,lasso,False,2016-11-14T00:00:00,345,2016-11-14T00:00:00,344,2016-11-14T00:00:00,344,2016-11-07T00:00:00,0,2009-04-20T00:00:00,4,tmin_very_cold_in_harvesting
28,lasso,False,2016-11-14T00:00:00,345,2016-11-14T00:00:00,344,2016-11-14T00:00:00,344,2016-11-07T00:00:00,0,2009-04-20T00:00:00,4,tmin_very_cold_in_planting
28,lasso,False,2016-11-14T00:00:00,345,2016-11-14T00:00:00,344,2016-11-14T00:00:00,344,2016-11-07T00:00:00,0,2009-04-20T00:00:00,4,wheat_weekly_rv
28,lasso,True,2017-01-30T00:00:00,353,2017-01-30T00:00:00,352,2017-01-30T00:00:00,352,2017-01-23T00:00:00,0,2009-04-20T00:00:00,5,DJIA_Index
28,lasso,True,2017-01-30T00:00:00,353,2017-01-30T00:00:00,352,2017-01-30T00:00:00,352,2017-01-23T00:00:00,0,2009-04-20T00:00:00,5,NAO_index
28,lasso,True,2017-01-30T00:00:00,353,2017-01-30T00:00:00,352,2017-01-30T00:00:00,352,2017-01-23T00:00:00,0,2009-04-20T00:00:00,5,Stock_Uncertainty
28,lasso,True,2017-01-30T00:00:00,353,2017-01-30T00:00:00,352,2017-01-30T00:00:00,352,2017-01-23T00:00:00,0,2009-04-20T00:00:00,5,WTI_Index
28,lasso,True,2017-01-30T00:00:00,353,2017-01-30T00:00:00,352,2017-01-30T00:00:00,352,2017-01-23T00:00:00,0,2009-04-20T00:00:00,5,awnd_extreme_high_wind_in_harvesting
28,lasso,True,2017-01-30T00:00:00,353,2017-01-30T00:00:00,352,2017-01-30T00:00:00,352,2017-01-23T00:00:00,0,2009-04-20T00:00:00,5,awnd_extreme_high_wind_in_planting
28,lasso,True,2017-01-30T00:00:00,353,2017-01-30T00:00:00,352,2017-01-30T00:00:00,352,2017-01-23T00:00:00,0,2009-04-20T00:00:00,5,awnd_moderate_high_wind_in_harvesting
28,lasso,True,2017-01-30T00:00:00,353,2017-01-30T00:00:00,352,2017-01-30T00:00:00,352,2017-01-23T00:00:00,0,2009-04-20T00:00:00,5,awnd_moderate_high_wind_in_planting
28,lasso,True,2017-01-30T00:00:00,353,2017-01-30T00:00:00,352,2017-01-30T00:00:00,352,2017-01-23T00:00:00,0,2009-04-20T00:00:00,5,corn_monthly_rv
28,lasso,True,2017-01-30T00:00:00,353,2017-01-30T00:00:00,352,2017-01-30T00:00:00,352,2017-01-23T00:00:00,0,2009-04-20T00:00:00,5,corn_seasonal_rv
28,lasso,True,2017-01-30T00:00:00,353,2017-01-30T00:00:00,352,2017-01-30T00:00:00,352,2017-01-23T00:00:00,0,2009-04-20T00:00:00,5,corn_weekly_rv
28,lasso,True,2017-01-30T00:00:00,353,2017-01-30T00:00:00,352,2017-01-30T00:00:00,352,2017-01-23T00:00:00,0,2009-04-20T00:00:00,5,corn_weekly_rvb
28,lasso,True,2017-01-30T00:00:00,353,2017-01-30T00:00:00,352,2017-01-30T00:00:00,352,2017-01-23T00:00:00,0,2009-04-20T00:00:00,5,pdsi_extreme_drought_in_harvesting
28,lasso,True,2017-01-30T00:00:00,353,2017-01-30T00:00:00,352,2017-01-30T00:00:00,352,2017-01-23T00:00:00,0,2009-04-20T00:00:00,5,pdsi_extreme_drought_in_planting
28,lasso,True,2017-01-30T00:00:00,353,2017-01-30T00:00:00,352,2017-01-30T00:00:00,352,2017-01-23T00:00:00,0,2009-04-20T00:00:00,5,pdsi_extreme_wet_in_harvesting
28,lasso,True,2017-01-30T00:00:00,353,2017-01-30T00:00:00,352,2017-01-30T00:00:00,352,2017-01-23T00:00:00,0,2009-04-20T00:00:00,5,pdsi_extreme_wet_in_planting
28,lasso,True,2017-01-30T00:00:00,353,2017-01-30T00:00:00,352,2017-01-30T00:00:00,352,2017-01-23T00:00:00,0,2009-04-20T00:00:00,5,pdsi_severe_drought_in_harvesting
28,lasso,True,2017-01-30T00:00:00,353,2017-01-30T00:00:00,352,2017-01-30T00:00:00,352,2017-01-23T00:00:00,0,2009-04-20T00:00:00,5,pdsi_very_wet_in_harvesting
28,lasso,True,2017-01-30T00:00:00,353,2017-01-30T00:00:00,352,2017-01-30T00:00:00,352,2017-01-23T00:00:00,0,2009-04-20T00:00:00,5,spi_7d_extreme_wet_in_harvesting
28,lasso,True,2017-01-30T00:00:00,353,2017-01-30T00:00:00,352,2017-01-30T00:00:00,352,2017-01-23T00:00:00,0,2009-04-20T00:00:00,5,spi_7d_extreme_wet_in_planting
28,lasso,True,2017-01-30T00:00:00,353,2017-01-30T00:00:00,352,2017-01-30T00:00:00,352,2017-01-23T00:00:00,0,2009-04-20T00:00:00,5,spi_7d_very_wet_in_planting
28,lasso,True,2017-01-30T00:00:00,353,2017-01-30T00:00:00,352,2017-01-30T00:00:00,352,2017-01-23T00:00:00,0,2009-04-20T00:00:00,5,ssta_elino
28,lasso,True,2017-01-30T00:00:00,353,2017-01-30T00:00:00,352,2017-01-30T00:00:00,352,2017-01-23T00:00:00,0,2009-04-20T00:00:00,5,tmax_hot_in_harvesting
28,lasso,True,2017-01-30T00:00:00,353,2017-01-30T00:00:00,352,2017-01-30T00:00:00,352,2017-01-23T00:00:00,0,2009-04-20T00:00:00,5,tmax_hot_in_planting
28,lasso,True,2017-01-30T00:00:00,353,2017-01-30T00:00:00,352,2017-01-30T00:00:00,352,2017-01-23T00:00:00,0,2009-04-20T00:00:00,5,tmax_very_hot_in_planting
28,lasso,True,2017-01-30T00:00:00,353,2017-01-30T00:00:00,352,2017-01-30T00:00:00,352,2017-01-23T00:00:00,0,2009-04-20T00:00:00,5,tmin_very_cold_in_harvesting
28,lasso,True,2017-01-30T00:00:00,353,2017-01-30T00:00:00,352,2017-01-30T00:00:00,352,2017-01-23T00:00:00,0,2009-04-20T00:00:00,5,tmin_very_cold_in_planting
28,lasso,True,2017-01-30T00:00:00,353,2017-01-30T00:00:00,352,2017-01-30T00:00:00,352,2017-01-23T00:00:00,0,2009-04-20T00:00:00,5,wheat_weekly_rv
28,lasso,True,2017-04-03T00:00:00,361,2017-04-03T00:00:00,360,2017-04-03T00:00:00,360,2017-03-27T00:00:00,0,2009-04-20T00:00:00,6,DJIA_Index
28,lasso,True,2017-04-03T00:00:00,361,2017-04-03T00:00:00,360,2017-04-03T00:00:00,360,2017-03-27T00:00:00,0,2009-04-20T00:00:00,6,NAO_index
28,lasso,True,2017-04-03T00:00:00,361,2017-04-03T00:00:00,360,2017-04-03T00:00:00,360,2017-03-27T00:00:00,0,2009-04-20T00:00:00,6,Stock_Uncertainty
28,lasso,True,2017-04-03T00:00:00,361,2017-04-03T00:00:00,360,2017-04-03T00:00:00,360,2017-03-27T00:00:00,0,2009-04-20T00:00:00,6,WTI_Index
28,lasso,True,2017-04-03T00:00:00,361,2017-04-03T00:00:00,360,2017-04-03T00:00:00,360,2017-03-27T00:00:00,0,2009-04-20T00:00:00,6,awnd_extreme_high_wind_in_harvesting
28,lasso,True,2017-04-03T00:00:00,361,2017-04-03T00:00:00,360,2017-04-03T00:00:00,360,2017-03-27T00:00:00,0,2009-04-20T00:00:00,6,awnd_extreme_high_wind_in_planting
28,lasso,True,2017-04-03T00:00:00,361,2017-04-03T00:00:00,360,2017-04-03T00:00:00,360,2017-03-27T00:00:00,0,2009-04-20T00:00:00,6,awnd_moderate_high_wind_in_harvesting
28,lasso,True,2017-04-03T00:00:00,361,2017-04-03T00:00:00,360,2017-04-03T00:00:00,360,2017-03-27T00:00:00,0,2009-04-20T00:00:00,6,awnd_moderate_high_wind_in_planting
28,lasso,True,2017-04-03T00:00:00,361,2017-04-03T00:00:00,360,2017-04-03T00:00:00,360,2017-03-27T00:00:00,0,2009-04-20T00:00:00,6,corn_monthly_rv
28,lasso,True,2017-04-03T00:00:00,361,2017-04-03T00:00:00,360,2017-04-03T00:00:00,360,2017-03-27T00:00:00,0,2009-04-20T00:00:00,6,corn_seasonal_rv
28,lasso,True,2017-04-03T00:00:00,361,2017-04-03T00:00:00,360,2017-04-03T00:00:00,360,2017-03-27T00:00:00,0,2009-04-20T00:00:00,6,corn_weekly_rv
28,lasso,True,2017-04-03T00:00:00,361,2017-04-03T00:00:00,360,2017-04-03T00:00:00,360,2017-03-27T00:00:00,0,2009-04-20T00:00:00,6,corn_weekly_rvb
28,lasso,True,2017-04-03T00:00:00,361,2017-04-03T00:00:00,360,2017-04-03T00:00:00,360,2017-03-27T00:00:00,0,2009-04-20T00:00:00,6,pdsi_extreme_drought_in_harvesting
28,lasso,True,2017-04-03T00:00:00,361,2017-04-03T00:00:00,360,2017-04-03T00:00:00,360,2017-03-27T00:00:00,0,2009-04-20T00:00:00,6,pdsi_extreme_drought_in_planting
28,lasso,True,2017-04-03T00:00:00,361,2017-04-03T00:00:00,360,2017-04-03T00:00:00,360,2017-03-27T00:00:00,0,2009-04-20T00:00:00,6,pdsi_extreme_wet_in_harvesting
28,lasso,True,2017-04-03T00:00:00,361,2017-04-03T00:00:00,360,2017-04-03T00:00:00,360,2017-03-27T00:00:00,0,2009-04-20T00:00:00,6,pdsi_extreme_wet_in_planting
28,lasso,True,2017-04-03T00:00:00,361,2017-04-03T00:00:00,360,2017-04-03T00:00:00,360,2017-03-27T00:00:00,0,2009-04-20T00:00:00,6,pdsi_severe_drought_in_harvesting
28,lasso,True,2017-04-03T00:00:00,361,2017-04-03T00:00:00,360,2017-04-03T00:00:00,360,2017-03-27T00:00:00,0,2009-04-20T00:00:00,6,pdsi_very_wet_in_harvesting
28,lasso,True,2017-04-03T00:00:00,361,2017-04-03T00:00:00,360,2017-04-03T00:00:00,360,2017-03-27T00:00:00,0,2009-04-20T00:00:00,6,spi_7d_extreme_wet_in_harvesting
28,lasso,True,2017-04-03T00:00:00,361,2017-04-03T00:00:00,360,2017-04-03T00:00:00,360,2017-03-27T00:00:00,0,2009-04-20T00:00:00,6,spi_7d_extreme_wet_in_planting
28,lasso,True,2017-04-03T00:00:00,361,2017-04-03T00:00:00,360,2017-04-03T00:00:00,360,2017-03-27T00:00:00,0,2009-04-20T00:00:00,6,spi_7d_very_wet_in_planting
28,lasso,True,2017-04-03T00:00:00,361,2017-04-03T00:00:00,360,2017-04-03T00:00:00,360,2017-03-27T00:00:00,0,2009-04-20T00:00:00,6,ssta_elino
28,lasso,True,2017-04-03T00:00:00,361,2017-04-03T00:00:00,360,2017-04-03T00:00:00,360,2017-03-27T00:00:00,0,2009-04-20T00:00:00,6,tmax_hot_in_harvesting
28,lasso,True,2017-04-03T00:00:00,361,2017-04-03T00:00:00,360,2017-04-03T00:00:00,360,2017-03-27T00:00:00,0,2009-04-20T00:00:00,6,tmax_hot_in_planting
28,lasso,True,2017-04-03T00:00:00,361,2017-04-03T00:00:00,360,2017-04-03T00:00:00,360,2017-03-27T00:00:00,0,2009-04-20T00:00:00,6,tmax_very_hot_in_planting
28,lasso,True,2017-04-03T00:00:00,361,2017-04-03T00:00:00,360,2017-04-03T00:00:00,360,2017-03-27T00:00:00,0,2009-04-20T00:00:00,6,tmin_very_cold_in_harvesting
28,lasso,True,2017-04-03T00:00:00,361,2017-04-03T00:00:00,360,2017-04-03T00:00:00,360,2017-03-27T00:00:00,0,2009-04-20T00:00:00,6,tmin_very_cold_in_planting
28,lasso,True,2017-04-03T00:00:00,361,2017-04-03T00:00:00,360,2017-04-03T00:00:00,360,2017-03-27T00:00:00,0,2009-04-20T00:00:00,6,wheat_weekly_rv
28,lasso,True,2017-06-05T00:00:00,369,2017-06-05T00:00:00,368,2017-06-05T00:00:00,368,2017-05-22T00:00:00,0,2009-04-20T00:00:00,7,DJIA_Index
28,lasso,True,2017-06-05T00:00:00,369,2017-06-05T00:00:00,368,2017-06-05T00:00:00,368,2017-05-22T00:00:00,0,2009-04-20T00:00:00,7,NAO_index
28,lasso,True,2017-06-05T00:00:00,369,2017-06-05T00:00:00,368,2017-06-05T00:00:00,368,2017-05-22T00:00:00,0,2009-04-20T00:00:00,7,Stock_Uncertainty
28,lasso,True,2017-06-05T00:00:00,369,2017-06-05T00:00:00,368,2017-06-05T00:00:00,368,2017-05-22T00:00:00,0,2009-04-20T00:00:00,7,WTI_Index
28,lasso,True,2017-06-05T00:00:00,369,2017-06-05T00:00:00,368,2017-06-05T00:00:00,368,2017-05-22T00:00:00,0,2009-04-20T00:00:00,7,awnd_extreme_high_wind_in_harvesting
28,lasso,True,2017-06-05T00:00:00,369,2017-06-05T00:00:00,368,2017-06-05T00:00:00,368,2017-05-22T00:00:00,0,2009-04-20T00:00:00,7,awnd_extreme_high_wind_in_planting
28,lasso,True,2017-06-05T00:00:00,369,2017-06-05T00:00:00,368,2017-06-05T00:00:00,368,2017-05-22T00:00:00,0,2009-04-20T00:00:00,7,awnd_moderate_high_wind_in_harvesting
28,lasso,True,2017-06-05T00:00:00,369,2017-06-05T00:00:00,368,2017-06-05T00:00:00,368,2017-05-22T00:00:00,0,2009-04-20T00:00:00,7,awnd_moderate_high_wind_in_planting
28,lasso,True,2017-06-05T00:00:00,369,2017-06-05T00:00:00,368,2017-06-05T00:00:00,368,2017-05-22T00:00:00,0,2009-04-20T00:00:00,7,corn_monthly_rv
28,lasso,True,2017-06-05T00:00:00,369,2017-06-05T00:00:00,368,2017-06-05T00:00:00,368,2017-05-22T00:00:00,0,2009-04-20T00:00:00,7,corn_seasonal_rv
28,lasso,True,2017-06-05T00:00:00,369,2017-06-05T00:00:00,368,2017-06-05T00:00:00,368,2017-05-22T00:00:00,0,2009-04-20T00:00:00,7,corn_weekly_rv
28,lasso,True,2017-06-05T00:00:00,369,2017-06-05T00:00:00,368,2017-06-05T00:00:00,368,2017-05-22T00:00:00,0,2009-04-20T00:00:00,7,corn_weekly_rvb
28,lasso,True,2017-06-05T00:00:00,369,2017-06-05T00:00:00,368,2017-06-05T00:00:00,368,2017-05-22T00:00:00,0,2009-04-20T00:00:00,7,pdsi_extreme_drought_in_harvesting
28,lasso,True,2017-06-05T00:00:00,369,2017-06-05T00:00:00,368,2017-06-05T00:00:00,368,2017-05-22T00:00:00,0,2009-04-20T00:00:00,7,pdsi_extreme_drought_in_planting
28,lasso,True,2017-06-05T00:00:00,369,2017-06-05T00:00:00,368,2017-06-05T00:00:00,368,2017-05-22T00:00:00,0,2009-04-20T00:00:00,7,pdsi_extreme_wet_in_harvesting
28,lasso,True,2017-06-05T00:00:00,369,2017-06-05T00:00:00,368,2017-06-05T00:00:00,368,2017-05-22T00:00:00,0,2009-04-20T00:00:00,7,pdsi_extreme_wet_in_planting
28,lasso,True,2017-06-05T00:00:00,369,2017-06-05T00:00:00,368,2017-06-05T00:00:00,368,2017-05-22T00:00:00,0,2009-04-20T00:00:00,7,pdsi_severe_drought_in_harvesting
28,lasso,True,2017-06-05T00:00:00,369,2017-06-05T00:00:00,368,2017-06-05T00:00:00,368,2017-05-22T00:00:00,0,2009-04-20T00:00:00,7,pdsi_very_wet_in_harvesting
28,lasso,True,2017-06-05T00:00:00,369,2017-06-05T00:00:00,368,2017-06-05T00:00:00,368,2017-05-22T00:00:00,0,2009-04-20T00:00:00,7,spi_7d_extreme_wet_in_harvesting
28,lasso,True,2017-06-05T00:00:00,369,2017-06-05T00:00:00,368,2017-06-05T00:00:00,368,2017-05-22T00:00:00,0,2009-04-20T00:00:00,7,spi_7d_extreme_wet_in_planting
28,lasso,True,2017-06-05T00:00:00,369,2017-06-05T00:00:00,368,2017-06-05T00:00:00,368,2017-05-22T00:00:00,0,2009-04-20T00:00:00,7,spi_7d_very_wet_in_planting
28,lasso,True,2017-06-05T00:00:00,369,2017-06-05T00:00:00,368,2017-06-05T00:00:00,368,2017-05-22T00:00:00,0,2009-04-20T00:00:00,7,ssta_elino
28,lasso,True,2017-06-05T00:00:00,369,2017-06-05T00:00:00,368,2017-06-05T00:00:00,368,2017-05-22T00:00:00,0,2009-04-20T00:00:00,7,tmax_hot_in_harvesting
28,lasso,True,2017-06-05T00:00:00,369,2017-06-05T00:00:00,368,2017-06-05T00:00:00,368,2017-05-22T00:00:00,0,2009-04-20T00:00:00,7,tmax_hot_in_planting
28,lasso,True,2017-06-05T00:00:00,369,2017-06-05T00:00:00,368,2017-06-05T00:00:00,368,2017-05-22T00:00:00,0,2009-04-20T00:00:00,7,tmax_very_hot_in_planting
28,lasso,True,2017-06-05T00:00:00,369,2017-06-05T00:00:00,368,2017-06-05T00:00:00,368,2017-05-22T00:00:00,0,2009-04-20T00:00:00,7,tmin_very_cold_in_harvesting
28,lasso,True,2017-06-05T00:00:00,369,2017-06-05T00:00:00,368,2017-06-05T00:00:00,368,2017-05-22T00:00:00,0,2009-04-20T00:00:00,7,tmin_very_cold_in_planting
28,lasso,True,2017-06-05T00:00:00,369,2017-06-05T00:00:00,368,2017-06-05T00:00:00,368,2017-05-22T00:00:00,0,2009-04-20T00:00:00,7,wheat_weekly_rv
30,lasso,False,2017-07-31T00:00:00,377,2017-07-31T00:00:00,376,2017-07-31T00:00:00,376,2017-07-24T00:00:00,0,2009-04-20T00:00:00,8,DJIA_Index
30,lasso,False,2017-07-31T00:00:00,377,2017-07-31T00:00:00,376,2017-07-31T00:00:00,376,2017-07-24T00:00:00,0,2009-04-20T00:00:00,8,NAO_index
30,lasso,False,2017-07-31T00:00:00,377,2017-07-31T00:00:00,376,2017-07-31T00:00:00,376,2017-07-24T00:00:00,0,2009-04-20T00:00:00,8,Stock_Uncertainty
30,lasso,False,2017-07-31T00:00:00,377,2017-07-31T00:00:00,376,2017-07-31T00:00:00,376,2017-07-24T00:00:00,0,2009-04-20T00:00:00,8,WTI_Index
30,lasso,False,2017-07-31T00:00:00,377,2017-07-31T00:00:00,376,2017-07-31T00:00:00,376,2017-07-24T00:00:00,0,2009-04-20T00:00:00,8,awnd_extreme_high_wind_in_harvesting
30,lasso,False,2017-07-31T00:00:00,377,2017-07-31T00:00:00,376,2017-07-31T00:00:00,376,2017-07-24T00:00:00,0,2009-04-20T00:00:00,8,awnd_extreme_high_wind_in_planting
30,lasso,False,2017-07-31T00:00:00,377,2017-07-31T00:00:00,376,2017-07-31T00:00:00,376,2017-07-24T00:00:00,0,2009-04-20T00:00:00,8,awnd_moderate_high_wind_in_harvesting
30,lasso,False,2017-07-31T00:00:00,377,2017-07-31T00:00:00,376,2017-07-31T00:00:00,376,2017-07-24T00:00:00,0,2009-04-20T00:00:00,8,awnd_moderate_high_wind_in_planting
30,lasso,False,2017-07-31T00:00:00,377,2017-07-31T00:00:00,376,2017-07-31T00:00:00,376,2017-07-24T00:00:00,0,2009-04-20T00:00:00,8,co2_extreme_in_planting
30,lasso,False,2017-07-31T00:00:00,377,2017-07-31T00:00:00,376,2017-07-31T00:00:00,376,2017-07-24T00:00:00,0,2009-04-20T00:00:00,8,corn_monthly_rv
30,lasso,False,2017-07-31T00:00:00,377,2017-07-31T00:00:00,376,2017-07-31T00:00:00,376,2017-07-24T00:00:00,0,2009-04-20T00:00:00,8,corn_seasonal_rv
30,lasso,False,2017-07-31T00:00:00,377,2017-07-31T00:00:00,376,2017-07-31T00:00:00,376,2017-07-24T00:00:00,0,2009-04-20T00:00:00,8,corn_weekly_rv
30,lasso,False,2017-07-31T00:00:00,377,2017-07-31T00:00:00,376,2017-07-31T00:00:00,376,2017-07-24T00:00:00,0,2009-04-20T00:00:00,8,corn_weekly_rvb
30,lasso,False,2017-07-31T00:00:00,377,2017-07-31T00:00:00,376,2017-07-31T00:00:00,376,2017-07-24T00:00:00,0,2009-04-20T00:00:00,8,corn_weekly_rvg
30,lasso,False,2017-07-31T00:00:00,377,2017-07-31T00:00:00,376,2017-07-31T00:00:00,376,2017-07-24T00:00:00,0,2009-04-20T00:00:00,8,pdsi_extreme_drought_in_harvesting
30,lasso,False,2017-07-31T00:00:00,377,2017-07-31T00:00:00,376,2017-07-31T00:00:00,376,2017-07-24T00:00:00,0,2009-04-20T00:00:00,8,pdsi_extreme_drought_in_planting
30,lasso,False,2017-07-31T00:00:00,377,2017-07-31T00:00:00,376,2017-07-31T00:00:00,376,2017-07-24T00:00:00,0,2009-04-20T00:00:00,8,pdsi_extreme_wet_in_harvesting
30,lasso,False,2017-07-31T00:00:00,377,2017-07-31T00:00:00,376,2017-07-31T00:00:00,376,2017-07-24T00:00:00,0,2009-04-20T00:00:00,8,pdsi_extreme_wet_in_planting
30,lasso,False,2017-07-31T00:00:00,377,2017-07-31T00:00:00,376,2017-07-31T00:00:00,376,2017-07-24T00:00:00,0,2009-04-20T00:00:00,8,pdsi_severe_drought_in_harvesting
30,lasso,False,2017-07-31T00:00:00,377,2017-07-31T00:00:00,376,2017-07-31T00:00:00,376,2017-07-24T00:00:00,0,2009-04-20T00:00:00,8,pdsi_very_wet_in_harvesting
30,lasso,False,2017-07-31T00:00:00,377,2017-07-31T00:00:00,376,2017-07-31T00:00:00,376,2017-07-24T00:00:00,0,2009-04-20T00:00:00,8,spi_7d_extreme_wet_in_harvesting
30,lasso,False,2017-07-31T00:00:00,377,2017-07-31T00:00:00,376,2017-07-31T00:00:00,376,2017-07-24T00:00:00,0,2009-04-20T00:00:00,8,spi_7d_very_dry_in_planting
30,lasso,False,2017-07-31T00:00:00,377,2017-07-31T00:00:00,376,2017-07-31T00:00:00,376,2017-07-24T00:00:00,0,2009-04-20T00:00:00,8,spi_7d_very_wet_in_planting
30,lasso,False,2017-07-31T00:00:00,377,2017-07-31T00:00:00,376,2017-07-31T00:00:00,376,2017-07-24T00:00:00,0,2009-04-20T00:00:00,8,ssta_elino
30,lasso,False,2017-07-31T00:00:00,377,2017-07-31T00:00:00,376,2017-07-31T00:00:00,376,2017-07-24T00:00:00,0,2009-04-20T00:00:00,8,tmax_hot_in_harvesting
30,lasso,False,2017-07-31T00:00:00,377,2017-07-31T00:00:00,376,2017-07-31T00:00:00,376,2017-07-24T00:00:00,0,2009-04-20T00:00:00,8,tmax_hot_in_planting
30,lasso,False,2017-07-31T00:00:00,377,2017-07-31T00:00:00,376,2017-07-31T00:00:00,376,2017-07-24T00:00:00,0,2009-04-20T00:00:00,8,tmax_very_hot_in_planting
30,lasso,False,2017-07-31T00:00:00,377,2017-07-31T00:00:00,376,2017-07-31T00:00:00,376,2017-07-24T00:00:00,0,2009-04-20T00:00:00,8,tmin_very_cold_in_harvesting
30,lasso,False,2017-07-31T00:00:00,377,2017-07-31T00:00:00,376,2017-07-31T00:00:00,376,2017-07-24T00:00:00,0,2009-04-20T00:00:00,8,tmin_very_cold_in_planting
30,lasso,False,2017-07-31T00:00:00,377,2017-07-31T00:00:00,376,2017-07-31T00:00:00,376,2017-07-24T00:00:00,0,2009-04-20T00:00:00,8,wheat_weekly_rv
30,lasso,True,2017-10-02T00:00:00,385,2017-10-02T00:00:00,384,2017-10-02T00:00:00,384,2017-09-25T00:00:00,0,2009-04-20T00:00:00,9,DJIA_Index
30,lasso,True,2017-10-02T00:00:00,385,2017-10-02T00:00:00,384,2017-10-02T00:00:00,384,2017-09-25T00:00:00,0,2009-04-20T00:00:00,9,NAO_index
30,lasso,True,2017-10-02T00:00:00,385,2017-10-02T00:00:00,384,2017-10-02T00:00:00,384,2017-09-25T00:00:00,0,2009-04-20T00:00:00,9,Stock_Uncertainty
30,lasso,True,2017-10-02T00:00:00,385,2017-10-02T00:00:00,384,2017-10-02T00:00:00,384,2017-09-25T00:00:00,0,2009-04-20T00:00:00,9,WTI_Index
30,lasso,True,2017-10-02T00:00:00,385,2017-10-02T00:00:00,384,2017-10-02T00:00:00,384,2017-09-25T00:00:00,0,2009-04-20T00:00:00,9,awnd_extreme_high_wind_in_harvesting
30,lasso,True,2017-10-02T00:00:00,385,2017-10-02T00:00:00,384,2017-10-02T00:00:00,384,2017-09-25T00:00:00,0,2009-04-20T00:00:00,9,awnd_extreme_high_wind_in_planting
30,lasso,True,2017-10-02T00:00:00,385,2017-10-02T00:00:00,384,2017-10-02T00:00:00,384,2017-09-25T00:00:00,0,2009-04-20T00:00:00,9,awnd_moderate_high_wind_in_harvesting
30,lasso,True,2017-10-02T00:00:00,385,2017-10-02T00:00:00,384,2017-10-02T00:00:00,384,2017-09-25T00:00:00,0,2009-04-20T00:00:00,9,awnd_moderate_high_wind_in_planting
30,lasso,True,2017-10-02T00:00:00,385,2017-10-02T00:00:00,384,2017-10-02T00:00:00,384,2017-09-25T00:00:00,0,2009-04-20T00:00:00,9,co2_extreme_in_planting
30,lasso,True,2017-10-02T00:00:00,385,2017-10-02T00:00:00,384,2017-10-02T00:00:00,384,2017-09-25T00:00:00,0,2009-04-20T00:00:00,9,corn_monthly_rv
30,lasso,True,2017-10-02T00:00:00,385,2017-10-02T00:00:00,384,2017-10-02T00:00:00,384,2017-09-25T00:00:00,0,2009-04-20T00:00:00,9,corn_seasonal_rv
30,lasso,True,2017-10-02T00:00:00,385,2017-10-02T00:00:00,384,2017-10-02T00:00:00,384,2017-09-25T00:00:00,0,2009-04-20T00:00:00,9,corn_weekly_rv
30,lasso,True,2017-10-02T00:00:00,385,2017-10-02T00:00:00,384,2017-10-02T00:00:00,384,2017-09-25T00:00:00,0,2009-04-20T00:00:00,9,corn_weekly_rvb
30,lasso,True,2017-10-02T00:00:00,385,2017-10-02T00:00:00,384,2017-10-02T00:00:00,384,2017-09-25T00:00:00,0,2009-04-20T00:00:00,9,corn_weekly_rvg
30,lasso,True,2017-10-02T00:00:00,385,2017-10-02T00:00:00,384,2017-10-02T00:00:00,384,2017-09-25T00:00:00,0,2009-04-20T00:00:00,9,pdsi_extreme_drought_in_harvesting
30,lasso,True,2017-10-02T00:00:00,385,2017-10-02T00:00:00,384,2017-10-02T00:00:00,384,2017-09-25T00:00:00,0,2009-04-20T00:00:00,9,pdsi_extreme_drought_in_planting
30,lasso,True,2017-10-02T00:00:00,385,2017-10-02T00:00:00,384,2017-10-02T00:00:00,384,2017-09-25T00:00:00,0,2009-04-20T00:00:00,9,pdsi_extreme_wet_in_harvesting
30,lasso,True,2017-10-02T00:00:00,385,2017-10-02T00:00:00,384,2017-10-02T00:00:00,384,2017-09-25T00:00:00,0,2009-04-20T00:00:00,9,pdsi_extreme_wet_in_planting
30,lasso,True,2017-10-02T00:00:00,385,2017-10-02T00:00:00,384,2017-10-02T00:00:00,384,2017-09-25T00:00:00,0,2009-04-20T00:00:00,9,pdsi_severe_drought_in_harvesting
30,lasso,True,2017-10-02T00:00:00,385,2017-10-02T00:00:00,384,2017-10-02T00:00:00,384,2017-09-25T00:00:00,0,2009-04-20T00:00:00,9,pdsi_very_wet_in_harvesting
30,lasso,True,2017-10-02T00:00:00,385,2017-10-02T00:00:00,384,2017-10-02T00:00:00,384,2017-09-25T00:00:00,0,2009-04-20T00:00:00,9,spi_7d_extreme_wet_in_harvesting
30,lasso,True,2017-10-02T00:00:00,385,2017-10-02T00:00:00,384,2017-10-02T00:00:00,384,2017-09-25T00:00:00,0,2009-04-20T00:00:00,9,spi_7d_very_dry_in_planting
30,lasso,True,2017-10-02T00:00:00,385,2017-10-02T00:00:00,384,2017-10-02T00:00:00,384,2017-09-25T00:00:00,0,2009-04-20T00:00:00,9,spi_7d_very_wet_in_planting
30,lasso,True,2017-10-02T00:00:00,385,2017-10-02T00:00:00,384,2017-10-02T00:00:00,384,2017-09-25T00:00:00,0,2009-04-20T00:00:00,9,ssta_elino
30,lasso,True,2017-10-02T00:00:00,385,2017-10-02T00:00:00,384,2017-10-02T00:00:00,384,2017-09-25T00:00:00,0,2009-04-20T00:00:00,9,tmax_hot_in_harvesting
30,lasso,True,2017-10-02T00:00:00,385,2017-10-02T00:00:00,384,2017-10-02T00:00:00,384,2017-09-25T00:00:00,0,2009-04-20T00:00:00,9,tmax_hot_in_planting
30,lasso,True,2017-10-02T00:00:00,385,2017-10-02T00:00:00,384,2017-10-02T00:00:00,384,2017-09-25T00:00:00,0,2009-04-20T00:00:00,9,tmax_very_hot_in_planting
30,lasso,True,2017-10-02T00:00:00,385,2017-10-02T00:00:00,384,2017-10-02T00:00:00,384,2017-09-25T00:00:00,0,2009-04-20T00:00:00,9,tmin_very_cold_in_harvesting
30,lasso,True,2017-10-02T00:00:00,385,2017-10-02T00:00:00,384,2017-10-02T00:00:00,384,2017-09-25T00:00:00,0,2009-04-20T00:00:00,9,tmin_very_cold_in_planting
30,lasso,True,2017-10-02T00:00:00,385,2017-10-02T00:00:00,384,2017-10-02T00:00:00,384,2017-09-25T00:00:00,0,2009-04-20T00:00:00,9,wheat_weekly_rv
30,lasso,True,2017-12-04T00:00:00,393,2017-12-04T00:00:00,392,2017-12-04T00:00:00,392,2017-11-27T00:00:00,0,2009-04-20T00:00:00,10,DJIA_Index
30,lasso,True,2017-12-04T00:00:00,393,2017-12-04T00:00:00,392,2017-12-04T00:00:00,392,2017-11-27T00:00:00,0,2009-04-20T00:00:00,10,NAO_index
30,lasso,True,2017-12-04T00:00:00,393,2017-12-04T00:00:00,392,2017-12-04T00:00:00,392,2017-11-27T00:00:00,0,2009-04-20T00:00:00,10,Stock_Uncertainty
30,lasso,True,2017-12-04T00:00:00,393,2017-12-04T00:00:00,392,2017-12-04T00:00:00,392,2017-11-27T00:00:00,0,2009-04-20T00:00:00,10,WTI_Index
30,lasso,True,2017-12-04T00:00:00,393,2017-12-04T00:00:00,392,2017-12-04T00:00:00,392,2017-11-27T00:00:00,0,2009-04-20T00:00:00,10,awnd_extreme_high_wind_in_harvesting
30,lasso,True,2017-12-04T00:00:00,393,2017-12-04T00:00:00,392,2017-12-04T00:00:00,392,2017-11-27T00:00:00,0,2009-04-20T00:00:00,10,awnd_extreme_high_wind_in_planting
30,lasso,True,2017-12-04T00:00:00,393,2017-12-04T00:00:00,392,2017-12-04T00:00:00,392,2017-11-27T00:00:00,0,2009-04-20T00:00:00,10,awnd_moderate_high_wind_in_harvesting
30,lasso,True,2017-12-04T00:00:00,393,2017-12-04T00:00:00,392,2017-12-04T00:00:00,392,2017-11-27T00:00:00,0,2009-04-20T00:00:00,10,awnd_moderate_high_wind_in_planting
30,lasso,True,2017-12-04T00:00:00,393,2017-12-04T00:00:00,392,2017-12-04T00:00:00,392,2017-11-27T00:00:00,0,2009-04-20T00:00:00,10,co2_extreme_in_planting
30,lasso,True,2017-12-04T00:00:00,393,2017-12-04T00:00:00,392,2017-12-04T00:00:00,392,2017-11-27T00:00:00,0,2009-04-20T00:00:00,10,corn_monthly_rv
30,lasso,True,2017-12-04T00:00:00,393,2017-12-04T00:00:00,392,2017-12-04T00:00:00,392,2017-11-27T00:00:00,0,2009-04-20T00:00:00,10,corn_seasonal_rv
30,lasso,True,2017-12-04T00:00:00,393,2017-12-04T00:00:00,392,2017-12-04T00:00:00,392,2017-11-27T00:00:00,0,2009-04-20T00:00:00,10,corn_weekly_rv
30,lasso,True,2017-12-04T00:00:00,393,2017-12-04T00:00:00,392,2017-12-04T00:00:00,392,2017-11-27T00:00:00,0,2009-04-20T00:00:00,10,corn_weekly_rvb
30,lasso,True,2017-12-04T00:00:00,393,2017-12-04T00:00:00,392,2017-12-04T00:00:00,392,2017-11-27T00:00:00,0,2009-04-20T00:00:00,10,corn_weekly_rvg
30,lasso,True,2017-12-04T00:00:00,393,2017-12-04T00:00:00,392,2017-12-04T00:00:00,392,2017-11-27T00:00:00,0,2009-04-20T00:00:00,10,pdsi_extreme_drought_in_harvesting
30,lasso,True,2017-12-04T00:00:00,393,2017-12-04T00:00:00,392,2017-12-04T00:00:00,392,2017-11-27T00:00:00,0,2009-04-20T00:00:00,10,pdsi_extreme_drought_in_planting
30,lasso,True,2017-12-04T00:00:00,393,2017-12-04T00:00:00,392,2017-12-04T00:00:00,392,2017-11-27T00:00:00,0,2009-04-20T00:00:00,10,pdsi_extreme_wet_in_harvesting
30,lasso,True,2017-12-04T00:00:00,393,2017-12-04T00:00:00,392,2017-12-04T00:00:00,392,2017-11-27T00:00:00,0,2009-04-20T00:00:00,10,pdsi_extreme_wet_in_planting
30,lasso,True,2017-12-04T00:00:00,393,2017-12-04T00:00:00,392,2017-12-04T00:00:00,392,2017-11-27T00:00:00,0,2009-04-20T00:00:00,10,pdsi_severe_drought_in_harvesting
30,lasso,True,2017-12-04T00:00:00,393,2017-12-04T00:00:00,392,2017-12-04T00:00:00,392,2017-11-27T00:00:00,0,2009-04-20T00:00:00,10,pdsi_very_wet_in_harvesting
30,lasso,True,2017-12-04T00:00:00,393,2017-12-04T00:00:00,392,2017-12-04T00:00:00,392,2017-11-27T00:00:00,0,2009-04-20T00:00:00,10,spi_7d_extreme_wet_in_harvesting
30,lasso,True,2017-12-04T00:00:00,393,2017-12-04T00:00:00,392,2017-12-04T00:00:00,392,2017-11-27T00:00:00,0,2009-04-20T00:00:00,10,spi_7d_very_dry_in_planting
30,lasso,True,2017-12-04T00:00:00,393,2017-12-04T00:00:00,392,2017-12-04T00:00:00,392,2017-11-27T00:00:00,0,2009-04-20T00:00:00,10,spi_7d_very_wet_in_planting
30,lasso,True,2017-12-04T00:00:00,393,2017-12-04T00:00:00,392,2017-12-04T00:00:00,392,2017-11-27T00:00:00,0,2009-04-20T00:00:00,10,ssta_elino
30,lasso,True,2017-12-04T00:00:00,393,2017-12-04T00:00:00,392,2017-12-04T00:00:00,392,2017-11-27T00:00:00,0,2009-04-20T00:00:00,10,tmax_hot_in_harvesting
30,lasso,True,2017-12-04T00:00:00,393,2017-12-04T00:00:00,392,2017-12-04T00:00:00,392,2017-11-27T00:00:00,0,2009-04-20T00:00:00,10,tmax_hot_in_planting
30,lasso,True,2017-12-04T00:00:00,393,2017-12-04T00:00:00,392,2017-12-04T00:00:00,392,2017-11-27T00:00:00,0,2009-04-20T00:00:00,10,tmax_very_hot_in_planting
30,lasso,True,2017-12-04T00:00:00,393,2017-12-04T00:00:00,392,2017-12-04T00:00:00,392,2017-11-27T00:00:00,0,2009-04-20T00:00:00,10,tmin_very_cold_in_harvesting
30,lasso,True,2017-12-04T00:00:00,393,2017-12-04T00:00:00,392,2017-12-04T00:00:00,392,2017-11-27T00:00:00,0,2009-04-20T00:00:00,10,tmin_very_cold_in_planting
30,lasso,True,2017-12-04T00:00:00,393,2017-12-04T00:00:00,392,2017-12-04T00:00:00,392,2017-11-27T00:00:00,0,2009-04-20T00:00:00,10,wheat_weekly_rv
30,lasso,True,2018-02-26T00:00:00,401,2018-02-26T00:00:00,400,2018-02-26T00:00:00,400,2018-02-12T00:00:00,0,2009-04-20T00:00:00,11,DJIA_Index
30,lasso,True,2018-02-26T00:00:00,401,2018-02-26T00:00:00,400,2018-02-26T00:00:00,400,2018-02-12T00:00:00,0,2009-04-20T00:00:00,11,NAO_index
30,lasso,True,2018-02-26T00:00:00,401,2018-02-26T00:00:00,400,2018-02-26T00:00:00,400,2018-02-12T00:00:00,0,2009-04-20T00:00:00,11,Stock_Uncertainty
30,lasso,True,2018-02-26T00:00:00,401,2018-02-26T00:00:00,400,2018-02-26T00:00:00,400,2018-02-12T00:00:00,0,2009-04-20T00:00:00,11,WTI_Index
30,lasso,True,2018-02-26T00:00:00,401,2018-02-26T00:00:00,400,2018-02-26T00:00:00,400,2018-02-12T00:00:00,0,2009-04-20T00:00:00,11,awnd_extreme_high_wind_in_harvesting
30,lasso,True,2018-02-26T00:00:00,401,2018-02-26T00:00:00,400,2018-02-26T00:00:00,400,2018-02-12T00:00:00,0,2009-04-20T00:00:00,11,awnd_extreme_high_wind_in_planting
30,lasso,True,2018-02-26T00:00:00,401,2018-02-26T00:00:00,400,2018-02-26T00:00:00,400,2018-02-12T00:00:00,0,2009-04-20T00:00:00,11,awnd_moderate_high_wind_in_harvesting
30,lasso,True,2018-02-26T00:00:00,401,2018-02-26T00:00:00,400,2018-02-26T00:00:00,400,2018-02-12T00:00:00,0,2009-04-20T00:00:00,11,awnd_moderate_high_wind_in_planting
30,lasso,True,2018-02-26T00:00:00,401,2018-02-26T00:00:00,400,2018-02-26T00:00:00,400,2018-02-12T00:00:00,0,2009-04-20T00:00:00,11,co2_extreme_in_planting
30,lasso,True,2018-02-26T00:00:00,401,2018-02-26T00:00:00,400,2018-02-26T00:00:00,400,2018-02-12T00:00:00,0,2009-04-20T00:00:00,11,corn_monthly_rv
30,lasso,True,2018-02-26T00:00:00,401,2018-02-26T00:00:00,400,2018-02-26T00:00:00,400,2018-02-12T00:00:00,0,2009-04-20T00:00:00,11,corn_seasonal_rv
30,lasso,True,2018-02-26T00:00:00,401,2018-02-26T00:00:00,400,2018-02-26T00:00:00,400,2018-02-12T00:00:00,0,2009-04-20T00:00:00,11,corn_weekly_rv
30,lasso,True,2018-02-26T00:00:00,401,2018-02-26T00:00:00,400,2018-02-26T00:00:00,400,2018-02-12T00:00:00,0,2009-04-20T00:00:00,11,corn_weekly_rvb
30,lasso,True,2018-02-26T00:00:00,401,2018-02-26T00:00:00,400,2018-02-26T00:00:00,400,2018-02-12T00:00:00,0,2009-04-20T00:00:00,11,corn_weekly_rvg
30,lasso,True,2018-02-26T00:00:00,401,2018-02-26T00:00:00,400,2018-02-26T00:00:00,400,2018-02-12T00:00:00,0,2009-04-20T00:00:00,11,pdsi_extreme_drought_in_harvesting
30,lasso,True,2018-02-26T00:00:00,401,2018-02-26T00:00:00,400,2018-02-26T00:00:00,400,2018-02-12T00:00:00,0,2009-04-20T00:00:00,11,pdsi_extreme_drought_in_planting
30,lasso,True,2018-02-26T00:00:00,401,2018-02-26T00:00:00,400,2018-02-26T00:00:00,400,2018-02-12T00:00:00,0,2009-04-20T00:00:00,11,pdsi_extreme_wet_in_harvesting
30,lasso,True,2018-02-26T00:00:00,401,2018-02-26T00:00:00,400,2018-02-26T00:00:00,400,2018-02-12T00:00:00,0,2009-04-20T00:00:00,11,pdsi_extreme_wet_in_planting
30,lasso,True,2018-02-26T00:00:00,401,2018-02-26T00:00:00,400,2018-02-26T00:00:00,400,2018-02-12T00:00:00,0,2009-04-20T00:00:00,11,pdsi_severe_drought_in_harvesting
30,lasso,True,2018-02-26T00:00:00,401,2018-02-26T00:00:00,400,2018-02-26T00:00:00,400,2018-02-12T00:00:00,0,2009-04-20T00:00:00,11,pdsi_very_wet_in_harvesting
30,lasso,True,2018-02-26T00:00:00,401,2018-02-26T00:00:00,400,2018-02-26T00:00:00,400,2018-02-12T00:00:00,0,2009-04-20T00:00:00,11,spi_7d_extreme_wet_in_harvesting
30,lasso,True,2018-02-26T00:00:00,401,2018-02-26T00:00:00,400,2018-02-26T00:00:00,400,2018-02-12T00:00:00,0,2009-04-20T00:00:00,11,spi_7d_very_dry_in_planting
30,lasso,True,2018-02-26T00:00:00,401,2018-02-26T00:00:00,400,2018-02-26T00:00:00,400,2018-02-12T00:00:00,0,2009-04-20T00:00:00,11,spi_7d_very_wet_in_planting
30,lasso,True,2018-02-26T00:00:00,401,2018-02-26T00:00:00,400,2018-02-26T00:00:00,400,2018-02-12T00:00:00,0,2009-04-20T00:00:00,11,ssta_elino
30,lasso,True,2018-02-26T00:00:00,401,2018-02-26T00:00:00,400,2018-02-26T00:00:00,400,2018-02-12T00:00:00,0,2009-04-20T00:00:00,11,tmax_hot_in_harvesting
30,lasso,True,2018-02-26T00:00:00,401,2018-02-26T00:00:00,400,2018-02-26T00:00:00,400,2018-02-12T00:00:00,0,2009-04-20T00:00:00,11,tmax_hot_in_planting
30,lasso,True,2018-02-26T00:00:00,401,2018-02-26T00:00:00,400,2018-02-26T00:00:00,400,2018-02-12T00:00:00,0,2009-04-20T00:00:00,11,tmax_very_hot_in_planting
30,lasso,True,2018-02-26T00:00:00,401,2018-02-26T00:00:00,400,2018-02-26T00:00:00,400,2018-02-12T00:00:00,0,2009-04-20T00:00:00,11,tmin_very_cold_in_harvesting
30,lasso,True,2018-02-26T00:00:00,401,2018-02-26T00:00:00,400,2018-02-26T00:00:00,400,2018-02-12T00:00:00,0,2009-04-20T00:00:00,11,tmin_very_cold_in_planting
30,lasso,True,2018-02-26T00:00:00,401,2018-02-26T00:00:00,400,2018-02-26T00:00:00,400,2018-02-12T00:00:00,0,2009-04-20T00:00:00,11,wheat_weekly_rv
29,lasso,False,2018-04-23T00:00:00,409,2018-04-23T00:00:00,408,2018-04-23T00:00:00,408,2018-04-16T00:00:00,0,2009-04-20T00:00:00,12,DJIA_Index
29,lasso,False,2018-04-23T00:00:00,409,2018-04-23T00:00:00,408,2018-04-23T00:00:00,408,2018-04-16T00:00:00,0,2009-04-20T00:00:00,12,NAO_index
29,lasso,False,2018-04-23T00:00:00,409,2018-04-23T00:00:00,408,2018-04-23T00:00:00,408,2018-04-16T00:00:00,0,2009-04-20T00:00:00,12,Stock_Uncertainty
29,lasso,False,2018-04-23T00:00:00,409,2018-04-23T00:00:00,408,2018-04-23T00:00:00,408,2018-04-16T00:00:00,0,2009-04-20T00:00:00,12,awnd_extreme_high_wind_in_harvesting
29,lasso,False,2018-04-23T00:00:00,409,2018-04-23T00:00:00,408,2018-04-23T00:00:00,408,2018-04-16T00:00:00,0,2009-04-20T00:00:00,12,awnd_extreme_high_wind_in_planting
29,lasso,False,2018-04-23T00:00:00,409,2018-04-23T00:00:00,408,2018-04-23T00:00:00,408,2018-04-16T00:00:00,0,2009-04-20T00:00:00,12,awnd_moderate_high_wind_in_planting
29,lasso,False,2018-04-23T00:00:00,409,2018-04-23T00:00:00,408,2018-04-23T00:00:00,408,2018-04-16T00:00:00,0,2009-04-20T00:00:00,12,corn_monthly_rv
29,lasso,False,2018-04-23T00:00:00,409,2018-04-23T00:00:00,408,2018-04-23T00:00:00,408,2018-04-16T00:00:00,0,2009-04-20T00:00:00,12,corn_seasonal_rv
29,lasso,False,2018-04-23T00:00:00,409,2018-04-23T00:00:00,408,2018-04-23T00:00:00,408,2018-04-16T00:00:00,0,2009-04-20T00:00:00,12,corn_weekly_rv
29,lasso,False,2018-04-23T00:00:00,409,2018-04-23T00:00:00,408,2018-04-23T00:00:00,408,2018-04-16T00:00:00,0,2009-04-20T00:00:00,12,pdsi_extreme_drought_in_harvesting
29,lasso,False,2018-04-23T00:00:00,409,2018-04-23T00:00:00,408,2018-04-23T00:00:00,408,2018-04-16T00:00:00,0,2009-04-20T00:00:00,12,pdsi_extreme_drought_in_planting
29,lasso,False,2018-04-23T00:00:00,409,2018-04-23T00:00:00,408,2018-04-23T00:00:00,408,2018-04-16T00:00:00,0,2009-04-20T00:00:00,12,pdsi_extreme_wet_in_harvesting
29,lasso,False,2018-04-23T00:00:00,409,2018-04-23T00:00:00,408,2018-04-23T00:00:00,408,2018-04-16T00:00:00,0,2009-04-20T00:00:00,12,pdsi_extreme_wet_in_planting
29,lasso,False,2018-04-23T00:00:00,409,2018-04-23T00:00:00,408,2018-04-23T00:00:00,408,2018-04-16T00:00:00,0,2009-04-20T00:00:00,12,pdsi_severe_drought_in_harvesting
29,lasso,False,2018-04-23T00:00:00,409,2018-04-23T00:00:00,408,2018-04-23T00:00:00,408,2018-04-16T00:00:00,0,2009-04-20T00:00:00,12,pdsi_very_wet_in_harvesting
29,lasso,False,2018-04-23T00:00:00,409,2018-04-23T00:00:00,408,2018-04-23T00:00:00,408,2018-04-16T00:00:00,0,2009-04-20T00:00:00,12,soybeans_weekly_rv
29,lasso,False,2018-04-23T00:00:00,409,2018-04-23T00:00:00,408,2018-04-23T00:00:00,408,2018-04-16T00:00:00,0,2009-04-20T00:00:00,12,spi_7d_extreme_dry_in_harvesting
29,lasso,False,2018-04-23T00:00:00,409,2018-04-23T00:00:00,408,2018-04-23T00:00:00,408,2018-04-16T00:00:00,0,2009-04-20T00:00:00,12,spi_7d_extreme_wet_in_harvesting
29,lasso,False,2018-04-23T00:00:00,409,2018-04-23T00:00:00,408,2018-04-23T00:00:00,408,2018-04-16T00:00:00,0,2009-04-20T00:00:00,12,spi_7d_extreme_wet_in_planting
29,lasso,False,2018-04-23T00:00:00,409,2018-04-23T00:00:00,408,2018-04-23T00:00:00,408,2018-04-16T00:00:00,0,2009-04-20T00:00:00,12,spi_7d_very_dry_in_planting
29,lasso,False,2018-04-23T00:00:00,409,2018-04-23T00:00:00,408,2018-04-23T00:00:00,408,2018-04-16T00:00:00,0,2009-04-20T00:00:00,12,spi_7d_very_wet_in_harvesting
29,lasso,False,2018-04-23T00:00:00,409,2018-04-23T00:00:00,408,2018-04-23T00:00:00,408,2018-04-16T00:00:00,0,2009-04-20T00:00:00,12,spi_7d_very_wet_in_planting
29,lasso,False,2018-04-23T00:00:00,409,2018-04-23T00:00:00,408,2018-04-23T00:00:00,408,2018-04-16T00:00:00,0,2009-04-20T00:00:00,12,ssta_elino
29,lasso,False,2018-04-23T00:00:00,409,2018-04-23T00:00:00,408,2018-04-23T00:00:00,408,2018-04-16T00:00:00,0,2009-04-20T00:00:00,12,tmax_hot_in_harvesting
29,lasso,False,2018-04-23T00:00:00,409,2018-04-23T00:00:00,408,2018-04-23T00:00:00,408,2018-04-16T00:00:00,0,2009-04-20T00:00:00,12,tmax_hot_in_planting
29,lasso,False,2018-04-23T00:00:00,409,2018-04-23T00:00:00,408,2018-04-23T00:00:00,408,2018-04-16T00:00:00,0,2009-04-20T00:00:00,12,tmax_very_hot_in_planting
29,lasso,False,2018-04-23T00:00:00,409,2018-04-23T00:00:00,408,2018-04-23T00:00:00,408,2018-04-16T00:00:00,0,2009-04-20T00:00:00,12,tmin_very_cold_in_harvesting
29,lasso,False,2018-04-23T00:00:00,409,2018-04-23T00:00:00,408,2018-04-23T00:00:00,408,2018-04-16T00:00:00,0,2009-04-20T00:00:00,12,tmin_very_cold_in_planting
29,lasso,False,2018-04-23T00:00:00,409,2018-04-23T00:00:00,408,2018-04-23T00:00:00,408,2018-04-16T00:00:00,0,2009-04-20T00:00:00,12,wheat_weekly_rv
29,lasso,True,2018-06-25T00:00:00,417,2018-06-25T00:00:00,416,2018-06-25T00:00:00,416,2018-06-18T00:00:00,0,2009-04-20T00:00:00,13,DJIA_Index
29,lasso,True,2018-06-25T00:00:00,417,2018-06-25T00:00:00,416,2018-06-25T00:00:00,416,2018-06-18T00:00:00,0,2009-04-20T00:00:00,13,NAO_index
29,lasso,True,2018-06-25T00:00:00,417,2018-06-25T00:00:00,416,2018-06-25T00:00:00,416,2018-06-18T00:00:00,0,2009-04-20T00:00:00,13,Stock_Uncertainty
29,lasso,True,2018-06-25T00:00:00,417,2018-06-25T00:00:00,416,2018-06-25T00:00:00,416,2018-06-18T00:00:00,0,2009-04-20T00:00:00,13,awnd_extreme_high_wind_in_harvesting
29,lasso,True,2018-06-25T00:00:00,417,2018-06-25T00:00:00,416,2018-06-25T00:00:00,416,2018-06-18T00:00:00,0,2009-04-20T00:00:00,13,awnd_extreme_high_wind_in_planting
29,lasso,True,2018-06-25T00:00:00,417,2018-06-25T00:00:00,416,2018-06-25T00:00:00,416,2018-06-18T00:00:00,0,2009-04-20T00:00:00,13,awnd_moderate_high_wind_in_planting
29,lasso,True,2018-06-25T00:00:00,417,2018-06-25T00:00:00,416,2018-06-25T00:00:00,416,2018-06-18T00:00:00,0,2009-04-20T00:00:00,13,corn_monthly_rv
29,lasso,True,2018-06-25T00:00:00,417,2018-06-25T00:00:00,416,2018-06-25T00:00:00,416,2018-06-18T00:00:00,0,2009-04-20T00:00:00,13,corn_seasonal_rv
29,lasso,True,2018-06-25T00:00:00,417,2018-06-25T00:00:00,416,2018-06-25T00:00:00,416,2018-06-18T00:00:00,0,2009-04-20T00:00:00,13,corn_weekly_rv
29,lasso,True,2018-06-25T00:00:00,417,2018-06-25T00:00:00,416,2018-06-25T00:00:00,416,2018-06-18T00:00:00,0,2009-04-20T00:00:00,13,pdsi_extreme_drought_in_harvesting
29,lasso,True,2018-06-25T00:00:00,417,2018-06-25T00:00:00,416,2018-06-25T00:00:00,416,2018-06-18T00:00:00,0,2009-04-20T00:00:00,13,pdsi_extreme_drought_in_planting
29,lasso,True,2018-06-25T00:00:00,417,2018-06-25T00:00:00,416,2018-06-25T00:00:00,416,2018-06-18T00:00:00,0,2009-04-20T00:00:00,13,pdsi_extreme_wet_in_harvesting
29,lasso,True,2018-06-25T00:00:00,417,2018-06-25T00:00:00,416,2018-06-25T00:00:00,416,2018-06-18T00:00:00,0,2009-04-20T00:00:00,13,pdsi_extreme_wet_in_planting
29,lasso,True,2018-06-25T00:00:00,417,2018-06-25T00:00:00,416,2018-06-25T00:00:00,416,2018-06-18T00:00:00,0,2009-04-20T00:00:00,13,pdsi_severe_drought_in_harvesting
29,lasso,True,2018-06-25T00:00:00,417,2018-06-25T00:00:00,416,2018-06-25T00:00:00,416,2018-06-18T00:00:00,0,2009-04-20T00:00:00,13,pdsi_very_wet_in_harvesting
29,lasso,True,2018-06-25T00:00:00,417,2018-06-25T00:00:00,416,2018-06-25T00:00:00,416,2018-06-18T00:00:00,0,2009-04-20T00:00:00,13,soybeans_weekly_rv
29,lasso,True,2018-06-25T00:00:00,417,2018-06-25T00:00:00,416,2018-06-25T00:00:00,416,2018-06-18T00:00:00,0,2009-04-20T00:00:00,13,spi_7d_extreme_dry_in_harvesting
29,lasso,True,2018-06-25T00:00:00,417,2018-06-25T00:00:00,416,2018-06-25T00:00:00,416,2018-06-18T00:00:00,0,2009-04-20T00:00:00,13,spi_7d_extreme_wet_in_harvesting
29,lasso,True,2018-06-25T00:00:00,417,2018-06-25T00:00:00,416,2018-06-25T00:00:00,416,2018-06-18T00:00:00,0,2009-04-20T00:00:00,13,spi_7d_extreme_wet_in_planting
29,lasso,True,2018-06-25T00:00:00,417,2018-06-25T00:00:00,416,2018-06-25T00:00:00,416,2018-06-18T00:00:00,0,2009-04-20T00:00:00,13,spi_7d_very_dry_in_planting
29,lasso,True,2018-06-25T00:00:00,417,2018-06-25T00:00:00,416,2018-06-25T00:00:00,416,2018-06-18T00:00:00,0,2009-04-20T00:00:00,13,spi_7d_very_wet_in_harvesting
29,lasso,True,2018-06-25T00:00:00,417,2018-06-25T00:00:00,416,2018-06-25T00:00:00,416,2018-06-18T00:00:00,0,2009-04-20T00:00:00,13,spi_7d_very_wet_in_planting
29,lasso,True,2018-06-25T00:00:00,417,2018-06-25T00:00:00,416,2018-06-25T00:00:00,416,2018-06-18T00:00:00,0,2009-04-20T00:00:00,13,ssta_elino
29,lasso,True,2018-06-25T00:00:00,417,2018-06-25T00:00:00,416,2018-06-25T00:00:00,416,2018-06-18T00:00:00,0,2009-04-20T00:00:00,13,tmax_hot_in_harvesting
29,lasso,True,2018-06-25T00:00:00,417,2018-06-25T00:00:00,416,2018-06-25T00:00:00,416,2018-06-18T00:00:00,0,2009-04-20T00:00:00,13,tmax_hot_in_planting
29,lasso,True,2018-06-25T00:00:00,417,2018-06-25T00:00:00,416,2018-06-25T00:00:00,416,2018-06-18T00:00:00,0,2009-04-20T00:00:00,13,tmax_very_hot_in_planting
29,lasso,True,2018-06-25T00:00:00,417,2018-06-25T00:00:00,416,2018-06-25T00:00:00,416,2018-06-18T00:00:00,0,2009-04-20T00:00:00,13,tmin_very_cold_in_harvesting
29,lasso,True,2018-06-25T00:00:00,417,2018-06-25T00:00:00,416,2018-06-25T00:00:00,416,2018-06-18T00:00:00,0,2009-04-20T00:00:00,13,tmin_very_cold_in_planting
29,lasso,True,2018-06-25T00:00:00,417,2018-06-25T00:00:00,416,2018-06-25T00:00:00,416,2018-06-18T00:00:00,0,2009-04-20T00:00:00,13,wheat_weekly_rv
29,lasso,True,2018-08-20T00:00:00,425,2018-08-20T00:00:00,424,2018-08-20T00:00:00,424,2018-08-13T00:00:00,0,2009-04-20T00:00:00,14,DJIA_Index
29,lasso,True,2018-08-20T00:00:00,425,2018-08-20T00:00:00,424,2018-08-20T00:00:00,424,2018-08-13T00:00:00,0,2009-04-20T00:00:00,14,NAO_index
29,lasso,True,2018-08-20T00:00:00,425,2018-08-20T00:00:00,424,2018-08-20T00:00:00,424,2018-08-13T00:00:00,0,2009-04-20T00:00:00,14,Stock_Uncertainty
29,lasso,True,2018-08-20T00:00:00,425,2018-08-20T00:00:00,424,2018-08-20T00:00:00,424,2018-08-13T00:00:00,0,2009-04-20T00:00:00,14,awnd_extreme_high_wind_in_harvesting
29,lasso,True,2018-08-20T00:00:00,425,2018-08-20T00:00:00,424,2018-08-20T00:00:00,424,2018-08-13T00:00:00,0,2009-04-20T00:00:00,14,awnd_extreme_high_wind_in_planting
29,lasso,True,2018-08-20T00:00:00,425,2018-08-20T00:00:00,424,2018-08-20T00:00:00,424,2018-08-13T00:00:00,0,2009-04-20T00:00:00,14,awnd_moderate_high_wind_in_planting
29,lasso,True,2018-08-20T00:00:00,425,2018-08-20T00:00:00,424,2018-08-20T00:00:00,424,2018-08-13T00:00:00,0,2009-04-20T00:00:00,14,corn_monthly_rv
29,lasso,True,2018-08-20T00:00:00,425,2018-08-20T00:00:00,424,2018-08-20T00:00:00,424,2018-08-13T00:00:00,0,2009-04-20T00:00:00,14,corn_seasonal_rv
29,lasso,True,2018-08-20T00:00:00,425,2018-08-20T00:00:00,424,2018-08-20T00:00:00,424,2018-08-13T00:00:00,0,2009-04-20T00:00:00,14,corn_weekly_rv
29,lasso,True,2018-08-20T00:00:00,425,2018-08-20T00:00:00,424,2018-08-20T00:00:00,424,2018-08-13T00:00:00,0,2009-04-20T00:00:00,14,pdsi_extreme_drought_in_harvesting
29,lasso,True,2018-08-20T00:00:00,425,2018-08-20T00:00:00,424,2018-08-20T00:00:00,424,2018-08-13T00:00:00,0,2009-04-20T00:00:00,14,pdsi_extreme_drought_in_planting
29,lasso,True,2018-08-20T00:00:00,425,2018-08-20T00:00:00,424,2018-08-20T00:00:00,424,2018-08-13T00:00:00,0,2009-04-20T00:00:00,14,pdsi_extreme_wet_in_harvesting
29,lasso,True,2018-08-20T00:00:00,425,2018-08-20T00:00:00,424,2018-08-20T00:00:00,424,2018-08-13T00:00:00,0,2009-04-20T00:00:00,14,pdsi_extreme_wet_in_planting
29,lasso,True,2018-08-20T00:00:00,425,2018-08-20T00:00:00,424,2018-08-20T00:00:00,424,2018-08-13T00:00:00,0,2009-04-20T00:00:00,14,pdsi_severe_drought_in_harvesting
29,lasso,True,2018-08-20T00:00:00,425,2018-08-20T00:00:00,424,2018-08-20T00:00:00,424,2018-08-13T00:00:00,0,2009-04-20T00:00:00,14,pdsi_very_wet_in_harvesting
29,lasso,True,2018-08-20T00:00:00,425,2018-08-20T00:00:00,424,2018-08-20T00:00:00,424,2018-08-13T00:00:00,0,2009-04-20T00:00:00,14,soybeans_weekly_rv
29,lasso,True,2018-08-20T00:00:00,425,2018-08-20T00:00:00,424,2018-08-20T00:00:00,424,2018-08-13T00:00:00,0,2009-04-20T00:00:00,14,spi_7d_extreme_dry_in_harvesting
29,lasso,True,2018-08-20T00:00:00,425,2018-08-20T00:00:00,424,2018-08-20T00:00:00,424,2018-08-13T00:00:00,0,2009-04-20T00:00:00,14,spi_7d_extreme_wet_in_harvesting
29,lasso,True,2018-08-20T00:00:00,425,2018-08-20T00:00:00,424,2018-08-20T00:00:00,424,2018-08-13T00:00:00,0,2009-04-20T00:00:00,14,spi_7d_extreme_wet_in_planting
29,lasso,True,2018-08-20T00:00:00,425,2018-08-20T00:00:00,424,2018-08-20T00:00:00,424,2018-08-13T00:00:00,0,2009-04-20T00:00:00,14,spi_7d_very_dry_in_planting
29,lasso,True,2018-08-20T00:00:00,425,2018-08-20T00:00:00,424,2018-08-20T00:00:00,424,2018-08-13T00:00:00,0,2009-04-20T00:00:00,14,spi_7d_very_wet_in_harvesting
29,lasso,True,2018-08-20T00:00:00,425,2018-08-20T00:00:00,424,2018-08-20T00:00:00,424,2018-08-13T00:00:00,0,2009-04-20T00:00:00,14,spi_7d_very_wet_in_planting
29,lasso,True,2018-08-20T00:00:00,425,2018-08-20T00:00:00,424,2018-08-20T00:00:00,424,2018-08-13T00:00:00,0,2009-04-20T00:00:00,14,ssta_elino
29,lasso,True,2018-08-20T00:00:00,425,2018-08-20T00:00:00,424,2018-08-20T00:00:00,424,2018-08-13T00:00:00,0,2009-04-20T00:00:00,14,tmax_hot_in_harvesting
29,lasso,True,2018-08-20T00:00:00,425,2018-08-20T00:00:00,424,2018-08-20T00:00:00,424,2018-08-13T00:00:00,0,2009-04-20T00:00:00,14,tmax_hot_in_planting
29,lasso,True,2018-08-20T00:00:00,425,2018-08-20T00:00:00,424,2018-08-20T00:00:00,424,2018-08-13T00:00:00,0,2009-04-20T00:00:00,14,tmax_very_hot_in_planting
29,lasso,True,2018-08-20T00:00:00,425,2018-08-20T00:00:00,424,2018-08-20T00:00:00,424,2018-08-13T00:00:00,0,2009-04-20T00:00:00,14,tmin_very_cold_in_harvesting
29,lasso,True,2018-08-20T00:00:00,425,2018-08-20T00:00:00,424,2018-08-20T00:00:00,424,2018-08-13T00:00:00,0,2009-04-20T00:00:00,14,tmin_very_cold_in_planting
29,lasso,True,2018-08-20T00:00:00,425,2018-08-20T00:00:00,424,2018-08-20T00:00:00,424,2018-08-13T00:00:00,0,2009-04-20T00:00:00,14,wheat_weekly_rv
29,lasso,True,2018-10-29T00:00:00,433,2018-10-29T00:00:00,432,2018-10-29T00:00:00,432,2018-10-22T00:00:00,0,2009-04-20T00:00:00,15,DJIA_Index
29,lasso,True,2018-10-29T00:00:00,433,2018-10-29T00:00:00,432,2018-10-29T00:00:00,432,2018-10-22T00:00:00,0,2009-04-20T00:00:00,15,NAO_index
29,lasso,True,2018-10-29T00:00:00,433,2018-10-29T00:00:00,432,2018-10-29T00:00:00,432,2018-10-22T00:00:00,0,2009-04-20T00:00:00,15,Stock_Uncertainty
29,lasso,True,2018-10-29T00:00:00,433,2018-10-29T00:00:00,432,2018-10-29T00:00:00,432,2018-10-22T00:00:00,0,2009-04-20T00:00:00,15,awnd_extreme_high_wind_in_harvesting
29,lasso,True,2018-10-29T00:00:00,433,2018-10-29T00:00:00,432,2018-10-29T00:00:00,432,2018-10-22T00:00:00,0,2009-04-20T00:00:00,15,awnd_extreme_high_wind_in_planting
29,lasso,True,2018-10-29T00:00:00,433,2018-10-29T00:00:00,432,2018-10-29T00:00:00,432,2018-10-22T00:00:00,0,2009-04-20T00:00:00,15,awnd_moderate_high_wind_in_planting
29,lasso,True,2018-10-29T00:00:00,433,2018-10-29T00:00:00,432,2018-10-29T00:00:00,432,2018-10-22T00:00:00,0,2009-04-20T00:00:00,15,corn_monthly_rv
29,lasso,True,2018-10-29T00:00:00,433,2018-10-29T00:00:00,432,2018-10-29T00:00:00,432,2018-10-22T00:00:00,0,2009-04-20T00:00:00,15,corn_seasonal_rv
29,lasso,True,2018-10-29T00:00:00,433,2018-10-29T00:00:00,432,2018-10-29T00:00:00,432,2018-10-22T00:00:00,0,2009-04-20T00:00:00,15,corn_weekly_rv
29,lasso,True,2018-10-29T00:00:00,433,2018-10-29T00:00:00,432,2018-10-29T00:00:00,432,2018-10-22T00:00:00,0,2009-04-20T00:00:00,15,pdsi_extreme_drought_in_harvesting
29,lasso,True,2018-10-29T00:00:00,433,2018-10-29T00:00:00,432,2018-10-29T00:00:00,432,2018-10-22T00:00:00,0,2009-04-20T00:00:00,15,pdsi_extreme_drought_in_planting
29,lasso,True,2018-10-29T00:00:00,433,2018-10-29T00:00:00,432,2018-10-29T00:00:00,432,2018-10-22T00:00:00,0,2009-04-20T00:00:00,15,pdsi_extreme_wet_in_harvesting
29,lasso,True,2018-10-29T00:00:00,433,2018-10-29T00:00:00,432,2018-10-29T00:00:00,432,2018-10-22T00:00:00,0,2009-04-20T00:00:00,15,pdsi_extreme_wet_in_planting
29,lasso,True,2018-10-29T00:00:00,433,2018-10-29T00:00:00,432,2018-10-29T00:00:00,432,2018-10-22T00:00:00,0,2009-04-20T00:00:00,15,pdsi_severe_drought_in_harvesting
29,lasso,True,2018-10-29T00:00:00,433,2018-10-29T00:00:00,432,2018-10-29T00:00:00,432,2018-10-22T00:00:00,0,2009-04-20T00:00:00,15,pdsi_very_wet_in_harvesting
29,lasso,True,2018-10-29T00:00:00,433,2018-10-29T00:00:00,432,2018-10-29T00:00:00,432,2018-10-22T00:00:00,0,2009-04-20T00:00:00,15,soybeans_weekly_rv
29,lasso,True,2018-10-29T00:00:00,433,2018-10-29T00:00:00,432,2018-10-29T00:00:00,432,2018-10-22T00:00:00,0,2009-04-20T00:00:00,15,spi_7d_extreme_dry_in_harvesting
29,lasso,True,2018-10-29T00:00:00,433,2018-10-29T00:00:00,432,2018-10-29T00:00:00,432,2018-10-22T00:00:00,0,2009-04-20T00:00:00,15,spi_7d_extreme_wet_in_harvesting
29,lasso,True,2018-10-29T00:00:00,433,2018-10-29T00:00:00,432,2018-10-29T00:00:00,432,2018-10-22T00:00:00,0,2009-04-20T00:00:00,15,spi_7d_extreme_wet_in_planting
29,lasso,True,2018-10-29T00:00:00,433,2018-10-29T00:00:00,432,2018-10-29T00:00:00,432,2018-10-22T00:00:00,0,2009-04-20T00:00:00,15,spi_7d_very_dry_in_planting
29,lasso,True,2018-10-29T00:00:00,433,2018-10-29T00:00:00,432,2018-10-29T00:00:00,432,2018-10-22T00:00:00,0,2009-04-20T00:00:00,15,spi_7d_very_wet_in_harvesting
29,lasso,True,2018-10-29T00:00:00,433,2018-10-29T00:00:00,432,2018-10-29T00:00:00,432,2018-10-22T00:00:00,0,2009-04-20T00:00:00,15,spi_7d_very_wet_in_planting
29,lasso,True,2018-10-29T00:00:00,433,2018-10-29T00:00:00,432,2018-10-29T00:00:00,432,2018-10-22T00:00:00,0,2009-04-20T00:00:00,15,ssta_elino
29,lasso,True,2018-10-29T00:00:00,433,2018-10-29T00:00:00,432,2018-10-29T00:00:00,432,2018-10-22T00:00:00,0,2009-04-20T00:00:00,15,tmax_hot_in_harvesting
29,lasso,True,2018-10-29T00:00:00,433,2018-10-29T00:00:00,432,2018-10-29T00:00:00,432,2018-10-22T00:00:00,0,2009-04-20T00:00:00,15,tmax_hot_in_planting
29,lasso,True,2018-10-29T00:00:00,433,2018-10-29T00:00:00,432,2018-10-29T00:00:00,432,2018-10-22T00:00:00,0,2009-04-20T00:00:00,15,tmax_very_hot_in_planting
29,lasso,True,2018-10-29T00:00:00,433,2018-10-29T00:00:00,432,2018-10-29T00:00:00,432,2018-10-22T00:00:00,0,2009-04-20T00:00:00,15,tmin_very_cold_in_harvesting
29,lasso,True,2018-10-29T00:00:00,433,2018-10-29T00:00:00,432,2018-10-29T00:00:00,432,2018-10-22T00:00:00,0,2009-04-20T00:00:00,15,tmin_very_cold_in_planting
29,lasso,True,2018-10-29T00:00:00,433,2018-10-29T00:00:00,432,2018-10-29T00:00:00,432,2018-10-22T00:00:00,0,2009-04-20T00:00:00,15,wheat_weekly_rv
27,lasso,False,2018-12-31T00:00:00,441,2018-12-31T00:00:00,440,2018-12-31T00:00:00,440,2018-12-24T00:00:00,0,2009-04-20T00:00:00,16,DJIA_Index
27,lasso,False,2018-12-31T00:00:00,441,2018-12-31T00:00:00,440,2018-12-31T00:00:00,440,2018-12-24T00:00:00,0,2009-04-20T00:00:00,16,Stock_Uncertainty
27,lasso,False,2018-12-31T00:00:00,441,2018-12-31T00:00:00,440,2018-12-31T00:00:00,440,2018-12-24T00:00:00,0,2009-04-20T00:00:00,16,awnd_extreme_high_wind_in_harvesting
27,lasso,False,2018-12-31T00:00:00,441,2018-12-31T00:00:00,440,2018-12-31T00:00:00,440,2018-12-24T00:00:00,0,2009-04-20T00:00:00,16,awnd_extreme_high_wind_in_planting
27,lasso,False,2018-12-31T00:00:00,441,2018-12-31T00:00:00,440,2018-12-31T00:00:00,440,2018-12-24T00:00:00,0,2009-04-20T00:00:00,16,awnd_moderate_high_wind_in_planting
27,lasso,False,2018-12-31T00:00:00,441,2018-12-31T00:00:00,440,2018-12-31T00:00:00,440,2018-12-24T00:00:00,0,2009-04-20T00:00:00,16,corn_monthly_rv
27,lasso,False,2018-12-31T00:00:00,441,2018-12-31T00:00:00,440,2018-12-31T00:00:00,440,2018-12-24T00:00:00,0,2009-04-20T00:00:00,16,corn_seasonal_rv
27,lasso,False,2018-12-31T00:00:00,441,2018-12-31T00:00:00,440,2018-12-31T00:00:00,440,2018-12-24T00:00:00,0,2009-04-20T00:00:00,16,corn_weekly_rv
27,lasso,False,2018-12-31T00:00:00,441,2018-12-31T00:00:00,440,2018-12-31T00:00:00,440,2018-12-24T00:00:00,0,2009-04-20T00:00:00,16,pdsi_extreme_drought_in_harvesting
27,lasso,False,2018-12-31T00:00:00,441,2018-12-31T00:00:00,440,2018-12-31T00:00:00,440,2018-12-24T00:00:00,0,2009-04-20T00:00:00,16,pdsi_extreme_drought_in_planting
27,lasso,False,2018-12-31T00:00:00,441,2018-12-31T00:00:00,440,2018-12-31T00:00:00,440,2018-12-24T00:00:00,0,2009-04-20T00:00:00,16,pdsi_extreme_wet_in_harvesting
27,lasso,False,2018-12-31T00:00:00,441,2018-12-31T00:00:00,440,2018-12-31T00:00:00,440,2018-12-24T00:00:00,0,2009-04-20T00:00:00,16,pdsi_extreme_wet_in_planting
27,lasso,False,2018-12-31T00:00:00,441,2018-12-31T00:00:00,440,2018-12-31T00:00:00,440,2018-12-24T00:00:00,0,2009-04-20T00:00:00,16,pdsi_severe_drought_in_harvesting
27,lasso,False,2018-12-31T00:00:00,441,2018-12-31T00:00:00,440,2018-12-31T00:00:00,440,2018-12-24T00:00:00,0,2009-04-20T00:00:00,16,pdsi_very_wet_in_harvesting
27,lasso,False,2018-12-31T00:00:00,441,2018-12-31T00:00:00,440,2018-12-31T00:00:00,440,2018-12-24T00:00:00,0,2009-04-20T00:00:00,16,soybeans_weekly_rv
27,lasso,False,2018-12-31T00:00:00,441,2018-12-31T00:00:00,440,2018-12-31T00:00:00,440,2018-12-24T00:00:00,0,2009-04-20T00:00:00,16,spi_7d_extreme_dry_in_harvesting
27,lasso,False,2018-12-31T00:00:00,441,2018-12-31T00:00:00,440,2018-12-31T00:00:00,440,2018-12-24T00:00:00,0,2009-04-20T00:00:00,16,spi_7d_extreme_wet_in_harvesting
27,lasso,False,2018-12-31T00:00:00,441,2018-12-31T00:00:00,440,2018-12-31T00:00:00,440,2018-12-24T00:00:00,0,2009-04-20T00:00:00,16,spi_7d_very_dry_in_planting
27,lasso,False,2018-12-31T00:00:00,441,2018-12-31T00:00:00,440,2018-12-31T00:00:00,440,2018-12-24T00:00:00,0,2009-04-20T00:00:00,16,spi_7d_very_wet_in_planting
27,lasso,False,2018-12-31T00:00:00,441,2018-12-31T00:00:00,440,2018-12-31T00:00:00,440,2018-12-24T00:00:00,0,2009-04-20T00:00:00,16,ssta_elino
27,lasso,False,2018-12-31T00:00:00,441,2018-12-31T00:00:00,440,2018-12-31T00:00:00,440,2018-12-24T00:00:00,0,2009-04-20T00:00:00,16,tmax_hot_in_harvesting
27,lasso,False,2018-12-31T00:00:00,441,2018-12-31T00:00:00,440,2018-12-31T00:00:00,440,2018-12-24T00:00:00,0,2009-04-20T00:00:00,16,tmax_hot_in_planting
27,lasso,False,2018-12-31T00:00:00,441,2018-12-31T00:00:00,440,2018-12-31T00:00:00,440,2018-12-24T00:00:00,0,2009-04-20T00:00:00,16,tmax_very_hot_in_harvesting
27,lasso,False,2018-12-31T00:00:00,441,2018-12-31T00:00:00,440,2018-12-31T00:00:00,440,2018-12-24T00:00:00,0,2009-04-20T00:00:00,16,tmax_very_hot_in_planting
27,lasso,False,2018-12-31T00:00:00,441,2018-12-31T00:00:00,440,2018-12-31T00:00:00,440,2018-12-24T00:00:00,0,2009-04-20T00:00:00,16,tmin_very_cold_in_harvesting
27,lasso,False,2018-12-31T00:00:00,441,2018-12-31T00:00:00,440,2018-12-31T00:00:00,440,2018-12-24T00:00:00,0,2009-04-20T00:00:00,16,tmin_very_cold_in_planting
27,lasso,False,2018-12-31T00:00:00,441,2018-12-31T00:00:00,440,2018-12-31T00:00:00,440,2018-12-24T00:00:00,0,2009-04-20T00:00:00,16,wheat_weekly_rv
27,lasso,True,2019-03-18T00:00:00,449,2019-03-18T00:00:00,448,2019-03-18T00:00:00,448,2019-03-11T00:00:00,0,2009-04-20T00:00:00,17,DJIA_Index
27,lasso,True,2019-03-18T00:00:00,449,2019-03-18T00:00:00,448,2019-03-18T00:00:00,448,2019-03-11T00:00:00,0,2009-04-20T00:00:00,17,Stock_Uncertainty
27,lasso,True,2019-03-18T00:00:00,449,2019-03-18T00:00:00,448,2019-03-18T00:00:00,448,2019-03-11T00:00:00,0,2009-04-20T00:00:00,17,awnd_extreme_high_wind_in_harvesting
27,lasso,True,2019-03-18T00:00:00,449,2019-03-18T00:00:00,448,2019-03-18T00:00:00,448,2019-03-11T00:00:00,0,2009-04-20T00:00:00,17,awnd_extreme_high_wind_in_planting
27,lasso,True,2019-03-18T00:00:00,449,2019-03-18T00:00:00,448,2019-03-18T00:00:00,448,2019-03-11T00:00:00,0,2009-04-20T00:00:00,17,awnd_moderate_high_wind_in_planting
27,lasso,True,2019-03-18T00:00:00,449,2019-03-18T00:00:00,448,2019-03-18T00:00:00,448,2019-03-11T00:00:00,0,2009-04-20T00:00:00,17,corn_monthly_rv
27,lasso,True,2019-03-18T00:00:00,449,2019-03-18T00:00:00,448,2019-03-18T00:00:00,448,2019-03-11T00:00:00,0,2009-04-20T00:00:00,17,corn_seasonal_rv
27,lasso,True,2019-03-18T00:00:00,449,2019-03-18T00:00:00,448,2019-03-18T00:00:00,448,2019-03-11T00:00:00,0,2009-04-20T00:00:00,17,corn_weekly_rv
27,lasso,True,2019-03-18T00:00:00,449,2019-03-18T00:00:00,448,2019-03-18T00:00:00,448,2019-03-11T00:00:00,0,2009-04-20T00:00:00,17,pdsi_extreme_drought_in_harvesting
27,lasso,True,2019-03-18T00:00:00,449,2019-03-18T00:00:00,448,2019-03-18T00:00:00,448,2019-03-11T00:00:00,0,2009-04-20T00:00:00,17,pdsi_extreme_drought_in_planting
27,lasso,True,2019-03-18T00:00:00,449,2019-03-18T00:00:00,448,2019-03-18T00:00:00,448,2019-03-11T00:00:00,0,2009-04-20T00:00:00,17,pdsi_extreme_wet_in_harvesting
27,lasso,True,2019-03-18T00:00:00,449,2019-03-18T00:00:00,448,2019-03-18T00:00:00,448,2019-03-11T00:00:00,0,2009-04-20T00:00:00,17,pdsi_extreme_wet_in_planting
27,lasso,True,2019-03-18T00:00:00,449,2019-03-18T00:00:00,448,2019-03-18T00:00:00,448,2019-03-11T00:00:00,0,2009-04-20T00:00:00,17,pdsi_severe_drought_in_harvesting
27,lasso,True,2019-03-18T00:00:00,449,2019-03-18T00:00:00,448,2019-03-18T00:00:00,448,2019-03-11T00:00:00,0,2009-04-20T00:00:00,17,pdsi_very_wet_in_harvesting
27,lasso,True,2019-03-18T00:00:00,449,2019-03-18T00:00:00,448,2019-03-18T00:00:00,448,2019-03-11T00:00:00,0,2009-04-20T00:00:00,17,soybeans_weekly_rv
27,lasso,True,2019-03-18T00:00:00,449,2019-03-18T00:00:00,448,2019-03-18T00:00:00,448,2019-03-11T00:00:00,0,2009-04-20T00:00:00,17,spi_7d_extreme_dry_in_harvesting
27,lasso,True,2019-03-18T00:00:00,449,2019-03-18T00:00:00,448,2019-03-18T00:00:00,448,2019-03-11T00:00:00,0,2009-04-20T00:00:00,17,spi_7d_extreme_wet_in_harvesting
27,lasso,True,2019-03-18T00:00:00,449,2019-03-18T00:00:00,448,2019-03-18T00:00:00,448,2019-03-11T00:00:00,0,2009-04-20T00:00:00,17,spi_7d_very_dry_in_planting
27,lasso,True,2019-03-18T00:00:00,449,2019-03-18T00:00:00,448,2019-03-18T00:00:00,448,2019-03-11T00:00:00,0,2009-04-20T00:00:00,17,spi_7d_very_wet_in_planting
27,lasso,True,2019-03-18T00:00:00,449,2019-03-18T00:00:00,448,2019-03-18T00:00:00,448,2019-03-11T00:00:00,0,2009-04-20T00:00:00,17,ssta_elino
27,lasso,True,2019-03-18T00:00:00,449,2019-03-18T00:00:00,448,2019-03-18T00:00:00,448,2019-03-11T00:00:00,0,2009-04-20T00:00:00,17,tmax_hot_in_harvesting
27,lasso,True,2019-03-18T00:00:00,449,2019-03-18T00:00:00,448,2019-03-18T00:00:00,448,2019-03-11T00:00:00,0,2009-04-20T00:00:00,17,tmax_hot_in_planting
27,lasso,True,2019-03-18T00:00:00,449,2019-03-18T00:00:00,448,2019-03-18T00:00:00,448,2019-03-11T00:00:00,0,2009-04-20T00:00:00,17,tmax_very_hot_in_harvesting
27,lasso,True,2019-03-18T00:00:00,449,2019-03-18T00:00:00,448,2019-03-18T00:00:00,448,2019-03-11T00:00:00,0,2009-04-20T00:00:00,17,tmax_very_hot_in_planting
27,lasso,True,2019-03-18T00:00:00,449,2019-03-18T00:00:00,448,2019-03-18T00:00:00,448,2019-03-11T00:00:00,0,2009-04-20T00:00:00,17,tmin_very_cold_in_harvesting
27,lasso,True,2019-03-18T00:00:00,449,2019-03-18T00:00:00,448,2019-03-18T00:00:00,448,2019-03-11T00:00:00,0,2009-04-20T00:00:00,17,tmin_very_cold_in_planting
27,lasso,True,2019-03-18T00:00:00,449,2019-03-18T00:00:00,448,2019-03-18T00:00:00,448,2019-03-11T00:00:00,0,2009-04-20T00:00:00,17,wheat_weekly_rv
27,lasso,True,2019-05-13T00:00:00,457,2019-05-13T00:00:00,456,2019-05-13T00:00:00,456,2019-05-06T00:00:00,0,2009-04-20T00:00:00,18,DJIA_Index
27,lasso,True,2019-05-13T00:00:00,457,2019-05-13T00:00:00,456,2019-05-13T00:00:00,456,2019-05-06T00:00:00,0,2009-04-20T00:00:00,18,Stock_Uncertainty
27,lasso,True,2019-05-13T00:00:00,457,2019-05-13T00:00:00,456,2019-05-13T00:00:00,456,2019-05-06T00:00:00,0,2009-04-20T00:00:00,18,awnd_extreme_high_wind_in_harvesting
27,lasso,True,2019-05-13T00:00:00,457,2019-05-13T00:00:00,456,2019-05-13T00:00:00,456,2019-05-06T00:00:00,0,2009-04-20T00:00:00,18,awnd_extreme_high_wind_in_planting
27,lasso,True,2019-05-13T00:00:00,457,2019-05-13T00:00:00,456,2019-05-13T00:00:00,456,2019-05-06T00:00:00,0,2009-04-20T00:00:00,18,awnd_moderate_high_wind_in_planting
27,lasso,True,2019-05-13T00:00:00,457,2019-05-13T00:00:00,456,2019-05-13T00:00:00,456,2019-05-06T00:00:00,0,2009-04-20T00:00:00,18,corn_monthly_rv
27,lasso,True,2019-05-13T00:00:00,457,2019-05-13T00:00:00,456,2019-05-13T00:00:00,456,2019-05-06T00:00:00,0,2009-04-20T00:00:00,18,corn_seasonal_rv
27,lasso,True,2019-05-13T00:00:00,457,2019-05-13T00:00:00,456,2019-05-13T00:00:00,456,2019-05-06T00:00:00,0,2009-04-20T00:00:00,18,corn_weekly_rv
27,lasso,True,2019-05-13T00:00:00,457,2019-05-13T00:00:00,456,2019-05-13T00:00:00,456,2019-05-06T00:00:00,0,2009-04-20T00:00:00,18,pdsi_extreme_drought_in_harvesting
27,lasso,True,2019-05-13T00:00:00,457,2019-05-13T00:00:00,456,2019-05-13T00:00:00,456,2019-05-06T00:00:00,0,2009-04-20T00:00:00,18,pdsi_extreme_drought_in_planting
27,lasso,True,2019-05-13T00:00:00,457,2019-05-13T00:00:00,456,2019-05-13T00:00:00,456,2019-05-06T00:00:00,0,2009-04-20T00:00:00,18,pdsi_extreme_wet_in_harvesting
27,lasso,True,2019-05-13T00:00:00,457,2019-05-13T00:00:00,456,2019-05-13T00:00:00,456,2019-05-06T00:00:00,0,2009-04-20T00:00:00,18,pdsi_extreme_wet_in_planting
27,lasso,True,2019-05-13T00:00:00,457,2019-05-13T00:00:00,456,2019-05-13T00:00:00,456,2019-05-06T00:00:00,0,2009-04-20T00:00:00,18,pdsi_severe_drought_in_harvesting
27,lasso,True,2019-05-13T00:00:00,457,2019-05-13T00:00:00,456,2019-05-13T00:00:00,456,2019-05-06T00:00:00,0,2009-04-20T00:00:00,18,pdsi_very_wet_in_harvesting
27,lasso,True,2019-05-13T00:00:00,457,2019-05-13T00:00:00,456,2019-05-13T00:00:00,456,2019-05-06T00:00:00,0,2009-04-20T00:00:00,18,soybeans_weekly_rv
27,lasso,True,2019-05-13T00:00:00,457,2019-05-13T00:00:00,456,2019-05-13T00:00:00,456,2019-05-06T00:00:00,0,2009-04-20T00:00:00,18,spi_7d_extreme_dry_in_harvesting
27,lasso,True,2019-05-13T00:00:00,457,2019-05-13T00:00:00,456,2019-05-13T00:00:00,456,2019-05-06T00:00:00,0,2009-04-20T00:00:00,18,spi_7d_extreme_wet_in_harvesting
27,lasso,True,2019-05-13T00:00:00,457,2019-05-13T00:00:00,456,2019-05-13T00:00:00,456,2019-05-06T00:00:00,0,2009-04-20T00:00:00,18,spi_7d_very_dry_in_planting
27,lasso,True,2019-05-13T00:00:00,457,2019-05-13T00:00:00,456,2019-05-13T00:00:00,456,2019-05-06T00:00:00,0,2009-04-20T00:00:00,18,spi_7d_very_wet_in_planting
27,lasso,True,2019-05-13T00:00:00,457,2019-05-13T00:00:00,456,2019-05-13T00:00:00,456,2019-05-06T00:00:00,0,2009-04-20T00:00:00,18,ssta_elino
27,lasso,True,2019-05-13T00:00:00,457,2019-05-13T00:00:00,456,2019-05-13T00:00:00,456,2019-05-06T00:00:00,0,2009-04-20T00:00:00,18,tmax_hot_in_harvesting
27,lasso,True,2019-05-13T00:00:00,457,2019-05-13T00:00:00,456,2019-05-13T00:00:00,456,2019-05-06T00:00:00,0,2009-04-20T00:00:00,18,tmax_hot_in_planting
27,lasso,True,2019-05-13T00:00:00,457,2019-05-13T00:00:00,456,2019-05-13T00:00:00,456,2019-05-06T00:00:00,0,2009-04-20T00:00:00,18,tmax_very_hot_in_harvesting
27,lasso,True,2019-05-13T00:00:00,457,2019-05-13T00:00:00,456,2019-05-13T00:00:00,456,2019-05-06T00:00:00,0,2009-04-20T00:00:00,18,tmax_very_hot_in_planting
27,lasso,True,2019-05-13T00:00:00,457,2019-05-13T00:00:00,456,2019-05-13T00:00:00,456,2019-05-06T00:00:00,0,2009-04-20T00:00:00,18,tmin_very_cold_in_harvesting
27,lasso,True,2019-05-13T00:00:00,457,2019-05-13T00:00:00,456,2019-05-13T00:00:00,456,2019-05-06T00:00:00,0,2009-04-20T00:00:00,18,tmin_very_cold_in_planting
27,lasso,True,2019-05-13T00:00:00,457,2019-05-13T00:00:00,456,2019-05-13T00:00:00,456,2019-05-06T00:00:00,0,2009-04-20T00:00:00,18,wheat_weekly_rv
27,lasso,True,2019-07-15T00:00:00,465,2019-07-15T00:00:00,464,2019-07-15T00:00:00,464,2019-07-08T00:00:00,0,2009-04-20T00:00:00,19,DJIA_Index
27,lasso,True,2019-07-15T00:00:00,465,2019-07-15T00:00:00,464,2019-07-15T00:00:00,464,2019-07-08T00:00:00,0,2009-04-20T00:00:00,19,Stock_Uncertainty
27,lasso,True,2019-07-15T00:00:00,465,2019-07-15T00:00:00,464,2019-07-15T00:00:00,464,2019-07-08T00:00:00,0,2009-04-20T00:00:00,19,awnd_extreme_high_wind_in_harvesting
27,lasso,True,2019-07-15T00:00:00,465,2019-07-15T00:00:00,464,2019-07-15T00:00:00,464,2019-07-08T00:00:00,0,2009-04-20T00:00:00,19,awnd_extreme_high_wind_in_planting
27,lasso,True,2019-07-15T00:00:00,465,2019-07-15T00:00:00,464,2019-07-15T00:00:00,464,2019-07-08T00:00:00,0,2009-04-20T00:00:00,19,awnd_moderate_high_wind_in_planting
27,lasso,True,2019-07-15T00:00:00,465,2019-07-15T00:00:00,464,2019-07-15T00:00:00,464,2019-07-08T00:00:00,0,2009-04-20T00:00:00,19,corn_monthly_rv
27,lasso,True,2019-07-15T00:00:00,465,2019-07-15T00:00:00,464,2019-07-15T00:00:00,464,2019-07-08T00:00:00,0,2009-04-20T00:00:00,19,corn_seasonal_rv
27,lasso,True,2019-07-15T00:00:00,465,2019-07-15T00:00:00,464,2019-07-15T00:00:00,464,2019-07-08T00:00:00,0,2009-04-20T00:00:00,19,corn_weekly_rv
27,lasso,True,2019-07-15T00:00:00,465,2019-07-15T00:00:00,464,2019-07-15T00:00:00,464,2019-07-08T00:00:00,0,2009-04-20T00:00:00,19,pdsi_extreme_drought_in_harvesting
27,lasso,True,2019-07-15T00:00:00,465,2019-07-15T00:00:00,464,2019-07-15T00:00:00,464,2019-07-08T00:00:00,0,2009-04-20T00:00:00,19,pdsi_extreme_drought_in_planting
27,lasso,True,2019-07-15T00:00:00,465,2019-07-15T00:00:00,464,2019-07-15T00:00:00,464,2019-07-08T00:00:00,0,2009-04-20T00:00:00,19,pdsi_extreme_wet_in_harvesting
27,lasso,True,2019-07-15T00:00:00,465,2019-07-15T00:00:00,464,2019-07-15T00:00:00,464,2019-07-08T00:00:00,0,2009-04-20T00:00:00,19,pdsi_extreme_wet_in_planting
27,lasso,True,2019-07-15T00:00:00,465,2019-07-15T00:00:00,464,2019-07-15T00:00:00,464,2019-07-08T00:00:00,0,2009-04-20T00:00:00,19,pdsi_severe_drought_in_harvesting
27,lasso,True,2019-07-15T00:00:00,465,2019-07-15T00:00:00,464,2019-07-15T00:00:00,464,2019-07-08T00:00:00,0,2009-04-20T00:00:00,19,pdsi_very_wet_in_harvesting
27,lasso,True,2019-07-15T00:00:00,465,2019-07-15T00:00:00,464,2019-07-15T00:00:00,464,2019-07-08T00:00:00,0,2009-04-20T00:00:00,19,soybeans_weekly_rv
27,lasso,True,2019-07-15T00:00:00,465,2019-07-15T00:00:00,464,2019-07-15T00:00:00,464,2019-07-08T00:00:00,0,2009-04-20T00:00:00,19,spi_7d_extreme_dry_in_harvesting
27,lasso,True,2019-07-15T00:00:00,465,2019-07-15T00:00:00,464,2019-07-15T00:00:00,464,2019-07-08T00:00:00,0,2009-04-20T00:00:00,19,spi_7d_extreme_wet_in_harvesting
27,lasso,True,2019-07-15T00:00:00,465,2019-07-15T00:00:00,464,2019-07-15T00:00:00,464,2019-07-08T00:00:00,0,2009-04-20T00:00:00,19,spi_7d_very_dry_in_planting
27,lasso,True,2019-07-15T00:00:00,465,2019-07-15T00:00:00,464,2019-07-15T00:00:00,464,2019-07-08T00:00:00,0,2009-04-20T00:00:00,19,spi_7d_very_wet_in_planting
27,lasso,True,2019-07-15T00:00:00,465,2019-07-15T00:00:00,464,2019-07-15T00:00:00,464,2019-07-08T00:00:00,0,2009-04-20T00:00:00,19,ssta_elino
27,lasso,True,2019-07-15T00:00:00,465,2019-07-15T00:00:00,464,2019-07-15T00:00:00,464,2019-07-08T00:00:00,0,2009-04-20T00:00:00,19,tmax_hot_in_harvesting
27,lasso,True,2019-07-15T00:00:00,465,2019-07-15T00:00:00,464,2019-07-15T00:00:00,464,2019-07-08T00:00:00,0,2009-04-20T00:00:00,19,tmax_hot_in_planting
27,lasso,True,2019-07-15T00:00:00,465,2019-07-15T00:00:00,464,2019-07-15T00:00:00,464,2019-07-08T00:00:00,0,2009-04-20T00:00:00,19,tmax_very_hot_in_harvesting
27,lasso,True,2019-07-15T00:00:00,465,2019-07-15T00:00:00,464,2019-07-15T00:00:00,464,2019-07-08T00:00:00,0,2009-04-20T00:00:00,19,tmax_very_hot_in_planting
27,lasso,True,2019-07-15T00:00:00,465,2019-07-15T00:00:00,464,2019-07-15T00:00:00,464,2019-07-08T00:00:00,0,2009-04-20T00:00:00,19,tmin_very_cold_in_harvesting
27,lasso,True,2019-07-15T00:00:00,465,2019-07-15T00:00:00,464,2019-07-15T00:00:00,464,2019-07-08T00:00:00,0,2009-04-20T00:00:00,19,tmin_very_cold_in_planting
27,lasso,True,2019-07-15T00:00:00,465,2019-07-15T00:00:00,464,2019-07-15T00:00:00,464,2019-07-08T00:00:00,0,2009-04-20T00:00:00,19,wheat_weekly_rv
30,lasso,False,2019-09-16T00:00:00,473,2019-09-16T00:00:00,472,2019-09-16T00:00:00,472,2019-09-09T00:00:00,0,2009-04-20T00:00:00,20,DJIA_Index
30,lasso,False,2019-09-16T00:00:00,473,2019-09-16T00:00:00,472,2019-09-16T00:00:00,472,2019-09-09T00:00:00,0,2009-04-20T00:00:00,20,NAO_index
30,lasso,False,2019-09-16T00:00:00,473,2019-09-16T00:00:00,472,2019-09-16T00:00:00,472,2019-09-09T00:00:00,0,2009-04-20T00:00:00,20,Stock_Uncertainty
30,lasso,False,2019-09-16T00:00:00,473,2019-09-16T00:00:00,472,2019-09-16T00:00:00,472,2019-09-09T00:00:00,0,2009-04-20T00:00:00,20,awnd_extreme_high_wind_in_harvesting
30,lasso,False,2019-09-16T00:00:00,473,2019-09-16T00:00:00,472,2019-09-16T00:00:00,472,2019-09-09T00:00:00,0,2009-04-20T00:00:00,20,awnd_extreme_high_wind_in_planting
30,lasso,False,2019-09-16T00:00:00,473,2019-09-16T00:00:00,472,2019-09-16T00:00:00,472,2019-09-09T00:00:00,0,2009-04-20T00:00:00,20,awnd_moderate_high_wind_in_harvesting
30,lasso,False,2019-09-16T00:00:00,473,2019-09-16T00:00:00,472,2019-09-16T00:00:00,472,2019-09-09T00:00:00,0,2009-04-20T00:00:00,20,awnd_moderate_high_wind_in_planting
30,lasso,False,2019-09-16T00:00:00,473,2019-09-16T00:00:00,472,2019-09-16T00:00:00,472,2019-09-09T00:00:00,0,2009-04-20T00:00:00,20,corn_monthly_rv
30,lasso,False,2019-09-16T00:00:00,473,2019-09-16T00:00:00,472,2019-09-16T00:00:00,472,2019-09-09T00:00:00,0,2009-04-20T00:00:00,20,corn_seasonal_rv
30,lasso,False,2019-09-16T00:00:00,473,2019-09-16T00:00:00,472,2019-09-16T00:00:00,472,2019-09-09T00:00:00,0,2009-04-20T00:00:00,20,corn_weekly_jumps
30,lasso,False,2019-09-16T00:00:00,473,2019-09-16T00:00:00,472,2019-09-16T00:00:00,472,2019-09-09T00:00:00,0,2009-04-20T00:00:00,20,corn_weekly_rv
30,lasso,False,2019-09-16T00:00:00,473,2019-09-16T00:00:00,472,2019-09-16T00:00:00,472,2019-09-09T00:00:00,0,2009-04-20T00:00:00,20,corn_weekly_rvb
30,lasso,False,2019-09-16T00:00:00,473,2019-09-16T00:00:00,472,2019-09-16T00:00:00,472,2019-09-09T00:00:00,0,2009-04-20T00:00:00,20,pdsi_extreme_drought_in_harvesting
30,lasso,False,2019-09-16T00:00:00,473,2019-09-16T00:00:00,472,2019-09-16T00:00:00,472,2019-09-09T00:00:00,0,2009-04-20T00:00:00,20,pdsi_extreme_drought_in_planting
30,lasso,False,2019-09-16T00:00:00,473,2019-09-16T00:00:00,472,2019-09-16T00:00:00,472,2019-09-09T00:00:00,0,2009-04-20T00:00:00,20,pdsi_extreme_wet_in_harvesting
30,lasso,False,2019-09-16T00:00:00,473,2019-09-16T00:00:00,472,2019-09-16T00:00:00,472,2019-09-09T00:00:00,0,2009-04-20T00:00:00,20,pdsi_extreme_wet_in_planting
30,lasso,False,2019-09-16T00:00:00,473,2019-09-16T00:00:00,472,2019-09-16T00:00:00,472,2019-09-09T00:00:00,0,2009-04-20T00:00:00,20,pdsi_severe_drought_in_harvesting
30,lasso,False,2019-09-16T00:00:00,473,2019-09-16T00:00:00,472,2019-09-16T00:00:00,472,2019-09-09T00:00:00,0,2009-04-20T00:00:00,20,pdsi_very_wet_in_harvesting
30,lasso,False,2019-09-16T00:00:00,473,2019-09-16T00:00:00,472,2019-09-16T00:00:00,472,2019-09-09T00:00:00,0,2009-04-20T00:00:00,20,pdsi_very_wet_in_planting
30,lasso,False,2019-09-16T00:00:00,473,2019-09-16T00:00:00,472,2019-09-16T00:00:00,472,2019-09-09T00:00:00,0,2009-04-20T00:00:00,20,spi_7d_extreme_dry_in_harvesting
30,lasso,False,2019-09-16T00:00:00,473,2019-09-16T00:00:00,472,2019-09-16T00:00:00,472,2019-09-09T00:00:00,0,2009-04-20T00:00:00,20,spi_7d_extreme_wet_in_harvesting
30,lasso,False,2019-09-16T00:00:00,473,2019-09-16T00:00:00,472,2019-09-16T00:00:00,472,2019-09-09T00:00:00,0,2009-04-20T00:00:00,20,ssta_elino
30,lasso,False,2019-09-16T00:00:00,473,2019-09-16T00:00:00,472,2019-09-16T00:00:00,472,2019-09-09T00:00:00,0,2009-04-20T00:00:00,20,tmax_hot_in_harvesting
30,lasso,False,2019-09-16T00:00:00,473,2019-09-16T00:00:00,472,2019-09-16T00:00:00,472,2019-09-09T00:00:00,0,2009-04-20T00:00:00,20,tmax_hot_in_planting
30,lasso,False,2019-09-16T00:00:00,473,2019-09-16T00:00:00,472,2019-09-16T00:00:00,472,2019-09-09T00:00:00,0,2009-04-20T00:00:00,20,tmax_very_hot_in_harvesting
30,lasso,False,2019-09-16T00:00:00,473,2019-09-16T00:00:00,472,2019-09-16T00:00:00,472,2019-09-09T00:00:00,0,2009-04-20T00:00:00,20,tmax_very_hot_in_planting
30,lasso,False,2019-09-16T00:00:00,473,2019-09-16T00:00:00,472,2019-09-16T00:00:00,472,2019-09-09T00:00:00,0,2009-04-20T00:00:00,20,tmin_cold_in_harvesting
30,lasso,False,2019-09-16T00:00:00,473,2019-09-16T00:00:00,472,2019-09-16T00:00:00,472,2019-09-09T00:00:00,0,2009-04-20T00:00:00,20,tmin_very_cold_in_harvesting
30,lasso,False,2019-09-16T00:00:00,473,2019-09-16T00:00:00,472,2019-09-16T00:00:00,472,2019-09-09T00:00:00,0,2009-04-20T00:00:00,20,tmin_very_cold_in_planting
30,lasso,False,2019-09-16T00:00:00,473,2019-09-16T00:00:00,472,2019-09-16T00:00:00,472,2019-09-09T00:00:00,0,2009-04-20T00:00:00,20,wheat_weekly_rv
30,lasso,True,2019-11-25T00:00:00,481,2019-11-25T00:00:00,480,2019-11-25T00:00:00,480,2019-11-18T00:00:00,0,2009-04-20T00:00:00,21,DJIA_Index
30,lasso,True,2019-11-25T00:00:00,481,2019-11-25T00:00:00,480,2019-11-25T00:00:00,480,2019-11-18T00:00:00,0,2009-04-20T00:00:00,21,NAO_index
30,lasso,True,2019-11-25T00:00:00,481,2019-11-25T00:00:00,480,2019-11-25T00:00:00,480,2019-11-18T00:00:00,0,2009-04-20T00:00:00,21,Stock_Uncertainty
30,lasso,True,2019-11-25T00:00:00,481,2019-11-25T00:00:00,480,2019-11-25T00:00:00,480,2019-11-18T00:00:00,0,2009-04-20T00:00:00,21,awnd_extreme_high_wind_in_harvesting
30,lasso,True,2019-11-25T00:00:00,481,2019-11-25T00:00:00,480,2019-11-25T00:00:00,480,2019-11-18T00:00:00,0,2009-04-20T00:00:00,21,awnd_extreme_high_wind_in_planting
30,lasso,True,2019-11-25T00:00:00,481,2019-11-25T00:00:00,480,2019-11-25T00:00:00,480,2019-11-18T00:00:00,0,2009-04-20T00:00:00,21,awnd_moderate_high_wind_in_harvesting
30,lasso,True,2019-11-25T00:00:00,481,2019-11-25T00:00:00,480,2019-11-25T00:00:00,480,2019-11-18T00:00:00,0,2009-04-20T00:00:00,21,awnd_moderate_high_wind_in_planting
30,lasso,True,2019-11-25T00:00:00,481,2019-11-25T00:00:00,480,2019-11-25T00:00:00,480,2019-11-18T00:00:00,0,2009-04-20T00:00:00,21,corn_monthly_rv
30,lasso,True,2019-11-25T00:00:00,481,2019-11-25T00:00:00,480,2019-11-25T00:00:00,480,2019-11-18T00:00:00,0,2009-04-20T00:00:00,21,corn_seasonal_rv
30,lasso,True,2019-11-25T00:00:00,481,2019-11-25T00:00:00,480,2019-11-25T00:00:00,480,2019-11-18T00:00:00,0,2009-04-20T00:00:00,21,corn_weekly_jumps
30,lasso,True,2019-11-25T00:00:00,481,2019-11-25T00:00:00,480,2019-11-25T00:00:00,480,2019-11-18T00:00:00,0,2009-04-20T00:00:00,21,corn_weekly_rv
30,lasso,True,2019-11-25T00:00:00,481,2019-11-25T00:00:00,480,2019-11-25T00:00:00,480,2019-11-18T00:00:00,0,2009-04-20T00:00:00,21,corn_weekly_rvb
30,lasso,True,2019-11-25T00:00:00,481,2019-11-25T00:00:00,480,2019-11-25T00:00:00,480,2019-11-18T00:00:00,0,2009-04-20T00:00:00,21,pdsi_extreme_drought_in_harvesting
30,lasso,True,2019-11-25T00:00:00,481,2019-11-25T00:00:00,480,2019-11-25T00:00:00,480,2019-11-18T00:00:00,0,2009-04-20T00:00:00,21,pdsi_extreme_drought_in_planting
30,lasso,True,2019-11-25T00:00:00,481,2019-11-25T00:00:00,480,2019-11-25T00:00:00,480,2019-11-18T00:00:00,0,2009-04-20T00:00:00,21,pdsi_extreme_wet_in_harvesting
30,lasso,True,2019-11-25T00:00:00,481,2019-11-25T00:00:00,480,2019-11-25T00:00:00,480,2019-11-18T00:00:00,0,2009-04-20T00:00:00,21,pdsi_extreme_wet_in_planting
30,lasso,True,2019-11-25T00:00:00,481,2019-11-25T00:00:00,480,2019-11-25T00:00:00,480,2019-11-18T00:00:00,0,2009-04-20T00:00:00,21,pdsi_severe_drought_in_harvesting
30,lasso,True,2019-11-25T00:00:00,481,2019-11-25T00:00:00,480,2019-11-25T00:00:00,480,2019-11-18T00:00:00,0,2009-04-20T00:00:00,21,pdsi_very_wet_in_harvesting
30,lasso,True,2019-11-25T00:00:00,481,2019-11-25T00:00:00,480,2019-11-25T00:00:00,480,2019-11-18T00:00:00,0,2009-04-20T00:00:00,21,pdsi_very_wet_in_planting
30,lasso,True,2019-11-25T00:00:00,481,2019-11-25T00:00:00,480,2019-11-25T00:00:00,480,2019-11-18T00:00:00,0,2009-04-20T00:00:00,21,spi_7d_extreme_dry_in_harvesting
30,lasso,True,2019-11-25T00:00:00,481,2019-11-25T00:00:00,480,2019-11-25T00:00:00,480,2019-11-18T00:00:00,0,2009-04-20T00:00:00,21,spi_7d_extreme_wet_in_harvesting
30,lasso,True,2019-11-25T00:00:00,481,2019-11-25T00:00:00,480,2019-11-25T00:00:00,480,2019-11-18T00:00:00,0,2009-04-20T00:00:00,21,ssta_elino
30,lasso,True,2019-11-25T00:00:00,481,2019-11-25T00:00:00,480,2019-11-25T00:00:00,480,2019-11-18T00:00:00,0,2009-04-20T00:00:00,21,tmax_hot_in_harvesting
30,lasso,True,2019-11-25T00:00:00,481,2019-11-25T00:00:00,480,2019-11-25T00:00:00,480,2019-11-18T00:00:00,0,2009-04-20T00:00:00,21,tmax_hot_in_planting
30,lasso,True,2019-11-25T00:00:00,481,2019-11-25T00:00:00,480,2019-11-25T00:00:00,480,2019-11-18T00:00:00,0,2009-04-20T00:00:00,21,tmax_very_hot_in_harvesting
30,lasso,True,2019-11-25T00:00:00,481,2019-11-25T00:00:00,480,2019-11-25T00:00:00,480,2019-11-18T00:00:00,0,2009-04-20T00:00:00,21,tmax_very_hot_in_planting
30,lasso,True,2019-11-25T00:00:00,481,2019-11-25T00:00:00,480,2019-11-25T00:00:00,480,2019-11-18T00:00:00,0,2009-04-20T00:00:00,21,tmin_cold_in_harvesting
30,lasso,True,2019-11-25T00:00:00,481,2019-11-25T00:00:00,480,2019-11-25T00:00:00,480,2019-11-18T00:00:00,0,2009-04-20T00:00:00,21,tmin_very_cold_in_harvesting
30,lasso,True,2019-11-25T00:00:00,481,2019-11-25T00:00:00,480,2019-11-25T00:00:00,480,2019-11-18T00:00:00,0,2009-04-20T00:00:00,21,tmin_very_cold_in_planting
30,lasso,True,2019-11-25T00:00:00,481,2019-11-25T00:00:00,480,2019-11-25T00:00:00,480,2019-11-18T00:00:00,0,2009-04-20T00:00:00,21,wheat_weekly_rv
30,lasso,True,2020-01-27T00:00:00,489,2020-01-27T00:00:00,488,2020-01-27T00:00:00,488,2020-01-13T00:00:00,0,2009-04-20T00:00:00,22,DJIA_Index
30,lasso,True,2020-01-27T00:00:00,489,2020-01-27T00:00:00,488,2020-01-27T00:00:00,488,2020-01-13T00:00:00,0,2009-04-20T00:00:00,22,NAO_index
30,lasso,True,2020-01-27T00:00:00,489,2020-01-27T00:00:00,488,2020-01-27T00:00:00,488,2020-01-13T00:00:00,0,2009-04-20T00:00:00,22,Stock_Uncertainty
30,lasso,True,2020-01-27T00:00:00,489,2020-01-27T00:00:00,488,2020-01-27T00:00:00,488,2020-01-13T00:00:00,0,2009-04-20T00:00:00,22,awnd_extreme_high_wind_in_harvesting
30,lasso,True,2020-01-27T00:00:00,489,2020-01-27T00:00:00,488,2020-01-27T00:00:00,488,2020-01-13T00:00:00,0,2009-04-20T00:00:00,22,awnd_extreme_high_wind_in_planting
30,lasso,True,2020-01-27T00:00:00,489,2020-01-27T00:00:00,488,2020-01-27T00:00:00,488,2020-01-13T00:00:00,0,2009-04-20T00:00:00,22,awnd_moderate_high_wind_in_harvesting
30,lasso,True,2020-01-27T00:00:00,489,2020-01-27T00:00:00,488,2020-01-27T00:00:00,488,2020-01-13T00:00:00,0,2009-04-20T00:00:00,22,awnd_moderate_high_wind_in_planting
30,lasso,True,2020-01-27T00:00:00,489,2020-01-27T00:00:00,488,2020-01-27T00:00:00,488,2020-01-13T00:00:00,0,2009-04-20T00:00:00,22,corn_monthly_rv
30,lasso,True,2020-01-27T00:00:00,489,2020-01-27T00:00:00,488,2020-01-27T00:00:00,488,2020-01-13T00:00:00,0,2009-04-20T00:00:00,22,corn_seasonal_rv
30,lasso,True,2020-01-27T00:00:00,489,2020-01-27T00:00:00,488,2020-01-27T00:00:00,488,2020-01-13T00:00:00,0,2009-04-20T00:00:00,22,corn_weekly_jumps
30,lasso,True,2020-01-27T00:00:00,489,2020-01-27T00:00:00,488,2020-01-27T00:00:00,488,2020-01-13T00:00:00,0,2009-04-20T00:00:00,22,corn_weekly_rv
30,lasso,True,2020-01-27T00:00:00,489,2020-01-27T00:00:00,488,2020-01-27T00:00:00,488,2020-01-13T00:00:00,0,2009-04-20T00:00:00,22,corn_weekly_rvb
30,lasso,True,2020-01-27T00:00:00,489,2020-01-27T00:00:00,488,2020-01-27T00:00:00,488,2020-01-13T00:00:00,0,2009-04-20T00:00:00,22,pdsi_extreme_drought_in_harvesting
30,lasso,True,2020-01-27T00:00:00,489,2020-01-27T00:00:00,488,2020-01-27T00:00:00,488,2020-01-13T00:00:00,0,2009-04-20T00:00:00,22,pdsi_extreme_drought_in_planting
30,lasso,True,2020-01-27T00:00:00,489,2020-01-27T00:00:00,488,2020-01-27T00:00:00,488,2020-01-13T00:00:00,0,2009-04-20T00:00:00,22,pdsi_extreme_wet_in_harvesting
30,lasso,True,2020-01-27T00:00:00,489,2020-01-27T00:00:00,488,2020-01-27T00:00:00,488,2020-01-13T00:00:00,0,2009-04-20T00:00:00,22,pdsi_extreme_wet_in_planting
30,lasso,True,2020-01-27T00:00:00,489,2020-01-27T00:00:00,488,2020-01-27T00:00:00,488,2020-01-13T00:00:00,0,2009-04-20T00:00:00,22,pdsi_severe_drought_in_harvesting
30,lasso,True,2020-01-27T00:00:00,489,2020-01-27T00:00:00,488,2020-01-27T00:00:00,488,2020-01-13T00:00:00,0,2009-04-20T00:00:00,22,pdsi_very_wet_in_harvesting
30,lasso,True,2020-01-27T00:00:00,489,2020-01-27T00:00:00,488,2020-01-27T00:00:00,488,2020-01-13T00:00:00,0,2009-04-20T00:00:00,22,pdsi_very_wet_in_planting
30,lasso,True,2020-01-27T00:00:00,489,2020-01-27T00:00:00,488,2020-01-27T00:00:00,488,2020-01-13T00:00:00,0,2009-04-20T00:00:00,22,spi_7d_extreme_dry_in_harvesting
30,lasso,True,2020-01-27T00:00:00,489,2020-01-27T00:00:00,488,2020-01-27T00:00:00,488,2020-01-13T00:00:00,0,2009-04-20T00:00:00,22,spi_7d_extreme_wet_in_harvesting
30,lasso,True,2020-01-27T00:00:00,489,2020-01-27T00:00:00,488,2020-01-27T00:00:00,488,2020-01-13T00:00:00,0,2009-04-20T00:00:00,22,ssta_elino
30,lasso,True,2020-01-27T00:00:00,489,2020-01-27T00:00:00,488,2020-01-27T00:00:00,488,2020-01-13T00:00:00,0,2009-04-20T00:00:00,22,tmax_hot_in_harvesting
30,lasso,True,2020-01-27T00:00:00,489,2020-01-27T00:00:00,488,2020-01-27T00:00:00,488,2020-01-13T00:00:00,0,2009-04-20T00:00:00,22,tmax_hot_in_planting
30,lasso,True,2020-01-27T00:00:00,489,2020-01-27T00:00:00,488,2020-01-27T00:00:00,488,2020-01-13T00:00:00,0,2009-04-20T00:00:00,22,tmax_very_hot_in_harvesting
30,lasso,True,2020-01-27T00:00:00,489,2020-01-27T00:00:00,488,2020-01-27T00:00:00,488,2020-01-13T00:00:00,0,2009-04-20T00:00:00,22,tmax_very_hot_in_planting
30,lasso,True,2020-01-27T00:00:00,489,2020-01-27T00:00:00,488,2020-01-27T00:00:00,488,2020-01-13T00:00:00,0,2009-04-20T00:00:00,22,tmin_cold_in_harvesting
30,lasso,True,2020-01-27T00:00:00,489,2020-01-27T00:00:00,488,2020-01-27T00:00:00,488,2020-01-13T00:00:00,0,2009-04-20T00:00:00,22,tmin_very_cold_in_harvesting
30,lasso,True,2020-01-27T00:00:00,489,2020-01-27T00:00:00,488,2020-01-27T00:00:00,488,2020-01-13T00:00:00,0,2009-04-20T00:00:00,22,tmin_very_cold_in_planting
30,lasso,True,2020-01-27T00:00:00,489,2020-01-27T00:00:00,488,2020-01-27T00:00:00,488,2020-01-13T00:00:00,0,2009-04-20T00:00:00,22,wheat_weekly_rv
30,lasso,True,2020-03-30T00:00:00,497,2020-03-30T00:00:00,496,2020-03-30T00:00:00,496,2020-03-23T00:00:00,0,2009-04-20T00:00:00,23,DJIA_Index
30,lasso,True,2020-03-30T00:00:00,497,2020-03-30T00:00:00,496,2020-03-30T00:00:00,496,2020-03-23T00:00:00,0,2009-04-20T00:00:00,23,NAO_index
30,lasso,True,2020-03-30T00:00:00,497,2020-03-30T00:00:00,496,2020-03-30T00:00:00,496,2020-03-23T00:00:00,0,2009-04-20T00:00:00,23,Stock_Uncertainty
30,lasso,True,2020-03-30T00:00:00,497,2020-03-30T00:00:00,496,2020-03-30T00:00:00,496,2020-03-23T00:00:00,0,2009-04-20T00:00:00,23,awnd_extreme_high_wind_in_harvesting
30,lasso,True,2020-03-30T00:00:00,497,2020-03-30T00:00:00,496,2020-03-30T00:00:00,496,2020-03-23T00:00:00,0,2009-04-20T00:00:00,23,awnd_extreme_high_wind_in_planting
30,lasso,True,2020-03-30T00:00:00,497,2020-03-30T00:00:00,496,2020-03-30T00:00:00,496,2020-03-23T00:00:00,0,2009-04-20T00:00:00,23,awnd_moderate_high_wind_in_harvesting
30,lasso,True,2020-03-30T00:00:00,497,2020-03-30T00:00:00,496,2020-03-30T00:00:00,496,2020-03-23T00:00:00,0,2009-04-20T00:00:00,23,awnd_moderate_high_wind_in_planting
30,lasso,True,2020-03-30T00:00:00,497,2020-03-30T00:00:00,496,2020-03-30T00:00:00,496,2020-03-23T00:00:00,0,2009-04-20T00:00:00,23,corn_monthly_rv
30,lasso,True,2020-03-30T00:00:00,497,2020-03-30T00:00:00,496,2020-03-30T00:00:00,496,2020-03-23T00:00:00,0,2009-04-20T00:00:00,23,corn_seasonal_rv
30,lasso,True,2020-03-30T00:00:00,497,2020-03-30T00:00:00,496,2020-03-30T00:00:00,496,2020-03-23T00:00:00,0,2009-04-20T00:00:00,23,corn_weekly_jumps
30,lasso,True,2020-03-30T00:00:00,497,2020-03-30T00:00:00,496,2020-03-30T00:00:00,496,2020-03-23T00:00:00,0,2009-04-20T00:00:00,23,corn_weekly_rv
30,lasso,True,2020-03-30T00:00:00,497,2020-03-30T00:00:00,496,2020-03-30T00:00:00,496,2020-03-23T00:00:00,0,2009-04-20T00:00:00,23,corn_weekly_rvb
30,lasso,True,2020-03-30T00:00:00,497,2020-03-30T00:00:00,496,2020-03-30T00:00:00,496,2020-03-23T00:00:00,0,2009-04-20T00:00:00,23,pdsi_extreme_drought_in_harvesting
30,lasso,True,2020-03-30T00:00:00,497,2020-03-30T00:00:00,496,2020-03-30T00:00:00,496,2020-03-23T00:00:00,0,2009-04-20T00:00:00,23,pdsi_extreme_drought_in_planting
30,lasso,True,2020-03-30T00:00:00,497,2020-03-30T00:00:00,496,2020-03-30T00:00:00,496,2020-03-23T00:00:00,0,2009-04-20T00:00:00,23,pdsi_extreme_wet_in_harvesting
30,lasso,True,2020-03-30T00:00:00,497,2020-03-30T00:00:00,496,2020-03-30T00:00:00,496,2020-03-23T00:00:00,0,2009-04-20T00:00:00,23,pdsi_extreme_wet_in_planting
30,lasso,True,2020-03-30T00:00:00,497,2020-03-30T00:00:00,496,2020-03-30T00:00:00,496,2020-03-23T00:00:00,0,2009-04-20T00:00:00,23,pdsi_severe_drought_in_harvesting
30,lasso,True,2020-03-30T00:00:00,497,2020-03-30T00:00:00,496,2020-03-30T00:00:00,496,2020-03-23T00:00:00,0,2009-04-20T00:00:00,23,pdsi_very_wet_in_harvesting
30,lasso,True,2020-03-30T00:00:00,497,2020-03-30T00:00:00,496,2020-03-30T00:00:00,496,2020-03-23T00:00:00,0,2009-04-20T00:00:00,23,pdsi_very_wet_in_planting
30,lasso,True,2020-03-30T00:00:00,497,2020-03-30T00:00:00,496,2020-03-30T00:00:00,496,2020-03-23T00:00:00,0,2009-04-20T00:00:00,23,spi_7d_extreme_dry_in_harvesting
30,lasso,True,2020-03-30T00:00:00,497,2020-03-30T00:00:00,496,2020-03-30T00:00:00,496,2020-03-23T00:00:00,0,2009-04-20T00:00:00,23,spi_7d_extreme_wet_in_harvesting
30,lasso,True,2020-03-30T00:00:00,497,2020-03-30T00:00:00,496,2020-03-30T00:00:00,496,2020-03-23T00:00:00,0,2009-04-20T00:00:00,23,ssta_elino
30,lasso,True,2020-03-30T00:00:00,497,2020-03-30T00:00:00,496,2020-03-30T00:00:00,496,2020-03-23T00:00:00,0,2009-04-20T00:00:00,23,tmax_hot_in_harvesting
30,lasso,True,2020-03-30T00:00:00,497,2020-03-30T00:00:00,496,2020-03-30T00:00:00,496,2020-03-23T00:00:00,0,2009-04-20T00:00:00,23,tmax_hot_in_planting
30,lasso,True,2020-03-30T00:00:00,497,2020-03-30T00:00:00,496,2020-03-30T00:00:00,496,2020-03-23T00:00:00,0,2009-04-20T00:00:00,23,tmax_very_hot_in_harvesting
30,lasso,True,2020-03-30T00:00:00,497,2020-03-30T00:00:00,496,2020-03-30T00:00:00,496,2020-03-23T00:00:00,0,2009-04-20T00:00:00,23,tmax_very_hot_in_planting
30,lasso,True,2020-03-30T00:00:00,497,2020-03-30T00:00:00,496,2020-03-30T00:00:00,496,2020-03-23T00:00:00,0,2009-04-20T00:00:00,23,tmin_cold_in_harvesting
30,lasso,True,2020-03-30T00:00:00,497,2020-03-30T00:00:00,496,2020-03-30T00:00:00,496,2020-03-23T00:00:00,0,2009-04-20T00:00:00,23,tmin_very_cold_in_harvesting
30,lasso,True,2020-03-30T00:00:00,497,2020-03-30T00:00:00,496,2020-03-30T00:00:00,496,2020-03-23T00:00:00,0,2009-04-20T00:00:00,23,tmin_very_cold_in_planting
30,lasso,True,2020-03-30T00:00:00,497,2020-03-30T00:00:00,496,2020-03-30T00:00:00,496,2020-03-23T00:00:00,0,2009-04-20T00:00:00,23,wheat_weekly_rv
18,lasso,False,2020-06-01T00:00:00,505,2020-06-01T00:00:00,504,2020-06-01T00:00:00,504,2020-05-18T00:00:00,0,2009-04-20T00:00:00,24,DJIA_Index
18,lasso,False,2020-06-01T00:00:00,505,2020-06-01T00:00:00,504,2020-06-01T00:00:00,504,2020-05-18T00:00:00,0,2009-04-20T00:00:00,24,NAO_index
18,lasso,False,2020-06-01T00:00:00,505,2020-06-01T00:00:00,504,2020-06-01T00:00:00,504,2020-05-18T00:00:00,0,2009-04-20T00:00:00,24,awnd_moderate_high_wind_in_planting
18,lasso,False,2020-06-01T00:00:00,505,2020-06-01T00:00:00,504,2020-06-01T00:00:00,504,2020-05-18T00:00:00,0,2009-04-20T00:00:00,24,corn_monthly_rv
18,lasso,False,2020-06-01T00:00:00,505,2020-06-01T00:00:00,504,2020-06-01T00:00:00,504,2020-05-18T00:00:00,0,2009-04-20T00:00:00,24,corn_seasonal_rv
18,lasso,False,2020-06-01T00:00:00,505,2020-06-01T00:00:00,504,2020-06-01T00:00:00,504,2020-05-18T00:00:00,0,2009-04-20T00:00:00,24,corn_weekly_rv
18,lasso,False,2020-06-01T00:00:00,505,2020-06-01T00:00:00,504,2020-06-01T00:00:00,504,2020-05-18T00:00:00,0,2009-04-20T00:00:00,24,pdsi_extreme_drought_in_harvesting
18,lasso,False,2020-06-01T00:00:00,505,2020-06-01T00:00:00,504,2020-06-01T00:00:00,504,2020-05-18T00:00:00,0,2009-04-20T00:00:00,24,pdsi_extreme_drought_in_planting
18,lasso,False,2020-06-01T00:00:00,505,2020-06-01T00:00:00,504,2020-06-01T00:00:00,504,2020-05-18T00:00:00,0,2009-04-20T00:00:00,24,pdsi_extreme_wet_in_planting
18,lasso,False,2020-06-01T00:00:00,505,2020-06-01T00:00:00,504,2020-06-01T00:00:00,504,2020-05-18T00:00:00,0,2009-04-20T00:00:00,24,pdsi_severe_drought_in_harvesting
18,lasso,False,2020-06-01T00:00:00,505,2020-06-01T00:00:00,504,2020-06-01T00:00:00,504,2020-05-18T00:00:00,0,2009-04-20T00:00:00,24,pdsi_very_wet_in_harvesting
18,lasso,False,2020-06-01T00:00:00,505,2020-06-01T00:00:00,504,2020-06-01T00:00:00,504,2020-05-18T00:00:00,0,2009-04-20T00:00:00,24,pdsi_very_wet_in_planting
18,lasso,False,2020-06-01T00:00:00,505,2020-06-01T00:00:00,504,2020-06-01T00:00:00,504,2020-05-18T00:00:00,0,2009-04-20T00:00:00,24,spi_7d_extreme_wet_in_harvesting
18,lasso,False,2020-06-01T00:00:00,505,2020-06-01T00:00:00,504,2020-06-01T00:00:00,504,2020-05-18T00:00:00,0,2009-04-20T00:00:00,24,tmax_hot_in_harvesting
18,lasso,False,2020-06-01T00:00:00,505,2020-06-01T00:00:00,504,2020-06-01T00:00:00,504,2020-05-18T00:00:00,0,2009-04-20T00:00:00,24,tmax_hot_in_planting
18,lasso,False,2020-06-01T00:00:00,505,2020-06-01T00:00:00,504,2020-06-01T00:00:00,504,2020-05-18T00:00:00,0,2009-04-20T00:00:00,24,tmax_very_hot_in_planting
18,lasso,False,2020-06-01T00:00:00,505,2020-06-01T00:00:00,504,2020-06-01T00:00:00,504,2020-05-18T00:00:00,0,2009-04-20T00:00:00,24,tmin_very_cold_in_planting
18,lasso,False,2020-06-01T00:00:00,505,2020-06-01T00:00:00,504,2020-06-01T00:00:00,504,2020-05-18T00:00:00,0,2009-04-20T00:00:00,24,wheat_weekly_rv
18,lasso,True,2020-07-27T00:00:00,513,2020-07-27T00:00:00,512,2020-07-27T00:00:00,512,2020-07-20T00:00:00,0,2009-04-20T00:00:00,25,DJIA_Index
18,lasso,True,2020-07-27T00:00:00,513,2020-07-27T00:00:00,512,2020-07-27T00:00:00,512,2020-07-20T00:00:00,0,2009-04-20T00:00:00,25,NAO_index
18,lasso,True,2020-07-27T00:00:00,513,2020-07-27T00:00:00,512,2020-07-27T00:00:00,512,2020-07-20T00:00:00,0,2009-04-20T00:00:00,25,awnd_moderate_high_wind_in_planting
18,lasso,True,2020-07-27T00:00:00,513,2020-07-27T00:00:00,512,2020-07-27T00:00:00,512,2020-07-20T00:00:00,0,2009-04-20T00:00:00,25,corn_monthly_rv
18,lasso,True,2020-07-27T00:00:00,513,2020-07-27T00:00:00,512,2020-07-27T00:00:00,512,2020-07-20T00:00:00,0,2009-04-20T00:00:00,25,corn_seasonal_rv
18,lasso,True,2020-07-27T00:00:00,513,2020-07-27T00:00:00,512,2020-07-27T00:00:00,512,2020-07-20T00:00:00,0,2009-04-20T00:00:00,25,corn_weekly_rv
18,lasso,True,2020-07-27T00:00:00,513,2020-07-27T00:00:00,512,2020-07-27T00:00:00,512,2020-07-20T00:00:00,0,2009-04-20T00:00:00,25,pdsi_extreme_drought_in_harvesting
18,lasso,True,2020-07-27T00:00:00,513,2020-07-27T00:00:00,512,2020-07-27T00:00:00,512,2020-07-20T00:00:00,0,2009-04-20T00:00:00,25,pdsi_extreme_drought_in_planting
18,lasso,True,2020-07-27T00:00:00,513,2020-07-27T00:00:00,512,2020-07-27T00:00:00,512,2020-07-20T00:00:00,0,2009-04-20T00:00:00,25,pdsi_extreme_wet_in_planting
18,lasso,True,2020-07-27T00:00:00,513,2020-07-27T00:00:00,512,2020-07-27T00:00:00,512,2020-07-20T00:00:00,0,2009-04-20T00:00:00,25,pdsi_severe_drought_in_harvesting
18,lasso,True,2020-07-27T00:00:00,513,2020-07-27T00:00:00,512,2020-07-27T00:00:00,512,2020-07-20T00:00:00,0,2009-04-20T00:00:00,25,pdsi_very_wet_in_harvesting
18,lasso,True,2020-07-27T00:00:00,513,2020-07-27T00:00:00,512,2020-07-27T00:00:00,512,2020-07-20T00:00:00,0,2009-04-20T00:00:00,25,pdsi_very_wet_in_planting
18,lasso,True,2020-07-27T00:00:00,513,2020-07-27T00:00:00,512,2020-07-27T00:00:00,512,2020-07-20T00:00:00,0,2009-04-20T00:00:00,25,spi_7d_extreme_wet_in_harvesting
18,lasso,True,2020-07-27T00:00:00,513,2020-07-27T00:00:00,512,2020-07-27T00:00:00,512,2020-07-20T00:00:00,0,2009-04-20T00:00:00,25,tmax_hot_in_harvesting
18,lasso,True,2020-07-27T00:00:00,513,2020-07-27T00:00:00,512,2020-07-27T00:00:00,512,2020-07-20T00:00:00,0,2009-04-20T00:00:00,25,tmax_hot_in_planting
18,lasso,True,2020-07-27T00:00:00,513,2020-07-27T00:00:00,512,2020-07-27T00:00:00,512,2020-07-20T00:00:00,0,2009-04-20T00:00:00,25,tmax_very_hot_in_planting
18,lasso,True,2020-07-27T00:00:00,513,2020-07-27T00:00:00,512,2020-07-27T00:00:00,512,2020-07-20T00:00:00,0,2009-04-20T00:00:00,25,tmin_very_cold_in_planting
18,lasso,True,2020-07-27T00:00:00,513,2020-07-27T00:00:00,512,2020-07-27T00:00:00,512,2020-07-20T00:00:00,0,2009-04-20T00:00:00,25,wheat_weekly_rv
18,lasso,True,2020-09-28T00:00:00,521,2020-09-28T00:00:00,520,2020-09-28T00:00:00,520,2020-09-21T00:00:00,0,2009-04-20T00:00:00,26,DJIA_Index
18,lasso,True,2020-09-28T00:00:00,521,2020-09-28T00:00:00,520,2020-09-28T00:00:00,520,2020-09-21T00:00:00,0,2009-04-20T00:00:00,26,NAO_index
18,lasso,True,2020-09-28T00:00:00,521,2020-09-28T00:00:00,520,2020-09-28T00:00:00,520,2020-09-21T00:00:00,0,2009-04-20T00:00:00,26,awnd_moderate_high_wind_in_planting
18,lasso,True,2020-09-28T00:00:00,521,2020-09-28T00:00:00,520,2020-09-28T00:00:00,520,2020-09-21T00:00:00,0,2009-04-20T00:00:00,26,corn_monthly_rv
18,lasso,True,2020-09-28T00:00:00,521,2020-09-28T00:00:00,520,2020-09-28T00:00:00,520,2020-09-21T00:00:00,0,2009-04-20T00:00:00,26,corn_seasonal_rv
18,lasso,True,2020-09-28T00:00:00,521,2020-09-28T00:00:00,520,2020-09-28T00:00:00,520,2020-09-21T00:00:00,0,2009-04-20T00:00:00,26,corn_weekly_rv
18,lasso,True,2020-09-28T00:00:00,521,2020-09-28T00:00:00,520,2020-09-28T00:00:00,520,2020-09-21T00:00:00,0,2009-04-20T00:00:00,26,pdsi_extreme_drought_in_harvesting
18,lasso,True,2020-09-28T00:00:00,521,2020-09-28T00:00:00,520,2020-09-28T00:00:00,520,2020-09-21T00:00:00,0,2009-04-20T00:00:00,26,pdsi_extreme_drought_in_planting
18,lasso,True,2020-09-28T00:00:00,521,2020-09-28T00:00:00,520,2020-09-28T00:00:00,520,2020-09-21T00:00:00,0,2009-04-20T00:00:00,26,pdsi_extreme_wet_in_planting
18,lasso,True,2020-09-28T00:00:00,521,2020-09-28T00:00:00,520,2020-09-28T00:00:00,520,2020-09-21T00:00:00,0,2009-04-20T00:00:00,26,pdsi_severe_drought_in_harvesting
18,lasso,True,2020-09-28T00:00:00,521,2020-09-28T00:00:00,520,2020-09-28T00:00:00,520,2020-09-21T00:00:00,0,2009-04-20T00:00:00,26,pdsi_very_wet_in_harvesting
18,lasso,True,2020-09-28T00:00:00,521,2020-09-28T00:00:00,520,2020-09-28T00:00:00,520,2020-09-21T00:00:00,0,2009-04-20T00:00:00,26,pdsi_very_wet_in_planting
18,lasso,True,2020-09-28T00:00:00,521,2020-09-28T00:00:00,520,2020-09-28T00:00:00,520,2020-09-21T00:00:00,0,2009-04-20T00:00:00,26,spi_7d_extreme_wet_in_harvesting
18,lasso,True,2020-09-28T00:00:00,521,2020-09-28T00:00:00,520,2020-09-28T00:00:00,520,2020-09-21T00:00:00,0,2009-04-20T00:00:00,26,tmax_hot_in_harvesting
18,lasso,True,2020-09-28T00:00:00,521,2020-09-28T00:00:00,520,2020-09-28T00:00:00,520,2020-09-21T00:00:00,0,2009-04-20T00:00:00,26,tmax_hot_in_planting
18,lasso,True,2020-09-28T00:00:00,521,2020-09-28T00:00:00,520,2020-09-28T00:00:00,520,2020-09-21T00:00:00,0,2009-04-20T00:00:00,26,tmax_very_hot_in_planting
18,lasso,True,2020-09-28T00:00:00,521,2020-09-28T00:00:00,520,2020-09-28T00:00:00,520,2020-09-21T00:00:00,0,2009-04-20T00:00:00,26,tmin_very_cold_in_planting
18,lasso,True,2020-09-28T00:00:00,521,2020-09-28T00:00:00,520,2020-09-28T00:00:00,520,2020-09-21T00:00:00,0,2009-04-20T00:00:00,26,wheat_weekly_rv
18,lasso,True,2020-11-30T00:00:00,529,2020-11-30T00:00:00,528,2020-11-30T00:00:00,528,2020-11-23T00:00:00,0,2009-04-20T00:00:00,27,DJIA_Index
18,lasso,True,2020-11-30T00:00:00,529,2020-11-30T00:00:00,528,2020-11-30T00:00:00,528,2020-11-23T00:00:00,0,2009-04-20T00:00:00,27,NAO_index
18,lasso,True,2020-11-30T00:00:00,529,2020-11-30T00:00:00,528,2020-11-30T00:00:00,528,2020-11-23T00:00:00,0,2009-04-20T00:00:00,27,awnd_moderate_high_wind_in_planting
18,lasso,True,2020-11-30T00:00:00,529,2020-11-30T00:00:00,528,2020-11-30T00:00:00,528,2020-11-23T00:00:00,0,2009-04-20T00:00:00,27,corn_monthly_rv
18,lasso,True,2020-11-30T00:00:00,529,2020-11-30T00:00:00,528,2020-11-30T00:00:00,528,2020-11-23T00:00:00,0,2009-04-20T00:00:00,27,corn_seasonal_rv
18,lasso,True,2020-11-30T00:00:00,529,2020-11-30T00:00:00,528,2020-11-30T00:00:00,528,2020-11-23T00:00:00,0,2009-04-20T00:00:00,27,corn_weekly_rv
18,lasso,True,2020-11-30T00:00:00,529,2020-11-30T00:00:00,528,2020-11-30T00:00:00,528,2020-11-23T00:00:00,0,2009-04-20T00:00:00,27,pdsi_extreme_drought_in_harvesting
18,lasso,True,2020-11-30T00:00:00,529,2020-11-30T00:00:00,528,2020-11-30T00:00:00,528,2020-11-23T00:00:00,0,2009-04-20T00:00:00,27,pdsi_extreme_drought_in_planting
18,lasso,True,2020-11-30T00:00:00,529,2020-11-30T00:00:00,528,2020-11-30T00:00:00,528,2020-11-23T00:00:00,0,2009-04-20T00:00:00,27,pdsi_extreme_wet_in_planting
18,lasso,True,2020-11-30T00:00:00,529,2020-11-30T00:00:00,528,2020-11-30T00:00:00,528,2020-11-23T00:00:00,0,2009-04-20T00:00:00,27,pdsi_severe_drought_in_harvesting
18,lasso,True,2020-11-30T00:00:00,529,2020-11-30T00:00:00,528,2020-11-30T00:00:00,528,2020-11-23T00:00:00,0,2009-04-20T00:00:00,27,pdsi_very_wet_in_harvesting
18,lasso,True,2020-11-30T00:00:00,529,2020-11-30T00:00:00,528,2020-11-30T00:00:00,528,2020-11-23T00:00:00,0,2009-04-20T00:00:00,27,pdsi_very_wet_in_planting
18,lasso,True,2020-11-30T00:00:00,529,2020-11-30T00:00:00,528,2020-11-30T00:00:00,528,2020-11-23T00:00:00,0,2009-04-20T00:00:00,27,spi_7d_extreme_wet_in_harvesting
18,lasso,True,2020-11-30T00:00:00,529,2020-11-30T00:00:00,528,2020-11-30T00:00:00,528,2020-11-23T00:00:00,0,2009-04-20T00:00:00,27,tmax_hot_in_harvesting
18,lasso,True,2020-11-30T00:00:00,529,2020-11-30T00:00:00,528,2020-11-30T00:00:00,528,2020-11-23T00:00:00,0,2009-04-20T00:00:00,27,tmax_hot_in_planting
18,lasso,True,2020-11-30T00:00:00,529,2020-11-30T00:00:00,528,2020-11-30T00:00:00,528,2020-11-23T00:00:00,0,2009-04-20T00:00:00,27,tmax_very_hot_in_planting
18,lasso,True,2020-11-30T00:00:00,529,2020-11-30T00:00:00,528,2020-11-30T00:00:00,528,2020-11-23T00:00:00,0,2009-04-20T00:00:00,27,tmin_very_cold_in_planting
18,lasso,True,2020-11-30T00:00:00,529,2020-11-30T00:00:00,528,2020-11-30T00:00:00,528,2020-11-23T00:00:00,0,2009-04-20T00:00:00,27,wheat_weekly_rv
15,lasso,False,2021-02-01T00:00:00,537,2021-02-01T00:00:00,536,2021-02-01T00:00:00,536,2021-01-25T00:00:00,0,2009-04-20T00:00:00,28,DJIA_Index
15,lasso,False,2021-02-01T00:00:00,537,2021-02-01T00:00:00,536,2021-02-01T00:00:00,536,2021-01-25T00:00:00,0,2009-04-20T00:00:00,28,SOI_index
15,lasso,False,2021-02-01T00:00:00,537,2021-02-01T00:00:00,536,2021-02-01T00:00:00,536,2021-01-25T00:00:00,0,2009-04-20T00:00:00,28,awnd_moderate_high_wind_in_planting
15,lasso,False,2021-02-01T00:00:00,537,2021-02-01T00:00:00,536,2021-02-01T00:00:00,536,2021-01-25T00:00:00,0,2009-04-20T00:00:00,28,corn_monthly_rv
15,lasso,False,2021-02-01T00:00:00,537,2021-02-01T00:00:00,536,2021-02-01T00:00:00,536,2021-01-25T00:00:00,0,2009-04-20T00:00:00,28,corn_seasonal_rv
15,lasso,False,2021-02-01T00:00:00,537,2021-02-01T00:00:00,536,2021-02-01T00:00:00,536,2021-01-25T00:00:00,0,2009-04-20T00:00:00,28,corn_weekly_rv
15,lasso,False,2021-02-01T00:00:00,537,2021-02-01T00:00:00,536,2021-02-01T00:00:00,536,2021-01-25T00:00:00,0,2009-04-20T00:00:00,28,pdsi_extreme_drought_in_harvesting
15,lasso,False,2021-02-01T00:00:00,537,2021-02-01T00:00:00,536,2021-02-01T00:00:00,536,2021-01-25T00:00:00,0,2009-04-20T00:00:00,28,pdsi_extreme_drought_in_planting
15,lasso,False,2021-02-01T00:00:00,537,2021-02-01T00:00:00,536,2021-02-01T00:00:00,536,2021-01-25T00:00:00,0,2009-04-20T00:00:00,28,pdsi_severe_drought_in_harvesting
15,lasso,False,2021-02-01T00:00:00,537,2021-02-01T00:00:00,536,2021-02-01T00:00:00,536,2021-01-25T00:00:00,0,2009-04-20T00:00:00,28,pdsi_very_wet_in_harvesting
15,lasso,False,2021-02-01T00:00:00,537,2021-02-01T00:00:00,536,2021-02-01T00:00:00,536,2021-01-25T00:00:00,0,2009-04-20T00:00:00,28,pdsi_very_wet_in_planting
15,lasso,False,2021-02-01T00:00:00,537,2021-02-01T00:00:00,536,2021-02-01T00:00:00,536,2021-01-25T00:00:00,0,2009-04-20T00:00:00,28,spi_7d_extreme_wet_in_harvesting
15,lasso,False,2021-02-01T00:00:00,537,2021-02-01T00:00:00,536,2021-02-01T00:00:00,536,2021-01-25T00:00:00,0,2009-04-20T00:00:00,28,tmax_hot_in_harvesting
15,lasso,False,2021-02-01T00:00:00,537,2021-02-01T00:00:00,536,2021-02-01T00:00:00,536,2021-01-25T00:00:00,0,2009-04-20T00:00:00,28,tmax_hot_in_planting
15,lasso,False,2021-02-01T00:00:00,537,2021-02-01T00:00:00,536,2021-02-01T00:00:00,536,2021-01-25T00:00:00,0,2009-04-20T00:00:00,28,wheat_weekly_rv
15,lasso,True,2021-04-05T00:00:00,545,2021-04-05T00:00:00,544,2021-04-05T00:00:00,544,2021-03-29T00:00:00,0,2009-04-20T00:00:00,29,DJIA_Index
15,lasso,True,2021-04-05T00:00:00,545,2021-04-05T00:00:00,544,2021-04-05T00:00:00,544,2021-03-29T00:00:00,0,2009-04-20T00:00:00,29,SOI_index
15,lasso,True,2021-04-05T00:00:00,545,2021-04-05T00:00:00,544,2021-04-05T00:00:00,544,2021-03-29T00:00:00,0,2009-04-20T00:00:00,29,awnd_moderate_high_wind_in_planting
15,lasso,True,2021-04-05T00:00:00,545,2021-04-05T00:00:00,544,2021-04-05T00:00:00,544,2021-03-29T00:00:00,0,2009-04-20T00:00:00,29,corn_monthly_rv
15,lasso,True,2021-04-05T00:00:00,545,2021-04-05T00:00:00,544,2021-04-05T00:00:00,544,2021-03-29T00:00:00,0,2009-04-20T00:00:00,29,corn_seasonal_rv
15,lasso,True,2021-04-05T00:00:00,545,2021-04-05T00:00:00,544,2021-04-05T00:00:00,544,2021-03-29T00:00:00,0,2009-04-20T00:00:00,29,corn_weekly_rv
15,lasso,True,2021-04-05T00:00:00,545,2021-04-05T00:00:00,544,2021-04-05T00:00:00,544,2021-03-29T00:00:00,0,2009-04-20T00:00:00,29,pdsi_extreme_drought_in_harvesting
15,lasso,True,2021-04-05T00:00:00,545,2021-04-05T00:00:00,544,2021-04-05T00:00:00,544,2021-03-29T00:00:00,0,2009-04-20T00:00:00,29,pdsi_extreme_drought_in_planting
15,lasso,True,2021-04-05T00:00:00,545,2021-04-05T00:00:00,544,2021-04-05T00:00:00,544,2021-03-29T00:00:00,0,2009-04-20T00:00:00,29,pdsi_severe_drought_in_harvesting
15,lasso,True,2021-04-05T00:00:00,545,2021-04-05T00:00:00,544,2021-04-05T00:00:00,544,2021-03-29T00:00:00,0,2009-04-20T00:00:00,29,pdsi_very_wet_in_harvesting
15,lasso,True,2021-04-05T00:00:00,545,2021-04-05T00:00:00,544,2021-04-05T00:00:00,544,2021-03-29T00:00:00,0,2009-04-20T00:00:00,29,pdsi_very_wet_in_planting
15,lasso,True,2021-04-05T00:00:00,545,2021-04-05T00:00:00,544,2021-04-05T00:00:00,544,2021-03-29T00:00:00,0,2009-04-20T00:00:00,29,spi_7d_extreme_wet_in_harvesting
15,lasso,True,2021-04-05T00:00:00,545,2021-04-05T00:00:00,544,2021-04-05T00:00:00,544,2021-03-29T00:00:00,0,2009-04-20T00:00:00,29,tmax_hot_in_harvesting
15,lasso,True,2021-04-05T00:00:00,545,2021-04-05T00:00:00,544,2021-04-05T00:00:00,544,2021-03-29T00:00:00,0,2009-04-20T00:00:00,29,tmax_hot_in_planting
15,lasso,True,2021-04-05T00:00:00,545,2021-04-05T00:00:00,544,2021-04-05T00:00:00,544,2021-03-29T00:00:00,0,2009-04-20T00:00:00,29,wheat_weekly_rv
15,lasso,True,2021-06-07T00:00:00,553,2021-06-07T00:00:00,552,2021-06-07T00:00:00,552,2021-05-24T00:00:00,0,2009-04-20T00:00:00,30,DJIA_Index
15,lasso,True,2021-06-07T00:00:00,553,2021-06-07T00:00:00,552,2021-06-07T00:00:00,552,2021-05-24T00:00:00,0,2009-04-20T00:00:00,30,SOI_index
15,lasso,True,2021-06-07T00:00:00,553,2021-06-07T00:00:00,552,2021-06-07T00:00:00,552,2021-05-24T00:00:00,0,2009-04-20T00:00:00,30,awnd_moderate_high_wind_in_planting
15,lasso,True,2021-06-07T00:00:00,553,2021-06-07T00:00:00,552,2021-06-07T00:00:00,552,2021-05-24T00:00:00,0,2009-04-20T00:00:00,30,corn_monthly_rv
15,lasso,True,2021-06-07T00:00:00,553,2021-06-07T00:00:00,552,2021-06-07T00:00:00,552,2021-05-24T00:00:00,0,2009-04-20T00:00:00,30,corn_seasonal_rv
15,lasso,True,2021-06-07T00:00:00,553,2021-06-07T00:00:00,552,2021-06-07T00:00:00,552,2021-05-24T00:00:00,0,2009-04-20T00:00:00,30,corn_weekly_rv
15,lasso,True,2021-06-07T00:00:00,553,2021-06-07T00:00:00,552,2021-06-07T00:00:00,552,2021-05-24T00:00:00,0,2009-04-20T00:00:00,30,pdsi_extreme_drought_in_harvesting
15,lasso,True,2021-06-07T00:00:00,553,2021-06-07T00:00:00,552,2021-06-07T00:00:00,552,2021-05-24T00:00:00,0,2009-04-20T00:00:00,30,pdsi_extreme_drought_in_planting
15,lasso,True,2021-06-07T00:00:00,553,2021-06-07T00:00:00,552,2021-06-07T00:00:00,552,2021-05-24T00:00:00,0,2009-04-20T00:00:00,30,pdsi_severe_drought_in_harvesting
15,lasso,True,2021-06-07T00:00:00,553,2021-06-07T00:00:00,552,2021-06-07T00:00:00,552,2021-05-24T00:00:00,0,2009-04-20T00:00:00,30,pdsi_very_wet_in_harvesting
15,lasso,True,2021-06-07T00:00:00,553,2021-06-07T00:00:00,552,2021-06-07T00:00:00,552,2021-05-24T00:00:00,0,2009-04-20T00:00:00,30,pdsi_very_wet_in_planting
15,lasso,True,2021-06-07T00:00:00,553,2021-06-07T00:00:00,552,2021-06-07T00:00:00,552,2021-05-24T00:00:00,0,2009-04-20T00:00:00,30,spi_7d_extreme_wet_in_harvesting
15,lasso,True,2021-06-07T00:00:00,553,2021-06-07T00:00:00,552,2021-06-07T00:00:00,552,2021-05-24T00:00:00,0,2009-04-20T00:00:00,30,tmax_hot_in_harvesting
15,lasso,True,2021-06-07T00:00:00,553,2021-06-07T00:00:00,552,2021-06-07T00:00:00,552,2021-05-24T00:00:00,0,2009-04-20T00:00:00,30,tmax_hot_in_planting
15,lasso,True,2021-06-07T00:00:00,553,2021-06-07T00:00:00,552,2021-06-07T00:00:00,552,2021-05-24T00:00:00,0,2009-04-20T00:00:00,30,wheat_weekly_rv
15,lasso,True,2021-08-09T00:00:00,561,2021-08-09T00:00:00,560,2021-08-09T00:00:00,560,2021-08-02T00:00:00,0,2009-04-20T00:00:00,31,DJIA_Index
15,lasso,True,2021-08-09T00:00:00,561,2021-08-09T00:00:00,560,2021-08-09T00:00:00,560,2021-08-02T00:00:00,0,2009-04-20T00:00:00,31,SOI_index
15,lasso,True,2021-08-09T00:00:00,561,2021-08-09T00:00:00,560,2021-08-09T00:00:00,560,2021-08-02T00:00:00,0,2009-04-20T00:00:00,31,awnd_moderate_high_wind_in_planting
15,lasso,True,2021-08-09T00:00:00,561,2021-08-09T00:00:00,560,2021-08-09T00:00:00,560,2021-08-02T00:00:00,0,2009-04-20T00:00:00,31,corn_monthly_rv
15,lasso,True,2021-08-09T00:00:00,561,2021-08-09T00:00:00,560,2021-08-09T00:00:00,560,2021-08-02T00:00:00,0,2009-04-20T00:00:00,31,corn_seasonal_rv
15,lasso,True,2021-08-09T00:00:00,561,2021-08-09T00:00:00,560,2021-08-09T00:00:00,560,2021-08-02T00:00:00,0,2009-04-20T00:00:00,31,corn_weekly_rv
15,lasso,True,2021-08-09T00:00:00,561,2021-08-09T00:00:00,560,2021-08-09T00:00:00,560,2021-08-02T00:00:00,0,2009-04-20T00:00:00,31,pdsi_extreme_drought_in_harvesting
15,lasso,True,2021-08-09T00:00:00,561,2021-08-09T00:00:00,560,2021-08-09T00:00:00,560,2021-08-02T00:00:00,0,2009-04-20T00:00:00,31,pdsi_extreme_drought_in_planting
15,lasso,True,2021-08-09T00:00:00,561,2021-08-09T00:00:00,560,2021-08-09T00:00:00,560,2021-08-02T00:00:00,0,2009-04-20T00:00:00,31,pdsi_severe_drought_in_harvesting
15,lasso,True,2021-08-09T00:00:00,561,2021-08-09T00:00:00,560,2021-08-09T00:00:00,560,2021-08-02T00:00:00,0,2009-04-20T00:00:00,31,pdsi_very_wet_in_harvesting
15,lasso,True,2021-08-09T00:00:00,561,2021-08-09T00:00:00,560,2021-08-09T00:00:00,560,2021-08-02T00:00:00,0,2009-04-20T00:00:00,31,pdsi_very_wet_in_planting
15,lasso,True,2021-08-09T00:00:00,561,2021-08-09T00:00:00,560,2021-08-09T00:00:00,560,2021-08-02T00:00:00,0,2009-04-20T00:00:00,31,spi_7d_extreme_wet_in_harvesting
15,lasso,True,2021-08-09T00:00:00,561,2021-08-09T00:00:00,560,2021-08-09T00:00:00,560,2021-08-02T00:00:00,0,2009-04-20T00:00:00,31,tmax_hot_in_harvesting
15,lasso,True,2021-08-09T00:00:00,561,2021-08-09T00:00:00,560,2021-08-09T00:00:00,560,2021-08-02T00:00:00,0,2009-04-20T00:00:00,31,tmax_hot_in_planting
15,lasso,True,2021-08-09T00:00:00,561,2021-08-09T00:00:00,560,2021-08-09T00:00:00,560,2021-08-02T00:00:00,0,2009-04-20T00:00:00,31,wheat_weekly_rv
17,lasso,False,2021-10-18T00:00:00,569,2021-10-18T00:00:00,568,2021-10-18T00:00:00,568,2021-10-04T00:00:00,0,2009-04-20T00:00:00,32,Broad_Dollar_index
17,lasso,False,2021-10-18T00:00:00,569,2021-10-18T00:00:00,568,2021-10-18T00:00:00,568,2021-10-04T00:00:00,0,2009-04-20T00:00:00,32,DJIA_Index
17,lasso,False,2021-10-18T00:00:00,569,2021-10-18T00:00:00,568,2021-10-18T00:00:00,568,2021-10-04T00:00:00,0,2009-04-20T00:00:00,32,NAO_index
17,lasso,False,2021-10-18T00:00:00,569,2021-10-18T00:00:00,568,2021-10-18T00:00:00,568,2021-10-04T00:00:00,0,2009-04-20T00:00:00,32,awnd_moderate_high_wind_in_planting
17,lasso,False,2021-10-18T00:00:00,569,2021-10-18T00:00:00,568,2021-10-18T00:00:00,568,2021-10-04T00:00:00,0,2009-04-20T00:00:00,32,corn_monthly_rv
17,lasso,False,2021-10-18T00:00:00,569,2021-10-18T00:00:00,568,2021-10-18T00:00:00,568,2021-10-04T00:00:00,0,2009-04-20T00:00:00,32,corn_seasonal_rv
17,lasso,False,2021-10-18T00:00:00,569,2021-10-18T00:00:00,568,2021-10-18T00:00:00,568,2021-10-04T00:00:00,0,2009-04-20T00:00:00,32,corn_weekly_rv
17,lasso,False,2021-10-18T00:00:00,569,2021-10-18T00:00:00,568,2021-10-18T00:00:00,568,2021-10-04T00:00:00,0,2009-04-20T00:00:00,32,pdsi_extreme_drought_in_planting
17,lasso,False,2021-10-18T00:00:00,569,2021-10-18T00:00:00,568,2021-10-18T00:00:00,568,2021-10-04T00:00:00,0,2009-04-20T00:00:00,32,pdsi_extreme_wet_in_harvesting
17,lasso,False,2021-10-18T00:00:00,569,2021-10-18T00:00:00,568,2021-10-18T00:00:00,568,2021-10-04T00:00:00,0,2009-04-20T00:00:00,32,pdsi_very_wet_in_harvesting
17,lasso,False,2021-10-18T00:00:00,569,2021-10-18T00:00:00,568,2021-10-18T00:00:00,568,2021-10-04T00:00:00,0,2009-04-20T00:00:00,32,pdsi_very_wet_in_planting
17,lasso,False,2021-10-18T00:00:00,569,2021-10-18T00:00:00,568,2021-10-18T00:00:00,568,2021-10-04T00:00:00,0,2009-04-20T00:00:00,32,spi_7d_extreme_wet_in_harvesting
17,lasso,False,2021-10-18T00:00:00,569,2021-10-18T00:00:00,568,2021-10-18T00:00:00,568,2021-10-04T00:00:00,0,2009-04-20T00:00:00,32,spi_7d_very_dry_in_planting
17,lasso,False,2021-10-18T00:00:00,569,2021-10-18T00:00:00,568,2021-10-18T00:00:00,568,2021-10-04T00:00:00,0,2009-04-20T00:00:00,32,ssta_lanina
17,lasso,False,2021-10-18T00:00:00,569,2021-10-18T00:00:00,568,2021-10-18T00:00:00,568,2021-10-04T00:00:00,0,2009-04-20T00:00:00,32,tmax_hot_in_harvesting
17,lasso,False,2021-10-18T00:00:00,569,2021-10-18T00:00:00,568,2021-10-18T00:00:00,568,2021-10-04T00:00:00,0,2009-04-20T00:00:00,32,tmax_hot_in_planting
17,lasso,False,2021-10-18T00:00:00,569,2021-10-18T00:00:00,568,2021-10-18T00:00:00,568,2021-10-04T00:00:00,0,2009-04-20T00:00:00,32,wheat_weekly_rv
17,lasso,True,2021-12-13T00:00:00,577,2021-12-13T00:00:00,576,2021-12-13T00:00:00,576,2021-12-06T00:00:00,0,2009-04-20T00:00:00,33,Broad_Dollar_index
17,lasso,True,2021-12-13T00:00:00,577,2021-12-13T00:00:00,576,2021-12-13T00:00:00,576,2021-12-06T00:00:00,0,2009-04-20T00:00:00,33,DJIA_Index
17,lasso,True,2021-12-13T00:00:00,577,2021-12-13T00:00:00,576,2021-12-13T00:00:00,576,2021-12-06T00:00:00,0,2009-04-20T00:00:00,33,NAO_index
17,lasso,True,2021-12-13T00:00:00,577,2021-12-13T00:00:00,576,2021-12-13T00:00:00,576,2021-12-06T00:00:00,0,2009-04-20T00:00:00,33,awnd_moderate_high_wind_in_planting
17,lasso,True,2021-12-13T00:00:00,577,2021-12-13T00:00:00,576,2021-12-13T00:00:00,576,2021-12-06T00:00:00,0,2009-04-20T00:00:00,33,corn_monthly_rv
17,lasso,True,2021-12-13T00:00:00,577,2021-12-13T00:00:00,576,2021-12-13T00:00:00,576,2021-12-06T00:00:00,0,2009-04-20T00:00:00,33,corn_seasonal_rv
17,lasso,True,2021-12-13T00:00:00,577,2021-12-13T00:00:00,576,2021-12-13T00:00:00,576,2021-12-06T00:00:00,0,2009-04-20T00:00:00,33,corn_weekly_rv
17,lasso,True,2021-12-13T00:00:00,577,2021-12-13T00:00:00,576,2021-12-13T00:00:00,576,2021-12-06T00:00:00,0,2009-04-20T00:00:00,33,pdsi_extreme_drought_in_planting
17,lasso,True,2021-12-13T00:00:00,577,2021-12-13T00:00:00,576,2021-12-13T00:00:00,576,2021-12-06T00:00:00,0,2009-04-20T00:00:00,33,pdsi_extreme_wet_in_harvesting
17,lasso,True,2021-12-13T00:00:00,577,2021-12-13T00:00:00,576,2021-12-13T00:00:00,576,2021-12-06T00:00:00,0,2009-04-20T00:00:00,33,pdsi_very_wet_in_harvesting
17,lasso,True,2021-12-13T00:00:00,577,2021-12-13T00:00:00,576,2021-12-13T00:00:00,576,2021-12-06T00:00:00,0,2009-04-20T00:00:00,33,pdsi_very_wet_in_planting
17,lasso,True,2021-12-13T00:00:00,577,2021-12-13T00:00:00,576,2021-12-13T00:00:00,576,2021-12-06T00:00:00,0,2009-04-20T00:00:00,33,spi_7d_extreme_wet_in_harvesting
17,lasso,True,2021-12-13T00:00:00,577,2021-12-13T00:00:00,576,2021-12-13T00:00:00,576,2021-12-06T00:00:00,0,2009-04-20T00:00:00,33,spi_7d_very_dry_in_planting
17,lasso,True,2021-12-13T00:00:00,577,2021-12-13T00:00:00,576,2021-12-13T00:00:00,576,2021-12-06T00:00:00,0,2009-04-20T00:00:00,33,ssta_lanina
17,lasso,True,2021-12-13T00:00:00,577,2021-12-13T00:00:00,576,2021-12-13T00:00:00,576,2021-12-06T00:00:00,0,2009-04-20T00:00:00,33,tmax_hot_in_harvesting
17,lasso,True,2021-12-13T00:00:00,577,2021-12-13T00:00:00,576,2021-12-13T00:00:00,576,2021-12-06T00:00:00,0,2009-04-20T00:00:00,33,tmax_hot_in_planting
17,lasso,True,2021-12-13T00:00:00,577,2021-12-13T00:00:00,576,2021-12-13T00:00:00,576,2021-12-06T00:00:00,0,2009-04-20T00:00:00,33,wheat_weekly_rv
17,lasso,True,2022-02-14T00:00:00,585,2022-02-14T00:00:00,584,2022-02-14T00:00:00,584,2022-02-07T00:00:00,0,2009-04-20T00:00:00,34,Broad_Dollar_index
17,lasso,True,2022-02-14T00:00:00,585,2022-02-14T00:00:00,584,2022-02-14T00:00:00,584,2022-02-07T00:00:00,0,2009-04-20T00:00:00,34,DJIA_Index
17,lasso,True,2022-02-14T00:00:00,585,2022-02-14T00:00:00,584,2022-02-14T00:00:00,584,2022-02-07T00:00:00,0,2009-04-20T00:00:00,34,NAO_index
17,lasso,True,2022-02-14T00:00:00,585,2022-02-14T00:00:00,584,2022-02-14T00:00:00,584,2022-02-07T00:00:00,0,2009-04-20T00:00:00,34,awnd_moderate_high_wind_in_planting
17,lasso,True,2022-02-14T00:00:00,585,2022-02-14T00:00:00,584,2022-02-14T00:00:00,584,2022-02-07T00:00:00,0,2009-04-20T00:00:00,34,corn_monthly_rv
17,lasso,True,2022-02-14T00:00:00,585,2022-02-14T00:00:00,584,2022-02-14T00:00:00,584,2022-02-07T00:00:00,0,2009-04-20T00:00:00,34,corn_seasonal_rv
17,lasso,True,2022-02-14T00:00:00,585,2022-02-14T00:00:00,584,2022-02-14T00:00:00,584,2022-02-07T00:00:00,0,2009-04-20T00:00:00,34,corn_weekly_rv
17,lasso,True,2022-02-14T00:00:00,585,2022-02-14T00:00:00,584,2022-02-14T00:00:00,584,2022-02-07T00:00:00,0,2009-04-20T00:00:00,34,pdsi_extreme_drought_in_planting
17,lasso,True,2022-02-14T00:00:00,585,2022-02-14T00:00:00,584,2022-02-14T00:00:00,584,2022-02-07T00:00:00,0,2009-04-20T00:00:00,34,pdsi_extreme_wet_in_harvesting
17,lasso,True,2022-02-14T00:00:00,585,2022-02-14T00:00:00,584,2022-02-14T00:00:00,584,2022-02-07T00:00:00,0,2009-04-20T00:00:00,34,pdsi_very_wet_in_harvesting
17,lasso,True,2022-02-14T00:00:00,585,2022-02-14T00:00:00,584,2022-02-14T00:00:00,584,2022-02-07T00:00:00,0,2009-04-20T00:00:00,34,pdsi_very_wet_in_planting
17,lasso,True,2022-02-14T00:00:00,585,2022-02-14T00:00:00,584,2022-02-14T00:00:00,584,2022-02-07T00:00:00,0,2009-04-20T00:00:00,34,spi_7d_extreme_wet_in_harvesting
17,lasso,True,2022-02-14T00:00:00,585,2022-02-14T00:00:00,584,2022-02-14T00:00:00,584,2022-02-07T00:00:00,0,2009-04-20T00:00:00,34,spi_7d_very_dry_in_planting
17,lasso,True,2022-02-14T00:00:00,585,2022-02-14T00:00:00,584,2022-02-14T00:00:00,584,2022-02-07T00:00:00,0,2009-04-20T00:00:00,34,ssta_lanina
17,lasso,True,2022-02-14T00:00:00,585,2022-02-14T00:00:00,584,2022-02-14T00:00:00,584,2022-02-07T00:00:00,0,2009-04-20T00:00:00,34,tmax_hot_in_harvesting
17,lasso,True,2022-02-14T00:00:00,585,2022-02-14T00:00:00,584,2022-02-14T00:00:00,584,2022-02-07T00:00:00,0,2009-04-20T00:00:00,34,tmax_hot_in_planting
17,lasso,True,2022-02-14T00:00:00,585,2022-02-14T00:00:00,584,2022-02-14T00:00:00,584,2022-02-07T00:00:00,0,2009-04-20T00:00:00,34,wheat_weekly_rv
17,lasso,True,2022-04-18T00:00:00,593,2022-04-18T00:00:00,592,2022-04-18T00:00:00,592,2022-04-11T00:00:00,0,2009-04-20T00:00:00,35,Broad_Dollar_index
17,lasso,True,2022-04-18T00:00:00,593,2022-04-18T00:00:00,592,2022-04-18T00:00:00,592,2022-04-11T00:00:00,0,2009-04-20T00:00:00,35,DJIA_Index
17,lasso,True,2022-04-18T00:00:00,593,2022-04-18T00:00:00,592,2022-04-18T00:00:00,592,2022-04-11T00:00:00,0,2009-04-20T00:00:00,35,NAO_index
17,lasso,True,2022-04-18T00:00:00,593,2022-04-18T00:00:00,592,2022-04-18T00:00:00,592,2022-04-11T00:00:00,0,2009-04-20T00:00:00,35,awnd_moderate_high_wind_in_planting
17,lasso,True,2022-04-18T00:00:00,593,2022-04-18T00:00:00,592,2022-04-18T00:00:00,592,2022-04-11T00:00:00,0,2009-04-20T00:00:00,35,corn_monthly_rv
17,lasso,True,2022-04-18T00:00:00,593,2022-04-18T00:00:00,592,2022-04-18T00:00:00,592,2022-04-11T00:00:00,0,2009-04-20T00:00:00,35,corn_seasonal_rv
17,lasso,True,2022-04-18T00:00:00,593,2022-04-18T00:00:00,592,2022-04-18T00:00:00,592,2022-04-11T00:00:00,0,2009-04-20T00:00:00,35,corn_weekly_rv
17,lasso,True,2022-04-18T00:00:00,593,2022-04-18T00:00:00,592,2022-04-18T00:00:00,592,2022-04-11T00:00:00,0,2009-04-20T00:00:00,35,pdsi_extreme_drought_in_planting
17,lasso,True,2022-04-18T00:00:00,593,2022-04-18T00:00:00,592,2022-04-18T00:00:00,592,2022-04-11T00:00:00,0,2009-04-20T00:00:00,35,pdsi_extreme_wet_in_harvesting
17,lasso,True,2022-04-18T00:00:00,593,2022-04-18T00:00:00,592,2022-04-18T00:00:00,592,2022-04-11T00:00:00,0,2009-04-20T00:00:00,35,pdsi_very_wet_in_harvesting
17,lasso,True,2022-04-18T00:00:00,593,2022-04-18T00:00:00,592,2022-04-18T00:00:00,592,2022-04-11T00:00:00,0,2009-04-20T00:00:00,35,pdsi_very_wet_in_planting
17,lasso,True,2022-04-18T00:00:00,593,2022-04-18T00:00:00,592,2022-04-18T00:00:00,592,2022-04-11T00:00:00,0,2009-04-20T00:00:00,35,spi_7d_extreme_wet_in_harvesting
17,lasso,True,2022-04-18T00:00:00,593,2022-04-18T00:00:00,592,2022-04-18T00:00:00,592,2022-04-11T00:00:00,0,2009-04-20T00:00:00,35,spi_7d_very_dry_in_planting
17,lasso,True,2022-04-18T00:00:00,593,2022-04-18T00:00:00,592,2022-04-18T00:00:00,592,2022-04-11T00:00:00,0,2009-04-20T00:00:00,35,ssta_lanina
17,lasso,True,2022-04-18T00:00:00,593,2022-04-18T00:00:00,592,2022-04-18T00:00:00,592,2022-04-11T00:00:00,0,2009-04-20T00:00:00,35,tmax_hot_in_harvesting
17,lasso,True,2022-04-18T00:00:00,593,2022-04-18T00:00:00,592,2022-04-18T00:00:00,592,2022-04-11T00:00:00,0,2009-04-20T00:00:00,35,tmax_hot_in_planting
17,lasso,True,2022-04-18T00:00:00,593,2022-04-18T00:00:00,592,2022-04-18T00:00:00,592,2022-04-11T00:00:00,0,2009-04-20T00:00:00,35,wheat_weekly_rv
15,lasso,False,2022-06-27T00:00:00,601,2022-06-27T00:00:00,600,2022-06-27T00:00:00,600,2022-06-13T00:00:00,0,2009-04-20T00:00:00,36,Broad_Dollar_index
15,lasso,False,2022-06-27T00:00:00,601,2022-06-27T00:00:00,600,2022-06-27T00:00:00,600,2022-06-13T00:00:00,0,2009-04-20T00:00:00,36,SOI_index
15,lasso,False,2022-06-27T00:00:00,601,2022-06-27T00:00:00,600,2022-06-27T00:00:00,600,2022-06-13T00:00:00,0,2009-04-20T00:00:00,36,awnd_moderate_high_wind_in_planting
15,lasso,False,2022-06-27T00:00:00,601,2022-06-27T00:00:00,600,2022-06-27T00:00:00,600,2022-06-13T00:00:00,0,2009-04-20T00:00:00,36,corn_monthly_rv
15,lasso,False,2022-06-27T00:00:00,601,2022-06-27T00:00:00,600,2022-06-27T00:00:00,600,2022-06-13T00:00:00,0,2009-04-20T00:00:00,36,corn_seasonal_rv
15,lasso,False,2022-06-27T00:00:00,601,2022-06-27T00:00:00,600,2022-06-27T00:00:00,600,2022-06-13T00:00:00,0,2009-04-20T00:00:00,36,corn_weekly_rv
15,lasso,False,2022-06-27T00:00:00,601,2022-06-27T00:00:00,600,2022-06-27T00:00:00,600,2022-06-13T00:00:00,0,2009-04-20T00:00:00,36,pdsi_extreme_drought_in_planting
15,lasso,False,2022-06-27T00:00:00,601,2022-06-27T00:00:00,600,2022-06-27T00:00:00,600,2022-06-13T00:00:00,0,2009-04-20T00:00:00,36,pdsi_extreme_wet_in_harvesting
15,lasso,False,2022-06-27T00:00:00,601,2022-06-27T00:00:00,600,2022-06-27T00:00:00,600,2022-06-13T00:00:00,0,2009-04-20T00:00:00,36,pdsi_very_wet_in_harvesting
15,lasso,False,2022-06-27T00:00:00,601,2022-06-27T00:00:00,600,2022-06-27T00:00:00,600,2022-06-13T00:00:00,0,2009-04-20T00:00:00,36,pdsi_very_wet_in_planting
15,lasso,False,2022-06-27T00:00:00,601,2022-06-27T00:00:00,600,2022-06-27T00:00:00,600,2022-06-13T00:00:00,0,2009-04-20T00:00:00,36,spi_7d_extreme_wet_in_harvesting
15,lasso,False,2022-06-27T00:00:00,601,2022-06-27T00:00:00,600,2022-06-27T00:00:00,600,2022-06-13T00:00:00,0,2009-04-20T00:00:00,36,ssta_lanina
15,lasso,False,2022-06-27T00:00:00,601,2022-06-27T00:00:00,600,2022-06-27T00:00:00,600,2022-06-13T00:00:00,0,2009-04-20T00:00:00,36,tmax_hot_in_harvesting
15,lasso,False,2022-06-27T00:00:00,601,2022-06-27T00:00:00,600,2022-06-27T00:00:00,600,2022-06-13T00:00:00,0,2009-04-20T00:00:00,36,tmax_hot_in_planting
15,lasso,False,2022-06-27T00:00:00,601,2022-06-27T00:00:00,600,2022-06-27T00:00:00,600,2022-06-13T00:00:00,0,2009-04-20T00:00:00,36,wheat_weekly_rv
15,lasso,True,2022-08-29T00:00:00,609,2022-08-29T00:00:00,608,2022-08-29T00:00:00,608,2022-08-22T00:00:00,0,2009-04-20T00:00:00,37,Broad_Dollar_index
15,lasso,True,2022-08-29T00:00:00,609,2022-08-29T00:00:00,608,2022-08-29T00:00:00,608,2022-08-22T00:00:00,0,2009-04-20T00:00:00,37,SOI_index
15,lasso,True,2022-08-29T00:00:00,609,2022-08-29T00:00:00,608,2022-08-29T00:00:00,608,2022-08-22T00:00:00,0,2009-04-20T00:00:00,37,awnd_moderate_high_wind_in_planting
15,lasso,True,2022-08-29T00:00:00,609,2022-08-29T00:00:00,608,2022-08-29T00:00:00,608,2022-08-22T00:00:00,0,2009-04-20T00:00:00,37,corn_monthly_rv
15,lasso,True,2022-08-29T00:00:00,609,2022-08-29T00:00:00,608,2022-08-29T00:00:00,608,2022-08-22T00:00:00,0,2009-04-20T00:00:00,37,corn_seasonal_rv
15,lasso,True,2022-08-29T00:00:00,609,2022-08-29T00:00:00,608,2022-08-29T00:00:00,608,2022-08-22T00:00:00,0,2009-04-20T00:00:00,37,corn_weekly_rv
15,lasso,True,2022-08-29T00:00:00,609,2022-08-29T00:00:00,608,2022-08-29T00:00:00,608,2022-08-22T00:00:00,0,2009-04-20T00:00:00,37,pdsi_extreme_drought_in_planting
15,lasso,True,2022-08-29T00:00:00,609,2022-08-29T00:00:00,608,2022-08-29T00:00:00,608,2022-08-22T00:00:00,0,2009-04-20T00:00:00,37,pdsi_extreme_wet_in_harvesting
15,lasso,True,2022-08-29T00:00:00,609,2022-08-29T00:00:00,608,2022-08-29T00:00:00,608,2022-08-22T00:00:00,0,2009-04-20T00:00:00,37,pdsi_very_wet_in_harvesting
15,lasso,True,2022-08-29T00:00:00,609,2022-08-29T00:00:00,608,2022-08-29T00:00:00,608,2022-08-22T00:00:00,0,2009-04-20T00:00:00,37,pdsi_very_wet_in_planting
15,lasso,True,2022-08-29T00:00:00,609,2022-08-29T00:00:00,608,2022-08-29T00:00:00,608,2022-08-22T00:00:00,0,2009-04-20T00:00:00,37,spi_7d_extreme_wet_in_harvesting
15,lasso,True,2022-08-29T00:00:00,609,2022-08-29T00:00:00,608,2022-08-29T00:00:00,608,2022-08-22T00:00:00,0,2009-04-20T00:00:00,37,ssta_lanina
15,lasso,True,2022-08-29T00:00:00,609,2022-08-29T00:00:00,608,2022-08-29T00:00:00,608,2022-08-22T00:00:00,0,2009-04-20T00:00:00,37,tmax_hot_in_harvesting
15,lasso,True,2022-08-29T00:00:00,609,2022-08-29T00:00:00,608,2022-08-29T00:00:00,608,2022-08-22T00:00:00,0,2009-04-20T00:00:00,37,tmax_hot_in_planting
15,lasso,True,2022-08-29T00:00:00,609,2022-08-29T00:00:00,608,2022-08-29T00:00:00,608,2022-08-22T00:00:00,0,2009-04-20T00:00:00,37,wheat_weekly_rv
15,lasso,True,2022-11-07T00:00:00,617,2022-11-07T00:00:00,616,2022-11-07T00:00:00,616,2022-10-31T00:00:00,0,2009-04-20T00:00:00,38,Broad_Dollar_index
15,lasso,True,2022-11-07T00:00:00,617,2022-11-07T00:00:00,616,2022-11-07T00:00:00,616,2022-10-31T00:00:00,0,2009-04-20T00:00:00,38,SOI_index
15,lasso,True,2022-11-07T00:00:00,617,2022-11-07T00:00:00,616,2022-11-07T00:00:00,616,2022-10-31T00:00:00,0,2009-04-20T00:00:00,38,awnd_moderate_high_wind_in_planting
15,lasso,True,2022-11-07T00:00:00,617,2022-11-07T00:00:00,616,2022-11-07T00:00:00,616,2022-10-31T00:00:00,0,2009-04-20T00:00:00,38,corn_monthly_rv
15,lasso,True,2022-11-07T00:00:00,617,2022-11-07T00:00:00,616,2022-11-07T00:00:00,616,2022-10-31T00:00:00,0,2009-04-20T00:00:00,38,corn_seasonal_rv
15,lasso,True,2022-11-07T00:00:00,617,2022-11-07T00:00:00,616,2022-11-07T00:00:00,616,2022-10-31T00:00:00,0,2009-04-20T00:00:00,38,corn_weekly_rv
15,lasso,True,2022-11-07T00:00:00,617,2022-11-07T00:00:00,616,2022-11-07T00:00:00,616,2022-10-31T00:00:00,0,2009-04-20T00:00:00,38,pdsi_extreme_drought_in_planting
15,lasso,True,2022-11-07T00:00:00,617,2022-11-07T00:00:00,616,2022-11-07T00:00:00,616,2022-10-31T00:00:00,0,2009-04-20T00:00:00,38,pdsi_extreme_wet_in_harvesting
15,lasso,True,2022-11-07T00:00:00,617,2022-11-07T00:00:00,616,2022-11-07T00:00:00,616,2022-10-31T00:00:00,0,2009-04-20T00:00:00,38,pdsi_very_wet_in_harvesting
15,lasso,True,2022-11-07T00:00:00,617,2022-11-07T00:00:00,616,2022-11-07T00:00:00,616,2022-10-31T00:00:00,0,2009-04-20T00:00:00,38,pdsi_very_wet_in_planting
15,lasso,True,2022-11-07T00:00:00,617,2022-11-07T00:00:00,616,2022-11-07T00:00:00,616,2022-10-31T00:00:00,0,2009-04-20T00:00:00,38,spi_7d_extreme_wet_in_harvesting
15,lasso,True,2022-11-07T00:00:00,617,2022-11-07T00:00:00,616,2022-11-07T00:00:00,616,2022-10-31T00:00:00,0,2009-04-20T00:00:00,38,ssta_lanina
15,lasso,True,2022-11-07T00:00:00,617,2022-11-07T00:00:00,616,2022-11-07T00:00:00,616,2022-10-31T00:00:00,0,2009-04-20T00:00:00,38,tmax_hot_in_harvesting
15,lasso,True,2022-11-07T00:00:00,617,2022-11-07T00:00:00,616,2022-11-07T00:00:00,616,2022-10-31T00:00:00,0,2009-04-20T00:00:00,38,tmax_hot_in_planting
15,lasso,True,2022-11-07T00:00:00,617,2022-11-07T00:00:00,616,2022-11-07T00:00:00,616,2022-10-31T00:00:00,0,2009-04-20T00:00:00,38,wheat_weekly_rv
15,lasso,True,2023-01-23T00:00:00,625,2023-01-23T00:00:00,624,2023-01-23T00:00:00,624,2023-01-09T00:00:00,0,2009-04-20T00:00:00,39,Broad_Dollar_index
15,lasso,True,2023-01-23T00:00:00,625,2023-01-23T00:00:00,624,2023-01-23T00:00:00,624,2023-01-09T00:00:00,0,2009-04-20T00:00:00,39,SOI_index
15,lasso,True,2023-01-23T00:00:00,625,2023-01-23T00:00:00,624,2023-01-23T00:00:00,624,2023-01-09T00:00:00,0,2009-04-20T00:00:00,39,awnd_moderate_high_wind_in_planting
15,lasso,True,2023-01-23T00:00:00,625,2023-01-23T00:00:00,624,2023-01-23T00:00:00,624,2023-01-09T00:00:00,0,2009-04-20T00:00:00,39,corn_monthly_rv
15,lasso,True,2023-01-23T00:00:00,625,2023-01-23T00:00:00,624,2023-01-23T00:00:00,624,2023-01-09T00:00:00,0,2009-04-20T00:00:00,39,corn_seasonal_rv
15,lasso,True,2023-01-23T00:00:00,625,2023-01-23T00:00:00,624,2023-01-23T00:00:00,624,2023-01-09T00:00:00,0,2009-04-20T00:00:00,39,corn_weekly_rv
15,lasso,True,2023-01-23T00:00:00,625,2023-01-23T00:00:00,624,2023-01-23T00:00:00,624,2023-01-09T00:00:00,0,2009-04-20T00:00:00,39,pdsi_extreme_drought_in_planting
15,lasso,True,2023-01-23T00:00:00,625,2023-01-23T00:00:00,624,2023-01-23T00:00:00,624,2023-01-09T00:00:00,0,2009-04-20T00:00:00,39,pdsi_extreme_wet_in_harvesting
15,lasso,True,2023-01-23T00:00:00,625,2023-01-23T00:00:00,624,2023-01-23T00:00:00,624,2023-01-09T00:00:00,0,2009-04-20T00:00:00,39,pdsi_very_wet_in_harvesting
15,lasso,True,2023-01-23T00:00:00,625,2023-01-23T00:00:00,624,2023-01-23T00:00:00,624,2023-01-09T00:00:00,0,2009-04-20T00:00:00,39,pdsi_very_wet_in_planting
15,lasso,True,2023-01-23T00:00:00,625,2023-01-23T00:00:00,624,2023-01-23T00:00:00,624,2023-01-09T00:00:00,0,2009-04-20T00:00:00,39,spi_7d_extreme_wet_in_harvesting
15,lasso,True,2023-01-23T00:00:00,625,2023-01-23T00:00:00,624,2023-01-23T00:00:00,624,2023-01-09T00:00:00,0,2009-04-20T00:00:00,39,ssta_lanina
15,lasso,True,2023-01-23T00:00:00,625,2023-01-23T00:00:00,624,2023-01-23T00:00:00,624,2023-01-09T00:00:00,0,2009-04-20T00:00:00,39,tmax_hot_in_harvesting
15,lasso,True,2023-01-23T00:00:00,625,2023-01-23T00:00:00,624,2023-01-23T00:00:00,624,2023-01-09T00:00:00,0,2009-04-20T00:00:00,39,tmax_hot_in_planting
15,lasso,True,2023-01-23T00:00:00,625,2023-01-23T00:00:00,624,2023-01-23T00:00:00,624,2023-01-09T00:00:00,0,2009-04-20T00:00:00,39,wheat_weekly_rv
21,lasso,False,2023-03-27T00:00:00,633,2023-03-27T00:00:00,632,2023-03-27T00:00:00,632,2023-03-20T00:00:00,0,2009-04-20T00:00:00,40,Broad_Dollar_index
21,lasso,False,2023-03-27T00:00:00,633,2023-03-27T00:00:00,632,2023-03-27T00:00:00,632,2023-03-20T00:00:00,0,2009-04-20T00:00:00,40,NAO_index
21,lasso,False,2023-03-27T00:00:00,633,2023-03-27T00:00:00,632,2023-03-27T00:00:00,632,2023-03-20T00:00:00,0,2009-04-20T00:00:00,40,awnd_extreme_high_wind_in_harvesting
21,lasso,False,2023-03-27T00:00:00,633,2023-03-27T00:00:00,632,2023-03-27T00:00:00,632,2023-03-20T00:00:00,0,2009-04-20T00:00:00,40,awnd_moderate_high_wind_in_planting
21,lasso,False,2023-03-27T00:00:00,633,2023-03-27T00:00:00,632,2023-03-27T00:00:00,632,2023-03-20T00:00:00,0,2009-04-20T00:00:00,40,corn_monthly_rv
21,lasso,False,2023-03-27T00:00:00,633,2023-03-27T00:00:00,632,2023-03-27T00:00:00,632,2023-03-20T00:00:00,0,2009-04-20T00:00:00,40,corn_seasonal_rv
21,lasso,False,2023-03-27T00:00:00,633,2023-03-27T00:00:00,632,2023-03-27T00:00:00,632,2023-03-20T00:00:00,0,2009-04-20T00:00:00,40,corn_weekly_rv
21,lasso,False,2023-03-27T00:00:00,633,2023-03-27T00:00:00,632,2023-03-27T00:00:00,632,2023-03-20T00:00:00,0,2009-04-20T00:00:00,40,pdsi_extreme_drought_in_planting
21,lasso,False,2023-03-27T00:00:00,633,2023-03-27T00:00:00,632,2023-03-27T00:00:00,632,2023-03-20T00:00:00,0,2009-04-20T00:00:00,40,pdsi_extreme_wet_in_harvesting
21,lasso,False,2023-03-27T00:00:00,633,2023-03-27T00:00:00,632,2023-03-27T00:00:00,632,2023-03-20T00:00:00,0,2009-04-20T00:00:00,40,pdsi_extreme_wet_in_planting
21,lasso,False,2023-03-27T00:00:00,633,2023-03-27T00:00:00,632,2023-03-27T00:00:00,632,2023-03-20T00:00:00,0,2009-04-20T00:00:00,40,pdsi_severe_drought_in_harvesting
21,lasso,False,2023-03-27T00:00:00,633,2023-03-27T00:00:00,632,2023-03-27T00:00:00,632,2023-03-20T00:00:00,0,2009-04-20T00:00:00,40,pdsi_very_wet_in_harvesting
21,lasso,False,2023-03-27T00:00:00,633,2023-03-27T00:00:00,632,2023-03-27T00:00:00,632,2023-03-20T00:00:00,0,2009-04-20T00:00:00,40,pdsi_very_wet_in_planting
21,lasso,False,2023-03-27T00:00:00,633,2023-03-27T00:00:00,632,2023-03-27T00:00:00,632,2023-03-20T00:00:00,0,2009-04-20T00:00:00,40,spi_7d_extreme_wet_in_harvesting
21,lasso,False,2023-03-27T00:00:00,633,2023-03-27T00:00:00,632,2023-03-27T00:00:00,632,2023-03-20T00:00:00,0,2009-04-20T00:00:00,40,spi_7d_very_dry_in_planting
21,lasso,False,2023-03-27T00:00:00,633,2023-03-27T00:00:00,632,2023-03-27T00:00:00,632,2023-03-20T00:00:00,0,2009-04-20T00:00:00,40,ssta_lanina
21,lasso,False,2023-03-27T00:00:00,633,2023-03-27T00:00:00,632,2023-03-27T00:00:00,632,2023-03-20T00:00:00,0,2009-04-20T00:00:00,40,tmax_hot_in_harvesting
21,lasso,False,2023-03-27T00:00:00,633,2023-03-27T00:00:00,632,2023-03-27T00:00:00,632,2023-03-20T00:00:00,0,2009-04-20T00:00:00,40,tmax_hot_in_planting
21,lasso,False,2023-03-27T00:00:00,633,2023-03-27T00:00:00,632,2023-03-27T00:00:00,632,2023-03-20T00:00:00,0,2009-04-20T00:00:00,40,tmax_very_hot_in_planting
21,lasso,False,2023-03-27T00:00:00,633,2023-03-27T00:00:00,632,2023-03-27T00:00:00,632,2023-03-20T00:00:00,0,2009-04-20T00:00:00,40,tmin_very_cold_in_planting
21,lasso,False,2023-03-27T00:00:00,633,2023-03-27T00:00:00,632,2023-03-27T00:00:00,632,2023-03-20T00:00:00,0,2009-04-20T00:00:00,40,wheat_weekly_rv
21,lasso,True,2023-05-22T00:00:00,641,2023-05-22T00:00:00,640,2023-05-22T00:00:00,640,2023-05-15T00:00:00,0,2009-04-20T00:00:00,41,Broad_Dollar_index
21,lasso,True,2023-05-22T00:00:00,641,2023-05-22T00:00:00,640,2023-05-22T00:00:00,640,2023-05-15T00:00:00,0,2009-04-20T00:00:00,41,NAO_index
21,lasso,True,2023-05-22T00:00:00,641,2023-05-22T00:00:00,640,2023-05-22T00:00:00,640,2023-05-15T00:00:00,0,2009-04-20T00:00:00,41,awnd_extreme_high_wind_in_harvesting
21,lasso,True,2023-05-22T00:00:00,641,2023-05-22T00:00:00,640,2023-05-22T00:00:00,640,2023-05-15T00:00:00,0,2009-04-20T00:00:00,41,awnd_moderate_high_wind_in_planting
21,lasso,True,2023-05-22T00:00:00,641,2023-05-22T00:00:00,640,2023-05-22T00:00:00,640,2023-05-15T00:00:00,0,2009-04-20T00:00:00,41,corn_monthly_rv
21,lasso,True,2023-05-22T00:00:00,641,2023-05-22T00:00:00,640,2023-05-22T00:00:00,640,2023-05-15T00:00:00,0,2009-04-20T00:00:00,41,corn_seasonal_rv
21,lasso,True,2023-05-22T00:00:00,641,2023-05-22T00:00:00,640,2023-05-22T00:00:00,640,2023-05-15T00:00:00,0,2009-04-20T00:00:00,41,corn_weekly_rv
21,lasso,True,2023-05-22T00:00:00,641,2023-05-22T00:00:00,640,2023-05-22T00:00:00,640,2023-05-15T00:00:00,0,2009-04-20T00:00:00,41,pdsi_extreme_drought_in_planting
21,lasso,True,2023-05-22T00:00:00,641,2023-05-22T00:00:00,640,2023-05-22T00:00:00,640,2023-05-15T00:00:00,0,2009-04-20T00:00:00,41,pdsi_extreme_wet_in_harvesting
21,lasso,True,2023-05-22T00:00:00,641,2023-05-22T00:00:00,640,2023-05-22T00:00:00,640,2023-05-15T00:00:00,0,2009-04-20T00:00:00,41,pdsi_extreme_wet_in_planting
21,lasso,True,2023-05-22T00:00:00,641,2023-05-22T00:00:00,640,2023-05-22T00:00:00,640,2023-05-15T00:00:00,0,2009-04-20T00:00:00,41,pdsi_severe_drought_in_harvesting
21,lasso,True,2023-05-22T00:00:00,641,2023-05-22T00:00:00,640,2023-05-22T00:00:00,640,2023-05-15T00:00:00,0,2009-04-20T00:00:00,41,pdsi_very_wet_in_harvesting
21,lasso,True,2023-05-22T00:00:00,641,2023-05-22T00:00:00,640,2023-05-22T00:00:00,640,2023-05-15T00:00:00,0,2009-04-20T00:00:00,41,pdsi_very_wet_in_planting
21,lasso,True,2023-05-22T00:00:00,641,2023-05-22T00:00:00,640,2023-05-22T00:00:00,640,2023-05-15T00:00:00,0,2009-04-20T00:00:00,41,spi_7d_extreme_wet_in_harvesting
21,lasso,True,2023-05-22T00:00:00,641,2023-05-22T00:00:00,640,2023-05-22T00:00:00,640,2023-05-15T00:00:00,0,2009-04-20T00:00:00,41,spi_7d_very_dry_in_planting
21,lasso,True,2023-05-22T00:00:00,641,2023-05-22T00:00:00,640,2023-05-22T00:00:00,640,2023-05-15T00:00:00,0,2009-04-20T00:00:00,41,ssta_lanina
21,lasso,True,2023-05-22T00:00:00,641,2023-05-22T00:00:00,640,2023-05-22T00:00:00,640,2023-05-15T00:00:00,0,2009-04-20T00:00:00,41,tmax_hot_in_harvesting
21,lasso,True,2023-05-22T00:00:00,641,2023-05-22T00:00:00,640,2023-05-22T00:00:00,640,2023-05-15T00:00:00,0,2009-04-20T00:00:00,41,tmax_hot_in_planting
21,lasso,True,2023-05-22T00:00:00,641,2023-05-22T00:00:00,640,2023-05-22T00:00:00,640,2023-05-15T00:00:00,0,2009-04-20T00:00:00,41,tmax_very_hot_in_planting
21,lasso,True,2023-05-22T00:00:00,641,2023-05-22T00:00:00,640,2023-05-22T00:00:00,640,2023-05-15T00:00:00,0,2009-04-20T00:00:00,41,tmin_very_cold_in_planting
21,lasso,True,2023-05-22T00:00:00,641,2023-05-22T00:00:00,640,2023-05-22T00:00:00,640,2023-05-15T00:00:00,0,2009-04-20T00:00:00,41,wheat_weekly_rv
21,lasso,True,2023-07-31T00:00:00,649,2023-07-31T00:00:00,648,2023-07-31T00:00:00,648,2023-07-24T00:00:00,0,2009-04-20T00:00:00,42,Broad_Dollar_index
21,lasso,True,2023-07-31T00:00:00,649,2023-07-31T00:00:00,648,2023-07-31T00:00:00,648,2023-07-24T00:00:00,0,2009-04-20T00:00:00,42,NAO_index
21,lasso,True,2023-07-31T00:00:00,649,2023-07-31T00:00:00,648,2023-07-31T00:00:00,648,2023-07-24T00:00:00,0,2009-04-20T00:00:00,42,awnd_extreme_high_wind_in_harvesting
21,lasso,True,2023-07-31T00:00:00,649,2023-07-31T00:00:00,648,2023-07-31T00:00:00,648,2023-07-24T00:00:00,0,2009-04-20T00:00:00,42,awnd_moderate_high_wind_in_planting
21,lasso,True,2023-07-31T00:00:00,649,2023-07-31T00:00:00,648,2023-07-31T00:00:00,648,2023-07-24T00:00:00,0,2009-04-20T00:00:00,42,corn_monthly_rv
21,lasso,True,2023-07-31T00:00:00,649,2023-07-31T00:00:00,648,2023-07-31T00:00:00,648,2023-07-24T00:00:00,0,2009-04-20T00:00:00,42,corn_seasonal_rv
21,lasso,True,2023-07-31T00:00:00,649,2023-07-31T00:00:00,648,2023-07-31T00:00:00,648,2023-07-24T00:00:00,0,2009-04-20T00:00:00,42,corn_weekly_rv
21,lasso,True,2023-07-31T00:00:00,649,2023-07-31T00:00:00,648,2023-07-31T00:00:00,648,2023-07-24T00:00:00,0,2009-04-20T00:00:00,42,pdsi_extreme_drought_in_planting
21,lasso,True,2023-07-31T00:00:00,649,2023-07-31T00:00:00,648,2023-07-31T00:00:00,648,2023-07-24T00:00:00,0,2009-04-20T00:00:00,42,pdsi_extreme_wet_in_harvesting
21,lasso,True,2023-07-31T00:00:00,649,2023-07-31T00:00:00,648,2023-07-31T00:00:00,648,2023-07-24T00:00:00,0,2009-04-20T00:00:00,42,pdsi_extreme_wet_in_planting
21,lasso,True,2023-07-31T00:00:00,649,2023-07-31T00:00:00,648,2023-07-31T00:00:00,648,2023-07-24T00:00:00,0,2009-04-20T00:00:00,42,pdsi_severe_drought_in_harvesting
21,lasso,True,2023-07-31T00:00:00,649,2023-07-31T00:00:00,648,2023-07-31T00:00:00,648,2023-07-24T00:00:00,0,2009-04-20T00:00:00,42,pdsi_very_wet_in_harvesting
21,lasso,True,2023-07-31T00:00:00,649,2023-07-31T00:00:00,648,2023-07-31T00:00:00,648,2023-07-24T00:00:00,0,2009-04-20T00:00:00,42,pdsi_very_wet_in_planting
21,lasso,True,2023-07-31T00:00:00,649,2023-07-31T00:00:00,648,2023-07-31T00:00:00,648,2023-07-24T00:00:00,0,2009-04-20T00:00:00,42,spi_7d_extreme_wet_in_harvesting
21,lasso,True,2023-07-31T00:00:00,649,2023-07-31T00:00:00,648,2023-07-31T00:00:00,648,2023-07-24T00:00:00,0,2009-04-20T00:00:00,42,spi_7d_very_dry_in_planting
21,lasso,True,2023-07-31T00:00:00,649,2023-07-31T00:00:00,648,2023-07-31T00:00:00,648,2023-07-24T00:00:00,0,2009-04-20T00:00:00,42,ssta_lanina
21,lasso,True,2023-07-31T00:00:00,649,2023-07-31T00:00:00,648,2023-07-31T00:00:00,648,2023-07-24T00:00:00,0,2009-04-20T00:00:00,42,tmax_hot_in_harvesting
21,lasso,True,2023-07-31T00:00:00,649,2023-07-31T00:00:00,648,2023-07-31T00:00:00,648,2023-07-24T00:00:00,0,2009-04-20T00:00:00,42,tmax_hot_in_planting
21,lasso,True,2023-07-31T00:00:00,649,2023-07-31T00:00:00,648,2023-07-31T00:00:00,648,2023-07-24T00:00:00,0,2009-04-20T00:00:00,42,tmax_very_hot_in_planting
21,lasso,True,2023-07-31T00:00:00,649,2023-07-31T00:00:00,648,2023-07-31T00:00:00,648,2023-07-24T00:00:00,0,2009-04-20T00:00:00,42,tmin_very_cold_in_planting
21,lasso,True,2023-07-31T00:00:00,649,2023-07-31T00:00:00,648,2023-07-31T00:00:00,648,2023-07-24T00:00:00,0,2009-04-20T00:00:00,42,wheat_weekly_rv
21,lasso,True,2023-10-02T00:00:00,657,2023-10-02T00:00:00,656,2023-10-02T00:00:00,656,2023-09-25T00:00:00,0,2009-04-20T00:00:00,43,Broad_Dollar_index
21,lasso,True,2023-10-02T00:00:00,657,2023-10-02T00:00:00,656,2023-10-02T00:00:00,656,2023-09-25T00:00:00,0,2009-04-20T00:00:00,43,NAO_index
21,lasso,True,2023-10-02T00:00:00,657,2023-10-02T00:00:00,656,2023-10-02T00:00:00,656,2023-09-25T00:00:00,0,2009-04-20T00:00:00,43,awnd_extreme_high_wind_in_harvesting
21,lasso,True,2023-10-02T00:00:00,657,2023-10-02T00:00:00,656,2023-10-02T00:00:00,656,2023-09-25T00:00:00,0,2009-04-20T00:00:00,43,awnd_moderate_high_wind_in_planting
21,lasso,True,2023-10-02T00:00:00,657,2023-10-02T00:00:00,656,2023-10-02T00:00:00,656,2023-09-25T00:00:00,0,2009-04-20T00:00:00,43,corn_monthly_rv
21,lasso,True,2023-10-02T00:00:00,657,2023-10-02T00:00:00,656,2023-10-02T00:00:00,656,2023-09-25T00:00:00,0,2009-04-20T00:00:00,43,corn_seasonal_rv
21,lasso,True,2023-10-02T00:00:00,657,2023-10-02T00:00:00,656,2023-10-02T00:00:00,656,2023-09-25T00:00:00,0,2009-04-20T00:00:00,43,corn_weekly_rv
21,lasso,True,2023-10-02T00:00:00,657,2023-10-02T00:00:00,656,2023-10-02T00:00:00,656,2023-09-25T00:00:00,0,2009-04-20T00:00:00,43,pdsi_extreme_drought_in_planting
21,lasso,True,2023-10-02T00:00:00,657,2023-10-02T00:00:00,656,2023-10-02T00:00:00,656,2023-09-25T00:00:00,0,2009-04-20T00:00:00,43,pdsi_extreme_wet_in_harvesting
21,lasso,True,2023-10-02T00:00:00,657,2023-10-02T00:00:00,656,2023-10-02T00:00:00,656,2023-09-25T00:00:00,0,2009-04-20T00:00:00,43,pdsi_extreme_wet_in_planting
21,lasso,True,2023-10-02T00:00:00,657,2023-10-02T00:00:00,656,2023-10-02T00:00:00,656,2023-09-25T00:00:00,0,2009-04-20T00:00:00,43,pdsi_severe_drought_in_harvesting
21,lasso,True,2023-10-02T00:00:00,657,2023-10-02T00:00:00,656,2023-10-02T00:00:00,656,2023-09-25T00:00:00,0,2009-04-20T00:00:00,43,pdsi_very_wet_in_harvesting
21,lasso,True,2023-10-02T00:00:00,657,2023-10-02T00:00:00,656,2023-10-02T00:00:00,656,2023-09-25T00:00:00,0,2009-04-20T00:00:00,43,pdsi_very_wet_in_planting
21,lasso,True,2023-10-02T00:00:00,657,2023-10-02T00:00:00,656,2023-10-02T00:00:00,656,2023-09-25T00:00:00,0,2009-04-20T00:00:00,43,spi_7d_extreme_wet_in_harvesting
21,lasso,True,2023-10-02T00:00:00,657,2023-10-02T00:00:00,656,2023-10-02T00:00:00,656,2023-09-25T00:00:00,0,2009-04-20T00:00:00,43,spi_7d_very_dry_in_planting
21,lasso,True,2023-10-02T00:00:00,657,2023-10-02T00:00:00,656,2023-10-02T00:00:00,656,2023-09-25T00:00:00,0,2009-04-20T00:00:00,43,ssta_lanina
21,lasso,True,2023-10-02T00:00:00,657,2023-10-02T00:00:00,656,2023-10-02T00:00:00,656,2023-09-25T00:00:00,0,2009-04-20T00:00:00,43,tmax_hot_in_harvesting
21,lasso,True,2023-10-02T00:00:00,657,2023-10-02T00:00:00,656,2023-10-02T00:00:00,656,2023-09-25T00:00:00,0,2009-04-20T00:00:00,43,tmax_hot_in_planting
21,lasso,True,2023-10-02T00:00:00,657,2023-10-02T00:00:00,656,2023-10-02T00:00:00,656,2023-09-25T00:00:00,0,2009-04-20T00:00:00,43,tmax_very_hot_in_planting
21,lasso,True,2023-10-02T00:00:00,657,2023-10-02T00:00:00,656,2023-10-02T00:00:00,656,2023-09-25T00:00:00,0,2009-04-20T00:00:00,43,tmin_very_cold_in_planting
21,lasso,True,2023-10-02T00:00:00,657,2023-10-02T00:00:00,656,2023-10-02T00:00:00,656,2023-09-25T00:00:00,0,2009-04-20T00:00:00,43,wheat_weekly_rv
12,lasso,False,2023-12-04T00:00:00,665,2023-12-04T00:00:00,664,2023-12-04T00:00:00,664,2023-11-27T00:00:00,0,2009-04-20T00:00:00,44,Broad_Dollar_index
12,lasso,False,2023-12-04T00:00:00,665,2023-12-04T00:00:00,664,2023-12-04T00:00:00,664,2023-11-27T00:00:00,0,2009-04-20T00:00:00,44,SOI_index
12,lasso,False,2023-12-04T00:00:00,665,2023-12-04T00:00:00,664,2023-12-04T00:00:00,664,2023-11-27T00:00:00,0,2009-04-20T00:00:00,44,awnd_moderate_high_wind_in_planting
12,lasso,False,2023-12-04T00:00:00,665,2023-12-04T00:00:00,664,2023-12-04T00:00:00,664,2023-11-27T00:00:00,0,2009-04-20T00:00:00,44,corn_monthly_rv
12,lasso,False,2023-12-04T00:00:00,665,2023-12-04T00:00:00,664,2023-12-04T00:00:00,664,2023-11-27T00:00:00,0,2009-04-20T00:00:00,44,corn_seasonal_rv
12,lasso,False,2023-12-04T00:00:00,665,2023-12-04T00:00:00,664,2023-12-04T00:00:00,664,2023-11-27T00:00:00,0,2009-04-20T00:00:00,44,corn_weekly_rv
12,lasso,False,2023-12-04T00:00:00,665,2023-12-04T00:00:00,664,2023-12-04T00:00:00,664,2023-11-27T00:00:00,0,2009-04-20T00:00:00,44,pdsi_extreme_drought_in_planting
12,lasso,False,2023-12-04T00:00:00,665,2023-12-04T00:00:00,664,2023-12-04T00:00:00,664,2023-11-27T00:00:00,0,2009-04-20T00:00:00,44,pdsi_severe_drought_in_harvesting
12,lasso,False,2023-12-04T00:00:00,665,2023-12-04T00:00:00,664,2023-12-04T00:00:00,664,2023-11-27T00:00:00,0,2009-04-20T00:00:00,44,pdsi_very_wet_in_planting
12,lasso,False,2023-12-04T00:00:00,665,2023-12-04T00:00:00,664,2023-12-04T00:00:00,664,2023-11-27T00:00:00,0,2009-04-20T00:00:00,44,tmax_hot_in_harvesting
12,lasso,False,2023-12-04T00:00:00,665,2023-12-04T00:00:00,664,2023-12-04T00:00:00,664,2023-11-27T00:00:00,0,2009-04-20T00:00:00,44,tmax_hot_in_planting
12,lasso,False,2023-12-04T00:00:00,665,2023-12-04T00:00:00,664,2023-12-04T00:00:00,664,2023-11-27T00:00:00,0,2009-04-20T00:00:00,44,wheat_weekly_rv
12,lasso,True,2024-02-26T00:00:00,673,2024-02-26T00:00:00,672,2024-02-26T00:00:00,672,2024-02-12T00:00:00,0,2009-04-20T00:00:00,45,Broad_Dollar_index
12,lasso,True,2024-02-26T00:00:00,673,2024-02-26T00:00:00,672,2024-02-26T00:00:00,672,2024-02-12T00:00:00,0,2009-04-20T00:00:00,45,SOI_index
12,lasso,True,2024-02-26T00:00:00,673,2024-02-26T00:00:00,672,2024-02-26T00:00:00,672,2024-02-12T00:00:00,0,2009-04-20T00:00:00,45,awnd_moderate_high_wind_in_planting
12,lasso,True,2024-02-26T00:00:00,673,2024-02-26T00:00:00,672,2024-02-26T00:00:00,672,2024-02-12T00:00:00,0,2009-04-20T00:00:00,45,corn_monthly_rv
12,lasso,True,2024-02-26T00:00:00,673,2024-02-26T00:00:00,672,2024-02-26T00:00:00,672,2024-02-12T00:00:00,0,2009-04-20T00:00:00,45,corn_seasonal_rv
12,lasso,True,2024-02-26T00:00:00,673,2024-02-26T00:00:00,672,2024-02-26T00:00:00,672,2024-02-12T00:00:00,0,2009-04-20T00:00:00,45,corn_weekly_rv
12,lasso,True,2024-02-26T00:00:00,673,2024-02-26T00:00:00,672,2024-02-26T00:00:00,672,2024-02-12T00:00:00,0,2009-04-20T00:00:00,45,pdsi_extreme_drought_in_planting
12,lasso,True,2024-02-26T00:00:00,673,2024-02-26T00:00:00,672,2024-02-26T00:00:00,672,2024-02-12T00:00:00,0,2009-04-20T00:00:00,45,pdsi_severe_drought_in_harvesting
12,lasso,True,2024-02-26T00:00:00,673,2024-02-26T00:00:00,672,2024-02-26T00:00:00,672,2024-02-12T00:00:00,0,2009-04-20T00:00:00,45,pdsi_very_wet_in_planting
12,lasso,True,2024-02-26T00:00:00,673,2024-02-26T00:00:00,672,2024-02-26T00:00:00,672,2024-02-12T00:00:00,0,2009-04-20T00:00:00,45,tmax_hot_in_harvesting
12,lasso,True,2024-02-26T00:00:00,673,2024-02-26T00:00:00,672,2024-02-26T00:00:00,672,2024-02-12T00:00:00,0,2009-04-20T00:00:00,45,tmax_hot_in_planting
12,lasso,True,2024-02-26T00:00:00,673,2024-02-26T00:00:00,672,2024-02-26T00:00:00,672,2024-02-12T00:00:00,0,2009-04-20T00:00:00,45,wheat_weekly_rv
12,lasso,True,2024-04-22T00:00:00,681,2024-04-22T00:00:00,680,2024-04-22T00:00:00,680,2024-04-15T00:00:00,0,2009-04-20T00:00:00,46,Broad_Dollar_index
12,lasso,True,2024-04-22T00:00:00,681,2024-04-22T00:00:00,680,2024-04-22T00:00:00,680,2024-04-15T00:00:00,0,2009-04-20T00:00:00,46,SOI_index
12,lasso,True,2024-04-22T00:00:00,681,2024-04-22T00:00:00,680,2024-04-22T00:00:00,680,2024-04-15T00:00:00,0,2009-04-20T00:00:00,46,awnd_moderate_high_wind_in_planting
12,lasso,True,2024-04-22T00:00:00,681,2024-04-22T00:00:00,680,2024-04-22T00:00:00,680,2024-04-15T00:00:00,0,2009-04-20T00:00:00,46,corn_monthly_rv
12,lasso,True,2024-04-22T00:00:00,681,2024-04-22T00:00:00,680,2024-04-22T00:00:00,680,2024-04-15T00:00:00,0,2009-04-20T00:00:00,46,corn_seasonal_rv
12,lasso,True,2024-04-22T00:00:00,681,2024-04-22T00:00:00,680,2024-04-22T00:00:00,680,2024-04-15T00:00:00,0,2009-04-20T00:00:00,46,corn_weekly_rv
12,lasso,True,2024-04-22T00:00:00,681,2024-04-22T00:00:00,680,2024-04-22T00:00:00,680,2024-04-15T00:00:00,0,2009-04-20T00:00:00,46,pdsi_extreme_drought_in_planting
12,lasso,True,2024-04-22T00:00:00,681,2024-04-22T00:00:00,680,2024-04-22T00:00:00,680,2024-04-15T00:00:00,0,2009-04-20T00:00:00,46,pdsi_severe_drought_in_harvesting
12,lasso,True,2024-04-22T00:00:00,681,2024-04-22T00:00:00,680,2024-04-22T00:00:00,680,2024-04-15T00:00:00,0,2009-04-20T00:00:00,46,pdsi_very_wet_in_planting
12,lasso,True,2024-04-22T00:00:00,681,2024-04-22T00:00:00,680,2024-04-22T00:00:00,680,2024-04-15T00:00:00,0,2009-04-20T00:00:00,46,tmax_hot_in_harvesting
12,lasso,True,2024-04-22T00:00:00,681,2024-04-22T00:00:00,680,2024-04-22T00:00:00,680,2024-04-15T00:00:00,0,2009-04-20T00:00:00,46,tmax_hot_in_planting
12,lasso,True,2024-04-22T00:00:00,681,2024-04-22T00:00:00,680,2024-04-22T00:00:00,680,2024-04-15T00:00:00,0,2009-04-20T00:00:00,46,wheat_weekly_rv
12,lasso,True,2024-06-24T00:00:00,689,2024-06-24T00:00:00,688,2024-06-24T00:00:00,688,2024-06-17T00:00:00,0,2009-04-20T00:00:00,47,Broad_Dollar_index
12,lasso,True,2024-06-24T00:00:00,689,2024-06-24T00:00:00,688,2024-06-24T00:00:00,688,2024-06-17T00:00:00,0,2009-04-20T00:00:00,47,SOI_index
12,lasso,True,2024-06-24T00:00:00,689,2024-06-24T00:00:00,688,2024-06-24T00:00:00,688,2024-06-17T00:00:00,0,2009-04-20T00:00:00,47,awnd_moderate_high_wind_in_planting
12,lasso,True,2024-06-24T00:00:00,689,2024-06-24T00:00:00,688,2024-06-24T00:00:00,688,2024-06-17T00:00:00,0,2009-04-20T00:00:00,47,corn_monthly_rv
12,lasso,True,2024-06-24T00:00:00,689,2024-06-24T00:00:00,688,2024-06-24T00:00:00,688,2024-06-17T00:00:00,0,2009-04-20T00:00:00,47,corn_seasonal_rv
12,lasso,True,2024-06-24T00:00:00,689,2024-06-24T00:00:00,688,2024-06-24T00:00:00,688,2024-06-17T00:00:00,0,2009-04-20T00:00:00,47,corn_weekly_rv
12,lasso,True,2024-06-24T00:00:00,689,2024-06-24T00:00:00,688,2024-06-24T00:00:00,688,2024-06-17T00:00:00,0,2009-04-20T00:00:00,47,pdsi_extreme_drought_in_planting
12,lasso,True,2024-06-24T00:00:00,689,2024-06-24T00:00:00,688,2024-06-24T00:00:00,688,2024-06-17T00:00:00,0,2009-04-20T00:00:00,47,pdsi_severe_drought_in_harvesting
12,lasso,True,2024-06-24T00:00:00,689,2024-06-24T00:00:00,688,2024-06-24T00:00:00,688,2024-06-17T00:00:00,0,2009-04-20T00:00:00,47,pdsi_very_wet_in_planting
12,lasso,True,2024-06-24T00:00:00,689,2024-06-24T00:00:00,688,2024-06-24T00:00:00,688,2024-06-17T00:00:00,0,2009-04-20T00:00:00,47,tmax_hot_in_harvesting
12,lasso,True,2024-06-24T00:00:00,689,2024-06-24T00:00:00,688,2024-06-24T00:00:00,688,2024-06-17T00:00:00,0,2009-04-20T00:00:00,47,tmax_hot_in_planting
12,lasso,True,2024-06-24T00:00:00,689,2024-06-24T00:00:00,688,2024-06-24T00:00:00,688,2024-06-17T00:00:00,0,2009-04-20T00:00:00,47,wheat_weekly_rv
15,lasso,False,2024-08-19T00:00:00,697,2024-08-19T00:00:00,696,2024-08-19T00:00:00,696,2024-08-12T00:00:00,0,2009-04-20T00:00:00,48,Broad_Dollar_index
15,lasso,False,2024-08-19T00:00:00,697,2024-08-19T00:00:00,696,2024-08-19T00:00:00,696,2024-08-12T00:00:00,0,2009-04-20T00:00:00,48,SOI_index
15,lasso,False,2024-08-19T00:00:00,697,2024-08-19T00:00:00,696,2024-08-19T00:00:00,696,2024-08-12T00:00:00,0,2009-04-20T00:00:00,48,awnd_moderate_high_wind_in_planting
15,lasso,False,2024-08-19T00:00:00,697,2024-08-19T00:00:00,696,2024-08-19T00:00:00,696,2024-08-12T00:00:00,0,2009-04-20T00:00:00,48,corn_monthly_rv
15,lasso,False,2024-08-19T00:00:00,697,2024-08-19T00:00:00,696,2024-08-19T00:00:00,696,2024-08-12T00:00:00,0,2009-04-20T00:00:00,48,corn_seasonal_rv
15,lasso,False,2024-08-19T00:00:00,697,2024-08-19T00:00:00,696,2024-08-19T00:00:00,696,2024-08-12T00:00:00,0,2009-04-20T00:00:00,48,corn_weekly_rv
15,lasso,False,2024-08-19T00:00:00,697,2024-08-19T00:00:00,696,2024-08-19T00:00:00,696,2024-08-12T00:00:00,0,2009-04-20T00:00:00,48,pdsi_extreme_drought_in_planting
15,lasso,False,2024-08-19T00:00:00,697,2024-08-19T00:00:00,696,2024-08-19T00:00:00,696,2024-08-12T00:00:00,0,2009-04-20T00:00:00,48,pdsi_extreme_wet_in_harvesting
15,lasso,False,2024-08-19T00:00:00,697,2024-08-19T00:00:00,696,2024-08-19T00:00:00,696,2024-08-12T00:00:00,0,2009-04-20T00:00:00,48,pdsi_severe_drought_in_harvesting
15,lasso,False,2024-08-19T00:00:00,697,2024-08-19T00:00:00,696,2024-08-19T00:00:00,696,2024-08-12T00:00:00,0,2009-04-20T00:00:00,48,pdsi_very_wet_in_harvesting
15,lasso,False,2024-08-19T00:00:00,697,2024-08-19T00:00:00,696,2024-08-19T00:00:00,696,2024-08-12T00:00:00,0,2009-04-20T00:00:00,48,pdsi_very_wet_in_planting
15,lasso,False,2024-08-19T00:00:00,697,2024-08-19T00:00:00,696,2024-08-19T00:00:00,696,2024-08-12T00:00:00,0,2009-04-20T00:00:00,48,ssta_lanina
15,lasso,False,2024-08-19T00:00:00,697,2024-08-19T00:00:00,696,2024-08-19T00:00:00,696,2024-08-12T00:00:00,0,2009-04-20T00:00:00,48,tmax_hot_in_harvesting
15,lasso,False,2024-08-19T00:00:00,697,2024-08-19T00:00:00,696,2024-08-19T00:00:00,696,2024-08-12T00:00:00,0,2009-04-20T00:00:00,48,tmax_hot_in_planting
15,lasso,False,2024-08-19T00:00:00,697,2024-08-19T00:00:00,696,2024-08-19T00:00:00,696,2024-08-12T00:00:00,0,2009-04-20T00:00:00,48,wheat_weekly_rv
15,lasso,True,2024-10-28T00:00:00,705,2024-10-28T00:00:00,704,2024-10-28T00:00:00,704,2024-10-21T00:00:00,0,2009-04-20T00:00:00,49,Broad_Dollar_index
15,lasso,True,2024-10-28T00:00:00,705,2024-10-28T00:00:00,704,2024-10-28T00:00:00,704,2024-10-21T00:00:00,0,2009-04-20T00:00:00,49,SOI_index
15,lasso,True,2024-10-28T00:00:00,705,2024-10-28T00:00:00,704,2024-10-28T00:00:00,704,2024-10-21T00:00:00,0,2009-04-20T00:00:00,49,awnd_moderate_high_wind_in_planting
15,lasso,True,2024-10-28T00:00:00,705,2024-10-28T00:00:00,704,2024-10-28T00:00:00,704,2024-10-21T00:00:00,0,2009-04-20T00:00:00,49,corn_monthly_rv
15,lasso,True,2024-10-28T00:00:00,705,2024-10-28T00:00:00,704,2024-10-28T00:00:00,704,2024-10-21T00:00:00,0,2009-04-20T00:00:00,49,corn_seasonal_rv
15,lasso,True,2024-10-28T00:00:00,705,2024-10-28T00:00:00,704,2024-10-28T00:00:00,704,2024-10-21T00:00:00,0,2009-04-20T00:00:00,49,corn_weekly_rv
15,lasso,True,2024-10-28T00:00:00,705,2024-10-28T00:00:00,704,2024-10-28T00:00:00,704,2024-10-21T00:00:00,0,2009-04-20T00:00:00,49,pdsi_extreme_drought_in_planting
15,lasso,True,2024-10-28T00:00:00,705,2024-10-28T00:00:00,704,2024-10-28T00:00:00,704,2024-10-21T00:00:00,0,2009-04-20T00:00:00,49,pdsi_extreme_wet_in_harvesting
15,lasso,True,2024-10-28T00:00:00,705,2024-10-28T00:00:00,704,2024-10-28T00:00:00,704,2024-10-21T00:00:00,0,2009-04-20T00:00:00,49,pdsi_severe_drought_in_harvesting
15,lasso,True,2024-10-28T00:00:00,705,2024-10-28T00:00:00,704,2024-10-28T00:00:00,704,2024-10-21T00:00:00,0,2009-04-20T00:00:00,49,pdsi_very_wet_in_harvesting
15,lasso,True,2024-10-28T00:00:00,705,2024-10-28T00:00:00,704,2024-10-28T00:00:00,704,2024-10-21T00:00:00,0,2009-04-20T00:00:00,49,pdsi_very_wet_in_planting
15,lasso,True,2024-10-28T00:00:00,705,2024-10-28T00:00:00,704,2024-10-28T00:00:00,704,2024-10-21T00:00:00,0,2009-04-20T00:00:00,49,ssta_lanina
15,lasso,True,2024-10-28T00:00:00,705,2024-10-28T00:00:00,704,2024-10-28T00:00:00,704,2024-10-21T00:00:00,0,2009-04-20T00:00:00,49,tmax_hot_in_harvesting
15,lasso,True,2024-10-28T00:00:00,705,2024-10-28T00:00:00,704,2024-10-28T00:00:00,704,2024-10-21T00:00:00,0,2009-04-20T00:00:00,49,tmax_hot_in_planting
15,lasso,True,2024-10-28T00:00:00,705,2024-10-28T00:00:00,704,2024-10-28T00:00:00,704,2024-10-21T00:00:00,0,2009-04-20T00:00:00,49,wheat_weekly_rv
