n_selected,selection_method,selection_reused,test_dates,test_end,test_end_date,test_start,test_start_date,train_end,train_end_date,train_start,train_start_date,window_id,selected_feature
15,none,True,2015-01-12T00:00:00,261,2015-01-12T00:00:00,260,2015-01-12T00:00:00,260,2015-01-05T00:00:00,0,2009-04-20T00:00:00,0,wheat_weekly_rv
15,none,True,2015-01-12T00:00:00,261,2015-01-12T00:00:00,260,2015-01-12T00:00:00,260,2015-01-05T00:00:00,0,2009-04-20T00:00:00,0,wheat_monthly_rv
15,none,True,2015-01-12T00:00:00,261,2015-01-12T00:00:00,260,2015-01-12T00:00:00,260,2015-01-05T00:00:00,0,2009-04-20T00:00:00,0,wheat_seasonal_rv
15,none,True,2015-01-12T00:00:00,261,2015-01-12T00:00:00,260,2015-01-12T00:00:00,260,2015-01-05T00:00:00,0,2009-04-20T00:00:00,0,wheat_weekly_rvb
15,none,True,2015-01-12T00:00:00,261,2015-01-12T00:00:00,260,2015-01-12T00:00:00,260,2015-01-05T00:00:00,0,2009-04-20T00:00:00,0,wheat_weekly_rvg
15,none,True,2015-01-12T00:00:00,261,2015-01-12T00:00:00,260,2015-01-12T00:00:00,260,2015-01-05T00:00:00,0,2009-04-20T00:00:00,0,wheat_weekly_jumps
15,none,True,2015-01-12T00:00:00,261,2015-01-12T00:00:00,260,2015-01-12T00:00:00,260,2015-01-05T00:00:00,0,2009-04-20T00:00:00,0,corn_weekly_rv
15,none,True,2015-01-12T00:00:00,261,2015-01-12T00:00:00,260,2015-01-12T00:00:00,260,2015-01-05T00:00:00,0,2009-04-20T00:00:00,0,soybeans_weekly_rv
15,none,True,2015-01-12T00:00:00,261,2015-01-12T00:00:00,260,2015-01-12T00:00:00,260,2015-01-05T00:00:00,0,2009-04-20T00:00:00,0,frbsf_sentiment
15,none,True,2015-01-12T00:00:00,261,2015-01-12T00:00:00,260,2015-01-12T00:00:00,260,2015-01-05T00:00:00,0,2009-04-20T00:00:00,0,Text_Climate_Anomaly
15,none,True,2015-01-12T00:00:00,261,2015-01-12T00:00:00,260,2015-01-12T00:00:00,260,2015-01-05T00:00:00,0,2009-04-20T00:00:00,0,epu_index
15,none,True,2015-01-12T00:00:00,261,2015-01-12T00:00:00,260,2015-01-12T00:00:00,260,2015-01-05T00:00:00,0,2009-04-20T00:00:00,0,DJIA_Index
15,none,True,2015-01-12T00:00:00,261,2015-01-12T00:00:00,260,2015-01-12T00:00:00,260,2015-01-05T00:00:00,0,2009-04-20T00:00:00,0,WTI_Index
15,none,True,2015-01-12T00:00:00,261,2015-01-12T00:00:00,260,2015-01-12T00:00:00,260,2015-01-05T00:00:00,0,2009-04-20T00:00:00,0,Broad_Dollar_index
15,none,True,2015-01-12T00:00:00,261,2015-01-12T00:00:00,260,2015-01-12T00:00:00,260,2015-01-05T00:00:00,0,2009-04-20T00:00:00,0,Stock_Uncertainty
15,none,True,2015-03-23T00:00:00,269,2015-03-23T00:00:00,268,2015-03-23T00:00:00,268,2015-03-16T00:00:00,0,2009-04-20T00:00:00,1,wheat_weekly_rv
15,none,True,2015-03-23T00:00:00,269,2015-03-23T00:00:00,268,2015-03-23T00:00:00,268,2015-03-16T00:00:00,0,2009-04-20T00:00:00,1,wheat_monthly_rv
15,none,True,2015-03-23T00:00:00,269,2015-03-23T00:00:00,268,2015-03-23T00:00:00,268,2015-03-16T00:00:00,0,2009-04-20T00:00:00,1,wheat_seasonal_rv
15,none,True,2015-03-23T00:00:00,269,2015-03-23T00:00:00,268,2015-03-23T00:00:00,268,2015-03-16T00:00:00,0,2009-04-20T00:00:00,1,wheat_weekly_rvb
15,none,True,2015-03-23T00:00:00,269,2015-03-23T00:00:00,268,2015-03-23T00:00:00,268,2015-03-16T00:00:00,0,2009-04-20T00:00:00,1,wheat_weekly_rvg
15,none,True,2015-03-23T00:00:00,269,2015-03-23T00:00:00,268,2015-03-23T00:00:00,268,2015-03-16T00:00:00,0,2009-04-20T00:00:00,1,wheat_weekly_jumps
15,none,True,2015-03-23T00:00:00,269,2015-03-23T00:00:00,268,2015-03-23T00:00:00,268,2015-03-16T00:00:00,0,2009-04-20T00:00:00,1,corn_weekly_rv
15,none,True,2015-03-23T00:00:00,269,2015-03-23T00:00:00,268,2015-03-23T00:00:00,268,2015-03-16T00:00:00,0,2009-04-20T00:00:00,1,soybeans_weekly_rv
15,none,True,2015-03-23T00:00:00,269,2015-03-23T00:00:00,268,2015-03-23T00:00:00,268,2015-03-16T00:00:00,0,2009-04-20T00:00:00,1,frbsf_sentiment
15,none,True,2015-03-23T00:00:00,269,2015-03-23T00:00:00,268,2015-03-23T00:00:00,268,2015-03-16T00:00:00,0,2009-04-20T00:00:00,1,Text_Climate_Anomaly
15,none,True,2015-03-23T00:00:00,269,2015-03-23T00:00:00,268,2015-03-23T00:00:00,268,2015-03-16T00:00:00,0,2009-04-20T00:00:00,1,epu_index
15,none,True,2015-03-23T00:00:00,269,2015-03-23T00:00:00,268,2015-03-23T00:00:00,268,2015-03-16T00:00:00,0,2009-04-20T00:00:00,1,DJIA_Index
15,none,True,2015-03-23T00:00:00,269,2015-03-23T00:00:00,268,2015-03-23T00:00:00,268,2015-03-16T00:00:00,0,2009-04-20T00:00:00,1,WTI_Index
15,none,True,2015-03-23T00:00:00,269,2015-03-23T00:00:00,268,2015-03-23T00:00:00,268,2015-03-16T00:00:00,0,2009-04-20T00:00:00,1,Broad_Dollar_index
15,none,True,2015-03-23T00:00:00,269,2015-03-23T00:00:00,268,2015-03-23T00:00:00,268,2015-03-16T00:00:00,0,2009-04-20T00:00:00,1,Stock_Uncertainty
15,none,True,2015-05-18T00:00:00,277,2015-05-18T00:00:00,276,2015-05-18T00:00:00,276,2015-05-11T00:00:00,0,2009-04-20T00:00:00,2,wheat_weekly_rv
15,none,True,2015-05-18T00:00:00,277,2015-05-18T00:00:00,276,2015-05-18T00:00:00,276,2015-05-11T00:00:00,0,2009-04-20T00:00:00,2,wheat_monthly_rv
15,none,True,2015-05-18T00:00:00,277,2015-05-18T00:00:00,276,2015-05-18T00:00:00,276,2015-05-11T00:00:00,0,2009-04-20T00:00:00,2,wheat_seasonal_rv
15,none,True,2015-05-18T00:00:00,277,2015-05-18T00:00:00,276,2015-05-18T00:00:00,276,2015-05-11T00:00:00,0,2009-04-20T00:00:00,2,wheat_weekly_rvb
15,none,True,2015-05-18T00:00:00,277,2015-05-18T00:00:00,276,2015-05-18T00:00:00,276,2015-05-11T00:00:00,0,2009-04-20T00:00:00,2,wheat_weekly_rvg
15,none,True,2015-05-18T00:00:00,277,2015-05-18T00:00:00,276,2015-05-18T00:00:00,276,2015-05-11T00:00:00,0,2009-04-20T00:00:00,2,wheat_weekly_jumps
15,none,True,2015-05-18T00:00:00,277,2015-05-18T00:00:00,276,2015-05-18T00:00:00,276,2015-05-11T00:00:00,0,2009-04-20T00:00:00,2,corn_weekly_rv
15,none,True,2015-05-18T00:00:00,277,2015-05-18T00:00:00,276,2015-05-18T00:00:00,276,2015-05-11T00:00:00,0,2009-04-20T00:00:00,2,soybeans_weekly_rv
15,none,True,2015-05-18T00:00:00,277,2015-05-18T00:00:00,276,2015-05-18T00:00:00,276,2015-05-11T00:00:00,0,2009-04-20T00:00:00,2,frbsf_sentiment
15,none,True,2015-05-18T00:00:00,277,2015-05-18T00:00:00,276,2015-05-18T00:00:00,276,2015-05-11T00:00:00,0,2009-04-20T00:00:00,2,Text_Climate_Anomaly
15,none,True,2015-05-18T00:00:00,277,2015-05-18T00:00:00,276,2015-05-18T00:00:00,276,2015-05-11T00:00:00,0,2009-04-20T00:00:00,2,epu_index
15,none,True,2015-05-18T00:00:00,277,2015-05-18T00:00:00,276,2015-05-18T00:00:00,276,2015-05-11T00:00:00,0,2009-04-20T00:00:00,2,DJIA_Index
15,none,True,2015-05-18T00:00:00,277,2015-05-18T00:00:00,276,2015-05-18T00:00:00,276,2015-05-11T00:00:00,0,2009-04-20T00:00:00,2,WTI_Index
15,none,True,2015-05-18T00:00:00,277,2015-05-18T00:00:00,276,2015-05-18T00:00:00,276,2015-05-11T00:00:00,0,2009-04-20T00:00:00,2,Broad_Dollar_index
15,none,True,2015-05-18T00:00:00,277,2015-05-18T00:00:00,276,2015-05-18T00:00:00,276,2015-05-11T00:00:00,0,2009-04-20T00:00:00,2,Stock_Uncertainty
15,none,True,2015-07-20T00:00:00,285,2015-07-20T00:00:00,284,2015-07-20T00:00:00,284,2015-07-13T00:00:00,0,2009-04-20T00:00:00,3,wheat_weekly_rv
15,none,True,2015-07-20T00:00:00,285,2015-07-20T00:00:00,284,2015-07-20T00:00:00,284,2015-07-13T00:00:00,0,2009-04-20T00:00:00,3,wheat_monthly_rv
15,none,True,2015-07-20T00:00:00,285,2015-07-20T00:00:00,284,2015-07-20T00:00:00,284,2015-07-13T00:00:00,0,2009-04-20T00:00:00,3,wheat_seasonal_rv
15,none,True,2015-07-20T00:00:00,285,2015-07-20T00:00:00,284,2015-07-20T00:00:00,284,2015-07-13T00:00:00,0,2009-04-20T00:00:00,3,wheat_weekly_rvb
15,none,True,2015-07-20T00:00:00,285,2015-07-20T00:00:00,284,2015-07-20T00:00:00,284,2015-07-13T00:00:00,0,2009-04-20T00:00:00,3,wheat_weekly_rvg
15,none,True,2015-07-20T00:00:00,285,2015-07-20T00:00:00,284,2015-07-20T00:00:00,284,2015-07-13T00:00:00,0,2009-04-20T00:00:00,3,wheat_weekly_jumps
15,none,True,2015-07-20T00:00:00,285,2015-07-20T00:00:00,284,2015-07-20T00:00:00,284,2015-07-13T00:00:00,0,2009-04-20T00:00:00,3,corn_weekly_rv
15,none,True,2015-07-20T00:00:00,285,2015-07-20T00:00:00,284,2015-07-20T00:00:00,284,2015-07-13T00:00:00,0,2009-04-20T00:00:00,3,soybeans_weekly_rv
15,none,True,2015-07-20T00:00:00,285,2015-07-20T00:00:00,284,2015-07-20T00:00:00,284,2015-07-13T00:00:00,0,2009-04-20T00:00:00,3,frbsf_sentiment
15,none,True,2015-07-20T00:00:00,285,2015-07-20T00:00:00,284,2015-07-20T00:00:00,284,2015-07-13T00:00:00,0,2009-04-20T00:00:00,3,Text_Climate_Anomaly
15,none,True,2015-07-20T00:00:00,285,2015-07-20T00:00:00,284,2015-07-20T00:00:00,284,2015-07-13T00:00:00,0,2009-04-20T00:00:00,3,epu_index
15,none,True,2015-07-20T00:00:00,285,2015-07-20T00:00:00,284,2015-07-20T00:00:00,284,2015-07-13T00:00:00,0,2009-04-20T00:00:00,3,DJIA_Index
15,none,True,2015-07-20T00:00:00,285,2015-07-20T00:00:00,284,2015-07-20T00:00:00,284,2015-07-13T00:00:00,0,2009-04-20T00:00:00,3,WTI_Index
15,none,True,2015-07-20T00:00:00,285,2015-07-20T00:00:00,284,2015-07-20T00:00:00,284,2015-07-13T00:00:00,0,2009-04-20T00:00:00,3,Broad_Dollar_index
15,none,True,2015-07-20T00:00:00,285,2015-07-20T00:00:00,284,2015-07-20T00:00:00,284,2015-07-13T00:00:00,0,2009-04-20T00:00:00,3,Stock_Uncertainty
15,none,True,2015-09-21T00:00:00,293,2015-09-21T00:00:00,292,2015-09-21T00:00:00,292,2015-09-14T00:00:00,0,2009-04-20T00:00:00,4,wheat_weekly_rv
15,none,True,2015-09-21T00:00:00,293,2015-09-21T00:00:00,292,2015-09-21T00:00:00,292,2015-09-14T00:00:00,0,2009-04-20T00:00:00,4,wheat_monthly_rv
15,none,True,2015-09-21T00:00:00,293,2015-09-21T00:00:00,292,2015-09-21T00:00:00,292,2015-09-14T00:00:00,0,2009-04-20T00:00:00,4,wheat_seasonal_rv
15,none,True,2015-09-21T00:00:00,293,2015-09-21T00:00:00,292,2015-09-21T00:00:00,292,2015-09-14T00:00:00,0,2009-04-20T00:00:00,4,wheat_weekly_rvb
15,none,True,2015-09-21T00:00:00,293,2015-09-21T00:00:00,292,2015-09-21T00:00:00,292,2015-09-14T00:00:00,0,2009-04-20T00:00:00,4,wheat_weekly_rvg
15,none,True,2015-09-21T00:00:00,293,2015-09-21T00:00:00,292,2015-09-21T00:00:00,292,2015-09-14T00:00:00,0,2009-04-20T00:00:00,4,wheat_weekly_jumps
15,none,True,2015-09-21T00:00:00,293,2015-09-21T00:00:00,292,2015-09-21T00:00:00,292,2015-09-14T00:00:00,0,2009-04-20T00:00:00,4,corn_weekly_rv
15,none,True,2015-09-21T00:00:00,293,2015-09-21T00:00:00,292,2015-09-21T00:00:00,292,2015-09-14T00:00:00,0,2009-04-20T00:00:00,4,soybeans_weekly_rv
15,none,True,2015-09-21T00:00:00,293,2015-09-21T00:00:00,292,2015-09-21T00:00:00,292,2015-09-14T00:00:00,0,2009-04-20T00:00:00,4,frbsf_sentiment
15,none,True,2015-09-21T00:00:00,293,2015-09-21T00:00:00,292,2015-09-21T00:00:00,292,2015-09-14T00:00:00,0,2009-04-20T00:00:00,4,Text_Climate_Anomaly
15,none,True,2015-09-21T00:00:00,293,2015-09-21T00:00:00,292,2015-09-21T00:00:00,292,2015-09-14T00:00:00,0,2009-04-20T00:00:00,4,epu_index
15,none,True,2015-09-21T00:00:00,293,2015-09-21T00:00:00,292,2015-09-21T00:00:00,292,2015-09-14T00:00:00,0,2009-04-20T00:00:00,4,DJIA_Index
15,none,True,2015-09-21T00:00:00,293,2015-09-21T00:00:00,292,2015-09-21T00:00:00,292,2015-09-14T00:00:00,0,2009-04-20T00:00:00,4,WTI_Index
15,none,True,2015-09-21T00:00:00,293,2015-09-21T00:00:00,292,2015-09-21T00:00:00,292,2015-09-14T00:00:00,0,2009-04-20T00:00:00,4,Broad_Dollar_index
15,none,True,2015-09-21T00:00:00,293,2015-09-21T00:00:00,292,2015-09-21T00:00:00,292,2015-09-14T00:00:00,0,2009-04-20T00:00:00,4,Stock_Uncertainty
15,none,True,2015-11-23T00:00:00,301,2015-11-23T00:00:00,300,2015-11-23T00:00:00,300,2015-11-16T00:00:00,0,2009-04-20T00:00:00,5,wheat_weekly_rv
15,none,True,2015-11-23T00:00:00,301,2015-11-23T00:00:00,300,2015-11-23T00:00:00,300,2015-11-16T00:00:00,0,2009-04-20T00:00:00,5,wheat_monthly_rv
15,none,True,2015-11-23T00:00:00,301,2015-11-23T00:00:00,300,2015-11-23T00:00:00,300,2015-11-16T00:00:00,0,2009-04-20T00:00:00,5,wheat_seasonal_rv
15,none,True,2015-11-23T00:00:00,301,2015-11-23T00:00:00,300,2015-11-23T00:00:00,300,2015-11-16T00:00:00,0,2009-04-20T00:00:00,5,wheat_weekly_rvb
15,none,True,2015-11-23T00:00:00,301,2015-11-23T00:00:00,300,2015-11-23T00:00:00,300,2015-11-16T00:00:00,0,2009-04-20T00:00:00,5,wheat_weekly_rvg
15,none,True,2015-11-23T00:00:00,301,2015-11-23T00:00:00,300,2015-11-23T00:00:00,300,2015-11-16T00:00:00,0,2009-04-20T00:00:00,5,wheat_weekly_jumps
15,none,True,2015-11-23T00:00:00,301,2015-11-23T00:00:00,300,2015-11-23T00:00:00,300,2015-11-16T00:00:00,0,2009-04-20T00:00:00,5,corn_weekly_rv
15,none,True,2015-11-23T00:00:00,301,2015-11-23T00:00:00,300,2015-11-23T00:00:00,300,2015-11-16T00:00:00,0,2009-04-20T00:00:00,5,soybeans_weekly_rv
15,none,True,2015-11-23T00:00:00,301,2015-11-23T00:00:00,300,2015-11-23T00:00:00,300,2015-11-16T00:00:00,0,2009-04-20T00:00:00,5,frbsf_sentiment
15,none,True,2015-11-23T00:00:00,301,2015-11-23T00:00:00,300,2015-11-23T00:00:00,300,2015-11-16T00:00:00,0,2009-04-20T00:00:00,5,Text_Climate_Anomaly
15,none,True,2015-11-23T00:00:00,301,2015-11-23T00:00:00,300,2015-11-23T00:00:00,300,2015-11-16T00:00:00,0,2009-04-20T00:00:00,5,epu_index
15,none,True,2015-11-23T00:00:00,301,2015-11-23T00:00:00,300,2015-11-23T00:00:00,300,2015-11-16T00:00:00,0,2009-04-20T00:00:00,5,DJIA_Index
15,none,True,2015-11-23T00:00:00,301,2015-11-23T00:00:00,300,2015-11-23T00:00:00,300,2015-11-16T00:00:00,0,2009-04-20T00:00:00,5,WTI_Index
15,none,True,2015-11-23T00:00:00,301,2015-11-23T00:00:00,300,2015-11-23T00:00:00,300,2015-11-16T00:00:00,0,2009-04-20T00:00:00,5,Broad_Dollar_index
15,none,True,2015-11-23T00:00:00,301,2015-11-23T00:00:00,300,2015-11-23T00:00:00,300,2015-11-16T00:00:00,0,2009-04-20T00:00:00,5,Stock_Uncertainty
15,none,True,2016-02-01T00:00:00,309,2016-02-01T00:00:00,308,2016-02-01T00:00:00,308,2016-01-11T00:00:00,0,2009-04-20T00:00:00,6,wheat_weekly_rv
15,none,True,2016-02-01T00:00:00,309,2016-02-01T00:00:00,308,2016-02-01T00:00:00,308,2016-01-11T00:00:00,0,2009-04-20T00:00:00,6,wheat_monthly_rv
15,none,True,2016-02-01T00:00:00,309,2016-02-01T00:00:00,308,2016-02-01T00:00:00,308,2016-01-11T00:00:00,0,2009-04-20T00:00:00,6,wheat_seasonal_rv
15,none,True,2016-02-01T00:00:00,309,2016-02-01T00:00:00,308,2016-02-01T00:00:00,308,2016-01-11T00:00:00,0,2009-04-20T00:00:00,6,wheat_weekly_rvb
15,none,True,2016-02-01T00:00:00,309,2016-02-01T00:00:00,308,2016-02-01T00:00:00,308,2016-01-11T00:00:00,0,2009-04-20T00:00:00,6,wheat_weekly_rvg
15,none,True,2016-02-01T00:00:00,309,2016-02-01T00:00:00,308,2016-02-01T00:00:00,308,2016-01-11T00:00:00,0,2009-04-20T00:00:00,6,wheat_weekly_jumps
15,none,True,2016-02-01T00:00:00,309,2016-02-01T00:00:00,308,2016-02-01T00:00:00,308,2016-01-11T00:00:00,0,2009-04-20T00:00:00,6,corn_weekly_rv
15,none,True,2016-02-01T00:00:00,309,2016-02-01T00:00:00,308,2016-02-01T00:00:00,308,2016-01-11T00:00:00,0,2009-04-20T00:00:00,6,soybeans_weekly_rv
15,none,True,2016-02-01T00:00:00,309,2016-02-01T00:00:00,308,2016-02-01T00:00:00,308,2016-01-11T00:00:00,0,2009-04-20T00:00:00,6,frbsf_sentiment
15,none,True,2016-02-01T00:00:00,309,2016-02-01T00:00:00,308,2016-02-01T00:00:00,308,2016-01-11T00:00:00,0,2009-04-20T00:00:00,6,Text_Climate_Anomaly
15,none,True,2016-02-01T00:00:00,309,2016-02-01T00:00:00,308,2016-02-01T00:00:00,308,2016-01-11T00:00:00,0,2009-04-20T00:00:00,6,epu_index
15,none,True,2016-02-01T00:00:00,309,2016-02-01T00:00:00,308,2016-02-01T00:00:00,308,2016-01-11T00:00:00,0,2009-04-20T00:00:00,6,DJIA_Index
15,none,True,2016-02-01T00:00:00,309,2016-02-01T00:00:00,308,2016-02-01T00:00:00,308,2016-01-11T00:00:00,0,2009-04-20T00:00:00,6,WTI_Index
15,none,True,2016-02-01T00:00:00,309,2016-02-01T00:00:00,308,2016-02-01T00:00:00,308,2016-01-11T00:00:00,0,2009-04-20T00:00:00,6,Broad_Dollar_index
15,none,True,2016-02-01T00:00:00,309,2016-02-01T00:00:00,308,2016-02-01T00:00:00,308,2016-01-11T00:00:00,0,2009-04-20T00:00:00,6,Stock_Uncertainty
15,none,True,2016-04-04T00:00:00,317,2016-04-04T00:00:00,316,2016-04-04T00:00:00,316,2016-03-28T00:00:00,0,2009-04-20T00:00:00,7,wheat_weekly_rv
15,none,True,2016-04-04T00:00:00,317,2016-04-04T00:00:00,316,2016-04-04T00:00:00,316,2016-03-28T00:00:00,0,2009-04-20T00:00:00,7,wheat_monthly_rv
15,none,True,2016-04-04T00:00:00,317,2016-04-04T00:00:00,316,2016-04-04T00:00:00,316,2016-03-28T00:00:00,0,2009-04-20T00:00:00,7,wheat_seasonal_rv
15,none,True,2016-04-04T00:00:00,317,2016-04-04T00:00:00,316,2016-04-04T00:00:00,316,2016-03-28T00:00:00,0,2009-04-20T00:00:00,7,wheat_weekly_rvb
15,none,True,2016-04-04T00:00:00,317,2016-04-04T00:00:00,316,2016-04-04T00:00:00,316,2016-03-28T00:00:00,0,2009-04-20T00:00:00,7,wheat_weekly_rvg
15,none,True,2016-04-04T00:00:00,317,2016-04-04T00:00:00,316,2016-04-04T00:00:00,316,2016-03-28T00:00:00,0,2009-04-20T00:00:00,7,wheat_weekly_jumps
15,none,True,2016-04-04T00:00:00,317,2016-04-04T00:00:00,316,2016-04-04T00:00:00,316,2016-03-28T00:00:00,0,2009-04-20T00:00:00,7,corn_weekly_rv
15,none,True,2016-04-04T00:00:00,317,2016-04-04T00:00:00,316,2016-04-04T00:00:00,316,2016-03-28T00:00:00,0,2009-04-20T00:00:00,7,soybeans_weekly_rv
15,none,True,2016-04-04T00:00:00,317,2016-04-04T00:00:00,316,2016-04-04T00:00:00,316,2016-03-28T00:00:00,0,2009-04-20T00:00:00,7,frbsf_sentiment
15,none,True,2016-04-04T00:00:00,317,2016-04-04T00:00:00,316,2016-04-04T00:00:00,316,2016-03-28T00:00:00,0,2009-04-20T00:00:00,7,Text_Climate_Anomaly
15,none,True,2016-04-04T00:00:00,317,2016-04-04T00:00:00,316,2016-04-04T00:00:00,316,2016-03-28T00:00:00,0,2009-04-20T00:00:00,7,epu_index
15,none,True,2016-04-04T00:00:00,317,2016-04-04T00:00:00,316,2016-04-04T00:00:00,316,2016-03-28T00:00:00,0,2009-04-20T00:00:00,7,DJIA_Index
15,none,True,2016-04-04T00:00:00,317,2016-04-04T00:00:00,316,2016-04-04T00:00:00,316,2016-03-28T00:00:00,0,2009-04-20T00:00:00,7,WTI_Index
15,none,True,2016-04-04T00:00:00,317,2016-04-04T00:00:00,316,2016-04-04T00:00:00,316,2016-03-28T00:00:00,0,2009-04-20T00:00:00,7,Broad_Dollar_index
15,none,True,2016-04-04T00:00:00,317,2016-04-04T00:00:00,316,2016-04-04T00:00:00,316,2016-03-28T00:00:00,0,2009-04-20T00:00:00,7,Stock_Uncertainty
15,none,True,2016-06-06T00:00:00,325,2016-06-06T00:00:00,324,2016-06-06T00:00:00,324,2016-05-23T00:00:00,0,2009-04-20T00:00:00,8,wheat_weekly_rv
15,none,True,2016-06-06T00:00:00,325,2016-06-06T00:00:00,324,2016-06-06T00:00:00,324,2016-05-23T00:00:00,0,2009-04-20T00:00:00,8,wheat_monthly_rv
15,none,True,2016-06-06T00:00:00,325,2016-06-06T00:00:00,324,2016-06-06T00:00:00,324,2016-05-23T00:00:00,0,2009-04-20T00:00:00,8,wheat_seasonal_rv
15,none,True,2016-06-06T00:00:00,325,2016-06-06T00:00:00,324,2016-06-06T00:00:00,324,2016-05-23T00:00:00,0,2009-04-20T00:00:00,8,wheat_weekly_rvb
15,none,True,2016-06-06T00:00:00,325,2016-06-06T00:00:00,324,2016-06-06T00:00:00,324,2016-05-23T00:00:00,0,2009-04-20T00:00:00,8,wheat_weekly_rvg
15,none,True,2016-06-06T00:00:00,325,2016-06-06T00:00:00,324,2016-06-06T00:00:00,324,2016-05-23T00:00:00,0,2009-04-20T00:00:00,8,wheat_weekly_jumps
15,none,True,2016-06-06T00:00:00,325,2016-06-06T00:00:00,324,2016-06-06T00:00:00,324,2016-05-23T00:00:00,0,2009-04-20T00:00:00,8,corn_weekly_rv
15,none,True,2016-06-06T00:00:00,325,2016-06-06T00:00:00,324,2016-06-06T00:00:00,324,2016-05-23T00:00:00,0,2009-04-20T00:00:00,8,soybeans_weekly_rv
15,none,True,2016-06-06T00:00:00,325,2016-06-06T00:00:00,324,2016-06-06T00:00:00,324,2016-05-23T00:00:00,0,2009-04-20T00:00:00,8,frbsf_sentiment
15,none,True,2016-06-06T00:00:00,325,2016-06-06T00:00:00,324,2016-06-06T00:00:00,324,2016-05-23T00:00:00,0,2009-04-20T00:00:00,8,Text_Climate_Anomaly
15,none,True,2016-06-06T00:00:00,325,2016-06-06T00:00:00,324,2016-06-06T00:00:00,324,2016-05-23T00:00:00,0,2009-04-20T00:00:00,8,epu_index
15,none,True,2016-06-06T00:00:00,325,2016-06-06T00:00:00,324,2016-06-06T00:00:00,324,2016-05-23T00:00:00,0,2009-04-20T00:00:00,8,DJIA_Index
15,none,True,2016-06-06T00:00:00,325,2016-06-06T00:00:00,324,2016-06-06T00:00:00,324,2016-05-23T00:00:00,0,2009-04-20T00:00:00,8,WTI_Index
15,none,True,2016-06-06T00:00:00,325,2016-06-06T00:00:00,324,2016-06-06T00:00:00,324,2016-05-23T00:00:00,0,2009-04-20T00:00:00,8,Broad_Dollar_index
15,none,True,2016-06-06T00:00:00,325,2016-06-06T00:00:00,324,2016-06-06T00:00:00,324,2016-05-23T00:00:00,0,2009-04-20T00:00:00,8,Stock_Uncertainty
15,none,True,2016-08-08T00:00:00,333,2016-08-08T00:00:00,332,2016-08-08T00:00:00,332,2016-08-01T00:00:00,0,2009-04-20T00:00:00,9,wheat_weekly_rv
15,none,True,2016-08-08T00:00:00,333,2016-08-08T00:00:00,332,2016-08-08T00:00:00,332,2016-08-01T00:00:00,0,2009-04-20T00:00:00,9,wheat_monthly_rv
15,none,True,2016-08-08T00:00:00,333,2016-08-08T00:00:00,332,2016-08-08T00:00:00,332,2016-08-01T00:00:00,0,2009-04-20T00:00:00,9,wheat_seasonal_rv
15,none,True,2016-08-08T00:00:00,333,2016-08-08T00:00:00,332,2016-08-08T00:00:00,332,2016-08-01T00:00:00,0,2009-04-20T00:00:00,9,wheat_weekly_rvb
15,none,True,2016-08-08T00:00:00,333,2016-08-08T00:00:00,332,2016-08-08T00:00:00,332,2016-08-01T00:00:00,0,2009-04-20T00:00:00,9,wheat_weekly_rvg
15,none,True,2016-08-08T00:00:00,333,2016-08-08T00:00:00,332,2016-08-08T00:00:00,332,2016-08-01T00:00:00,0,2009-04-20T00:00:00,9,wheat_weekly_jumps
15,none,True,2016-08-08T00:00:00,333,2016-08-08T00:00:00,332,2016-08-08T00:00:00,332,2016-08-01T00:00:00,0,2009-04-20T00:00:00,9,corn_weekly_rv
15,none,True,2016-08-08T00:00:00,333,2016-08-08T00:00:00,332,2016-08-08T00:00:00,332,2016-08-01T00:00:00,0,2009-04-20T00:00:00,9,soybeans_weekly_rv
15,none,True,2016-08-08T00:00:00,333,2016-08-08T00:00:00,332,2016-08-08T00:00:00,332,2016-08-01T00:00:00,0,2009-04-20T00:00:00,9,frbsf_sentiment
15,none,True,2016-08-08T00:00:00,333,2016-08-08T00:00:00,332,2016-08-08T00:00:00,332,2016-08-01T00:00:00,0,2009-04-20T00:00:00,9,Text_Climate_Anomaly
15,none,True,2016-08-08T00:00:00,333,2016-08-08T00:00:00,332,2016-08-08T00:00:00,332,2016-08-01T00:00:00,0,2009-04-20T00:00:00,9,epu_index
15,none,True,2016-08-08T00:00:00,333,2016-08-08T00:00:00,332,2016-08-08T00:00:00,332,2016-08-01T00:00:00,0,2009-04-20T00:00:00,9,DJIA_Index
15,none,True,2016-08-08T00:00:00,333,2016-08-08T00:00:00,332,2016-08-08T00:00:00,332,2016-08-01T00:00:00,0,2009-04-20T00:00:00,9,WTI_Index
15,none,True,2016-08-08T00:00:00,333,2016-08-08T00:00:00,332,2016-08-08T00:00:00,332,2016-08-01T00:00:00,0,2009-04-20T00:00:00,9,Broad_Dollar_index
15,none,True,2016-08-08T00:00:00,333,2016-08-08T00:00:00,332,2016-08-08T00:00:00,332,2016-08-01T00:00:00,0,2009-04-20T00:00:00,9,Stock_Uncertainty
15,none,True,2016-10-17T00:00:00,341,2016-10-17T00:00:00,340,2016-10-17T00:00:00,340,2016-10-03T00:00:00,0,2009-04-20T00:00:00,10,wheat_weekly_rv
15,none,True,2016-10-17T00:00:00,341,2016-10-17T00:00:00,340,2016-10-17T00:00:00,340,2016-10-03T00:00:00,0,2009-04-20T00:00:00,10,wheat_monthly_rv
15,none,True,2016-10-17T00:00:00,341,2016-10-17T00:00:00,340,2016-10-17T00:00:00,340,2016-10-03T00:00:00,0,2009-04-20T00:00:00,10,wheat_seasonal_rv
15,none,True,2016-10-17T00:00:00,341,2016-10-17T00:00:00,340,2016-10-17T00:00:00,340,2016-10-03T00:00:00,0,2009-04-20T00:00:00,10,wheat_weekly_rvb
15,none,True,2016-10-17T00:00:00,341,2016-10-17T00:00:00,340,2016-10-17T00:00:00,340,2016-10-03T00:00:00,0,2009-04-20T00:00:00,10,wheat_weekly_rvg
15,none,True,2016-10-17T00:00:00,341,2016-10-17T00:00:00,340,2016-10-17T00:00:00,340,2016-10-03T00:00:00,0,2009-04-20T00:00:00,10,wheat_weekly_jumps
15,none,True,2016-10-17T00:00:00,341,2016-10-17T00:00:00,340,2016-10-17T00:00:00,340,2016-10-03T00:00:00,0,2009-04-20T00:00:00,10,corn_weekly_rv
15,none,True,2016-10-17T00:00:00,341,2016-10-17T00:00:00,340,2016-10-17T00:00:00,340,2016-10-03T00:00:00,0,2009-04-20T00:00:00,10,soybeans_weekly_rv
15,none,True,2016-10-17T00:00:00,341,2016-10-17T00:00:00,340,2016-10-17T00:00:00,340,2016-10-03T00:00:00,0,2009-04-20T00:00:00,10,frbsf_sentiment
15,none,True,2016-10-17T00:00:00,341,2016-10-17T00:00:00,340,2016-10-17T00:00:00,340,2016-10-03T00:00:00,0,2009-04-20T00:00:00,10,Text_Climate_Anomaly
15,none,True,2016-10-17T00:00:00,341,2016-10-17T00:00:00,340,2016-10-17T00:00:00,340,2016-10-03T00:00:00,0,2009-04-20T00:00:00,10,epu_index
15,none,True,2016-10-17T00:00:00,341,2016-10-17T00:00:00,340,2016-10-17T00:00:00,340,2016-10-03T00:00:00,0,2009-04-20T00:00:00,10,DJIA_Index
15,none,True,2016-10-17T00:00:00,341,2016-10-17T00:00:00,340,2016-10-17T00:00:00,340,2016-10-03T00:00:00,0,2009-04-20T00:00:00,10,WTI_Index
15,none,True,2016-10-17T00:00:00,341,2016-10-17T00:00:00,340,2016-10-17T00:00:00,340,2016-10-03T00:00:00,0,2009-04-20T00:00:00,10,Broad_Dollar_index
15,none,True,2016-10-17T00:00:00,341,2016-10-17T00:00:00,340,2016-10-17T00:00:00,340,2016-10-03T00:00:00,0,2009-04-20T00:00:00,10,Stock_Uncertainty
15,none,True,2016-12-12T00:00:00,349,2016-12-12T00:00:00,348,2016-12-12T00:00:00,348,2016-12-05T00:00:00,0,2009-04-20T00:00:00,11,wheat_weekly_rv
15,none,True,2016-12-12T00:00:00,349,2016-12-12T00:00:00,348,2016-12-12T00:00:00,348,2016-12-05T00:00:00,0,2009-04-20T00:00:00,11,wheat_monthly_rv
15,none,True,2016-12-12T00:00:00,349,2016-12-12T00:00:00,348,2016-12-12T00:00:00,348,2016-12-05T00:00:00,0,2009-04-20T00:00:00,11,wheat_seasonal_rv
15,none,True,2016-12-12T00:00:00,349,2016-12-12T00:00:00,348,2016-12-12T00:00:00,348,2016-12-05T00:00:00,0,2009-04-20T00:00:00,11,wheat_weekly_rvb
15,none,True,2016-12-12T00:00:00,349,2016-12-12T00:00:00,348,2016-12-12T00:00:00,348,2016-12-05T00:00:00,0,2009-04-20T00:00:00,11,wheat_weekly_rvg
15,none,True,2016-12-12T00:00:00,349,2016-12-12T00:00:00,348,2016-12-12T00:00:00,348,2016-12-05T00:00:00,0,2009-04-20T00:00:00,11,wheat_weekly_jumps
15,none,True,2016-12-12T00:00:00,349,2016-12-12T00:00:00,348,2016-12-12T00:00:00,348,2016-12-05T00:00:00,0,2009-04-20T00:00:00,11,corn_weekly_rv
15,none,True,2016-12-12T00:00:00,349,2016-12-12T00:00:00,348,2016-12-12T00:00:00,348,2016-12-05T00:00:00,0,2009-04-20T00:00:00,11,soybeans_weekly_rv
15,none,True,2016-12-12T00:00:00,349,2016-12-12T00:00:00,348,2016-12-12T00:00:00,348,2016-12-05T00:00:00,0,2009-04-20T00:00:00,11,frbsf_sentiment
15,none,True,2016-12-12T00:00:00,349,2016-12-12T00:00:00,348,2016-12-12T00:00:00,348,2016-12-05T00:00:00,0,2009-04-20T00:00:00,11,Text_Climate_Anomaly
15,none,True,2016-12-12T00:00:00,349,2016-12-12T00:00:00,348,2016-12-12T00:00:00,348,2016-12-05T00:00:00,0,2009-04-20T00:00:00,11,epu_index
15,none,True,2016-12-12T00:00:00,349,2016-12-12T00:00:00,348,2016-12-12T00:00:00,348,2016-12-05T00:00:00,0,2009-04-20T00:00:00,11,DJIA_Index
15,none,True,2016-12-12T00:00:00,349,2016-12-12T00:00:00,348,2016-12-12T00:00:00,348,2016-12-05T00:00:00,0,2009-04-20T00:00:00,11,WTI_Index
15,none,True,2016-12-12T00:00:00,349,2016-12-12T00:00:00,348,2016-12-12T00:00:00,348,2016-12-05T00:00:00,0,2009-04-20T00:00:00,11,Broad_Dollar_index
15,none,True,2016-12-12T00:00:00,349,2016-12-12T00:00:00,348,2016-12-12T00:00:00,348,2016-12-05T00:00:00,0,2009-04-20T00:00:00,11,Stock_Uncertainty
15,none,True,2017-03-06T00:00:00,357,2017-03-06T00:00:00,356,2017-03-06T00:00:00,356,2017-02-27T00:00:00,0,2009-04-20T00:00:00,12,wheat_weekly_rv
15,none,True,2017-03-06T00:00:00,357,2017-03-06T00:00:00,356,2017-03-06T00:00:00,356,2017-02-27T00:00:00,0,2009-04-20T00:00:00,12,wheat_monthly_rv
15,none,True,2017-03-06T00:00:00,357,2017-03-06T00:00:00,356,2017-03-06T00:00:00,356,2017-02-27T00:00:00,0,2009-04-20T00:00:00,12,wheat_seasonal_rv
15,none,True,2017-03-06T00:00:00,357,2017-03-06T00:00:00,356,2017-03-06T00:00:00,356,2017-02-27T00:00:00,0,2009-04-20T00:00:00,12,wheat_weekly_rvb
15,none,True,2017-03-06T00:00:00,357,2017-03-06T00:00:00,356,2017-03-06T00:00:00,356,2017-02-27T00:00:00,0,2009-04-20T00:00:00,12,wheat_weekly_rvg
15,none,True,2017-03-06T00:00:00,357,2017-03-06T00:00:00,356,2017-03-06T00:00:00,356,2017-02-27T00:00:00,0,2009-04-20T00:00:00,12,wheat_weekly_jumps
15,none,True,2017-03-06T00:00:00,357,2017-03-06T00:00:00,356,2017-03-06T00:00:00,356,2017-02-27T00:00:00,0,2009-04-20T00:00:00,12,corn_weekly_rv
15,none,True,2017-03-06T00:00:00,357,2017-03-06T00:00:00,356,2017-03-06T00:00:00,356,2017-02-27T00:00:00,0,2009-04-20T00:00:00,12,soybeans_weekly_rv
15,none,True,2017-03-06T00:00:00,357,2017-03-06T00:00:00,356,2017-03-06T00:00:00,356,2017-02-27T00:00:00,0,2009-04-20T00:00:00,12,frbsf_sentiment
15,none,True,2017-03-06T00:00:00,357,2017-03-06T00:00:00,356,2017-03-06T00:00:00,356,2017-02-27T00:00:00,0,2009-04-20T00:00:00,12,Text_Climate_Anomaly
15,none,True,2017-03-06T00:00:00,357,2017-03-06T00:00:00,356,2017-03-06T00:00:00,356,2017-02-27T00:00:00,0,2009-04-20T00:00:00,12,epu_index
15,none,True,2017-03-06T00:00:00,357,2017-03-06T00:00:00,356,2017-03-06T00:00:00,356,2017-02-27T00:00:00,0,2009-04-20T00:00:00,12,DJIA_Index
15,none,True,2017-03-06T00:00:00,357,2017-03-06T00:00:00,356,2017-03-06T00:00:00,356,2017-02-27T00:00:00,0,2009-04-20T00:00:00,12,WTI_Index
15,none,True,2017-03-06T00:00:00,357,2017-03-06T00:00:00,356,2017-03-06T00:00:00,356,2017-02-27T00:00:00,0,2009-04-20T00:00:00,12,Broad_Dollar_index
15,none,True,2017-03-06T00:00:00,357,2017-03-06T00:00:00,356,2017-03-06T00:00:00,356,2017-02-27T00:00:00,0,2009-04-20T00:00:00,12,Stock_Uncertainty
15,none,True,2017-05-01T00:00:00,365,2017-05-01T00:00:00,364,2017-05-01T00:00:00,364,2017-04-24T00:00:00,0,2009-04-20T00:00:00,13,wheat_weekly_rv
15,none,True,2017-05-01T00:00:00,365,2017-05-01T00:00:00,364,2017-05-01T00:00:00,364,2017-04-24T00:00:00,0,2009-04-20T00:00:00,13,wheat_monthly_rv
15,none,True,2017-05-01T00:00:00,365,2017-05-01T00:00:00,364,2017-05-01T00:00:00,364,2017-04-24T00:00:00,0,2009-04-20T00:00:00,13,wheat_seasonal_rv
15,none,True,2017-05-01T00:00:00,365,2017-05-01T00:00:00,364,2017-05-01T00:00:00,364,2017-04-24T00:00:00,0,2009-04-20T00:00:00,13,wheat_weekly_rvb
15,none,True,2017-05-01T00:00:00,365,2017-05-01T00:00:00,364,2017-05-01T00:00:00,364,2017-04-24T00:00:00,0,2009-04-20T00:00:00,13,wheat_weekly_rvg
15,none,True,2017-05-01T00:00:00,365,2017-05-01T00:00:00,364,2017-05-01T00:00:00,364,2017-04-24T00:00:00,0,2009-04-20T00:00:00,13,wheat_weekly_jumps
15,none,True,2017-05-01T00:00:00,365,2017-05-01T00:00:00,364,2017-05-01T00:00:00,364,2017-04-24T00:00:00,0,2009-04-20T00:00:00,13,corn_weekly_rv
15,none,True,2017-05-01T00:00:00,365,2017-05-01T00:00:00,364,2017-05-01T00:00:00,364,2017-04-24T00:00:00,0,2009-04-20T00:00:00,13,soybeans_weekly_rv
15,none,True,2017-05-01T00:00:00,365,2017-05-01T00:00:00,364,2017-05-01T00:00:00,364,2017-04-24T00:00:00,0,2009-04-20T00:00:00,13,frbsf_sentiment
15,none,True,2017-05-01T00:00:00,365,2017-05-01T00:00:00,364,2017-05-01T00:00:00,364,2017-04-24T00:00:00,0,2009-04-20T00:00:00,13,Text_Climate_Anomaly
15,none,True,2017-05-01T00:00:00,365,2017-05-01T00:00:00,364,2017-05-01T00:00:00,364,2017-04-24T00:00:00,0,2009-04-20T00:00:00,13,epu_index
15,none,True,2017-05-01T00:00:00,365,2017-05-01T00:00:00,364,2017-05-01T00:00:00,364,2017-04-24T00:00:00,0,2009-04-20T00:00:00,13,DJIA_Index
15,none,True,2017-05-01T00:00:00,365,2017-05-01T00:00:00,364,2017-05-01T00:00:00,364,2017-04-24T00:00:00,0,2009-04-20T00:00:00,13,WTI_Index
15,none,True,2017-05-01T00:00:00,365,2017-05-01T00:00:00,364,2017-05-01T00:00:00,364,2017-04-24T00:00:00,0,2009-04-20T00:00:00,13,Broad_Dollar_index
15,none,True,2017-05-01T00:00:00,365,2017-05-01T00:00:00,364,2017-05-01T00:00:00,364,2017-04-24T00:00:00,0,2009-04-20T00:00:00,13,Stock_Uncertainty
15,none,True,2017-07-03T00:00:00,373,2017-07-03T00:00:00,372,2017-07-03T00:00:00,372,2017-06-26T00:00:00,0,2009-04-20T00:00:00,14,wheat_weekly_rv
15,none,True,2017-07-03T00:00:00,373,2017-07-03T00:00:00,372,2017-07-03T00:00:00,372,2017-06-26T00:00:00,0,2009-04-20T00:00:00,14,wheat_monthly_rv
15,none,True,2017-07-03T00:00:00,373,2017-07-03T00:00:00,372,2017-07-03T00:00:00,372,2017-06-26T00:00:00,0,2009-04-20T00:00:00,14,wheat_seasonal_rv
15,none,True,2017-07-03T00:00:00,373,2017-07-03T00:00:00,372,2017-07-03T00:00:00,372,2017-06-26T00:00:00,0,2009-04-20T00:00:00,14,wheat_weekly_rvb
15,none,True,2017-07-03T00:00:00,373,2017-07-03T00:00:00,372,2017-07-03T00:00:00,372,2017-06-26T00:00:00,0,2009-04-20T00:00:00,14,wheat_weekly_rvg
15,none,True,2017-07-03T00:00:00,373,2017-07-03T00:00:00,372,2017-07-03T00:00:00,372,2017-06-26T00:00:00,0,2009-04-20T00:00:00,14,wheat_weekly_jumps
15,none,True,2017-07-03T00:00:00,373,2017-07-03T00:00:00,372,2017-07-03T00:00:00,372,2017-06-26T00:00:00,0,2009-04-20T00:00:00,14,corn_weekly_rv
15,none,True,2017-07-03T00:00:00,373,2017-07-03T00:00:00,372,2017-07-03T00:00:00,372,2017-06-26T00:00:00,0,2009-04-20T00:00:00,14,soybeans_weekly_rv
15,none,True,2017-07-03T00:00:00,373,2017-07-03T00:00:00,372,2017-07-03T00:00:00,372,2017-06-26T00:00:00,0,2009-04-20T00:00:00,14,frbsf_sentiment
15,none,True,2017-07-03T00:00:00,373,2017-07-03T00:00:00,372,2017-07-03T00:00:00,372,2017-06-26T00:00:00,0,2009-04-20T00:00:00,14,Text_Climate_Anomaly
15,none,True,2017-07-03T00:00:00,373,2017-07-03T00:00:00,372,2017-07-03T00:00:00,372,2017-06-26T00:00:00,0,2009-04-20T00:00:00,14,epu_index
15,none,True,2017-07-03T00:00:00,373,2017-07-03T00:00:00,372,2017-07-03T00:00:00,372,2017-06-26T00:00:00,0,2009-04-20T00:00:00,14,DJIA_Index
15,none,True,2017-07-03T00:00:00,373,2017-07-03T00:00:00,372,2017-07-03T00:00:00,372,2017-06-26T00:00:00,0,2009-04-20T00:00:00,14,WTI_Index
15,none,True,2017-07-03T00:00:00,373,2017-07-03T00:00:00,372,2017-07-03T00:00:00,372,2017-06-26T00:00:00,0,2009-04-20T00:00:00,14,Broad_Dollar_index
15,none,True,2017-07-03T00:00:00,373,2017-07-03T00:00:00,372,2017-07-03T00:00:00,372,2017-06-26T00:00:00,0,2009-04-20T00:00:00,14,Stock_Uncertainty
15,none,True,2017-08-28T00:00:00,381,2017-08-28T00:00:00,380,2017-08-28T00:00:00,380,2017-08-21T00:00:00,0,2009-04-20T00:00:00,15,wheat_weekly_rv
15,none,True,2017-08-28T00:00:00,381,2017-08-28T00:00:00,380,2017-08-28T00:00:00,380,2017-08-21T00:00:00,0,2009-04-20T00:00:00,15,wheat_monthly_rv
15,none,True,2017-08-28T00:00:00,381,2017-08-28T00:00:00,380,2017-08-28T00:00:00,380,2017-08-21T00:00:00,0,2009-04-20T00:00:00,15,wheat_seasonal_rv
15,none,True,2017-08-28T00:00:00,381,2017-08-28T00:00:00,380,2017-08-28T00:00:00,380,2017-08-21T00:00:00,0,2009-04-20T00:00:00,15,wheat_weekly_rvb
15,none,True,2017-08-28T00:00:00,381,2017-08-28T00:00:00,380,2017-08-28T00:00:00,380,2017-08-21T00:00:00,0,2009-04-20T00:00:00,15,wheat_weekly_rvg
15,none,True,2017-08-28T00:00:00,381,2017-08-28T00:00:00,380,2017-08-28T00:00:00,380,2017-08-21T00:00:00,0,2009-04-20T00:00:00,15,wheat_weekly_jumps
15,none,True,2017-08-28T00:00:00,381,2017-08-28T00:00:00,380,2017-08-28T00:00:00,380,2017-08-21T00:00:00,0,2009-04-20T00:00:00,15,corn_weekly_rv
15,none,True,2017-08-28T00:00:00,381,2017-08-28T00:00:00,380,2017-08-28T00:00:00,380,2017-08-21T00:00:00,0,2009-04-20T00:00:00,15,soybeans_weekly_rv
15,none,True,2017-08-28T00:00:00,381,2017-08-28T00:00:00,380,2017-08-28T00:00:00,380,2017-08-21T00:00:00,0,2009-04-20T00:00:00,15,frbsf_sentiment
15,none,True,2017-08-28T00:00:00,381,2017-08-28T00:00:00,380,2017-08-28T00:00:00,380,2017-08-21T00:00:00,0,2009-04-20T00:00:00,15,Text_Climate_Anomaly
15,none,True,2017-08-28T00:00:00,381,2017-08-28T00:00:00,380,2017-08-28T00:00:00,380,2017-08-21T00:00:00,0,2009-04-20T00:00:00,15,epu_index
15,none,True,2017-08-28T00:00:00,381,2017-08-28T00:00:00,380,2017-08-28T00:00:00,380,2017-08-21T00:00:00,0,2009-04-20T00:00:00,15,DJIA_Index
15,none,True,2017-08-28T00:00:00,381,2017-08-28T00:00:00,380,2017-08-28T00:00:00,380,2017-08-21T00:00:00,0,2009-04-20T00:00:00,15,WTI_Index
15,none,True,2017-08-28T00:00:00,381,2017-08-28T00:00:00,380,2017-08-28T00:00:00,380,2017-08-21T00:00:00,0,2009-04-20T00:00:00,15,Broad_Dollar_index
15,none,True,2017-08-28T00:00:00,381,2017-08-28T00:00:00,380,2017-08-28T00:00:00,380,2017-08-21T00:00:00,0,2009-04-20T00:00:00,15,Stock_Uncertainty
15,none,True,2017-11-06T00:00:00,389,2017-11-06T00:00:00,388,2017-11-06T00:00:00,388,2017-10-30T00:00:00,0,2009-04-20T00:00:00,16,wheat_weekly_rv
15,none,True,2017-11-06T00:00:00,389,2017-11-06T00:00:00,388,2017-11-06T00:00:00,388,2017-10-30T00:00:00,0,2009-04-20T00:00:00,16,wheat_monthly_rv
15,none,True,2017-11-06T00:00:00,389,2017-11-06T00:00:00,388,2017-11-06T00:00:00,388,2017-10-30T00:00:00,0,2009-04-20T00:00:00,16,wheat_seasonal_rv
15,none,True,2017-11-06T00:00:00,389,2017-11-06T00:00:00,388,2017-11-06T00:00:00,388,2017-10-30T00:00:00,0,2009-04-20T00:00:00,16,wheat_weekly_rvb
15,none,True,2017-11-06T00:00:00,389,2017-11-06T00:00:00,388,2017-11-06T00:00:00,388,2017-10-30T00:00:00,0,2009-04-20T00:00:00,16,wheat_weekly_rvg
15,none,True,2017-11-06T00:00:00,389,2017-11-06T00:00:00,388,2017-11-06T00:00:00,388,2017-10-30T00:00:00,0,2009-04-20T00:00:00,16,wheat_weekly_jumps
15,none,True,2017-11-06T00:00:00,389,2017-11-06T00:00:00,388,2017-11-06T00:00:00,388,2017-10-30T00:00:00,0,2009-04-20T00:00:00,16,corn_weekly_rv
15,none,True,2017-11-06T00:00:00,389,2017-11-06T00:00:00,388,2017-11-06T00:00:00,388,2017-10-30T00:00:00,0,2009-04-20T00:00:00,16,soybeans_weekly_rv
15,none,True,2017-11-06T00:00:00,389,2017-11-06T00:00:00,388,2017-11-06T00:00:00,388,2017-10-30T00:00:00,0,2009-04-20T00:00:00,16,frbsf_sentiment
15,none,True,2017-11-06T00:00:00,389,2017-11-06T00:00:00,388,2017-11-06T00:00:00,388,2017-10-30T00:00:00,0,2009-04-20T00:00:00,16,Text_Climate_Anomaly
15,none,True,2017-11-06T00:00:00,389,2017-11-06T00:00:00,388,2017-11-06T00:00:00,388,2017-10-30T00:00:00,0,2009-04-20T00:00:00,16,epu_index
15,none,True,2017-11-06T00:00:00,389,2017-11-06T00:00:00,388,2017-11-06T00:00:00,388,2017-10-30T00:00:00,0,2009-04-20T00:00:00,16,DJIA_Index
15,none,True,2017-11-06T00:00:00,389,2017-11-06T00:00:00,388,2017-11-06T00:00:00,388,2017-10-30T00:00:00,0,2009-04-20T00:00:00,16,WTI_Index
15,none,True,2017-11-06T00:00:00,389,2017-11-06T00:00:00,388,2017-11-06T00:00:00,388,2017-10-30T00:00:00,0,2009-04-20T00:00:00,16,Broad_Dollar_index
15,none,True,2017-11-06T00:00:00,389,2017-11-06T00:00:00,388,2017-11-06T00:00:00,388,2017-10-30T00:00:00,0,2009-04-20T00:00:00,16,Stock_Uncertainty
15,none,True,2018-01-22T00:00:00,397,2018-01-22T00:00:00,396,2018-01-22T00:00:00,396,2018-01-08T00:00:00,0,2009-04-20T00:00:00,17,wheat_weekly_rv
15,none,True,2018-01-22T00:00:00,397,2018-01-22T00:00:00,396,2018-01-22T00:00:00,396,2018-01-08T00:00:00,0,2009-04-20T00:00:00,17,wheat_monthly_rv
15,none,True,2018-01-22T00:00:00,397,2018-01-22T00:00:00,396,2018-01-22T00:00:00,396,2018-01-08T00:00:00,0,2009-04-20T00:00:00,17,wheat_seasonal_rv
15,none,True,2018-01-22T00:00:00,397,2018-01-22T00:00:00,396,2018-01-22T00:00:00,396,2018-01-08T00:00:00,0,2009-04-20T00:00:00,17,wheat_weekly_rvb
15,none,True,2018-01-22T00:00:00,397,2018-01-22T00:00:00,396,2018-01-22T00:00:00,396,2018-01-08T00:00:00,0,2009-04-20T00:00:00,17,wheat_weekly_rvg
15,none,True,2018-01-22T00:00:00,397,2018-01-22T00:00:00,396,2018-01-22T00:00:00,396,2018-01-08T00:00:00,0,2009-04-20T00:00:00,17,wheat_weekly_jumps
15,none,True,2018-01-22T00:00:00,397,2018-01-22T00:00:00,396,2018-01-22T00:00:00,396,2018-01-08T00:00:00,0,2009-04-20T00:00:00,17,corn_weekly_rv
15,none,True,2018-01-22T00:00:00,397,2018-01-22T00:00:00,396,2018-01-22T00:00:00,396,2018-01-08T00:00:00,0,2009-04-20T00:00:00,17,soybeans_weekly_rv
15,none,True,2018-01-22T00:00:00,397,2018-01-22T00:00:00,396,2018-01-22T00:00:00,396,2018-01-08T00:00:00,0,2009-04-20T00:00:00,17,frbsf_sentiment
15,none,True,2018-01-22T00:00:00,397,2018-01-22T00:00:00,396,2018-01-22T00:00:00,396,2018-01-08T00:00:00,0,2009-04-20T00:00:00,17,Text_Climate_Anomaly
15,none,True,2018-01-22T00:00:00,397,2018-01-22T00:00:00,396,2018-01-22T00:00:00,396,2018-01-08T00:00:00,0,2009-04-20T00:00:00,17,epu_index
15,none,True,2018-01-22T00:00:00,397,2018-01-22T00:00:00,396,2018-01-22T00:00:00,396,2018-01-08T00:00:00,0,2009-04-20T00:00:00,17,DJIA_Index
15,none,True,2018-01-22T00:00:00,397,2018-01-22T00:00:00,396,2018-01-22T00:00:00,396,2018-01-08T00:00:00,0,2009-04-20T00:00:00,17,WTI_Index
15,none,True,2018-01-22T00:00:00,397,2018-01-22T00:00:00,396,2018-01-22T00:00:00,396,2018-01-08T00:00:00,0,2009-04-20T00:00:00,17,Broad_Dollar_index
15,none,True,2018-01-22T00:00:00,397,2018-01-22T00:00:00,396,2018-01-22T00:00:00,396,2018-01-08T00:00:00,0,2009-04-20T00:00:00,17,Stock_Uncertainty
15,none,True,2018-03-26T00:00:00,405,2018-03-26T00:00:00,404,2018-03-26T00:00:00,404,2018-03-19T00:00:00,0,2009-04-20T00:00:00,18,wheat_weekly_rv
15,none,True,2018-03-26T00:00:00,405,2018-03-26T00:00:00,404,2018-03-26T00:00:00,404,2018-03-19T00:00:00,0,2009-04-20T00:00:00,18,wheat_monthly_rv
15,none,True,2018-03-26T00:00:00,405,2018-03-26T00:00:00,404,2018-03-26T00:00:00,404,2018-03-19T00:00:00,0,2009-04-20T00:00:00,18,wheat_seasonal_rv
15,none,True,2018-03-26T00:00:00,405,2018-03-26T00:00:00,404,2018-03-26T00:00:00,404,2018-03-19T00:00:00,0,2009-04-20T00:00:00,18,wheat_weekly_rvb
15,none,True,2018-03-26T00:00:00,405,2018-03-26T00:00:00,404,2018-03-26T00:00:00,404,2018-03-19T00:00:00,0,2009-04-20T00:00:00,18,wheat_weekly_rvg
15,none,True,2018-03-26T00:00:00,405,2018-03-26T00:00:00,404,2018-03-26T00:00:00,404,2018-03-19T00:00:00,0,2009-04-20T00:00:00,18,wheat_weekly_jumps
15,none,True,2018-03-26T00:00:00,405,2018-03-26T00:00:00,404,2018-03-26T00:00:00,404,2018-03-19T00:00:00,0,2009-04-20T00:00:00,18,corn_weekly_rv
15,none,True,2018-03-26T00:00:00,405,2018-03-26T00:00:00,404,2018-03-26T00:00:00,404,2018-03-19T00:00:00,0,2009-04-20T00:00:00,18,soybeans_weekly_rv
15,none,True,2018-03-26T00:00:00,405,2018-03-26T00:00:00,404,2018-03-26T00:00:00,404,2018-03-19T00:00:00,0,2009-04-20T00:00:00,18,frbsf_sentiment
15,none,True,2018-03-26T00:00:00,405,2018-03-26T00:00:00,404,2018-03-26T00:00:00,404,2018-03-19T00:00:00,0,2009-04-20T00:00:00,18,Text_Climate_Anomaly
15,none,True,2018-03-26T00:00:00,405,2018-03-26T00:00:00,404,2018-03-26T00:00:00,404,2018-03-19T00:00:00,0,2009-04-20T00:00:00,18,epu_index
15,none,True,2018-03-26T00:00:00,405,2018-03-26T00:00:00,404,2018-03-26T00:00:00,404,2018-03-19T00:00:00,0,2009-04-20T00:00:00,18,DJIA_Index
15,none,True,2018-03-26T00:00:00,405,2018-03-26T00:00:00,404,2018-03-26T00:00:00,404,2018-03-19T00:00:00,0,2009-04-20T00:00:00,18,WTI_Index
15,none,True,2018-03-26T00:00:00,405,2018-03-26T00:00:00,404,2018-03-26T00:00:00,404,2018-03-19T00:00:00,0,2009-04-20T00:00:00,18,Broad_Dollar_index
15,none,True,2018-03-26T00:00:00,405,2018-03-26T00:00:00,404,2018-03-26T00:00:00,404,2018-03-19T00:00:00,0,2009-04-20T00:00:00,18,Stock_Uncertainty
15,none,True,2018-05-21T00:00:00,413,2018-05-21T00:00:00,412,2018-05-21T00:00:00,412,2018-05-14T00:00:00,0,2009-04-20T00:00:00,19,wheat_weekly_rv
15,none,True,2018-05-21T00:00:00,413,2018-05-21T00:00:00,412,2018-05-21T00:00:00,412,2018-05-14T00:00:00,0,2009-04-20T00:00:00,19,wheat_monthly_rv
15,none,True,2018-05-21T00:00:00,413,2018-05-21T00:00:00,412,2018-05-21T00:00:00,412,2018-05-14T00:00:00,0,2009-04-20T00:00:00,19,wheat_seasonal_rv
15,none,True,2018-05-21T00:00:00,413,2018-05-21T00:00:00,412,2018-05-21T00:00:00,412,2018-05-14T00:00:00,0,2009-04-20T00:00:00,19,wheat_weekly_rvb
15,none,True,2018-05-21T00:00:00,413,2018-05-21T00:00:00,412,2018-05-21T00:00:00,412,2018-05-14T00:00:00,0,2009-04-20T00:00:00,19,wheat_weekly_rvg
15,none,True,2018-05-21T00:00:00,413,2018-05-21T00:00:00,412,2018-05-21T00:00:00,412,2018-05-14T00:00:00,0,2009-04-20T00:00:00,19,wheat_weekly_jumps
15,none,True,2018-05-21T00:00:00,413,2018-05-21T00:00:00,412,2018-05-21T00:00:00,412,2018-05-14T00:00:00,0,2009-04-20T00:00:00,19,corn_weekly_rv
15,none,True,2018-05-21T00:00:00,413,2018-05-21T00:00:00,412,2018-05-21T00:00:00,412,2018-05-14T00:00:00,0,2009-04-20T00:00:00,19,soybeans_weekly_rv
15,none,True,2018-05-21T00:00:00,413,2018-05-21T00:00:00,412,2018-05-21T00:00:00,412,2018-05-14T00:00:00,0,2009-04-20T00:00:00,19,frbsf_sentiment
15,none,True,2018-05-21T00:00:00,413,2018-05-21T00:00:00,412,2018-05-21T00:00:00,412,2018-05-14T00:00:00,0,2009-04-20T00:00:00,19,Text_Climate_Anomaly
15,none,True,2018-05-21T00:00:00,413,2018-05-21T00:00:00,412,2018-05-21T00:00:00,412,2018-05-14T00:00:00,0,2009-04-20T00:00:00,19,epu_index
15,none,True,2018-05-21T00:00:00,413,2018-05-21T00:00:00,412,2018-05-21T00:00:00,412,2018-05-14T00:00:00,0,2009-04-20T00:00:00,19,DJIA_Index
15,none,True,2018-05-21T00:00:00,413,2018-05-21T00:00:00,412,2018-05-21T00:00:00,412,2018-05-14T00:00:00,0,2009-04-20T00:00:00,19,WTI_Index
15,none,True,2018-05-21T00:00:00,413,2018-05-21T00:00:00,412,2018-05-21T00:00:00,412,2018-05-14T00:00:00,0,2009-04-20T00:00:00,19,Broad_Dollar_index
15,none,True,2018-05-21T00:00:00,413,2018-05-21T00:00:00,412,2018-05-21T00:00:00,412,2018-05-14T00:00:00,0,2009-04-20T00:00:00,19,Stock_Uncertainty
15,none,True,2018-07-23T00:00:00,421,2018-07-23T00:00:00,420,2018-07-23T00:00:00,420,2018-07-16T00:00:00,0,2009-04-20T00:00:00,20,wheat_weekly_rv
15,none,True,2018-07-23T00:00:00,421,2018-07-23T00:00:00,420,2018-07-23T00:00:00,420,2018-07-16T00:00:00,0,2009-04-20T00:00:00,20,wheat_monthly_rv
15,none,True,2018-07-23T00:00:00,421,2018-07-23T00:00:00,420,2018-07-23T00:00:00,420,2018-07-16T00:00:00,0,2009-04-20T00:00:00,20,wheat_seasonal_rv
15,none,True,2018-07-23T00:00:00,421,2018-07-23T00:00:00,420,2018-07-23T00:00:00,420,2018-07-16T00:00:00,0,2009-04-20T00:00:00,20,wheat_weekly_rvb
15,none,True,2018-07-23T00:00:00,421,2018-07-23T00:00:00,420,2018-07-23T00:00:00,420,2018-07-16T00:00:00,0,2009-04-20T00:00:00,20,wheat_weekly_rvg
15,none,True,2018-07-23T00:00:00,421,2018-07-23T00:00:00,420,2018-07-23T00:00:00,420,2018-07-16T00:00:00,0,2009-04-20T00:00:00,20,wheat_weekly_jumps
15,none,True,2018-07-23T00:00:00,421,2018-07-23T00:00:00,420,2018-07-23T00:00:00,420,2018-07-16T00:00:00,0,2009-04-20T00:00:00,20,corn_weekly_rv
15,none,True,2018-07-23T00:00:00,421,2018-07-23T00:00:00,420,2018-07-23T00:00:00,420,2018-07-16T00:00:00,0,2009-04-20T00:00:00,20,soybeans_weekly_rv
15,none,True,2018-07-23T00:00:00,421,2018-07-23T00:00:00,420,2018-07-23T00:00:00,420,2018-07-16T00:00:00,0,2009-04-20T00:00:00,20,frbsf_sentiment
15,none,True,2018-07-23T00:00:00,421,2018-07-23T00:00:00,420,2018-07-23T00:00:00,420,2018-07-16T00:00:00,0,2009-04-20T00:00:00,20,Text_Climate_Anomaly
15,none,True,2018-07-23T00:00:00,421,2018-07-23T00:00:00,420,2018-07-23T00:00:00,420,2018-07-16T00:00:00,0,2009-04-20T00:00:00,20,epu_index
15,none,True,2018-07-23T00:00:00,421,2018-07-23T00:00:00,420,2018-07-23T00:00:00,420,2018-07-16T00:00:00,0,2009-04-20T00:00:00,20,DJIA_Index
15,none,True,2018-07-23T00:00:00,421,2018-07-23T00:00:00,420,2018-07-23T00:00:00,420,2018-07-16T00:00:00,0,2009-04-20T00:00:00,20,WTI_Index
15,none,True,2018-07-23T00:00:00,421,2018-07-23T00:00:00,420,2018-07-23T00:00:00,420,2018-07-16T00:00:00,0,2009-04-20T00:00:00,20,Broad_Dollar_index
15,none,True,2018-07-23T00:00:00,421,2018-07-23T00:00:00,420,2018-07-23T00:00:00,420,2018-07-16T00:00:00,0,2009-04-20T00:00:00,20,Stock_Uncertainty
15,none,True,2018-09-24T00:00:00,429,2018-09-24T00:00:00,428,2018-09-24T00:00:00,428,2018-09-17T00:00:00,0,2009-04-20T00:00:00,21,wheat_weekly_rv
15,none,True,2018-09-24T00:00:00,429,2018-09-24T00:00:00,428,2018-09-24T00:00:00,428,2018-09-17T00:00:00,0,2009-04-20T00:00:00,21,wheat_monthly_rv
15,none,True,2018-09-24T00:00:00,429,2018-09-24T00:00:00,428,2018-09-24T00:00:00,428,2018-09-17T00:00:00,0,2009-04-20T00:00:00,21,wheat_seasonal_rv
15,none,True,2018-09-24T00:00:00,429,2018-09-24T00:00:00,428,2018-09-24T00:00:00,428,2018-09-17T00:00:00,0,2009-04-20T00:00:00,21,wheat_weekly_rvb
15,none,True,2018-09-24T00:00:00,429,2018-09-24T00:00:00,428,2018-09-24T00:00:00,428,2018-09-17T00:00:00,0,2009-04-20T00:00:00,21,wheat_weekly_rvg
15,none,True,2018-09-24T00:00:00,429,2018-09-24T00:00:00,428,2018-09-24T00:00:00,428,2018-09-17T00:00:00,0,2009-04-20T00:00:00,21,wheat_weekly_jumps
15,none,True,2018-09-24T00:00:00,429,2018-09-24T00:00:00,428,2018-09-24T00:00:00,428,2018-09-17T00:00:00,0,2009-04-20T00:00:00,21,corn_weekly_rv
15,none,True,2018-09-24T00:00:00,429,2018-09-24T00:00:00,428,2018-09-24T00:00:00,428,2018-09-17T00:00:00,0,2009-04-20T00:00:00,21,soybeans_weekly_rv
15,none,True,2018-09-24T00:00:00,429,2018-09-24T00:00:00,428,2018-09-24T00:00:00,428,2018-09-17T00:00:00,0,2009-04-20T00:00:00,21,frbsf_sentiment
15,none,True,2018-09-24T00:00:00,429,2018-09-24T00:00:00,428,2018-09-24T00:00:00,428,2018-09-17T00:00:00,0,2009-04-20T00:00:00,21,Text_Climate_Anomaly
15,none,True,2018-09-24T00:00:00,429,2018-09-24T00:00:00,428,2018-09-24T00:00:00,428,2018-09-17T00:00:00,0,2009-04-20T00:00:00,21,epu_index
15,none,True,2018-09-24T00:00:00,429,2018-09-24T00:00:00,428,2018-09-24T00:00:00,428,2018-09-17T00:00:00,0,2009-04-20T00:00:00,21,DJIA_Index
15,none,True,2018-09-24T00:00:00,429,2018-09-24T00:00:00,428,2018-09-24T00:00:00,428,2018-09-17T00:00:00,0,2009-04-20T00:00:00,21,WTI_Index
15,none,True,2018-09-24T00:00:00,429,2018-09-24T00:00:00,428,2018-09-24T00:00:00,428,2018-09-17T00:00:00,0,2009-04-20T00:00:00,21,Broad_Dollar_index
15,none,True,2018-09-24T00:00:00,429,2018-09-24T00:00:00,428,2018-09-24T00:00:00,428,2018-09-17T00:00:00,0,2009-04-20T00:00:00,21,Stock_Uncertainty
15,none,True,2018-12-03T00:00:00,437,2018-12-03T00:00:00,436,2018-12-03T00:00:00,436,2018-11-26T00:00:00,0,2009-04-20T00:00:00,22,wheat_weekly_rv
15,none,True,2018-12-03T00:00:00,437,2018-12-03T00:00:00,436,2018-12-03T00:00:00,436,2018-11-26T00:00:00,0,2009-04-20T00:00:00,22,wheat_monthly_rv
15,none,True,2018-12-03T00:00:00,437,2018-12-03T00:00:00,436,2018-12-03T00:00:00,436,2018-11-26T00:00:00,0,2009-04-20T00:00:00,22,wheat_seasonal_rv
15,none,True,2018-12-03T00:00:00,437,2018-12-03T00:00:00,436,2018-12-03T00:00:00,436,2018-11-26T00:00:00,0,2009-04-20T00:00:00,22,wheat_weekly_rvb
15,none,True,2018-12-03T00:00:00,437,2018-12-03T00:00:00,436,2018-12-03T00:00:00,436,2018-11-26T00:00:00,0,2009-04-20T00:00:00,22,wheat_weekly_rvg
15,none,True,2018-12-03T00:00:00,437,2018-12-03T00:00:00,436,2018-12-03T00:00:00,436,2018-11-26T00:00:00,0,2009-04-20T00:00:00,22,wheat_weekly_jumps
15,none,True,2018-12-03T00:00:00,437,2018-12-03T00:00:00,436,2018-12-03T00:00:00,436,2018-11-26T00:00:00,0,2009-04-20T00:00:00,22,corn_weekly_rv
15,none,True,2018-12-03T00:00:00,437,2018-12-03T00:00:00,436,2018-12-03T00:00:00,436,2018-11-26T00:00:00,0,2009-04-20T00:00:00,22,soybeans_weekly_rv
15,none,True,2018-12-03T00:00:00,437,2018-12-03T00:00:00,436,2018-12-03T00:00:00,436,2018-11-26T00:00:00,0,2009-04-20T00:00:00,22,frbsf_sentiment
15,none,True,2018-12-03T00:00:00,437,2018-12-03T00:00:00,436,2018-12-03T00:00:00,436,2018-11-26T00:00:00,0,2009-04-20T00:00:00,22,Text_Climate_Anomaly
15,none,True,2018-12-03T00:00:00,437,2018-12-03T00:00:00,436,2018-12-03T00:00:00,436,2018-11-26T00:00:00,0,2009-04-20T00:00:00,22,epu_index
15,none,True,2018-12-03T00:00:00,437,2018-12-03T00:00:00,436,2018-12-03T00:00:00,436,2018-11-26T00:00:00,0,2009-04-20T00:00:00,22,DJIA_Index
15,none,True,2018-12-03T00:00:00,437,2018-12-03T00:00:00,436,2018-12-03T00:00:00,436,2018-11-26T00:00:00,0,2009-04-20T00:00:00,22,WTI_Index
15,none,True,2018-12-03T00:00:00,437,2018-12-03T00:00:00,436,2018-12-03T00:00:00,436,2018-11-26T00:00:00,0,2009-04-20T00:00:00,22,Broad_Dollar_index
15,none,True,2018-12-03T00:00:00,437,2018-12-03T00:00:00,436,2018-12-03T00:00:00,436,2018-11-26T00:00:00,0,2009-04-20T00:00:00,22,Stock_Uncertainty
15,none,True,2019-02-11T00:00:00,445,2019-02-11T00:00:00,444,2019-02-11T00:00:00,444,2019-02-04T00:00:00,0,2009-04-20T00:00:00,23,wheat_weekly_rv
15,none,True,2019-02-11T00:00:00,445,2019-02-11T00:00:00,444,2019-02-11T00:00:00,444,2019-02-04T00:00:00,0,2009-04-20T00:00:00,23,wheat_monthly_rv
15,none,True,2019-02-11T00:00:00,445,2019-02-11T00:00:00,444,2019-02-11T00:00:00,444,2019-02-04T00:00:00,0,2009-04-20T00:00:00,23,wheat_seasonal_rv
15,none,True,2019-02-11T00:00:00,445,2019-02-11T00:00:00,444,2019-02-11T00:00:00,444,2019-02-04T00:00:00,0,2009-04-20T00:00:00,23,wheat_weekly_rvb
15,none,True,2019-02-11T00:00:00,445,2019-02-11T00:00:00,444,2019-02-11T00:00:00,444,2019-02-04T00:00:00,0,2009-04-20T00:00:00,23,wheat_weekly_rvg
15,none,True,2019-02-11T00:00:00,445,2019-02-11T00:00:00,444,2019-02-11T00:00:00,444,2019-02-04T00:00:00,0,2009-04-20T00:00:00,23,wheat_weekly_jumps
15,none,True,2019-02-11T00:00:00,445,2019-02-11T00:00:00,444,2019-02-11T00:00:00,444,2019-02-04T00:00:00,0,2009-04-20T00:00:00,23,corn_weekly_rv
15,none,True,2019-02-11T00:00:00,445,2019-02-11T00:00:00,444,2019-02-11T00:00:00,444,2019-02-04T00:00:00,0,2009-04-20T00:00:00,23,soybeans_weekly_rv
15,none,True,2019-02-11T00:00:00,445,2019-02-11T00:00:00,444,2019-02-11T00:00:00,444,2019-02-04T00:00:00,0,2009-04-20T00:00:00,23,frbsf_sentiment
15,none,True,2019-02-11T00:00:00,445,2019-02-11T00:00:00,444,2019-02-11T00:00:00,444,2019-02-04T00:00:00,0,2009-04-20T00:00:00,23,Text_Climate_Anomaly
15,none,True,2019-02-11T00:00:00,445,2019-02-11T00:00:00,444,2019-02-11T00:00:00,444,2019-02-04T00:00:00,0,2009-04-20T00:00:00,23,epu_index
15,none,True,2019-02-11T00:00:00,445,2019-02-11T00:00:00,444,2019-02-11T00:00:00,444,2019-02-04T00:00:00,0,2009-04-20T00:00:00,23,DJIA_Index
15,none,True,2019-02-11T00:00:00,445,2019-02-11T00:00:00,444,2019-02-11T00:00:00,444,2019-02-04T00:00:00,0,2009-04-20T00:00:00,23,WTI_Index
15,none,True,2019-02-11T00:00:00,445,2019-02-11T00:00:00,444,2019-02-11T00:00:00,444,2019-02-04T00:00:00,0,2009-04-20T00:00:00,23,Broad_Dollar_index
15,none,True,2019-02-11T00:00:00,445,2019-02-11T00:00:00,444,2019-02-11T00:00:00,444,2019-02-04T00:00:00,0,2009-04-20T00:00:00,23,Stock_Uncertainty
15,none,True,2019-04-15T00:00:00,453,2019-04-15T00:00:00,452,2019-04-15T00:00:00,452,2019-04-08T00:00:00,0,2009-04-20T00:00:00,24,wheat_weekly_rv
15,none,True,2019-04-15T00:00:00,453,2019-04-15T00:00:00,452,2019-04-15T00:00:00,452,2019-04-08T00:00:00,0,2009-04-20T00:00:00,24,wheat_monthly_rv
15,none,True,2019-04-15T00:00:00,453,2019-04-15T00:00:00,452,2019-04-15T00:00:00,452,2019-04-08T00:00:00,0,2009-04-20T00:00:00,24,wheat_seasonal_rv
15,none,True,2019-04-15T00:00:00,453,2019-04-15T00:00:00,452,2019-04-15T00:00:00,452,2019-04-08T00:00:00,0,2009-04-20T00:00:00,24,wheat_weekly_rvb
15,none,True,2019-04-15T00:00:00,453,2019-04-15T00:00:00,452,2019-04-15T00:00:00,452,2019-04-08T00:00:00,0,2009-04-20T00:00:00,24,wheat_weekly_rvg
15,none,True,2019-04-15T00:00:00,453,2019-04-15T00:00:00,452,2019-04-15T00:00:00,452,2019-04-08T00:00:00,0,2009-04-20T00:00:00,24,wheat_weekly_jumps
15,none,True,2019-04-15T00:00:00,453,2019-04-15T00:00:00,452,2019-04-15T00:00:00,452,2019-04-08T00:00:00,0,2009-04-20T00:00:00,24,corn_weekly_rv
15,none,True,2019-04-15T00:00:00,453,2019-04-15T00:00:00,452,2019-04-15T00:00:00,452,2019-04-08T00:00:00,0,2009-04-20T00:00:00,24,soybeans_weekly_rv
15,none,True,2019-04-15T00:00:00,453,2019-04-15T00:00:00,452,2019-04-15T00:00:00,452,2019-04-08T00:00:00,0,2009-04-20T00:00:00,24,frbsf_sentiment
15,none,True,2019-04-15T00:00:00,453,2019-04-15T00:00:00,452,2019-04-15T00:00:00,452,2019-04-08T00:00:00,0,2009-04-20T00:00:00,24,Text_Climate_Anomaly
15,none,True,2019-04-15T00:00:00,453,2019-04-15T00:00:00,452,2019-04-15T00:00:00,452,2019-04-08T00:00:00,0,2009-04-20T00:00:00,24,epu_index
15,none,True,2019-04-15T00:00:00,453,2019-04-15T00:00:00,452,2019-04-15T00:00:00,452,2019-04-08T00:00:00,0,2009-04-20T00:00:00,24,DJIA_Index
15,none,True,2019-04-15T00:00:00,453,2019-04-15T00:00:00,452,2019-04-15T00:00:00,452,2019-04-08T00:00:00,0,2009-04-20T00:00:00,24,WTI_Index
15,none,True,2019-04-15T00:00:00,453,2019-04-15T00:00:00,452,2019-04-15T00:00:00,452,2019-04-08T00:00:00,0,2009-04-20T00:00:00,24,Broad_Dollar_index
15,none,True,2019-04-15T00:00:00,453,2019-04-15T00:00:00,452,2019-04-15T00:00:00,452,2019-04-08T00:00:00,0,2009-04-20T00:00:00,24,Stock_Uncertainty
15,none,True,2019-06-17T00:00:00,461,2019-06-17T00:00:00,460,2019-06-17T00:00:00,460,2019-06-10T00:00:00,0,2009-04-20T00:00:00,25,wheat_weekly_rv
15,none,True,2019-06-17T00:00:00,461,2019-06-17T00:00:00,460,2019-06-17T00:00:00,460,2019-06-10T00:00:00,0,2009-04-20T00:00:00,25,wheat_monthly_rv
15,none,True,2019-06-17T00:00:00,461,2019-06-17T00:00:00,460,2019-06-17T00:00:00,460,2019-06-10T00:00:00,0,2009-04-20T00:00:00,25,wheat_seasonal_rv
15,none,True,2019-06-17T00:00:00,461,2019-06-17T00:00:00,460,2019-06-17T00:00:00,460,2019-06-10T00:00:00,0,2009-04-20T00:00:00,25,wheat_weekly_rvb
15,none,True,2019-06-17T00:00:00,461,2019-06-17T00:00:00,460,2019-06-17T00:00:00,460,2019-06-10T00:00:00,0,2009-04-20T00:00:00,25,wheat_weekly_rvg
15,none,True,2019-06-17T00:00:00,461,2019-06-17T00:00:00,460,2019-06-17T00:00:00,460,2019-06-10T00:00:00,0,2009-04-20T00:00:00,25,wheat_weekly_jumps
15,none,True,2019-06-17T00:00:00,461,2019-06-17T00:00:00,460,2019-06-17T00:00:00,460,2019-06-10T00:00:00,0,2009-04-20T00:00:00,25,corn_weekly_rv
15,none,True,2019-06-17T00:00:00,461,2019-06-17T00:00:00,460,2019-06-17T00:00:00,460,2019-06-10T00:00:00,0,2009-04-20T00:00:00,25,soybeans_weekly_rv
15,none,True,2019-06-17T00:00:00,461,2019-06-17T00:00:00,460,2019-06-17T00:00:00,460,2019-06-10T00:00:00,0,2009-04-20T00:00:00,25,frbsf_sentiment
15,none,True,2019-06-17T00:00:00,461,2019-06-17T00:00:00,460,2019-06-17T00:00:00,460,2019-06-10T00:00:00,0,2009-04-20T00:00:00,25,Text_Climate_Anomaly
15,none,True,2019-06-17T00:00:00,461,2019-06-17T00:00:00,460,2019-06-17T00:00:00,460,2019-06-10T00:00:00,0,2009-04-20T00:00:00,25,epu_index
15,none,True,2019-06-17T00:00:00,461,2019-06-17T00:00:00,460,2019-06-17T00:00:00,460,2019-06-10T00:00:00,0,2009-04-20T00:00:00,25,DJIA_Index
15,none,True,2019-06-17T00:00:00,461,2019-06-17T00:00:00,460,2019-06-17T00:00:00,460,2019-06-10T00:00:00,0,2009-04-20T00:00:00,25,WTI_Index
15,none,True,2019-06-17T00:00:00,461,2019-06-17T00:00:00,460,2019-06-17T00:00:00,460,2019-06-10T00:00:00,0,2009-04-20T00:00:00,25,Broad_Dollar_index
15,none,True,2019-06-17T00:00:00,461,2019-06-17T00:00:00,460,2019-06-17T00:00:00,460,2019-06-10T00:00:00,0,2009-04-20T00:00:00,25,Stock_Uncertainty
15,none,True,2019-08-12T00:00:00,469,2019-08-12T00:00:00,468,2019-08-12T00:00:00,468,2019-08-05T00:00:00,0,2009-04-20T00:00:00,26,wheat_weekly_rv
15,none,True,2019-08-12T00:00:00,469,2019-08-12T00:00:00,468,2019-08-12T00:00:00,468,2019-08-05T00:00:00,0,2009-04-20T00:00:00,26,wheat_monthly_rv
15,none,True,2019-08-12T00:00:00,469,2019-08-12T00:00:00,468,2019-08-12T00:00:00,468,2019-08-05T00:00:00,0,2009-04-20T00:00:00,26,wheat_seasonal_rv
15,none,True,2019-08-12T00:00:00,469,2019-08-12T00:00:00,468,2019-08-12T00:00:00,468,2019-08-05T00:00:00,0,2009-04-20T00:00:00,26,wheat_weekly_rvb
15,none,True,2019-08-12T00:00:00,469,2019-08-12T00:00:00,468,2019-08-12T00:00:00,468,2019-08-05T00:00:00,0,2009-04-20T00:00:00,26,wheat_weekly_rvg
15,none,True,2019-08-12T00:00:00,469,2019-08-12T00:00:00,468,2019-08-12T00:00:00,468,2019-08-05T00:00:00,0,2009-04-20T00:00:00,26,wheat_weekly_jumps
15,none,True,2019-08-12T00:00:00,469,2019-08-12T00:00:00,468,2019-08-12T00:00:00,468,2019-08-05T00:00:00,0,2009-04-20T00:00:00,26,corn_weekly_rv
15,none,True,2019-08-12T00:00:00,469,2019-08-12T00:00:00,468,2019-08-12T00:00:00,468,2019-08-05T00:00:00,0,2009-04-20T00:00:00,26,soybeans_weekly_rv
15,none,True,2019-08-12T00:00:00,469,2019-08-12T00:00:00,468,2019-08-12T00:00:00,468,2019-08-05T00:00:00,0,2009-04-20T00:00:00,26,frbsf_sentiment
15,none,True,2019-08-12T00:00:00,469,2019-08-12T00:00:00,468,2019-08-12T00:00:00,468,2019-08-05T00:00:00,0,2009-04-20T00:00:00,26,Text_Climate_Anomaly
15,none,True,2019-08-12T00:00:00,469,2019-08-12T00:00:00,468,2019-08-12T00:00:00,468,2019-08-05T00:00:00,0,2009-04-20T00:00:00,26,epu_index
15,none,True,2019-08-12T00:00:00,469,2019-08-12T00:00:00,468,2019-08-12T00:00:00,468,2019-08-05T00:00:00,0,2009-04-20T00:00:00,26,DJIA_Index
15,none,True,2019-08-12T00:00:00,469,2019-08-12T00:00:00,468,2019-08-12T00:00:00,468,2019-08-05T00:00:00,0,2009-04-20T00:00:00,26,WTI_Index
15,none,True,2019-08-12T00:00:00,469,2019-08-12T00:00:00,468,2019-08-12T00:00:00,468,2019-08-05T00:00:00,0,2009-04-20T00:00:00,26,Broad_Dollar_index
15,none,True,2019-08-12T00:00:00,469,2019-08-12T00:00:00,468,2019-08-12T00:00:00,468,2019-08-05T00:00:00,0,2009-04-20T00:00:00,26,Stock_Uncertainty
15,none,True,2019-10-21T00:00:00,477,2019-10-21T00:00:00,476,2019-10-21T00:00:00,476,2019-10-07T00:00:00,0,2009-04-20T00:00:00,27,wheat_weekly_rv
15,none,True,2019-10-21T00:00:00,477,2019-10-21T00:00:00,476,2019-10-21T00:00:00,476,2019-10-07T00:00:00,0,2009-04-20T00:00:00,27,wheat_monthly_rv
15,none,True,2019-10-21T00:00:00,477,2019-10-21T00:00:00,476,2019-10-21T00:00:00,476,2019-10-07T00:00:00,0,2009-04-20T00:00:00,27,wheat_seasonal_rv
15,none,True,2019-10-21T00:00:00,477,2019-10-21T00:00:00,476,2019-10-21T00:00:00,476,2019-10-07T00:00:00,0,2009-04-20T00:00:00,27,wheat_weekly_rvb
15,none,True,2019-10-21T00:00:00,477,2019-10-21T00:00:00,476,2019-10-21T00:00:00,476,2019-10-07T00:00:00,0,2009-04-20T00:00:00,27,wheat_weekly_rvg
15,none,True,2019-10-21T00:00:00,477,2019-10-21T00:00:00,476,2019-10-21T00:00:00,476,2019-10-07T00:00:00,0,2009-04-20T00:00:00,27,wheat_weekly_jumps
15,none,True,2019-10-21T00:00:00,477,2019-10-21T00:00:00,476,2019-10-21T00:00:00,476,2019-10-07T00:00:00,0,2009-04-20T00:00:00,27,corn_weekly_rv
15,none,True,2019-10-21T00:00:00,477,2019-10-21T00:00:00,476,2019-10-21T00:00:00,476,2019-10-07T00:00:00,0,2009-04-20T00:00:00,27,soybeans_weekly_rv
15,none,True,2019-10-21T00:00:00,477,2019-10-21T00:00:00,476,2019-10-21T00:00:00,476,2019-10-07T00:00:00,0,2009-04-20T00:00:00,27,frbsf_sentiment
15,none,True,2019-10-21T00:00:00,477,2019-10-21T00:00:00,476,2019-10-21T00:00:00,476,2019-10-07T00:00:00,0,2009-04-20T00:00:00,27,Text_Climate_Anomaly
15,none,True,2019-10-21T00:00:00,477,2019-10-21T00:00:00,476,2019-10-21T00:00:00,476,2019-10-07T00:00:00,0,2009-04-20T00:00:00,27,epu_index
15,none,True,2019-10-21T00:00:00,477,2019-10-21T00:00:00,476,2019-10-21T00:00:00,476,2019-10-07T00:00:00,0,2009-04-20T00:00:00,27,DJIA_Index
15,none,True,2019-10-21T00:00:00,477,2019-10-21T00:00:00,476,2019-10-21T00:00:00,476,2019-10-07T00:00:00,0,2009-04-20T00:00:00,27,WTI_Index
15,none,True,2019-10-21T00:00:00,477,2019-10-21T00:00:00,476,2019-10-21T00:00:00,476,2019-10-07T00:00:00,0,2009-04-20T00:00:00,27,Broad_Dollar_index
15,none,True,2019-10-21T00:00:00,477,2019-10-21T00:00:00,476,2019-10-21T00:00:00,476,2019-10-07T00:00:00,0,2009-04-20T00:00:00,27,Stock_Uncertainty
15,none,True,2019-12-23T00:00:00,485,2019-12-23T00:00:00,484,2019-12-23T00:00:00,484,2019-12-16T00:00:00,0,2009-04-20T00:00:00,28,wheat_weekly_rv
15,none,True,2019-12-23T00:00:00,485,2019-12-23T00:00:00,484,2019-12-23T00:00:00,484,2019-12-16T00:00:00,0,2009-04-20T00:00:00,28,wheat_monthly_rv
15,none,True,2019-12-23T00:00:00,485,2019-12-23T00:00:00,484,2019-12-23T00:00:00,484,2019-12-16T00:00:00,0,2009-04-20T00:00:00,28,wheat_seasonal_rv
15,none,True,2019-12-23T00:00:00,485,2019-12-23T00:00:00,484,2019-12-23T00:00:00,484,2019-12-16T00:00:00,0,2009-04-20T00:00:00,28,wheat_weekly_rvb
15,none,True,2019-12-23T00:00:00,485,2019-12-23T00:00:00,484,2019-12-23T00:00:00,484,2019-12-16T00:00:00,0,2009-04-20T00:00:00,28,wheat_weekly_rvg
15,none,True,2019-12-23T00:00:00,485,2019-12-23T00:00:00,484,2019-12-23T00:00:00,484,2019-12-16T00:00:00,0,2009-04-20T00:00:00,28,wheat_weekly_jumps
15,none,True,2019-12-23T00:00:00,485,2019-12-23T00:00:00,484,2019-12-23T00:00:00,484,2019-12-16T00:00:00,0,2009-04-20T00:00:00,28,corn_weekly_rv
15,none,True,2019-12-23T00:00:00,485,2019-12-23T00:00:00,484,2019-12-23T00:00:00,484,2019-12-16T00:00:00,0,2009-04-20T00:00:00,28,soybeans_weekly_rv
15,none,True,2019-12-23T00:00:00,485,2019-12-23T00:00:00,484,2019-12-23T00:00:00,484,2019-12-16T00:00:00,0,2009-04-20T00:00:00,28,frbsf_sentiment
15,none,True,2019-12-23T00:00:00,485,2019-12-23T00:00:00,484,2019-12-23T00:00:00,484,2019-12-16T00:00:00,0,2009-04-20T00:00:00,28,Text_Climate_Anomaly
15,none,True,2019-12-23T00:00:00,485,2019-12-23T00:00:00,484,2019-12-23T00:00:00,484,2019-12-16T00:00:00,0,2009-04-20T00:00:00,28,epu_index
15,none,True,2019-12-23T00:00:00,485,2019-12-23T00:00:00,484,2019-12-23T00:00:00,484,2019-12-16T00:00:00,0,2009-04-20T00:00:00,28,DJIA_Index
15,none,True,2019-12-23T00:00:00,485,2019-12-23T00:00:00,484,2019-12-23T00:00:00,484,2019-12-16T00:00:00,0,2009-04-20T00:00:00,28,WTI_Index
15,none,True,2019-12-23T00:00:00,485,2019-12-23T00:00:00,484,2019-12-23T00:00:00,484,2019-12-16T00:00:00,0,2009-04-20T00:00:00,28,Broad_Dollar_index
15,none,True,2019-12-23T00:00:00,485,2019-12-23T00:00:00,484,2019-12-23T00:00:00,484,2019-12-16T00:00:00,0,2009-04-20T00:00:00,28,Stock_Uncertainty
15,none,True,2020-03-02T00:00:00,493,2020-03-02T00:00:00,492,2020-03-02T00:00:00,492,2020-02-24T00:00:00,0,2009-04-20T00:00:00,29,wheat_weekly_rv
15,none,True,2020-03-02T00:00:00,493,2020-03-02T00:00:00,492,2020-03-02T00:00:00,492,2020-02-24T00:00:00,0,2009-04-20T00:00:00,29,wheat_monthly_rv
15,none,True,2020-03-02T00:00:00,493,2020-03-02T00:00:00,492,2020-03-02T00:00:00,492,2020-02-24T00:00:00,0,2009-04-20T00:00:00,29,wheat_seasonal_rv
15,none,True,2020-03-02T00:00:00,493,2020-03-02T00:00:00,492,2020-03-02T00:00:00,492,2020-02-24T00:00:00,0,2009-04-20T00:00:00,29,wheat_weekly_rvb
15,none,True,2020-03-02T00:00:00,493,2020-03-02T00:00:00,492,2020-03-02T00:00:00,492,2020-02-24T00:00:00,0,2009-04-20T00:00:00,29,wheat_weekly_rvg
15,none,True,2020-03-02T00:00:00,493,2020-03-02T00:00:00,492,2020-03-02T00:00:00,492,2020-02-24T00:00:00,0,2009-04-20T00:00:00,29,wheat_weekly_jumps
15,none,True,2020-03-02T00:00:00,493,2020-03-02T00:00:00,492,2020-03-02T00:00:00,492,2020-02-24T00:00:00,0,2009-04-20T00:00:00,29,corn_weekly_rv
15,none,True,2020-03-02T00:00:00,493,2020-03-02T00:00:00,492,2020-03-02T00:00:00,492,2020-02-24T00:00:00,0,2009-04-20T00:00:00,29,soybeans_weekly_rv
15,none,True,2020-03-02T00:00:00,493,2020-03-02T00:00:00,492,2020-03-02T00:00:00,492,2020-02-24T00:00:00,0,2009-04-20T00:00:00,29,frbsf_sentiment
15,none,True,2020-03-02T00:00:00,493,2020-03-02T00:00:00,492,2020-03-02T00:00:00,492,2020-02-24T00:00:00,0,2009-04-20T00:00:00,29,Text_Climate_Anomaly
15,none,True,2020-03-02T00:00:00,493,2020-03-02T00:00:00,492,2020-03-02T00:00:00,492,2020-02-24T00:00:00,0,2009-04-20T00:00:00,29,epu_index
15,none,True,2020-03-02T00:00:00,493,2020-03-02T00:00:00,492,2020-03-02T00:00:00,492,2020-02-24T00:00:00,0,2009-04-20T00:00:00,29,DJIA_Index
15,none,True,2020-03-02T00:00:00,493,2020-03-02T00:00:00,492,2020-03-02T00:00:00,492,2020-02-24T00:00:00,0,2009-04-20T00:00:00,29,WTI_Index
15,none,True,2020-03-02T00:00:00,493,2020-03-02T00:00:00,492,2020-03-02T00:00:00,492,2020-02-24T00:00:00,0,2009-04-20T00:00:00,29,Broad_Dollar_index
15,none,True,2020-03-02T00:00:00,493,2020-03-02T00:00:00,492,2020-03-02T00:00:00,492,2020-02-24T00:00:00,0,2009-04-20T00:00:00,29,Stock_Uncertainty
15,none,True,2020-04-27T00:00:00,501,2020-04-27T00:00:00,500,2020-04-27T00:00:00,500,2020-04-20T00:00:00,0,2009-04-20T00:00:00,30,wheat_weekly_rv
15,none,True,2020-04-27T00:00:00,501,2020-04-27T00:00:00,500,2020-04-27T00:00:00,500,2020-04-20T00:00:00,0,2009-04-20T00:00:00,30,wheat_monthly_rv
15,none,True,2020-04-27T00:00:00,501,2020-04-27T00:00:00,500,2020-04-27T00:00:00,500,2020-04-20T00:00:00,0,2009-04-20T00:00:00,30,wheat_seasonal_rv
15,none,True,2020-04-27T00:00:00,501,2020-04-27T00:00:00,500,2020-04-27T00:00:00,500,2020-04-20T00:00:00,0,2009-04-20T00:00:00,30,wheat_weekly_rvb
15,none,True,2020-04-27T00:00:00,501,2020-04-27T00:00:00,500,2020-04-27T00:00:00,500,2020-04-20T00:00:00,0,2009-04-20T00:00:00,30,wheat_weekly_rvg
15,none,True,2020-04-27T00:00:00,501,2020-04-27T00:00:00,500,2020-04-27T00:00:00,500,2020-04-20T00:00:00,0,2009-04-20T00:00:00,30,wheat_weekly_jumps
15,none,True,2020-04-27T00:00:00,501,2020-04-27T00:00:00,500,2020-04-27T00:00:00,500,2020-04-20T00:00:00,0,2009-04-20T00:00:00,30,corn_weekly_rv
15,none,True,2020-04-27T00:00:00,501,2020-04-27T00:00:00,500,2020-04-27T00:00:00,500,2020-04-20T00:00:00,0,2009-04-20T00:00:00,30,soybeans_weekly_rv
15,none,True,2020-04-27T00:00:00,501,2020-04-27T00:00:00,500,2020-04-27T00:00:00,500,2020-04-20T00:00:00,0,2009-04-20T00:00:00,30,frbsf_sentiment
15,none,True,2020-04-27T00:00:00,501,2020-04-27T00:00:00,500,2020-04-27T00:00:00,500,2020-04-20T00:00:00,0,2009-04-20T00:00:00,30,Text_Climate_Anomaly
15,none,True,2020-04-27T00:00:00,501,2020-04-27T00:00:00,500,2020-04-27T00:00:00,500,2020-04-20T00:00:00,0,2009-04-20T00:00:00,30,epu_index
15,none,True,2020-04-27T00:00:00,501,2020-04-27T00:00:00,500,2020-04-27T00:00:00,500,2020-04-20T00:00:00,0,2009-04-20T00:00:00,30,DJIA_Index
15,none,True,2020-04-27T00:00:00,501,2020-04-27T00:00:00,500,2020-04-27T00:00:00,500,2020-04-20T00:00:00,0,2009-04-20T00:00:00,30,WTI_Index
15,none,True,2020-04-27T00:00:00,501,2020-04-27T00:00:00,500,2020-04-27T00:00:00,500,2020-04-20T00:00:00,0,2009-04-20T00:00:00,30,Broad_Dollar_index
15,none,True,2020-04-27T00:00:00,501,2020-04-27T00:00:00,500,2020-04-27T00:00:00,500,2020-04-20T00:00:00,0,2009-04-20T00:00:00,30,Stock_Uncertainty
15,none,True,2020-06-29T00:00:00,509,2020-06-29T00:00:00,508,2020-06-29T00:00:00,508,2020-06-22T00:00:00,0,2009-04-20T00:00:00,31,wheat_weekly_rv
15,none,True,2020-06-29T00:00:00,509,2020-06-29T00:00:00,508,2020-06-29T00:00:00,508,2020-06-22T00:00:00,0,2009-04-20T00:00:00,31,wheat_monthly_rv
15,none,True,2020-06-29T00:00:00,509,2020-06-29T00:00:00,508,2020-06-29T00:00:00,508,2020-06-22T00:00:00,0,2009-04-20T00:00:00,31,wheat_seasonal_rv
15,none,True,2020-06-29T00:00:00,509,2020-06-29T00:00:00,508,2020-06-29T00:00:00,508,2020-06-22T00:00:00,0,2009-04-20T00:00:00,31,wheat_weekly_rvb
15,none,True,2020-06-29T00:00:00,509,2020-06-29T00:00:00,508,2020-06-29T00:00:00,508,2020-06-22T00:00:00,0,2009-04-20T00:00:00,31,wheat_weekly_rvg
15,none,True,2020-06-29T00:00:00,509,2020-06-29T00:00:00,508,2020-06-29T00:00:00,508,2020-06-22T00:00:00,0,2009-04-20T00:00:00,31,wheat_weekly_jumps
15,none,True,2020-06-29T00:00:00,509,2020-06-29T00:00:00,508,2020-06-29T00:00:00,508,2020-06-22T00:00:00,0,2009-04-20T00:00:00,31,corn_weekly_rv
15,none,True,2020-06-29T00:00:00,509,2020-06-29T00:00:00,508,2020-06-29T00:00:00,508,2020-06-22T00:00:00,0,2009-04-20T00:00:00,31,soybeans_weekly_rv
15,none,True,2020-06-29T00:00:00,509,2020-06-29T00:00:00,508,2020-06-29T00:00:00,508,2020-06-22T00:00:00,0,2009-04-20T00:00:00,31,frbsf_sentiment
15,none,True,2020-06-29T00:00:00,509,2020-06-29T00:00:00,508,2020-06-29T00:00:00,508,2020-06-22T00:00:00,0,2009-04-20T00:00:00,31,Text_Climate_Anomaly
15,none,True,2020-06-29T00:00:00,509,2020-06-29T00:00:00,508,2020-06-29T00:00:00,508,2020-06-22T00:00:00,0,2009-04-20T00:00:00,31,epu_index
15,none,True,2020-06-29T00:00:00,509,2020-06-29T00:00:00,508,2020-06-29T00:00:00,508,2020-06-22T00:00:00,0,2009-04-20T00:00:00,31,DJIA_Index
15,none,True,2020-06-29T00:00:00,509,2020-06-29T00:00:00,508,2020-06-29T00:00:00,508,2020-06-22T00:00:00,0,2009-04-20T00:00:00,31,WTI_Index
15,none,True,2020-06-29T00:00:00,509,2020-06-29T00:00:00,508,2020-06-29T00:00:00,508,2020-06-22T00:00:00,0,2009-04-20T00:00:00,31,Broad_Dollar_index
15,none,True,2020-06-29T00:00:00,509,2020-06-29T00:00:00,508,2020-06-29T00:00:00,508,2020-06-22T00:00:00,0,2009-04-20T00:00:00,31,Stock_Uncertainty
15,none,True,2020-08-24T00:00:00,517,2020-08-24T00:00:00,516,2020-08-24T00:00:00,516,2020-08-17T00:00:00,0,2009-04-20T00:00:00,32,wheat_weekly_rv
15,none,True,2020-08-24T00:00:00,517,2020-08-24T00:00:00,516,2020-08-24T00:00:00,516,2020-08-17T00:00:00,0,2009-04-20T00:00:00,32,wheat_monthly_rv
15,none,True,2020-08-24T00:00:00,517,2020-08-24T00:00:00,516,2020-08-24T00:00:00,516,2020-08-17T00:00:00,0,2009-04-20T00:00:00,32,wheat_seasonal_rv
15,none,True,2020-08-24T00:00:00,517,2020-08-24T00:00:00,516,2020-08-24T00:00:00,516,2020-08-17T00:00:00,0,2009-04-20T00:00:00,32,wheat_weekly_rvb
15,none,True,2020-08-24T00:00:00,517,2020-08-24T00:00:00,516,2020-08-24T00:00:00,516,2020-08-17T00:00:00,0,2009-04-20T00:00:00,32,wheat_weekly_rvg
15,none,True,2020-08-24T00:00:00,517,2020-08-24T00:00:00,516,2020-08-24T00:00:00,516,2020-08-17T00:00:00,0,2009-04-20T00:00:00,32,wheat_weekly_jumps
15,none,True,2020-08-24T00:00:00,517,2020-08-24T00:00:00,516,2020-08-24T00:00:00,516,2020-08-17T00:00:00,0,2009-04-20T00:00:00,32,corn_weekly_rv
15,none,True,2020-08-24T00:00:00,517,2020-08-24T00:00:00,516,2020-08-24T00:00:00,516,2020-08-17T00:00:00,0,2009-04-20T00:00:00,32,soybeans_weekly_rv
15,none,True,2020-08-24T00:00:00,517,2020-08-24T00:00:00,516,2020-08-24T00:00:00,516,2020-08-17T00:00:00,0,2009-04-20T00:00:00,32,frbsf_sentiment
15,none,True,2020-08-24T00:00:00,517,2020-08-24T00:00:00,516,2020-08-24T00:00:00,516,2020-08-17T00:00:00,0,2009-04-20T00:00:00,32,Text_Climate_Anomaly
15,none,True,2020-08-24T00:00:00,517,2020-08-24T00:00:00,516,2020-08-24T00:00:00,516,2020-08-17T00:00:00,0,2009-04-20T00:00:00,32,epu_index
15,none,True,2020-08-24T00:00:00,517,2020-08-24T00:00:00,516,2020-08-24T00:00:00,516,2020-08-17T00:00:00,0,2009-04-20T00:00:00,32,DJIA_Index
15,none,True,2020-08-24T00:00:00,517,2020-08-24T00:00:00,516,2020-08-24T00:00:00,516,2020-08-17T00:00:00,0,2009-04-20T00:00:00,32,WTI_Index
15,none,True,2020-08-24T00:00:00,517,2020-08-24T00:00:00,516,2020-08-24T00:00:00,516,2020-08-17T00:00:00,0,2009-04-20T00:00:00,32,Broad_Dollar_index
15,none,True,2020-08-24T00:00:00,517,2020-08-24T00:00:00,516,2020-08-24T00:00:00,516,2020-08-17T00:00:00,0,2009-04-20T00:00:00,32,Stock_Uncertainty
15,none,True,2020-11-02T00:00:00,525,2020-11-02T00:00:00,524,2020-11-02T00:00:00,524,2020-10-26T00:00:00,0,2009-04-20T00:00:00,33,wheat_weekly_rv
15,none,True,2020-11-02T00:00:00,525,2020-11-02T00:00:00,524,2020-11-02T00:00:00,524,2020-10-26T00:00:00,0,2009-04-20T00:00:00,33,wheat_monthly_rv
15,none,True,2020-11-02T00:00:00,525,2020-11-02T00:00:00,524,2020-11-02T00:00:00,524,2020-10-26T00:00:00,0,2009-04-20T00:00:00,33,wheat_seasonal_rv
15,none,True,2020-11-02T00:00:00,525,2020-11-02T00:00:00,524,2020-11-02T00:00:00,524,2020-10-26T00:00:00,0,2009-04-20T00:00:00,33,wheat_weekly_rvb
15,none,True,2020-11-02T00:00:00,525,2020-11-02T00:00:00,524,2020-11-02T00:00:00,524,2020-10-26T00:00:00,0,2009-04-20T00:00:00,33,wheat_weekly_rvg
15,none,True,2020-11-02T00:00:00,525,2020-11-02T00:00:00,524,2020-11-02T00:00:00,524,2020-10-26T00:00:00,0,2009-04-20T00:00:00,33,wheat_weekly_jumps
15,none,True,2020-11-02T00:00:00,525,2020-11-02T00:00:00,524,2020-11-02T00:00:00,524,2020-10-26T00:00:00,0,2009-04-20T00:00:00,33,corn_weekly_rv
15,none,True,2020-11-02T00:00:00,525,2020-11-02T00:00:00,524,2020-11-02T00:00:00,524,2020-10-26T00:00:00,0,2009-04-20T00:00:00,33,soybeans_weekly_rv
15,none,True,2020-11-02T00:00:00,525,2020-11-02T00:00:00,524,2020-11-02T00:00:00,524,2020-10-26T00:00:00,0,2009-04-20T00:00:00,33,frbsf_sentiment
15,none,True,2020-11-02T00:00:00,525,2020-11-02T00:00:00,524,2020-11-02T00:00:00,524,2020-10-26T00:00:00,0,2009-04-20T00:00:00,33,Text_Climate_Anomaly
15,none,True,2020-11-02T00:00:00,525,2020-11-02T00:00:00,524,2020-11-02T00:00:00,524,2020-10-26T00:00:00,0,2009-04-20T00:00:00,33,epu_index
15,none,True,2020-11-02T00:00:00,525,2020-11-02T00:00:00,524,2020-11-02T00:00:00,524,2020-10-26T00:00:00,0,2009-04-20T00:00:00,33,DJIA_Index
15,none,True,2020-11-02T00:00:00,525,2020-11-02T00:00:00,524,2020-11-02T00:00:00,524,2020-10-26T00:00:00,0,2009-04-20T00:00:00,33,WTI_Index
15,none,True,2020-11-02T00:00:00,525,2020-11-02T00:00:00,524,2020-11-02T00:00:00,524,2020-10-26T00:00:00,0,2009-04-20T00:00:00,33,Broad_Dollar_index
15,none,True,2020-11-02T00:00:00,525,2020-11-02T00:00:00,524,2020-11-02T00:00:00,524,2020-10-26T00:00:00,0,2009-04-20T00:00:00,33,Stock_Uncertainty
15,none,True,2020-12-28T00:00:00,533,2020-12-28T00:00:00,532,2020-12-28T00:00:00,532,2020-12-21T00:00:00,0,2009-04-20T00:00:00,34,wheat_weekly_rv
15,none,True,2020-12-28T00:00:00,533,2020-12-28T00:00:00,532,2020-12-28T00:00:00,532,2020-12-21T00:00:00,0,2009-04-20T00:00:00,34,wheat_monthly_rv
15,none,True,2020-12-28T00:00:00,533,2020-12-28T00:00:00,532,2020-12-28T00:00:00,532,2020-12-21T00:00:00,0,2009-04-20T00:00:00,34,wheat_seasonal_rv
15,none,True,2020-12-28T00:00:00,533,2020-12-28T00:00:00,532,2020-12-28T00:00:00,532,2020-12-21T00:00:00,0,2009-04-20T00:00:00,34,wheat_weekly_rvb
15,none,True,2020-12-28T00:00:00,533,2020-12-28T00:00:00,532,2020-12-28T00:00:00,532,2020-12-21T00:00:00,0,2009-04-20T00:00:00,34,wheat_weekly_rvg
15,none,True,2020-12-28T00:00:00,533,2020-12-28T00:00:00,532,2020-12-28T00:00:00,532,2020-12-21T00:00:00,0,2009-04-20T00:00:00,34,wheat_weekly_jumps
15,none,True,2020-12-28T00:00:00,533,2020-12-28T00:00:00,532,2020-12-28T00:00:00,532,2020-12-21T00:00:00,0,2009-04-20T00:00:00,34,corn_weekly_rv
15,none,True,2020-12-28T00:00:00,533,2020-12-28T00:00:00,532,2020-12-28T00:00:00,532,2020-12-21T00:00:00,0,2009-04-20T00:00:00,34,soybeans_weekly_rv
15,none,True,2020-12-28T00:00:00,533,2020-12-28T00:00:00,532,2020-12-28T00:00:00,532,2020-12-21T00:00:00,0,2009-04-20T00:00:00,34,frbsf_sentiment
15,none,True,2020-12-28T00:00:00,533,2020-12-28T00:00:00,532,2020-12-28T00:00:00,532,2020-12-21T00:00:00,0,2009-04-20T00:00:00,34,Text_Climate_Anomaly
15,none,True,2020-12-28T00:00:00,533,2020-12-28T00:00:00,532,2020-12-28T00:00:00,532,2020-12-21T00:00:00,0,2009-04-20T00:00:00,34,epu_index
15,none,True,2020-12-28T00:00:00,533,2020-12-28T00:00:00,532,2020-12-28T00:00:00,532,2020-12-21T00:00:00,0,2009-04-20T00:00:00,34,DJIA_Index
15,none,True,2020-12-28T00:00:00,533,2020-12-28T00:00:00,532,2020-12-28T00:00:00,532,2020-12-21T00:00:00,0,2009-04-20T00:00:00,34,WTI_Index
15,none,True,2020-12-28T00:00:00,533,2020-12-28T00:00:00,532,2020-12-28T00:00:00,532,2020-12-21T00:00:00,0,2009-04-20T00:00:00,34,Broad_Dollar_index
15,none,True,2020-12-28T00:00:00,533,2020-12-28T00:00:00,532,2020-12-28T00:00:00,532,2020-12-21T00:00:00,0,2009-04-20T00:00:00,34,Stock_Uncertainty
15,none,True,2021-03-08T00:00:00,541,2021-03-08T00:00:00,540,2021-03-08T00:00:00,540,2021-03-01T00:00:00,0,2009-04-20T00:00:00,35,wheat_weekly_rv
15,none,True,2021-03-08T00:00:00,541,2021-03-08T00:00:00,540,2021-03-08T00:00:00,540,2021-03-01T00:00:00,0,2009-04-20T00:00:00,35,wheat_monthly_rv
15,none,True,2021-03-08T00:00:00,541,2021-03-08T00:00:00,540,2021-03-08T00:00:00,540,2021-03-01T00:00:00,0,2009-04-20T00:00:00,35,wheat_seasonal_rv
15,none,True,2021-03-08T00:00:00,541,2021-03-08T00:00:00,540,2021-03-08T00:00:00,540,2021-03-01T00:00:00,0,2009-04-20T00:00:00,35,wheat_weekly_rvb
15,none,True,2021-03-08T00:00:00,541,2021-03-08T00:00:00,540,2021-03-08T00:00:00,540,2021-03-01T00:00:00,0,2009-04-20T00:00:00,35,wheat_weekly_rvg
15,none,True,2021-03-08T00:00:00,541,2021-03-08T00:00:00,540,2021-03-08T00:00:00,540,2021-03-01T00:00:00,0,2009-04-20T00:00:00,35,wheat_weekly_jumps
15,none,True,2021-03-08T00:00:00,541,2021-03-08T00:00:00,540,2021-03-08T00:00:00,540,2021-03-01T00:00:00,0,2009-04-20T00:00:00,35,corn_weekly_rv
15,none,True,2021-03-08T00:00:00,541,2021-03-08T00:00:00,540,2021-03-08T00:00:00,540,2021-03-01T00:00:00,0,2009-04-20T00:00:00,35,soybeans_weekly_rv
15,none,True,2021-03-08T00:00:00,541,2021-03-08T00:00:00,540,2021-03-08T00:00:00,540,2021-03-01T00:00:00,0,2009-04-20T00:00:00,35,frbsf_sentiment
15,none,True,2021-03-08T00:00:00,541,2021-03-08T00:00:00,540,2021-03-08T00:00:00,540,2021-03-01T00:00:00,0,2009-04-20T00:00:00,35,Text_Climate_Anomaly
15,none,True,2021-03-08T00:00:00,541,2021-03-08T00:00:00,540,2021-03-08T00:00:00,540,2021-03-01T00:00:00,0,2009-04-20T00:00:00,35,epu_index
15,none,True,2021-03-08T00:00:00,541,2021-03-08T00:00:00,540,2021-03-08T00:00:00,540,2021-03-01T00:00:00,0,2009-04-20T00:00:00,35,DJIA_Index
15,none,True,2021-03-08T00:00:00,541,2021-03-08T00:00:00,540,2021-03-08T00:00:00,540,2021-03-01T00:00:00,0,2009-04-20T00:00:00,35,WTI_Index
15,none,True,2021-03-08T00:00:00,541,2021-03-08T00:00:00,540,2021-03-08T00:00:00,540,2021-03-01T00:00:00,0,2009-04-20T00:00:00,35,Broad_Dollar_index
15,none,True,2021-03-08T00:00:00,541,2021-03-08T00:00:00,540,2021-03-08T00:00:00,540,2021-03-01T00:00:00,0,2009-04-20T00:00:00,35,Stock_Uncertainty
15,none,True,2021-05-03T00:00:00,549,2021-05-03T00:00:00,548,2021-05-03T00:00:00,548,2021-04-26T00:00:00,0,2009-04-20T00:00:00,36,wheat_weekly_rv
15,none,True,2021-05-03T00:00:00,549,2021-05-03T00:00:00,548,2021-05-03T00:00:00,548,2021-04-26T00:00:00,0,2009-04-20T00:00:00,36,wheat_monthly_rv
15,none,True,2021-05-03T00:00:00,549,2021-05-03T00:00:00,548,2021-05-03T00:00:00,548,2021-04-26T00:00:00,0,2009-04-20T00:00:00,36,wheat_seasonal_rv
15,none,True,2021-05-03T00:00:00,549,2021-05-03T00:00:00,548,2021-05-03T00:00:00,548,2021-04-26T00:00:00,0,2009-04-20T00:00:00,36,wheat_weekly_rvb
15,none,True,2021-05-03T00:00:00,549,2021-05-03T00:00:00,548,2021-05-03T00:00:00,548,2021-04-26T00:00:00,0,2009-04-20T00:00:00,36,wheat_weekly_rvg
15,none,True,2021-05-03T00:00:00,549,2021-05-03T00:00:00,548,2021-05-03T00:00:00,548,2021-04-26T00:00:00,0,2009-04-20T00:00:00,36,wheat_weekly_jumps
15,none,True,2021-05-03T00:00:00,549,2021-05-03T00:00:00,548,2021-05-03T00:00:00,548,2021-04-26T00:00:00,0,2009-04-20T00:00:00,36,corn_weekly_rv
15,none,True,2021-05-03T00:00:00,549,2021-05-03T00:00:00,548,2021-05-03T00:00:00,548,2021-04-26T00:00:00,0,2009-04-20T00:00:00,36,soybeans_weekly_rv
15,none,True,2021-05-03T00:00:00,549,2021-05-03T00:00:00,548,2021-05-03T00:00:00,548,2021-04-26T00:00:00,0,2009-04-20T00:00:00,36,frbsf_sentiment
15,none,True,2021-05-03T00:00:00,549,2021-05-03T00:00:00,548,2021-05-03T00:00:00,548,2021-04-26T00:00:00,0,2009-04-20T00:00:00,36,Text_Climate_Anomaly
15,none,True,2021-05-03T00:00:00,549,2021-05-03T00:00:00,548,2021-05-03T00:00:00,548,2021-04-26T00:00:00,0,2009-04-20T00:00:00,36,epu_index
15,none,True,2021-05-03T00:00:00,549,2021-05-03T00:00:00,548,2021-05-03T00:00:00,548,2021-04-26T00:00:00,0,2009-04-20T00:00:00,36,DJIA_Index
15,none,True,2021-05-03T00:00:00,549,2021-05-03T00:00:00,548,2021-05-03T00:00:00,548,2021-04-26T00:00:00,0,2009-04-20T00:00:00,36,WTI_Index
15,none,True,2021-05-03T00:00:00,549,2021-05-03T00:00:00,548,2021-05-03T00:00:00,548,2021-04-26T00:00:00,0,2009-04-20T00:00:00,36,Broad_Dollar_index
15,none,True,2021-05-03T00:00:00,549,2021-05-03T00:00:00,548,2021-05-03T00:00:00,548,2021-04-26T00:00:00,0,2009-04-20T00:00:00,36,Stock_Uncertainty
15,none,True,2021-07-12T00:00:00,557,2021-07-12T00:00:00,556,2021-07-12T00:00:00,556,2021-06-28T00:00:00,0,2009-04-20T00:00:00,37,wheat_weekly_rv
15,none,True,2021-07-12T00:00:00,557,2021-07-12T00:00:00,556,2021-07-12T00:00:00,556,2021-06-28T00:00:00,0,2009-04-20T00:00:00,37,wheat_monthly_rv
15,none,True,2021-07-12T00:00:00,557,2021-07-12T00:00:00,556,2021-07-12T00:00:00,556,2021-06-28T00:00:00,0,2009-04-20T00:00:00,37,wheat_seasonal_rv
15,none,True,2021-07-12T00:00:00,557,2021-07-12T00:00:00,556,2021-07-12T00:00:00,556,2021-06-28T00:00:00,0,2009-04-20T00:00:00,37,wheat_weekly_rvb
15,none,True,2021-07-12T00:00:00,557,2021-07-12T00:00:00,556,2021-07-12T00:00:00,556,2021-06-28T00:00:00,0,2009-04-20T00:00:00,37,wheat_weekly_rvg
15,none,True,2021-07-12T00:00:00,557,2021-07-12T00:00:00,556,2021-07-12T00:00:00,556,2021-06-28T00:00:00,0,2009-04-20T00:00:00,37,wheat_weekly_jumps
15,none,True,2021-07-12T00:00:00,557,2021-07-12T00:00:00,556,2021-07-12T00:00:00,556,2021-06-28T00:00:00,0,2009-04-20T00:00:00,37,corn_weekly_rv
15,none,True,2021-07-12T00:00:00,557,2021-07-12T00:00:00,556,2021-07-12T00:00:00,556,2021-06-28T00:00:00,0,2009-04-20T00:00:00,37,soybeans_weekly_rv
15,none,True,2021-07-12T00:00:00,557,2021-07-12T00:00:00,556,2021-07-12T00:00:00,556,2021-06-28T00:00:00,0,2009-04-20T00:00:00,37,frbsf_sentiment
15,none,True,2021-07-12T00:00:00,557,2021-07-12T00:00:00,556,2021-07-12T00:00:00,556,2021-06-28T00:00:00,0,2009-04-20T00:00:00,37,Text_Climate_Anomaly
15,none,True,2021-07-12T00:00:00,557,2021-07-12T00:00:00,556,2021-07-12T00:00:00,556,2021-06-28T00:00:00,0,2009-04-20T00:00:00,37,epu_index
15,none,True,2021-07-12T00:00:00,557,2021-07-12T00:00:00,556,2021-07-12T00:00:00,556,2021-06-28T00:00:00,0,2009-04-20T00:00:00,37,DJIA_Index
15,none,True,2021-07-12T00:00:00,557,2021-07-12T00:00:00,556,2021-07-12T00:00:00,556,2021-06-28T00:00:00,0,2009-04-20T00:00:00,37,WTI_Index
15,none,True,2021-07-12T00:00:00,557,2021-07-12T00:00:00,556,2021-07-12T00:00:00,556,2021-06-28T00:00:00,0,2009-04-20T00:00:00,37,Broad_Dollar_index
15,none,True,2021-07-12T00:00:00,557,2021-07-12T00:00:00,556,2021-07-12T00:00:00,556,2021-06-28T00:00:00,0,2009-04-20T00:00:00,37,Stock_Uncertainty
15,none,True,2021-09-13T00:00:00,565,2021-09-13T00:00:00,564,2021-09-13T00:00:00,564,2021-08-30T00:00:00,0,2009-04-20T00:00:00,38,wheat_weekly_rv
15,none,True,2021-09-13T00:00:00,565,2021-09-13T00:00:00,564,2021-09-13T00:00:00,564,2021-08-30T00:00:00,0,2009-04-20T00:00:00,38,wheat_monthly_rv
15,none,True,2021-09-13T00:00:00,565,2021-09-13T00:00:00,564,2021-09-13T00:00:00,564,2021-08-30T00:00:00,0,2009-04-20T00:00:00,38,wheat_seasonal_rv
15,none,True,2021-09-13T00:00:00,565,2021-09-13T00:00:00,564,2021-09-13T00:00:00,564,2021-08-30T00:00:00,0,2009-04-20T00:00:00,38,wheat_weekly_rvb
15,none,True,2021-09-13T00:00:00,565,2021-09-13T00:00:00,564,2021-09-13T00:00:00,564,2021-08-30T00:00:00,0,2009-04-20T00:00:00,38,wheat_weekly_rvg
15,none,True,2021-09-13T00:00:00,565,2021-09-13T00:00:00,564,2021-09-13T00:00:00,564,2021-08-30T00:00:00,0,2009-04-20T00:00:00,38,wheat_weekly_jumps
15,none,True,2021-09-13T00:00:00,565,2021-09-13T00:00:00,564,2021-09-13T00:00:00,564,2021-08-30T00:00:00,0,2009-04-20T00:00:00,38,corn_weekly_rv
15,none,True,2021-09-13T00:00:00,565,2021-09-13T00:00:00,564,2021-09-13T00:00:00,564,2021-08-30T00:00:00,0,2009-04-20T00:00:00,38,soybeans_weekly_rv
15,none,True,2021-09-13T00:00:00,565,2021-09-13T00:00:00,564,2021-09-13T00:00:00,564,2021-08-30T00:00:00,0,2009-04-20T00:00:00,38,frbsf_sentiment
15,none,True,2021-09-13T00:00:00,565,2021-09-13T00:00:00,564,2021-09-13T00:00:00,564,2021-08-30T00:00:00,0,2009-04-20T00:00:00,38,Text_Climate_Anomaly
15,none,True,2021-09-13T00:00:00,565,2021-09-13T00:00:00,564,2021-09-13T00:00:00,564,2021-08-30T00:00:00,0,2009-04-20T00:00:00,38,epu_index
15,none,True,2021-09-13T00:00:00,565,2021-09-13T00:00:00,564,2021-09-13T00:00:00,564,2021-08-30T00:00:00,0,2009-04-20T00:00:00,38,DJIA_Index
15,none,True,2021-09-13T00:00:00,565,2021-09-13T00:00:00,564,2021-09-13T00:00:00,564,2021-08-30T00:00:00,0,2009-04-20T00:00:00,38,WTI_Index
15,none,True,2021-09-13T00:00:00,565,2021-09-13T00:00:00,564,2021-09-13T00:00:00,564,2021-08-30T00:00:00,0,2009-04-20T00:00:00,38,Broad_Dollar_index
15,none,True,2021-09-13T00:00:00,565,2021-09-13T00:00:00,564,2021-09-13T00:00:00,564,2021-08-30T00:00:00,0,2009-04-20T00:00:00,38,Stock_Uncertainty
15,none,True,2021-11-15T00:00:00,573,2021-11-15T00:00:00,572,2021-11-15T00:00:00,572,2021-11-08T00:00:00,0,2009-04-20T00:00:00,39,wheat_weekly_rv
15,none,True,2021-11-15T00:00:00,573,2021-11-15T00:00:00,572,2021-11-15T00:00:00,572,2021-11-08T00:00:00,0,2009-04-20T00:00:00,39,wheat_monthly_rv
15,none,True,2021-11-15T00:00:00,573,2021-11-15T00:00:00,572,2021-11-15T00:00:00,572,2021-11-08T00:00:00,0,2009-04-20T00:00:00,39,wheat_seasonal_rv
15,none,True,2021-11-15T00:00:00,573,2021-11-15T00:00:00,572,2021-11-15T00:00:00,572,2021-11-08T00:00:00,0,2009-04-20T00:00:00,39,wheat_weekly_rvb
15,none,True,2021-11-15T00:00:00,573,2021-11-15T00:00:00,572,2021-11-15T00:00:00,572,2021-11-08T00:00:00,0,2009-04-20T00:00:00,39,wheat_weekly_rvg
15,none,True,2021-11-15T00:00:00,573,2021-11-15T00:00:00,572,2021-11-15T00:00:00,572,2021-11-08T00:00:00,0,2009-04-20T00:00:00,39,wheat_weekly_jumps
15,none,True,2021-11-15T00:00:00,573,2021-11-15T00:00:00,572,2021-11-15T00:00:00,572,2021-11-08T00:00:00,0,2009-04-20T00:00:00,39,corn_weekly_rv
15,none,True,2021-11-15T00:00:00,573,2021-11-15T00:00:00,572,2021-11-15T00:00:00,572,2021-11-08T00:00:00,0,2009-04-20T00:00:00,39,soybeans_weekly_rv
15,none,True,2021-11-15T00:00:00,573,2021-11-15T00:00:00,572,2021-11-15T00:00:00,572,2021-11-08T00:00:00,0,2009-04-20T00:00:00,39,frbsf_sentiment
15,none,True,2021-11-15T00:00:00,573,2021-11-15T00:00:00,572,2021-11-15T00:00:00,572,2021-11-08T00:00:00,0,2009-04-20T00:00:00,39,Text_Climate_Anomaly
15,none,True,2021-11-15T00:00:00,573,2021-11-15T00:00:00,572,2021-11-15T00:00:00,572,2021-11-08T00:00:00,0,2009-04-20T00:00:00,39,epu_index
15,none,True,2021-11-15T00:00:00,573,2021-11-15T00:00:00,572,2021-11-15T00:00:00,572,2021-11-08T00:00:00,0,2009-04-20T00:00:00,39,DJIA_Index
15,none,True,2021-11-15T00:00:00,573,2021-11-15T00:00:00,572,2021-11-15T00:00:00,572,2021-11-08T00:00:00,0,2009-04-20T00:00:00,39,WTI_Index
15,none,True,2021-11-15T00:00:00,573,2021-11-15T00:00:00,572,2021-11-15T00:00:00,572,2021-11-08T00:00:00,0,2009-04-20T00:00:00,39,Broad_Dollar_index
15,none,True,2021-11-15T00:00:00,573,2021-11-15T00:00:00,572,2021-11-15T00:00:00,572,2021-11-08T00:00:00,0,2009-04-20T00:00:00,39,Stock_Uncertainty
15,none,True,2022-01-10T00:00:00,581,2022-01-10T00:00:00,580,2022-01-10T00:00:00,580,2022-01-03T00:00:00,0,2009-04-20T00:00:00,40,wheat_weekly_rv
15,none,True,2022-01-10T00:00:00,581,2022-01-10T00:00:00,580,2022-01-10T00:00:00,580,2022-01-03T00:00:00,0,2009-04-20T00:00:00,40,wheat_monthly_rv
15,none,True,2022-01-10T00:00:00,581,2022-01-10T00:00:00,580,2022-01-10T00:00:00,580,2022-01-03T00:00:00,0,2009-04-20T00:00:00,40,wheat_seasonal_rv
15,none,True,2022-01-10T00:00:00,581,2022-01-10T00:00:00,580,2022-01-10T00:00:00,580,2022-01-03T00:00:00,0,2009-04-20T00:00:00,40,wheat_weekly_rvb
15,none,True,2022-01-10T00:00:00,581,2022-01-10T00:00:00,580,2022-01-10T00:00:00,580,2022-01-03T00:00:00,0,2009-04-20T00:00:00,40,wheat_weekly_rvg
15,none,True,2022-01-10T00:00:00,581,2022-01-10T00:00:00,580,2022-01-10T00:00:00,580,2022-01-03T00:00:00,0,2009-04-20T00:00:00,40,wheat_weekly_jumps
15,none,True,2022-01-10T00:00:00,581,2022-01-10T00:00:00,580,2022-01-10T00:00:00,580,2022-01-03T00:00:00,0,2009-04-20T00:00:00,40,corn_weekly_rv
15,none,True,2022-01-10T00:00:00,581,2022-01-10T00:00:00,580,2022-01-10T00:00:00,580,2022-01-03T00:00:00,0,2009-04-20T00:00:00,40,soybeans_weekly_rv
15,none,True,2022-01-10T00:00:00,581,2022-01-10T00:00:00,580,2022-01-10T00:00:00,580,2022-01-03T00:00:00,0,2009-04-20T00:00:00,40,frbsf_sentiment
15,none,True,2022-01-10T00:00:00,581,2022-01-10T00:00:00,580,2022-01-10T00:00:00,580,2022-01-03T00:00:00,0,2009-04-20T00:00:00,40,Text_Climate_Anomaly
15,none,True,2022-01-10T00:00:00,581,2022-01-10T00:00:00,580,2022-01-10T00:00:00,580,2022-01-03T00:00:00,0,2009-04-20T00:00:00,40,epu_index
15,none,True,2022-01-10T00:00:00,581,2022-01-10T00:00:00,580,2022-01-10T00:00:00,580,2022-01-03T00:00:00,0,2009-04-20T00:00:00,40,DJIA_Index
15,none,True,2022-01-10T00:00:00,581,2022-01-10T00:00:00,580,2022-01-10T00:00:00,580,2022-01-03T00:00:00,0,2009-04-20T00:00:00,40,WTI_Index
15,none,True,2022-01-10T00:00:00,581,2022-01-10T00:00:00,580,2022-01-10T00:00:00,580,2022-01-03T00:00:00,0,2009-04-20T00:00:00,40,Broad_Dollar_index
15,none,True,2022-01-10T00:00:00,581,2022-01-10T00:00:00,580,2022-01-10T00:00:00,580,2022-01-03T00:00:00,0,2009-04-20T00:00:00,40,Stock_Uncertainty
15,none,True,2022-03-21T00:00:00,589,2022-03-21T00:00:00,588,2022-03-21T00:00:00,588,2022-03-14T00:00:00,0,2009-04-20T00:00:00,41,wheat_weekly_rv
15,none,True,2022-03-21T00:00:00,589,2022-03-21T00:00:00,588,2022-03-21T00:00:00,588,2022-03-14T00:00:00,0,2009-04-20T00:00:00,41,wheat_monthly_rv
15,none,True,2022-03-21T00:00:00,589,2022-03-21T00:00:00,588,2022-03-21T00:00:00,588,2022-03-14T00:00:00,0,2009-04-20T00:00:00,41,wheat_seasonal_rv
15,none,True,2022-03-21T00:00:00,589,2022-03-21T00:00:00,588,2022-03-21T00:00:00,588,2022-03-14T00:00:00,0,2009-04-20T00:00:00,41,wheat_weekly_rvb
15,none,True,2022-03-21T00:00:00,589,2022-03-21T00:00:00,588,2022-03-21T00:00:00,588,2022-03-14T00:00:00,0,2009-04-20T00:00:00,41,wheat_weekly_rvg
15,none,True,2022-03-21T00:00:00,589,2022-03-21T00:00:00,588,2022-03-21T00:00:00,588,2022-03-14T00:00:00,0,2009-04-20T00:00:00,41,wheat_weekly_jumps
15,none,True,2022-03-21T00:00:00,589,2022-03-21T00:00:00,588,2022-03-21T00:00:00,588,2022-03-14T00:00:00,0,2009-04-20T00:00:00,41,corn_weekly_rv
15,none,True,2022-03-21T00:00:00,589,2022-03-21T00:00:00,588,2022-03-21T00:00:00,588,2022-03-14T00:00:00,0,2009-04-20T00:00:00,41,soybeans_weekly_rv
15,none,True,2022-03-21T00:00:00,589,2022-03-21T00:00:00,588,2022-03-21T00:00:00,588,2022-03-14T00:00:00,0,2009-04-20T00:00:00,41,frbsf_sentiment
15,none,True,2022-03-21T00:00:00,589,2022-03-21T00:00:00,588,2022-03-21T00:00:00,588,2022-03-14T00:00:00,0,2009-04-20T00:00:00,41,Text_Climate_Anomaly
15,none,True,2022-03-21T00:00:00,589,2022-03-21T00:00:00,588,2022-03-21T00:00:00,588,2022-03-14T00:00:00,0,2009-04-20T00:00:00,41,epu_index
15,none,True,2022-03-21T00:00:00,589,2022-03-21T00:00:00,588,2022-03-21T00:00:00,588,2022-03-14T00:00:00,0,2009-04-20T00:00:00,41,DJIA_Index
15,none,True,2022-03-21T00:00:00,589,2022-03-21T00:00:00,588,2022-03-21T00:00:00,588,2022-03-14T00:00:00,0,2009-04-20T00:00:00,41,WTI_Index
15,none,True,2022-03-21T00:00:00,589,2022-03-21T00:00:00,588,2022-03-21T00:00:00,588,2022-03-14T00:00:00,0,2009-04-20T00:00:00,41,Broad_Dollar_index
15,none,True,2022-03-21T00:00:00,589,2022-03-21T00:00:00,588,2022-03-21T00:00:00,588,2022-03-14T00:00:00,0,2009-04-20T00:00:00,41,Stock_Uncertainty
15,none,True,2022-05-16T00:00:00,597,2022-05-16T00:00:00,596,2022-05-16T00:00:00,596,2022-05-09T00:00:00,0,2009-04-20T00:00:00,42,wheat_weekly_rv
15,none,True,2022-05-16T00:00:00,597,2022-05-16T00:00:00,596,2022-05-16T00:00:00,596,2022-05-09T00:00:00,0,2009-04-20T00:00:00,42,wheat_monthly_rv
15,none,True,2022-05-16T00:00:00,597,2022-05-16T00:00:00,596,2022-05-16T00:00:00,596,2022-05-09T00:00:00,0,2009-04-20T00:00:00,42,wheat_seasonal_rv
15,none,True,2022-05-16T00:00:00,597,2022-05-16T00:00:00,596,2022-05-16T00:00:00,596,2022-05-09T00:00:00,0,2009-04-20T00:00:00,42,wheat_weekly_rvb
15,none,True,2022-05-16T00:00:00,597,2022-05-16T00:00:00,596,2022-05-16T00:00:00,596,2022-05-09T00:00:00,0,2009-04-20T00:00:00,42,wheat_weekly_rvg
15,none,True,2022-05-16T00:00:00,597,2022-05-16T00:00:00,596,2022-05-16T00:00:00,596,2022-05-09T00:00:00,0,2009-04-20T00:00:00,42,wheat_weekly_jumps
15,none,True,2022-05-16T00:00:00,597,2022-05-16T00:00:00,596,2022-05-16T00:00:00,596,2022-05-09T00:00:00,0,2009-04-20T00:00:00,42,corn_weekly_rv
15,none,True,2022-05-16T00:00:00,597,2022-05-16T00:00:00,596,2022-05-16T00:00:00,596,2022-05-09T00:00:00,0,2009-04-20T00:00:00,42,soybeans_weekly_rv
15,none,True,2022-05-16T00:00:00,597,2022-05-16T00:00:00,596,2022-05-16T00:00:00,596,2022-05-09T00:00:00,0,2009-04-20T00:00:00,42,frbsf_sentiment
15,none,True,2022-05-16T00:00:00,597,2022-05-16T00:00:00,596,2022-05-16T00:00:00,596,2022-05-09T00:00:00,0,2009-04-20T00:00:00,42,Text_Climate_Anomaly
15,none,True,2022-05-16T00:00:00,597,2022-05-16T00:00:00,596,2022-05-16T00:00:00,596,2022-05-09T00:00:00,0,2009-04-20T00:00:00,42,epu_index
15,none,True,2022-05-16T00:00:00,597,2022-05-16T00:00:00,596,2022-05-16T00:00:00,596,2022-05-09T00:00:00,0,2009-04-20T00:00:00,42,DJIA_Index
15,none,True,2022-05-16T00:00:00,597,2022-05-16T00:00:00,596,2022-05-16T00:00:00,596,2022-05-09T00:00:00,0,2009-04-20T00:00:00,42,WTI_Index
15,none,True,2022-05-16T00:00:00,597,2022-05-16T00:00:00,596,2022-05-16T00:00:00,596,2022-05-09T00:00:00,0,2009-04-20T00:00:00,42,Broad_Dollar_index
15,none,True,2022-05-16T00:00:00,597,2022-05-16T00:00:00,596,2022-05-16T00:00:00,596,2022-05-09T00:00:00,0,2009-04-20T00:00:00,42,Stock_Uncertainty
15,none,True,2022-08-01T00:00:00,605,2022-08-01T00:00:00,604,2022-08-01T00:00:00,604,2022-07-25T00:00:00,0,2009-04-20T00:00:00,43,wheat_weekly_rv
15,none,True,2022-08-01T00:00:00,605,2022-08-01T00:00:00,604,2022-08-01T00:00:00,604,2022-07-25T00:00:00,0,2009-04-20T00:00:00,43,wheat_monthly_rv
15,none,True,2022-08-01T00:00:00,605,2022-08-01T00:00:00,604,2022-08-01T00:00:00,604,2022-07-25T00:00:00,0,2009-04-20T00:00:00,43,wheat_seasonal_rv
15,none,True,2022-08-01T00:00:00,605,2022-08-01T00:00:00,604,2022-08-01T00:00:00,604,2022-07-25T00:00:00,0,2009-04-20T00:00:00,43,wheat_weekly_rvb
15,none,True,2022-08-01T00:00:00,605,2022-08-01T00:00:00,604,2022-08-01T00:00:00,604,2022-07-25T00:00:00,0,2009-04-20T00:00:00,43,wheat_weekly_rvg
15,none,True,2022-08-01T00:00:00,605,2022-08-01T00:00:00,604,2022-08-01T00:00:00,604,2022-07-25T00:00:00,0,2009-04-20T00:00:00,43,wheat_weekly_jumps
15,none,True,2022-08-01T00:00:00,605,2022-08-01T00:00:00,604,2022-08-01T00:00:00,604,2022-07-25T00:00:00,0,2009-04-20T00:00:00,43,corn_weekly_rv
15,none,True,2022-08-01T00:00:00,605,2022-08-01T00:00:00,604,2022-08-01T00:00:00,604,2022-07-25T00:00:00,0,2009-04-20T00:00:00,43,soybeans_weekly_rv
15,none,True,2022-08-01T00:00:00,605,2022-08-01T00:00:00,604,2022-08-01T00:00:00,604,2022-07-25T00:00:00,0,2009-04-20T00:00:00,43,frbsf_sentiment
15,none,True,2022-08-01T00:00:00,605,2022-08-01T00:00:00,604,2022-08-01T00:00:00,604,2022-07-25T00:00:00,0,2009-04-20T00:00:00,43,Text_Climate_Anomaly
15,none,True,2022-08-01T00:00:00,605,2022-08-01T00:00:00,604,2022-08-01T00:00:00,604,2022-07-25T00:00:00,0,2009-04-20T00:00:00,43,epu_index
15,none,True,2022-08-01T00:00:00,605,2022-08-01T00:00:00,604,2022-08-01T00:00:00,604,2022-07-25T00:00:00,0,2009-04-20T00:00:00,43,DJIA_Index
15,none,True,2022-08-01T00:00:00,605,2022-08-01T00:00:00,604,2022-08-01T00:00:00,604,2022-07-25T00:00:00,0,2009-04-20T00:00:00,43,WTI_Index
15,none,True,2022-08-01T00:00:00,605,2022-08-01T00:00:00,604,2022-08-01T00:00:00,604,2022-07-25T00:00:00,0,2009-04-20T00:00:00,43,Broad_Dollar_index
15,none,True,2022-08-01T00:00:00,605,2022-08-01T00:00:00,604,2022-08-01T00:00:00,604,2022-07-25T00:00:00,0,2009-04-20T00:00:00,43,Stock_Uncertainty
15,none,True,2022-10-03T00:00:00,613,2022-10-03T00:00:00,612,2022-10-03T00:00:00,612,2022-09-26T00:00:00,0,2009-04-20T00:00:00,44,wheat_weekly_rv
15,none,True,2022-10-03T00:00:00,613,2022-10-03T00:00:00,612,2022-10-03T00:00:00,612,2022-09-26T00:00:00,0,2009-04-20T00:00:00,44,wheat_monthly_rv
15,none,True,2022-10-03T00:00:00,613,2022-10-03T00:00:00,612,2022-10-03T00:00:00,612,2022-09-26T00:00:00,0,2009-04-20T00:00:00,44,wheat_seasonal_rv
15,none,True,2022-10-03T00:00:00,613,2022-10-03T00:00:00,612,2022-10-03T00:00:00,612,2022-09-26T00:00:00,0,2009-04-20T00:00:00,44,wheat_weekly_rvb
15,none,True,2022-10-03T00:00:00,613,2022-10-03T00:00:00,612,2022-10-03T00:00:00,612,2022-09-26T00:00:00,0,2009-04-20T00:00:00,44,wheat_weekly_rvg
15,none,True,2022-10-03T00:00:00,613,2022-10-03T00:00:00,612,2022-10-03T00:00:00,612,2022-09-26T00:00:00,0,2009-04-20T00:00:00,44,wheat_weekly_jumps
15,none,True,2022-10-03T00:00:00,613,2022-10-03T00:00:00,612,2022-10-03T00:00:00,612,2022-09-26T00:00:00,0,2009-04-20T00:00:00,44,corn_weekly_rv
15,none,True,2022-10-03T00:00:00,613,2022-10-03T00:00:00,612,2022-10-03T00:00:00,612,2022-09-26T00:00:00,0,2009-04-20T00:00:00,44,soybeans_weekly_rv
15,none,True,2022-10-03T00:00:00,613,2022-10-03T00:00:00,612,2022-10-03T00:00:00,612,2022-09-26T00:00:00,0,2009-04-20T00:00:00,44,frbsf_sentiment
15,none,True,2022-10-03T00:00:00,613,2022-10-03T00:00:00,612,2022-10-03T00:00:00,612,2022-09-26T00:00:00,0,2009-04-20T00:00:00,44,Text_Climate_Anomaly
15,none,True,2022-10-03T00:00:00,613,2022-10-03T00:00:00,612,2022-10-03T00:00:00,612,2022-09-26T00:00:00,0,2009-04-20T00:00:00,44,epu_index
15,none,True,2022-10-03T00:00:00,613,2022-10-03T00:00:00,612,2022-10-03T00:00:00,612,2022-09-26T00:00:00,0,2009-04-20T00:00:00,44,DJIA_Index
15,none,True,2022-10-03T00:00:00,613,2022-10-03T00:00:00,612,2022-10-03T00:00:00,612,2022-09-26T00:00:00,0,2009-04-20T00:00:00,44,WTI_Index
15,none,True,2022-10-03T00:00:00,613,2022-10-03T00:00:00,612,2022-10-03T00:00:00,612,2022-09-26T00:00:00,0,2009-04-20T00:00:00,44,Broad_Dollar_index
15,none,True,2022-10-03T00:00:00,613,2022-10-03T00:00:00,612,2022-10-03T00:00:00,612,2022-09-26T00:00:00,0,2009-04-20T00:00:00,44,Stock_Uncertainty
15,none,True,2022-12-05T00:00:00,621,2022-12-05T00:00:00,620,2022-12-05T00:00:00,620,2022-11-28T00:00:00,0,2009-04-20T00:00:00,45,wheat_weekly_rv
15,none,True,2022-12-05T00:00:00,621,2022-12-05T00:00:00,620,2022-12-05T00:00:00,620,2022-11-28T00:00:00,0,2009-04-20T00:00:00,45,wheat_monthly_rv
15,none,True,2022-12-05T00:00:00,621,2022-12-05T00:00:00,620,2022-12-05T00:00:00,620,2022-11-28T00:00:00,0,2009-04-20T00:00:00,45,wheat_seasonal_rv
15,none,True,2022-12-05T00:00:00,621,2022-12-05T00:00:00,620,2022-12-05T00:00:00,620,2022-11-28T00:00:00,0,2009-04-20T00:00:00,45,wheat_weekly_rvb
15,none,True,2022-12-05T00:00:00,621,2022-12-05T00:00:00,620,2022-12-05T00:00:00,620,2022-11-28T00:00:00,0,2009-04-20T00:00:00,45,wheat_weekly_rvg
15,none,True,2022-12-05T00:00:00,621,2022-12-05T00:00:00,620,2022-12-05T00:00:00,620,2022-11-28T00:00:00,0,2009-04-20T00:00:00,45,wheat_weekly_jumps
15,none,True,2022-12-05T00:00:00,621,2022-12-05T00:00:00,620,2022-12-05T00:00:00,620,2022-11-28T00:00:00,0,2009-04-20T00:00:00,45,corn_weekly_rv
15,none,True,2022-12-05T00:00:00,621,2022-12-05T00:00:00,620,2022-12-05T00:00:00,620,2022-11-28T00:00:00,0,2009-04-20T00:00:00,45,soybeans_weekly_rv
15,none,True,2022-12-05T00:00:00,621,2022-12-05T00:00:00,620,2022-12-05T00:00:00,620,2022-11-28T00:00:00,0,2009-04-20T00:00:00,45,frbsf_sentiment
15,none,True,2022-12-05T00:00:00,621,2022-12-05T00:00:00,620,2022-12-05T00:00:00,620,2022-11-28T00:00:00,0,2009-04-20T00:00:00,45,Text_Climate_Anomaly
15,none,True,2022-12-05T00:00:00,621,2022-12-05T00:00:00,620,2022-12-05T00:00:00,620,2022-11-28T00:00:00,0,2009-04-20T00:00:00,45,epu_index
15,none,True,2022-12-05T00:00:00,621,2022-12-05T00:00:00,620,2022-12-05T00:00:00,620,2022-11-28T00:00:00,0,2009-04-20T00:00:00,45,DJIA_Index
15,none,True,2022-12-05T00:00:00,621,2022-12-05T00:00:00,620,2022-12-05T00:00:00,620,2022-11-28T00:00:00,0,2009-04-20T00:00:00,45,WTI_Index
15,none,True,2022-12-05T00:00:00,621,2022-12-05T00:00:00,620,2022-12-05T00:00:00,620,2022-11-28T00:00:00,0,2009-04-20T00:00:00,45,Broad_Dollar_index
15,none,True,2022-12-05T00:00:00,621,2022-12-05T00:00:00,620,2022-12-05T00:00:00,620,2022-11-28T00:00:00,0,2009-04-20T00:00:00,45,Stock_Uncertainty
15,none,True,2023-02-27T00:00:00,629,2023-02-27T00:00:00,628,2023-02-27T00:00:00,628,2023-02-13T00:00:00,0,2009-04-20T00:00:00,46,wheat_weekly_rv
15,none,True,2023-02-27T00:00:00,629,2023-02-27T00:00:00,628,2023-02-27T00:00:00,628,2023-02-13T00:00:00,0,2009-04-20T00:00:00,46,wheat_monthly_rv
15,none,True,2023-02-27T00:00:00,629,2023-02-27T00:00:00,628,2023-02-27T00:00:00,628,2023-02-13T00:00:00,0,2009-04-20T00:00:00,46,wheat_seasonal_rv
15,none,True,2023-02-27T00:00:00,629,2023-02-27T00:00:00,628,2023-02-27T00:00:00,628,2023-02-13T00:00:00,0,2009-04-20T00:00:00,46,wheat_weekly_rvb
15,none,True,2023-02-27T00:00:00,629,2023-02-27T00:00:00,628,2023-02-27T00:00:00,628,2023-02-13T00:00:00,0,2009-04-20T00:00:00,46,wheat_weekly_rvg
15,none,True,2023-02-27T00:00:00,629,2023-02-27T00:00:00,628,2023-02-27T00:00:00,628,2023-02-13T00:00:00,0,2009-04-20T00:00:00,46,wheat_weekly_jumps
15,none,True,2023-02-27T00:00:00,629,2023-02-27T00:00:00,628,2023-02-27T00:00:00,628,2023-02-13T00:00:00,0,2009-04-20T00:00:00,46,corn_weekly_rv
15,none,True,2023-02-27T00:00:00,629,2023-02-27T00:00:00,628,2023-02-27T00:00:00,628,2023-02-13T00:00:00,0,2009-04-20T00:00:00,46,soybeans_weekly_rv
15,none,True,2023-02-27T00:00:00,629,2023-02-27T00:00:00,628,2023-02-27T00:00:00,628,2023-02-13T00:00:00,0,2009-04-20T00:00:00,46,frbsf_sentiment
15,none,True,2023-02-27T00:00:00,629,2023-02-27T00:00:00,628,2023-02-27T00:00:00,628,2023-02-13T00:00:00,0,2009-04-20T00:00:00,46,Text_Climate_Anomaly
15,none,True,2023-02-27T00:00:00,629,2023-02-27T00:00:00,628,2023-02-27T00:00:00,628,2023-02-13T00:00:00,0,2009-04-20T00:00:00,46,epu_index
15,none,True,2023-02-27T00:00:00,629,2023-02-27T00:00:00,628,2023-02-27T00:00:00,628,2023-02-13T00:00:00,0,2009-04-20T00:00:00,46,DJIA_Index
15,none,True,2023-02-27T00:00:00,629,2023-02-27T00:00:00,628,2023-02-27T00:00:00,628,2023-02-13T00:00:00,0,2009-04-20T00:00:00,46,WTI_Index
15,none,True,2023-02-27T00:00:00,629,2023-02-27T00:00:00,628,2023-02-27T00:00:00,628,2023-02-13T00:00:00,0,2009-04-20T00:00:00,46,Broad_Dollar_index
15,none,True,2023-02-27T00:00:00,629,2023-02-27T00:00:00,628,2023-02-27T00:00:00,628,2023-02-13T00:00:00,0,2009-04-20T00:00:00,46,Stock_Uncertainty
15,none,True,2023-04-24T00:00:00,637,2023-04-24T00:00:00,636,2023-04-24T00:00:00,636,2023-04-17T00:00:00,0,2009-04-20T00:00:00,47,wheat_weekly_rv
15,none,True,2023-04-24T00:00:00,637,2023-04-24T00:00:00,636,2023-04-24T00:00:00,636,2023-04-17T00:00:00,0,2009-04-20T00:00:00,47,wheat_monthly_rv
15,none,True,2023-04-24T00:00:00,637,2023-04-24T00:00:00,636,2023-04-24T00:00:00,636,2023-04-17T00:00:00,0,2009-04-20T00:00:00,47,wheat_seasonal_rv
15,none,True,2023-04-24T00:00:00,637,2023-04-24T00:00:00,636,2023-04-24T00:00:00,636,2023-04-17T00:00:00,0,2009-04-20T00:00:00,47,wheat_weekly_rvb
15,none,True,2023-04-24T00:00:00,637,2023-04-24T00:00:00,636,2023-04-24T00:00:00,636,2023-04-17T00:00:00,0,2009-04-20T00:00:00,47,wheat_weekly_rvg
15,none,True,2023-04-24T00:00:00,637,2023-04-24T00:00:00,636,2023-04-24T00:00:00,636,2023-04-17T00:00:00,0,2009-04-20T00:00:00,47,wheat_weekly_jumps
15,none,True,2023-04-24T00:00:00,637,2023-04-24T00:00:00,636,2023-04-24T00:00:00,636,2023-04-17T00:00:00,0,2009-04-20T00:00:00,47,corn_weekly_rv
15,none,True,2023-04-24T00:00:00,637,2023-04-24T00:00:00,636,2023-04-24T00:00:00,636,2023-04-17T00:00:00,0,2009-04-20T00:00:00,47,soybeans_weekly_rv
15,none,True,2023-04-24T00:00:00,637,2023-04-24T00:00:00,636,2023-04-24T00:00:00,636,2023-04-17T00:00:00,0,2009-04-20T00:00:00,47,frbsf_sentiment
15,none,True,2023-04-24T00:00:00,637,2023-04-24T00:00:00,636,2023-04-24T00:00:00,636,2023-04-17T00:00:00,0,2009-04-20T00:00:00,47,Text_Climate_Anomaly
15,none,True,2023-04-24T00:00:00,637,2023-04-24T00:00:00,636,2023-04-24T00:00:00,636,2023-04-17T00:00:00,0,2009-04-20T00:00:00,47,epu_index
15,none,True,2023-04-24T00:00:00,637,2023-04-24T00:00:00,636,2023-04-24T00:00:00,636,2023-04-17T00:00:00,0,2009-04-20T00:00:00,47,DJIA_Index
15,none,True,2023-04-24T00:00:00,637,2023-04-24T00:00:00,636,2023-04-24T00:00:00,636,2023-04-17T00:00:00,0,2009-04-20T00:00:00,47,WTI_Index
15,none,True,2023-04-24T00:00:00,637,2023-04-24T00:00:00,636,2023-04-24T00:00:00,636,2023-04-17T00:00:00,0,2009-04-20T00:00:00,47,Broad_Dollar_index
15,none,True,2023-04-24T00:00:00,637,2023-04-24T00:00:00,636,2023-04-24T00:00:00,636,2023-04-17T00:00:00,0,2009-04-20T00:00:00,47,Stock_Uncertainty
15,none,True,2023-07-03T00:00:00,645,2023-07-03T00:00:00,644,2023-07-03T00:00:00,644,2023-06-26T00:00:00,0,2009-04-20T00:00:00,48,wheat_weekly_rv
15,none,True,2023-07-03T00:00:00,645,2023-07-03T00:00:00,644,2023-07-03T00:00:00,644,2023-06-26T00:00:00,0,2009-04-20T00:00:00,48,wheat_monthly_rv
15,none,True,2023-07-03T00:00:00,645,2023-07-03T00:00:00,644,2023-07-03T00:00:00,644,2023-06-26T00:00:00,0,2009-04-20T00:00:00,48,wheat_seasonal_rv
15,none,True,2023-07-03T00:00:00,645,2023-07-03T00:00:00,644,2023-07-03T00:00:00,644,2023-06-26T00:00:00,0,2009-04-20T00:00:00,48,wheat_weekly_rvb
15,none,True,2023-07-03T00:00:00,645,2023-07-03T00:00:00,644,2023-07-03T00:00:00,644,2023-06-26T00:00:00,0,2009-04-20T00:00:00,48,wheat_weekly_rvg
15,none,True,2023-07-03T00:00:00,645,2023-07-03T00:00:00,644,2023-07-03T00:00:00,644,2023-06-26T00:00:00,0,2009-04-20T00:00:00,48,wheat_weekly_jumps
15,none,True,2023-07-03T00:00:00,645,2023-07-03T00:00:00,644,2023-07-03T00:00:00,644,2023-06-26T00:00:00,0,2009-04-20T00:00:00,48,corn_weekly_rv
15,none,True,2023-07-03T00:00:00,645,2023-07-03T00:00:00,644,2023-07-03T00:00:00,644,2023-06-26T00:00:00,0,2009-04-20T00:00:00,48,soybeans_weekly_rv
15,none,True,2023-07-03T00:00:00,645,2023-07-03T00:00:00,644,2023-07-03T00:00:00,644,2023-06-26T00:00:00,0,2009-04-20T00:00:00,48,frbsf_sentiment
15,none,True,2023-07-03T00:00:00,645,2023-07-03T00:00:00,644,2023-07-03T00:00:00,644,2023-06-26T00:00:00,0,2009-04-20T00:00:00,48,Text_Climate_Anomaly
15,none,True,2023-07-03T00:00:00,645,2023-07-03T00:00:00,644,2023-07-03T00:00:00,644,2023-06-26T00:00:00,0,2009-04-20T00:00:00,48,epu_index
15,none,True,2023-07-03T00:00:00,645,2023-07-03T00:00:00,644,2023-07-03T00:00:00,644,2023-06-26T00:00:00,0,2009-04-20T00:00:00,48,DJIA_Index
15,none,True,2023-07-03T00:00:00,645,2023-07-03T00:00:00,644,2023-07-03T00:00:00,644,2023-06-26T00:00:00,0,2009-04-20T00:00:00,48,WTI_Index
15,none,True,2023-07-03T00:00:00,645,2023-07-03T00:00:00,644,2023-07-03T00:00:00,644,2023-06-26T00:00:00,0,2009-04-20T00:00:00,48,Broad_Dollar_index
15,none,True,2023-07-03T00:00:00,645,2023-07-03T00:00:00,644,2023-07-03T00:00:00,644,2023-06-26T00:00:00,0,2009-04-20T00:00:00,48,Stock_Uncertainty
15,none,True,2023-08-28T00:00:00,653,2023-08-28T00:00:00,652,2023-08-28T00:00:00,652,2023-08-21T00:00:00,0,2009-04-20T00:00:00,49,wheat_weekly_rv
15,none,True,2023-08-28T00:00:00,653,2023-08-28T00:00:00,652,2023-08-28T00:00:00,652,2023-08-21T00:00:00,0,2009-04-20T00:00:00,49,wheat_monthly_rv
15,none,True,2023-08-28T00:00:00,653,2023-08-28T00:00:00,652,2023-08-28T00:00:00,652,2023-08-21T00:00:00,0,2009-04-20T00:00:00,49,wheat_seasonal_rv
15,none,True,2023-08-28T00:00:00,653,2023-08-28T00:00:00,652,2023-08-28T00:00:00,652,2023-08-21T00:00:00,0,2009-04-20T00:00:00,49,wheat_weekly_rvb
15,none,True,2023-08-28T00:00:00,653,2023-08-28T00:00:00,652,2023-08-28T00:00:00,652,2023-08-21T00:00:00,0,2009-04-20T00:00:00,49,wheat_weekly_rvg
15,none,True,2023-08-28T00:00:00,653,2023-08-28T00:00:00,652,2023-08-28T00:00:00,652,2023-08-21T00:00:00,0,2009-04-20T00:00:00,49,wheat_weekly_jumps
15,none,True,2023-08-28T00:00:00,653,2023-08-28T00:00:00,652,2023-08-28T00:00:00,652,2023-08-21T00:00:00,0,2009-04-20T00:00:00,49,corn_weekly_rv
15,none,True,2023-08-28T00:00:00,653,2023-08-28T00:00:00,652,2023-08-28T00:00:00,652,2023-08-21T00:00:00,0,2009-04-20T00:00:00,49,soybeans_weekly_rv
15,none,True,2023-08-28T00:00:00,653,2023-08-28T00:00:00,652,2023-08-28T00:00:00,652,2023-08-21T00:00:00,0,2009-04-20T00:00:00,49,frbsf_sentiment
15,none,True,2023-08-28T00:00:00,653,2023-08-28T00:00:00,652,2023-08-28T00:00:00,652,2023-08-21T00:00:00,0,2009-04-20T00:00:00,49,Text_Climate_Anomaly
15,none,True,2023-08-28T00:00:00,653,2023-08-28T00:00:00,652,2023-08-28T00:00:00,652,2023-08-21T00:00:00,0,2009-04-20T00:00:00,49,epu_index
15,none,True,2023-08-28T00:00:00,653,2023-08-28T00:00:00,652,2023-08-28T00:00:00,652,2023-08-21T00:00:00,0,2009-04-20T00:00:00,49,DJIA_Index
15,none,True,2023-08-28T00:00:00,653,2023-08-28T00:00:00,652,2023-08-28T00:00:00,652,2023-08-21T00:00:00,0,2009-04-20T00:00:00,49,WTI_Index
15,none,True,2023-08-28T00:00:00,653,2023-08-28T00:00:00,652,2023-08-28T00:00:00,652,2023-08-21T00:00:00,0,2009-04-20T00:00:00,49,Broad_Dollar_index
15,none,True,2023-08-28T00:00:00,653,2023-08-28T00:00:00,652,2023-08-28T00:00:00,652,2023-08-21T00:00:00,0,2009-04-20T00:00:00,49,Stock_Uncertainty
15,none,True,2023-11-06T00:00:00,661,2023-11-06T00:00:00,660,2023-11-06T00:00:00,660,2023-10-30T00:00:00,0,2009-04-20T00:00:00,50,wheat_weekly_rv
15,none,True,2023-11-06T00:00:00,661,2023-11-06T00:00:00,660,2023-11-06T00:00:00,660,2023-10-30T00:00:00,0,2009-04-20T00:00:00,50,wheat_monthly_rv
15,none,True,2023-11-06T00:00:00,661,2023-11-06T00:00:00,660,2023-11-06T00:00:00,660,2023-10-30T00:00:00,0,2009-04-20T00:00:00,50,wheat_seasonal_rv
15,none,True,2023-11-06T00:00:00,661,2023-11-06T00:00:00,660,2023-11-06T00:00:00,660,2023-10-30T00:00:00,0,2009-04-20T00:00:00,50,wheat_weekly_rvb
15,none,True,2023-11-06T00:00:00,661,2023-11-06T00:00:00,660,2023-11-06T00:00:00,660,2023-10-30T00:00:00,0,2009-04-20T00:00:00,50,wheat_weekly_rvg
15,none,True,2023-11-06T00:00:00,661,2023-11-06T00:00:00,660,2023-11-06T00:00:00,660,2023-10-30T00:00:00,0,2009-04-20T00:00:00,50,wheat_weekly_jumps
15,none,True,2023-11-06T00:00:00,661,2023-11-06T00:00:00,660,2023-11-06T00:00:00,660,2023-10-30T00:00:00,0,2009-04-20T00:00:00,50,corn_weekly_rv
15,none,True,2023-11-06T00:00:00,661,2023-11-06T00:00:00,660,2023-11-06T00:00:00,660,2023-10-30T00:00:00,0,2009-04-20T00:00:00,50,soybeans_weekly_rv
15,none,True,2023-11-06T00:00:00,661,2023-11-06T00:00:00,660,2023-11-06T00:00:00,660,2023-10-30T00:00:00,0,2009-04-20T00:00:00,50,frbsf_sentiment
15,none,True,2023-11-06T00:00:00,661,2023-11-06T00:00:00,660,2023-11-06T00:00:00,660,2023-10-30T00:00:00,0,2009-04-20T00:00:00,50,Text_Climate_Anomaly
15,none,True,2023-11-06T00:00:00,661,2023-11-06T00:00:00,660,2023-11-06T00:00:00,660,2023-10-30T00:00:00,0,2009-04-20T00:00:00,50,epu_index
15,none,True,2023-11-06T00:00:00,661,2023-11-06T00:00:00,660,2023-11-06T00:00:00,660,2023-10-30T00:00:00,0,2009-04-20T00:00:00,50,DJIA_Index
15,none,True,2023-11-06T00:00:00,661,2023-11-06T00:00:00,660,2023-11-06T00:00:00,660,2023-10-30T00:00:00,0,2009-04-20T00:00:00,50,WTI_Index
15,none,True,2023-11-06T00:00:00,661,2023-11-06T00:00:00,660,2023-11-06T00:00:00,660,2023-10-30T00:00:00,0,2009-04-20T00:00:00,50,Broad_Dollar_index
15,none,True,2023-11-06T00:00:00,661,2023-11-06T00:00:00,660,2023-11-06T00:00:00,660,2023-10-30T00:00:00,0,2009-04-20T00:00:00,50,Stock_Uncertainty
15,none,True,2024-01-22T00:00:00,669,2024-01-22T00:00:00,668,2024-01-22T00:00:00,668,2024-01-08T00:00:00,0,2009-04-20T00:00:00,51,wheat_weekly_rv
15,none,True,2024-01-22T00:00:00,669,2024-01-22T00:00:00,668,2024-01-22T00:00:00,668,2024-01-08T00:00:00,0,2009-04-20T00:00:00,51,wheat_monthly_rv
15,none,True,2024-01-22T00:00:00,669,2024-01-22T00:00:00,668,2024-01-22T00:00:00,668,2024-01-08T00:00:00,0,2009-04-20T00:00:00,51,wheat_seasonal_rv
15,none,True,2024-01-22T00:00:00,669,2024-01-22T00:00:00,668,2024-01-22T00:00:00,668,2024-01-08T00:00:00,0,2009-04-20T00:00:00,51,wheat_weekly_rvb
15,none,True,2024-01-22T00:00:00,669,2024-01-22T00:00:00,668,2024-01-22T00:00:00,668,2024-01-08T00:00:00,0,2009-04-20T00:00:00,51,wheat_weekly_rvg
15,none,True,2024-01-22T00:00:00,669,2024-01-22T00:00:00,668,2024-01-22T00:00:00,668,2024-01-08T00:00:00,0,2009-04-20T00:00:00,51,wheat_weekly_jumps
15,none,True,2024-01-22T00:00:00,669,2024-01-22T00:00:00,668,2024-01-22T00:00:00,668,2024-01-08T00:00:00,0,2009-04-20T00:00:00,51,corn_weekly_rv
15,none,True,2024-01-22T00:00:00,669,2024-01-22T00:00:00,668,2024-01-22T00:00:00,668,2024-01-08T00:00:00,0,2009-04-20T00:00:00,51,soybeans_weekly_rv
15,none,True,2024-01-22T00:00:00,669,2024-01-22T00:00:00,668,2024-01-22T00:00:00,668,2024-01-08T00:00:00,0,2009-04-20T00:00:00,51,frbsf_sentiment
15,none,True,2024-01-22T00:00:00,669,2024-01-22T00:00:00,668,2024-01-22T00:00:00,668,2024-01-08T00:00:00,0,2009-04-20T00:00:00,51,Text_Climate_Anomaly
15,none,True,2024-01-22T00:00:00,669,2024-01-22T00:00:00,668,2024-01-22T00:00:00,668,2024-01-08T00:00:00,0,2009-04-20T00:00:00,51,epu_index
15,none,True,2024-01-22T00:00:00,669,2024-01-22T00:00:00,668,2024-01-22T00:00:00,668,2024-01-08T00:00:00,0,2009-04-20T00:00:00,51,DJIA_Index
15,none,True,2024-01-22T00:00:00,669,2024-01-22T00:00:00,668,2024-01-22T00:00:00,668,2024-01-08T00:00:00,0,2009-04-20T00:00:00,51,WTI_Index
15,none,True,2024-01-22T00:00:00,669,2024-01-22T00:00:00,668,2024-01-22T00:00:00,668,2024-01-08T00:00:00,0,2009-04-20T00:00:00,51,Broad_Dollar_index
15,none,True,2024-01-22T00:00:00,669,2024-01-22T00:00:00,668,2024-01-22T00:00:00,668,2024-01-08T00:00:00,0,2009-04-20T00:00:00,51,Stock_Uncertainty
15,none,True,2024-03-25T00:00:00,677,2024-03-25T00:00:00,676,2024-03-25T00:00:00,676,2024-03-18T00:00:00,0,2009-04-20T00:00:00,52,wheat_weekly_rv
15,none,True,2024-03-25T00:00:00,677,2024-03-25T00:00:00,676,2024-03-25T00:00:00,676,2024-03-18T00:00:00,0,2009-04-20T00:00:00,52,wheat_monthly_rv
15,none,True,2024-03-25T00:00:00,677,2024-03-25T00:00:00,676,2024-03-25T00:00:00,676,2024-03-18T00:00:00,0,2009-04-20T00:00:00,52,wheat_seasonal_rv
15,none,True,2024-03-25T00:00:00,677,2024-03-25T00:00:00,676,2024-03-25T00:00:00,676,2024-03-18T00:00:00,0,2009-04-20T00:00:00,52,wheat_weekly_rvb
15,none,True,2024-03-25T00:00:00,677,2024-03-25T00:00:00,676,2024-03-25T00:00:00,676,2024-03-18T00:00:00,0,2009-04-20T00:00:00,52,wheat_weekly_rvg
15,none,True,2024-03-25T00:00:00,677,2024-03-25T00:00:00,676,2024-03-25T00:00:00,676,2024-03-18T00:00:00,0,2009-04-20T00:00:00,52,wheat_weekly_jumps
15,none,True,2024-03-25T00:00:00,677,2024-03-25T00:00:00,676,2024-03-25T00:00:00,676,2024-03-18T00:00:00,0,2009-04-20T00:00:00,52,corn_weekly_rv
15,none,True,2024-03-25T00:00:00,677,2024-03-25T00:00:00,676,2024-03-25T00:00:00,676,2024-03-18T00:00:00,0,2009-04-20T00:00:00,52,soybeans_weekly_rv
15,none,True,2024-03-25T00:00:00,677,2024-03-25T00:00:00,676,2024-03-25T00:00:00,676,2024-03-18T00:00:00,0,2009-04-20T00:00:00,52,frbsf_sentiment
15,none,True,2024-03-25T00:00:00,677,2024-03-25T00:00:00,676,2024-03-25T00:00:00,676,2024-03-18T00:00:00,0,2009-04-20T00:00:00,52,Text_Climate_Anomaly
15,none,True,2024-03-25T00:00:00,677,2024-03-25T00:00:00,676,2024-03-25T00:00:00,676,2024-03-18T00:00:00,0,2009-04-20T00:00:00,52,epu_index
15,none,True,2024-03-25T00:00:00,677,2024-03-25T00:00:00,676,2024-03-25T00:00:00,676,2024-03-18T00:00:00,0,2009-04-20T00:00:00,52,DJIA_Index
15,none,True,2024-03-25T00:00:00,677,2024-03-25T00:00:00,676,2024-03-25T00:00:00,676,2024-03-18T00:00:00,0,2009-04-20T00:00:00,52,WTI_Index
15,none,True,2024-03-25T00:00:00,677,2024-03-25T00:00:00,676,2024-03-25T00:00:00,676,2024-03-18T00:00:00,0,2009-04-20T00:00:00,52,Broad_Dollar_index
15,none,True,2024-03-25T00:00:00,677,2024-03-25T00:00:00,676,2024-03-25T00:00:00,676,2024-03-18T00:00:00,0,2009-04-20T00:00:00,52,Stock_Uncertainty
15,none,True,2024-05-20T00:00:00,685,2024-05-20T00:00:00,684,2024-05-20T00:00:00,684,2024-05-13T00:00:00,0,2009-04-20T00:00:00,53,wheat_weekly_rv
15,none,True,2024-05-20T00:00:00,685,2024-05-20T00:00:00,684,2024-05-20T00:00:00,684,2024-05-13T00:00:00,0,2009-04-20T00:00:00,53,wheat_monthly_rv
15,none,True,2024-05-20T00:00:00,685,2024-05-20T00:00:00,684,2024-05-20T00:00:00,684,2024-05-13T00:00:00,0,2009-04-20T00:00:00,53,wheat_seasonal_rv
15,none,True,2024-05-20T00:00:00,685,2024-05-20T00:00:00,684,2024-05-20T00:00:00,684,2024-05-13T00:00:00,0,2009-04-20T00:00:00,53,wheat_weekly_rvb
15,none,True,2024-05-20T00:00:00,685,2024-05-20T00:00:00,684,2024-05-20T00:00:00,684,2024-05-13T00:00:00,0,2009-04-20T00:00:00,53,wheat_weekly_rvg
15,none,True,2024-05-20T00:00:00,685,2024-05-20T00:00:00,684,2024-05-20T00:00:00,684,2024-05-13T00:00:00,0,2009-04-20T00:00:00,53,wheat_weekly_jumps
15,none,True,2024-05-20T00:00:00,685,2024-05-20T00:00:00,684,2024-05-20T00:00:00,684,2024-05-13T00:00:00,0,2009-04-20T00:00:00,53,corn_weekly_rv
15,none,True,2024-05-20T00:00:00,685,2024-05-20T00:00:00,684,2024-05-20T00:00:00,684,2024-05-13T00:00:00,0,2009-04-20T00:00:00,53,soybeans_weekly_rv
15,none,True,2024-05-20T00:00:00,685,2024-05-20T00:00:00,684,2024-05-20T00:00:00,684,2024-05-13T00:00:00,0,2009-04-20T00:00:00,53,frbsf_sentiment
15,none,True,2024-05-20T00:00:00,685,2024-05-20T00:00:00,684,2024-05-20T00:00:00,684,2024-05-13T00:00:00,0,2009-04-20T00:00:00,53,Text_Climate_Anomaly
15,none,True,2024-05-20T00:00:00,685,2024-05-20T00:00:00,684,2024-05-20T00:00:00,684,2024-05-13T00:00:00,0,2009-04-20T00:00:00,53,epu_index
15,none,True,2024-05-20T00:00:00,685,2024-05-20T00:00:00,684,2024-05-20T00:00:00,684,2024-05-13T00:00:00,0,2009-04-20T00:00:00,53,DJIA_Index
15,none,True,2024-05-20T00:00:00,685,2024-05-20T00:00:00,684,2024-05-20T00:00:00,684,2024-05-13T00:00:00,0,2009-04-20T00:00:00,53,WTI_Index
15,none,True,2024-05-20T00:00:00,685,2024-05-20T00:00:00,684,2024-05-20T00:00:00,684,2024-05-13T00:00:00,0,2009-04-20T00:00:00,53,Broad_Dollar_index
15,none,True,2024-05-20T00:00:00,685,2024-05-20T00:00:00,684,2024-05-20T00:00:00,684,2024-05-13T00:00:00,0,2009-04-20T00:00:00,53,Stock_Uncertainty
15,none,True,2024-07-22T00:00:00,693,2024-07-22T00:00:00,692,2024-07-22T00:00:00,692,2024-07-15T00:00:00,0,2009-04-20T00:00:00,54,wheat_weekly_rv
15,none,True,2024-07-22T00:00:00,693,2024-07-22T00:00:00,692,2024-07-22T00:00:00,692,2024-07-15T00:00:00,0,2009-04-20T00:00:00,54,wheat_monthly_rv
15,none,True,2024-07-22T00:00:00,693,2024-07-22T00:00:00,692,2024-07-22T00:00:00,692,2024-07-15T00:00:00,0,2009-04-20T00:00:00,54,wheat_seasonal_rv
15,none,True,2024-07-22T00:00:00,693,2024-07-22T00:00:00,692,2024-07-22T00:00:00,692,2024-07-15T00:00:00,0,2009-04-20T00:00:00,54,wheat_weekly_rvb
15,none,True,2024-07-22T00:00:00,693,2024-07-22T00:00:00,692,2024-07-22T00:00:00,692,2024-07-15T00:00:00,0,2009-04-20T00:00:00,54,wheat_weekly_rvg
15,none,True,2024-07-22T00:00:00,693,2024-07-22T00:00:00,692,2024-07-22T00:00:00,692,2024-07-15T00:00:00,0,2009-04-20T00:00:00,54,wheat_weekly_jumps
15,none,True,2024-07-22T00:00:00,693,2024-07-22T00:00:00,692,2024-07-22T00:00:00,692,2024-07-15T00:00:00,0,2009-04-20T00:00:00,54,corn_weekly_rv
15,none,True,2024-07-22T00:00:00,693,2024-07-22T00:00:00,692,2024-07-22T00:00:00,692,2024-07-15T00:00:00,0,2009-04-20T00:00:00,54,soybeans_weekly_rv
15,none,True,2024-07-22T00:00:00,693,2024-07-22T00:00:00,692,2024-07-22T00:00:00,692,2024-07-15T00:00:00,0,2009-04-20T00:00:00,54,frbsf_sentiment
15,none,True,2024-07-22T00:00:00,693,2024-07-22T00:00:00,692,2024-07-22T00:00:00,692,2024-07-15T00:00:00,0,2009-04-20T00:00:00,54,Text_Climate_Anomaly
15,none,True,2024-07-22T00:00:00,693,2024-07-22T00:00:00,692,2024-07-22T00:00:00,692,2024-07-15T00:00:00,0,2009-04-20T00:00:00,54,epu_index
15,none,True,2024-07-22T00:00:00,693,2024-07-22T00:00:00,692,2024-07-22T00:00:00,692,2024-07-15T00:00:00,0,2009-04-20T00:00:00,54,DJIA_Index
15,none,True,2024-07-22T00:00:00,693,2024-07-22T00:00:00,692,2024-07-22T00:00:00,692,2024-07-15T00:00:00,0,2009-04-20T00:00:00,54,WTI_Index
15,none,True,2024-07-22T00:00:00,693,2024-07-22T00:00:00,692,2024-07-22T00:00:00,692,2024-07-15T00:00:00,0,2009-04-20T00:00:00,54,Broad_Dollar_index
15,none,True,2024-07-22T00:00:00,693,2024-07-22T00:00:00,692,2024-07-22T00:00:00,692,2024-07-15T00:00:00,0,2009-04-20T00:00:00,54,Stock_Uncertainty
15,none,True,2024-09-23T00:00:00,701,2024-09-23T00:00:00,700,2024-09-23T00:00:00,700,2024-09-16T00:00:00,0,2009-04-20T00:00:00,55,wheat_weekly_rv
15,none,True,2024-09-23T00:00:00,701,2024-09-23T00:00:00,700,2024-09-23T00:00:00,700,2024-09-16T00:00:00,0,2009-04-20T00:00:00,55,wheat_monthly_rv
15,none,True,2024-09-23T00:00:00,701,2024-09-23T00:00:00,700,2024-09-23T00:00:00,700,2024-09-16T00:00:00,0,2009-04-20T00:00:00,55,wheat_seasonal_rv
15,none,True,2024-09-23T00:00:00,701,2024-09-23T00:00:00,700,2024-09-23T00:00:00,700,2024-09-16T00:00:00,0,2009-04-20T00:00:00,55,wheat_weekly_rvb
15,none,True,2024-09-23T00:00:00,701,2024-09-23T00:00:00,700,2024-09-23T00:00:00,700,2024-09-16T00:00:00,0,2009-04-20T00:00:00,55,wheat_weekly_rvg
15,none,True,2024-09-23T00:00:00,701,2024-09-23T00:00:00,700,2024-09-23T00:00:00,700,2024-09-16T00:00:00,0,2009-04-20T00:00:00,55,wheat_weekly_jumps
15,none,True,2024-09-23T00:00:00,701,2024-09-23T00:00:00,700,2024-09-23T00:00:00,700,2024-09-16T00:00:00,0,2009-04-20T00:00:00,55,corn_weekly_rv
15,none,True,2024-09-23T00:00:00,701,2024-09-23T00:00:00,700,2024-09-23T00:00:00,700,2024-09-16T00:00:00,0,2009-04-20T00:00:00,55,soybeans_weekly_rv
15,none,True,2024-09-23T00:00:00,701,2024-09-23T00:00:00,700,2024-09-23T00:00:00,700,2024-09-16T00:00:00,0,2009-04-20T00:00:00,55,frbsf_sentiment
15,none,True,2024-09-23T00:00:00,701,2024-09-23T00:00:00,700,2024-09-23T00:00:00,700,2024-09-16T00:00:00,0,2009-04-20T00:00:00,55,Text_Climate_Anomaly
15,none,True,2024-09-23T00:00:00,701,2024-09-23T00:00:00,700,2024-09-23T00:00:00,700,2024-09-16T00:00:00,0,2009-04-20T00:00:00,55,epu_index
15,none,True,2024-09-23T00:00:00,701,2024-09-23T00:00:00,700,2024-09-23T00:00:00,700,2024-09-16T00:00:00,0,2009-04-20T00:00:00,55,DJIA_Index
15,none,True,2024-09-23T00:00:00,701,2024-09-23T00:00:00,700,2024-09-23T00:00:00,700,2024-09-16T00:00:00,0,2009-04-20T00:00:00,55,WTI_Index
15,none,True,2024-09-23T00:00:00,701,2024-09-23T00:00:00,700,2024-09-23T00:00:00,700,2024-09-16T00:00:00,0,2009-04-20T00:00:00,55,Broad_Dollar_index
15,none,True,2024-09-23T00:00:00,701,2024-09-23T00:00:00,700,2024-09-23T00:00:00,700,2024-09-16T00:00:00,0,2009-04-20T00:00:00,55,Stock_Uncertainty
15,none,True,2024-12-02T00:00:00,709,2024-12-02T00:00:00,708,2024-12-02T00:00:00,708,2024-11-25T00:00:00,0,2009-04-20T00:00:00,56,wheat_weekly_rv
15,none,True,2024-12-02T00:00:00,709,2024-12-02T00:00:00,708,2024-12-02T00:00:00,708,2024-11-25T00:00:00,0,2009-04-20T00:00:00,56,wheat_monthly_rv
15,none,True,2024-12-02T00:00:00,709,2024-12-02T00:00:00,708,2024-12-02T00:00:00,708,2024-11-25T00:00:00,0,2009-04-20T00:00:00,56,wheat_seasonal_rv
15,none,True,2024-12-02T00:00:00,709,2024-12-02T00:00:00,708,2024-12-02T00:00:00,708,2024-11-25T00:00:00,0,2009-04-20T00:00:00,56,wheat_weekly_rvb
15,none,True,2024-12-02T00:00:00,709,2024-12-02T00:00:00,708,2024-12-02T00:00:00,708,2024-11-25T00:00:00,0,2009-04-20T00:00:00,56,wheat_weekly_rvg
15,none,True,2024-12-02T00:00:00,709,2024-12-02T00:00:00,708,2024-12-02T00:00:00,708,2024-11-25T00:00:00,0,2009-04-20T00:00:00,56,wheat_weekly_jumps
15,none,True,2024-12-02T00:00:00,709,2024-12-02T00:00:00,708,2024-12-02T00:00:00,708,2024-11-25T00:00:00,0,2009-04-20T00:00:00,56,corn_weekly_rv
15,none,True,2024-12-02T00:00:00,709,2024-12-02T00:00:00,708,2024-12-02T00:00:00,708,2024-11-25T00:00:00,0,2009-04-20T00:00:00,56,soybeans_weekly_rv
15,none,True,2024-12-02T00:00:00,709,2024-12-02T00:00:00,708,2024-12-02T00:00:00,708,2024-11-25T00:00:00,0,2009-04-20T00:00:00,56,frbsf_sentiment
15,none,True,2024-12-02T00:00:00,709,2024-12-02T00:00:00,708,2024-12-02T00:00:00,708,2024-11-25T00:00:00,0,2009-04-20T00:00:00,56,Text_Climate_Anomaly
15,none,True,2024-12-02T00:00:00,709,2024-12-02T00:00:00,708,2024-12-02T00:00:00,708,2024-11-25T00:00:00,0,2009-04-20T00:00:00,56,epu_index
15,none,True,2024-12-02T00:00:00,709,2024-12-02T00:00:00,708,2024-12-02T00:00:00,708,2024-11-25T00:00:00,0,2009-04-20T00:00:00,56,DJIA_Index
15,none,True,2024-12-02T00:00:00,709,2024-12-02T00:00:00,708,2024-12-02T00:00:00,708,2024-11-25T00:00:00,0,2009-04-20T00:00:00,56,WTI_Index
15,none,True,2024-12-02T00:00:00,709,2024-12-02T00:00:00,708,2024-12-02T00:00:00,708,2024-11-25T00:00:00,0,2009-04-20T00:00:00,56,Broad_Dollar_index
15,none,True,2024-12-02T00:00:00,709,2024-12-02T00:00:00,708,2024-12-02T00:00:00,708,2024-11-25T00:00:00,0,2009-04-20T00:00:00,56,Stock_Uncertainty
15,none,True,2025-02-03T00:00:00,717,2025-02-03T00:00:00,716,2025-02-03T00:00:00,716,2025-01-27T00:00:00,0,2009-04-20T00:00:00,57,wheat_weekly_rv
15,none,True,2025-02-03T00:00:00,717,2025-02-03T00:00:00,716,2025-02-03T00:00:00,716,2025-01-27T00:00:00,0,2009-04-20T00:00:00,57,wheat_monthly_rv
15,none,True,2025-02-03T00:00:00,717,2025-02-03T00:00:00,716,2025-02-03T00:00:00,716,2025-01-27T00:00:00,0,2009-04-20T00:00:00,57,wheat_seasonal_rv
15,none,True,2025-02-03T00:00:00,717,2025-02-03T00:00:00,716,2025-02-03T00:00:00,716,2025-01-27T00:00:00,0,2009-04-20T00:00:00,57,wheat_weekly_rvb
15,none,True,2025-02-03T00:00:00,717,2025-02-03T00:00:00,716,2025-02-03T00:00:00,716,2025-01-27T00:00:00,0,2009-04-20T00:00:00,57,wheat_weekly_rvg
15,none,True,2025-02-03T00:00:00,717,2025-02-03T00:00:00,716,2025-02-03T00:00:00,716,2025-01-27T00:00:00,0,2009-04-20T00:00:00,57,wheat_weekly_jumps
15,none,True,2025-02-03T00:00:00,717,2025-02-03T00:00:00,716,2025-02-03T00:00:00,716,2025-01-27T00:00:00,0,2009-04-20T00:00:00,57,corn_weekly_rv
15,none,True,2025-02-03T00:00:00,717,2025-02-03T00:00:00,716,2025-02-03T00:00:00,716,2025-01-27T00:00:00,0,2009-04-20T00:00:00,57,soybeans_weekly_rv
15,none,True,2025-02-03T00:00:00,717,2025-02-03T00:00:00,716,2025-02-03T00:00:00,716,2025-01-27T00:00:00,0,2009-04-20T00:00:00,57,frbsf_sentiment
15,none,True,2025-02-03T00:00:00,717,2025-02-03T00:00:00,716,2025-02-03T00:00:00,716,2025-01-27T00:00:00,0,2009-04-20T00:00:00,57,Text_Climate_Anomaly
15,none,True,2025-02-03T00:00:00,717,2025-02-03T00:00:00,716,2025-02-03T00:00:00,716,2025-01-27T00:00:00,0,2009-04-20T00:00:00,57,epu_index
15,none,True,2025-02-03T00:00:00,717,2025-02-03T00:00:00,716,2025-02-03T00:00:00,716,2025-01-27T00:00:00,0,2009-04-20T00:00:00,57,DJIA_Index
15,none,True,2025-02-03T00:00:00,717,2025-02-03T00:00:00,716,2025-02-03T00:00:00,716,2025-01-27T00:00:00,0,2009-04-20T00:00:00,57,WTI_Index
15,none,True,2025-02-03T00:00:00,717,2025-02-03T00:00:00,716,2025-02-03T00:00:00,716,2025-01-27T00:00:00,0,2009-04-20T00:00:00,57,Broad_Dollar_index
15,none,True,2025-02-03T00:00:00,717,2025-02-03T00:00:00,716,2025-02-03T00:00:00,716,2025-01-27T00:00:00,0,2009-04-20T00:00:00,57,Stock_Uncertainty
