,base_value,prediction_transformed,prediction,Text_Climate_Anomaly,ssta_lanina,wheat_weekly_rv,wheat_seasonal_tru,wheat_seasonal_rvg,wheat_monthly_trd,corn_seasonal_jumps,soybeans_seasonal_tru,wheat_weekly_rvb,SOI_index,corn_seasonal_rv,wheat_weekly_trd,wheat_seasonal_trd,wheat_monthly_rv,wheat_monthly_rvg,wheat_seasonal_jumps,wheat_seasonal_rv,soybeans_seasonal_jumps,wheat_seasonal_rvb,wheat_monthly_rvb
208,0.017148875879136622,0.016946127622700088,0.016946127622700088,-2.597905254106081e-05,-2.2635989616901497e-05,1.779175638603192e-05,-1.4538477644236992e-05,-4.1735661857273956e-05,8.86113931392174e-05,-4.7033212235874087e-05,1.1403462888210925e-05,-0.0002083415941342537,3.0365722841452226e-06,1.1618946628004778e-05,-8.689452349472048e-05,2.5750807767508378e-05,-2.277216355651035e-05,-0.0001337353850249201,6.715371680911631e-05,-8.543985566120681e-06,-4.678121460983675e-05,-9.771700179044274e-06,2.0890330347356212e-05
209,0.017148875879136622,0.017405219661220016,0.017405219661220016,-2.7471970811348e-05,-2.533379619308107e-05,-9.905699931096024e-05,6.312801097010379e-06,-3.720721017998585e-05,8.537017423805082e-05,-2.83870934663355e-05,2.8636226336402614e-05,-0.00021658731882780557,-2.349589794903295e-06,1.0512311464481172e-05,-7.321454720113252e-05,2.5880125131152455e-05,-2.047885897809465e-05,-0.00013536958575969038,6.673326299278415e-05,9.28849960473599e-06,-2.410418759154709e-05,-5.789436027043849e-06,1.2969069953214784e-05
212,0.017034704630384034,0.015179176702966231,0.015179176702966231,-2.6829796699985308e-05,-1.643408178779282e-05,3.958038468226732e-05,-9.49068653312679e-05,-0.00022317943361940706,-0.00011969811716880941,-4.267812390935433e-05,1.6188489450996712e-05,1.6006631062737144e-05,3.1519907770416464e-06,2.415847944575944e-05,1.913136540679261e-05,1.8660895420907763e-06,-4.9851617836793595e-05,-0.00025201335319252393,2.2989250485352386e-05,-6.54025718131379e-05,-3.3638067757237875e-05,-1.3061462886980735e-05,-8.509679916642199e-05
213,0.017034704630384034,0.015845103208878792,0.015845103208878792,-1.688169914586979e-05,-8.143869547438953e-06,-0.00024689630648481396,-0.00011161352561430249,-0.00019284202360040582,-0.00010180483343447122,-3.6112197381044095e-05,7.469511308499932e-06,-9.058272705942727e-05,-7.372386253337027e-06,2.4442934104627057e-05,-9.078217756723461e-05,-1.209586690265496e-05,-3.885240264708045e-05,-0.00012799138761465656,2.7252403590409813e-05,-2.0624748158297736e-05,-4.5616029335633354e-05,-9.687631181805046e-06,-5.7400750292799785e-05
216,0.01690455573558296,0.013332681244879243,0.013332681244879243,-2.33192153359596e-05,-2.4599308126198594e-05,-0.0003152359108730707,-0.0004257953099568113,-0.0004448871874319593,-0.00030628251315647506,-4.053554603615339e-05,1.783622308721533e-05,-0.0002524527172317903,1.8337877190788276e-05,1.235609543073224e-06,-0.00011028443628674722,-3.921907791664125e-06,-0.0001405656500128316,-0.00016130053196775407,-3.4496749367463054e-06,-6.692123099128367e-05,-3.168450516568555e-05,-0.00014877618069931487,-9.61828213849003e-05
217,0.01690455573558296,0.013902025582945851,0.013902025582945851,-2.1435943613141716e-05,-2.78312000796177e-05,-0.0003303975944641024,-0.00041943683205772684,-0.0003832437940786804,-0.00027349591705387865,-1.2776478590694752e-05,1.7881305682294622e-05,-0.00025689821336982277,2.2553807270924152e-05,1.662260338434862e-05,-0.00018039950405636772,-2.8695561286440353e-06,-9.972408754038042e-05,-0.00013792781275469678,-6.276232447817165e-06,-5.576627251230093e-05,-3.3487063935808694e-05,-0.00015946489854513858,-7.243764273198394e-05
220,0.0167123884317946,0.01426270330177486,0.01426270330177486,-1.4479811025012168e-05,-2.1567583148680568e-05,-0.00020381713186452545,-0.00034980121876060366,-0.0003994724629501434,-0.00012660860153573594,6.273363437230727e-05,5.500641823346086e-06,-0.00013613953920867063,1.6850408201207757e-07,-6.232363261233332e-05,-5.365481465105404e-05,-2.309948838501441e-06,-0.00020744863231811906,-0.00012085094080021009,-7.314635072361853e-06,-0.0002820951664784843,-2.989337523104041e-05,-0.00014287505478023378,-9.787579958583592e-05
221,0.0167123884317946,0.014395286367373661,0.014395286367373661,-7.897550574398338e-06,-2.2501506850858278e-05,-0.00015242356051658134,-0.0003363719159779066,-0.0003853300933951687,-0.00011012953096724232,6.60050745591434e-05,8.380316460261383e-06,-0.00015428253488153132,-3.997641613295855e-06,-6.23118618227636e-05,-0.0001525834037374807,-9.879971746613592e-06,-0.00017621490119040572,-0.00010435812318291937,-4.982828127140237e-06,-0.0002256447501781622,-1.697104679806216e-05,-0.00014209829283572616,-0.00011181730927546596
224,0.01649010596116585,0.0119178620459455,0.0119178620459455,-3.700176006759648e-05,-5.252754165212537e-05,-0.00019326581908899243,-0.000516787918816135,-0.0005941474441988248,-0.00034671906342282455,7.909796643161826e-06,-3.986915423865866e-06,-0.00022244705327011615,-5.572720446252788e-05,-2.6640772650807774e-05,-0.00020546866025142663,-5.329360774339875e-05,-0.00011119366809452913,-0.0002024984524041429,-6.280048719418119e-05,-0.00013611682066766662,-1.2745491862915515e-05,-0.00014714493202973246,-0.00014496610251626407
225,0.01649010596116585,0.01211352778285936,0.01211352778285936,-3.477464861362023e-05,-4.458614616396517e-05,-0.0002202289255819778,-0.0004951265507975222,-0.0005835254506928322,-0.0003277359652179257,1.166987976148448e-05,1.3331701406968932e-05,-0.00020143355122399952,-5.380576062634646e-05,-3.4727335892057456e-05,-0.00019254116875345062,-4.425257267712368e-05,-0.00010922292293798819,-0.00020133216506565077,-7.14047289784503e-05,-0.00012305691810979625,2.2926584883862232e-05,-0.0001670417481500408,-0.00014842412336292908
228,0.016278152574699813,0.011151108832535974,0.011151108832535974,-2.6125957217573158e-05,-5.0624840387172295e-05,-0.00039416242905872424,-0.0005791541617350049,-0.0004436219130002428,-0.0003443338117131134,-1.2501874177814898e-05,-2.5185814433825726e-06,-0.00022391520906239748,-0.00013172806213788136,2.9695705397898563e-05,-0.0002939909660608464,-0.00019062548581018745,-0.00020407570394127106,-0.00018753098519709964,-2.848493120382045e-05,-0.0002654604803979055,1.4738771142219775e-05,-0.00025339617957570226,-0.00011647111407455668
229,0.016278152574699813,0.011838699205826052,0.011838699205826052,-2.3092134545095177e-05,-4.699228773461073e-05,-0.0003880597322563517,-0.0005649190888811972,-0.0004339762680865533,-0.0002665241172098831,-1.889874321250318e-05,-9.80843290562916e-06,-0.0002199781810645618,-0.00012036444356454012,2.905720376929821e-05,-0.00027875158888718943,-0.00018117370810273316,-0.0002083462587233953,-0.00015099510898835433,-3.1050771399350195e-05,-0.00025360524527968665,-2.9639077824867853e-05,-0.00024766807529204017,-0.00010070037146078903
232,0.016078978386700034,0.010484477650621089,0.010484477650621089,-3.5047098056111284e-05,-4.5429752542531784e-05,-0.0003320401435189524,-0.0006416137754831652,-0.0005994531649184864,-0.00029070375245737523,-6.791715373537954e-05,-1.474654583262236e-05,-8.068050803103688e-05,-7.270154891330094e-05,-1.6076900562893572e-05,-0.0001909729817293737,-0.00023852512173107244,-0.0002026875914680204,-0.00013093906036374393,-6.510439063504236e-05,-0.0003620694768846988,-3.566421301684386e-05,-0.00037443211167783377,-0.00025965788646090007
233,0.016078978386700034,0.01119483517923939,0.01119483517923939,8.133245478120444e-05,-4.986148306443283e-05,-0.0003551542028981203,-0.0006162506996429329,-0.0006051073345611258,-0.00027518839128788387,-6.793083925231258e-05,-1.2722958806534735e-05,-9.18292209394167e-05,-6.774849747671396e-05,-1.29751127929012e-05,-0.00017969783855505738,-0.00020690919005801335,-0.00021254999883012714,-0.00015830000890446172,-7.847045948437881e-05,-0.00037405319412073365,-2.3774167489136743e-05,-0.0003766894106638574,-0.00021289017900471662
236,0.01590788952075185,0.011330168429827208,0.011330168429827208,-1.3248721143099828e-05,-5.417619135641871e-05,-0.0003065024652983084,-0.0005677999715862825,-0.0005263633633853715,-0.00030698824353294187,-7.615892926423839e-05,-2.2397363566142303e-05,-0.00011123825981940172,-2.2641751395440225e-05,-1.8201994691935397e-05,-0.00019391543234860366,-0.0002623403496386345,-0.0002115573583296282,-0.00023070962204883473,-0.0001315370273437111,-0.0003811361686643977,-5.3943927173349945e-05,-0.0003028260589098863,-0.00019048088537374497
237,0.01590788952075185,0.011375281461897051,0.011375281461897051,-8.041505614073685e-06,-5.5719050631068965e-05,-0.0003293106451837957,-0.0006025675220985249,-0.000542104219562134,-0.0002898242688661412,-6.519424362068093e-05,-2.9376719546689855e-05,-0.000102587825754199,-8.428530177297944e-06,-2.0606371388112167e-05,-0.0001900391815115654,-0.00024349953122737133,-0.00020364202192240554,-0.00023832325327248328,-0.000132189753323928,-0.0003991601313077808,-1.7571329408383462e-07,-0.00028581001486600144,-0.00017664037568465574
240,0.01584234613496759,0.010760937119060348,0.010760937119060348,3.50935394908447e-05,-8.767630250986258e-05,-0.00034313722541583046,-0.0007432950246584369,-0.0006666483095546027,-0.0003603427018651928,5.689650097338017e-05,-2.5742969637576606e-05,-0.00020036105268218308,-2.310030118223949e-05,5.61655186606913e-05,-0.00011022630975503489,-0.00024363126723869755,-0.00041436642110966206,-0.00020686430123305398,-0.0001537915178755611,-0.0002882751063566502,1.4869373173951317e-05,-0.000365864984653399,-0.00019796329310111104
241,0.01584234613496759,0.011380415342531114,0.011380415342531114,3.1184323433990356e-05,-7.396123904072738e-05,-0.0003315080795960057,-0.0006911067933697268,-0.00062152979751545,-0.0003383770157915933,5.958210269227493e-05,3.9698401853911494e-05,-0.0001687152330191566,-4.441658424184425e-05,9.617479058988465e-05,-0.00012995854225664516,-0.00021348369485167497,-0.00038777979103088,-0.00020085697227955278,-0.00014541586297355023,-0.0002353863923121935,3.0319715335735964e-05,-0.0003077992183898459,-0.0001864475632896756
244,0.01587989228390473,0.011971564031552268,0.011971564031552268,-2.3726459153294854e-06,-3.969808249621565e-05,-0.0003224389777005854,-0.00045443668624329804,-0.0006274855336232577,-0.00034861779949324045,2.1760291765531292e-05,8.047355795042676e-05,-0.00010852294088635972,-7.017618770532863e-06,8.234971704041528e-05,-6.295161960679252e-05,-0.00013330331145880336,-0.00019173261578998792,-0.0001497016291455111,-0.00017242165340576322,-0.000402441384010217,3.0351444859206822e-05,-0.00036752935184267697,-0.00023828445592243952
245,0.01587989228390473,0.012085461210894727,0.012085461210894727,-1.0485173295364802e-05,-4.0379041058713484e-05,-0.00034413726769798813,-0.00045856785767000474,-0.0005915136065914339,-0.0002996417688586916,1.9954145052452077e-05,7.693609508351074e-05,-0.0001078418272561521,-4.58395143823509e-06,6.992569436533813e-05,-7.525345482463308e-05,-0.00013257621440061486,-0.000202165340576812,-0.0001470531218387805,-0.00016071425360223658,-0.00038044499426632684,3.0433667070610682e-05,-0.00034677114025271293,-0.0002464133747434971
248,0.0159023861328125,0.012735760678342988,0.012735760678342988,-1.7365509597766506e-05,-3.793315271195752e-05,-0.0002717703190000975,-0.0005635614197217365,-0.00044785384530200646,-0.0003414875826206298,3.657485383655512e-05,8.725353209797504e-05,2.6032613504867185e-07,-7.15766055691347e-06,0.00011219873375694079,9.523373764295684e-05,-0.0002356700081566032,-0.00019196656593408078,-0.0002806738425670119,-0.00018596158342006674,-0.00031514061320194744,3.674182912391188e-05,-0.00020078766738151899,-0.00023215153259343425
249,0.0159023861328125,0.01201653319330449,0.01201653319330449,-1.3242727857232239e-05,-4.040779769184155e-05,-0.00037937884555276467,-0.0006376081057965166,-0.00047292897535044175,-0.00034412416555483103,-3.290901090622356e-06,9.879844576630603e-05,-0.00016240221584894242,-2.0232056851909874e-05,0.00011781036527963807,-0.00019280514093225065,-0.00021435157614291712,-0.00021271450649351209,-0.00019122322620432897,-0.00017967538350603717,-0.0003372634928712159,2.6208382089407677e-05,-0.00017572509925230405,-0.000251208400629821
252,0.01590612801001376,0.01475095700608564,0.01475095700608564,-2.7252315126133907e-05,3.2830294098857845e-05,5.953344114459469e-05,-0.00029297587636392566,-0.0004738342147425101,-0.00028848108580859845,4.8458602300343046e-05,0.00014091366122102045,-3.2068902605715266e-05,-6.847791325981234e-05,0.00013427123596329693,5.329269798039604e-05,-0.00020526042657365907,-0.00023054521573612875,-0.00014510340998640458,-0.000161661925747012,-0.00025023769324889145,1.9548233644854918e-05,-0.00021563651558835771,-0.0001005562898444623
253,0.01590612801001376,0.0135498566112234,0.0135498566112234,-3.470557931677831e-05,2.5740014243638144e-05,-0.00012622921970887547,-0.0003838785466382433,-0.0005110314750913858,-0.0002582959097708226,4.715777834007895e-05,0.00012135874496607357,-5.940493827210957e-05,-6.243127760853895e-05,0.00011522995706400252,-0.00018143171187603,-0.00019419190724420332,-0.0002295617519530424,-0.000158754705348656,-0.00017437929426023402,-0.00036078767193657767,2.0268977104933585e-05,-0.000287717009437074,-0.00014841910502582322
256,0.01591774171000772,0.0161804629461598,0.0161804629461598,-5.250610917300946e-05,5.015390157723232e-05,0.00010268622922012583,-0.00034663739999132306,-0.0003078833134281922,0.00013673780308636195,3.6391198432284e-05,5.775187617018673e-07,7.842320046620443e-05,-4.062490449314282e-05,7.771503327830943e-05,9.213989073714402e-05,-0.00017872273919692817,3.6301485934018274e-05,0.00011365905681032018,-1.6909229361772305e-05,-0.00026339485225435055,2.7958103214587027e-06,-0.0001677170993502841,-7.317618878005305e-05
257,0.01591774171000772,0.016107763720254444,0.016107763720254444,-6.82329732967446e-05,2.316777050282326e-05,0.00014034445633569702,-0.0003645272900871532,-0.0003438109699322922,0.00017309772595581308,2.6998318353435025e-05,-5.332335637149299e-06,9.116778574025375e-05,-4.3110987844556805e-05,7.50127634000819e-05,0.00010558875851756966,-0.00020446817361062132,3.6146795978311274e-05,0.00012797701903764392,-1.5145896545618598e-05,-0.00025933617551800127,-2.404674494982828e-05,-0.0002132379633792425,2.7790112944785506e-05
260,0.015797836523523047,0.015567447757050809,0.015567447757050809,-3.927933971681341e-05,-3.785400316701271e-05,-0.00021350628428535857,0.0001702019132676469,0.00013197835067330744,0.00014323488711397657,2.5028292916431384e-05,-1.3408569393504877e-05,-0.0001759775821483345,5.428478675185033e-05,-7.5297743524060935e-06,-0.00022019551643552405,3.368963749608156e-05,9.727190950798104e-05,6.13749221429316e-05,-2.795522292217356e-05,0.0001207498934547857,-6.964673719267011e-05,-1.687366942405788e-05,8.899118459794408e-05
261,0.015797836523523047,0.01672445122516622,0.01672445122516622,-5.8468924489716304e-05,-2.2413384585888706e-05,9.899986827804241e-05,0.00018911147605649603,0.00015174706683183104,0.00012625017773643777,6.981838346291625e-06,-1.189144918726015e-05,5.706997696051985e-05,2.3087194481377083e-05,1.2536132953755441e-06,6.17422325831285e-05,5.428928662240651e-05,8.585587637298886e-05,5.163047691212341e-05,-4.4948450663468976e-05,0.00014482571328130689,-5.1465254512095274e-05,-6.891372468544433e-05,6.715128396535875e-05
264,0.015494724189380494,0.016180181472778755,0.016180181472778755,-5.1087343765630064e-05,-5.579575420142646e-05,9.674357506810339e-05,0.000132002508998994,0.00016765961429200617,0.00021400362635176862,4.155100280968327e-05,-4.635521327600145e-05,3.7104744164935256e-05,-3.1290770493797027e-05,-3.8784492584227334e-05,5.0644659031604535e-05,3.597660291688953e-05,9.635028302000137e-05,3.9048602502589346e-07,4.606330794786118e-05,0.00010544453008378695,-7.91065586190598e-05,8.252795948919811e-05,6.339887948001887e-05
265,0.015494724189380494,0.016667184433221183,0.016667184433221183,8.65079818504455e-05,-6.318802974419668e-05,0.00012605790847828758,0.00014373927891938364,0.00015173697358932258,0.000195122493148574,4.0803036404213346e-05,-3.832375868569216e-05,5.0857946630458175e-05,-2.25999495751239e-05,-3.7852811428820134e-05,6.45944884081473e-05,5.074774128843274e-05,0.00011642276065003899,-1.4678147442737099e-05,6.366566077076641e-05,0.00011273090525037332,-7.188926663275197e-05,6.392223427837962e-05,7.000668425916956e-05
268,0.015266589699662103,0.013990807779022679,0.013990807779022679,-5.5826496741246956e-05,-9.008410861270021e-05,-0.00020187830339637002,6.940948221199505e-05,0.0001229356680823912,0.00014891632973103696,-3.208363415524218e-05,-2.032954050491753e-05,-6.006337965118291e-05,-6.310196208119123e-05,-2.84054915687193e-05,-0.00012261564095297217,1.407965494081509e-05,5.429425475540483e-05,-8.163737672930437e-05,1.9923154645766772e-05,5.3916862493679216e-05,1.626058340207237e-05,8.813033766273292e-05,2.1022883261139212e-05
269,0.015266589699662103,0.014661177962759602,0.014661177962759602,-4.635158555856833e-05,-9.052541818846294e-05,-0.00015644280200604043,8.356511139027135e-05,0.0001226754729577806,0.00017948559813703467,6.665447567002048e-05,2.178481050805203e-05,-4.64038100290054e-05,-5.9461444232056236e-05,-3.1079226178007955e-05,-9.297984404383896e-05,2.459070564555077e-05,-1.640895470700343e-07,-8.103591389499343e-05,3.43774682505682e-05,5.940024251913201e-05,4.633333246147231e-05,9.147510401362524e-05,3.05656813634414e-05
272,0.015032924643814359,0.012910197024202158,0.012910197024202158,-3.527938296201683e-05,-6.236340120267414e-05,-0.00037661182424699293,-0.0002840851018117974,-0.00022692108613000527,-0.00025898319410316617,2.0325313107605326e-05,2.5847057704595498e-05,-8.530732620783965e-05,-1.2250542779383977e-05,3.090794170020672e-05,2.65894004405709e-05,-3.966828547163459e-05,-7.335818968385865e-05,-0.00017079433473782046,-3.416235687495828e-05,-8.118536029542157e-05,9.954849424048006e-05,2.3916087861834967e-05,-0.00010721571620706528
273,0.015032924643814359,0.012160643926102126,0.012160643926102126,-2.6804697688476155e-05,-8.818370884227988e-05,-0.0003646229112928268,-0.0002367901120624083,-0.0002384859739095191,-0.00022457415752342059,8.571588850827538e-06,2.723793546010711e-05,-0.00011668224684854068,-2.2532322631150237e-05,1.2627858222913346e-05,-0.00011831659076051437,-6.148700610992819e-05,-9.756147841471829e-05,-0.00023394455360858045,5.374683524905777e-06,-7.011253109567405e-05,-0.00010429818790271384,2.1477723803400294e-05,-0.00012318099043113763
276,0.014790752604296797,0.01346278130841891,0.01346278130841891,-4.6106333820716826e-05,-4.462812386691439e-05,1.4317676891550945e-06,-0.00021015120280026167,-0.0002174844083174321,5.2932469816369125e-06,1.9840502964143526e-05,-1.915893664545365e-05,-1.1607403348534717e-05,-1.883166421066562e-05,3.2496364945018285e-05,-1.2246249496001837e-05,-4.5494248447539575e-05,-0.00010130071891580882,-0.00016898800646231394,3.178545146056422e-05,-0.00014661484845305495,-4.65648682381925e-05,-4.5414465739668234e-06,-7.344604028730828e-05
277,0.014790752604296797,0.013268078565498234,0.013268078565498234,-5.065572622243053e-05,-5.2560836211341664e-05,-7.623038695101059e-05,-0.00020562641953802085,-0.00021774726278181333,2.8469059539020237e-05,1.4992258843449235e-06,-1.093681696602289e-05,-9.814525375986704e-05,-1.1315087238017441e-05,3.287878521859966e-05,-0.00010245029808629624,-5.2342705428145566e-05,-5.116749283843092e-05,-0.00013319644478542613,2.7470773720779106e-05,-0.00013631917992256603,-6.4043537120142e-05,-2.2906842750671786e-05,-5.455257279209036e-05
280,0.014692648781919851,0.014135085716461214,0.014135085716461214,-7.635862758888835e-05,-6.017509709636215e-05,6.549648853024337e-05,2.618551937302982e-05,-6.935905123782504e-05,2.010507564705222e-05,3.214726657461142e-05,1.7867784208647207e-06,2.491989208920131e-05,-1.1415102043201842e-05,-4.15405286139503e-05,0.00017304968525422737,-9.620847850555947e-05,-3.159888342906925e-05,-3.611889359945053e-05,1.849638593284908e-05,-9.001708232972305e-05,-3.6060925266383494e-05,-8.841410483455548e-06,3.6649958883572255e-06
281,0.014692648781919851,0.013521670409811084,0.013521670409811084,-4.5770088531753574e-05,-9.050373847458104e-05,-0.00012133893651025573,3.7333263710479516e-05,8.545930754280562e-05,3.6826842811024106e-05,2.3654628398617205e-06,-1.574309368606919e-05,-3.760271498322254e-05,4.4782358907013985e-06,-1.5476675375794002e-05,-6.389816625414824e-05,-9.995280060820733e-05,-3.0571279842206424e-05,-7.75025266193552e-06,-1.1524300171004142e-05,-3.135518975796003e-05,-4.362513288242553e-05,-6.345719862110855e-06,2.7221801315135962e-05
284,0.014662996433077755,0.01397424766828349,0.01397424766828349,-1.207737160484612e-05,-8.423778454925923e-05,-0.00011309550476198637,7.54169664537585e-05,7.239096104967757e-05,0.00010545337213670792,4.7298610484176605e-05,-2.3797257108526536e-06,-4.266156591029358e-05,1.1645025319921842e-05,2.4248022371011757e-05,-2.6775358605846122e-05,-6.32527594552812e-05,-5.3299006867746354e-05,-0.00013408975081347308,1.9413552713558602e-05,5.002974462513521e-05,1.2215030476454558e-05,5.4466704932565334e-05,3.494955560654489e-05
285,0.014662996433077755,0.013509555944632276,0.013509555944632276,-1.7151580111658403e-05,-0.00010520698495838587,-7.156923239563184e-05,6.431367000914179e-05,7.463217145868839e-05,-0.00017503918892543879,7.367460446403129e-05,-4.309501367742996e-06,-2.7927020041715878e-05,4.143485157328542e-06,5.397875397875396e-05,-1.4698538382162952e-05,-6.875429407045886e-05,-7.971761335738848e-05,-0.00015161323128268123,3.1536090377812796e-05,3.904720514128712e-05,-1.0094132444464775e-05,5.444667363917688e-05,-7.525542533130647e-05
288,0.014657529993002676,0.014565668010377295,0.014565668010377295,-8.501619823391592e-05,-6.845175614671462e-05,6.730005517965765e-05,4.576760107283917e-05,6.652301386111503e-05,-5.208589825087984e-05,3.4206706084205506e-05,-1.4178659885146772e-05,2.7877452312168315e-05,2.8411606352847228e-05,1.6818961760236562e-05,4.5056898520670075e-05,-2.6820227408279606e-05,-4.898940646626215e-05,-7.150020377139299e-05,2.3926207277327193e-05,3.7783951722758505e-05,1.7306243526036268e-05,1.721204110253893e-05,-1.9766237621752224e-05
289,0.014657529993002676,0.014605497053715544,0.014605497053715544,-8.036680265149698e-05,-8.996613059025549e-05,5.754242893090122e-06,0.00010740695752474494,6.530303430736239e-05,5.666363917043782e-05,2.0782449137186632e-05,-1.1328990008223626e-05,-5.0228648624397466e-05,3.4987904912213706e-05,-5.8726622494305044e-05,-7.647335500223563e-05,-5.795558227418951e-05,1.1037144140573219e-05,0.00017834423307704127,2.7618918618372846e-05,3.744015559959735e-05,2.519649538498925e-05,3.7388203686532507e-05,2.8980957195017256e-05
292,0.014682590739766159,0.014569710603574986,0.014569710603574986,-0.0001224038588861731,-5.359575461397981e-05,-1.159986115681022e-05,7.693861097777699e-05,0.00014506516079791255,-8.534780500667694e-05,5.956514494755538e-05,1.4066910362089402e-05,-3.580103900503673e-05,6.370765556766855e-06,-5.155770491455769e-05,-2.7911235142710212e-05,-5.23239371091222e-05,-1.6013628046493976e-05,-2.1876281875847782e-05,2.2037032467778773e-05,9.834424522523478e-05,9.666038843079149e-06,8.220929863000492e-05,3.880057290189143e-05
293,0.014682590739766159,0.014256586053915343,0.014256586053915343,-0.00011311470819691749,-8.324250303076041e-05,-5.25352150884828e-05,7.676980847918457e-05,0.00013809976443326377,-0.00013642502662605693,5.005411367619672e-05,5.493677640515671e-06,-5.774958357505966e-05,-7.156884084906778e-06,-0.00010202625422607525,-9.034422997501679e-05,-3.3439579176501866e-05,-1.8211294350294338e-05,-2.4911232626436684e-05,-5.790395642634394e-05,0.00012727927490232104,1.6910053568608418e-06,8.173385698228231e-05,5.8878050213024833e-05
296,0.014611815876502208,0.01535593717153548,0.01535593717153548,-0.00010660548037776608,-6.91202626148879e-05,0.00022763913515291278,0.00013070246599681924,0.00013338564488662996,-9.886908082762602e-05,2.860722430568785e-05,-2.5919016586612997e-05,8.875305550304802e-05,1.9780717382218425e-05,-2.3852716326473454e-05,6.976140118240437e-05,-8.971288420525525e-05,-3.568257392316809e-05,0.00010934193758430411,3.775187701648974e-05,2.6066419642347683e-05,-9.804950791476585e-06,7.274156070479875e-05,-2.04262694433055e-05
297,0.014611815876502208,0.01550198300557311,0.01550198300557311,-0.00011198910617167712,-7.307473136961563e-05,0.00022558856992645814,0.00011431875849439166,0.00013323450570283058,1.1869385275531385e-06,-4.960250821568479e-05,-7.238017155941634e-06,0.00014578014481685385,9.61661163955796e-06,-2.2792464617396034e-05,0.0001808693930820482,-1.0560931652889849e-05,5.801440231380184e-05,0.0001285147140833942,3.839937901375379e-05,2.3421257184281784e-05,2.786400623335794e-06,7.346648589873439e-05,7.249048348967336e-07
300,0.014575536868873015,0.014660163486206346,0.014660163486206346,-0.00011357783301264136,-5.041932104177249e-05,2.709984636567242e-05,0.0001186302664723371,0.00013245605493466427,5.35262722837615e-05,-0.00012049320353753501,2.191381738612108e-05,1.6654351877605223e-05,-9.498834059513683e-06,-4.60508892206235e-05,4.5161490770624365e-05,-4.546808276018055e-05,0.00013372077817621174,6.508656621235786e-05,4.000197298637431e-05,8.01958688839477e-05,-3.74403738305773e-06,5.768133897390726e-05,0.00012438637441618993
301,0.014575536868873015,0.01533547218078684,0.01533547218078684,-0.0001256827906968283,-5.097446197396493e-05,7.340317064972623e-05,0.00013249180638013057,0.00016688996587163274,8.927817834319284e-05,2.070069911724204e-05,6.293205465226492e-06,0.00012368051026896863,8.196790182637415e-06,-4.0877409155655186e-05,0.00012134896617453705,-3.173549523580732e-05,1.766702343047655e-05,6.801517793746825e-05,6.810880852071932e-05,9.006582223037185e-05,5.140542905337497e-06,5.424115539426566e-05,0.00012856675901730342
304,0.014460854816910737,0.014690272258451875,0.014690272258451875,-8.258696717803105e-05,-1.5446014053850376e-05,0.00015365894140813906,0.00010978101162663734,0.00016532917348285992,7.997556185500799e-05,2.0443851354912113e-05,-6.73010638706728e-06,-8.776498311817705e-06,-3.6239124979147165e-05,-3.471744691978529e-05,2.2939864447835134e-05,-7.346386870494825e-05,-2.87795818894665e-05,2.8755403491231846e-07,1.6132695573105594e-05,6.258401888771914e-05,-1.4861018041756324e-05,5.7376264096546946e-05,-1.5968337672802592e-05
305,0.014460854816910737,0.014261812432300337,0.014261812432300337,-7.680677220605502e-05,-6.492616189461842e-06,-6.122187724031391e-06,0.00011202846484138718,0.0001454161275819388,5.897561385154404e-05,-7.564786601619744e-05,-2.1026544674214163e-05,-4.797819756277022e-06,4.248082404046727e-05,-4.046156600452377e-05,-6.007700917507463e-06,-6.90378788021917e-05,-1.9874866002282942e-05,2.6612316260070658e-05,4.385077231745527e-06,7.704657789872727e-05,-1.5474356883942166e-05,3.9123417573136975e-05,5.499995729678631e-06
308,0.014357322267063941,0.01481555289049503,0.01481555289049503,1.7975327876911253e-05,-6.853615495856502e-06,3.790139667898984e-05,0.00013929456339610623,0.00016760669906034308,8.502626926201628e-05,5.604924008821399e-05,-2.8573890372172173e-05,-1.0031438282567251e-05,0.00013998854246437985,-3.922908872482367e-05,4.584663571222336e-05,-5.0731893452393706e-05,1.0703211942200141e-05,-3.0468554286926518e-05,3.9511455106548965e-05,6.998736549121532e-05,-1.3435786529498728e-05,6.384975900800782e-05,1.6703616856830195e-05
309,0.014357322267063941,0.014982025160092829,0.014982025160092829,1.5013381216704148e-05,-6.298143503045139e-06,5.710066529218239e-05,0.0001262122444177294,0.00016929983793033897,7.647192033346073e-05,3.069957882416929e-05,-3.80634245402689e-05,2.991772315908747e-05,0.00012867302014456074,-8.441686570677121e-06,5.7791644721874035e-05,-5.030663709476357e-05,-6.111328116276127e-06,-4.923660752865544e-05,2.952969311081688e-05,6.35854752636078e-05,-3.291986825615822e-05,4.793768103354523e-05,3.744735222426243e-06
312,0.014276516348997913,0.015570159632421254,0.015570159632421254,-4.8119112366293846e-05,-6.319378089756356e-06,0.00016232159327955742,0.0002114531927918506,0.00012861361017712624,0.0001084686302829141,5.6704125604483125e-05,8.770619356255338e-06,4.7572260173183166e-05,0.00012081860518264875,-5.0680259953423956e-05,6.426853274206223e-05,-6.641542700890569e-05,-6.308471074589761e-07,1.0852386326405394e-05,3.2098842930281534e-05,8.032882909787986e-05,-6.202690215104667e-06,0.00010179431067626865,6.78839357601646e-05
313,0.014276516348997913,0.015301422974228557,0.015301422974228557,7.744686040496162e-05,-2.6504849483899307e-06,0.00014057945189051678,0.00020215469614413451,0.00014281530343396298,6.428341745049692e-05,4.451365437034838e-05,-7.344228242800455e-07,-9.385654741436157e-06,0.00020538991907869785,-4.685266324258919e-05,4.910915981781727e-05,-6.033169099737279e-05,1.0373727482146933e-05,1.2181652900835615e-05,3.199802205017477e-05,5.916365460848283e-05,-2.7611550244728278e-05,0.00010179896547924727,5.413168007635249e-05
316,0.01423423197292127,0.016321965506787453,0.016321965506787453,4.495425713002987e-05,7.26478128854069e-08,8.761234717894694e-05,0.0002249604258281579,0.0001669859442381494,6.059102752715262e-05,3.543454111650135e-05,5.273331307307672e-05,2.5280208765252608e-05,0.0001290703322047193,-2.4309822795203217e-05,7.036913127876687e-05,1.8673930417207884e-05,8.226079655287321e-05,6.963263338548131e-05,5.4178244454305965e-06,0.00010918926838940024,7.409934570659971e-05,7.330123406518396e-05,0.0001136329630162436
317,0.01423423197292127,0.016446842811227838,0.016446842811227838,4.6987354662633154e-05,-8.686822638992453e-08,7.397231588129215e-05,0.00019631445314416851,0.00015731400388176552,6.690206440453039e-05,2.6161520195273625e-05,5.870622465636188e-05,2.7713429699360858e-05,0.00011182703176245922,3.784444432540113e-05,8.869858838579603e-05,1.3235731134955131e-05,0.00010860633612992387,2.197676175910601e-05,6.06021662861167e-06,0.00010108847813057764,5.247612366019894e-05,7.027068528032033e-05,0.00011529188121130574
320,0.01410432079732687,0.0168329850590336,0.0168329850590336,1.859727473856765e-05,-1.3995566678204342e-06,7.269881861247995e-05,0.0002156863901473116,0.0001605372158815044,9.569118080889893e-05,4.7582673923898254e-05,6.905639153046649e-05,1.94102859859413e-05,8.500334164864399e-05,4.995736198907252e-05,8.909624342777534e-05,2.716444875659363e-05,6.189780244312714e-05,3.6114644519784636e-05,3.597332840399758e-05,0.00011245290103261141,4.010667120837752e-05,9.819662198651713e-05,4.5384299344277676e-05
321,0.01410432079732687,0.016802581959948607,0.016802581959948607,-1.8693667161642225e-05,-1.397774476572522e-06,0.00011515030693772133,0.0002128186282789102,0.00017735946588231854,9.209607017965027e-05,4.720345105852175e-05,5.326023399220503e-05,1.3562480546625011e-05,7.564763867776492e-05,4.8921008528850506e-05,7.504402399490573e-05,2.9114047647453846e-05,5.809817153021868e-05,6.971002751470224e-05,4.008747521766054e-05,0.00012504203556318316,4.610419285199896e-05,0.00010854157087806016,4.933600247341019e-05
324,0.013982737937786977,0.01625253078987979,0.01625253078987979,4.485280940116354e-06,2.978190468638786e-07,8.023544709203633e-05,0.00012584872268234904,0.0001840587927767956,5.607383885035233e-05,1.8834744166724705e-05,6.976568406571459e-05,6.131060634288587e-05,0.00013973394647564418,3.4485005612623355e-05,5.6377155603968274e-05,3.045758555344946e-05,6.602237681818223e-05,5.723466313611425e-05,8.997828272185871e-06,0.00015549442931387603,5.7818703655811984e-05,0.00010848635843558441,6.94601626628355e-05
325,0.013982737937786977,0.016233290309575123,0.016233290309575123,-2.3124372989968834e-05,1.6068802369773038e-06,8.30299951417146e-05,0.00012057192889415091,0.00018783042590484912,5.29363593477683e-05,2.0961293732852936e-05,7.285173864602257e-05,5.530600195015722e-05,0.00015425508821635957,2.5021191613632255e-05,6.19701301684472e-05,3.3162898332648184e-05,5.929442972274046e-05,6.13081300707563e-05,7.4612082380554055e-06,0.00014830151421392655,4.0323306548089023e-05,0.0001190594334002526,5.3832197536394233e-05
328,0.013892015236859276,0.014859055621557265,0.014859055621557265,-2.2511234496960243e-05,2.7616456009127434e-07,0.00011584576744780862,0.00012810030553737307,0.00015672153770310615,6.376462247771997e-05,4.657199123585087e-05,-3.4692017841280176e-05,7.128108796223388e-05,9.479900127871587e-05,-6.468690178280667e-05,3.214689440028451e-05,1.1936100722778065e-05,5.782159442674128e-05,8.524817483703373e-05,6.135509547902985e-05,0.00015665607540540805,2.6934123980026925e-05,8.053953303488015e-05,7.565692761318132e-05
329,0.013892015236859276,0.014721261042555018,0.014721261042555018,-1.6277827730846182e-05,-1.9718231669685338e-07,9.972476077791725e-05,0.00011342549389610212,0.00016882452604477294,5.688850423666736e-05,4.025261276410674e-05,-3.290933320613476e-05,6.0424486810006785e-05,0.00010070642061464241,-6.69818506980846e-05,2.4157103844117956e-05,1.5174003806350811e-05,7.363497781511796e-05,8.445309493254171e-05,6.115429177043552e-05,0.00015348176193128894,2.2024025090559006e-05,7.173786262910653e-05,7.174494110586238e-05
332,0.01374323348165522,0.014002048423896843,0.014002048423896843,-1.8909263501427632e-05,2.1024657144153024e-07,9.453507039324904e-05,0.00013608363663024646,0.00012512441474655134,6.796633844714961e-05,-0.0002304062420341779,-4.464843232653948e-05,2.6160637380598926e-05,0.00017853388510502555,-7.441854272769887e-05,6.386670001575112e-05,2.5449179586303215e-05,8.675023293562845e-05,6.495877133602334e-05,6.325411533453007e-05,5.933762463655512e-05,-4.012163946185865e-05,4.776630978767571e-05,4.7800129907500376e-05
333,0.01374323348165522,0.013869768045910405,0.013869768045910405,-2.5682262833015557e-05,7.931929303595098e-08,6.546696938585228e-05,0.00013151860007383221,0.00011823991147366541,7.122562604763516e-05,-0.00023299713156802682,-5.873913212894877e-05,3.0208888283596025e-05,0.00018817420373011374,-5.973051932528506e-05,6.455705160078651e-05,1.0133252646937763e-05,0.0001016922999997405,6.240374751314447e-05,6.571896185505465e-05,6.15464462816817e-05,-8.495875338894621e-05,3.775397078015885e-05,3.366483479794624e-05
336,0.013643184586704254,0.013539404652137295,0.013539404652137295,-3.71613432707818e-05,5.574342139880173e-08,6.590785727894399e-05,0.00010277333274871125,0.00010266337826010385,4.726070526430703e-06,-0.0001751653555777466,-6.991742284526481e-05,4.2606982578945466e-05,0.0001431965949905134,-9.444661604220528e-05,1.1419086647492804e-05,2.523601200664416e-05,8.802540072792908e-05,3.649130377198162e-05,5.681568863110442e-05,9.821925385040232e-05,-5.5438884096474794e-05,8.99190005497985e-05,2.8749846946993785e-05
337,0.013643184586704254,0.01372280110453726,0.01372280110453726,5.018921990540548e-06,-1.1919201824639458e-07,6.576789655809989e-05,0.00011156257202628695,0.0001256577392541658,-8.32573059369679e-06,-0.00019259351096593492,-7.470968119150711e-05,-9.074028216673469e-06,0.0001684499612019863,-0.00010401612314126397,-1.2055309450715868e-05,7.327543474730191e-05,8.901934875211736e-05,3.8827995294923314e-05,3.5166175621270667e-06,0.00011892040767634171,-4.767704589312416e-05,8.476420106489968e-05,2.7685219979503018e-05
340,0.01358389726384756,0.01326743685092175,0.01326743685092175,-7.03856925611035e-06,-1.9736724971153307e-06,-4.76970621343753e-05,0.00013293436710682728,0.0001359473125785371,2.6500445405872595e-05,-0.0002520483440184762,-3.1417726818290246e-05,-9.166519166683429e-06,0.00023225773496164946,-8.985214179347168e-05,-3.5998865594137894e-05,7.324411310946744e-05,7.807490348113788e-05,3.449480659128312e-05,-0.00015166761266300455,9.407316775195796e-05,-3.0356922131886676e-05,9.087051847245676e-05,5.877476414298144e-05
341,0.01358389726384756,0.013506204667862993,0.013506204667862993,-1.2501608102866157e-05,-2.2195705423655455e-06,2.7891926945358135e-05,0.00013586651234163584,0.00014139286967747465,2.158974738449615e-05,-0.0002129091085771506,-3.537358345965913e-05,-2.954600610564739e-05,0.00024571581939426324,-8.773341714004346e-05,-5.681570302840555e-05,6.265092592911969e-05,7.661608844500734e-05,2.418480732558237e-05,-0.00015776899589127426,8.558236185876922e-05,-2.1309344463134037e-05,8.12288366660141e-05,5.756351617947075e-05
344,0.013562751416340644,0.01361813981189902,0.01361813981189902,-1.7278883303788463e-05,-7.3167047594324685e-06,-2.5382478615938452e-05,5.025922136610461e-05,8.256582744934349e-05,-0.00015658607024761296,6.26781051096259e-05,-8.60546434068965e-06,-5.195949702965663e-05,0.00014539397896442096,9.347571336547845e-05,-7.771788736363305e-05,-1.426785867010949e-05,-8.847701134527597e-05,-4.366344614936679e-06,-0.00016353437126326753,0.00010273556885294966,-8.994213180812949e-06,-7.42036339124752e-05,-0.0001187805638392092
345,0.013562751416340644,0.013519084722867083,0.013519084722867083,-1.3621796840652678e-05,-7.260034490172984e-06,-3.177602453433792e-05,5.6484681304027616e-05,6.575660070438971e-05,-0.00012962640877503873,5.3424707448357364e-05,-8.282222997877398e-06,-4.410119978956573e-05,0.00013564897244805252,0.0001074016179472892,-8.099056362198098e-05,-1.8366398685429885e-05,-8.876464658897021e-05,-9.237613671757571e-06,-0.00017989993369383229,-0.00011178087916050572,1.0659787449185386e-06,-8.141256833596344e-05,-0.00010714139557649105
348,0.013521830854062066,0.012809739731263392,0.012809739731263392,4.2961908866345766e-06,-3.181502261213609e-06,-8.140184190324361e-05,-5.932671252139699e-05,-3.46588936167791e-05,-0.00015460719094107845,8.567687183131057e-05,5.1842255725205174e-05,-4.558723746413307e-05,0.00010668948708143944,0.0001249377126532636,-7.732899852726405e-05,-0.0001068463795286334,-0.00011155365365084436,-5.329602795427491e-05,-0.00027673449136045747,-9.66189668088191e-05,6.433991457015509e-06,-0.00010101115362658675,-0.00014798903203882218
349,0.013521830854062066,0.013302525379622477,0.013302525379622477,-2.2989321860222844e-05,-3.4155343337261e-06,6.164945854834513e-05,-4.5264800794484474e-05,-5.30986118792498e-05,-0.00011883535594961358,7.595215361448026e-05,3.416401696540561e-05,4.63137875931352e-05,0.00010452830680833358,0.00010976595695183277,6.31250853621168e-05,-7.502047229309028e-05,-0.0001034581387648359,-1.4496905962460004e-05,-0.00021737640268611357,-9.204428186876612e-05,-9.335839106370258e-06,-0.00011284833676199923,-0.0001430331942515295
352,0.013509556807456717,0.01319657306313778,0.01319657306313778,-1.7856084766663117e-05,-9.369653525936883e-07,-6.790445471096973e-05,-9.065115724752104e-05,-9.340223504750611e-05,-9.483587904014712e-05,1.2839195285323513e-05,0.00010306563374570033,-2.068028153871637e-05,1.3130304271271598e-05,9.159350265690591e-05,-8.387526394471933e-05,-0.0001215069575096095,-9.02571651567996e-05,-4.527827759375214e-05,-0.0001801321004768397,-7.966953432969603e-05,9.801482904322257e-05,-0.00010626886255067802,-9.94334850975065e-05
353,0.013509556807456717,0.013623537862122205,0.013623537862122205,-1.474801244739865e-05,-4.159396303293761e-07,7.733436876378619e-05,-9.166533559664459e-05,-8.835975065949242e-05,-0.0001618478155637604,4.8164020108742986e-06,0.00010395608524959244,1.7166083316624282e-05,4.730984940124472e-06,7.73284080742087e-05,5.4148478295701355e-05,-0.0001412092076634508,-6.965773679894483e-05,-2.554462253328893e-05,-0.0002066195026100104,-9.030704026827152e-05,8.547582049232006e-05,-0.00012287369591376773,-9.494660949485478e-05
356,0.013528115933615666,0.012615464846152315,0.012615464846152315,-5.1955849494333965e-06,-7.196459437182057e-06,-9.324333937456686e-05,-9.046247856986156e-05,-5.364665453498674e-05,-0.00015239028190080716,2.488951443865517e-05,3.8947603211454404e-05,-3.743646253610677e-05,-3.543008261999603e-05,0.00010468615862691876,-4.3745499156102596e-05,-0.00011187865679858078,-0.00011536940965925168,-9.598257061497861e-05,-0.0002703254162315716,-0.00012248254665109926,-2.8555038807098756e-06,-0.00016950852646573366,-9.559611798522383e-05
357,0.013528115933615666,0.012532567664072996,0.012532567664072996,-5.744281463648804e-06,-6.480384936367045e-06,-0.00010549471330250525,-8.291596969229432e-05,-5.92574881488872e-05,-0.00015755023334577346,2.5883115531541988e-05,3.769839642927763e-05,-2.495191620823789e-05,-3.6256820823155064e-05,0.00012165637128646268,-4.478895244346859e-05,-0.00010676559665171226,-0.00012696642012542724,-9.465493118113954e-05,-0.00025700784345190187,-0.00011978610170899628,1.3139602060618926e-06,-0.0001873296984706485,-0.00010447955135077791
360,0.013484251546768968,0.012978204962991926,0.012978204962991926,3.207637363402682e-06,-2.4464112993882736e-06,-7.765521639385042e-05,-0.00011340464002614681,-6.535782204991847e-05,-0.00015833420348599248,2.285770431626588e-05,9.0760621658319e-05,-4.65520350337556e-05,3.355570428311694e-05,0.00017856642313176962,-4.966932657453071e-05,-6.673854126574952e-05,-0.00010738169852515967,-7.217499399757799e-05,-0.00024663115870907857,-9.562665872408615e-05,-5.849070292924807e-06,-0.0001365247135345271,-8.763152341771274e-05
361,0.013484251546768968,0.012934549051032508,0.012934549051032508,3.6757725899860815e-06,-1.9885572601197055e-06,-9.128343849397424e-05,-0.00011289379698155244,-6.633279426296212e-05,-0.00015093729109366905,2.6829989010366262e-05,9.268594648119688e-05,-4.811642345543987e-05,3.365041997540174e-05,0.00017782191271521698,-6.367722912955288e-05,-7.237863723048576e-05,-9.384509819597042e-05,-8.107908741294522e-05,-0.00027592433395057014,-9.815217992809267e-05,-1.0206174819131775e-05,-0.00013095327772134625,-8.322595616618855e-05
364,0.013486668622059623,0.01407216936825353,0.01407216936825353,3.4626009164639983e-06,-1.554967457195744e-07,6.9182603444915e-05,-4.65731986969331e-05,-3.1745991614116064e-05,-0.0001451066867184636,3.8486150237986294e-05,7.281380105496282e-05,1.5320452180276335e-05,4.2924111392039775e-05,0.00010661042848369107,6.326514186184795e-05,-5.7431507643741496e-05,-8.64849393519762e-05,-8.994664540978192e-05,-0.00010556474702866581,-2.4570284409719534e-05,1.0972403697451227e-06,-2.543912943679061e-05,-4.267849323014161e-05
365,0.013486668622059623,0.013828620928661654,0.013828620928661654,4.477816150938452e-06,-4.940298822475597e-07,-9.156135118246311e-05,-6.670828850019461e-05,-2.0156010627943033e-05,-0.0001399270500860439,6.563031811765541e-05,8.497373220279769e-05,-4.4297625399849495e-05,7.008921569422455e-05,0.00012840779567113714,-6.917725379480544e-05,-4.994865714820662e-05,-0.00010106853225352098,-8.105108800918969e-05,-7.781214083365739e-05,-1.6892166058823932e-05,-1.0558746014339704e-05,-1.580385122565531e-05,-8.950034016606878e-05
368,0.013536699641367158,0.01417679423444295,0.01417679423444295,5.905911530362573e-05,2.863863483071327e-07,2.5330320904686233e-05,-7.528284955697017e-05,-8.58692589599741e-05,0.00011105236220373626,5.272300214983261e-05,0.00013902064881222032,7.777554393669562e-05,-0.00018316164442921945,3.256782240669054e-05,2.777081858539532e-05,-2.8659448477128536e-05,5.111785624649201e-05,5.325552923864052e-05,-4.970050730435105e-05,-4.0344144390473955e-05,2.442626102038048e-05,-2.9583280049791938e-05,3.121189794455859e-05
369,0.013536699641367158,0.01408613242021204,0.01408613242021204,6.451688626384567e-05,9.546211003907956e-08,8.095622857126728e-05,-3.731277258793853e-05,-8.819000038783997e-05,0.00014867142590446747,6.784853371300415e-05,7.2089357358891e-05,0.00012505237820278125,-0.00024388133721231497,1.8385712660347054e-05,9.120409014713005e-05,-5.152365691628802e-05,5.022041955271561e-05,6.408895869981279e-05,-6.080482005927479e-05,-5.723246149045736e-05,2.0969248180335855e-06,-5.04915231817904e-05,4.614992958067887e-05
372,0.013514314046205312,0.013404385771262019,0.013404385771262019,-3.1848320404606056e-05,1.230608449986903e-07,-0.0001614003354848137,-2.2805056136121494e-05,-7.903930443262652e-06,0.0001142809590203342,6.333173269922555e-05,-4.7295184519953184e-05,-0.0001118235182684657,-0.00020289035273890477,8.454229878452679e-05,-7.538107059644972e-05,5.755067366635558e-05,9.149653816621139e-05,5.07143932281906e-05,-4.148782896663761e-05,6.153725203148497e-06,-1.4376888748302008e-05,-2.8462268926432443e-05,0.00010730586313002277
373,0.013514314046205312,0.013731189769079378,0.013731189769079378,-2.4959595557447755e-05,4.519034791883314e-07,0.00020697536777788627,-2.0388683033161215e-05,-8.166823540705082e-06,0.00011688789168829317,7.279704520215092e-05,-4.912862980290811e-05,9.192366517709161e-05,-0.00020198855979288054,-6.654784763327371e-05,6.62427839256452e-05,3.411939076613635e-05,3.4535547895302445e-05,4.0868954320103514e-05,-6.566798097310312e-05,7.43274580599973e-06,-1.8188037745403563e-05,-2.783426232099373e-05,0.00011179797549857539
376,0.013492204413061133,0.01394833670307867,0.01394833670307867,-2.576225771008467e-05,-1.372928454657085e-07,5.204915095191609e-05,4.448708606105356e-05,4.569866026940872e-05,0.00013860485930194955,1.215099970522715e-05,-2.871080590693964e-05,0.00013167684458494476,-7.964078388340567e-05,-5.899195813981351e-05,-5.8458092244109136e-05,5.330782704390913e-05,0.0001249686414325879,8.112675682696135e-05,9.216766384270159e-06,3.167647026884879e-05,-4.483410043008007e-05,7.986048518660027e-05,4.542715259844954e-05
377,0.013492204413061133,0.0144524495200481,0.0144524495200481,-2.5724061574692315e-05,-1.1408641512389294e-07,0.00015045075249076945,3.723975599314144e-05,4.3881659310045505e-05,0.00014505497448340067,-2.6218627658636252e-05,-2.4072522708138423e-05,0.00013445477836398822,-4.721989721929276e-05,-8.143923477291537e-05,0.00013087817062455544,6.067931913435132e-05,0.00011384027982785482,8.786862209944957e-05,3.053159352930379e-06,2.575940497308693e-05,-5.019092140059911e-05,7.392675005576166e-05,4.0437476569650245e-05
380,0.01352282751528663,0.01480466235963798,0.01480466235963798,-7.2239094220094555e-06,-1.8916443877969867e-08,0.00011618162055583525,3.149623814124425e-05,3.3053066338197824e-05,9.95131180889075e-05,-0.0001487517799591842,1.2578919523775767e-05,0.0001447024394087748,1.0001793137917048e-05,-8.322567598497698e-05,8.671784308717179e-05,9.082806252308729e-05,0.00011721557761006806,0.00010244416242358056,3.0516516058014532e-05,7.464177259635107e-06,2.6547336437943157e-06,5.580848597446675e-05,5.78594852322567e-05
381,0.01352282751528663,0.014192529968861299,0.014192529968861299,-4.750624611915555e-08,-1.8916443877969867e-08,0.00011511961664382397,2.560368488275344e-05,-3.4397458398416346e-06,7.248563757457305e-05,-0.00015392859373832834,9.936679691691098e-06,0.00011755865910572538,-7.214712176164539e-06,-8.559370659895649e-05,7.859473936605354e-05,5.9510420450124e-05,0.0001273437842826297,0.00012423169451949433,2.4950159090622037e-05,-4.3439019285642645e-05,-4.8941503041533e-06,1.4619866470866328e-05,5.546900835724955e-05
384,0.013519123643726007,0.013747278278680658,0.013747278278680658,-1.9574401139834663e-05,5.552619768423028e-08,0.00013261243788065258,-5.143565185790066e-05,1.1188650657913968e-05,0.00010067680769452636,-0.00013807388125314902,2.2852445601984073e-06,8.653177611904539e-05,-6.188421433307667e-05,-5.7753450385007454e-05,7.00199936898116e-05,-1.0647507144767587e-05,9.68611364919525e-05,0.000108522909167732,7.488954020118399e-06,-5.00671247380069e-05,-1.1541105428705124e-05,-7.342889645428841e-05,4.86305008553245e-05
385,0.013519123643726007,0.0138120651487776,0.0138120651487776,-2.1219418881628373e-05,5.552619768423028e-08,0.0001424338338870257,-6.375608693133472e-05,9.169626368930039e-06,0.00010331159340012164,-0.00013260158120829147,6.4958250129620865e-06,9.152900608569325e-05,-5.73063753495262e-05,-5.755611917493297e-05,0.00010812673030045516,1.3479947847372386e-06,8.924396064912798e-05,0.00011735370543874523,1.1174567966918402e-05,-4.353455104478599e-05,-2.365977222325455e-05,-9.068828358294922e-05,3.6006850934882094e-05
388,0.013550294005734822,0.013905407613218295,0.013905407613218295,-5.515412056411151e-05,2.885191315726843e-07,0.00014050811973902454,-4.297832492511589e-05,-3.134900286113407e-05,0.00010885435485647577,-0.00013732987170442357,-4.778518225066364e-05,8.586848299728445e-05,1.2631785466510337e-06,-9.075044621340567e-05,6.620766865808036e-05,2.3446769296242566e-05,6.129862647867412e-05,1.409363665516139e-05,9.871464774278138e-06,-4.624600634770104e-05,-4.880480785232066e-06,1.6783395722086425e-06,7.119169541965676e-05
389,0.013550294005734822,0.013690951249721483,0.013690951249721483,-6.080793353021363e-05,6.293566912063397e-08,0.00015645622843294405,-4.3286782156428674e-05,-1.2114151055584443e-05,0.00012501508718628428,-0.0001373163887183182,-5.0747826812767015e-05,-2.030509609994624e-05,7.5622028793986825e-06,-8.833766884208671e-05,7.425279489552849e-05,8.771978859840602e-06,7.875010928728443e-05,8.750630333452136e-05,1.2389423363856623e-05,-3.9805669885026874e-05,2.4250906562883754e-07,1.5757007865886407e-05,8.347236611371045e-05
392,0.013615917582286124,0.014410587837344191,0.014410587837344191,-5.0719977080007086e-05,-1.3374368336371843e-07,0.00011587069434881414,5.267994663881837e-05,1.8166418126384087e-05,-1.0174962740165939e-05,3.331077949042083e-05,-4.482450076920941e-05,0.00012523938032245495,3.374083573817188e-05,-5.3847969477374134e-05,8.623894852235026e-05,5.5229246227099795e-05,0.00014159523456100943,6.779362064207817e-05,3.6169825484648755e-05,3.4913342356048814e-05,-2.4076282625173917e-06,5.571594418142922e-05,-6.278174253793623e-05
393,0.013615917582286124,0.01408837505666791,0.01408837505666791,-3.7555051362687665e-05,-2.035230863839388e-07,-0.00014216368402685474,8.053819761471458e-05,2.351014265059348e-05,0.00016166031440207007,2.6915417768123005e-05,-5.091749195344164e-05,6.780412178613915e-05,4.526855341850933e-05,-3.666895322794517e-05,1.0217684714461939e-05,5.3989172479305124e-05,0.00015250686670469803,7.066546764235682e-05,1.6744394977195042e-05,3.846628309474909e-05,-1.7278799855375837e-05,5.133130268632158e-05,0.00011396649758353305
396,0.013682262696731366,0.014737929978996634,0.014737929978996634,0.00018627832435413438,-2.9301120016498316e-05,0.00011417070682682606,5.832506218212075e-05,5.096748710911925e-05,0.00013721031768568537,5.576321972512233e-05,-4.0908765453195886e-05,6.522949757254538e-05,-3.3413364485568307e-06,-4.61949404848383e-05,5.3790145184393626e-05,8.163895527104614e-05,7.41248686176732e-05,7.244723677331422e-05,1.3324093322353292e-05,2.928304053057218e-05,-7.73600445882039e-06,-5.186384942135192e-07,4.666676090891997e-05
397,0.013682262696731366,0.014113998453618914,0.014113998453618914,-4.125007354559784e-05,-1.0836088636096974e-05,0.00010119450191268697,6.450767016985993e-05,4.241842470037227e-05,0.0001317359841095822,7.166439448610617e-05,-4.506067311922379e-05,-8.15593315633123e-05,-6.394891588570317e-06,-7.580665410614529e-05,-4.389473378068942e-05,7.19086756635079e-05,2.8062720143680054e-05,3.5895700906394266e-05,2.1511269865186476e-05,2.5315194532140593e-05,-1.7785094610189845e-06,4.4927605704288e-05,4.8843370177564796e-05
400,0.013757060869447979,0.013649414735400404,0.013649414735400404,6.540427716117847e-05,-3.596546244807541e-05,5.8338139124316515e-05,2.5388003252828638e-05,1.894278355393908e-05,0.00012545163700224292,4.0836349458004404e-05,-5.406438850741324e-05,4.6392748390644555e-06,-1.7695014596483814e-05,-3.0954759868109246e-05,-6.500835754195577e-05,2.8433115221560002e-05,-3.7133864470888514e-05,6.107308124228439e-05,-1.7352694408145906e-05,2.859044484921469e-05,-3.273650115716009e-05,-1.2836243345191178e-05,7.462730510269466e-05
401,0.013757060869447979,0.012800101162456855,0.012800101162456855,-2.81001690609628e-05,-1.6666968549543525e-05,-0.00015088299973285756,6.1520342705989604e-06,3.1341170893028905e-05,-0.0001022511540281812,4.237464058860496e-05,-5.561557941746287e-05,-6.183926102949045e-05,-1.9732049636331795e-05,4.048922360652796e-05,-8.968321829797787e-05,2.5247462065181026e-05,-7.792613379479008e-05,4.1620123802204035e-05,-8.895404605482326e-06,1.9069063914685102e-05,-3.264392458504517e-05,-2.3197847363007894e-05,-5.1425121948796e-05
404,0.013786438633749907,0.011865899704990331,0.011865899704990331,-1.463098547901609e-05,6.701323732158926e-06,-0.00015035107501262245,-2.9717850782162714e-05,8.847233498272545e-06,-0.00014447386422489217,2.4698929919395596e-05,-6.163925998862396e-05,-0.00015751651780192332,-4.636915210312509e-05,2.514102781560723e-05,-0.00010242840228329442,-1.3613885603263042e-05,-0.00012125070579259045,-8.683517477948044e-05,-1.3836011780767877e-05,-1.1821860728105093e-05,-3.205867959877651e-05,-0.00010457808105456933,-4.965059816868234e-05
405,0.013786438633749907,0.012866784491921001,0.012866784491921001,-2.949032348624314e-05,1.0463357593835099e-05,4.27837919914964e-05,-1.3679218238848988e-05,-2.5388556432517363e-05,-0.00015944206499625578,2.183202736887324e-05,-2.0659959611748492e-05,4.5450592426732325e-05,-3.362815795526331e-05,4.773427710688338e-05,6.11336428028153e-05,-9.097850104808458e-05,-0.00013001439463096177,-5.5686717032585876e-05,-3.971116053662627e-05,-1.388681724165508e-05,4.880979701056276e-05,-6.832734048202838e-05,-4.6517629054960704e-05
408,0.013741445319829904,0.012191266674167986,0.012191266674167986,-2.12004472496119e-05,7.960206994539476e-06,-1.0569967980700312e-05,-7.025740518429302e-05,-2.3953710222031078e-05,-0.00016292802868520084,-2.7097447809865116e-06,-2.8573507606779457e-05,-0.0001152152136364748,-4.952856915451776e-05,5.740846681192124e-05,-1.807308713978273e-05,-3.961598573368974e-05,-0.00016179040309680204,-0.0001376637816224502,-1.394815307776298e-05,-4.289289247708439e-05,-3.852886341519479e-05,-5.3921883354632884e-05,-0.00010379113053204491
409,0.013741445319829904,0.012347970022045664,0.012347970022045664,-2.1502365930246013e-05,6.262257620619494e-06,-1.987530439691909e-05,-5.557279376034785e-05,-2.915165410058762e-05,-0.00014703108449566572,-7.743794003545191e-06,-2.2100568735368142e-05,-0.0001420471367009668,-5.9712030772516303e-05,6.252793490375552e-05,-8.525180113338138e-05,-5.259297133306973e-05,-0.00014011943826062635,-0.00011993691687393948,-1.7652027045187422e-05,-3.6146482391359316e-05,7.063079237923375e-06,-2.8255033926143368e-05,-8.508253485160822e-05
412,0.01367020586703767,0.012403584228860492,0.012403584228860492,-6.79782899987913e-05,1.9638741014205154e-06,-2.327012702835418e-05,-1.294690286158584e-05,-3.15378409072764e-05,-8.702489875076935e-05,2.5599834702916267e-06,2.867162897473463e-05,3.8211415130717796e-05,-5.131506190991786e-05,5.132292755888557e-05,-4.524251253315015e-06,-6.493834021966904e-05,-0.0001114561572171624,-0.0001218432900782318,1.4837939047538385e-05,-1.7585917216820235e-05,-2.7251896456164103e-05,-0.00011984317423866741,-9.339453059055814e-05
413,0.01367020586703767,0.012427936639096988,0.012427936639096988,-3.969008625745118e-05,1.4055605879548238e-06,-0.00011586087080559082,-2.595724218281248e-05,-3.264219971924831e-05,-3.658410935031498e-05,-2.532278970193147e-06,2.332719815967721e-05,-1.9144120692544675e-05,-4.178986934675777e-05,6.824276518045735e-05,-2.267496920467238e-06,-6.65400982279607e-05,-0.00012296719808546186,-0.00010476896495674737,1.9746024886444502e-05,-1.1239227640089665e-05,-2.9114896808550838e-05,-0.00011811297870281123,-8.331723150604375e-05
416,0.013578439423418475,0.012925448188441366,0.012925448188441366,-1.755672252329532e-05,2.2915311274118723e-06,-0.00011456398520977018,-2.1487543767761964e-05,-4.770815427036723e-05,-0.00016873228731583366,5.322174285993242e-06,1.3155484741673718e-05,-2.0797969254999772e-05,8.256271469235799e-06,4.730201144866441e-05,6.420671497835428e-06,-6.544955120716622e-05,-0.0001507436367853643,-0.00014969034562682283,1.5263867306885005e-05,-1.484495147792586e-05,-4.656509711367107e-06,-4.80121233022146e-05,-9.718987975475102e-05
417,0.013578439423418475,0.013416013877242047,0.013416013877242047,-1.6233321075560526e-05,2.0000287258881143e-06,-0.0001008951428070759,-1.0773284511742531e-05,-4.662073202894135e-05,-0.0001493055917694619,3.390483538396438e-05,9.978622264725345e-05,-0.00011179498081219208,5.95264009461971e-07,6.442945112439702e-05,-7.539093865716496e-05,-6.091090652716957e-05,-0.00012711343763839976,-0.00010990478727990194,1.4017549290201714e-06,-1.4955622159504855e-05,-1.0224263467080164e-05,-5.811956978050148e-05,-8.796253979426183e-05
420,0.013561072353812953,0.014284882676057533,0.014284882676057533,-8.534095577488188e-06,2.354529324293253e-06,5.7641762123239455e-06,-2.4351481872599834e-05,3.3610028310704366e-06,-0.00012348104442253316,3.205199449894281e-05,0.00021273634954695807,-0.00013142263238250963,-4.8215701615390574e-05,0.00011640922657988994,-5.161666685125965e-05,-6.504558189135423e-05,-0.0001259987137268581,-6.474646629612834e-05,3.429944973959209e-05,-6.620256740461627e-06,5.8106039265339856e-05,-4.6503019075316845e-05,-9.30514362357826e-05
421,0.013561072353812953,0.014175872030047039,0.014175872030047039,-3.7856687088151373e-05,3.0517597042489795e-06,5.9750156519839945e-05,-1.5069422852320713e-05,1.4022516653540151e-05,-0.00016281351772249765,4.1037807561679075e-05,0.0001851392229832527,8.158379170708941e-05,-3.606578728522436e-05,9.840699826781928e-05,3.785752618114202e-05,-7.225298067169206e-05,-0.00012512010556747555,-7.518341314835197e-05,4.3014579205191694e-05,-1.143606211826409e-05,4.62449343501703e-05,-4.7430984643597185e-05,-0.00010321280750076767
424,0.013578660339995099,0.014309563255057906,0.014309563255057906,-3.12443467578305e-05,2.241760230390355e-06,-6.0989975814891295e-05,3.09829707885001e-05,3.019959972334618e-06,-0.00010833992464540643,1.0460017770128615e-05,0.0002163240202480665,-6.712454226089903e-05,5.8513419489827356e-05,8.716347514109657e-05,-5.126009515834084e-05,-4.96042234772176e-07,-5.683030165755554e-05,5.2161957410135075e-06,-2.995154491145513e-05,1.177373239897861e-05,6.0880745370468506e-05,-8.875778113178967e-05,-7.754464227332391e-05
425,0.013578660339995099,0.014306345570656711,0.014306345570656711,3.3436790255336744e-05,2.119982618751237e-06,-3.423910133051322e-05,3.616385316945525e-05,1.1585892539187625e-05,-0.00010127569001951997,1.409934637877086e-05,0.00021190910507812077,5.1209349028340515e-05,6.946945309664443e-05,0.00010253327663917845,-1.0108272963407217e-05,-7.045261186249263e-06,-0.00012358093362536238,-0.0001326945364689891,-3.42623868937153e-05,1.3829557681219739e-05,6.742187846839443e-05,-8.914699351521449e-05,-7.33393470284227e-05
428,0.013664353845770789,0.014254715440837973,0.014254715440837973,-3.606237087296904e-05,2.1425575869216118e-06,-4.8312566934782805e-05,2.970229444599681e-05,-3.1139031761995284e-06,-0.00011630063767370302,2.682825293049973e-06,0.0001527464587798022,6.291189535204467e-05,-2.3953995651027074e-07,5.814095379491846e-05,3.5467605903249934e-05,-6.241482539053323e-05,-3.233972979160171e-05,1.2710499829609034e-05,-8.048423482478029e-05,-7.43571248904118e-06,5.883728452317882e-05,-3.847192674129474e-05,-2.0465849220272504e-05
429,0.013664353845770789,0.014631282896767827,0.014631282896767827,-3.914179658750072e-05,2.2327870965455077e-06,0.0001266920599846344,1.2019705454804353e-05,3.004858226631768e-06,6.033007193764206e-05,1.6758973963533208e-05,0.00011315617354057395,5.606651617426905e-05,-6.508984665742901e-06,2.662378320337666e-05,6.0137467417007426e-05,-8.036196165448927e-05,-3.15360962486011e-05,1.5932955911921453e-05,-6.864650978059216e-05,-9.034713891651335e-06,6.03353707037968e-05,-2.3775524396114635e-05,1.805844994578365e-05
432,0.013773424536917848,0.014106135128797007,0.014106135128797007,-8.331939234722085e-05,3.7492334377020595e-06,0.00012124940353260172,1.695147297141375e-05,1.726415194070796e-05,8.270129469110543e-05,2.8965159613107973e-05,1.2991928990686574e-05,8.054955447278189e-05,-3.3641166987763425e-05,5.524048756342381e-06,6.247107794024487e-05,1.3889808742533206e-05,8.142131757267635e-05,7.320360261928727e-05,-1.4363011132445536e-05,1.972992374248861e-05,-9.471683351875982e-06,5.087208412533073e-05,0.00012244801324413858
433,0.013773424536917848,0.014515191428979096,0.014515191428979096,-9.073234347852122e-05,4.425446913955966e-06,0.00010737402324593859,1.9714150444087863e-05,1.912614785396727e-05,9.229689442008749e-05,4.027802406653791e-05,-4.39885775995208e-05,0.00010029310941717994,-3.954681803861604e-06,-1.5141895969463804e-05,6.748479515863436e-05,4.553515538646025e-05,9.82408816980751e-05,6.325338311171436e-05,-2.105272585140483e-05,1.0037643828582077e-05,-1.182413327114773e-05,4.939511256907281e-05,0.0001253363161345078
436,0.013838811518724315,0.013981627618009989,0.013981627618009989,-0.0001038018296185328,1.8625053053256124e-06,5.298367970226536e-05,8.371686872123974e-06,-4.187278864264954e-07,8.877319017074115e-05,3.79831549366827e-05,-3.689968743401551e-05,8.334482626651152e-05,-6.229347225826131e-05,-4.16489489111882e-05,1.2966694630449637e-05,3.330809726321604e-05,8.523372910985927e-05,1.3899920213589212e-05,-9.527088416689367e-05,-1.4708061662531691e-05,-1.1657649374683387e-05,1.1185183848283486e-06,2.239923229353735e-05
437,0.013838811518724315,0.014134862632787078,0.014134862632787078,-0.00010819913863542752,1.324424101767363e-06,3.2124692070283344e-05,1.172655261143518e-05,-1.0989332554345311e-05,8.273607438923136e-05,3.279282270568729e-05,-3.4826300693566734e-05,7.607722382545034e-05,-2.6428153064443903e-05,-4.571763516878491e-05,3.485445780825103e-05,3.203506458476113e-05,8.097032331988885e-05,9.612663193365734e-06,-7.930842504265456e-05,-1.5075215137585475e-05,-1.3247346369098522e-05,1.2109641243114311e-05,1.451261667170911e-05
440,0.013889937353837247,0.01355256374943232,0.01355256374943232,4.406748455721754e-05,1.0419013597129378e-06,1.6324343391715957e-06,-6.803600936109433e-06,-1.7491171524852689e-06,-4.3812006456391824e-05,-2.472038745736427e-05,-2.0882207800241303e-05,1.77884227832692e-05,-7.525003795308294e-05,-3.161795531013922e-05,-8.180449239716836e-05,2.5438406496505194e-05,-6.489800010058389e-05,-1.0571779657766456e-05,4.761448871249741e-05,-7.201847170108522e-06,-2.6901200210431854e-05,3.64559690774513e-05,-1.6705634157005988e-05
441,0.013889937353837247,0.013023809277265574,0.013023809277265574,2.1591476790945308e-05,4.243723224135465e-06,-5.2146491661915206e-05,-2.4064071435532242e-05,-4.2835582962652554e-06,-4.0175385338443446e-05,-1.4910676929957844e-05,-2.923613618804666e-05,-1.0282411994921859e-06,-8.284161463961937e-05,1.1422650823078584e-06,-9.303995215759642e-05,1.7637528430896053e-05,-7.32615055721908e-05,2.0379032548589747e-07,-9.239053277724451e-05,-2.3440847648998897e-05,-3.515170949413005e-05,2.9607650756133807e-05,-2.15073794061027e-05
444,0.013942141538416261,0.013020830900041675,0.013020830900041675,3.0385771435703645e-05,8.485123180435039e-07,-0.00010560824820913694,-1.6610352986390353e-06,-1.6196167348425662e-06,-3.3119011543476515e-05,-9.686533508102002e-06,0.00012912779781345306,-6.885879598030443e-05,-0.0001555966940691178,1.0489072105883678e-05,-6.377670680194569e-05,-4.230622134855367e-06,-2.76330287510973e-05,-2.9833514872734667e-06,-7.436719686666039e-05,-1.3867847924302623e-05,-7.66511504752998e-05,1.6734522278056828e-05,-2.7376356433705952e-05
445,0.013942141538416261,0.013279035885243318,0.013279035885243318,2.6349158733864897e-05,7.50854451325722e-07,-5.632048814277368e-05,3.93174747523517e-05,3.0812844966021656e-06,-2.312028072992689e-05,1.0075157047140237e-05,0.0001281264706494767,-7.035742005200519e-05,-0.00017154556977175161,1.7158735927296222e-05,-6.761161201666254e-05,-2.609733089684596e-06,-2.25061158630524e-05,6.417715246698208e-06,-7.72208026410226e-05,-5.712343643153872e-06,-8.26209351930629e-05,1.890567702048429e-05,-2.294408072884835e-05
448,0.013957862270963245,0.013673447395977818,0.013673447395977818,3.637682390944974e-05,-7.255722057379898e-06,-2.6664314311801718e-05,0.00011672886768678836,9.10095666381494e-05,-4.326338515511452e-05,5.953016636794928e-06,2.4007986008882654e-05,-5.099877483417003e-05,-8.556162921081522e-05,1.1340957432821597e-05,-2.5002821034831866e-05,3.8615901153207234e-05,-2.8730429989991534e-05,-5.075025954965895e-06,-9.821367575341356e-05,4.893271127912158e-05,1.229959684678761e-06,1.0333224427085952e-05,4.29419977535872e-06
449,0.013957862270963245,0.013825855211472414,0.013825855211472414,7.790289997274158e-05,-7.581920281154453e-06,-2.778199442445839e-05,0.00013551678141425329,6.060886046043379e-05,-6.091966594340192e-05,2.4961942569916575e-05,3.189373051100119e-05,-6.843573823971383e-05,-3.6828099291597026e-06,1.574251504280255e-05,-8.08407029535374e-05,4.415066691990433e-05,-1.6444863149445155e-05,-1.460805730289394e-05,-0.00010663550397111976,4.346944485632775e-05,1.983246538657113e-06,6.67730640998343e-06,5.140696703165304e-07
452,0.013974211669410097,0.013613934115372341,0.013613934115372341,3.74211878852293e-05,-2.785737070553296e-05,-7.522576908968404e-05,7.270517137612842e-05,5.171264177079138e-05,-4.600888293680328e-05,-1.1905827341252007e-06,6.840052855977774e-05,-8.297764501548955e-05,2.927491937043669e-06,3.6650894699050696e-05,-1.9577524910801002e-05,2.8545016045882222e-05,-3.860958437826412e-05,-3.620293886797299e-05,8.457046440980775e-05,3.728873919044418e-05,2.526784351175593e-07,6.428863806377194e-05,-1.4529366746955929e-05
453,0.013974211669410097,0.013461456819999034,0.013461456819999034,4.1803496003467444e-05,-2.5391004069206247e-05,-8.331412733014076e-05,4.3810930269501116e-05,6.36204625902792e-05,-3.7867180931243636e-05,1.636899780805834e-05,4.967972064719106e-05,-7.658726246972947e-05,-4.079264786923886e-05,2.0618310147710873e-05,-1.7514223102352844e-05,2.3802257244369686e-05,-5.630475364114318e-05,-4.611095354903227e-05,8.249904872286606e-05,3.120665580354398e-05,0.00010636788969577538,7.191382238943334e-05,-1.660045253174758e-05
456,0.013925110354978471,0.013200539591308777,0.013200539591308777,2.528866644070149e-05,-2.0066718752786984e-05,-5.135194106060226e-05,5.257131165762985e-05,6.0992787041413976e-05,-6.820520781502637e-05,1.0827885241724288e-05,2.1241682145500817e-05,-7.243211243917357e-05,-9.298835541585504e-05,2.1481553640114727e-05,-2.7002192705367634e-05,3.303278851035429e-05,-1.2631001216050208e-05,-1.138741256454523e-05,0.00013610826097874452,5.93222034262908e-05,4.895409859045685e-05,4.395627009898817e-05,2.4764716499703354e-07
457,0.013925110354978471,0.013580716274216326,0.013580716274216326,3.567617201611029e-05,-2.0639410922740354e-05,-7.586159470974962e-05,6.050327722732618e-05,4.838681865521721e-05,-6.54150868990655e-05,9.03642690673223e-06,3.143904617900262e-05,3.31485639821949e-05,-7.448786391933026e-05,2.1727498467498662e-05,4.5337847996052e-05,3.427160490673486e-05,-4.323317602938914e-06,-1.5373073281352845e-05,0.0001486880710240257,4.405484598009934e-05,6.087237098427068e-05,6.058692959413747e-05,4.643392805974145e-06
460,0.013922775186544238,0.013697734030072753,0.013697734030072753,5.98256617968218e-05,-3.199450840838836e-05,-4.9433614913141354e-05,2.9640379592592582e-05,8.769899381832147e-05,-2.5942475490410287e-05,2.1110132752255596e-05,5.365919183986989e-05,2.1634358749906823e-05,7.55746612526309e-05,2.9243170743029623e-05,-3.5231316496719954e-05,1.1774928934755734e-05,-3.751151589540314e-05,5.2992369774074176e-06,5.6324671148786365e-05,9.207044691720511e-05,9.050914048884806e-05,4.0056107193322534e-05,-1.2566790117034543e-05
461,0.013922775186544238,0.013802073834520256,0.013802073834520256,5.2973115930399214e-05,-1.4466539278146229e-05,-3.790266357100336e-05,3.1217614435945505e-05,9.011818322733233e-05,-2.8267101179153542e-05,2.002335654651688e-05,4.349185288901936e-05,-0.00010031768904809723,2.8247748349485847e-05,2.1822434400746716e-05,-2.618985042317945e-05,2.140906646673102e-05,-3.6995857831243486e-05,8.431683631897613e-06,0.0001544483515954198,0.00011861226320888818,9.67125288002535e-05,4.398795233328201e-05,-2.548615212617733e-05
464,0.013927032705666843,0.014475354484063124,0.014475354484063124,9.947054480903717e-05,-9.031177278302493e-06,-1.2901904169666522e-05,8.918392837358623e-05,8.469567253996502e-05,-2.103336570371539e-05,7.114360287232557e-05,7.633927688857511e-05,4.2164010428678013e-05,-7.189810957697774e-05,5.810710143578035e-05,1.0581700955754058e-05,2.5937863410945285e-05,-6.4508583159295086e-06,-1.4464634532487252e-05,3.3979207696575034e-05,4.70949920941166e-05,0.0001366035997716608,2.9382864267972765e-05,-2.5839048703346634e-05
465,0.013927032705666843,0.014167678742250157,0.014167678742250157,8.788513048216373e-05,-2.1286245673763914e-05,-5.645841924888373e-06,9.814438069042808e-05,8.853004347201931e-05,-1.5040663345189387e-05,5.867859353656968e-05,5.4771769491708255e-05,5.1308317815710324e-05,-7.888497720614395e-05,6.0119653826404826e-05,2.09459538405099e-05,1.0077804379307054e-05,-1.819598607653461e-05,1.7641420981817644e-08,-7.26947353837204e-05,6.610171660895503e-05,0.00013043940732131886,2.236178382872822e-05,-2.4613511611732975e-05
468,0.013914797921741131,0.014661612375988786,0.014661612375988786,0.00015402538632315556,-1.1866310342156795e-06,7.381367707694153e-05,-1.1975195534432714e-05,1.143070182934025e-05,6.61677406378658e-05,2.1069306624212912e-05,6.213228360138601e-05,7.030926718471165e-05,-4.103715059500246e-05,1.99222347828254e-05,-3.284324265223404e-05,-2.643020659434114e-06,7.149340111936909e-05,2.3361257167380245e-05,-4.1997883363364964e-05,1.1780669678955746e-05,0.00014746905958872957,1.1293368552287574e-05,2.3075175840858718e-05
469,0.013914797921741131,0.01466045618972861,0.01466045618972861,0.0001405348458501976,4.610230489561218e-06,8.651725086110673e-05,-1.6348008261957148e-06,1.0067353482554608e-05,4.066930245699041e-05,2.5017619464051678e-06,1.795372193100775e-06,9.621447144581907e-05,-1.1914951910512173e-05,1.4077635341891437e-05,6.388143061712981e-05,-3.7895449236202694e-06,5.660543368776416e-05,3.5324031980508156e-05,-2.9535236208175775e-05,8.42307356379024e-06,-5.306899302013335e-05,1.887292297624299e-05,1.4841445090496563e-05
472,0.01391655355011112,0.01421896968560809,0.01421896968560809,0.00019442971038643008,-1.0392856620455859e-06,-1.0310467928320577e-05,-7.450868952219025e-07,1.9947448586208338e-05,-2.734988421707385e-05,4.141830095250043e-06,-4.4033873573425806e-05,-9.159259272564668e-05,4.184082106348797e-06,3.201178909648661e-05,-3.0460351515557703e-05,1.5558123786831858e-05,-5.8457300883674176e-05,5.3491050184675256e-05,0.00010534708701470663,3.4938498902192806e-06,-6.125311086634611e-05,3.5466798863126313e-06,-5.1468967781147514e-05
473,0.01391655355011112,0.014199666178140778,0.014199666178140778,0.00022248862753940557,5.248876914265566e-07,0.0001061033155201585,1.3354052246086212e-05,2.0895824554827414e-05,-2.2282989361883666e-05,1.0941760938294465e-05,-5.803801714591827e-05,0.00013326520233022165,1.0142227902179002e-05,7.746944228756547e-05,5.734341017614497e-05,1.4461198320532276e-05,-7.959067660067376e-05,4.8268884252138375e-05,-6.960097838600632e-05,1.8384220365987857e-05,-5.31998251517507e-05,4.080321568835643e-06,-4.289195317142003e-05
476,0.013932119039575164,0.01586838073849724,0.01586838073849724,8.658541178647284e-05,4.913764901175454e-06,0.0001810031247259758,-2.4528478220418038e-05,-1.2043566974853094e-05,0.00010738765511405291,1.3037565272497887e-05,-2.38580311588521e-05,0.00011277490507836774,4.169229476019609e-05,3.7924077523712186e-05,0.0001888044870270278,-1.4267883552747661e-05,0.00011113779331026308,0.00015611973622071674,-3.7765691433833124e-05,7.658284898752754e-06,-1.1669404029817088e-05,2.644175851628461e-05,4.3921845949626005e-05
477,0.013932119039575164,0.016242884668271867,0.016242884668271867,0.00010739029389242205,7.595679767291585e-06,0.00016908574108583706,2.4903719363464916e-05,-1.4327686756132607e-05,0.00010548010523734774,1.2727196185551293e-05,-4.150650727297034e-06,7.520495136077443e-05,4.764712534324644e-05,0.0001769005401274626,0.00017389472285003649,-8.201527916753549e-06,0.00012114642555843602,0.00015832848142736112,-6.258769171836321e-06,8.562439738852845e-06,-9.465228285989725e-06,2.5724117301706427e-05,4.904472674297722e-05
480,0.013942057488737067,0.015231395498850936,0.015231395498850936,-7.641997449582049e-05,5.8375263097332206e-06,8.164726614268147e-05,2.9941338357275525e-06,-2.2798977456659487e-05,0.00014360527065036875,7.199713086265546e-05,-3.811183298694232e-06,0.00010217556309726206,2.306893424702139e-05,-2.2313151625894533e-05,8.964965331756503e-05,-6.3904986745910716e-06,8.359275709608482e-05,9.042226648489304e-05,-4.973078890998295e-05,1.335725171429658e-05,-4.599314484039496e-06,6.660702246108485e-06,7.973221896008909e-05
481,0.013942057488737067,0.01444768797532579,0.01444768797532579,-7.769191240754481e-05,5.179944714654994e-06,6.001947188451595e-05,-5.1046053604295596e-05,-3.3003921025738236e-05,9.530562369263861e-05,8.554599857689027e-05,-1.4243863847696048e-06,9.063446505933825e-05,1.3562161730078514e-05,-2.1775619202344388e-05,9.187994391936627e-05,-5.0429999373591275e-06,5.525100548311457e-05,8.350209450782132e-05,-6.172919098844432e-05,-2.5325926148980216e-05,-1.6418126090229635e-05,-4.256168376741698e-06,5.969080812519678e-05
484,0.013899300508497843,0.01466089305045163,0.01466089305045163,-0.00010627743522832133,2.9188023836468348e-06,0.00010497042363112996,5.179004159572287e-06,-2.3883199010015232e-05,7.278787412360543e-05,4.670748558055493e-05,6.1228851927808135e-06,3.712127127073472e-05,4.005673388292052e-05,4.989584290342464e-06,0.00010514172037119351,-2.376041263460138e-05,0.00011877178627401008,0.00010352697447956416,3.4092740306732595e-05,-1.4161908820824465e-05,-7.642368489086948e-06,-2.508295708366859e-05,7.964793229803035e-05
485,0.013899300508497843,0.014868268268244783,0.014868268268244783,-8.987912885231708e-05,2.875309273804305e-06,0.00011563246231162338,1.8931299223368114e-07,-2.3766614413034402e-05,0.00011590278570110967,-6.467410385084804e-06,5.653118655573053e-06,5.635324117520213e-05,4.1404206365314165e-05,-9.297825818066485e-06,0.00012726128882150077,-1.1294326736788207e-05,0.00011206058183233835,0.00010250836381260342,4.868847946909227e-05,-2.3956292998263962e-05,-1.0563159919456667e-05,-1.46536048237067e-05,0.00010761427003671997
488,0.013885748240105513,0.014081389760310153,0.014081389760310153,-9.35223510259675e-05,9.048915790117463e-06,8.96584485508356e-05,-1.3864939126051467e-05,-2.894833624623061e-05,7.541262427594119e-05,-1.3744062655405287e-05,-7.810257811797782e-06,9.500747162519474e-05,2.5228652829127897e-05,-8.311410463647917e-05,8.566682960690741e-05,-1.886031757408091e-05,0.00013908969012391026,0.00010151267267929143,1.1354035041222233e-05,-3.0868059166095915e-05,-2.5340337515444844e-05,-4.804963046126432e-05,3.674772123531511e-05
489,0.013885748240105513,0.013830260535103011,0.013830260535103011,-0.00010818402975701247,7.143175644159782e-06,7.469422857866447e-05,-6.398961168088135e-06,-3.6131446615854654e-05,9.342360653135984e-05,-1.191045297673554e-05,-3.085741459472047e-06,7.879807634026293e-05,2.5704333665999002e-05,-0.00010482428321211046,3.974720788619379e-05,-2.261081682945587e-05,0.0001489873209493453,0.00010323505876158378,2.6033185936285008e-05,-1.97742038267279e-05,-2.972139499433979e-05,-4.446749268709027e-05,8.590408149075301e-05
492,0.01384440232242947,0.014046247583153799,0.014046247583153799,-1.2402779952935815e-06,5.923176918258832e-06,0.0001471522255042146,-3.09377546000178e-05,-2.612354272855555e-05,8.853756555936343e-05,-6.115230423802131e-06,-1.5564413581614645e-06,6.082760891331418e-05,1.984473692118627e-05,-9.68596426230306e-05,0.0001509766015169589,-6.921550510924135e-05,7.196905154614797e-05,8.627539794360928e-05,-8.671301079630212e-06,-4.2204495184705595e-05,-7.572142380695369e-05,-6.146514812371606e-05,0.00012032948253136055
493,0.01384440232242947,0.013372507094219964,0.013372507094219964,-9.586638604559994e-05,4.7781130706425755e-06,-3.40995952637968e-05,-2.5212207551703612e-05,-3.9516683457350155e-05,0.00016420994897544004,-5.085069326469238e-06,7.732151565278401e-06,-6.55700000629622e-05,2.2413704164137017e-05,-9.150900341523993e-05,-5.507998743951248e-05,-6.162763462270959e-05,9.790956381038995e-05,8.509720216807182e-05,1.8273417347245412e-05,-3.679054042549979e-05,-7.983756677731435e-05,-5.383422463523857e-05,7.720179975649444e-05
496,0.013772296862092373,0.01233908232269328,0.01233908232269328,0.0002452294900558627,8.757722025620751e-07,-0.00013332435476968386,-5.295725689393293e-05,-4.632416068488965e-05,9.020291908882427e-05,-5.1199931349401595e-05,-1.8099444368999683e-05,-0.0001242290403070001,6.544447041960666e-06,-6.028265605891647e-05,-0.00010396040780278781,3.876153764394985e-06,0.00017464271977587486,6.679680991510395e-05,-1.9305578243802303e-05,-7.848481894143333e-05,-8.02980646267315e-05,-5.159770176533129e-05,0.00011202892289702504
497,0.013772296862092373,0.011832108243220587,0.011832108243220587,-2.8687842188901413e-05,6.970734648348298e-07,-0.0001505593365709501,-3.446730964924427e-05,-1.794879775161462e-05,-6.472103226542458e-05,-3.0473996671389613e-05,-2.2836606958662742e-05,-0.0001156415862715221,5.999655643336155e-06,-6.293884854130738e-05,-8.999516868243517e-05,1.9203563738301455e-05,-0.00013155183107528502,5.570930261455942e-07,-1.338177517936856e-05,-4.488008534281107e-05,-6.422737218144902e-05,-5.2925974114259584e-06,-9.181419521837597e-05
500,0.013720301091897346,0.011625262510074858,0.011625262510074858,-8.048440993206896e-05,2.575561538833426e-06,-0.00011589148924258552,-1.7084557216549002e-05,-8.156805338330741e-06,-9.612428056243516e-05,-1.7100767397550953e-05,-2.0665709294007683e-05,-0.0001326076104214735,1.0246010920127446e-05,-7.961551248627075e-05,-6.802471307992163e-05,5.19102275802652e-06,-9.99755160364657e-05,-5.3116716026124776e-05,-8.948383337838095e-05,-1.4364073381329945e-05,5.4985831093290475e-06,-5.041161680310324e-06,-0.00010283861276207062
501,0.013720301091897346,0.011257515122273782,0.011257515122273782,-6.365265212934901e-05,2.568995532783447e-06,-9.137382778135362e-05,-1.2295216738493763e-05,-5.886962567274168e-06,-0.00010074635748424044,-2.01339484874552e-05,-2.9070093826248923e-05,-0.00014003870168380672,-2.436508315213359e-06,-8.08722149940877e-05,-0.00013860787368003002,1.0353086653367427e-05,-9.493040028701216e-05,-4.248045387612365e-05,-0.00010089033029544226,-1.896560208479059e-05,1.0855852178792703e-06,-5.716266455237928e-06,-0.00011845456537344034
504,0.013709979058531562,0.011622412114267407,0.011622412114267407,7.780693015320139e-05,2.235501906397985e-06,-0.00010999678436519388,-6.22762447619607e-06,7.695929728015472e-06,-0.00011868305662346757,-5.26672747628254e-05,-2.2034051037280734e-05,-0.00020402982542236714,-2.7449003207493662e-05,1.6595999709352328e-05,-0.0001676966270269986,1.890230232220347e-05,-0.00015331316447827703,-9.131191093729285e-05,-5.3935409707719375e-05,1.575281667555828e-05,-6.66002315915648e-05,1.3809756276259576e-05,-0.0001180054892734006
505,0.013709979058531562,0.012730264369366298,0.012730264369366298,5.2115191442680954e-05,3.581638075047522e-06,-7.448432769706415e-05,3.834742017716053e-05,2.678970763099642e-05,-9.711365034263508e-05,-4.246099501870049e-07,-2.8204290913436125e-05,-0.00021147575861050428,-9.48627626257803e-06,0.00010199981812093029,-0.00014172631538713175,1.5346982236223995e-05,-0.00016996185802781839,-8.30263109628504e-05,8.368572572180711e-05,2.9561113776708226e-05,-5.045276816872502e-05,1.4262170157053334e-05,-8.754220368473398e-05
508,0.013731447726430408,0.012872332896277528,0.012872332896277528,-7.072361649534286e-05,5.061125648353482e-07,-9.221853904136878e-05,4.914261925023311e-05,4.1059117988879735e-05,-0.0001327170088143248,2.8702044237434165e-05,-1.9752999796764926e-05,-0.0002124159893128308,-3.695413804507552e-06,0.00022233328061702196,-0.00013295654689272852,-1.8547503873378445e-06,-0.00010734974952583798,-0.00016922640127859268,0.00016271712675234085,2.3738773134027724e-05,-1.9323687070027518e-05,7.451953968029556e-06,-5.741174526974646e-05
509,0.013731447726430408,0.013094162578755252,0.013094162578755252,-6.977258691222232e-05,3.64954003089224e-07,-0.00010660003001817131,5.3930802541799496e-05,4.31526935403781e-05,-0.00012128594104524382,7.217773465072241e-05,-2.4270860520800853e-05,-0.0001950415179362608,-8.419819141636254e-06,0.0002189723555557066,-0.00013429117293753734,-8.459376363134653e-06,-0.00012192573995889689,-0.00014983935083591858,0.00015414062879017364,2.586904286658864e-05,3.020257662228687e-05,2.103163383253559e-06,-5.3519716163918926e-05
512,0.013749770292171474,0.0131447697614796,0.0131447697614796,0.00010352916089686914,-6.644200448135962e-06,-0.00011083586510380883,5.956840972430655e-05,4.8510514932331714e-05,-0.00010859421879104047,3.970903948356863e-05,1.9450193151442362e-05,-0.0001529144588289455,2.382852316031858e-06,0.00013786931498998455,-0.00013244478817341586,5.791147278841891e-06,-0.00016227852140900722,-0.0001569515730261628,9.343118988908828e-05,2.3898205517980385e-06,0.0001534776399648763,2.6320970080178084e-05,-0.00010989114437393255
513,0.013749770292171474,0.013263493045358912,0.013263493045358912,5.7323694641127076e-05,-6.432922464227886e-06,-0.00011468416320553843,5.517531418263388e-05,3.8623371888206745e-05,-0.00011025316018731246,4.349444027866411e-05,2.9571824800314062e-05,-0.00014669282411659877,1.9776383536509455e-05,0.00012675348992161162,-0.00013271341356812627,3.3011641482971754e-06,-0.00015624709470785092,-0.00014780897098034984,0.0001053950293021444,2.031966537288099e-06,0.00017424080400360253,3.578552466706242e-05,-0.0001075279910116933
516,0.013782081285909837,0.014710260289479405,0.014710260289479405,9.141564529045354e-05,4.4298983880253214e-06,0.00012403706482473354,9.0866578011628e-05,4.69860744806283e-05,-8.426815132679621e-05,6.260582140839688e-05,2.236056471701886e-05,0.00011440219284395426,7.607631457631214e-06,0.00018028906646577525,7.138527315419197e-05,1.8027142573373568e-06,-0.00013451297765982418,-9.093218639463885e-05,7.54265732098247e-05,-1.7466982556015864e-05,0.0001181492221166991,-2.120031386652954e-05,-6.861526897637304e-05
517,0.013782081285909837,0.014539368413788535,0.014539368413788535,6.46236454258542e-05,4.319228753502102e-06,8.766121805365402e-05,6.063787468974624e-05,4.308393443352543e-05,-7.260711792696384e-05,6.960140137266536e-05,4.0168908119539994e-05,0.0001079115764900962,7.144116462995953e-06,0.0001832337535415718,6.994327438860636e-05,1.974102379335818e-05,-8.417622471029062e-05,-9.979954470054508e-05,8.614773580575275e-06,-1.1092956965512712e-05,0.00016773432439094903,-8.847663569895304e-06,-6.029380517247773e-05
520,0.013803920496171731,0.01563500150016115,0.01563500150016115,0.00014132854375702663,4.1354032646268026e-07,0.00010720639575310997,3.270671360496635e-05,2.0569821078879613e-05,0.00011639924783594324,8.79726408948045e-05,2.9657731920451626e-05,8.082286698027019e-05,7.298659561456588e-06,0.0002915884104822908,0.00011626396161318553,3.888917181029683e-06,0.00012361936492197856,7.534552992183308e-05,-2.076440819337222e-05,-9.812628436520753e-06,0.00019946539469401615,-4.994380971083956e-06,3.46426628266272e-05
521,0.013803920496171731,0.01473108464282731,0.01473108464282731,8.299537232687726e-05,1.2602952733686835e-06,-0.0001402540983281142,3.080059339481522e-05,1.6675830283929826e-06,0.0001266536908258331,7.679718625013266e-05,1.0635548824211582e-05,-0.00012330813380685867,1.4258596020226832e-05,0.0002550540710171845,-8.143619278598635e-05,1.712878786293004e-05,0.00015017971345514524,0.00010506200832537616,-3.078466946590197e-05,2.156050235271323e-06,0.00026180879170624395,-1.910934901161454e-05,4.41661180320807e-05
524,0.01374314301292921,0.01529684952433394,0.01529684952433394,8.647182406093634e-05,5.574368794896145e-06,-7.099864047177106e-05,3.690146430244568e-05,1.315283095891573e-05,-5.253164517398545e-05,5.906472346623559e-05,3.4339477522280504e-05,-4.6751987059678865e-05,2.4287625906254106e-05,0.0004536020612863467,-7.281613849499991e-05,6.549479599016194e-06,-9.17837103884267e-05,-4.5015432333457285e-05,-1.526339243582697e-05,2.653160354384454e-06,0.00033928812980093425,-7.528028896786055e-06,-3.3276397321060355e-05
525,0.01374314301292921,0.015219629028075428,0.015219629028075428,5.5819293256718085e-05,5.54670631117915e-06,8.624953136859403e-05,2.2008657629157825e-05,2.6207772793895854e-06,-0.00012415271851978104,2.468927570816959e-05,1.7719424288316077e-05,-4.7722447845899296e-05,2.2357519021625194e-05,0.0004323150586697011,-7.40386989309627e-05,1.709333797407453e-05,-8.96059578144559e-05,-5.208886549098679e-05,-1.3292871170733633e-05,4.947541406181699e-06,0.00036824616246121876,-1.576694669211065e-05,-4.223593683946092e-05
528,0.013647608435462408,0.015105974028864521,0.015105974028864521,4.7516906308828764e-05,3.4817986306734384e-06,7.477751662463561e-05,1.8100430816048175e-06,-1.2544467881525635e-06,2.8519675561256007e-05,-1.0771264899176458e-05,1.4362809270096478e-05,0.00013090374146941031,2.1390848014561926e-05,-0.00012096569766981702,3.013554652397943e-05,2.1762865471828264e-05,3.516733447895604e-05,6.022877727900777e-05,4.32347702712832e-05,1.6232165268093014e-05,0.00028595754117759497,1.434222897842119e-05,1.7415831566722774e-05
529,0.013647608435462408,0.015180817001577383,0.015180817001577383,2.7460634210001445e-05,3.590990359043644e-06,8.051495470681402e-05,-1.4364751709763368e-05,4.4710639235745475e-06,2.6197701376986515e-05,-4.572381779553325e-05,7.1744366687198636e-06,0.00011218669172194495,4.767658458604273e-06,-0.00010454297354044684,6.300136135450884e-05,2.9486875077964215e-05,6.369734356439949e-05,5.588833500041801e-05,-2.4745176226588228e-05,6.655243220166085e-06,0.0002772944277580791,1.1735895252513729e-05,3.2730579906683485e-05
532,0.013546987203712377,0.01390788584702056,0.01390788584702056,-3.0036657110485977e-05,1.7401606373823597e-06,8.13928540537745e-05,-4.8923690060291846e-05,-3.056234379982925e-05,5.5005276819883875e-05,-0.00013196975457958616,-1.4404930343516753e-05,0.00011150525721859595,5.5674153497875525e-06,-0.00015959444310283287,8.109607057349422e-05,-2.2695375719195e-06,1.7037860493474e-05,3.949956372480301e-05,-3.165215633543994e-05,8.207446285268815e-07,-5.290142071544324e-05,1.3971089622373256e-05,2.361414231472736e-05
533,0.013546987203712377,0.013581636793211442,0.013581636793211442,-3.1722310206987456e-05,2.2241867327466023e-06,5.1385627161835144e-05,-5.7948751486947006e-05,-2.5178709322517533e-05,4.3119766044128486e-05,-0.0001592766840076365,-1.42099642971516e-05,0.00012128148759074975,5.122095577689834e-06,-0.00016943122566772216,6.404788702866426e-05,-6.2736805193708276e-06,2.7573535169267417e-05,3.669031072377038e-05,-8.814785642243805e-05,2.1840729966697837e-05,-5.754997960366381e-05,3.198081996288238e-05,2.0543135290154167e-05
536,0.013447895811059951,0.013044745602136955,0.013044745602136955,-2.7956673363860317e-06,1.0619743898132583e-06,9.803742072108435e-05,-1.1973140756253997e-05,3.3295950743195135e-06,1.9312541146518923e-05,-0.00010627039567566499,-2.4340363654573594e-05,5.294034628150257e-05,6.349738974904539e-06,-0.0001817303697157513,6.897579514088648e-05,-2.8148928163318486e-06,5.416007667918166e-05,2.8712335315503878e-05,-6.440539843879378e-05,-8.170690016413573e-06,-5.133814559030725e-05,1.7603929479719226e-05,3.099496716458816e-05
537,0.013447895811059951,0.012334233644754248,0.012334233644754248,-2.321853209650726e-05,1.1495418493723263e-06,4.791442760961218e-05,-9.023238685585966e-06,-5.084211670691729e-06,1.845599751050031e-05,-0.00010269410551472902,-3.8850024598104934e-05,7.691429314036213e-06,7.018376521727987e-06,-0.00015793829814128913,-1.3882244056730997e-05,2.186184735819552e-06,5.250997936627755e-05,3.0205554007807223e-05,-2.60242201602523e-05,-7.324791172322876e-06,-5.7878855437820674e-05,1.3038716879236745e-05,2.9897099589106803e-05
540,0.013420019159502104,0.012394494664910962,0.012394494664910962,-2.9419238912851143e-05,1.4114347368376912e-06,1.4585230333068467e-05,-2.285584920286965e-05,-1.5142664410632279e-05,1.2849198391222672e-05,-7.458782324192725e-05,-2.3467076364340755e-05,-6.125003335455404e-06,1.7755652690993885e-05,-0.00021538580530432226,-2.845597344730777e-05,4.8312171770703575e-06,4.2543456804651216e-05,3.972972579049383e-05,-6.558060353881955e-05,1.9306453395984134e-08,-9.314406743442305e-05,-1.573796007733108e-05,3.60109284133614e-05
541,0.013420019159502104,0.012248819218407416,0.012248819218407416,-3.7501175472698375e-05,1.3584531416199751e-06,1.0266200920341362e-05,-2.6079990144580735e-05,-6.207251358318899e-06,1.4764131260562862e-05,-8.548938616058877e-05,-4.64730707221861e-05,-1.6112817286284552e-05,2.1734333943186355e-05,-0.00022207321962923742,-2.984860434935399e-05,4.1920114131244195e-06,4.7261967795293456e-05,3.941767488413461e-05,-5.872854016843121e-05,3.083885894739069e-06,-9.718261118337068e-05,-2.0585646461768193e-06,3.844360274115388e-05
544,0.013444219199190947,0.011905687570277894,0.011905687570277894,-7.215983225705713e-07,7.480242038582219e-07,-5.349921118067869e-05,-3.599574930149174e-05,-2.0256780951513066e-05,1.5249728157868958e-05,-0.00012296665307985676,-6.168354671899578e-05,-3.255913006796618e-05,1.4804548929987505e-05,-0.00016365104794886066,-1.619959297386231e-05,1.270377101491249e-05,7.88994106642349e-06,1.0113455980444996e-05,-0.00012299345681185514,-1.50156651807265e-05,-7.222082493171911e-05,-1.0270893544657157e-05,4.383115019663819e-06
545,0.013444219199190947,0.011643622682509418,0.011643622682509418,-4.3451057672427855e-06,8.311052715725964e-07,-5.3010791766610055e-05,-3.7549676030721456e-05,-1.5154441709910316e-05,1.027151921789482e-05,-0.00011328917416904005,-7.566229064082108e-05,-7.219676449949475e-05,1.3367404242217163e-05,-0.00018629175494425,-3.721873065842374e-05,1.449497558269286e-05,1.0946463280561147e-05,1.0488925163372187e-05,-0.00011815475678986331,-1.720855452958858e-05,-8.233088143697387e-05,1.4424774883536884e-05,3.943728006561287e-06
548,0.013498670946476124,0.01195108964984498,0.01195108964984498,-4.878666751665151e-05,1.8752331925497856e-06,-2.9674128450096758e-05,1.0327632639928198e-05,-1.4375627843037365e-05,-4.872624213021482e-06,-0.00019757908586143458,-8.859422896648539e-05,-4.905640126935395e-05,1.0553896895544313e-05,-0.0001649758981307059,-1.9192033125818852e-05,8.770500903665379e-06,-8.901661749405321e-07,-1.6878813526091107e-05,-6.667912573902868e-05,-7.909418400231517e-08,-7.093401542078937e-05,1.2320221524078079e-05,-4.2395487480462175e-06
549,0.013498670946476124,0.011855656323751535,0.011855656323751535,-2.1245353659651302e-05,2.03516684450733e-06,-3.8019897679077986e-05,1.005550826448598e-05,-1.831526095429581e-05,-3.2710095365473535e-06,-0.00015579236331632275,-8.332041414405467e-05,-5.2405469859877484e-05,1.2706452052952954e-05,-0.00017481638170011138,-1.4372961961726105e-05,3.34658330007187e-05,-9.390045070176712e-06,-1.735226989239891e-05,-6.818892366482032e-05,-5.11953075601923e-06,-8.570750267153927e-05,4.560870336263179e-06,-5.028859673075203e-06
552,0.01355766395777093,0.012342211633787408,0.012342211633787408,-5.8251963473594514e-05,1.2061410052410793e-06,-7.670083948596584e-05,4.619524141844522e-05,-8.77192624102463e-06,-1.9013860237464543e-05,2.273168188821728e-05,-4.2343949662608796e-05,-3.725959743633211e-05,-1.5777552823692532e-06,-0.00018368811969139644,-8.272627285805357e-05,-1.7038065639098932e-05,-1.611095771750115e-05,-4.548055417217256e-05,1.2517524769464217e-05,-2.0655539278777722e-05,-6.0539354224147245e-05,4.3460397500894034e-06,-3.0782191265643634e-05
553,0.01355766395777093,0.013045633374123313,0.013045633374123313,-4.3945920926944384e-05,2.32000250434794e-06,-6.727309020789107e-05,3.561136998087022e-05,2.356254950427683e-05,-5.982594976785549e-05,3.9306568705796966e-05,-4.1460460424787014e-05,-5.58140317230027e-05,1.5625452034555566e-05,-0.0001206652291057253,-7.609052108136893e-05,-9.185649348637526e-06,-5.6980482872859285e-06,-4.552902819114024e-05,1.7064080543605088e-05,2.931388756223896e-05,0.00015545837667104933,-3.106026777004445e-06,-1.6302661319969046e-05
556,0.013568716092862896,0.013295714790442196,0.013295714790442196,-4.424581352623136e-05,2.30279107199749e-06,-5.6217006954284446e-05,1.5677954809234507e-05,4.531482638412854e-05,-0.00010452555998654134,3.364293137337881e-05,0.00012107398632451804,-6.685687114440952e-05,1.1962013901438696e-05,-9.178344471365563e-05,-6.457077420236601e-05,-6.310713420134562e-06,-5.1661881914242256e-05,-2.8860921206614874e-05,6.364462784858915e-05,1.010847374345758e-05,9.113848930383029e-05,2.5324646733224652e-05,-0.00012250054069454564
557,0.013568716092862896,0.013431082152443463,0.013431082152443463,-3.714339005455258e-05,2.4068713719316293e-06,-5.853798669704702e-05,9.305982187015616e-06,2.4836175098243983e-05,-9.568919538423871e-05,9.483982511255817e-05,0.00011472040668195405,-7.47268947543489e-05,1.7669046018227162e-05,-6.985108925618987e-05,-3.355474982527085e-05,-1.3885399775972473e-05,-7.138111806170855e-05,-6.975492733999999e-05,8.22427922003044e-05,1.4483378004115365e-06,0.00011371712041864157,2.1652598475156994e-05,-0.00011116522026213715
560,0.013658899134250377,0.013642506716297948,0.013642506716297948,-2.7717294356079946e-05,4.931351941195317e-07,-0.00011794981635830481,-8.449589666952306e-06,-3.5776193806213997e-06,-4.001375746156555e-05,0.00012514226961457097,0.00017245316996422844,-7.639472889422905e-05,-4.2098468486528875e-06,-4.489970311624347e-05,-6.387643299831325e-05,-3.186759878644807e-05,-1.7714586188049e-05,-2.138998145710502e-05,0.00011149978782668767,-2.3644776615583397e-06,0.00014193897988661774,1.807933370173487e-05,-9.755822987585817e-05
561,0.013658899134250377,0.014891509938628008,0.014891509938628008,0.0001145349937496576,9.713995041238377e-07,-8.524098616362608e-06,-2.4067751371603664e-05,-2.3652604728567894e-05,-9.285606252660727e-05,0.00012591164228183515,0.00016116561141416242,-3.724169588167569e-05,2.716522343462202e-06,0.00037291256878006605,-1.511253725766437e-05,-6.164043961234711e-05,-1.1530306346685394e-06,8.854572593008925e-07,0.00010372338016622962,-2.6069393049965585e-05,0.00011759376118334331,-3.228920860465223e-05,-8.92674865860954e-05
564,0.013755059737762317,0.014932803116176206,0.014932803116176206,0.00010153875661330858,7.1975239143284856e-06,-6.207673609651465e-05,2.3572843292640753e-06,-1.8236732455534365e-05,-2.9658906594249857e-05,0.00012472882683596255,0.00013033016454301106,-4.606998954841401e-06,8.413742837092286e-06,0.00024309576321911663,-8.823723669593164e-07,-1.9370222124734936e-05,-2.1645234312472894e-05,-7.175869961315585e-05,0.00011188588958930268,5.9130062527401605e-06,0.00016139959133738558,-4.13654296335153e-05,1.8430400166380423e-06
565,0.013755059737762317,0.015157262743499737,0.015157262743499737,9.473267863086221e-05,5.509395664375915e-06,-9.606920234773497e-05,6.065983363896521e-06,-2.681858466075937e-06,2.7099427113626008e-05,0.0001407841591617398,0.00014102446410561243,-4.312682747013241e-05,9.14055132170688e-06,0.0002817529180708789,-4.7714277027353095e-05,-1.6604238381887627e-05,1.1370521974640724e-06,-7.656248234525265e-05,0.00011701638311251372,-8.262461565209378e-06,0.0001784736181241442,-2.8706584898827714e-05,8.621463069857783e-06
568,0.01380162699286132,0.015260700857799958,0.015260700857799958,6.666781274361711e-05,7.075805342537933e-06,2.1931814289928296e-05,-1.7163678835458994e-05,-1.1404681874864763e-05,-3.856387679661566e-06,0.0001941865637718365,9.62766793713854e-05,-3.0138053916743955e-05,2.2526381620764368e-05,0.00018395709993455965,-3.513245524345621e-05,-2.2951521382310604e-05,1.5619483815498824e-05,-4.865863703571449e-05,8.810174093241585e-05,-3.223588703122005e-05,0.00013780676038209095,-1.266069082021204e-05,9.34351667183364e-07
569,0.01380162699286132,0.015731399456233367,0.015731399456233367,7.503133837872156e-05,5.824239296998712e-06,0.0001903569990122378,-6.419848198220279e-06,3.3180280524902626e-07,-1.2549065806979343e-05,0.00020440272197333798,7.039027543896737e-05,5.33444755092205e-05,1.898405457723129e-05,0.00022192322840055567,-3.250674471928505e-06,-2.728983739416435e-05,1.385584489980829e-05,-5.085180970354486e-05,8.401837028713999e-05,-2.1681325069948798e-05,0.00013047748462781782,-7.982625152180844e-07,5.168208874692937e-06
572,0.01369582921168941,0.014291224641245643,0.014291224641245643,-9.222161390425753e-05,1.6906704058783362e-06,9.0560482390174e-05,3.053418629406224e-05,1.8469014662514383e-05,4.531665374315707e-05,1.8781629955810784e-05,-3.2662992152836525e-05,7.463194388719785e-05,2.916351995736477e-06,-0.00017748316165580035,5.685535236807482e-05,6.910956470392193e-05,8.648431735764462e-05,0.00012309124833791428,6.333218796044094e-05,5.0903135866064984e-05,1.9721803664651817e-06,7.027973758795269e-06,4.379062219413754e-05
573,0.01369582921168941,0.014177455025564778,0.014177455025564778,-6.529149306061299e-05,1.669352236604027e-06,8.680847269715742e-05,1.5571497178825667e-05,-3.077848699376773e-05,3.120936101367988e-05,-0.00010419239135899261,-3.175115264639317e-05,6.918988356119371e-05,3.032700317362469e-06,-0.0001806272155363331,5.181375061965809e-05,6.0222700117265046e-05,9.814566287786874e-05,0.00010222968973721435,6.851061064025999e-05,2.3098981446310064e-05,1.69880232124342e-05,4.485927606765472e-06,5.357223562441504e-05
576,0.013571337850810076,0.012940996777831521,0.012940996777831521,9.925067142489752e-05,1.4193405104379053e-06,0.00010129504503993303,-3.12742446158154e-05,-2.5106076354859396e-05,4.91423637868138e-05,-0.0001689160459386585,-6.88615116064284e-05,5.642699942086438e-05,-5.2684122192658834e-06,-0.0001894309808426442,3.5463507867916635e-05,3.196840772034193e-05,3.399122363589413e-05,8.517203660176165e-05,-0.00013138255943204058,2.427251179369705e-05,-3.450128629765459e-05,2.2892882407177238e-05,4.0031705505043644e-05
577,0.013571337850810076,0.012587172458517308,0.012587172458517308,3.05817970922817e-05,1.69250402450416e-06,6.026478425383175e-05,-2.798595410240523e-05,-4.24075315004302e-05,5.2617957219354136e-05,-0.0001759214306503054,-6.999232784210107e-05,5.750925597794776e-05,-6.467798248195322e-06,-0.00019832087157965362,-1.2360359141894151e-06,3.584895106314434e-05,3.843740842057741e-05,7.936600701441421e-05,-0.00015000647491660856,2.3892792148672017e-05,-2.37909854922691e-05,2.5484650514044916e-05,3.71652111698495e-05
580,0.013443928460027968,0.012719531140788694,0.012719531140788694,-1.5711876699242566e-05,1.1594836450967705e-06,4.4700915932480715e-05,1.4249216214921034e-05,-2.0656246890666806e-05,2.094059886985633e-05,-0.00017416599235957618,-4.8321786348424215e-05,-4.391809197841212e-05,1.1362704253770061e-06,-0.00013157192896869673,-3.438063763951504e-05,3.418000699866752e-05,4.323346675732864e-05,-1.5747504721730366e-06,-9.601829518942396e-05,1.7000185721371963e-05,-8.949347934503749e-05,1.2705265571639757e-05,4.4756181209777425e-05
581,0.013443928460027968,0.01237268696113517,0.01237268696113517,-1.5673217158109766e-05,2.096911052831274e-06,-4.445204822332016e-05,1.657565835103014e-05,-1.5598270642840362e-05,3.092813929015392e-06,-0.000190252003706064,-7.651354744439231e-05,-5.524648072878335e-05,1.1348808379807452e-05,-0.00013943889510983353,-3.208251097021275e-05,2.725452586787469e-05,4.615345605316179e-05,5.757158105552662e-06,-0.00010688025628041942,1.3582761350789952e-05,-5.386595753407164e-05,1.1456516972430109e-05,2.4359538356293344e-05
584,0.013297004203291926,0.012793529868742716,0.012793529868742716,-2.4344140183529817e-06,4.234683015056362e-06,-3.0462563063338167e-05,1.4930830245702963e-05,8.064520079642534e-07,-2.677349790246808e-05,-0.00016548566438359558,-5.769175609202648e-05,-1.1130621373922622e-05,-1.4476856995315757e-06,-0.00015497004447752262,-5.874553717148956e-06,4.1891500152360096e-05,4.85690129607974e-07,-4.8583125594632295e-05,-3.46367781958179e-05,7.141734090509999e-06,0.0002367288784307675,2.362624155239246e-05,5.5296834625551125e-06
585,0.013297004203291926,0.0125008959764199,0.0125008959764199,-1.0152386812478653e-05,4.494487257034052e-06,-2.3028923669699e-05,1.2671793419940514e-05,-8.421177603850083e-06,-3.937757186122326e-05,-0.000187632064069021,-5.248430015399208e-05,-9.529782309982694e-06,-9.93138688045292e-06,-0.00017686390533526718,-9.452250683352759e-06,4.053726550637293e-05,-4.784543525602203e-06,-4.623296242243669e-05,-4.286447027425311e-05,2.4447388159387628e-06,0.00023792237863062837,1.9225243179334938e-05,8.703099797457981e-06
588,0.01331592998451035,0.013214337338615354,0.013214337338615354,-3.570151237340724e-05,2.635298669702024e-06,4.5555058914032995e-05,-3.1694282097305403e-06,1.4503911893370969e-05,2.0791157592157106e-05,-0.00016118189483904644,-3.37090941684437e-05,2.423714813630795e-05,8.049455689160822e-06,-0.0002215302579998024,3.006324636771751e-06,3.473022588877939e-05,4.364010332892576e-05,4.834006329474505e-05,3.740718939297949e-05,4.276258805703037e-05,0.0002095660917575515,1.6849160824676802e-05,1.725350205106224e-05
589,0.01331592998451035,0.013371119066455115,0.013371119066455115,-3.344329934748202e-05,2.5068892045965186e-06,4.2248752524756125e-05,-4.925365501549095e-06,4.6110831317491825e-06,2.6743657160750443e-05,-0.0001654865883324419,-2.2358959763550957e-05,1.5430071152877644e-06,6.093712961501297e-06,-0.0002447074470137522,-4.874752505656943e-06,2.663084474988864e-05,4.232394861446664e-05,4.803439632269146e-05,6.54615038411066e-05,2.7774111049438944e-05,0.00024051832020177244,2.0180212070499694e-05,3.045166462243287e-05
592,0.013422897181733819,0.013659063144081223,0.013659063144081223,-4.237771322095796e-05,1.3381986013882853e-06,-1.2431551849658718e-05,3.148499718463427e-05,-1.4919212298991624e-06,4.037154581055802e-06,-0.00013281075878921912,0.0001526455897237611,-2.5918688927504262e-05,6.159869519706262e-06,-0.00020503280263937994,-2.2898916076883323e-05,2.1086786337036755e-05,4.468003721740388e-06,1.6962478071036458e-06,-3.5518099093678756e-06,2.8627907042846345e-05,0.00021083693886566834,2.222983216142893e-05,4.4052399409793e-05
593,0.013422897181733819,0.013515185866425689,0.013515185866425689,-3.8337075006893426e-05,6.776464124413906e-07,-1.730324329855648e-05,1.8935346424768796e-05,-6.296846322584315e-06,-1.605847017799533e-05,-0.00011650554755078702,0.00016119777974836326,-1.4434671970775526e-06,-2.5764033398445464e-06,-0.0002202704377373266,6.5201606412301775e-06,2.0068551993972505e-05,-1.047403386564838e-05,-8.055877196966321e-07,9.57342295350827e-06,1.862829881702055e-05,0.00022431504873338782,2.1014520075368637e-05,-2.827122793860326e-06
596,0.013531450975296741,0.014207099420621974,0.014207099420621974,4.812087580376101e-05,8.028851061681053e-07,-3.908000744559104e-05,1.4859091440939665e-05,8.809286136965965e-06,1.072671721885854e-05,-8.613079243332323e-05,0.00015748332653402032,-1.2172069941698283e-05,8.935170512813783e-07,-0.00016300490672051636,-1.3219852714883018e-05,1.7382807095600582e-05,8.100514712623408e-06,-1.1556269669199538e-06,9.730460748869519e-05,3.5974604652437845e-05,0.0002526777524190038,1.3191861432915175e-05,-5.565505152844707e-06
597,0.013531450975296741,0.013800106258450646,0.013800106258450646,3.274398860412475e-05,3.362010620548972e-06,3.8635684300061255e-05,1.7331425769953057e-05,3.5710490419660344e-06,9.113116011576494e-06,-0.00011046593762330303,0.00010690816041005746,-1.9203492488486518e-05,1.1176827081271768e-06,-0.00016646554446992924,-5.519495321095747e-06,5.742047260355321e-06,4.454887600786606e-06,-2.9503199152713935e-06,8.382548227473308e-05,3.495918447470103e-05,0.00014999213615055852,1.8203819274731357e-05,4.6892302634660155e-07
600,0.013703871394247679,0.014341004671908577,0.014341004671908577,-6.198403052167123e-05,-8.553586803827784e-06,0.00010140165229586274,4.247986390737424e-05,-6.3786812665966865e-06,4.5118305883988797e-05,-0.00013408785155888836,-5.830137297948568e-05,7.911416651040781e-05,-5.530473576982331e-06,-0.00015695516099640373,4.6741833780288286e-05,1.8693640772653452e-05,4.149613961544674e-05,5.949025618974702e-05,1.829136280775856e-05,2.2641630562247882e-05,-0.00015223961848960245,1.217015881820771e-05,4.928113907226361e-05
601,0.013703871394247679,0.01397780887050639,0.01397780887050639,-7.839442549993692e-05,-8.357464876098675e-06,9.339270671716804e-05,5.2380935674136705e-05,-5.0729719669107e-06,5.491274719133798e-05,-0.00015118671159598308,-6.19184107381443e-05,5.203796957175655e-05,-2.1567244084508274e-06,-0.00016572782278672092,5.4244048789087175e-05,6.291462232638879e-05,4.230233667385619e-05,6.164796864140953e-05,1.3304815292940474e-05,3.435299734064756e-05,-0.00015717695260605068,6.482625374246709e-06,4.889757629371161e-05
604,0.013891599874331409,0.013791114653301404,0.013791114653301404,-4.89075132020389e-05,-1.0468380669408361e-05,8.32829174487415e-05,2.1950101131551492e-06,4.8284315175806115e-06,5.1473563746640136e-05,-0.00012968040836767615,-3.146473290144058e-05,9.3621284506753e-05,-1.67261688045528e-05,-0.0001854057875016224,5.633156803128259e-05,2.9583383359295112e-05,3.496939150863909e-05,4.745056318029128e-05,-4.8627435648995745e-06,4.902772518562415e-06,-0.00010846163524547592,3.1486011677088756e-05,8.347175217068071e-05
605,0.013891599874331409,0.013403356489229388,0.013403356489229388,-1.8426136500693247e-06,-1.086398540337541e-05,9.227391417425679e-05,-2.462364349185009e-06,-1.3182399284232815e-05,5.130309204787409e-05,-0.0001286568224986695,-2.7647474539662653e-05,1.818318555251608e-05,-1.4973434474541136e-05,-0.0001990847539286733,-3.27844018227097e-05,-8.068952265603002e-06,3.401939376317387e-05,5.624819379249857e-05,-4.456960070228888e-05,4.52793363820092e-06,-0.000138388878490332,1.872778959182142e-05,8.623198790246534e-05
608,0.013949955654249679,0.014010726843086884,0.014010726843086884,-2.1918066181569884e-05,1.8608286559356202e-05,5.6509625628677896e-05,1.4954204962123186e-05,-1.8944555290545396e-06,-3.816795231159631e-06,-6.46980430383337e-05,-2.3291101299491857e-05,4.079808918390881e-05,2.6191758513505194e-05,-0.00019112513907202811,2.044656761427177e-05,3.903997254838032e-05,3.650007250143972e-05,-9.622384345675527e-06,2.6127741452910414e-05,-1.249949812063278e-06,-5.2957131071025284e-05,1.997748602207139e-05,6.840368852863321e-05
609,0.013949955654249679,0.013741229455318913,0.013741229455318913,-3.0191781697794794e-05,1.3102912325848593e-05,5.46213810412155e-05,1.0930909816124768e-05,1.1087464520187495e-05,-1.2457634034035436e-06,-8.53863709471625e-05,-1.0968615893034439e-05,4.614509544126122e-05,2.4059258209945255e-05,-0.00019503846608813545,2.0963984743502804e-05,6.88897258896759e-06,1.4153991401144594e-05,-6.735048386872222e-06,-9.790923700620625e-05,-9.313954747085518e-06,-5.9506971230121056e-05,1.6078789894891088e-06,2.603457047371194e-05
612,0.014008344362848625,0.014652344448389355,0.014652344448389355,-6.197788335725818e-05,2.3377888865070418e-05,0.00011217792273328086,6.02593581788824e-07,-2.8020116337756918e-06,8.023907562346722e-05,5.4648321045078776e-05,-4.3130938295234955e-05,3.706832984789798e-05,5.114805686389445e-05,-0.00014164173926587865,-1.7786444618650422e-05,2.7186400998289174e-05,5.760170436133194e-05,7.221846886295679e-05,1.0902564495154366e-05,1.812713387153053e-05,-4.0308155580532914e-05,1.753934785938327e-05,5.277397528061556e-05
613,0.014008344362848625,0.014622242660795433,0.014622242660795433,-7.087705503977304e-05,1.2741494092551875e-05,0.00011156895909152808,-1.70564029531306e-06,1.1091245112311298e-05,7.942533188725065e-05,-3.391679215155818e-05,-3.08516403788417e-05,6.327869682081654e-05,5.136411934472562e-05,-0.00014745213247920218,4.608687850577553e-05,2.538179354814929e-05,5.341129163753067e-05,6.922588946963515e-05,3.173877586959861e-05,2.5546600763846072e-05,-5.045766607054247e-05,1.6211957922678267e-05,5.210048489516339e-05
616,0.013992812095363398,0.014786229506122522,0.014786229506122522,-2.0987798948226554e-05,8.911607786558306e-05,8.841864933856414e-05,2.2458371227003226e-05,1.6326642162312054e-05,3.7137127576443164e-05,-9.661101103802138e-05,4.1299708725546226e-05,5.540314890595255e-05,5.0721522034109514e-05,-6.33396903049288e-05,5.223515013085489e-05,2.9017120411936048e-05,6.159889265632046e-05,6.742570462392905e-05,7.697029577116154e-05,-6.561702496128419e-06,2.5489075594578024e-05,6.8776663192693376e-06,4.6978106861388367e-05
617,0.013992812095363398,0.01445682903223959,0.01445682903223959,-2.1741077305250655e-05,9.57080260877774e-05,7.805860360804217e-05,1.5261257913152805e-05,1.5636176117368448e-05,3.532100498659929e-05,-0.00010289164720234112,3.2790731318073085e-05,4.5043345096473786e-05,4.928893993337624e-05,-5.780157052868162e-05,5.0989740395834814e-05,1.2933452558172575e-06,5.2800676172637395e-05,8.051640766325363e-05,8.512956219760781e-05,-9.339080033896607e-06,3.381999880275544e-05,4.3393472924435625e-06,4.149521837916836e-05
620,0.013986569469551333,0.014697582108824325,0.014697582108824325,-3.131648347334703e-05,2.6686253909247172e-05,9.443194265713828e-05,1.9174736166860383e-07,-9.218032359967765e-06,5.202937833473698e-05,-6.236748729406826e-05,5.919662925407465e-05,8.145764059463545e-05,-8.867292508512037e-06,-8.581141024478711e-05,5.130495956564118e-05,-4.138372591796724e-05,2.4605968328614835e-05,3.2379312551711335e-05,8.799319799436489e-05,-1.0325761190870252e-05,5.397041775495381e-05,8.754962902912666e-06,2.546389755934797e-05
621,0.013986569469551333,0.013741664112689034,0.013741664112689034,-1.8082601757214432e-05,4.1829440770015934e-05,7.981682141235069e-05,-2.8172904197845128e-05,-8.63918855202428e-06,4.063745665462193e-05,-7.896713671016187e-05,4.1425980452913794e-05,7.736496025927409e-05,-6.23758636720595e-06,-7.85481610705574e-05,-3.8774794145410855e-05,-4.662944571236949e-05,2.1446503535571537e-05,2.2455935527432304e-05,-0.00022226851800724034,-2.24868930968114e-05,2.6165555882471382e-05,7.77189454083782e-06,2.7534926502994494e-05
624,0.01397267459432525,0.015328028972619699,0.015328028972619699,-3.919061088026865e-06,0.00010349722779210425,-6.291012668953044e-06,2.779082536335409e-05,1.0695432240481751e-05,6.695755535019998e-05,-8.201951805290263e-05,0.0001446821539627763,-2.416878026224367e-05,9.329808792699623e-06,2.659953174088514e-05,-2.720109224355838e-05,2.8914147269460954e-05,1.3584264038399852e-05,-5.165812810901116e-06,0.0001349267637158391,-2.8528027360152917e-06,0.00025603629600482234,4.571265665163083e-06,3.574444848709391e-05
625,0.01397267459432525,0.01454366290991426,0.01454366290991426,-2.3449674454241177e-05,8.938205786307663e-05,5.914336309842838e-05,3.839597043224785e-06,7.2633879699424144e-06,6.549509404294441e-05,-4.5184450530086904e-05,0.00013211896832785898,5.1253708925287355e-05,5.67049098208372e-06,3.667132055625189e-05,5.610383063412883e-05,2.353537010094442e-05,1.6097782590804855e-05,-1.2336140671322937e-05,0.00012670373236687738,-3.445215359079157e-06,0.00010556363944033364,2.057989565855678e-06,7.738283602520824e-07
628,0.013957975052571044,0.015680394776362842,0.015680394776362842,3.799993159418591e-05,0.00018389669568932732,0.0001191738927127517,4.847312591209629e-06,2.2092659355621435e-06,5.934366359952037e-05,-6.589125013533703e-05,0.0002463459234650145,0.00012119215208713286,3.091339390266512e-06,-3.2759475926695815e-05,8.134623954447306e-05,2.1283163930547745e-05,4.9657679737720174e-05,3.392591923784494e-05,-0.00017216313840663134,1.5970162778558005e-05,8.409829357560738e-06,2.4425877220437543e-05,9.144326682189785e-05
629,0.013957975052571044,0.015464890200407595,0.015464890200407595,-5.481801877067483e-06,0.00018742378137176274,9.195802771500893e-05,-4.933609845920728e-06,3.861874133690435e-06,5.131085581751904e-05,-5.172334358007902e-05,0.00015516769654368544,9.954394734450034e-05,-3.4699764546530787e-06,-2.3942925010942418e-05,5.432489670738505e-05,2.2390751305465527e-05,5.024422123142358e-05,3.701490313801514e-05,-0.00016638143552881956,1.584071316983682e-05,7.526333926080042e-06,3.0601604794355805e-05,8.725636490225952e-05
632,0.013968240421427601,0.01655531993356001,0.01655531993356001,5.776970897386491e-06,-4.2542689820948e-05,0.00012675834778860917,-9.6644658947298e-06,-1.634009545000481e-05,1.5269957550572144e-05,-2.7877618397269543e-05,0.00036961957549920045,9.094782105648846e-05,8.742396923935303e-06,5.553489324711336e-05,0.00011046641249777167,-0.0001339830813537901,5.8775768324039745e-05,2.4522303735921014e-05,-4.918448034004541e-05,1.140508128401052e-06,7.773057544568473e-05,1.3926535139034968e-05,2.6711670025179045e-05
633,0.013968240421427601,0.016102102796425665,0.016102102796425665,-8.416106193180894e-06,-5.38561480198041e-05,9.14265091080324e-05,-1.111124026692778e-05,-2.889698670173857e-05,1.6037927416618913e-05,-3.2809276528951156e-05,0.00038803341199127316,6.413548778482437e-05,1.1562809734186885e-05,5.1566225463375306e-05,0.00010509924325106113,-0.0001663757735229865,6.60850099018262e-05,2.1804864820751392e-05,-4.2983501859907843e-05,-9.99636055200881e-05,5.76131560308113e-05,-7.286529926204821e-06,5.127919727783592e-05
636,0.013978230310039617,0.016245030807666712,0.016245030807666712,-2.119622345389871e-05,-2.2380716015959477e-05,0.00021956017827278628,-8.30450990179088e-07,-4.2477148981561185e-05,6.421360659032871e-05,-1.3203536050241382e-05,0.00047374678102414693,4.0495233433830436e-05,2.7333260682098626e-05,-1.6094755258109215e-05,7.141587118553617e-05,-9.448351127957721e-05,1.2145197788413497e-05,-1.2304255051276413e-06,-4.267886738944071e-05,-4.7465319662478576e-05,1.941522345418889e-05,-0.00011471129422261583,2.784836762202758e-05
637,0.013978230310039617,0.016311906203772313,0.016311906203772313,-2.6649695812466234e-05,-2.6657307660116204e-05,0.00023260864073336053,-9.822112315305275e-07,-4.6121623161070605e-05,6.822384965062156e-05,-1.6664277040945308e-05,0.0004537160812446928,5.3803902073923385e-05,2.9925463998097257e-05,-1.4563421434559131e-05,7.432308973079671e-05,-8.529419574188069e-05,4.9285394311482374e-06,-2.5513330638204935e-06,-3.494061626497569e-05,-4.525054288933461e-05,1.8783581687102924e-05,-8.61034482636569e-05,2.8723473030822787e-05
640,0.013967639410469565,0.015605173370268703,0.015605173370268703,1.8203899006721258e-05,-3.111410632754996e-05,0.00019994778287809822,-2.8631595660044697e-05,-0.000159177613970769,1.6370505829854664e-05,-6.527662834514558e-06,0.0002991858454447538,9.452956912809895e-05,8.850209871980041e-06,-1.4122382368668696e-05,9.284347891707511e-05,-5.324962823465285e-05,1.7133227111116866e-05,5.230031765108833e-05,-7.690464410302411e-05,-5.077282325373744e-05,0.00013713447636746424,-8.337623958141194e-05,3.727196480213024e-05
641,0.013967639410469565,0.015483682676184806,0.015483682676184806,2.2327690031715975e-05,-3.329170379402058e-05,0.00021622454821454084,-2.6091328177244577e-05,-0.00015861489226608682,3.567924511344245e-05,-6.7496824988211304e-06,0.00028970179228281266,0.00010237603711630073,2.4915002518355323e-06,-1.845055520675487e-05,9.014496597728794e-05,-5.5692132701778976e-05,1.7695643459774147e-05,4.84178659223744e-05,-5.271399537718935e-05,-4.30964501060771e-05,0.00013129063166161358,-7.832590575162612e-05,5.4521478309652595e-05
644,0.013972508508715951,0.014762343570070263,0.014762343570070263,3.0598513967561302e-06,-3.152500133410285e-05,0.00019819542394770905,-5.227602903232764e-06,-0.00018183423462687643,6.366235293398858e-05,-7.53623839955253e-05,0.00026531685691111306,0.00011218987941447267,4.296078639185908e-05,2.7121587027068015e-06,3.8491249206344947e-05,-0.00012179684091847775,3.22250889996667e-05,6.308195660267301e-05,-6.839636186782627e-05,-0.00014313521812937325,4.0696287007904176e-05,-0.00012613178256742685,6.047875962394755e-05
645,0.013972508508715951,0.01474341546234868,0.01474341546234868,-3.1576448373016318e-06,-2.8548961361138935e-05,0.00017350288467923747,-3.4663647700199366e-05,-0.00017435315151260512,6.980648435956027e-05,-6.0744188658645726e-05,0.0002779306195839126,0.00012327693173574516,1.807743492690861e-05,-6.1680899034399775e-06,4.085208144260832e-05,-0.00012898114814447582,5.682420366611041e-05,5.107556045913952e-05,-7.119597822907053e-05,-0.0001529836345343938,5.588679430729826e-05,-0.0001557756019929002,6.0974803914177756e-05
648,0.014006217926359567,0.01533028484560834,0.01533028484560834,-7.260541269715759e-07,-2.952168404135591e-05,8.93876021473261e-05,-8.780894540905137e-07,-2.7688771406246816e-05,0.00010992262187301094,-6.071528331631271e-05,9.470683826521054e-05,0.0001440217738809224,1.544138174949694e-05,5.090919310077879e-06,0.00012197923068242744,-5.58121586868765e-05,6.414765821773472e-05,6.707525174761031e-05,-6.158336808312015e-05,-5.512199302756926e-05,-3.323043207274168e-05,5.316589092672075e-05,0.00010014591482558899
649,0.014006217926359567,0.014913017448925297,0.014913017448925297,-2.451659856888e-06,-3.736638762347866e-05,3.6032178165896766e-05,1.7187353328154132e-05,4.712379445663828e-05,0.00012947972367328476,-5.506309305701507e-05,9.717296310100209e-05,-8.750597642574576e-05,3.117884362836776e-05,8.221286404932471e-06,1.5513931521127234e-06,-7.687280988193379e-05,6.487194034662026e-05,5.093400800888048e-05,-0.00012467481886005772,-2.8525424820600165e-05,-7.788263314296274e-05,3.9044405029926564e-05,0.00011232502015673162
652,0.014154393671181813,0.014537397735999293,0.014537397735999293,7.112104699444899e-06,-1.8834817901733913e-05,-3.520957457340046e-05,4.974765147380822e-06,2.4576258354045422e-05,9.183359141388791e-05,-4.320391174587712e-05,3.6324998968666475e-05,7.112884616162773e-05,3.67038040440093e-05,3.4044616722894715e-06,0.00015139644418013631,4.668494610541529e-05,4.3277949521325355e-05,2.8747058815952188e-05,-1.799987539925496e-06,5.8378758533308426e-05,3.830097447007574e-05,6.129390889896058e-05,0.00011225883447650631
653,0.014154393671181813,0.01385515191285002,0.01385515191285002,1.1157663134326868e-05,-2.3328443994614645e-05,-0.0001699381727121363,8.438383483735379e-06,1.2803851855096581e-05,8.891197743650992e-05,-4.28614710722286e-05,-9.153692035397398e-06,-3.809306912444299e-05,4.2297253862670914e-05,-2.9248964483485905e-06,-0.00013059046085118098,5.201214082262595e-05,-4.6687439929655736e-05,2.3176231677553006e-05,-1.1968872531724628e-05,6.55163019041538e-05,5.11082430875831e-06,4.97968520789982e-05,8.019739907922486e-05
656,0.01428364708230441,0.015409639877234267,0.015409639877234267,1.5064916578921838e-05,0.0001814265398115822,0.00016258898214118744,6.022697921252984e-06,2.5299730323240512e-05,9.569046717842866e-05,-2.3166811897681326e-05,7.328490858071745e-06,0.0001279829931763743,4.74993481952879e-05,-5.6910512612375896e-05,0.0001033383779849828,7.296068795085375e-05,5.043168278461963e-05,1.9384445336072533e-05,5.077259998415684e-05,2.7814068234874868e-05,-6.128980459379818e-05,4.1672604866107576e-05,1.586352156095927e-05
657,0.01428364708230441,0.015496808968473752,0.015496808968473752,2.5029830635503458e-05,0.00014028478544787505,0.00014302005640502103,7.102333029251895e-06,3.1383168886804926e-05,9.065334419346981e-05,2.8285767371016846e-05,-3.328885559085393e-05,0.0001156026032185764,5.680630095412198e-05,-5.152010138317564e-05,7.88598960480158e-05,6.905659357244076e-05,4.296207653624151e-05,1.5420379800161754e-05,4.201930305953283e-05,3.0378435417333095e-05,-7.31373626513232e-05,4.255780104358564e-05,2.7598613511372604e-05
660,0.014496697230474977,0.017393815808470228,0.017393815808470228,2.2723513516211825e-05,0.0002551129464109181,8.774449564043607e-05,1.613812981759111e-05,3.1793420837402665e-05,0.0001231757036066483,2.3235981072957655e-05,0.0001036234530170077,8.781211554833135e-05,5.5277443404975205e-05,-6.135378434919403e-06,8.888613842373161e-05,0.00010727069859512994,8.435453931951998e-05,6.544691038470773e-05,5.454010426547029e-05,5.2670947770820934e-05,0.00011622072465797829,5.818317390549055e-05,8.626342475963611e-05
661,0.014496697230474977,0.01789705943537683,0.01789705943537683,3.184591876561171e-05,0.00030881741842222256,6.019743263095734e-05,2.5270381722748425e-05,2.6723617934294454e-05,0.00012574612921980587,2.2574769677703443e-05,0.00012047115023051446,0.00010411189367459883,5.180888194672662e-05,-7.80903414124623e-06,-5.573000280492124e-05,9.984035540128389e-05,6.687378818924116e-05,6.27400465464234e-05,6.555040595230821e-05,4.876705135529846e-05,8.707853153282486e-05,6.473832366282295e-05,8.057845906932925e-05
664,0.014849596198138398,0.018713314321667094,0.018713314321667094,-5.125247449768722e-05,0.0004275578673605196,7.838408995212375e-05,5.376432594403013e-05,8.217782763040305e-05,7.392951607698706e-05,0.0003350315847933416,0.0003602742428302008,0.00012810969513566306,3.0744932580546447e-05,-2.186348348232059e-05,8.226995003724369e-05,0.0001220322636572746,5.1761526115114976e-05,3.0147615898385994e-05,7.44162893624889e-05,5.00006736456271e-05,0.0004948932869911004,2.0606734981356567e-05,4.990600896235264e-05
665,0.014849596198138398,0.018165111770046805,0.018165111770046805,-4.743800727965208e-05,0.00037311370890165564,8.868160820838966e-05,5.860297253548197e-05,2.364625251630059e-05,7.373316189614343e-05,0.0002643001155615821,0.0003574824138650001,0.00010203674434706045,2.5474827909874877e-05,-2.2716497746841923e-05,-1.8859657566281384e-05,0.00011145776316880074,5.320399126048869e-05,2.6272726800016243e-05,8.845632910606583e-05,3.626924919444718e-05,0.00044614535686832824,3.568627117147116e-05,6.023362795986032e-05
668,0.015206161691930292,0.01935176278781624,0.01935176278781624,0.0004907562746211625,0.0006016815947486975,0.00012426744811818935,0.00014215101361514826,8.56619892829258e-05,4.2832313101826e-05,0.00034372541042102965,0.0002783897571816851,0.00013605364927570917,0.00011901180358336205,-2.128866898829074e-05,0.00011472222856809822,2.1573357362285605e-05,4.314808663593794e-05,2.4992157646011036e-05,8.717508707945853e-05,2.1129944773292664e-05,0.0007312283142346132,2.286044627908268e-05,6.728092463163193e-05
669,0.015206161691930292,0.019207232470595262,0.019207232470595262,0.0005345030991338718,0.0006085693377099233,0.0001069644687413529,-1.7549307485751343e-05,-3.893731006883172e-05,3.8962977816936474e-05,0.0002924542150594789,0.00021615980318756556,0.00012045940052530568,0.00011315219389189224,-2.1145268940472307e-05,8.82926569738629e-05,1.6645791743030713e-05,3.055570069818714e-05,3.182004489644896e-05,8.52871877089001e-05,3.240083494802093e-06,0.000690308985822412,2.4007414640436765e-05,5.089813118047459e-05
672,0.015529325660406117,0.02139421217821718,0.02139421217821718,0.0018251018587488942,0.0009306018973757091,0.00011420949924513479,-7.751365916647046e-05,1.2026872200294747e-05,3.6672046310286535e-05,0.0004873275242039199,8.611492399268172e-05,0.00015251102826823625,0.0004513902536564274,1.7661814723624047e-05,0.0001245405661074983,-2.4969424507617078e-05,6.194555297497572e-05,-5.113940937917505e-06,-3.4424114826379085e-05,4.458941163420605e-05,-5.262814279831218e-05,4.389028463947397e-05,2.5925574273060193e-05
673,0.015529325660406117,0.01937160179938767,0.01937160179938767,0.0017637909002633024,0.0008147505100941999,7.186189745880255e-05,-7.993168500206594e-05,-1.958793850690199e-05,3.84657195922955e-05,0.0002983615457333144,0.00013224778274206983,0.00010549582671956159,0.0003878656425558802,-2.9595598460900875e-05,8.43467096956374e-05,-6.390002358330093e-05,4.9338546677972775e-05,1.1812224934146797e-05,-0.00019381421400112232,-9.256588966763957e-06,-7.430716215594657e-05,-0.00016633406473374635,2.2698312218381034e-05
676,0.01568926342794371,0.022034762239081664,0.022034762239081664,0.001958696589315423,0.0012362479996181719,0.0002806327781490836,-6.591984189981304e-05,-3.9658759342273696e-05,5.2504540039990385e-05,-0.00021285904925662181,0.00017580487117356823,0.00023836819908638063,0.0006571390117028386,-6.602948925319651e-05,0.00013239053449524364,-0.00012842123127938975,9.60763222337846e-05,0.00011456528515282117,-4.658665527585981e-05,-7.934012424811953e-05,7.365201931179399e-05,-7.861491214725901e-05,8.313028543398104e-05
677,0.01568926342794371,0.02270370513589148,0.02270370513589148,0.001992418929901305,0.001072702317474068,0.00042748009371280205,-9.952765438129063e-05,-3.8186269739526325e-05,7.949133173951851e-05,-0.0002453835600454113,0.0001840609173223129,0.00032103580885859626,0.0005961224218822281,-4.777611156441708e-05,0.0002693538918560989,-0.00011744011379505537,8.847513983710087e-05,0.0001344091676446624,-1.5179678016465913e-05,-3.9949049894403286e-05,4.055456107153077e-05,-7.186884767179435e-05,9.14441015720513e-05
680,0.01566519570298537,0.019854943784339916,0.019854943784339916,-0.00022190027459714656,0.0010009505542211627,0.00014897988295615506,5.5492208771283915e-05,-6.969951710743772e-05,0.00035640978137507773,-0.00010634813297428991,0.00024109636000503088,9.256472152628703e-05,0.000509525855990205,-2.673327017532756e-05,0.00011425007041680146,0.00017839302451761797,0.00019706714620724598,0.00016004469936888198,1.571482883605313e-05,-7.944695504647825e-05,4.4376262283094545e-05,1.7551400313777778e-05,7.003016021258191e-05
681,0.01566519570298537,0.021865835655676145,0.021865835655676145,0.0018972207143519882,0.0009976066375088522,-1.2353909546618525e-05,6.023281150646653e-05,-8.97403114095141e-05,0.00037158499048928206,-0.00012002783478465062,0.0002522984161441855,0.00010708902557780675,0.0005899130685577348,-2.568503759448504e-05,0.00010756963640915274,0.00018380395191002207,0.0001021344481637243,0.00016303950047586113,-9.360903520700958e-06,-5.667035448823299e-05,8.534739315336992e-05,3.1504532015560474e-05,7.396684295258637e-05
684,0.015691658786000647,0.023390963752713323,0.023390963752713323,0.001752630271846556,0.0008532955496866634,0.0002452459035339416,6.033153181761009e-05,0.0002564066172476487,6.008505594763847e-05,-4.62919167716791e-05,0.00027844742870001936,0.00014564004021622168,0.0008394262992510448,-3.4603263259214145e-05,0.00013963320846869465,0.0003592680238421053,1.2221125837186264e-05,-1.3808953826810467e-05,0.0002978379674914322,3.969574318716696e-05,-2.717516692882782e-06,4.939562998629299e-05,0.00010950157249112636
685,0.015691658786000647,0.022798187145221905,0.022798187145221905,0.0017783462575539487,0.0007775524312000925,0.0002630339906727386,2.60584247416773e-05,0.0002529704653511544,4.290964267511299e-05,-5.2148039540043104e-05,0.0003002695171448977,0.0001356246968089181,0.0007797211534966664,-3.5305713672642015e-05,0.0001490588843171281,0.00040628286347100585,0.00012143869221631576,0.00010136589854937483,0.0002987073217718716,7.399311411745657e-05,-5.023278290764211e-05,5.194432245957614e-05,9.857823263587307e-05
688,0.01561156290050648,0.022662396720125367,0.022662396720125367,0.0017688008954110045,0.0011251996915871132,3.9798748157409134e-05,0.00016579991677417638,0.00031710203187685694,0.00022762391116884828,0.0001077373426721806,-3.406994695069443e-05,0.00018604709246574202,0.0006701227116195696,-1.70857821581194e-05,3.988580638633721e-05,0.0003188427310942643,0.00014262548697161037,0.0003641252699844699,-3.44251808928675e-05,0.0001411355872983222,-9.3405758480003e-06,0.00018917314826012445,0.0001977663914453842
689,0.01561156290050648,0.02263199850434567,0.02263199850434567,0.0017769477782667309,0.001069970688918147,0.0005472434216062538,0.00015123348793395053,0.00021287023064360256,0.00020087698938368704,0.00012329875253158206,-4.532276409008773e-05,0.00037484785085325714,0.00018880900505450883,-1.4898366621309834e-05,8.400921662541804e-05,0.00018651853158189625,0.00015333621613990544,5.837474015152111e-05,-2.8868771842098795e-05,0.00018817345341631152,9.155515976999596e-06,8.910327719604538e-05,0.00017734134429247205
692,0.015777361109355716,0.022304151103510316,0.022304151103510316,-0.0001266778307729055,0.0008679614930861135,0.000513570850725955,0.0002527954069887528,0.0003852154840456024,0.0003652742017311539,-4.6124736099955045e-05,0.0001400402901617781,0.0002060252634214521,9.026282024024112e-05,-6.1229286825437155e-06,4.981004465207661e-05,0.00037429350101774616,0.0004921793026278465,0.0005183571206362103,0.00012423528487488512,0.0003871084708816852,1.5293662522708472e-05,0.0004565975171817627,0.0004163977806911134
693,0.015777361109355716,0.022208154951655037,0.022208154951655037,-0.00013336487851461242,0.0008917121268314077,0.0004764566851736163,0.0002678667185932682,0.0003868428221244358,0.0003825355282015153,-5.0094435443952534e-05,0.00015348035799888748,0.00018663645194465063,0.00013926139971999873,-9.79410412355719e-06,-9.922382878357893e-07,0.00037512054719854857,0.0005098069714858867,0.0005311906840324809,0.00012309340703723138,0.0003844198750857686,1.3581596499534499e-05,0.0005121749520594676,0.0004227822095936062
696,0.015789104582214303,0.021586296249923934,0.021586296249923934,-0.0001332771250645237,0.0009777225323841776,0.00023392006044105075,0.0003552422616098738,0.00043777334333526595,0.00027877970982444824,-9.127460393187903e-05,0.00016021947277863546,0.00012761969428765952,0.0006088318805336713,-2.3124817680582055e-05,8.253772917214519e-05,0.0004934323664451767,0.0001263494980480573,0.00025003567621638466,0.0003711361500290877,0.0002329337719970681,3.90380892167741e-05,0.0002951978542455436,0.0002572945662655002
697,0.015789104582214303,0.02226685630409646,0.02226685630409646,-0.00013842201287388888,0.0009423149218991966,0.000540907245094786,0.00038840802862750935,0.0003804211831516113,0.0003704052797547774,-8.028311155726442e-05,0.00013456184242954805,0.00019281184743022095,0.0006400658095344625,-2.2494195904982915e-05,7.500083735067165e-05,0.0005167346411212748,0.00018667688936830018,0.00029693850676949297,0.00039065485772425744,0.00024212042388398913,3.404276040328114e-05,0.0002658477887484878,0.00031159145429910496
700,0.015947434243662236,0.020094087233429113,0.020094087233429113,-0.0001315489493572386,0.0008694857105365372,0.0005629501035650719,0.0002925610077500096,3.3804336258071995e-05,6.43416646607875e-05,-0.00010963069464423824,0.000105091574009748,0.00013394771538969508,0.0004075799886402365,-1.2494651041379257e-05,0.00023184983290320816,0.0004067891983049776,6.163655444197503e-05,0.00016738950708713673,0.0002299472848108053,0.00028354212806561916,9.699853824258753e-05,0.0001553093968959729,0.00014836158184152736
701,0.015947434243662236,0.02068427205727692,0.02068427205727692,-0.00013989135146857734,0.0009211979232213708,0.0002904610790892548,0.0003070556486636633,4.391827500057843e-05,0.00033121878993370047,-0.00010552971293236623,0.00010509317310607002,7.622468745466904e-05,0.00039147590424590815,-2.14591464100522e-05,0.00022525697975652291,0.0004626610346258531,0.00010421507191267665,0.00025545009099460004,0.00023500622941810434,0.0003431953723782044,7.653184535456603e-05,0.0002085663069101429,0.0001406869053880655
704,0.016103167153275068,0.01994552875945434,0.01994552875945434,-0.0002010057915458674,0.0007682023023357943,0.00014118805285306735,0.0002917959811338733,0.0003119683276236174,2.1801080424665998e-05,-5.759469198096667e-05,0.000281005971015702,8.713333732430329e-05,0.0001809260883510433,3.4512642434947336e-06,0.00016476385170108187,0.0004650826907834471,3.8808248968962286e-05,6.967870080870853e-05,2.861076450244582e-06,0.00015552970676708356,4.6260730618996605e-05,0.00020365636066799198,7.644772923868004e-05
705,0.016103167153275068,0.020223636851971837,0.020223636851971837,-0.00019849701129260211,0.0008398207895538689,0.0001480455681667081,0.0003093252488179132,0.0003429735045892812,3.304300269974192e-05,5.9673075463706486e-06,0.0002699511501771212,7.641159390459507e-05,0.0002091516684936323,2.4497221022556912e-06,0.00026952731120445607,0.0004142357617695325,3.220377220713999e-07,4.711928483175143e-05,-7.421728723784326e-05,0.00015137282723117095,7.862430568366108e-05,0.0002532300877919624,5.0332885807620185e-05
708,0.016258608712334574,0.02020062379814379,0.02020062379814379,-0.00019992847693174555,0.0007807269033764896,0.00022002581332799308,-4.276029596894659e-05,0.00013251003624759506,-4.617556512584997e-06,0.00026620950025971977,0.0005501261914423594,4.805596786354727e-06,-0.00012427308824044302,1.5959586853568908e-05,3.5699778516118384e-05,-5.333160240752477e-05,1.014768514323805e-05,-6.691312091788859e-06,-3.481369158407688e-05,4.661132546061708e-05,0.0002695645272933689,5.26481617043828e-05,8.018334583539399e-06
709,0.016258608712334574,0.021634744974017486,0.021634744974017486,-0.00018732683583039033,0.0008777909539526263,0.00016611219506103227,-4.6462925470223124e-05,9.423259377513205e-05,-2.960040159678101e-05,0.00044604146864912764,0.0005550822433633585,0.0001425035343345371,0.00020546072838442342,2.9432786456027315e-05,4.581927135177466e-05,1.4680573817713594e-05,1.3747410839641816e-05,-9.430111867914093e-06,-3.0516526778683327e-05,2.6258244661221395e-05,0.0003790488549793736,9.891318951758876e-05,2.7579017960306373e-05
712,0.016491609197815157,0.018607700175302885,0.018607700175302885,-0.00025129998127795263,0.000844829504703739,-4.7818343664403076e-05,-9.741569772813818e-05,-9.882428929358867e-05,-4.927088272324909e-05,0.00030959793708007055,0.00043554067750847027,-3.156429445880349e-05,0.0003291012091722223,0.00013721181937398797,2.1228969844742097e-05,-8.951293979635011e-05,-2.9394338562269694e-05,-1.095855655876221e-05,-6.305078100012906e-05,-6.650315874139778e-05,0.0002376641745786401,-4.052645076171757e-05,-1.3891510277517228e-05
713,0.016491609197815157,0.018970014721789937,0.018970014721789937,-0.0002369917025043833,0.0008420038175609079,8.00450677252229e-05,-9.407887288034544e-05,-7.132229320632178e-05,-5.008822905438137e-05,0.00026606043204537857,-4.6218815905376685e-05,6.9908342720736985e-06,0.00034186000522367976,0.00011842744361274526,2.500902586689335e-05,-8.858422291041279e-05,-2.6527059558247855e-05,-4.809897836821619e-06,-7.911313238764705e-05,-4.720968094716227e-05,-3.9800077584004615e-05,-3.9547711999148305e-05,-1.9947075383015545e-05
716,0.01661460996216322,0.017787313826344214,0.017787313826344214,2.9439308170822188e-05,0.0006504970576361302,1.4969947978897834e-05,-4.8718581756475035e-05,-4.288427554456575e-05,-2.8569984795012716e-05,0.0001152507744700415,-0.0002495063689866583,-1.9320597502883174e-05,0.0003228014835531212,5.7185533501069584e-05,-2.0993517996430455e-05,-7.085271237428969e-05,-4.195442429590912e-05,-2.3027351312521203e-05,2.4102454517560543e-07,-6.841189851911623e-05,-0.00016122672548590344,-8.087303315278405e-06,-5.21829306762811e-05
717,0.01661460996216322,0.020168413263102355,0.020168413263102355,0.0020924270340378828,0.0007390413496977999,-1.1199063010280952e-05,-4.953436196956318e-05,-2.9683172901968645e-05,-2.8945925826064923e-05,0.00016671352940647921,-0.00028618200116852676,4.159568479735754e-06,0.00032694596445708156,1.915157367648135e-05,-8.732120959393796e-06,-4.149474682435539e-05,-1.5389367063107785e-05,-1.587337702858349e-05,-5.388188415963668e-05,-6.47130669631224e-05,-0.00015861025529829932,-4.029853018892027e-06,-3.5357824713173615e-05
720,0.016640053492110563,0.017685492176646705,0.017685492176646705,0.0007460776156722204,0.0005967453189077787,-3.6204179994001604e-05,-3.1980846265469155e-05,-4.654061493965855e-05,-2.599748956527037e-05,0.00014938506848693577,-0.0004422274318358177,-3.149044588099059e-05,0.00018311379123588266,5.3701644444572596e-05,-6.196137099777844e-05,-5.7029640602195285e-05,-9.569099988766539e-06,-2.2173168072185946e-05,-5.116568649100373e-05,-9.473487417835713e-05,-4.4973130388825663e-05,-7.660685892005859e-05,-1.5942879144859035e-05
721,0.016640053492110563,0.01739494466055016,0.01739494466055016,0.00041089898287737013,0.0005727723685322417,-1.798989012968377e-05,-3.6892747184538164e-05,-4.793025574144849e-05,-1.4289997998275795e-05,0.00019426069418159385,-0.0004603715028861188,-1.9559629172363203e-05,0.00018493118479000258,3.7497088437703494e-05,-4.745867965084472e-05,-4.1402573433515496e-05,6.912793314768351e-06,-2.0925728344991514e-05,-1.7394368478562683e-06,3.767943703223864e-05,-5.3539436403298166e-05,-2.3850030079302087e-05,-1.104049291825504e-05
724,0.016713966458240723,0.016138964537574983,0.016138964537574983,-6.095130220273859e-06,0.0003953367397980401,-3.8997799133539954e-05,-2.5311817519195757e-05,-2.895228550187312e-05,-5.873805387182074e-05,0.00013225325127677934,-0.0002923560833914962,-1.2294343878238579e-05,6.194578111717419e-05,0.00010098580231442611,-7.2772357998474034e-06,-9.393284510224476e-05,-1.6525267442375478e-05,-2.5699539571633066e-05,-1.115727964133839e-05,-2.6640228843461954e-05,-0.0001673951642760585,-1.544696162454784e-05,-9.189549468828772e-06
725,0.016713966458240723,0.015330933642001004,0.015330933642001004,-3.266629704739898e-05,-0.00035859305402027533,-3.619879473262699e-05,-2.3385676170164514e-05,-6.484130672106403e-06,-5.305413711539586e-05,0.00011508471191064018,-0.0002836586740977509,-1.7498007537142257e-05,-7.744687767626602e-05,0.00011121848148377466,1.1369325693522115e-06,-7.720870875800756e-05,-2.131397553057468e-05,-2.89665364175562e-05,-1.240056978076609e-05,-2.741613003308885e-05,-0.00018321496084354295,-2.1278734911902576e-05,-1.1290090903912641e-05
728,0.01666495301995223,0.017117597192957638,0.017117597192957638,1.3927777085882554e-05,-0.00032539043102133294,4.808113039871387e-05,-7.654843612272089e-05,-3.5368428818856046e-05,-2.2619411829509773e-05,0.00011887210001532367,-0.00022285174375156203,-1.9954692279497978e-05,-0.0001124027620949164,6.7231666726002e-05,2.1467600299729382e-05,-9.01570882751912e-05,-3.4994022503269665e-05,-1.2952324000252702e-05,2.043003486960515e-05,-2.4371165745833424e-05,-5.2157727582198275e-05,5.3671680370825925e-06,7.561408729088726e-06
729,0.01666495301995223,0.0165455877473981,0.0165455877473981,0.0010086421284677273,-0.00035909821325958547,-6.006843341310742e-07,-7.980189699765106e-05,-2.6088771533068212e-05,-7.694960281696694e-06,0.00012552950893677918,-0.00021572918121819383,-1.6472106676701514e-05,-0.00012048690908841308,9.880547309421673e-05,6.853868103462446e-06,-4.821251359544476e-05,-2.2660211020593123e-05,-2.4930760141614882e-05,4.17898831938146e-05,-3.378911384061212e-05,-5.929906580149691e-05,-2.6903982338808418e-05,-2.86938421868399e-05
732,0.016811426648663138,0.01604105783580718,0.01604105783580718,-0.00017367344877357028,-0.0003075452125813172,-2.7473045233818992e-05,-1.9874963154506986e-05,-1.3620754384646715e-05,-4.995679453713819e-05,0.0003106555348449547,-0.00012124540971854003,-1.632711329875747e-05,-0.000537861771781536,0.00016451562532438402,-3.488633080451109e-05,-5.3696426693932156e-05,-2.9957375054436853e-05,-1.6074150216809358e-05,6.7119365576218116e-06,-2.3218286013388934e-05,-7.165046969475952e-05,-2.733847485615115e-05,-3.768618099911692e-05
733,0.016811426648663138,0.017891110123080402,0.017891110123080402,0.0014515028215282655,-0.0003108848204556125,-2.567827489656338e-05,-6.795627321025677e-06,-8.475899303448386e-06,-4.6513689062521736e-05,0.00029511098496868724,-0.00019670542455969554,8.57397542677063e-05,-0.0004919247317616282,3.4113429583158e-05,2.4648469752719394e-06,-4.8880471454140206e-05,-1.0878679436245875e-05,-1.789418873613613e-05,2.600048583190073e-07,-2.5129102283472093e-05,-7.855387070776487e-05,-1.9888371421075136e-05,-3.0298708047666878e-05
736,0.017021552571682787,0.017679695710378928,0.017679695710378928,0.00013224648331288335,-0.0003635834215765499,0.0001891743346277508,-3.734651165814285e-05,-5.1072209660105725e-05,-3.7795850903421523e-06,0.0003635125172422704,-3.7956610885885314e-05,6.983908734127909e-05,-0.0002541045934322028,4.599146023565481e-05,4.7860044960543744e-05,-8.57432431826055e-05,-7.983986879480654e-06,-2.323613534827018e-05,4.8353832553402754e-05,-9.928823078553251e-07,-7.458201514964457e-05,-4.550613760784472e-05,-1.0592811015612824e-05
737,0.017021552571682787,0.018527409952304775,0.018527409952304775,0.0010809495695366421,-0.0003533619230984186,0.00015590393667025637,-8.321428901581385e-05,-5.534731786156044e-05,1.2927728471368028e-05,0.0003507465854977454,-6.454239008235163e-05,8.949088637564274e-05,-0.00017943232081961467,4.3451869221371456e-05,4.1769571430450016e-05,-8.160890677118004e-05,-7.460134229404503e-06,-3.978677211307513e-05,4.026122654977371e-05,-4.465940968884752e-05,-8.773529767950095e-05,-4.710757519205799e-05,-5.25851199427052e-06
740,0.017274677556511072,0.019549703690347725,0.019549703690347725,0.0014737331969081424,-0.0003413952273513132,6.759463945854805e-05,-6.56081811189324e-05,-9.793056465241534e-06,-4.227480729241506e-05,0.00012857406496095792,-0.0001835647274549501,0.0001677682378976897,-5.556722571327555e-05,-3.4843390917558284e-05,0.00020671954331191955,-0.00010911235141179531,3.7405153852887453e-06,-1.2025810256091064e-05,-1.3396819999798027e-05,-3.667972610401193e-05,-4.995162446903123e-05,-2.5123746136159754e-05,1.0712953353504417e-05
741,0.017274677556511072,0.020387107351282727,0.020387107351282727,0.001545119072700345,-0.0003385518831146328,0.00024000913786949242,-6.37015416759823e-05,-8.5993890888858e-06,-2.965082556784182e-05,0.00012972404308584374,-0.00018199062254666386,0.00024209384835103265,-6.097492272601812e-05,-3.865820121973229e-05,0.00024400821660947259,-5.862496950726381e-05,4.3638907955028116e-05,-3.182821123118629e-05,-1.2248507982803857e-05,-4.1360737063769194e-05,-3.752004968191613e-05,-1.7200693200720707e-05,3.213123509340221e-06
744,0.01749535675898954,0.018361625449198702,0.018361625449198702,-0.00031067205990893855,-0.0003382045204352835,0.0002145738303397593,-8.656890583552012e-05,-4.305959755129152e-05,5.063441659331147e-05,-3.8080284989518985e-05,9.699959565523386e-05,0.0001481636181824797,-0.00012789151963715995,-9.065296289918478e-06,0.0002602954949338709,-0.00010357044282272909,0.00010001827790347306,0.0001451747141754822,-0.00012555441800259358,-2.757330542863201e-05,1.2369786963972728e-05,-5.026408562002871e-05,2.9744304569021552e-05
745,0.01749535675898954,0.018593164264609153,0.018593164264609153,-0.0002877413403166429,-0.00037706951179188763,0.0003657615892166177,-7.317194197639765e-05,-3.319847040074819e-05,0.0003230737990702437,-4.883110731952911e-05,8.361985799865579e-05,0.00015227982835313013,-0.0001434001582674682,-1.2991631515433254e-05,0.0002426391966287156,-7.924096396664027e-05,0.00014303974544873198,0.0001164164736269413,-0.00010107397863521329,-2.7310088876220105e-05,-0.0001022896757149283,-4.889477332540082e-05,0.00013840381096429154
748,0.01771481842330249,0.01883290318848475,0.01883290318848475,-0.0002663754528248319,-0.00027277360632069756,0.0002529333325492189,4.264391211677321e-05,-1.81288658768608e-05,0.0004068871337949531,-8.640320622816944e-05,-3.1282694635592634e-05,0.00023593987262302108,-6.57803523495204e-05,-9.033078923948778e-05,0.00014854781563371943,0.00014371165992088208,3.8568526715607735e-05,0.0002072722903903923,-5.430979389075219e-05,5.095455680248051e-05,-6.213114170805056e-05,-2.70500315582467e-05,0.0001952633272208004
749,0.01771481842330249,0.018461394296380704,0.018461394296380704,-0.00028778682969686996,-0.0003077467295224778,0.0002563790194062676,3.0491775000882625e-05,-1.8810571277754206e-05,0.0003220610350354036,-9.55628574865841e-05,-2.4860462099240975e-06,0.00022654444613635861,-7.450332696862461e-05,-9.088374223210849e-05,0.00017622333662075106,0.00013858871614957024,4.121920425404824e-05,0.000181981793457453,-8.513607909208076e-05,5.184522841091166e-05,-7.456702646777558e-05,-1.3995041376801964e-05,0.00017745386415981556
752,0.0178841675268904,0.016910346270898834,0.016910346270898834,-0.00035758268659265014,-0.0003795272980573827,-6.286235313837096e-05,-0.00012547150797672657,-7.340177336118359e-05,6.51228368997181e-05,-0.00011810766018925278,5.415786503363052e-05,2.570364800703828e-05,-8.652362035491023e-05,-2.38913391854112e-05,2.351505077967886e-05,-6.819354268031929e-05,5.169907818981301e-05,-3.0017704470992613e-05,-0.0001176292111267685,-4.278000741123833e-05,-3.3410641913178554e-06,-1.458976034200532e-05,0.00011087399286225264
753,0.0178841675268904,0.01685636412918548,0.01685636412918548,-0.00038904007497876593,-0.00041842415637347583,-0.00010878815710839262,-0.00012936733781316435,-7.899269442305013e-05,5.506619317202421e-05,-0.00012852860951397815,5.6611796426295766e-05,3.271295357990312e-05,-5.236315945239767e-05,-6.359057131248847e-06,5.233765446064353e-05,-0.00010624209361708382,4.156777625667019e-05,-1.6706774149497506e-05,-0.0001170783721272528,-4.060889139509527e-05,1.801538458721552e-05,-1.9100269514638056e-06,9.987257781176594e-05
756,0.017987040868250374,0.016584187839268544,0.016584187839268544,-0.0003274938060349086,-0.0002433197990330882,-4.861226229877502e-05,-6.073218037727202e-05,-4.495439843140048e-05,6.218088134119171e-05,-4.257854928255256e-05,-1.2199595498714189e-05,4.461867156351218e-06,-7.076969127410848e-05,-1.862737154624483e-05,-5.88348589076304e-05,-8.325926981797238e-05,-1.2374430457384734e-06,-2.993863781739492e-06,-0.00011514532686760504,-5.845037222570681e-05,9.289270141380257e-05,-4.283042408133042e-05,3.2286916025441313e-05
757,0.017987040868250374,0.016530717165760763,0.016530717165760763,-0.0003555519868632473,-0.0002284408936793625,0.00010076470330204757,-6.369676540543879e-05,-1.8898738403549942e-05,7.223694949516357e-05,-3.6718091041620934e-05,-4.751853913148807e-05,5.999957424137392e-05,-2.6034990701191417e-05,-1.1646294196907548e-05,-7.132253188729009e-05,-8.408987699112913e-05,8.633564839328755e-06,-3.2869337401280065e-05,-0.00012287379343433713,-5.998756734697963e-05,1.4834205539955292e-05,-4.2053135903188373e-05,3.218806565655541e-05
760,0.017961659786577443,0.01650777972792132,0.01650777972792132,-0.000278535089964862,-0.0002573772317145995,-0.00011349324132424954,-9.867347273029737e-05,-4.7104939189921426e-05,8.945080799094285e-06,1.633151305213687e-07,-0.00016413986559200567,-0.00013292638052917027,-5.6323946869270005e-05,3.886454828943897e-05,-9.579746132658329e-05,-0.00012314303716266296,2.446041494295059e-05,-4.738452902984136e-05,-0.00011720327770490258,-4.908986134523729e-05,1.765405742389703e-05,-4.355772729923047e-05,-2.191135422890511e-05
761,0.017961659786577443,0.01653338480627862,0.01653338480627862,-0.0002739123571041091,-0.00027626742797565385,-0.0001050505148305092,-8.070463274634676e-05,-4.544874341718241e-05,-1.0431081782371621e-05,7.479867304937216e-05,-0.00015816334436749457,3.856134662783006e-07,-4.884820112238231e-05,7.387139704405854e-05,4.11674147562735e-05,-0.00012052494264025882,1.6381815685235777e-05,-6.784389615859255e-05,-0.00010728424092121714,-4.444591936135112e-05,5.6064079626594324e-05,4.939695872963057e-06,-1.3872672848265211e-05
764,0.01789871415123623,0.016597021232221412,0.016597021232221412,-0.00030267700426520603,-0.00023073000481872442,-8.145151477947365e-05,-4.329483903802611e-05,-4.196817434149125e-05,-6.069622277209418e-06,0.00018864893109821424,-7.201998909295071e-05,-7.201762240129028e-05,-4.711567037929853e-05,2.651596869327477e-05,-6.104586762830877e-05,-0.0001454231381194404,-3.353942767716944e-05,-1.597244915956253e-05,-0.00012795569023637654,-5.593516526460007e-05,-2.6136400847462938e-05,-6.0757911919608885e-05,-3.237729081774887e-05
765,0.01789871415123623,0.016472947799500412,0.016472947799500412,-0.00032713496453652625,-0.00022486436082999717,-8.787451452008099e-05,-5.4697864443369325e-05,-6.134384665074322e-05,1.7857905049822876e-06,0.00022913413099558965,-6.779699448998144e-05,-2.006788716698793e-05,-5.216508254306973e-05,3.0105882333373303e-05,1.8738381568255137e-05,-0.0001254991670975869,-5.659689300955506e-05,-1.8629958813107805e-05,-6.144966339888925e-05,-6.99851349236269e-05,-1.6113207284433883e-05,-3.3045530271920144e-05,-5.3103568625374464e-05
768,0.017882389263575552,0.016124291446024275,0.016124291446024275,-0.00011951158352076163,-0.0002555807321664361,-9.028597788073966e-05,-3.2330890676348644e-05,-7.245388325827662e-05,-2.93569830364504e-05,0.00022751213691662997,-0.00012865278105437028,-8.107137806291575e-05,-1.1605085796873027e-05,3.979880794759083e-05,-0.00013887632198702704,-0.00014711809156779055,-4.9134416408378455e-05,-7.680233695737116e-05,6.8597425911320895e-06,-2.281754297655425e-05,-5.027168234164492e-05,-5.3180431380042136e-05,-2.8480263190431287e-05
769,0.017882389263575552,0.01798288680689371,0.01798288680689371,0.0017291180189477019,-0.0003096548308940328,-8.71150402326748e-05,-5.823582311222708e-05,-4.650930416573828e-05,-3.338123367029766e-05,0.00015783548965373484,-0.0001480147312304325,-3.499532044315856e-05,-5.874524523278524e-05,4.392928117340489e-05,0.00011054728663566493,-0.00011218816295695433,-1.698951163689344e-05,-6.964092033285851e-05,-3.0493886440581265e-05,-1.0738918363131233e-05,-4.139702590691741e-05,-5.1566605302468813e-05,-1.570170452851016e-05
772,0.01788019466133566,0.016667708878613054,0.016667708878613054,0.0003552380964765689,-0.00036120933121992494,-0.00012830263520982043,-8.296861517465004e-05,-4.2698089628174786e-05,-3.6449829717639656e-05,0.00012827533333620522,-0.00010564675664227252,-4.523529684774985e-05,-2.9704541084356606e-05,3.160523334372556e-05,-0.00010123583012045855,-0.00010614303996135277,-1.7487014588368766e-05,-6.139335587022287e-05,5.2490629400381295e-05,-3.493840242299484e-05,-1.401793468176038e-05,-5.58971494956495e-05,-5.296116270983475e-05
773,0.01788019466133566,0.017394911383293386,0.017394911383293386,0.0003574789376989429,-0.0003301563553759479,-0.00010300481139438489,-2.1285488292051013e-05,-1.1714823410784447e-05,-3.432498280744767e-05,0.0001324359453155921,-0.00010553708954830654,-5.7234941914430236e-05,-5.607763391935805e-05,-9.477183511990007e-06,-9.459250909003458e-05,-9.091730267755337e-05,-2.1516390961551225e-06,-5.136278704185315e-05,8.546836656478263e-05,-3.687083100885502e-05,-2.385568627687462e-05,-4.348037581621611e-05,-4.606777694789344e-05
776,0.017821953093040358,0.017382835638772007,0.017382835638772007,0.0003416842298338452,-0.00023182156536677212,-0.00012990449363087464,-6.413130990949867e-05,-1.113720664761786e-05,-4.690821011081425e-05,0.00016655144679134537,-7.155403852266318e-05,-0.0001462408328006859,-2.6722443403741637e-05,0.00022327347239297523,-7.392498582930784e-05,-0.000105976524896505,-1.3052776769200136e-05,-3.671156619020621e-05,9.862526923370751e-05,1.4717151093464054e-05,-5.1061824042335505e-05,-2.369899527366215e-05,-5.2285387002939384e-05
777,0.017821953093040358,0.017181793370743433,0.017181793370743433,0.0001634991601895308,-0.0001978124610377563,-0.0001143541067381193,-6.294171857007313e-05,2.5946806999854744e-06,-4.7136666444203e-05,0.0002175225416340254,-4.2860923022089994e-05,-0.00018151395438962937,-1.6051986804086483e-05,0.00016621311479866563,-5.4889478501536357e-05,-0.00010468788963862607,-2.677052669241675e-05,-4.479227683987119e-05,9.45176980121687e-05,3.69446623813019e-05,-5.545345105474553e-05,-5.448580031952588e-05,-3.6314805354322746e-05
780,0.017883345232384634,0.017179688253674892,0.017179688253674892,0.00019137526511713075,-0.0002746122796634154,-7.583233543755341e-05,-4.368684996279626e-05,-2.0316895925134303e-05,-2.167426336200151e-05,0.00017686479071016948,-0.00013221750722550496,-5.138760526278929e-05,-6.4777912666613704e-06,9.210160802467726e-05,-2.8593453007488277e-05,-0.00012415201232215622,-5.2600442645598375e-05,-6.105711523105129e-05,2.067247266040795e-05,-5.8945879077327844e-05,-2.650988258210418e-05,-2.754449071517229e-05,-4.030996854453406e-05
781,0.017883345232384634,0.018002943162272092,0.018002943162272092,0.000836454235900419,-0.0002927602053796363,-8.385359183193941e-05,-1.4921611746103735e-05,-2.530241273234424e-05,-2.382197088081739e-05,0.00021059315527509172,-0.00016754568292981275,-4.484824637984275e-05,-9.43430789084232e-05,7.668762444154709e-05,-8.02916436441592e-06,-0.0001215132651532258,-4.830169917568128e-05,-6.245754955216398e-05,4.308841843794653e-05,-3.0256289664976067e-05,-1.1623273458098993e-05,-2.187939185432697e-05,-3.134635010610509e-05
784,0.017973053085139242,0.0185386185535619,0.0185386185535619,-0.00016258540915714548,-0.00012342815270358187,-1.6701788754289738e-05,-3.30103422652428e-05,-5.7805129890766694e-05,-1.302917016801075e-05,0.0002391019158767449,-5.635748260374385e-05,-2.3030941310935304e-05,-2.6538347924542904e-05,7.789177858285257e-05,-4.395616024339688e-05,-6.352240156957124e-05,-3.0747142800464645e-05,-4.287918455247564e-05,0.00013133182654200936,-9.817072586884023e-05,4.080417673776537e-05,-6.168582565805991e-05,-6.341044531836815e-06
785,0.017973053085139242,0.017686821888316395,0.017686821888316395,0.00012415973370025313,-0.00013305764980486856,4.9615436910244175e-06,-5.559344725497795e-05,-0.00011073386854604906,1.0749897232926742e-05,0.0002255131388483278,-7.517008970808092e-05,-5.2934341733816834e-05,-2.5858582571345323e-05,5.3571444600493126e-05,-5.608469602520927e-05,-6.539822305057897e-05,-4.9284118031209804e-05,-6.242030045541469e-05,4.418861773501703e-05,-8.182659434169181e-05,3.056427432511555e-05,-5.559024559715908e-05,-1.530328047920193e-05
788,0.018022986895524232,0.01736445735532667,0.01736445735532667,4.279454137758876e-06,-9.744451615461003e-05,-2.319490928130108e-05,-9.910212497743487e-05,-0.00011582667768379906,-9.086500904231798e-06,0.0001689851852142965,-9.005960179365501e-05,6.345461533783237e-06,-1.5612531412898534e-05,3.9990858276723884e-05,-2.055381692116498e-05,-8.055044080720109e-05,-3.849423013889464e-05,9.905495009661536e-05,-4.8418670467071933e-05,-7.89094495576137e-05,-1.563112115036347e-05,-2.4221159624175925e-05,-6.642080602432543e-06
789,0.018022986895524232,0.0183350494036854,0.0183350494036854,0.0003239217926420679,-9.734358453897585e-05,3.137290090307943e-05,-0.00011503452139550064,-0.00011818000025868969,-9.188408712361707e-06,0.00017379027066454,-7.945715135974751e-05,7.588374755869154e-06,-6.350528339453376e-05,6.948370172722206e-05,7.670792148019245e-05,-9.217574785452598e-05,8.058246939981473e-06,0.0001307923184504034,-0.00010326994598472083,-7.718055165241822e-05,-9.742696965986397e-06,-3.057908532355214e-05,-4.2195764262942246e-06
792,0.018009832042267134,0.01774229184640698,0.01774229184640698,0.001121159490730861,-0.0001433499047652731,-7.958603181577928e-05,-0.00010023993429513212,-6.153053656134943e-05,-4.027263077659882e-05,0.0002131951235514862,-0.00013450290971832147,-9.400133472809103e-05,-4.192638244148839e-05,0.00014476383518740476,-5.728452478251711e-05,-0.00011693374484821106,-2.660971676959889e-06,-3.305136138806119e-05,-0.00014046441803657216,-0.00010820124922247487,9.969632651518622e-07,-5.269448717172054e-05,-2.0338678041298406e-06
793,0.018009832042267134,0.017777230066041504,0.017777230066041504,0.0011240187709518068,-0.0001173240909974993,-7.894992959336377e-05,-0.00010673614302959322,-5.95997984510177e-05,-3.3404978512407976e-05,0.00019366274773801706,-0.00011141400574615545,-8.508834967415169e-05,-3.957785990223783e-05,0.00014973668118273053,-3.592324705095962e-05,-0.00012929058510962932,-3.277084603723779e-05,-1.88855262058496e-05,-0.00016637721686493023,-0.00011278022868282277,1.2677154188622808e-05,-5.2577322740035016e-05,-4.770727939558128e-06
796,0.018146063211180587,0.016513886968511127,0.016513886968511127,-0.00022227924619073748,-0.00019400622278226365,-5.522673468476569e-05,-0.00010485742994205794,-8.974356920589344e-05,-8.335371885550558e-06,7.766090262521174e-05,-3.8084413199612756e-06,-2.0102693706576247e-05,-2.8535054643725743e-05,2.5956729245990573e-05,-4.0556242947786816e-05,-0.000196099681306805,-4.75137636249201e-05,-9.872826658465784e-06,-0.0002125131228058308,-0.00013561971623403225,-6.501009765997878e-05,-0.00011289916361420182,-5.1733899272221604e-05
797,0.018146063211180587,0.016735447206070928,0.016735447206070928,-0.00021396050809016742,-0.0001950889777890552,-5.462633566821751e-05,-0.00010260321575515263,-9.63117730225349e-05,-9.557448765917798e-06,1.763517291237804e-05,-1.4709500621847838e-05,-1.0680924660846358e-05,-1.9807278767984826e-05,1.2534310098999412e-05,-6.967820931095048e-05,-0.00015791774902481847,-5.4388506018767654e-05,-4.37404044532741e-06,-0.00020618953537450578,-0.00012187939078103227,-2.7563230883060897e-05,-9.80171421997511e-05,-4.185904244877747e-05
800,0.018198397818405695,0.016210218147665087,0.016210218147665087,-0.00022291945785582357,-0.0001819660860201111,-6.394012944383576e-05,-0.00017759918637239025,-7.069670701639552e-05,-3.826893907444173e-05,-0.00010226222305846022,-7.176097760748234e-06,-6.401186079528998e-05,-6.760413542906462e-05,1.6556134269194445e-05,-9.076213360003748e-05,-0.00013239972234032393,-4.0657516551618754e-05,-4.560388428217266e-05,-0.00016402376166297473,-0.00010793682707117114,5.886912936148292e-06,-8.274252566479845e-05,-3.520813356317376e-05
801,0.018198397818405695,0.01644965873431703,0.01644965873431703,-0.00019488785990688485,-0.00012049705064782756,-0.00010541889989781338,-0.00015712413207438658,-7.128733499484951e-05,-3.290935679160611e-05,-0.00010308784890185052,5.951065668341471e-06,-7.268433534591168e-05,-2.6401840477774387e-05,-1.1319082768750376e-05,-7.729399598702002e-05,-0.00011594673055924432,-4.256845017607702e-05,-2.535626147619041e-05,-2.9980864846947954e-05,-0.00010492256427824031,4.70118269277009e-06,-8.443415954388911e-05,-3.9487261306021536e-05
804,0.018278726504717888,0.016374584073290604,0.016374584073290604,-0.00021924868141468324,-0.00011364460210643302,-8.320715099216614e-05,-0.0001592382755802646,-8.016547307761357e-05,-1.8172943891840988e-05,-0.0001482011634675473,-2.0795051718778267e-05,-6.693386419101443e-05,1.5812360466043174e-05,-3.5403321744524875e-05,-3.0044093855394748e-05,-7.57736702416878e-05,-3.662746334157419e-05,-3.132415508844133e-05,2.1357817349780816e-05,1.3145436205377337e-05,-2.591001918517577e-05,2.316722461273457e-05,-3.0515550688505754e-05
805,0.018278726504717888,0.016885379832205685,0.016885379832205685,-0.0002219362794266999,-0.00012392873681164927,-9.630257687149425e-05,-0.00014561552450686576,-8.093490267356173e-05,-3.785127680203004e-05,-0.00015127290057762366,-2.02054917622263e-05,-6.525496210088022e-05,1.1451925875007874e-05,-3.475747142147156e-05,-2.400737522293639e-05,-5.811321972032602e-05,-4.6837005493216564e-05,-1.8392258361927815e-05,7.0378060117946e-05,1.9761495677812492e-05,-2.4470519492751918e-05,2.5470787986705544e-05,-3.843750628220732e-06
808,0.018379674674495517,0.016329680666966905,0.016329680666966905,-0.0002932854911432514,-0.00010682674317649799,-0.00010500777295192166,-0.00021557468556693493,-9.978397859413235e-05,-3.396766375317384e-05,8.9778519511583e-05,-7.334356930414287e-05,-5.6330357410843134e-05,-1.9495604101393836e-05,4.130368806727347e-05,-8.630406374322774e-05,-7.885275228090904e-05,-3.942249317788083e-05,-4.835041141632246e-05,2.9077668280024227e-05,-8.449416294752155e-05,-2.0441754872990715e-05,-4.060032101278921e-05,-4.895852745676166e-05
809,0.018379674674495517,0.01649414586770251,0.01649414586770251,-0.0003129601829505191,-0.00010660110513981636,-0.00010935484342326162,-0.00020446113115667685,-0.00010345001612222405,-6.503976197109296e-05,0.00011101725404159879,-6.974053477279085e-05,-5.0064225315509245e-05,-1.1268209800618933e-05,4.762091133670765e-05,-8.360784195701854e-05,-7.017498634468211e-05,-3.8595802384406855e-05,-4.759110261147726e-05,3.991304394958206e-05,-8.124975359351083e-05,-2.6300659374101088e-05,-3.341562746300042e-05,-3.405033147373615e-05
812,0.01852539347951512,0.016211290208421693,0.016211290208421693,-0.0002715760797809708,-0.00017684969900074064,-0.00012042622170156392,-7.583782244637405e-05,-7.992512290002196e-05,-9.25084404707377e-05,4.734389801797079e-05,-0.00011707133006439108,-8.415943908403278e-05,-3.6210649927852504e-05,6.79762650270277e-05,-0.00016861510381204424,0.00023294805562727562,-3.5274677256893485e-05,-5.28632286886932e-05,-0.000104625707976993,0.00012124742419473477,-4.05047794629354e-06,5.282298969632393e-05,-3.122889353107894e-05
813,0.01852539347951512,0.017939944380868406,0.017939944380868406,-0.0002572946367672557,-0.00017440930385419052,-0.0001029931194625533,0.0006239758987067035,6.135827788966708e-07,-9.312503033015673e-05,2.803116743962164e-05,-8.772159700811244e-05,-5.4251709534582916e-05,-2.3280828759197903e-05,9.768686701136175e-05,-0.00012309232529787552,0.0002427150653784338,-3.0542171889464955e-05,-4.7580456034665985e-05,-8.915454797715938e-05,0.00030639112037988525,-7.300654224309255e-06,0.000247855285483638,-2.7209852173655236e-05
