n_selected,selection_method,selection_reused,test_dates,test_end,test_end_date,test_start,test_start_date,train_end,train_end_date,train_start,train_start_date,window_id,selected_feature
13,bsr,False,2013-04-08T00:00:00,209,2013-04-08T00:00:00,208,2013-04-08T00:00:00,208,2013-04-01T00:00:00,0,2009-04-13T00:00:00,0,wheat_weekly_rv
13,bsr,False,2013-04-08T00:00:00,209,2013-04-08T00:00:00,208,2013-04-08T00:00:00,208,2013-04-01T00:00:00,0,2009-04-13T00:00:00,0,wheat_monthly_rv
13,bsr,False,2013-04-08T00:00:00,209,2013-04-08T00:00:00,208,2013-04-08T00:00:00,208,2013-04-01T00:00:00,0,2009-04-13T00:00:00,0,wheat_seasonal_rv
13,bsr,False,2013-04-08T00:00:00,209,2013-04-08T00:00:00,208,2013-04-08T00:00:00,208,2013-04-01T00:00:00,0,2009-04-13T00:00:00,0,corn_weekly_rv
13,bsr,False,2013-04-08T00:00:00,209,2013-04-08T00:00:00,208,2013-04-08T00:00:00,208,2013-04-01T00:00:00,0,2009-04-13T00:00:00,0,soybeans_weekly_rv
13,bsr,False,2013-04-08T00:00:00,209,2013-04-08T00:00:00,208,2013-04-08T00:00:00,208,2013-04-01T00:00:00,0,2009-04-13T00:00:00,0,SOI_index
13,bsr,False,2013-04-08T00:00:00,209,2013-04-08T00:00:00,208,2013-04-08T00:00:00,208,2013-04-01T00:00:00,0,2009-04-13T00:00:00,0,tmax_hot_in_planting
13,bsr,False,2013-04-08T00:00:00,209,2013-04-08T00:00:00,208,2013-04-08T00:00:00,208,2013-04-01T00:00:00,0,2009-04-13T00:00:00,0,tmin_cold_in_planting
13,bsr,False,2013-04-08T00:00:00,209,2013-04-08T00:00:00,208,2013-04-08T00:00:00,208,2013-04-01T00:00:00,0,2009-04-13T00:00:00,0,tmin_very_cold_in_planting
13,bsr,False,2013-04-08T00:00:00,209,2013-04-08T00:00:00,208,2013-04-08T00:00:00,208,2013-04-01T00:00:00,0,2009-04-13T00:00:00,0,spi_7d_extreme_dry_in_planting
13,bsr,False,2013-04-08T00:00:00,209,2013-04-08T00:00:00,208,2013-04-08T00:00:00,208,2013-04-01T00:00:00,0,2009-04-13T00:00:00,0,pdsi_very_wet_in_harvesting
13,bsr,False,2013-04-08T00:00:00,209,2013-04-08T00:00:00,208,2013-04-08T00:00:00,208,2013-04-01T00:00:00,0,2009-04-13T00:00:00,0,pdsi_extreme_drought_in_harvesting
13,bsr,False,2013-04-08T00:00:00,209,2013-04-08T00:00:00,208,2013-04-08T00:00:00,208,2013-04-01T00:00:00,0,2009-04-13T00:00:00,0,pdsi_severe_drought_in_planting
13,bsr,True,2013-05-06T00:00:00,213,2013-05-06T00:00:00,212,2013-05-06T00:00:00,212,2013-04-29T00:00:00,0,2009-04-13T00:00:00,1,wheat_weekly_rv
13,bsr,True,2013-05-06T00:00:00,213,2013-05-06T00:00:00,212,2013-05-06T00:00:00,212,2013-04-29T00:00:00,0,2009-04-13T00:00:00,1,wheat_monthly_rv
13,bsr,True,2013-05-06T00:00:00,213,2013-05-06T00:00:00,212,2013-05-06T00:00:00,212,2013-04-29T00:00:00,0,2009-04-13T00:00:00,1,wheat_seasonal_rv
13,bsr,True,2013-05-06T00:00:00,213,2013-05-06T00:00:00,212,2013-05-06T00:00:00,212,2013-04-29T00:00:00,0,2009-04-13T00:00:00,1,corn_weekly_rv
13,bsr,True,2013-05-06T00:00:00,213,2013-05-06T00:00:00,212,2013-05-06T00:00:00,212,2013-04-29T00:00:00,0,2009-04-13T00:00:00,1,soybeans_weekly_rv
13,bsr,True,2013-05-06T00:00:00,213,2013-05-06T00:00:00,212,2013-05-06T00:00:00,212,2013-04-29T00:00:00,0,2009-04-13T00:00:00,1,SOI_index
13,bsr,True,2013-05-06T00:00:00,213,2013-05-06T00:00:00,212,2013-05-06T00:00:00,212,2013-04-29T00:00:00,0,2009-04-13T00:00:00,1,tmax_hot_in_planting
13,bsr,True,2013-05-06T00:00:00,213,2013-05-06T00:00:00,212,2013-05-06T00:00:00,212,2013-04-29T00:00:00,0,2009-04-13T00:00:00,1,tmin_cold_in_planting
13,bsr,True,2013-05-06T00:00:00,213,2013-05-06T00:00:00,212,2013-05-06T00:00:00,212,2013-04-29T00:00:00,0,2009-04-13T00:00:00,1,tmin_very_cold_in_planting
13,bsr,True,2013-05-06T00:00:00,213,2013-05-06T00:00:00,212,2013-05-06T00:00:00,212,2013-04-29T00:00:00,0,2009-04-13T00:00:00,1,spi_7d_extreme_dry_in_planting
13,bsr,True,2013-05-06T00:00:00,213,2013-05-06T00:00:00,212,2013-05-06T00:00:00,212,2013-04-29T00:00:00,0,2009-04-13T00:00:00,1,pdsi_very_wet_in_harvesting
13,bsr,True,2013-05-06T00:00:00,213,2013-05-06T00:00:00,212,2013-05-06T00:00:00,212,2013-04-29T00:00:00,0,2009-04-13T00:00:00,1,pdsi_extreme_drought_in_harvesting
13,bsr,True,2013-05-06T00:00:00,213,2013-05-06T00:00:00,212,2013-05-06T00:00:00,212,2013-04-29T00:00:00,0,2009-04-13T00:00:00,1,pdsi_severe_drought_in_planting
13,bsr,True,2013-06-03T00:00:00,217,2013-06-03T00:00:00,216,2013-06-03T00:00:00,216,2013-05-27T00:00:00,0,2009-04-13T00:00:00,2,wheat_weekly_rv
13,bsr,True,2013-06-03T00:00:00,217,2013-06-03T00:00:00,216,2013-06-03T00:00:00,216,2013-05-27T00:00:00,0,2009-04-13T00:00:00,2,wheat_monthly_rv
13,bsr,True,2013-06-03T00:00:00,217,2013-06-03T00:00:00,216,2013-06-03T00:00:00,216,2013-05-27T00:00:00,0,2009-04-13T00:00:00,2,wheat_seasonal_rv
13,bsr,True,2013-06-03T00:00:00,217,2013-06-03T00:00:00,216,2013-06-03T00:00:00,216,2013-05-27T00:00:00,0,2009-04-13T00:00:00,2,corn_weekly_rv
13,bsr,True,2013-06-03T00:00:00,217,2013-06-03T00:00:00,216,2013-06-03T00:00:00,216,2013-05-27T00:00:00,0,2009-04-13T00:00:00,2,soybeans_weekly_rv
13,bsr,True,2013-06-03T00:00:00,217,2013-06-03T00:00:00,216,2013-06-03T00:00:00,216,2013-05-27T00:00:00,0,2009-04-13T00:00:00,2,SOI_index
13,bsr,True,2013-06-03T00:00:00,217,2013-06-03T00:00:00,216,2013-06-03T00:00:00,216,2013-05-27T00:00:00,0,2009-04-13T00:00:00,2,tmax_hot_in_planting
13,bsr,True,2013-06-03T00:00:00,217,2013-06-03T00:00:00,216,2013-06-03T00:00:00,216,2013-05-27T00:00:00,0,2009-04-13T00:00:00,2,tmin_cold_in_planting
13,bsr,True,2013-06-03T00:00:00,217,2013-06-03T00:00:00,216,2013-06-03T00:00:00,216,2013-05-27T00:00:00,0,2009-04-13T00:00:00,2,tmin_very_cold_in_planting
13,bsr,True,2013-06-03T00:00:00,217,2013-06-03T00:00:00,216,2013-06-03T00:00:00,216,2013-05-27T00:00:00,0,2009-04-13T00:00:00,2,spi_7d_extreme_dry_in_planting
13,bsr,True,2013-06-03T00:00:00,217,2013-06-03T00:00:00,216,2013-06-03T00:00:00,216,2013-05-27T00:00:00,0,2009-04-13T00:00:00,2,pdsi_very_wet_in_harvesting
13,bsr,True,2013-06-03T00:00:00,217,2013-06-03T00:00:00,216,2013-06-03T00:00:00,216,2013-05-27T00:00:00,0,2009-04-13T00:00:00,2,pdsi_extreme_drought_in_harvesting
13,bsr,True,2013-06-03T00:00:00,217,2013-06-03T00:00:00,216,2013-06-03T00:00:00,216,2013-05-27T00:00:00,0,2009-04-13T00:00:00,2,pdsi_severe_drought_in_planting
13,bsr,True,2013-07-01T00:00:00,221,2013-07-01T00:00:00,220,2013-07-01T00:00:00,220,2013-06-24T00:00:00,0,2009-04-13T00:00:00,3,wheat_weekly_rv
13,bsr,True,2013-07-01T00:00:00,221,2013-07-01T00:00:00,220,2013-07-01T00:00:00,220,2013-06-24T00:00:00,0,2009-04-13T00:00:00,3,wheat_monthly_rv
13,bsr,True,2013-07-01T00:00:00,221,2013-07-01T00:00:00,220,2013-07-01T00:00:00,220,2013-06-24T00:00:00,0,2009-04-13T00:00:00,3,wheat_seasonal_rv
13,bsr,True,2013-07-01T00:00:00,221,2013-07-01T00:00:00,220,2013-07-01T00:00:00,220,2013-06-24T00:00:00,0,2009-04-13T00:00:00,3,corn_weekly_rv
13,bsr,True,2013-07-01T00:00:00,221,2013-07-01T00:00:00,220,2013-07-01T00:00:00,220,2013-06-24T00:00:00,0,2009-04-13T00:00:00,3,soybeans_weekly_rv
13,bsr,True,2013-07-01T00:00:00,221,2013-07-01T00:00:00,220,2013-07-01T00:00:00,220,2013-06-24T00:00:00,0,2009-04-13T00:00:00,3,SOI_index
13,bsr,True,2013-07-01T00:00:00,221,2013-07-01T00:00:00,220,2013-07-01T00:00:00,220,2013-06-24T00:00:00,0,2009-04-13T00:00:00,3,tmax_hot_in_planting
13,bsr,True,2013-07-01T00:00:00,221,2013-07-01T00:00:00,220,2013-07-01T00:00:00,220,2013-06-24T00:00:00,0,2009-04-13T00:00:00,3,tmin_cold_in_planting
13,bsr,True,2013-07-01T00:00:00,221,2013-07-01T00:00:00,220,2013-07-01T00:00:00,220,2013-06-24T00:00:00,0,2009-04-13T00:00:00,3,tmin_very_cold_in_planting
13,bsr,True,2013-07-01T00:00:00,221,2013-07-01T00:00:00,220,2013-07-01T00:00:00,220,2013-06-24T00:00:00,0,2009-04-13T00:00:00,3,spi_7d_extreme_dry_in_planting
13,bsr,True,2013-07-01T00:00:00,221,2013-07-01T00:00:00,220,2013-07-01T00:00:00,220,2013-06-24T00:00:00,0,2009-04-13T00:00:00,3,pdsi_very_wet_in_harvesting
13,bsr,True,2013-07-01T00:00:00,221,2013-07-01T00:00:00,220,2013-07-01T00:00:00,220,2013-06-24T00:00:00,0,2009-04-13T00:00:00,3,pdsi_extreme_drought_in_harvesting
13,bsr,True,2013-07-01T00:00:00,221,2013-07-01T00:00:00,220,2013-07-01T00:00:00,220,2013-06-24T00:00:00,0,2009-04-13T00:00:00,3,pdsi_severe_drought_in_planting
13,bsr,True,2013-07-29T00:00:00,225,2013-07-29T00:00:00,224,2013-07-29T00:00:00,224,2013-07-22T00:00:00,0,2009-04-13T00:00:00,4,wheat_weekly_rv
13,bsr,True,2013-07-29T00:00:00,225,2013-07-29T00:00:00,224,2013-07-29T00:00:00,224,2013-07-22T00:00:00,0,2009-04-13T00:00:00,4,wheat_monthly_rv
13,bsr,True,2013-07-29T00:00:00,225,2013-07-29T00:00:00,224,2013-07-29T00:00:00,224,2013-07-22T00:00:00,0,2009-04-13T00:00:00,4,wheat_seasonal_rv
13,bsr,True,2013-07-29T00:00:00,225,2013-07-29T00:00:00,224,2013-07-29T00:00:00,224,2013-07-22T00:00:00,0,2009-04-13T00:00:00,4,corn_weekly_rv
13,bsr,True,2013-07-29T00:00:00,225,2013-07-29T00:00:00,224,2013-07-29T00:00:00,224,2013-07-22T00:00:00,0,2009-04-13T00:00:00,4,soybeans_weekly_rv
13,bsr,True,2013-07-29T00:00:00,225,2013-07-29T00:00:00,224,2013-07-29T00:00:00,224,2013-07-22T00:00:00,0,2009-04-13T00:00:00,4,SOI_index
13,bsr,True,2013-07-29T00:00:00,225,2013-07-29T00:00:00,224,2013-07-29T00:00:00,224,2013-07-22T00:00:00,0,2009-04-13T00:00:00,4,tmax_hot_in_planting
13,bsr,True,2013-07-29T00:00:00,225,2013-07-29T00:00:00,224,2013-07-29T00:00:00,224,2013-07-22T00:00:00,0,2009-04-13T00:00:00,4,tmin_cold_in_planting
13,bsr,True,2013-07-29T00:00:00,225,2013-07-29T00:00:00,224,2013-07-29T00:00:00,224,2013-07-22T00:00:00,0,2009-04-13T00:00:00,4,tmin_very_cold_in_planting
13,bsr,True,2013-07-29T00:00:00,225,2013-07-29T00:00:00,224,2013-07-29T00:00:00,224,2013-07-22T00:00:00,0,2009-04-13T00:00:00,4,spi_7d_extreme_dry_in_planting
13,bsr,True,2013-07-29T00:00:00,225,2013-07-29T00:00:00,224,2013-07-29T00:00:00,224,2013-07-22T00:00:00,0,2009-04-13T00:00:00,4,pdsi_very_wet_in_harvesting
13,bsr,True,2013-07-29T00:00:00,225,2013-07-29T00:00:00,224,2013-07-29T00:00:00,224,2013-07-22T00:00:00,0,2009-04-13T00:00:00,4,pdsi_extreme_drought_in_harvesting
13,bsr,True,2013-07-29T00:00:00,225,2013-07-29T00:00:00,224,2013-07-29T00:00:00,224,2013-07-22T00:00:00,0,2009-04-13T00:00:00,4,pdsi_severe_drought_in_planting
13,bsr,True,2013-08-26T00:00:00,229,2013-08-26T00:00:00,228,2013-08-26T00:00:00,228,2013-08-19T00:00:00,0,2009-04-13T00:00:00,5,wheat_weekly_rv
13,bsr,True,2013-08-26T00:00:00,229,2013-08-26T00:00:00,228,2013-08-26T00:00:00,228,2013-08-19T00:00:00,0,2009-04-13T00:00:00,5,wheat_monthly_rv
13,bsr,True,2013-08-26T00:00:00,229,2013-08-26T00:00:00,228,2013-08-26T00:00:00,228,2013-08-19T00:00:00,0,2009-04-13T00:00:00,5,wheat_seasonal_rv
13,bsr,True,2013-08-26T00:00:00,229,2013-08-26T00:00:00,228,2013-08-26T00:00:00,228,2013-08-19T00:00:00,0,2009-04-13T00:00:00,5,corn_weekly_rv
13,bsr,True,2013-08-26T00:00:00,229,2013-08-26T00:00:00,228,2013-08-26T00:00:00,228,2013-08-19T00:00:00,0,2009-04-13T00:00:00,5,soybeans_weekly_rv
13,bsr,True,2013-08-26T00:00:00,229,2013-08-26T00:00:00,228,2013-08-26T00:00:00,228,2013-08-19T00:00:00,0,2009-04-13T00:00:00,5,SOI_index
13,bsr,True,2013-08-26T00:00:00,229,2013-08-26T00:00:00,228,2013-08-26T00:00:00,228,2013-08-19T00:00:00,0,2009-04-13T00:00:00,5,tmax_hot_in_planting
13,bsr,True,2013-08-26T00:00:00,229,2013-08-26T00:00:00,228,2013-08-26T00:00:00,228,2013-08-19T00:00:00,0,2009-04-13T00:00:00,5,tmin_cold_in_planting
13,bsr,True,2013-08-26T00:00:00,229,2013-08-26T00:00:00,228,2013-08-26T00:00:00,228,2013-08-19T00:00:00,0,2009-04-13T00:00:00,5,tmin_very_cold_in_planting
13,bsr,True,2013-08-26T00:00:00,229,2013-08-26T00:00:00,228,2013-08-26T00:00:00,228,2013-08-19T00:00:00,0,2009-04-13T00:00:00,5,spi_7d_extreme_dry_in_planting
13,bsr,True,2013-08-26T00:00:00,229,2013-08-26T00:00:00,228,2013-08-26T00:00:00,228,2013-08-19T00:00:00,0,2009-04-13T00:00:00,5,pdsi_very_wet_in_harvesting
13,bsr,True,2013-08-26T00:00:00,229,2013-08-26T00:00:00,228,2013-08-26T00:00:00,228,2013-08-19T00:00:00,0,2009-04-13T00:00:00,5,pdsi_extreme_drought_in_harvesting
13,bsr,True,2013-08-26T00:00:00,229,2013-08-26T00:00:00,228,2013-08-26T00:00:00,228,2013-08-19T00:00:00,0,2009-04-13T00:00:00,5,pdsi_severe_drought_in_planting
13,bsr,True,2013-09-23T00:00:00,233,2013-09-23T00:00:00,232,2013-09-23T00:00:00,232,2013-09-16T00:00:00,0,2009-04-13T00:00:00,6,wheat_weekly_rv
13,bsr,True,2013-09-23T00:00:00,233,2013-09-23T00:00:00,232,2013-09-23T00:00:00,232,2013-09-16T00:00:00,0,2009-04-13T00:00:00,6,wheat_monthly_rv
13,bsr,True,2013-09-23T00:00:00,233,2013-09-23T00:00:00,232,2013-09-23T00:00:00,232,2013-09-16T00:00:00,0,2009-04-13T00:00:00,6,wheat_seasonal_rv
13,bsr,True,2013-09-23T00:00:00,233,2013-09-23T00:00:00,232,2013-09-23T00:00:00,232,2013-09-16T00:00:00,0,2009-04-13T00:00:00,6,corn_weekly_rv
13,bsr,True,2013-09-23T00:00:00,233,2013-09-23T00:00:00,232,2013-09-23T00:00:00,232,2013-09-16T00:00:00,0,2009-04-13T00:00:00,6,soybeans_weekly_rv
13,bsr,True,2013-09-23T00:00:00,233,2013-09-23T00:00:00,232,2013-09-23T00:00:00,232,2013-09-16T00:00:00,0,2009-04-13T00:00:00,6,SOI_index
13,bsr,True,2013-09-23T00:00:00,233,2013-09-23T00:00:00,232,2013-09-23T00:00:00,232,2013-09-16T00:00:00,0,2009-04-13T00:00:00,6,tmax_hot_in_planting
13,bsr,True,2013-09-23T00:00:00,233,2013-09-23T00:00:00,232,2013-09-23T00:00:00,232,2013-09-16T00:00:00,0,2009-04-13T00:00:00,6,tmin_cold_in_planting
13,bsr,True,2013-09-23T00:00:00,233,2013-09-23T00:00:00,232,2013-09-23T00:00:00,232,2013-09-16T00:00:00,0,2009-04-13T00:00:00,6,tmin_very_cold_in_planting
13,bsr,True,2013-09-23T00:00:00,233,2013-09-23T00:00:00,232,2013-09-23T00:00:00,232,2013-09-16T00:00:00,0,2009-04-13T00:00:00,6,spi_7d_extreme_dry_in_planting
13,bsr,True,2013-09-23T00:00:00,233,2013-09-23T00:00:00,232,2013-09-23T00:00:00,232,2013-09-16T00:00:00,0,2009-04-13T00:00:00,6,pdsi_very_wet_in_harvesting
13,bsr,True,2013-09-23T00:00:00,233,2013-09-23T00:00:00,232,2013-09-23T00:00:00,232,2013-09-16T00:00:00,0,2009-04-13T00:00:00,6,pdsi_extreme_drought_in_harvesting
13,bsr,True,2013-09-23T00:00:00,233,2013-09-23T00:00:00,232,2013-09-23T00:00:00,232,2013-09-16T00:00:00,0,2009-04-13T00:00:00,6,pdsi_severe_drought_in_planting
13,bsr,True,2013-10-21T00:00:00,237,2013-10-21T00:00:00,236,2013-10-21T00:00:00,236,2013-10-14T00:00:00,0,2009-04-13T00:00:00,7,wheat_weekly_rv
13,bsr,True,2013-10-21T00:00:00,237,2013-10-21T00:00:00,236,2013-10-21T00:00:00,236,2013-10-14T00:00:00,0,2009-04-13T00:00:00,7,wheat_monthly_rv
13,bsr,True,2013-10-21T00:00:00,237,2013-10-21T00:00:00,236,2013-10-21T00:00:00,236,2013-10-14T00:00:00,0,2009-04-13T00:00:00,7,wheat_seasonal_rv
13,bsr,True,2013-10-21T00:00:00,237,2013-10-21T00:00:00,236,2013-10-21T00:00:00,236,2013-10-14T00:00:00,0,2009-04-13T00:00:00,7,corn_weekly_rv
13,bsr,True,2013-10-21T00:00:00,237,2013-10-21T00:00:00,236,2013-10-21T00:00:00,236,2013-10-14T00:00:00,0,2009-04-13T00:00:00,7,soybeans_weekly_rv
13,bsr,True,2013-10-21T00:00:00,237,2013-10-21T00:00:00,236,2013-10-21T00:00:00,236,2013-10-14T00:00:00,0,2009-04-13T00:00:00,7,SOI_index
13,bsr,True,2013-10-21T00:00:00,237,2013-10-21T00:00:00,236,2013-10-21T00:00:00,236,2013-10-14T00:00:00,0,2009-04-13T00:00:00,7,tmax_hot_in_planting
13,bsr,True,2013-10-21T00:00:00,237,2013-10-21T00:00:00,236,2013-10-21T00:00:00,236,2013-10-14T00:00:00,0,2009-04-13T00:00:00,7,tmin_cold_in_planting
13,bsr,True,2013-10-21T00:00:00,237,2013-10-21T00:00:00,236,2013-10-21T00:00:00,236,2013-10-14T00:00:00,0,2009-04-13T00:00:00,7,tmin_very_cold_in_planting
13,bsr,True,2013-10-21T00:00:00,237,2013-10-21T00:00:00,236,2013-10-21T00:00:00,236,2013-10-14T00:00:00,0,2009-04-13T00:00:00,7,spi_7d_extreme_dry_in_planting
13,bsr,True,2013-10-21T00:00:00,237,2013-10-21T00:00:00,236,2013-10-21T00:00:00,236,2013-10-14T00:00:00,0,2009-04-13T00:00:00,7,pdsi_very_wet_in_harvesting
13,bsr,True,2013-10-21T00:00:00,237,2013-10-21T00:00:00,236,2013-10-21T00:00:00,236,2013-10-14T00:00:00,0,2009-04-13T00:00:00,7,pdsi_extreme_drought_in_harvesting
13,bsr,True,2013-10-21T00:00:00,237,2013-10-21T00:00:00,236,2013-10-21T00:00:00,236,2013-10-14T00:00:00,0,2009-04-13T00:00:00,7,pdsi_severe_drought_in_planting
10,bsr,False,2013-11-18T00:00:00,241,2013-11-18T00:00:00,240,2013-11-18T00:00:00,240,2013-11-11T00:00:00,0,2009-04-13T00:00:00,8,wheat_weekly_rv
10,bsr,False,2013-11-18T00:00:00,241,2013-11-18T00:00:00,240,2013-11-18T00:00:00,240,2013-11-11T00:00:00,0,2009-04-13T00:00:00,8,wheat_monthly_rv
10,bsr,False,2013-11-18T00:00:00,241,2013-11-18T00:00:00,240,2013-11-18T00:00:00,240,2013-11-11T00:00:00,0,2009-04-13T00:00:00,8,wheat_seasonal_rv
10,bsr,False,2013-11-18T00:00:00,241,2013-11-18T00:00:00,240,2013-11-18T00:00:00,240,2013-11-11T00:00:00,0,2009-04-13T00:00:00,8,wheat_weekly_rvb
10,bsr,False,2013-11-18T00:00:00,241,2013-11-18T00:00:00,240,2013-11-18T00:00:00,240,2013-11-11T00:00:00,0,2009-04-13T00:00:00,8,wheat_weekly_rvg
10,bsr,False,2013-11-18T00:00:00,241,2013-11-18T00:00:00,240,2013-11-18T00:00:00,240,2013-11-11T00:00:00,0,2009-04-13T00:00:00,8,soybeans_weekly_rv
10,bsr,False,2013-11-18T00:00:00,241,2013-11-18T00:00:00,240,2013-11-18T00:00:00,240,2013-11-11T00:00:00,0,2009-04-13T00:00:00,8,SOI_index
10,bsr,False,2013-11-18T00:00:00,241,2013-11-18T00:00:00,240,2013-11-18T00:00:00,240,2013-11-11T00:00:00,0,2009-04-13T00:00:00,8,pdsi_very_wet_in_harvesting
10,bsr,False,2013-11-18T00:00:00,241,2013-11-18T00:00:00,240,2013-11-18T00:00:00,240,2013-11-11T00:00:00,0,2009-04-13T00:00:00,8,pdsi_extreme_drought_in_harvesting
10,bsr,False,2013-11-18T00:00:00,241,2013-11-18T00:00:00,240,2013-11-18T00:00:00,240,2013-11-11T00:00:00,0,2009-04-13T00:00:00,8,pdsi_severe_drought_in_planting
10,bsr,True,2013-12-16T00:00:00,245,2013-12-16T00:00:00,244,2013-12-16T00:00:00,244,2013-12-09T00:00:00,0,2009-04-13T00:00:00,9,wheat_weekly_rv
10,bsr,True,2013-12-16T00:00:00,245,2013-12-16T00:00:00,244,2013-12-16T00:00:00,244,2013-12-09T00:00:00,0,2009-04-13T00:00:00,9,wheat_monthly_rv
10,bsr,True,2013-12-16T00:00:00,245,2013-12-16T00:00:00,244,2013-12-16T00:00:00,244,2013-12-09T00:00:00,0,2009-04-13T00:00:00,9,wheat_seasonal_rv
10,bsr,True,2013-12-16T00:00:00,245,2013-12-16T00:00:00,244,2013-12-16T00:00:00,244,2013-12-09T00:00:00,0,2009-04-13T00:00:00,9,wheat_weekly_rvb
10,bsr,True,2013-12-16T00:00:00,245,2013-12-16T00:00:00,244,2013-12-16T00:00:00,244,2013-12-09T00:00:00,0,2009-04-13T00:00:00,9,wheat_weekly_rvg
10,bsr,True,2013-12-16T00:00:00,245,2013-12-16T00:00:00,244,2013-12-16T00:00:00,244,2013-12-09T00:00:00,0,2009-04-13T00:00:00,9,soybeans_weekly_rv
10,bsr,True,2013-12-16T00:00:00,245,2013-12-16T00:00:00,244,2013-12-16T00:00:00,244,2013-12-09T00:00:00,0,2009-04-13T00:00:00,9,SOI_index
10,bsr,True,2013-12-16T00:00:00,245,2013-12-16T00:00:00,244,2013-12-16T00:00:00,244,2013-12-09T00:00:00,0,2009-04-13T00:00:00,9,pdsi_very_wet_in_harvesting
10,bsr,True,2013-12-16T00:00:00,245,2013-12-16T00:00:00,244,2013-12-16T00:00:00,244,2013-12-09T00:00:00,0,2009-04-13T00:00:00,9,pdsi_extreme_drought_in_harvesting
10,bsr,True,2013-12-16T00:00:00,245,2013-12-16T00:00:00,244,2013-12-16T00:00:00,244,2013-12-09T00:00:00,0,2009-04-13T00:00:00,9,pdsi_severe_drought_in_planting
10,bsr,True,2014-01-13T00:00:00,249,2014-01-13T00:00:00,248,2014-01-13T00:00:00,248,2014-01-06T00:00:00,0,2009-04-13T00:00:00,10,wheat_weekly_rv
10,bsr,True,2014-01-13T00:00:00,249,2014-01-13T00:00:00,248,2014-01-13T00:00:00,248,2014-01-06T00:00:00,0,2009-04-13T00:00:00,10,wheat_monthly_rv
10,bsr,True,2014-01-13T00:00:00,249,2014-01-13T00:00:00,248,2014-01-13T00:00:00,248,2014-01-06T00:00:00,0,2009-04-13T00:00:00,10,wheat_seasonal_rv
10,bsr,True,2014-01-13T00:00:00,249,2014-01-13T00:00:00,248,2014-01-13T00:00:00,248,2014-01-06T00:00:00,0,2009-04-13T00:00:00,10,wheat_weekly_rvb
10,bsr,True,2014-01-13T00:00:00,249,2014-01-13T00:00:00,248,2014-01-13T00:00:00,248,2014-01-06T00:00:00,0,2009-04-13T00:00:00,10,wheat_weekly_rvg
10,bsr,True,2014-01-13T00:00:00,249,2014-01-13T00:00:00,248,2014-01-13T00:00:00,248,2014-01-06T00:00:00,0,2009-04-13T00:00:00,10,soybeans_weekly_rv
10,bsr,True,2014-01-13T00:00:00,249,2014-01-13T00:00:00,248,2014-01-13T00:00:00,248,2014-01-06T00:00:00,0,2009-04-13T00:00:00,10,SOI_index
10,bsr,True,2014-01-13T00:00:00,249,2014-01-13T00:00:00,248,2014-01-13T00:00:00,248,2014-01-06T00:00:00,0,2009-04-13T00:00:00,10,pdsi_very_wet_in_harvesting
10,bsr,True,2014-01-13T00:00:00,249,2014-01-13T00:00:00,248,2014-01-13T00:00:00,248,2014-01-06T00:00:00,0,2009-04-13T00:00:00,10,pdsi_extreme_drought_in_harvesting
10,bsr,True,2014-01-13T00:00:00,249,2014-01-13T00:00:00,248,2014-01-13T00:00:00,248,2014-01-06T00:00:00,0,2009-04-13T00:00:00,10,pdsi_severe_drought_in_planting
10,bsr,True,2014-02-10T00:00:00,253,2014-02-10T00:00:00,252,2014-02-10T00:00:00,252,2014-02-03T00:00:00,0,2009-04-13T00:00:00,11,wheat_weekly_rv
10,bsr,True,2014-02-10T00:00:00,253,2014-02-10T00:00:00,252,2014-02-10T00:00:00,252,2014-02-03T00:00:00,0,2009-04-13T00:00:00,11,wheat_monthly_rv
10,bsr,True,2014-02-10T00:00:00,253,2014-02-10T00:00:00,252,2014-02-10T00:00:00,252,2014-02-03T00:00:00,0,2009-04-13T00:00:00,11,wheat_seasonal_rv
10,bsr,True,2014-02-10T00:00:00,253,2014-02-10T00:00:00,252,2014-02-10T00:00:00,252,2014-02-03T00:00:00,0,2009-04-13T00:00:00,11,wheat_weekly_rvb
10,bsr,True,2014-02-10T00:00:00,253,2014-02-10T00:00:00,252,2014-02-10T00:00:00,252,2014-02-03T00:00:00,0,2009-04-13T00:00:00,11,wheat_weekly_rvg
10,bsr,True,2014-02-10T00:00:00,253,2014-02-10T00:00:00,252,2014-02-10T00:00:00,252,2014-02-03T00:00:00,0,2009-04-13T00:00:00,11,soybeans_weekly_rv
10,bsr,True,2014-02-10T00:00:00,253,2014-02-10T00:00:00,252,2014-02-10T00:00:00,252,2014-02-03T00:00:00,0,2009-04-13T00:00:00,11,SOI_index
10,bsr,True,2014-02-10T00:00:00,253,2014-02-10T00:00:00,252,2014-02-10T00:00:00,252,2014-02-03T00:00:00,0,2009-04-13T00:00:00,11,pdsi_very_wet_in_harvesting
10,bsr,True,2014-02-10T00:00:00,253,2014-02-10T00:00:00,252,2014-02-10T00:00:00,252,2014-02-03T00:00:00,0,2009-04-13T00:00:00,11,pdsi_extreme_drought_in_harvesting
10,bsr,True,2014-02-10T00:00:00,253,2014-02-10T00:00:00,252,2014-02-10T00:00:00,252,2014-02-03T00:00:00,0,2009-04-13T00:00:00,11,pdsi_severe_drought_in_planting
10,bsr,True,2014-03-10T00:00:00,257,2014-03-10T00:00:00,256,2014-03-10T00:00:00,256,2014-03-03T00:00:00,0,2009-04-13T00:00:00,12,wheat_weekly_rv
10,bsr,True,2014-03-10T00:00:00,257,2014-03-10T00:00:00,256,2014-03-10T00:00:00,256,2014-03-03T00:00:00,0,2009-04-13T00:00:00,12,wheat_monthly_rv
10,bsr,True,2014-03-10T00:00:00,257,2014-03-10T00:00:00,256,2014-03-10T00:00:00,256,2014-03-03T00:00:00,0,2009-04-13T00:00:00,12,wheat_seasonal_rv
10,bsr,True,2014-03-10T00:00:00,257,2014-03-10T00:00:00,256,2014-03-10T00:00:00,256,2014-03-03T00:00:00,0,2009-04-13T00:00:00,12,wheat_weekly_rvb
10,bsr,True,2014-03-10T00:00:00,257,2014-03-10T00:00:00,256,2014-03-10T00:00:00,256,2014-03-03T00:00:00,0,2009-04-13T00:00:00,12,wheat_weekly_rvg
10,bsr,True,2014-03-10T00:00:00,257,2014-03-10T00:00:00,256,2014-03-10T00:00:00,256,2014-03-03T00:00:00,0,2009-04-13T00:00:00,12,soybeans_weekly_rv
10,bsr,True,2014-03-10T00:00:00,257,2014-03-10T00:00:00,256,2014-03-10T00:00:00,256,2014-03-03T00:00:00,0,2009-04-13T00:00:00,12,SOI_index
10,bsr,True,2014-03-10T00:00:00,257,2014-03-10T00:00:00,256,2014-03-10T00:00:00,256,2014-03-03T00:00:00,0,2009-04-13T00:00:00,12,pdsi_very_wet_in_harvesting
10,bsr,True,2014-03-10T00:00:00,257,2014-03-10T00:00:00,256,2014-03-10T00:00:00,256,2014-03-03T00:00:00,0,2009-04-13T00:00:00,12,pdsi_extreme_drought_in_harvesting
10,bsr,True,2014-03-10T00:00:00,257,2014-03-10T00:00:00,256,2014-03-10T00:00:00,256,2014-03-03T00:00:00,0,2009-04-13T00:00:00,12,pdsi_severe_drought_in_planting
10,bsr,True,2014-04-07T00:00:00,261,2014-04-07T00:00:00,260,2014-04-07T00:00:00,260,2014-03-31T00:00:00,0,2009-04-13T00:00:00,13,wheat_weekly_rv
10,bsr,True,2014-04-07T00:00:00,261,2014-04-07T00:00:00,260,2014-04-07T00:00:00,260,2014-03-31T00:00:00,0,2009-04-13T00:00:00,13,wheat_monthly_rv
10,bsr,True,2014-04-07T00:00:00,261,2014-04-07T00:00:00,260,2014-04-07T00:00:00,260,2014-03-31T00:00:00,0,2009-04-13T00:00:00,13,wheat_seasonal_rv
10,bsr,True,2014-04-07T00:00:00,261,2014-04-07T00:00:00,260,2014-04-07T00:00:00,260,2014-03-31T00:00:00,0,2009-04-13T00:00:00,13,wheat_weekly_rvb
10,bsr,True,2014-04-07T00:00:00,261,2014-04-07T00:00:00,260,2014-04-07T00:00:00,260,2014-03-31T00:00:00,0,2009-04-13T00:00:00,13,wheat_weekly_rvg
10,bsr,True,2014-04-07T00:00:00,261,2014-04-07T00:00:00,260,2014-04-07T00:00:00,260,2014-03-31T00:00:00,0,2009-04-13T00:00:00,13,soybeans_weekly_rv
10,bsr,True,2014-04-07T00:00:00,261,2014-04-07T00:00:00,260,2014-04-07T00:00:00,260,2014-03-31T00:00:00,0,2009-04-13T00:00:00,13,SOI_index
10,bsr,True,2014-04-07T00:00:00,261,2014-04-07T00:00:00,260,2014-04-07T00:00:00,260,2014-03-31T00:00:00,0,2009-04-13T00:00:00,13,pdsi_very_wet_in_harvesting
10,bsr,True,2014-04-07T00:00:00,261,2014-04-07T00:00:00,260,2014-04-07T00:00:00,260,2014-03-31T00:00:00,0,2009-04-13T00:00:00,13,pdsi_extreme_drought_in_harvesting
10,bsr,True,2014-04-07T00:00:00,261,2014-04-07T00:00:00,260,2014-04-07T00:00:00,260,2014-03-31T00:00:00,0,2009-04-13T00:00:00,13,pdsi_severe_drought_in_planting
10,bsr,True,2014-05-05T00:00:00,265,2014-05-05T00:00:00,264,2014-05-05T00:00:00,264,2014-04-28T00:00:00,0,2009-04-13T00:00:00,14,wheat_weekly_rv
10,bsr,True,2014-05-05T00:00:00,265,2014-05-05T00:00:00,264,2014-05-05T00:00:00,264,2014-04-28T00:00:00,0,2009-04-13T00:00:00,14,wheat_monthly_rv
10,bsr,True,2014-05-05T00:00:00,265,2014-05-05T00:00:00,264,2014-05-05T00:00:00,264,2014-04-28T00:00:00,0,2009-04-13T00:00:00,14,wheat_seasonal_rv
10,bsr,True,2014-05-05T00:00:00,265,2014-05-05T00:00:00,264,2014-05-05T00:00:00,264,2014-04-28T00:00:00,0,2009-04-13T00:00:00,14,wheat_weekly_rvb
10,bsr,True,2014-05-05T00:00:00,265,2014-05-05T00:00:00,264,2014-05-05T00:00:00,264,2014-04-28T00:00:00,0,2009-04-13T00:00:00,14,wheat_weekly_rvg
10,bsr,True,2014-05-05T00:00:00,265,2014-05-05T00:00:00,264,2014-05-05T00:00:00,264,2014-04-28T00:00:00,0,2009-04-13T00:00:00,14,soybeans_weekly_rv
10,bsr,True,2014-05-05T00:00:00,265,2014-05-05T00:00:00,264,2014-05-05T00:00:00,264,2014-04-28T00:00:00,0,2009-04-13T00:00:00,14,SOI_index
10,bsr,True,2014-05-05T00:00:00,265,2014-05-05T00:00:00,264,2014-05-05T00:00:00,264,2014-04-28T00:00:00,0,2009-04-13T00:00:00,14,pdsi_very_wet_in_harvesting
10,bsr,True,2014-05-05T00:00:00,265,2014-05-05T00:00:00,264,2014-05-05T00:00:00,264,2014-04-28T00:00:00,0,2009-04-13T00:00:00,14,pdsi_extreme_drought_in_harvesting
10,bsr,True,2014-05-05T00:00:00,265,2014-05-05T00:00:00,264,2014-05-05T00:00:00,264,2014-04-28T00:00:00,0,2009-04-13T00:00:00,14,pdsi_severe_drought_in_planting
10,bsr,True,2014-06-02T00:00:00,269,2014-06-02T00:00:00,268,2014-06-02T00:00:00,268,2014-05-26T00:00:00,0,2009-04-13T00:00:00,15,wheat_weekly_rv
10,bsr,True,2014-06-02T00:00:00,269,2014-06-02T00:00:00,268,2014-06-02T00:00:00,268,2014-05-26T00:00:00,0,2009-04-13T00:00:00,15,wheat_monthly_rv
10,bsr,True,2014-06-02T00:00:00,269,2014-06-02T00:00:00,268,2014-06-02T00:00:00,268,2014-05-26T00:00:00,0,2009-04-13T00:00:00,15,wheat_seasonal_rv
10,bsr,True,2014-06-02T00:00:00,269,2014-06-02T00:00:00,268,2014-06-02T00:00:00,268,2014-05-26T00:00:00,0,2009-04-13T00:00:00,15,wheat_weekly_rvb
10,bsr,True,2014-06-02T00:00:00,269,2014-06-02T00:00:00,268,2014-06-02T00:00:00,268,2014-05-26T00:00:00,0,2009-04-13T00:00:00,15,wheat_weekly_rvg
10,bsr,True,2014-06-02T00:00:00,269,2014-06-02T00:00:00,268,2014-06-02T00:00:00,268,2014-05-26T00:00:00,0,2009-04-13T00:00:00,15,soybeans_weekly_rv
10,bsr,True,2014-06-02T00:00:00,269,2014-06-02T00:00:00,268,2014-06-02T00:00:00,268,2014-05-26T00:00:00,0,2009-04-13T00:00:00,15,SOI_index
10,bsr,True,2014-06-02T00:00:00,269,2014-06-02T00:00:00,268,2014-06-02T00:00:00,268,2014-05-26T00:00:00,0,2009-04-13T00:00:00,15,pdsi_very_wet_in_harvesting
10,bsr,True,2014-06-02T00:00:00,269,2014-06-02T00:00:00,268,2014-06-02T00:00:00,268,2014-05-26T00:00:00,0,2009-04-13T00:00:00,15,pdsi_extreme_drought_in_harvesting
10,bsr,True,2014-06-02T00:00:00,269,2014-06-02T00:00:00,268,2014-06-02T00:00:00,268,2014-05-26T00:00:00,0,2009-04-13T00:00:00,15,pdsi_severe_drought_in_planting
9,bsr,False,2014-06-30T00:00:00,273,2014-06-30T00:00:00,272,2014-06-30T00:00:00,272,2014-06-23T00:00:00,0,2009-04-13T00:00:00,16,wheat_weekly_rv
9,bsr,False,2014-06-30T00:00:00,273,2014-06-30T00:00:00,272,2014-06-30T00:00:00,272,2014-06-23T00:00:00,0,2009-04-13T00:00:00,16,wheat_monthly_rv
9,bsr,False,2014-06-30T00:00:00,273,2014-06-30T00:00:00,272,2014-06-30T00:00:00,272,2014-06-23T00:00:00,0,2009-04-13T00:00:00,16,wheat_seasonal_rv
9,bsr,False,2014-06-30T00:00:00,273,2014-06-30T00:00:00,272,2014-06-30T00:00:00,272,2014-06-23T00:00:00,0,2009-04-13T00:00:00,16,soybeans_weekly_rv
9,bsr,False,2014-06-30T00:00:00,273,2014-06-30T00:00:00,272,2014-06-30T00:00:00,272,2014-06-23T00:00:00,0,2009-04-13T00:00:00,16,ssta_lanina
9,bsr,False,2014-06-30T00:00:00,273,2014-06-30T00:00:00,272,2014-06-30T00:00:00,272,2014-06-23T00:00:00,0,2009-04-13T00:00:00,16,awnd_extreme_high_wind_in_harvesting
9,bsr,False,2014-06-30T00:00:00,273,2014-06-30T00:00:00,272,2014-06-30T00:00:00,272,2014-06-23T00:00:00,0,2009-04-13T00:00:00,16,pdsi_very_wet_in_harvesting
9,bsr,False,2014-06-30T00:00:00,273,2014-06-30T00:00:00,272,2014-06-30T00:00:00,272,2014-06-23T00:00:00,0,2009-04-13T00:00:00,16,pdsi_extreme_drought_in_harvesting
9,bsr,False,2014-06-30T00:00:00,273,2014-06-30T00:00:00,272,2014-06-30T00:00:00,272,2014-06-23T00:00:00,0,2009-04-13T00:00:00,16,pdsi_severe_drought_in_planting
9,bsr,True,2014-07-28T00:00:00,277,2014-07-28T00:00:00,276,2014-07-28T00:00:00,276,2014-07-21T00:00:00,0,2009-04-13T00:00:00,17,wheat_weekly_rv
9,bsr,True,2014-07-28T00:00:00,277,2014-07-28T00:00:00,276,2014-07-28T00:00:00,276,2014-07-21T00:00:00,0,2009-04-13T00:00:00,17,wheat_monthly_rv
9,bsr,True,2014-07-28T00:00:00,277,2014-07-28T00:00:00,276,2014-07-28T00:00:00,276,2014-07-21T00:00:00,0,2009-04-13T00:00:00,17,wheat_seasonal_rv
9,bsr,True,2014-07-28T00:00:00,277,2014-07-28T00:00:00,276,2014-07-28T00:00:00,276,2014-07-21T00:00:00,0,2009-04-13T00:00:00,17,soybeans_weekly_rv
9,bsr,True,2014-07-28T00:00:00,277,2014-07-28T00:00:00,276,2014-07-28T00:00:00,276,2014-07-21T00:00:00,0,2009-04-13T00:00:00,17,ssta_lanina
9,bsr,True,2014-07-28T00:00:00,277,2014-07-28T00:00:00,276,2014-07-28T00:00:00,276,2014-07-21T00:00:00,0,2009-04-13T00:00:00,17,awnd_extreme_high_wind_in_harvesting
9,bsr,True,2014-07-28T00:00:00,277,2014-07-28T00:00:00,276,2014-07-28T00:00:00,276,2014-07-21T00:00:00,0,2009-04-13T00:00:00,17,pdsi_very_wet_in_harvesting
9,bsr,True,2014-07-28T00:00:00,277,2014-07-28T00:00:00,276,2014-07-28T00:00:00,276,2014-07-21T00:00:00,0,2009-04-13T00:00:00,17,pdsi_extreme_drought_in_harvesting
9,bsr,True,2014-07-28T00:00:00,277,2014-07-28T00:00:00,276,2014-07-28T00:00:00,276,2014-07-21T00:00:00,0,2009-04-13T00:00:00,17,pdsi_severe_drought_in_planting
9,bsr,True,2014-08-25T00:00:00,281,2014-08-25T00:00:00,280,2014-08-25T00:00:00,280,2014-08-18T00:00:00,0,2009-04-13T00:00:00,18,wheat_weekly_rv
9,bsr,True,2014-08-25T00:00:00,281,2014-08-25T00:00:00,280,2014-08-25T00:00:00,280,2014-08-18T00:00:00,0,2009-04-13T00:00:00,18,wheat_monthly_rv
9,bsr,True,2014-08-25T00:00:00,281,2014-08-25T00:00:00,280,2014-08-25T00:00:00,280,2014-08-18T00:00:00,0,2009-04-13T00:00:00,18,wheat_seasonal_rv
9,bsr,True,2014-08-25T00:00:00,281,2014-08-25T00:00:00,280,2014-08-25T00:00:00,280,2014-08-18T00:00:00,0,2009-04-13T00:00:00,18,soybeans_weekly_rv
9,bsr,True,2014-08-25T00:00:00,281,2014-08-25T00:00:00,280,2014-08-25T00:00:00,280,2014-08-18T00:00:00,0,2009-04-13T00:00:00,18,ssta_lanina
9,bsr,True,2014-08-25T00:00:00,281,2014-08-25T00:00:00,280,2014-08-25T00:00:00,280,2014-08-18T00:00:00,0,2009-04-13T00:00:00,18,awnd_extreme_high_wind_in_harvesting
9,bsr,True,2014-08-25T00:00:00,281,2014-08-25T00:00:00,280,2014-08-25T00:00:00,280,2014-08-18T00:00:00,0,2009-04-13T00:00:00,18,pdsi_very_wet_in_harvesting
9,bsr,True,2014-08-25T00:00:00,281,2014-08-25T00:00:00,280,2014-08-25T00:00:00,280,2014-08-18T00:00:00,0,2009-04-13T00:00:00,18,pdsi_extreme_drought_in_harvesting
9,bsr,True,2014-08-25T00:00:00,281,2014-08-25T00:00:00,280,2014-08-25T00:00:00,280,2014-08-18T00:00:00,0,2009-04-13T00:00:00,18,pdsi_severe_drought_in_planting
9,bsr,True,2014-09-22T00:00:00,285,2014-09-22T00:00:00,284,2014-09-22T00:00:00,284,2014-09-15T00:00:00,0,2009-04-13T00:00:00,19,wheat_weekly_rv
9,bsr,True,2014-09-22T00:00:00,285,2014-09-22T00:00:00,284,2014-09-22T00:00:00,284,2014-09-15T00:00:00,0,2009-04-13T00:00:00,19,wheat_monthly_rv
9,bsr,True,2014-09-22T00:00:00,285,2014-09-22T00:00:00,284,2014-09-22T00:00:00,284,2014-09-15T00:00:00,0,2009-04-13T00:00:00,19,wheat_seasonal_rv
9,bsr,True,2014-09-22T00:00:00,285,2014-09-22T00:00:00,284,2014-09-22T00:00:00,284,2014-09-15T00:00:00,0,2009-04-13T00:00:00,19,soybeans_weekly_rv
9,bsr,True,2014-09-22T00:00:00,285,2014-09-22T00:00:00,284,2014-09-22T00:00:00,284,2014-09-15T00:00:00,0,2009-04-13T00:00:00,19,ssta_lanina
9,bsr,True,2014-09-22T00:00:00,285,2014-09-22T00:00:00,284,2014-09-22T00:00:00,284,2014-09-15T00:00:00,0,2009-04-13T00:00:00,19,awnd_extreme_high_wind_in_harvesting
9,bsr,True,2014-09-22T00:00:00,285,2014-09-22T00:00:00,284,2014-09-22T00:00:00,284,2014-09-15T00:00:00,0,2009-04-13T00:00:00,19,pdsi_very_wet_in_harvesting
9,bsr,True,2014-09-22T00:00:00,285,2014-09-22T00:00:00,284,2014-09-22T00:00:00,284,2014-09-15T00:00:00,0,2009-04-13T00:00:00,19,pdsi_extreme_drought_in_harvesting
9,bsr,True,2014-09-22T00:00:00,285,2014-09-22T00:00:00,284,2014-09-22T00:00:00,284,2014-09-15T00:00:00,0,2009-04-13T00:00:00,19,pdsi_severe_drought_in_planting
9,bsr,True,2014-10-20T00:00:00,289,2014-10-20T00:00:00,288,2014-10-20T00:00:00,288,2014-10-13T00:00:00,0,2009-04-13T00:00:00,20,wheat_weekly_rv
9,bsr,True,2014-10-20T00:00:00,289,2014-10-20T00:00:00,288,2014-10-20T00:00:00,288,2014-10-13T00:00:00,0,2009-04-13T00:00:00,20,wheat_monthly_rv
9,bsr,True,2014-10-20T00:00:00,289,2014-10-20T00:00:00,288,2014-10-20T00:00:00,288,2014-10-13T00:00:00,0,2009-04-13T00:00:00,20,wheat_seasonal_rv
9,bsr,True,2014-10-20T00:00:00,289,2014-10-20T00:00:00,288,2014-10-20T00:00:00,288,2014-10-13T00:00:00,0,2009-04-13T00:00:00,20,soybeans_weekly_rv
9,bsr,True,2014-10-20T00:00:00,289,2014-10-20T00:00:00,288,2014-10-20T00:00:00,288,2014-10-13T00:00:00,0,2009-04-13T00:00:00,20,ssta_lanina
9,bsr,True,2014-10-20T00:00:00,289,2014-10-20T00:00:00,288,2014-10-20T00:00:00,288,2014-10-13T00:00:00,0,2009-04-13T00:00:00,20,awnd_extreme_high_wind_in_harvesting
9,bsr,True,2014-10-20T00:00:00,289,2014-10-20T00:00:00,288,2014-10-20T00:00:00,288,2014-10-13T00:00:00,0,2009-04-13T00:00:00,20,pdsi_very_wet_in_harvesting
9,bsr,True,2014-10-20T00:00:00,289,2014-10-20T00:00:00,288,2014-10-20T00:00:00,288,2014-10-13T00:00:00,0,2009-04-13T00:00:00,20,pdsi_extreme_drought_in_harvesting
9,bsr,True,2014-10-20T00:00:00,289,2014-10-20T00:00:00,288,2014-10-20T00:00:00,288,2014-10-13T00:00:00,0,2009-04-13T00:00:00,20,pdsi_severe_drought_in_planting
9,bsr,True,2014-11-17T00:00:00,293,2014-11-17T00:00:00,292,2014-11-17T00:00:00,292,2014-11-10T00:00:00,0,2009-04-13T00:00:00,21,wheat_weekly_rv
9,bsr,True,2014-11-17T00:00:00,293,2014-11-17T00:00:00,292,2014-11-17T00:00:00,292,2014-11-10T00:00:00,0,2009-04-13T00:00:00,21,wheat_monthly_rv
9,bsr,True,2014-11-17T00:00:00,293,2014-11-17T00:00:00,292,2014-11-17T00:00:00,292,2014-11-10T00:00:00,0,2009-04-13T00:00:00,21,wheat_seasonal_rv
9,bsr,True,2014-11-17T00:00:00,293,2014-11-17T00:00:00,292,2014-11-17T00:00:00,292,2014-11-10T00:00:00,0,2009-04-13T00:00:00,21,soybeans_weekly_rv
9,bsr,True,2014-11-17T00:00:00,293,2014-11-17T00:00:00,292,2014-11-17T00:00:00,292,2014-11-10T00:00:00,0,2009-04-13T00:00:00,21,ssta_lanina
9,bsr,True,2014-11-17T00:00:00,293,2014-11-17T00:00:00,292,2014-11-17T00:00:00,292,2014-11-10T00:00:00,0,2009-04-13T00:00:00,21,awnd_extreme_high_wind_in_harvesting
9,bsr,True,2014-11-17T00:00:00,293,2014-11-17T00:00:00,292,2014-11-17T00:00:00,292,2014-11-10T00:00:00,0,2009-04-13T00:00:00,21,pdsi_very_wet_in_harvesting
9,bsr,True,2014-11-17T00:00:00,293,2014-11-17T00:00:00,292,2014-11-17T00:00:00,292,2014-11-10T00:00:00,0,2009-04-13T00:00:00,21,pdsi_extreme_drought_in_harvesting
9,bsr,True,2014-11-17T00:00:00,293,2014-11-17T00:00:00,292,2014-11-17T00:00:00,292,2014-11-10T00:00:00,0,2009-04-13T00:00:00,21,pdsi_severe_drought_in_planting
9,bsr,True,2014-12-15T00:00:00,297,2014-12-15T00:00:00,296,2014-12-15T00:00:00,296,2014-12-08T00:00:00,0,2009-04-13T00:00:00,22,wheat_weekly_rv
9,bsr,True,2014-12-15T00:00:00,297,2014-12-15T00:00:00,296,2014-12-15T00:00:00,296,2014-12-08T00:00:00,0,2009-04-13T00:00:00,22,wheat_monthly_rv
9,bsr,True,2014-12-15T00:00:00,297,2014-12-15T00:00:00,296,2014-12-15T00:00:00,296,2014-12-08T00:00:00,0,2009-04-13T00:00:00,22,wheat_seasonal_rv
9,bsr,True,2014-12-15T00:00:00,297,2014-12-15T00:00:00,296,2014-12-15T00:00:00,296,2014-12-08T00:00:00,0,2009-04-13T00:00:00,22,soybeans_weekly_rv
9,bsr,True,2014-12-15T00:00:00,297,2014-12-15T00:00:00,296,2014-12-15T00:00:00,296,2014-12-08T00:00:00,0,2009-04-13T00:00:00,22,ssta_lanina
9,bsr,True,2014-12-15T00:00:00,297,2014-12-15T00:00:00,296,2014-12-15T00:00:00,296,2014-12-08T00:00:00,0,2009-04-13T00:00:00,22,awnd_extreme_high_wind_in_harvesting
9,bsr,True,2014-12-15T00:00:00,297,2014-12-15T00:00:00,296,2014-12-15T00:00:00,296,2014-12-08T00:00:00,0,2009-04-13T00:00:00,22,pdsi_very_wet_in_harvesting
9,bsr,True,2014-12-15T00:00:00,297,2014-12-15T00:00:00,296,2014-12-15T00:00:00,296,2014-12-08T00:00:00,0,2009-04-13T00:00:00,22,pdsi_extreme_drought_in_harvesting
9,bsr,True,2014-12-15T00:00:00,297,2014-12-15T00:00:00,296,2014-12-15T00:00:00,296,2014-12-08T00:00:00,0,2009-04-13T00:00:00,22,pdsi_severe_drought_in_planting
9,bsr,True,2015-01-12T00:00:00,301,2015-01-12T00:00:00,300,2015-01-12T00:00:00,300,2015-01-05T00:00:00,0,2009-04-13T00:00:00,23,wheat_weekly_rv
9,bsr,True,2015-01-12T00:00:00,301,2015-01-12T00:00:00,300,2015-01-12T00:00:00,300,2015-01-05T00:00:00,0,2009-04-13T00:00:00,23,wheat_monthly_rv
9,bsr,True,2015-01-12T00:00:00,301,2015-01-12T00:00:00,300,2015-01-12T00:00:00,300,2015-01-05T00:00:00,0,2009-04-13T00:00:00,23,wheat_seasonal_rv
9,bsr,True,2015-01-12T00:00:00,301,2015-01-12T00:00:00,300,2015-01-12T00:00:00,300,2015-01-05T00:00:00,0,2009-04-13T00:00:00,23,soybeans_weekly_rv
9,bsr,True,2015-01-12T00:00:00,301,2015-01-12T00:00:00,300,2015-01-12T00:00:00,300,2015-01-05T00:00:00,0,2009-04-13T00:00:00,23,ssta_lanina
9,bsr,True,2015-01-12T00:00:00,301,2015-01-12T00:00:00,300,2015-01-12T00:00:00,300,2015-01-05T00:00:00,0,2009-04-13T00:00:00,23,awnd_extreme_high_wind_in_harvesting
9,bsr,True,2015-01-12T00:00:00,301,2015-01-12T00:00:00,300,2015-01-12T00:00:00,300,2015-01-05T00:00:00,0,2009-04-13T00:00:00,23,pdsi_very_wet_in_harvesting
9,bsr,True,2015-01-12T00:00:00,301,2015-01-12T00:00:00,300,2015-01-12T00:00:00,300,2015-01-05T00:00:00,0,2009-04-13T00:00:00,23,pdsi_extreme_drought_in_harvesting
9,bsr,True,2015-01-12T00:00:00,301,2015-01-12T00:00:00,300,2015-01-12T00:00:00,300,2015-01-05T00:00:00,0,2009-04-13T00:00:00,23,pdsi_severe_drought_in_planting
9,bsr,False,2015-02-09T00:00:00,305,2015-02-09T00:00:00,304,2015-02-09T00:00:00,304,2015-02-02T00:00:00,0,2009-04-13T00:00:00,24,wheat_weekly_rv
9,bsr,False,2015-02-09T00:00:00,305,2015-02-09T00:00:00,304,2015-02-09T00:00:00,304,2015-02-02T00:00:00,0,2009-04-13T00:00:00,24,wheat_monthly_rv
9,bsr,False,2015-02-09T00:00:00,305,2015-02-09T00:00:00,304,2015-02-09T00:00:00,304,2015-02-02T00:00:00,0,2009-04-13T00:00:00,24,wheat_seasonal_rv
9,bsr,False,2015-02-09T00:00:00,305,2015-02-09T00:00:00,304,2015-02-09T00:00:00,304,2015-02-02T00:00:00,0,2009-04-13T00:00:00,24,soybeans_weekly_rv
9,bsr,False,2015-02-09T00:00:00,305,2015-02-09T00:00:00,304,2015-02-09T00:00:00,304,2015-02-02T00:00:00,0,2009-04-13T00:00:00,24,ssta_lanina
9,bsr,False,2015-02-09T00:00:00,305,2015-02-09T00:00:00,304,2015-02-09T00:00:00,304,2015-02-02T00:00:00,0,2009-04-13T00:00:00,24,awnd_extreme_high_wind_in_harvesting
9,bsr,False,2015-02-09T00:00:00,305,2015-02-09T00:00:00,304,2015-02-09T00:00:00,304,2015-02-02T00:00:00,0,2009-04-13T00:00:00,24,pdsi_very_wet_in_harvesting
9,bsr,False,2015-02-09T00:00:00,305,2015-02-09T00:00:00,304,2015-02-09T00:00:00,304,2015-02-02T00:00:00,0,2009-04-13T00:00:00,24,pdsi_extreme_drought_in_harvesting
9,bsr,False,2015-02-09T00:00:00,305,2015-02-09T00:00:00,304,2015-02-09T00:00:00,304,2015-02-02T00:00:00,0,2009-04-13T00:00:00,24,pdsi_severe_drought_in_planting
9,bsr,True,2015-03-09T00:00:00,309,2015-03-09T00:00:00,308,2015-03-09T00:00:00,308,2015-03-02T00:00:00,0,2009-04-13T00:00:00,25,wheat_weekly_rv
9,bsr,True,2015-03-09T00:00:00,309,2015-03-09T00:00:00,308,2015-03-09T00:00:00,308,2015-03-02T00:00:00,0,2009-04-13T00:00:00,25,wheat_monthly_rv
9,bsr,True,2015-03-09T00:00:00,309,2015-03-09T00:00:00,308,2015-03-09T00:00:00,308,2015-03-02T00:00:00,0,2009-04-13T00:00:00,25,wheat_seasonal_rv
9,bsr,True,2015-03-09T00:00:00,309,2015-03-09T00:00:00,308,2015-03-09T00:00:00,308,2015-03-02T00:00:00,0,2009-04-13T00:00:00,25,soybeans_weekly_rv
9,bsr,True,2015-03-09T00:00:00,309,2015-03-09T00:00:00,308,2015-03-09T00:00:00,308,2015-03-02T00:00:00,0,2009-04-13T00:00:00,25,ssta_lanina
9,bsr,True,2015-03-09T00:00:00,309,2015-03-09T00:00:00,308,2015-03-09T00:00:00,308,2015-03-02T00:00:00,0,2009-04-13T00:00:00,25,awnd_extreme_high_wind_in_harvesting
9,bsr,True,2015-03-09T00:00:00,309,2015-03-09T00:00:00,308,2015-03-09T00:00:00,308,2015-03-02T00:00:00,0,2009-04-13T00:00:00,25,pdsi_very_wet_in_harvesting
9,bsr,True,2015-03-09T00:00:00,309,2015-03-09T00:00:00,308,2015-03-09T00:00:00,308,2015-03-02T00:00:00,0,2009-04-13T00:00:00,25,pdsi_extreme_drought_in_harvesting
9,bsr,True,2015-03-09T00:00:00,309,2015-03-09T00:00:00,308,2015-03-09T00:00:00,308,2015-03-02T00:00:00,0,2009-04-13T00:00:00,25,pdsi_severe_drought_in_planting
9,bsr,True,2015-04-06T00:00:00,313,2015-04-06T00:00:00,312,2015-04-06T00:00:00,312,2015-03-30T00:00:00,0,2009-04-13T00:00:00,26,wheat_weekly_rv
9,bsr,True,2015-04-06T00:00:00,313,2015-04-06T00:00:00,312,2015-04-06T00:00:00,312,2015-03-30T00:00:00,0,2009-04-13T00:00:00,26,wheat_monthly_rv
9,bsr,True,2015-04-06T00:00:00,313,2015-04-06T00:00:00,312,2015-04-06T00:00:00,312,2015-03-30T00:00:00,0,2009-04-13T00:00:00,26,wheat_seasonal_rv
9,bsr,True,2015-04-06T00:00:00,313,2015-04-06T00:00:00,312,2015-04-06T00:00:00,312,2015-03-30T00:00:00,0,2009-04-13T00:00:00,26,soybeans_weekly_rv
9,bsr,True,2015-04-06T00:00:00,313,2015-04-06T00:00:00,312,2015-04-06T00:00:00,312,2015-03-30T00:00:00,0,2009-04-13T00:00:00,26,ssta_lanina
9,bsr,True,2015-04-06T00:00:00,313,2015-04-06T00:00:00,312,2015-04-06T00:00:00,312,2015-03-30T00:00:00,0,2009-04-13T00:00:00,26,awnd_extreme_high_wind_in_harvesting
9,bsr,True,2015-04-06T00:00:00,313,2015-04-06T00:00:00,312,2015-04-06T00:00:00,312,2015-03-30T00:00:00,0,2009-04-13T00:00:00,26,pdsi_very_wet_in_harvesting
9,bsr,True,2015-04-06T00:00:00,313,2015-04-06T00:00:00,312,2015-04-06T00:00:00,312,2015-03-30T00:00:00,0,2009-04-13T00:00:00,26,pdsi_extreme_drought_in_harvesting
9,bsr,True,2015-04-06T00:00:00,313,2015-04-06T00:00:00,312,2015-04-06T00:00:00,312,2015-03-30T00:00:00,0,2009-04-13T00:00:00,26,pdsi_severe_drought_in_planting
9,bsr,True,2015-05-04T00:00:00,317,2015-05-04T00:00:00,316,2015-05-04T00:00:00,316,2015-04-27T00:00:00,0,2009-04-13T00:00:00,27,wheat_weekly_rv
9,bsr,True,2015-05-04T00:00:00,317,2015-05-04T00:00:00,316,2015-05-04T00:00:00,316,2015-04-27T00:00:00,0,2009-04-13T00:00:00,27,wheat_monthly_rv
9,bsr,True,2015-05-04T00:00:00,317,2015-05-04T00:00:00,316,2015-05-04T00:00:00,316,2015-04-27T00:00:00,0,2009-04-13T00:00:00,27,wheat_seasonal_rv
9,bsr,True,2015-05-04T00:00:00,317,2015-05-04T00:00:00,316,2015-05-04T00:00:00,316,2015-04-27T00:00:00,0,2009-04-13T00:00:00,27,soybeans_weekly_rv
9,bsr,True,2015-05-04T00:00:00,317,2015-05-04T00:00:00,316,2015-05-04T00:00:00,316,2015-04-27T00:00:00,0,2009-04-13T00:00:00,27,ssta_lanina
9,bsr,True,2015-05-04T00:00:00,317,2015-05-04T00:00:00,316,2015-05-04T00:00:00,316,2015-04-27T00:00:00,0,2009-04-13T00:00:00,27,awnd_extreme_high_wind_in_harvesting
9,bsr,True,2015-05-04T00:00:00,317,2015-05-04T00:00:00,316,2015-05-04T00:00:00,316,2015-04-27T00:00:00,0,2009-04-13T00:00:00,27,pdsi_very_wet_in_harvesting
9,bsr,True,2015-05-04T00:00:00,317,2015-05-04T00:00:00,316,2015-05-04T00:00:00,316,2015-04-27T00:00:00,0,2009-04-13T00:00:00,27,pdsi_extreme_drought_in_harvesting
9,bsr,True,2015-05-04T00:00:00,317,2015-05-04T00:00:00,316,2015-05-04T00:00:00,316,2015-04-27T00:00:00,0,2009-04-13T00:00:00,27,pdsi_severe_drought_in_planting
9,bsr,True,2015-06-01T00:00:00,321,2015-06-01T00:00:00,320,2015-06-01T00:00:00,320,2015-05-25T00:00:00,0,2009-04-13T00:00:00,28,wheat_weekly_rv
9,bsr,True,2015-06-01T00:00:00,321,2015-06-01T00:00:00,320,2015-06-01T00:00:00,320,2015-05-25T00:00:00,0,2009-04-13T00:00:00,28,wheat_monthly_rv
9,bsr,True,2015-06-01T00:00:00,321,2015-06-01T00:00:00,320,2015-06-01T00:00:00,320,2015-05-25T00:00:00,0,2009-04-13T00:00:00,28,wheat_seasonal_rv
9,bsr,True,2015-06-01T00:00:00,321,2015-06-01T00:00:00,320,2015-06-01T00:00:00,320,2015-05-25T00:00:00,0,2009-04-13T00:00:00,28,soybeans_weekly_rv
9,bsr,True,2015-06-01T00:00:00,321,2015-06-01T00:00:00,320,2015-06-01T00:00:00,320,2015-05-25T00:00:00,0,2009-04-13T00:00:00,28,ssta_lanina
9,bsr,True,2015-06-01T00:00:00,321,2015-06-01T00:00:00,320,2015-06-01T00:00:00,320,2015-05-25T00:00:00,0,2009-04-13T00:00:00,28,awnd_extreme_high_wind_in_harvesting
9,bsr,True,2015-06-01T00:00:00,321,2015-06-01T00:00:00,320,2015-06-01T00:00:00,320,2015-05-25T00:00:00,0,2009-04-13T00:00:00,28,pdsi_very_wet_in_harvesting
9,bsr,True,2015-06-01T00:00:00,321,2015-06-01T00:00:00,320,2015-06-01T00:00:00,320,2015-05-25T00:00:00,0,2009-04-13T00:00:00,28,pdsi_extreme_drought_in_harvesting
9,bsr,True,2015-06-01T00:00:00,321,2015-06-01T00:00:00,320,2015-06-01T00:00:00,320,2015-05-25T00:00:00,0,2009-04-13T00:00:00,28,pdsi_severe_drought_in_planting
9,bsr,True,2015-06-29T00:00:00,325,2015-06-29T00:00:00,324,2015-06-29T00:00:00,324,2015-06-22T00:00:00,0,2009-04-13T00:00:00,29,wheat_weekly_rv
9,bsr,True,2015-06-29T00:00:00,325,2015-06-29T00:00:00,324,2015-06-29T00:00:00,324,2015-06-22T00:00:00,0,2009-04-13T00:00:00,29,wheat_monthly_rv
9,bsr,True,2015-06-29T00:00:00,325,2015-06-29T00:00:00,324,2015-06-29T00:00:00,324,2015-06-22T00:00:00,0,2009-04-13T00:00:00,29,wheat_seasonal_rv
9,bsr,True,2015-06-29T00:00:00,325,2015-06-29T00:00:00,324,2015-06-29T00:00:00,324,2015-06-22T00:00:00,0,2009-04-13T00:00:00,29,soybeans_weekly_rv
9,bsr,True,2015-06-29T00:00:00,325,2015-06-29T00:00:00,324,2015-06-29T00:00:00,324,2015-06-22T00:00:00,0,2009-04-13T00:00:00,29,ssta_lanina
9,bsr,True,2015-06-29T00:00:00,325,2015-06-29T00:00:00,324,2015-06-29T00:00:00,324,2015-06-22T00:00:00,0,2009-04-13T00:00:00,29,awnd_extreme_high_wind_in_harvesting
9,bsr,True,2015-06-29T00:00:00,325,2015-06-29T00:00:00,324,2015-06-29T00:00:00,324,2015-06-22T00:00:00,0,2009-04-13T00:00:00,29,pdsi_very_wet_in_harvesting
9,bsr,True,2015-06-29T00:00:00,325,2015-06-29T00:00:00,324,2015-06-29T00:00:00,324,2015-06-22T00:00:00,0,2009-04-13T00:00:00,29,pdsi_extreme_drought_in_harvesting
9,bsr,True,2015-06-29T00:00:00,325,2015-06-29T00:00:00,324,2015-06-29T00:00:00,324,2015-06-22T00:00:00,0,2009-04-13T00:00:00,29,pdsi_severe_drought_in_planting
9,bsr,True,2015-07-27T00:00:00,329,2015-07-27T00:00:00,328,2015-07-27T00:00:00,328,2015-07-20T00:00:00,0,2009-04-13T00:00:00,30,wheat_weekly_rv
9,bsr,True,2015-07-27T00:00:00,329,2015-07-27T00:00:00,328,2015-07-27T00:00:00,328,2015-07-20T00:00:00,0,2009-04-13T00:00:00,30,wheat_monthly_rv
9,bsr,True,2015-07-27T00:00:00,329,2015-07-27T00:00:00,328,2015-07-27T00:00:00,328,2015-07-20T00:00:00,0,2009-04-13T00:00:00,30,wheat_seasonal_rv
9,bsr,True,2015-07-27T00:00:00,329,2015-07-27T00:00:00,328,2015-07-27T00:00:00,328,2015-07-20T00:00:00,0,2009-04-13T00:00:00,30,soybeans_weekly_rv
9,bsr,True,2015-07-27T00:00:00,329,2015-07-27T00:00:00,328,2015-07-27T00:00:00,328,2015-07-20T00:00:00,0,2009-04-13T00:00:00,30,ssta_lanina
9,bsr,True,2015-07-27T00:00:00,329,2015-07-27T00:00:00,328,2015-07-27T00:00:00,328,2015-07-20T00:00:00,0,2009-04-13T00:00:00,30,awnd_extreme_high_wind_in_harvesting
9,bsr,True,2015-07-27T00:00:00,329,2015-07-27T00:00:00,328,2015-07-27T00:00:00,328,2015-07-20T00:00:00,0,2009-04-13T00:00:00,30,pdsi_very_wet_in_harvesting
9,bsr,True,2015-07-27T00:00:00,329,2015-07-27T00:00:00,328,2015-07-27T00:00:00,328,2015-07-20T00:00:00,0,2009-04-13T00:00:00,30,pdsi_extreme_drought_in_harvesting
9,bsr,True,2015-07-27T00:00:00,329,2015-07-27T00:00:00,328,2015-07-27T00:00:00,328,2015-07-20T00:00:00,0,2009-04-13T00:00:00,30,pdsi_severe_drought_in_planting
9,bsr,True,2015-08-24T00:00:00,333,2015-08-24T00:00:00,332,2015-08-24T00:00:00,332,2015-08-17T00:00:00,0,2009-04-13T00:00:00,31,wheat_weekly_rv
9,bsr,True,2015-08-24T00:00:00,333,2015-08-24T00:00:00,332,2015-08-24T00:00:00,332,2015-08-17T00:00:00,0,2009-04-13T00:00:00,31,wheat_monthly_rv
9,bsr,True,2015-08-24T00:00:00,333,2015-08-24T00:00:00,332,2015-08-24T00:00:00,332,2015-08-17T00:00:00,0,2009-04-13T00:00:00,31,wheat_seasonal_rv
9,bsr,True,2015-08-24T00:00:00,333,2015-08-24T00:00:00,332,2015-08-24T00:00:00,332,2015-08-17T00:00:00,0,2009-04-13T00:00:00,31,soybeans_weekly_rv
9,bsr,True,2015-08-24T00:00:00,333,2015-08-24T00:00:00,332,2015-08-24T00:00:00,332,2015-08-17T00:00:00,0,2009-04-13T00:00:00,31,ssta_lanina
9,bsr,True,2015-08-24T00:00:00,333,2015-08-24T00:00:00,332,2015-08-24T00:00:00,332,2015-08-17T00:00:00,0,2009-04-13T00:00:00,31,awnd_extreme_high_wind_in_harvesting
9,bsr,True,2015-08-24T00:00:00,333,2015-08-24T00:00:00,332,2015-08-24T00:00:00,332,2015-08-17T00:00:00,0,2009-04-13T00:00:00,31,pdsi_very_wet_in_harvesting
9,bsr,True,2015-08-24T00:00:00,333,2015-08-24T00:00:00,332,2015-08-24T00:00:00,332,2015-08-17T00:00:00,0,2009-04-13T00:00:00,31,pdsi_extreme_drought_in_harvesting
9,bsr,True,2015-08-24T00:00:00,333,2015-08-24T00:00:00,332,2015-08-24T00:00:00,332,2015-08-17T00:00:00,0,2009-04-13T00:00:00,31,pdsi_severe_drought_in_planting
9,bsr,False,2015-09-21T00:00:00,337,2015-09-21T00:00:00,336,2015-09-21T00:00:00,336,2015-09-14T00:00:00,0,2009-04-13T00:00:00,32,wheat_weekly_rv
9,bsr,False,2015-09-21T00:00:00,337,2015-09-21T00:00:00,336,2015-09-21T00:00:00,336,2015-09-14T00:00:00,0,2009-04-13T00:00:00,32,wheat_monthly_rv
9,bsr,False,2015-09-21T00:00:00,337,2015-09-21T00:00:00,336,2015-09-21T00:00:00,336,2015-09-14T00:00:00,0,2009-04-13T00:00:00,32,wheat_seasonal_rv
9,bsr,False,2015-09-21T00:00:00,337,2015-09-21T00:00:00,336,2015-09-21T00:00:00,336,2015-09-14T00:00:00,0,2009-04-13T00:00:00,32,soybeans_weekly_rv
9,bsr,False,2015-09-21T00:00:00,337,2015-09-21T00:00:00,336,2015-09-21T00:00:00,336,2015-09-14T00:00:00,0,2009-04-13T00:00:00,32,ssta_elino
9,bsr,False,2015-09-21T00:00:00,337,2015-09-21T00:00:00,336,2015-09-21T00:00:00,336,2015-09-14T00:00:00,0,2009-04-13T00:00:00,32,ssta_lanina
9,bsr,False,2015-09-21T00:00:00,337,2015-09-21T00:00:00,336,2015-09-21T00:00:00,336,2015-09-14T00:00:00,0,2009-04-13T00:00:00,32,pdsi_very_wet_in_harvesting
9,bsr,False,2015-09-21T00:00:00,337,2015-09-21T00:00:00,336,2015-09-21T00:00:00,336,2015-09-14T00:00:00,0,2009-04-13T00:00:00,32,pdsi_extreme_drought_in_harvesting
9,bsr,False,2015-09-21T00:00:00,337,2015-09-21T00:00:00,336,2015-09-21T00:00:00,336,2015-09-14T00:00:00,0,2009-04-13T00:00:00,32,pdsi_severe_drought_in_planting
9,bsr,True,2015-10-19T00:00:00,341,2015-10-19T00:00:00,340,2015-10-19T00:00:00,340,2015-10-12T00:00:00,0,2009-04-13T00:00:00,33,wheat_weekly_rv
9,bsr,True,2015-10-19T00:00:00,341,2015-10-19T00:00:00,340,2015-10-19T00:00:00,340,2015-10-12T00:00:00,0,2009-04-13T00:00:00,33,wheat_monthly_rv
9,bsr,True,2015-10-19T00:00:00,341,2015-10-19T00:00:00,340,2015-10-19T00:00:00,340,2015-10-12T00:00:00,0,2009-04-13T00:00:00,33,wheat_seasonal_rv
9,bsr,True,2015-10-19T00:00:00,341,2015-10-19T00:00:00,340,2015-10-19T00:00:00,340,2015-10-12T00:00:00,0,2009-04-13T00:00:00,33,soybeans_weekly_rv
9,bsr,True,2015-10-19T00:00:00,341,2015-10-19T00:00:00,340,2015-10-19T00:00:00,340,2015-10-12T00:00:00,0,2009-04-13T00:00:00,33,ssta_elino
9,bsr,True,2015-10-19T00:00:00,341,2015-10-19T00:00:00,340,2015-10-19T00:00:00,340,2015-10-12T00:00:00,0,2009-04-13T00:00:00,33,ssta_lanina
9,bsr,True,2015-10-19T00:00:00,341,2015-10-19T00:00:00,340,2015-10-19T00:00:00,340,2015-10-12T00:00:00,0,2009-04-13T00:00:00,33,pdsi_very_wet_in_harvesting
9,bsr,True,2015-10-19T00:00:00,341,2015-10-19T00:00:00,340,2015-10-19T00:00:00,340,2015-10-12T00:00:00,0,2009-04-13T00:00:00,33,pdsi_extreme_drought_in_harvesting
9,bsr,True,2015-10-19T00:00:00,341,2015-10-19T00:00:00,340,2015-10-19T00:00:00,340,2015-10-12T00:00:00,0,2009-04-13T00:00:00,33,pdsi_severe_drought_in_planting
9,bsr,True,2015-11-16T00:00:00,345,2015-11-16T00:00:00,344,2015-11-16T00:00:00,344,2015-11-09T00:00:00,0,2009-04-13T00:00:00,34,wheat_weekly_rv
9,bsr,True,2015-11-16T00:00:00,345,2015-11-16T00:00:00,344,2015-11-16T00:00:00,344,2015-11-09T00:00:00,0,2009-04-13T00:00:00,34,wheat_monthly_rv
9,bsr,True,2015-11-16T00:00:00,345,2015-11-16T00:00:00,344,2015-11-16T00:00:00,344,2015-11-09T00:00:00,0,2009-04-13T00:00:00,34,wheat_seasonal_rv
9,bsr,True,2015-11-16T00:00:00,345,2015-11-16T00:00:00,344,2015-11-16T00:00:00,344,2015-11-09T00:00:00,0,2009-04-13T00:00:00,34,soybeans_weekly_rv
9,bsr,True,2015-11-16T00:00:00,345,2015-11-16T00:00:00,344,2015-11-16T00:00:00,344,2015-11-09T00:00:00,0,2009-04-13T00:00:00,34,ssta_elino
9,bsr,True,2015-11-16T00:00:00,345,2015-11-16T00:00:00,344,2015-11-16T00:00:00,344,2015-11-09T00:00:00,0,2009-04-13T00:00:00,34,ssta_lanina
9,bsr,True,2015-11-16T00:00:00,345,2015-11-16T00:00:00,344,2015-11-16T00:00:00,344,2015-11-09T00:00:00,0,2009-04-13T00:00:00,34,pdsi_very_wet_in_harvesting
9,bsr,True,2015-11-16T00:00:00,345,2015-11-16T00:00:00,344,2015-11-16T00:00:00,344,2015-11-09T00:00:00,0,2009-04-13T00:00:00,34,pdsi_extreme_drought_in_harvesting
9,bsr,True,2015-11-16T00:00:00,345,2015-11-16T00:00:00,344,2015-11-16T00:00:00,344,2015-11-09T00:00:00,0,2009-04-13T00:00:00,34,pdsi_severe_drought_in_planting
9,bsr,True,2015-12-14T00:00:00,349,2015-12-14T00:00:00,348,2015-12-14T00:00:00,348,2015-12-07T00:00:00,0,2009-04-13T00:00:00,35,wheat_weekly_rv
9,bsr,True,2015-12-14T00:00:00,349,2015-12-14T00:00:00,348,2015-12-14T00:00:00,348,2015-12-07T00:00:00,0,2009-04-13T00:00:00,35,wheat_monthly_rv
9,bsr,True,2015-12-14T00:00:00,349,2015-12-14T00:00:00,348,2015-12-14T00:00:00,348,2015-12-07T00:00:00,0,2009-04-13T00:00:00,35,wheat_seasonal_rv
9,bsr,True,2015-12-14T00:00:00,349,2015-12-14T00:00:00,348,2015-12-14T00:00:00,348,2015-12-07T00:00:00,0,2009-04-13T00:00:00,35,soybeans_weekly_rv
9,bsr,True,2015-12-14T00:00:00,349,2015-12-14T00:00:00,348,2015-12-14T00:00:00,348,2015-12-07T00:00:00,0,2009-04-13T00:00:00,35,ssta_elino
9,bsr,True,2015-12-14T00:00:00,349,2015-12-14T00:00:00,348,2015-12-14T00:00:00,348,2015-12-07T00:00:00,0,2009-04-13T00:00:00,35,ssta_lanina
9,bsr,True,2015-12-14T00:00:00,349,2015-12-14T00:00:00,348,2015-12-14T00:00:00,348,2015-12-07T00:00:00,0,2009-04-13T00:00:00,35,pdsi_very_wet_in_harvesting
9,bsr,True,2015-12-14T00:00:00,349,2015-12-14T00:00:00,348,2015-12-14T00:00:00,348,2015-12-07T00:00:00,0,2009-04-13T00:00:00,35,pdsi_extreme_drought_in_harvesting
9,bsr,True,2015-12-14T00:00:00,349,2015-12-14T00:00:00,348,2015-12-14T00:00:00,348,2015-12-07T00:00:00,0,2009-04-13T00:00:00,35,pdsi_severe_drought_in_planting
9,bsr,True,2016-01-11T00:00:00,353,2016-01-11T00:00:00,352,2016-01-11T00:00:00,352,2016-01-04T00:00:00,0,2009-04-13T00:00:00,36,wheat_weekly_rv
9,bsr,True,2016-01-11T00:00:00,353,2016-01-11T00:00:00,352,2016-01-11T00:00:00,352,2016-01-04T00:00:00,0,2009-04-13T00:00:00,36,wheat_monthly_rv
9,bsr,True,2016-01-11T00:00:00,353,2016-01-11T00:00:00,352,2016-01-11T00:00:00,352,2016-01-04T00:00:00,0,2009-04-13T00:00:00,36,wheat_seasonal_rv
9,bsr,True,2016-01-11T00:00:00,353,2016-01-11T00:00:00,352,2016-01-11T00:00:00,352,2016-01-04T00:00:00,0,2009-04-13T00:00:00,36,soybeans_weekly_rv
9,bsr,True,2016-01-11T00:00:00,353,2016-01-11T00:00:00,352,2016-01-11T00:00:00,352,2016-01-04T00:00:00,0,2009-04-13T00:00:00,36,ssta_elino
9,bsr,True,2016-01-11T00:00:00,353,2016-01-11T00:00:00,352,2016-01-11T00:00:00,352,2016-01-04T00:00:00,0,2009-04-13T00:00:00,36,ssta_lanina
9,bsr,True,2016-01-11T00:00:00,353,2016-01-11T00:00:00,352,2016-01-11T00:00:00,352,2016-01-04T00:00:00,0,2009-04-13T00:00:00,36,pdsi_very_wet_in_harvesting
9,bsr,True,2016-01-11T00:00:00,353,2016-01-11T00:00:00,352,2016-01-11T00:00:00,352,2016-01-04T00:00:00,0,2009-04-13T00:00:00,36,pdsi_extreme_drought_in_harvesting
9,bsr,True,2016-01-11T00:00:00,353,2016-01-11T00:00:00,352,2016-01-11T00:00:00,352,2016-01-04T00:00:00,0,2009-04-13T00:00:00,36,pdsi_severe_drought_in_planting
9,bsr,True,2016-02-08T00:00:00,357,2016-02-08T00:00:00,356,2016-02-08T00:00:00,356,2016-02-01T00:00:00,0,2009-04-13T00:00:00,37,wheat_weekly_rv
9,bsr,True,2016-02-08T00:00:00,357,2016-02-08T00:00:00,356,2016-02-08T00:00:00,356,2016-02-01T00:00:00,0,2009-04-13T00:00:00,37,wheat_monthly_rv
9,bsr,True,2016-02-08T00:00:00,357,2016-02-08T00:00:00,356,2016-02-08T00:00:00,356,2016-02-01T00:00:00,0,2009-04-13T00:00:00,37,wheat_seasonal_rv
9,bsr,True,2016-02-08T00:00:00,357,2016-02-08T00:00:00,356,2016-02-08T00:00:00,356,2016-02-01T00:00:00,0,2009-04-13T00:00:00,37,soybeans_weekly_rv
9,bsr,True,2016-02-08T00:00:00,357,2016-02-08T00:00:00,356,2016-02-08T00:00:00,356,2016-02-01T00:00:00,0,2009-04-13T00:00:00,37,ssta_elino
9,bsr,True,2016-02-08T00:00:00,357,2016-02-08T00:00:00,356,2016-02-08T00:00:00,356,2016-02-01T00:00:00,0,2009-04-13T00:00:00,37,ssta_lanina
9,bsr,True,2016-02-08T00:00:00,357,2016-02-08T00:00:00,356,2016-02-08T00:00:00,356,2016-02-01T00:00:00,0,2009-04-13T00:00:00,37,pdsi_very_wet_in_harvesting
9,bsr,True,2016-02-08T00:00:00,357,2016-02-08T00:00:00,356,2016-02-08T00:00:00,356,2016-02-01T00:00:00,0,2009-04-13T00:00:00,37,pdsi_extreme_drought_in_harvesting
9,bsr,True,2016-02-08T00:00:00,357,2016-02-08T00:00:00,356,2016-02-08T00:00:00,356,2016-02-01T00:00:00,0,2009-04-13T00:00:00,37,pdsi_severe_drought_in_planting
9,bsr,True,2016-03-07T00:00:00,361,2016-03-07T00:00:00,360,2016-03-07T00:00:00,360,2016-02-29T00:00:00,0,2009-04-13T00:00:00,38,wheat_weekly_rv
9,bsr,True,2016-03-07T00:00:00,361,2016-03-07T00:00:00,360,2016-03-07T00:00:00,360,2016-02-29T00:00:00,0,2009-04-13T00:00:00,38,wheat_monthly_rv
9,bsr,True,2016-03-07T00:00:00,361,2016-03-07T00:00:00,360,2016-03-07T00:00:00,360,2016-02-29T00:00:00,0,2009-04-13T00:00:00,38,wheat_seasonal_rv
9,bsr,True,2016-03-07T00:00:00,361,2016-03-07T00:00:00,360,2016-03-07T00:00:00,360,2016-02-29T00:00:00,0,2009-04-13T00:00:00,38,soybeans_weekly_rv
9,bsr,True,2016-03-07T00:00:00,361,2016-03-07T00:00:00,360,2016-03-07T00:00:00,360,2016-02-29T00:00:00,0,2009-04-13T00:00:00,38,ssta_elino
9,bsr,True,2016-03-07T00:00:00,361,2016-03-07T00:00:00,360,2016-03-07T00:00:00,360,2016-02-29T00:00:00,0,2009-04-13T00:00:00,38,ssta_lanina
9,bsr,True,2016-03-07T00:00:00,361,2016-03-07T00:00:00,360,2016-03-07T00:00:00,360,2016-02-29T00:00:00,0,2009-04-13T00:00:00,38,pdsi_very_wet_in_harvesting
9,bsr,True,2016-03-07T00:00:00,361,2016-03-07T00:00:00,360,2016-03-07T00:00:00,360,2016-02-29T00:00:00,0,2009-04-13T00:00:00,38,pdsi_extreme_drought_in_harvesting
9,bsr,True,2016-03-07T00:00:00,361,2016-03-07T00:00:00,360,2016-03-07T00:00:00,360,2016-02-29T00:00:00,0,2009-04-13T00:00:00,38,pdsi_severe_drought_in_planting
9,bsr,True,2016-04-04T00:00:00,365,2016-04-04T00:00:00,364,2016-04-04T00:00:00,364,2016-03-28T00:00:00,0,2009-04-13T00:00:00,39,wheat_weekly_rv
9,bsr,True,2016-04-04T00:00:00,365,2016-04-04T00:00:00,364,2016-04-04T00:00:00,364,2016-03-28T00:00:00,0,2009-04-13T00:00:00,39,wheat_monthly_rv
9,bsr,True,2016-04-04T00:00:00,365,2016-04-04T00:00:00,364,2016-04-04T00:00:00,364,2016-03-28T00:00:00,0,2009-04-13T00:00:00,39,wheat_seasonal_rv
9,bsr,True,2016-04-04T00:00:00,365,2016-04-04T00:00:00,364,2016-04-04T00:00:00,364,2016-03-28T00:00:00,0,2009-04-13T00:00:00,39,soybeans_weekly_rv
9,bsr,True,2016-04-04T00:00:00,365,2016-04-04T00:00:00,364,2016-04-04T00:00:00,364,2016-03-28T00:00:00,0,2009-04-13T00:00:00,39,ssta_elino
9,bsr,True,2016-04-04T00:00:00,365,2016-04-04T00:00:00,364,2016-04-04T00:00:00,364,2016-03-28T00:00:00,0,2009-04-13T00:00:00,39,ssta_lanina
9,bsr,True,2016-04-04T00:00:00,365,2016-04-04T00:00:00,364,2016-04-04T00:00:00,364,2016-03-28T00:00:00,0,2009-04-13T00:00:00,39,pdsi_very_wet_in_harvesting
9,bsr,True,2016-04-04T00:00:00,365,2016-04-04T00:00:00,364,2016-04-04T00:00:00,364,2016-03-28T00:00:00,0,2009-04-13T00:00:00,39,pdsi_extreme_drought_in_harvesting
9,bsr,True,2016-04-04T00:00:00,365,2016-04-04T00:00:00,364,2016-04-04T00:00:00,364,2016-03-28T00:00:00,0,2009-04-13T00:00:00,39,pdsi_severe_drought_in_planting
9,bsr,False,2016-05-02T00:00:00,369,2016-05-02T00:00:00,368,2016-05-02T00:00:00,368,2016-04-25T00:00:00,0,2009-04-13T00:00:00,40,wheat_weekly_rv
9,bsr,False,2016-05-02T00:00:00,369,2016-05-02T00:00:00,368,2016-05-02T00:00:00,368,2016-04-25T00:00:00,0,2009-04-13T00:00:00,40,wheat_monthly_rv
9,bsr,False,2016-05-02T00:00:00,369,2016-05-02T00:00:00,368,2016-05-02T00:00:00,368,2016-04-25T00:00:00,0,2009-04-13T00:00:00,40,wheat_seasonal_rv
9,bsr,False,2016-05-02T00:00:00,369,2016-05-02T00:00:00,368,2016-05-02T00:00:00,368,2016-04-25T00:00:00,0,2009-04-13T00:00:00,40,soybeans_weekly_rv
9,bsr,False,2016-05-02T00:00:00,369,2016-05-02T00:00:00,368,2016-05-02T00:00:00,368,2016-04-25T00:00:00,0,2009-04-13T00:00:00,40,ssta_elino
9,bsr,False,2016-05-02T00:00:00,369,2016-05-02T00:00:00,368,2016-05-02T00:00:00,368,2016-04-25T00:00:00,0,2009-04-13T00:00:00,40,ssta_lanina
9,bsr,False,2016-05-02T00:00:00,369,2016-05-02T00:00:00,368,2016-05-02T00:00:00,368,2016-04-25T00:00:00,0,2009-04-13T00:00:00,40,pdsi_very_wet_in_harvesting
9,bsr,False,2016-05-02T00:00:00,369,2016-05-02T00:00:00,368,2016-05-02T00:00:00,368,2016-04-25T00:00:00,0,2009-04-13T00:00:00,40,pdsi_extreme_drought_in_harvesting
9,bsr,False,2016-05-02T00:00:00,369,2016-05-02T00:00:00,368,2016-05-02T00:00:00,368,2016-04-25T00:00:00,0,2009-04-13T00:00:00,40,pdsi_severe_drought_in_planting
9,bsr,True,2016-05-30T00:00:00,373,2016-05-30T00:00:00,372,2016-05-30T00:00:00,372,2016-05-23T00:00:00,0,2009-04-13T00:00:00,41,wheat_weekly_rv
9,bsr,True,2016-05-30T00:00:00,373,2016-05-30T00:00:00,372,2016-05-30T00:00:00,372,2016-05-23T00:00:00,0,2009-04-13T00:00:00,41,wheat_monthly_rv
9,bsr,True,2016-05-30T00:00:00,373,2016-05-30T00:00:00,372,2016-05-30T00:00:00,372,2016-05-23T00:00:00,0,2009-04-13T00:00:00,41,wheat_seasonal_rv
9,bsr,True,2016-05-30T00:00:00,373,2016-05-30T00:00:00,372,2016-05-30T00:00:00,372,2016-05-23T00:00:00,0,2009-04-13T00:00:00,41,soybeans_weekly_rv
9,bsr,True,2016-05-30T00:00:00,373,2016-05-30T00:00:00,372,2016-05-30T00:00:00,372,2016-05-23T00:00:00,0,2009-04-13T00:00:00,41,ssta_elino
9,bsr,True,2016-05-30T00:00:00,373,2016-05-30T00:00:00,372,2016-05-30T00:00:00,372,2016-05-23T00:00:00,0,2009-04-13T00:00:00,41,ssta_lanina
9,bsr,True,2016-05-30T00:00:00,373,2016-05-30T00:00:00,372,2016-05-30T00:00:00,372,2016-05-23T00:00:00,0,2009-04-13T00:00:00,41,pdsi_very_wet_in_harvesting
9,bsr,True,2016-05-30T00:00:00,373,2016-05-30T00:00:00,372,2016-05-30T00:00:00,372,2016-05-23T00:00:00,0,2009-04-13T00:00:00,41,pdsi_extreme_drought_in_harvesting
9,bsr,True,2016-05-30T00:00:00,373,2016-05-30T00:00:00,372,2016-05-30T00:00:00,372,2016-05-23T00:00:00,0,2009-04-13T00:00:00,41,pdsi_severe_drought_in_planting
9,bsr,True,2016-06-27T00:00:00,377,2016-06-27T00:00:00,376,2016-06-27T00:00:00,376,2016-06-20T00:00:00,0,2009-04-13T00:00:00,42,wheat_weekly_rv
9,bsr,True,2016-06-27T00:00:00,377,2016-06-27T00:00:00,376,2016-06-27T00:00:00,376,2016-06-20T00:00:00,0,2009-04-13T00:00:00,42,wheat_monthly_rv
9,bsr,True,2016-06-27T00:00:00,377,2016-06-27T00:00:00,376,2016-06-27T00:00:00,376,2016-06-20T00:00:00,0,2009-04-13T00:00:00,42,wheat_seasonal_rv
9,bsr,True,2016-06-27T00:00:00,377,2016-06-27T00:00:00,376,2016-06-27T00:00:00,376,2016-06-20T00:00:00,0,2009-04-13T00:00:00,42,soybeans_weekly_rv
9,bsr,True,2016-06-27T00:00:00,377,2016-06-27T00:00:00,376,2016-06-27T00:00:00,376,2016-06-20T00:00:00,0,2009-04-13T00:00:00,42,ssta_elino
9,bsr,True,2016-06-27T00:00:00,377,2016-06-27T00:00:00,376,2016-06-27T00:00:00,376,2016-06-20T00:00:00,0,2009-04-13T00:00:00,42,ssta_lanina
9,bsr,True,2016-06-27T00:00:00,377,2016-06-27T00:00:00,376,2016-06-27T00:00:00,376,2016-06-20T00:00:00,0,2009-04-13T00:00:00,42,pdsi_very_wet_in_harvesting
9,bsr,True,2016-06-27T00:00:00,377,2016-06-27T00:00:00,376,2016-06-27T00:00:00,376,2016-06-20T00:00:00,0,2009-04-13T00:00:00,42,pdsi_extreme_drought_in_harvesting
9,bsr,True,2016-06-27T00:00:00,377,2016-06-27T00:00:00,376,2016-06-27T00:00:00,376,2016-06-20T00:00:00,0,2009-04-13T00:00:00,42,pdsi_severe_drought_in_planting
9,bsr,True,2016-07-25T00:00:00,381,2016-07-25T00:00:00,380,2016-07-25T00:00:00,380,2016-07-18T00:00:00,0,2009-04-13T00:00:00,43,wheat_weekly_rv
9,bsr,True,2016-07-25T00:00:00,381,2016-07-25T00:00:00,380,2016-07-25T00:00:00,380,2016-07-18T00:00:00,0,2009-04-13T00:00:00,43,wheat_monthly_rv
9,bsr,True,2016-07-25T00:00:00,381,2016-07-25T00:00:00,380,2016-07-25T00:00:00,380,2016-07-18T00:00:00,0,2009-04-13T00:00:00,43,wheat_seasonal_rv
9,bsr,True,2016-07-25T00:00:00,381,2016-07-25T00:00:00,380,2016-07-25T00:00:00,380,2016-07-18T00:00:00,0,2009-04-13T00:00:00,43,soybeans_weekly_rv
9,bsr,True,2016-07-25T00:00:00,381,2016-07-25T00:00:00,380,2016-07-25T00:00:00,380,2016-07-18T00:00:00,0,2009-04-13T00:00:00,43,ssta_elino
9,bsr,True,2016-07-25T00:00:00,381,2016-07-25T00:00:00,380,2016-07-25T00:00:00,380,2016-07-18T00:00:00,0,2009-04-13T00:00:00,43,ssta_lanina
9,bsr,True,2016-07-25T00:00:00,381,2016-07-25T00:00:00,380,2016-07-25T00:00:00,380,2016-07-18T00:00:00,0,2009-04-13T00:00:00,43,pdsi_very_wet_in_harvesting
9,bsr,True,2016-07-25T00:00:00,381,2016-07-25T00:00:00,380,2016-07-25T00:00:00,380,2016-07-18T00:00:00,0,2009-04-13T00:00:00,43,pdsi_extreme_drought_in_harvesting
9,bsr,True,2016-07-25T00:00:00,381,2016-07-25T00:00:00,380,2016-07-25T00:00:00,380,2016-07-18T00:00:00,0,2009-04-13T00:00:00,43,pdsi_severe_drought_in_planting
9,bsr,True,2016-08-22T00:00:00,385,2016-08-22T00:00:00,384,2016-08-22T00:00:00,384,2016-08-15T00:00:00,0,2009-04-13T00:00:00,44,wheat_weekly_rv
9,bsr,True,2016-08-22T00:00:00,385,2016-08-22T00:00:00,384,2016-08-22T00:00:00,384,2016-08-15T00:00:00,0,2009-04-13T00:00:00,44,wheat_monthly_rv
9,bsr,True,2016-08-22T00:00:00,385,2016-08-22T00:00:00,384,2016-08-22T00:00:00,384,2016-08-15T00:00:00,0,2009-04-13T00:00:00,44,wheat_seasonal_rv
9,bsr,True,2016-08-22T00:00:00,385,2016-08-22T00:00:00,384,2016-08-22T00:00:00,384,2016-08-15T00:00:00,0,2009-04-13T00:00:00,44,soybeans_weekly_rv
9,bsr,True,2016-08-22T00:00:00,385,2016-08-22T00:00:00,384,2016-08-22T00:00:00,384,2016-08-15T00:00:00,0,2009-04-13T00:00:00,44,ssta_elino
9,bsr,True,2016-08-22T00:00:00,385,2016-08-22T00:00:00,384,2016-08-22T00:00:00,384,2016-08-15T00:00:00,0,2009-04-13T00:00:00,44,ssta_lanina
9,bsr,True,2016-08-22T00:00:00,385,2016-08-22T00:00:00,384,2016-08-22T00:00:00,384,2016-08-15T00:00:00,0,2009-04-13T00:00:00,44,pdsi_very_wet_in_harvesting
9,bsr,True,2016-08-22T00:00:00,385,2016-08-22T00:00:00,384,2016-08-22T00:00:00,384,2016-08-15T00:00:00,0,2009-04-13T00:00:00,44,pdsi_extreme_drought_in_harvesting
9,bsr,True,2016-08-22T00:00:00,385,2016-08-22T00:00:00,384,2016-08-22T00:00:00,384,2016-08-15T00:00:00,0,2009-04-13T00:00:00,44,pdsi_severe_drought_in_planting
9,bsr,True,2016-09-19T00:00:00,389,2016-09-19T00:00:00,388,2016-09-19T00:00:00,388,2016-09-12T00:00:00,0,2009-04-13T00:00:00,45,wheat_weekly_rv
9,bsr,True,2016-09-19T00:00:00,389,2016-09-19T00:00:00,388,2016-09-19T00:00:00,388,2016-09-12T00:00:00,0,2009-04-13T00:00:00,45,wheat_monthly_rv
9,bsr,True,2016-09-19T00:00:00,389,2016-09-19T00:00:00,388,2016-09-19T00:00:00,388,2016-09-12T00:00:00,0,2009-04-13T00:00:00,45,wheat_seasonal_rv
9,bsr,True,2016-09-19T00:00:00,389,2016-09-19T00:00:00,388,2016-09-19T00:00:00,388,2016-09-12T00:00:00,0,2009-04-13T00:00:00,45,soybeans_weekly_rv
9,bsr,True,2016-09-19T00:00:00,389,2016-09-19T00:00:00,388,2016-09-19T00:00:00,388,2016-09-12T00:00:00,0,2009-04-13T00:00:00,45,ssta_elino
9,bsr,True,2016-09-19T00:00:00,389,2016-09-19T00:00:00,388,2016-09-19T00:00:00,388,2016-09-12T00:00:00,0,2009-04-13T00:00:00,45,ssta_lanina
9,bsr,True,2016-09-19T00:00:00,389,2016-09-19T00:00:00,388,2016-09-19T00:00:00,388,2016-09-12T00:00:00,0,2009-04-13T00:00:00,45,pdsi_very_wet_in_harvesting
9,bsr,True,2016-09-19T00:00:00,389,2016-09-19T00:00:00,388,2016-09-19T00:00:00,388,2016-09-12T00:00:00,0,2009-04-13T00:00:00,45,pdsi_extreme_drought_in_harvesting
9,bsr,True,2016-09-19T00:00:00,389,2016-09-19T00:00:00,388,2016-09-19T00:00:00,388,2016-09-12T00:00:00,0,2009-04-13T00:00:00,45,pdsi_severe_drought_in_planting
9,bsr,True,2016-10-17T00:00:00,393,2016-10-17T00:00:00,392,2016-10-17T00:00:00,392,2016-10-10T00:00:00,0,2009-04-13T00:00:00,46,wheat_weekly_rv
9,bsr,True,2016-10-17T00:00:00,393,2016-10-17T00:00:00,392,2016-10-17T00:00:00,392,2016-10-10T00:00:00,0,2009-04-13T00:00:00,46,wheat_monthly_rv
9,bsr,True,2016-10-17T00:00:00,393,2016-10-17T00:00:00,392,2016-10-17T00:00:00,392,2016-10-10T00:00:00,0,2009-04-13T00:00:00,46,wheat_seasonal_rv
9,bsr,True,2016-10-17T00:00:00,393,2016-10-17T00:00:00,392,2016-10-17T00:00:00,392,2016-10-10T00:00:00,0,2009-04-13T00:00:00,46,soybeans_weekly_rv
9,bsr,True,2016-10-17T00:00:00,393,2016-10-17T00:00:00,392,2016-10-17T00:00:00,392,2016-10-10T00:00:00,0,2009-04-13T00:00:00,46,ssta_elino
9,bsr,True,2016-10-17T00:00:00,393,2016-10-17T00:00:00,392,2016-10-17T00:00:00,392,2016-10-10T00:00:00,0,2009-04-13T00:00:00,46,ssta_lanina
9,bsr,True,2016-10-17T00:00:00,393,2016-10-17T00:00:00,392,2016-10-17T00:00:00,392,2016-10-10T00:00:00,0,2009-04-13T00:00:00,46,pdsi_very_wet_in_harvesting
9,bsr,True,2016-10-17T00:00:00,393,2016-10-17T00:00:00,392,2016-10-17T00:00:00,392,2016-10-10T00:00:00,0,2009-04-13T00:00:00,46,pdsi_extreme_drought_in_harvesting
9,bsr,True,2016-10-17T00:00:00,393,2016-10-17T00:00:00,392,2016-10-17T00:00:00,392,2016-10-10T00:00:00,0,2009-04-13T00:00:00,46,pdsi_severe_drought_in_planting
9,bsr,True,2016-11-14T00:00:00,397,2016-11-14T00:00:00,396,2016-11-14T00:00:00,396,2016-11-07T00:00:00,0,2009-04-13T00:00:00,47,wheat_weekly_rv
9,bsr,True,2016-11-14T00:00:00,397,2016-11-14T00:00:00,396,2016-11-14T00:00:00,396,2016-11-07T00:00:00,0,2009-04-13T00:00:00,47,wheat_monthly_rv
9,bsr,True,2016-11-14T00:00:00,397,2016-11-14T00:00:00,396,2016-11-14T00:00:00,396,2016-11-07T00:00:00,0,2009-04-13T00:00:00,47,wheat_seasonal_rv
9,bsr,True,2016-11-14T00:00:00,397,2016-11-14T00:00:00,396,2016-11-14T00:00:00,396,2016-11-07T00:00:00,0,2009-04-13T00:00:00,47,soybeans_weekly_rv
9,bsr,True,2016-11-14T00:00:00,397,2016-11-14T00:00:00,396,2016-11-14T00:00:00,396,2016-11-07T00:00:00,0,2009-04-13T00:00:00,47,ssta_elino
9,bsr,True,2016-11-14T00:00:00,397,2016-11-14T00:00:00,396,2016-11-14T00:00:00,396,2016-11-07T00:00:00,0,2009-04-13T00:00:00,47,ssta_lanina
9,bsr,True,2016-11-14T00:00:00,397,2016-11-14T00:00:00,396,2016-11-14T00:00:00,396,2016-11-07T00:00:00,0,2009-04-13T00:00:00,47,pdsi_very_wet_in_harvesting
9,bsr,True,2016-11-14T00:00:00,397,2016-11-14T00:00:00,396,2016-11-14T00:00:00,396,2016-11-07T00:00:00,0,2009-04-13T00:00:00,47,pdsi_extreme_drought_in_harvesting
9,bsr,True,2016-11-14T00:00:00,397,2016-11-14T00:00:00,396,2016-11-14T00:00:00,396,2016-11-07T00:00:00,0,2009-04-13T00:00:00,47,pdsi_severe_drought_in_planting
15,bsr,False,2016-12-12T00:00:00,401,2016-12-12T00:00:00,400,2016-12-12T00:00:00,400,2016-12-05T00:00:00,0,2009-04-13T00:00:00,48,wheat_weekly_rv
15,bsr,False,2016-12-12T00:00:00,401,2016-12-12T00:00:00,400,2016-12-12T00:00:00,400,2016-12-05T00:00:00,0,2009-04-13T00:00:00,48,wheat_monthly_rv
15,bsr,False,2016-12-12T00:00:00,401,2016-12-12T00:00:00,400,2016-12-12T00:00:00,400,2016-12-05T00:00:00,0,2009-04-13T00:00:00,48,wheat_seasonal_rv
15,bsr,False,2016-12-12T00:00:00,401,2016-12-12T00:00:00,400,2016-12-12T00:00:00,400,2016-12-05T00:00:00,0,2009-04-13T00:00:00,48,soybeans_weekly_rv
15,bsr,False,2016-12-12T00:00:00,401,2016-12-12T00:00:00,400,2016-12-12T00:00:00,400,2016-12-05T00:00:00,0,2009-04-13T00:00:00,48,ssta_elino
15,bsr,False,2016-12-12T00:00:00,401,2016-12-12T00:00:00,400,2016-12-12T00:00:00,400,2016-12-05T00:00:00,0,2009-04-13T00:00:00,48,ssta_lanina
15,bsr,False,2016-12-12T00:00:00,401,2016-12-12T00:00:00,400,2016-12-12T00:00:00,400,2016-12-05T00:00:00,0,2009-04-13T00:00:00,48,tmax_hot_in_planting
15,bsr,False,2016-12-12T00:00:00,401,2016-12-12T00:00:00,400,2016-12-12T00:00:00,400,2016-12-05T00:00:00,0,2009-04-13T00:00:00,48,tmax_very_hot_in_planting
15,bsr,False,2016-12-12T00:00:00,401,2016-12-12T00:00:00,400,2016-12-12T00:00:00,400,2016-12-05T00:00:00,0,2009-04-13T00:00:00,48,awnd_moderate_high_wind_in_planting
15,bsr,False,2016-12-12T00:00:00,401,2016-12-12T00:00:00,400,2016-12-12T00:00:00,400,2016-12-05T00:00:00,0,2009-04-13T00:00:00,48,spi_7d_extreme_dry_in_planting
15,bsr,False,2016-12-12T00:00:00,401,2016-12-12T00:00:00,400,2016-12-12T00:00:00,400,2016-12-05T00:00:00,0,2009-04-13T00:00:00,48,pdsi_very_wet_in_planting
15,bsr,False,2016-12-12T00:00:00,401,2016-12-12T00:00:00,400,2016-12-12T00:00:00,400,2016-12-05T00:00:00,0,2009-04-13T00:00:00,48,pdsi_very_wet_in_harvesting
15,bsr,False,2016-12-12T00:00:00,401,2016-12-12T00:00:00,400,2016-12-12T00:00:00,400,2016-12-05T00:00:00,0,2009-04-13T00:00:00,48,pdsi_extreme_drought_in_harvesting
15,bsr,False,2016-12-12T00:00:00,401,2016-12-12T00:00:00,400,2016-12-12T00:00:00,400,2016-12-05T00:00:00,0,2009-04-13T00:00:00,48,pdsi_severe_drought_in_planting
15,bsr,False,2016-12-12T00:00:00,401,2016-12-12T00:00:00,400,2016-12-12T00:00:00,400,2016-12-05T00:00:00,0,2009-04-13T00:00:00,48,co2_extreme_in_planting
15,bsr,True,2017-01-09T00:00:00,405,2017-01-09T00:00:00,404,2017-01-09T00:00:00,404,2017-01-02T00:00:00,0,2009-04-13T00:00:00,49,wheat_weekly_rv
15,bsr,True,2017-01-09T00:00:00,405,2017-01-09T00:00:00,404,2017-01-09T00:00:00,404,2017-01-02T00:00:00,0,2009-04-13T00:00:00,49,wheat_monthly_rv
15,bsr,True,2017-01-09T00:00:00,405,2017-01-09T00:00:00,404,2017-01-09T00:00:00,404,2017-01-02T00:00:00,0,2009-04-13T00:00:00,49,wheat_seasonal_rv
15,bsr,True,2017-01-09T00:00:00,405,2017-01-09T00:00:00,404,2017-01-09T00:00:00,404,2017-01-02T00:00:00,0,2009-04-13T00:00:00,49,soybeans_weekly_rv
15,bsr,True,2017-01-09T00:00:00,405,2017-01-09T00:00:00,404,2017-01-09T00:00:00,404,2017-01-02T00:00:00,0,2009-04-13T00:00:00,49,ssta_elino
15,bsr,True,2017-01-09T00:00:00,405,2017-01-09T00:00:00,404,2017-01-09T00:00:00,404,2017-01-02T00:00:00,0,2009-04-13T00:00:00,49,ssta_lanina
15,bsr,True,2017-01-09T00:00:00,405,2017-01-09T00:00:00,404,2017-01-09T00:00:00,404,2017-01-02T00:00:00,0,2009-04-13T00:00:00,49,tmax_hot_in_planting
15,bsr,True,2017-01-09T00:00:00,405,2017-01-09T00:00:00,404,2017-01-09T00:00:00,404,2017-01-02T00:00:00,0,2009-04-13T00:00:00,49,tmax_very_hot_in_planting
15,bsr,True,2017-01-09T00:00:00,405,2017-01-09T00:00:00,404,2017-01-09T00:00:00,404,2017-01-02T00:00:00,0,2009-04-13T00:00:00,49,awnd_moderate_high_wind_in_planting
15,bsr,True,2017-01-09T00:00:00,405,2017-01-09T00:00:00,404,2017-01-09T00:00:00,404,2017-01-02T00:00:00,0,2009-04-13T00:00:00,49,spi_7d_extreme_dry_in_planting
15,bsr,True,2017-01-09T00:00:00,405,2017-01-09T00:00:00,404,2017-01-09T00:00:00,404,2017-01-02T00:00:00,0,2009-04-13T00:00:00,49,pdsi_very_wet_in_planting
15,bsr,True,2017-01-09T00:00:00,405,2017-01-09T00:00:00,404,2017-01-09T00:00:00,404,2017-01-02T00:00:00,0,2009-04-13T00:00:00,49,pdsi_very_wet_in_harvesting
15,bsr,True,2017-01-09T00:00:00,405,2017-01-09T00:00:00,404,2017-01-09T00:00:00,404,2017-01-02T00:00:00,0,2009-04-13T00:00:00,49,pdsi_extreme_drought_in_harvesting
15,bsr,True,2017-01-09T00:00:00,405,2017-01-09T00:00:00,404,2017-01-09T00:00:00,404,2017-01-02T00:00:00,0,2009-04-13T00:00:00,49,pdsi_severe_drought_in_planting
15,bsr,True,2017-01-09T00:00:00,405,2017-01-09T00:00:00,404,2017-01-09T00:00:00,404,2017-01-02T00:00:00,0,2009-04-13T00:00:00,49,co2_extreme_in_planting
15,bsr,True,2017-02-06T00:00:00,409,2017-02-06T00:00:00,408,2017-02-06T00:00:00,408,2017-01-30T00:00:00,0,2009-04-13T00:00:00,50,wheat_weekly_rv
15,bsr,True,2017-02-06T00:00:00,409,2017-02-06T00:00:00,408,2017-02-06T00:00:00,408,2017-01-30T00:00:00,0,2009-04-13T00:00:00,50,wheat_monthly_rv
15,bsr,True,2017-02-06T00:00:00,409,2017-02-06T00:00:00,408,2017-02-06T00:00:00,408,2017-01-30T00:00:00,0,2009-04-13T00:00:00,50,wheat_seasonal_rv
15,bsr,True,2017-02-06T00:00:00,409,2017-02-06T00:00:00,408,2017-02-06T00:00:00,408,2017-01-30T00:00:00,0,2009-04-13T00:00:00,50,soybeans_weekly_rv
15,bsr,True,2017-02-06T00:00:00,409,2017-02-06T00:00:00,408,2017-02-06T00:00:00,408,2017-01-30T00:00:00,0,2009-04-13T00:00:00,50,ssta_elino
15,bsr,True,2017-02-06T00:00:00,409,2017-02-06T00:00:00,408,2017-02-06T00:00:00,408,2017-01-30T00:00:00,0,2009-04-13T00:00:00,50,ssta_lanina
15,bsr,True,2017-02-06T00:00:00,409,2017-02-06T00:00:00,408,2017-02-06T00:00:00,408,2017-01-30T00:00:00,0,2009-04-13T00:00:00,50,tmax_hot_in_planting
15,bsr,True,2017-02-06T00:00:00,409,2017-02-06T00:00:00,408,2017-02-06T00:00:00,408,2017-01-30T00:00:00,0,2009-04-13T00:00:00,50,tmax_very_hot_in_planting
15,bsr,True,2017-02-06T00:00:00,409,2017-02-06T00:00:00,408,2017-02-06T00:00:00,408,2017-01-30T00:00:00,0,2009-04-13T00:00:00,50,awnd_moderate_high_wind_in_planting
15,bsr,True,2017-02-06T00:00:00,409,2017-02-06T00:00:00,408,2017-02-06T00:00:00,408,2017-01-30T00:00:00,0,2009-04-13T00:00:00,50,spi_7d_extreme_dry_in_planting
15,bsr,True,2017-02-06T00:00:00,409,2017-02-06T00:00:00,408,2017-02-06T00:00:00,408,2017-01-30T00:00:00,0,2009-04-13T00:00:00,50,pdsi_very_wet_in_planting
15,bsr,True,2017-02-06T00:00:00,409,2017-02-06T00:00:00,408,2017-02-06T00:00:00,408,2017-01-30T00:00:00,0,2009-04-13T00:00:00,50,pdsi_very_wet_in_harvesting
15,bsr,True,2017-02-06T00:00:00,409,2017-02-06T00:00:00,408,2017-02-06T00:00:00,408,2017-01-30T00:00:00,0,2009-04-13T00:00:00,50,pdsi_extreme_drought_in_harvesting
15,bsr,True,2017-02-06T00:00:00,409,2017-02-06T00:00:00,408,2017-02-06T00:00:00,408,2017-01-30T00:00:00,0,2009-04-13T00:00:00,50,pdsi_severe_drought_in_planting
15,bsr,True,2017-02-06T00:00:00,409,2017-02-06T00:00:00,408,2017-02-06T00:00:00,408,2017-01-30T00:00:00,0,2009-04-13T00:00:00,50,co2_extreme_in_planting
15,bsr,True,2017-03-06T00:00:00,413,2017-03-06T00:00:00,412,2017-03-06T00:00:00,412,2017-02-27T00:00:00,0,2009-04-13T00:00:00,51,wheat_weekly_rv
15,bsr,True,2017-03-06T00:00:00,413,2017-03-06T00:00:00,412,2017-03-06T00:00:00,412,2017-02-27T00:00:00,0,2009-04-13T00:00:00,51,wheat_monthly_rv
15,bsr,True,2017-03-06T00:00:00,413,2017-03-06T00:00:00,412,2017-03-06T00:00:00,412,2017-02-27T00:00:00,0,2009-04-13T00:00:00,51,wheat_seasonal_rv
15,bsr,True,2017-03-06T00:00:00,413,2017-03-06T00:00:00,412,2017-03-06T00:00:00,412,2017-02-27T00:00:00,0,2009-04-13T00:00:00,51,soybeans_weekly_rv
15,bsr,True,2017-03-06T00:00:00,413,2017-03-06T00:00:00,412,2017-03-06T00:00:00,412,2017-02-27T00:00:00,0,2009-04-13T00:00:00,51,ssta_elino
15,bsr,True,2017-03-06T00:00:00,413,2017-03-06T00:00:00,412,2017-03-06T00:00:00,412,2017-02-27T00:00:00,0,2009-04-13T00:00:00,51,ssta_lanina
15,bsr,True,2017-03-06T00:00:00,413,2017-03-06T00:00:00,412,2017-03-06T00:00:00,412,2017-02-27T00:00:00,0,2009-04-13T00:00:00,51,tmax_hot_in_planting
15,bsr,True,2017-03-06T00:00:00,413,2017-03-06T00:00:00,412,2017-03-06T00:00:00,412,2017-02-27T00:00:00,0,2009-04-13T00:00:00,51,tmax_very_hot_in_planting
15,bsr,True,2017-03-06T00:00:00,413,2017-03-06T00:00:00,412,2017-03-06T00:00:00,412,2017-02-27T00:00:00,0,2009-04-13T00:00:00,51,awnd_moderate_high_wind_in_planting
15,bsr,True,2017-03-06T00:00:00,413,2017-03-06T00:00:00,412,2017-03-06T00:00:00,412,2017-02-27T00:00:00,0,2009-04-13T00:00:00,51,spi_7d_extreme_dry_in_planting
15,bsr,True,2017-03-06T00:00:00,413,2017-03-06T00:00:00,412,2017-03-06T00:00:00,412,2017-02-27T00:00:00,0,2009-04-13T00:00:00,51,pdsi_very_wet_in_planting
15,bsr,True,2017-03-06T00:00:00,413,2017-03-06T00:00:00,412,2017-03-06T00:00:00,412,2017-02-27T00:00:00,0,2009-04-13T00:00:00,51,pdsi_very_wet_in_harvesting
15,bsr,True,2017-03-06T00:00:00,413,2017-03-06T00:00:00,412,2017-03-06T00:00:00,412,2017-02-27T00:00:00,0,2009-04-13T00:00:00,51,pdsi_extreme_drought_in_harvesting
15,bsr,True,2017-03-06T00:00:00,413,2017-03-06T00:00:00,412,2017-03-06T00:00:00,412,2017-02-27T00:00:00,0,2009-04-13T00:00:00,51,pdsi_severe_drought_in_planting
15,bsr,True,2017-03-06T00:00:00,413,2017-03-06T00:00:00,412,2017-03-06T00:00:00,412,2017-02-27T00:00:00,0,2009-04-13T00:00:00,51,co2_extreme_in_planting
15,bsr,True,2017-04-03T00:00:00,417,2017-04-03T00:00:00,416,2017-04-03T00:00:00,416,2017-03-27T00:00:00,0,2009-04-13T00:00:00,52,wheat_weekly_rv
15,bsr,True,2017-04-03T00:00:00,417,2017-04-03T00:00:00,416,2017-04-03T00:00:00,416,2017-03-27T00:00:00,0,2009-04-13T00:00:00,52,wheat_monthly_rv
15,bsr,True,2017-04-03T00:00:00,417,2017-04-03T00:00:00,416,2017-04-03T00:00:00,416,2017-03-27T00:00:00,0,2009-04-13T00:00:00,52,wheat_seasonal_rv
15,bsr,True,2017-04-03T00:00:00,417,2017-04-03T00:00:00,416,2017-04-03T00:00:00,416,2017-03-27T00:00:00,0,2009-04-13T00:00:00,52,soybeans_weekly_rv
15,bsr,True,2017-04-03T00:00:00,417,2017-04-03T00:00:00,416,2017-04-03T00:00:00,416,2017-03-27T00:00:00,0,2009-04-13T00:00:00,52,ssta_elino
15,bsr,True,2017-04-03T00:00:00,417,2017-04-03T00:00:00,416,2017-04-03T00:00:00,416,2017-03-27T00:00:00,0,2009-04-13T00:00:00,52,ssta_lanina
15,bsr,True,2017-04-03T00:00:00,417,2017-04-03T00:00:00,416,2017-04-03T00:00:00,416,2017-03-27T00:00:00,0,2009-04-13T00:00:00,52,tmax_hot_in_planting
15,bsr,True,2017-04-03T00:00:00,417,2017-04-03T00:00:00,416,2017-04-03T00:00:00,416,2017-03-27T00:00:00,0,2009-04-13T00:00:00,52,tmax_very_hot_in_planting
15,bsr,True,2017-04-03T00:00:00,417,2017-04-03T00:00:00,416,2017-04-03T00:00:00,416,2017-03-27T00:00:00,0,2009-04-13T00:00:00,52,awnd_moderate_high_wind_in_planting
15,bsr,True,2017-04-03T00:00:00,417,2017-04-03T00:00:00,416,2017-04-03T00:00:00,416,2017-03-27T00:00:00,0,2009-04-13T00:00:00,52,spi_7d_extreme_dry_in_planting
15,bsr,True,2017-04-03T00:00:00,417,2017-04-03T00:00:00,416,2017-04-03T00:00:00,416,2017-03-27T00:00:00,0,2009-04-13T00:00:00,52,pdsi_very_wet_in_planting
15,bsr,True,2017-04-03T00:00:00,417,2017-04-03T00:00:00,416,2017-04-03T00:00:00,416,2017-03-27T00:00:00,0,2009-04-13T00:00:00,52,pdsi_very_wet_in_harvesting
15,bsr,True,2017-04-03T00:00:00,417,2017-04-03T00:00:00,416,2017-04-03T00:00:00,416,2017-03-27T00:00:00,0,2009-04-13T00:00:00,52,pdsi_extreme_drought_in_harvesting
15,bsr,True,2017-04-03T00:00:00,417,2017-04-03T00:00:00,416,2017-04-03T00:00:00,416,2017-03-27T00:00:00,0,2009-04-13T00:00:00,52,pdsi_severe_drought_in_planting
15,bsr,True,2017-04-03T00:00:00,417,2017-04-03T00:00:00,416,2017-04-03T00:00:00,416,2017-03-27T00:00:00,0,2009-04-13T00:00:00,52,co2_extreme_in_planting
15,bsr,True,2017-05-01T00:00:00,421,2017-05-01T00:00:00,420,2017-05-01T00:00:00,420,2017-04-24T00:00:00,0,2009-04-13T00:00:00,53,wheat_weekly_rv
15,bsr,True,2017-05-01T00:00:00,421,2017-05-01T00:00:00,420,2017-05-01T00:00:00,420,2017-04-24T00:00:00,0,2009-04-13T00:00:00,53,wheat_monthly_rv
15,bsr,True,2017-05-01T00:00:00,421,2017-05-01T00:00:00,420,2017-05-01T00:00:00,420,2017-04-24T00:00:00,0,2009-04-13T00:00:00,53,wheat_seasonal_rv
15,bsr,True,2017-05-01T00:00:00,421,2017-05-01T00:00:00,420,2017-05-01T00:00:00,420,2017-04-24T00:00:00,0,2009-04-13T00:00:00,53,soybeans_weekly_rv
15,bsr,True,2017-05-01T00:00:00,421,2017-05-01T00:00:00,420,2017-05-01T00:00:00,420,2017-04-24T00:00:00,0,2009-04-13T00:00:00,53,ssta_elino
15,bsr,True,2017-05-01T00:00:00,421,2017-05-01T00:00:00,420,2017-05-01T00:00:00,420,2017-04-24T00:00:00,0,2009-04-13T00:00:00,53,ssta_lanina
15,bsr,True,2017-05-01T00:00:00,421,2017-05-01T00:00:00,420,2017-05-01T00:00:00,420,2017-04-24T00:00:00,0,2009-04-13T00:00:00,53,tmax_hot_in_planting
15,bsr,True,2017-05-01T00:00:00,421,2017-05-01T00:00:00,420,2017-05-01T00:00:00,420,2017-04-24T00:00:00,0,2009-04-13T00:00:00,53,tmax_very_hot_in_planting
15,bsr,True,2017-05-01T00:00:00,421,2017-05-01T00:00:00,420,2017-05-01T00:00:00,420,2017-04-24T00:00:00,0,2009-04-13T00:00:00,53,awnd_moderate_high_wind_in_planting
15,bsr,True,2017-05-01T00:00:00,421,2017-05-01T00:00:00,420,2017-05-01T00:00:00,420,2017-04-24T00:00:00,0,2009-04-13T00:00:00,53,spi_7d_extreme_dry_in_planting
15,bsr,True,2017-05-01T00:00:00,421,2017-05-01T00:00:00,420,2017-05-01T00:00:00,420,2017-04-24T00:00:00,0,2009-04-13T00:00:00,53,pdsi_very_wet_in_planting
15,bsr,True,2017-05-01T00:00:00,421,2017-05-01T00:00:00,420,2017-05-01T00:00:00,420,2017-04-24T00:00:00,0,2009-04-13T00:00:00,53,pdsi_very_wet_in_harvesting
15,bsr,True,2017-05-01T00:00:00,421,2017-05-01T00:00:00,420,2017-05-01T00:00:00,420,2017-04-24T00:00:00,0,2009-04-13T00:00:00,53,pdsi_extreme_drought_in_harvesting
15,bsr,True,2017-05-01T00:00:00,421,2017-05-01T00:00:00,420,2017-05-01T00:00:00,420,2017-04-24T00:00:00,0,2009-04-13T00:00:00,53,pdsi_severe_drought_in_planting
15,bsr,True,2017-05-01T00:00:00,421,2017-05-01T00:00:00,420,2017-05-01T00:00:00,420,2017-04-24T00:00:00,0,2009-04-13T00:00:00,53,co2_extreme_in_planting
15,bsr,True,2017-05-29T00:00:00,425,2017-05-29T00:00:00,424,2017-05-29T00:00:00,424,2017-05-22T00:00:00,0,2009-04-13T00:00:00,54,wheat_weekly_rv
15,bsr,True,2017-05-29T00:00:00,425,2017-05-29T00:00:00,424,2017-05-29T00:00:00,424,2017-05-22T00:00:00,0,2009-04-13T00:00:00,54,wheat_monthly_rv
15,bsr,True,2017-05-29T00:00:00,425,2017-05-29T00:00:00,424,2017-05-29T00:00:00,424,2017-05-22T00:00:00,0,2009-04-13T00:00:00,54,wheat_seasonal_rv
15,bsr,True,2017-05-29T00:00:00,425,2017-05-29T00:00:00,424,2017-05-29T00:00:00,424,2017-05-22T00:00:00,0,2009-04-13T00:00:00,54,soybeans_weekly_rv
15,bsr,True,2017-05-29T00:00:00,425,2017-05-29T00:00:00,424,2017-05-29T00:00:00,424,2017-05-22T00:00:00,0,2009-04-13T00:00:00,54,ssta_elino
15,bsr,True,2017-05-29T00:00:00,425,2017-05-29T00:00:00,424,2017-05-29T00:00:00,424,2017-05-22T00:00:00,0,2009-04-13T00:00:00,54,ssta_lanina
15,bsr,True,2017-05-29T00:00:00,425,2017-05-29T00:00:00,424,2017-05-29T00:00:00,424,2017-05-22T00:00:00,0,2009-04-13T00:00:00,54,tmax_hot_in_planting
15,bsr,True,2017-05-29T00:00:00,425,2017-05-29T00:00:00,424,2017-05-29T00:00:00,424,2017-05-22T00:00:00,0,2009-04-13T00:00:00,54,tmax_very_hot_in_planting
15,bsr,True,2017-05-29T00:00:00,425,2017-05-29T00:00:00,424,2017-05-29T00:00:00,424,2017-05-22T00:00:00,0,2009-04-13T00:00:00,54,awnd_moderate_high_wind_in_planting
15,bsr,True,2017-05-29T00:00:00,425,2017-05-29T00:00:00,424,2017-05-29T00:00:00,424,2017-05-22T00:00:00,0,2009-04-13T00:00:00,54,spi_7d_extreme_dry_in_planting
15,bsr,True,2017-05-29T00:00:00,425,2017-05-29T00:00:00,424,2017-05-29T00:00:00,424,2017-05-22T00:00:00,0,2009-04-13T00:00:00,54,pdsi_very_wet_in_planting
15,bsr,True,2017-05-29T00:00:00,425,2017-05-29T00:00:00,424,2017-05-29T00:00:00,424,2017-05-22T00:00:00,0,2009-04-13T00:00:00,54,pdsi_very_wet_in_harvesting
15,bsr,True,2017-05-29T00:00:00,425,2017-05-29T00:00:00,424,2017-05-29T00:00:00,424,2017-05-22T00:00:00,0,2009-04-13T00:00:00,54,pdsi_extreme_drought_in_harvesting
15,bsr,True,2017-05-29T00:00:00,425,2017-05-29T00:00:00,424,2017-05-29T00:00:00,424,2017-05-22T00:00:00,0,2009-04-13T00:00:00,54,pdsi_severe_drought_in_planting
15,bsr,True,2017-05-29T00:00:00,425,2017-05-29T00:00:00,424,2017-05-29T00:00:00,424,2017-05-22T00:00:00,0,2009-04-13T00:00:00,54,co2_extreme_in_planting
15,bsr,True,2017-06-26T00:00:00,429,2017-06-26T00:00:00,428,2017-06-26T00:00:00,428,2017-06-19T00:00:00,0,2009-04-13T00:00:00,55,wheat_weekly_rv
15,bsr,True,2017-06-26T00:00:00,429,2017-06-26T00:00:00,428,2017-06-26T00:00:00,428,2017-06-19T00:00:00,0,2009-04-13T00:00:00,55,wheat_monthly_rv
15,bsr,True,2017-06-26T00:00:00,429,2017-06-26T00:00:00,428,2017-06-26T00:00:00,428,2017-06-19T00:00:00,0,2009-04-13T00:00:00,55,wheat_seasonal_rv
15,bsr,True,2017-06-26T00:00:00,429,2017-06-26T00:00:00,428,2017-06-26T00:00:00,428,2017-06-19T00:00:00,0,2009-04-13T00:00:00,55,soybeans_weekly_rv
15,bsr,True,2017-06-26T00:00:00,429,2017-06-26T00:00:00,428,2017-06-26T00:00:00,428,2017-06-19T00:00:00,0,2009-04-13T00:00:00,55,ssta_elino
15,bsr,True,2017-06-26T00:00:00,429,2017-06-26T00:00:00,428,2017-06-26T00:00:00,428,2017-06-19T00:00:00,0,2009-04-13T00:00:00,55,ssta_lanina
15,bsr,True,2017-06-26T00:00:00,429,2017-06-26T00:00:00,428,2017-06-26T00:00:00,428,2017-06-19T00:00:00,0,2009-04-13T00:00:00,55,tmax_hot_in_planting
15,bsr,True,2017-06-26T00:00:00,429,2017-06-26T00:00:00,428,2017-06-26T00:00:00,428,2017-06-19T00:00:00,0,2009-04-13T00:00:00,55,tmax_very_hot_in_planting
15,bsr,True,2017-06-26T00:00:00,429,2017-06-26T00:00:00,428,2017-06-26T00:00:00,428,2017-06-19T00:00:00,0,2009-04-13T00:00:00,55,awnd_moderate_high_wind_in_planting
15,bsr,True,2017-06-26T00:00:00,429,2017-06-26T00:00:00,428,2017-06-26T00:00:00,428,2017-06-19T00:00:00,0,2009-04-13T00:00:00,55,spi_7d_extreme_dry_in_planting
15,bsr,True,2017-06-26T00:00:00,429,2017-06-26T00:00:00,428,2017-06-26T00:00:00,428,2017-06-19T00:00:00,0,2009-04-13T00:00:00,55,pdsi_very_wet_in_planting
15,bsr,True,2017-06-26T00:00:00,429,2017-06-26T00:00:00,428,2017-06-26T00:00:00,428,2017-06-19T00:00:00,0,2009-04-13T00:00:00,55,pdsi_very_wet_in_harvesting
15,bsr,True,2017-06-26T00:00:00,429,2017-06-26T00:00:00,428,2017-06-26T00:00:00,428,2017-06-19T00:00:00,0,2009-04-13T00:00:00,55,pdsi_extreme_drought_in_harvesting
15,bsr,True,2017-06-26T00:00:00,429,2017-06-26T00:00:00,428,2017-06-26T00:00:00,428,2017-06-19T00:00:00,0,2009-04-13T00:00:00,55,pdsi_severe_drought_in_planting
15,bsr,True,2017-06-26T00:00:00,429,2017-06-26T00:00:00,428,2017-06-26T00:00:00,428,2017-06-19T00:00:00,0,2009-04-13T00:00:00,55,co2_extreme_in_planting
9,bsr,False,2017-07-24T00:00:00,433,2017-07-24T00:00:00,432,2017-07-24T00:00:00,432,2017-07-17T00:00:00,0,2009-04-13T00:00:00,56,wheat_weekly_rv
9,bsr,False,2017-07-24T00:00:00,433,2017-07-24T00:00:00,432,2017-07-24T00:00:00,432,2017-07-17T00:00:00,0,2009-04-13T00:00:00,56,wheat_monthly_rv
9,bsr,False,2017-07-24T00:00:00,433,2017-07-24T00:00:00,432,2017-07-24T00:00:00,432,2017-07-17T00:00:00,0,2009-04-13T00:00:00,56,wheat_seasonal_rv
9,bsr,False,2017-07-24T00:00:00,433,2017-07-24T00:00:00,432,2017-07-24T00:00:00,432,2017-07-17T00:00:00,0,2009-04-13T00:00:00,56,soybeans_weekly_rv
9,bsr,False,2017-07-24T00:00:00,433,2017-07-24T00:00:00,432,2017-07-24T00:00:00,432,2017-07-17T00:00:00,0,2009-04-13T00:00:00,56,ssta_elino
9,bsr,False,2017-07-24T00:00:00,433,2017-07-24T00:00:00,432,2017-07-24T00:00:00,432,2017-07-17T00:00:00,0,2009-04-13T00:00:00,56,ssta_lanina
9,bsr,False,2017-07-24T00:00:00,433,2017-07-24T00:00:00,432,2017-07-24T00:00:00,432,2017-07-17T00:00:00,0,2009-04-13T00:00:00,56,pdsi_very_wet_in_harvesting
9,bsr,False,2017-07-24T00:00:00,433,2017-07-24T00:00:00,432,2017-07-24T00:00:00,432,2017-07-17T00:00:00,0,2009-04-13T00:00:00,56,pdsi_extreme_drought_in_harvesting
9,bsr,False,2017-07-24T00:00:00,433,2017-07-24T00:00:00,432,2017-07-24T00:00:00,432,2017-07-17T00:00:00,0,2009-04-13T00:00:00,56,pdsi_severe_drought_in_planting
9,bsr,True,2017-08-21T00:00:00,437,2017-08-21T00:00:00,436,2017-08-21T00:00:00,436,2017-08-14T00:00:00,0,2009-04-13T00:00:00,57,wheat_weekly_rv
9,bsr,True,2017-08-21T00:00:00,437,2017-08-21T00:00:00,436,2017-08-21T00:00:00,436,2017-08-14T00:00:00,0,2009-04-13T00:00:00,57,wheat_monthly_rv
9,bsr,True,2017-08-21T00:00:00,437,2017-08-21T00:00:00,436,2017-08-21T00:00:00,436,2017-08-14T00:00:00,0,2009-04-13T00:00:00,57,wheat_seasonal_rv
9,bsr,True,2017-08-21T00:00:00,437,2017-08-21T00:00:00,436,2017-08-21T00:00:00,436,2017-08-14T00:00:00,0,2009-04-13T00:00:00,57,soybeans_weekly_rv
9,bsr,True,2017-08-21T00:00:00,437,2017-08-21T00:00:00,436,2017-08-21T00:00:00,436,2017-08-14T00:00:00,0,2009-04-13T00:00:00,57,ssta_elino
9,bsr,True,2017-08-21T00:00:00,437,2017-08-21T00:00:00,436,2017-08-21T00:00:00,436,2017-08-14T00:00:00,0,2009-04-13T00:00:00,57,ssta_lanina
9,bsr,True,2017-08-21T00:00:00,437,2017-08-21T00:00:00,436,2017-08-21T00:00:00,436,2017-08-14T00:00:00,0,2009-04-13T00:00:00,57,pdsi_very_wet_in_harvesting
9,bsr,True,2017-08-21T00:00:00,437,2017-08-21T00:00:00,436,2017-08-21T00:00:00,436,2017-08-14T00:00:00,0,2009-04-13T00:00:00,57,pdsi_extreme_drought_in_harvesting
9,bsr,True,2017-08-21T00:00:00,437,2017-08-21T00:00:00,436,2017-08-21T00:00:00,436,2017-08-14T00:00:00,0,2009-04-13T00:00:00,57,pdsi_severe_drought_in_planting
9,bsr,True,2017-09-18T00:00:00,441,2017-09-18T00:00:00,440,2017-09-18T00:00:00,440,2017-09-11T00:00:00,0,2009-04-13T00:00:00,58,wheat_weekly_rv
9,bsr,True,2017-09-18T00:00:00,441,2017-09-18T00:00:00,440,2017-09-18T00:00:00,440,2017-09-11T00:00:00,0,2009-04-13T00:00:00,58,wheat_monthly_rv
9,bsr,True,2017-09-18T00:00:00,441,2017-09-18T00:00:00,440,2017-09-18T00:00:00,440,2017-09-11T00:00:00,0,2009-04-13T00:00:00,58,wheat_seasonal_rv
9,bsr,True,2017-09-18T00:00:00,441,2017-09-18T00:00:00,440,2017-09-18T00:00:00,440,2017-09-11T00:00:00,0,2009-04-13T00:00:00,58,soybeans_weekly_rv
9,bsr,True,2017-09-18T00:00:00,441,2017-09-18T00:00:00,440,2017-09-18T00:00:00,440,2017-09-11T00:00:00,0,2009-04-13T00:00:00,58,ssta_elino
9,bsr,True,2017-09-18T00:00:00,441,2017-09-18T00:00:00,440,2017-09-18T00:00:00,440,2017-09-11T00:00:00,0,2009-04-13T00:00:00,58,ssta_lanina
9,bsr,True,2017-09-18T00:00:00,441,2017-09-18T00:00:00,440,2017-09-18T00:00:00,440,2017-09-11T00:00:00,0,2009-04-13T00:00:00,58,pdsi_very_wet_in_harvesting
9,bsr,True,2017-09-18T00:00:00,441,2017-09-18T00:00:00,440,2017-09-18T00:00:00,440,2017-09-11T00:00:00,0,2009-04-13T00:00:00,58,pdsi_extreme_drought_in_harvesting
9,bsr,True,2017-09-18T00:00:00,441,2017-09-18T00:00:00,440,2017-09-18T00:00:00,440,2017-09-11T00:00:00,0,2009-04-13T00:00:00,58,pdsi_severe_drought_in_planting
9,bsr,True,2017-10-16T00:00:00,445,2017-10-16T00:00:00,444,2017-10-16T00:00:00,444,2017-10-09T00:00:00,0,2009-04-13T00:00:00,59,wheat_weekly_rv
9,bsr,True,2017-10-16T00:00:00,445,2017-10-16T00:00:00,444,2017-10-16T00:00:00,444,2017-10-09T00:00:00,0,2009-04-13T00:00:00,59,wheat_monthly_rv
9,bsr,True,2017-10-16T00:00:00,445,2017-10-16T00:00:00,444,2017-10-16T00:00:00,444,2017-10-09T00:00:00,0,2009-04-13T00:00:00,59,wheat_seasonal_rv
9,bsr,True,2017-10-16T00:00:00,445,2017-10-16T00:00:00,444,2017-10-16T00:00:00,444,2017-10-09T00:00:00,0,2009-04-13T00:00:00,59,soybeans_weekly_rv
9,bsr,True,2017-10-16T00:00:00,445,2017-10-16T00:00:00,444,2017-10-16T00:00:00,444,2017-10-09T00:00:00,0,2009-04-13T00:00:00,59,ssta_elino
9,bsr,True,2017-10-16T00:00:00,445,2017-10-16T00:00:00,444,2017-10-16T00:00:00,444,2017-10-09T00:00:00,0,2009-04-13T00:00:00,59,ssta_lanina
9,bsr,True,2017-10-16T00:00:00,445,2017-10-16T00:00:00,444,2017-10-16T00:00:00,444,2017-10-09T00:00:00,0,2009-04-13T00:00:00,59,pdsi_very_wet_in_harvesting
9,bsr,True,2017-10-16T00:00:00,445,2017-10-16T00:00:00,444,2017-10-16T00:00:00,444,2017-10-09T00:00:00,0,2009-04-13T00:00:00,59,pdsi_extreme_drought_in_harvesting
9,bsr,True,2017-10-16T00:00:00,445,2017-10-16T00:00:00,444,2017-10-16T00:00:00,444,2017-10-09T00:00:00,0,2009-04-13T00:00:00,59,pdsi_severe_drought_in_planting
9,bsr,True,2017-11-13T00:00:00,449,2017-11-13T00:00:00,448,2017-11-13T00:00:00,448,2017-11-06T00:00:00,0,2009-04-13T00:00:00,60,wheat_weekly_rv
9,bsr,True,2017-11-13T00:00:00,449,2017-11-13T00:00:00,448,2017-11-13T00:00:00,448,2017-11-06T00:00:00,0,2009-04-13T00:00:00,60,wheat_monthly_rv
9,bsr,True,2017-11-13T00:00:00,449,2017-11-13T00:00:00,448,2017-11-13T00:00:00,448,2017-11-06T00:00:00,0,2009-04-13T00:00:00,60,wheat_seasonal_rv
9,bsr,True,2017-11-13T00:00:00,449,2017-11-13T00:00:00,448,2017-11-13T00:00:00,448,2017-11-06T00:00:00,0,2009-04-13T00:00:00,60,soybeans_weekly_rv
9,bsr,True,2017-11-13T00:00:00,449,2017-11-13T00:00:00,448,2017-11-13T00:00:00,448,2017-11-06T00:00:00,0,2009-04-13T00:00:00,60,ssta_elino
9,bsr,True,2017-11-13T00:00:00,449,2017-11-13T00:00:00,448,2017-11-13T00:00:00,448,2017-11-06T00:00:00,0,2009-04-13T00:00:00,60,ssta_lanina
9,bsr,True,2017-11-13T00:00:00,449,2017-11-13T00:00:00,448,2017-11-13T00:00:00,448,2017-11-06T00:00:00,0,2009-04-13T00:00:00,60,pdsi_very_wet_in_harvesting
9,bsr,True,2017-11-13T00:00:00,449,2017-11-13T00:00:00,448,2017-11-13T00:00:00,448,2017-11-06T00:00:00,0,2009-04-13T00:00:00,60,pdsi_extreme_drought_in_harvesting
9,bsr,True,2017-11-13T00:00:00,449,2017-11-13T00:00:00,448,2017-11-13T00:00:00,448,2017-11-06T00:00:00,0,2009-04-13T00:00:00,60,pdsi_severe_drought_in_planting
9,bsr,True,2017-12-11T00:00:00,453,2017-12-11T00:00:00,452,2017-12-11T00:00:00,452,2017-12-04T00:00:00,0,2009-04-13T00:00:00,61,wheat_weekly_rv
9,bsr,True,2017-12-11T00:00:00,453,2017-12-11T00:00:00,452,2017-12-11T00:00:00,452,2017-12-04T00:00:00,0,2009-04-13T00:00:00,61,wheat_monthly_rv
9,bsr,True,2017-12-11T00:00:00,453,2017-12-11T00:00:00,452,2017-12-11T00:00:00,452,2017-12-04T00:00:00,0,2009-04-13T00:00:00,61,wheat_seasonal_rv
9,bsr,True,2017-12-11T00:00:00,453,2017-12-11T00:00:00,452,2017-12-11T00:00:00,452,2017-12-04T00:00:00,0,2009-04-13T00:00:00,61,soybeans_weekly_rv
9,bsr,True,2017-12-11T00:00:00,453,2017-12-11T00:00:00,452,2017-12-11T00:00:00,452,2017-12-04T00:00:00,0,2009-04-13T00:00:00,61,ssta_elino
9,bsr,True,2017-12-11T00:00:00,453,2017-12-11T00:00:00,452,2017-12-11T00:00:00,452,2017-12-04T00:00:00,0,2009-04-13T00:00:00,61,ssta_lanina
9,bsr,True,2017-12-11T00:00:00,453,2017-12-11T00:00:00,452,2017-12-11T00:00:00,452,2017-12-04T00:00:00,0,2009-04-13T00:00:00,61,pdsi_very_wet_in_harvesting
9,bsr,True,2017-12-11T00:00:00,453,2017-12-11T00:00:00,452,2017-12-11T00:00:00,452,2017-12-04T00:00:00,0,2009-04-13T00:00:00,61,pdsi_extreme_drought_in_harvesting
9,bsr,True,2017-12-11T00:00:00,453,2017-12-11T00:00:00,452,2017-12-11T00:00:00,452,2017-12-04T00:00:00,0,2009-04-13T00:00:00,61,pdsi_severe_drought_in_planting
9,bsr,True,2018-01-08T00:00:00,457,2018-01-08T00:00:00,456,2018-01-08T00:00:00,456,2018-01-01T00:00:00,0,2009-04-13T00:00:00,62,wheat_weekly_rv
9,bsr,True,2018-01-08T00:00:00,457,2018-01-08T00:00:00,456,2018-01-08T00:00:00,456,2018-01-01T00:00:00,0,2009-04-13T00:00:00,62,wheat_monthly_rv
9,bsr,True,2018-01-08T00:00:00,457,2018-01-08T00:00:00,456,2018-01-08T00:00:00,456,2018-01-01T00:00:00,0,2009-04-13T00:00:00,62,wheat_seasonal_rv
9,bsr,True,2018-01-08T00:00:00,457,2018-01-08T00:00:00,456,2018-01-08T00:00:00,456,2018-01-01T00:00:00,0,2009-04-13T00:00:00,62,soybeans_weekly_rv
9,bsr,True,2018-01-08T00:00:00,457,2018-01-08T00:00:00,456,2018-01-08T00:00:00,456,2018-01-01T00:00:00,0,2009-04-13T00:00:00,62,ssta_elino
9,bsr,True,2018-01-08T00:00:00,457,2018-01-08T00:00:00,456,2018-01-08T00:00:00,456,2018-01-01T00:00:00,0,2009-04-13T00:00:00,62,ssta_lanina
9,bsr,True,2018-01-08T00:00:00,457,2018-01-08T00:00:00,456,2018-01-08T00:00:00,456,2018-01-01T00:00:00,0,2009-04-13T00:00:00,62,pdsi_very_wet_in_harvesting
9,bsr,True,2018-01-08T00:00:00,457,2018-01-08T00:00:00,456,2018-01-08T00:00:00,456,2018-01-01T00:00:00,0,2009-04-13T00:00:00,62,pdsi_extreme_drought_in_harvesting
9,bsr,True,2018-01-08T00:00:00,457,2018-01-08T00:00:00,456,2018-01-08T00:00:00,456,2018-01-01T00:00:00,0,2009-04-13T00:00:00,62,pdsi_severe_drought_in_planting
9,bsr,True,2018-02-05T00:00:00,461,2018-02-05T00:00:00,460,2018-02-05T00:00:00,460,2018-01-29T00:00:00,0,2009-04-13T00:00:00,63,wheat_weekly_rv
9,bsr,True,2018-02-05T00:00:00,461,2018-02-05T00:00:00,460,2018-02-05T00:00:00,460,2018-01-29T00:00:00,0,2009-04-13T00:00:00,63,wheat_monthly_rv
9,bsr,True,2018-02-05T00:00:00,461,2018-02-05T00:00:00,460,2018-02-05T00:00:00,460,2018-01-29T00:00:00,0,2009-04-13T00:00:00,63,wheat_seasonal_rv
9,bsr,True,2018-02-05T00:00:00,461,2018-02-05T00:00:00,460,2018-02-05T00:00:00,460,2018-01-29T00:00:00,0,2009-04-13T00:00:00,63,soybeans_weekly_rv
9,bsr,True,2018-02-05T00:00:00,461,2018-02-05T00:00:00,460,2018-02-05T00:00:00,460,2018-01-29T00:00:00,0,2009-04-13T00:00:00,63,ssta_elino
9,bsr,True,2018-02-05T00:00:00,461,2018-02-05T00:00:00,460,2018-02-05T00:00:00,460,2018-01-29T00:00:00,0,2009-04-13T00:00:00,63,ssta_lanina
9,bsr,True,2018-02-05T00:00:00,461,2018-02-05T00:00:00,460,2018-02-05T00:00:00,460,2018-01-29T00:00:00,0,2009-04-13T00:00:00,63,pdsi_very_wet_in_harvesting
9,bsr,True,2018-02-05T00:00:00,461,2018-02-05T00:00:00,460,2018-02-05T00:00:00,460,2018-01-29T00:00:00,0,2009-04-13T00:00:00,63,pdsi_extreme_drought_in_harvesting
9,bsr,True,2018-02-05T00:00:00,461,2018-02-05T00:00:00,460,2018-02-05T00:00:00,460,2018-01-29T00:00:00,0,2009-04-13T00:00:00,63,pdsi_severe_drought_in_planting
12,bsr,False,2018-03-05T00:00:00,465,2018-03-05T00:00:00,464,2018-03-05T00:00:00,464,2018-02-26T00:00:00,0,2009-04-13T00:00:00,64,wheat_weekly_rv
12,bsr,False,2018-03-05T00:00:00,465,2018-03-05T00:00:00,464,2018-03-05T00:00:00,464,2018-02-26T00:00:00,0,2009-04-13T00:00:00,64,wheat_monthly_rv
12,bsr,False,2018-03-05T00:00:00,465,2018-03-05T00:00:00,464,2018-03-05T00:00:00,464,2018-02-26T00:00:00,0,2009-04-13T00:00:00,64,wheat_seasonal_rv
12,bsr,False,2018-03-05T00:00:00,465,2018-03-05T00:00:00,464,2018-03-05T00:00:00,464,2018-02-26T00:00:00,0,2009-04-13T00:00:00,64,ssta_lanina
12,bsr,False,2018-03-05T00:00:00,465,2018-03-05T00:00:00,464,2018-03-05T00:00:00,464,2018-02-26T00:00:00,0,2009-04-13T00:00:00,64,tmax_hot_in_planting
12,bsr,False,2018-03-05T00:00:00,465,2018-03-05T00:00:00,464,2018-03-05T00:00:00,464,2018-02-26T00:00:00,0,2009-04-13T00:00:00,64,tmax_very_hot_in_planting
12,bsr,False,2018-03-05T00:00:00,465,2018-03-05T00:00:00,464,2018-03-05T00:00:00,464,2018-02-26T00:00:00,0,2009-04-13T00:00:00,64,tmin_very_cold_in_planting
12,bsr,False,2018-03-05T00:00:00,465,2018-03-05T00:00:00,464,2018-03-05T00:00:00,464,2018-02-26T00:00:00,0,2009-04-13T00:00:00,64,spi_7d_extreme_dry_in_planting
12,bsr,False,2018-03-05T00:00:00,465,2018-03-05T00:00:00,464,2018-03-05T00:00:00,464,2018-02-26T00:00:00,0,2009-04-13T00:00:00,64,pdsi_very_wet_in_harvesting
12,bsr,False,2018-03-05T00:00:00,465,2018-03-05T00:00:00,464,2018-03-05T00:00:00,464,2018-02-26T00:00:00,0,2009-04-13T00:00:00,64,pdsi_extreme_wet_in_harvesting
12,bsr,False,2018-03-05T00:00:00,465,2018-03-05T00:00:00,464,2018-03-05T00:00:00,464,2018-02-26T00:00:00,0,2009-04-13T00:00:00,64,pdsi_extreme_drought_in_harvesting
12,bsr,False,2018-03-05T00:00:00,465,2018-03-05T00:00:00,464,2018-03-05T00:00:00,464,2018-02-26T00:00:00,0,2009-04-13T00:00:00,64,pdsi_severe_drought_in_planting
12,bsr,True,2018-04-02T00:00:00,469,2018-04-02T00:00:00,468,2018-04-02T00:00:00,468,2018-03-26T00:00:00,0,2009-04-13T00:00:00,65,wheat_weekly_rv
12,bsr,True,2018-04-02T00:00:00,469,2018-04-02T00:00:00,468,2018-04-02T00:00:00,468,2018-03-26T00:00:00,0,2009-04-13T00:00:00,65,wheat_monthly_rv
12,bsr,True,2018-04-02T00:00:00,469,2018-04-02T00:00:00,468,2018-04-02T00:00:00,468,2018-03-26T00:00:00,0,2009-04-13T00:00:00,65,wheat_seasonal_rv
12,bsr,True,2018-04-02T00:00:00,469,2018-04-02T00:00:00,468,2018-04-02T00:00:00,468,2018-03-26T00:00:00,0,2009-04-13T00:00:00,65,ssta_lanina
12,bsr,True,2018-04-02T00:00:00,469,2018-04-02T00:00:00,468,2018-04-02T00:00:00,468,2018-03-26T00:00:00,0,2009-04-13T00:00:00,65,tmax_hot_in_planting
12,bsr,True,2018-04-02T00:00:00,469,2018-04-02T00:00:00,468,2018-04-02T00:00:00,468,2018-03-26T00:00:00,0,2009-04-13T00:00:00,65,tmax_very_hot_in_planting
12,bsr,True,2018-04-02T00:00:00,469,2018-04-02T00:00:00,468,2018-04-02T00:00:00,468,2018-03-26T00:00:00,0,2009-04-13T00:00:00,65,tmin_very_cold_in_planting
12,bsr,True,2018-04-02T00:00:00,469,2018-04-02T00:00:00,468,2018-04-02T00:00:00,468,2018-03-26T00:00:00,0,2009-04-13T00:00:00,65,spi_7d_extreme_dry_in_planting
12,bsr,True,2018-04-02T00:00:00,469,2018-04-02T00:00:00,468,2018-04-02T00:00:00,468,2018-03-26T00:00:00,0,2009-04-13T00:00:00,65,pdsi_very_wet_in_harvesting
12,bsr,True,2018-04-02T00:00:00,469,2018-04-02T00:00:00,468,2018-04-02T00:00:00,468,2018-03-26T00:00:00,0,2009-04-13T00:00:00,65,pdsi_extreme_wet_in_harvesting
12,bsr,True,2018-04-02T00:00:00,469,2018-04-02T00:00:00,468,2018-04-02T00:00:00,468,2018-03-26T00:00:00,0,2009-04-13T00:00:00,65,pdsi_extreme_drought_in_harvesting
12,bsr,True,2018-04-02T00:00:00,469,2018-04-02T00:00:00,468,2018-04-02T00:00:00,468,2018-03-26T00:00:00,0,2009-04-13T00:00:00,65,pdsi_severe_drought_in_planting
12,bsr,True,2018-04-30T00:00:00,473,2018-04-30T00:00:00,472,2018-04-30T00:00:00,472,2018-04-23T00:00:00,0,2009-04-13T00:00:00,66,wheat_weekly_rv
12,bsr,True,2018-04-30T00:00:00,473,2018-04-30T00:00:00,472,2018-04-30T00:00:00,472,2018-04-23T00:00:00,0,2009-04-13T00:00:00,66,wheat_monthly_rv
12,bsr,True,2018-04-30T00:00:00,473,2018-04-30T00:00:00,472,2018-04-30T00:00:00,472,2018-04-23T00:00:00,0,2009-04-13T00:00:00,66,wheat_seasonal_rv
12,bsr,True,2018-04-30T00:00:00,473,2018-04-30T00:00:00,472,2018-04-30T00:00:00,472,2018-04-23T00:00:00,0,2009-04-13T00:00:00,66,ssta_lanina
12,bsr,True,2018-04-30T00:00:00,473,2018-04-30T00:00:00,472,2018-04-30T00:00:00,472,2018-04-23T00:00:00,0,2009-04-13T00:00:00,66,tmax_hot_in_planting
12,bsr,True,2018-04-30T00:00:00,473,2018-04-30T00:00:00,472,2018-04-30T00:00:00,472,2018-04-23T00:00:00,0,2009-04-13T00:00:00,66,tmax_very_hot_in_planting
12,bsr,True,2018-04-30T00:00:00,473,2018-04-30T00:00:00,472,2018-04-30T00:00:00,472,2018-04-23T00:00:00,0,2009-04-13T00:00:00,66,tmin_very_cold_in_planting
12,bsr,True,2018-04-30T00:00:00,473,2018-04-30T00:00:00,472,2018-04-30T00:00:00,472,2018-04-23T00:00:00,0,2009-04-13T00:00:00,66,spi_7d_extreme_dry_in_planting
12,bsr,True,2018-04-30T00:00:00,473,2018-04-30T00:00:00,472,2018-04-30T00:00:00,472,2018-04-23T00:00:00,0,2009-04-13T00:00:00,66,pdsi_very_wet_in_harvesting
12,bsr,True,2018-04-30T00:00:00,473,2018-04-30T00:00:00,472,2018-04-30T00:00:00,472,2018-04-23T00:00:00,0,2009-04-13T00:00:00,66,pdsi_extreme_wet_in_harvesting
12,bsr,True,2018-04-30T00:00:00,473,2018-04-30T00:00:00,472,2018-04-30T00:00:00,472,2018-04-23T00:00:00,0,2009-04-13T00:00:00,66,pdsi_extreme_drought_in_harvesting
12,bsr,True,2018-04-30T00:00:00,473,2018-04-30T00:00:00,472,2018-04-30T00:00:00,472,2018-04-23T00:00:00,0,2009-04-13T00:00:00,66,pdsi_severe_drought_in_planting
12,bsr,True,2018-05-28T00:00:00,477,2018-05-28T00:00:00,476,2018-05-28T00:00:00,476,2018-05-21T00:00:00,0,2009-04-13T00:00:00,67,wheat_weekly_rv
12,bsr,True,2018-05-28T00:00:00,477,2018-05-28T00:00:00,476,2018-05-28T00:00:00,476,2018-05-21T00:00:00,0,2009-04-13T00:00:00,67,wheat_monthly_rv
12,bsr,True,2018-05-28T00:00:00,477,2018-05-28T00:00:00,476,2018-05-28T00:00:00,476,2018-05-21T00:00:00,0,2009-04-13T00:00:00,67,wheat_seasonal_rv
12,bsr,True,2018-05-28T00:00:00,477,2018-05-28T00:00:00,476,2018-05-28T00:00:00,476,2018-05-21T00:00:00,0,2009-04-13T00:00:00,67,ssta_lanina
12,bsr,True,2018-05-28T00:00:00,477,2018-05-28T00:00:00,476,2018-05-28T00:00:00,476,2018-05-21T00:00:00,0,2009-04-13T00:00:00,67,tmax_hot_in_planting
12,bsr,True,2018-05-28T00:00:00,477,2018-05-28T00:00:00,476,2018-05-28T00:00:00,476,2018-05-21T00:00:00,0,2009-04-13T00:00:00,67,tmax_very_hot_in_planting
12,bsr,True,2018-05-28T00:00:00,477,2018-05-28T00:00:00,476,2018-05-28T00:00:00,476,2018-05-21T00:00:00,0,2009-04-13T00:00:00,67,tmin_very_cold_in_planting
12,bsr,True,2018-05-28T00:00:00,477,2018-05-28T00:00:00,476,2018-05-28T00:00:00,476,2018-05-21T00:00:00,0,2009-04-13T00:00:00,67,spi_7d_extreme_dry_in_planting
12,bsr,True,2018-05-28T00:00:00,477,2018-05-28T00:00:00,476,2018-05-28T00:00:00,476,2018-05-21T00:00:00,0,2009-04-13T00:00:00,67,pdsi_very_wet_in_harvesting
12,bsr,True,2018-05-28T00:00:00,477,2018-05-28T00:00:00,476,2018-05-28T00:00:00,476,2018-05-21T00:00:00,0,2009-04-13T00:00:00,67,pdsi_extreme_wet_in_harvesting
12,bsr,True,2018-05-28T00:00:00,477,2018-05-28T00:00:00,476,2018-05-28T00:00:00,476,2018-05-21T00:00:00,0,2009-04-13T00:00:00,67,pdsi_extreme_drought_in_harvesting
12,bsr,True,2018-05-28T00:00:00,477,2018-05-28T00:00:00,476,2018-05-28T00:00:00,476,2018-05-21T00:00:00,0,2009-04-13T00:00:00,67,pdsi_severe_drought_in_planting
12,bsr,True,2018-06-25T00:00:00,481,2018-06-25T00:00:00,480,2018-06-25T00:00:00,480,2018-06-18T00:00:00,0,2009-04-13T00:00:00,68,wheat_weekly_rv
12,bsr,True,2018-06-25T00:00:00,481,2018-06-25T00:00:00,480,2018-06-25T00:00:00,480,2018-06-18T00:00:00,0,2009-04-13T00:00:00,68,wheat_monthly_rv
12,bsr,True,2018-06-25T00:00:00,481,2018-06-25T00:00:00,480,2018-06-25T00:00:00,480,2018-06-18T00:00:00,0,2009-04-13T00:00:00,68,wheat_seasonal_rv
12,bsr,True,2018-06-25T00:00:00,481,2018-06-25T00:00:00,480,2018-06-25T00:00:00,480,2018-06-18T00:00:00,0,2009-04-13T00:00:00,68,ssta_lanina
12,bsr,True,2018-06-25T00:00:00,481,2018-06-25T00:00:00,480,2018-06-25T00:00:00,480,2018-06-18T00:00:00,0,2009-04-13T00:00:00,68,tmax_hot_in_planting
12,bsr,True,2018-06-25T00:00:00,481,2018-06-25T00:00:00,480,2018-06-25T00:00:00,480,2018-06-18T00:00:00,0,2009-04-13T00:00:00,68,tmax_very_hot_in_planting
12,bsr,True,2018-06-25T00:00:00,481,2018-06-25T00:00:00,480,2018-06-25T00:00:00,480,2018-06-18T00:00:00,0,2009-04-13T00:00:00,68,tmin_very_cold_in_planting
12,bsr,True,2018-06-25T00:00:00,481,2018-06-25T00:00:00,480,2018-06-25T00:00:00,480,2018-06-18T00:00:00,0,2009-04-13T00:00:00,68,spi_7d_extreme_dry_in_planting
12,bsr,True,2018-06-25T00:00:00,481,2018-06-25T00:00:00,480,2018-06-25T00:00:00,480,2018-06-18T00:00:00,0,2009-04-13T00:00:00,68,pdsi_very_wet_in_harvesting
12,bsr,True,2018-06-25T00:00:00,481,2018-06-25T00:00:00,480,2018-06-25T00:00:00,480,2018-06-18T00:00:00,0,2009-04-13T00:00:00,68,pdsi_extreme_wet_in_harvesting
12,bsr,True,2018-06-25T00:00:00,481,2018-06-25T00:00:00,480,2018-06-25T00:00:00,480,2018-06-18T00:00:00,0,2009-04-13T00:00:00,68,pdsi_extreme_drought_in_harvesting
12,bsr,True,2018-06-25T00:00:00,481,2018-06-25T00:00:00,480,2018-06-25T00:00:00,480,2018-06-18T00:00:00,0,2009-04-13T00:00:00,68,pdsi_severe_drought_in_planting
12,bsr,True,2018-07-23T00:00:00,485,2018-07-23T00:00:00,484,2018-07-23T00:00:00,484,2018-07-16T00:00:00,0,2009-04-13T00:00:00,69,wheat_weekly_rv
12,bsr,True,2018-07-23T00:00:00,485,2018-07-23T00:00:00,484,2018-07-23T00:00:00,484,2018-07-16T00:00:00,0,2009-04-13T00:00:00,69,wheat_monthly_rv
12,bsr,True,2018-07-23T00:00:00,485,2018-07-23T00:00:00,484,2018-07-23T00:00:00,484,2018-07-16T00:00:00,0,2009-04-13T00:00:00,69,wheat_seasonal_rv
12,bsr,True,2018-07-23T00:00:00,485,2018-07-23T00:00:00,484,2018-07-23T00:00:00,484,2018-07-16T00:00:00,0,2009-04-13T00:00:00,69,ssta_lanina
12,bsr,True,2018-07-23T00:00:00,485,2018-07-23T00:00:00,484,2018-07-23T00:00:00,484,2018-07-16T00:00:00,0,2009-04-13T00:00:00,69,tmax_hot_in_planting
12,bsr,True,2018-07-23T00:00:00,485,2018-07-23T00:00:00,484,2018-07-23T00:00:00,484,2018-07-16T00:00:00,0,2009-04-13T00:00:00,69,tmax_very_hot_in_planting
12,bsr,True,2018-07-23T00:00:00,485,2018-07-23T00:00:00,484,2018-07-23T00:00:00,484,2018-07-16T00:00:00,0,2009-04-13T00:00:00,69,tmin_very_cold_in_planting
12,bsr,True,2018-07-23T00:00:00,485,2018-07-23T00:00:00,484,2018-07-23T00:00:00,484,2018-07-16T00:00:00,0,2009-04-13T00:00:00,69,spi_7d_extreme_dry_in_planting
12,bsr,True,2018-07-23T00:00:00,485,2018-07-23T00:00:00,484,2018-07-23T00:00:00,484,2018-07-16T00:00:00,0,2009-04-13T00:00:00,69,pdsi_very_wet_in_harvesting
12,bsr,True,2018-07-23T00:00:00,485,2018-07-23T00:00:00,484,2018-07-23T00:00:00,484,2018-07-16T00:00:00,0,2009-04-13T00:00:00,69,pdsi_extreme_wet_in_harvesting
12,bsr,True,2018-07-23T00:00:00,485,2018-07-23T00:00:00,484,2018-07-23T00:00:00,484,2018-07-16T00:00:00,0,2009-04-13T00:00:00,69,pdsi_extreme_drought_in_harvesting
12,bsr,True,2018-07-23T00:00:00,485,2018-07-23T00:00:00,484,2018-07-23T00:00:00,484,2018-07-16T00:00:00,0,2009-04-13T00:00:00,69,pdsi_severe_drought_in_planting
12,bsr,True,2018-08-20T00:00:00,489,2018-08-20T00:00:00,488,2018-08-20T00:00:00,488,2018-08-13T00:00:00,0,2009-04-13T00:00:00,70,wheat_weekly_rv
12,bsr,True,2018-08-20T00:00:00,489,2018-08-20T00:00:00,488,2018-08-20T00:00:00,488,2018-08-13T00:00:00,0,2009-04-13T00:00:00,70,wheat_monthly_rv
12,bsr,True,2018-08-20T00:00:00,489,2018-08-20T00:00:00,488,2018-08-20T00:00:00,488,2018-08-13T00:00:00,0,2009-04-13T00:00:00,70,wheat_seasonal_rv
12,bsr,True,2018-08-20T00:00:00,489,2018-08-20T00:00:00,488,2018-08-20T00:00:00,488,2018-08-13T00:00:00,0,2009-04-13T00:00:00,70,ssta_lanina
12,bsr,True,2018-08-20T00:00:00,489,2018-08-20T00:00:00,488,2018-08-20T00:00:00,488,2018-08-13T00:00:00,0,2009-04-13T00:00:00,70,tmax_hot_in_planting
12,bsr,True,2018-08-20T00:00:00,489,2018-08-20T00:00:00,488,2018-08-20T00:00:00,488,2018-08-13T00:00:00,0,2009-04-13T00:00:00,70,tmax_very_hot_in_planting
12,bsr,True,2018-08-20T00:00:00,489,2018-08-20T00:00:00,488,2018-08-20T00:00:00,488,2018-08-13T00:00:00,0,2009-04-13T00:00:00,70,tmin_very_cold_in_planting
12,bsr,True,2018-08-20T00:00:00,489,2018-08-20T00:00:00,488,2018-08-20T00:00:00,488,2018-08-13T00:00:00,0,2009-04-13T00:00:00,70,spi_7d_extreme_dry_in_planting
12,bsr,True,2018-08-20T00:00:00,489,2018-08-20T00:00:00,488,2018-08-20T00:00:00,488,2018-08-13T00:00:00,0,2009-04-13T00:00:00,70,pdsi_very_wet_in_harvesting
12,bsr,True,2018-08-20T00:00:00,489,2018-08-20T00:00:00,488,2018-08-20T00:00:00,488,2018-08-13T00:00:00,0,2009-04-13T00:00:00,70,pdsi_extreme_wet_in_harvesting
12,bsr,True,2018-08-20T00:00:00,489,2018-08-20T00:00:00,488,2018-08-20T00:00:00,488,2018-08-13T00:00:00,0,2009-04-13T00:00:00,70,pdsi_extreme_drought_in_harvesting
12,bsr,True,2018-08-20T00:00:00,489,2018-08-20T00:00:00,488,2018-08-20T00:00:00,488,2018-08-13T00:00:00,0,2009-04-13T00:00:00,70,pdsi_severe_drought_in_planting
12,bsr,True,2018-09-17T00:00:00,493,2018-09-17T00:00:00,492,2018-09-17T00:00:00,492,2018-09-10T00:00:00,0,2009-04-13T00:00:00,71,wheat_weekly_rv
12,bsr,True,2018-09-17T00:00:00,493,2018-09-17T00:00:00,492,2018-09-17T00:00:00,492,2018-09-10T00:00:00,0,2009-04-13T00:00:00,71,wheat_monthly_rv
12,bsr,True,2018-09-17T00:00:00,493,2018-09-17T00:00:00,492,2018-09-17T00:00:00,492,2018-09-10T00:00:00,0,2009-04-13T00:00:00,71,wheat_seasonal_rv
12,bsr,True,2018-09-17T00:00:00,493,2018-09-17T00:00:00,492,2018-09-17T00:00:00,492,2018-09-10T00:00:00,0,2009-04-13T00:00:00,71,ssta_lanina
12,bsr,True,2018-09-17T00:00:00,493,2018-09-17T00:00:00,492,2018-09-17T00:00:00,492,2018-09-10T00:00:00,0,2009-04-13T00:00:00,71,tmax_hot_in_planting
12,bsr,True,2018-09-17T00:00:00,493,2018-09-17T00:00:00,492,2018-09-17T00:00:00,492,2018-09-10T00:00:00,0,2009-04-13T00:00:00,71,tmax_very_hot_in_planting
12,bsr,True,2018-09-17T00:00:00,493,2018-09-17T00:00:00,492,2018-09-17T00:00:00,492,2018-09-10T00:00:00,0,2009-04-13T00:00:00,71,tmin_very_cold_in_planting
12,bsr,True,2018-09-17T00:00:00,493,2018-09-17T00:00:00,492,2018-09-17T00:00:00,492,2018-09-10T00:00:00,0,2009-04-13T00:00:00,71,spi_7d_extreme_dry_in_planting
12,bsr,True,2018-09-17T00:00:00,493,2018-09-17T00:00:00,492,2018-09-17T00:00:00,492,2018-09-10T00:00:00,0,2009-04-13T00:00:00,71,pdsi_very_wet_in_harvesting
12,bsr,True,2018-09-17T00:00:00,493,2018-09-17T00:00:00,492,2018-09-17T00:00:00,492,2018-09-10T00:00:00,0,2009-04-13T00:00:00,71,pdsi_extreme_wet_in_harvesting
12,bsr,True,2018-09-17T00:00:00,493,2018-09-17T00:00:00,492,2018-09-17T00:00:00,492,2018-09-10T00:00:00,0,2009-04-13T00:00:00,71,pdsi_extreme_drought_in_harvesting
12,bsr,True,2018-09-17T00:00:00,493,2018-09-17T00:00:00,492,2018-09-17T00:00:00,492,2018-09-10T00:00:00,0,2009-04-13T00:00:00,71,pdsi_severe_drought_in_planting
15,bsr,False,2018-10-15T00:00:00,497,2018-10-15T00:00:00,496,2018-10-15T00:00:00,496,2018-10-08T00:00:00,0,2009-04-13T00:00:00,72,wheat_weekly_rv
15,bsr,False,2018-10-15T00:00:00,497,2018-10-15T00:00:00,496,2018-10-15T00:00:00,496,2018-10-08T00:00:00,0,2009-04-13T00:00:00,72,wheat_monthly_rv
15,bsr,False,2018-10-15T00:00:00,497,2018-10-15T00:00:00,496,2018-10-15T00:00:00,496,2018-10-08T00:00:00,0,2009-04-13T00:00:00,72,wheat_seasonal_rv
15,bsr,False,2018-10-15T00:00:00,497,2018-10-15T00:00:00,496,2018-10-15T00:00:00,496,2018-10-08T00:00:00,0,2009-04-13T00:00:00,72,wheat_weekly_rvb
15,bsr,False,2018-10-15T00:00:00,497,2018-10-15T00:00:00,496,2018-10-15T00:00:00,496,2018-10-08T00:00:00,0,2009-04-13T00:00:00,72,ssta_lanina
15,bsr,False,2018-10-15T00:00:00,497,2018-10-15T00:00:00,496,2018-10-15T00:00:00,496,2018-10-08T00:00:00,0,2009-04-13T00:00:00,72,SOI_index
15,bsr,False,2018-10-15T00:00:00,497,2018-10-15T00:00:00,496,2018-10-15T00:00:00,496,2018-10-08T00:00:00,0,2009-04-13T00:00:00,72,tmax_very_hot_in_planting
15,bsr,False,2018-10-15T00:00:00,497,2018-10-15T00:00:00,496,2018-10-15T00:00:00,496,2018-10-08T00:00:00,0,2009-04-13T00:00:00,72,tmin_very_cold_in_planting
15,bsr,False,2018-10-15T00:00:00,497,2018-10-15T00:00:00,496,2018-10-15T00:00:00,496,2018-10-08T00:00:00,0,2009-04-13T00:00:00,72,spi_7d_extreme_wet_in_planting
15,bsr,False,2018-10-15T00:00:00,497,2018-10-15T00:00:00,496,2018-10-15T00:00:00,496,2018-10-08T00:00:00,0,2009-04-13T00:00:00,72,spi_7d_very_dry_in_harvesting
15,bsr,False,2018-10-15T00:00:00,497,2018-10-15T00:00:00,496,2018-10-15T00:00:00,496,2018-10-08T00:00:00,0,2009-04-13T00:00:00,72,spi_7d_extreme_dry_in_planting
15,bsr,False,2018-10-15T00:00:00,497,2018-10-15T00:00:00,496,2018-10-15T00:00:00,496,2018-10-08T00:00:00,0,2009-04-13T00:00:00,72,pdsi_very_wet_in_harvesting
15,bsr,False,2018-10-15T00:00:00,497,2018-10-15T00:00:00,496,2018-10-15T00:00:00,496,2018-10-08T00:00:00,0,2009-04-13T00:00:00,72,pdsi_extreme_wet_in_harvesting
15,bsr,False,2018-10-15T00:00:00,497,2018-10-15T00:00:00,496,2018-10-15T00:00:00,496,2018-10-08T00:00:00,0,2009-04-13T00:00:00,72,pdsi_extreme_drought_in_harvesting
15,bsr,False,2018-10-15T00:00:00,497,2018-10-15T00:00:00,496,2018-10-15T00:00:00,496,2018-10-08T00:00:00,0,2009-04-13T00:00:00,72,pdsi_severe_drought_in_planting
15,bsr,True,2018-11-12T00:00:00,501,2018-11-12T00:00:00,500,2018-11-12T00:00:00,500,2018-11-05T00:00:00,0,2009-04-13T00:00:00,73,wheat_weekly_rv
15,bsr,True,2018-11-12T00:00:00,501,2018-11-12T00:00:00,500,2018-11-12T00:00:00,500,2018-11-05T00:00:00,0,2009-04-13T00:00:00,73,wheat_monthly_rv
15,bsr,True,2018-11-12T00:00:00,501,2018-11-12T00:00:00,500,2018-11-12T00:00:00,500,2018-11-05T00:00:00,0,2009-04-13T00:00:00,73,wheat_seasonal_rv
15,bsr,True,2018-11-12T00:00:00,501,2018-11-12T00:00:00,500,2018-11-12T00:00:00,500,2018-11-05T00:00:00,0,2009-04-13T00:00:00,73,wheat_weekly_rvb
15,bsr,True,2018-11-12T00:00:00,501,2018-11-12T00:00:00,500,2018-11-12T00:00:00,500,2018-11-05T00:00:00,0,2009-04-13T00:00:00,73,ssta_lanina
15,bsr,True,2018-11-12T00:00:00,501,2018-11-12T00:00:00,500,2018-11-12T00:00:00,500,2018-11-05T00:00:00,0,2009-04-13T00:00:00,73,SOI_index
15,bsr,True,2018-11-12T00:00:00,501,2018-11-12T00:00:00,500,2018-11-12T00:00:00,500,2018-11-05T00:00:00,0,2009-04-13T00:00:00,73,tmax_very_hot_in_planting
15,bsr,True,2018-11-12T00:00:00,501,2018-11-12T00:00:00,500,2018-11-12T00:00:00,500,2018-11-05T00:00:00,0,2009-04-13T00:00:00,73,tmin_very_cold_in_planting
15,bsr,True,2018-11-12T00:00:00,501,2018-11-12T00:00:00,500,2018-11-12T00:00:00,500,2018-11-05T00:00:00,0,2009-04-13T00:00:00,73,spi_7d_extreme_wet_in_planting
15,bsr,True,2018-11-12T00:00:00,501,2018-11-12T00:00:00,500,2018-11-12T00:00:00,500,2018-11-05T00:00:00,0,2009-04-13T00:00:00,73,spi_7d_very_dry_in_harvesting
15,bsr,True,2018-11-12T00:00:00,501,2018-11-12T00:00:00,500,2018-11-12T00:00:00,500,2018-11-05T00:00:00,0,2009-04-13T00:00:00,73,spi_7d_extreme_dry_in_planting
15,bsr,True,2018-11-12T00:00:00,501,2018-11-12T00:00:00,500,2018-11-12T00:00:00,500,2018-11-05T00:00:00,0,2009-04-13T00:00:00,73,pdsi_very_wet_in_harvesting
15,bsr,True,2018-11-12T00:00:00,501,2018-11-12T00:00:00,500,2018-11-12T00:00:00,500,2018-11-05T00:00:00,0,2009-04-13T00:00:00,73,pdsi_extreme_wet_in_harvesting
15,bsr,True,2018-11-12T00:00:00,501,2018-11-12T00:00:00,500,2018-11-12T00:00:00,500,2018-11-05T00:00:00,0,2009-04-13T00:00:00,73,pdsi_extreme_drought_in_harvesting
15,bsr,True,2018-11-12T00:00:00,501,2018-11-12T00:00:00,500,2018-11-12T00:00:00,500,2018-11-05T00:00:00,0,2009-04-13T00:00:00,73,pdsi_severe_drought_in_planting
15,bsr,True,2018-12-10T00:00:00,505,2018-12-10T00:00:00,504,2018-12-10T00:00:00,504,2018-12-03T00:00:00,0,2009-04-13T00:00:00,74,wheat_weekly_rv
15,bsr,True,2018-12-10T00:00:00,505,2018-12-10T00:00:00,504,2018-12-10T00:00:00,504,2018-12-03T00:00:00,0,2009-04-13T00:00:00,74,wheat_monthly_rv
15,bsr,True,2018-12-10T00:00:00,505,2018-12-10T00:00:00,504,2018-12-10T00:00:00,504,2018-12-03T00:00:00,0,2009-04-13T00:00:00,74,wheat_seasonal_rv
15,bsr,True,2018-12-10T00:00:00,505,2018-12-10T00:00:00,504,2018-12-10T00:00:00,504,2018-12-03T00:00:00,0,2009-04-13T00:00:00,74,wheat_weekly_rvb
15,bsr,True,2018-12-10T00:00:00,505,2018-12-10T00:00:00,504,2018-12-10T00:00:00,504,2018-12-03T00:00:00,0,2009-04-13T00:00:00,74,ssta_lanina
15,bsr,True,2018-12-10T00:00:00,505,2018-12-10T00:00:00,504,2018-12-10T00:00:00,504,2018-12-03T00:00:00,0,2009-04-13T00:00:00,74,SOI_index
15,bsr,True,2018-12-10T00:00:00,505,2018-12-10T00:00:00,504,2018-12-10T00:00:00,504,2018-12-03T00:00:00,0,2009-04-13T00:00:00,74,tmax_very_hot_in_planting
15,bsr,True,2018-12-10T00:00:00,505,2018-12-10T00:00:00,504,2018-12-10T00:00:00,504,2018-12-03T00:00:00,0,2009-04-13T00:00:00,74,tmin_very_cold_in_planting
15,bsr,True,2018-12-10T00:00:00,505,2018-12-10T00:00:00,504,2018-12-10T00:00:00,504,2018-12-03T00:00:00,0,2009-04-13T00:00:00,74,spi_7d_extreme_wet_in_planting
15,bsr,True,2018-12-10T00:00:00,505,2018-12-10T00:00:00,504,2018-12-10T00:00:00,504,2018-12-03T00:00:00,0,2009-04-13T00:00:00,74,spi_7d_very_dry_in_harvesting
15,bsr,True,2018-12-10T00:00:00,505,2018-12-10T00:00:00,504,2018-12-10T00:00:00,504,2018-12-03T00:00:00,0,2009-04-13T00:00:00,74,spi_7d_extreme_dry_in_planting
15,bsr,True,2018-12-10T00:00:00,505,2018-12-10T00:00:00,504,2018-12-10T00:00:00,504,2018-12-03T00:00:00,0,2009-04-13T00:00:00,74,pdsi_very_wet_in_harvesting
15,bsr,True,2018-12-10T00:00:00,505,2018-12-10T00:00:00,504,2018-12-10T00:00:00,504,2018-12-03T00:00:00,0,2009-04-13T00:00:00,74,pdsi_extreme_wet_in_harvesting
15,bsr,True,2018-12-10T00:00:00,505,2018-12-10T00:00:00,504,2018-12-10T00:00:00,504,2018-12-03T00:00:00,0,2009-04-13T00:00:00,74,pdsi_extreme_drought_in_harvesting
15,bsr,True,2018-12-10T00:00:00,505,2018-12-10T00:00:00,504,2018-12-10T00:00:00,504,2018-12-03T00:00:00,0,2009-04-13T00:00:00,74,pdsi_severe_drought_in_planting
15,bsr,True,2019-01-07T00:00:00,509,2019-01-07T00:00:00,508,2019-01-07T00:00:00,508,2018-12-31T00:00:00,0,2009-04-13T00:00:00,75,wheat_weekly_rv
15,bsr,True,2019-01-07T00:00:00,509,2019-01-07T00:00:00,508,2019-01-07T00:00:00,508,2018-12-31T00:00:00,0,2009-04-13T00:00:00,75,wheat_monthly_rv
15,bsr,True,2019-01-07T00:00:00,509,2019-01-07T00:00:00,508,2019-01-07T00:00:00,508,2018-12-31T00:00:00,0,2009-04-13T00:00:00,75,wheat_seasonal_rv
15,bsr,True,2019-01-07T00:00:00,509,2019-01-07T00:00:00,508,2019-01-07T00:00:00,508,2018-12-31T00:00:00,0,2009-04-13T00:00:00,75,wheat_weekly_rvb
15,bsr,True,2019-01-07T00:00:00,509,2019-01-07T00:00:00,508,2019-01-07T00:00:00,508,2018-12-31T00:00:00,0,2009-04-13T00:00:00,75,ssta_lanina
15,bsr,True,2019-01-07T00:00:00,509,2019-01-07T00:00:00,508,2019-01-07T00:00:00,508,2018-12-31T00:00:00,0,2009-04-13T00:00:00,75,SOI_index
15,bsr,True,2019-01-07T00:00:00,509,2019-01-07T00:00:00,508,2019-01-07T00:00:00,508,2018-12-31T00:00:00,0,2009-04-13T00:00:00,75,tmax_very_hot_in_planting
15,bsr,True,2019-01-07T00:00:00,509,2019-01-07T00:00:00,508,2019-01-07T00:00:00,508,2018-12-31T00:00:00,0,2009-04-13T00:00:00,75,tmin_very_cold_in_planting
15,bsr,True,2019-01-07T00:00:00,509,2019-01-07T00:00:00,508,2019-01-07T00:00:00,508,2018-12-31T00:00:00,0,2009-04-13T00:00:00,75,spi_7d_extreme_wet_in_planting
15,bsr,True,2019-01-07T00:00:00,509,2019-01-07T00:00:00,508,2019-01-07T00:00:00,508,2018-12-31T00:00:00,0,2009-04-13T00:00:00,75,spi_7d_very_dry_in_harvesting
15,bsr,True,2019-01-07T00:00:00,509,2019-01-07T00:00:00,508,2019-01-07T00:00:00,508,2018-12-31T00:00:00,0,2009-04-13T00:00:00,75,spi_7d_extreme_dry_in_planting
15,bsr,True,2019-01-07T00:00:00,509,2019-01-07T00:00:00,508,2019-01-07T00:00:00,508,2018-12-31T00:00:00,0,2009-04-13T00:00:00,75,pdsi_very_wet_in_harvesting
15,bsr,True,2019-01-07T00:00:00,509,2019-01-07T00:00:00,508,2019-01-07T00:00:00,508,2018-12-31T00:00:00,0,2009-04-13T00:00:00,75,pdsi_extreme_wet_in_harvesting
15,bsr,True,2019-01-07T00:00:00,509,2019-01-07T00:00:00,508,2019-01-07T00:00:00,508,2018-12-31T00:00:00,0,2009-04-13T00:00:00,75,pdsi_extreme_drought_in_harvesting
15,bsr,True,2019-01-07T00:00:00,509,2019-01-07T00:00:00,508,2019-01-07T00:00:00,508,2018-12-31T00:00:00,0,2009-04-13T00:00:00,75,pdsi_severe_drought_in_planting
15,bsr,True,2019-02-04T00:00:00,513,2019-02-04T00:00:00,512,2019-02-04T00:00:00,512,2019-01-28T00:00:00,0,2009-04-13T00:00:00,76,wheat_weekly_rv
15,bsr,True,2019-02-04T00:00:00,513,2019-02-04T00:00:00,512,2019-02-04T00:00:00,512,2019-01-28T00:00:00,0,2009-04-13T00:00:00,76,wheat_monthly_rv
15,bsr,True,2019-02-04T00:00:00,513,2019-02-04T00:00:00,512,2019-02-04T00:00:00,512,2019-01-28T00:00:00,0,2009-04-13T00:00:00,76,wheat_seasonal_rv
15,bsr,True,2019-02-04T00:00:00,513,2019-02-04T00:00:00,512,2019-02-04T00:00:00,512,2019-01-28T00:00:00,0,2009-04-13T00:00:00,76,wheat_weekly_rvb
15,bsr,True,2019-02-04T00:00:00,513,2019-02-04T00:00:00,512,2019-02-04T00:00:00,512,2019-01-28T00:00:00,0,2009-04-13T00:00:00,76,ssta_lanina
15,bsr,True,2019-02-04T00:00:00,513,2019-02-04T00:00:00,512,2019-02-04T00:00:00,512,2019-01-28T00:00:00,0,2009-04-13T00:00:00,76,SOI_index
15,bsr,True,2019-02-04T00:00:00,513,2019-02-04T00:00:00,512,2019-02-04T00:00:00,512,2019-01-28T00:00:00,0,2009-04-13T00:00:00,76,tmax_very_hot_in_planting
15,bsr,True,2019-02-04T00:00:00,513,2019-02-04T00:00:00,512,2019-02-04T00:00:00,512,2019-01-28T00:00:00,0,2009-04-13T00:00:00,76,tmin_very_cold_in_planting
15,bsr,True,2019-02-04T00:00:00,513,2019-02-04T00:00:00,512,2019-02-04T00:00:00,512,2019-01-28T00:00:00,0,2009-04-13T00:00:00,76,spi_7d_extreme_wet_in_planting
15,bsr,True,2019-02-04T00:00:00,513,2019-02-04T00:00:00,512,2019-02-04T00:00:00,512,2019-01-28T00:00:00,0,2009-04-13T00:00:00,76,spi_7d_very_dry_in_harvesting
15,bsr,True,2019-02-04T00:00:00,513,2019-02-04T00:00:00,512,2019-02-04T00:00:00,512,2019-01-28T00:00:00,0,2009-04-13T00:00:00,76,spi_7d_extreme_dry_in_planting
15,bsr,True,2019-02-04T00:00:00,513,2019-02-04T00:00:00,512,2019-02-04T00:00:00,512,2019-01-28T00:00:00,0,2009-04-13T00:00:00,76,pdsi_very_wet_in_harvesting
15,bsr,True,2019-02-04T00:00:00,513,2019-02-04T00:00:00,512,2019-02-04T00:00:00,512,2019-01-28T00:00:00,0,2009-04-13T00:00:00,76,pdsi_extreme_wet_in_harvesting
15,bsr,True,2019-02-04T00:00:00,513,2019-02-04T00:00:00,512,2019-02-04T00:00:00,512,2019-01-28T00:00:00,0,2009-04-13T00:00:00,76,pdsi_extreme_drought_in_harvesting
15,bsr,True,2019-02-04T00:00:00,513,2019-02-04T00:00:00,512,2019-02-04T00:00:00,512,2019-01-28T00:00:00,0,2009-04-13T00:00:00,76,pdsi_severe_drought_in_planting
15,bsr,True,2019-03-04T00:00:00,517,2019-03-04T00:00:00,516,2019-03-04T00:00:00,516,2019-02-25T00:00:00,0,2009-04-13T00:00:00,77,wheat_weekly_rv
15,bsr,True,2019-03-04T00:00:00,517,2019-03-04T00:00:00,516,2019-03-04T00:00:00,516,2019-02-25T00:00:00,0,2009-04-13T00:00:00,77,wheat_monthly_rv
15,bsr,True,2019-03-04T00:00:00,517,2019-03-04T00:00:00,516,2019-03-04T00:00:00,516,2019-02-25T00:00:00,0,2009-04-13T00:00:00,77,wheat_seasonal_rv
15,bsr,True,2019-03-04T00:00:00,517,2019-03-04T00:00:00,516,2019-03-04T00:00:00,516,2019-02-25T00:00:00,0,2009-04-13T00:00:00,77,wheat_weekly_rvb
15,bsr,True,2019-03-04T00:00:00,517,2019-03-04T00:00:00,516,2019-03-04T00:00:00,516,2019-02-25T00:00:00,0,2009-04-13T00:00:00,77,ssta_lanina
15,bsr,True,2019-03-04T00:00:00,517,2019-03-04T00:00:00,516,2019-03-04T00:00:00,516,2019-02-25T00:00:00,0,2009-04-13T00:00:00,77,SOI_index
15,bsr,True,2019-03-04T00:00:00,517,2019-03-04T00:00:00,516,2019-03-04T00:00:00,516,2019-02-25T00:00:00,0,2009-04-13T00:00:00,77,tmax_very_hot_in_planting
15,bsr,True,2019-03-04T00:00:00,517,2019-03-04T00:00:00,516,2019-03-04T00:00:00,516,2019-02-25T00:00:00,0,2009-04-13T00:00:00,77,tmin_very_cold_in_planting
15,bsr,True,2019-03-04T00:00:00,517,2019-03-04T00:00:00,516,2019-03-04T00:00:00,516,2019-02-25T00:00:00,0,2009-04-13T00:00:00,77,spi_7d_extreme_wet_in_planting
15,bsr,True,2019-03-04T00:00:00,517,2019-03-04T00:00:00,516,2019-03-04T00:00:00,516,2019-02-25T00:00:00,0,2009-04-13T00:00:00,77,spi_7d_very_dry_in_harvesting
15,bsr,True,2019-03-04T00:00:00,517,2019-03-04T00:00:00,516,2019-03-04T00:00:00,516,2019-02-25T00:00:00,0,2009-04-13T00:00:00,77,spi_7d_extreme_dry_in_planting
15,bsr,True,2019-03-04T00:00:00,517,2019-03-04T00:00:00,516,2019-03-04T00:00:00,516,2019-02-25T00:00:00,0,2009-04-13T00:00:00,77,pdsi_very_wet_in_harvesting
15,bsr,True,2019-03-04T00:00:00,517,2019-03-04T00:00:00,516,2019-03-04T00:00:00,516,2019-02-25T00:00:00,0,2009-04-13T00:00:00,77,pdsi_extreme_wet_in_harvesting
15,bsr,True,2019-03-04T00:00:00,517,2019-03-04T00:00:00,516,2019-03-04T00:00:00,516,2019-02-25T00:00:00,0,2009-04-13T00:00:00,77,pdsi_extreme_drought_in_harvesting
15,bsr,True,2019-03-04T00:00:00,517,2019-03-04T00:00:00,516,2019-03-04T00:00:00,516,2019-02-25T00:00:00,0,2009-04-13T00:00:00,77,pdsi_severe_drought_in_planting
15,bsr,True,2019-04-01T00:00:00,521,2019-04-01T00:00:00,520,2019-04-01T00:00:00,520,2019-03-25T00:00:00,0,2009-04-13T00:00:00,78,wheat_weekly_rv
15,bsr,True,2019-04-01T00:00:00,521,2019-04-01T00:00:00,520,2019-04-01T00:00:00,520,2019-03-25T00:00:00,0,2009-04-13T00:00:00,78,wheat_monthly_rv
15,bsr,True,2019-04-01T00:00:00,521,2019-04-01T00:00:00,520,2019-04-01T00:00:00,520,2019-03-25T00:00:00,0,2009-04-13T00:00:00,78,wheat_seasonal_rv
15,bsr,True,2019-04-01T00:00:00,521,2019-04-01T00:00:00,520,2019-04-01T00:00:00,520,2019-03-25T00:00:00,0,2009-04-13T00:00:00,78,wheat_weekly_rvb
15,bsr,True,2019-04-01T00:00:00,521,2019-04-01T00:00:00,520,2019-04-01T00:00:00,520,2019-03-25T00:00:00,0,2009-04-13T00:00:00,78,ssta_lanina
15,bsr,True,2019-04-01T00:00:00,521,2019-04-01T00:00:00,520,2019-04-01T00:00:00,520,2019-03-25T00:00:00,0,2009-04-13T00:00:00,78,SOI_index
15,bsr,True,2019-04-01T00:00:00,521,2019-04-01T00:00:00,520,2019-04-01T00:00:00,520,2019-03-25T00:00:00,0,2009-04-13T00:00:00,78,tmax_very_hot_in_planting
15,bsr,True,2019-04-01T00:00:00,521,2019-04-01T00:00:00,520,2019-04-01T00:00:00,520,2019-03-25T00:00:00,0,2009-04-13T00:00:00,78,tmin_very_cold_in_planting
15,bsr,True,2019-04-01T00:00:00,521,2019-04-01T00:00:00,520,2019-04-01T00:00:00,520,2019-03-25T00:00:00,0,2009-04-13T00:00:00,78,spi_7d_extreme_wet_in_planting
15,bsr,True,2019-04-01T00:00:00,521,2019-04-01T00:00:00,520,2019-04-01T00:00:00,520,2019-03-25T00:00:00,0,2009-04-13T00:00:00,78,spi_7d_very_dry_in_harvesting
15,bsr,True,2019-04-01T00:00:00,521,2019-04-01T00:00:00,520,2019-04-01T00:00:00,520,2019-03-25T00:00:00,0,2009-04-13T00:00:00,78,spi_7d_extreme_dry_in_planting
15,bsr,True,2019-04-01T00:00:00,521,2019-04-01T00:00:00,520,2019-04-01T00:00:00,520,2019-03-25T00:00:00,0,2009-04-13T00:00:00,78,pdsi_very_wet_in_harvesting
15,bsr,True,2019-04-01T00:00:00,521,2019-04-01T00:00:00,520,2019-04-01T00:00:00,520,2019-03-25T00:00:00,0,2009-04-13T00:00:00,78,pdsi_extreme_wet_in_harvesting
15,bsr,True,2019-04-01T00:00:00,521,2019-04-01T00:00:00,520,2019-04-01T00:00:00,520,2019-03-25T00:00:00,0,2009-04-13T00:00:00,78,pdsi_extreme_drought_in_harvesting
15,bsr,True,2019-04-01T00:00:00,521,2019-04-01T00:00:00,520,2019-04-01T00:00:00,520,2019-03-25T00:00:00,0,2009-04-13T00:00:00,78,pdsi_severe_drought_in_planting
15,bsr,True,2019-04-29T00:00:00,525,2019-04-29T00:00:00,524,2019-04-29T00:00:00,524,2019-04-22T00:00:00,0,2009-04-13T00:00:00,79,wheat_weekly_rv
15,bsr,True,2019-04-29T00:00:00,525,2019-04-29T00:00:00,524,2019-04-29T00:00:00,524,2019-04-22T00:00:00,0,2009-04-13T00:00:00,79,wheat_monthly_rv
15,bsr,True,2019-04-29T00:00:00,525,2019-04-29T00:00:00,524,2019-04-29T00:00:00,524,2019-04-22T00:00:00,0,2009-04-13T00:00:00,79,wheat_seasonal_rv
15,bsr,True,2019-04-29T00:00:00,525,2019-04-29T00:00:00,524,2019-04-29T00:00:00,524,2019-04-22T00:00:00,0,2009-04-13T00:00:00,79,wheat_weekly_rvb
15,bsr,True,2019-04-29T00:00:00,525,2019-04-29T00:00:00,524,2019-04-29T00:00:00,524,2019-04-22T00:00:00,0,2009-04-13T00:00:00,79,ssta_lanina
15,bsr,True,2019-04-29T00:00:00,525,2019-04-29T00:00:00,524,2019-04-29T00:00:00,524,2019-04-22T00:00:00,0,2009-04-13T00:00:00,79,SOI_index
15,bsr,True,2019-04-29T00:00:00,525,2019-04-29T00:00:00,524,2019-04-29T00:00:00,524,2019-04-22T00:00:00,0,2009-04-13T00:00:00,79,tmax_very_hot_in_planting
15,bsr,True,2019-04-29T00:00:00,525,2019-04-29T00:00:00,524,2019-04-29T00:00:00,524,2019-04-22T00:00:00,0,2009-04-13T00:00:00,79,tmin_very_cold_in_planting
15,bsr,True,2019-04-29T00:00:00,525,2019-04-29T00:00:00,524,2019-04-29T00:00:00,524,2019-04-22T00:00:00,0,2009-04-13T00:00:00,79,spi_7d_extreme_wet_in_planting
15,bsr,True,2019-04-29T00:00:00,525,2019-04-29T00:00:00,524,2019-04-29T00:00:00,524,2019-04-22T00:00:00,0,2009-04-13T00:00:00,79,spi_7d_very_dry_in_harvesting
15,bsr,True,2019-04-29T00:00:00,525,2019-04-29T00:00:00,524,2019-04-29T00:00:00,524,2019-04-22T00:00:00,0,2009-04-13T00:00:00,79,spi_7d_extreme_dry_in_planting
15,bsr,True,2019-04-29T00:00:00,525,2019-04-29T00:00:00,524,2019-04-29T00:00:00,524,2019-04-22T00:00:00,0,2009-04-13T00:00:00,79,pdsi_very_wet_in_harvesting
15,bsr,True,2019-04-29T00:00:00,525,2019-04-29T00:00:00,524,2019-04-29T00:00:00,524,2019-04-22T00:00:00,0,2009-04-13T00:00:00,79,pdsi_extreme_wet_in_harvesting
15,bsr,True,2019-04-29T00:00:00,525,2019-04-29T00:00:00,524,2019-04-29T00:00:00,524,2019-04-22T00:00:00,0,2009-04-13T00:00:00,79,pdsi_extreme_drought_in_harvesting
15,bsr,True,2019-04-29T00:00:00,525,2019-04-29T00:00:00,524,2019-04-29T00:00:00,524,2019-04-22T00:00:00,0,2009-04-13T00:00:00,79,pdsi_severe_drought_in_planting
15,bsr,False,2019-05-27T00:00:00,529,2019-05-27T00:00:00,528,2019-05-27T00:00:00,528,2019-05-20T00:00:00,0,2009-04-13T00:00:00,80,wheat_weekly_rv
15,bsr,False,2019-05-27T00:00:00,529,2019-05-27T00:00:00,528,2019-05-27T00:00:00,528,2019-05-20T00:00:00,0,2009-04-13T00:00:00,80,wheat_monthly_rv
15,bsr,False,2019-05-27T00:00:00,529,2019-05-27T00:00:00,528,2019-05-27T00:00:00,528,2019-05-20T00:00:00,0,2009-04-13T00:00:00,80,wheat_seasonal_rv
15,bsr,False,2019-05-27T00:00:00,529,2019-05-27T00:00:00,528,2019-05-27T00:00:00,528,2019-05-20T00:00:00,0,2009-04-13T00:00:00,80,soybeans_weekly_rv
15,bsr,False,2019-05-27T00:00:00,529,2019-05-27T00:00:00,528,2019-05-27T00:00:00,528,2019-05-20T00:00:00,0,2009-04-13T00:00:00,80,ssta_lanina
15,bsr,False,2019-05-27T00:00:00,529,2019-05-27T00:00:00,528,2019-05-27T00:00:00,528,2019-05-20T00:00:00,0,2009-04-13T00:00:00,80,tmax_very_hot_in_planting
15,bsr,False,2019-05-27T00:00:00,529,2019-05-27T00:00:00,528,2019-05-27T00:00:00,528,2019-05-20T00:00:00,0,2009-04-13T00:00:00,80,tmin_very_cold_in_planting
15,bsr,False,2019-05-27T00:00:00,529,2019-05-27T00:00:00,528,2019-05-27T00:00:00,528,2019-05-20T00:00:00,0,2009-04-13T00:00:00,80,spi_7d_extreme_wet_in_planting
15,bsr,False,2019-05-27T00:00:00,529,2019-05-27T00:00:00,528,2019-05-27T00:00:00,528,2019-05-20T00:00:00,0,2009-04-13T00:00:00,80,spi_7d_very_dry_in_harvesting
15,bsr,False,2019-05-27T00:00:00,529,2019-05-27T00:00:00,528,2019-05-27T00:00:00,528,2019-05-20T00:00:00,0,2009-04-13T00:00:00,80,spi_7d_extreme_dry_in_planting
15,bsr,False,2019-05-27T00:00:00,529,2019-05-27T00:00:00,528,2019-05-27T00:00:00,528,2019-05-20T00:00:00,0,2009-04-13T00:00:00,80,pdsi_very_wet_in_planting
15,bsr,False,2019-05-27T00:00:00,529,2019-05-27T00:00:00,528,2019-05-27T00:00:00,528,2019-05-20T00:00:00,0,2009-04-13T00:00:00,80,pdsi_very_wet_in_harvesting
15,bsr,False,2019-05-27T00:00:00,529,2019-05-27T00:00:00,528,2019-05-27T00:00:00,528,2019-05-20T00:00:00,0,2009-04-13T00:00:00,80,pdsi_extreme_wet_in_harvesting
15,bsr,False,2019-05-27T00:00:00,529,2019-05-27T00:00:00,528,2019-05-27T00:00:00,528,2019-05-20T00:00:00,0,2009-04-13T00:00:00,80,pdsi_extreme_drought_in_harvesting
15,bsr,False,2019-05-27T00:00:00,529,2019-05-27T00:00:00,528,2019-05-27T00:00:00,528,2019-05-20T00:00:00,0,2009-04-13T00:00:00,80,pdsi_severe_drought_in_planting
15,bsr,True,2019-06-24T00:00:00,533,2019-06-24T00:00:00,532,2019-06-24T00:00:00,532,2019-06-17T00:00:00,0,2009-04-13T00:00:00,81,wheat_weekly_rv
15,bsr,True,2019-06-24T00:00:00,533,2019-06-24T00:00:00,532,2019-06-24T00:00:00,532,2019-06-17T00:00:00,0,2009-04-13T00:00:00,81,wheat_monthly_rv
15,bsr,True,2019-06-24T00:00:00,533,2019-06-24T00:00:00,532,2019-06-24T00:00:00,532,2019-06-17T00:00:00,0,2009-04-13T00:00:00,81,wheat_seasonal_rv
15,bsr,True,2019-06-24T00:00:00,533,2019-06-24T00:00:00,532,2019-06-24T00:00:00,532,2019-06-17T00:00:00,0,2009-04-13T00:00:00,81,soybeans_weekly_rv
15,bsr,True,2019-06-24T00:00:00,533,2019-06-24T00:00:00,532,2019-06-24T00:00:00,532,2019-06-17T00:00:00,0,2009-04-13T00:00:00,81,ssta_lanina
15,bsr,True,2019-06-24T00:00:00,533,2019-06-24T00:00:00,532,2019-06-24T00:00:00,532,2019-06-17T00:00:00,0,2009-04-13T00:00:00,81,tmax_very_hot_in_planting
15,bsr,True,2019-06-24T00:00:00,533,2019-06-24T00:00:00,532,2019-06-24T00:00:00,532,2019-06-17T00:00:00,0,2009-04-13T00:00:00,81,tmin_very_cold_in_planting
15,bsr,True,2019-06-24T00:00:00,533,2019-06-24T00:00:00,532,2019-06-24T00:00:00,532,2019-06-17T00:00:00,0,2009-04-13T00:00:00,81,spi_7d_extreme_wet_in_planting
15,bsr,True,2019-06-24T00:00:00,533,2019-06-24T00:00:00,532,2019-06-24T00:00:00,532,2019-06-17T00:00:00,0,2009-04-13T00:00:00,81,spi_7d_very_dry_in_harvesting
15,bsr,True,2019-06-24T00:00:00,533,2019-06-24T00:00:00,532,2019-06-24T00:00:00,532,2019-06-17T00:00:00,0,2009-04-13T00:00:00,81,spi_7d_extreme_dry_in_planting
15,bsr,True,2019-06-24T00:00:00,533,2019-06-24T00:00:00,532,2019-06-24T00:00:00,532,2019-06-17T00:00:00,0,2009-04-13T00:00:00,81,pdsi_very_wet_in_planting
15,bsr,True,2019-06-24T00:00:00,533,2019-06-24T00:00:00,532,2019-06-24T00:00:00,532,2019-06-17T00:00:00,0,2009-04-13T00:00:00,81,pdsi_very_wet_in_harvesting
15,bsr,True,2019-06-24T00:00:00,533,2019-06-24T00:00:00,532,2019-06-24T00:00:00,532,2019-06-17T00:00:00,0,2009-04-13T00:00:00,81,pdsi_extreme_wet_in_harvesting
15,bsr,True,2019-06-24T00:00:00,533,2019-06-24T00:00:00,532,2019-06-24T00:00:00,532,2019-06-17T00:00:00,0,2009-04-13T00:00:00,81,pdsi_extreme_drought_in_harvesting
15,bsr,True,2019-06-24T00:00:00,533,2019-06-24T00:00:00,532,2019-06-24T00:00:00,532,2019-06-17T00:00:00,0,2009-04-13T00:00:00,81,pdsi_severe_drought_in_planting
15,bsr,True,2019-07-22T00:00:00,537,2019-07-22T00:00:00,536,2019-07-22T00:00:00,536,2019-07-15T00:00:00,0,2009-04-13T00:00:00,82,wheat_weekly_rv
15,bsr,True,2019-07-22T00:00:00,537,2019-07-22T00:00:00,536,2019-07-22T00:00:00,536,2019-07-15T00:00:00,0,2009-04-13T00:00:00,82,wheat_monthly_rv
15,bsr,True,2019-07-22T00:00:00,537,2019-07-22T00:00:00,536,2019-07-22T00:00:00,536,2019-07-15T00:00:00,0,2009-04-13T00:00:00,82,wheat_seasonal_rv
15,bsr,True,2019-07-22T00:00:00,537,2019-07-22T00:00:00,536,2019-07-22T00:00:00,536,2019-07-15T00:00:00,0,2009-04-13T00:00:00,82,soybeans_weekly_rv
15,bsr,True,2019-07-22T00:00:00,537,2019-07-22T00:00:00,536,2019-07-22T00:00:00,536,2019-07-15T00:00:00,0,2009-04-13T00:00:00,82,ssta_lanina
15,bsr,True,2019-07-22T00:00:00,537,2019-07-22T00:00:00,536,2019-07-22T00:00:00,536,2019-07-15T00:00:00,0,2009-04-13T00:00:00,82,tmax_very_hot_in_planting
15,bsr,True,2019-07-22T00:00:00,537,2019-07-22T00:00:00,536,2019-07-22T00:00:00,536,2019-07-15T00:00:00,0,2009-04-13T00:00:00,82,tmin_very_cold_in_planting
15,bsr,True,2019-07-22T00:00:00,537,2019-07-22T00:00:00,536,2019-07-22T00:00:00,536,2019-07-15T00:00:00,0,2009-04-13T00:00:00,82,spi_7d_extreme_wet_in_planting
15,bsr,True,2019-07-22T00:00:00,537,2019-07-22T00:00:00,536,2019-07-22T00:00:00,536,2019-07-15T00:00:00,0,2009-04-13T00:00:00,82,spi_7d_very_dry_in_harvesting
15,bsr,True,2019-07-22T00:00:00,537,2019-07-22T00:00:00,536,2019-07-22T00:00:00,536,2019-07-15T00:00:00,0,2009-04-13T00:00:00,82,spi_7d_extreme_dry_in_planting
15,bsr,True,2019-07-22T00:00:00,537,2019-07-22T00:00:00,536,2019-07-22T00:00:00,536,2019-07-15T00:00:00,0,2009-04-13T00:00:00,82,pdsi_very_wet_in_planting
15,bsr,True,2019-07-22T00:00:00,537,2019-07-22T00:00:00,536,2019-07-22T00:00:00,536,2019-07-15T00:00:00,0,2009-04-13T00:00:00,82,pdsi_very_wet_in_harvesting
15,bsr,True,2019-07-22T00:00:00,537,2019-07-22T00:00:00,536,2019-07-22T00:00:00,536,2019-07-15T00:00:00,0,2009-04-13T00:00:00,82,pdsi_extreme_wet_in_harvesting
15,bsr,True,2019-07-22T00:00:00,537,2019-07-22T00:00:00,536,2019-07-22T00:00:00,536,2019-07-15T00:00:00,0,2009-04-13T00:00:00,82,pdsi_extreme_drought_in_harvesting
15,bsr,True,2019-07-22T00:00:00,537,2019-07-22T00:00:00,536,2019-07-22T00:00:00,536,2019-07-15T00:00:00,0,2009-04-13T00:00:00,82,pdsi_severe_drought_in_planting
15,bsr,True,2019-08-19T00:00:00,541,2019-08-19T00:00:00,540,2019-08-19T00:00:00,540,2019-08-12T00:00:00,0,2009-04-13T00:00:00,83,wheat_weekly_rv
15,bsr,True,2019-08-19T00:00:00,541,2019-08-19T00:00:00,540,2019-08-19T00:00:00,540,2019-08-12T00:00:00,0,2009-04-13T00:00:00,83,wheat_monthly_rv
15,bsr,True,2019-08-19T00:00:00,541,2019-08-19T00:00:00,540,2019-08-19T00:00:00,540,2019-08-12T00:00:00,0,2009-04-13T00:00:00,83,wheat_seasonal_rv
15,bsr,True,2019-08-19T00:00:00,541,2019-08-19T00:00:00,540,2019-08-19T00:00:00,540,2019-08-12T00:00:00,0,2009-04-13T00:00:00,83,soybeans_weekly_rv
15,bsr,True,2019-08-19T00:00:00,541,2019-08-19T00:00:00,540,2019-08-19T00:00:00,540,2019-08-12T00:00:00,0,2009-04-13T00:00:00,83,ssta_lanina
15,bsr,True,2019-08-19T00:00:00,541,2019-08-19T00:00:00,540,2019-08-19T00:00:00,540,2019-08-12T00:00:00,0,2009-04-13T00:00:00,83,tmax_very_hot_in_planting
15,bsr,True,2019-08-19T00:00:00,541,2019-08-19T00:00:00,540,2019-08-19T00:00:00,540,2019-08-12T00:00:00,0,2009-04-13T00:00:00,83,tmin_very_cold_in_planting
15,bsr,True,2019-08-19T00:00:00,541,2019-08-19T00:00:00,540,2019-08-19T00:00:00,540,2019-08-12T00:00:00,0,2009-04-13T00:00:00,83,spi_7d_extreme_wet_in_planting
15,bsr,True,2019-08-19T00:00:00,541,2019-08-19T00:00:00,540,2019-08-19T00:00:00,540,2019-08-12T00:00:00,0,2009-04-13T00:00:00,83,spi_7d_very_dry_in_harvesting
15,bsr,True,2019-08-19T00:00:00,541,2019-08-19T00:00:00,540,2019-08-19T00:00:00,540,2019-08-12T00:00:00,0,2009-04-13T00:00:00,83,spi_7d_extreme_dry_in_planting
15,bsr,True,2019-08-19T00:00:00,541,2019-08-19T00:00:00,540,2019-08-19T00:00:00,540,2019-08-12T00:00:00,0,2009-04-13T00:00:00,83,pdsi_very_wet_in_planting
15,bsr,True,2019-08-19T00:00:00,541,2019-08-19T00:00:00,540,2019-08-19T00:00:00,540,2019-08-12T00:00:00,0,2009-04-13T00:00:00,83,pdsi_very_wet_in_harvesting
15,bsr,True,2019-08-19T00:00:00,541,2019-08-19T00:00:00,540,2019-08-19T00:00:00,540,2019-08-12T00:00:00,0,2009-04-13T00:00:00,83,pdsi_extreme_wet_in_harvesting
15,bsr,True,2019-08-19T00:00:00,541,2019-08-19T00:00:00,540,2019-08-19T00:00:00,540,2019-08-12T00:00:00,0,2009-04-13T00:00:00,83,pdsi_extreme_drought_in_harvesting
15,bsr,True,2019-08-19T00:00:00,541,2019-08-19T00:00:00,540,2019-08-19T00:00:00,540,2019-08-12T00:00:00,0,2009-04-13T00:00:00,83,pdsi_severe_drought_in_planting
15,bsr,True,2019-09-16T00:00:00,545,2019-09-16T00:00:00,544,2019-09-16T00:00:00,544,2019-09-09T00:00:00,0,2009-04-13T00:00:00,84,wheat_weekly_rv
15,bsr,True,2019-09-16T00:00:00,545,2019-09-16T00:00:00,544,2019-09-16T00:00:00,544,2019-09-09T00:00:00,0,2009-04-13T00:00:00,84,wheat_monthly_rv
15,bsr,True,2019-09-16T00:00:00,545,2019-09-16T00:00:00,544,2019-09-16T00:00:00,544,2019-09-09T00:00:00,0,2009-04-13T00:00:00,84,wheat_seasonal_rv
15,bsr,True,2019-09-16T00:00:00,545,2019-09-16T00:00:00,544,2019-09-16T00:00:00,544,2019-09-09T00:00:00,0,2009-04-13T00:00:00,84,soybeans_weekly_rv
15,bsr,True,2019-09-16T00:00:00,545,2019-09-16T00:00:00,544,2019-09-16T00:00:00,544,2019-09-09T00:00:00,0,2009-04-13T00:00:00,84,ssta_lanina
15,bsr,True,2019-09-16T00:00:00,545,2019-09-16T00:00:00,544,2019-09-16T00:00:00,544,2019-09-09T00:00:00,0,2009-04-13T00:00:00,84,tmax_very_hot_in_planting
15,bsr,True,2019-09-16T00:00:00,545,2019-09-16T00:00:00,544,2019-09-16T00:00:00,544,2019-09-09T00:00:00,0,2009-04-13T00:00:00,84,tmin_very_cold_in_planting
15,bsr,True,2019-09-16T00:00:00,545,2019-09-16T00:00:00,544,2019-09-16T00:00:00,544,2019-09-09T00:00:00,0,2009-04-13T00:00:00,84,spi_7d_extreme_wet_in_planting
15,bsr,True,2019-09-16T00:00:00,545,2019-09-16T00:00:00,544,2019-09-16T00:00:00,544,2019-09-09T00:00:00,0,2009-04-13T00:00:00,84,spi_7d_very_dry_in_harvesting
15,bsr,True,2019-09-16T00:00:00,545,2019-09-16T00:00:00,544,2019-09-16T00:00:00,544,2019-09-09T00:00:00,0,2009-04-13T00:00:00,84,spi_7d_extreme_dry_in_planting
15,bsr,True,2019-09-16T00:00:00,545,2019-09-16T00:00:00,544,2019-09-16T00:00:00,544,2019-09-09T00:00:00,0,2009-04-13T00:00:00,84,pdsi_very_wet_in_planting
15,bsr,True,2019-09-16T00:00:00,545,2019-09-16T00:00:00,544,2019-09-16T00:00:00,544,2019-09-09T00:00:00,0,2009-04-13T00:00:00,84,pdsi_very_wet_in_harvesting
15,bsr,True,2019-09-16T00:00:00,545,2019-09-16T00:00:00,544,2019-09-16T00:00:00,544,2019-09-09T00:00:00,0,2009-04-13T00:00:00,84,pdsi_extreme_wet_in_harvesting
15,bsr,True,2019-09-16T00:00:00,545,2019-09-16T00:00:00,544,2019-09-16T00:00:00,544,2019-09-09T00:00:00,0,2009-04-13T00:00:00,84,pdsi_extreme_drought_in_harvesting
15,bsr,True,2019-09-16T00:00:00,545,2019-09-16T00:00:00,544,2019-09-16T00:00:00,544,2019-09-09T00:00:00,0,2009-04-13T00:00:00,84,pdsi_severe_drought_in_planting
15,bsr,True,2019-10-14T00:00:00,549,2019-10-14T00:00:00,548,2019-10-14T00:00:00,548,2019-10-07T00:00:00,0,2009-04-13T00:00:00,85,wheat_weekly_rv
15,bsr,True,2019-10-14T00:00:00,549,2019-10-14T00:00:00,548,2019-10-14T00:00:00,548,2019-10-07T00:00:00,0,2009-04-13T00:00:00,85,wheat_monthly_rv
15,bsr,True,2019-10-14T00:00:00,549,2019-10-14T00:00:00,548,2019-10-14T00:00:00,548,2019-10-07T00:00:00,0,2009-04-13T00:00:00,85,wheat_seasonal_rv
15,bsr,True,2019-10-14T00:00:00,549,2019-10-14T00:00:00,548,2019-10-14T00:00:00,548,2019-10-07T00:00:00,0,2009-04-13T00:00:00,85,soybeans_weekly_rv
15,bsr,True,2019-10-14T00:00:00,549,2019-10-14T00:00:00,548,2019-10-14T00:00:00,548,2019-10-07T00:00:00,0,2009-04-13T00:00:00,85,ssta_lanina
15,bsr,True,2019-10-14T00:00:00,549,2019-10-14T00:00:00,548,2019-10-14T00:00:00,548,2019-10-07T00:00:00,0,2009-04-13T00:00:00,85,tmax_very_hot_in_planting
15,bsr,True,2019-10-14T00:00:00,549,2019-10-14T00:00:00,548,2019-10-14T00:00:00,548,2019-10-07T00:00:00,0,2009-04-13T00:00:00,85,tmin_very_cold_in_planting
15,bsr,True,2019-10-14T00:00:00,549,2019-10-14T00:00:00,548,2019-10-14T00:00:00,548,2019-10-07T00:00:00,0,2009-04-13T00:00:00,85,spi_7d_extreme_wet_in_planting
15,bsr,True,2019-10-14T00:00:00,549,2019-10-14T00:00:00,548,2019-10-14T00:00:00,548,2019-10-07T00:00:00,0,2009-04-13T00:00:00,85,spi_7d_very_dry_in_harvesting
15,bsr,True,2019-10-14T00:00:00,549,2019-10-14T00:00:00,548,2019-10-14T00:00:00,548,2019-10-07T00:00:00,0,2009-04-13T00:00:00,85,spi_7d_extreme_dry_in_planting
15,bsr,True,2019-10-14T00:00:00,549,2019-10-14T00:00:00,548,2019-10-14T00:00:00,548,2019-10-07T00:00:00,0,2009-04-13T00:00:00,85,pdsi_very_wet_in_planting
15,bsr,True,2019-10-14T00:00:00,549,2019-10-14T00:00:00,548,2019-10-14T00:00:00,548,2019-10-07T00:00:00,0,2009-04-13T00:00:00,85,pdsi_very_wet_in_harvesting
15,bsr,True,2019-10-14T00:00:00,549,2019-10-14T00:00:00,548,2019-10-14T00:00:00,548,2019-10-07T00:00:00,0,2009-04-13T00:00:00,85,pdsi_extreme_wet_in_harvesting
15,bsr,True,2019-10-14T00:00:00,549,2019-10-14T00:00:00,548,2019-10-14T00:00:00,548,2019-10-07T00:00:00,0,2009-04-13T00:00:00,85,pdsi_extreme_drought_in_harvesting
15,bsr,True,2019-10-14T00:00:00,549,2019-10-14T00:00:00,548,2019-10-14T00:00:00,548,2019-10-07T00:00:00,0,2009-04-13T00:00:00,85,pdsi_severe_drought_in_planting
15,bsr,True,2019-11-11T00:00:00,553,2019-11-11T00:00:00,552,2019-11-11T00:00:00,552,2019-11-04T00:00:00,0,2009-04-13T00:00:00,86,wheat_weekly_rv
15,bsr,True,2019-11-11T00:00:00,553,2019-11-11T00:00:00,552,2019-11-11T00:00:00,552,2019-11-04T00:00:00,0,2009-04-13T00:00:00,86,wheat_monthly_rv
15,bsr,True,2019-11-11T00:00:00,553,2019-11-11T00:00:00,552,2019-11-11T00:00:00,552,2019-11-04T00:00:00,0,2009-04-13T00:00:00,86,wheat_seasonal_rv
15,bsr,True,2019-11-11T00:00:00,553,2019-11-11T00:00:00,552,2019-11-11T00:00:00,552,2019-11-04T00:00:00,0,2009-04-13T00:00:00,86,soybeans_weekly_rv
15,bsr,True,2019-11-11T00:00:00,553,2019-11-11T00:00:00,552,2019-11-11T00:00:00,552,2019-11-04T00:00:00,0,2009-04-13T00:00:00,86,ssta_lanina
15,bsr,True,2019-11-11T00:00:00,553,2019-11-11T00:00:00,552,2019-11-11T00:00:00,552,2019-11-04T00:00:00,0,2009-04-13T00:00:00,86,tmax_very_hot_in_planting
15,bsr,True,2019-11-11T00:00:00,553,2019-11-11T00:00:00,552,2019-11-11T00:00:00,552,2019-11-04T00:00:00,0,2009-04-13T00:00:00,86,tmin_very_cold_in_planting
15,bsr,True,2019-11-11T00:00:00,553,2019-11-11T00:00:00,552,2019-11-11T00:00:00,552,2019-11-04T00:00:00,0,2009-04-13T00:00:00,86,spi_7d_extreme_wet_in_planting
15,bsr,True,2019-11-11T00:00:00,553,2019-11-11T00:00:00,552,2019-11-11T00:00:00,552,2019-11-04T00:00:00,0,2009-04-13T00:00:00,86,spi_7d_very_dry_in_harvesting
15,bsr,True,2019-11-11T00:00:00,553,2019-11-11T00:00:00,552,2019-11-11T00:00:00,552,2019-11-04T00:00:00,0,2009-04-13T00:00:00,86,spi_7d_extreme_dry_in_planting
15,bsr,True,2019-11-11T00:00:00,553,2019-11-11T00:00:00,552,2019-11-11T00:00:00,552,2019-11-04T00:00:00,0,2009-04-13T00:00:00,86,pdsi_very_wet_in_planting
15,bsr,True,2019-11-11T00:00:00,553,2019-11-11T00:00:00,552,2019-11-11T00:00:00,552,2019-11-04T00:00:00,0,2009-04-13T00:00:00,86,pdsi_very_wet_in_harvesting
15,bsr,True,2019-11-11T00:00:00,553,2019-11-11T00:00:00,552,2019-11-11T00:00:00,552,2019-11-04T00:00:00,0,2009-04-13T00:00:00,86,pdsi_extreme_wet_in_harvesting
15,bsr,True,2019-11-11T00:00:00,553,2019-11-11T00:00:00,552,2019-11-11T00:00:00,552,2019-11-04T00:00:00,0,2009-04-13T00:00:00,86,pdsi_extreme_drought_in_harvesting
15,bsr,True,2019-11-11T00:00:00,553,2019-11-11T00:00:00,552,2019-11-11T00:00:00,552,2019-11-04T00:00:00,0,2009-04-13T00:00:00,86,pdsi_severe_drought_in_planting
15,bsr,True,2019-12-09T00:00:00,557,2019-12-09T00:00:00,556,2019-12-09T00:00:00,556,2019-12-02T00:00:00,0,2009-04-13T00:00:00,87,wheat_weekly_rv
15,bsr,True,2019-12-09T00:00:00,557,2019-12-09T00:00:00,556,2019-12-09T00:00:00,556,2019-12-02T00:00:00,0,2009-04-13T00:00:00,87,wheat_monthly_rv
15,bsr,True,2019-12-09T00:00:00,557,2019-12-09T00:00:00,556,2019-12-09T00:00:00,556,2019-12-02T00:00:00,0,2009-04-13T00:00:00,87,wheat_seasonal_rv
15,bsr,True,2019-12-09T00:00:00,557,2019-12-09T00:00:00,556,2019-12-09T00:00:00,556,2019-12-02T00:00:00,0,2009-04-13T00:00:00,87,soybeans_weekly_rv
15,bsr,True,2019-12-09T00:00:00,557,2019-12-09T00:00:00,556,2019-12-09T00:00:00,556,2019-12-02T00:00:00,0,2009-04-13T00:00:00,87,ssta_lanina
15,bsr,True,2019-12-09T00:00:00,557,2019-12-09T00:00:00,556,2019-12-09T00:00:00,556,2019-12-02T00:00:00,0,2009-04-13T00:00:00,87,tmax_very_hot_in_planting
15,bsr,True,2019-12-09T00:00:00,557,2019-12-09T00:00:00,556,2019-12-09T00:00:00,556,2019-12-02T00:00:00,0,2009-04-13T00:00:00,87,tmin_very_cold_in_planting
15,bsr,True,2019-12-09T00:00:00,557,2019-12-09T00:00:00,556,2019-12-09T00:00:00,556,2019-12-02T00:00:00,0,2009-04-13T00:00:00,87,spi_7d_extreme_wet_in_planting
15,bsr,True,2019-12-09T00:00:00,557,2019-12-09T00:00:00,556,2019-12-09T00:00:00,556,2019-12-02T00:00:00,0,2009-04-13T00:00:00,87,spi_7d_very_dry_in_harvesting
15,bsr,True,2019-12-09T00:00:00,557,2019-12-09T00:00:00,556,2019-12-09T00:00:00,556,2019-12-02T00:00:00,0,2009-04-13T00:00:00,87,spi_7d_extreme_dry_in_planting
15,bsr,True,2019-12-09T00:00:00,557,2019-12-09T00:00:00,556,2019-12-09T00:00:00,556,2019-12-02T00:00:00,0,2009-04-13T00:00:00,87,pdsi_very_wet_in_planting
15,bsr,True,2019-12-09T00:00:00,557,2019-12-09T00:00:00,556,2019-12-09T00:00:00,556,2019-12-02T00:00:00,0,2009-04-13T00:00:00,87,pdsi_very_wet_in_harvesting
15,bsr,True,2019-12-09T00:00:00,557,2019-12-09T00:00:00,556,2019-12-09T00:00:00,556,2019-12-02T00:00:00,0,2009-04-13T00:00:00,87,pdsi_extreme_wet_in_harvesting
15,bsr,True,2019-12-09T00:00:00,557,2019-12-09T00:00:00,556,2019-12-09T00:00:00,556,2019-12-02T00:00:00,0,2009-04-13T00:00:00,87,pdsi_extreme_drought_in_harvesting
15,bsr,True,2019-12-09T00:00:00,557,2019-12-09T00:00:00,556,2019-12-09T00:00:00,556,2019-12-02T00:00:00,0,2009-04-13T00:00:00,87,pdsi_severe_drought_in_planting
11,bsr,False,2020-01-06T00:00:00,561,2020-01-06T00:00:00,560,2020-01-06T00:00:00,560,2019-12-30T00:00:00,0,2009-04-13T00:00:00,88,wheat_weekly_rv
11,bsr,False,2020-01-06T00:00:00,561,2020-01-06T00:00:00,560,2020-01-06T00:00:00,560,2019-12-30T00:00:00,0,2009-04-13T00:00:00,88,wheat_monthly_rv
11,bsr,False,2020-01-06T00:00:00,561,2020-01-06T00:00:00,560,2020-01-06T00:00:00,560,2019-12-30T00:00:00,0,2009-04-13T00:00:00,88,wheat_seasonal_rv
11,bsr,False,2020-01-06T00:00:00,561,2020-01-06T00:00:00,560,2020-01-06T00:00:00,560,2019-12-30T00:00:00,0,2009-04-13T00:00:00,88,soybeans_weekly_rv
11,bsr,False,2020-01-06T00:00:00,561,2020-01-06T00:00:00,560,2020-01-06T00:00:00,560,2019-12-30T00:00:00,0,2009-04-13T00:00:00,88,ssta_lanina
11,bsr,False,2020-01-06T00:00:00,561,2020-01-06T00:00:00,560,2020-01-06T00:00:00,560,2019-12-30T00:00:00,0,2009-04-13T00:00:00,88,SOI_index
11,bsr,False,2020-01-06T00:00:00,561,2020-01-06T00:00:00,560,2020-01-06T00:00:00,560,2019-12-30T00:00:00,0,2009-04-13T00:00:00,88,tmax_very_hot_in_planting
11,bsr,False,2020-01-06T00:00:00,561,2020-01-06T00:00:00,560,2020-01-06T00:00:00,560,2019-12-30T00:00:00,0,2009-04-13T00:00:00,88,tmin_very_cold_in_planting
11,bsr,False,2020-01-06T00:00:00,561,2020-01-06T00:00:00,560,2020-01-06T00:00:00,560,2019-12-30T00:00:00,0,2009-04-13T00:00:00,88,spi_7d_extreme_dry_in_planting
11,bsr,False,2020-01-06T00:00:00,561,2020-01-06T00:00:00,560,2020-01-06T00:00:00,560,2019-12-30T00:00:00,0,2009-04-13T00:00:00,88,pdsi_very_wet_in_harvesting
11,bsr,False,2020-01-06T00:00:00,561,2020-01-06T00:00:00,560,2020-01-06T00:00:00,560,2019-12-30T00:00:00,0,2009-04-13T00:00:00,88,pdsi_extreme_drought_in_harvesting
11,bsr,True,2020-02-03T00:00:00,565,2020-02-03T00:00:00,564,2020-02-03T00:00:00,564,2020-01-27T00:00:00,0,2009-04-13T00:00:00,89,wheat_weekly_rv
11,bsr,True,2020-02-03T00:00:00,565,2020-02-03T00:00:00,564,2020-02-03T00:00:00,564,2020-01-27T00:00:00,0,2009-04-13T00:00:00,89,wheat_monthly_rv
11,bsr,True,2020-02-03T00:00:00,565,2020-02-03T00:00:00,564,2020-02-03T00:00:00,564,2020-01-27T00:00:00,0,2009-04-13T00:00:00,89,wheat_seasonal_rv
11,bsr,True,2020-02-03T00:00:00,565,2020-02-03T00:00:00,564,2020-02-03T00:00:00,564,2020-01-27T00:00:00,0,2009-04-13T00:00:00,89,soybeans_weekly_rv
11,bsr,True,2020-02-03T00:00:00,565,2020-02-03T00:00:00,564,2020-02-03T00:00:00,564,2020-01-27T00:00:00,0,2009-04-13T00:00:00,89,ssta_lanina
11,bsr,True,2020-02-03T00:00:00,565,2020-02-03T00:00:00,564,2020-02-03T00:00:00,564,2020-01-27T00:00:00,0,2009-04-13T00:00:00,89,SOI_index
11,bsr,True,2020-02-03T00:00:00,565,2020-02-03T00:00:00,564,2020-02-03T00:00:00,564,2020-01-27T00:00:00,0,2009-04-13T00:00:00,89,tmax_very_hot_in_planting
11,bsr,True,2020-02-03T00:00:00,565,2020-02-03T00:00:00,564,2020-02-03T00:00:00,564,2020-01-27T00:00:00,0,2009-04-13T00:00:00,89,tmin_very_cold_in_planting
11,bsr,True,2020-02-03T00:00:00,565,2020-02-03T00:00:00,564,2020-02-03T00:00:00,564,2020-01-27T00:00:00,0,2009-04-13T00:00:00,89,spi_7d_extreme_dry_in_planting
11,bsr,True,2020-02-03T00:00:00,565,2020-02-03T00:00:00,564,2020-02-03T00:00:00,564,2020-01-27T00:00:00,0,2009-04-13T00:00:00,89,pdsi_very_wet_in_harvesting
11,bsr,True,2020-02-03T00:00:00,565,2020-02-03T00:00:00,564,2020-02-03T00:00:00,564,2020-01-27T00:00:00,0,2009-04-13T00:00:00,89,pdsi_extreme_drought_in_harvesting
11,bsr,True,2020-03-02T00:00:00,569,2020-03-02T00:00:00,568,2020-03-02T00:00:00,568,2020-02-24T00:00:00,0,2009-04-13T00:00:00,90,wheat_weekly_rv
11,bsr,True,2020-03-02T00:00:00,569,2020-03-02T00:00:00,568,2020-03-02T00:00:00,568,2020-02-24T00:00:00,0,2009-04-13T00:00:00,90,wheat_monthly_rv
11,bsr,True,2020-03-02T00:00:00,569,2020-03-02T00:00:00,568,2020-03-02T00:00:00,568,2020-02-24T00:00:00,0,2009-04-13T00:00:00,90,wheat_seasonal_rv
11,bsr,True,2020-03-02T00:00:00,569,2020-03-02T00:00:00,568,2020-03-02T00:00:00,568,2020-02-24T00:00:00,0,2009-04-13T00:00:00,90,soybeans_weekly_rv
11,bsr,True,2020-03-02T00:00:00,569,2020-03-02T00:00:00,568,2020-03-02T00:00:00,568,2020-02-24T00:00:00,0,2009-04-13T00:00:00,90,ssta_lanina
11,bsr,True,2020-03-02T00:00:00,569,2020-03-02T00:00:00,568,2020-03-02T00:00:00,568,2020-02-24T00:00:00,0,2009-04-13T00:00:00,90,SOI_index
11,bsr,True,2020-03-02T00:00:00,569,2020-03-02T00:00:00,568,2020-03-02T00:00:00,568,2020-02-24T00:00:00,0,2009-04-13T00:00:00,90,tmax_very_hot_in_planting
11,bsr,True,2020-03-02T00:00:00,569,2020-03-02T00:00:00,568,2020-03-02T00:00:00,568,2020-02-24T00:00:00,0,2009-04-13T00:00:00,90,tmin_very_cold_in_planting
11,bsr,True,2020-03-02T00:00:00,569,2020-03-02T00:00:00,568,2020-03-02T00:00:00,568,2020-02-24T00:00:00,0,2009-04-13T00:00:00,90,spi_7d_extreme_dry_in_planting
11,bsr,True,2020-03-02T00:00:00,569,2020-03-02T00:00:00,568,2020-03-02T00:00:00,568,2020-02-24T00:00:00,0,2009-04-13T00:00:00,90,pdsi_very_wet_in_harvesting
11,bsr,True,2020-03-02T00:00:00,569,2020-03-02T00:00:00,568,2020-03-02T00:00:00,568,2020-02-24T00:00:00,0,2009-04-13T00:00:00,90,pdsi_extreme_drought_in_harvesting
11,bsr,True,2020-03-30T00:00:00,573,2020-03-30T00:00:00,572,2020-03-30T00:00:00,572,2020-03-23T00:00:00,0,2009-04-13T00:00:00,91,wheat_weekly_rv
11,bsr,True,2020-03-30T00:00:00,573,2020-03-30T00:00:00,572,2020-03-30T00:00:00,572,2020-03-23T00:00:00,0,2009-04-13T00:00:00,91,wheat_monthly_rv
11,bsr,True,2020-03-30T00:00:00,573,2020-03-30T00:00:00,572,2020-03-30T00:00:00,572,2020-03-23T00:00:00,0,2009-04-13T00:00:00,91,wheat_seasonal_rv
11,bsr,True,2020-03-30T00:00:00,573,2020-03-30T00:00:00,572,2020-03-30T00:00:00,572,2020-03-23T00:00:00,0,2009-04-13T00:00:00,91,soybeans_weekly_rv
11,bsr,True,2020-03-30T00:00:00,573,2020-03-30T00:00:00,572,2020-03-30T00:00:00,572,2020-03-23T00:00:00,0,2009-04-13T00:00:00,91,ssta_lanina
11,bsr,True,2020-03-30T00:00:00,573,2020-03-30T00:00:00,572,2020-03-30T00:00:00,572,2020-03-23T00:00:00,0,2009-04-13T00:00:00,91,SOI_index
11,bsr,True,2020-03-30T00:00:00,573,2020-03-30T00:00:00,572,2020-03-30T00:00:00,572,2020-03-23T00:00:00,0,2009-04-13T00:00:00,91,tmax_very_hot_in_planting
11,bsr,True,2020-03-30T00:00:00,573,2020-03-30T00:00:00,572,2020-03-30T00:00:00,572,2020-03-23T00:00:00,0,2009-04-13T00:00:00,91,tmin_very_cold_in_planting
11,bsr,True,2020-03-30T00:00:00,573,2020-03-30T00:00:00,572,2020-03-30T00:00:00,572,2020-03-23T00:00:00,0,2009-04-13T00:00:00,91,spi_7d_extreme_dry_in_planting
11,bsr,True,2020-03-30T00:00:00,573,2020-03-30T00:00:00,572,2020-03-30T00:00:00,572,2020-03-23T00:00:00,0,2009-04-13T00:00:00,91,pdsi_very_wet_in_harvesting
11,bsr,True,2020-03-30T00:00:00,573,2020-03-30T00:00:00,572,2020-03-30T00:00:00,572,2020-03-23T00:00:00,0,2009-04-13T00:00:00,91,pdsi_extreme_drought_in_harvesting
11,bsr,True,2020-04-27T00:00:00,577,2020-04-27T00:00:00,576,2020-04-27T00:00:00,576,2020-04-20T00:00:00,0,2009-04-13T00:00:00,92,wheat_weekly_rv
11,bsr,True,2020-04-27T00:00:00,577,2020-04-27T00:00:00,576,2020-04-27T00:00:00,576,2020-04-20T00:00:00,0,2009-04-13T00:00:00,92,wheat_monthly_rv
11,bsr,True,2020-04-27T00:00:00,577,2020-04-27T00:00:00,576,2020-04-27T00:00:00,576,2020-04-20T00:00:00,0,2009-04-13T00:00:00,92,wheat_seasonal_rv
11,bsr,True,2020-04-27T00:00:00,577,2020-04-27T00:00:00,576,2020-04-27T00:00:00,576,2020-04-20T00:00:00,0,2009-04-13T00:00:00,92,soybeans_weekly_rv
11,bsr,True,2020-04-27T00:00:00,577,2020-04-27T00:00:00,576,2020-04-27T00:00:00,576,2020-04-20T00:00:00,0,2009-04-13T00:00:00,92,ssta_lanina
11,bsr,True,2020-04-27T00:00:00,577,2020-04-27T00:00:00,576,2020-04-27T00:00:00,576,2020-04-20T00:00:00,0,2009-04-13T00:00:00,92,SOI_index
11,bsr,True,2020-04-27T00:00:00,577,2020-04-27T00:00:00,576,2020-04-27T00:00:00,576,2020-04-20T00:00:00,0,2009-04-13T00:00:00,92,tmax_very_hot_in_planting
11,bsr,True,2020-04-27T00:00:00,577,2020-04-27T00:00:00,576,2020-04-27T00:00:00,576,2020-04-20T00:00:00,0,2009-04-13T00:00:00,92,tmin_very_cold_in_planting
11,bsr,True,2020-04-27T00:00:00,577,2020-04-27T00:00:00,576,2020-04-27T00:00:00,576,2020-04-20T00:00:00,0,2009-04-13T00:00:00,92,spi_7d_extreme_dry_in_planting
11,bsr,True,2020-04-27T00:00:00,577,2020-04-27T00:00:00,576,2020-04-27T00:00:00,576,2020-04-20T00:00:00,0,2009-04-13T00:00:00,92,pdsi_very_wet_in_harvesting
11,bsr,True,2020-04-27T00:00:00,577,2020-04-27T00:00:00,576,2020-04-27T00:00:00,576,2020-04-20T00:00:00,0,2009-04-13T00:00:00,92,pdsi_extreme_drought_in_harvesting
11,bsr,True,2020-05-25T00:00:00,581,2020-05-25T00:00:00,580,2020-05-25T00:00:00,580,2020-05-18T00:00:00,0,2009-04-13T00:00:00,93,wheat_weekly_rv
11,bsr,True,2020-05-25T00:00:00,581,2020-05-25T00:00:00,580,2020-05-25T00:00:00,580,2020-05-18T00:00:00,0,2009-04-13T00:00:00,93,wheat_monthly_rv
11,bsr,True,2020-05-25T00:00:00,581,2020-05-25T00:00:00,580,2020-05-25T00:00:00,580,2020-05-18T00:00:00,0,2009-04-13T00:00:00,93,wheat_seasonal_rv
11,bsr,True,2020-05-25T00:00:00,581,2020-05-25T00:00:00,580,2020-05-25T00:00:00,580,2020-05-18T00:00:00,0,2009-04-13T00:00:00,93,soybeans_weekly_rv
11,bsr,True,2020-05-25T00:00:00,581,2020-05-25T00:00:00,580,2020-05-25T00:00:00,580,2020-05-18T00:00:00,0,2009-04-13T00:00:00,93,ssta_lanina
11,bsr,True,2020-05-25T00:00:00,581,2020-05-25T00:00:00,580,2020-05-25T00:00:00,580,2020-05-18T00:00:00,0,2009-04-13T00:00:00,93,SOI_index
11,bsr,True,2020-05-25T00:00:00,581,2020-05-25T00:00:00,580,2020-05-25T00:00:00,580,2020-05-18T00:00:00,0,2009-04-13T00:00:00,93,tmax_very_hot_in_planting
11,bsr,True,2020-05-25T00:00:00,581,2020-05-25T00:00:00,580,2020-05-25T00:00:00,580,2020-05-18T00:00:00,0,2009-04-13T00:00:00,93,tmin_very_cold_in_planting
11,bsr,True,2020-05-25T00:00:00,581,2020-05-25T00:00:00,580,2020-05-25T00:00:00,580,2020-05-18T00:00:00,0,2009-04-13T00:00:00,93,spi_7d_extreme_dry_in_planting
11,bsr,True,2020-05-25T00:00:00,581,2020-05-25T00:00:00,580,2020-05-25T00:00:00,580,2020-05-18T00:00:00,0,2009-04-13T00:00:00,93,pdsi_very_wet_in_harvesting
11,bsr,True,2020-05-25T00:00:00,581,2020-05-25T00:00:00,580,2020-05-25T00:00:00,580,2020-05-18T00:00:00,0,2009-04-13T00:00:00,93,pdsi_extreme_drought_in_harvesting
11,bsr,True,2020-06-22T00:00:00,585,2020-06-22T00:00:00,584,2020-06-22T00:00:00,584,2020-06-15T00:00:00,0,2009-04-13T00:00:00,94,wheat_weekly_rv
11,bsr,True,2020-06-22T00:00:00,585,2020-06-22T00:00:00,584,2020-06-22T00:00:00,584,2020-06-15T00:00:00,0,2009-04-13T00:00:00,94,wheat_monthly_rv
11,bsr,True,2020-06-22T00:00:00,585,2020-06-22T00:00:00,584,2020-06-22T00:00:00,584,2020-06-15T00:00:00,0,2009-04-13T00:00:00,94,wheat_seasonal_rv
11,bsr,True,2020-06-22T00:00:00,585,2020-06-22T00:00:00,584,2020-06-22T00:00:00,584,2020-06-15T00:00:00,0,2009-04-13T00:00:00,94,soybeans_weekly_rv
11,bsr,True,2020-06-22T00:00:00,585,2020-06-22T00:00:00,584,2020-06-22T00:00:00,584,2020-06-15T00:00:00,0,2009-04-13T00:00:00,94,ssta_lanina
11,bsr,True,2020-06-22T00:00:00,585,2020-06-22T00:00:00,584,2020-06-22T00:00:00,584,2020-06-15T00:00:00,0,2009-04-13T00:00:00,94,SOI_index
11,bsr,True,2020-06-22T00:00:00,585,2020-06-22T00:00:00,584,2020-06-22T00:00:00,584,2020-06-15T00:00:00,0,2009-04-13T00:00:00,94,tmax_very_hot_in_planting
11,bsr,True,2020-06-22T00:00:00,585,2020-06-22T00:00:00,584,2020-06-22T00:00:00,584,2020-06-15T00:00:00,0,2009-04-13T00:00:00,94,tmin_very_cold_in_planting
11,bsr,True,2020-06-22T00:00:00,585,2020-06-22T00:00:00,584,2020-06-22T00:00:00,584,2020-06-15T00:00:00,0,2009-04-13T00:00:00,94,spi_7d_extreme_dry_in_planting
11,bsr,True,2020-06-22T00:00:00,585,2020-06-22T00:00:00,584,2020-06-22T00:00:00,584,2020-06-15T00:00:00,0,2009-04-13T00:00:00,94,pdsi_very_wet_in_harvesting
11,bsr,True,2020-06-22T00:00:00,585,2020-06-22T00:00:00,584,2020-06-22T00:00:00,584,2020-06-15T00:00:00,0,2009-04-13T00:00:00,94,pdsi_extreme_drought_in_harvesting
11,bsr,True,2020-07-20T00:00:00,589,2020-07-20T00:00:00,588,2020-07-20T00:00:00,588,2020-07-13T00:00:00,0,2009-04-13T00:00:00,95,wheat_weekly_rv
11,bsr,True,2020-07-20T00:00:00,589,2020-07-20T00:00:00,588,2020-07-20T00:00:00,588,2020-07-13T00:00:00,0,2009-04-13T00:00:00,95,wheat_monthly_rv
11,bsr,True,2020-07-20T00:00:00,589,2020-07-20T00:00:00,588,2020-07-20T00:00:00,588,2020-07-13T00:00:00,0,2009-04-13T00:00:00,95,wheat_seasonal_rv
11,bsr,True,2020-07-20T00:00:00,589,2020-07-20T00:00:00,588,2020-07-20T00:00:00,588,2020-07-13T00:00:00,0,2009-04-13T00:00:00,95,soybeans_weekly_rv
11,bsr,True,2020-07-20T00:00:00,589,2020-07-20T00:00:00,588,2020-07-20T00:00:00,588,2020-07-13T00:00:00,0,2009-04-13T00:00:00,95,ssta_lanina
11,bsr,True,2020-07-20T00:00:00,589,2020-07-20T00:00:00,588,2020-07-20T00:00:00,588,2020-07-13T00:00:00,0,2009-04-13T00:00:00,95,SOI_index
11,bsr,True,2020-07-20T00:00:00,589,2020-07-20T00:00:00,588,2020-07-20T00:00:00,588,2020-07-13T00:00:00,0,2009-04-13T00:00:00,95,tmax_very_hot_in_planting
11,bsr,True,2020-07-20T00:00:00,589,2020-07-20T00:00:00,588,2020-07-20T00:00:00,588,2020-07-13T00:00:00,0,2009-04-13T00:00:00,95,tmin_very_cold_in_planting
11,bsr,True,2020-07-20T00:00:00,589,2020-07-20T00:00:00,588,2020-07-20T00:00:00,588,2020-07-13T00:00:00,0,2009-04-13T00:00:00,95,spi_7d_extreme_dry_in_planting
11,bsr,True,2020-07-20T00:00:00,589,2020-07-20T00:00:00,588,2020-07-20T00:00:00,588,2020-07-13T00:00:00,0,2009-04-13T00:00:00,95,pdsi_very_wet_in_harvesting
11,bsr,True,2020-07-20T00:00:00,589,2020-07-20T00:00:00,588,2020-07-20T00:00:00,588,2020-07-13T00:00:00,0,2009-04-13T00:00:00,95,pdsi_extreme_drought_in_harvesting
11,bsr,False,2020-08-17T00:00:00,593,2020-08-17T00:00:00,592,2020-08-17T00:00:00,592,2020-08-10T00:00:00,0,2009-04-13T00:00:00,96,wheat_weekly_rv
11,bsr,False,2020-08-17T00:00:00,593,2020-08-17T00:00:00,592,2020-08-17T00:00:00,592,2020-08-10T00:00:00,0,2009-04-13T00:00:00,96,wheat_monthly_rv
11,bsr,False,2020-08-17T00:00:00,593,2020-08-17T00:00:00,592,2020-08-17T00:00:00,592,2020-08-10T00:00:00,0,2009-04-13T00:00:00,96,wheat_seasonal_rv
11,bsr,False,2020-08-17T00:00:00,593,2020-08-17T00:00:00,592,2020-08-17T00:00:00,592,2020-08-10T00:00:00,0,2009-04-13T00:00:00,96,ssta_lanina
11,bsr,False,2020-08-17T00:00:00,593,2020-08-17T00:00:00,592,2020-08-17T00:00:00,592,2020-08-10T00:00:00,0,2009-04-13T00:00:00,96,SOI_index
11,bsr,False,2020-08-17T00:00:00,593,2020-08-17T00:00:00,592,2020-08-17T00:00:00,592,2020-08-10T00:00:00,0,2009-04-13T00:00:00,96,tmax_hot_in_planting
11,bsr,False,2020-08-17T00:00:00,593,2020-08-17T00:00:00,592,2020-08-17T00:00:00,592,2020-08-10T00:00:00,0,2009-04-13T00:00:00,96,tmax_very_hot_in_planting
11,bsr,False,2020-08-17T00:00:00,593,2020-08-17T00:00:00,592,2020-08-17T00:00:00,592,2020-08-10T00:00:00,0,2009-04-13T00:00:00,96,tmin_very_cold_in_planting
11,bsr,False,2020-08-17T00:00:00,593,2020-08-17T00:00:00,592,2020-08-17T00:00:00,592,2020-08-10T00:00:00,0,2009-04-13T00:00:00,96,spi_7d_extreme_dry_in_planting
11,bsr,False,2020-08-17T00:00:00,593,2020-08-17T00:00:00,592,2020-08-17T00:00:00,592,2020-08-10T00:00:00,0,2009-04-13T00:00:00,96,pdsi_very_wet_in_harvesting
11,bsr,False,2020-08-17T00:00:00,593,2020-08-17T00:00:00,592,2020-08-17T00:00:00,592,2020-08-10T00:00:00,0,2009-04-13T00:00:00,96,pdsi_extreme_drought_in_harvesting
11,bsr,True,2020-09-14T00:00:00,597,2020-09-14T00:00:00,596,2020-09-14T00:00:00,596,2020-09-07T00:00:00,0,2009-04-13T00:00:00,97,wheat_weekly_rv
11,bsr,True,2020-09-14T00:00:00,597,2020-09-14T00:00:00,596,2020-09-14T00:00:00,596,2020-09-07T00:00:00,0,2009-04-13T00:00:00,97,wheat_monthly_rv
11,bsr,True,2020-09-14T00:00:00,597,2020-09-14T00:00:00,596,2020-09-14T00:00:00,596,2020-09-07T00:00:00,0,2009-04-13T00:00:00,97,wheat_seasonal_rv
11,bsr,True,2020-09-14T00:00:00,597,2020-09-14T00:00:00,596,2020-09-14T00:00:00,596,2020-09-07T00:00:00,0,2009-04-13T00:00:00,97,ssta_lanina
11,bsr,True,2020-09-14T00:00:00,597,2020-09-14T00:00:00,596,2020-09-14T00:00:00,596,2020-09-07T00:00:00,0,2009-04-13T00:00:00,97,SOI_index
11,bsr,True,2020-09-14T00:00:00,597,2020-09-14T00:00:00,596,2020-09-14T00:00:00,596,2020-09-07T00:00:00,0,2009-04-13T00:00:00,97,tmax_hot_in_planting
11,bsr,True,2020-09-14T00:00:00,597,2020-09-14T00:00:00,596,2020-09-14T00:00:00,596,2020-09-07T00:00:00,0,2009-04-13T00:00:00,97,tmax_very_hot_in_planting
11,bsr,True,2020-09-14T00:00:00,597,2020-09-14T00:00:00,596,2020-09-14T00:00:00,596,2020-09-07T00:00:00,0,2009-04-13T00:00:00,97,tmin_very_cold_in_planting
11,bsr,True,2020-09-14T00:00:00,597,2020-09-14T00:00:00,596,2020-09-14T00:00:00,596,2020-09-07T00:00:00,0,2009-04-13T00:00:00,97,spi_7d_extreme_dry_in_planting
11,bsr,True,2020-09-14T00:00:00,597,2020-09-14T00:00:00,596,2020-09-14T00:00:00,596,2020-09-07T00:00:00,0,2009-04-13T00:00:00,97,pdsi_very_wet_in_harvesting
11,bsr,True,2020-09-14T00:00:00,597,2020-09-14T00:00:00,596,2020-09-14T00:00:00,596,2020-09-07T00:00:00,0,2009-04-13T00:00:00,97,pdsi_extreme_drought_in_harvesting
11,bsr,True,2020-10-12T00:00:00,601,2020-10-12T00:00:00,600,2020-10-12T00:00:00,600,2020-10-05T00:00:00,0,2009-04-13T00:00:00,98,wheat_weekly_rv
11,bsr,True,2020-10-12T00:00:00,601,2020-10-12T00:00:00,600,2020-10-12T00:00:00,600,2020-10-05T00:00:00,0,2009-04-13T00:00:00,98,wheat_monthly_rv
11,bsr,True,2020-10-12T00:00:00,601,2020-10-12T00:00:00,600,2020-10-12T00:00:00,600,2020-10-05T00:00:00,0,2009-04-13T00:00:00,98,wheat_seasonal_rv
11,bsr,True,2020-10-12T00:00:00,601,2020-10-12T00:00:00,600,2020-10-12T00:00:00,600,2020-10-05T00:00:00,0,2009-04-13T00:00:00,98,ssta_lanina
11,bsr,True,2020-10-12T00:00:00,601,2020-10-12T00:00:00,600,2020-10-12T00:00:00,600,2020-10-05T00:00:00,0,2009-04-13T00:00:00,98,SOI_index
11,bsr,True,2020-10-12T00:00:00,601,2020-10-12T00:00:00,600,2020-10-12T00:00:00,600,2020-10-05T00:00:00,0,2009-04-13T00:00:00,98,tmax_hot_in_planting
11,bsr,True,2020-10-12T00:00:00,601,2020-10-12T00:00:00,600,2020-10-12T00:00:00,600,2020-10-05T00:00:00,0,2009-04-13T00:00:00,98,tmax_very_hot_in_planting
11,bsr,True,2020-10-12T00:00:00,601,2020-10-12T00:00:00,600,2020-10-12T00:00:00,600,2020-10-05T00:00:00,0,2009-04-13T00:00:00,98,tmin_very_cold_in_planting
11,bsr,True,2020-10-12T00:00:00,601,2020-10-12T00:00:00,600,2020-10-12T00:00:00,600,2020-10-05T00:00:00,0,2009-04-13T00:00:00,98,spi_7d_extreme_dry_in_planting
11,bsr,True,2020-10-12T00:00:00,601,2020-10-12T00:00:00,600,2020-10-12T00:00:00,600,2020-10-05T00:00:00,0,2009-04-13T00:00:00,98,pdsi_very_wet_in_harvesting
11,bsr,True,2020-10-12T00:00:00,601,2020-10-12T00:00:00,600,2020-10-12T00:00:00,600,2020-10-05T00:00:00,0,2009-04-13T00:00:00,98,pdsi_extreme_drought_in_harvesting
11,bsr,True,2020-11-09T00:00:00,605,2020-11-09T00:00:00,604,2020-11-09T00:00:00,604,2020-11-02T00:00:00,0,2009-04-13T00:00:00,99,wheat_weekly_rv
11,bsr,True,2020-11-09T00:00:00,605,2020-11-09T00:00:00,604,2020-11-09T00:00:00,604,2020-11-02T00:00:00,0,2009-04-13T00:00:00,99,wheat_monthly_rv
11,bsr,True,2020-11-09T00:00:00,605,2020-11-09T00:00:00,604,2020-11-09T00:00:00,604,2020-11-02T00:00:00,0,2009-04-13T00:00:00,99,wheat_seasonal_rv
11,bsr,True,2020-11-09T00:00:00,605,2020-11-09T00:00:00,604,2020-11-09T00:00:00,604,2020-11-02T00:00:00,0,2009-04-13T00:00:00,99,ssta_lanina
11,bsr,True,2020-11-09T00:00:00,605,2020-11-09T00:00:00,604,2020-11-09T00:00:00,604,2020-11-02T00:00:00,0,2009-04-13T00:00:00,99,SOI_index
11,bsr,True,2020-11-09T00:00:00,605,2020-11-09T00:00:00,604,2020-11-09T00:00:00,604,2020-11-02T00:00:00,0,2009-04-13T00:00:00,99,tmax_hot_in_planting
11,bsr,True,2020-11-09T00:00:00,605,2020-11-09T00:00:00,604,2020-11-09T00:00:00,604,2020-11-02T00:00:00,0,2009-04-13T00:00:00,99,tmax_very_hot_in_planting
11,bsr,True,2020-11-09T00:00:00,605,2020-11-09T00:00:00,604,2020-11-09T00:00:00,604,2020-11-02T00:00:00,0,2009-04-13T00:00:00,99,tmin_very_cold_in_planting
11,bsr,True,2020-11-09T00:00:00,605,2020-11-09T00:00:00,604,2020-11-09T00:00:00,604,2020-11-02T00:00:00,0,2009-04-13T00:00:00,99,spi_7d_extreme_dry_in_planting
11,bsr,True,2020-11-09T00:00:00,605,2020-11-09T00:00:00,604,2020-11-09T00:00:00,604,2020-11-02T00:00:00,0,2009-04-13T00:00:00,99,pdsi_very_wet_in_harvesting
11,bsr,True,2020-11-09T00:00:00,605,2020-11-09T00:00:00,604,2020-11-09T00:00:00,604,2020-11-02T00:00:00,0,2009-04-13T00:00:00,99,pdsi_extreme_drought_in_harvesting
11,bsr,True,2020-12-07T00:00:00,609,2020-12-07T00:00:00,608,2020-12-07T00:00:00,608,2020-11-30T00:00:00,0,2009-04-13T00:00:00,100,wheat_weekly_rv
11,bsr,True,2020-12-07T00:00:00,609,2020-12-07T00:00:00,608,2020-12-07T00:00:00,608,2020-11-30T00:00:00,0,2009-04-13T00:00:00,100,wheat_monthly_rv
11,bsr,True,2020-12-07T00:00:00,609,2020-12-07T00:00:00,608,2020-12-07T00:00:00,608,2020-11-30T00:00:00,0,2009-04-13T00:00:00,100,wheat_seasonal_rv
11,bsr,True,2020-12-07T00:00:00,609,2020-12-07T00:00:00,608,2020-12-07T00:00:00,608,2020-11-30T00:00:00,0,2009-04-13T00:00:00,100,ssta_lanina
11,bsr,True,2020-12-07T00:00:00,609,2020-12-07T00:00:00,608,2020-12-07T00:00:00,608,2020-11-30T00:00:00,0,2009-04-13T00:00:00,100,SOI_index
11,bsr,True,2020-12-07T00:00:00,609,2020-12-07T00:00:00,608,2020-12-07T00:00:00,608,2020-11-30T00:00:00,0,2009-04-13T00:00:00,100,tmax_hot_in_planting
11,bsr,True,2020-12-07T00:00:00,609,2020-12-07T00:00:00,608,2020-12-07T00:00:00,608,2020-11-30T00:00:00,0,2009-04-13T00:00:00,100,tmax_very_hot_in_planting
11,bsr,True,2020-12-07T00:00:00,609,2020-12-07T00:00:00,608,2020-12-07T00:00:00,608,2020-11-30T00:00:00,0,2009-04-13T00:00:00,100,tmin_very_cold_in_planting
11,bsr,True,2020-12-07T00:00:00,609,2020-12-07T00:00:00,608,2020-12-07T00:00:00,608,2020-11-30T00:00:00,0,2009-04-13T00:00:00,100,spi_7d_extreme_dry_in_planting
11,bsr,True,2020-12-07T00:00:00,609,2020-12-07T00:00:00,608,2020-12-07T00:00:00,608,2020-11-30T00:00:00,0,2009-04-13T00:00:00,100,pdsi_very_wet_in_harvesting
11,bsr,True,2020-12-07T00:00:00,609,2020-12-07T00:00:00,608,2020-12-07T00:00:00,608,2020-11-30T00:00:00,0,2009-04-13T00:00:00,100,pdsi_extreme_drought_in_harvesting
11,bsr,True,2021-01-04T00:00:00,613,2021-01-04T00:00:00,612,2021-01-04T00:00:00,612,2020-12-28T00:00:00,0,2009-04-13T00:00:00,101,wheat_weekly_rv
11,bsr,True,2021-01-04T00:00:00,613,2021-01-04T00:00:00,612,2021-01-04T00:00:00,612,2020-12-28T00:00:00,0,2009-04-13T00:00:00,101,wheat_monthly_rv
11,bsr,True,2021-01-04T00:00:00,613,2021-01-04T00:00:00,612,2021-01-04T00:00:00,612,2020-12-28T00:00:00,0,2009-04-13T00:00:00,101,wheat_seasonal_rv
11,bsr,True,2021-01-04T00:00:00,613,2021-01-04T00:00:00,612,2021-01-04T00:00:00,612,2020-12-28T00:00:00,0,2009-04-13T00:00:00,101,ssta_lanina
11,bsr,True,2021-01-04T00:00:00,613,2021-01-04T00:00:00,612,2021-01-04T00:00:00,612,2020-12-28T00:00:00,0,2009-04-13T00:00:00,101,SOI_index
11,bsr,True,2021-01-04T00:00:00,613,2021-01-04T00:00:00,612,2021-01-04T00:00:00,612,2020-12-28T00:00:00,0,2009-04-13T00:00:00,101,tmax_hot_in_planting
11,bsr,True,2021-01-04T00:00:00,613,2021-01-04T00:00:00,612,2021-01-04T00:00:00,612,2020-12-28T00:00:00,0,2009-04-13T00:00:00,101,tmax_very_hot_in_planting
11,bsr,True,2021-01-04T00:00:00,613,2021-01-04T00:00:00,612,2021-01-04T00:00:00,612,2020-12-28T00:00:00,0,2009-04-13T00:00:00,101,tmin_very_cold_in_planting
11,bsr,True,2021-01-04T00:00:00,613,2021-01-04T00:00:00,612,2021-01-04T00:00:00,612,2020-12-28T00:00:00,0,2009-04-13T00:00:00,101,spi_7d_extreme_dry_in_planting
11,bsr,True,2021-01-04T00:00:00,613,2021-01-04T00:00:00,612,2021-01-04T00:00:00,612,2020-12-28T00:00:00,0,2009-04-13T00:00:00,101,pdsi_very_wet_in_harvesting
11,bsr,True,2021-01-04T00:00:00,613,2021-01-04T00:00:00,612,2021-01-04T00:00:00,612,2020-12-28T00:00:00,0,2009-04-13T00:00:00,101,pdsi_extreme_drought_in_harvesting
11,bsr,True,2021-02-01T00:00:00,617,2021-02-01T00:00:00,616,2021-02-01T00:00:00,616,2021-01-25T00:00:00,0,2009-04-13T00:00:00,102,wheat_weekly_rv
11,bsr,True,2021-02-01T00:00:00,617,2021-02-01T00:00:00,616,2021-02-01T00:00:00,616,2021-01-25T00:00:00,0,2009-04-13T00:00:00,102,wheat_monthly_rv
11,bsr,True,2021-02-01T00:00:00,617,2021-02-01T00:00:00,616,2021-02-01T00:00:00,616,2021-01-25T00:00:00,0,2009-04-13T00:00:00,102,wheat_seasonal_rv
11,bsr,True,2021-02-01T00:00:00,617,2021-02-01T00:00:00,616,2021-02-01T00:00:00,616,2021-01-25T00:00:00,0,2009-04-13T00:00:00,102,ssta_lanina
11,bsr,True,2021-02-01T00:00:00,617,2021-02-01T00:00:00,616,2021-02-01T00:00:00,616,2021-01-25T00:00:00,0,2009-04-13T00:00:00,102,SOI_index
11,bsr,True,2021-02-01T00:00:00,617,2021-02-01T00:00:00,616,2021-02-01T00:00:00,616,2021-01-25T00:00:00,0,2009-04-13T00:00:00,102,tmax_hot_in_planting
11,bsr,True,2021-02-01T00:00:00,617,2021-02-01T00:00:00,616,2021-02-01T00:00:00,616,2021-01-25T00:00:00,0,2009-04-13T00:00:00,102,tmax_very_hot_in_planting
11,bsr,True,2021-02-01T00:00:00,617,2021-02-01T00:00:00,616,2021-02-01T00:00:00,616,2021-01-25T00:00:00,0,2009-04-13T00:00:00,102,tmin_very_cold_in_planting
11,bsr,True,2021-02-01T00:00:00,617,2021-02-01T00:00:00,616,2021-02-01T00:00:00,616,2021-01-25T00:00:00,0,2009-04-13T00:00:00,102,spi_7d_extreme_dry_in_planting
11,bsr,True,2021-02-01T00:00:00,617,2021-02-01T00:00:00,616,2021-02-01T00:00:00,616,2021-01-25T00:00:00,0,2009-04-13T00:00:00,102,pdsi_very_wet_in_harvesting
11,bsr,True,2021-02-01T00:00:00,617,2021-02-01T00:00:00,616,2021-02-01T00:00:00,616,2021-01-25T00:00:00,0,2009-04-13T00:00:00,102,pdsi_extreme_drought_in_harvesting
11,bsr,True,2021-03-01T00:00:00,621,2021-03-01T00:00:00,620,2021-03-01T00:00:00,620,2021-02-22T00:00:00,0,2009-04-13T00:00:00,103,wheat_weekly_rv
11,bsr,True,2021-03-01T00:00:00,621,2021-03-01T00:00:00,620,2021-03-01T00:00:00,620,2021-02-22T00:00:00,0,2009-04-13T00:00:00,103,wheat_monthly_rv
11,bsr,True,2021-03-01T00:00:00,621,2021-03-01T00:00:00,620,2021-03-01T00:00:00,620,2021-02-22T00:00:00,0,2009-04-13T00:00:00,103,wheat_seasonal_rv
11,bsr,True,2021-03-01T00:00:00,621,2021-03-01T00:00:00,620,2021-03-01T00:00:00,620,2021-02-22T00:00:00,0,2009-04-13T00:00:00,103,ssta_lanina
11,bsr,True,2021-03-01T00:00:00,621,2021-03-01T00:00:00,620,2021-03-01T00:00:00,620,2021-02-22T00:00:00,0,2009-04-13T00:00:00,103,SOI_index
11,bsr,True,2021-03-01T00:00:00,621,2021-03-01T00:00:00,620,2021-03-01T00:00:00,620,2021-02-22T00:00:00,0,2009-04-13T00:00:00,103,tmax_hot_in_planting
11,bsr,True,2021-03-01T00:00:00,621,2021-03-01T00:00:00,620,2021-03-01T00:00:00,620,2021-02-22T00:00:00,0,2009-04-13T00:00:00,103,tmax_very_hot_in_planting
11,bsr,True,2021-03-01T00:00:00,621,2021-03-01T00:00:00,620,2021-03-01T00:00:00,620,2021-02-22T00:00:00,0,2009-04-13T00:00:00,103,tmin_very_cold_in_planting
11,bsr,True,2021-03-01T00:00:00,621,2021-03-01T00:00:00,620,2021-03-01T00:00:00,620,2021-02-22T00:00:00,0,2009-04-13T00:00:00,103,spi_7d_extreme_dry_in_planting
11,bsr,True,2021-03-01T00:00:00,621,2021-03-01T00:00:00,620,2021-03-01T00:00:00,620,2021-02-22T00:00:00,0,2009-04-13T00:00:00,103,pdsi_very_wet_in_harvesting
11,bsr,True,2021-03-01T00:00:00,621,2021-03-01T00:00:00,620,2021-03-01T00:00:00,620,2021-02-22T00:00:00,0,2009-04-13T00:00:00,103,pdsi_extreme_drought_in_harvesting
11,bsr,False,2021-03-29T00:00:00,625,2021-03-29T00:00:00,624,2021-03-29T00:00:00,624,2021-03-22T00:00:00,0,2009-04-13T00:00:00,104,wheat_weekly_rv
11,bsr,False,2021-03-29T00:00:00,625,2021-03-29T00:00:00,624,2021-03-29T00:00:00,624,2021-03-22T00:00:00,0,2009-04-13T00:00:00,104,wheat_monthly_rv
11,bsr,False,2021-03-29T00:00:00,625,2021-03-29T00:00:00,624,2021-03-29T00:00:00,624,2021-03-22T00:00:00,0,2009-04-13T00:00:00,104,wheat_seasonal_rv
11,bsr,False,2021-03-29T00:00:00,625,2021-03-29T00:00:00,624,2021-03-29T00:00:00,624,2021-03-22T00:00:00,0,2009-04-13T00:00:00,104,ssta_lanina
11,bsr,False,2021-03-29T00:00:00,625,2021-03-29T00:00:00,624,2021-03-29T00:00:00,624,2021-03-22T00:00:00,0,2009-04-13T00:00:00,104,SOI_index
11,bsr,False,2021-03-29T00:00:00,625,2021-03-29T00:00:00,624,2021-03-29T00:00:00,624,2021-03-22T00:00:00,0,2009-04-13T00:00:00,104,tmax_hot_in_planting
11,bsr,False,2021-03-29T00:00:00,625,2021-03-29T00:00:00,624,2021-03-29T00:00:00,624,2021-03-22T00:00:00,0,2009-04-13T00:00:00,104,tmax_very_hot_in_planting
11,bsr,False,2021-03-29T00:00:00,625,2021-03-29T00:00:00,624,2021-03-29T00:00:00,624,2021-03-22T00:00:00,0,2009-04-13T00:00:00,104,tmin_very_cold_in_planting
11,bsr,False,2021-03-29T00:00:00,625,2021-03-29T00:00:00,624,2021-03-29T00:00:00,624,2021-03-22T00:00:00,0,2009-04-13T00:00:00,104,spi_7d_extreme_dry_in_planting
11,bsr,False,2021-03-29T00:00:00,625,2021-03-29T00:00:00,624,2021-03-29T00:00:00,624,2021-03-22T00:00:00,0,2009-04-13T00:00:00,104,pdsi_very_wet_in_harvesting
11,bsr,False,2021-03-29T00:00:00,625,2021-03-29T00:00:00,624,2021-03-29T00:00:00,624,2021-03-22T00:00:00,0,2009-04-13T00:00:00,104,pdsi_extreme_drought_in_harvesting
11,bsr,True,2021-04-26T00:00:00,629,2021-04-26T00:00:00,628,2021-04-26T00:00:00,628,2021-04-19T00:00:00,0,2009-04-13T00:00:00,105,wheat_weekly_rv
11,bsr,True,2021-04-26T00:00:00,629,2021-04-26T00:00:00,628,2021-04-26T00:00:00,628,2021-04-19T00:00:00,0,2009-04-13T00:00:00,105,wheat_monthly_rv
11,bsr,True,2021-04-26T00:00:00,629,2021-04-26T00:00:00,628,2021-04-26T00:00:00,628,2021-04-19T00:00:00,0,2009-04-13T00:00:00,105,wheat_seasonal_rv
11,bsr,True,2021-04-26T00:00:00,629,2021-04-26T00:00:00,628,2021-04-26T00:00:00,628,2021-04-19T00:00:00,0,2009-04-13T00:00:00,105,ssta_lanina
11,bsr,True,2021-04-26T00:00:00,629,2021-04-26T00:00:00,628,2021-04-26T00:00:00,628,2021-04-19T00:00:00,0,2009-04-13T00:00:00,105,SOI_index
11,bsr,True,2021-04-26T00:00:00,629,2021-04-26T00:00:00,628,2021-04-26T00:00:00,628,2021-04-19T00:00:00,0,2009-04-13T00:00:00,105,tmax_hot_in_planting
11,bsr,True,2021-04-26T00:00:00,629,2021-04-26T00:00:00,628,2021-04-26T00:00:00,628,2021-04-19T00:00:00,0,2009-04-13T00:00:00,105,tmax_very_hot_in_planting
11,bsr,True,2021-04-26T00:00:00,629,2021-04-26T00:00:00,628,2021-04-26T00:00:00,628,2021-04-19T00:00:00,0,2009-04-13T00:00:00,105,tmin_very_cold_in_planting
11,bsr,True,2021-04-26T00:00:00,629,2021-04-26T00:00:00,628,2021-04-26T00:00:00,628,2021-04-19T00:00:00,0,2009-04-13T00:00:00,105,spi_7d_extreme_dry_in_planting
11,bsr,True,2021-04-26T00:00:00,629,2021-04-26T00:00:00,628,2021-04-26T00:00:00,628,2021-04-19T00:00:00,0,2009-04-13T00:00:00,105,pdsi_very_wet_in_harvesting
11,bsr,True,2021-04-26T00:00:00,629,2021-04-26T00:00:00,628,2021-04-26T00:00:00,628,2021-04-19T00:00:00,0,2009-04-13T00:00:00,105,pdsi_extreme_drought_in_harvesting
11,bsr,True,2021-05-24T00:00:00,633,2021-05-24T00:00:00,632,2021-05-24T00:00:00,632,2021-05-17T00:00:00,0,2009-04-13T00:00:00,106,wheat_weekly_rv
11,bsr,True,2021-05-24T00:00:00,633,2021-05-24T00:00:00,632,2021-05-24T00:00:00,632,2021-05-17T00:00:00,0,2009-04-13T00:00:00,106,wheat_monthly_rv
11,bsr,True,2021-05-24T00:00:00,633,2021-05-24T00:00:00,632,2021-05-24T00:00:00,632,2021-05-17T00:00:00,0,2009-04-13T00:00:00,106,wheat_seasonal_rv
11,bsr,True,2021-05-24T00:00:00,633,2021-05-24T00:00:00,632,2021-05-24T00:00:00,632,2021-05-17T00:00:00,0,2009-04-13T00:00:00,106,ssta_lanina
11,bsr,True,2021-05-24T00:00:00,633,2021-05-24T00:00:00,632,2021-05-24T00:00:00,632,2021-05-17T00:00:00,0,2009-04-13T00:00:00,106,SOI_index
11,bsr,True,2021-05-24T00:00:00,633,2021-05-24T00:00:00,632,2021-05-24T00:00:00,632,2021-05-17T00:00:00,0,2009-04-13T00:00:00,106,tmax_hot_in_planting
11,bsr,True,2021-05-24T00:00:00,633,2021-05-24T00:00:00,632,2021-05-24T00:00:00,632,2021-05-17T00:00:00,0,2009-04-13T00:00:00,106,tmax_very_hot_in_planting
11,bsr,True,2021-05-24T00:00:00,633,2021-05-24T00:00:00,632,2021-05-24T00:00:00,632,2021-05-17T00:00:00,0,2009-04-13T00:00:00,106,tmin_very_cold_in_planting
11,bsr,True,2021-05-24T00:00:00,633,2021-05-24T00:00:00,632,2021-05-24T00:00:00,632,2021-05-17T00:00:00,0,2009-04-13T00:00:00,106,spi_7d_extreme_dry_in_planting
11,bsr,True,2021-05-24T00:00:00,633,2021-05-24T00:00:00,632,2021-05-24T00:00:00,632,2021-05-17T00:00:00,0,2009-04-13T00:00:00,106,pdsi_very_wet_in_harvesting
11,bsr,True,2021-05-24T00:00:00,633,2021-05-24T00:00:00,632,2021-05-24T00:00:00,632,2021-05-17T00:00:00,0,2009-04-13T00:00:00,106,pdsi_extreme_drought_in_harvesting
11,bsr,True,2021-06-21T00:00:00,637,2021-06-21T00:00:00,636,2021-06-21T00:00:00,636,2021-06-14T00:00:00,0,2009-04-13T00:00:00,107,wheat_weekly_rv
11,bsr,True,2021-06-21T00:00:00,637,2021-06-21T00:00:00,636,2021-06-21T00:00:00,636,2021-06-14T00:00:00,0,2009-04-13T00:00:00,107,wheat_monthly_rv
11,bsr,True,2021-06-21T00:00:00,637,2021-06-21T00:00:00,636,2021-06-21T00:00:00,636,2021-06-14T00:00:00,0,2009-04-13T00:00:00,107,wheat_seasonal_rv
11,bsr,True,2021-06-21T00:00:00,637,2021-06-21T00:00:00,636,2021-06-21T00:00:00,636,2021-06-14T00:00:00,0,2009-04-13T00:00:00,107,ssta_lanina
11,bsr,True,2021-06-21T00:00:00,637,2021-06-21T00:00:00,636,2021-06-21T00:00:00,636,2021-06-14T00:00:00,0,2009-04-13T00:00:00,107,SOI_index
11,bsr,True,2021-06-21T00:00:00,637,2021-06-21T00:00:00,636,2021-06-21T00:00:00,636,2021-06-14T00:00:00,0,2009-04-13T00:00:00,107,tmax_hot_in_planting
11,bsr,True,2021-06-21T00:00:00,637,2021-06-21T00:00:00,636,2021-06-21T00:00:00,636,2021-06-14T00:00:00,0,2009-04-13T00:00:00,107,tmax_very_hot_in_planting
11,bsr,True,2021-06-21T00:00:00,637,2021-06-21T00:00:00,636,2021-06-21T00:00:00,636,2021-06-14T00:00:00,0,2009-04-13T00:00:00,107,tmin_very_cold_in_planting
11,bsr,True,2021-06-21T00:00:00,637,2021-06-21T00:00:00,636,2021-06-21T00:00:00,636,2021-06-14T00:00:00,0,2009-04-13T00:00:00,107,spi_7d_extreme_dry_in_planting
11,bsr,True,2021-06-21T00:00:00,637,2021-06-21T00:00:00,636,2021-06-21T00:00:00,636,2021-06-14T00:00:00,0,2009-04-13T00:00:00,107,pdsi_very_wet_in_harvesting
11,bsr,True,2021-06-21T00:00:00,637,2021-06-21T00:00:00,636,2021-06-21T00:00:00,636,2021-06-14T00:00:00,0,2009-04-13T00:00:00,107,pdsi_extreme_drought_in_harvesting
11,bsr,True,2021-07-19T00:00:00,641,2021-07-19T00:00:00,640,2021-07-19T00:00:00,640,2021-07-12T00:00:00,0,2009-04-13T00:00:00,108,wheat_weekly_rv
11,bsr,True,2021-07-19T00:00:00,641,2021-07-19T00:00:00,640,2021-07-19T00:00:00,640,2021-07-12T00:00:00,0,2009-04-13T00:00:00,108,wheat_monthly_rv
11,bsr,True,2021-07-19T00:00:00,641,2021-07-19T00:00:00,640,2021-07-19T00:00:00,640,2021-07-12T00:00:00,0,2009-04-13T00:00:00,108,wheat_seasonal_rv
11,bsr,True,2021-07-19T00:00:00,641,2021-07-19T00:00:00,640,2021-07-19T00:00:00,640,2021-07-12T00:00:00,0,2009-04-13T00:00:00,108,ssta_lanina
11,bsr,True,2021-07-19T00:00:00,641,2021-07-19T00:00:00,640,2021-07-19T00:00:00,640,2021-07-12T00:00:00,0,2009-04-13T00:00:00,108,SOI_index
11,bsr,True,2021-07-19T00:00:00,641,2021-07-19T00:00:00,640,2021-07-19T00:00:00,640,2021-07-12T00:00:00,0,2009-04-13T00:00:00,108,tmax_hot_in_planting
11,bsr,True,2021-07-19T00:00:00,641,2021-07-19T00:00:00,640,2021-07-19T00:00:00,640,2021-07-12T00:00:00,0,2009-04-13T00:00:00,108,tmax_very_hot_in_planting
11,bsr,True,2021-07-19T00:00:00,641,2021-07-19T00:00:00,640,2021-07-19T00:00:00,640,2021-07-12T00:00:00,0,2009-04-13T00:00:00,108,tmin_very_cold_in_planting
11,bsr,True,2021-07-19T00:00:00,641,2021-07-19T00:00:00,640,2021-07-19T00:00:00,640,2021-07-12T00:00:00,0,2009-04-13T00:00:00,108,spi_7d_extreme_dry_in_planting
11,bsr,True,2021-07-19T00:00:00,641,2021-07-19T00:00:00,640,2021-07-19T00:00:00,640,2021-07-12T00:00:00,0,2009-04-13T00:00:00,108,pdsi_very_wet_in_harvesting
11,bsr,True,2021-07-19T00:00:00,641,2021-07-19T00:00:00,640,2021-07-19T00:00:00,640,2021-07-12T00:00:00,0,2009-04-13T00:00:00,108,pdsi_extreme_drought_in_harvesting
11,bsr,True,2021-08-16T00:00:00,645,2021-08-16T00:00:00,644,2021-08-16T00:00:00,644,2021-08-09T00:00:00,0,2009-04-13T00:00:00,109,wheat_weekly_rv
11,bsr,True,2021-08-16T00:00:00,645,2021-08-16T00:00:00,644,2021-08-16T00:00:00,644,2021-08-09T00:00:00,0,2009-04-13T00:00:00,109,wheat_monthly_rv
11,bsr,True,2021-08-16T00:00:00,645,2021-08-16T00:00:00,644,2021-08-16T00:00:00,644,2021-08-09T00:00:00,0,2009-04-13T00:00:00,109,wheat_seasonal_rv
11,bsr,True,2021-08-16T00:00:00,645,2021-08-16T00:00:00,644,2021-08-16T00:00:00,644,2021-08-09T00:00:00,0,2009-04-13T00:00:00,109,ssta_lanina
11,bsr,True,2021-08-16T00:00:00,645,2021-08-16T00:00:00,644,2021-08-16T00:00:00,644,2021-08-09T00:00:00,0,2009-04-13T00:00:00,109,SOI_index
11,bsr,True,2021-08-16T00:00:00,645,2021-08-16T00:00:00,644,2021-08-16T00:00:00,644,2021-08-09T00:00:00,0,2009-04-13T00:00:00,109,tmax_hot_in_planting
11,bsr,True,2021-08-16T00:00:00,645,2021-08-16T00:00:00,644,2021-08-16T00:00:00,644,2021-08-09T00:00:00,0,2009-04-13T00:00:00,109,tmax_very_hot_in_planting
11,bsr,True,2021-08-16T00:00:00,645,2021-08-16T00:00:00,644,2021-08-16T00:00:00,644,2021-08-09T00:00:00,0,2009-04-13T00:00:00,109,tmin_very_cold_in_planting
11,bsr,True,2021-08-16T00:00:00,645,2021-08-16T00:00:00,644,2021-08-16T00:00:00,644,2021-08-09T00:00:00,0,2009-04-13T00:00:00,109,spi_7d_extreme_dry_in_planting
11,bsr,True,2021-08-16T00:00:00,645,2021-08-16T00:00:00,644,2021-08-16T00:00:00,644,2021-08-09T00:00:00,0,2009-04-13T00:00:00,109,pdsi_very_wet_in_harvesting
11,bsr,True,2021-08-16T00:00:00,645,2021-08-16T00:00:00,644,2021-08-16T00:00:00,644,2021-08-09T00:00:00,0,2009-04-13T00:00:00,109,pdsi_extreme_drought_in_harvesting
11,bsr,True,2021-09-13T00:00:00,649,2021-09-13T00:00:00,648,2021-09-13T00:00:00,648,2021-09-06T00:00:00,0,2009-04-13T00:00:00,110,wheat_weekly_rv
11,bsr,True,2021-09-13T00:00:00,649,2021-09-13T00:00:00,648,2021-09-13T00:00:00,648,2021-09-06T00:00:00,0,2009-04-13T00:00:00,110,wheat_monthly_rv
11,bsr,True,2021-09-13T00:00:00,649,2021-09-13T00:00:00,648,2021-09-13T00:00:00,648,2021-09-06T00:00:00,0,2009-04-13T00:00:00,110,wheat_seasonal_rv
11,bsr,True,2021-09-13T00:00:00,649,2021-09-13T00:00:00,648,2021-09-13T00:00:00,648,2021-09-06T00:00:00,0,2009-04-13T00:00:00,110,ssta_lanina
11,bsr,True,2021-09-13T00:00:00,649,2021-09-13T00:00:00,648,2021-09-13T00:00:00,648,2021-09-06T00:00:00,0,2009-04-13T00:00:00,110,SOI_index
11,bsr,True,2021-09-13T00:00:00,649,2021-09-13T00:00:00,648,2021-09-13T00:00:00,648,2021-09-06T00:00:00,0,2009-04-13T00:00:00,110,tmax_hot_in_planting
11,bsr,True,2021-09-13T00:00:00,649,2021-09-13T00:00:00,648,2021-09-13T00:00:00,648,2021-09-06T00:00:00,0,2009-04-13T00:00:00,110,tmax_very_hot_in_planting
11,bsr,True,2021-09-13T00:00:00,649,2021-09-13T00:00:00,648,2021-09-13T00:00:00,648,2021-09-06T00:00:00,0,2009-04-13T00:00:00,110,tmin_very_cold_in_planting
11,bsr,True,2021-09-13T00:00:00,649,2021-09-13T00:00:00,648,2021-09-13T00:00:00,648,2021-09-06T00:00:00,0,2009-04-13T00:00:00,110,spi_7d_extreme_dry_in_planting
11,bsr,True,2021-09-13T00:00:00,649,2021-09-13T00:00:00,648,2021-09-13T00:00:00,648,2021-09-06T00:00:00,0,2009-04-13T00:00:00,110,pdsi_very_wet_in_harvesting
11,bsr,True,2021-09-13T00:00:00,649,2021-09-13T00:00:00,648,2021-09-13T00:00:00,648,2021-09-06T00:00:00,0,2009-04-13T00:00:00,110,pdsi_extreme_drought_in_harvesting
11,bsr,True,2021-10-11T00:00:00,653,2021-10-11T00:00:00,652,2021-10-11T00:00:00,652,2021-10-04T00:00:00,0,2009-04-13T00:00:00,111,wheat_weekly_rv
11,bsr,True,2021-10-11T00:00:00,653,2021-10-11T00:00:00,652,2021-10-11T00:00:00,652,2021-10-04T00:00:00,0,2009-04-13T00:00:00,111,wheat_monthly_rv
11,bsr,True,2021-10-11T00:00:00,653,2021-10-11T00:00:00,652,2021-10-11T00:00:00,652,2021-10-04T00:00:00,0,2009-04-13T00:00:00,111,wheat_seasonal_rv
11,bsr,True,2021-10-11T00:00:00,653,2021-10-11T00:00:00,652,2021-10-11T00:00:00,652,2021-10-04T00:00:00,0,2009-04-13T00:00:00,111,ssta_lanina
11,bsr,True,2021-10-11T00:00:00,653,2021-10-11T00:00:00,652,2021-10-11T00:00:00,652,2021-10-04T00:00:00,0,2009-04-13T00:00:00,111,SOI_index
11,bsr,True,2021-10-11T00:00:00,653,2021-10-11T00:00:00,652,2021-10-11T00:00:00,652,2021-10-04T00:00:00,0,2009-04-13T00:00:00,111,tmax_hot_in_planting
11,bsr,True,2021-10-11T00:00:00,653,2021-10-11T00:00:00,652,2021-10-11T00:00:00,652,2021-10-04T00:00:00,0,2009-04-13T00:00:00,111,tmax_very_hot_in_planting
11,bsr,True,2021-10-11T00:00:00,653,2021-10-11T00:00:00,652,2021-10-11T00:00:00,652,2021-10-04T00:00:00,0,2009-04-13T00:00:00,111,tmin_very_cold_in_planting
11,bsr,True,2021-10-11T00:00:00,653,2021-10-11T00:00:00,652,2021-10-11T00:00:00,652,2021-10-04T00:00:00,0,2009-04-13T00:00:00,111,spi_7d_extreme_dry_in_planting
11,bsr,True,2021-10-11T00:00:00,653,2021-10-11T00:00:00,652,2021-10-11T00:00:00,652,2021-10-04T00:00:00,0,2009-04-13T00:00:00,111,pdsi_very_wet_in_harvesting
11,bsr,True,2021-10-11T00:00:00,653,2021-10-11T00:00:00,652,2021-10-11T00:00:00,652,2021-10-04T00:00:00,0,2009-04-13T00:00:00,111,pdsi_extreme_drought_in_harvesting
13,bsr,False,2021-11-08T00:00:00,657,2021-11-08T00:00:00,656,2021-11-08T00:00:00,656,2021-11-01T00:00:00,0,2009-04-13T00:00:00,112,wheat_weekly_rv
13,bsr,False,2021-11-08T00:00:00,657,2021-11-08T00:00:00,656,2021-11-08T00:00:00,656,2021-11-01T00:00:00,0,2009-04-13T00:00:00,112,wheat_monthly_rv
13,bsr,False,2021-11-08T00:00:00,657,2021-11-08T00:00:00,656,2021-11-08T00:00:00,656,2021-11-01T00:00:00,0,2009-04-13T00:00:00,112,wheat_seasonal_rv
13,bsr,False,2021-11-08T00:00:00,657,2021-11-08T00:00:00,656,2021-11-08T00:00:00,656,2021-11-01T00:00:00,0,2009-04-13T00:00:00,112,soybeans_weekly_rv
13,bsr,False,2021-11-08T00:00:00,657,2021-11-08T00:00:00,656,2021-11-08T00:00:00,656,2021-11-01T00:00:00,0,2009-04-13T00:00:00,112,ssta_lanina
13,bsr,False,2021-11-08T00:00:00,657,2021-11-08T00:00:00,656,2021-11-08T00:00:00,656,2021-11-01T00:00:00,0,2009-04-13T00:00:00,112,SOI_index
13,bsr,False,2021-11-08T00:00:00,657,2021-11-08T00:00:00,656,2021-11-08T00:00:00,656,2021-11-01T00:00:00,0,2009-04-13T00:00:00,112,tmax_hot_in_planting
13,bsr,False,2021-11-08T00:00:00,657,2021-11-08T00:00:00,656,2021-11-08T00:00:00,656,2021-11-01T00:00:00,0,2009-04-13T00:00:00,112,tmax_very_hot_in_planting
13,bsr,False,2021-11-08T00:00:00,657,2021-11-08T00:00:00,656,2021-11-08T00:00:00,656,2021-11-01T00:00:00,0,2009-04-13T00:00:00,112,tmin_very_cold_in_planting
13,bsr,False,2021-11-08T00:00:00,657,2021-11-08T00:00:00,656,2021-11-08T00:00:00,656,2021-11-01T00:00:00,0,2009-04-13T00:00:00,112,tmin_very_cold_in_harvesting
13,bsr,False,2021-11-08T00:00:00,657,2021-11-08T00:00:00,656,2021-11-08T00:00:00,656,2021-11-01T00:00:00,0,2009-04-13T00:00:00,112,spi_7d_extreme_dry_in_planting
13,bsr,False,2021-11-08T00:00:00,657,2021-11-08T00:00:00,656,2021-11-08T00:00:00,656,2021-11-01T00:00:00,0,2009-04-13T00:00:00,112,pdsi_very_wet_in_harvesting
13,bsr,False,2021-11-08T00:00:00,657,2021-11-08T00:00:00,656,2021-11-08T00:00:00,656,2021-11-01T00:00:00,0,2009-04-13T00:00:00,112,pdsi_extreme_drought_in_harvesting
13,bsr,True,2021-12-06T00:00:00,661,2021-12-06T00:00:00,660,2021-12-06T00:00:00,660,2021-11-29T00:00:00,0,2009-04-13T00:00:00,113,wheat_weekly_rv
13,bsr,True,2021-12-06T00:00:00,661,2021-12-06T00:00:00,660,2021-12-06T00:00:00,660,2021-11-29T00:00:00,0,2009-04-13T00:00:00,113,wheat_monthly_rv
13,bsr,True,2021-12-06T00:00:00,661,2021-12-06T00:00:00,660,2021-12-06T00:00:00,660,2021-11-29T00:00:00,0,2009-04-13T00:00:00,113,wheat_seasonal_rv
13,bsr,True,2021-12-06T00:00:00,661,2021-12-06T00:00:00,660,2021-12-06T00:00:00,660,2021-11-29T00:00:00,0,2009-04-13T00:00:00,113,soybeans_weekly_rv
13,bsr,True,2021-12-06T00:00:00,661,2021-12-06T00:00:00,660,2021-12-06T00:00:00,660,2021-11-29T00:00:00,0,2009-04-13T00:00:00,113,ssta_lanina
13,bsr,True,2021-12-06T00:00:00,661,2021-12-06T00:00:00,660,2021-12-06T00:00:00,660,2021-11-29T00:00:00,0,2009-04-13T00:00:00,113,SOI_index
13,bsr,True,2021-12-06T00:00:00,661,2021-12-06T00:00:00,660,2021-12-06T00:00:00,660,2021-11-29T00:00:00,0,2009-04-13T00:00:00,113,tmax_hot_in_planting
13,bsr,True,2021-12-06T00:00:00,661,2021-12-06T00:00:00,660,2021-12-06T00:00:00,660,2021-11-29T00:00:00,0,2009-04-13T00:00:00,113,tmax_very_hot_in_planting
13,bsr,True,2021-12-06T00:00:00,661,2021-12-06T00:00:00,660,2021-12-06T00:00:00,660,2021-11-29T00:00:00,0,2009-04-13T00:00:00,113,tmin_very_cold_in_planting
13,bsr,True,2021-12-06T00:00:00,661,2021-12-06T00:00:00,660,2021-12-06T00:00:00,660,2021-11-29T00:00:00,0,2009-04-13T00:00:00,113,tmin_very_cold_in_harvesting
13,bsr,True,2021-12-06T00:00:00,661,2021-12-06T00:00:00,660,2021-12-06T00:00:00,660,2021-11-29T00:00:00,0,2009-04-13T00:00:00,113,spi_7d_extreme_dry_in_planting
13,bsr,True,2021-12-06T00:00:00,661,2021-12-06T00:00:00,660,2021-12-06T00:00:00,660,2021-11-29T00:00:00,0,2009-04-13T00:00:00,113,pdsi_very_wet_in_harvesting
13,bsr,True,2021-12-06T00:00:00,661,2021-12-06T00:00:00,660,2021-12-06T00:00:00,660,2021-11-29T00:00:00,0,2009-04-13T00:00:00,113,pdsi_extreme_drought_in_harvesting
13,bsr,True,2022-01-03T00:00:00,665,2022-01-03T00:00:00,664,2022-01-03T00:00:00,664,2021-12-27T00:00:00,0,2009-04-13T00:00:00,114,wheat_weekly_rv
13,bsr,True,2022-01-03T00:00:00,665,2022-01-03T00:00:00,664,2022-01-03T00:00:00,664,2021-12-27T00:00:00,0,2009-04-13T00:00:00,114,wheat_monthly_rv
13,bsr,True,2022-01-03T00:00:00,665,2022-01-03T00:00:00,664,2022-01-03T00:00:00,664,2021-12-27T00:00:00,0,2009-04-13T00:00:00,114,wheat_seasonal_rv
13,bsr,True,2022-01-03T00:00:00,665,2022-01-03T00:00:00,664,2022-01-03T00:00:00,664,2021-12-27T00:00:00,0,2009-04-13T00:00:00,114,soybeans_weekly_rv
13,bsr,True,2022-01-03T00:00:00,665,2022-01-03T00:00:00,664,2022-01-03T00:00:00,664,2021-12-27T00:00:00,0,2009-04-13T00:00:00,114,ssta_lanina
13,bsr,True,2022-01-03T00:00:00,665,2022-01-03T00:00:00,664,2022-01-03T00:00:00,664,2021-12-27T00:00:00,0,2009-04-13T00:00:00,114,SOI_index
13,bsr,True,2022-01-03T00:00:00,665,2022-01-03T00:00:00,664,2022-01-03T00:00:00,664,2021-12-27T00:00:00,0,2009-04-13T00:00:00,114,tmax_hot_in_planting
13,bsr,True,2022-01-03T00:00:00,665,2022-01-03T00:00:00,664,2022-01-03T00:00:00,664,2021-12-27T00:00:00,0,2009-04-13T00:00:00,114,tmax_very_hot_in_planting
13,bsr,True,2022-01-03T00:00:00,665,2022-01-03T00:00:00,664,2022-01-03T00:00:00,664,2021-12-27T00:00:00,0,2009-04-13T00:00:00,114,tmin_very_cold_in_planting
13,bsr,True,2022-01-03T00:00:00,665,2022-01-03T00:00:00,664,2022-01-03T00:00:00,664,2021-12-27T00:00:00,0,2009-04-13T00:00:00,114,tmin_very_cold_in_harvesting
13,bsr,True,2022-01-03T00:00:00,665,2022-01-03T00:00:00,664,2022-01-03T00:00:00,664,2021-12-27T00:00:00,0,2009-04-13T00:00:00,114,spi_7d_extreme_dry_in_planting
13,bsr,True,2022-01-03T00:00:00,665,2022-01-03T00:00:00,664,2022-01-03T00:00:00,664,2021-12-27T00:00:00,0,2009-04-13T00:00:00,114,pdsi_very_wet_in_harvesting
13,bsr,True,2022-01-03T00:00:00,665,2022-01-03T00:00:00,664,2022-01-03T00:00:00,664,2021-12-27T00:00:00,0,2009-04-13T00:00:00,114,pdsi_extreme_drought_in_harvesting
13,bsr,True,2022-01-31T00:00:00,669,2022-01-31T00:00:00,668,2022-01-31T00:00:00,668,2022-01-24T00:00:00,0,2009-04-13T00:00:00,115,wheat_weekly_rv
13,bsr,True,2022-01-31T00:00:00,669,2022-01-31T00:00:00,668,2022-01-31T00:00:00,668,2022-01-24T00:00:00,0,2009-04-13T00:00:00,115,wheat_monthly_rv
13,bsr,True,2022-01-31T00:00:00,669,2022-01-31T00:00:00,668,2022-01-31T00:00:00,668,2022-01-24T00:00:00,0,2009-04-13T00:00:00,115,wheat_seasonal_rv
13,bsr,True,2022-01-31T00:00:00,669,2022-01-31T00:00:00,668,2022-01-31T00:00:00,668,2022-01-24T00:00:00,0,2009-04-13T00:00:00,115,soybeans_weekly_rv
13,bsr,True,2022-01-31T00:00:00,669,2022-01-31T00:00:00,668,2022-01-31T00:00:00,668,2022-01-24T00:00:00,0,2009-04-13T00:00:00,115,ssta_lanina
13,bsr,True,2022-01-31T00:00:00,669,2022-01-31T00:00:00,668,2022-01-31T00:00:00,668,2022-01-24T00:00:00,0,2009-04-13T00:00:00,115,SOI_index
13,bsr,True,2022-01-31T00:00:00,669,2022-01-31T00:00:00,668,2022-01-31T00:00:00,668,2022-01-24T00:00:00,0,2009-04-13T00:00:00,115,tmax_hot_in_planting
13,bsr,True,2022-01-31T00:00:00,669,2022-01-31T00:00:00,668,2022-01-31T00:00:00,668,2022-01-24T00:00:00,0,2009-04-13T00:00:00,115,tmax_very_hot_in_planting
13,bsr,True,2022-01-31T00:00:00,669,2022-01-31T00:00:00,668,2022-01-31T00:00:00,668,2022-01-24T00:00:00,0,2009-04-13T00:00:00,115,tmin_very_cold_in_planting
13,bsr,True,2022-01-31T00:00:00,669,2022-01-31T00:00:00,668,2022-01-31T00:00:00,668,2022-01-24T00:00:00,0,2009-04-13T00:00:00,115,tmin_very_cold_in_harvesting
13,bsr,True,2022-01-31T00:00:00,669,2022-01-31T00:00:00,668,2022-01-31T00:00:00,668,2022-01-24T00:00:00,0,2009-04-13T00:00:00,115,spi_7d_extreme_dry_in_planting
13,bsr,True,2022-01-31T00:00:00,669,2022-01-31T00:00:00,668,2022-01-31T00:00:00,668,2022-01-24T00:00:00,0,2009-04-13T00:00:00,115,pdsi_very_wet_in_harvesting
13,bsr,True,2022-01-31T00:00:00,669,2022-01-31T00:00:00,668,2022-01-31T00:00:00,668,2022-01-24T00:00:00,0,2009-04-13T00:00:00,115,pdsi_extreme_drought_in_harvesting
13,bsr,True,2022-02-28T00:00:00,673,2022-02-28T00:00:00,672,2022-02-28T00:00:00,672,2022-02-21T00:00:00,0,2009-04-13T00:00:00,116,wheat_weekly_rv
13,bsr,True,2022-02-28T00:00:00,673,2022-02-28T00:00:00,672,2022-02-28T00:00:00,672,2022-02-21T00:00:00,0,2009-04-13T00:00:00,116,wheat_monthly_rv
13,bsr,True,2022-02-28T00:00:00,673,2022-02-28T00:00:00,672,2022-02-28T00:00:00,672,2022-02-21T00:00:00,0,2009-04-13T00:00:00,116,wheat_seasonal_rv
13,bsr,True,2022-02-28T00:00:00,673,2022-02-28T00:00:00,672,2022-02-28T00:00:00,672,2022-02-21T00:00:00,0,2009-04-13T00:00:00,116,soybeans_weekly_rv
13,bsr,True,2022-02-28T00:00:00,673,2022-02-28T00:00:00,672,2022-02-28T00:00:00,672,2022-02-21T00:00:00,0,2009-04-13T00:00:00,116,ssta_lanina
13,bsr,True,2022-02-28T00:00:00,673,2022-02-28T00:00:00,672,2022-02-28T00:00:00,672,2022-02-21T00:00:00,0,2009-04-13T00:00:00,116,SOI_index
13,bsr,True,2022-02-28T00:00:00,673,2022-02-28T00:00:00,672,2022-02-28T00:00:00,672,2022-02-21T00:00:00,0,2009-04-13T00:00:00,116,tmax_hot_in_planting
13,bsr,True,2022-02-28T00:00:00,673,2022-02-28T00:00:00,672,2022-02-28T00:00:00,672,2022-02-21T00:00:00,0,2009-04-13T00:00:00,116,tmax_very_hot_in_planting
13,bsr,True,2022-02-28T00:00:00,673,2022-02-28T00:00:00,672,2022-02-28T00:00:00,672,2022-02-21T00:00:00,0,2009-04-13T00:00:00,116,tmin_very_cold_in_planting
13,bsr,True,2022-02-28T00:00:00,673,2022-02-28T00:00:00,672,2022-02-28T00:00:00,672,2022-02-21T00:00:00,0,2009-04-13T00:00:00,116,tmin_very_cold_in_harvesting
13,bsr,True,2022-02-28T00:00:00,673,2022-02-28T00:00:00,672,2022-02-28T00:00:00,672,2022-02-21T00:00:00,0,2009-04-13T00:00:00,116,spi_7d_extreme_dry_in_planting
13,bsr,True,2022-02-28T00:00:00,673,2022-02-28T00:00:00,672,2022-02-28T00:00:00,672,2022-02-21T00:00:00,0,2009-04-13T00:00:00,116,pdsi_very_wet_in_harvesting
13,bsr,True,2022-02-28T00:00:00,673,2022-02-28T00:00:00,672,2022-02-28T00:00:00,672,2022-02-21T00:00:00,0,2009-04-13T00:00:00,116,pdsi_extreme_drought_in_harvesting
13,bsr,True,2022-03-28T00:00:00,677,2022-03-28T00:00:00,676,2022-03-28T00:00:00,676,2022-03-21T00:00:00,0,2009-04-13T00:00:00,117,wheat_weekly_rv
13,bsr,True,2022-03-28T00:00:00,677,2022-03-28T00:00:00,676,2022-03-28T00:00:00,676,2022-03-21T00:00:00,0,2009-04-13T00:00:00,117,wheat_monthly_rv
13,bsr,True,2022-03-28T00:00:00,677,2022-03-28T00:00:00,676,2022-03-28T00:00:00,676,2022-03-21T00:00:00,0,2009-04-13T00:00:00,117,wheat_seasonal_rv
13,bsr,True,2022-03-28T00:00:00,677,2022-03-28T00:00:00,676,2022-03-28T00:00:00,676,2022-03-21T00:00:00,0,2009-04-13T00:00:00,117,soybeans_weekly_rv
13,bsr,True,2022-03-28T00:00:00,677,2022-03-28T00:00:00,676,2022-03-28T00:00:00,676,2022-03-21T00:00:00,0,2009-04-13T00:00:00,117,ssta_lanina
13,bsr,True,2022-03-28T00:00:00,677,2022-03-28T00:00:00,676,2022-03-28T00:00:00,676,2022-03-21T00:00:00,0,2009-04-13T00:00:00,117,SOI_index
13,bsr,True,2022-03-28T00:00:00,677,2022-03-28T00:00:00,676,2022-03-28T00:00:00,676,2022-03-21T00:00:00,0,2009-04-13T00:00:00,117,tmax_hot_in_planting
13,bsr,True,2022-03-28T00:00:00,677,2022-03-28T00:00:00,676,2022-03-28T00:00:00,676,2022-03-21T00:00:00,0,2009-04-13T00:00:00,117,tmax_very_hot_in_planting
13,bsr,True,2022-03-28T00:00:00,677,2022-03-28T00:00:00,676,2022-03-28T00:00:00,676,2022-03-21T00:00:00,0,2009-04-13T00:00:00,117,tmin_very_cold_in_planting
13,bsr,True,2022-03-28T00:00:00,677,2022-03-28T00:00:00,676,2022-03-28T00:00:00,676,2022-03-21T00:00:00,0,2009-04-13T00:00:00,117,tmin_very_cold_in_harvesting
13,bsr,True,2022-03-28T00:00:00,677,2022-03-28T00:00:00,676,2022-03-28T00:00:00,676,2022-03-21T00:00:00,0,2009-04-13T00:00:00,117,spi_7d_extreme_dry_in_planting
13,bsr,True,2022-03-28T00:00:00,677,2022-03-28T00:00:00,676,2022-03-28T00:00:00,676,2022-03-21T00:00:00,0,2009-04-13T00:00:00,117,pdsi_very_wet_in_harvesting
13,bsr,True,2022-03-28T00:00:00,677,2022-03-28T00:00:00,676,2022-03-28T00:00:00,676,2022-03-21T00:00:00,0,2009-04-13T00:00:00,117,pdsi_extreme_drought_in_harvesting
13,bsr,True,2022-04-25T00:00:00,681,2022-04-25T00:00:00,680,2022-04-25T00:00:00,680,2022-04-18T00:00:00,0,2009-04-13T00:00:00,118,wheat_weekly_rv
13,bsr,True,2022-04-25T00:00:00,681,2022-04-25T00:00:00,680,2022-04-25T00:00:00,680,2022-04-18T00:00:00,0,2009-04-13T00:00:00,118,wheat_monthly_rv
13,bsr,True,2022-04-25T00:00:00,681,2022-04-25T00:00:00,680,2022-04-25T00:00:00,680,2022-04-18T00:00:00,0,2009-04-13T00:00:00,118,wheat_seasonal_rv
13,bsr,True,2022-04-25T00:00:00,681,2022-04-25T00:00:00,680,2022-04-25T00:00:00,680,2022-04-18T00:00:00,0,2009-04-13T00:00:00,118,soybeans_weekly_rv
13,bsr,True,2022-04-25T00:00:00,681,2022-04-25T00:00:00,680,2022-04-25T00:00:00,680,2022-04-18T00:00:00,0,2009-04-13T00:00:00,118,ssta_lanina
13,bsr,True,2022-04-25T00:00:00,681,2022-04-25T00:00:00,680,2022-04-25T00:00:00,680,2022-04-18T00:00:00,0,2009-04-13T00:00:00,118,SOI_index
13,bsr,True,2022-04-25T00:00:00,681,2022-04-25T00:00:00,680,2022-04-25T00:00:00,680,2022-04-18T00:00:00,0,2009-04-13T00:00:00,118,tmax_hot_in_planting
13,bsr,True,2022-04-25T00:00:00,681,2022-04-25T00:00:00,680,2022-04-25T00:00:00,680,2022-04-18T00:00:00,0,2009-04-13T00:00:00,118,tmax_very_hot_in_planting
13,bsr,True,2022-04-25T00:00:00,681,2022-04-25T00:00:00,680,2022-04-25T00:00:00,680,2022-04-18T00:00:00,0,2009-04-13T00:00:00,118,tmin_very_cold_in_planting
13,bsr,True,2022-04-25T00:00:00,681,2022-04-25T00:00:00,680,2022-04-25T00:00:00,680,2022-04-18T00:00:00,0,2009-04-13T00:00:00,118,tmin_very_cold_in_harvesting
13,bsr,True,2022-04-25T00:00:00,681,2022-04-25T00:00:00,680,2022-04-25T00:00:00,680,2022-04-18T00:00:00,0,2009-04-13T00:00:00,118,spi_7d_extreme_dry_in_planting
13,bsr,True,2022-04-25T00:00:00,681,2022-04-25T00:00:00,680,2022-04-25T00:00:00,680,2022-04-18T00:00:00,0,2009-04-13T00:00:00,118,pdsi_very_wet_in_harvesting
13,bsr,True,2022-04-25T00:00:00,681,2022-04-25T00:00:00,680,2022-04-25T00:00:00,680,2022-04-18T00:00:00,0,2009-04-13T00:00:00,118,pdsi_extreme_drought_in_harvesting
13,bsr,True,2022-05-23T00:00:00,685,2022-05-23T00:00:00,684,2022-05-23T00:00:00,684,2022-05-16T00:00:00,0,2009-04-13T00:00:00,119,wheat_weekly_rv
13,bsr,True,2022-05-23T00:00:00,685,2022-05-23T00:00:00,684,2022-05-23T00:00:00,684,2022-05-16T00:00:00,0,2009-04-13T00:00:00,119,wheat_monthly_rv
13,bsr,True,2022-05-23T00:00:00,685,2022-05-23T00:00:00,684,2022-05-23T00:00:00,684,2022-05-16T00:00:00,0,2009-04-13T00:00:00,119,wheat_seasonal_rv
13,bsr,True,2022-05-23T00:00:00,685,2022-05-23T00:00:00,684,2022-05-23T00:00:00,684,2022-05-16T00:00:00,0,2009-04-13T00:00:00,119,soybeans_weekly_rv
13,bsr,True,2022-05-23T00:00:00,685,2022-05-23T00:00:00,684,2022-05-23T00:00:00,684,2022-05-16T00:00:00,0,2009-04-13T00:00:00,119,ssta_lanina
13,bsr,True,2022-05-23T00:00:00,685,2022-05-23T00:00:00,684,2022-05-23T00:00:00,684,2022-05-16T00:00:00,0,2009-04-13T00:00:00,119,SOI_index
13,bsr,True,2022-05-23T00:00:00,685,2022-05-23T00:00:00,684,2022-05-23T00:00:00,684,2022-05-16T00:00:00,0,2009-04-13T00:00:00,119,tmax_hot_in_planting
13,bsr,True,2022-05-23T00:00:00,685,2022-05-23T00:00:00,684,2022-05-23T00:00:00,684,2022-05-16T00:00:00,0,2009-04-13T00:00:00,119,tmax_very_hot_in_planting
13,bsr,True,2022-05-23T00:00:00,685,2022-05-23T00:00:00,684,2022-05-23T00:00:00,684,2022-05-16T00:00:00,0,2009-04-13T00:00:00,119,tmin_very_cold_in_planting
13,bsr,True,2022-05-23T00:00:00,685,2022-05-23T00:00:00,684,2022-05-23T00:00:00,684,2022-05-16T00:00:00,0,2009-04-13T00:00:00,119,tmin_very_cold_in_harvesting
13,bsr,True,2022-05-23T00:00:00,685,2022-05-23T00:00:00,684,2022-05-23T00:00:00,684,2022-05-16T00:00:00,0,2009-04-13T00:00:00,119,spi_7d_extreme_dry_in_planting
13,bsr,True,2022-05-23T00:00:00,685,2022-05-23T00:00:00,684,2022-05-23T00:00:00,684,2022-05-16T00:00:00,0,2009-04-13T00:00:00,119,pdsi_very_wet_in_harvesting
13,bsr,True,2022-05-23T00:00:00,685,2022-05-23T00:00:00,684,2022-05-23T00:00:00,684,2022-05-16T00:00:00,0,2009-04-13T00:00:00,119,pdsi_extreme_drought_in_harvesting
13,bsr,False,2022-06-20T00:00:00,689,2022-06-20T00:00:00,688,2022-06-20T00:00:00,688,2022-06-13T00:00:00,0,2009-04-13T00:00:00,120,wheat_weekly_rv
13,bsr,False,2022-06-20T00:00:00,689,2022-06-20T00:00:00,688,2022-06-20T00:00:00,688,2022-06-13T00:00:00,0,2009-04-13T00:00:00,120,wheat_monthly_rv
13,bsr,False,2022-06-20T00:00:00,689,2022-06-20T00:00:00,688,2022-06-20T00:00:00,688,2022-06-13T00:00:00,0,2009-04-13T00:00:00,120,wheat_seasonal_rv
13,bsr,False,2022-06-20T00:00:00,689,2022-06-20T00:00:00,688,2022-06-20T00:00:00,688,2022-06-13T00:00:00,0,2009-04-13T00:00:00,120,ssta_lanina
13,bsr,False,2022-06-20T00:00:00,689,2022-06-20T00:00:00,688,2022-06-20T00:00:00,688,2022-06-13T00:00:00,0,2009-04-13T00:00:00,120,SOI_index
13,bsr,False,2022-06-20T00:00:00,689,2022-06-20T00:00:00,688,2022-06-20T00:00:00,688,2022-06-13T00:00:00,0,2009-04-13T00:00:00,120,tmax_hot_in_planting
13,bsr,False,2022-06-20T00:00:00,689,2022-06-20T00:00:00,688,2022-06-20T00:00:00,688,2022-06-13T00:00:00,0,2009-04-13T00:00:00,120,tmax_very_hot_in_planting
13,bsr,False,2022-06-20T00:00:00,689,2022-06-20T00:00:00,688,2022-06-20T00:00:00,688,2022-06-13T00:00:00,0,2009-04-13T00:00:00,120,tmin_very_cold_in_planting
13,bsr,False,2022-06-20T00:00:00,689,2022-06-20T00:00:00,688,2022-06-20T00:00:00,688,2022-06-13T00:00:00,0,2009-04-13T00:00:00,120,tmin_very_cold_in_harvesting
13,bsr,False,2022-06-20T00:00:00,689,2022-06-20T00:00:00,688,2022-06-20T00:00:00,688,2022-06-13T00:00:00,0,2009-04-13T00:00:00,120,spi_7d_extreme_dry_in_planting
13,bsr,False,2022-06-20T00:00:00,689,2022-06-20T00:00:00,688,2022-06-20T00:00:00,688,2022-06-13T00:00:00,0,2009-04-13T00:00:00,120,pdsi_very_wet_in_harvesting
13,bsr,False,2022-06-20T00:00:00,689,2022-06-20T00:00:00,688,2022-06-20T00:00:00,688,2022-06-13T00:00:00,0,2009-04-13T00:00:00,120,pdsi_extreme_wet_in_planting
13,bsr,False,2022-06-20T00:00:00,689,2022-06-20T00:00:00,688,2022-06-20T00:00:00,688,2022-06-13T00:00:00,0,2009-04-13T00:00:00,120,pdsi_extreme_drought_in_harvesting
13,bsr,True,2022-07-18T00:00:00,693,2022-07-18T00:00:00,692,2022-07-18T00:00:00,692,2022-07-11T00:00:00,0,2009-04-13T00:00:00,121,wheat_weekly_rv
13,bsr,True,2022-07-18T00:00:00,693,2022-07-18T00:00:00,692,2022-07-18T00:00:00,692,2022-07-11T00:00:00,0,2009-04-13T00:00:00,121,wheat_monthly_rv
13,bsr,True,2022-07-18T00:00:00,693,2022-07-18T00:00:00,692,2022-07-18T00:00:00,692,2022-07-11T00:00:00,0,2009-04-13T00:00:00,121,wheat_seasonal_rv
13,bsr,True,2022-07-18T00:00:00,693,2022-07-18T00:00:00,692,2022-07-18T00:00:00,692,2022-07-11T00:00:00,0,2009-04-13T00:00:00,121,ssta_lanina
13,bsr,True,2022-07-18T00:00:00,693,2022-07-18T00:00:00,692,2022-07-18T00:00:00,692,2022-07-11T00:00:00,0,2009-04-13T00:00:00,121,SOI_index
13,bsr,True,2022-07-18T00:00:00,693,2022-07-18T00:00:00,692,2022-07-18T00:00:00,692,2022-07-11T00:00:00,0,2009-04-13T00:00:00,121,tmax_hot_in_planting
13,bsr,True,2022-07-18T00:00:00,693,2022-07-18T00:00:00,692,2022-07-18T00:00:00,692,2022-07-11T00:00:00,0,2009-04-13T00:00:00,121,tmax_very_hot_in_planting
13,bsr,True,2022-07-18T00:00:00,693,2022-07-18T00:00:00,692,2022-07-18T00:00:00,692,2022-07-11T00:00:00,0,2009-04-13T00:00:00,121,tmin_very_cold_in_planting
13,bsr,True,2022-07-18T00:00:00,693,2022-07-18T00:00:00,692,2022-07-18T00:00:00,692,2022-07-11T00:00:00,0,2009-04-13T00:00:00,121,tmin_very_cold_in_harvesting
13,bsr,True,2022-07-18T00:00:00,693,2022-07-18T00:00:00,692,2022-07-18T00:00:00,692,2022-07-11T00:00:00,0,2009-04-13T00:00:00,121,spi_7d_extreme_dry_in_planting
13,bsr,True,2022-07-18T00:00:00,693,2022-07-18T00:00:00,692,2022-07-18T00:00:00,692,2022-07-11T00:00:00,0,2009-04-13T00:00:00,121,pdsi_very_wet_in_harvesting
13,bsr,True,2022-07-18T00:00:00,693,2022-07-18T00:00:00,692,2022-07-18T00:00:00,692,2022-07-11T00:00:00,0,2009-04-13T00:00:00,121,pdsi_extreme_wet_in_planting
13,bsr,True,2022-07-18T00:00:00,693,2022-07-18T00:00:00,692,2022-07-18T00:00:00,692,2022-07-11T00:00:00,0,2009-04-13T00:00:00,121,pdsi_extreme_drought_in_harvesting
13,bsr,True,2022-08-15T00:00:00,697,2022-08-15T00:00:00,696,2022-08-15T00:00:00,696,2022-08-08T00:00:00,0,2009-04-13T00:00:00,122,wheat_weekly_rv
13,bsr,True,2022-08-15T00:00:00,697,2022-08-15T00:00:00,696,2022-08-15T00:00:00,696,2022-08-08T00:00:00,0,2009-04-13T00:00:00,122,wheat_monthly_rv
13,bsr,True,2022-08-15T00:00:00,697,2022-08-15T00:00:00,696,2022-08-15T00:00:00,696,2022-08-08T00:00:00,0,2009-04-13T00:00:00,122,wheat_seasonal_rv
13,bsr,True,2022-08-15T00:00:00,697,2022-08-15T00:00:00,696,2022-08-15T00:00:00,696,2022-08-08T00:00:00,0,2009-04-13T00:00:00,122,ssta_lanina
13,bsr,True,2022-08-15T00:00:00,697,2022-08-15T00:00:00,696,2022-08-15T00:00:00,696,2022-08-08T00:00:00,0,2009-04-13T00:00:00,122,SOI_index
13,bsr,True,2022-08-15T00:00:00,697,2022-08-15T00:00:00,696,2022-08-15T00:00:00,696,2022-08-08T00:00:00,0,2009-04-13T00:00:00,122,tmax_hot_in_planting
13,bsr,True,2022-08-15T00:00:00,697,2022-08-15T00:00:00,696,2022-08-15T00:00:00,696,2022-08-08T00:00:00,0,2009-04-13T00:00:00,122,tmax_very_hot_in_planting
13,bsr,True,2022-08-15T00:00:00,697,2022-08-15T00:00:00,696,2022-08-15T00:00:00,696,2022-08-08T00:00:00,0,2009-04-13T00:00:00,122,tmin_very_cold_in_planting
13,bsr,True,2022-08-15T00:00:00,697,2022-08-15T00:00:00,696,2022-08-15T00:00:00,696,2022-08-08T00:00:00,0,2009-04-13T00:00:00,122,tmin_very_cold_in_harvesting
13,bsr,True,2022-08-15T00:00:00,697,2022-08-15T00:00:00,696,2022-08-15T00:00:00,696,2022-08-08T00:00:00,0,2009-04-13T00:00:00,122,spi_7d_extreme_dry_in_planting
13,bsr,True,2022-08-15T00:00:00,697,2022-08-15T00:00:00,696,2022-08-15T00:00:00,696,2022-08-08T00:00:00,0,2009-04-13T00:00:00,122,pdsi_very_wet_in_harvesting
13,bsr,True,2022-08-15T00:00:00,697,2022-08-15T00:00:00,696,2022-08-15T00:00:00,696,2022-08-08T00:00:00,0,2009-04-13T00:00:00,122,pdsi_extreme_wet_in_planting
13,bsr,True,2022-08-15T00:00:00,697,2022-08-15T00:00:00,696,2022-08-15T00:00:00,696,2022-08-08T00:00:00,0,2009-04-13T00:00:00,122,pdsi_extreme_drought_in_harvesting
13,bsr,True,2022-09-12T00:00:00,701,2022-09-12T00:00:00,700,2022-09-12T00:00:00,700,2022-09-05T00:00:00,0,2009-04-13T00:00:00,123,wheat_weekly_rv
13,bsr,True,2022-09-12T00:00:00,701,2022-09-12T00:00:00,700,2022-09-12T00:00:00,700,2022-09-05T00:00:00,0,2009-04-13T00:00:00,123,wheat_monthly_rv
13,bsr,True,2022-09-12T00:00:00,701,2022-09-12T00:00:00,700,2022-09-12T00:00:00,700,2022-09-05T00:00:00,0,2009-04-13T00:00:00,123,wheat_seasonal_rv
13,bsr,True,2022-09-12T00:00:00,701,2022-09-12T00:00:00,700,2022-09-12T00:00:00,700,2022-09-05T00:00:00,0,2009-04-13T00:00:00,123,ssta_lanina
13,bsr,True,2022-09-12T00:00:00,701,2022-09-12T00:00:00,700,2022-09-12T00:00:00,700,2022-09-05T00:00:00,0,2009-04-13T00:00:00,123,SOI_index
13,bsr,True,2022-09-12T00:00:00,701,2022-09-12T00:00:00,700,2022-09-12T00:00:00,700,2022-09-05T00:00:00,0,2009-04-13T00:00:00,123,tmax_hot_in_planting
13,bsr,True,2022-09-12T00:00:00,701,2022-09-12T00:00:00,700,2022-09-12T00:00:00,700,2022-09-05T00:00:00,0,2009-04-13T00:00:00,123,tmax_very_hot_in_planting
13,bsr,True,2022-09-12T00:00:00,701,2022-09-12T00:00:00,700,2022-09-12T00:00:00,700,2022-09-05T00:00:00,0,2009-04-13T00:00:00,123,tmin_very_cold_in_planting
13,bsr,True,2022-09-12T00:00:00,701,2022-09-12T00:00:00,700,2022-09-12T00:00:00,700,2022-09-05T00:00:00,0,2009-04-13T00:00:00,123,tmin_very_cold_in_harvesting
13,bsr,True,2022-09-12T00:00:00,701,2022-09-12T00:00:00,700,2022-09-12T00:00:00,700,2022-09-05T00:00:00,0,2009-04-13T00:00:00,123,spi_7d_extreme_dry_in_planting
13,bsr,True,2022-09-12T00:00:00,701,2022-09-12T00:00:00,700,2022-09-12T00:00:00,700,2022-09-05T00:00:00,0,2009-04-13T00:00:00,123,pdsi_very_wet_in_harvesting
13,bsr,True,2022-09-12T00:00:00,701,2022-09-12T00:00:00,700,2022-09-12T00:00:00,700,2022-09-05T00:00:00,0,2009-04-13T00:00:00,123,pdsi_extreme_wet_in_planting
13,bsr,True,2022-09-12T00:00:00,701,2022-09-12T00:00:00,700,2022-09-12T00:00:00,700,2022-09-05T00:00:00,0,2009-04-13T00:00:00,123,pdsi_extreme_drought_in_harvesting
13,bsr,True,2022-10-10T00:00:00,705,2022-10-10T00:00:00,704,2022-10-10T00:00:00,704,2022-10-03T00:00:00,0,2009-04-13T00:00:00,124,wheat_weekly_rv
13,bsr,True,2022-10-10T00:00:00,705,2022-10-10T00:00:00,704,2022-10-10T00:00:00,704,2022-10-03T00:00:00,0,2009-04-13T00:00:00,124,wheat_monthly_rv
13,bsr,True,2022-10-10T00:00:00,705,2022-10-10T00:00:00,704,2022-10-10T00:00:00,704,2022-10-03T00:00:00,0,2009-04-13T00:00:00,124,wheat_seasonal_rv
13,bsr,True,2022-10-10T00:00:00,705,2022-10-10T00:00:00,704,2022-10-10T00:00:00,704,2022-10-03T00:00:00,0,2009-04-13T00:00:00,124,ssta_lanina
13,bsr,True,2022-10-10T00:00:00,705,2022-10-10T00:00:00,704,2022-10-10T00:00:00,704,2022-10-03T00:00:00,0,2009-04-13T00:00:00,124,SOI_index
13,bsr,True,2022-10-10T00:00:00,705,2022-10-10T00:00:00,704,2022-10-10T00:00:00,704,2022-10-03T00:00:00,0,2009-04-13T00:00:00,124,tmax_hot_in_planting
13,bsr,True,2022-10-10T00:00:00,705,2022-10-10T00:00:00,704,2022-10-10T00:00:00,704,2022-10-03T00:00:00,0,2009-04-13T00:00:00,124,tmax_very_hot_in_planting
13,bsr,True,2022-10-10T00:00:00,705,2022-10-10T00:00:00,704,2022-10-10T00:00:00,704,2022-10-03T00:00:00,0,2009-04-13T00:00:00,124,tmin_very_cold_in_planting
13,bsr,True,2022-10-10T00:00:00,705,2022-10-10T00:00:00,704,2022-10-10T00:00:00,704,2022-10-03T00:00:00,0,2009-04-13T00:00:00,124,tmin_very_cold_in_harvesting
13,bsr,True,2022-10-10T00:00:00,705,2022-10-10T00:00:00,704,2022-10-10T00:00:00,704,2022-10-03T00:00:00,0,2009-04-13T00:00:00,124,spi_7d_extreme_dry_in_planting
13,bsr,True,2022-10-10T00:00:00,705,2022-10-10T00:00:00,704,2022-10-10T00:00:00,704,2022-10-03T00:00:00,0,2009-04-13T00:00:00,124,pdsi_very_wet_in_harvesting
13,bsr,True,2022-10-10T00:00:00,705,2022-10-10T00:00:00,704,2022-10-10T00:00:00,704,2022-10-03T00:00:00,0,2009-04-13T00:00:00,124,pdsi_extreme_wet_in_planting
13,bsr,True,2022-10-10T00:00:00,705,2022-10-10T00:00:00,704,2022-10-10T00:00:00,704,2022-10-03T00:00:00,0,2009-04-13T00:00:00,124,pdsi_extreme_drought_in_harvesting
13,bsr,True,2022-11-07T00:00:00,709,2022-11-07T00:00:00,708,2022-11-07T00:00:00,708,2022-10-31T00:00:00,0,2009-04-13T00:00:00,125,wheat_weekly_rv
13,bsr,True,2022-11-07T00:00:00,709,2022-11-07T00:00:00,708,2022-11-07T00:00:00,708,2022-10-31T00:00:00,0,2009-04-13T00:00:00,125,wheat_monthly_rv
13,bsr,True,2022-11-07T00:00:00,709,2022-11-07T00:00:00,708,2022-11-07T00:00:00,708,2022-10-31T00:00:00,0,2009-04-13T00:00:00,125,wheat_seasonal_rv
13,bsr,True,2022-11-07T00:00:00,709,2022-11-07T00:00:00,708,2022-11-07T00:00:00,708,2022-10-31T00:00:00,0,2009-04-13T00:00:00,125,ssta_lanina
13,bsr,True,2022-11-07T00:00:00,709,2022-11-07T00:00:00,708,2022-11-07T00:00:00,708,2022-10-31T00:00:00,0,2009-04-13T00:00:00,125,SOI_index
13,bsr,True,2022-11-07T00:00:00,709,2022-11-07T00:00:00,708,2022-11-07T00:00:00,708,2022-10-31T00:00:00,0,2009-04-13T00:00:00,125,tmax_hot_in_planting
13,bsr,True,2022-11-07T00:00:00,709,2022-11-07T00:00:00,708,2022-11-07T00:00:00,708,2022-10-31T00:00:00,0,2009-04-13T00:00:00,125,tmax_very_hot_in_planting
13,bsr,True,2022-11-07T00:00:00,709,2022-11-07T00:00:00,708,2022-11-07T00:00:00,708,2022-10-31T00:00:00,0,2009-04-13T00:00:00,125,tmin_very_cold_in_planting
13,bsr,True,2022-11-07T00:00:00,709,2022-11-07T00:00:00,708,2022-11-07T00:00:00,708,2022-10-31T00:00:00,0,2009-04-13T00:00:00,125,tmin_very_cold_in_harvesting
13,bsr,True,2022-11-07T00:00:00,709,2022-11-07T00:00:00,708,2022-11-07T00:00:00,708,2022-10-31T00:00:00,0,2009-04-13T00:00:00,125,spi_7d_extreme_dry_in_planting
13,bsr,True,2022-11-07T00:00:00,709,2022-11-07T00:00:00,708,2022-11-07T00:00:00,708,2022-10-31T00:00:00,0,2009-04-13T00:00:00,125,pdsi_very_wet_in_harvesting
13,bsr,True,2022-11-07T00:00:00,709,2022-11-07T00:00:00,708,2022-11-07T00:00:00,708,2022-10-31T00:00:00,0,2009-04-13T00:00:00,125,pdsi_extreme_wet_in_planting
13,bsr,True,2022-11-07T00:00:00,709,2022-11-07T00:00:00,708,2022-11-07T00:00:00,708,2022-10-31T00:00:00,0,2009-04-13T00:00:00,125,pdsi_extreme_drought_in_harvesting
13,bsr,True,2022-12-05T00:00:00,713,2022-12-05T00:00:00,712,2022-12-05T00:00:00,712,2022-11-28T00:00:00,0,2009-04-13T00:00:00,126,wheat_weekly_rv
13,bsr,True,2022-12-05T00:00:00,713,2022-12-05T00:00:00,712,2022-12-05T00:00:00,712,2022-11-28T00:00:00,0,2009-04-13T00:00:00,126,wheat_monthly_rv
13,bsr,True,2022-12-05T00:00:00,713,2022-12-05T00:00:00,712,2022-12-05T00:00:00,712,2022-11-28T00:00:00,0,2009-04-13T00:00:00,126,wheat_seasonal_rv
13,bsr,True,2022-12-05T00:00:00,713,2022-12-05T00:00:00,712,2022-12-05T00:00:00,712,2022-11-28T00:00:00,0,2009-04-13T00:00:00,126,ssta_lanina
13,bsr,True,2022-12-05T00:00:00,713,2022-12-05T00:00:00,712,2022-12-05T00:00:00,712,2022-11-28T00:00:00,0,2009-04-13T00:00:00,126,SOI_index
13,bsr,True,2022-12-05T00:00:00,713,2022-12-05T00:00:00,712,2022-12-05T00:00:00,712,2022-11-28T00:00:00,0,2009-04-13T00:00:00,126,tmax_hot_in_planting
13,bsr,True,2022-12-05T00:00:00,713,2022-12-05T00:00:00,712,2022-12-05T00:00:00,712,2022-11-28T00:00:00,0,2009-04-13T00:00:00,126,tmax_very_hot_in_planting
13,bsr,True,2022-12-05T00:00:00,713,2022-12-05T00:00:00,712,2022-12-05T00:00:00,712,2022-11-28T00:00:00,0,2009-04-13T00:00:00,126,tmin_very_cold_in_planting
13,bsr,True,2022-12-05T00:00:00,713,2022-12-05T00:00:00,712,2022-12-05T00:00:00,712,2022-11-28T00:00:00,0,2009-04-13T00:00:00,126,tmin_very_cold_in_harvesting
13,bsr,True,2022-12-05T00:00:00,713,2022-12-05T00:00:00,712,2022-12-05T00:00:00,712,2022-11-28T00:00:00,0,2009-04-13T00:00:00,126,spi_7d_extreme_dry_in_planting
13,bsr,True,2022-12-05T00:00:00,713,2022-12-05T00:00:00,712,2022-12-05T00:00:00,712,2022-11-28T00:00:00,0,2009-04-13T00:00:00,126,pdsi_very_wet_in_harvesting
13,bsr,True,2022-12-05T00:00:00,713,2022-12-05T00:00:00,712,2022-12-05T00:00:00,712,2022-11-28T00:00:00,0,2009-04-13T00:00:00,126,pdsi_extreme_wet_in_planting
13,bsr,True,2022-12-05T00:00:00,713,2022-12-05T00:00:00,712,2022-12-05T00:00:00,712,2022-11-28T00:00:00,0,2009-04-13T00:00:00,126,pdsi_extreme_drought_in_harvesting
13,bsr,True,2023-01-02T00:00:00,717,2023-01-02T00:00:00,716,2023-01-02T00:00:00,716,2022-12-26T00:00:00,0,2009-04-13T00:00:00,127,wheat_weekly_rv
13,bsr,True,2023-01-02T00:00:00,717,2023-01-02T00:00:00,716,2023-01-02T00:00:00,716,2022-12-26T00:00:00,0,2009-04-13T00:00:00,127,wheat_monthly_rv
13,bsr,True,2023-01-02T00:00:00,717,2023-01-02T00:00:00,716,2023-01-02T00:00:00,716,2022-12-26T00:00:00,0,2009-04-13T00:00:00,127,wheat_seasonal_rv
13,bsr,True,2023-01-02T00:00:00,717,2023-01-02T00:00:00,716,2023-01-02T00:00:00,716,2022-12-26T00:00:00,0,2009-04-13T00:00:00,127,ssta_lanina
13,bsr,True,2023-01-02T00:00:00,717,2023-01-02T00:00:00,716,2023-01-02T00:00:00,716,2022-12-26T00:00:00,0,2009-04-13T00:00:00,127,SOI_index
13,bsr,True,2023-01-02T00:00:00,717,2023-01-02T00:00:00,716,2023-01-02T00:00:00,716,2022-12-26T00:00:00,0,2009-04-13T00:00:00,127,tmax_hot_in_planting
13,bsr,True,2023-01-02T00:00:00,717,2023-01-02T00:00:00,716,2023-01-02T00:00:00,716,2022-12-26T00:00:00,0,2009-04-13T00:00:00,127,tmax_very_hot_in_planting
13,bsr,True,2023-01-02T00:00:00,717,2023-01-02T00:00:00,716,2023-01-02T00:00:00,716,2022-12-26T00:00:00,0,2009-04-13T00:00:00,127,tmin_very_cold_in_planting
13,bsr,True,2023-01-02T00:00:00,717,2023-01-02T00:00:00,716,2023-01-02T00:00:00,716,2022-12-26T00:00:00,0,2009-04-13T00:00:00,127,tmin_very_cold_in_harvesting
13,bsr,True,2023-01-02T00:00:00,717,2023-01-02T00:00:00,716,2023-01-02T00:00:00,716,2022-12-26T00:00:00,0,2009-04-13T00:00:00,127,spi_7d_extreme_dry_in_planting
13,bsr,True,2023-01-02T00:00:00,717,2023-01-02T00:00:00,716,2023-01-02T00:00:00,716,2022-12-26T00:00:00,0,2009-04-13T00:00:00,127,pdsi_very_wet_in_harvesting
13,bsr,True,2023-01-02T00:00:00,717,2023-01-02T00:00:00,716,2023-01-02T00:00:00,716,2022-12-26T00:00:00,0,2009-04-13T00:00:00,127,pdsi_extreme_wet_in_planting
13,bsr,True,2023-01-02T00:00:00,717,2023-01-02T00:00:00,716,2023-01-02T00:00:00,716,2022-12-26T00:00:00,0,2009-04-13T00:00:00,127,pdsi_extreme_drought_in_harvesting
12,bsr,False,2023-01-30T00:00:00,721,2023-01-30T00:00:00,720,2023-01-30T00:00:00,720,2023-01-23T00:00:00,0,2009-04-13T00:00:00,128,wheat_weekly_rv
12,bsr,False,2023-01-30T00:00:00,721,2023-01-30T00:00:00,720,2023-01-30T00:00:00,720,2023-01-23T00:00:00,0,2009-04-13T00:00:00,128,wheat_monthly_rv
12,bsr,False,2023-01-30T00:00:00,721,2023-01-30T00:00:00,720,2023-01-30T00:00:00,720,2023-01-23T00:00:00,0,2009-04-13T00:00:00,128,wheat_seasonal_rv
12,bsr,False,2023-01-30T00:00:00,721,2023-01-30T00:00:00,720,2023-01-30T00:00:00,720,2023-01-23T00:00:00,0,2009-04-13T00:00:00,128,soybeans_weekly_rv
12,bsr,False,2023-01-30T00:00:00,721,2023-01-30T00:00:00,720,2023-01-30T00:00:00,720,2023-01-23T00:00:00,0,2009-04-13T00:00:00,128,ssta_lanina
12,bsr,False,2023-01-30T00:00:00,721,2023-01-30T00:00:00,720,2023-01-30T00:00:00,720,2023-01-23T00:00:00,0,2009-04-13T00:00:00,128,SOI_index
12,bsr,False,2023-01-30T00:00:00,721,2023-01-30T00:00:00,720,2023-01-30T00:00:00,720,2023-01-23T00:00:00,0,2009-04-13T00:00:00,128,tmax_very_hot_in_planting
12,bsr,False,2023-01-30T00:00:00,721,2023-01-30T00:00:00,720,2023-01-30T00:00:00,720,2023-01-23T00:00:00,0,2009-04-13T00:00:00,128,tmin_very_cold_in_planting
12,bsr,False,2023-01-30T00:00:00,721,2023-01-30T00:00:00,720,2023-01-30T00:00:00,720,2023-01-23T00:00:00,0,2009-04-13T00:00:00,128,spi_7d_very_dry_in_harvesting
12,bsr,False,2023-01-30T00:00:00,721,2023-01-30T00:00:00,720,2023-01-30T00:00:00,720,2023-01-23T00:00:00,0,2009-04-13T00:00:00,128,spi_7d_extreme_dry_in_planting
12,bsr,False,2023-01-30T00:00:00,721,2023-01-30T00:00:00,720,2023-01-30T00:00:00,720,2023-01-23T00:00:00,0,2009-04-13T00:00:00,128,pdsi_very_wet_in_harvesting
12,bsr,False,2023-01-30T00:00:00,721,2023-01-30T00:00:00,720,2023-01-30T00:00:00,720,2023-01-23T00:00:00,0,2009-04-13T00:00:00,128,pdsi_extreme_wet_in_planting
12,bsr,True,2023-02-27T00:00:00,725,2023-02-27T00:00:00,724,2023-02-27T00:00:00,724,2023-02-20T00:00:00,0,2009-04-13T00:00:00,129,wheat_weekly_rv
12,bsr,True,2023-02-27T00:00:00,725,2023-02-27T00:00:00,724,2023-02-27T00:00:00,724,2023-02-20T00:00:00,0,2009-04-13T00:00:00,129,wheat_monthly_rv
12,bsr,True,2023-02-27T00:00:00,725,2023-02-27T00:00:00,724,2023-02-27T00:00:00,724,2023-02-20T00:00:00,0,2009-04-13T00:00:00,129,wheat_seasonal_rv
12,bsr,True,2023-02-27T00:00:00,725,2023-02-27T00:00:00,724,2023-02-27T00:00:00,724,2023-02-20T00:00:00,0,2009-04-13T00:00:00,129,soybeans_weekly_rv
12,bsr,True,2023-02-27T00:00:00,725,2023-02-27T00:00:00,724,2023-02-27T00:00:00,724,2023-02-20T00:00:00,0,2009-04-13T00:00:00,129,ssta_lanina
12,bsr,True,2023-02-27T00:00:00,725,2023-02-27T00:00:00,724,2023-02-27T00:00:00,724,2023-02-20T00:00:00,0,2009-04-13T00:00:00,129,SOI_index
12,bsr,True,2023-02-27T00:00:00,725,2023-02-27T00:00:00,724,2023-02-27T00:00:00,724,2023-02-20T00:00:00,0,2009-04-13T00:00:00,129,tmax_very_hot_in_planting
12,bsr,True,2023-02-27T00:00:00,725,2023-02-27T00:00:00,724,2023-02-27T00:00:00,724,2023-02-20T00:00:00,0,2009-04-13T00:00:00,129,tmin_very_cold_in_planting
12,bsr,True,2023-02-27T00:00:00,725,2023-02-27T00:00:00,724,2023-02-27T00:00:00,724,2023-02-20T00:00:00,0,2009-04-13T00:00:00,129,spi_7d_very_dry_in_harvesting
12,bsr,True,2023-02-27T00:00:00,725,2023-02-27T00:00:00,724,2023-02-27T00:00:00,724,2023-02-20T00:00:00,0,2009-04-13T00:00:00,129,spi_7d_extreme_dry_in_planting
12,bsr,True,2023-02-27T00:00:00,725,2023-02-27T00:00:00,724,2023-02-27T00:00:00,724,2023-02-20T00:00:00,0,2009-04-13T00:00:00,129,pdsi_very_wet_in_harvesting
12,bsr,True,2023-02-27T00:00:00,725,2023-02-27T00:00:00,724,2023-02-27T00:00:00,724,2023-02-20T00:00:00,0,2009-04-13T00:00:00,129,pdsi_extreme_wet_in_planting
12,bsr,True,2023-03-27T00:00:00,729,2023-03-27T00:00:00,728,2023-03-27T00:00:00,728,2023-03-20T00:00:00,0,2009-04-13T00:00:00,130,wheat_weekly_rv
12,bsr,True,2023-03-27T00:00:00,729,2023-03-27T00:00:00,728,2023-03-27T00:00:00,728,2023-03-20T00:00:00,0,2009-04-13T00:00:00,130,wheat_monthly_rv
12,bsr,True,2023-03-27T00:00:00,729,2023-03-27T00:00:00,728,2023-03-27T00:00:00,728,2023-03-20T00:00:00,0,2009-04-13T00:00:00,130,wheat_seasonal_rv
12,bsr,True,2023-03-27T00:00:00,729,2023-03-27T00:00:00,728,2023-03-27T00:00:00,728,2023-03-20T00:00:00,0,2009-04-13T00:00:00,130,soybeans_weekly_rv
12,bsr,True,2023-03-27T00:00:00,729,2023-03-27T00:00:00,728,2023-03-27T00:00:00,728,2023-03-20T00:00:00,0,2009-04-13T00:00:00,130,ssta_lanina
12,bsr,True,2023-03-27T00:00:00,729,2023-03-27T00:00:00,728,2023-03-27T00:00:00,728,2023-03-20T00:00:00,0,2009-04-13T00:00:00,130,SOI_index
12,bsr,True,2023-03-27T00:00:00,729,2023-03-27T00:00:00,728,2023-03-27T00:00:00,728,2023-03-20T00:00:00,0,2009-04-13T00:00:00,130,tmax_very_hot_in_planting
12,bsr,True,2023-03-27T00:00:00,729,2023-03-27T00:00:00,728,2023-03-27T00:00:00,728,2023-03-20T00:00:00,0,2009-04-13T00:00:00,130,tmin_very_cold_in_planting
12,bsr,True,2023-03-27T00:00:00,729,2023-03-27T00:00:00,728,2023-03-27T00:00:00,728,2023-03-20T00:00:00,0,2009-04-13T00:00:00,130,spi_7d_very_dry_in_harvesting
12,bsr,True,2023-03-27T00:00:00,729,2023-03-27T00:00:00,728,2023-03-27T00:00:00,728,2023-03-20T00:00:00,0,2009-04-13T00:00:00,130,spi_7d_extreme_dry_in_planting
12,bsr,True,2023-03-27T00:00:00,729,2023-03-27T00:00:00,728,2023-03-27T00:00:00,728,2023-03-20T00:00:00,0,2009-04-13T00:00:00,130,pdsi_very_wet_in_harvesting
12,bsr,True,2023-03-27T00:00:00,729,2023-03-27T00:00:00,728,2023-03-27T00:00:00,728,2023-03-20T00:00:00,0,2009-04-13T00:00:00,130,pdsi_extreme_wet_in_planting
12,bsr,True,2023-04-24T00:00:00,733,2023-04-24T00:00:00,732,2023-04-24T00:00:00,732,2023-04-17T00:00:00,0,2009-04-13T00:00:00,131,wheat_weekly_rv
12,bsr,True,2023-04-24T00:00:00,733,2023-04-24T00:00:00,732,2023-04-24T00:00:00,732,2023-04-17T00:00:00,0,2009-04-13T00:00:00,131,wheat_monthly_rv
12,bsr,True,2023-04-24T00:00:00,733,2023-04-24T00:00:00,732,2023-04-24T00:00:00,732,2023-04-17T00:00:00,0,2009-04-13T00:00:00,131,wheat_seasonal_rv
12,bsr,True,2023-04-24T00:00:00,733,2023-04-24T00:00:00,732,2023-04-24T00:00:00,732,2023-04-17T00:00:00,0,2009-04-13T00:00:00,131,soybeans_weekly_rv
12,bsr,True,2023-04-24T00:00:00,733,2023-04-24T00:00:00,732,2023-04-24T00:00:00,732,2023-04-17T00:00:00,0,2009-04-13T00:00:00,131,ssta_lanina
12,bsr,True,2023-04-24T00:00:00,733,2023-04-24T00:00:00,732,2023-04-24T00:00:00,732,2023-04-17T00:00:00,0,2009-04-13T00:00:00,131,SOI_index
12,bsr,True,2023-04-24T00:00:00,733,2023-04-24T00:00:00,732,2023-04-24T00:00:00,732,2023-04-17T00:00:00,0,2009-04-13T00:00:00,131,tmax_very_hot_in_planting
12,bsr,True,2023-04-24T00:00:00,733,2023-04-24T00:00:00,732,2023-04-24T00:00:00,732,2023-04-17T00:00:00,0,2009-04-13T00:00:00,131,tmin_very_cold_in_planting
12,bsr,True,2023-04-24T00:00:00,733,2023-04-24T00:00:00,732,2023-04-24T00:00:00,732,2023-04-17T00:00:00,0,2009-04-13T00:00:00,131,spi_7d_very_dry_in_harvesting
12,bsr,True,2023-04-24T00:00:00,733,2023-04-24T00:00:00,732,2023-04-24T00:00:00,732,2023-04-17T00:00:00,0,2009-04-13T00:00:00,131,spi_7d_extreme_dry_in_planting
12,bsr,True,2023-04-24T00:00:00,733,2023-04-24T00:00:00,732,2023-04-24T00:00:00,732,2023-04-17T00:00:00,0,2009-04-13T00:00:00,131,pdsi_very_wet_in_harvesting
12,bsr,True,2023-04-24T00:00:00,733,2023-04-24T00:00:00,732,2023-04-24T00:00:00,732,2023-04-17T00:00:00,0,2009-04-13T00:00:00,131,pdsi_extreme_wet_in_planting
12,bsr,True,2023-05-22T00:00:00,737,2023-05-22T00:00:00,736,2023-05-22T00:00:00,736,2023-05-15T00:00:00,0,2009-04-13T00:00:00,132,wheat_weekly_rv
12,bsr,True,2023-05-22T00:00:00,737,2023-05-22T00:00:00,736,2023-05-22T00:00:00,736,2023-05-15T00:00:00,0,2009-04-13T00:00:00,132,wheat_monthly_rv
12,bsr,True,2023-05-22T00:00:00,737,2023-05-22T00:00:00,736,2023-05-22T00:00:00,736,2023-05-15T00:00:00,0,2009-04-13T00:00:00,132,wheat_seasonal_rv
12,bsr,True,2023-05-22T00:00:00,737,2023-05-22T00:00:00,736,2023-05-22T00:00:00,736,2023-05-15T00:00:00,0,2009-04-13T00:00:00,132,soybeans_weekly_rv
12,bsr,True,2023-05-22T00:00:00,737,2023-05-22T00:00:00,736,2023-05-22T00:00:00,736,2023-05-15T00:00:00,0,2009-04-13T00:00:00,132,ssta_lanina
12,bsr,True,2023-05-22T00:00:00,737,2023-05-22T00:00:00,736,2023-05-22T00:00:00,736,2023-05-15T00:00:00,0,2009-04-13T00:00:00,132,SOI_index
12,bsr,True,2023-05-22T00:00:00,737,2023-05-22T00:00:00,736,2023-05-22T00:00:00,736,2023-05-15T00:00:00,0,2009-04-13T00:00:00,132,tmax_very_hot_in_planting
12,bsr,True,2023-05-22T00:00:00,737,2023-05-22T00:00:00,736,2023-05-22T00:00:00,736,2023-05-15T00:00:00,0,2009-04-13T00:00:00,132,tmin_very_cold_in_planting
12,bsr,True,2023-05-22T00:00:00,737,2023-05-22T00:00:00,736,2023-05-22T00:00:00,736,2023-05-15T00:00:00,0,2009-04-13T00:00:00,132,spi_7d_very_dry_in_harvesting
12,bsr,True,2023-05-22T00:00:00,737,2023-05-22T00:00:00,736,2023-05-22T00:00:00,736,2023-05-15T00:00:00,0,2009-04-13T00:00:00,132,spi_7d_extreme_dry_in_planting
12,bsr,True,2023-05-22T00:00:00,737,2023-05-22T00:00:00,736,2023-05-22T00:00:00,736,2023-05-15T00:00:00,0,2009-04-13T00:00:00,132,pdsi_very_wet_in_harvesting
12,bsr,True,2023-05-22T00:00:00,737,2023-05-22T00:00:00,736,2023-05-22T00:00:00,736,2023-05-15T00:00:00,0,2009-04-13T00:00:00,132,pdsi_extreme_wet_in_planting
12,bsr,True,2023-06-19T00:00:00,741,2023-06-19T00:00:00,740,2023-06-19T00:00:00,740,2023-06-12T00:00:00,0,2009-04-13T00:00:00,133,wheat_weekly_rv
12,bsr,True,2023-06-19T00:00:00,741,2023-06-19T00:00:00,740,2023-06-19T00:00:00,740,2023-06-12T00:00:00,0,2009-04-13T00:00:00,133,wheat_monthly_rv
12,bsr,True,2023-06-19T00:00:00,741,2023-06-19T00:00:00,740,2023-06-19T00:00:00,740,2023-06-12T00:00:00,0,2009-04-13T00:00:00,133,wheat_seasonal_rv
12,bsr,True,2023-06-19T00:00:00,741,2023-06-19T00:00:00,740,2023-06-19T00:00:00,740,2023-06-12T00:00:00,0,2009-04-13T00:00:00,133,soybeans_weekly_rv
12,bsr,True,2023-06-19T00:00:00,741,2023-06-19T00:00:00,740,2023-06-19T00:00:00,740,2023-06-12T00:00:00,0,2009-04-13T00:00:00,133,ssta_lanina
12,bsr,True,2023-06-19T00:00:00,741,2023-06-19T00:00:00,740,2023-06-19T00:00:00,740,2023-06-12T00:00:00,0,2009-04-13T00:00:00,133,SOI_index
12,bsr,True,2023-06-19T00:00:00,741,2023-06-19T00:00:00,740,2023-06-19T00:00:00,740,2023-06-12T00:00:00,0,2009-04-13T00:00:00,133,tmax_very_hot_in_planting
12,bsr,True,2023-06-19T00:00:00,741,2023-06-19T00:00:00,740,2023-06-19T00:00:00,740,2023-06-12T00:00:00,0,2009-04-13T00:00:00,133,tmin_very_cold_in_planting
12,bsr,True,2023-06-19T00:00:00,741,2023-06-19T00:00:00,740,2023-06-19T00:00:00,740,2023-06-12T00:00:00,0,2009-04-13T00:00:00,133,spi_7d_very_dry_in_harvesting
12,bsr,True,2023-06-19T00:00:00,741,2023-06-19T00:00:00,740,2023-06-19T00:00:00,740,2023-06-12T00:00:00,0,2009-04-13T00:00:00,133,spi_7d_extreme_dry_in_planting
12,bsr,True,2023-06-19T00:00:00,741,2023-06-19T00:00:00,740,2023-06-19T00:00:00,740,2023-06-12T00:00:00,0,2009-04-13T00:00:00,133,pdsi_very_wet_in_harvesting
12,bsr,True,2023-06-19T00:00:00,741,2023-06-19T00:00:00,740,2023-06-19T00:00:00,740,2023-06-12T00:00:00,0,2009-04-13T00:00:00,133,pdsi_extreme_wet_in_planting
12,bsr,True,2023-07-17T00:00:00,745,2023-07-17T00:00:00,744,2023-07-17T00:00:00,744,2023-07-10T00:00:00,0,2009-04-13T00:00:00,134,wheat_weekly_rv
12,bsr,True,2023-07-17T00:00:00,745,2023-07-17T00:00:00,744,2023-07-17T00:00:00,744,2023-07-10T00:00:00,0,2009-04-13T00:00:00,134,wheat_monthly_rv
12,bsr,True,2023-07-17T00:00:00,745,2023-07-17T00:00:00,744,2023-07-17T00:00:00,744,2023-07-10T00:00:00,0,2009-04-13T00:00:00,134,wheat_seasonal_rv
12,bsr,True,2023-07-17T00:00:00,745,2023-07-17T00:00:00,744,2023-07-17T00:00:00,744,2023-07-10T00:00:00,0,2009-04-13T00:00:00,134,soybeans_weekly_rv
12,bsr,True,2023-07-17T00:00:00,745,2023-07-17T00:00:00,744,2023-07-17T00:00:00,744,2023-07-10T00:00:00,0,2009-04-13T00:00:00,134,ssta_lanina
12,bsr,True,2023-07-17T00:00:00,745,2023-07-17T00:00:00,744,2023-07-17T00:00:00,744,2023-07-10T00:00:00,0,2009-04-13T00:00:00,134,SOI_index
12,bsr,True,2023-07-17T00:00:00,745,2023-07-17T00:00:00,744,2023-07-17T00:00:00,744,2023-07-10T00:00:00,0,2009-04-13T00:00:00,134,tmax_very_hot_in_planting
12,bsr,True,2023-07-17T00:00:00,745,2023-07-17T00:00:00,744,2023-07-17T00:00:00,744,2023-07-10T00:00:00,0,2009-04-13T00:00:00,134,tmin_very_cold_in_planting
12,bsr,True,2023-07-17T00:00:00,745,2023-07-17T00:00:00,744,2023-07-17T00:00:00,744,2023-07-10T00:00:00,0,2009-04-13T00:00:00,134,spi_7d_very_dry_in_harvesting
12,bsr,True,2023-07-17T00:00:00,745,2023-07-17T00:00:00,744,2023-07-17T00:00:00,744,2023-07-10T00:00:00,0,2009-04-13T00:00:00,134,spi_7d_extreme_dry_in_planting
12,bsr,True,2023-07-17T00:00:00,745,2023-07-17T00:00:00,744,2023-07-17T00:00:00,744,2023-07-10T00:00:00,0,2009-04-13T00:00:00,134,pdsi_very_wet_in_harvesting
12,bsr,True,2023-07-17T00:00:00,745,2023-07-17T00:00:00,744,2023-07-17T00:00:00,744,2023-07-10T00:00:00,0,2009-04-13T00:00:00,134,pdsi_extreme_wet_in_planting
12,bsr,True,2023-08-14T00:00:00,749,2023-08-14T00:00:00,748,2023-08-14T00:00:00,748,2023-08-07T00:00:00,0,2009-04-13T00:00:00,135,wheat_weekly_rv
12,bsr,True,2023-08-14T00:00:00,749,2023-08-14T00:00:00,748,2023-08-14T00:00:00,748,2023-08-07T00:00:00,0,2009-04-13T00:00:00,135,wheat_monthly_rv
12,bsr,True,2023-08-14T00:00:00,749,2023-08-14T00:00:00,748,2023-08-14T00:00:00,748,2023-08-07T00:00:00,0,2009-04-13T00:00:00,135,wheat_seasonal_rv
12,bsr,True,2023-08-14T00:00:00,749,2023-08-14T00:00:00,748,2023-08-14T00:00:00,748,2023-08-07T00:00:00,0,2009-04-13T00:00:00,135,soybeans_weekly_rv
12,bsr,True,2023-08-14T00:00:00,749,2023-08-14T00:00:00,748,2023-08-14T00:00:00,748,2023-08-07T00:00:00,0,2009-04-13T00:00:00,135,ssta_lanina
12,bsr,True,2023-08-14T00:00:00,749,2023-08-14T00:00:00,748,2023-08-14T00:00:00,748,2023-08-07T00:00:00,0,2009-04-13T00:00:00,135,SOI_index
12,bsr,True,2023-08-14T00:00:00,749,2023-08-14T00:00:00,748,2023-08-14T00:00:00,748,2023-08-07T00:00:00,0,2009-04-13T00:00:00,135,tmax_very_hot_in_planting
12,bsr,True,2023-08-14T00:00:00,749,2023-08-14T00:00:00,748,2023-08-14T00:00:00,748,2023-08-07T00:00:00,0,2009-04-13T00:00:00,135,tmin_very_cold_in_planting
12,bsr,True,2023-08-14T00:00:00,749,2023-08-14T00:00:00,748,2023-08-14T00:00:00,748,2023-08-07T00:00:00,0,2009-04-13T00:00:00,135,spi_7d_very_dry_in_harvesting
12,bsr,True,2023-08-14T00:00:00,749,2023-08-14T00:00:00,748,2023-08-14T00:00:00,748,2023-08-07T00:00:00,0,2009-04-13T00:00:00,135,spi_7d_extreme_dry_in_planting
12,bsr,True,2023-08-14T00:00:00,749,2023-08-14T00:00:00,748,2023-08-14T00:00:00,748,2023-08-07T00:00:00,0,2009-04-13T00:00:00,135,pdsi_very_wet_in_harvesting
12,bsr,True,2023-08-14T00:00:00,749,2023-08-14T00:00:00,748,2023-08-14T00:00:00,748,2023-08-07T00:00:00,0,2009-04-13T00:00:00,135,pdsi_extreme_wet_in_planting
13,bsr,False,2023-09-11T00:00:00,753,2023-09-11T00:00:00,752,2023-09-11T00:00:00,752,2023-09-04T00:00:00,0,2009-04-13T00:00:00,136,wheat_weekly_rv
13,bsr,False,2023-09-11T00:00:00,753,2023-09-11T00:00:00,752,2023-09-11T00:00:00,752,2023-09-04T00:00:00,0,2009-04-13T00:00:00,136,wheat_monthly_rv
13,bsr,False,2023-09-11T00:00:00,753,2023-09-11T00:00:00,752,2023-09-11T00:00:00,752,2023-09-04T00:00:00,0,2009-04-13T00:00:00,136,wheat_seasonal_rv
13,bsr,False,2023-09-11T00:00:00,753,2023-09-11T00:00:00,752,2023-09-11T00:00:00,752,2023-09-04T00:00:00,0,2009-04-13T00:00:00,136,soybeans_weekly_rv
13,bsr,False,2023-09-11T00:00:00,753,2023-09-11T00:00:00,752,2023-09-11T00:00:00,752,2023-09-04T00:00:00,0,2009-04-13T00:00:00,136,ssta_lanina
13,bsr,False,2023-09-11T00:00:00,753,2023-09-11T00:00:00,752,2023-09-11T00:00:00,752,2023-09-04T00:00:00,0,2009-04-13T00:00:00,136,SOI_index
13,bsr,False,2023-09-11T00:00:00,753,2023-09-11T00:00:00,752,2023-09-11T00:00:00,752,2023-09-04T00:00:00,0,2009-04-13T00:00:00,136,tmax_very_hot_in_planting
13,bsr,False,2023-09-11T00:00:00,753,2023-09-11T00:00:00,752,2023-09-11T00:00:00,752,2023-09-04T00:00:00,0,2009-04-13T00:00:00,136,tmin_very_cold_in_planting
13,bsr,False,2023-09-11T00:00:00,753,2023-09-11T00:00:00,752,2023-09-11T00:00:00,752,2023-09-04T00:00:00,0,2009-04-13T00:00:00,136,spi_7d_very_dry_in_harvesting
13,bsr,False,2023-09-11T00:00:00,753,2023-09-11T00:00:00,752,2023-09-11T00:00:00,752,2023-09-04T00:00:00,0,2009-04-13T00:00:00,136,spi_7d_extreme_dry_in_planting
13,bsr,False,2023-09-11T00:00:00,753,2023-09-11T00:00:00,752,2023-09-11T00:00:00,752,2023-09-04T00:00:00,0,2009-04-13T00:00:00,136,pdsi_very_wet_in_harvesting
13,bsr,False,2023-09-11T00:00:00,753,2023-09-11T00:00:00,752,2023-09-11T00:00:00,752,2023-09-04T00:00:00,0,2009-04-13T00:00:00,136,pdsi_extreme_wet_in_planting
13,bsr,False,2023-09-11T00:00:00,753,2023-09-11T00:00:00,752,2023-09-11T00:00:00,752,2023-09-04T00:00:00,0,2009-04-13T00:00:00,136,pdsi_severe_drought_in_planting
13,bsr,True,2023-10-09T00:00:00,757,2023-10-09T00:00:00,756,2023-10-09T00:00:00,756,2023-10-02T00:00:00,0,2009-04-13T00:00:00,137,wheat_weekly_rv
13,bsr,True,2023-10-09T00:00:00,757,2023-10-09T00:00:00,756,2023-10-09T00:00:00,756,2023-10-02T00:00:00,0,2009-04-13T00:00:00,137,wheat_monthly_rv
13,bsr,True,2023-10-09T00:00:00,757,2023-10-09T00:00:00,756,2023-10-09T00:00:00,756,2023-10-02T00:00:00,0,2009-04-13T00:00:00,137,wheat_seasonal_rv
13,bsr,True,2023-10-09T00:00:00,757,2023-10-09T00:00:00,756,2023-10-09T00:00:00,756,2023-10-02T00:00:00,0,2009-04-13T00:00:00,137,soybeans_weekly_rv
13,bsr,True,2023-10-09T00:00:00,757,2023-10-09T00:00:00,756,2023-10-09T00:00:00,756,2023-10-02T00:00:00,0,2009-04-13T00:00:00,137,ssta_lanina
13,bsr,True,2023-10-09T00:00:00,757,2023-10-09T00:00:00,756,2023-10-09T00:00:00,756,2023-10-02T00:00:00,0,2009-04-13T00:00:00,137,SOI_index
13,bsr,True,2023-10-09T00:00:00,757,2023-10-09T00:00:00,756,2023-10-09T00:00:00,756,2023-10-02T00:00:00,0,2009-04-13T00:00:00,137,tmax_very_hot_in_planting
13,bsr,True,2023-10-09T00:00:00,757,2023-10-09T00:00:00,756,2023-10-09T00:00:00,756,2023-10-02T00:00:00,0,2009-04-13T00:00:00,137,tmin_very_cold_in_planting
13,bsr,True,2023-10-09T00:00:00,757,2023-10-09T00:00:00,756,2023-10-09T00:00:00,756,2023-10-02T00:00:00,0,2009-04-13T00:00:00,137,spi_7d_very_dry_in_harvesting
13,bsr,True,2023-10-09T00:00:00,757,2023-10-09T00:00:00,756,2023-10-09T00:00:00,756,2023-10-02T00:00:00,0,2009-04-13T00:00:00,137,spi_7d_extreme_dry_in_planting
13,bsr,True,2023-10-09T00:00:00,757,2023-10-09T00:00:00,756,2023-10-09T00:00:00,756,2023-10-02T00:00:00,0,2009-04-13T00:00:00,137,pdsi_very_wet_in_harvesting
13,bsr,True,2023-10-09T00:00:00,757,2023-10-09T00:00:00,756,2023-10-09T00:00:00,756,2023-10-02T00:00:00,0,2009-04-13T00:00:00,137,pdsi_extreme_wet_in_planting
13,bsr,True,2023-10-09T00:00:00,757,2023-10-09T00:00:00,756,2023-10-09T00:00:00,756,2023-10-02T00:00:00,0,2009-04-13T00:00:00,137,pdsi_severe_drought_in_planting
13,bsr,True,2023-11-06T00:00:00,761,2023-11-06T00:00:00,760,2023-11-06T00:00:00,760,2023-10-30T00:00:00,0,2009-04-13T00:00:00,138,wheat_weekly_rv
13,bsr,True,2023-11-06T00:00:00,761,2023-11-06T00:00:00,760,2023-11-06T00:00:00,760,2023-10-30T00:00:00,0,2009-04-13T00:00:00,138,wheat_monthly_rv
13,bsr,True,2023-11-06T00:00:00,761,2023-11-06T00:00:00,760,2023-11-06T00:00:00,760,2023-10-30T00:00:00,0,2009-04-13T00:00:00,138,wheat_seasonal_rv
13,bsr,True,2023-11-06T00:00:00,761,2023-11-06T00:00:00,760,2023-11-06T00:00:00,760,2023-10-30T00:00:00,0,2009-04-13T00:00:00,138,soybeans_weekly_rv
13,bsr,True,2023-11-06T00:00:00,761,2023-11-06T00:00:00,760,2023-11-06T00:00:00,760,2023-10-30T00:00:00,0,2009-04-13T00:00:00,138,ssta_lanina
13,bsr,True,2023-11-06T00:00:00,761,2023-11-06T00:00:00,760,2023-11-06T00:00:00,760,2023-10-30T00:00:00,0,2009-04-13T00:00:00,138,SOI_index
13,bsr,True,2023-11-06T00:00:00,761,2023-11-06T00:00:00,760,2023-11-06T00:00:00,760,2023-10-30T00:00:00,0,2009-04-13T00:00:00,138,tmax_very_hot_in_planting
13,bsr,True,2023-11-06T00:00:00,761,2023-11-06T00:00:00,760,2023-11-06T00:00:00,760,2023-10-30T00:00:00,0,2009-04-13T00:00:00,138,tmin_very_cold_in_planting
13,bsr,True,2023-11-06T00:00:00,761,2023-11-06T00:00:00,760,2023-11-06T00:00:00,760,2023-10-30T00:00:00,0,2009-04-13T00:00:00,138,spi_7d_very_dry_in_harvesting
13,bsr,True,2023-11-06T00:00:00,761,2023-11-06T00:00:00,760,2023-11-06T00:00:00,760,2023-10-30T00:00:00,0,2009-04-13T00:00:00,138,spi_7d_extreme_dry_in_planting
13,bsr,True,2023-11-06T00:00:00,761,2023-11-06T00:00:00,760,2023-11-06T00:00:00,760,2023-10-30T00:00:00,0,2009-04-13T00:00:00,138,pdsi_very_wet_in_harvesting
13,bsr,True,2023-11-06T00:00:00,761,2023-11-06T00:00:00,760,2023-11-06T00:00:00,760,2023-10-30T00:00:00,0,2009-04-13T00:00:00,138,pdsi_extreme_wet_in_planting
13,bsr,True,2023-11-06T00:00:00,761,2023-11-06T00:00:00,760,2023-11-06T00:00:00,760,2023-10-30T00:00:00,0,2009-04-13T00:00:00,138,pdsi_severe_drought_in_planting
13,bsr,True,2023-12-04T00:00:00,765,2023-12-04T00:00:00,764,2023-12-04T00:00:00,764,2023-11-27T00:00:00,0,2009-04-13T00:00:00,139,wheat_weekly_rv
13,bsr,True,2023-12-04T00:00:00,765,2023-12-04T00:00:00,764,2023-12-04T00:00:00,764,2023-11-27T00:00:00,0,2009-04-13T00:00:00,139,wheat_monthly_rv
13,bsr,True,2023-12-04T00:00:00,765,2023-12-04T00:00:00,764,2023-12-04T00:00:00,764,2023-11-27T00:00:00,0,2009-04-13T00:00:00,139,wheat_seasonal_rv
13,bsr,True,2023-12-04T00:00:00,765,2023-12-04T00:00:00,764,2023-12-04T00:00:00,764,2023-11-27T00:00:00,0,2009-04-13T00:00:00,139,soybeans_weekly_rv
13,bsr,True,2023-12-04T00:00:00,765,2023-12-04T00:00:00,764,2023-12-04T00:00:00,764,2023-11-27T00:00:00,0,2009-04-13T00:00:00,139,ssta_lanina
13,bsr,True,2023-12-04T00:00:00,765,2023-12-04T00:00:00,764,2023-12-04T00:00:00,764,2023-11-27T00:00:00,0,2009-04-13T00:00:00,139,SOI_index
13,bsr,True,2023-12-04T00:00:00,765,2023-12-04T00:00:00,764,2023-12-04T00:00:00,764,2023-11-27T00:00:00,0,2009-04-13T00:00:00,139,tmax_very_hot_in_planting
13,bsr,True,2023-12-04T00:00:00,765,2023-12-04T00:00:00,764,2023-12-04T00:00:00,764,2023-11-27T00:00:00,0,2009-04-13T00:00:00,139,tmin_very_cold_in_planting
13,bsr,True,2023-12-04T00:00:00,765,2023-12-04T00:00:00,764,2023-12-04T00:00:00,764,2023-11-27T00:00:00,0,2009-04-13T00:00:00,139,spi_7d_very_dry_in_harvesting
13,bsr,True,2023-12-04T00:00:00,765,2023-12-04T00:00:00,764,2023-12-04T00:00:00,764,2023-11-27T00:00:00,0,2009-04-13T00:00:00,139,spi_7d_extreme_dry_in_planting
13,bsr,True,2023-12-04T00:00:00,765,2023-12-04T00:00:00,764,2023-12-04T00:00:00,764,2023-11-27T00:00:00,0,2009-04-13T00:00:00,139,pdsi_very_wet_in_harvesting
13,bsr,True,2023-12-04T00:00:00,765,2023-12-04T00:00:00,764,2023-12-04T00:00:00,764,2023-11-27T00:00:00,0,2009-04-13T00:00:00,139,pdsi_extreme_wet_in_planting
13,bsr,True,2023-12-04T00:00:00,765,2023-12-04T00:00:00,764,2023-12-04T00:00:00,764,2023-11-27T00:00:00,0,2009-04-13T00:00:00,139,pdsi_severe_drought_in_planting
13,bsr,True,2024-01-01T00:00:00,769,2024-01-01T00:00:00,768,2024-01-01T00:00:00,768,2023-12-25T00:00:00,0,2009-04-13T00:00:00,140,wheat_weekly_rv
13,bsr,True,2024-01-01T00:00:00,769,2024-01-01T00:00:00,768,2024-01-01T00:00:00,768,2023-12-25T00:00:00,0,2009-04-13T00:00:00,140,wheat_monthly_rv
13,bsr,True,2024-01-01T00:00:00,769,2024-01-01T00:00:00,768,2024-01-01T00:00:00,768,2023-12-25T00:00:00,0,2009-04-13T00:00:00,140,wheat_seasonal_rv
13,bsr,True,2024-01-01T00:00:00,769,2024-01-01T00:00:00,768,2024-01-01T00:00:00,768,2023-12-25T00:00:00,0,2009-04-13T00:00:00,140,soybeans_weekly_rv
13,bsr,True,2024-01-01T00:00:00,769,2024-01-01T00:00:00,768,2024-01-01T00:00:00,768,2023-12-25T00:00:00,0,2009-04-13T00:00:00,140,ssta_lanina
13,bsr,True,2024-01-01T00:00:00,769,2024-01-01T00:00:00,768,2024-01-01T00:00:00,768,2023-12-25T00:00:00,0,2009-04-13T00:00:00,140,SOI_index
13,bsr,True,2024-01-01T00:00:00,769,2024-01-01T00:00:00,768,2024-01-01T00:00:00,768,2023-12-25T00:00:00,0,2009-04-13T00:00:00,140,tmax_very_hot_in_planting
13,bsr,True,2024-01-01T00:00:00,769,2024-01-01T00:00:00,768,2024-01-01T00:00:00,768,2023-12-25T00:00:00,0,2009-04-13T00:00:00,140,tmin_very_cold_in_planting
13,bsr,True,2024-01-01T00:00:00,769,2024-01-01T00:00:00,768,2024-01-01T00:00:00,768,2023-12-25T00:00:00,0,2009-04-13T00:00:00,140,spi_7d_very_dry_in_harvesting
13,bsr,True,2024-01-01T00:00:00,769,2024-01-01T00:00:00,768,2024-01-01T00:00:00,768,2023-12-25T00:00:00,0,2009-04-13T00:00:00,140,spi_7d_extreme_dry_in_planting
13,bsr,True,2024-01-01T00:00:00,769,2024-01-01T00:00:00,768,2024-01-01T00:00:00,768,2023-12-25T00:00:00,0,2009-04-13T00:00:00,140,pdsi_very_wet_in_harvesting
13,bsr,True,2024-01-01T00:00:00,769,2024-01-01T00:00:00,768,2024-01-01T00:00:00,768,2023-12-25T00:00:00,0,2009-04-13T00:00:00,140,pdsi_extreme_wet_in_planting
13,bsr,True,2024-01-01T00:00:00,769,2024-01-01T00:00:00,768,2024-01-01T00:00:00,768,2023-12-25T00:00:00,0,2009-04-13T00:00:00,140,pdsi_severe_drought_in_planting
13,bsr,True,2024-01-29T00:00:00,773,2024-01-29T00:00:00,772,2024-01-29T00:00:00,772,2024-01-22T00:00:00,0,2009-04-13T00:00:00,141,wheat_weekly_rv
13,bsr,True,2024-01-29T00:00:00,773,2024-01-29T00:00:00,772,2024-01-29T00:00:00,772,2024-01-22T00:00:00,0,2009-04-13T00:00:00,141,wheat_monthly_rv
13,bsr,True,2024-01-29T00:00:00,773,2024-01-29T00:00:00,772,2024-01-29T00:00:00,772,2024-01-22T00:00:00,0,2009-04-13T00:00:00,141,wheat_seasonal_rv
13,bsr,True,2024-01-29T00:00:00,773,2024-01-29T00:00:00,772,2024-01-29T00:00:00,772,2024-01-22T00:00:00,0,2009-04-13T00:00:00,141,soybeans_weekly_rv
13,bsr,True,2024-01-29T00:00:00,773,2024-01-29T00:00:00,772,2024-01-29T00:00:00,772,2024-01-22T00:00:00,0,2009-04-13T00:00:00,141,ssta_lanina
13,bsr,True,2024-01-29T00:00:00,773,2024-01-29T00:00:00,772,2024-01-29T00:00:00,772,2024-01-22T00:00:00,0,2009-04-13T00:00:00,141,SOI_index
13,bsr,True,2024-01-29T00:00:00,773,2024-01-29T00:00:00,772,2024-01-29T00:00:00,772,2024-01-22T00:00:00,0,2009-04-13T00:00:00,141,tmax_very_hot_in_planting
13,bsr,True,2024-01-29T00:00:00,773,2024-01-29T00:00:00,772,2024-01-29T00:00:00,772,2024-01-22T00:00:00,0,2009-04-13T00:00:00,141,tmin_very_cold_in_planting
13,bsr,True,2024-01-29T00:00:00,773,2024-01-29T00:00:00,772,2024-01-29T00:00:00,772,2024-01-22T00:00:00,0,2009-04-13T00:00:00,141,spi_7d_very_dry_in_harvesting
13,bsr,True,2024-01-29T00:00:00,773,2024-01-29T00:00:00,772,2024-01-29T00:00:00,772,2024-01-22T00:00:00,0,2009-04-13T00:00:00,141,spi_7d_extreme_dry_in_planting
13,bsr,True,2024-01-29T00:00:00,773,2024-01-29T00:00:00,772,2024-01-29T00:00:00,772,2024-01-22T00:00:00,0,2009-04-13T00:00:00,141,pdsi_very_wet_in_harvesting
13,bsr,True,2024-01-29T00:00:00,773,2024-01-29T00:00:00,772,2024-01-29T00:00:00,772,2024-01-22T00:00:00,0,2009-04-13T00:00:00,141,pdsi_extreme_wet_in_planting
13,bsr,True,2024-01-29T00:00:00,773,2024-01-29T00:00:00,772,2024-01-29T00:00:00,772,2024-01-22T00:00:00,0,2009-04-13T00:00:00,141,pdsi_severe_drought_in_planting
13,bsr,True,2024-02-26T00:00:00,777,2024-02-26T00:00:00,776,2024-02-26T00:00:00,776,2024-02-19T00:00:00,0,2009-04-13T00:00:00,142,wheat_weekly_rv
13,bsr,True,2024-02-26T00:00:00,777,2024-02-26T00:00:00,776,2024-02-26T00:00:00,776,2024-02-19T00:00:00,0,2009-04-13T00:00:00,142,wheat_monthly_rv
13,bsr,True,2024-02-26T00:00:00,777,2024-02-26T00:00:00,776,2024-02-26T00:00:00,776,2024-02-19T00:00:00,0,2009-04-13T00:00:00,142,wheat_seasonal_rv
13,bsr,True,2024-02-26T00:00:00,777,2024-02-26T00:00:00,776,2024-02-26T00:00:00,776,2024-02-19T00:00:00,0,2009-04-13T00:00:00,142,soybeans_weekly_rv
13,bsr,True,2024-02-26T00:00:00,777,2024-02-26T00:00:00,776,2024-02-26T00:00:00,776,2024-02-19T00:00:00,0,2009-04-13T00:00:00,142,ssta_lanina
13,bsr,True,2024-02-26T00:00:00,777,2024-02-26T00:00:00,776,2024-02-26T00:00:00,776,2024-02-19T00:00:00,0,2009-04-13T00:00:00,142,SOI_index
13,bsr,True,2024-02-26T00:00:00,777,2024-02-26T00:00:00,776,2024-02-26T00:00:00,776,2024-02-19T00:00:00,0,2009-04-13T00:00:00,142,tmax_very_hot_in_planting
13,bsr,True,2024-02-26T00:00:00,777,2024-02-26T00:00:00,776,2024-02-26T00:00:00,776,2024-02-19T00:00:00,0,2009-04-13T00:00:00,142,tmin_very_cold_in_planting
13,bsr,True,2024-02-26T00:00:00,777,2024-02-26T00:00:00,776,2024-02-26T00:00:00,776,2024-02-19T00:00:00,0,2009-04-13T00:00:00,142,spi_7d_very_dry_in_harvesting
13,bsr,True,2024-02-26T00:00:00,777,2024-02-26T00:00:00,776,2024-02-26T00:00:00,776,2024-02-19T00:00:00,0,2009-04-13T00:00:00,142,spi_7d_extreme_dry_in_planting
13,bsr,True,2024-02-26T00:00:00,777,2024-02-26T00:00:00,776,2024-02-26T00:00:00,776,2024-02-19T00:00:00,0,2009-04-13T00:00:00,142,pdsi_very_wet_in_harvesting
13,bsr,True,2024-02-26T00:00:00,777,2024-02-26T00:00:00,776,2024-02-26T00:00:00,776,2024-02-19T00:00:00,0,2009-04-13T00:00:00,142,pdsi_extreme_wet_in_planting
13,bsr,True,2024-02-26T00:00:00,777,2024-02-26T00:00:00,776,2024-02-26T00:00:00,776,2024-02-19T00:00:00,0,2009-04-13T00:00:00,142,pdsi_severe_drought_in_planting
13,bsr,True,2024-03-25T00:00:00,781,2024-03-25T00:00:00,780,2024-03-25T00:00:00,780,2024-03-18T00:00:00,0,2009-04-13T00:00:00,143,wheat_weekly_rv
13,bsr,True,2024-03-25T00:00:00,781,2024-03-25T00:00:00,780,2024-03-25T00:00:00,780,2024-03-18T00:00:00,0,2009-04-13T00:00:00,143,wheat_monthly_rv
13,bsr,True,2024-03-25T00:00:00,781,2024-03-25T00:00:00,780,2024-03-25T00:00:00,780,2024-03-18T00:00:00,0,2009-04-13T00:00:00,143,wheat_seasonal_rv
13,bsr,True,2024-03-25T00:00:00,781,2024-03-25T00:00:00,780,2024-03-25T00:00:00,780,2024-03-18T00:00:00,0,2009-04-13T00:00:00,143,soybeans_weekly_rv
13,bsr,True,2024-03-25T00:00:00,781,2024-03-25T00:00:00,780,2024-03-25T00:00:00,780,2024-03-18T00:00:00,0,2009-04-13T00:00:00,143,ssta_lanina
13,bsr,True,2024-03-25T00:00:00,781,2024-03-25T00:00:00,780,2024-03-25T00:00:00,780,2024-03-18T00:00:00,0,2009-04-13T00:00:00,143,SOI_index
13,bsr,True,2024-03-25T00:00:00,781,2024-03-25T00:00:00,780,2024-03-25T00:00:00,780,2024-03-18T00:00:00,0,2009-04-13T00:00:00,143,tmax_very_hot_in_planting
13,bsr,True,2024-03-25T00:00:00,781,2024-03-25T00:00:00,780,2024-03-25T00:00:00,780,2024-03-18T00:00:00,0,2009-04-13T00:00:00,143,tmin_very_cold_in_planting
13,bsr,True,2024-03-25T00:00:00,781,2024-03-25T00:00:00,780,2024-03-25T00:00:00,780,2024-03-18T00:00:00,0,2009-04-13T00:00:00,143,spi_7d_very_dry_in_harvesting
13,bsr,True,2024-03-25T00:00:00,781,2024-03-25T00:00:00,780,2024-03-25T00:00:00,780,2024-03-18T00:00:00,0,2009-04-13T00:00:00,143,spi_7d_extreme_dry_in_planting
13,bsr,True,2024-03-25T00:00:00,781,2024-03-25T00:00:00,780,2024-03-25T00:00:00,780,2024-03-18T00:00:00,0,2009-04-13T00:00:00,143,pdsi_very_wet_in_harvesting
13,bsr,True,2024-03-25T00:00:00,781,2024-03-25T00:00:00,780,2024-03-25T00:00:00,780,2024-03-18T00:00:00,0,2009-04-13T00:00:00,143,pdsi_extreme_wet_in_planting
13,bsr,True,2024-03-25T00:00:00,781,2024-03-25T00:00:00,780,2024-03-25T00:00:00,780,2024-03-18T00:00:00,0,2009-04-13T00:00:00,143,pdsi_severe_drought_in_planting
14,bsr,False,2024-04-22T00:00:00,785,2024-04-22T00:00:00,784,2024-04-22T00:00:00,784,2024-04-15T00:00:00,0,2009-04-13T00:00:00,144,wheat_weekly_rv
14,bsr,False,2024-04-22T00:00:00,785,2024-04-22T00:00:00,784,2024-04-22T00:00:00,784,2024-04-15T00:00:00,0,2009-04-13T00:00:00,144,wheat_monthly_rv
14,bsr,False,2024-04-22T00:00:00,785,2024-04-22T00:00:00,784,2024-04-22T00:00:00,784,2024-04-15T00:00:00,0,2009-04-13T00:00:00,144,wheat_seasonal_rv
14,bsr,False,2024-04-22T00:00:00,785,2024-04-22T00:00:00,784,2024-04-22T00:00:00,784,2024-04-15T00:00:00,0,2009-04-13T00:00:00,144,wheat_weekly_rvg
14,bsr,False,2024-04-22T00:00:00,785,2024-04-22T00:00:00,784,2024-04-22T00:00:00,784,2024-04-15T00:00:00,0,2009-04-13T00:00:00,144,soybeans_weekly_rv
14,bsr,False,2024-04-22T00:00:00,785,2024-04-22T00:00:00,784,2024-04-22T00:00:00,784,2024-04-15T00:00:00,0,2009-04-13T00:00:00,144,ssta_lanina
14,bsr,False,2024-04-22T00:00:00,785,2024-04-22T00:00:00,784,2024-04-22T00:00:00,784,2024-04-15T00:00:00,0,2009-04-13T00:00:00,144,SOI_index
14,bsr,False,2024-04-22T00:00:00,785,2024-04-22T00:00:00,784,2024-04-22T00:00:00,784,2024-04-15T00:00:00,0,2009-04-13T00:00:00,144,tmax_hot_in_planting
14,bsr,False,2024-04-22T00:00:00,785,2024-04-22T00:00:00,784,2024-04-22T00:00:00,784,2024-04-15T00:00:00,0,2009-04-13T00:00:00,144,tmax_very_hot_in_planting
14,bsr,False,2024-04-22T00:00:00,785,2024-04-22T00:00:00,784,2024-04-22T00:00:00,784,2024-04-15T00:00:00,0,2009-04-13T00:00:00,144,tmin_very_cold_in_planting
14,bsr,False,2024-04-22T00:00:00,785,2024-04-22T00:00:00,784,2024-04-22T00:00:00,784,2024-04-15T00:00:00,0,2009-04-13T00:00:00,144,tmin_very_cold_in_harvesting
14,bsr,False,2024-04-22T00:00:00,785,2024-04-22T00:00:00,784,2024-04-22T00:00:00,784,2024-04-15T00:00:00,0,2009-04-13T00:00:00,144,spi_7d_extreme_dry_in_planting
14,bsr,False,2024-04-22T00:00:00,785,2024-04-22T00:00:00,784,2024-04-22T00:00:00,784,2024-04-15T00:00:00,0,2009-04-13T00:00:00,144,pdsi_very_wet_in_harvesting
14,bsr,False,2024-04-22T00:00:00,785,2024-04-22T00:00:00,784,2024-04-22T00:00:00,784,2024-04-15T00:00:00,0,2009-04-13T00:00:00,144,pdsi_extreme_wet_in_planting
14,bsr,True,2024-05-20T00:00:00,789,2024-05-20T00:00:00,788,2024-05-20T00:00:00,788,2024-05-13T00:00:00,0,2009-04-13T00:00:00,145,wheat_weekly_rv
14,bsr,True,2024-05-20T00:00:00,789,2024-05-20T00:00:00,788,2024-05-20T00:00:00,788,2024-05-13T00:00:00,0,2009-04-13T00:00:00,145,wheat_monthly_rv
14,bsr,True,2024-05-20T00:00:00,789,2024-05-20T00:00:00,788,2024-05-20T00:00:00,788,2024-05-13T00:00:00,0,2009-04-13T00:00:00,145,wheat_seasonal_rv
14,bsr,True,2024-05-20T00:00:00,789,2024-05-20T00:00:00,788,2024-05-20T00:00:00,788,2024-05-13T00:00:00,0,2009-04-13T00:00:00,145,wheat_weekly_rvg
14,bsr,True,2024-05-20T00:00:00,789,2024-05-20T00:00:00,788,2024-05-20T00:00:00,788,2024-05-13T00:00:00,0,2009-04-13T00:00:00,145,soybeans_weekly_rv
14,bsr,True,2024-05-20T00:00:00,789,2024-05-20T00:00:00,788,2024-05-20T00:00:00,788,2024-05-13T00:00:00,0,2009-04-13T00:00:00,145,ssta_lanina
14,bsr,True,2024-05-20T00:00:00,789,2024-05-20T00:00:00,788,2024-05-20T00:00:00,788,2024-05-13T00:00:00,0,2009-04-13T00:00:00,145,SOI_index
14,bsr,True,2024-05-20T00:00:00,789,2024-05-20T00:00:00,788,2024-05-20T00:00:00,788,2024-05-13T00:00:00,0,2009-04-13T00:00:00,145,tmax_hot_in_planting
14,bsr,True,2024-05-20T00:00:00,789,2024-05-20T00:00:00,788,2024-05-20T00:00:00,788,2024-05-13T00:00:00,0,2009-04-13T00:00:00,145,tmax_very_hot_in_planting
14,bsr,True,2024-05-20T00:00:00,789,2024-05-20T00:00:00,788,2024-05-20T00:00:00,788,2024-05-13T00:00:00,0,2009-04-13T00:00:00,145,tmin_very_cold_in_planting
14,bsr,True,2024-05-20T00:00:00,789,2024-05-20T00:00:00,788,2024-05-20T00:00:00,788,2024-05-13T00:00:00,0,2009-04-13T00:00:00,145,tmin_very_cold_in_harvesting
14,bsr,True,2024-05-20T00:00:00,789,2024-05-20T00:00:00,788,2024-05-20T00:00:00,788,2024-05-13T00:00:00,0,2009-04-13T00:00:00,145,spi_7d_extreme_dry_in_planting
14,bsr,True,2024-05-20T00:00:00,789,2024-05-20T00:00:00,788,2024-05-20T00:00:00,788,2024-05-13T00:00:00,0,2009-04-13T00:00:00,145,pdsi_very_wet_in_harvesting
14,bsr,True,2024-05-20T00:00:00,789,2024-05-20T00:00:00,788,2024-05-20T00:00:00,788,2024-05-13T00:00:00,0,2009-04-13T00:00:00,145,pdsi_extreme_wet_in_planting
14,bsr,True,2024-06-17T00:00:00,793,2024-06-17T00:00:00,792,2024-06-17T00:00:00,792,2024-06-10T00:00:00,0,2009-04-13T00:00:00,146,wheat_weekly_rv
14,bsr,True,2024-06-17T00:00:00,793,2024-06-17T00:00:00,792,2024-06-17T00:00:00,792,2024-06-10T00:00:00,0,2009-04-13T00:00:00,146,wheat_monthly_rv
14,bsr,True,2024-06-17T00:00:00,793,2024-06-17T00:00:00,792,2024-06-17T00:00:00,792,2024-06-10T00:00:00,0,2009-04-13T00:00:00,146,wheat_seasonal_rv
14,bsr,True,2024-06-17T00:00:00,793,2024-06-17T00:00:00,792,2024-06-17T00:00:00,792,2024-06-10T00:00:00,0,2009-04-13T00:00:00,146,wheat_weekly_rvg
14,bsr,True,2024-06-17T00:00:00,793,2024-06-17T00:00:00,792,2024-06-17T00:00:00,792,2024-06-10T00:00:00,0,2009-04-13T00:00:00,146,soybeans_weekly_rv
14,bsr,True,2024-06-17T00:00:00,793,2024-06-17T00:00:00,792,2024-06-17T00:00:00,792,2024-06-10T00:00:00,0,2009-04-13T00:00:00,146,ssta_lanina
14,bsr,True,2024-06-17T00:00:00,793,2024-06-17T00:00:00,792,2024-06-17T00:00:00,792,2024-06-10T00:00:00,0,2009-04-13T00:00:00,146,SOI_index
14,bsr,True,2024-06-17T00:00:00,793,2024-06-17T00:00:00,792,2024-06-17T00:00:00,792,2024-06-10T00:00:00,0,2009-04-13T00:00:00,146,tmax_hot_in_planting
14,bsr,True,2024-06-17T00:00:00,793,2024-06-17T00:00:00,792,2024-06-17T00:00:00,792,2024-06-10T00:00:00,0,2009-04-13T00:00:00,146,tmax_very_hot_in_planting
14,bsr,True,2024-06-17T00:00:00,793,2024-06-17T00:00:00,792,2024-06-17T00:00:00,792,2024-06-10T00:00:00,0,2009-04-13T00:00:00,146,tmin_very_cold_in_planting
14,bsr,True,2024-06-17T00:00:00,793,2024-06-17T00:00:00,792,2024-06-17T00:00:00,792,2024-06-10T00:00:00,0,2009-04-13T00:00:00,146,tmin_very_cold_in_harvesting
14,bsr,True,2024-06-17T00:00:00,793,2024-06-17T00:00:00,792,2024-06-17T00:00:00,792,2024-06-10T00:00:00,0,2009-04-13T00:00:00,146,spi_7d_extreme_dry_in_planting
14,bsr,True,2024-06-17T00:00:00,793,2024-06-17T00:00:00,792,2024-06-17T00:00:00,792,2024-06-10T00:00:00,0,2009-04-13T00:00:00,146,pdsi_very_wet_in_harvesting
14,bsr,True,2024-06-17T00:00:00,793,2024-06-17T00:00:00,792,2024-06-17T00:00:00,792,2024-06-10T00:00:00,0,2009-04-13T00:00:00,146,pdsi_extreme_wet_in_planting
14,bsr,True,2024-07-15T00:00:00,797,2024-07-15T00:00:00,796,2024-07-15T00:00:00,796,2024-07-08T00:00:00,0,2009-04-13T00:00:00,147,wheat_weekly_rv
14,bsr,True,2024-07-15T00:00:00,797,2024-07-15T00:00:00,796,2024-07-15T00:00:00,796,2024-07-08T00:00:00,0,2009-04-13T00:00:00,147,wheat_monthly_rv
14,bsr,True,2024-07-15T00:00:00,797,2024-07-15T00:00:00,796,2024-07-15T00:00:00,796,2024-07-08T00:00:00,0,2009-04-13T00:00:00,147,wheat_seasonal_rv
14,bsr,True,2024-07-15T00:00:00,797,2024-07-15T00:00:00,796,2024-07-15T00:00:00,796,2024-07-08T00:00:00,0,2009-04-13T00:00:00,147,wheat_weekly_rvg
14,bsr,True,2024-07-15T00:00:00,797,2024-07-15T00:00:00,796,2024-07-15T00:00:00,796,2024-07-08T00:00:00,0,2009-04-13T00:00:00,147,soybeans_weekly_rv
14,bsr,True,2024-07-15T00:00:00,797,2024-07-15T00:00:00,796,2024-07-15T00:00:00,796,2024-07-08T00:00:00,0,2009-04-13T00:00:00,147,ssta_lanina
14,bsr,True,2024-07-15T00:00:00,797,2024-07-15T00:00:00,796,2024-07-15T00:00:00,796,2024-07-08T00:00:00,0,2009-04-13T00:00:00,147,SOI_index
14,bsr,True,2024-07-15T00:00:00,797,2024-07-15T00:00:00,796,2024-07-15T00:00:00,796,2024-07-08T00:00:00,0,2009-04-13T00:00:00,147,tmax_hot_in_planting
14,bsr,True,2024-07-15T00:00:00,797,2024-07-15T00:00:00,796,2024-07-15T00:00:00,796,2024-07-08T00:00:00,0,2009-04-13T00:00:00,147,tmax_very_hot_in_planting
14,bsr,True,2024-07-15T00:00:00,797,2024-07-15T00:00:00,796,2024-07-15T00:00:00,796,2024-07-08T00:00:00,0,2009-04-13T00:00:00,147,tmin_very_cold_in_planting
14,bsr,True,2024-07-15T00:00:00,797,2024-07-15T00:00:00,796,2024-07-15T00:00:00,796,2024-07-08T00:00:00,0,2009-04-13T00:00:00,147,tmin_very_cold_in_harvesting
14,bsr,True,2024-07-15T00:00:00,797,2024-07-15T00:00:00,796,2024-07-15T00:00:00,796,2024-07-08T00:00:00,0,2009-04-13T00:00:00,147,spi_7d_extreme_dry_in_planting
14,bsr,True,2024-07-15T00:00:00,797,2024-07-15T00:00:00,796,2024-07-15T00:00:00,796,2024-07-08T00:00:00,0,2009-04-13T00:00:00,147,pdsi_very_wet_in_harvesting
14,bsr,True,2024-07-15T00:00:00,797,2024-07-15T00:00:00,796,2024-07-15T00:00:00,796,2024-07-08T00:00:00,0,2009-04-13T00:00:00,147,pdsi_extreme_wet_in_planting
14,bsr,True,2024-08-12T00:00:00,801,2024-08-12T00:00:00,800,2024-08-12T00:00:00,800,2024-08-05T00:00:00,0,2009-04-13T00:00:00,148,wheat_weekly_rv
14,bsr,True,2024-08-12T00:00:00,801,2024-08-12T00:00:00,800,2024-08-12T00:00:00,800,2024-08-05T00:00:00,0,2009-04-13T00:00:00,148,wheat_monthly_rv
14,bsr,True,2024-08-12T00:00:00,801,2024-08-12T00:00:00,800,2024-08-12T00:00:00,800,2024-08-05T00:00:00,0,2009-04-13T00:00:00,148,wheat_seasonal_rv
14,bsr,True,2024-08-12T00:00:00,801,2024-08-12T00:00:00,800,2024-08-12T00:00:00,800,2024-08-05T00:00:00,0,2009-04-13T00:00:00,148,wheat_weekly_rvg
14,bsr,True,2024-08-12T00:00:00,801,2024-08-12T00:00:00,800,2024-08-12T00:00:00,800,2024-08-05T00:00:00,0,2009-04-13T00:00:00,148,soybeans_weekly_rv
14,bsr,True,2024-08-12T00:00:00,801,2024-08-12T00:00:00,800,2024-08-12T00:00:00,800,2024-08-05T00:00:00,0,2009-04-13T00:00:00,148,ssta_lanina
14,bsr,True,2024-08-12T00:00:00,801,2024-08-12T00:00:00,800,2024-08-12T00:00:00,800,2024-08-05T00:00:00,0,2009-04-13T00:00:00,148,SOI_index
14,bsr,True,2024-08-12T00:00:00,801,2024-08-12T00:00:00,800,2024-08-12T00:00:00,800,2024-08-05T00:00:00,0,2009-04-13T00:00:00,148,tmax_hot_in_planting
14,bsr,True,2024-08-12T00:00:00,801,2024-08-12T00:00:00,800,2024-08-12T00:00:00,800,2024-08-05T00:00:00,0,2009-04-13T00:00:00,148,tmax_very_hot_in_planting
14,bsr,True,2024-08-12T00:00:00,801,2024-08-12T00:00:00,800,2024-08-12T00:00:00,800,2024-08-05T00:00:00,0,2009-04-13T00:00:00,148,tmin_very_cold_in_planting
14,bsr,True,2024-08-12T00:00:00,801,2024-08-12T00:00:00,800,2024-08-12T00:00:00,800,2024-08-05T00:00:00,0,2009-04-13T00:00:00,148,tmin_very_cold_in_harvesting
14,bsr,True,2024-08-12T00:00:00,801,2024-08-12T00:00:00,800,2024-08-12T00:00:00,800,2024-08-05T00:00:00,0,2009-04-13T00:00:00,148,spi_7d_extreme_dry_in_planting
14,bsr,True,2024-08-12T00:00:00,801,2024-08-12T00:00:00,800,2024-08-12T00:00:00,800,2024-08-05T00:00:00,0,2009-04-13T00:00:00,148,pdsi_very_wet_in_harvesting
14,bsr,True,2024-08-12T00:00:00,801,2024-08-12T00:00:00,800,2024-08-12T00:00:00,800,2024-08-05T00:00:00,0,2009-04-13T00:00:00,148,pdsi_extreme_wet_in_planting
14,bsr,True,2024-09-09T00:00:00,805,2024-09-09T00:00:00,804,2024-09-09T00:00:00,804,2024-09-02T00:00:00,0,2009-04-13T00:00:00,149,wheat_weekly_rv
14,bsr,True,2024-09-09T00:00:00,805,2024-09-09T00:00:00,804,2024-09-09T00:00:00,804,2024-09-02T00:00:00,0,2009-04-13T00:00:00,149,wheat_monthly_rv
14,bsr,True,2024-09-09T00:00:00,805,2024-09-09T00:00:00,804,2024-09-09T00:00:00,804,2024-09-02T00:00:00,0,2009-04-13T00:00:00,149,wheat_seasonal_rv
14,bsr,True,2024-09-09T00:00:00,805,2024-09-09T00:00:00,804,2024-09-09T00:00:00,804,2024-09-02T00:00:00,0,2009-04-13T00:00:00,149,wheat_weekly_rvg
14,bsr,True,2024-09-09T00:00:00,805,2024-09-09T00:00:00,804,2024-09-09T00:00:00,804,2024-09-02T00:00:00,0,2009-04-13T00:00:00,149,soybeans_weekly_rv
14,bsr,True,2024-09-09T00:00:00,805,2024-09-09T00:00:00,804,2024-09-09T00:00:00,804,2024-09-02T00:00:00,0,2009-04-13T00:00:00,149,ssta_lanina
14,bsr,True,2024-09-09T00:00:00,805,2024-09-09T00:00:00,804,2024-09-09T00:00:00,804,2024-09-02T00:00:00,0,2009-04-13T00:00:00,149,SOI_index
14,bsr,True,2024-09-09T00:00:00,805,2024-09-09T00:00:00,804,2024-09-09T00:00:00,804,2024-09-02T00:00:00,0,2009-04-13T00:00:00,149,tmax_hot_in_planting
14,bsr,True,2024-09-09T00:00:00,805,2024-09-09T00:00:00,804,2024-09-09T00:00:00,804,2024-09-02T00:00:00,0,2009-04-13T00:00:00,149,tmax_very_hot_in_planting
14,bsr,True,2024-09-09T00:00:00,805,2024-09-09T00:00:00,804,2024-09-09T00:00:00,804,2024-09-02T00:00:00,0,2009-04-13T00:00:00,149,tmin_very_cold_in_planting
14,bsr,True,2024-09-09T00:00:00,805,2024-09-09T00:00:00,804,2024-09-09T00:00:00,804,2024-09-02T00:00:00,0,2009-04-13T00:00:00,149,tmin_very_cold_in_harvesting
14,bsr,True,2024-09-09T00:00:00,805,2024-09-09T00:00:00,804,2024-09-09T00:00:00,804,2024-09-02T00:00:00,0,2009-04-13T00:00:00,149,spi_7d_extreme_dry_in_planting
14,bsr,True,2024-09-09T00:00:00,805,2024-09-09T00:00:00,804,2024-09-09T00:00:00,804,2024-09-02T00:00:00,0,2009-04-13T00:00:00,149,pdsi_very_wet_in_harvesting
14,bsr,True,2024-09-09T00:00:00,805,2024-09-09T00:00:00,804,2024-09-09T00:00:00,804,2024-09-02T00:00:00,0,2009-04-13T00:00:00,149,pdsi_extreme_wet_in_planting
14,bsr,True,2024-10-07T00:00:00,809,2024-10-07T00:00:00,808,2024-10-07T00:00:00,808,2024-09-30T00:00:00,0,2009-04-13T00:00:00,150,wheat_weekly_rv
14,bsr,True,2024-10-07T00:00:00,809,2024-10-07T00:00:00,808,2024-10-07T00:00:00,808,2024-09-30T00:00:00,0,2009-04-13T00:00:00,150,wheat_monthly_rv
14,bsr,True,2024-10-07T00:00:00,809,2024-10-07T00:00:00,808,2024-10-07T00:00:00,808,2024-09-30T00:00:00,0,2009-04-13T00:00:00,150,wheat_seasonal_rv
14,bsr,True,2024-10-07T00:00:00,809,2024-10-07T00:00:00,808,2024-10-07T00:00:00,808,2024-09-30T00:00:00,0,2009-04-13T00:00:00,150,wheat_weekly_rvg
14,bsr,True,2024-10-07T00:00:00,809,2024-10-07T00:00:00,808,2024-10-07T00:00:00,808,2024-09-30T00:00:00,0,2009-04-13T00:00:00,150,soybeans_weekly_rv
14,bsr,True,2024-10-07T00:00:00,809,2024-10-07T00:00:00,808,2024-10-07T00:00:00,808,2024-09-30T00:00:00,0,2009-04-13T00:00:00,150,ssta_lanina
14,bsr,True,2024-10-07T00:00:00,809,2024-10-07T00:00:00,808,2024-10-07T00:00:00,808,2024-09-30T00:00:00,0,2009-04-13T00:00:00,150,SOI_index
14,bsr,True,2024-10-07T00:00:00,809,2024-10-07T00:00:00,808,2024-10-07T00:00:00,808,2024-09-30T00:00:00,0,2009-04-13T00:00:00,150,tmax_hot_in_planting
14,bsr,True,2024-10-07T00:00:00,809,2024-10-07T00:00:00,808,2024-10-07T00:00:00,808,2024-09-30T00:00:00,0,2009-04-13T00:00:00,150,tmax_very_hot_in_planting
14,bsr,True,2024-10-07T00:00:00,809,2024-10-07T00:00:00,808,2024-10-07T00:00:00,808,2024-09-30T00:00:00,0,2009-04-13T00:00:00,150,tmin_very_cold_in_planting
14,bsr,True,2024-10-07T00:00:00,809,2024-10-07T00:00:00,808,2024-10-07T00:00:00,808,2024-09-30T00:00:00,0,2009-04-13T00:00:00,150,tmin_very_cold_in_harvesting
14,bsr,True,2024-10-07T00:00:00,809,2024-10-07T00:00:00,808,2024-10-07T00:00:00,808,2024-09-30T00:00:00,0,2009-04-13T00:00:00,150,spi_7d_extreme_dry_in_planting
14,bsr,True,2024-10-07T00:00:00,809,2024-10-07T00:00:00,808,2024-10-07T00:00:00,808,2024-09-30T00:00:00,0,2009-04-13T00:00:00,150,pdsi_very_wet_in_harvesting
14,bsr,True,2024-10-07T00:00:00,809,2024-10-07T00:00:00,808,2024-10-07T00:00:00,808,2024-09-30T00:00:00,0,2009-04-13T00:00:00,150,pdsi_extreme_wet_in_planting
14,bsr,True,2024-11-04T00:00:00,813,2024-11-04T00:00:00,812,2024-11-04T00:00:00,812,2024-10-28T00:00:00,0,2009-04-13T00:00:00,151,wheat_weekly_rv
14,bsr,True,2024-11-04T00:00:00,813,2024-11-04T00:00:00,812,2024-11-04T00:00:00,812,2024-10-28T00:00:00,0,2009-04-13T00:00:00,151,wheat_monthly_rv
14,bsr,True,2024-11-04T00:00:00,813,2024-11-04T00:00:00,812,2024-11-04T00:00:00,812,2024-10-28T00:00:00,0,2009-04-13T00:00:00,151,wheat_seasonal_rv
14,bsr,True,2024-11-04T00:00:00,813,2024-11-04T00:00:00,812,2024-11-04T00:00:00,812,2024-10-28T00:00:00,0,2009-04-13T00:00:00,151,wheat_weekly_rvg
14,bsr,True,2024-11-04T00:00:00,813,2024-11-04T00:00:00,812,2024-11-04T00:00:00,812,2024-10-28T00:00:00,0,2009-04-13T00:00:00,151,soybeans_weekly_rv
14,bsr,True,2024-11-04T00:00:00,813,2024-11-04T00:00:00,812,2024-11-04T00:00:00,812,2024-10-28T00:00:00,0,2009-04-13T00:00:00,151,ssta_lanina
14,bsr,True,2024-11-04T00:00:00,813,2024-11-04T00:00:00,812,2024-11-04T00:00:00,812,2024-10-28T00:00:00,0,2009-04-13T00:00:00,151,SOI_index
14,bsr,True,2024-11-04T00:00:00,813,2024-11-04T00:00:00,812,2024-11-04T00:00:00,812,2024-10-28T00:00:00,0,2009-04-13T00:00:00,151,tmax_hot_in_planting
14,bsr,True,2024-11-04T00:00:00,813,2024-11-04T00:00:00,812,2024-11-04T00:00:00,812,2024-10-28T00:00:00,0,2009-04-13T00:00:00,151,tmax_very_hot_in_planting
14,bsr,True,2024-11-04T00:00:00,813,2024-11-04T00:00:00,812,2024-11-04T00:00:00,812,2024-10-28T00:00:00,0,2009-04-13T00:00:00,151,tmin_very_cold_in_planting
14,bsr,True,2024-11-04T00:00:00,813,2024-11-04T00:00:00,812,2024-11-04T00:00:00,812,2024-10-28T00:00:00,0,2009-04-13T00:00:00,151,tmin_very_cold_in_harvesting
14,bsr,True,2024-11-04T00:00:00,813,2024-11-04T00:00:00,812,2024-11-04T00:00:00,812,2024-10-28T00:00:00,0,2009-04-13T00:00:00,151,spi_7d_extreme_dry_in_planting
14,bsr,True,2024-11-04T00:00:00,813,2024-11-04T00:00:00,812,2024-11-04T00:00:00,812,2024-10-28T00:00:00,0,2009-04-13T00:00:00,151,pdsi_very_wet_in_harvesting
14,bsr,True,2024-11-04T00:00:00,813,2024-11-04T00:00:00,812,2024-11-04T00:00:00,812,2024-10-28T00:00:00,0,2009-04-13T00:00:00,151,pdsi_extreme_wet_in_planting
