n_selected,selection_method,selection_reused,test_dates,test_end,test_end_date,test_start,test_start_date,train_end,train_end_date,train_start,train_start_date,window_id,selected_feature
42,lasso,False,2013-11-25T00:00:00,209,2013-11-25T00:00:00,208,2013-11-25T00:00:00,208,2013-11-18T00:00:00,0,2009-04-20T00:00:00,0,DJIA_Index
42,lasso,False,2013-11-25T00:00:00,209,2013-11-25T00:00:00,208,2013-11-25T00:00:00,208,2013-11-18T00:00:00,0,2009-04-20T00:00:00,0,NAO_index
42,lasso,False,2013-11-25T00:00:00,209,2013-11-25T00:00:00,208,2013-11-25T00:00:00,208,2013-11-18T00:00:00,0,2009-04-20T00:00:00,0,Text_Climate_Anomaly
42,lasso,False,2013-11-25T00:00:00,209,2013-11-25T00:00:00,208,2013-11-25T00:00:00,208,2013-11-18T00:00:00,0,2009-04-20T00:00:00,0,WTI_Index
42,lasso,False,2013-11-25T00:00:00,209,2013-11-25T00:00:00,208,2013-11-25T00:00:00,208,2013-11-18T00:00:00,0,2009-04-20T00:00:00,0,awnd_extreme_high_wind_in_harvesting
42,lasso,False,2013-11-25T00:00:00,209,2013-11-25T00:00:00,208,2013-11-25T00:00:00,208,2013-11-18T00:00:00,0,2009-04-20T00:00:00,0,awnd_extreme_high_wind_in_planting
42,lasso,False,2013-11-25T00:00:00,209,2013-11-25T00:00:00,208,2013-11-25T00:00:00,208,2013-11-18T00:00:00,0,2009-04-20T00:00:00,0,awnd_moderate_high_wind_in_harvesting
42,lasso,False,2013-11-25T00:00:00,209,2013-11-25T00:00:00,208,2013-11-25T00:00:00,208,2013-11-18T00:00:00,0,2009-04-20T00:00:00,0,awnd_moderate_high_wind_in_planting
42,lasso,False,2013-11-25T00:00:00,209,2013-11-25T00:00:00,208,2013-11-25T00:00:00,208,2013-11-18T00:00:00,0,2009-04-20T00:00:00,0,co2_extreme_in_harvesting
42,lasso,False,2013-11-25T00:00:00,209,2013-11-25T00:00:00,208,2013-11-25T00:00:00,208,2013-11-18T00:00:00,0,2009-04-20T00:00:00,0,co2_extreme_in_planting
42,lasso,False,2013-11-25T00:00:00,209,2013-11-25T00:00:00,208,2013-11-25T00:00:00,208,2013-11-18T00:00:00,0,2009-04-20T00:00:00,0,corn_weekly_rv
42,lasso,False,2013-11-25T00:00:00,209,2013-11-25T00:00:00,208,2013-11-25T00:00:00,208,2013-11-18T00:00:00,0,2009-04-20T00:00:00,0,epu_index
42,lasso,False,2013-11-25T00:00:00,209,2013-11-25T00:00:00,208,2013-11-25T00:00:00,208,2013-11-18T00:00:00,0,2009-04-20T00:00:00,0,frbsf_sentiment
42,lasso,False,2013-11-25T00:00:00,209,2013-11-25T00:00:00,208,2013-11-25T00:00:00,208,2013-11-18T00:00:00,0,2009-04-20T00:00:00,0,pdsi_extreme_drought_in_harvesting
42,lasso,False,2013-11-25T00:00:00,209,2013-11-25T00:00:00,208,2013-11-25T00:00:00,208,2013-11-18T00:00:00,0,2009-04-20T00:00:00,0,pdsi_extreme_drought_in_planting
42,lasso,False,2013-11-25T00:00:00,209,2013-11-25T00:00:00,208,2013-11-25T00:00:00,208,2013-11-18T00:00:00,0,2009-04-20T00:00:00,0,pdsi_extreme_wet_in_harvesting
42,lasso,False,2013-11-25T00:00:00,209,2013-11-25T00:00:00,208,2013-11-25T00:00:00,208,2013-11-18T00:00:00,0,2009-04-20T00:00:00,0,pdsi_extreme_wet_in_planting
42,lasso,False,2013-11-25T00:00:00,209,2013-11-25T00:00:00,208,2013-11-25T00:00:00,208,2013-11-18T00:00:00,0,2009-04-20T00:00:00,0,pdsi_severe_drought_in_harvesting
42,lasso,False,2013-11-25T00:00:00,209,2013-11-25T00:00:00,208,2013-11-25T00:00:00,208,2013-11-18T00:00:00,0,2009-04-20T00:00:00,0,pdsi_severe_drought_in_planting
42,lasso,False,2013-11-25T00:00:00,209,2013-11-25T00:00:00,208,2013-11-25T00:00:00,208,2013-11-18T00:00:00,0,2009-04-20T00:00:00,0,pdsi_very_wet_in_harvesting
42,lasso,False,2013-11-25T00:00:00,209,2013-11-25T00:00:00,208,2013-11-25T00:00:00,208,2013-11-18T00:00:00,0,2009-04-20T00:00:00,0,pdsi_very_wet_in_planting
42,lasso,False,2013-11-25T00:00:00,209,2013-11-25T00:00:00,208,2013-11-25T00:00:00,208,2013-11-18T00:00:00,0,2009-04-20T00:00:00,0,soybeans_monthly_rv
42,lasso,False,2013-11-25T00:00:00,209,2013-11-25T00:00:00,208,2013-11-25T00:00:00,208,2013-11-18T00:00:00,0,2009-04-20T00:00:00,0,soybeans_seasonal_rv
42,lasso,False,2013-11-25T00:00:00,209,2013-11-25T00:00:00,208,2013-11-25T00:00:00,208,2013-11-18T00:00:00,0,2009-04-20T00:00:00,0,soybeans_weekly_jumps
42,lasso,False,2013-11-25T00:00:00,209,2013-11-25T00:00:00,208,2013-11-25T00:00:00,208,2013-11-18T00:00:00,0,2009-04-20T00:00:00,0,soybeans_weekly_rv
42,lasso,False,2013-11-25T00:00:00,209,2013-11-25T00:00:00,208,2013-11-25T00:00:00,208,2013-11-18T00:00:00,0,2009-04-20T00:00:00,0,soybeans_weekly_rvb
42,lasso,False,2013-11-25T00:00:00,209,2013-11-25T00:00:00,208,2013-11-25T00:00:00,208,2013-11-18T00:00:00,0,2009-04-20T00:00:00,0,spi_7d_extreme_dry_in_planting
42,lasso,False,2013-11-25T00:00:00,209,2013-11-25T00:00:00,208,2013-11-25T00:00:00,208,2013-11-18T00:00:00,0,2009-04-20T00:00:00,0,spi_7d_extreme_wet_in_harvesting
42,lasso,False,2013-11-25T00:00:00,209,2013-11-25T00:00:00,208,2013-11-25T00:00:00,208,2013-11-18T00:00:00,0,2009-04-20T00:00:00,0,spi_7d_very_dry_in_harvesting
42,lasso,False,2013-11-25T00:00:00,209,2013-11-25T00:00:00,208,2013-11-25T00:00:00,208,2013-11-18T00:00:00,0,2009-04-20T00:00:00,0,spi_7d_very_dry_in_planting
42,lasso,False,2013-11-25T00:00:00,209,2013-11-25T00:00:00,208,2013-11-25T00:00:00,208,2013-11-18T00:00:00,0,2009-04-20T00:00:00,0,spi_7d_very_wet_in_harvesting
42,lasso,False,2013-11-25T00:00:00,209,2013-11-25T00:00:00,208,2013-11-25T00:00:00,208,2013-11-18T00:00:00,0,2009-04-20T00:00:00,0,spi_7d_very_wet_in_planting
42,lasso,False,2013-11-25T00:00:00,209,2013-11-25T00:00:00,208,2013-11-25T00:00:00,208,2013-11-18T00:00:00,0,2009-04-20T00:00:00,0,ssta_elino
42,lasso,False,2013-11-25T00:00:00,209,2013-11-25T00:00:00,208,2013-11-25T00:00:00,208,2013-11-18T00:00:00,0,2009-04-20T00:00:00,0,ssta_lanina
42,lasso,False,2013-11-25T00:00:00,209,2013-11-25T00:00:00,208,2013-11-25T00:00:00,208,2013-11-18T00:00:00,0,2009-04-20T00:00:00,0,tmax_hot_in_harvesting
42,lasso,False,2013-11-25T00:00:00,209,2013-11-25T00:00:00,208,2013-11-25T00:00:00,208,2013-11-18T00:00:00,0,2009-04-20T00:00:00,0,tmax_hot_in_planting
42,lasso,False,2013-11-25T00:00:00,209,2013-11-25T00:00:00,208,2013-11-25T00:00:00,208,2013-11-18T00:00:00,0,2009-04-20T00:00:00,0,tmax_very_hot_in_planting
42,lasso,False,2013-11-25T00:00:00,209,2013-11-25T00:00:00,208,2013-11-25T00:00:00,208,2013-11-18T00:00:00,0,2009-04-20T00:00:00,0,tmin_cold_in_harvesting
42,lasso,False,2013-11-25T00:00:00,209,2013-11-25T00:00:00,208,2013-11-25T00:00:00,208,2013-11-18T00:00:00,0,2009-04-20T00:00:00,0,tmin_cold_in_planting
42,lasso,False,2013-11-25T00:00:00,209,2013-11-25T00:00:00,208,2013-11-25T00:00:00,208,2013-11-18T00:00:00,0,2009-04-20T00:00:00,0,tmin_very_cold_in_harvesting
42,lasso,False,2013-11-25T00:00:00,209,2013-11-25T00:00:00,208,2013-11-25T00:00:00,208,2013-11-18T00:00:00,0,2009-04-20T00:00:00,0,tmin_very_cold_in_planting
42,lasso,False,2013-11-25T00:00:00,209,2013-11-25T00:00:00,208,2013-11-25T00:00:00,208,2013-11-18T00:00:00,0,2009-04-20T00:00:00,0,wheat_weekly_rv
42,lasso,True,2014-01-27T00:00:00,217,2014-01-27T00:00:00,216,2014-01-27T00:00:00,216,2014-01-13T00:00:00,8,2009-06-22T00:00:00,1,DJIA_Index
42,lasso,True,2014-01-27T00:00:00,217,2014-01-27T00:00:00,216,2014-01-27T00:00:00,216,2014-01-13T00:00:00,8,2009-06-22T00:00:00,1,NAO_index
42,lasso,True,2014-01-27T00:00:00,217,2014-01-27T00:00:00,216,2014-01-27T00:00:00,216,2014-01-13T00:00:00,8,2009-06-22T00:00:00,1,Text_Climate_Anomaly
42,lasso,True,2014-01-27T00:00:00,217,2014-01-27T00:00:00,216,2014-01-27T00:00:00,216,2014-01-13T00:00:00,8,2009-06-22T00:00:00,1,WTI_Index
42,lasso,True,2014-01-27T00:00:00,217,2014-01-27T00:00:00,216,2014-01-27T00:00:00,216,2014-01-13T00:00:00,8,2009-06-22T00:00:00,1,awnd_extreme_high_wind_in_harvesting
42,lasso,True,2014-01-27T00:00:00,217,2014-01-27T00:00:00,216,2014-01-27T00:00:00,216,2014-01-13T00:00:00,8,2009-06-22T00:00:00,1,awnd_extreme_high_wind_in_planting
42,lasso,True,2014-01-27T00:00:00,217,2014-01-27T00:00:00,216,2014-01-27T00:00:00,216,2014-01-13T00:00:00,8,2009-06-22T00:00:00,1,awnd_moderate_high_wind_in_harvesting
42,lasso,True,2014-01-27T00:00:00,217,2014-01-27T00:00:00,216,2014-01-27T00:00:00,216,2014-01-13T00:00:00,8,2009-06-22T00:00:00,1,awnd_moderate_high_wind_in_planting
42,lasso,True,2014-01-27T00:00:00,217,2014-01-27T00:00:00,216,2014-01-27T00:00:00,216,2014-01-13T00:00:00,8,2009-06-22T00:00:00,1,co2_extreme_in_harvesting
42,lasso,True,2014-01-27T00:00:00,217,2014-01-27T00:00:00,216,2014-01-27T00:00:00,216,2014-01-13T00:00:00,8,2009-06-22T00:00:00,1,co2_extreme_in_planting
42,lasso,True,2014-01-27T00:00:00,217,2014-01-27T00:00:00,216,2014-01-27T00:00:00,216,2014-01-13T00:00:00,8,2009-06-22T00:00:00,1,corn_weekly_rv
42,lasso,True,2014-01-27T00:00:00,217,2014-01-27T00:00:00,216,2014-01-27T00:00:00,216,2014-01-13T00:00:00,8,2009-06-22T00:00:00,1,epu_index
42,lasso,True,2014-01-27T00:00:00,217,2014-01-27T00:00:00,216,2014-01-27T00:00:00,216,2014-01-13T00:00:00,8,2009-06-22T00:00:00,1,frbsf_sentiment
42,lasso,True,2014-01-27T00:00:00,217,2014-01-27T00:00:00,216,2014-01-27T00:00:00,216,2014-01-13T00:00:00,8,2009-06-22T00:00:00,1,pdsi_extreme_drought_in_harvesting
42,lasso,True,2014-01-27T00:00:00,217,2014-01-27T00:00:00,216,2014-01-27T00:00:00,216,2014-01-13T00:00:00,8,2009-06-22T00:00:00,1,pdsi_extreme_drought_in_planting
42,lasso,True,2014-01-27T00:00:00,217,2014-01-27T00:00:00,216,2014-01-27T00:00:00,216,2014-01-13T00:00:00,8,2009-06-22T00:00:00,1,pdsi_extreme_wet_in_harvesting
42,lasso,True,2014-01-27T00:00:00,217,2014-01-27T00:00:00,216,2014-01-27T00:00:00,216,2014-01-13T00:00:00,8,2009-06-22T00:00:00,1,pdsi_extreme_wet_in_planting
42,lasso,True,2014-01-27T00:00:00,217,2014-01-27T00:00:00,216,2014-01-27T00:00:00,216,2014-01-13T00:00:00,8,2009-06-22T00:00:00,1,pdsi_severe_drought_in_harvesting
42,lasso,True,2014-01-27T00:00:00,217,2014-01-27T00:00:00,216,2014-01-27T00:00:00,216,2014-01-13T00:00:00,8,2009-06-22T00:00:00,1,pdsi_severe_drought_in_planting
42,lasso,True,2014-01-27T00:00:00,217,2014-01-27T00:00:00,216,2014-01-27T00:00:00,216,2014-01-13T00:00:00,8,2009-06-22T00:00:00,1,pdsi_very_wet_in_harvesting
42,lasso,True,2014-01-27T00:00:00,217,2014-01-27T00:00:00,216,2014-01-27T00:00:00,216,2014-01-13T00:00:00,8,2009-06-22T00:00:00,1,pdsi_very_wet_in_planting
42,lasso,True,2014-01-27T00:00:00,217,2014-01-27T00:00:00,216,2014-01-27T00:00:00,216,2014-01-13T00:00:00,8,2009-06-22T00:00:00,1,soybeans_monthly_rv
42,lasso,True,2014-01-27T00:00:00,217,2014-01-27T00:00:00,216,2014-01-27T00:00:00,216,2014-01-13T00:00:00,8,2009-06-22T00:00:00,1,soybeans_seasonal_rv
42,lasso,True,2014-01-27T00:00:00,217,2014-01-27T00:00:00,216,2014-01-27T00:00:00,216,2014-01-13T00:00:00,8,2009-06-22T00:00:00,1,soybeans_weekly_jumps
42,lasso,True,2014-01-27T00:00:00,217,2014-01-27T00:00:00,216,2014-01-27T00:00:00,216,2014-01-13T00:00:00,8,2009-06-22T00:00:00,1,soybeans_weekly_rv
42,lasso,True,2014-01-27T00:00:00,217,2014-01-27T00:00:00,216,2014-01-27T00:00:00,216,2014-01-13T00:00:00,8,2009-06-22T00:00:00,1,soybeans_weekly_rvb
42,lasso,True,2014-01-27T00:00:00,217,2014-01-27T00:00:00,216,2014-01-27T00:00:00,216,2014-01-13T00:00:00,8,2009-06-22T00:00:00,1,spi_7d_extreme_dry_in_planting
42,lasso,True,2014-01-27T00:00:00,217,2014-01-27T00:00:00,216,2014-01-27T00:00:00,216,2014-01-13T00:00:00,8,2009-06-22T00:00:00,1,spi_7d_extreme_wet_in_harvesting
42,lasso,True,2014-01-27T00:00:00,217,2014-01-27T00:00:00,216,2014-01-27T00:00:00,216,2014-01-13T00:00:00,8,2009-06-22T00:00:00,1,spi_7d_very_dry_in_harvesting
42,lasso,True,2014-01-27T00:00:00,217,2014-01-27T00:00:00,216,2014-01-27T00:00:00,216,2014-01-13T00:00:00,8,2009-06-22T00:00:00,1,spi_7d_very_dry_in_planting
42,lasso,True,2014-01-27T00:00:00,217,2014-01-27T00:00:00,216,2014-01-27T00:00:00,216,2014-01-13T00:00:00,8,2009-06-22T00:00:00,1,spi_7d_very_wet_in_harvesting
42,lasso,True,2014-01-27T00:00:00,217,2014-01-27T00:00:00,216,2014-01-27T00:00:00,216,2014-01-13T00:00:00,8,2009-06-22T00:00:00,1,spi_7d_very_wet_in_planting
42,lasso,True,2014-01-27T00:00:00,217,2014-01-27T00:00:00,216,2014-01-27T00:00:00,216,2014-01-13T00:00:00,8,2009-06-22T00:00:00,1,ssta_elino
42,lasso,True,2014-01-27T00:00:00,217,2014-01-27T00:00:00,216,2014-01-27T00:00:00,216,2014-01-13T00:00:00,8,2009-06-22T00:00:00,1,ssta_lanina
42,lasso,True,2014-01-27T00:00:00,217,2014-01-27T00:00:00,216,2014-01-27T00:00:00,216,2014-01-13T00:00:00,8,2009-06-22T00:00:00,1,tmax_hot_in_harvesting
42,lasso,True,2014-01-27T00:00:00,217,2014-01-27T00:00:00,216,2014-01-27T00:00:00,216,2014-01-13T00:00:00,8,2009-06-22T00:00:00,1,tmax_hot_in_planting
42,lasso,True,2014-01-27T00:00:00,217,2014-01-27T00:00:00,216,2014-01-27T00:00:00,216,2014-01-13T00:00:00,8,2009-06-22T00:00:00,1,tmax_very_hot_in_planting
42,lasso,True,2014-01-27T00:00:00,217,2014-01-27T00:00:00,216,2014-01-27T00:00:00,216,2014-01-13T00:00:00,8,2009-06-22T00:00:00,1,tmin_cold_in_harvesting
42,lasso,True,2014-01-27T00:00:00,217,2014-01-27T00:00:00,216,2014-01-27T00:00:00,216,2014-01-13T00:00:00,8,2009-06-22T00:00:00,1,tmin_cold_in_planting
42,lasso,True,2014-01-27T00:00:00,217,2014-01-27T00:00:00,216,2014-01-27T00:00:00,216,2014-01-13T00:00:00,8,2009-06-22T00:00:00,1,tmin_very_cold_in_harvesting
42,lasso,True,2014-01-27T00:00:00,217,2014-01-27T00:00:00,216,2014-01-27T00:00:00,216,2014-01-13T00:00:00,8,2009-06-22T00:00:00,1,tmin_very_cold_in_planting
42,lasso,True,2014-01-27T00:00:00,217,2014-01-27T00:00:00,216,2014-01-27T00:00:00,216,2014-01-13T00:00:00,8,2009-06-22T00:00:00,1,wheat_weekly_rv
42,lasso,True,2014-04-14T00:00:00,225,2014-04-14T00:00:00,224,2014-04-14T00:00:00,224,2014-04-07T00:00:00,16,2009-08-17T00:00:00,2,DJIA_Index
42,lasso,True,2014-04-14T00:00:00,225,2014-04-14T00:00:00,224,2014-04-14T00:00:00,224,2014-04-07T00:00:00,16,2009-08-17T00:00:00,2,NAO_index
42,lasso,True,2014-04-14T00:00:00,225,2014-04-14T00:00:00,224,2014-04-14T00:00:00,224,2014-04-07T00:00:00,16,2009-08-17T00:00:00,2,Text_Climate_Anomaly
42,lasso,True,2014-04-14T00:00:00,225,2014-04-14T00:00:00,224,2014-04-14T00:00:00,224,2014-04-07T00:00:00,16,2009-08-17T00:00:00,2,WTI_Index
42,lasso,True,2014-04-14T00:00:00,225,2014-04-14T00:00:00,224,2014-04-14T00:00:00,224,2014-04-07T00:00:00,16,2009-08-17T00:00:00,2,awnd_extreme_high_wind_in_harvesting
42,lasso,True,2014-04-14T00:00:00,225,2014-04-14T00:00:00,224,2014-04-14T00:00:00,224,2014-04-07T00:00:00,16,2009-08-17T00:00:00,2,awnd_extreme_high_wind_in_planting
42,lasso,True,2014-04-14T00:00:00,225,2014-04-14T00:00:00,224,2014-04-14T00:00:00,224,2014-04-07T00:00:00,16,2009-08-17T00:00:00,2,awnd_moderate_high_wind_in_harvesting
42,lasso,True,2014-04-14T00:00:00,225,2014-04-14T00:00:00,224,2014-04-14T00:00:00,224,2014-04-07T00:00:00,16,2009-08-17T00:00:00,2,awnd_moderate_high_wind_in_planting
42,lasso,True,2014-04-14T00:00:00,225,2014-04-14T00:00:00,224,2014-04-14T00:00:00,224,2014-04-07T00:00:00,16,2009-08-17T00:00:00,2,co2_extreme_in_harvesting
42,lasso,True,2014-04-14T00:00:00,225,2014-04-14T00:00:00,224,2014-04-14T00:00:00,224,2014-04-07T00:00:00,16,2009-08-17T00:00:00,2,co2_extreme_in_planting
42,lasso,True,2014-04-14T00:00:00,225,2014-04-14T00:00:00,224,2014-04-14T00:00:00,224,2014-04-07T00:00:00,16,2009-08-17T00:00:00,2,corn_weekly_rv
42,lasso,True,2014-04-14T00:00:00,225,2014-04-14T00:00:00,224,2014-04-14T00:00:00,224,2014-04-07T00:00:00,16,2009-08-17T00:00:00,2,epu_index
42,lasso,True,2014-04-14T00:00:00,225,2014-04-14T00:00:00,224,2014-04-14T00:00:00,224,2014-04-07T00:00:00,16,2009-08-17T00:00:00,2,frbsf_sentiment
42,lasso,True,2014-04-14T00:00:00,225,2014-04-14T00:00:00,224,2014-04-14T00:00:00,224,2014-04-07T00:00:00,16,2009-08-17T00:00:00,2,pdsi_extreme_drought_in_harvesting
42,lasso,True,2014-04-14T00:00:00,225,2014-04-14T00:00:00,224,2014-04-14T00:00:00,224,2014-04-07T00:00:00,16,2009-08-17T00:00:00,2,pdsi_extreme_drought_in_planting
42,lasso,True,2014-04-14T00:00:00,225,2014-04-14T00:00:00,224,2014-04-14T00:00:00,224,2014-04-07T00:00:00,16,2009-08-17T00:00:00,2,pdsi_extreme_wet_in_harvesting
42,lasso,True,2014-04-14T00:00:00,225,2014-04-14T00:00:00,224,2014-04-14T00:00:00,224,2014-04-07T00:00:00,16,2009-08-17T00:00:00,2,pdsi_extreme_wet_in_planting
42,lasso,True,2014-04-14T00:00:00,225,2014-04-14T00:00:00,224,2014-04-14T00:00:00,224,2014-04-07T00:00:00,16,2009-08-17T00:00:00,2,pdsi_severe_drought_in_harvesting
42,lasso,True,2014-04-14T00:00:00,225,2014-04-14T00:00:00,224,2014-04-14T00:00:00,224,2014-04-07T00:00:00,16,2009-08-17T00:00:00,2,pdsi_severe_drought_in_planting
42,lasso,True,2014-04-14T00:00:00,225,2014-04-14T00:00:00,224,2014-04-14T00:00:00,224,2014-04-07T00:00:00,16,2009-08-17T00:00:00,2,pdsi_very_wet_in_harvesting
42,lasso,True,2014-04-14T00:00:00,225,2014-04-14T00:00:00,224,2014-04-14T00:00:00,224,2014-04-07T00:00:00,16,2009-08-17T00:00:00,2,pdsi_very_wet_in_planting
42,lasso,True,2014-04-14T00:00:00,225,2014-04-14T00:00:00,224,2014-04-14T00:00:00,224,2014-04-07T00:00:00,16,2009-08-17T00:00:00,2,soybeans_monthly_rv
42,lasso,True,2014-04-14T00:00:00,225,2014-04-14T00:00:00,224,2014-04-14T00:00:00,224,2014-04-07T00:00:00,16,2009-08-17T00:00:00,2,soybeans_seasonal_rv
42,lasso,True,2014-04-14T00:00:00,225,2014-04-14T00:00:00,224,2014-04-14T00:00:00,224,2014-04-07T00:00:00,16,2009-08-17T00:00:00,2,soybeans_weekly_jumps
42,lasso,True,2014-04-14T00:00:00,225,2014-04-14T00:00:00,224,2014-04-14T00:00:00,224,2014-04-07T00:00:00,16,2009-08-17T00:00:00,2,soybeans_weekly_rv
42,lasso,True,2014-04-14T00:00:00,225,2014-04-14T00:00:00,224,2014-04-14T00:00:00,224,2014-04-07T00:00:00,16,2009-08-17T00:00:00,2,soybeans_weekly_rvb
42,lasso,True,2014-04-14T00:00:00,225,2014-04-14T00:00:00,224,2014-04-14T00:00:00,224,2014-04-07T00:00:00,16,2009-08-17T00:00:00,2,spi_7d_extreme_dry_in_planting
42,lasso,True,2014-04-14T00:00:00,225,2014-04-14T00:00:00,224,2014-04-14T00:00:00,224,2014-04-07T00:00:00,16,2009-08-17T00:00:00,2,spi_7d_extreme_wet_in_harvesting
42,lasso,True,2014-04-14T00:00:00,225,2014-04-14T00:00:00,224,2014-04-14T00:00:00,224,2014-04-07T00:00:00,16,2009-08-17T00:00:00,2,spi_7d_very_dry_in_harvesting
42,lasso,True,2014-04-14T00:00:00,225,2014-04-14T00:00:00,224,2014-04-14T00:00:00,224,2014-04-07T00:00:00,16,2009-08-17T00:00:00,2,spi_7d_very_dry_in_planting
42,lasso,True,2014-04-14T00:00:00,225,2014-04-14T00:00:00,224,2014-04-14T00:00:00,224,2014-04-07T00:00:00,16,2009-08-17T00:00:00,2,spi_7d_very_wet_in_harvesting
42,lasso,True,2014-04-14T00:00:00,225,2014-04-14T00:00:00,224,2014-04-14T00:00:00,224,2014-04-07T00:00:00,16,2009-08-17T00:00:00,2,spi_7d_very_wet_in_planting
42,lasso,True,2014-04-14T00:00:00,225,2014-04-14T00:00:00,224,2014-04-14T00:00:00,224,2014-04-07T00:00:00,16,2009-08-17T00:00:00,2,ssta_elino
42,lasso,True,2014-04-14T00:00:00,225,2014-04-14T00:00:00,224,2014-04-14T00:00:00,224,2014-04-07T00:00:00,16,2009-08-17T00:00:00,2,ssta_lanina
42,lasso,True,2014-04-14T00:00:00,225,2014-04-14T00:00:00,224,2014-04-14T00:00:00,224,2014-04-07T00:00:00,16,2009-08-17T00:00:00,2,tmax_hot_in_harvesting
42,lasso,True,2014-04-14T00:00:00,225,2014-04-14T00:00:00,224,2014-04-14T00:00:00,224,2014-04-07T00:00:00,16,2009-08-17T00:00:00,2,tmax_hot_in_planting
42,lasso,True,2014-04-14T00:00:00,225,2014-04-14T00:00:00,224,2014-04-14T00:00:00,224,2014-04-07T00:00:00,16,2009-08-17T00:00:00,2,tmax_very_hot_in_planting
42,lasso,True,2014-04-14T00:00:00,225,2014-04-14T00:00:00,224,2014-04-14T00:00:00,224,2014-04-07T00:00:00,16,2009-08-17T00:00:00,2,tmin_cold_in_harvesting
42,lasso,True,2014-04-14T00:00:00,225,2014-04-14T00:00:00,224,2014-04-14T00:00:00,224,2014-04-07T00:00:00,16,2009-08-17T00:00:00,2,tmin_cold_in_planting
42,lasso,True,2014-04-14T00:00:00,225,2014-04-14T00:00:00,224,2014-04-14T00:00:00,224,2014-04-07T00:00:00,16,2009-08-17T00:00:00,2,tmin_very_cold_in_harvesting
42,lasso,True,2014-04-14T00:00:00,225,2014-04-14T00:00:00,224,2014-04-14T00:00:00,224,2014-04-07T00:00:00,16,2009-08-17T00:00:00,2,tmin_very_cold_in_planting
42,lasso,True,2014-04-14T00:00:00,225,2014-04-14T00:00:00,224,2014-04-14T00:00:00,224,2014-04-07T00:00:00,16,2009-08-17T00:00:00,2,wheat_weekly_rv
42,lasso,True,2014-06-16T00:00:00,233,2014-06-16T00:00:00,232,2014-06-16T00:00:00,232,2014-06-09T00:00:00,24,2009-10-26T00:00:00,3,DJIA_Index
42,lasso,True,2014-06-16T00:00:00,233,2014-06-16T00:00:00,232,2014-06-16T00:00:00,232,2014-06-09T00:00:00,24,2009-10-26T00:00:00,3,NAO_index
42,lasso,True,2014-06-16T00:00:00,233,2014-06-16T00:00:00,232,2014-06-16T00:00:00,232,2014-06-09T00:00:00,24,2009-10-26T00:00:00,3,Text_Climate_Anomaly
42,lasso,True,2014-06-16T00:00:00,233,2014-06-16T00:00:00,232,2014-06-16T00:00:00,232,2014-06-09T00:00:00,24,2009-10-26T00:00:00,3,WTI_Index
42,lasso,True,2014-06-16T00:00:00,233,2014-06-16T00:00:00,232,2014-06-16T00:00:00,232,2014-06-09T00:00:00,24,2009-10-26T00:00:00,3,awnd_extreme_high_wind_in_harvesting
42,lasso,True,2014-06-16T00:00:00,233,2014-06-16T00:00:00,232,2014-06-16T00:00:00,232,2014-06-09T00:00:00,24,2009-10-26T00:00:00,3,awnd_extreme_high_wind_in_planting
42,lasso,True,2014-06-16T00:00:00,233,2014-06-16T00:00:00,232,2014-06-16T00:00:00,232,2014-06-09T00:00:00,24,2009-10-26T00:00:00,3,awnd_moderate_high_wind_in_harvesting
42,lasso,True,2014-06-16T00:00:00,233,2014-06-16T00:00:00,232,2014-06-16T00:00:00,232,2014-06-09T00:00:00,24,2009-10-26T00:00:00,3,awnd_moderate_high_wind_in_planting
42,lasso,True,2014-06-16T00:00:00,233,2014-06-16T00:00:00,232,2014-06-16T00:00:00,232,2014-06-09T00:00:00,24,2009-10-26T00:00:00,3,co2_extreme_in_harvesting
42,lasso,True,2014-06-16T00:00:00,233,2014-06-16T00:00:00,232,2014-06-16T00:00:00,232,2014-06-09T00:00:00,24,2009-10-26T00:00:00,3,co2_extreme_in_planting
42,lasso,True,2014-06-16T00:00:00,233,2014-06-16T00:00:00,232,2014-06-16T00:00:00,232,2014-06-09T00:00:00,24,2009-10-26T00:00:00,3,corn_weekly_rv
42,lasso,True,2014-06-16T00:00:00,233,2014-06-16T00:00:00,232,2014-06-16T00:00:00,232,2014-06-09T00:00:00,24,2009-10-26T00:00:00,3,epu_index
42,lasso,True,2014-06-16T00:00:00,233,2014-06-16T00:00:00,232,2014-06-16T00:00:00,232,2014-06-09T00:00:00,24,2009-10-26T00:00:00,3,frbsf_sentiment
42,lasso,True,2014-06-16T00:00:00,233,2014-06-16T00:00:00,232,2014-06-16T00:00:00,232,2014-06-09T00:00:00,24,2009-10-26T00:00:00,3,pdsi_extreme_drought_in_harvesting
42,lasso,True,2014-06-16T00:00:00,233,2014-06-16T00:00:00,232,2014-06-16T00:00:00,232,2014-06-09T00:00:00,24,2009-10-26T00:00:00,3,pdsi_extreme_drought_in_planting
42,lasso,True,2014-06-16T00:00:00,233,2014-06-16T00:00:00,232,2014-06-16T00:00:00,232,2014-06-09T00:00:00,24,2009-10-26T00:00:00,3,pdsi_extreme_wet_in_harvesting
42,lasso,True,2014-06-16T00:00:00,233,2014-06-16T00:00:00,232,2014-06-16T00:00:00,232,2014-06-09T00:00:00,24,2009-10-26T00:00:00,3,pdsi_extreme_wet_in_planting
42,lasso,True,2014-06-16T00:00:00,233,2014-06-16T00:00:00,232,2014-06-16T00:00:00,232,2014-06-09T00:00:00,24,2009-10-26T00:00:00,3,pdsi_severe_drought_in_harvesting
42,lasso,True,2014-06-16T00:00:00,233,2014-06-16T00:00:00,232,2014-06-16T00:00:00,232,2014-06-09T00:00:00,24,2009-10-26T00:00:00,3,pdsi_severe_drought_in_planting
42,lasso,True,2014-06-16T00:00:00,233,2014-06-16T00:00:00,232,2014-06-16T00:00:00,232,2014-06-09T00:00:00,24,2009-10-26T00:00:00,3,pdsi_very_wet_in_harvesting
42,lasso,True,2014-06-16T00:00:00,233,2014-06-16T00:00:00,232,2014-06-16T00:00:00,232,2014-06-09T00:00:00,24,2009-10-26T00:00:00,3,pdsi_very_wet_in_planting
42,lasso,True,2014-06-16T00:00:00,233,2014-06-16T00:00:00,232,2014-06-16T00:00:00,232,2014-06-09T00:00:00,24,2009-10-26T00:00:00,3,soybeans_monthly_rv
42,lasso,True,2014-06-16T00:00:00,233,2014-06-16T00:00:00,232,2014-06-16T00:00:00,232,2014-06-09T00:00:00,24,2009-10-26T00:00:00,3,soybeans_seasonal_rv
42,lasso,True,2014-06-16T00:00:00,233,2014-06-16T00:00:00,232,2014-06-16T00:00:00,232,2014-06-09T00:00:00,24,2009-10-26T00:00:00,3,soybeans_weekly_jumps
42,lasso,True,2014-06-16T00:00:00,233,2014-06-16T00:00:00,232,2014-06-16T00:00:00,232,2014-06-09T00:00:00,24,2009-10-26T00:00:00,3,soybeans_weekly_rv
42,lasso,True,2014-06-16T00:00:00,233,2014-06-16T00:00:00,232,2014-06-16T00:00:00,232,2014-06-09T00:00:00,24,2009-10-26T00:00:00,3,soybeans_weekly_rvb
42,lasso,True,2014-06-16T00:00:00,233,2014-06-16T00:00:00,232,2014-06-16T00:00:00,232,2014-06-09T00:00:00,24,2009-10-26T00:00:00,3,spi_7d_extreme_dry_in_planting
42,lasso,True,2014-06-16T00:00:00,233,2014-06-16T00:00:00,232,2014-06-16T00:00:00,232,2014-06-09T00:00:00,24,2009-10-26T00:00:00,3,spi_7d_extreme_wet_in_harvesting
42,lasso,True,2014-06-16T00:00:00,233,2014-06-16T00:00:00,232,2014-06-16T00:00:00,232,2014-06-09T00:00:00,24,2009-10-26T00:00:00,3,spi_7d_very_dry_in_harvesting
42,lasso,True,2014-06-16T00:00:00,233,2014-06-16T00:00:00,232,2014-06-16T00:00:00,232,2014-06-09T00:00:00,24,2009-10-26T00:00:00,3,spi_7d_very_dry_in_planting
42,lasso,True,2014-06-16T00:00:00,233,2014-06-16T00:00:00,232,2014-06-16T00:00:00,232,2014-06-09T00:00:00,24,2009-10-26T00:00:00,3,spi_7d_very_wet_in_harvesting
42,lasso,True,2014-06-16T00:00:00,233,2014-06-16T00:00:00,232,2014-06-16T00:00:00,232,2014-06-09T00:00:00,24,2009-10-26T00:00:00,3,spi_7d_very_wet_in_planting
42,lasso,True,2014-06-16T00:00:00,233,2014-06-16T00:00:00,232,2014-06-16T00:00:00,232,2014-06-09T00:00:00,24,2009-10-26T00:00:00,3,ssta_elino
42,lasso,True,2014-06-16T00:00:00,233,2014-06-16T00:00:00,232,2014-06-16T00:00:00,232,2014-06-09T00:00:00,24,2009-10-26T00:00:00,3,ssta_lanina
42,lasso,True,2014-06-16T00:00:00,233,2014-06-16T00:00:00,232,2014-06-16T00:00:00,232,2014-06-09T00:00:00,24,2009-10-26T00:00:00,3,tmax_hot_in_harvesting
42,lasso,True,2014-06-16T00:00:00,233,2014-06-16T00:00:00,232,2014-06-16T00:00:00,232,2014-06-09T00:00:00,24,2009-10-26T00:00:00,3,tmax_hot_in_planting
42,lasso,True,2014-06-16T00:00:00,233,2014-06-16T00:00:00,232,2014-06-16T00:00:00,232,2014-06-09T00:00:00,24,2009-10-26T00:00:00,3,tmax_very_hot_in_planting
42,lasso,True,2014-06-16T00:00:00,233,2014-06-16T00:00:00,232,2014-06-16T00:00:00,232,2014-06-09T00:00:00,24,2009-10-26T00:00:00,3,tmin_cold_in_harvesting
42,lasso,True,2014-06-16T00:00:00,233,2014-06-16T00:00:00,232,2014-06-16T00:00:00,232,2014-06-09T00:00:00,24,2009-10-26T00:00:00,3,tmin_cold_in_planting
42,lasso,True,2014-06-16T00:00:00,233,2014-06-16T00:00:00,232,2014-06-16T00:00:00,232,2014-06-09T00:00:00,24,2009-10-26T00:00:00,3,tmin_very_cold_in_harvesting
42,lasso,True,2014-06-16T00:00:00,233,2014-06-16T00:00:00,232,2014-06-16T00:00:00,232,2014-06-09T00:00:00,24,2009-10-26T00:00:00,3,tmin_very_cold_in_planting
42,lasso,True,2014-06-16T00:00:00,233,2014-06-16T00:00:00,232,2014-06-16T00:00:00,232,2014-06-09T00:00:00,24,2009-10-26T00:00:00,3,wheat_weekly_rv
3,lasso,False,2014-08-11T00:00:00,241,2014-08-11T00:00:00,240,2014-08-11T00:00:00,240,2014-08-04T00:00:00,32,2009-12-28T00:00:00,4,soybeans_monthly_rv
3,lasso,False,2014-08-11T00:00:00,241,2014-08-11T00:00:00,240,2014-08-11T00:00:00,240,2014-08-04T00:00:00,32,2009-12-28T00:00:00,4,soybeans_seasonal_rv
3,lasso,False,2014-08-11T00:00:00,241,2014-08-11T00:00:00,240,2014-08-11T00:00:00,240,2014-08-04T00:00:00,32,2009-12-28T00:00:00,4,soybeans_weekly_rv
3,lasso,True,2014-10-20T00:00:00,249,2014-10-20T00:00:00,248,2014-10-20T00:00:00,248,2014-10-06T00:00:00,40,2010-03-15T00:00:00,5,soybeans_monthly_rv
3,lasso,True,2014-10-20T00:00:00,249,2014-10-20T00:00:00,248,2014-10-20T00:00:00,248,2014-10-06T00:00:00,40,2010-03-15T00:00:00,5,soybeans_seasonal_rv
3,lasso,True,2014-10-20T00:00:00,249,2014-10-20T00:00:00,248,2014-10-20T00:00:00,248,2014-10-06T00:00:00,40,2010-03-15T00:00:00,5,soybeans_weekly_rv
3,lasso,True,2014-12-15T00:00:00,257,2014-12-15T00:00:00,256,2014-12-15T00:00:00,256,2014-12-08T00:00:00,48,2010-05-10T00:00:00,6,soybeans_monthly_rv
3,lasso,True,2014-12-15T00:00:00,257,2014-12-15T00:00:00,256,2014-12-15T00:00:00,256,2014-12-08T00:00:00,48,2010-05-10T00:00:00,6,soybeans_seasonal_rv
3,lasso,True,2014-12-15T00:00:00,257,2014-12-15T00:00:00,256,2014-12-15T00:00:00,256,2014-12-08T00:00:00,48,2010-05-10T00:00:00,6,soybeans_weekly_rv
3,lasso,True,2015-02-23T00:00:00,265,2015-02-23T00:00:00,264,2015-02-23T00:00:00,264,2015-02-09T00:00:00,56,2010-07-19T00:00:00,7,soybeans_monthly_rv
3,lasso,True,2015-02-23T00:00:00,265,2015-02-23T00:00:00,264,2015-02-23T00:00:00,264,2015-02-09T00:00:00,56,2010-07-19T00:00:00,7,soybeans_seasonal_rv
3,lasso,True,2015-02-23T00:00:00,265,2015-02-23T00:00:00,264,2015-02-23T00:00:00,264,2015-02-09T00:00:00,56,2010-07-19T00:00:00,7,soybeans_weekly_rv
3,lasso,False,2015-04-20T00:00:00,273,2015-04-20T00:00:00,272,2015-04-20T00:00:00,272,2015-04-13T00:00:00,64,2010-09-20T00:00:00,8,soybeans_monthly_rv
3,lasso,False,2015-04-20T00:00:00,273,2015-04-20T00:00:00,272,2015-04-20T00:00:00,272,2015-04-13T00:00:00,64,2010-09-20T00:00:00,8,soybeans_seasonal_rv
3,lasso,False,2015-04-20T00:00:00,273,2015-04-20T00:00:00,272,2015-04-20T00:00:00,272,2015-04-13T00:00:00,64,2010-09-20T00:00:00,8,soybeans_weekly_rv
3,lasso,True,2015-06-22T00:00:00,281,2015-06-22T00:00:00,280,2015-06-22T00:00:00,280,2015-06-15T00:00:00,72,2010-11-22T00:00:00,9,soybeans_monthly_rv
3,lasso,True,2015-06-22T00:00:00,281,2015-06-22T00:00:00,280,2015-06-22T00:00:00,280,2015-06-15T00:00:00,72,2010-11-22T00:00:00,9,soybeans_seasonal_rv
3,lasso,True,2015-06-22T00:00:00,281,2015-06-22T00:00:00,280,2015-06-22T00:00:00,280,2015-06-15T00:00:00,72,2010-11-22T00:00:00,9,soybeans_weekly_rv
3,lasso,True,2015-08-17T00:00:00,289,2015-08-17T00:00:00,288,2015-08-17T00:00:00,288,2015-08-10T00:00:00,80,2011-01-24T00:00:00,10,soybeans_monthly_rv
3,lasso,True,2015-08-17T00:00:00,289,2015-08-17T00:00:00,288,2015-08-17T00:00:00,288,2015-08-10T00:00:00,80,2011-01-24T00:00:00,10,soybeans_seasonal_rv
3,lasso,True,2015-08-17T00:00:00,289,2015-08-17T00:00:00,288,2015-08-17T00:00:00,288,2015-08-10T00:00:00,80,2011-01-24T00:00:00,10,soybeans_weekly_rv
3,lasso,True,2015-10-26T00:00:00,297,2015-10-26T00:00:00,296,2015-10-26T00:00:00,296,2015-10-19T00:00:00,88,2011-03-28T00:00:00,11,soybeans_monthly_rv
3,lasso,True,2015-10-26T00:00:00,297,2015-10-26T00:00:00,296,2015-10-26T00:00:00,296,2015-10-19T00:00:00,88,2011-03-28T00:00:00,11,soybeans_seasonal_rv
3,lasso,True,2015-10-26T00:00:00,297,2015-10-26T00:00:00,296,2015-10-26T00:00:00,296,2015-10-19T00:00:00,88,2011-03-28T00:00:00,11,soybeans_weekly_rv
3,lasso,False,2015-12-21T00:00:00,305,2015-12-21T00:00:00,304,2015-12-21T00:00:00,304,2015-12-14T00:00:00,96,2011-05-23T00:00:00,12,soybeans_monthly_rv
3,lasso,False,2015-12-21T00:00:00,305,2015-12-21T00:00:00,304,2015-12-21T00:00:00,304,2015-12-14T00:00:00,96,2011-05-23T00:00:00,12,soybeans_seasonal_rv
3,lasso,False,2015-12-21T00:00:00,305,2015-12-21T00:00:00,304,2015-12-21T00:00:00,304,2015-12-14T00:00:00,96,2011-05-23T00:00:00,12,soybeans_weekly_rv
3,lasso,True,2016-03-07T00:00:00,313,2016-03-07T00:00:00,312,2016-03-07T00:00:00,312,2016-02-29T00:00:00,104,2011-08-01T00:00:00,13,soybeans_monthly_rv
3,lasso,True,2016-03-07T00:00:00,313,2016-03-07T00:00:00,312,2016-03-07T00:00:00,312,2016-02-29T00:00:00,104,2011-08-01T00:00:00,13,soybeans_seasonal_rv
3,lasso,True,2016-03-07T00:00:00,313,2016-03-07T00:00:00,312,2016-03-07T00:00:00,312,2016-02-29T00:00:00,104,2011-08-01T00:00:00,13,soybeans_weekly_rv
3,lasso,True,2016-05-02T00:00:00,321,2016-05-02T00:00:00,320,2016-05-02T00:00:00,320,2016-04-25T00:00:00,112,2011-10-03T00:00:00,14,soybeans_monthly_rv
3,lasso,True,2016-05-02T00:00:00,321,2016-05-02T00:00:00,320,2016-05-02T00:00:00,320,2016-04-25T00:00:00,112,2011-10-03T00:00:00,14,soybeans_seasonal_rv
3,lasso,True,2016-05-02T00:00:00,321,2016-05-02T00:00:00,320,2016-05-02T00:00:00,320,2016-04-25T00:00:00,112,2011-10-03T00:00:00,14,soybeans_weekly_rv
3,lasso,True,2016-07-11T00:00:00,329,2016-07-11T00:00:00,328,2016-07-11T00:00:00,328,2016-06-27T00:00:00,120,2011-12-05T00:00:00,15,soybeans_monthly_rv
3,lasso,True,2016-07-11T00:00:00,329,2016-07-11T00:00:00,328,2016-07-11T00:00:00,328,2016-06-27T00:00:00,120,2011-12-05T00:00:00,15,soybeans_seasonal_rv
3,lasso,True,2016-07-11T00:00:00,329,2016-07-11T00:00:00,328,2016-07-11T00:00:00,328,2016-06-27T00:00:00,120,2011-12-05T00:00:00,15,soybeans_weekly_rv
8,lasso,False,2016-09-12T00:00:00,337,2016-09-12T00:00:00,336,2016-09-12T00:00:00,336,2016-08-29T00:00:00,128,2012-02-27T00:00:00,16,NAO_index
8,lasso,False,2016-09-12T00:00:00,337,2016-09-12T00:00:00,336,2016-09-12T00:00:00,336,2016-08-29T00:00:00,128,2012-02-27T00:00:00,16,soybeans_monthly_rv
8,lasso,False,2016-09-12T00:00:00,337,2016-09-12T00:00:00,336,2016-09-12T00:00:00,336,2016-08-29T00:00:00,128,2012-02-27T00:00:00,16,soybeans_seasonal_rv
8,lasso,False,2016-09-12T00:00:00,337,2016-09-12T00:00:00,336,2016-09-12T00:00:00,336,2016-08-29T00:00:00,128,2012-02-27T00:00:00,16,soybeans_weekly_rv
8,lasso,False,2016-09-12T00:00:00,337,2016-09-12T00:00:00,336,2016-09-12T00:00:00,336,2016-08-29T00:00:00,128,2012-02-27T00:00:00,16,soybeans_weekly_rvg
8,lasso,False,2016-09-12T00:00:00,337,2016-09-12T00:00:00,336,2016-09-12T00:00:00,336,2016-08-29T00:00:00,128,2012-02-27T00:00:00,16,ssta_elino
8,lasso,False,2016-09-12T00:00:00,337,2016-09-12T00:00:00,336,2016-09-12T00:00:00,336,2016-08-29T00:00:00,128,2012-02-27T00:00:00,16,tmax_hot_in_planting
8,lasso,False,2016-09-12T00:00:00,337,2016-09-12T00:00:00,336,2016-09-12T00:00:00,336,2016-08-29T00:00:00,128,2012-02-27T00:00:00,16,tmin_very_cold_in_planting
8,lasso,True,2016-11-14T00:00:00,345,2016-11-14T00:00:00,344,2016-11-14T00:00:00,344,2016-11-07T00:00:00,136,2012-04-23T00:00:00,17,NAO_index
8,lasso,True,2016-11-14T00:00:00,345,2016-11-14T00:00:00,344,2016-11-14T00:00:00,344,2016-11-07T00:00:00,136,2012-04-23T00:00:00,17,soybeans_monthly_rv
8,lasso,True,2016-11-14T00:00:00,345,2016-11-14T00:00:00,344,2016-11-14T00:00:00,344,2016-11-07T00:00:00,136,2012-04-23T00:00:00,17,soybeans_seasonal_rv
8,lasso,True,2016-11-14T00:00:00,345,2016-11-14T00:00:00,344,2016-11-14T00:00:00,344,2016-11-07T00:00:00,136,2012-04-23T00:00:00,17,soybeans_weekly_rv
8,lasso,True,2016-11-14T00:00:00,345,2016-11-14T00:00:00,344,2016-11-14T00:00:00,344,2016-11-07T00:00:00,136,2012-04-23T00:00:00,17,soybeans_weekly_rvg
8,lasso,True,2016-11-14T00:00:00,345,2016-11-14T00:00:00,344,2016-11-14T00:00:00,344,2016-11-07T00:00:00,136,2012-04-23T00:00:00,17,ssta_elino
8,lasso,True,2016-11-14T00:00:00,345,2016-11-14T00:00:00,344,2016-11-14T00:00:00,344,2016-11-07T00:00:00,136,2012-04-23T00:00:00,17,tmax_hot_in_planting
8,lasso,True,2016-11-14T00:00:00,345,2016-11-14T00:00:00,344,2016-11-14T00:00:00,344,2016-11-07T00:00:00,136,2012-04-23T00:00:00,17,tmin_very_cold_in_planting
8,lasso,True,2017-01-30T00:00:00,353,2017-01-30T00:00:00,352,2017-01-30T00:00:00,352,2017-01-23T00:00:00,144,2012-06-25T00:00:00,18,NAO_index
8,lasso,True,2017-01-30T00:00:00,353,2017-01-30T00:00:00,352,2017-01-30T00:00:00,352,2017-01-23T00:00:00,144,2012-06-25T00:00:00,18,soybeans_monthly_rv
8,lasso,True,2017-01-30T00:00:00,353,2017-01-30T00:00:00,352,2017-01-30T00:00:00,352,2017-01-23T00:00:00,144,2012-06-25T00:00:00,18,soybeans_seasonal_rv
8,lasso,True,2017-01-30T00:00:00,353,2017-01-30T00:00:00,352,2017-01-30T00:00:00,352,2017-01-23T00:00:00,144,2012-06-25T00:00:00,18,soybeans_weekly_rv
8,lasso,True,2017-01-30T00:00:00,353,2017-01-30T00:00:00,352,2017-01-30T00:00:00,352,2017-01-23T00:00:00,144,2012-06-25T00:00:00,18,soybeans_weekly_rvg
8,lasso,True,2017-01-30T00:00:00,353,2017-01-30T00:00:00,352,2017-01-30T00:00:00,352,2017-01-23T00:00:00,144,2012-06-25T00:00:00,18,ssta_elino
8,lasso,True,2017-01-30T00:00:00,353,2017-01-30T00:00:00,352,2017-01-30T00:00:00,352,2017-01-23T00:00:00,144,2012-06-25T00:00:00,18,tmax_hot_in_planting
8,lasso,True,2017-01-30T00:00:00,353,2017-01-30T00:00:00,352,2017-01-30T00:00:00,352,2017-01-23T00:00:00,144,2012-06-25T00:00:00,18,tmin_very_cold_in_planting
8,lasso,True,2017-04-03T00:00:00,361,2017-04-03T00:00:00,360,2017-04-03T00:00:00,360,2017-03-27T00:00:00,152,2012-08-20T00:00:00,19,NAO_index
8,lasso,True,2017-04-03T00:00:00,361,2017-04-03T00:00:00,360,2017-04-03T00:00:00,360,2017-03-27T00:00:00,152,2012-08-20T00:00:00,19,soybeans_monthly_rv
8,lasso,True,2017-04-03T00:00:00,361,2017-04-03T00:00:00,360,2017-04-03T00:00:00,360,2017-03-27T00:00:00,152,2012-08-20T00:00:00,19,soybeans_seasonal_rv
8,lasso,True,2017-04-03T00:00:00,361,2017-04-03T00:00:00,360,2017-04-03T00:00:00,360,2017-03-27T00:00:00,152,2012-08-20T00:00:00,19,soybeans_weekly_rv
8,lasso,True,2017-04-03T00:00:00,361,2017-04-03T00:00:00,360,2017-04-03T00:00:00,360,2017-03-27T00:00:00,152,2012-08-20T00:00:00,19,soybeans_weekly_rvg
8,lasso,True,2017-04-03T00:00:00,361,2017-04-03T00:00:00,360,2017-04-03T00:00:00,360,2017-03-27T00:00:00,152,2012-08-20T00:00:00,19,ssta_elino
8,lasso,True,2017-04-03T00:00:00,361,2017-04-03T00:00:00,360,2017-04-03T00:00:00,360,2017-03-27T00:00:00,152,2012-08-20T00:00:00,19,tmax_hot_in_planting
8,lasso,True,2017-04-03T00:00:00,361,2017-04-03T00:00:00,360,2017-04-03T00:00:00,360,2017-03-27T00:00:00,152,2012-08-20T00:00:00,19,tmin_very_cold_in_planting
5,lasso,False,2017-06-05T00:00:00,369,2017-06-05T00:00:00,368,2017-06-05T00:00:00,368,2017-05-22T00:00:00,160,2012-11-05T00:00:00,20,NAO_index
5,lasso,False,2017-06-05T00:00:00,369,2017-06-05T00:00:00,368,2017-06-05T00:00:00,368,2017-05-22T00:00:00,160,2012-11-05T00:00:00,20,soybeans_monthly_rv
5,lasso,False,2017-06-05T00:00:00,369,2017-06-05T00:00:00,368,2017-06-05T00:00:00,368,2017-05-22T00:00:00,160,2012-11-05T00:00:00,20,soybeans_seasonal_rv
5,lasso,False,2017-06-05T00:00:00,369,2017-06-05T00:00:00,368,2017-06-05T00:00:00,368,2017-05-22T00:00:00,160,2012-11-05T00:00:00,20,soybeans_weekly_rv
5,lasso,False,2017-06-05T00:00:00,369,2017-06-05T00:00:00,368,2017-06-05T00:00:00,368,2017-05-22T00:00:00,160,2012-11-05T00:00:00,20,soybeans_weekly_rvg
5,lasso,True,2017-07-31T00:00:00,377,2017-07-31T00:00:00,376,2017-07-31T00:00:00,376,2017-07-24T00:00:00,168,2013-01-07T00:00:00,21,NAO_index
5,lasso,True,2017-07-31T00:00:00,377,2017-07-31T00:00:00,376,2017-07-31T00:00:00,376,2017-07-24T00:00:00,168,2013-01-07T00:00:00,21,soybeans_monthly_rv
5,lasso,True,2017-07-31T00:00:00,377,2017-07-31T00:00:00,376,2017-07-31T00:00:00,376,2017-07-24T00:00:00,168,2013-01-07T00:00:00,21,soybeans_seasonal_rv
5,lasso,True,2017-07-31T00:00:00,377,2017-07-31T00:00:00,376,2017-07-31T00:00:00,376,2017-07-24T00:00:00,168,2013-01-07T00:00:00,21,soybeans_weekly_rv
5,lasso,True,2017-07-31T00:00:00,377,2017-07-31T00:00:00,376,2017-07-31T00:00:00,376,2017-07-24T00:00:00,168,2013-01-07T00:00:00,21,soybeans_weekly_rvg
5,lasso,True,2017-10-02T00:00:00,385,2017-10-02T00:00:00,384,2017-10-02T00:00:00,384,2017-09-25T00:00:00,176,2013-03-18T00:00:00,22,NAO_index
5,lasso,True,2017-10-02T00:00:00,385,2017-10-02T00:00:00,384,2017-10-02T00:00:00,384,2017-09-25T00:00:00,176,2013-03-18T00:00:00,22,soybeans_monthly_rv
5,lasso,True,2017-10-02T00:00:00,385,2017-10-02T00:00:00,384,2017-10-02T00:00:00,384,2017-09-25T00:00:00,176,2013-03-18T00:00:00,22,soybeans_seasonal_rv
5,lasso,True,2017-10-02T00:00:00,385,2017-10-02T00:00:00,384,2017-10-02T00:00:00,384,2017-09-25T00:00:00,176,2013-03-18T00:00:00,22,soybeans_weekly_rv
5,lasso,True,2017-10-02T00:00:00,385,2017-10-02T00:00:00,384,2017-10-02T00:00:00,384,2017-09-25T00:00:00,176,2013-03-18T00:00:00,22,soybeans_weekly_rvg
5,lasso,True,2017-12-04T00:00:00,393,2017-12-04T00:00:00,392,2017-12-04T00:00:00,392,2017-11-27T00:00:00,184,2013-05-13T00:00:00,23,NAO_index
5,lasso,True,2017-12-04T00:00:00,393,2017-12-04T00:00:00,392,2017-12-04T00:00:00,392,2017-11-27T00:00:00,184,2013-05-13T00:00:00,23,soybeans_monthly_rv
5,lasso,True,2017-12-04T00:00:00,393,2017-12-04T00:00:00,392,2017-12-04T00:00:00,392,2017-11-27T00:00:00,184,2013-05-13T00:00:00,23,soybeans_seasonal_rv
5,lasso,True,2017-12-04T00:00:00,393,2017-12-04T00:00:00,392,2017-12-04T00:00:00,392,2017-11-27T00:00:00,184,2013-05-13T00:00:00,23,soybeans_weekly_rv
5,lasso,True,2017-12-04T00:00:00,393,2017-12-04T00:00:00,392,2017-12-04T00:00:00,392,2017-11-27T00:00:00,184,2013-05-13T00:00:00,23,soybeans_weekly_rvg
18,lasso,False,2018-02-26T00:00:00,401,2018-02-26T00:00:00,400,2018-02-26T00:00:00,400,2018-02-12T00:00:00,192,2013-07-15T00:00:00,24,DJIA_Index
18,lasso,False,2018-02-26T00:00:00,401,2018-02-26T00:00:00,400,2018-02-26T00:00:00,400,2018-02-12T00:00:00,192,2013-07-15T00:00:00,24,NAO_index
18,lasso,False,2018-02-26T00:00:00,401,2018-02-26T00:00:00,400,2018-02-26T00:00:00,400,2018-02-12T00:00:00,192,2013-07-15T00:00:00,24,co2_extreme_in_planting
18,lasso,False,2018-02-26T00:00:00,401,2018-02-26T00:00:00,400,2018-02-26T00:00:00,400,2018-02-12T00:00:00,192,2013-07-15T00:00:00,24,epu_index
18,lasso,False,2018-02-26T00:00:00,401,2018-02-26T00:00:00,400,2018-02-26T00:00:00,400,2018-02-12T00:00:00,192,2013-07-15T00:00:00,24,frbsf_sentiment
18,lasso,False,2018-02-26T00:00:00,401,2018-02-26T00:00:00,400,2018-02-26T00:00:00,400,2018-02-12T00:00:00,192,2013-07-15T00:00:00,24,pdsi_extreme_wet_in_harvesting
18,lasso,False,2018-02-26T00:00:00,401,2018-02-26T00:00:00,400,2018-02-26T00:00:00,400,2018-02-12T00:00:00,192,2013-07-15T00:00:00,24,soybeans_monthly_rv
18,lasso,False,2018-02-26T00:00:00,401,2018-02-26T00:00:00,400,2018-02-26T00:00:00,400,2018-02-12T00:00:00,192,2013-07-15T00:00:00,24,soybeans_seasonal_rv
18,lasso,False,2018-02-26T00:00:00,401,2018-02-26T00:00:00,400,2018-02-26T00:00:00,400,2018-02-12T00:00:00,192,2013-07-15T00:00:00,24,soybeans_weekly_rv
18,lasso,False,2018-02-26T00:00:00,401,2018-02-26T00:00:00,400,2018-02-26T00:00:00,400,2018-02-12T00:00:00,192,2013-07-15T00:00:00,24,soybeans_weekly_rvb
18,lasso,False,2018-02-26T00:00:00,401,2018-02-26T00:00:00,400,2018-02-26T00:00:00,400,2018-02-12T00:00:00,192,2013-07-15T00:00:00,24,soybeans_weekly_rvg
18,lasso,False,2018-02-26T00:00:00,401,2018-02-26T00:00:00,400,2018-02-26T00:00:00,400,2018-02-12T00:00:00,192,2013-07-15T00:00:00,24,spi_7d_extreme_wet_in_harvesting
18,lasso,False,2018-02-26T00:00:00,401,2018-02-26T00:00:00,400,2018-02-26T00:00:00,400,2018-02-12T00:00:00,192,2013-07-15T00:00:00,24,spi_7d_very_wet_in_planting
18,lasso,False,2018-02-26T00:00:00,401,2018-02-26T00:00:00,400,2018-02-26T00:00:00,400,2018-02-12T00:00:00,192,2013-07-15T00:00:00,24,ssta_elino
18,lasso,False,2018-02-26T00:00:00,401,2018-02-26T00:00:00,400,2018-02-26T00:00:00,400,2018-02-12T00:00:00,192,2013-07-15T00:00:00,24,tmax_hot_in_harvesting
18,lasso,False,2018-02-26T00:00:00,401,2018-02-26T00:00:00,400,2018-02-26T00:00:00,400,2018-02-12T00:00:00,192,2013-07-15T00:00:00,24,tmax_hot_in_planting
18,lasso,False,2018-02-26T00:00:00,401,2018-02-26T00:00:00,400,2018-02-26T00:00:00,400,2018-02-12T00:00:00,192,2013-07-15T00:00:00,24,tmin_very_cold_in_harvesting
18,lasso,False,2018-02-26T00:00:00,401,2018-02-26T00:00:00,400,2018-02-26T00:00:00,400,2018-02-12T00:00:00,192,2013-07-15T00:00:00,24,tmin_very_cold_in_planting
18,lasso,True,2018-04-23T00:00:00,409,2018-04-23T00:00:00,408,2018-04-23T00:00:00,408,2018-04-16T00:00:00,200,2013-09-16T00:00:00,25,DJIA_Index
18,lasso,True,2018-04-23T00:00:00,409,2018-04-23T00:00:00,408,2018-04-23T00:00:00,408,2018-04-16T00:00:00,200,2013-09-16T00:00:00,25,NAO_index
18,lasso,True,2018-04-23T00:00:00,409,2018-04-23T00:00:00,408,2018-04-23T00:00:00,408,2018-04-16T00:00:00,200,2013-09-16T00:00:00,25,co2_extreme_in_planting
18,lasso,True,2018-04-23T00:00:00,409,2018-04-23T00:00:00,408,2018-04-23T00:00:00,408,2018-04-16T00:00:00,200,2013-09-16T00:00:00,25,epu_index
18,lasso,True,2018-04-23T00:00:00,409,2018-04-23T00:00:00,408,2018-04-23T00:00:00,408,2018-04-16T00:00:00,200,2013-09-16T00:00:00,25,frbsf_sentiment
18,lasso,True,2018-04-23T00:00:00,409,2018-04-23T00:00:00,408,2018-04-23T00:00:00,408,2018-04-16T00:00:00,200,2013-09-16T00:00:00,25,pdsi_extreme_wet_in_harvesting
18,lasso,True,2018-04-23T00:00:00,409,2018-04-23T00:00:00,408,2018-04-23T00:00:00,408,2018-04-16T00:00:00,200,2013-09-16T00:00:00,25,soybeans_monthly_rv
18,lasso,True,2018-04-23T00:00:00,409,2018-04-23T00:00:00,408,2018-04-23T00:00:00,408,2018-04-16T00:00:00,200,2013-09-16T00:00:00,25,soybeans_seasonal_rv
18,lasso,True,2018-04-23T00:00:00,409,2018-04-23T00:00:00,408,2018-04-23T00:00:00,408,2018-04-16T00:00:00,200,2013-09-16T00:00:00,25,soybeans_weekly_rv
18,lasso,True,2018-04-23T00:00:00,409,2018-04-23T00:00:00,408,2018-04-23T00:00:00,408,2018-04-16T00:00:00,200,2013-09-16T00:00:00,25,soybeans_weekly_rvb
18,lasso,True,2018-04-23T00:00:00,409,2018-04-23T00:00:00,408,2018-04-23T00:00:00,408,2018-04-16T00:00:00,200,2013-09-16T00:00:00,25,soybeans_weekly_rvg
18,lasso,True,2018-04-23T00:00:00,409,2018-04-23T00:00:00,408,2018-04-23T00:00:00,408,2018-04-16T00:00:00,200,2013-09-16T00:00:00,25,spi_7d_extreme_wet_in_harvesting
18,lasso,True,2018-04-23T00:00:00,409,2018-04-23T00:00:00,408,2018-04-23T00:00:00,408,2018-04-16T00:00:00,200,2013-09-16T00:00:00,25,spi_7d_very_wet_in_planting
18,lasso,True,2018-04-23T00:00:00,409,2018-04-23T00:00:00,408,2018-04-23T00:00:00,408,2018-04-16T00:00:00,200,2013-09-16T00:00:00,25,ssta_elino
18,lasso,True,2018-04-23T00:00:00,409,2018-04-23T00:00:00,408,2018-04-23T00:00:00,408,2018-04-16T00:00:00,200,2013-09-16T00:00:00,25,tmax_hot_in_harvesting
18,lasso,True,2018-04-23T00:00:00,409,2018-04-23T00:00:00,408,2018-04-23T00:00:00,408,2018-04-16T00:00:00,200,2013-09-16T00:00:00,25,tmax_hot_in_planting
18,lasso,True,2018-04-23T00:00:00,409,2018-04-23T00:00:00,408,2018-04-23T00:00:00,408,2018-04-16T00:00:00,200,2013-09-16T00:00:00,25,tmin_very_cold_in_harvesting
18,lasso,True,2018-04-23T00:00:00,409,2018-04-23T00:00:00,408,2018-04-23T00:00:00,408,2018-04-16T00:00:00,200,2013-09-16T00:00:00,25,tmin_very_cold_in_planting
18,lasso,True,2018-06-25T00:00:00,417,2018-06-25T00:00:00,416,2018-06-25T00:00:00,416,2018-06-18T00:00:00,208,2013-11-25T00:00:00,26,DJIA_Index
18,lasso,True,2018-06-25T00:00:00,417,2018-06-25T00:00:00,416,2018-06-25T00:00:00,416,2018-06-18T00:00:00,208,2013-11-25T00:00:00,26,NAO_index
18,lasso,True,2018-06-25T00:00:00,417,2018-06-25T00:00:00,416,2018-06-25T00:00:00,416,2018-06-18T00:00:00,208,2013-11-25T00:00:00,26,co2_extreme_in_planting
18,lasso,True,2018-06-25T00:00:00,417,2018-06-25T00:00:00,416,2018-06-25T00:00:00,416,2018-06-18T00:00:00,208,2013-11-25T00:00:00,26,epu_index
18,lasso,True,2018-06-25T00:00:00,417,2018-06-25T00:00:00,416,2018-06-25T00:00:00,416,2018-06-18T00:00:00,208,2013-11-25T00:00:00,26,frbsf_sentiment
18,lasso,True,2018-06-25T00:00:00,417,2018-06-25T00:00:00,416,2018-06-25T00:00:00,416,2018-06-18T00:00:00,208,2013-11-25T00:00:00,26,pdsi_extreme_wet_in_harvesting
18,lasso,True,2018-06-25T00:00:00,417,2018-06-25T00:00:00,416,2018-06-25T00:00:00,416,2018-06-18T00:00:00,208,2013-11-25T00:00:00,26,soybeans_monthly_rv
18,lasso,True,2018-06-25T00:00:00,417,2018-06-25T00:00:00,416,2018-06-25T00:00:00,416,2018-06-18T00:00:00,208,2013-11-25T00:00:00,26,soybeans_seasonal_rv
18,lasso,True,2018-06-25T00:00:00,417,2018-06-25T00:00:00,416,2018-06-25T00:00:00,416,2018-06-18T00:00:00,208,2013-11-25T00:00:00,26,soybeans_weekly_rv
18,lasso,True,2018-06-25T00:00:00,417,2018-06-25T00:00:00,416,2018-06-25T00:00:00,416,2018-06-18T00:00:00,208,2013-11-25T00:00:00,26,soybeans_weekly_rvb
18,lasso,True,2018-06-25T00:00:00,417,2018-06-25T00:00:00,416,2018-06-25T00:00:00,416,2018-06-18T00:00:00,208,2013-11-25T00:00:00,26,soybeans_weekly_rvg
18,lasso,True,2018-06-25T00:00:00,417,2018-06-25T00:00:00,416,2018-06-25T00:00:00,416,2018-06-18T00:00:00,208,2013-11-25T00:00:00,26,spi_7d_extreme_wet_in_harvesting
18,lasso,True,2018-06-25T00:00:00,417,2018-06-25T00:00:00,416,2018-06-25T00:00:00,416,2018-06-18T00:00:00,208,2013-11-25T00:00:00,26,spi_7d_very_wet_in_planting
18,lasso,True,2018-06-25T00:00:00,417,2018-06-25T00:00:00,416,2018-06-25T00:00:00,416,2018-06-18T00:00:00,208,2013-11-25T00:00:00,26,ssta_elino
18,lasso,True,2018-06-25T00:00:00,417,2018-06-25T00:00:00,416,2018-06-25T00:00:00,416,2018-06-18T00:00:00,208,2013-11-25T00:00:00,26,tmax_hot_in_harvesting
18,lasso,True,2018-06-25T00:00:00,417,2018-06-25T00:00:00,416,2018-06-25T00:00:00,416,2018-06-18T00:00:00,208,2013-11-25T00:00:00,26,tmax_hot_in_planting
18,lasso,True,2018-06-25T00:00:00,417,2018-06-25T00:00:00,416,2018-06-25T00:00:00,416,2018-06-18T00:00:00,208,2013-11-25T00:00:00,26,tmin_very_cold_in_harvesting
18,lasso,True,2018-06-25T00:00:00,417,2018-06-25T00:00:00,416,2018-06-25T00:00:00,416,2018-06-18T00:00:00,208,2013-11-25T00:00:00,26,tmin_very_cold_in_planting
18,lasso,True,2018-08-20T00:00:00,425,2018-08-20T00:00:00,424,2018-08-20T00:00:00,424,2018-08-13T00:00:00,216,2014-01-27T00:00:00,27,DJIA_Index
18,lasso,True,2018-08-20T00:00:00,425,2018-08-20T00:00:00,424,2018-08-20T00:00:00,424,2018-08-13T00:00:00,216,2014-01-27T00:00:00,27,NAO_index
18,lasso,True,2018-08-20T00:00:00,425,2018-08-20T00:00:00,424,2018-08-20T00:00:00,424,2018-08-13T00:00:00,216,2014-01-27T00:00:00,27,co2_extreme_in_planting
18,lasso,True,2018-08-20T00:00:00,425,2018-08-20T00:00:00,424,2018-08-20T00:00:00,424,2018-08-13T00:00:00,216,2014-01-27T00:00:00,27,epu_index
18,lasso,True,2018-08-20T00:00:00,425,2018-08-20T00:00:00,424,2018-08-20T00:00:00,424,2018-08-13T00:00:00,216,2014-01-27T00:00:00,27,frbsf_sentiment
18,lasso,True,2018-08-20T00:00:00,425,2018-08-20T00:00:00,424,2018-08-20T00:00:00,424,2018-08-13T00:00:00,216,2014-01-27T00:00:00,27,pdsi_extreme_wet_in_harvesting
18,lasso,True,2018-08-20T00:00:00,425,2018-08-20T00:00:00,424,2018-08-20T00:00:00,424,2018-08-13T00:00:00,216,2014-01-27T00:00:00,27,soybeans_monthly_rv
18,lasso,True,2018-08-20T00:00:00,425,2018-08-20T00:00:00,424,2018-08-20T00:00:00,424,2018-08-13T00:00:00,216,2014-01-27T00:00:00,27,soybeans_seasonal_rv
18,lasso,True,2018-08-20T00:00:00,425,2018-08-20T00:00:00,424,2018-08-20T00:00:00,424,2018-08-13T00:00:00,216,2014-01-27T00:00:00,27,soybeans_weekly_rv
18,lasso,True,2018-08-20T00:00:00,425,2018-08-20T00:00:00,424,2018-08-20T00:00:00,424,2018-08-13T00:00:00,216,2014-01-27T00:00:00,27,soybeans_weekly_rvb
18,lasso,True,2018-08-20T00:00:00,425,2018-08-20T00:00:00,424,2018-08-20T00:00:00,424,2018-08-13T00:00:00,216,2014-01-27T00:00:00,27,soybeans_weekly_rvg
18,lasso,True,2018-08-20T00:00:00,425,2018-08-20T00:00:00,424,2018-08-20T00:00:00,424,2018-08-13T00:00:00,216,2014-01-27T00:00:00,27,spi_7d_extreme_wet_in_harvesting
18,lasso,True,2018-08-20T00:00:00,425,2018-08-20T00:00:00,424,2018-08-20T00:00:00,424,2018-08-13T00:00:00,216,2014-01-27T00:00:00,27,spi_7d_very_wet_in_planting
18,lasso,True,2018-08-20T00:00:00,425,2018-08-20T00:00:00,424,2018-08-20T00:00:00,424,2018-08-13T00:00:00,216,2014-01-27T00:00:00,27,ssta_elino
18,lasso,True,2018-08-20T00:00:00,425,2018-08-20T00:00:00,424,2018-08-20T00:00:00,424,2018-08-13T00:00:00,216,2014-01-27T00:00:00,27,tmax_hot_in_harvesting
18,lasso,True,2018-08-20T00:00:00,425,2018-08-20T00:00:00,424,2018-08-20T00:00:00,424,2018-08-13T00:00:00,216,2014-01-27T00:00:00,27,tmax_hot_in_planting
18,lasso,True,2018-08-20T00:00:00,425,2018-08-20T00:00:00,424,2018-08-20T00:00:00,424,2018-08-13T00:00:00,216,2014-01-27T00:00:00,27,tmin_very_cold_in_harvesting
18,lasso,True,2018-08-20T00:00:00,425,2018-08-20T00:00:00,424,2018-08-20T00:00:00,424,2018-08-13T00:00:00,216,2014-01-27T00:00:00,27,tmin_very_cold_in_planting
20,lasso,False,2018-10-29T00:00:00,433,2018-10-29T00:00:00,432,2018-10-29T00:00:00,432,2018-10-22T00:00:00,224,2014-04-14T00:00:00,28,Broad_Dollar_index
20,lasso,False,2018-10-29T00:00:00,433,2018-10-29T00:00:00,432,2018-10-29T00:00:00,432,2018-10-22T00:00:00,224,2014-04-14T00:00:00,28,DJIA_Index
20,lasso,False,2018-10-29T00:00:00,433,2018-10-29T00:00:00,432,2018-10-29T00:00:00,432,2018-10-22T00:00:00,224,2014-04-14T00:00:00,28,WTI_Index
20,lasso,False,2018-10-29T00:00:00,433,2018-10-29T00:00:00,432,2018-10-29T00:00:00,432,2018-10-22T00:00:00,224,2014-04-14T00:00:00,28,co2_extreme_in_planting
20,lasso,False,2018-10-29T00:00:00,433,2018-10-29T00:00:00,432,2018-10-29T00:00:00,432,2018-10-22T00:00:00,224,2014-04-14T00:00:00,28,epu_index
20,lasso,False,2018-10-29T00:00:00,433,2018-10-29T00:00:00,432,2018-10-29T00:00:00,432,2018-10-22T00:00:00,224,2014-04-14T00:00:00,28,frbsf_sentiment
20,lasso,False,2018-10-29T00:00:00,433,2018-10-29T00:00:00,432,2018-10-29T00:00:00,432,2018-10-22T00:00:00,224,2014-04-14T00:00:00,28,pdsi_very_wet_in_planting
20,lasso,False,2018-10-29T00:00:00,433,2018-10-29T00:00:00,432,2018-10-29T00:00:00,432,2018-10-22T00:00:00,224,2014-04-14T00:00:00,28,soybeans_monthly_rv
20,lasso,False,2018-10-29T00:00:00,433,2018-10-29T00:00:00,432,2018-10-29T00:00:00,432,2018-10-22T00:00:00,224,2014-04-14T00:00:00,28,soybeans_seasonal_rv
20,lasso,False,2018-10-29T00:00:00,433,2018-10-29T00:00:00,432,2018-10-29T00:00:00,432,2018-10-22T00:00:00,224,2014-04-14T00:00:00,28,soybeans_weekly_rv
20,lasso,False,2018-10-29T00:00:00,433,2018-10-29T00:00:00,432,2018-10-29T00:00:00,432,2018-10-22T00:00:00,224,2014-04-14T00:00:00,28,soybeans_weekly_rvg
20,lasso,False,2018-10-29T00:00:00,433,2018-10-29T00:00:00,432,2018-10-29T00:00:00,432,2018-10-22T00:00:00,224,2014-04-14T00:00:00,28,spi_7d_extreme_wet_in_harvesting
20,lasso,False,2018-10-29T00:00:00,433,2018-10-29T00:00:00,432,2018-10-29T00:00:00,432,2018-10-22T00:00:00,224,2014-04-14T00:00:00,28,spi_7d_very_wet_in_planting
20,lasso,False,2018-10-29T00:00:00,433,2018-10-29T00:00:00,432,2018-10-29T00:00:00,432,2018-10-22T00:00:00,224,2014-04-14T00:00:00,28,ssta_elino
20,lasso,False,2018-10-29T00:00:00,433,2018-10-29T00:00:00,432,2018-10-29T00:00:00,432,2018-10-22T00:00:00,224,2014-04-14T00:00:00,28,tmax_hot_in_harvesting
20,lasso,False,2018-10-29T00:00:00,433,2018-10-29T00:00:00,432,2018-10-29T00:00:00,432,2018-10-22T00:00:00,224,2014-04-14T00:00:00,28,tmax_hot_in_planting
20,lasso,False,2018-10-29T00:00:00,433,2018-10-29T00:00:00,432,2018-10-29T00:00:00,432,2018-10-22T00:00:00,224,2014-04-14T00:00:00,28,tmax_very_hot_in_harvesting
20,lasso,False,2018-10-29T00:00:00,433,2018-10-29T00:00:00,432,2018-10-29T00:00:00,432,2018-10-22T00:00:00,224,2014-04-14T00:00:00,28,tmax_very_hot_in_planting
20,lasso,False,2018-10-29T00:00:00,433,2018-10-29T00:00:00,432,2018-10-29T00:00:00,432,2018-10-22T00:00:00,224,2014-04-14T00:00:00,28,tmin_very_cold_in_harvesting
20,lasso,False,2018-10-29T00:00:00,433,2018-10-29T00:00:00,432,2018-10-29T00:00:00,432,2018-10-22T00:00:00,224,2014-04-14T00:00:00,28,tmin_very_cold_in_planting
20,lasso,True,2018-12-31T00:00:00,441,2018-12-31T00:00:00,440,2018-12-31T00:00:00,440,2018-12-24T00:00:00,232,2014-06-16T00:00:00,29,Broad_Dollar_index
20,lasso,True,2018-12-31T00:00:00,441,2018-12-31T00:00:00,440,2018-12-31T00:00:00,440,2018-12-24T00:00:00,232,2014-06-16T00:00:00,29,DJIA_Index
20,lasso,True,2018-12-31T00:00:00,441,2018-12-31T00:00:00,440,2018-12-31T00:00:00,440,2018-12-24T00:00:00,232,2014-06-16T00:00:00,29,WTI_Index
20,lasso,True,2018-12-31T00:00:00,441,2018-12-31T00:00:00,440,2018-12-31T00:00:00,440,2018-12-24T00:00:00,232,2014-06-16T00:00:00,29,co2_extreme_in_planting
20,lasso,True,2018-12-31T00:00:00,441,2018-12-31T00:00:00,440,2018-12-31T00:00:00,440,2018-12-24T00:00:00,232,2014-06-16T00:00:00,29,epu_index
20,lasso,True,2018-12-31T00:00:00,441,2018-12-31T00:00:00,440,2018-12-31T00:00:00,440,2018-12-24T00:00:00,232,2014-06-16T00:00:00,29,frbsf_sentiment
20,lasso,True,2018-12-31T00:00:00,441,2018-12-31T00:00:00,440,2018-12-31T00:00:00,440,2018-12-24T00:00:00,232,2014-06-16T00:00:00,29,pdsi_very_wet_in_planting
20,lasso,True,2018-12-31T00:00:00,441,2018-12-31T00:00:00,440,2018-12-31T00:00:00,440,2018-12-24T00:00:00,232,2014-06-16T00:00:00,29,soybeans_monthly_rv
20,lasso,True,2018-12-31T00:00:00,441,2018-12-31T00:00:00,440,2018-12-31T00:00:00,440,2018-12-24T00:00:00,232,2014-06-16T00:00:00,29,soybeans_seasonal_rv
20,lasso,True,2018-12-31T00:00:00,441,2018-12-31T00:00:00,440,2018-12-31T00:00:00,440,2018-12-24T00:00:00,232,2014-06-16T00:00:00,29,soybeans_weekly_rv
20,lasso,True,2018-12-31T00:00:00,441,2018-12-31T00:00:00,440,2018-12-31T00:00:00,440,2018-12-24T00:00:00,232,2014-06-16T00:00:00,29,soybeans_weekly_rvg
20,lasso,True,2018-12-31T00:00:00,441,2018-12-31T00:00:00,440,2018-12-31T00:00:00,440,2018-12-24T00:00:00,232,2014-06-16T00:00:00,29,spi_7d_extreme_wet_in_harvesting
20,lasso,True,2018-12-31T00:00:00,441,2018-12-31T00:00:00,440,2018-12-31T00:00:00,440,2018-12-24T00:00:00,232,2014-06-16T00:00:00,29,spi_7d_very_wet_in_planting
20,lasso,True,2018-12-31T00:00:00,441,2018-12-31T00:00:00,440,2018-12-31T00:00:00,440,2018-12-24T00:00:00,232,2014-06-16T00:00:00,29,ssta_elino
20,lasso,True,2018-12-31T00:00:00,441,2018-12-31T00:00:00,440,2018-12-31T00:00:00,440,2018-12-24T00:00:00,232,2014-06-16T00:00:00,29,tmax_hot_in_harvesting
20,lasso,True,2018-12-31T00:00:00,441,2018-12-31T00:00:00,440,2018-12-31T00:00:00,440,2018-12-24T00:00:00,232,2014-06-16T00:00:00,29,tmax_hot_in_planting
20,lasso,True,2018-12-31T00:00:00,441,2018-12-31T00:00:00,440,2018-12-31T00:00:00,440,2018-12-24T00:00:00,232,2014-06-16T00:00:00,29,tmax_very_hot_in_harvesting
20,lasso,True,2018-12-31T00:00:00,441,2018-12-31T00:00:00,440,2018-12-31T00:00:00,440,2018-12-24T00:00:00,232,2014-06-16T00:00:00,29,tmax_very_hot_in_planting
20,lasso,True,2018-12-31T00:00:00,441,2018-12-31T00:00:00,440,2018-12-31T00:00:00,440,2018-12-24T00:00:00,232,2014-06-16T00:00:00,29,tmin_very_cold_in_harvesting
20,lasso,True,2018-12-31T00:00:00,441,2018-12-31T00:00:00,440,2018-12-31T00:00:00,440,2018-12-24T00:00:00,232,2014-06-16T00:00:00,29,tmin_very_cold_in_planting
20,lasso,True,2019-03-18T00:00:00,449,2019-03-18T00:00:00,448,2019-03-18T00:00:00,448,2019-03-11T00:00:00,240,2014-08-11T00:00:00,30,Broad_Dollar_index
20,lasso,True,2019-03-18T00:00:00,449,2019-03-18T00:00:00,448,2019-03-18T00:00:00,448,2019-03-11T00:00:00,240,2014-08-11T00:00:00,30,DJIA_Index
20,lasso,True,2019-03-18T00:00:00,449,2019-03-18T00:00:00,448,2019-03-18T00:00:00,448,2019-03-11T00:00:00,240,2014-08-11T00:00:00,30,WTI_Index
20,lasso,True,2019-03-18T00:00:00,449,2019-03-18T00:00:00,448,2019-03-18T00:00:00,448,2019-03-11T00:00:00,240,2014-08-11T00:00:00,30,co2_extreme_in_planting
20,lasso,True,2019-03-18T00:00:00,449,2019-03-18T00:00:00,448,2019-03-18T00:00:00,448,2019-03-11T00:00:00,240,2014-08-11T00:00:00,30,epu_index
20,lasso,True,2019-03-18T00:00:00,449,2019-03-18T00:00:00,448,2019-03-18T00:00:00,448,2019-03-11T00:00:00,240,2014-08-11T00:00:00,30,frbsf_sentiment
20,lasso,True,2019-03-18T00:00:00,449,2019-03-18T00:00:00,448,2019-03-18T00:00:00,448,2019-03-11T00:00:00,240,2014-08-11T00:00:00,30,pdsi_very_wet_in_planting
20,lasso,True,2019-03-18T00:00:00,449,2019-03-18T00:00:00,448,2019-03-18T00:00:00,448,2019-03-11T00:00:00,240,2014-08-11T00:00:00,30,soybeans_monthly_rv
20,lasso,True,2019-03-18T00:00:00,449,2019-03-18T00:00:00,448,2019-03-18T00:00:00,448,2019-03-11T00:00:00,240,2014-08-11T00:00:00,30,soybeans_seasonal_rv
20,lasso,True,2019-03-18T00:00:00,449,2019-03-18T00:00:00,448,2019-03-18T00:00:00,448,2019-03-11T00:00:00,240,2014-08-11T00:00:00,30,soybeans_weekly_rv
20,lasso,True,2019-03-18T00:00:00,449,2019-03-18T00:00:00,448,2019-03-18T00:00:00,448,2019-03-11T00:00:00,240,2014-08-11T00:00:00,30,soybeans_weekly_rvg
20,lasso,True,2019-03-18T00:00:00,449,2019-03-18T00:00:00,448,2019-03-18T00:00:00,448,2019-03-11T00:00:00,240,2014-08-11T00:00:00,30,spi_7d_extreme_wet_in_harvesting
20,lasso,True,2019-03-18T00:00:00,449,2019-03-18T00:00:00,448,2019-03-18T00:00:00,448,2019-03-11T00:00:00,240,2014-08-11T00:00:00,30,spi_7d_very_wet_in_planting
20,lasso,True,2019-03-18T00:00:00,449,2019-03-18T00:00:00,448,2019-03-18T00:00:00,448,2019-03-11T00:00:00,240,2014-08-11T00:00:00,30,ssta_elino
20,lasso,True,2019-03-18T00:00:00,449,2019-03-18T00:00:00,448,2019-03-18T00:00:00,448,2019-03-11T00:00:00,240,2014-08-11T00:00:00,30,tmax_hot_in_harvesting
20,lasso,True,2019-03-18T00:00:00,449,2019-03-18T00:00:00,448,2019-03-18T00:00:00,448,2019-03-11T00:00:00,240,2014-08-11T00:00:00,30,tmax_hot_in_planting
20,lasso,True,2019-03-18T00:00:00,449,2019-03-18T00:00:00,448,2019-03-18T00:00:00,448,2019-03-11T00:00:00,240,2014-08-11T00:00:00,30,tmax_very_hot_in_harvesting
20,lasso,True,2019-03-18T00:00:00,449,2019-03-18T00:00:00,448,2019-03-18T00:00:00,448,2019-03-11T00:00:00,240,2014-08-11T00:00:00,30,tmax_very_hot_in_planting
20,lasso,True,2019-03-18T00:00:00,449,2019-03-18T00:00:00,448,2019-03-18T00:00:00,448,2019-03-11T00:00:00,240,2014-08-11T00:00:00,30,tmin_very_cold_in_harvesting
20,lasso,True,2019-03-18T00:00:00,449,2019-03-18T00:00:00,448,2019-03-18T00:00:00,448,2019-03-11T00:00:00,240,2014-08-11T00:00:00,30,tmin_very_cold_in_planting
20,lasso,True,2019-05-13T00:00:00,457,2019-05-13T00:00:00,456,2019-05-13T00:00:00,456,2019-05-06T00:00:00,248,2014-10-20T00:00:00,31,Broad_Dollar_index
20,lasso,True,2019-05-13T00:00:00,457,2019-05-13T00:00:00,456,2019-05-13T00:00:00,456,2019-05-06T00:00:00,248,2014-10-20T00:00:00,31,DJIA_Index
20,lasso,True,2019-05-13T00:00:00,457,2019-05-13T00:00:00,456,2019-05-13T00:00:00,456,2019-05-06T00:00:00,248,2014-10-20T00:00:00,31,WTI_Index
20,lasso,True,2019-05-13T00:00:00,457,2019-05-13T00:00:00,456,2019-05-13T00:00:00,456,2019-05-06T00:00:00,248,2014-10-20T00:00:00,31,co2_extreme_in_planting
20,lasso,True,2019-05-13T00:00:00,457,2019-05-13T00:00:00,456,2019-05-13T00:00:00,456,2019-05-06T00:00:00,248,2014-10-20T00:00:00,31,epu_index
20,lasso,True,2019-05-13T00:00:00,457,2019-05-13T00:00:00,456,2019-05-13T00:00:00,456,2019-05-06T00:00:00,248,2014-10-20T00:00:00,31,frbsf_sentiment
20,lasso,True,2019-05-13T00:00:00,457,2019-05-13T00:00:00,456,2019-05-13T00:00:00,456,2019-05-06T00:00:00,248,2014-10-20T00:00:00,31,pdsi_very_wet_in_planting
20,lasso,True,2019-05-13T00:00:00,457,2019-05-13T00:00:00,456,2019-05-13T00:00:00,456,2019-05-06T00:00:00,248,2014-10-20T00:00:00,31,soybeans_monthly_rv
20,lasso,True,2019-05-13T00:00:00,457,2019-05-13T00:00:00,456,2019-05-13T00:00:00,456,2019-05-06T00:00:00,248,2014-10-20T00:00:00,31,soybeans_seasonal_rv
20,lasso,True,2019-05-13T00:00:00,457,2019-05-13T00:00:00,456,2019-05-13T00:00:00,456,2019-05-06T00:00:00,248,2014-10-20T00:00:00,31,soybeans_weekly_rv
20,lasso,True,2019-05-13T00:00:00,457,2019-05-13T00:00:00,456,2019-05-13T00:00:00,456,2019-05-06T00:00:00,248,2014-10-20T00:00:00,31,soybeans_weekly_rvg
20,lasso,True,2019-05-13T00:00:00,457,2019-05-13T00:00:00,456,2019-05-13T00:00:00,456,2019-05-06T00:00:00,248,2014-10-20T00:00:00,31,spi_7d_extreme_wet_in_harvesting
20,lasso,True,2019-05-13T00:00:00,457,2019-05-13T00:00:00,456,2019-05-13T00:00:00,456,2019-05-06T00:00:00,248,2014-10-20T00:00:00,31,spi_7d_very_wet_in_planting
20,lasso,True,2019-05-13T00:00:00,457,2019-05-13T00:00:00,456,2019-05-13T00:00:00,456,2019-05-06T00:00:00,248,2014-10-20T00:00:00,31,ssta_elino
20,lasso,True,2019-05-13T00:00:00,457,2019-05-13T00:00:00,456,2019-05-13T00:00:00,456,2019-05-06T00:00:00,248,2014-10-20T00:00:00,31,tmax_hot_in_harvesting
20,lasso,True,2019-05-13T00:00:00,457,2019-05-13T00:00:00,456,2019-05-13T00:00:00,456,2019-05-06T00:00:00,248,2014-10-20T00:00:00,31,tmax_hot_in_planting
20,lasso,True,2019-05-13T00:00:00,457,2019-05-13T00:00:00,456,2019-05-13T00:00:00,456,2019-05-06T00:00:00,248,2014-10-20T00:00:00,31,tmax_very_hot_in_harvesting
20,lasso,True,2019-05-13T00:00:00,457,2019-05-13T00:00:00,456,2019-05-13T00:00:00,456,2019-05-06T00:00:00,248,2014-10-20T00:00:00,31,tmax_very_hot_in_planting
20,lasso,True,2019-05-13T00:00:00,457,2019-05-13T00:00:00,456,2019-05-13T00:00:00,456,2019-05-06T00:00:00,248,2014-10-20T00:00:00,31,tmin_very_cold_in_harvesting
20,lasso,True,2019-05-13T00:00:00,457,2019-05-13T00:00:00,456,2019-05-13T00:00:00,456,2019-05-06T00:00:00,248,2014-10-20T00:00:00,31,tmin_very_cold_in_planting
7,lasso,False,2019-07-15T00:00:00,465,2019-07-15T00:00:00,464,2019-07-15T00:00:00,464,2019-07-08T00:00:00,256,2014-12-15T00:00:00,32,soybeans_monthly_rv
7,lasso,False,2019-07-15T00:00:00,465,2019-07-15T00:00:00,464,2019-07-15T00:00:00,464,2019-07-08T00:00:00,256,2014-12-15T00:00:00,32,soybeans_seasonal_rv
7,lasso,False,2019-07-15T00:00:00,465,2019-07-15T00:00:00,464,2019-07-15T00:00:00,464,2019-07-08T00:00:00,256,2014-12-15T00:00:00,32,soybeans_weekly_rv
7,lasso,False,2019-07-15T00:00:00,465,2019-07-15T00:00:00,464,2019-07-15T00:00:00,464,2019-07-08T00:00:00,256,2014-12-15T00:00:00,32,soybeans_weekly_rvb
7,lasso,False,2019-07-15T00:00:00,465,2019-07-15T00:00:00,464,2019-07-15T00:00:00,464,2019-07-08T00:00:00,256,2014-12-15T00:00:00,32,soybeans_weekly_rvg
7,lasso,False,2019-07-15T00:00:00,465,2019-07-15T00:00:00,464,2019-07-15T00:00:00,464,2019-07-08T00:00:00,256,2014-12-15T00:00:00,32,tmax_hot_in_planting
7,lasso,False,2019-07-15T00:00:00,465,2019-07-15T00:00:00,464,2019-07-15T00:00:00,464,2019-07-08T00:00:00,256,2014-12-15T00:00:00,32,wheat_weekly_rv
7,lasso,True,2019-09-16T00:00:00,473,2019-09-16T00:00:00,472,2019-09-16T00:00:00,472,2019-09-09T00:00:00,264,2015-02-23T00:00:00,33,soybeans_monthly_rv
7,lasso,True,2019-09-16T00:00:00,473,2019-09-16T00:00:00,472,2019-09-16T00:00:00,472,2019-09-09T00:00:00,264,2015-02-23T00:00:00,33,soybeans_seasonal_rv
7,lasso,True,2019-09-16T00:00:00,473,2019-09-16T00:00:00,472,2019-09-16T00:00:00,472,2019-09-09T00:00:00,264,2015-02-23T00:00:00,33,soybeans_weekly_rv
7,lasso,True,2019-09-16T00:00:00,473,2019-09-16T00:00:00,472,2019-09-16T00:00:00,472,2019-09-09T00:00:00,264,2015-02-23T00:00:00,33,soybeans_weekly_rvb
7,lasso,True,2019-09-16T00:00:00,473,2019-09-16T00:00:00,472,2019-09-16T00:00:00,472,2019-09-09T00:00:00,264,2015-02-23T00:00:00,33,soybeans_weekly_rvg
7,lasso,True,2019-09-16T00:00:00,473,2019-09-16T00:00:00,472,2019-09-16T00:00:00,472,2019-09-09T00:00:00,264,2015-02-23T00:00:00,33,tmax_hot_in_planting
7,lasso,True,2019-09-16T00:00:00,473,2019-09-16T00:00:00,472,2019-09-16T00:00:00,472,2019-09-09T00:00:00,264,2015-02-23T00:00:00,33,wheat_weekly_rv
7,lasso,True,2019-11-25T00:00:00,481,2019-11-25T00:00:00,480,2019-11-25T00:00:00,480,2019-11-18T00:00:00,272,2015-04-20T00:00:00,34,soybeans_monthly_rv
7,lasso,True,2019-11-25T00:00:00,481,2019-11-25T00:00:00,480,2019-11-25T00:00:00,480,2019-11-18T00:00:00,272,2015-04-20T00:00:00,34,soybeans_seasonal_rv
7,lasso,True,2019-11-25T00:00:00,481,2019-11-25T00:00:00,480,2019-11-25T00:00:00,480,2019-11-18T00:00:00,272,2015-04-20T00:00:00,34,soybeans_weekly_rv
7,lasso,True,2019-11-25T00:00:00,481,2019-11-25T00:00:00,480,2019-11-25T00:00:00,480,2019-11-18T00:00:00,272,2015-04-20T00:00:00,34,soybeans_weekly_rvb
7,lasso,True,2019-11-25T00:00:00,481,2019-11-25T00:00:00,480,2019-11-25T00:00:00,480,2019-11-18T00:00:00,272,2015-04-20T00:00:00,34,soybeans_weekly_rvg
7,lasso,True,2019-11-25T00:00:00,481,2019-11-25T00:00:00,480,2019-11-25T00:00:00,480,2019-11-18T00:00:00,272,2015-04-20T00:00:00,34,tmax_hot_in_planting
7,lasso,True,2019-11-25T00:00:00,481,2019-11-25T00:00:00,480,2019-11-25T00:00:00,480,2019-11-18T00:00:00,272,2015-04-20T00:00:00,34,wheat_weekly_rv
7,lasso,True,2020-01-27T00:00:00,489,2020-01-27T00:00:00,488,2020-01-27T00:00:00,488,2020-01-13T00:00:00,280,2015-06-22T00:00:00,35,soybeans_monthly_rv
7,lasso,True,2020-01-27T00:00:00,489,2020-01-27T00:00:00,488,2020-01-27T00:00:00,488,2020-01-13T00:00:00,280,2015-06-22T00:00:00,35,soybeans_seasonal_rv
7,lasso,True,2020-01-27T00:00:00,489,2020-01-27T00:00:00,488,2020-01-27T00:00:00,488,2020-01-13T00:00:00,280,2015-06-22T00:00:00,35,soybeans_weekly_rv
7,lasso,True,2020-01-27T00:00:00,489,2020-01-27T00:00:00,488,2020-01-27T00:00:00,488,2020-01-13T00:00:00,280,2015-06-22T00:00:00,35,soybeans_weekly_rvb
7,lasso,True,2020-01-27T00:00:00,489,2020-01-27T00:00:00,488,2020-01-27T00:00:00,488,2020-01-13T00:00:00,280,2015-06-22T00:00:00,35,soybeans_weekly_rvg
7,lasso,True,2020-01-27T00:00:00,489,2020-01-27T00:00:00,488,2020-01-27T00:00:00,488,2020-01-13T00:00:00,280,2015-06-22T00:00:00,35,tmax_hot_in_planting
7,lasso,True,2020-01-27T00:00:00,489,2020-01-27T00:00:00,488,2020-01-27T00:00:00,488,2020-01-13T00:00:00,280,2015-06-22T00:00:00,35,wheat_weekly_rv
3,lasso,False,2020-03-30T00:00:00,497,2020-03-30T00:00:00,496,2020-03-30T00:00:00,496,2020-03-23T00:00:00,288,2015-08-17T00:00:00,36,soybeans_monthly_rv
3,lasso,False,2020-03-30T00:00:00,497,2020-03-30T00:00:00,496,2020-03-30T00:00:00,496,2020-03-23T00:00:00,288,2015-08-17T00:00:00,36,soybeans_seasonal_rv
3,lasso,False,2020-03-30T00:00:00,497,2020-03-30T00:00:00,496,2020-03-30T00:00:00,496,2020-03-23T00:00:00,288,2015-08-17T00:00:00,36,soybeans_weekly_rv
3,lasso,True,2020-06-01T00:00:00,505,2020-06-01T00:00:00,504,2020-06-01T00:00:00,504,2020-05-18T00:00:00,296,2015-10-26T00:00:00,37,soybeans_monthly_rv
3,lasso,True,2020-06-01T00:00:00,505,2020-06-01T00:00:00,504,2020-06-01T00:00:00,504,2020-05-18T00:00:00,296,2015-10-26T00:00:00,37,soybeans_seasonal_rv
3,lasso,True,2020-06-01T00:00:00,505,2020-06-01T00:00:00,504,2020-06-01T00:00:00,504,2020-05-18T00:00:00,296,2015-10-26T00:00:00,37,soybeans_weekly_rv
3,lasso,True,2020-07-27T00:00:00,513,2020-07-27T00:00:00,512,2020-07-27T00:00:00,512,2020-07-20T00:00:00,304,2015-12-21T00:00:00,38,soybeans_monthly_rv
3,lasso,True,2020-07-27T00:00:00,513,2020-07-27T00:00:00,512,2020-07-27T00:00:00,512,2020-07-20T00:00:00,304,2015-12-21T00:00:00,38,soybeans_seasonal_rv
3,lasso,True,2020-07-27T00:00:00,513,2020-07-27T00:00:00,512,2020-07-27T00:00:00,512,2020-07-20T00:00:00,304,2015-12-21T00:00:00,38,soybeans_weekly_rv
3,lasso,True,2020-09-28T00:00:00,521,2020-09-28T00:00:00,520,2020-09-28T00:00:00,520,2020-09-21T00:00:00,312,2016-03-07T00:00:00,39,soybeans_monthly_rv
3,lasso,True,2020-09-28T00:00:00,521,2020-09-28T00:00:00,520,2020-09-28T00:00:00,520,2020-09-21T00:00:00,312,2016-03-07T00:00:00,39,soybeans_seasonal_rv
3,lasso,True,2020-09-28T00:00:00,521,2020-09-28T00:00:00,520,2020-09-28T00:00:00,520,2020-09-21T00:00:00,312,2016-03-07T00:00:00,39,soybeans_weekly_rv
4,lasso,False,2020-11-30T00:00:00,529,2020-11-30T00:00:00,528,2020-11-30T00:00:00,528,2020-11-23T00:00:00,320,2016-05-02T00:00:00,40,soybeans_monthly_rv
4,lasso,False,2020-11-30T00:00:00,529,2020-11-30T00:00:00,528,2020-11-30T00:00:00,528,2020-11-23T00:00:00,320,2016-05-02T00:00:00,40,soybeans_seasonal_rv
4,lasso,False,2020-11-30T00:00:00,529,2020-11-30T00:00:00,528,2020-11-30T00:00:00,528,2020-11-23T00:00:00,320,2016-05-02T00:00:00,40,soybeans_weekly_rv
4,lasso,False,2020-11-30T00:00:00,529,2020-11-30T00:00:00,528,2020-11-30T00:00:00,528,2020-11-23T00:00:00,320,2016-05-02T00:00:00,40,soybeans_weekly_rvg
4,lasso,True,2021-02-01T00:00:00,537,2021-02-01T00:00:00,536,2021-02-01T00:00:00,536,2021-01-25T00:00:00,328,2016-07-11T00:00:00,41,soybeans_monthly_rv
4,lasso,True,2021-02-01T00:00:00,537,2021-02-01T00:00:00,536,2021-02-01T00:00:00,536,2021-01-25T00:00:00,328,2016-07-11T00:00:00,41,soybeans_seasonal_rv
4,lasso,True,2021-02-01T00:00:00,537,2021-02-01T00:00:00,536,2021-02-01T00:00:00,536,2021-01-25T00:00:00,328,2016-07-11T00:00:00,41,soybeans_weekly_rv
4,lasso,True,2021-02-01T00:00:00,537,2021-02-01T00:00:00,536,2021-02-01T00:00:00,536,2021-01-25T00:00:00,328,2016-07-11T00:00:00,41,soybeans_weekly_rvg
4,lasso,True,2021-04-05T00:00:00,545,2021-04-05T00:00:00,544,2021-04-05T00:00:00,544,2021-03-29T00:00:00,336,2016-09-12T00:00:00,42,soybeans_monthly_rv
4,lasso,True,2021-04-05T00:00:00,545,2021-04-05T00:00:00,544,2021-04-05T00:00:00,544,2021-03-29T00:00:00,336,2016-09-12T00:00:00,42,soybeans_seasonal_rv
4,lasso,True,2021-04-05T00:00:00,545,2021-04-05T00:00:00,544,2021-04-05T00:00:00,544,2021-03-29T00:00:00,336,2016-09-12T00:00:00,42,soybeans_weekly_rv
4,lasso,True,2021-04-05T00:00:00,545,2021-04-05T00:00:00,544,2021-04-05T00:00:00,544,2021-03-29T00:00:00,336,2016-09-12T00:00:00,42,soybeans_weekly_rvg
4,lasso,True,2021-06-07T00:00:00,553,2021-06-07T00:00:00,552,2021-06-07T00:00:00,552,2021-05-24T00:00:00,344,2016-11-14T00:00:00,43,soybeans_monthly_rv
4,lasso,True,2021-06-07T00:00:00,553,2021-06-07T00:00:00,552,2021-06-07T00:00:00,552,2021-05-24T00:00:00,344,2016-11-14T00:00:00,43,soybeans_seasonal_rv
4,lasso,True,2021-06-07T00:00:00,553,2021-06-07T00:00:00,552,2021-06-07T00:00:00,552,2021-05-24T00:00:00,344,2016-11-14T00:00:00,43,soybeans_weekly_rv
4,lasso,True,2021-06-07T00:00:00,553,2021-06-07T00:00:00,552,2021-06-07T00:00:00,552,2021-05-24T00:00:00,344,2016-11-14T00:00:00,43,soybeans_weekly_rvg
22,lasso,False,2021-08-09T00:00:00,561,2021-08-09T00:00:00,560,2021-08-09T00:00:00,560,2021-08-02T00:00:00,352,2017-01-30T00:00:00,44,DJIA_Index
22,lasso,False,2021-08-09T00:00:00,561,2021-08-09T00:00:00,560,2021-08-09T00:00:00,560,2021-08-02T00:00:00,352,2017-01-30T00:00:00,44,SOI_index
22,lasso,False,2021-08-09T00:00:00,561,2021-08-09T00:00:00,560,2021-08-09T00:00:00,560,2021-08-02T00:00:00,352,2017-01-30T00:00:00,44,WTI_Index
22,lasso,False,2021-08-09T00:00:00,561,2021-08-09T00:00:00,560,2021-08-09T00:00:00,560,2021-08-02T00:00:00,352,2017-01-30T00:00:00,44,awnd_extreme_high_wind_in_harvesting
22,lasso,False,2021-08-09T00:00:00,561,2021-08-09T00:00:00,560,2021-08-09T00:00:00,560,2021-08-02T00:00:00,352,2017-01-30T00:00:00,44,awnd_moderate_high_wind_in_planting
22,lasso,False,2021-08-09T00:00:00,561,2021-08-09T00:00:00,560,2021-08-09T00:00:00,560,2021-08-02T00:00:00,352,2017-01-30T00:00:00,44,pdsi_extreme_drought_in_planting
22,lasso,False,2021-08-09T00:00:00,561,2021-08-09T00:00:00,560,2021-08-09T00:00:00,560,2021-08-02T00:00:00,352,2017-01-30T00:00:00,44,pdsi_extreme_wet_in_harvesting
22,lasso,False,2021-08-09T00:00:00,561,2021-08-09T00:00:00,560,2021-08-09T00:00:00,560,2021-08-02T00:00:00,352,2017-01-30T00:00:00,44,pdsi_severe_drought_in_harvesting
22,lasso,False,2021-08-09T00:00:00,561,2021-08-09T00:00:00,560,2021-08-09T00:00:00,560,2021-08-02T00:00:00,352,2017-01-30T00:00:00,44,soybeans_monthly_rv
22,lasso,False,2021-08-09T00:00:00,561,2021-08-09T00:00:00,560,2021-08-09T00:00:00,560,2021-08-02T00:00:00,352,2017-01-30T00:00:00,44,soybeans_seasonal_rv
22,lasso,False,2021-08-09T00:00:00,561,2021-08-09T00:00:00,560,2021-08-09T00:00:00,560,2021-08-02T00:00:00,352,2017-01-30T00:00:00,44,soybeans_weekly_rv
22,lasso,False,2021-08-09T00:00:00,561,2021-08-09T00:00:00,560,2021-08-09T00:00:00,560,2021-08-02T00:00:00,352,2017-01-30T00:00:00,44,spi_7d_extreme_wet_in_planting
22,lasso,False,2021-08-09T00:00:00,561,2021-08-09T00:00:00,560,2021-08-09T00:00:00,560,2021-08-02T00:00:00,352,2017-01-30T00:00:00,44,spi_7d_very_wet_in_harvesting
22,lasso,False,2021-08-09T00:00:00,561,2021-08-09T00:00:00,560,2021-08-09T00:00:00,560,2021-08-02T00:00:00,352,2017-01-30T00:00:00,44,ssta_elino
22,lasso,False,2021-08-09T00:00:00,561,2021-08-09T00:00:00,560,2021-08-09T00:00:00,560,2021-08-02T00:00:00,352,2017-01-30T00:00:00,44,ssta_lanina
22,lasso,False,2021-08-09T00:00:00,561,2021-08-09T00:00:00,560,2021-08-09T00:00:00,560,2021-08-02T00:00:00,352,2017-01-30T00:00:00,44,tmax_hot_in_harvesting
22,lasso,False,2021-08-09T00:00:00,561,2021-08-09T00:00:00,560,2021-08-09T00:00:00,560,2021-08-02T00:00:00,352,2017-01-30T00:00:00,44,tmax_hot_in_planting
22,lasso,False,2021-08-09T00:00:00,561,2021-08-09T00:00:00,560,2021-08-09T00:00:00,560,2021-08-02T00:00:00,352,2017-01-30T00:00:00,44,tmax_very_hot_in_harvesting
22,lasso,False,2021-08-09T00:00:00,561,2021-08-09T00:00:00,560,2021-08-09T00:00:00,560,2021-08-02T00:00:00,352,2017-01-30T00:00:00,44,tmax_very_hot_in_planting
22,lasso,False,2021-08-09T00:00:00,561,2021-08-09T00:00:00,560,2021-08-09T00:00:00,560,2021-08-02T00:00:00,352,2017-01-30T00:00:00,44,tmin_cold_in_harvesting
22,lasso,False,2021-08-09T00:00:00,561,2021-08-09T00:00:00,560,2021-08-09T00:00:00,560,2021-08-02T00:00:00,352,2017-01-30T00:00:00,44,tmin_very_cold_in_planting
22,lasso,False,2021-08-09T00:00:00,561,2021-08-09T00:00:00,560,2021-08-09T00:00:00,560,2021-08-02T00:00:00,352,2017-01-30T00:00:00,44,wheat_weekly_rv
22,lasso,True,2021-10-18T00:00:00,569,2021-10-18T00:00:00,568,2021-10-18T00:00:00,568,2021-10-04T00:00:00,360,2017-04-03T00:00:00,45,DJIA_Index
22,lasso,True,2021-10-18T00:00:00,569,2021-10-18T00:00:00,568,2021-10-18T00:00:00,568,2021-10-04T00:00:00,360,2017-04-03T00:00:00,45,SOI_index
22,lasso,True,2021-10-18T00:00:00,569,2021-10-18T00:00:00,568,2021-10-18T00:00:00,568,2021-10-04T00:00:00,360,2017-04-03T00:00:00,45,WTI_Index
22,lasso,True,2021-10-18T00:00:00,569,2021-10-18T00:00:00,568,2021-10-18T00:00:00,568,2021-10-04T00:00:00,360,2017-04-03T00:00:00,45,awnd_extreme_high_wind_in_harvesting
22,lasso,True,2021-10-18T00:00:00,569,2021-10-18T00:00:00,568,2021-10-18T00:00:00,568,2021-10-04T00:00:00,360,2017-04-03T00:00:00,45,awnd_moderate_high_wind_in_planting
22,lasso,True,2021-10-18T00:00:00,569,2021-10-18T00:00:00,568,2021-10-18T00:00:00,568,2021-10-04T00:00:00,360,2017-04-03T00:00:00,45,pdsi_extreme_drought_in_planting
22,lasso,True,2021-10-18T00:00:00,569,2021-10-18T00:00:00,568,2021-10-18T00:00:00,568,2021-10-04T00:00:00,360,2017-04-03T00:00:00,45,pdsi_extreme_wet_in_harvesting
22,lasso,True,2021-10-18T00:00:00,569,2021-10-18T00:00:00,568,2021-10-18T00:00:00,568,2021-10-04T00:00:00,360,2017-04-03T00:00:00,45,pdsi_severe_drought_in_harvesting
22,lasso,True,2021-10-18T00:00:00,569,2021-10-18T00:00:00,568,2021-10-18T00:00:00,568,2021-10-04T00:00:00,360,2017-04-03T00:00:00,45,soybeans_monthly_rv
22,lasso,True,2021-10-18T00:00:00,569,2021-10-18T00:00:00,568,2021-10-18T00:00:00,568,2021-10-04T00:00:00,360,2017-04-03T00:00:00,45,soybeans_seasonal_rv
22,lasso,True,2021-10-18T00:00:00,569,2021-10-18T00:00:00,568,2021-10-18T00:00:00,568,2021-10-04T00:00:00,360,2017-04-03T00:00:00,45,soybeans_weekly_rv
22,lasso,True,2021-10-18T00:00:00,569,2021-10-18T00:00:00,568,2021-10-18T00:00:00,568,2021-10-04T00:00:00,360,2017-04-03T00:00:00,45,spi_7d_extreme_wet_in_planting
22,lasso,True,2021-10-18T00:00:00,569,2021-10-18T00:00:00,568,2021-10-18T00:00:00,568,2021-10-04T00:00:00,360,2017-04-03T00:00:00,45,spi_7d_very_wet_in_harvesting
22,lasso,True,2021-10-18T00:00:00,569,2021-10-18T00:00:00,568,2021-10-18T00:00:00,568,2021-10-04T00:00:00,360,2017-04-03T00:00:00,45,ssta_elino
22,lasso,True,2021-10-18T00:00:00,569,2021-10-18T00:00:00,568,2021-10-18T00:00:00,568,2021-10-04T00:00:00,360,2017-04-03T00:00:00,45,ssta_lanina
22,lasso,True,2021-10-18T00:00:00,569,2021-10-18T00:00:00,568,2021-10-18T00:00:00,568,2021-10-04T00:00:00,360,2017-04-03T00:00:00,45,tmax_hot_in_harvesting
22,lasso,True,2021-10-18T00:00:00,569,2021-10-18T00:00:00,568,2021-10-18T00:00:00,568,2021-10-04T00:00:00,360,2017-04-03T00:00:00,45,tmax_hot_in_planting
22,lasso,True,2021-10-18T00:00:00,569,2021-10-18T00:00:00,568,2021-10-18T00:00:00,568,2021-10-04T00:00:00,360,2017-04-03T00:00:00,45,tmax_very_hot_in_harvesting
22,lasso,True,2021-10-18T00:00:00,569,2021-10-18T00:00:00,568,2021-10-18T00:00:00,568,2021-10-04T00:00:00,360,2017-04-03T00:00:00,45,tmax_very_hot_in_planting
22,lasso,True,2021-10-18T00:00:00,569,2021-10-18T00:00:00,568,2021-10-18T00:00:00,568,2021-10-04T00:00:00,360,2017-04-03T00:00:00,45,tmin_cold_in_harvesting
22,lasso,True,2021-10-18T00:00:00,569,2021-10-18T00:00:00,568,2021-10-18T00:00:00,568,2021-10-04T00:00:00,360,2017-04-03T00:00:00,45,tmin_very_cold_in_planting
22,lasso,True,2021-10-18T00:00:00,569,2021-10-18T00:00:00,568,2021-10-18T00:00:00,568,2021-10-04T00:00:00,360,2017-04-03T00:00:00,45,wheat_weekly_rv
22,lasso,True,2021-12-13T00:00:00,577,2021-12-13T00:00:00,576,2021-12-13T00:00:00,576,2021-12-06T00:00:00,368,2017-06-05T00:00:00,46,DJIA_Index
22,lasso,True,2021-12-13T00:00:00,577,2021-12-13T00:00:00,576,2021-12-13T00:00:00,576,2021-12-06T00:00:00,368,2017-06-05T00:00:00,46,SOI_index
22,lasso,True,2021-12-13T00:00:00,577,2021-12-13T00:00:00,576,2021-12-13T00:00:00,576,2021-12-06T00:00:00,368,2017-06-05T00:00:00,46,WTI_Index
22,lasso,True,2021-12-13T00:00:00,577,2021-12-13T00:00:00,576,2021-12-13T00:00:00,576,2021-12-06T00:00:00,368,2017-06-05T00:00:00,46,awnd_extreme_high_wind_in_harvesting
22,lasso,True,2021-12-13T00:00:00,577,2021-12-13T00:00:00,576,2021-12-13T00:00:00,576,2021-12-06T00:00:00,368,2017-06-05T00:00:00,46,awnd_moderate_high_wind_in_planting
22,lasso,True,2021-12-13T00:00:00,577,2021-12-13T00:00:00,576,2021-12-13T00:00:00,576,2021-12-06T00:00:00,368,2017-06-05T00:00:00,46,pdsi_extreme_drought_in_planting
22,lasso,True,2021-12-13T00:00:00,577,2021-12-13T00:00:00,576,2021-12-13T00:00:00,576,2021-12-06T00:00:00,368,2017-06-05T00:00:00,46,pdsi_extreme_wet_in_harvesting
22,lasso,True,2021-12-13T00:00:00,577,2021-12-13T00:00:00,576,2021-12-13T00:00:00,576,2021-12-06T00:00:00,368,2017-06-05T00:00:00,46,pdsi_severe_drought_in_harvesting
22,lasso,True,2021-12-13T00:00:00,577,2021-12-13T00:00:00,576,2021-12-13T00:00:00,576,2021-12-06T00:00:00,368,2017-06-05T00:00:00,46,soybeans_monthly_rv
22,lasso,True,2021-12-13T00:00:00,577,2021-12-13T00:00:00,576,2021-12-13T00:00:00,576,2021-12-06T00:00:00,368,2017-06-05T00:00:00,46,soybeans_seasonal_rv
22,lasso,True,2021-12-13T00:00:00,577,2021-12-13T00:00:00,576,2021-12-13T00:00:00,576,2021-12-06T00:00:00,368,2017-06-05T00:00:00,46,soybeans_weekly_rv
22,lasso,True,2021-12-13T00:00:00,577,2021-12-13T00:00:00,576,2021-12-13T00:00:00,576,2021-12-06T00:00:00,368,2017-06-05T00:00:00,46,spi_7d_extreme_wet_in_planting
22,lasso,True,2021-12-13T00:00:00,577,2021-12-13T00:00:00,576,2021-12-13T00:00:00,576,2021-12-06T00:00:00,368,2017-06-05T00:00:00,46,spi_7d_very_wet_in_harvesting
22,lasso,True,2021-12-13T00:00:00,577,2021-12-13T00:00:00,576,2021-12-13T00:00:00,576,2021-12-06T00:00:00,368,2017-06-05T00:00:00,46,ssta_elino
22,lasso,True,2021-12-13T00:00:00,577,2021-12-13T00:00:00,576,2021-12-13T00:00:00,576,2021-12-06T00:00:00,368,2017-06-05T00:00:00,46,ssta_lanina
22,lasso,True,2021-12-13T00:00:00,577,2021-12-13T00:00:00,576,2021-12-13T00:00:00,576,2021-12-06T00:00:00,368,2017-06-05T00:00:00,46,tmax_hot_in_harvesting
22,lasso,True,2021-12-13T00:00:00,577,2021-12-13T00:00:00,576,2021-12-13T00:00:00,576,2021-12-06T00:00:00,368,2017-06-05T00:00:00,46,tmax_hot_in_planting
22,lasso,True,2021-12-13T00:00:00,577,2021-12-13T00:00:00,576,2021-12-13T00:00:00,576,2021-12-06T00:00:00,368,2017-06-05T00:00:00,46,tmax_very_hot_in_harvesting
22,lasso,True,2021-12-13T00:00:00,577,2021-12-13T00:00:00,576,2021-12-13T00:00:00,576,2021-12-06T00:00:00,368,2017-06-05T00:00:00,46,tmax_very_hot_in_planting
22,lasso,True,2021-12-13T00:00:00,577,2021-12-13T00:00:00,576,2021-12-13T00:00:00,576,2021-12-06T00:00:00,368,2017-06-05T00:00:00,46,tmin_cold_in_harvesting
22,lasso,True,2021-12-13T00:00:00,577,2021-12-13T00:00:00,576,2021-12-13T00:00:00,576,2021-12-06T00:00:00,368,2017-06-05T00:00:00,46,tmin_very_cold_in_planting
22,lasso,True,2021-12-13T00:00:00,577,2021-12-13T00:00:00,576,2021-12-13T00:00:00,576,2021-12-06T00:00:00,368,2017-06-05T00:00:00,46,wheat_weekly_rv
22,lasso,True,2022-02-14T00:00:00,585,2022-02-14T00:00:00,584,2022-02-14T00:00:00,584,2022-02-07T00:00:00,376,2017-07-31T00:00:00,47,DJIA_Index
22,lasso,True,2022-02-14T00:00:00,585,2022-02-14T00:00:00,584,2022-02-14T00:00:00,584,2022-02-07T00:00:00,376,2017-07-31T00:00:00,47,SOI_index
22,lasso,True,2022-02-14T00:00:00,585,2022-02-14T00:00:00,584,2022-02-14T00:00:00,584,2022-02-07T00:00:00,376,2017-07-31T00:00:00,47,WTI_Index
22,lasso,True,2022-02-14T00:00:00,585,2022-02-14T00:00:00,584,2022-02-14T00:00:00,584,2022-02-07T00:00:00,376,2017-07-31T00:00:00,47,awnd_extreme_high_wind_in_harvesting
22,lasso,True,2022-02-14T00:00:00,585,2022-02-14T00:00:00,584,2022-02-14T00:00:00,584,2022-02-07T00:00:00,376,2017-07-31T00:00:00,47,awnd_moderate_high_wind_in_planting
22,lasso,True,2022-02-14T00:00:00,585,2022-02-14T00:00:00,584,2022-02-14T00:00:00,584,2022-02-07T00:00:00,376,2017-07-31T00:00:00,47,pdsi_extreme_drought_in_planting
22,lasso,True,2022-02-14T00:00:00,585,2022-02-14T00:00:00,584,2022-02-14T00:00:00,584,2022-02-07T00:00:00,376,2017-07-31T00:00:00,47,pdsi_extreme_wet_in_harvesting
22,lasso,True,2022-02-14T00:00:00,585,2022-02-14T00:00:00,584,2022-02-14T00:00:00,584,2022-02-07T00:00:00,376,2017-07-31T00:00:00,47,pdsi_severe_drought_in_harvesting
22,lasso,True,2022-02-14T00:00:00,585,2022-02-14T00:00:00,584,2022-02-14T00:00:00,584,2022-02-07T00:00:00,376,2017-07-31T00:00:00,47,soybeans_monthly_rv
22,lasso,True,2022-02-14T00:00:00,585,2022-02-14T00:00:00,584,2022-02-14T00:00:00,584,2022-02-07T00:00:00,376,2017-07-31T00:00:00,47,soybeans_seasonal_rv
22,lasso,True,2022-02-14T00:00:00,585,2022-02-14T00:00:00,584,2022-02-14T00:00:00,584,2022-02-07T00:00:00,376,2017-07-31T00:00:00,47,soybeans_weekly_rv
22,lasso,True,2022-02-14T00:00:00,585,2022-02-14T00:00:00,584,2022-02-14T00:00:00,584,2022-02-07T00:00:00,376,2017-07-31T00:00:00,47,spi_7d_extreme_wet_in_planting
22,lasso,True,2022-02-14T00:00:00,585,2022-02-14T00:00:00,584,2022-02-14T00:00:00,584,2022-02-07T00:00:00,376,2017-07-31T00:00:00,47,spi_7d_very_wet_in_harvesting
22,lasso,True,2022-02-14T00:00:00,585,2022-02-14T00:00:00,584,2022-02-14T00:00:00,584,2022-02-07T00:00:00,376,2017-07-31T00:00:00,47,ssta_elino
22,lasso,True,2022-02-14T00:00:00,585,2022-02-14T00:00:00,584,2022-02-14T00:00:00,584,2022-02-07T00:00:00,376,2017-07-31T00:00:00,47,ssta_lanina
22,lasso,True,2022-02-14T00:00:00,585,2022-02-14T00:00:00,584,2022-02-14T00:00:00,584,2022-02-07T00:00:00,376,2017-07-31T00:00:00,47,tmax_hot_in_harvesting
22,lasso,True,2022-02-14T00:00:00,585,2022-02-14T00:00:00,584,2022-02-14T00:00:00,584,2022-02-07T00:00:00,376,2017-07-31T00:00:00,47,tmax_hot_in_planting
22,lasso,True,2022-02-14T00:00:00,585,2022-02-14T00:00:00,584,2022-02-14T00:00:00,584,2022-02-07T00:00:00,376,2017-07-31T00:00:00,47,tmax_very_hot_in_harvesting
22,lasso,True,2022-02-14T00:00:00,585,2022-02-14T00:00:00,584,2022-02-14T00:00:00,584,2022-02-07T00:00:00,376,2017-07-31T00:00:00,47,tmax_very_hot_in_planting
22,lasso,True,2022-02-14T00:00:00,585,2022-02-14T00:00:00,584,2022-02-14T00:00:00,584,2022-02-07T00:00:00,376,2017-07-31T00:00:00,47,tmin_cold_in_harvesting
22,lasso,True,2022-02-14T00:00:00,585,2022-02-14T00:00:00,584,2022-02-14T00:00:00,584,2022-02-07T00:00:00,376,2017-07-31T00:00:00,47,tmin_very_cold_in_planting
22,lasso,True,2022-02-14T00:00:00,585,2022-02-14T00:00:00,584,2022-02-14T00:00:00,584,2022-02-07T00:00:00,376,2017-07-31T00:00:00,47,wheat_weekly_rv
19,lasso,False,2022-04-18T00:00:00,593,2022-04-18T00:00:00,592,2022-04-18T00:00:00,592,2022-04-11T00:00:00,384,2017-10-02T00:00:00,48,Broad_Dollar_index
19,lasso,False,2022-04-18T00:00:00,593,2022-04-18T00:00:00,592,2022-04-18T00:00:00,592,2022-04-11T00:00:00,384,2017-10-02T00:00:00,48,DJIA_Index
19,lasso,False,2022-04-18T00:00:00,593,2022-04-18T00:00:00,592,2022-04-18T00:00:00,592,2022-04-11T00:00:00,384,2017-10-02T00:00:00,48,NAO_index
19,lasso,False,2022-04-18T00:00:00,593,2022-04-18T00:00:00,592,2022-04-18T00:00:00,592,2022-04-11T00:00:00,384,2017-10-02T00:00:00,48,SOI_index
19,lasso,False,2022-04-18T00:00:00,593,2022-04-18T00:00:00,592,2022-04-18T00:00:00,592,2022-04-11T00:00:00,384,2017-10-02T00:00:00,48,awnd_extreme_high_wind_in_harvesting
19,lasso,False,2022-04-18T00:00:00,593,2022-04-18T00:00:00,592,2022-04-18T00:00:00,592,2022-04-11T00:00:00,384,2017-10-02T00:00:00,48,co2_extreme_in_planting
19,lasso,False,2022-04-18T00:00:00,593,2022-04-18T00:00:00,592,2022-04-18T00:00:00,592,2022-04-11T00:00:00,384,2017-10-02T00:00:00,48,pdsi_extreme_drought_in_planting
19,lasso,False,2022-04-18T00:00:00,593,2022-04-18T00:00:00,592,2022-04-18T00:00:00,592,2022-04-11T00:00:00,384,2017-10-02T00:00:00,48,pdsi_extreme_wet_in_harvesting
19,lasso,False,2022-04-18T00:00:00,593,2022-04-18T00:00:00,592,2022-04-18T00:00:00,592,2022-04-11T00:00:00,384,2017-10-02T00:00:00,48,soybeans_monthly_rv
19,lasso,False,2022-04-18T00:00:00,593,2022-04-18T00:00:00,592,2022-04-18T00:00:00,592,2022-04-11T00:00:00,384,2017-10-02T00:00:00,48,soybeans_seasonal_rv
19,lasso,False,2022-04-18T00:00:00,593,2022-04-18T00:00:00,592,2022-04-18T00:00:00,592,2022-04-11T00:00:00,384,2017-10-02T00:00:00,48,soybeans_weekly_rv
19,lasso,False,2022-04-18T00:00:00,593,2022-04-18T00:00:00,592,2022-04-18T00:00:00,592,2022-04-11T00:00:00,384,2017-10-02T00:00:00,48,spi_7d_very_dry_in_harvesting
19,lasso,False,2022-04-18T00:00:00,593,2022-04-18T00:00:00,592,2022-04-18T00:00:00,592,2022-04-11T00:00:00,384,2017-10-02T00:00:00,48,spi_7d_very_dry_in_planting
19,lasso,False,2022-04-18T00:00:00,593,2022-04-18T00:00:00,592,2022-04-18T00:00:00,592,2022-04-11T00:00:00,384,2017-10-02T00:00:00,48,spi_7d_very_wet_in_harvesting
19,lasso,False,2022-04-18T00:00:00,593,2022-04-18T00:00:00,592,2022-04-18T00:00:00,592,2022-04-11T00:00:00,384,2017-10-02T00:00:00,48,ssta_lanina
19,lasso,False,2022-04-18T00:00:00,593,2022-04-18T00:00:00,592,2022-04-18T00:00:00,592,2022-04-11T00:00:00,384,2017-10-02T00:00:00,48,tmax_hot_in_harvesting
19,lasso,False,2022-04-18T00:00:00,593,2022-04-18T00:00:00,592,2022-04-18T00:00:00,592,2022-04-11T00:00:00,384,2017-10-02T00:00:00,48,tmax_hot_in_planting
19,lasso,False,2022-04-18T00:00:00,593,2022-04-18T00:00:00,592,2022-04-18T00:00:00,592,2022-04-11T00:00:00,384,2017-10-02T00:00:00,48,tmax_very_hot_in_planting
19,lasso,False,2022-04-18T00:00:00,593,2022-04-18T00:00:00,592,2022-04-18T00:00:00,592,2022-04-11T00:00:00,384,2017-10-02T00:00:00,48,wheat_weekly_rv
19,lasso,True,2022-06-27T00:00:00,601,2022-06-27T00:00:00,600,2022-06-27T00:00:00,600,2022-06-13T00:00:00,392,2017-12-04T00:00:00,49,Broad_Dollar_index
19,lasso,True,2022-06-27T00:00:00,601,2022-06-27T00:00:00,600,2022-06-27T00:00:00,600,2022-06-13T00:00:00,392,2017-12-04T00:00:00,49,DJIA_Index
19,lasso,True,2022-06-27T00:00:00,601,2022-06-27T00:00:00,600,2022-06-27T00:00:00,600,2022-06-13T00:00:00,392,2017-12-04T00:00:00,49,NAO_index
19,lasso,True,2022-06-27T00:00:00,601,2022-06-27T00:00:00,600,2022-06-27T00:00:00,600,2022-06-13T00:00:00,392,2017-12-04T00:00:00,49,SOI_index
19,lasso,True,2022-06-27T00:00:00,601,2022-06-27T00:00:00,600,2022-06-27T00:00:00,600,2022-06-13T00:00:00,392,2017-12-04T00:00:00,49,awnd_extreme_high_wind_in_harvesting
19,lasso,True,2022-06-27T00:00:00,601,2022-06-27T00:00:00,600,2022-06-27T00:00:00,600,2022-06-13T00:00:00,392,2017-12-04T00:00:00,49,co2_extreme_in_planting
19,lasso,True,2022-06-27T00:00:00,601,2022-06-27T00:00:00,600,2022-06-27T00:00:00,600,2022-06-13T00:00:00,392,2017-12-04T00:00:00,49,pdsi_extreme_drought_in_planting
19,lasso,True,2022-06-27T00:00:00,601,2022-06-27T00:00:00,600,2022-06-27T00:00:00,600,2022-06-13T00:00:00,392,2017-12-04T00:00:00,49,pdsi_extreme_wet_in_harvesting
19,lasso,True,2022-06-27T00:00:00,601,2022-06-27T00:00:00,600,2022-06-27T00:00:00,600,2022-06-13T00:00:00,392,2017-12-04T00:00:00,49,soybeans_monthly_rv
19,lasso,True,2022-06-27T00:00:00,601,2022-06-27T00:00:00,600,2022-06-27T00:00:00,600,2022-06-13T00:00:00,392,2017-12-04T00:00:00,49,soybeans_seasonal_rv
19,lasso,True,2022-06-27T00:00:00,601,2022-06-27T00:00:00,600,2022-06-27T00:00:00,600,2022-06-13T00:00:00,392,2017-12-04T00:00:00,49,soybeans_weekly_rv
19,lasso,True,2022-06-27T00:00:00,601,2022-06-27T00:00:00,600,2022-06-27T00:00:00,600,2022-06-13T00:00:00,392,2017-12-04T00:00:00,49,spi_7d_very_dry_in_harvesting
19,lasso,True,2022-06-27T00:00:00,601,2022-06-27T00:00:00,600,2022-06-27T00:00:00,600,2022-06-13T00:00:00,392,2017-12-04T00:00:00,49,spi_7d_very_dry_in_planting
19,lasso,True,2022-06-27T00:00:00,601,2022-06-27T00:00:00,600,2022-06-27T00:00:00,600,2022-06-13T00:00:00,392,2017-12-04T00:00:00,49,spi_7d_very_wet_in_harvesting
19,lasso,True,2022-06-27T00:00:00,601,2022-06-27T00:00:00,600,2022-06-27T00:00:00,600,2022-06-13T00:00:00,392,2017-12-04T00:00:00,49,ssta_lanina
19,lasso,True,2022-06-27T00:00:00,601,2022-06-27T00:00:00,600,2022-06-27T00:00:00,600,2022-06-13T00:00:00,392,2017-12-04T00:00:00,49,tmax_hot_in_harvesting
19,lasso,True,2022-06-27T00:00:00,601,2022-06-27T00:00:00,600,2022-06-27T00:00:00,600,2022-06-13T00:00:00,392,2017-12-04T00:00:00,49,tmax_hot_in_planting
19,lasso,True,2022-06-27T00:00:00,601,2022-06-27T00:00:00,600,2022-06-27T00:00:00,600,2022-06-13T00:00:00,392,2017-12-04T00:00:00,49,tmax_very_hot_in_planting
19,lasso,True,2022-06-27T00:00:00,601,2022-06-27T00:00:00,600,2022-06-27T00:00:00,600,2022-06-13T00:00:00,392,2017-12-04T00:00:00,49,wheat_weekly_rv
19,lasso,True,2022-08-29T00:00:00,609,2022-08-29T00:00:00,608,2022-08-29T00:00:00,608,2022-08-22T00:00:00,400,2018-02-26T00:00:00,50,Broad_Dollar_index
19,lasso,True,2022-08-29T00:00:00,609,2022-08-29T00:00:00,608,2022-08-29T00:00:00,608,2022-08-22T00:00:00,400,2018-02-26T00:00:00,50,DJIA_Index
19,lasso,True,2022-08-29T00:00:00,609,2022-08-29T00:00:00,608,2022-08-29T00:00:00,608,2022-08-22T00:00:00,400,2018-02-26T00:00:00,50,NAO_index
19,lasso,True,2022-08-29T00:00:00,609,2022-08-29T00:00:00,608,2022-08-29T00:00:00,608,2022-08-22T00:00:00,400,2018-02-26T00:00:00,50,SOI_index
19,lasso,True,2022-08-29T00:00:00,609,2022-08-29T00:00:00,608,2022-08-29T00:00:00,608,2022-08-22T00:00:00,400,2018-02-26T00:00:00,50,awnd_extreme_high_wind_in_harvesting
19,lasso,True,2022-08-29T00:00:00,609,2022-08-29T00:00:00,608,2022-08-29T00:00:00,608,2022-08-22T00:00:00,400,2018-02-26T00:00:00,50,co2_extreme_in_planting
19,lasso,True,2022-08-29T00:00:00,609,2022-08-29T00:00:00,608,2022-08-29T00:00:00,608,2022-08-22T00:00:00,400,2018-02-26T00:00:00,50,pdsi_extreme_drought_in_planting
19,lasso,True,2022-08-29T00:00:00,609,2022-08-29T00:00:00,608,2022-08-29T00:00:00,608,2022-08-22T00:00:00,400,2018-02-26T00:00:00,50,pdsi_extreme_wet_in_harvesting
19,lasso,True,2022-08-29T00:00:00,609,2022-08-29T00:00:00,608,2022-08-29T00:00:00,608,2022-08-22T00:00:00,400,2018-02-26T00:00:00,50,soybeans_monthly_rv
19,lasso,True,2022-08-29T00:00:00,609,2022-08-29T00:00:00,608,2022-08-29T00:00:00,608,2022-08-22T00:00:00,400,2018-02-26T00:00:00,50,soybeans_seasonal_rv
19,lasso,True,2022-08-29T00:00:00,609,2022-08-29T00:00:00,608,2022-08-29T00:00:00,608,2022-08-22T00:00:00,400,2018-02-26T00:00:00,50,soybeans_weekly_rv
19,lasso,True,2022-08-29T00:00:00,609,2022-08-29T00:00:00,608,2022-08-29T00:00:00,608,2022-08-22T00:00:00,400,2018-02-26T00:00:00,50,spi_7d_very_dry_in_harvesting
19,lasso,True,2022-08-29T00:00:00,609,2022-08-29T00:00:00,608,2022-08-29T00:00:00,608,2022-08-22T00:00:00,400,2018-02-26T00:00:00,50,spi_7d_very_dry_in_planting
19,lasso,True,2022-08-29T00:00:00,609,2022-08-29T00:00:00,608,2022-08-29T00:00:00,608,2022-08-22T00:00:00,400,2018-02-26T00:00:00,50,spi_7d_very_wet_in_harvesting
19,lasso,True,2022-08-29T00:00:00,609,2022-08-29T00:00:00,608,2022-08-29T00:00:00,608,2022-08-22T00:00:00,400,2018-02-26T00:00:00,50,ssta_lanina
19,lasso,True,2022-08-29T00:00:00,609,2022-08-29T00:00:00,608,2022-08-29T00:00:00,608,2022-08-22T00:00:00,400,2018-02-26T00:00:00,50,tmax_hot_in_harvesting
19,lasso,True,2022-08-29T00:00:00,609,2022-08-29T00:00:00,608,2022-08-29T00:00:00,608,2022-08-22T00:00:00,400,2018-02-26T00:00:00,50,tmax_hot_in_planting
19,lasso,True,2022-08-29T00:00:00,609,2022-08-29T00:00:00,608,2022-08-29T00:00:00,608,2022-08-22T00:00:00,400,2018-02-26T00:00:00,50,tmax_very_hot_in_planting
19,lasso,True,2022-08-29T00:00:00,609,2022-08-29T00:00:00,608,2022-08-29T00:00:00,608,2022-08-22T00:00:00,400,2018-02-26T00:00:00,50,wheat_weekly_rv
19,lasso,True,2022-11-07T00:00:00,617,2022-11-07T00:00:00,616,2022-11-07T00:00:00,616,2022-10-31T00:00:00,408,2018-04-23T00:00:00,51,Broad_Dollar_index
19,lasso,True,2022-11-07T00:00:00,617,2022-11-07T00:00:00,616,2022-11-07T00:00:00,616,2022-10-31T00:00:00,408,2018-04-23T00:00:00,51,DJIA_Index
19,lasso,True,2022-11-07T00:00:00,617,2022-11-07T00:00:00,616,2022-11-07T00:00:00,616,2022-10-31T00:00:00,408,2018-04-23T00:00:00,51,NAO_index
19,lasso,True,2022-11-07T00:00:00,617,2022-11-07T00:00:00,616,2022-11-07T00:00:00,616,2022-10-31T00:00:00,408,2018-04-23T00:00:00,51,SOI_index
19,lasso,True,2022-11-07T00:00:00,617,2022-11-07T00:00:00,616,2022-11-07T00:00:00,616,2022-10-31T00:00:00,408,2018-04-23T00:00:00,51,awnd_extreme_high_wind_in_harvesting
19,lasso,True,2022-11-07T00:00:00,617,2022-11-07T00:00:00,616,2022-11-07T00:00:00,616,2022-10-31T00:00:00,408,2018-04-23T00:00:00,51,co2_extreme_in_planting
19,lasso,True,2022-11-07T00:00:00,617,2022-11-07T00:00:00,616,2022-11-07T00:00:00,616,2022-10-31T00:00:00,408,2018-04-23T00:00:00,51,pdsi_extreme_drought_in_planting
19,lasso,True,2022-11-07T00:00:00,617,2022-11-07T00:00:00,616,2022-11-07T00:00:00,616,2022-10-31T00:00:00,408,2018-04-23T00:00:00,51,pdsi_extreme_wet_in_harvesting
19,lasso,True,2022-11-07T00:00:00,617,2022-11-07T00:00:00,616,2022-11-07T00:00:00,616,2022-10-31T00:00:00,408,2018-04-23T00:00:00,51,soybeans_monthly_rv
19,lasso,True,2022-11-07T00:00:00,617,2022-11-07T00:00:00,616,2022-11-07T00:00:00,616,2022-10-31T00:00:00,408,2018-04-23T00:00:00,51,soybeans_seasonal_rv
19,lasso,True,2022-11-07T00:00:00,617,2022-11-07T00:00:00,616,2022-11-07T00:00:00,616,2022-10-31T00:00:00,408,2018-04-23T00:00:00,51,soybeans_weekly_rv
19,lasso,True,2022-11-07T00:00:00,617,2022-11-07T00:00:00,616,2022-11-07T00:00:00,616,2022-10-31T00:00:00,408,2018-04-23T00:00:00,51,spi_7d_very_dry_in_harvesting
19,lasso,True,2022-11-07T00:00:00,617,2022-11-07T00:00:00,616,2022-11-07T00:00:00,616,2022-10-31T00:00:00,408,2018-04-23T00:00:00,51,spi_7d_very_dry_in_planting
19,lasso,True,2022-11-07T00:00:00,617,2022-11-07T00:00:00,616,2022-11-07T00:00:00,616,2022-10-31T00:00:00,408,2018-04-23T00:00:00,51,spi_7d_very_wet_in_harvesting
19,lasso,True,2022-11-07T00:00:00,617,2022-11-07T00:00:00,616,2022-11-07T00:00:00,616,2022-10-31T00:00:00,408,2018-04-23T00:00:00,51,ssta_lanina
19,lasso,True,2022-11-07T00:00:00,617,2022-11-07T00:00:00,616,2022-11-07T00:00:00,616,2022-10-31T00:00:00,408,2018-04-23T00:00:00,51,tmax_hot_in_harvesting
19,lasso,True,2022-11-07T00:00:00,617,2022-11-07T00:00:00,616,2022-11-07T00:00:00,616,2022-10-31T00:00:00,408,2018-04-23T00:00:00,51,tmax_hot_in_planting
19,lasso,True,2022-11-07T00:00:00,617,2022-11-07T00:00:00,616,2022-11-07T00:00:00,616,2022-10-31T00:00:00,408,2018-04-23T00:00:00,51,tmax_very_hot_in_planting
19,lasso,True,2022-11-07T00:00:00,617,2022-11-07T00:00:00,616,2022-11-07T00:00:00,616,2022-10-31T00:00:00,408,2018-04-23T00:00:00,51,wheat_weekly_rv
25,lasso,False,2023-01-23T00:00:00,625,2023-01-23T00:00:00,624,2023-01-23T00:00:00,624,2023-01-09T00:00:00,416,2018-06-25T00:00:00,52,Broad_Dollar_index
25,lasso,False,2023-01-23T00:00:00,625,2023-01-23T00:00:00,624,2023-01-23T00:00:00,624,2023-01-09T00:00:00,416,2018-06-25T00:00:00,52,DJIA_Index
25,lasso,False,2023-01-23T00:00:00,625,2023-01-23T00:00:00,624,2023-01-23T00:00:00,624,2023-01-09T00:00:00,416,2018-06-25T00:00:00,52,SOI_index
25,lasso,False,2023-01-23T00:00:00,625,2023-01-23T00:00:00,624,2023-01-23T00:00:00,624,2023-01-09T00:00:00,416,2018-06-25T00:00:00,52,WTI_Index
25,lasso,False,2023-01-23T00:00:00,625,2023-01-23T00:00:00,624,2023-01-23T00:00:00,624,2023-01-09T00:00:00,416,2018-06-25T00:00:00,52,awnd_extreme_high_wind_in_harvesting
25,lasso,False,2023-01-23T00:00:00,625,2023-01-23T00:00:00,624,2023-01-23T00:00:00,624,2023-01-09T00:00:00,416,2018-06-25T00:00:00,52,awnd_moderate_high_wind_in_planting
25,lasso,False,2023-01-23T00:00:00,625,2023-01-23T00:00:00,624,2023-01-23T00:00:00,624,2023-01-09T00:00:00,416,2018-06-25T00:00:00,52,corn_weekly_rv
25,lasso,False,2023-01-23T00:00:00,625,2023-01-23T00:00:00,624,2023-01-23T00:00:00,624,2023-01-09T00:00:00,416,2018-06-25T00:00:00,52,frbsf_sentiment
25,lasso,False,2023-01-23T00:00:00,625,2023-01-23T00:00:00,624,2023-01-23T00:00:00,624,2023-01-09T00:00:00,416,2018-06-25T00:00:00,52,pdsi_extreme_drought_in_planting
25,lasso,False,2023-01-23T00:00:00,625,2023-01-23T00:00:00,624,2023-01-23T00:00:00,624,2023-01-09T00:00:00,416,2018-06-25T00:00:00,52,pdsi_extreme_wet_in_harvesting
25,lasso,False,2023-01-23T00:00:00,625,2023-01-23T00:00:00,624,2023-01-23T00:00:00,624,2023-01-09T00:00:00,416,2018-06-25T00:00:00,52,pdsi_severe_drought_in_harvesting
25,lasso,False,2023-01-23T00:00:00,625,2023-01-23T00:00:00,624,2023-01-23T00:00:00,624,2023-01-09T00:00:00,416,2018-06-25T00:00:00,52,pdsi_very_wet_in_planting
25,lasso,False,2023-01-23T00:00:00,625,2023-01-23T00:00:00,624,2023-01-23T00:00:00,624,2023-01-09T00:00:00,416,2018-06-25T00:00:00,52,soybeans_monthly_rv
25,lasso,False,2023-01-23T00:00:00,625,2023-01-23T00:00:00,624,2023-01-23T00:00:00,624,2023-01-09T00:00:00,416,2018-06-25T00:00:00,52,soybeans_seasonal_rv
25,lasso,False,2023-01-23T00:00:00,625,2023-01-23T00:00:00,624,2023-01-23T00:00:00,624,2023-01-09T00:00:00,416,2018-06-25T00:00:00,52,soybeans_weekly_rv
25,lasso,False,2023-01-23T00:00:00,625,2023-01-23T00:00:00,624,2023-01-23T00:00:00,624,2023-01-09T00:00:00,416,2018-06-25T00:00:00,52,soybeans_weekly_rvb
25,lasso,False,2023-01-23T00:00:00,625,2023-01-23T00:00:00,624,2023-01-23T00:00:00,624,2023-01-09T00:00:00,416,2018-06-25T00:00:00,52,spi_7d_extreme_wet_in_planting
25,lasso,False,2023-01-23T00:00:00,625,2023-01-23T00:00:00,624,2023-01-23T00:00:00,624,2023-01-09T00:00:00,416,2018-06-25T00:00:00,52,ssta_elino
25,lasso,False,2023-01-23T00:00:00,625,2023-01-23T00:00:00,624,2023-01-23T00:00:00,624,2023-01-09T00:00:00,416,2018-06-25T00:00:00,52,ssta_lanina
25,lasso,False,2023-01-23T00:00:00,625,2023-01-23T00:00:00,624,2023-01-23T00:00:00,624,2023-01-09T00:00:00,416,2018-06-25T00:00:00,52,tmax_hot_in_harvesting
25,lasso,False,2023-01-23T00:00:00,625,2023-01-23T00:00:00,624,2023-01-23T00:00:00,624,2023-01-09T00:00:00,416,2018-06-25T00:00:00,52,tmax_hot_in_planting
25,lasso,False,2023-01-23T00:00:00,625,2023-01-23T00:00:00,624,2023-01-23T00:00:00,624,2023-01-09T00:00:00,416,2018-06-25T00:00:00,52,tmax_very_hot_in_planting
25,lasso,False,2023-01-23T00:00:00,625,2023-01-23T00:00:00,624,2023-01-23T00:00:00,624,2023-01-09T00:00:00,416,2018-06-25T00:00:00,52,tmin_cold_in_harvesting
25,lasso,False,2023-01-23T00:00:00,625,2023-01-23T00:00:00,624,2023-01-23T00:00:00,624,2023-01-09T00:00:00,416,2018-06-25T00:00:00,52,tmin_very_cold_in_planting
25,lasso,False,2023-01-23T00:00:00,625,2023-01-23T00:00:00,624,2023-01-23T00:00:00,624,2023-01-09T00:00:00,416,2018-06-25T00:00:00,52,wheat_weekly_rv
25,lasso,True,2023-03-27T00:00:00,633,2023-03-27T00:00:00,632,2023-03-27T00:00:00,632,2023-03-20T00:00:00,424,2018-08-20T00:00:00,53,Broad_Dollar_index
25,lasso,True,2023-03-27T00:00:00,633,2023-03-27T00:00:00,632,2023-03-27T00:00:00,632,2023-03-20T00:00:00,424,2018-08-20T00:00:00,53,DJIA_Index
25,lasso,True,2023-03-27T00:00:00,633,2023-03-27T00:00:00,632,2023-03-27T00:00:00,632,2023-03-20T00:00:00,424,2018-08-20T00:00:00,53,SOI_index
25,lasso,True,2023-03-27T00:00:00,633,2023-03-27T00:00:00,632,2023-03-27T00:00:00,632,2023-03-20T00:00:00,424,2018-08-20T00:00:00,53,WTI_Index
25,lasso,True,2023-03-27T00:00:00,633,2023-03-27T00:00:00,632,2023-03-27T00:00:00,632,2023-03-20T00:00:00,424,2018-08-20T00:00:00,53,awnd_extreme_high_wind_in_harvesting
25,lasso,True,2023-03-27T00:00:00,633,2023-03-27T00:00:00,632,2023-03-27T00:00:00,632,2023-03-20T00:00:00,424,2018-08-20T00:00:00,53,awnd_moderate_high_wind_in_planting
25,lasso,True,2023-03-27T00:00:00,633,2023-03-27T00:00:00,632,2023-03-27T00:00:00,632,2023-03-20T00:00:00,424,2018-08-20T00:00:00,53,corn_weekly_rv
25,lasso,True,2023-03-27T00:00:00,633,2023-03-27T00:00:00,632,2023-03-27T00:00:00,632,2023-03-20T00:00:00,424,2018-08-20T00:00:00,53,frbsf_sentiment
25,lasso,True,2023-03-27T00:00:00,633,2023-03-27T00:00:00,632,2023-03-27T00:00:00,632,2023-03-20T00:00:00,424,2018-08-20T00:00:00,53,pdsi_extreme_drought_in_planting
25,lasso,True,2023-03-27T00:00:00,633,2023-03-27T00:00:00,632,2023-03-27T00:00:00,632,2023-03-20T00:00:00,424,2018-08-20T00:00:00,53,pdsi_extreme_wet_in_harvesting
25,lasso,True,2023-03-27T00:00:00,633,2023-03-27T00:00:00,632,2023-03-27T00:00:00,632,2023-03-20T00:00:00,424,2018-08-20T00:00:00,53,pdsi_severe_drought_in_harvesting
25,lasso,True,2023-03-27T00:00:00,633,2023-03-27T00:00:00,632,2023-03-27T00:00:00,632,2023-03-20T00:00:00,424,2018-08-20T00:00:00,53,pdsi_very_wet_in_planting
25,lasso,True,2023-03-27T00:00:00,633,2023-03-27T00:00:00,632,2023-03-27T00:00:00,632,2023-03-20T00:00:00,424,2018-08-20T00:00:00,53,soybeans_monthly_rv
25,lasso,True,2023-03-27T00:00:00,633,2023-03-27T00:00:00,632,2023-03-27T00:00:00,632,2023-03-20T00:00:00,424,2018-08-20T00:00:00,53,soybeans_seasonal_rv
25,lasso,True,2023-03-27T00:00:00,633,2023-03-27T00:00:00,632,2023-03-27T00:00:00,632,2023-03-20T00:00:00,424,2018-08-20T00:00:00,53,soybeans_weekly_rv
25,lasso,True,2023-03-27T00:00:00,633,2023-03-27T00:00:00,632,2023-03-27T00:00:00,632,2023-03-20T00:00:00,424,2018-08-20T00:00:00,53,soybeans_weekly_rvb
25,lasso,True,2023-03-27T00:00:00,633,2023-03-27T00:00:00,632,2023-03-27T00:00:00,632,2023-03-20T00:00:00,424,2018-08-20T00:00:00,53,spi_7d_extreme_wet_in_planting
25,lasso,True,2023-03-27T00:00:00,633,2023-03-27T00:00:00,632,2023-03-27T00:00:00,632,2023-03-20T00:00:00,424,2018-08-20T00:00:00,53,ssta_elino
25,lasso,True,2023-03-27T00:00:00,633,2023-03-27T00:00:00,632,2023-03-27T00:00:00,632,2023-03-20T00:00:00,424,2018-08-20T00:00:00,53,ssta_lanina
25,lasso,True,2023-03-27T00:00:00,633,2023-03-27T00:00:00,632,2023-03-27T00:00:00,632,2023-03-20T00:00:00,424,2018-08-20T00:00:00,53,tmax_hot_in_harvesting
25,lasso,True,2023-03-27T00:00:00,633,2023-03-27T00:00:00,632,2023-03-27T00:00:00,632,2023-03-20T00:00:00,424,2018-08-20T00:00:00,53,tmax_hot_in_planting
25,lasso,True,2023-03-27T00:00:00,633,2023-03-27T00:00:00,632,2023-03-27T00:00:00,632,2023-03-20T00:00:00,424,2018-08-20T00:00:00,53,tmax_very_hot_in_planting
25,lasso,True,2023-03-27T00:00:00,633,2023-03-27T00:00:00,632,2023-03-27T00:00:00,632,2023-03-20T00:00:00,424,2018-08-20T00:00:00,53,tmin_cold_in_harvesting
25,lasso,True,2023-03-27T00:00:00,633,2023-03-27T00:00:00,632,2023-03-27T00:00:00,632,2023-03-20T00:00:00,424,2018-08-20T00:00:00,53,tmin_very_cold_in_planting
25,lasso,True,2023-03-27T00:00:00,633,2023-03-27T00:00:00,632,2023-03-27T00:00:00,632,2023-03-20T00:00:00,424,2018-08-20T00:00:00,53,wheat_weekly_rv
25,lasso,True,2023-05-22T00:00:00,641,2023-05-22T00:00:00,640,2023-05-22T00:00:00,640,2023-05-15T00:00:00,432,2018-10-29T00:00:00,54,Broad_Dollar_index
25,lasso,True,2023-05-22T00:00:00,641,2023-05-22T00:00:00,640,2023-05-22T00:00:00,640,2023-05-15T00:00:00,432,2018-10-29T00:00:00,54,DJIA_Index
25,lasso,True,2023-05-22T00:00:00,641,2023-05-22T00:00:00,640,2023-05-22T00:00:00,640,2023-05-15T00:00:00,432,2018-10-29T00:00:00,54,SOI_index
25,lasso,True,2023-05-22T00:00:00,641,2023-05-22T00:00:00,640,2023-05-22T00:00:00,640,2023-05-15T00:00:00,432,2018-10-29T00:00:00,54,WTI_Index
25,lasso,True,2023-05-22T00:00:00,641,2023-05-22T00:00:00,640,2023-05-22T00:00:00,640,2023-05-15T00:00:00,432,2018-10-29T00:00:00,54,awnd_extreme_high_wind_in_harvesting
25,lasso,True,2023-05-22T00:00:00,641,2023-05-22T00:00:00,640,2023-05-22T00:00:00,640,2023-05-15T00:00:00,432,2018-10-29T00:00:00,54,awnd_moderate_high_wind_in_planting
25,lasso,True,2023-05-22T00:00:00,641,2023-05-22T00:00:00,640,2023-05-22T00:00:00,640,2023-05-15T00:00:00,432,2018-10-29T00:00:00,54,corn_weekly_rv
25,lasso,True,2023-05-22T00:00:00,641,2023-05-22T00:00:00,640,2023-05-22T00:00:00,640,2023-05-15T00:00:00,432,2018-10-29T00:00:00,54,frbsf_sentiment
25,lasso,True,2023-05-22T00:00:00,641,2023-05-22T00:00:00,640,2023-05-22T00:00:00,640,2023-05-15T00:00:00,432,2018-10-29T00:00:00,54,pdsi_extreme_drought_in_planting
25,lasso,True,2023-05-22T00:00:00,641,2023-05-22T00:00:00,640,2023-05-22T00:00:00,640,2023-05-15T00:00:00,432,2018-10-29T00:00:00,54,pdsi_extreme_wet_in_harvesting
25,lasso,True,2023-05-22T00:00:00,641,2023-05-22T00:00:00,640,2023-05-22T00:00:00,640,2023-05-15T00:00:00,432,2018-10-29T00:00:00,54,pdsi_severe_drought_in_harvesting
25,lasso,True,2023-05-22T00:00:00,641,2023-05-22T00:00:00,640,2023-05-22T00:00:00,640,2023-05-15T00:00:00,432,2018-10-29T00:00:00,54,pdsi_very_wet_in_planting
25,lasso,True,2023-05-22T00:00:00,641,2023-05-22T00:00:00,640,2023-05-22T00:00:00,640,2023-05-15T00:00:00,432,2018-10-29T00:00:00,54,soybeans_monthly_rv
25,lasso,True,2023-05-22T00:00:00,641,2023-05-22T00:00:00,640,2023-05-22T00:00:00,640,2023-05-15T00:00:00,432,2018-10-29T00:00:00,54,soybeans_seasonal_rv
25,lasso,True,2023-05-22T00:00:00,641,2023-05-22T00:00:00,640,2023-05-22T00:00:00,640,2023-05-15T00:00:00,432,2018-10-29T00:00:00,54,soybeans_weekly_rv
25,lasso,True,2023-05-22T00:00:00,641,2023-05-22T00:00:00,640,2023-05-22T00:00:00,640,2023-05-15T00:00:00,432,2018-10-29T00:00:00,54,soybeans_weekly_rvb
25,lasso,True,2023-05-22T00:00:00,641,2023-05-22T00:00:00,640,2023-05-22T00:00:00,640,2023-05-15T00:00:00,432,2018-10-29T00:00:00,54,spi_7d_extreme_wet_in_planting
25,lasso,True,2023-05-22T00:00:00,641,2023-05-22T00:00:00,640,2023-05-22T00:00:00,640,2023-05-15T00:00:00,432,2018-10-29T00:00:00,54,ssta_elino
25,lasso,True,2023-05-22T00:00:00,641,2023-05-22T00:00:00,640,2023-05-22T00:00:00,640,2023-05-15T00:00:00,432,2018-10-29T00:00:00,54,ssta_lanina
25,lasso,True,2023-05-22T00:00:00,641,2023-05-22T00:00:00,640,2023-05-22T00:00:00,640,2023-05-15T00:00:00,432,2018-10-29T00:00:00,54,tmax_hot_in_harvesting
25,lasso,True,2023-05-22T00:00:00,641,2023-05-22T00:00:00,640,2023-05-22T00:00:00,640,2023-05-15T00:00:00,432,2018-10-29T00:00:00,54,tmax_hot_in_planting
25,lasso,True,2023-05-22T00:00:00,641,2023-05-22T00:00:00,640,2023-05-22T00:00:00,640,2023-05-15T00:00:00,432,2018-10-29T00:00:00,54,tmax_very_hot_in_planting
25,lasso,True,2023-05-22T00:00:00,641,2023-05-22T00:00:00,640,2023-05-22T00:00:00,640,2023-05-15T00:00:00,432,2018-10-29T00:00:00,54,tmin_cold_in_harvesting
25,lasso,True,2023-05-22T00:00:00,641,2023-05-22T00:00:00,640,2023-05-22T00:00:00,640,2023-05-15T00:00:00,432,2018-10-29T00:00:00,54,tmin_very_cold_in_planting
25,lasso,True,2023-05-22T00:00:00,641,2023-05-22T00:00:00,640,2023-05-22T00:00:00,640,2023-05-15T00:00:00,432,2018-10-29T00:00:00,54,wheat_weekly_rv
25,lasso,True,2023-07-31T00:00:00,649,2023-07-31T00:00:00,648,2023-07-31T00:00:00,648,2023-07-24T00:00:00,440,2018-12-31T00:00:00,55,Broad_Dollar_index
25,lasso,True,2023-07-31T00:00:00,649,2023-07-31T00:00:00,648,2023-07-31T00:00:00,648,2023-07-24T00:00:00,440,2018-12-31T00:00:00,55,DJIA_Index
25,lasso,True,2023-07-31T00:00:00,649,2023-07-31T00:00:00,648,2023-07-31T00:00:00,648,2023-07-24T00:00:00,440,2018-12-31T00:00:00,55,SOI_index
25,lasso,True,2023-07-31T00:00:00,649,2023-07-31T00:00:00,648,2023-07-31T00:00:00,648,2023-07-24T00:00:00,440,2018-12-31T00:00:00,55,WTI_Index
25,lasso,True,2023-07-31T00:00:00,649,2023-07-31T00:00:00,648,2023-07-31T00:00:00,648,2023-07-24T00:00:00,440,2018-12-31T00:00:00,55,awnd_extreme_high_wind_in_harvesting
25,lasso,True,2023-07-31T00:00:00,649,2023-07-31T00:00:00,648,2023-07-31T00:00:00,648,2023-07-24T00:00:00,440,2018-12-31T00:00:00,55,awnd_moderate_high_wind_in_planting
25,lasso,True,2023-07-31T00:00:00,649,2023-07-31T00:00:00,648,2023-07-31T00:00:00,648,2023-07-24T00:00:00,440,2018-12-31T00:00:00,55,corn_weekly_rv
25,lasso,True,2023-07-31T00:00:00,649,2023-07-31T00:00:00,648,2023-07-31T00:00:00,648,2023-07-24T00:00:00,440,2018-12-31T00:00:00,55,frbsf_sentiment
25,lasso,True,2023-07-31T00:00:00,649,2023-07-31T00:00:00,648,2023-07-31T00:00:00,648,2023-07-24T00:00:00,440,2018-12-31T00:00:00,55,pdsi_extreme_drought_in_planting
25,lasso,True,2023-07-31T00:00:00,649,2023-07-31T00:00:00,648,2023-07-31T00:00:00,648,2023-07-24T00:00:00,440,2018-12-31T00:00:00,55,pdsi_extreme_wet_in_harvesting
25,lasso,True,2023-07-31T00:00:00,649,2023-07-31T00:00:00,648,2023-07-31T00:00:00,648,2023-07-24T00:00:00,440,2018-12-31T00:00:00,55,pdsi_severe_drought_in_harvesting
25,lasso,True,2023-07-31T00:00:00,649,2023-07-31T00:00:00,648,2023-07-31T00:00:00,648,2023-07-24T00:00:00,440,2018-12-31T00:00:00,55,pdsi_very_wet_in_planting
25,lasso,True,2023-07-31T00:00:00,649,2023-07-31T00:00:00,648,2023-07-31T00:00:00,648,2023-07-24T00:00:00,440,2018-12-31T00:00:00,55,soybeans_monthly_rv
25,lasso,True,2023-07-31T00:00:00,649,2023-07-31T00:00:00,648,2023-07-31T00:00:00,648,2023-07-24T00:00:00,440,2018-12-31T00:00:00,55,soybeans_seasonal_rv
25,lasso,True,2023-07-31T00:00:00,649,2023-07-31T00:00:00,648,2023-07-31T00:00:00,648,2023-07-24T00:00:00,440,2018-12-31T00:00:00,55,soybeans_weekly_rv
25,lasso,True,2023-07-31T00:00:00,649,2023-07-31T00:00:00,648,2023-07-31T00:00:00,648,2023-07-24T00:00:00,440,2018-12-31T00:00:00,55,soybeans_weekly_rvb
25,lasso,True,2023-07-31T00:00:00,649,2023-07-31T00:00:00,648,2023-07-31T00:00:00,648,2023-07-24T00:00:00,440,2018-12-31T00:00:00,55,spi_7d_extreme_wet_in_planting
25,lasso,True,2023-07-31T00:00:00,649,2023-07-31T00:00:00,648,2023-07-31T00:00:00,648,2023-07-24T00:00:00,440,2018-12-31T00:00:00,55,ssta_elino
25,lasso,True,2023-07-31T00:00:00,649,2023-07-31T00:00:00,648,2023-07-31T00:00:00,648,2023-07-24T00:00:00,440,2018-12-31T00:00:00,55,ssta_lanina
25,lasso,True,2023-07-31T00:00:00,649,2023-07-31T00:00:00,648,2023-07-31T00:00:00,648,2023-07-24T00:00:00,440,2018-12-31T00:00:00,55,tmax_hot_in_harvesting
25,lasso,True,2023-07-31T00:00:00,649,2023-07-31T00:00:00,648,2023-07-31T00:00:00,648,2023-07-24T00:00:00,440,2018-12-31T00:00:00,55,tmax_hot_in_planting
25,lasso,True,2023-07-31T00:00:00,649,2023-07-31T00:00:00,648,2023-07-31T00:00:00,648,2023-07-24T00:00:00,440,2018-12-31T00:00:00,55,tmax_very_hot_in_planting
25,lasso,True,2023-07-31T00:00:00,649,2023-07-31T00:00:00,648,2023-07-31T00:00:00,648,2023-07-24T00:00:00,440,2018-12-31T00:00:00,55,tmin_cold_in_harvesting
25,lasso,True,2023-07-31T00:00:00,649,2023-07-31T00:00:00,648,2023-07-31T00:00:00,648,2023-07-24T00:00:00,440,2018-12-31T00:00:00,55,tmin_very_cold_in_planting
25,lasso,True,2023-07-31T00:00:00,649,2023-07-31T00:00:00,648,2023-07-31T00:00:00,648,2023-07-24T00:00:00,440,2018-12-31T00:00:00,55,wheat_weekly_rv
40,lasso,False,2023-10-02T00:00:00,657,2023-10-02T00:00:00,656,2023-10-02T00:00:00,656,2023-09-25T00:00:00,448,2019-03-18T00:00:00,56,Broad_Dollar_index
40,lasso,False,2023-10-02T00:00:00,657,2023-10-02T00:00:00,656,2023-10-02T00:00:00,656,2023-09-25T00:00:00,448,2019-03-18T00:00:00,56,DJIA_Index
40,lasso,False,2023-10-02T00:00:00,657,2023-10-02T00:00:00,656,2023-10-02T00:00:00,656,2023-09-25T00:00:00,448,2019-03-18T00:00:00,56,NAO_index
40,lasso,False,2023-10-02T00:00:00,657,2023-10-02T00:00:00,656,2023-10-02T00:00:00,656,2023-09-25T00:00:00,448,2019-03-18T00:00:00,56,SOI_index
40,lasso,False,2023-10-02T00:00:00,657,2023-10-02T00:00:00,656,2023-10-02T00:00:00,656,2023-09-25T00:00:00,448,2019-03-18T00:00:00,56,Stock_Uncertainty
40,lasso,False,2023-10-02T00:00:00,657,2023-10-02T00:00:00,656,2023-10-02T00:00:00,656,2023-09-25T00:00:00,448,2019-03-18T00:00:00,56,Text_Climate_Anomaly
40,lasso,False,2023-10-02T00:00:00,657,2023-10-02T00:00:00,656,2023-10-02T00:00:00,656,2023-09-25T00:00:00,448,2019-03-18T00:00:00,56,WTI_Index
40,lasso,False,2023-10-02T00:00:00,657,2023-10-02T00:00:00,656,2023-10-02T00:00:00,656,2023-09-25T00:00:00,448,2019-03-18T00:00:00,56,awnd_extreme_high_wind_in_harvesting
40,lasso,False,2023-10-02T00:00:00,657,2023-10-02T00:00:00,656,2023-10-02T00:00:00,656,2023-09-25T00:00:00,448,2019-03-18T00:00:00,56,awnd_extreme_high_wind_in_planting
40,lasso,False,2023-10-02T00:00:00,657,2023-10-02T00:00:00,656,2023-10-02T00:00:00,656,2023-09-25T00:00:00,448,2019-03-18T00:00:00,56,awnd_moderate_high_wind_in_planting
40,lasso,False,2023-10-02T00:00:00,657,2023-10-02T00:00:00,656,2023-10-02T00:00:00,656,2023-09-25T00:00:00,448,2019-03-18T00:00:00,56,corn_weekly_rv
40,lasso,False,2023-10-02T00:00:00,657,2023-10-02T00:00:00,656,2023-10-02T00:00:00,656,2023-09-25T00:00:00,448,2019-03-18T00:00:00,56,epu_index
40,lasso,False,2023-10-02T00:00:00,657,2023-10-02T00:00:00,656,2023-10-02T00:00:00,656,2023-09-25T00:00:00,448,2019-03-18T00:00:00,56,frbsf_sentiment
40,lasso,False,2023-10-02T00:00:00,657,2023-10-02T00:00:00,656,2023-10-02T00:00:00,656,2023-09-25T00:00:00,448,2019-03-18T00:00:00,56,pdsi_extreme_drought_in_harvesting
40,lasso,False,2023-10-02T00:00:00,657,2023-10-02T00:00:00,656,2023-10-02T00:00:00,656,2023-09-25T00:00:00,448,2019-03-18T00:00:00,56,pdsi_extreme_drought_in_planting
40,lasso,False,2023-10-02T00:00:00,657,2023-10-02T00:00:00,656,2023-10-02T00:00:00,656,2023-09-25T00:00:00,448,2019-03-18T00:00:00,56,pdsi_extreme_wet_in_harvesting
40,lasso,False,2023-10-02T00:00:00,657,2023-10-02T00:00:00,656,2023-10-02T00:00:00,656,2023-09-25T00:00:00,448,2019-03-18T00:00:00,56,pdsi_extreme_wet_in_planting
40,lasso,False,2023-10-02T00:00:00,657,2023-10-02T00:00:00,656,2023-10-02T00:00:00,656,2023-09-25T00:00:00,448,2019-03-18T00:00:00,56,pdsi_very_wet_in_harvesting
40,lasso,False,2023-10-02T00:00:00,657,2023-10-02T00:00:00,656,2023-10-02T00:00:00,656,2023-09-25T00:00:00,448,2019-03-18T00:00:00,56,soybeans_monthly_rv
40,lasso,False,2023-10-02T00:00:00,657,2023-10-02T00:00:00,656,2023-10-02T00:00:00,656,2023-09-25T00:00:00,448,2019-03-18T00:00:00,56,soybeans_seasonal_rv
40,lasso,False,2023-10-02T00:00:00,657,2023-10-02T00:00:00,656,2023-10-02T00:00:00,656,2023-09-25T00:00:00,448,2019-03-18T00:00:00,56,soybeans_weekly_rv
40,lasso,False,2023-10-02T00:00:00,657,2023-10-02T00:00:00,656,2023-10-02T00:00:00,656,2023-09-25T00:00:00,448,2019-03-18T00:00:00,56,soybeans_weekly_rvb
40,lasso,False,2023-10-02T00:00:00,657,2023-10-02T00:00:00,656,2023-10-02T00:00:00,656,2023-09-25T00:00:00,448,2019-03-18T00:00:00,56,soybeans_weekly_rvg
40,lasso,False,2023-10-02T00:00:00,657,2023-10-02T00:00:00,656,2023-10-02T00:00:00,656,2023-09-25T00:00:00,448,2019-03-18T00:00:00,56,spi_7d_extreme_dry_in_harvesting
40,lasso,False,2023-10-02T00:00:00,657,2023-10-02T00:00:00,656,2023-10-02T00:00:00,656,2023-09-25T00:00:00,448,2019-03-18T00:00:00,56,spi_7d_extreme_dry_in_planting
40,lasso,False,2023-10-02T00:00:00,657,2023-10-02T00:00:00,656,2023-10-02T00:00:00,656,2023-09-25T00:00:00,448,2019-03-18T00:00:00,56,spi_7d_extreme_wet_in_planting
40,lasso,False,2023-10-02T00:00:00,657,2023-10-02T00:00:00,656,2023-10-02T00:00:00,656,2023-09-25T00:00:00,448,2019-03-18T00:00:00,56,spi_7d_very_dry_in_harvesting
40,lasso,False,2023-10-02T00:00:00,657,2023-10-02T00:00:00,656,2023-10-02T00:00:00,656,2023-09-25T00:00:00,448,2019-03-18T00:00:00,56,spi_7d_very_dry_in_planting
40,lasso,False,2023-10-02T00:00:00,657,2023-10-02T00:00:00,656,2023-10-02T00:00:00,656,2023-09-25T00:00:00,448,2019-03-18T00:00:00,56,spi_7d_very_wet_in_harvesting
40,lasso,False,2023-10-02T00:00:00,657,2023-10-02T00:00:00,656,2023-10-02T00:00:00,656,2023-09-25T00:00:00,448,2019-03-18T00:00:00,56,spi_7d_very_wet_in_planting
40,lasso,False,2023-10-02T00:00:00,657,2023-10-02T00:00:00,656,2023-10-02T00:00:00,656,2023-09-25T00:00:00,448,2019-03-18T00:00:00,56,ssta_elino
40,lasso,False,2023-10-02T00:00:00,657,2023-10-02T00:00:00,656,2023-10-02T00:00:00,656,2023-09-25T00:00:00,448,2019-03-18T00:00:00,56,ssta_lanina
40,lasso,False,2023-10-02T00:00:00,657,2023-10-02T00:00:00,656,2023-10-02T00:00:00,656,2023-09-25T00:00:00,448,2019-03-18T00:00:00,56,tmax_hot_in_harvesting
40,lasso,False,2023-10-02T00:00:00,657,2023-10-02T00:00:00,656,2023-10-02T00:00:00,656,2023-09-25T00:00:00,448,2019-03-18T00:00:00,56,tmax_hot_in_planting
40,lasso,False,2023-10-02T00:00:00,657,2023-10-02T00:00:00,656,2023-10-02T00:00:00,656,2023-09-25T00:00:00,448,2019-03-18T00:00:00,56,tmax_very_hot_in_harvesting
40,lasso,False,2023-10-02T00:00:00,657,2023-10-02T00:00:00,656,2023-10-02T00:00:00,656,2023-09-25T00:00:00,448,2019-03-18T00:00:00,56,tmax_very_hot_in_planting
40,lasso,False,2023-10-02T00:00:00,657,2023-10-02T00:00:00,656,2023-10-02T00:00:00,656,2023-09-25T00:00:00,448,2019-03-18T00:00:00,56,tmin_cold_in_harvesting
40,lasso,False,2023-10-02T00:00:00,657,2023-10-02T00:00:00,656,2023-10-02T00:00:00,656,2023-09-25T00:00:00,448,2019-03-18T00:00:00,56,tmin_very_cold_in_harvesting
40,lasso,False,2023-10-02T00:00:00,657,2023-10-02T00:00:00,656,2023-10-02T00:00:00,656,2023-09-25T00:00:00,448,2019-03-18T00:00:00,56,tmin_very_cold_in_planting
40,lasso,False,2023-10-02T00:00:00,657,2023-10-02T00:00:00,656,2023-10-02T00:00:00,656,2023-09-25T00:00:00,448,2019-03-18T00:00:00,56,wheat_weekly_rv
40,lasso,True,2023-12-04T00:00:00,665,2023-12-04T00:00:00,664,2023-12-04T00:00:00,664,2023-11-27T00:00:00,456,2019-05-13T00:00:00,57,Broad_Dollar_index
40,lasso,True,2023-12-04T00:00:00,665,2023-12-04T00:00:00,664,2023-12-04T00:00:00,664,2023-11-27T00:00:00,456,2019-05-13T00:00:00,57,DJIA_Index
40,lasso,True,2023-12-04T00:00:00,665,2023-12-04T00:00:00,664,2023-12-04T00:00:00,664,2023-11-27T00:00:00,456,2019-05-13T00:00:00,57,NAO_index
40,lasso,True,2023-12-04T00:00:00,665,2023-12-04T00:00:00,664,2023-12-04T00:00:00,664,2023-11-27T00:00:00,456,2019-05-13T00:00:00,57,SOI_index
40,lasso,True,2023-12-04T00:00:00,665,2023-12-04T00:00:00,664,2023-12-04T00:00:00,664,2023-11-27T00:00:00,456,2019-05-13T00:00:00,57,Stock_Uncertainty
40,lasso,True,2023-12-04T00:00:00,665,2023-12-04T00:00:00,664,2023-12-04T00:00:00,664,2023-11-27T00:00:00,456,2019-05-13T00:00:00,57,Text_Climate_Anomaly
40,lasso,True,2023-12-04T00:00:00,665,2023-12-04T00:00:00,664,2023-12-04T00:00:00,664,2023-11-27T00:00:00,456,2019-05-13T00:00:00,57,WTI_Index
40,lasso,True,2023-12-04T00:00:00,665,2023-12-04T00:00:00,664,2023-12-04T00:00:00,664,2023-11-27T00:00:00,456,2019-05-13T00:00:00,57,awnd_extreme_high_wind_in_harvesting
40,lasso,True,2023-12-04T00:00:00,665,2023-12-04T00:00:00,664,2023-12-04T00:00:00,664,2023-11-27T00:00:00,456,2019-05-13T00:00:00,57,awnd_extreme_high_wind_in_planting
40,lasso,True,2023-12-04T00:00:00,665,2023-12-04T00:00:00,664,2023-12-04T00:00:00,664,2023-11-27T00:00:00,456,2019-05-13T00:00:00,57,awnd_moderate_high_wind_in_planting
40,lasso,True,2023-12-04T00:00:00,665,2023-12-04T00:00:00,664,2023-12-04T00:00:00,664,2023-11-27T00:00:00,456,2019-05-13T00:00:00,57,corn_weekly_rv
40,lasso,True,2023-12-04T00:00:00,665,2023-12-04T00:00:00,664,2023-12-04T00:00:00,664,2023-11-27T00:00:00,456,2019-05-13T00:00:00,57,epu_index
40,lasso,True,2023-12-04T00:00:00,665,2023-12-04T00:00:00,664,2023-12-04T00:00:00,664,2023-11-27T00:00:00,456,2019-05-13T00:00:00,57,frbsf_sentiment
40,lasso,True,2023-12-04T00:00:00,665,2023-12-04T00:00:00,664,2023-12-04T00:00:00,664,2023-11-27T00:00:00,456,2019-05-13T00:00:00,57,pdsi_extreme_drought_in_harvesting
40,lasso,True,2023-12-04T00:00:00,665,2023-12-04T00:00:00,664,2023-12-04T00:00:00,664,2023-11-27T00:00:00,456,2019-05-13T00:00:00,57,pdsi_extreme_drought_in_planting
40,lasso,True,2023-12-04T00:00:00,665,2023-12-04T00:00:00,664,2023-12-04T00:00:00,664,2023-11-27T00:00:00,456,2019-05-13T00:00:00,57,pdsi_extreme_wet_in_harvesting
40,lasso,True,2023-12-04T00:00:00,665,2023-12-04T00:00:00,664,2023-12-04T00:00:00,664,2023-11-27T00:00:00,456,2019-05-13T00:00:00,57,pdsi_extreme_wet_in_planting
40,lasso,True,2023-12-04T00:00:00,665,2023-12-04T00:00:00,664,2023-12-04T00:00:00,664,2023-11-27T00:00:00,456,2019-05-13T00:00:00,57,pdsi_very_wet_in_harvesting
40,lasso,True,2023-12-04T00:00:00,665,2023-12-04T00:00:00,664,2023-12-04T00:00:00,664,2023-11-27T00:00:00,456,2019-05-13T00:00:00,57,soybeans_monthly_rv
40,lasso,True,2023-12-04T00:00:00,665,2023-12-04T00:00:00,664,2023-12-04T00:00:00,664,2023-11-27T00:00:00,456,2019-05-13T00:00:00,57,soybeans_seasonal_rv
40,lasso,True,2023-12-04T00:00:00,665,2023-12-04T00:00:00,664,2023-12-04T00:00:00,664,2023-11-27T00:00:00,456,2019-05-13T00:00:00,57,soybeans_weekly_rv
40,lasso,True,2023-12-04T00:00:00,665,2023-12-04T00:00:00,664,2023-12-04T00:00:00,664,2023-11-27T00:00:00,456,2019-05-13T00:00:00,57,soybeans_weekly_rvb
40,lasso,True,2023-12-04T00:00:00,665,2023-12-04T00:00:00,664,2023-12-04T00:00:00,664,2023-11-27T00:00:00,456,2019-05-13T00:00:00,57,soybeans_weekly_rvg
40,lasso,True,2023-12-04T00:00:00,665,2023-12-04T00:00:00,664,2023-12-04T00:00:00,664,2023-11-27T00:00:00,456,2019-05-13T00:00:00,57,spi_7d_extreme_dry_in_harvesting
40,lasso,True,2023-12-04T00:00:00,665,2023-12-04T00:00:00,664,2023-12-04T00:00:00,664,2023-11-27T00:00:00,456,2019-05-13T00:00:00,57,spi_7d_extreme_dry_in_planting
40,lasso,True,2023-12-04T00:00:00,665,2023-12-04T00:00:00,664,2023-12-04T00:00:00,664,2023-11-27T00:00:00,456,2019-05-13T00:00:00,57,spi_7d_extreme_wet_in_planting
40,lasso,True,2023-12-04T00:00:00,665,2023-12-04T00:00:00,664,2023-12-04T00:00:00,664,2023-11-27T00:00:00,456,2019-05-13T00:00:00,57,spi_7d_very_dry_in_harvesting
40,lasso,True,2023-12-04T00:00:00,665,2023-12-04T00:00:00,664,2023-12-04T00:00:00,664,2023-11-27T00:00:00,456,2019-05-13T00:00:00,57,spi_7d_very_dry_in_planting
40,lasso,True,2023-12-04T00:00:00,665,2023-12-04T00:00:00,664,2023-12-04T00:00:00,664,2023-11-27T00:00:00,456,2019-05-13T00:00:00,57,spi_7d_very_wet_in_harvesting
40,lasso,True,2023-12-04T00:00:00,665,2023-12-04T00:00:00,664,2023-12-04T00:00:00,664,2023-11-27T00:00:00,456,2019-05-13T00:00:00,57,spi_7d_very_wet_in_planting
40,lasso,True,2023-12-04T00:00:00,665,2023-12-04T00:00:00,664,2023-12-04T00:00:00,664,2023-11-27T00:00:00,456,2019-05-13T00:00:00,57,ssta_elino
40,lasso,True,2023-12-04T00:00:00,665,2023-12-04T00:00:00,664,2023-12-04T00:00:00,664,2023-11-27T00:00:00,456,2019-05-13T00:00:00,57,ssta_lanina
40,lasso,True,2023-12-04T00:00:00,665,2023-12-04T00:00:00,664,2023-12-04T00:00:00,664,2023-11-27T00:00:00,456,2019-05-13T00:00:00,57,tmax_hot_in_harvesting
40,lasso,True,2023-12-04T00:00:00,665,2023-12-04T00:00:00,664,2023-12-04T00:00:00,664,2023-11-27T00:00:00,456,2019-05-13T00:00:00,57,tmax_hot_in_planting
40,lasso,True,2023-12-04T00:00:00,665,2023-12-04T00:00:00,664,2023-12-04T00:00:00,664,2023-11-27T00:00:00,456,2019-05-13T00:00:00,57,tmax_very_hot_in_harvesting
40,lasso,True,2023-12-04T00:00:00,665,2023-12-04T00:00:00,664,2023-12-04T00:00:00,664,2023-11-27T00:00:00,456,2019-05-13T00:00:00,57,tmax_very_hot_in_planting
40,lasso,True,2023-12-04T00:00:00,665,2023-12-04T00:00:00,664,2023-12-04T00:00:00,664,2023-11-27T00:00:00,456,2019-05-13T00:00:00,57,tmin_cold_in_harvesting
40,lasso,True,2023-12-04T00:00:00,665,2023-12-04T00:00:00,664,2023-12-04T00:00:00,664,2023-11-27T00:00:00,456,2019-05-13T00:00:00,57,tmin_very_cold_in_harvesting
40,lasso,True,2023-12-04T00:00:00,665,2023-12-04T00:00:00,664,2023-12-04T00:00:00,664,2023-11-27T00:00:00,456,2019-05-13T00:00:00,57,tmin_very_cold_in_planting
40,lasso,True,2023-12-04T00:00:00,665,2023-12-04T00:00:00,664,2023-12-04T00:00:00,664,2023-11-27T00:00:00,456,2019-05-13T00:00:00,57,wheat_weekly_rv
40,lasso,True,2024-02-26T00:00:00,673,2024-02-26T00:00:00,672,2024-02-26T00:00:00,672,2024-02-12T00:00:00,464,2019-07-15T00:00:00,58,Broad_Dollar_index
40,lasso,True,2024-02-26T00:00:00,673,2024-02-26T00:00:00,672,2024-02-26T00:00:00,672,2024-02-12T00:00:00,464,2019-07-15T00:00:00,58,DJIA_Index
40,lasso,True,2024-02-26T00:00:00,673,2024-02-26T00:00:00,672,2024-02-26T00:00:00,672,2024-02-12T00:00:00,464,2019-07-15T00:00:00,58,NAO_index
40,lasso,True,2024-02-26T00:00:00,673,2024-02-26T00:00:00,672,2024-02-26T00:00:00,672,2024-02-12T00:00:00,464,2019-07-15T00:00:00,58,SOI_index
40,lasso,True,2024-02-26T00:00:00,673,2024-02-26T00:00:00,672,2024-02-26T00:00:00,672,2024-02-12T00:00:00,464,2019-07-15T00:00:00,58,Stock_Uncertainty
40,lasso,True,2024-02-26T00:00:00,673,2024-02-26T00:00:00,672,2024-02-26T00:00:00,672,2024-02-12T00:00:00,464,2019-07-15T00:00:00,58,Text_Climate_Anomaly
40,lasso,True,2024-02-26T00:00:00,673,2024-02-26T00:00:00,672,2024-02-26T00:00:00,672,2024-02-12T00:00:00,464,2019-07-15T00:00:00,58,WTI_Index
40,lasso,True,2024-02-26T00:00:00,673,2024-02-26T00:00:00,672,2024-02-26T00:00:00,672,2024-02-12T00:00:00,464,2019-07-15T00:00:00,58,awnd_extreme_high_wind_in_harvesting
40,lasso,True,2024-02-26T00:00:00,673,2024-02-26T00:00:00,672,2024-02-26T00:00:00,672,2024-02-12T00:00:00,464,2019-07-15T00:00:00,58,awnd_extreme_high_wind_in_planting
40,lasso,True,2024-02-26T00:00:00,673,2024-02-26T00:00:00,672,2024-02-26T00:00:00,672,2024-02-12T00:00:00,464,2019-07-15T00:00:00,58,awnd_moderate_high_wind_in_planting
40,lasso,True,2024-02-26T00:00:00,673,2024-02-26T00:00:00,672,2024-02-26T00:00:00,672,2024-02-12T00:00:00,464,2019-07-15T00:00:00,58,corn_weekly_rv
40,lasso,True,2024-02-26T00:00:00,673,2024-02-26T00:00:00,672,2024-02-26T00:00:00,672,2024-02-12T00:00:00,464,2019-07-15T00:00:00,58,epu_index
40,lasso,True,2024-02-26T00:00:00,673,2024-02-26T00:00:00,672,2024-02-26T00:00:00,672,2024-02-12T00:00:00,464,2019-07-15T00:00:00,58,frbsf_sentiment
40,lasso,True,2024-02-26T00:00:00,673,2024-02-26T00:00:00,672,2024-02-26T00:00:00,672,2024-02-12T00:00:00,464,2019-07-15T00:00:00,58,pdsi_extreme_drought_in_harvesting
40,lasso,True,2024-02-26T00:00:00,673,2024-02-26T00:00:00,672,2024-02-26T00:00:00,672,2024-02-12T00:00:00,464,2019-07-15T00:00:00,58,pdsi_extreme_drought_in_planting
40,lasso,True,2024-02-26T00:00:00,673,2024-02-26T00:00:00,672,2024-02-26T00:00:00,672,2024-02-12T00:00:00,464,2019-07-15T00:00:00,58,pdsi_extreme_wet_in_harvesting
40,lasso,True,2024-02-26T00:00:00,673,2024-02-26T00:00:00,672,2024-02-26T00:00:00,672,2024-02-12T00:00:00,464,2019-07-15T00:00:00,58,pdsi_extreme_wet_in_planting
40,lasso,True,2024-02-26T00:00:00,673,2024-02-26T00:00:00,672,2024-02-26T00:00:00,672,2024-02-12T00:00:00,464,2019-07-15T00:00:00,58,pdsi_very_wet_in_harvesting
40,lasso,True,2024-02-26T00:00:00,673,2024-02-26T00:00:00,672,2024-02-26T00:00:00,672,2024-02-12T00:00:00,464,2019-07-15T00:00:00,58,soybeans_monthly_rv
40,lasso,True,2024-02-26T00:00:00,673,2024-02-26T00:00:00,672,2024-02-26T00:00:00,672,2024-02-12T00:00:00,464,2019-07-15T00:00:00,58,soybeans_seasonal_rv
40,lasso,True,2024-02-26T00:00:00,673,2024-02-26T00:00:00,672,2024-02-26T00:00:00,672,2024-02-12T00:00:00,464,2019-07-15T00:00:00,58,soybeans_weekly_rv
40,lasso,True,2024-02-26T00:00:00,673,2024-02-26T00:00:00,672,2024-02-26T00:00:00,672,2024-02-12T00:00:00,464,2019-07-15T00:00:00,58,soybeans_weekly_rvb
40,lasso,True,2024-02-26T00:00:00,673,2024-02-26T00:00:00,672,2024-02-26T00:00:00,672,2024-02-12T00:00:00,464,2019-07-15T00:00:00,58,soybeans_weekly_rvg
40,lasso,True,2024-02-26T00:00:00,673,2024-02-26T00:00:00,672,2024-02-26T00:00:00,672,2024-02-12T00:00:00,464,2019-07-15T00:00:00,58,spi_7d_extreme_dry_in_harvesting
40,lasso,True,2024-02-26T00:00:00,673,2024-02-26T00:00:00,672,2024-02-26T00:00:00,672,2024-02-12T00:00:00,464,2019-07-15T00:00:00,58,spi_7d_extreme_dry_in_planting
40,lasso,True,2024-02-26T00:00:00,673,2024-02-26T00:00:00,672,2024-02-26T00:00:00,672,2024-02-12T00:00:00,464,2019-07-15T00:00:00,58,spi_7d_extreme_wet_in_planting
40,lasso,True,2024-02-26T00:00:00,673,2024-02-26T00:00:00,672,2024-02-26T00:00:00,672,2024-02-12T00:00:00,464,2019-07-15T00:00:00,58,spi_7d_very_dry_in_harvesting
40,lasso,True,2024-02-26T00:00:00,673,2024-02-26T00:00:00,672,2024-02-26T00:00:00,672,2024-02-12T00:00:00,464,2019-07-15T00:00:00,58,spi_7d_very_dry_in_planting
40,lasso,True,2024-02-26T00:00:00,673,2024-02-26T00:00:00,672,2024-02-26T00:00:00,672,2024-02-12T00:00:00,464,2019-07-15T00:00:00,58,spi_7d_very_wet_in_harvesting
40,lasso,True,2024-02-26T00:00:00,673,2024-02-26T00:00:00,672,2024-02-26T00:00:00,672,2024-02-12T00:00:00,464,2019-07-15T00:00:00,58,spi_7d_very_wet_in_planting
40,lasso,True,2024-02-26T00:00:00,673,2024-02-26T00:00:00,672,2024-02-26T00:00:00,672,2024-02-12T00:00:00,464,2019-07-15T00:00:00,58,ssta_elino
40,lasso,True,2024-02-26T00:00:00,673,2024-02-26T00:00:00,672,2024-02-26T00:00:00,672,2024-02-12T00:00:00,464,2019-07-15T00:00:00,58,ssta_lanina
40,lasso,True,2024-02-26T00:00:00,673,2024-02-26T00:00:00,672,2024-02-26T00:00:00,672,2024-02-12T00:00:00,464,2019-07-15T00:00:00,58,tmax_hot_in_harvesting
40,lasso,True,2024-02-26T00:00:00,673,2024-02-26T00:00:00,672,2024-02-26T00:00:00,672,2024-02-12T00:00:00,464,2019-07-15T00:00:00,58,tmax_hot_in_planting
40,lasso,True,2024-02-26T00:00:00,673,2024-02-26T00:00:00,672,2024-02-26T00:00:00,672,2024-02-12T00:00:00,464,2019-07-15T00:00:00,58,tmax_very_hot_in_harvesting
40,lasso,True,2024-02-26T00:00:00,673,2024-02-26T00:00:00,672,2024-02-26T00:00:00,672,2024-02-12T00:00:00,464,2019-07-15T00:00:00,58,tmax_very_hot_in_planting
40,lasso,True,2024-02-26T00:00:00,673,2024-02-26T00:00:00,672,2024-02-26T00:00:00,672,2024-02-12T00:00:00,464,2019-07-15T00:00:00,58,tmin_cold_in_harvesting
40,lasso,True,2024-02-26T00:00:00,673,2024-02-26T00:00:00,672,2024-02-26T00:00:00,672,2024-02-12T00:00:00,464,2019-07-15T00:00:00,58,tmin_very_cold_in_harvesting
40,lasso,True,2024-02-26T00:00:00,673,2024-02-26T00:00:00,672,2024-02-26T00:00:00,672,2024-02-12T00:00:00,464,2019-07-15T00:00:00,58,tmin_very_cold_in_planting
40,lasso,True,2024-02-26T00:00:00,673,2024-02-26T00:00:00,672,2024-02-26T00:00:00,672,2024-02-12T00:00:00,464,2019-07-15T00:00:00,58,wheat_weekly_rv
40,lasso,True,2024-04-22T00:00:00,681,2024-04-22T00:00:00,680,2024-04-22T00:00:00,680,2024-04-15T00:00:00,472,2019-09-16T00:00:00,59,Broad_Dollar_index
40,lasso,True,2024-04-22T00:00:00,681,2024-04-22T00:00:00,680,2024-04-22T00:00:00,680,2024-04-15T00:00:00,472,2019-09-16T00:00:00,59,DJIA_Index
40,lasso,True,2024-04-22T00:00:00,681,2024-04-22T00:00:00,680,2024-04-22T00:00:00,680,2024-04-15T00:00:00,472,2019-09-16T00:00:00,59,NAO_index
40,lasso,True,2024-04-22T00:00:00,681,2024-04-22T00:00:00,680,2024-04-22T00:00:00,680,2024-04-15T00:00:00,472,2019-09-16T00:00:00,59,SOI_index
40,lasso,True,2024-04-22T00:00:00,681,2024-04-22T00:00:00,680,2024-04-22T00:00:00,680,2024-04-15T00:00:00,472,2019-09-16T00:00:00,59,Stock_Uncertainty
40,lasso,True,2024-04-22T00:00:00,681,2024-04-22T00:00:00,680,2024-04-22T00:00:00,680,2024-04-15T00:00:00,472,2019-09-16T00:00:00,59,Text_Climate_Anomaly
40,lasso,True,2024-04-22T00:00:00,681,2024-04-22T00:00:00,680,2024-04-22T00:00:00,680,2024-04-15T00:00:00,472,2019-09-16T00:00:00,59,WTI_Index
40,lasso,True,2024-04-22T00:00:00,681,2024-04-22T00:00:00,680,2024-04-22T00:00:00,680,2024-04-15T00:00:00,472,2019-09-16T00:00:00,59,awnd_extreme_high_wind_in_harvesting
40,lasso,True,2024-04-22T00:00:00,681,2024-04-22T00:00:00,680,2024-04-22T00:00:00,680,2024-04-15T00:00:00,472,2019-09-16T00:00:00,59,awnd_extreme_high_wind_in_planting
40,lasso,True,2024-04-22T00:00:00,681,2024-04-22T00:00:00,680,2024-04-22T00:00:00,680,2024-04-15T00:00:00,472,2019-09-16T00:00:00,59,awnd_moderate_high_wind_in_planting
40,lasso,True,2024-04-22T00:00:00,681,2024-04-22T00:00:00,680,2024-04-22T00:00:00,680,2024-04-15T00:00:00,472,2019-09-16T00:00:00,59,corn_weekly_rv
40,lasso,True,2024-04-22T00:00:00,681,2024-04-22T00:00:00,680,2024-04-22T00:00:00,680,2024-04-15T00:00:00,472,2019-09-16T00:00:00,59,epu_index
40,lasso,True,2024-04-22T00:00:00,681,2024-04-22T00:00:00,680,2024-04-22T00:00:00,680,2024-04-15T00:00:00,472,2019-09-16T00:00:00,59,frbsf_sentiment
40,lasso,True,2024-04-22T00:00:00,681,2024-04-22T00:00:00,680,2024-04-22T00:00:00,680,2024-04-15T00:00:00,472,2019-09-16T00:00:00,59,pdsi_extreme_drought_in_harvesting
40,lasso,True,2024-04-22T00:00:00,681,2024-04-22T00:00:00,680,2024-04-22T00:00:00,680,2024-04-15T00:00:00,472,2019-09-16T00:00:00,59,pdsi_extreme_drought_in_planting
40,lasso,True,2024-04-22T00:00:00,681,2024-04-22T00:00:00,680,2024-04-22T00:00:00,680,2024-04-15T00:00:00,472,2019-09-16T00:00:00,59,pdsi_extreme_wet_in_harvesting
40,lasso,True,2024-04-22T00:00:00,681,2024-04-22T00:00:00,680,2024-04-22T00:00:00,680,2024-04-15T00:00:00,472,2019-09-16T00:00:00,59,pdsi_extreme_wet_in_planting
40,lasso,True,2024-04-22T00:00:00,681,2024-04-22T00:00:00,680,2024-04-22T00:00:00,680,2024-04-15T00:00:00,472,2019-09-16T00:00:00,59,pdsi_very_wet_in_harvesting
40,lasso,True,2024-04-22T00:00:00,681,2024-04-22T00:00:00,680,2024-04-22T00:00:00,680,2024-04-15T00:00:00,472,2019-09-16T00:00:00,59,soybeans_monthly_rv
40,lasso,True,2024-04-22T00:00:00,681,2024-04-22T00:00:00,680,2024-04-22T00:00:00,680,2024-04-15T00:00:00,472,2019-09-16T00:00:00,59,soybeans_seasonal_rv
40,lasso,True,2024-04-22T00:00:00,681,2024-04-22T00:00:00,680,2024-04-22T00:00:00,680,2024-04-15T00:00:00,472,2019-09-16T00:00:00,59,soybeans_weekly_rv
40,lasso,True,2024-04-22T00:00:00,681,2024-04-22T00:00:00,680,2024-04-22T00:00:00,680,2024-04-15T00:00:00,472,2019-09-16T00:00:00,59,soybeans_weekly_rvb
40,lasso,True,2024-04-22T00:00:00,681,2024-04-22T00:00:00,680,2024-04-22T00:00:00,680,2024-04-15T00:00:00,472,2019-09-16T00:00:00,59,soybeans_weekly_rvg
40,lasso,True,2024-04-22T00:00:00,681,2024-04-22T00:00:00,680,2024-04-22T00:00:00,680,2024-04-15T00:00:00,472,2019-09-16T00:00:00,59,spi_7d_extreme_dry_in_harvesting
40,lasso,True,2024-04-22T00:00:00,681,2024-04-22T00:00:00,680,2024-04-22T00:00:00,680,2024-04-15T00:00:00,472,2019-09-16T00:00:00,59,spi_7d_extreme_dry_in_planting
40,lasso,True,2024-04-22T00:00:00,681,2024-04-22T00:00:00,680,2024-04-22T00:00:00,680,2024-04-15T00:00:00,472,2019-09-16T00:00:00,59,spi_7d_extreme_wet_in_planting
40,lasso,True,2024-04-22T00:00:00,681,2024-04-22T00:00:00,680,2024-04-22T00:00:00,680,2024-04-15T00:00:00,472,2019-09-16T00:00:00,59,spi_7d_very_dry_in_harvesting
40,lasso,True,2024-04-22T00:00:00,681,2024-04-22T00:00:00,680,2024-04-22T00:00:00,680,2024-04-15T00:00:00,472,2019-09-16T00:00:00,59,spi_7d_very_dry_in_planting
40,lasso,True,2024-04-22T00:00:00,681,2024-04-22T00:00:00,680,2024-04-22T00:00:00,680,2024-04-15T00:00:00,472,2019-09-16T00:00:00,59,spi_7d_very_wet_in_harvesting
40,lasso,True,2024-04-22T00:00:00,681,2024-04-22T00:00:00,680,2024-04-22T00:00:00,680,2024-04-15T00:00:00,472,2019-09-16T00:00:00,59,spi_7d_very_wet_in_planting
40,lasso,True,2024-04-22T00:00:00,681,2024-04-22T00:00:00,680,2024-04-22T00:00:00,680,2024-04-15T00:00:00,472,2019-09-16T00:00:00,59,ssta_elino
40,lasso,True,2024-04-22T00:00:00,681,2024-04-22T00:00:00,680,2024-04-22T00:00:00,680,2024-04-15T00:00:00,472,2019-09-16T00:00:00,59,ssta_lanina
40,lasso,True,2024-04-22T00:00:00,681,2024-04-22T00:00:00,680,2024-04-22T00:00:00,680,2024-04-15T00:00:00,472,2019-09-16T00:00:00,59,tmax_hot_in_harvesting
40,lasso,True,2024-04-22T00:00:00,681,2024-04-22T00:00:00,680,2024-04-22T00:00:00,680,2024-04-15T00:00:00,472,2019-09-16T00:00:00,59,tmax_hot_in_planting
40,lasso,True,2024-04-22T00:00:00,681,2024-04-22T00:00:00,680,2024-04-22T00:00:00,680,2024-04-15T00:00:00,472,2019-09-16T00:00:00,59,tmax_very_hot_in_harvesting
40,lasso,True,2024-04-22T00:00:00,681,2024-04-22T00:00:00,680,2024-04-22T00:00:00,680,2024-04-15T00:00:00,472,2019-09-16T00:00:00,59,tmax_very_hot_in_planting
40,lasso,True,2024-04-22T00:00:00,681,2024-04-22T00:00:00,680,2024-04-22T00:00:00,680,2024-04-15T00:00:00,472,2019-09-16T00:00:00,59,tmin_cold_in_harvesting
40,lasso,True,2024-04-22T00:00:00,681,2024-04-22T00:00:00,680,2024-04-22T00:00:00,680,2024-04-15T00:00:00,472,2019-09-16T00:00:00,59,tmin_very_cold_in_harvesting
40,lasso,True,2024-04-22T00:00:00,681,2024-04-22T00:00:00,680,2024-04-22T00:00:00,680,2024-04-15T00:00:00,472,2019-09-16T00:00:00,59,tmin_very_cold_in_planting
40,lasso,True,2024-04-22T00:00:00,681,2024-04-22T00:00:00,680,2024-04-22T00:00:00,680,2024-04-15T00:00:00,472,2019-09-16T00:00:00,59,wheat_weekly_rv
8,lasso,False,2024-06-24T00:00:00,689,2024-06-24T00:00:00,688,2024-06-24T00:00:00,688,2024-06-17T00:00:00,480,2019-11-25T00:00:00,60,Broad_Dollar_index
8,lasso,False,2024-06-24T00:00:00,689,2024-06-24T00:00:00,688,2024-06-24T00:00:00,688,2024-06-17T00:00:00,480,2019-11-25T00:00:00,60,WTI_Index
8,lasso,False,2024-06-24T00:00:00,689,2024-06-24T00:00:00,688,2024-06-24T00:00:00,688,2024-06-17T00:00:00,480,2019-11-25T00:00:00,60,corn_weekly_rv
8,lasso,False,2024-06-24T00:00:00,689,2024-06-24T00:00:00,688,2024-06-24T00:00:00,688,2024-06-17T00:00:00,480,2019-11-25T00:00:00,60,pdsi_extreme_drought_in_planting
8,lasso,False,2024-06-24T00:00:00,689,2024-06-24T00:00:00,688,2024-06-24T00:00:00,688,2024-06-17T00:00:00,480,2019-11-25T00:00:00,60,soybeans_monthly_rv
8,lasso,False,2024-06-24T00:00:00,689,2024-06-24T00:00:00,688,2024-06-24T00:00:00,688,2024-06-17T00:00:00,480,2019-11-25T00:00:00,60,soybeans_seasonal_rv
8,lasso,False,2024-06-24T00:00:00,689,2024-06-24T00:00:00,688,2024-06-24T00:00:00,688,2024-06-17T00:00:00,480,2019-11-25T00:00:00,60,soybeans_weekly_rv
8,lasso,False,2024-06-24T00:00:00,689,2024-06-24T00:00:00,688,2024-06-24T00:00:00,688,2024-06-17T00:00:00,480,2019-11-25T00:00:00,60,ssta_lanina
8,lasso,True,2024-08-19T00:00:00,697,2024-08-19T00:00:00,696,2024-08-19T00:00:00,696,2024-08-12T00:00:00,488,2020-01-27T00:00:00,61,Broad_Dollar_index
8,lasso,True,2024-08-19T00:00:00,697,2024-08-19T00:00:00,696,2024-08-19T00:00:00,696,2024-08-12T00:00:00,488,2020-01-27T00:00:00,61,WTI_Index
8,lasso,True,2024-08-19T00:00:00,697,2024-08-19T00:00:00,696,2024-08-19T00:00:00,696,2024-08-12T00:00:00,488,2020-01-27T00:00:00,61,corn_weekly_rv
8,lasso,True,2024-08-19T00:00:00,697,2024-08-19T00:00:00,696,2024-08-19T00:00:00,696,2024-08-12T00:00:00,488,2020-01-27T00:00:00,61,pdsi_extreme_drought_in_planting
8,lasso,True,2024-08-19T00:00:00,697,2024-08-19T00:00:00,696,2024-08-19T00:00:00,696,2024-08-12T00:00:00,488,2020-01-27T00:00:00,61,soybeans_monthly_rv
8,lasso,True,2024-08-19T00:00:00,697,2024-08-19T00:00:00,696,2024-08-19T00:00:00,696,2024-08-12T00:00:00,488,2020-01-27T00:00:00,61,soybeans_seasonal_rv
8,lasso,True,2024-08-19T00:00:00,697,2024-08-19T00:00:00,696,2024-08-19T00:00:00,696,2024-08-12T00:00:00,488,2020-01-27T00:00:00,61,soybeans_weekly_rv
8,lasso,True,2024-08-19T00:00:00,697,2024-08-19T00:00:00,696,2024-08-19T00:00:00,696,2024-08-12T00:00:00,488,2020-01-27T00:00:00,61,ssta_lanina
8,lasso,True,2024-10-28T00:00:00,705,2024-10-28T00:00:00,704,2024-10-28T00:00:00,704,2024-10-21T00:00:00,496,2020-03-30T00:00:00,62,Broad_Dollar_index
8,lasso,True,2024-10-28T00:00:00,705,2024-10-28T00:00:00,704,2024-10-28T00:00:00,704,2024-10-21T00:00:00,496,2020-03-30T00:00:00,62,WTI_Index
8,lasso,True,2024-10-28T00:00:00,705,2024-10-28T00:00:00,704,2024-10-28T00:00:00,704,2024-10-21T00:00:00,496,2020-03-30T00:00:00,62,corn_weekly_rv
8,lasso,True,2024-10-28T00:00:00,705,2024-10-28T00:00:00,704,2024-10-28T00:00:00,704,2024-10-21T00:00:00,496,2020-03-30T00:00:00,62,pdsi_extreme_drought_in_planting
8,lasso,True,2024-10-28T00:00:00,705,2024-10-28T00:00:00,704,2024-10-28T00:00:00,704,2024-10-21T00:00:00,496,2020-03-30T00:00:00,62,soybeans_monthly_rv
8,lasso,True,2024-10-28T00:00:00,705,2024-10-28T00:00:00,704,2024-10-28T00:00:00,704,2024-10-21T00:00:00,496,2020-03-30T00:00:00,62,soybeans_seasonal_rv
8,lasso,True,2024-10-28T00:00:00,705,2024-10-28T00:00:00,704,2024-10-28T00:00:00,704,2024-10-21T00:00:00,496,2020-03-30T00:00:00,62,soybeans_weekly_rv
8,lasso,True,2024-10-28T00:00:00,705,2024-10-28T00:00:00,704,2024-10-28T00:00:00,704,2024-10-21T00:00:00,496,2020-03-30T00:00:00,62,ssta_lanina
