n_selected,selection_method,selection_reused,test_dates,test_end,test_end_date,test_start,test_start_date,train_end,train_end_date,train_start,train_start_date,window_id,selected_feature
17,bsr,False,2016-03-07T00:00:00,313,2016-03-07T00:00:00,312,2016-03-07T00:00:00,312,2016-02-29T00:00:00,0,2009-04-20T00:00:00,0,soybeans_weekly_rv
17,bsr,False,2016-03-07T00:00:00,313,2016-03-07T00:00:00,312,2016-03-07T00:00:00,312,2016-02-29T00:00:00,0,2009-04-20T00:00:00,0,soybeans_monthly_rv
17,bsr,False,2016-03-07T00:00:00,313,2016-03-07T00:00:00,312,2016-03-07T00:00:00,312,2016-02-29T00:00:00,0,2009-04-20T00:00:00,0,soybeans_seasonal_rv
17,bsr,False,2016-03-07T00:00:00,313,2016-03-07T00:00:00,312,2016-03-07T00:00:00,312,2016-02-29T00:00:00,0,2009-04-20T00:00:00,0,corn_weekly_rv
17,bsr,False,2016-03-07T00:00:00,313,2016-03-07T00:00:00,312,2016-03-07T00:00:00,312,2016-02-29T00:00:00,0,2009-04-20T00:00:00,0,ssta_elino
17,bsr,False,2016-03-07T00:00:00,313,2016-03-07T00:00:00,312,2016-03-07T00:00:00,312,2016-02-29T00:00:00,0,2009-04-20T00:00:00,0,tmax_hot_in_harvesting
17,bsr,False,2016-03-07T00:00:00,313,2016-03-07T00:00:00,312,2016-03-07T00:00:00,312,2016-02-29T00:00:00,0,2009-04-20T00:00:00,0,tmin_very_cold_in_planting
17,bsr,False,2016-03-07T00:00:00,313,2016-03-07T00:00:00,312,2016-03-07T00:00:00,312,2016-02-29T00:00:00,0,2009-04-20T00:00:00,0,tmin_very_cold_in_harvesting
17,bsr,False,2016-03-07T00:00:00,313,2016-03-07T00:00:00,312,2016-03-07T00:00:00,312,2016-02-29T00:00:00,0,2009-04-20T00:00:00,0,spi_7d_extreme_wet_in_planting
17,bsr,False,2016-03-07T00:00:00,313,2016-03-07T00:00:00,312,2016-03-07T00:00:00,312,2016-02-29T00:00:00,0,2009-04-20T00:00:00,0,spi_7d_very_dry_in_harvesting
17,bsr,False,2016-03-07T00:00:00,313,2016-03-07T00:00:00,312,2016-03-07T00:00:00,312,2016-02-29T00:00:00,0,2009-04-20T00:00:00,0,pdsi_extreme_wet_in_planting
17,bsr,False,2016-03-07T00:00:00,313,2016-03-07T00:00:00,312,2016-03-07T00:00:00,312,2016-02-29T00:00:00,0,2009-04-20T00:00:00,0,pdsi_extreme_wet_in_harvesting
17,bsr,False,2016-03-07T00:00:00,313,2016-03-07T00:00:00,312,2016-03-07T00:00:00,312,2016-02-29T00:00:00,0,2009-04-20T00:00:00,0,pdsi_extreme_drought_in_planting
17,bsr,False,2016-03-07T00:00:00,313,2016-03-07T00:00:00,312,2016-03-07T00:00:00,312,2016-02-29T00:00:00,0,2009-04-20T00:00:00,0,Text_Climate_Anomaly
17,bsr,False,2016-03-07T00:00:00,313,2016-03-07T00:00:00,312,2016-03-07T00:00:00,312,2016-02-29T00:00:00,0,2009-04-20T00:00:00,0,DJIA_Index
17,bsr,False,2016-03-07T00:00:00,313,2016-03-07T00:00:00,312,2016-03-07T00:00:00,312,2016-02-29T00:00:00,0,2009-04-20T00:00:00,0,WTI_Index
17,bsr,False,2016-03-07T00:00:00,313,2016-03-07T00:00:00,312,2016-03-07T00:00:00,312,2016-02-29T00:00:00,0,2009-04-20T00:00:00,0,Broad_Dollar_index
17,bsr,True,2016-04-04T00:00:00,317,2016-04-04T00:00:00,316,2016-04-04T00:00:00,316,2016-03-28T00:00:00,4,2009-05-18T00:00:00,1,soybeans_weekly_rv
17,bsr,True,2016-04-04T00:00:00,317,2016-04-04T00:00:00,316,2016-04-04T00:00:00,316,2016-03-28T00:00:00,4,2009-05-18T00:00:00,1,soybeans_monthly_rv
17,bsr,True,2016-04-04T00:00:00,317,2016-04-04T00:00:00,316,2016-04-04T00:00:00,316,2016-03-28T00:00:00,4,2009-05-18T00:00:00,1,soybeans_seasonal_rv
17,bsr,True,2016-04-04T00:00:00,317,2016-04-04T00:00:00,316,2016-04-04T00:00:00,316,2016-03-28T00:00:00,4,2009-05-18T00:00:00,1,corn_weekly_rv
17,bsr,True,2016-04-04T00:00:00,317,2016-04-04T00:00:00,316,2016-04-04T00:00:00,316,2016-03-28T00:00:00,4,2009-05-18T00:00:00,1,ssta_elino
17,bsr,True,2016-04-04T00:00:00,317,2016-04-04T00:00:00,316,2016-04-04T00:00:00,316,2016-03-28T00:00:00,4,2009-05-18T00:00:00,1,tmax_hot_in_harvesting
17,bsr,True,2016-04-04T00:00:00,317,2016-04-04T00:00:00,316,2016-04-04T00:00:00,316,2016-03-28T00:00:00,4,2009-05-18T00:00:00,1,tmin_very_cold_in_planting
17,bsr,True,2016-04-04T00:00:00,317,2016-04-04T00:00:00,316,2016-04-04T00:00:00,316,2016-03-28T00:00:00,4,2009-05-18T00:00:00,1,tmin_very_cold_in_harvesting
17,bsr,True,2016-04-04T00:00:00,317,2016-04-04T00:00:00,316,2016-04-04T00:00:00,316,2016-03-28T00:00:00,4,2009-05-18T00:00:00,1,spi_7d_extreme_wet_in_planting
17,bsr,True,2016-04-04T00:00:00,317,2016-04-04T00:00:00,316,2016-04-04T00:00:00,316,2016-03-28T00:00:00,4,2009-05-18T00:00:00,1,spi_7d_very_dry_in_harvesting
17,bsr,True,2016-04-04T00:00:00,317,2016-04-04T00:00:00,316,2016-04-04T00:00:00,316,2016-03-28T00:00:00,4,2009-05-18T00:00:00,1,pdsi_extreme_wet_in_planting
17,bsr,True,2016-04-04T00:00:00,317,2016-04-04T00:00:00,316,2016-04-04T00:00:00,316,2016-03-28T00:00:00,4,2009-05-18T00:00:00,1,pdsi_extreme_wet_in_harvesting
17,bsr,True,2016-04-04T00:00:00,317,2016-04-04T00:00:00,316,2016-04-04T00:00:00,316,2016-03-28T00:00:00,4,2009-05-18T00:00:00,1,pdsi_extreme_drought_in_planting
17,bsr,True,2016-04-04T00:00:00,317,2016-04-04T00:00:00,316,2016-04-04T00:00:00,316,2016-03-28T00:00:00,4,2009-05-18T00:00:00,1,Text_Climate_Anomaly
17,bsr,True,2016-04-04T00:00:00,317,2016-04-04T00:00:00,316,2016-04-04T00:00:00,316,2016-03-28T00:00:00,4,2009-05-18T00:00:00,1,DJIA_Index
17,bsr,True,2016-04-04T00:00:00,317,2016-04-04T00:00:00,316,2016-04-04T00:00:00,316,2016-03-28T00:00:00,4,2009-05-18T00:00:00,1,WTI_Index
17,bsr,True,2016-04-04T00:00:00,317,2016-04-04T00:00:00,316,2016-04-04T00:00:00,316,2016-03-28T00:00:00,4,2009-05-18T00:00:00,1,Broad_Dollar_index
17,bsr,True,2016-05-02T00:00:00,321,2016-05-02T00:00:00,320,2016-05-02T00:00:00,320,2016-04-25T00:00:00,8,2009-06-22T00:00:00,2,soybeans_weekly_rv
17,bsr,True,2016-05-02T00:00:00,321,2016-05-02T00:00:00,320,2016-05-02T00:00:00,320,2016-04-25T00:00:00,8,2009-06-22T00:00:00,2,soybeans_monthly_rv
17,bsr,True,2016-05-02T00:00:00,321,2016-05-02T00:00:00,320,2016-05-02T00:00:00,320,2016-04-25T00:00:00,8,2009-06-22T00:00:00,2,soybeans_seasonal_rv
17,bsr,True,2016-05-02T00:00:00,321,2016-05-02T00:00:00,320,2016-05-02T00:00:00,320,2016-04-25T00:00:00,8,2009-06-22T00:00:00,2,corn_weekly_rv
17,bsr,True,2016-05-02T00:00:00,321,2016-05-02T00:00:00,320,2016-05-02T00:00:00,320,2016-04-25T00:00:00,8,2009-06-22T00:00:00,2,ssta_elino
17,bsr,True,2016-05-02T00:00:00,321,2016-05-02T00:00:00,320,2016-05-02T00:00:00,320,2016-04-25T00:00:00,8,2009-06-22T00:00:00,2,tmax_hot_in_harvesting
17,bsr,True,2016-05-02T00:00:00,321,2016-05-02T00:00:00,320,2016-05-02T00:00:00,320,2016-04-25T00:00:00,8,2009-06-22T00:00:00,2,tmin_very_cold_in_planting
17,bsr,True,2016-05-02T00:00:00,321,2016-05-02T00:00:00,320,2016-05-02T00:00:00,320,2016-04-25T00:00:00,8,2009-06-22T00:00:00,2,tmin_very_cold_in_harvesting
17,bsr,True,2016-05-02T00:00:00,321,2016-05-02T00:00:00,320,2016-05-02T00:00:00,320,2016-04-25T00:00:00,8,2009-06-22T00:00:00,2,spi_7d_extreme_wet_in_planting
17,bsr,True,2016-05-02T00:00:00,321,2016-05-02T00:00:00,320,2016-05-02T00:00:00,320,2016-04-25T00:00:00,8,2009-06-22T00:00:00,2,spi_7d_very_dry_in_harvesting
17,bsr,True,2016-05-02T00:00:00,321,2016-05-02T00:00:00,320,2016-05-02T00:00:00,320,2016-04-25T00:00:00,8,2009-06-22T00:00:00,2,pdsi_extreme_wet_in_planting
17,bsr,True,2016-05-02T00:00:00,321,2016-05-02T00:00:00,320,2016-05-02T00:00:00,320,2016-04-25T00:00:00,8,2009-06-22T00:00:00,2,pdsi_extreme_wet_in_harvesting
17,bsr,True,2016-05-02T00:00:00,321,2016-05-02T00:00:00,320,2016-05-02T00:00:00,320,2016-04-25T00:00:00,8,2009-06-22T00:00:00,2,pdsi_extreme_drought_in_planting
17,bsr,True,2016-05-02T00:00:00,321,2016-05-02T00:00:00,320,2016-05-02T00:00:00,320,2016-04-25T00:00:00,8,2009-06-22T00:00:00,2,Text_Climate_Anomaly
17,bsr,True,2016-05-02T00:00:00,321,2016-05-02T00:00:00,320,2016-05-02T00:00:00,320,2016-04-25T00:00:00,8,2009-06-22T00:00:00,2,DJIA_Index
17,bsr,True,2016-05-02T00:00:00,321,2016-05-02T00:00:00,320,2016-05-02T00:00:00,320,2016-04-25T00:00:00,8,2009-06-22T00:00:00,2,WTI_Index
17,bsr,True,2016-05-02T00:00:00,321,2016-05-02T00:00:00,320,2016-05-02T00:00:00,320,2016-04-25T00:00:00,8,2009-06-22T00:00:00,2,Broad_Dollar_index
17,bsr,True,2016-06-06T00:00:00,325,2016-06-06T00:00:00,324,2016-06-06T00:00:00,324,2016-05-23T00:00:00,12,2009-07-20T00:00:00,3,soybeans_weekly_rv
17,bsr,True,2016-06-06T00:00:00,325,2016-06-06T00:00:00,324,2016-06-06T00:00:00,324,2016-05-23T00:00:00,12,2009-07-20T00:00:00,3,soybeans_monthly_rv
17,bsr,True,2016-06-06T00:00:00,325,2016-06-06T00:00:00,324,2016-06-06T00:00:00,324,2016-05-23T00:00:00,12,2009-07-20T00:00:00,3,soybeans_seasonal_rv
17,bsr,True,2016-06-06T00:00:00,325,2016-06-06T00:00:00,324,2016-06-06T00:00:00,324,2016-05-23T00:00:00,12,2009-07-20T00:00:00,3,corn_weekly_rv
17,bsr,True,2016-06-06T00:00:00,325,2016-06-06T00:00:00,324,2016-06-06T00:00:00,324,2016-05-23T00:00:00,12,2009-07-20T00:00:00,3,ssta_elino
17,bsr,True,2016-06-06T00:00:00,325,2016-06-06T00:00:00,324,2016-06-06T00:00:00,324,2016-05-23T00:00:00,12,2009-07-20T00:00:00,3,tmax_hot_in_harvesting
17,bsr,True,2016-06-06T00:00:00,325,2016-06-06T00:00:00,324,2016-06-06T00:00:00,324,2016-05-23T00:00:00,12,2009-07-20T00:00:00,3,tmin_very_cold_in_planting
17,bsr,True,2016-06-06T00:00:00,325,2016-06-06T00:00:00,324,2016-06-06T00:00:00,324,2016-05-23T00:00:00,12,2009-07-20T00:00:00,3,tmin_very_cold_in_harvesting
17,bsr,True,2016-06-06T00:00:00,325,2016-06-06T00:00:00,324,2016-06-06T00:00:00,324,2016-05-23T00:00:00,12,2009-07-20T00:00:00,3,spi_7d_extreme_wet_in_planting
17,bsr,True,2016-06-06T00:00:00,325,2016-06-06T00:00:00,324,2016-06-06T00:00:00,324,2016-05-23T00:00:00,12,2009-07-20T00:00:00,3,spi_7d_very_dry_in_harvesting
17,bsr,True,2016-06-06T00:00:00,325,2016-06-06T00:00:00,324,2016-06-06T00:00:00,324,2016-05-23T00:00:00,12,2009-07-20T00:00:00,3,pdsi_extreme_wet_in_planting
17,bsr,True,2016-06-06T00:00:00,325,2016-06-06T00:00:00,324,2016-06-06T00:00:00,324,2016-05-23T00:00:00,12,2009-07-20T00:00:00,3,pdsi_extreme_wet_in_harvesting
17,bsr,True,2016-06-06T00:00:00,325,2016-06-06T00:00:00,324,2016-06-06T00:00:00,324,2016-05-23T00:00:00,12,2009-07-20T00:00:00,3,pdsi_extreme_drought_in_planting
17,bsr,True,2016-06-06T00:00:00,325,2016-06-06T00:00:00,324,2016-06-06T00:00:00,324,2016-05-23T00:00:00,12,2009-07-20T00:00:00,3,Text_Climate_Anomaly
17,bsr,True,2016-06-06T00:00:00,325,2016-06-06T00:00:00,324,2016-06-06T00:00:00,324,2016-05-23T00:00:00,12,2009-07-20T00:00:00,3,DJIA_Index
17,bsr,True,2016-06-06T00:00:00,325,2016-06-06T00:00:00,324,2016-06-06T00:00:00,324,2016-05-23T00:00:00,12,2009-07-20T00:00:00,3,WTI_Index
17,bsr,True,2016-06-06T00:00:00,325,2016-06-06T00:00:00,324,2016-06-06T00:00:00,324,2016-05-23T00:00:00,12,2009-07-20T00:00:00,3,Broad_Dollar_index
17,bsr,True,2016-07-11T00:00:00,329,2016-07-11T00:00:00,328,2016-07-11T00:00:00,328,2016-06-27T00:00:00,16,2009-08-17T00:00:00,4,soybeans_weekly_rv
17,bsr,True,2016-07-11T00:00:00,329,2016-07-11T00:00:00,328,2016-07-11T00:00:00,328,2016-06-27T00:00:00,16,2009-08-17T00:00:00,4,soybeans_monthly_rv
17,bsr,True,2016-07-11T00:00:00,329,2016-07-11T00:00:00,328,2016-07-11T00:00:00,328,2016-06-27T00:00:00,16,2009-08-17T00:00:00,4,soybeans_seasonal_rv
17,bsr,True,2016-07-11T00:00:00,329,2016-07-11T00:00:00,328,2016-07-11T00:00:00,328,2016-06-27T00:00:00,16,2009-08-17T00:00:00,4,corn_weekly_rv
17,bsr,True,2016-07-11T00:00:00,329,2016-07-11T00:00:00,328,2016-07-11T00:00:00,328,2016-06-27T00:00:00,16,2009-08-17T00:00:00,4,ssta_elino
17,bsr,True,2016-07-11T00:00:00,329,2016-07-11T00:00:00,328,2016-07-11T00:00:00,328,2016-06-27T00:00:00,16,2009-08-17T00:00:00,4,tmax_hot_in_harvesting
17,bsr,True,2016-07-11T00:00:00,329,2016-07-11T00:00:00,328,2016-07-11T00:00:00,328,2016-06-27T00:00:00,16,2009-08-17T00:00:00,4,tmin_very_cold_in_planting
17,bsr,True,2016-07-11T00:00:00,329,2016-07-11T00:00:00,328,2016-07-11T00:00:00,328,2016-06-27T00:00:00,16,2009-08-17T00:00:00,4,tmin_very_cold_in_harvesting
17,bsr,True,2016-07-11T00:00:00,329,2016-07-11T00:00:00,328,2016-07-11T00:00:00,328,2016-06-27T00:00:00,16,2009-08-17T00:00:00,4,spi_7d_extreme_wet_in_planting
17,bsr,True,2016-07-11T00:00:00,329,2016-07-11T00:00:00,328,2016-07-11T00:00:00,328,2016-06-27T00:00:00,16,2009-08-17T00:00:00,4,spi_7d_very_dry_in_harvesting
17,bsr,True,2016-07-11T00:00:00,329,2016-07-11T00:00:00,328,2016-07-11T00:00:00,328,2016-06-27T00:00:00,16,2009-08-17T00:00:00,4,pdsi_extreme_wet_in_planting
17,bsr,True,2016-07-11T00:00:00,329,2016-07-11T00:00:00,328,2016-07-11T00:00:00,328,2016-06-27T00:00:00,16,2009-08-17T00:00:00,4,pdsi_extreme_wet_in_harvesting
17,bsr,True,2016-07-11T00:00:00,329,2016-07-11T00:00:00,328,2016-07-11T00:00:00,328,2016-06-27T00:00:00,16,2009-08-17T00:00:00,4,pdsi_extreme_drought_in_planting
17,bsr,True,2016-07-11T00:00:00,329,2016-07-11T00:00:00,328,2016-07-11T00:00:00,328,2016-06-27T00:00:00,16,2009-08-17T00:00:00,4,Text_Climate_Anomaly
17,bsr,True,2016-07-11T00:00:00,329,2016-07-11T00:00:00,328,2016-07-11T00:00:00,328,2016-06-27T00:00:00,16,2009-08-17T00:00:00,4,DJIA_Index
17,bsr,True,2016-07-11T00:00:00,329,2016-07-11T00:00:00,328,2016-07-11T00:00:00,328,2016-06-27T00:00:00,16,2009-08-17T00:00:00,4,WTI_Index
17,bsr,True,2016-07-11T00:00:00,329,2016-07-11T00:00:00,328,2016-07-11T00:00:00,328,2016-06-27T00:00:00,16,2009-08-17T00:00:00,4,Broad_Dollar_index
17,bsr,True,2016-08-08T00:00:00,333,2016-08-08T00:00:00,332,2016-08-08T00:00:00,332,2016-08-01T00:00:00,20,2009-09-21T00:00:00,5,soybeans_weekly_rv
17,bsr,True,2016-08-08T00:00:00,333,2016-08-08T00:00:00,332,2016-08-08T00:00:00,332,2016-08-01T00:00:00,20,2009-09-21T00:00:00,5,soybeans_monthly_rv
17,bsr,True,2016-08-08T00:00:00,333,2016-08-08T00:00:00,332,2016-08-08T00:00:00,332,2016-08-01T00:00:00,20,2009-09-21T00:00:00,5,soybeans_seasonal_rv
17,bsr,True,2016-08-08T00:00:00,333,2016-08-08T00:00:00,332,2016-08-08T00:00:00,332,2016-08-01T00:00:00,20,2009-09-21T00:00:00,5,corn_weekly_rv
17,bsr,True,2016-08-08T00:00:00,333,2016-08-08T00:00:00,332,2016-08-08T00:00:00,332,2016-08-01T00:00:00,20,2009-09-21T00:00:00,5,ssta_elino
17,bsr,True,2016-08-08T00:00:00,333,2016-08-08T00:00:00,332,2016-08-08T00:00:00,332,2016-08-01T00:00:00,20,2009-09-21T00:00:00,5,tmax_hot_in_harvesting
17,bsr,True,2016-08-08T00:00:00,333,2016-08-08T00:00:00,332,2016-08-08T00:00:00,332,2016-08-01T00:00:00,20,2009-09-21T00:00:00,5,tmin_very_cold_in_planting
17,bsr,True,2016-08-08T00:00:00,333,2016-08-08T00:00:00,332,2016-08-08T00:00:00,332,2016-08-01T00:00:00,20,2009-09-21T00:00:00,5,tmin_very_cold_in_harvesting
17,bsr,True,2016-08-08T00:00:00,333,2016-08-08T00:00:00,332,2016-08-08T00:00:00,332,2016-08-01T00:00:00,20,2009-09-21T00:00:00,5,spi_7d_extreme_wet_in_planting
17,bsr,True,2016-08-08T00:00:00,333,2016-08-08T00:00:00,332,2016-08-08T00:00:00,332,2016-08-01T00:00:00,20,2009-09-21T00:00:00,5,spi_7d_very_dry_in_harvesting
17,bsr,True,2016-08-08T00:00:00,333,2016-08-08T00:00:00,332,2016-08-08T00:00:00,332,2016-08-01T00:00:00,20,2009-09-21T00:00:00,5,pdsi_extreme_wet_in_planting
17,bsr,True,2016-08-08T00:00:00,333,2016-08-08T00:00:00,332,2016-08-08T00:00:00,332,2016-08-01T00:00:00,20,2009-09-21T00:00:00,5,pdsi_extreme_wet_in_harvesting
17,bsr,True,2016-08-08T00:00:00,333,2016-08-08T00:00:00,332,2016-08-08T00:00:00,332,2016-08-01T00:00:00,20,2009-09-21T00:00:00,5,pdsi_extreme_drought_in_planting
17,bsr,True,2016-08-08T00:00:00,333,2016-08-08T00:00:00,332,2016-08-08T00:00:00,332,2016-08-01T00:00:00,20,2009-09-21T00:00:00,5,Text_Climate_Anomaly
17,bsr,True,2016-08-08T00:00:00,333,2016-08-08T00:00:00,332,2016-08-08T00:00:00,332,2016-08-01T00:00:00,20,2009-09-21T00:00:00,5,DJIA_Index
17,bsr,True,2016-08-08T00:00:00,333,2016-08-08T00:00:00,332,2016-08-08T00:00:00,332,2016-08-01T00:00:00,20,2009-09-21T00:00:00,5,WTI_Index
17,bsr,True,2016-08-08T00:00:00,333,2016-08-08T00:00:00,332,2016-08-08T00:00:00,332,2016-08-01T00:00:00,20,2009-09-21T00:00:00,5,Broad_Dollar_index
17,bsr,True,2016-09-12T00:00:00,337,2016-09-12T00:00:00,336,2016-09-12T00:00:00,336,2016-08-29T00:00:00,24,2009-10-26T00:00:00,6,soybeans_weekly_rv
17,bsr,True,2016-09-12T00:00:00,337,2016-09-12T00:00:00,336,2016-09-12T00:00:00,336,2016-08-29T00:00:00,24,2009-10-26T00:00:00,6,soybeans_monthly_rv
17,bsr,True,2016-09-12T00:00:00,337,2016-09-12T00:00:00,336,2016-09-12T00:00:00,336,2016-08-29T00:00:00,24,2009-10-26T00:00:00,6,soybeans_seasonal_rv
17,bsr,True,2016-09-12T00:00:00,337,2016-09-12T00:00:00,336,2016-09-12T00:00:00,336,2016-08-29T00:00:00,24,2009-10-26T00:00:00,6,corn_weekly_rv
17,bsr,True,2016-09-12T00:00:00,337,2016-09-12T00:00:00,336,2016-09-12T00:00:00,336,2016-08-29T00:00:00,24,2009-10-26T00:00:00,6,ssta_elino
17,bsr,True,2016-09-12T00:00:00,337,2016-09-12T00:00:00,336,2016-09-12T00:00:00,336,2016-08-29T00:00:00,24,2009-10-26T00:00:00,6,tmax_hot_in_harvesting
17,bsr,True,2016-09-12T00:00:00,337,2016-09-12T00:00:00,336,2016-09-12T00:00:00,336,2016-08-29T00:00:00,24,2009-10-26T00:00:00,6,tmin_very_cold_in_planting
17,bsr,True,2016-09-12T00:00:00,337,2016-09-12T00:00:00,336,2016-09-12T00:00:00,336,2016-08-29T00:00:00,24,2009-10-26T00:00:00,6,tmin_very_cold_in_harvesting
17,bsr,True,2016-09-12T00:00:00,337,2016-09-12T00:00:00,336,2016-09-12T00:00:00,336,2016-08-29T00:00:00,24,2009-10-26T00:00:00,6,spi_7d_extreme_wet_in_planting
17,bsr,True,2016-09-12T00:00:00,337,2016-09-12T00:00:00,336,2016-09-12T00:00:00,336,2016-08-29T00:00:00,24,2009-10-26T00:00:00,6,spi_7d_very_dry_in_harvesting
17,bsr,True,2016-09-12T00:00:00,337,2016-09-12T00:00:00,336,2016-09-12T00:00:00,336,2016-08-29T00:00:00,24,2009-10-26T00:00:00,6,pdsi_extreme_wet_in_planting
17,bsr,True,2016-09-12T00:00:00,337,2016-09-12T00:00:00,336,2016-09-12T00:00:00,336,2016-08-29T00:00:00,24,2009-10-26T00:00:00,6,pdsi_extreme_wet_in_harvesting
17,bsr,True,2016-09-12T00:00:00,337,2016-09-12T00:00:00,336,2016-09-12T00:00:00,336,2016-08-29T00:00:00,24,2009-10-26T00:00:00,6,pdsi_extreme_drought_in_planting
17,bsr,True,2016-09-12T00:00:00,337,2016-09-12T00:00:00,336,2016-09-12T00:00:00,336,2016-08-29T00:00:00,24,2009-10-26T00:00:00,6,Text_Climate_Anomaly
17,bsr,True,2016-09-12T00:00:00,337,2016-09-12T00:00:00,336,2016-09-12T00:00:00,336,2016-08-29T00:00:00,24,2009-10-26T00:00:00,6,DJIA_Index
17,bsr,True,2016-09-12T00:00:00,337,2016-09-12T00:00:00,336,2016-09-12T00:00:00,336,2016-08-29T00:00:00,24,2009-10-26T00:00:00,6,WTI_Index
17,bsr,True,2016-09-12T00:00:00,337,2016-09-12T00:00:00,336,2016-09-12T00:00:00,336,2016-08-29T00:00:00,24,2009-10-26T00:00:00,6,Broad_Dollar_index
17,bsr,True,2016-10-17T00:00:00,341,2016-10-17T00:00:00,340,2016-10-17T00:00:00,340,2016-10-03T00:00:00,28,2009-11-23T00:00:00,7,soybeans_weekly_rv
17,bsr,True,2016-10-17T00:00:00,341,2016-10-17T00:00:00,340,2016-10-17T00:00:00,340,2016-10-03T00:00:00,28,2009-11-23T00:00:00,7,soybeans_monthly_rv
17,bsr,True,2016-10-17T00:00:00,341,2016-10-17T00:00:00,340,2016-10-17T00:00:00,340,2016-10-03T00:00:00,28,2009-11-23T00:00:00,7,soybeans_seasonal_rv
17,bsr,True,2016-10-17T00:00:00,341,2016-10-17T00:00:00,340,2016-10-17T00:00:00,340,2016-10-03T00:00:00,28,2009-11-23T00:00:00,7,corn_weekly_rv
17,bsr,True,2016-10-17T00:00:00,341,2016-10-17T00:00:00,340,2016-10-17T00:00:00,340,2016-10-03T00:00:00,28,2009-11-23T00:00:00,7,ssta_elino
17,bsr,True,2016-10-17T00:00:00,341,2016-10-17T00:00:00,340,2016-10-17T00:00:00,340,2016-10-03T00:00:00,28,2009-11-23T00:00:00,7,tmax_hot_in_harvesting
17,bsr,True,2016-10-17T00:00:00,341,2016-10-17T00:00:00,340,2016-10-17T00:00:00,340,2016-10-03T00:00:00,28,2009-11-23T00:00:00,7,tmin_very_cold_in_planting
17,bsr,True,2016-10-17T00:00:00,341,2016-10-17T00:00:00,340,2016-10-17T00:00:00,340,2016-10-03T00:00:00,28,2009-11-23T00:00:00,7,tmin_very_cold_in_harvesting
17,bsr,True,2016-10-17T00:00:00,341,2016-10-17T00:00:00,340,2016-10-17T00:00:00,340,2016-10-03T00:00:00,28,2009-11-23T00:00:00,7,spi_7d_extreme_wet_in_planting
17,bsr,True,2016-10-17T00:00:00,341,2016-10-17T00:00:00,340,2016-10-17T00:00:00,340,2016-10-03T00:00:00,28,2009-11-23T00:00:00,7,spi_7d_very_dry_in_harvesting
17,bsr,True,2016-10-17T00:00:00,341,2016-10-17T00:00:00,340,2016-10-17T00:00:00,340,2016-10-03T00:00:00,28,2009-11-23T00:00:00,7,pdsi_extreme_wet_in_planting
17,bsr,True,2016-10-17T00:00:00,341,2016-10-17T00:00:00,340,2016-10-17T00:00:00,340,2016-10-03T00:00:00,28,2009-11-23T00:00:00,7,pdsi_extreme_wet_in_harvesting
17,bsr,True,2016-10-17T00:00:00,341,2016-10-17T00:00:00,340,2016-10-17T00:00:00,340,2016-10-03T00:00:00,28,2009-11-23T00:00:00,7,pdsi_extreme_drought_in_planting
17,bsr,True,2016-10-17T00:00:00,341,2016-10-17T00:00:00,340,2016-10-17T00:00:00,340,2016-10-03T00:00:00,28,2009-11-23T00:00:00,7,Text_Climate_Anomaly
17,bsr,True,2016-10-17T00:00:00,341,2016-10-17T00:00:00,340,2016-10-17T00:00:00,340,2016-10-03T00:00:00,28,2009-11-23T00:00:00,7,DJIA_Index
17,bsr,True,2016-10-17T00:00:00,341,2016-10-17T00:00:00,340,2016-10-17T00:00:00,340,2016-10-03T00:00:00,28,2009-11-23T00:00:00,7,WTI_Index
17,bsr,True,2016-10-17T00:00:00,341,2016-10-17T00:00:00,340,2016-10-17T00:00:00,340,2016-10-03T00:00:00,28,2009-11-23T00:00:00,7,Broad_Dollar_index
12,bsr,False,2016-11-14T00:00:00,345,2016-11-14T00:00:00,344,2016-11-14T00:00:00,344,2016-11-07T00:00:00,32,2009-12-28T00:00:00,8,soybeans_weekly_rv
12,bsr,False,2016-11-14T00:00:00,345,2016-11-14T00:00:00,344,2016-11-14T00:00:00,344,2016-11-07T00:00:00,32,2009-12-28T00:00:00,8,soybeans_monthly_rv
12,bsr,False,2016-11-14T00:00:00,345,2016-11-14T00:00:00,344,2016-11-14T00:00:00,344,2016-11-07T00:00:00,32,2009-12-28T00:00:00,8,soybeans_seasonal_rv
12,bsr,False,2016-11-14T00:00:00,345,2016-11-14T00:00:00,344,2016-11-14T00:00:00,344,2016-11-07T00:00:00,32,2009-12-28T00:00:00,8,ssta_elino
12,bsr,False,2016-11-14T00:00:00,345,2016-11-14T00:00:00,344,2016-11-14T00:00:00,344,2016-11-07T00:00:00,32,2009-12-28T00:00:00,8,NAO_index
12,bsr,False,2016-11-14T00:00:00,345,2016-11-14T00:00:00,344,2016-11-14T00:00:00,344,2016-11-07T00:00:00,32,2009-12-28T00:00:00,8,tmax_hot_in_planting
12,bsr,False,2016-11-14T00:00:00,345,2016-11-14T00:00:00,344,2016-11-14T00:00:00,344,2016-11-07T00:00:00,32,2009-12-28T00:00:00,8,tmin_very_cold_in_planting
12,bsr,False,2016-11-14T00:00:00,345,2016-11-14T00:00:00,344,2016-11-14T00:00:00,344,2016-11-07T00:00:00,32,2009-12-28T00:00:00,8,tmin_very_cold_in_harvesting
12,bsr,False,2016-11-14T00:00:00,345,2016-11-14T00:00:00,344,2016-11-14T00:00:00,344,2016-11-07T00:00:00,32,2009-12-28T00:00:00,8,spi_7d_extreme_wet_in_harvesting
12,bsr,False,2016-11-14T00:00:00,345,2016-11-14T00:00:00,344,2016-11-14T00:00:00,344,2016-11-07T00:00:00,32,2009-12-28T00:00:00,8,pdsi_extreme_wet_in_planting
12,bsr,False,2016-11-14T00:00:00,345,2016-11-14T00:00:00,344,2016-11-14T00:00:00,344,2016-11-07T00:00:00,32,2009-12-28T00:00:00,8,pdsi_extreme_wet_in_harvesting
12,bsr,False,2016-11-14T00:00:00,345,2016-11-14T00:00:00,344,2016-11-14T00:00:00,344,2016-11-07T00:00:00,32,2009-12-28T00:00:00,8,Broad_Dollar_index
12,bsr,True,2016-12-12T00:00:00,349,2016-12-12T00:00:00,348,2016-12-12T00:00:00,348,2016-12-05T00:00:00,36,2010-02-01T00:00:00,9,soybeans_weekly_rv
12,bsr,True,2016-12-12T00:00:00,349,2016-12-12T00:00:00,348,2016-12-12T00:00:00,348,2016-12-05T00:00:00,36,2010-02-01T00:00:00,9,soybeans_monthly_rv
12,bsr,True,2016-12-12T00:00:00,349,2016-12-12T00:00:00,348,2016-12-12T00:00:00,348,2016-12-05T00:00:00,36,2010-02-01T00:00:00,9,soybeans_seasonal_rv
12,bsr,True,2016-12-12T00:00:00,349,2016-12-12T00:00:00,348,2016-12-12T00:00:00,348,2016-12-05T00:00:00,36,2010-02-01T00:00:00,9,ssta_elino
12,bsr,True,2016-12-12T00:00:00,349,2016-12-12T00:00:00,348,2016-12-12T00:00:00,348,2016-12-05T00:00:00,36,2010-02-01T00:00:00,9,NAO_index
12,bsr,True,2016-12-12T00:00:00,349,2016-12-12T00:00:00,348,2016-12-12T00:00:00,348,2016-12-05T00:00:00,36,2010-02-01T00:00:00,9,tmax_hot_in_planting
12,bsr,True,2016-12-12T00:00:00,349,2016-12-12T00:00:00,348,2016-12-12T00:00:00,348,2016-12-05T00:00:00,36,2010-02-01T00:00:00,9,tmin_very_cold_in_planting
12,bsr,True,2016-12-12T00:00:00,349,2016-12-12T00:00:00,348,2016-12-12T00:00:00,348,2016-12-05T00:00:00,36,2010-02-01T00:00:00,9,tmin_very_cold_in_harvesting
12,bsr,True,2016-12-12T00:00:00,349,2016-12-12T00:00:00,348,2016-12-12T00:00:00,348,2016-12-05T00:00:00,36,2010-02-01T00:00:00,9,spi_7d_extreme_wet_in_harvesting
12,bsr,True,2016-12-12T00:00:00,349,2016-12-12T00:00:00,348,2016-12-12T00:00:00,348,2016-12-05T00:00:00,36,2010-02-01T00:00:00,9,pdsi_extreme_wet_in_planting
12,bsr,True,2016-12-12T00:00:00,349,2016-12-12T00:00:00,348,2016-12-12T00:00:00,348,2016-12-05T00:00:00,36,2010-02-01T00:00:00,9,pdsi_extreme_wet_in_harvesting
12,bsr,True,2016-12-12T00:00:00,349,2016-12-12T00:00:00,348,2016-12-12T00:00:00,348,2016-12-05T00:00:00,36,2010-02-01T00:00:00,9,Broad_Dollar_index
12,bsr,True,2017-01-30T00:00:00,353,2017-01-30T00:00:00,352,2017-01-30T00:00:00,352,2017-01-23T00:00:00,40,2010-03-15T00:00:00,10,soybeans_weekly_rv
12,bsr,True,2017-01-30T00:00:00,353,2017-01-30T00:00:00,352,2017-01-30T00:00:00,352,2017-01-23T00:00:00,40,2010-03-15T00:00:00,10,soybeans_monthly_rv
12,bsr,True,2017-01-30T00:00:00,353,2017-01-30T00:00:00,352,2017-01-30T00:00:00,352,2017-01-23T00:00:00,40,2010-03-15T00:00:00,10,soybeans_seasonal_rv
12,bsr,True,2017-01-30T00:00:00,353,2017-01-30T00:00:00,352,2017-01-30T00:00:00,352,2017-01-23T00:00:00,40,2010-03-15T00:00:00,10,ssta_elino
12,bsr,True,2017-01-30T00:00:00,353,2017-01-30T00:00:00,352,2017-01-30T00:00:00,352,2017-01-23T00:00:00,40,2010-03-15T00:00:00,10,NAO_index
12,bsr,True,2017-01-30T00:00:00,353,2017-01-30T00:00:00,352,2017-01-30T00:00:00,352,2017-01-23T00:00:00,40,2010-03-15T00:00:00,10,tmax_hot_in_planting
12,bsr,True,2017-01-30T00:00:00,353,2017-01-30T00:00:00,352,2017-01-30T00:00:00,352,2017-01-23T00:00:00,40,2010-03-15T00:00:00,10,tmin_very_cold_in_planting
12,bsr,True,2017-01-30T00:00:00,353,2017-01-30T00:00:00,352,2017-01-30T00:00:00,352,2017-01-23T00:00:00,40,2010-03-15T00:00:00,10,tmin_very_cold_in_harvesting
12,bsr,True,2017-01-30T00:00:00,353,2017-01-30T00:00:00,352,2017-01-30T00:00:00,352,2017-01-23T00:00:00,40,2010-03-15T00:00:00,10,spi_7d_extreme_wet_in_harvesting
12,bsr,True,2017-01-30T00:00:00,353,2017-01-30T00:00:00,352,2017-01-30T00:00:00,352,2017-01-23T00:00:00,40,2010-03-15T00:00:00,10,pdsi_extreme_wet_in_planting
12,bsr,True,2017-01-30T00:00:00,353,2017-01-30T00:00:00,352,2017-01-30T00:00:00,352,2017-01-23T00:00:00,40,2010-03-15T00:00:00,10,pdsi_extreme_wet_in_harvesting
12,bsr,True,2017-01-30T00:00:00,353,2017-01-30T00:00:00,352,2017-01-30T00:00:00,352,2017-01-23T00:00:00,40,2010-03-15T00:00:00,10,Broad_Dollar_index
12,bsr,True,2017-03-06T00:00:00,357,2017-03-06T00:00:00,356,2017-03-06T00:00:00,356,2017-02-27T00:00:00,44,2010-04-12T00:00:00,11,soybeans_weekly_rv
12,bsr,True,2017-03-06T00:00:00,357,2017-03-06T00:00:00,356,2017-03-06T00:00:00,356,2017-02-27T00:00:00,44,2010-04-12T00:00:00,11,soybeans_monthly_rv
12,bsr,True,2017-03-06T00:00:00,357,2017-03-06T00:00:00,356,2017-03-06T00:00:00,356,2017-02-27T00:00:00,44,2010-04-12T00:00:00,11,soybeans_seasonal_rv
12,bsr,True,2017-03-06T00:00:00,357,2017-03-06T00:00:00,356,2017-03-06T00:00:00,356,2017-02-27T00:00:00,44,2010-04-12T00:00:00,11,ssta_elino
12,bsr,True,2017-03-06T00:00:00,357,2017-03-06T00:00:00,356,2017-03-06T00:00:00,356,2017-02-27T00:00:00,44,2010-04-12T00:00:00,11,NAO_index
12,bsr,True,2017-03-06T00:00:00,357,2017-03-06T00:00:00,356,2017-03-06T00:00:00,356,2017-02-27T00:00:00,44,2010-04-12T00:00:00,11,tmax_hot_in_planting
12,bsr,True,2017-03-06T00:00:00,357,2017-03-06T00:00:00,356,2017-03-06T00:00:00,356,2017-02-27T00:00:00,44,2010-04-12T00:00:00,11,tmin_very_cold_in_planting
12,bsr,True,2017-03-06T00:00:00,357,2017-03-06T00:00:00,356,2017-03-06T00:00:00,356,2017-02-27T00:00:00,44,2010-04-12T00:00:00,11,tmin_very_cold_in_harvesting
12,bsr,True,2017-03-06T00:00:00,357,2017-03-06T00:00:00,356,2017-03-06T00:00:00,356,2017-02-27T00:00:00,44,2010-04-12T00:00:00,11,spi_7d_extreme_wet_in_harvesting
12,bsr,True,2017-03-06T00:00:00,357,2017-03-06T00:00:00,356,2017-03-06T00:00:00,356,2017-02-27T00:00:00,44,2010-04-12T00:00:00,11,pdsi_extreme_wet_in_planting
12,bsr,True,2017-03-06T00:00:00,357,2017-03-06T00:00:00,356,2017-03-06T00:00:00,356,2017-02-27T00:00:00,44,2010-04-12T00:00:00,11,pdsi_extreme_wet_in_harvesting
12,bsr,True,2017-03-06T00:00:00,357,2017-03-06T00:00:00,356,2017-03-06T00:00:00,356,2017-02-27T00:00:00,44,2010-04-12T00:00:00,11,Broad_Dollar_index
12,bsr,True,2017-04-03T00:00:00,361,2017-04-03T00:00:00,360,2017-04-03T00:00:00,360,2017-03-27T00:00:00,48,2010-05-10T00:00:00,12,soybeans_weekly_rv
12,bsr,True,2017-04-03T00:00:00,361,2017-04-03T00:00:00,360,2017-04-03T00:00:00,360,2017-03-27T00:00:00,48,2010-05-10T00:00:00,12,soybeans_monthly_rv
12,bsr,True,2017-04-03T00:00:00,361,2017-04-03T00:00:00,360,2017-04-03T00:00:00,360,2017-03-27T00:00:00,48,2010-05-10T00:00:00,12,soybeans_seasonal_rv
12,bsr,True,2017-04-03T00:00:00,361,2017-04-03T00:00:00,360,2017-04-03T00:00:00,360,2017-03-27T00:00:00,48,2010-05-10T00:00:00,12,ssta_elino
12,bsr,True,2017-04-03T00:00:00,361,2017-04-03T00:00:00,360,2017-04-03T00:00:00,360,2017-03-27T00:00:00,48,2010-05-10T00:00:00,12,NAO_index
12,bsr,True,2017-04-03T00:00:00,361,2017-04-03T00:00:00,360,2017-04-03T00:00:00,360,2017-03-27T00:00:00,48,2010-05-10T00:00:00,12,tmax_hot_in_planting
12,bsr,True,2017-04-03T00:00:00,361,2017-04-03T00:00:00,360,2017-04-03T00:00:00,360,2017-03-27T00:00:00,48,2010-05-10T00:00:00,12,tmin_very_cold_in_planting
12,bsr,True,2017-04-03T00:00:00,361,2017-04-03T00:00:00,360,2017-04-03T00:00:00,360,2017-03-27T00:00:00,48,2010-05-10T00:00:00,12,tmin_very_cold_in_harvesting
12,bsr,True,2017-04-03T00:00:00,361,2017-04-03T00:00:00,360,2017-04-03T00:00:00,360,2017-03-27T00:00:00,48,2010-05-10T00:00:00,12,spi_7d_extreme_wet_in_harvesting
12,bsr,True,2017-04-03T00:00:00,361,2017-04-03T00:00:00,360,2017-04-03T00:00:00,360,2017-03-27T00:00:00,48,2010-05-10T00:00:00,12,pdsi_extreme_wet_in_planting
12,bsr,True,2017-04-03T00:00:00,361,2017-04-03T00:00:00,360,2017-04-03T00:00:00,360,2017-03-27T00:00:00,48,2010-05-10T00:00:00,12,pdsi_extreme_wet_in_harvesting
12,bsr,True,2017-04-03T00:00:00,361,2017-04-03T00:00:00,360,2017-04-03T00:00:00,360,2017-03-27T00:00:00,48,2010-05-10T00:00:00,12,Broad_Dollar_index
12,bsr,True,2017-05-01T00:00:00,365,2017-05-01T00:00:00,364,2017-05-01T00:00:00,364,2017-04-24T00:00:00,52,2010-06-14T00:00:00,13,soybeans_weekly_rv
12,bsr,True,2017-05-01T00:00:00,365,2017-05-01T00:00:00,364,2017-05-01T00:00:00,364,2017-04-24T00:00:00,52,2010-06-14T00:00:00,13,soybeans_monthly_rv
12,bsr,True,2017-05-01T00:00:00,365,2017-05-01T00:00:00,364,2017-05-01T00:00:00,364,2017-04-24T00:00:00,52,2010-06-14T00:00:00,13,soybeans_seasonal_rv
12,bsr,True,2017-05-01T00:00:00,365,2017-05-01T00:00:00,364,2017-05-01T00:00:00,364,2017-04-24T00:00:00,52,2010-06-14T00:00:00,13,ssta_elino
12,bsr,True,2017-05-01T00:00:00,365,2017-05-01T00:00:00,364,2017-05-01T00:00:00,364,2017-04-24T00:00:00,52,2010-06-14T00:00:00,13,NAO_index
12,bsr,True,2017-05-01T00:00:00,365,2017-05-01T00:00:00,364,2017-05-01T00:00:00,364,2017-04-24T00:00:00,52,2010-06-14T00:00:00,13,tmax_hot_in_planting
12,bsr,True,2017-05-01T00:00:00,365,2017-05-01T00:00:00,364,2017-05-01T00:00:00,364,2017-04-24T00:00:00,52,2010-06-14T00:00:00,13,tmin_very_cold_in_planting
12,bsr,True,2017-05-01T00:00:00,365,2017-05-01T00:00:00,364,2017-05-01T00:00:00,364,2017-04-24T00:00:00,52,2010-06-14T00:00:00,13,tmin_very_cold_in_harvesting
12,bsr,True,2017-05-01T00:00:00,365,2017-05-01T00:00:00,364,2017-05-01T00:00:00,364,2017-04-24T00:00:00,52,2010-06-14T00:00:00,13,spi_7d_extreme_wet_in_harvesting
12,bsr,True,2017-05-01T00:00:00,365,2017-05-01T00:00:00,364,2017-05-01T00:00:00,364,2017-04-24T00:00:00,52,2010-06-14T00:00:00,13,pdsi_extreme_wet_in_planting
12,bsr,True,2017-05-01T00:00:00,365,2017-05-01T00:00:00,364,2017-05-01T00:00:00,364,2017-04-24T00:00:00,52,2010-06-14T00:00:00,13,pdsi_extreme_wet_in_harvesting
12,bsr,True,2017-05-01T00:00:00,365,2017-05-01T00:00:00,364,2017-05-01T00:00:00,364,2017-04-24T00:00:00,52,2010-06-14T00:00:00,13,Broad_Dollar_index
12,bsr,True,2017-06-05T00:00:00,369,2017-06-05T00:00:00,368,2017-06-05T00:00:00,368,2017-05-22T00:00:00,56,2010-07-19T00:00:00,14,soybeans_weekly_rv
12,bsr,True,2017-06-05T00:00:00,369,2017-06-05T00:00:00,368,2017-06-05T00:00:00,368,2017-05-22T00:00:00,56,2010-07-19T00:00:00,14,soybeans_monthly_rv
12,bsr,True,2017-06-05T00:00:00,369,2017-06-05T00:00:00,368,2017-06-05T00:00:00,368,2017-05-22T00:00:00,56,2010-07-19T00:00:00,14,soybeans_seasonal_rv
12,bsr,True,2017-06-05T00:00:00,369,2017-06-05T00:00:00,368,2017-06-05T00:00:00,368,2017-05-22T00:00:00,56,2010-07-19T00:00:00,14,ssta_elino
12,bsr,True,2017-06-05T00:00:00,369,2017-06-05T00:00:00,368,2017-06-05T00:00:00,368,2017-05-22T00:00:00,56,2010-07-19T00:00:00,14,NAO_index
12,bsr,True,2017-06-05T00:00:00,369,2017-06-05T00:00:00,368,2017-06-05T00:00:00,368,2017-05-22T00:00:00,56,2010-07-19T00:00:00,14,tmax_hot_in_planting
12,bsr,True,2017-06-05T00:00:00,369,2017-06-05T00:00:00,368,2017-06-05T00:00:00,368,2017-05-22T00:00:00,56,2010-07-19T00:00:00,14,tmin_very_cold_in_planting
12,bsr,True,2017-06-05T00:00:00,369,2017-06-05T00:00:00,368,2017-06-05T00:00:00,368,2017-05-22T00:00:00,56,2010-07-19T00:00:00,14,tmin_very_cold_in_harvesting
12,bsr,True,2017-06-05T00:00:00,369,2017-06-05T00:00:00,368,2017-06-05T00:00:00,368,2017-05-22T00:00:00,56,2010-07-19T00:00:00,14,spi_7d_extreme_wet_in_harvesting
12,bsr,True,2017-06-05T00:00:00,369,2017-06-05T00:00:00,368,2017-06-05T00:00:00,368,2017-05-22T00:00:00,56,2010-07-19T00:00:00,14,pdsi_extreme_wet_in_planting
12,bsr,True,2017-06-05T00:00:00,369,2017-06-05T00:00:00,368,2017-06-05T00:00:00,368,2017-05-22T00:00:00,56,2010-07-19T00:00:00,14,pdsi_extreme_wet_in_harvesting
12,bsr,True,2017-06-05T00:00:00,369,2017-06-05T00:00:00,368,2017-06-05T00:00:00,368,2017-05-22T00:00:00,56,2010-07-19T00:00:00,14,Broad_Dollar_index
12,bsr,True,2017-07-03T00:00:00,373,2017-07-03T00:00:00,372,2017-07-03T00:00:00,372,2017-06-26T00:00:00,60,2010-08-16T00:00:00,15,soybeans_weekly_rv
12,bsr,True,2017-07-03T00:00:00,373,2017-07-03T00:00:00,372,2017-07-03T00:00:00,372,2017-06-26T00:00:00,60,2010-08-16T00:00:00,15,soybeans_monthly_rv
12,bsr,True,2017-07-03T00:00:00,373,2017-07-03T00:00:00,372,2017-07-03T00:00:00,372,2017-06-26T00:00:00,60,2010-08-16T00:00:00,15,soybeans_seasonal_rv
12,bsr,True,2017-07-03T00:00:00,373,2017-07-03T00:00:00,372,2017-07-03T00:00:00,372,2017-06-26T00:00:00,60,2010-08-16T00:00:00,15,ssta_elino
12,bsr,True,2017-07-03T00:00:00,373,2017-07-03T00:00:00,372,2017-07-03T00:00:00,372,2017-06-26T00:00:00,60,2010-08-16T00:00:00,15,NAO_index
12,bsr,True,2017-07-03T00:00:00,373,2017-07-03T00:00:00,372,2017-07-03T00:00:00,372,2017-06-26T00:00:00,60,2010-08-16T00:00:00,15,tmax_hot_in_planting
12,bsr,True,2017-07-03T00:00:00,373,2017-07-03T00:00:00,372,2017-07-03T00:00:00,372,2017-06-26T00:00:00,60,2010-08-16T00:00:00,15,tmin_very_cold_in_planting
12,bsr,True,2017-07-03T00:00:00,373,2017-07-03T00:00:00,372,2017-07-03T00:00:00,372,2017-06-26T00:00:00,60,2010-08-16T00:00:00,15,tmin_very_cold_in_harvesting
12,bsr,True,2017-07-03T00:00:00,373,2017-07-03T00:00:00,372,2017-07-03T00:00:00,372,2017-06-26T00:00:00,60,2010-08-16T00:00:00,15,spi_7d_extreme_wet_in_harvesting
12,bsr,True,2017-07-03T00:00:00,373,2017-07-03T00:00:00,372,2017-07-03T00:00:00,372,2017-06-26T00:00:00,60,2010-08-16T00:00:00,15,pdsi_extreme_wet_in_planting
12,bsr,True,2017-07-03T00:00:00,373,2017-07-03T00:00:00,372,2017-07-03T00:00:00,372,2017-06-26T00:00:00,60,2010-08-16T00:00:00,15,pdsi_extreme_wet_in_harvesting
12,bsr,True,2017-07-03T00:00:00,373,2017-07-03T00:00:00,372,2017-07-03T00:00:00,372,2017-06-26T00:00:00,60,2010-08-16T00:00:00,15,Broad_Dollar_index
16,bsr,False,2017-07-31T00:00:00,377,2017-07-31T00:00:00,376,2017-07-31T00:00:00,376,2017-07-24T00:00:00,64,2010-09-20T00:00:00,16,soybeans_weekly_rv
16,bsr,False,2017-07-31T00:00:00,377,2017-07-31T00:00:00,376,2017-07-31T00:00:00,376,2017-07-24T00:00:00,64,2010-09-20T00:00:00,16,soybeans_monthly_rv
16,bsr,False,2017-07-31T00:00:00,377,2017-07-31T00:00:00,376,2017-07-31T00:00:00,376,2017-07-24T00:00:00,64,2010-09-20T00:00:00,16,soybeans_seasonal_rv
16,bsr,False,2017-07-31T00:00:00,377,2017-07-31T00:00:00,376,2017-07-31T00:00:00,376,2017-07-24T00:00:00,64,2010-09-20T00:00:00,16,ssta_elino
16,bsr,False,2017-07-31T00:00:00,377,2017-07-31T00:00:00,376,2017-07-31T00:00:00,376,2017-07-24T00:00:00,64,2010-09-20T00:00:00,16,NAO_index
16,bsr,False,2017-07-31T00:00:00,377,2017-07-31T00:00:00,376,2017-07-31T00:00:00,376,2017-07-24T00:00:00,64,2010-09-20T00:00:00,16,tmax_hot_in_planting
16,bsr,False,2017-07-31T00:00:00,377,2017-07-31T00:00:00,376,2017-07-31T00:00:00,376,2017-07-24T00:00:00,64,2010-09-20T00:00:00,16,tmin_very_cold_in_planting
16,bsr,False,2017-07-31T00:00:00,377,2017-07-31T00:00:00,376,2017-07-31T00:00:00,376,2017-07-24T00:00:00,64,2010-09-20T00:00:00,16,tmin_very_cold_in_harvesting
16,bsr,False,2017-07-31T00:00:00,377,2017-07-31T00:00:00,376,2017-07-31T00:00:00,376,2017-07-24T00:00:00,64,2010-09-20T00:00:00,16,spi_7d_very_wet_in_planting
16,bsr,False,2017-07-31T00:00:00,377,2017-07-31T00:00:00,376,2017-07-31T00:00:00,376,2017-07-24T00:00:00,64,2010-09-20T00:00:00,16,spi_7d_extreme_wet_in_harvesting
16,bsr,False,2017-07-31T00:00:00,377,2017-07-31T00:00:00,376,2017-07-31T00:00:00,376,2017-07-24T00:00:00,64,2010-09-20T00:00:00,16,spi_7d_very_dry_in_harvesting
16,bsr,False,2017-07-31T00:00:00,377,2017-07-31T00:00:00,376,2017-07-31T00:00:00,376,2017-07-24T00:00:00,64,2010-09-20T00:00:00,16,pdsi_very_wet_in_planting
16,bsr,False,2017-07-31T00:00:00,377,2017-07-31T00:00:00,376,2017-07-31T00:00:00,376,2017-07-24T00:00:00,64,2010-09-20T00:00:00,16,pdsi_extreme_wet_in_harvesting
16,bsr,False,2017-07-31T00:00:00,377,2017-07-31T00:00:00,376,2017-07-31T00:00:00,376,2017-07-24T00:00:00,64,2010-09-20T00:00:00,16,co2_extreme_in_planting
16,bsr,False,2017-07-31T00:00:00,377,2017-07-31T00:00:00,376,2017-07-31T00:00:00,376,2017-07-24T00:00:00,64,2010-09-20T00:00:00,16,epu_index
16,bsr,False,2017-07-31T00:00:00,377,2017-07-31T00:00:00,376,2017-07-31T00:00:00,376,2017-07-24T00:00:00,64,2010-09-20T00:00:00,16,DJIA_Index
16,bsr,True,2017-08-28T00:00:00,381,2017-08-28T00:00:00,380,2017-08-28T00:00:00,380,2017-08-21T00:00:00,68,2010-10-25T00:00:00,17,soybeans_weekly_rv
16,bsr,True,2017-08-28T00:00:00,381,2017-08-28T00:00:00,380,2017-08-28T00:00:00,380,2017-08-21T00:00:00,68,2010-10-25T00:00:00,17,soybeans_monthly_rv
16,bsr,True,2017-08-28T00:00:00,381,2017-08-28T00:00:00,380,2017-08-28T00:00:00,380,2017-08-21T00:00:00,68,2010-10-25T00:00:00,17,soybeans_seasonal_rv
16,bsr,True,2017-08-28T00:00:00,381,2017-08-28T00:00:00,380,2017-08-28T00:00:00,380,2017-08-21T00:00:00,68,2010-10-25T00:00:00,17,ssta_elino
16,bsr,True,2017-08-28T00:00:00,381,2017-08-28T00:00:00,380,2017-08-28T00:00:00,380,2017-08-21T00:00:00,68,2010-10-25T00:00:00,17,NAO_index
16,bsr,True,2017-08-28T00:00:00,381,2017-08-28T00:00:00,380,2017-08-28T00:00:00,380,2017-08-21T00:00:00,68,2010-10-25T00:00:00,17,tmax_hot_in_planting
16,bsr,True,2017-08-28T00:00:00,381,2017-08-28T00:00:00,380,2017-08-28T00:00:00,380,2017-08-21T00:00:00,68,2010-10-25T00:00:00,17,tmin_very_cold_in_planting
16,bsr,True,2017-08-28T00:00:00,381,2017-08-28T00:00:00,380,2017-08-28T00:00:00,380,2017-08-21T00:00:00,68,2010-10-25T00:00:00,17,tmin_very_cold_in_harvesting
16,bsr,True,2017-08-28T00:00:00,381,2017-08-28T00:00:00,380,2017-08-28T00:00:00,380,2017-08-21T00:00:00,68,2010-10-25T00:00:00,17,spi_7d_very_wet_in_planting
16,bsr,True,2017-08-28T00:00:00,381,2017-08-28T00:00:00,380,2017-08-28T00:00:00,380,2017-08-21T00:00:00,68,2010-10-25T00:00:00,17,spi_7d_extreme_wet_in_harvesting
16,bsr,True,2017-08-28T00:00:00,381,2017-08-28T00:00:00,380,2017-08-28T00:00:00,380,2017-08-21T00:00:00,68,2010-10-25T00:00:00,17,spi_7d_very_dry_in_harvesting
16,bsr,True,2017-08-28T00:00:00,381,2017-08-28T00:00:00,380,2017-08-28T00:00:00,380,2017-08-21T00:00:00,68,2010-10-25T00:00:00,17,pdsi_very_wet_in_planting
16,bsr,True,2017-08-28T00:00:00,381,2017-08-28T00:00:00,380,2017-08-28T00:00:00,380,2017-08-21T00:00:00,68,2010-10-25T00:00:00,17,pdsi_extreme_wet_in_harvesting
16,bsr,True,2017-08-28T00:00:00,381,2017-08-28T00:00:00,380,2017-08-28T00:00:00,380,2017-08-21T00:00:00,68,2010-10-25T00:00:00,17,co2_extreme_in_planting
16,bsr,True,2017-08-28T00:00:00,381,2017-08-28T00:00:00,380,2017-08-28T00:00:00,380,2017-08-21T00:00:00,68,2010-10-25T00:00:00,17,epu_index
16,bsr,True,2017-08-28T00:00:00,381,2017-08-28T00:00:00,380,2017-08-28T00:00:00,380,2017-08-21T00:00:00,68,2010-10-25T00:00:00,17,DJIA_Index
16,bsr,True,2017-10-02T00:00:00,385,2017-10-02T00:00:00,384,2017-10-02T00:00:00,384,2017-09-25T00:00:00,72,2010-11-22T00:00:00,18,soybeans_weekly_rv
16,bsr,True,2017-10-02T00:00:00,385,2017-10-02T00:00:00,384,2017-10-02T00:00:00,384,2017-09-25T00:00:00,72,2010-11-22T00:00:00,18,soybeans_monthly_rv
16,bsr,True,2017-10-02T00:00:00,385,2017-10-02T00:00:00,384,2017-10-02T00:00:00,384,2017-09-25T00:00:00,72,2010-11-22T00:00:00,18,soybeans_seasonal_rv
16,bsr,True,2017-10-02T00:00:00,385,2017-10-02T00:00:00,384,2017-10-02T00:00:00,384,2017-09-25T00:00:00,72,2010-11-22T00:00:00,18,ssta_elino
16,bsr,True,2017-10-02T00:00:00,385,2017-10-02T00:00:00,384,2017-10-02T00:00:00,384,2017-09-25T00:00:00,72,2010-11-22T00:00:00,18,NAO_index
16,bsr,True,2017-10-02T00:00:00,385,2017-10-02T00:00:00,384,2017-10-02T00:00:00,384,2017-09-25T00:00:00,72,2010-11-22T00:00:00,18,tmax_hot_in_planting
16,bsr,True,2017-10-02T00:00:00,385,2017-10-02T00:00:00,384,2017-10-02T00:00:00,384,2017-09-25T00:00:00,72,2010-11-22T00:00:00,18,tmin_very_cold_in_planting
16,bsr,True,2017-10-02T00:00:00,385,2017-10-02T00:00:00,384,2017-10-02T00:00:00,384,2017-09-25T00:00:00,72,2010-11-22T00:00:00,18,tmin_very_cold_in_harvesting
16,bsr,True,2017-10-02T00:00:00,385,2017-10-02T00:00:00,384,2017-10-02T00:00:00,384,2017-09-25T00:00:00,72,2010-11-22T00:00:00,18,spi_7d_very_wet_in_planting
16,bsr,True,2017-10-02T00:00:00,385,2017-10-02T00:00:00,384,2017-10-02T00:00:00,384,2017-09-25T00:00:00,72,2010-11-22T00:00:00,18,spi_7d_extreme_wet_in_harvesting
16,bsr,True,2017-10-02T00:00:00,385,2017-10-02T00:00:00,384,2017-10-02T00:00:00,384,2017-09-25T00:00:00,72,2010-11-22T00:00:00,18,spi_7d_very_dry_in_harvesting
16,bsr,True,2017-10-02T00:00:00,385,2017-10-02T00:00:00,384,2017-10-02T00:00:00,384,2017-09-25T00:00:00,72,2010-11-22T00:00:00,18,pdsi_very_wet_in_planting
16,bsr,True,2017-10-02T00:00:00,385,2017-10-02T00:00:00,384,2017-10-02T00:00:00,384,2017-09-25T00:00:00,72,2010-11-22T00:00:00,18,pdsi_extreme_wet_in_harvesting
16,bsr,True,2017-10-02T00:00:00,385,2017-10-02T00:00:00,384,2017-10-02T00:00:00,384,2017-09-25T00:00:00,72,2010-11-22T00:00:00,18,co2_extreme_in_planting
16,bsr,True,2017-10-02T00:00:00,385,2017-10-02T00:00:00,384,2017-10-02T00:00:00,384,2017-09-25T00:00:00,72,2010-11-22T00:00:00,18,epu_index
16,bsr,True,2017-10-02T00:00:00,385,2017-10-02T00:00:00,384,2017-10-02T00:00:00,384,2017-09-25T00:00:00,72,2010-11-22T00:00:00,18,DJIA_Index
16,bsr,True,2017-11-06T00:00:00,389,2017-11-06T00:00:00,388,2017-11-06T00:00:00,388,2017-10-30T00:00:00,76,2010-12-20T00:00:00,19,soybeans_weekly_rv
16,bsr,True,2017-11-06T00:00:00,389,2017-11-06T00:00:00,388,2017-11-06T00:00:00,388,2017-10-30T00:00:00,76,2010-12-20T00:00:00,19,soybeans_monthly_rv
16,bsr,True,2017-11-06T00:00:00,389,2017-11-06T00:00:00,388,2017-11-06T00:00:00,388,2017-10-30T00:00:00,76,2010-12-20T00:00:00,19,soybeans_seasonal_rv
16,bsr,True,2017-11-06T00:00:00,389,2017-11-06T00:00:00,388,2017-11-06T00:00:00,388,2017-10-30T00:00:00,76,2010-12-20T00:00:00,19,ssta_elino
16,bsr,True,2017-11-06T00:00:00,389,2017-11-06T00:00:00,388,2017-11-06T00:00:00,388,2017-10-30T00:00:00,76,2010-12-20T00:00:00,19,NAO_index
16,bsr,True,2017-11-06T00:00:00,389,2017-11-06T00:00:00,388,2017-11-06T00:00:00,388,2017-10-30T00:00:00,76,2010-12-20T00:00:00,19,tmax_hot_in_planting
16,bsr,True,2017-11-06T00:00:00,389,2017-11-06T00:00:00,388,2017-11-06T00:00:00,388,2017-10-30T00:00:00,76,2010-12-20T00:00:00,19,tmin_very_cold_in_planting
16,bsr,True,2017-11-06T00:00:00,389,2017-11-06T00:00:00,388,2017-11-06T00:00:00,388,2017-10-30T00:00:00,76,2010-12-20T00:00:00,19,tmin_very_cold_in_harvesting
16,bsr,True,2017-11-06T00:00:00,389,2017-11-06T00:00:00,388,2017-11-06T00:00:00,388,2017-10-30T00:00:00,76,2010-12-20T00:00:00,19,spi_7d_very_wet_in_planting
16,bsr,True,2017-11-06T00:00:00,389,2017-11-06T00:00:00,388,2017-11-06T00:00:00,388,2017-10-30T00:00:00,76,2010-12-20T00:00:00,19,spi_7d_extreme_wet_in_harvesting
16,bsr,True,2017-11-06T00:00:00,389,2017-11-06T00:00:00,388,2017-11-06T00:00:00,388,2017-10-30T00:00:00,76,2010-12-20T00:00:00,19,spi_7d_very_dry_in_harvesting
16,bsr,True,2017-11-06T00:00:00,389,2017-11-06T00:00:00,388,2017-11-06T00:00:00,388,2017-10-30T00:00:00,76,2010-12-20T00:00:00,19,pdsi_very_wet_in_planting
16,bsr,True,2017-11-06T00:00:00,389,2017-11-06T00:00:00,388,2017-11-06T00:00:00,388,2017-10-30T00:00:00,76,2010-12-20T00:00:00,19,pdsi_extreme_wet_in_harvesting
16,bsr,True,2017-11-06T00:00:00,389,2017-11-06T00:00:00,388,2017-11-06T00:00:00,388,2017-10-30T00:00:00,76,2010-12-20T00:00:00,19,co2_extreme_in_planting
16,bsr,True,2017-11-06T00:00:00,389,2017-11-06T00:00:00,388,2017-11-06T00:00:00,388,2017-10-30T00:00:00,76,2010-12-20T00:00:00,19,epu_index
16,bsr,True,2017-11-06T00:00:00,389,2017-11-06T00:00:00,388,2017-11-06T00:00:00,388,2017-10-30T00:00:00,76,2010-12-20T00:00:00,19,DJIA_Index
16,bsr,True,2017-12-04T00:00:00,393,2017-12-04T00:00:00,392,2017-12-04T00:00:00,392,2017-11-27T00:00:00,80,2011-01-24T00:00:00,20,soybeans_weekly_rv
16,bsr,True,2017-12-04T00:00:00,393,2017-12-04T00:00:00,392,2017-12-04T00:00:00,392,2017-11-27T00:00:00,80,2011-01-24T00:00:00,20,soybeans_monthly_rv
16,bsr,True,2017-12-04T00:00:00,393,2017-12-04T00:00:00,392,2017-12-04T00:00:00,392,2017-11-27T00:00:00,80,2011-01-24T00:00:00,20,soybeans_seasonal_rv
16,bsr,True,2017-12-04T00:00:00,393,2017-12-04T00:00:00,392,2017-12-04T00:00:00,392,2017-11-27T00:00:00,80,2011-01-24T00:00:00,20,ssta_elino
16,bsr,True,2017-12-04T00:00:00,393,2017-12-04T00:00:00,392,2017-12-04T00:00:00,392,2017-11-27T00:00:00,80,2011-01-24T00:00:00,20,NAO_index
16,bsr,True,2017-12-04T00:00:00,393,2017-12-04T00:00:00,392,2017-12-04T00:00:00,392,2017-11-27T00:00:00,80,2011-01-24T00:00:00,20,tmax_hot_in_planting
16,bsr,True,2017-12-04T00:00:00,393,2017-12-04T00:00:00,392,2017-12-04T00:00:00,392,2017-11-27T00:00:00,80,2011-01-24T00:00:00,20,tmin_very_cold_in_planting
16,bsr,True,2017-12-04T00:00:00,393,2017-12-04T00:00:00,392,2017-12-04T00:00:00,392,2017-11-27T00:00:00,80,2011-01-24T00:00:00,20,tmin_very_cold_in_harvesting
16,bsr,True,2017-12-04T00:00:00,393,2017-12-04T00:00:00,392,2017-12-04T00:00:00,392,2017-11-27T00:00:00,80,2011-01-24T00:00:00,20,spi_7d_very_wet_in_planting
16,bsr,True,2017-12-04T00:00:00,393,2017-12-04T00:00:00,392,2017-12-04T00:00:00,392,2017-11-27T00:00:00,80,2011-01-24T00:00:00,20,spi_7d_extreme_wet_in_harvesting
16,bsr,True,2017-12-04T00:00:00,393,2017-12-04T00:00:00,392,2017-12-04T00:00:00,392,2017-11-27T00:00:00,80,2011-01-24T00:00:00,20,spi_7d_very_dry_in_harvesting
16,bsr,True,2017-12-04T00:00:00,393,2017-12-04T00:00:00,392,2017-12-04T00:00:00,392,2017-11-27T00:00:00,80,2011-01-24T00:00:00,20,pdsi_very_wet_in_planting
16,bsr,True,2017-12-04T00:00:00,393,2017-12-04T00:00:00,392,2017-12-04T00:00:00,392,2017-11-27T00:00:00,80,2011-01-24T00:00:00,20,pdsi_extreme_wet_in_harvesting
16,bsr,True,2017-12-04T00:00:00,393,2017-12-04T00:00:00,392,2017-12-04T00:00:00,392,2017-11-27T00:00:00,80,2011-01-24T00:00:00,20,co2_extreme_in_planting
16,bsr,True,2017-12-04T00:00:00,393,2017-12-04T00:00:00,392,2017-12-04T00:00:00,392,2017-11-27T00:00:00,80,2011-01-24T00:00:00,20,epu_index
16,bsr,True,2017-12-04T00:00:00,393,2017-12-04T00:00:00,392,2017-12-04T00:00:00,392,2017-11-27T00:00:00,80,2011-01-24T00:00:00,20,DJIA_Index
16,bsr,True,2018-01-22T00:00:00,397,2018-01-22T00:00:00,396,2018-01-22T00:00:00,396,2018-01-08T00:00:00,84,2011-02-28T00:00:00,21,soybeans_weekly_rv
16,bsr,True,2018-01-22T00:00:00,397,2018-01-22T00:00:00,396,2018-01-22T00:00:00,396,2018-01-08T00:00:00,84,2011-02-28T00:00:00,21,soybeans_monthly_rv
16,bsr,True,2018-01-22T00:00:00,397,2018-01-22T00:00:00,396,2018-01-22T00:00:00,396,2018-01-08T00:00:00,84,2011-02-28T00:00:00,21,soybeans_seasonal_rv
16,bsr,True,2018-01-22T00:00:00,397,2018-01-22T00:00:00,396,2018-01-22T00:00:00,396,2018-01-08T00:00:00,84,2011-02-28T00:00:00,21,ssta_elino
16,bsr,True,2018-01-22T00:00:00,397,2018-01-22T00:00:00,396,2018-01-22T00:00:00,396,2018-01-08T00:00:00,84,2011-02-28T00:00:00,21,NAO_index
16,bsr,True,2018-01-22T00:00:00,397,2018-01-22T00:00:00,396,2018-01-22T00:00:00,396,2018-01-08T00:00:00,84,2011-02-28T00:00:00,21,tmax_hot_in_planting
16,bsr,True,2018-01-22T00:00:00,397,2018-01-22T00:00:00,396,2018-01-22T00:00:00,396,2018-01-08T00:00:00,84,2011-02-28T00:00:00,21,tmin_very_cold_in_planting
16,bsr,True,2018-01-22T00:00:00,397,2018-01-22T00:00:00,396,2018-01-22T00:00:00,396,2018-01-08T00:00:00,84,2011-02-28T00:00:00,21,tmin_very_cold_in_harvesting
16,bsr,True,2018-01-22T00:00:00,397,2018-01-22T00:00:00,396,2018-01-22T00:00:00,396,2018-01-08T00:00:00,84,2011-02-28T00:00:00,21,spi_7d_very_wet_in_planting
16,bsr,True,2018-01-22T00:00:00,397,2018-01-22T00:00:00,396,2018-01-22T00:00:00,396,2018-01-08T00:00:00,84,2011-02-28T00:00:00,21,spi_7d_extreme_wet_in_harvesting
16,bsr,True,2018-01-22T00:00:00,397,2018-01-22T00:00:00,396,2018-01-22T00:00:00,396,2018-01-08T00:00:00,84,2011-02-28T00:00:00,21,spi_7d_very_dry_in_harvesting
16,bsr,True,2018-01-22T00:00:00,397,2018-01-22T00:00:00,396,2018-01-22T00:00:00,396,2018-01-08T00:00:00,84,2011-02-28T00:00:00,21,pdsi_very_wet_in_planting
16,bsr,True,2018-01-22T00:00:00,397,2018-01-22T00:00:00,396,2018-01-22T00:00:00,396,2018-01-08T00:00:00,84,2011-02-28T00:00:00,21,pdsi_extreme_wet_in_harvesting
16,bsr,True,2018-01-22T00:00:00,397,2018-01-22T00:00:00,396,2018-01-22T00:00:00,396,2018-01-08T00:00:00,84,2011-02-28T00:00:00,21,co2_extreme_in_planting
16,bsr,True,2018-01-22T00:00:00,397,2018-01-22T00:00:00,396,2018-01-22T00:00:00,396,2018-01-08T00:00:00,84,2011-02-28T00:00:00,21,epu_index
16,bsr,True,2018-01-22T00:00:00,397,2018-01-22T00:00:00,396,2018-01-22T00:00:00,396,2018-01-08T00:00:00,84,2011-02-28T00:00:00,21,DJIA_Index
16,bsr,True,2018-02-26T00:00:00,401,2018-02-26T00:00:00,400,2018-02-26T00:00:00,400,2018-02-12T00:00:00,88,2011-03-28T00:00:00,22,soybeans_weekly_rv
16,bsr,True,2018-02-26T00:00:00,401,2018-02-26T00:00:00,400,2018-02-26T00:00:00,400,2018-02-12T00:00:00,88,2011-03-28T00:00:00,22,soybeans_monthly_rv
16,bsr,True,2018-02-26T00:00:00,401,2018-02-26T00:00:00,400,2018-02-26T00:00:00,400,2018-02-12T00:00:00,88,2011-03-28T00:00:00,22,soybeans_seasonal_rv
16,bsr,True,2018-02-26T00:00:00,401,2018-02-26T00:00:00,400,2018-02-26T00:00:00,400,2018-02-12T00:00:00,88,2011-03-28T00:00:00,22,ssta_elino
16,bsr,True,2018-02-26T00:00:00,401,2018-02-26T00:00:00,400,2018-02-26T00:00:00,400,2018-02-12T00:00:00,88,2011-03-28T00:00:00,22,NAO_index
16,bsr,True,2018-02-26T00:00:00,401,2018-02-26T00:00:00,400,2018-02-26T00:00:00,400,2018-02-12T00:00:00,88,2011-03-28T00:00:00,22,tmax_hot_in_planting
16,bsr,True,2018-02-26T00:00:00,401,2018-02-26T00:00:00,400,2018-02-26T00:00:00,400,2018-02-12T00:00:00,88,2011-03-28T00:00:00,22,tmin_very_cold_in_planting
16,bsr,True,2018-02-26T00:00:00,401,2018-02-26T00:00:00,400,2018-02-26T00:00:00,400,2018-02-12T00:00:00,88,2011-03-28T00:00:00,22,tmin_very_cold_in_harvesting
16,bsr,True,2018-02-26T00:00:00,401,2018-02-26T00:00:00,400,2018-02-26T00:00:00,400,2018-02-12T00:00:00,88,2011-03-28T00:00:00,22,spi_7d_very_wet_in_planting
16,bsr,True,2018-02-26T00:00:00,401,2018-02-26T00:00:00,400,2018-02-26T00:00:00,400,2018-02-12T00:00:00,88,2011-03-28T00:00:00,22,spi_7d_extreme_wet_in_harvesting
16,bsr,True,2018-02-26T00:00:00,401,2018-02-26T00:00:00,400,2018-02-26T00:00:00,400,2018-02-12T00:00:00,88,2011-03-28T00:00:00,22,spi_7d_very_dry_in_harvesting
16,bsr,True,2018-02-26T00:00:00,401,2018-02-26T00:00:00,400,2018-02-26T00:00:00,400,2018-02-12T00:00:00,88,2011-03-28T00:00:00,22,pdsi_very_wet_in_planting
16,bsr,True,2018-02-26T00:00:00,401,2018-02-26T00:00:00,400,2018-02-26T00:00:00,400,2018-02-12T00:00:00,88,2011-03-28T00:00:00,22,pdsi_extreme_wet_in_harvesting
16,bsr,True,2018-02-26T00:00:00,401,2018-02-26T00:00:00,400,2018-02-26T00:00:00,400,2018-02-12T00:00:00,88,2011-03-28T00:00:00,22,co2_extreme_in_planting
16,bsr,True,2018-02-26T00:00:00,401,2018-02-26T00:00:00,400,2018-02-26T00:00:00,400,2018-02-12T00:00:00,88,2011-03-28T00:00:00,22,epu_index
16,bsr,True,2018-02-26T00:00:00,401,2018-02-26T00:00:00,400,2018-02-26T00:00:00,400,2018-02-12T00:00:00,88,2011-03-28T00:00:00,22,DJIA_Index
16,bsr,True,2018-03-26T00:00:00,405,2018-03-26T00:00:00,404,2018-03-26T00:00:00,404,2018-03-19T00:00:00,92,2011-04-25T00:00:00,23,soybeans_weekly_rv
16,bsr,True,2018-03-26T00:00:00,405,2018-03-26T00:00:00,404,2018-03-26T00:00:00,404,2018-03-19T00:00:00,92,2011-04-25T00:00:00,23,soybeans_monthly_rv
16,bsr,True,2018-03-26T00:00:00,405,2018-03-26T00:00:00,404,2018-03-26T00:00:00,404,2018-03-19T00:00:00,92,2011-04-25T00:00:00,23,soybeans_seasonal_rv
16,bsr,True,2018-03-26T00:00:00,405,2018-03-26T00:00:00,404,2018-03-26T00:00:00,404,2018-03-19T00:00:00,92,2011-04-25T00:00:00,23,ssta_elino
16,bsr,True,2018-03-26T00:00:00,405,2018-03-26T00:00:00,404,2018-03-26T00:00:00,404,2018-03-19T00:00:00,92,2011-04-25T00:00:00,23,NAO_index
16,bsr,True,2018-03-26T00:00:00,405,2018-03-26T00:00:00,404,2018-03-26T00:00:00,404,2018-03-19T00:00:00,92,2011-04-25T00:00:00,23,tmax_hot_in_planting
16,bsr,True,2018-03-26T00:00:00,405,2018-03-26T00:00:00,404,2018-03-26T00:00:00,404,2018-03-19T00:00:00,92,2011-04-25T00:00:00,23,tmin_very_cold_in_planting
16,bsr,True,2018-03-26T00:00:00,405,2018-03-26T00:00:00,404,2018-03-26T00:00:00,404,2018-03-19T00:00:00,92,2011-04-25T00:00:00,23,tmin_very_cold_in_harvesting
16,bsr,True,2018-03-26T00:00:00,405,2018-03-26T00:00:00,404,2018-03-26T00:00:00,404,2018-03-19T00:00:00,92,2011-04-25T00:00:00,23,spi_7d_very_wet_in_planting
16,bsr,True,2018-03-26T00:00:00,405,2018-03-26T00:00:00,404,2018-03-26T00:00:00,404,2018-03-19T00:00:00,92,2011-04-25T00:00:00,23,spi_7d_extreme_wet_in_harvesting
16,bsr,True,2018-03-26T00:00:00,405,2018-03-26T00:00:00,404,2018-03-26T00:00:00,404,2018-03-19T00:00:00,92,2011-04-25T00:00:00,23,spi_7d_very_dry_in_harvesting
16,bsr,True,2018-03-26T00:00:00,405,2018-03-26T00:00:00,404,2018-03-26T00:00:00,404,2018-03-19T00:00:00,92,2011-04-25T00:00:00,23,pdsi_very_wet_in_planting
16,bsr,True,2018-03-26T00:00:00,405,2018-03-26T00:00:00,404,2018-03-26T00:00:00,404,2018-03-19T00:00:00,92,2011-04-25T00:00:00,23,pdsi_extreme_wet_in_harvesting
16,bsr,True,2018-03-26T00:00:00,405,2018-03-26T00:00:00,404,2018-03-26T00:00:00,404,2018-03-19T00:00:00,92,2011-04-25T00:00:00,23,co2_extreme_in_planting
16,bsr,True,2018-03-26T00:00:00,405,2018-03-26T00:00:00,404,2018-03-26T00:00:00,404,2018-03-19T00:00:00,92,2011-04-25T00:00:00,23,epu_index
16,bsr,True,2018-03-26T00:00:00,405,2018-03-26T00:00:00,404,2018-03-26T00:00:00,404,2018-03-19T00:00:00,92,2011-04-25T00:00:00,23,DJIA_Index
15,bsr,False,2018-04-23T00:00:00,409,2018-04-23T00:00:00,408,2018-04-23T00:00:00,408,2018-04-16T00:00:00,96,2011-05-23T00:00:00,24,soybeans_weekly_rv
15,bsr,False,2018-04-23T00:00:00,409,2018-04-23T00:00:00,408,2018-04-23T00:00:00,408,2018-04-16T00:00:00,96,2011-05-23T00:00:00,24,soybeans_monthly_rv
15,bsr,False,2018-04-23T00:00:00,409,2018-04-23T00:00:00,408,2018-04-23T00:00:00,408,2018-04-16T00:00:00,96,2011-05-23T00:00:00,24,soybeans_seasonal_rv
15,bsr,False,2018-04-23T00:00:00,409,2018-04-23T00:00:00,408,2018-04-23T00:00:00,408,2018-04-16T00:00:00,96,2011-05-23T00:00:00,24,ssta_elino
15,bsr,False,2018-04-23T00:00:00,409,2018-04-23T00:00:00,408,2018-04-23T00:00:00,408,2018-04-16T00:00:00,96,2011-05-23T00:00:00,24,SOI_index
15,bsr,False,2018-04-23T00:00:00,409,2018-04-23T00:00:00,408,2018-04-23T00:00:00,408,2018-04-16T00:00:00,96,2011-05-23T00:00:00,24,tmax_hot_in_planting
15,bsr,False,2018-04-23T00:00:00,409,2018-04-23T00:00:00,408,2018-04-23T00:00:00,408,2018-04-16T00:00:00,96,2011-05-23T00:00:00,24,tmin_very_cold_in_planting
15,bsr,False,2018-04-23T00:00:00,409,2018-04-23T00:00:00,408,2018-04-23T00:00:00,408,2018-04-16T00:00:00,96,2011-05-23T00:00:00,24,tmin_very_cold_in_harvesting
15,bsr,False,2018-04-23T00:00:00,409,2018-04-23T00:00:00,408,2018-04-23T00:00:00,408,2018-04-16T00:00:00,96,2011-05-23T00:00:00,24,spi_7d_very_wet_in_planting
15,bsr,False,2018-04-23T00:00:00,409,2018-04-23T00:00:00,408,2018-04-23T00:00:00,408,2018-04-16T00:00:00,96,2011-05-23T00:00:00,24,spi_7d_extreme_wet_in_harvesting
15,bsr,False,2018-04-23T00:00:00,409,2018-04-23T00:00:00,408,2018-04-23T00:00:00,408,2018-04-16T00:00:00,96,2011-05-23T00:00:00,24,pdsi_extreme_wet_in_planting
15,bsr,False,2018-04-23T00:00:00,409,2018-04-23T00:00:00,408,2018-04-23T00:00:00,408,2018-04-16T00:00:00,96,2011-05-23T00:00:00,24,pdsi_extreme_wet_in_harvesting
15,bsr,False,2018-04-23T00:00:00,409,2018-04-23T00:00:00,408,2018-04-23T00:00:00,408,2018-04-16T00:00:00,96,2011-05-23T00:00:00,24,co2_extreme_in_planting
15,bsr,False,2018-04-23T00:00:00,409,2018-04-23T00:00:00,408,2018-04-23T00:00:00,408,2018-04-16T00:00:00,96,2011-05-23T00:00:00,24,epu_index
15,bsr,False,2018-04-23T00:00:00,409,2018-04-23T00:00:00,408,2018-04-23T00:00:00,408,2018-04-16T00:00:00,96,2011-05-23T00:00:00,24,DJIA_Index
15,bsr,True,2018-05-21T00:00:00,413,2018-05-21T00:00:00,412,2018-05-21T00:00:00,412,2018-05-14T00:00:00,100,2011-06-27T00:00:00,25,soybeans_weekly_rv
15,bsr,True,2018-05-21T00:00:00,413,2018-05-21T00:00:00,412,2018-05-21T00:00:00,412,2018-05-14T00:00:00,100,2011-06-27T00:00:00,25,soybeans_monthly_rv
15,bsr,True,2018-05-21T00:00:00,413,2018-05-21T00:00:00,412,2018-05-21T00:00:00,412,2018-05-14T00:00:00,100,2011-06-27T00:00:00,25,soybeans_seasonal_rv
15,bsr,True,2018-05-21T00:00:00,413,2018-05-21T00:00:00,412,2018-05-21T00:00:00,412,2018-05-14T00:00:00,100,2011-06-27T00:00:00,25,ssta_elino
15,bsr,True,2018-05-21T00:00:00,413,2018-05-21T00:00:00,412,2018-05-21T00:00:00,412,2018-05-14T00:00:00,100,2011-06-27T00:00:00,25,SOI_index
15,bsr,True,2018-05-21T00:00:00,413,2018-05-21T00:00:00,412,2018-05-21T00:00:00,412,2018-05-14T00:00:00,100,2011-06-27T00:00:00,25,tmax_hot_in_planting
15,bsr,True,2018-05-21T00:00:00,413,2018-05-21T00:00:00,412,2018-05-21T00:00:00,412,2018-05-14T00:00:00,100,2011-06-27T00:00:00,25,tmin_very_cold_in_planting
15,bsr,True,2018-05-21T00:00:00,413,2018-05-21T00:00:00,412,2018-05-21T00:00:00,412,2018-05-14T00:00:00,100,2011-06-27T00:00:00,25,tmin_very_cold_in_harvesting
15,bsr,True,2018-05-21T00:00:00,413,2018-05-21T00:00:00,412,2018-05-21T00:00:00,412,2018-05-14T00:00:00,100,2011-06-27T00:00:00,25,spi_7d_very_wet_in_planting
15,bsr,True,2018-05-21T00:00:00,413,2018-05-21T00:00:00,412,2018-05-21T00:00:00,412,2018-05-14T00:00:00,100,2011-06-27T00:00:00,25,spi_7d_extreme_wet_in_harvesting
15,bsr,True,2018-05-21T00:00:00,413,2018-05-21T00:00:00,412,2018-05-21T00:00:00,412,2018-05-14T00:00:00,100,2011-06-27T00:00:00,25,pdsi_extreme_wet_in_planting
15,bsr,True,2018-05-21T00:00:00,413,2018-05-21T00:00:00,412,2018-05-21T00:00:00,412,2018-05-14T00:00:00,100,2011-06-27T00:00:00,25,pdsi_extreme_wet_in_harvesting
15,bsr,True,2018-05-21T00:00:00,413,2018-05-21T00:00:00,412,2018-05-21T00:00:00,412,2018-05-14T00:00:00,100,2011-06-27T00:00:00,25,co2_extreme_in_planting
15,bsr,True,2018-05-21T00:00:00,413,2018-05-21T00:00:00,412,2018-05-21T00:00:00,412,2018-05-14T00:00:00,100,2011-06-27T00:00:00,25,epu_index
15,bsr,True,2018-05-21T00:00:00,413,2018-05-21T00:00:00,412,2018-05-21T00:00:00,412,2018-05-14T00:00:00,100,2011-06-27T00:00:00,25,DJIA_Index
15,bsr,True,2018-06-25T00:00:00,417,2018-06-25T00:00:00,416,2018-06-25T00:00:00,416,2018-06-18T00:00:00,104,2011-08-01T00:00:00,26,soybeans_weekly_rv
15,bsr,True,2018-06-25T00:00:00,417,2018-06-25T00:00:00,416,2018-06-25T00:00:00,416,2018-06-18T00:00:00,104,2011-08-01T00:00:00,26,soybeans_monthly_rv
15,bsr,True,2018-06-25T00:00:00,417,2018-06-25T00:00:00,416,2018-06-25T00:00:00,416,2018-06-18T00:00:00,104,2011-08-01T00:00:00,26,soybeans_seasonal_rv
15,bsr,True,2018-06-25T00:00:00,417,2018-06-25T00:00:00,416,2018-06-25T00:00:00,416,2018-06-18T00:00:00,104,2011-08-01T00:00:00,26,ssta_elino
15,bsr,True,2018-06-25T00:00:00,417,2018-06-25T00:00:00,416,2018-06-25T00:00:00,416,2018-06-18T00:00:00,104,2011-08-01T00:00:00,26,SOI_index
15,bsr,True,2018-06-25T00:00:00,417,2018-06-25T00:00:00,416,2018-06-25T00:00:00,416,2018-06-18T00:00:00,104,2011-08-01T00:00:00,26,tmax_hot_in_planting
15,bsr,True,2018-06-25T00:00:00,417,2018-06-25T00:00:00,416,2018-06-25T00:00:00,416,2018-06-18T00:00:00,104,2011-08-01T00:00:00,26,tmin_very_cold_in_planting
15,bsr,True,2018-06-25T00:00:00,417,2018-06-25T00:00:00,416,2018-06-25T00:00:00,416,2018-06-18T00:00:00,104,2011-08-01T00:00:00,26,tmin_very_cold_in_harvesting
15,bsr,True,2018-06-25T00:00:00,417,2018-06-25T00:00:00,416,2018-06-25T00:00:00,416,2018-06-18T00:00:00,104,2011-08-01T00:00:00,26,spi_7d_very_wet_in_planting
15,bsr,True,2018-06-25T00:00:00,417,2018-06-25T00:00:00,416,2018-06-25T00:00:00,416,2018-06-18T00:00:00,104,2011-08-01T00:00:00,26,spi_7d_extreme_wet_in_harvesting
15,bsr,True,2018-06-25T00:00:00,417,2018-06-25T00:00:00,416,2018-06-25T00:00:00,416,2018-06-18T00:00:00,104,2011-08-01T00:00:00,26,pdsi_extreme_wet_in_planting
15,bsr,True,2018-06-25T00:00:00,417,2018-06-25T00:00:00,416,2018-06-25T00:00:00,416,2018-06-18T00:00:00,104,2011-08-01T00:00:00,26,pdsi_extreme_wet_in_harvesting
15,bsr,True,2018-06-25T00:00:00,417,2018-06-25T00:00:00,416,2018-06-25T00:00:00,416,2018-06-18T00:00:00,104,2011-08-01T00:00:00,26,co2_extreme_in_planting
15,bsr,True,2018-06-25T00:00:00,417,2018-06-25T00:00:00,416,2018-06-25T00:00:00,416,2018-06-18T00:00:00,104,2011-08-01T00:00:00,26,epu_index
15,bsr,True,2018-06-25T00:00:00,417,2018-06-25T00:00:00,416,2018-06-25T00:00:00,416,2018-06-18T00:00:00,104,2011-08-01T00:00:00,26,DJIA_Index
15,bsr,True,2018-07-23T00:00:00,421,2018-07-23T00:00:00,420,2018-07-23T00:00:00,420,2018-07-16T00:00:00,108,2011-08-29T00:00:00,27,soybeans_weekly_rv
15,bsr,True,2018-07-23T00:00:00,421,2018-07-23T00:00:00,420,2018-07-23T00:00:00,420,2018-07-16T00:00:00,108,2011-08-29T00:00:00,27,soybeans_monthly_rv
15,bsr,True,2018-07-23T00:00:00,421,2018-07-23T00:00:00,420,2018-07-23T00:00:00,420,2018-07-16T00:00:00,108,2011-08-29T00:00:00,27,soybeans_seasonal_rv
15,bsr,True,2018-07-23T00:00:00,421,2018-07-23T00:00:00,420,2018-07-23T00:00:00,420,2018-07-16T00:00:00,108,2011-08-29T00:00:00,27,ssta_elino
15,bsr,True,2018-07-23T00:00:00,421,2018-07-23T00:00:00,420,2018-07-23T00:00:00,420,2018-07-16T00:00:00,108,2011-08-29T00:00:00,27,SOI_index
15,bsr,True,2018-07-23T00:00:00,421,2018-07-23T00:00:00,420,2018-07-23T00:00:00,420,2018-07-16T00:00:00,108,2011-08-29T00:00:00,27,tmax_hot_in_planting
15,bsr,True,2018-07-23T00:00:00,421,2018-07-23T00:00:00,420,2018-07-23T00:00:00,420,2018-07-16T00:00:00,108,2011-08-29T00:00:00,27,tmin_very_cold_in_planting
15,bsr,True,2018-07-23T00:00:00,421,2018-07-23T00:00:00,420,2018-07-23T00:00:00,420,2018-07-16T00:00:00,108,2011-08-29T00:00:00,27,tmin_very_cold_in_harvesting
15,bsr,True,2018-07-23T00:00:00,421,2018-07-23T00:00:00,420,2018-07-23T00:00:00,420,2018-07-16T00:00:00,108,2011-08-29T00:00:00,27,spi_7d_very_wet_in_planting
15,bsr,True,2018-07-23T00:00:00,421,2018-07-23T00:00:00,420,2018-07-23T00:00:00,420,2018-07-16T00:00:00,108,2011-08-29T00:00:00,27,spi_7d_extreme_wet_in_harvesting
15,bsr,True,2018-07-23T00:00:00,421,2018-07-23T00:00:00,420,2018-07-23T00:00:00,420,2018-07-16T00:00:00,108,2011-08-29T00:00:00,27,pdsi_extreme_wet_in_planting
15,bsr,True,2018-07-23T00:00:00,421,2018-07-23T00:00:00,420,2018-07-23T00:00:00,420,2018-07-16T00:00:00,108,2011-08-29T00:00:00,27,pdsi_extreme_wet_in_harvesting
15,bsr,True,2018-07-23T00:00:00,421,2018-07-23T00:00:00,420,2018-07-23T00:00:00,420,2018-07-16T00:00:00,108,2011-08-29T00:00:00,27,co2_extreme_in_planting
15,bsr,True,2018-07-23T00:00:00,421,2018-07-23T00:00:00,420,2018-07-23T00:00:00,420,2018-07-16T00:00:00,108,2011-08-29T00:00:00,27,epu_index
15,bsr,True,2018-07-23T00:00:00,421,2018-07-23T00:00:00,420,2018-07-23T00:00:00,420,2018-07-16T00:00:00,108,2011-08-29T00:00:00,27,DJIA_Index
15,bsr,True,2018-08-20T00:00:00,425,2018-08-20T00:00:00,424,2018-08-20T00:00:00,424,2018-08-13T00:00:00,112,2011-10-03T00:00:00,28,soybeans_weekly_rv
15,bsr,True,2018-08-20T00:00:00,425,2018-08-20T00:00:00,424,2018-08-20T00:00:00,424,2018-08-13T00:00:00,112,2011-10-03T00:00:00,28,soybeans_monthly_rv
15,bsr,True,2018-08-20T00:00:00,425,2018-08-20T00:00:00,424,2018-08-20T00:00:00,424,2018-08-13T00:00:00,112,2011-10-03T00:00:00,28,soybeans_seasonal_rv
15,bsr,True,2018-08-20T00:00:00,425,2018-08-20T00:00:00,424,2018-08-20T00:00:00,424,2018-08-13T00:00:00,112,2011-10-03T00:00:00,28,ssta_elino
15,bsr,True,2018-08-20T00:00:00,425,2018-08-20T00:00:00,424,2018-08-20T00:00:00,424,2018-08-13T00:00:00,112,2011-10-03T00:00:00,28,SOI_index
15,bsr,True,2018-08-20T00:00:00,425,2018-08-20T00:00:00,424,2018-08-20T00:00:00,424,2018-08-13T00:00:00,112,2011-10-03T00:00:00,28,tmax_hot_in_planting
15,bsr,True,2018-08-20T00:00:00,425,2018-08-20T00:00:00,424,2018-08-20T00:00:00,424,2018-08-13T00:00:00,112,2011-10-03T00:00:00,28,tmin_very_cold_in_planting
15,bsr,True,2018-08-20T00:00:00,425,2018-08-20T00:00:00,424,2018-08-20T00:00:00,424,2018-08-13T00:00:00,112,2011-10-03T00:00:00,28,tmin_very_cold_in_harvesting
15,bsr,True,2018-08-20T00:00:00,425,2018-08-20T00:00:00,424,2018-08-20T00:00:00,424,2018-08-13T00:00:00,112,2011-10-03T00:00:00,28,spi_7d_very_wet_in_planting
15,bsr,True,2018-08-20T00:00:00,425,2018-08-20T00:00:00,424,2018-08-20T00:00:00,424,2018-08-13T00:00:00,112,2011-10-03T00:00:00,28,spi_7d_extreme_wet_in_harvesting
15,bsr,True,2018-08-20T00:00:00,425,2018-08-20T00:00:00,424,2018-08-20T00:00:00,424,2018-08-13T00:00:00,112,2011-10-03T00:00:00,28,pdsi_extreme_wet_in_planting
15,bsr,True,2018-08-20T00:00:00,425,2018-08-20T00:00:00,424,2018-08-20T00:00:00,424,2018-08-13T00:00:00,112,2011-10-03T00:00:00,28,pdsi_extreme_wet_in_harvesting
15,bsr,True,2018-08-20T00:00:00,425,2018-08-20T00:00:00,424,2018-08-20T00:00:00,424,2018-08-13T00:00:00,112,2011-10-03T00:00:00,28,co2_extreme_in_planting
15,bsr,True,2018-08-20T00:00:00,425,2018-08-20T00:00:00,424,2018-08-20T00:00:00,424,2018-08-13T00:00:00,112,2011-10-03T00:00:00,28,epu_index
15,bsr,True,2018-08-20T00:00:00,425,2018-08-20T00:00:00,424,2018-08-20T00:00:00,424,2018-08-13T00:00:00,112,2011-10-03T00:00:00,28,DJIA_Index
15,bsr,True,2018-09-24T00:00:00,429,2018-09-24T00:00:00,428,2018-09-24T00:00:00,428,2018-09-17T00:00:00,116,2011-11-07T00:00:00,29,soybeans_weekly_rv
15,bsr,True,2018-09-24T00:00:00,429,2018-09-24T00:00:00,428,2018-09-24T00:00:00,428,2018-09-17T00:00:00,116,2011-11-07T00:00:00,29,soybeans_monthly_rv
15,bsr,True,2018-09-24T00:00:00,429,2018-09-24T00:00:00,428,2018-09-24T00:00:00,428,2018-09-17T00:00:00,116,2011-11-07T00:00:00,29,soybeans_seasonal_rv
15,bsr,True,2018-09-24T00:00:00,429,2018-09-24T00:00:00,428,2018-09-24T00:00:00,428,2018-09-17T00:00:00,116,2011-11-07T00:00:00,29,ssta_elino
15,bsr,True,2018-09-24T00:00:00,429,2018-09-24T00:00:00,428,2018-09-24T00:00:00,428,2018-09-17T00:00:00,116,2011-11-07T00:00:00,29,SOI_index
15,bsr,True,2018-09-24T00:00:00,429,2018-09-24T00:00:00,428,2018-09-24T00:00:00,428,2018-09-17T00:00:00,116,2011-11-07T00:00:00,29,tmax_hot_in_planting
15,bsr,True,2018-09-24T00:00:00,429,2018-09-24T00:00:00,428,2018-09-24T00:00:00,428,2018-09-17T00:00:00,116,2011-11-07T00:00:00,29,tmin_very_cold_in_planting
15,bsr,True,2018-09-24T00:00:00,429,2018-09-24T00:00:00,428,2018-09-24T00:00:00,428,2018-09-17T00:00:00,116,2011-11-07T00:00:00,29,tmin_very_cold_in_harvesting
15,bsr,True,2018-09-24T00:00:00,429,2018-09-24T00:00:00,428,2018-09-24T00:00:00,428,2018-09-17T00:00:00,116,2011-11-07T00:00:00,29,spi_7d_very_wet_in_planting
15,bsr,True,2018-09-24T00:00:00,429,2018-09-24T00:00:00,428,2018-09-24T00:00:00,428,2018-09-17T00:00:00,116,2011-11-07T00:00:00,29,spi_7d_extreme_wet_in_harvesting
15,bsr,True,2018-09-24T00:00:00,429,2018-09-24T00:00:00,428,2018-09-24T00:00:00,428,2018-09-17T00:00:00,116,2011-11-07T00:00:00,29,pdsi_extreme_wet_in_planting
15,bsr,True,2018-09-24T00:00:00,429,2018-09-24T00:00:00,428,2018-09-24T00:00:00,428,2018-09-17T00:00:00,116,2011-11-07T00:00:00,29,pdsi_extreme_wet_in_harvesting
15,bsr,True,2018-09-24T00:00:00,429,2018-09-24T00:00:00,428,2018-09-24T00:00:00,428,2018-09-17T00:00:00,116,2011-11-07T00:00:00,29,co2_extreme_in_planting
15,bsr,True,2018-09-24T00:00:00,429,2018-09-24T00:00:00,428,2018-09-24T00:00:00,428,2018-09-17T00:00:00,116,2011-11-07T00:00:00,29,epu_index
15,bsr,True,2018-09-24T00:00:00,429,2018-09-24T00:00:00,428,2018-09-24T00:00:00,428,2018-09-17T00:00:00,116,2011-11-07T00:00:00,29,DJIA_Index
15,bsr,True,2018-10-29T00:00:00,433,2018-10-29T00:00:00,432,2018-10-29T00:00:00,432,2018-10-22T00:00:00,120,2011-12-05T00:00:00,30,soybeans_weekly_rv
15,bsr,True,2018-10-29T00:00:00,433,2018-10-29T00:00:00,432,2018-10-29T00:00:00,432,2018-10-22T00:00:00,120,2011-12-05T00:00:00,30,soybeans_monthly_rv
15,bsr,True,2018-10-29T00:00:00,433,2018-10-29T00:00:00,432,2018-10-29T00:00:00,432,2018-10-22T00:00:00,120,2011-12-05T00:00:00,30,soybeans_seasonal_rv
15,bsr,True,2018-10-29T00:00:00,433,2018-10-29T00:00:00,432,2018-10-29T00:00:00,432,2018-10-22T00:00:00,120,2011-12-05T00:00:00,30,ssta_elino
15,bsr,True,2018-10-29T00:00:00,433,2018-10-29T00:00:00,432,2018-10-29T00:00:00,432,2018-10-22T00:00:00,120,2011-12-05T00:00:00,30,SOI_index
15,bsr,True,2018-10-29T00:00:00,433,2018-10-29T00:00:00,432,2018-10-29T00:00:00,432,2018-10-22T00:00:00,120,2011-12-05T00:00:00,30,tmax_hot_in_planting
15,bsr,True,2018-10-29T00:00:00,433,2018-10-29T00:00:00,432,2018-10-29T00:00:00,432,2018-10-22T00:00:00,120,2011-12-05T00:00:00,30,tmin_very_cold_in_planting
15,bsr,True,2018-10-29T00:00:00,433,2018-10-29T00:00:00,432,2018-10-29T00:00:00,432,2018-10-22T00:00:00,120,2011-12-05T00:00:00,30,tmin_very_cold_in_harvesting
15,bsr,True,2018-10-29T00:00:00,433,2018-10-29T00:00:00,432,2018-10-29T00:00:00,432,2018-10-22T00:00:00,120,2011-12-05T00:00:00,30,spi_7d_very_wet_in_planting
15,bsr,True,2018-10-29T00:00:00,433,2018-10-29T00:00:00,432,2018-10-29T00:00:00,432,2018-10-22T00:00:00,120,2011-12-05T00:00:00,30,spi_7d_extreme_wet_in_harvesting
15,bsr,True,2018-10-29T00:00:00,433,2018-10-29T00:00:00,432,2018-10-29T00:00:00,432,2018-10-22T00:00:00,120,2011-12-05T00:00:00,30,pdsi_extreme_wet_in_planting
15,bsr,True,2018-10-29T00:00:00,433,2018-10-29T00:00:00,432,2018-10-29T00:00:00,432,2018-10-22T00:00:00,120,2011-12-05T00:00:00,30,pdsi_extreme_wet_in_harvesting
15,bsr,True,2018-10-29T00:00:00,433,2018-10-29T00:00:00,432,2018-10-29T00:00:00,432,2018-10-22T00:00:00,120,2011-12-05T00:00:00,30,co2_extreme_in_planting
15,bsr,True,2018-10-29T00:00:00,433,2018-10-29T00:00:00,432,2018-10-29T00:00:00,432,2018-10-22T00:00:00,120,2011-12-05T00:00:00,30,epu_index
15,bsr,True,2018-10-29T00:00:00,433,2018-10-29T00:00:00,432,2018-10-29T00:00:00,432,2018-10-22T00:00:00,120,2011-12-05T00:00:00,30,DJIA_Index
15,bsr,True,2018-12-03T00:00:00,437,2018-12-03T00:00:00,436,2018-12-03T00:00:00,436,2018-11-26T00:00:00,124,2012-01-23T00:00:00,31,soybeans_weekly_rv
15,bsr,True,2018-12-03T00:00:00,437,2018-12-03T00:00:00,436,2018-12-03T00:00:00,436,2018-11-26T00:00:00,124,2012-01-23T00:00:00,31,soybeans_monthly_rv
15,bsr,True,2018-12-03T00:00:00,437,2018-12-03T00:00:00,436,2018-12-03T00:00:00,436,2018-11-26T00:00:00,124,2012-01-23T00:00:00,31,soybeans_seasonal_rv
15,bsr,True,2018-12-03T00:00:00,437,2018-12-03T00:00:00,436,2018-12-03T00:00:00,436,2018-11-26T00:00:00,124,2012-01-23T00:00:00,31,ssta_elino
15,bsr,True,2018-12-03T00:00:00,437,2018-12-03T00:00:00,436,2018-12-03T00:00:00,436,2018-11-26T00:00:00,124,2012-01-23T00:00:00,31,SOI_index
15,bsr,True,2018-12-03T00:00:00,437,2018-12-03T00:00:00,436,2018-12-03T00:00:00,436,2018-11-26T00:00:00,124,2012-01-23T00:00:00,31,tmax_hot_in_planting
15,bsr,True,2018-12-03T00:00:00,437,2018-12-03T00:00:00,436,2018-12-03T00:00:00,436,2018-11-26T00:00:00,124,2012-01-23T00:00:00,31,tmin_very_cold_in_planting
15,bsr,True,2018-12-03T00:00:00,437,2018-12-03T00:00:00,436,2018-12-03T00:00:00,436,2018-11-26T00:00:00,124,2012-01-23T00:00:00,31,tmin_very_cold_in_harvesting
15,bsr,True,2018-12-03T00:00:00,437,2018-12-03T00:00:00,436,2018-12-03T00:00:00,436,2018-11-26T00:00:00,124,2012-01-23T00:00:00,31,spi_7d_very_wet_in_planting
15,bsr,True,2018-12-03T00:00:00,437,2018-12-03T00:00:00,436,2018-12-03T00:00:00,436,2018-11-26T00:00:00,124,2012-01-23T00:00:00,31,spi_7d_extreme_wet_in_harvesting
15,bsr,True,2018-12-03T00:00:00,437,2018-12-03T00:00:00,436,2018-12-03T00:00:00,436,2018-11-26T00:00:00,124,2012-01-23T00:00:00,31,pdsi_extreme_wet_in_planting
15,bsr,True,2018-12-03T00:00:00,437,2018-12-03T00:00:00,436,2018-12-03T00:00:00,436,2018-11-26T00:00:00,124,2012-01-23T00:00:00,31,pdsi_extreme_wet_in_harvesting
15,bsr,True,2018-12-03T00:00:00,437,2018-12-03T00:00:00,436,2018-12-03T00:00:00,436,2018-11-26T00:00:00,124,2012-01-23T00:00:00,31,co2_extreme_in_planting
15,bsr,True,2018-12-03T00:00:00,437,2018-12-03T00:00:00,436,2018-12-03T00:00:00,436,2018-11-26T00:00:00,124,2012-01-23T00:00:00,31,epu_index
15,bsr,True,2018-12-03T00:00:00,437,2018-12-03T00:00:00,436,2018-12-03T00:00:00,436,2018-11-26T00:00:00,124,2012-01-23T00:00:00,31,DJIA_Index
16,bsr,False,2018-12-31T00:00:00,441,2018-12-31T00:00:00,440,2018-12-31T00:00:00,440,2018-12-24T00:00:00,128,2012-02-27T00:00:00,32,soybeans_weekly_rv
16,bsr,False,2018-12-31T00:00:00,441,2018-12-31T00:00:00,440,2018-12-31T00:00:00,440,2018-12-24T00:00:00,128,2012-02-27T00:00:00,32,soybeans_monthly_rv
16,bsr,False,2018-12-31T00:00:00,441,2018-12-31T00:00:00,440,2018-12-31T00:00:00,440,2018-12-24T00:00:00,128,2012-02-27T00:00:00,32,soybeans_seasonal_rv
16,bsr,False,2018-12-31T00:00:00,441,2018-12-31T00:00:00,440,2018-12-31T00:00:00,440,2018-12-24T00:00:00,128,2012-02-27T00:00:00,32,ssta_elino
16,bsr,False,2018-12-31T00:00:00,441,2018-12-31T00:00:00,440,2018-12-31T00:00:00,440,2018-12-24T00:00:00,128,2012-02-27T00:00:00,32,SOI_index
16,bsr,False,2018-12-31T00:00:00,441,2018-12-31T00:00:00,440,2018-12-31T00:00:00,440,2018-12-24T00:00:00,128,2012-02-27T00:00:00,32,tmax_hot_in_planting
16,bsr,False,2018-12-31T00:00:00,441,2018-12-31T00:00:00,440,2018-12-31T00:00:00,440,2018-12-24T00:00:00,128,2012-02-27T00:00:00,32,tmax_very_hot_in_planting
16,bsr,False,2018-12-31T00:00:00,441,2018-12-31T00:00:00,440,2018-12-31T00:00:00,440,2018-12-24T00:00:00,128,2012-02-27T00:00:00,32,tmin_very_cold_in_planting
16,bsr,False,2018-12-31T00:00:00,441,2018-12-31T00:00:00,440,2018-12-31T00:00:00,440,2018-12-24T00:00:00,128,2012-02-27T00:00:00,32,tmin_very_cold_in_harvesting
16,bsr,False,2018-12-31T00:00:00,441,2018-12-31T00:00:00,440,2018-12-31T00:00:00,440,2018-12-24T00:00:00,128,2012-02-27T00:00:00,32,awnd_moderate_high_wind_in_planting
16,bsr,False,2018-12-31T00:00:00,441,2018-12-31T00:00:00,440,2018-12-31T00:00:00,440,2018-12-24T00:00:00,128,2012-02-27T00:00:00,32,spi_7d_very_wet_in_planting
16,bsr,False,2018-12-31T00:00:00,441,2018-12-31T00:00:00,440,2018-12-31T00:00:00,440,2018-12-24T00:00:00,128,2012-02-27T00:00:00,32,spi_7d_extreme_wet_in_harvesting
16,bsr,False,2018-12-31T00:00:00,441,2018-12-31T00:00:00,440,2018-12-31T00:00:00,440,2018-12-24T00:00:00,128,2012-02-27T00:00:00,32,co2_extreme_in_planting
16,bsr,False,2018-12-31T00:00:00,441,2018-12-31T00:00:00,440,2018-12-31T00:00:00,440,2018-12-24T00:00:00,128,2012-02-27T00:00:00,32,frbsf_sentiment
16,bsr,False,2018-12-31T00:00:00,441,2018-12-31T00:00:00,440,2018-12-31T00:00:00,440,2018-12-24T00:00:00,128,2012-02-27T00:00:00,32,epu_index
16,bsr,False,2018-12-31T00:00:00,441,2018-12-31T00:00:00,440,2018-12-31T00:00:00,440,2018-12-24T00:00:00,128,2012-02-27T00:00:00,32,DJIA_Index
16,bsr,True,2019-02-11T00:00:00,445,2019-02-11T00:00:00,444,2019-02-11T00:00:00,444,2019-02-04T00:00:00,132,2012-03-26T00:00:00,33,soybeans_weekly_rv
16,bsr,True,2019-02-11T00:00:00,445,2019-02-11T00:00:00,444,2019-02-11T00:00:00,444,2019-02-04T00:00:00,132,2012-03-26T00:00:00,33,soybeans_monthly_rv
16,bsr,True,2019-02-11T00:00:00,445,2019-02-11T00:00:00,444,2019-02-11T00:00:00,444,2019-02-04T00:00:00,132,2012-03-26T00:00:00,33,soybeans_seasonal_rv
16,bsr,True,2019-02-11T00:00:00,445,2019-02-11T00:00:00,444,2019-02-11T00:00:00,444,2019-02-04T00:00:00,132,2012-03-26T00:00:00,33,ssta_elino
16,bsr,True,2019-02-11T00:00:00,445,2019-02-11T00:00:00,444,2019-02-11T00:00:00,444,2019-02-04T00:00:00,132,2012-03-26T00:00:00,33,SOI_index
16,bsr,True,2019-02-11T00:00:00,445,2019-02-11T00:00:00,444,2019-02-11T00:00:00,444,2019-02-04T00:00:00,132,2012-03-26T00:00:00,33,tmax_hot_in_planting
16,bsr,True,2019-02-11T00:00:00,445,2019-02-11T00:00:00,444,2019-02-11T00:00:00,444,2019-02-04T00:00:00,132,2012-03-26T00:00:00,33,tmax_very_hot_in_planting
16,bsr,True,2019-02-11T00:00:00,445,2019-02-11T00:00:00,444,2019-02-11T00:00:00,444,2019-02-04T00:00:00,132,2012-03-26T00:00:00,33,tmin_very_cold_in_planting
16,bsr,True,2019-02-11T00:00:00,445,2019-02-11T00:00:00,444,2019-02-11T00:00:00,444,2019-02-04T00:00:00,132,2012-03-26T00:00:00,33,tmin_very_cold_in_harvesting
16,bsr,True,2019-02-11T00:00:00,445,2019-02-11T00:00:00,444,2019-02-11T00:00:00,444,2019-02-04T00:00:00,132,2012-03-26T00:00:00,33,awnd_moderate_high_wind_in_planting
16,bsr,True,2019-02-11T00:00:00,445,2019-02-11T00:00:00,444,2019-02-11T00:00:00,444,2019-02-04T00:00:00,132,2012-03-26T00:00:00,33,spi_7d_very_wet_in_planting
16,bsr,True,2019-02-11T00:00:00,445,2019-02-11T00:00:00,444,2019-02-11T00:00:00,444,2019-02-04T00:00:00,132,2012-03-26T00:00:00,33,spi_7d_extreme_wet_in_harvesting
16,bsr,True,2019-02-11T00:00:00,445,2019-02-11T00:00:00,444,2019-02-11T00:00:00,444,2019-02-04T00:00:00,132,2012-03-26T00:00:00,33,co2_extreme_in_planting
16,bsr,True,2019-02-11T00:00:00,445,2019-02-11T00:00:00,444,2019-02-11T00:00:00,444,2019-02-04T00:00:00,132,2012-03-26T00:00:00,33,frbsf_sentiment
16,bsr,True,2019-02-11T00:00:00,445,2019-02-11T00:00:00,444,2019-02-11T00:00:00,444,2019-02-04T00:00:00,132,2012-03-26T00:00:00,33,epu_index
16,bsr,True,2019-02-11T00:00:00,445,2019-02-11T00:00:00,444,2019-02-11T00:00:00,444,2019-02-04T00:00:00,132,2012-03-26T00:00:00,33,DJIA_Index
16,bsr,True,2019-03-18T00:00:00,449,2019-03-18T00:00:00,448,2019-03-18T00:00:00,448,2019-03-11T00:00:00,136,2012-04-23T00:00:00,34,soybeans_weekly_rv
16,bsr,True,2019-03-18T00:00:00,449,2019-03-18T00:00:00,448,2019-03-18T00:00:00,448,2019-03-11T00:00:00,136,2012-04-23T00:00:00,34,soybeans_monthly_rv
16,bsr,True,2019-03-18T00:00:00,449,2019-03-18T00:00:00,448,2019-03-18T00:00:00,448,2019-03-11T00:00:00,136,2012-04-23T00:00:00,34,soybeans_seasonal_rv
16,bsr,True,2019-03-18T00:00:00,449,2019-03-18T00:00:00,448,2019-03-18T00:00:00,448,2019-03-11T00:00:00,136,2012-04-23T00:00:00,34,ssta_elino
16,bsr,True,2019-03-18T00:00:00,449,2019-03-18T00:00:00,448,2019-03-18T00:00:00,448,2019-03-11T00:00:00,136,2012-04-23T00:00:00,34,SOI_index
16,bsr,True,2019-03-18T00:00:00,449,2019-03-18T00:00:00,448,2019-03-18T00:00:00,448,2019-03-11T00:00:00,136,2012-04-23T00:00:00,34,tmax_hot_in_planting
16,bsr,True,2019-03-18T00:00:00,449,2019-03-18T00:00:00,448,2019-03-18T00:00:00,448,2019-03-11T00:00:00,136,2012-04-23T00:00:00,34,tmax_very_hot_in_planting
16,bsr,True,2019-03-18T00:00:00,449,2019-03-18T00:00:00,448,2019-03-18T00:00:00,448,2019-03-11T00:00:00,136,2012-04-23T00:00:00,34,tmin_very_cold_in_planting
16,bsr,True,2019-03-18T00:00:00,449,2019-03-18T00:00:00,448,2019-03-18T00:00:00,448,2019-03-11T00:00:00,136,2012-04-23T00:00:00,34,tmin_very_cold_in_harvesting
16,bsr,True,2019-03-18T00:00:00,449,2019-03-18T00:00:00,448,2019-03-18T00:00:00,448,2019-03-11T00:00:00,136,2012-04-23T00:00:00,34,awnd_moderate_high_wind_in_planting
16,bsr,True,2019-03-18T00:00:00,449,2019-03-18T00:00:00,448,2019-03-18T00:00:00,448,2019-03-11T00:00:00,136,2012-04-23T00:00:00,34,spi_7d_very_wet_in_planting
16,bsr,True,2019-03-18T00:00:00,449,2019-03-18T00:00:00,448,2019-03-18T00:00:00,448,2019-03-11T00:00:00,136,2012-04-23T00:00:00,34,spi_7d_extreme_wet_in_harvesting
16,bsr,True,2019-03-18T00:00:00,449,2019-03-18T00:00:00,448,2019-03-18T00:00:00,448,2019-03-11T00:00:00,136,2012-04-23T00:00:00,34,co2_extreme_in_planting
16,bsr,True,2019-03-18T00:00:00,449,2019-03-18T00:00:00,448,2019-03-18T00:00:00,448,2019-03-11T00:00:00,136,2012-04-23T00:00:00,34,frbsf_sentiment
16,bsr,True,2019-03-18T00:00:00,449,2019-03-18T00:00:00,448,2019-03-18T00:00:00,448,2019-03-11T00:00:00,136,2012-04-23T00:00:00,34,epu_index
16,bsr,True,2019-03-18T00:00:00,449,2019-03-18T00:00:00,448,2019-03-18T00:00:00,448,2019-03-11T00:00:00,136,2012-04-23T00:00:00,34,DJIA_Index
16,bsr,True,2019-04-15T00:00:00,453,2019-04-15T00:00:00,452,2019-04-15T00:00:00,452,2019-04-08T00:00:00,140,2012-05-21T00:00:00,35,soybeans_weekly_rv
16,bsr,True,2019-04-15T00:00:00,453,2019-04-15T00:00:00,452,2019-04-15T00:00:00,452,2019-04-08T00:00:00,140,2012-05-21T00:00:00,35,soybeans_monthly_rv
16,bsr,True,2019-04-15T00:00:00,453,2019-04-15T00:00:00,452,2019-04-15T00:00:00,452,2019-04-08T00:00:00,140,2012-05-21T00:00:00,35,soybeans_seasonal_rv
16,bsr,True,2019-04-15T00:00:00,453,2019-04-15T00:00:00,452,2019-04-15T00:00:00,452,2019-04-08T00:00:00,140,2012-05-21T00:00:00,35,ssta_elino
16,bsr,True,2019-04-15T00:00:00,453,2019-04-15T00:00:00,452,2019-04-15T00:00:00,452,2019-04-08T00:00:00,140,2012-05-21T00:00:00,35,SOI_index
16,bsr,True,2019-04-15T00:00:00,453,2019-04-15T00:00:00,452,2019-04-15T00:00:00,452,2019-04-08T00:00:00,140,2012-05-21T00:00:00,35,tmax_hot_in_planting
16,bsr,True,2019-04-15T00:00:00,453,2019-04-15T00:00:00,452,2019-04-15T00:00:00,452,2019-04-08T00:00:00,140,2012-05-21T00:00:00,35,tmax_very_hot_in_planting
16,bsr,True,2019-04-15T00:00:00,453,2019-04-15T00:00:00,452,2019-04-15T00:00:00,452,2019-04-08T00:00:00,140,2012-05-21T00:00:00,35,tmin_very_cold_in_planting
16,bsr,True,2019-04-15T00:00:00,453,2019-04-15T00:00:00,452,2019-04-15T00:00:00,452,2019-04-08T00:00:00,140,2012-05-21T00:00:00,35,tmin_very_cold_in_harvesting
16,bsr,True,2019-04-15T00:00:00,453,2019-04-15T00:00:00,452,2019-04-15T00:00:00,452,2019-04-08T00:00:00,140,2012-05-21T00:00:00,35,awnd_moderate_high_wind_in_planting
16,bsr,True,2019-04-15T00:00:00,453,2019-04-15T00:00:00,452,2019-04-15T00:00:00,452,2019-04-08T00:00:00,140,2012-05-21T00:00:00,35,spi_7d_very_wet_in_planting
16,bsr,True,2019-04-15T00:00:00,453,2019-04-15T00:00:00,452,2019-04-15T00:00:00,452,2019-04-08T00:00:00,140,2012-05-21T00:00:00,35,spi_7d_extreme_wet_in_harvesting
16,bsr,True,2019-04-15T00:00:00,453,2019-04-15T00:00:00,452,2019-04-15T00:00:00,452,2019-04-08T00:00:00,140,2012-05-21T00:00:00,35,co2_extreme_in_planting
16,bsr,True,2019-04-15T00:00:00,453,2019-04-15T00:00:00,452,2019-04-15T00:00:00,452,2019-04-08T00:00:00,140,2012-05-21T00:00:00,35,frbsf_sentiment
16,bsr,True,2019-04-15T00:00:00,453,2019-04-15T00:00:00,452,2019-04-15T00:00:00,452,2019-04-08T00:00:00,140,2012-05-21T00:00:00,35,epu_index
16,bsr,True,2019-04-15T00:00:00,453,2019-04-15T00:00:00,452,2019-04-15T00:00:00,452,2019-04-08T00:00:00,140,2012-05-21T00:00:00,35,DJIA_Index
16,bsr,True,2019-05-13T00:00:00,457,2019-05-13T00:00:00,456,2019-05-13T00:00:00,456,2019-05-06T00:00:00,144,2012-06-25T00:00:00,36,soybeans_weekly_rv
16,bsr,True,2019-05-13T00:00:00,457,2019-05-13T00:00:00,456,2019-05-13T00:00:00,456,2019-05-06T00:00:00,144,2012-06-25T00:00:00,36,soybeans_monthly_rv
16,bsr,True,2019-05-13T00:00:00,457,2019-05-13T00:00:00,456,2019-05-13T00:00:00,456,2019-05-06T00:00:00,144,2012-06-25T00:00:00,36,soybeans_seasonal_rv
16,bsr,True,2019-05-13T00:00:00,457,2019-05-13T00:00:00,456,2019-05-13T00:00:00,456,2019-05-06T00:00:00,144,2012-06-25T00:00:00,36,ssta_elino
16,bsr,True,2019-05-13T00:00:00,457,2019-05-13T00:00:00,456,2019-05-13T00:00:00,456,2019-05-06T00:00:00,144,2012-06-25T00:00:00,36,SOI_index
16,bsr,True,2019-05-13T00:00:00,457,2019-05-13T00:00:00,456,2019-05-13T00:00:00,456,2019-05-06T00:00:00,144,2012-06-25T00:00:00,36,tmax_hot_in_planting
16,bsr,True,2019-05-13T00:00:00,457,2019-05-13T00:00:00,456,2019-05-13T00:00:00,456,2019-05-06T00:00:00,144,2012-06-25T00:00:00,36,tmax_very_hot_in_planting
16,bsr,True,2019-05-13T00:00:00,457,2019-05-13T00:00:00,456,2019-05-13T00:00:00,456,2019-05-06T00:00:00,144,2012-06-25T00:00:00,36,tmin_very_cold_in_planting
16,bsr,True,2019-05-13T00:00:00,457,2019-05-13T00:00:00,456,2019-05-13T00:00:00,456,2019-05-06T00:00:00,144,2012-06-25T00:00:00,36,tmin_very_cold_in_harvesting
16,bsr,True,2019-05-13T00:00:00,457,2019-05-13T00:00:00,456,2019-05-13T00:00:00,456,2019-05-06T00:00:00,144,2012-06-25T00:00:00,36,awnd_moderate_high_wind_in_planting
16,bsr,True,2019-05-13T00:00:00,457,2019-05-13T00:00:00,456,2019-05-13T00:00:00,456,2019-05-06T00:00:00,144,2012-06-25T00:00:00,36,spi_7d_very_wet_in_planting
16,bsr,True,2019-05-13T00:00:00,457,2019-05-13T00:00:00,456,2019-05-13T00:00:00,456,2019-05-06T00:00:00,144,2012-06-25T00:00:00,36,spi_7d_extreme_wet_in_harvesting
16,bsr,True,2019-05-13T00:00:00,457,2019-05-13T00:00:00,456,2019-05-13T00:00:00,456,2019-05-06T00:00:00,144,2012-06-25T00:00:00,36,co2_extreme_in_planting
16,bsr,True,2019-05-13T00:00:00,457,2019-05-13T00:00:00,456,2019-05-13T00:00:00,456,2019-05-06T00:00:00,144,2012-06-25T00:00:00,36,frbsf_sentiment
16,bsr,True,2019-05-13T00:00:00,457,2019-05-13T00:00:00,456,2019-05-13T00:00:00,456,2019-05-06T00:00:00,144,2012-06-25T00:00:00,36,epu_index
16,bsr,True,2019-05-13T00:00:00,457,2019-05-13T00:00:00,456,2019-05-13T00:00:00,456,2019-05-06T00:00:00,144,2012-06-25T00:00:00,36,DJIA_Index
16,bsr,True,2019-06-17T00:00:00,461,2019-06-17T00:00:00,460,2019-06-17T00:00:00,460,2019-06-10T00:00:00,148,2012-07-23T00:00:00,37,soybeans_weekly_rv
16,bsr,True,2019-06-17T00:00:00,461,2019-06-17T00:00:00,460,2019-06-17T00:00:00,460,2019-06-10T00:00:00,148,2012-07-23T00:00:00,37,soybeans_monthly_rv
16,bsr,True,2019-06-17T00:00:00,461,2019-06-17T00:00:00,460,2019-06-17T00:00:00,460,2019-06-10T00:00:00,148,2012-07-23T00:00:00,37,soybeans_seasonal_rv
16,bsr,True,2019-06-17T00:00:00,461,2019-06-17T00:00:00,460,2019-06-17T00:00:00,460,2019-06-10T00:00:00,148,2012-07-23T00:00:00,37,ssta_elino
16,bsr,True,2019-06-17T00:00:00,461,2019-06-17T00:00:00,460,2019-06-17T00:00:00,460,2019-06-10T00:00:00,148,2012-07-23T00:00:00,37,SOI_index
16,bsr,True,2019-06-17T00:00:00,461,2019-06-17T00:00:00,460,2019-06-17T00:00:00,460,2019-06-10T00:00:00,148,2012-07-23T00:00:00,37,tmax_hot_in_planting
16,bsr,True,2019-06-17T00:00:00,461,2019-06-17T00:00:00,460,2019-06-17T00:00:00,460,2019-06-10T00:00:00,148,2012-07-23T00:00:00,37,tmax_very_hot_in_planting
16,bsr,True,2019-06-17T00:00:00,461,2019-06-17T00:00:00,460,2019-06-17T00:00:00,460,2019-06-10T00:00:00,148,2012-07-23T00:00:00,37,tmin_very_cold_in_planting
16,bsr,True,2019-06-17T00:00:00,461,2019-06-17T00:00:00,460,2019-06-17T00:00:00,460,2019-06-10T00:00:00,148,2012-07-23T00:00:00,37,tmin_very_cold_in_harvesting
16,bsr,True,2019-06-17T00:00:00,461,2019-06-17T00:00:00,460,2019-06-17T00:00:00,460,2019-06-10T00:00:00,148,2012-07-23T00:00:00,37,awnd_moderate_high_wind_in_planting
16,bsr,True,2019-06-17T00:00:00,461,2019-06-17T00:00:00,460,2019-06-17T00:00:00,460,2019-06-10T00:00:00,148,2012-07-23T00:00:00,37,spi_7d_very_wet_in_planting
16,bsr,True,2019-06-17T00:00:00,461,2019-06-17T00:00:00,460,2019-06-17T00:00:00,460,2019-06-10T00:00:00,148,2012-07-23T00:00:00,37,spi_7d_extreme_wet_in_harvesting
16,bsr,True,2019-06-17T00:00:00,461,2019-06-17T00:00:00,460,2019-06-17T00:00:00,460,2019-06-10T00:00:00,148,2012-07-23T00:00:00,37,co2_extreme_in_planting
16,bsr,True,2019-06-17T00:00:00,461,2019-06-17T00:00:00,460,2019-06-17T00:00:00,460,2019-06-10T00:00:00,148,2012-07-23T00:00:00,37,frbsf_sentiment
16,bsr,True,2019-06-17T00:00:00,461,2019-06-17T00:00:00,460,2019-06-17T00:00:00,460,2019-06-10T00:00:00,148,2012-07-23T00:00:00,37,epu_index
16,bsr,True,2019-06-17T00:00:00,461,2019-06-17T00:00:00,460,2019-06-17T00:00:00,460,2019-06-10T00:00:00,148,2012-07-23T00:00:00,37,DJIA_Index
16,bsr,True,2019-07-15T00:00:00,465,2019-07-15T00:00:00,464,2019-07-15T00:00:00,464,2019-07-08T00:00:00,152,2012-08-20T00:00:00,38,soybeans_weekly_rv
16,bsr,True,2019-07-15T00:00:00,465,2019-07-15T00:00:00,464,2019-07-15T00:00:00,464,2019-07-08T00:00:00,152,2012-08-20T00:00:00,38,soybeans_monthly_rv
16,bsr,True,2019-07-15T00:00:00,465,2019-07-15T00:00:00,464,2019-07-15T00:00:00,464,2019-07-08T00:00:00,152,2012-08-20T00:00:00,38,soybeans_seasonal_rv
16,bsr,True,2019-07-15T00:00:00,465,2019-07-15T00:00:00,464,2019-07-15T00:00:00,464,2019-07-08T00:00:00,152,2012-08-20T00:00:00,38,ssta_elino
16,bsr,True,2019-07-15T00:00:00,465,2019-07-15T00:00:00,464,2019-07-15T00:00:00,464,2019-07-08T00:00:00,152,2012-08-20T00:00:00,38,SOI_index
16,bsr,True,2019-07-15T00:00:00,465,2019-07-15T00:00:00,464,2019-07-15T00:00:00,464,2019-07-08T00:00:00,152,2012-08-20T00:00:00,38,tmax_hot_in_planting
16,bsr,True,2019-07-15T00:00:00,465,2019-07-15T00:00:00,464,2019-07-15T00:00:00,464,2019-07-08T00:00:00,152,2012-08-20T00:00:00,38,tmax_very_hot_in_planting
16,bsr,True,2019-07-15T00:00:00,465,2019-07-15T00:00:00,464,2019-07-15T00:00:00,464,2019-07-08T00:00:00,152,2012-08-20T00:00:00,38,tmin_very_cold_in_planting
16,bsr,True,2019-07-15T00:00:00,465,2019-07-15T00:00:00,464,2019-07-15T00:00:00,464,2019-07-08T00:00:00,152,2012-08-20T00:00:00,38,tmin_very_cold_in_harvesting
16,bsr,True,2019-07-15T00:00:00,465,2019-07-15T00:00:00,464,2019-07-15T00:00:00,464,2019-07-08T00:00:00,152,2012-08-20T00:00:00,38,awnd_moderate_high_wind_in_planting
16,bsr,True,2019-07-15T00:00:00,465,2019-07-15T00:00:00,464,2019-07-15T00:00:00,464,2019-07-08T00:00:00,152,2012-08-20T00:00:00,38,spi_7d_very_wet_in_planting
16,bsr,True,2019-07-15T00:00:00,465,2019-07-15T00:00:00,464,2019-07-15T00:00:00,464,2019-07-08T00:00:00,152,2012-08-20T00:00:00,38,spi_7d_extreme_wet_in_harvesting
16,bsr,True,2019-07-15T00:00:00,465,2019-07-15T00:00:00,464,2019-07-15T00:00:00,464,2019-07-08T00:00:00,152,2012-08-20T00:00:00,38,co2_extreme_in_planting
16,bsr,True,2019-07-15T00:00:00,465,2019-07-15T00:00:00,464,2019-07-15T00:00:00,464,2019-07-08T00:00:00,152,2012-08-20T00:00:00,38,frbsf_sentiment
16,bsr,True,2019-07-15T00:00:00,465,2019-07-15T00:00:00,464,2019-07-15T00:00:00,464,2019-07-08T00:00:00,152,2012-08-20T00:00:00,38,epu_index
16,bsr,True,2019-07-15T00:00:00,465,2019-07-15T00:00:00,464,2019-07-15T00:00:00,464,2019-07-08T00:00:00,152,2012-08-20T00:00:00,38,DJIA_Index
16,bsr,True,2019-08-12T00:00:00,469,2019-08-12T00:00:00,468,2019-08-12T00:00:00,468,2019-08-05T00:00:00,156,2012-09-24T00:00:00,39,soybeans_weekly_rv
16,bsr,True,2019-08-12T00:00:00,469,2019-08-12T00:00:00,468,2019-08-12T00:00:00,468,2019-08-05T00:00:00,156,2012-09-24T00:00:00,39,soybeans_monthly_rv
16,bsr,True,2019-08-12T00:00:00,469,2019-08-12T00:00:00,468,2019-08-12T00:00:00,468,2019-08-05T00:00:00,156,2012-09-24T00:00:00,39,soybeans_seasonal_rv
16,bsr,True,2019-08-12T00:00:00,469,2019-08-12T00:00:00,468,2019-08-12T00:00:00,468,2019-08-05T00:00:00,156,2012-09-24T00:00:00,39,ssta_elino
16,bsr,True,2019-08-12T00:00:00,469,2019-08-12T00:00:00,468,2019-08-12T00:00:00,468,2019-08-05T00:00:00,156,2012-09-24T00:00:00,39,SOI_index
16,bsr,True,2019-08-12T00:00:00,469,2019-08-12T00:00:00,468,2019-08-12T00:00:00,468,2019-08-05T00:00:00,156,2012-09-24T00:00:00,39,tmax_hot_in_planting
16,bsr,True,2019-08-12T00:00:00,469,2019-08-12T00:00:00,468,2019-08-12T00:00:00,468,2019-08-05T00:00:00,156,2012-09-24T00:00:00,39,tmax_very_hot_in_planting
16,bsr,True,2019-08-12T00:00:00,469,2019-08-12T00:00:00,468,2019-08-12T00:00:00,468,2019-08-05T00:00:00,156,2012-09-24T00:00:00,39,tmin_very_cold_in_planting
16,bsr,True,2019-08-12T00:00:00,469,2019-08-12T00:00:00,468,2019-08-12T00:00:00,468,2019-08-05T00:00:00,156,2012-09-24T00:00:00,39,tmin_very_cold_in_harvesting
16,bsr,True,2019-08-12T00:00:00,469,2019-08-12T00:00:00,468,2019-08-12T00:00:00,468,2019-08-05T00:00:00,156,2012-09-24T00:00:00,39,awnd_moderate_high_wind_in_planting
16,bsr,True,2019-08-12T00:00:00,469,2019-08-12T00:00:00,468,2019-08-12T00:00:00,468,2019-08-05T00:00:00,156,2012-09-24T00:00:00,39,spi_7d_very_wet_in_planting
16,bsr,True,2019-08-12T00:00:00,469,2019-08-12T00:00:00,468,2019-08-12T00:00:00,468,2019-08-05T00:00:00,156,2012-09-24T00:00:00,39,spi_7d_extreme_wet_in_harvesting
16,bsr,True,2019-08-12T00:00:00,469,2019-08-12T00:00:00,468,2019-08-12T00:00:00,468,2019-08-05T00:00:00,156,2012-09-24T00:00:00,39,co2_extreme_in_planting
16,bsr,True,2019-08-12T00:00:00,469,2019-08-12T00:00:00,468,2019-08-12T00:00:00,468,2019-08-05T00:00:00,156,2012-09-24T00:00:00,39,frbsf_sentiment
16,bsr,True,2019-08-12T00:00:00,469,2019-08-12T00:00:00,468,2019-08-12T00:00:00,468,2019-08-05T00:00:00,156,2012-09-24T00:00:00,39,epu_index
16,bsr,True,2019-08-12T00:00:00,469,2019-08-12T00:00:00,468,2019-08-12T00:00:00,468,2019-08-05T00:00:00,156,2012-09-24T00:00:00,39,DJIA_Index
17,bsr,False,2019-09-16T00:00:00,473,2019-09-16T00:00:00,472,2019-09-16T00:00:00,472,2019-09-09T00:00:00,160,2012-11-05T00:00:00,40,soybeans_weekly_rv
17,bsr,False,2019-09-16T00:00:00,473,2019-09-16T00:00:00,472,2019-09-16T00:00:00,472,2019-09-09T00:00:00,160,2012-11-05T00:00:00,40,soybeans_monthly_rv
17,bsr,False,2019-09-16T00:00:00,473,2019-09-16T00:00:00,472,2019-09-16T00:00:00,472,2019-09-09T00:00:00,160,2012-11-05T00:00:00,40,soybeans_seasonal_rv
17,bsr,False,2019-09-16T00:00:00,473,2019-09-16T00:00:00,472,2019-09-16T00:00:00,472,2019-09-09T00:00:00,160,2012-11-05T00:00:00,40,ssta_elino
17,bsr,False,2019-09-16T00:00:00,473,2019-09-16T00:00:00,472,2019-09-16T00:00:00,472,2019-09-09T00:00:00,160,2012-11-05T00:00:00,40,SOI_index
17,bsr,False,2019-09-16T00:00:00,473,2019-09-16T00:00:00,472,2019-09-16T00:00:00,472,2019-09-09T00:00:00,160,2012-11-05T00:00:00,40,tmax_hot_in_planting
17,bsr,False,2019-09-16T00:00:00,473,2019-09-16T00:00:00,472,2019-09-16T00:00:00,472,2019-09-09T00:00:00,160,2012-11-05T00:00:00,40,tmax_very_hot_in_planting
17,bsr,False,2019-09-16T00:00:00,473,2019-09-16T00:00:00,472,2019-09-16T00:00:00,472,2019-09-09T00:00:00,160,2012-11-05T00:00:00,40,tmin_very_cold_in_planting
17,bsr,False,2019-09-16T00:00:00,473,2019-09-16T00:00:00,472,2019-09-16T00:00:00,472,2019-09-09T00:00:00,160,2012-11-05T00:00:00,40,tmin_very_cold_in_harvesting
17,bsr,False,2019-09-16T00:00:00,473,2019-09-16T00:00:00,472,2019-09-16T00:00:00,472,2019-09-09T00:00:00,160,2012-11-05T00:00:00,40,spi_7d_very_wet_in_planting
17,bsr,False,2019-09-16T00:00:00,473,2019-09-16T00:00:00,472,2019-09-16T00:00:00,472,2019-09-09T00:00:00,160,2012-11-05T00:00:00,40,spi_7d_extreme_wet_in_harvesting
17,bsr,False,2019-09-16T00:00:00,473,2019-09-16T00:00:00,472,2019-09-16T00:00:00,472,2019-09-09T00:00:00,160,2012-11-05T00:00:00,40,pdsi_very_wet_in_planting
17,bsr,False,2019-09-16T00:00:00,473,2019-09-16T00:00:00,472,2019-09-16T00:00:00,472,2019-09-09T00:00:00,160,2012-11-05T00:00:00,40,pdsi_extreme_wet_in_planting
17,bsr,False,2019-09-16T00:00:00,473,2019-09-16T00:00:00,472,2019-09-16T00:00:00,472,2019-09-09T00:00:00,160,2012-11-05T00:00:00,40,co2_extreme_in_planting
17,bsr,False,2019-09-16T00:00:00,473,2019-09-16T00:00:00,472,2019-09-16T00:00:00,472,2019-09-09T00:00:00,160,2012-11-05T00:00:00,40,frbsf_sentiment
17,bsr,False,2019-09-16T00:00:00,473,2019-09-16T00:00:00,472,2019-09-16T00:00:00,472,2019-09-09T00:00:00,160,2012-11-05T00:00:00,40,epu_index
17,bsr,False,2019-09-16T00:00:00,473,2019-09-16T00:00:00,472,2019-09-16T00:00:00,472,2019-09-09T00:00:00,160,2012-11-05T00:00:00,40,DJIA_Index
17,bsr,True,2019-10-21T00:00:00,477,2019-10-21T00:00:00,476,2019-10-21T00:00:00,476,2019-10-07T00:00:00,164,2012-12-10T00:00:00,41,soybeans_weekly_rv
17,bsr,True,2019-10-21T00:00:00,477,2019-10-21T00:00:00,476,2019-10-21T00:00:00,476,2019-10-07T00:00:00,164,2012-12-10T00:00:00,41,soybeans_monthly_rv
17,bsr,True,2019-10-21T00:00:00,477,2019-10-21T00:00:00,476,2019-10-21T00:00:00,476,2019-10-07T00:00:00,164,2012-12-10T00:00:00,41,soybeans_seasonal_rv
17,bsr,True,2019-10-21T00:00:00,477,2019-10-21T00:00:00,476,2019-10-21T00:00:00,476,2019-10-07T00:00:00,164,2012-12-10T00:00:00,41,ssta_elino
17,bsr,True,2019-10-21T00:00:00,477,2019-10-21T00:00:00,476,2019-10-21T00:00:00,476,2019-10-07T00:00:00,164,2012-12-10T00:00:00,41,SOI_index
17,bsr,True,2019-10-21T00:00:00,477,2019-10-21T00:00:00,476,2019-10-21T00:00:00,476,2019-10-07T00:00:00,164,2012-12-10T00:00:00,41,tmax_hot_in_planting
17,bsr,True,2019-10-21T00:00:00,477,2019-10-21T00:00:00,476,2019-10-21T00:00:00,476,2019-10-07T00:00:00,164,2012-12-10T00:00:00,41,tmax_very_hot_in_planting
17,bsr,True,2019-10-21T00:00:00,477,2019-10-21T00:00:00,476,2019-10-21T00:00:00,476,2019-10-07T00:00:00,164,2012-12-10T00:00:00,41,tmin_very_cold_in_planting
17,bsr,True,2019-10-21T00:00:00,477,2019-10-21T00:00:00,476,2019-10-21T00:00:00,476,2019-10-07T00:00:00,164,2012-12-10T00:00:00,41,tmin_very_cold_in_harvesting
17,bsr,True,2019-10-21T00:00:00,477,2019-10-21T00:00:00,476,2019-10-21T00:00:00,476,2019-10-07T00:00:00,164,2012-12-10T00:00:00,41,spi_7d_very_wet_in_planting
17,bsr,True,2019-10-21T00:00:00,477,2019-10-21T00:00:00,476,2019-10-21T00:00:00,476,2019-10-07T00:00:00,164,2012-12-10T00:00:00,41,spi_7d_extreme_wet_in_harvesting
17,bsr,True,2019-10-21T00:00:00,477,2019-10-21T00:00:00,476,2019-10-21T00:00:00,476,2019-10-07T00:00:00,164,2012-12-10T00:00:00,41,pdsi_very_wet_in_planting
17,bsr,True,2019-10-21T00:00:00,477,2019-10-21T00:00:00,476,2019-10-21T00:00:00,476,2019-10-07T00:00:00,164,2012-12-10T00:00:00,41,pdsi_extreme_wet_in_planting
17,bsr,True,2019-10-21T00:00:00,477,2019-10-21T00:00:00,476,2019-10-21T00:00:00,476,2019-10-07T00:00:00,164,2012-12-10T00:00:00,41,co2_extreme_in_planting
17,bsr,True,2019-10-21T00:00:00,477,2019-10-21T00:00:00,476,2019-10-21T00:00:00,476,2019-10-07T00:00:00,164,2012-12-10T00:00:00,41,frbsf_sentiment
17,bsr,True,2019-10-21T00:00:00,477,2019-10-21T00:00:00,476,2019-10-21T00:00:00,476,2019-10-07T00:00:00,164,2012-12-10T00:00:00,41,epu_index
17,bsr,True,2019-10-21T00:00:00,477,2019-10-21T00:00:00,476,2019-10-21T00:00:00,476,2019-10-07T00:00:00,164,2012-12-10T00:00:00,41,DJIA_Index
17,bsr,True,2019-11-25T00:00:00,481,2019-11-25T00:00:00,480,2019-11-25T00:00:00,480,2019-11-18T00:00:00,168,2013-01-07T00:00:00,42,soybeans_weekly_rv
17,bsr,True,2019-11-25T00:00:00,481,2019-11-25T00:00:00,480,2019-11-25T00:00:00,480,2019-11-18T00:00:00,168,2013-01-07T00:00:00,42,soybeans_monthly_rv
17,bsr,True,2019-11-25T00:00:00,481,2019-11-25T00:00:00,480,2019-11-25T00:00:00,480,2019-11-18T00:00:00,168,2013-01-07T00:00:00,42,soybeans_seasonal_rv
17,bsr,True,2019-11-25T00:00:00,481,2019-11-25T00:00:00,480,2019-11-25T00:00:00,480,2019-11-18T00:00:00,168,2013-01-07T00:00:00,42,ssta_elino
17,bsr,True,2019-11-25T00:00:00,481,2019-11-25T00:00:00,480,2019-11-25T00:00:00,480,2019-11-18T00:00:00,168,2013-01-07T00:00:00,42,SOI_index
17,bsr,True,2019-11-25T00:00:00,481,2019-11-25T00:00:00,480,2019-11-25T00:00:00,480,2019-11-18T00:00:00,168,2013-01-07T00:00:00,42,tmax_hot_in_planting
17,bsr,True,2019-11-25T00:00:00,481,2019-11-25T00:00:00,480,2019-11-25T00:00:00,480,2019-11-18T00:00:00,168,2013-01-07T00:00:00,42,tmax_very_hot_in_planting
17,bsr,True,2019-11-25T00:00:00,481,2019-11-25T00:00:00,480,2019-11-25T00:00:00,480,2019-11-18T00:00:00,168,2013-01-07T00:00:00,42,tmin_very_cold_in_planting
17,bsr,True,2019-11-25T00:00:00,481,2019-11-25T00:00:00,480,2019-11-25T00:00:00,480,2019-11-18T00:00:00,168,2013-01-07T00:00:00,42,tmin_very_cold_in_harvesting
17,bsr,True,2019-11-25T00:00:00,481,2019-11-25T00:00:00,480,2019-11-25T00:00:00,480,2019-11-18T00:00:00,168,2013-01-07T00:00:00,42,spi_7d_very_wet_in_planting
17,bsr,True,2019-11-25T00:00:00,481,2019-11-25T00:00:00,480,2019-11-25T00:00:00,480,2019-11-18T00:00:00,168,2013-01-07T00:00:00,42,spi_7d_extreme_wet_in_harvesting
17,bsr,True,2019-11-25T00:00:00,481,2019-11-25T00:00:00,480,2019-11-25T00:00:00,480,2019-11-18T00:00:00,168,2013-01-07T00:00:00,42,pdsi_very_wet_in_planting
17,bsr,True,2019-11-25T00:00:00,481,2019-11-25T00:00:00,480,2019-11-25T00:00:00,480,2019-11-18T00:00:00,168,2013-01-07T00:00:00,42,pdsi_extreme_wet_in_planting
17,bsr,True,2019-11-25T00:00:00,481,2019-11-25T00:00:00,480,2019-11-25T00:00:00,480,2019-11-18T00:00:00,168,2013-01-07T00:00:00,42,co2_extreme_in_planting
17,bsr,True,2019-11-25T00:00:00,481,2019-11-25T00:00:00,480,2019-11-25T00:00:00,480,2019-11-18T00:00:00,168,2013-01-07T00:00:00,42,frbsf_sentiment
17,bsr,True,2019-11-25T00:00:00,481,2019-11-25T00:00:00,480,2019-11-25T00:00:00,480,2019-11-18T00:00:00,168,2013-01-07T00:00:00,42,epu_index
17,bsr,True,2019-11-25T00:00:00,481,2019-11-25T00:00:00,480,2019-11-25T00:00:00,480,2019-11-18T00:00:00,168,2013-01-07T00:00:00,42,DJIA_Index
17,bsr,True,2019-12-23T00:00:00,485,2019-12-23T00:00:00,484,2019-12-23T00:00:00,484,2019-12-16T00:00:00,172,2013-02-11T00:00:00,43,soybeans_weekly_rv
17,bsr,True,2019-12-23T00:00:00,485,2019-12-23T00:00:00,484,2019-12-23T00:00:00,484,2019-12-16T00:00:00,172,2013-02-11T00:00:00,43,soybeans_monthly_rv
17,bsr,True,2019-12-23T00:00:00,485,2019-12-23T00:00:00,484,2019-12-23T00:00:00,484,2019-12-16T00:00:00,172,2013-02-11T00:00:00,43,soybeans_seasonal_rv
17,bsr,True,2019-12-23T00:00:00,485,2019-12-23T00:00:00,484,2019-12-23T00:00:00,484,2019-12-16T00:00:00,172,2013-02-11T00:00:00,43,ssta_elino
17,bsr,True,2019-12-23T00:00:00,485,2019-12-23T00:00:00,484,2019-12-23T00:00:00,484,2019-12-16T00:00:00,172,2013-02-11T00:00:00,43,SOI_index
17,bsr,True,2019-12-23T00:00:00,485,2019-12-23T00:00:00,484,2019-12-23T00:00:00,484,2019-12-16T00:00:00,172,2013-02-11T00:00:00,43,tmax_hot_in_planting
17,bsr,True,2019-12-23T00:00:00,485,2019-12-23T00:00:00,484,2019-12-23T00:00:00,484,2019-12-16T00:00:00,172,2013-02-11T00:00:00,43,tmax_very_hot_in_planting
17,bsr,True,2019-12-23T00:00:00,485,2019-12-23T00:00:00,484,2019-12-23T00:00:00,484,2019-12-16T00:00:00,172,2013-02-11T00:00:00,43,tmin_very_cold_in_planting
17,bsr,True,2019-12-23T00:00:00,485,2019-12-23T00:00:00,484,2019-12-23T00:00:00,484,2019-12-16T00:00:00,172,2013-02-11T00:00:00,43,tmin_very_cold_in_harvesting
17,bsr,True,2019-12-23T00:00:00,485,2019-12-23T00:00:00,484,2019-12-23T00:00:00,484,2019-12-16T00:00:00,172,2013-02-11T00:00:00,43,spi_7d_very_wet_in_planting
17,bsr,True,2019-12-23T00:00:00,485,2019-12-23T00:00:00,484,2019-12-23T00:00:00,484,2019-12-16T00:00:00,172,2013-02-11T00:00:00,43,spi_7d_extreme_wet_in_harvesting
17,bsr,True,2019-12-23T00:00:00,485,2019-12-23T00:00:00,484,2019-12-23T00:00:00,484,2019-12-16T00:00:00,172,2013-02-11T00:00:00,43,pdsi_very_wet_in_planting
17,bsr,True,2019-12-23T00:00:00,485,2019-12-23T00:00:00,484,2019-12-23T00:00:00,484,2019-12-16T00:00:00,172,2013-02-11T00:00:00,43,pdsi_extreme_wet_in_planting
17,bsr,True,2019-12-23T00:00:00,485,2019-12-23T00:00:00,484,2019-12-23T00:00:00,484,2019-12-16T00:00:00,172,2013-02-11T00:00:00,43,co2_extreme_in_planting
17,bsr,True,2019-12-23T00:00:00,485,2019-12-23T00:00:00,484,2019-12-23T00:00:00,484,2019-12-16T00:00:00,172,2013-02-11T00:00:00,43,frbsf_sentiment
17,bsr,True,2019-12-23T00:00:00,485,2019-12-23T00:00:00,484,2019-12-23T00:00:00,484,2019-12-16T00:00:00,172,2013-02-11T00:00:00,43,epu_index
17,bsr,True,2019-12-23T00:00:00,485,2019-12-23T00:00:00,484,2019-12-23T00:00:00,484,2019-12-16T00:00:00,172,2013-02-11T00:00:00,43,DJIA_Index
17,bsr,True,2020-01-27T00:00:00,489,2020-01-27T00:00:00,488,2020-01-27T00:00:00,488,2020-01-13T00:00:00,176,2013-03-18T00:00:00,44,soybeans_weekly_rv
17,bsr,True,2020-01-27T00:00:00,489,2020-01-27T00:00:00,488,2020-01-27T00:00:00,488,2020-01-13T00:00:00,176,2013-03-18T00:00:00,44,soybeans_monthly_rv
17,bsr,True,2020-01-27T00:00:00,489,2020-01-27T00:00:00,488,2020-01-27T00:00:00,488,2020-01-13T00:00:00,176,2013-03-18T00:00:00,44,soybeans_seasonal_rv
17,bsr,True,2020-01-27T00:00:00,489,2020-01-27T00:00:00,488,2020-01-27T00:00:00,488,2020-01-13T00:00:00,176,2013-03-18T00:00:00,44,ssta_elino
17,bsr,True,2020-01-27T00:00:00,489,2020-01-27T00:00:00,488,2020-01-27T00:00:00,488,2020-01-13T00:00:00,176,2013-03-18T00:00:00,44,SOI_index
17,bsr,True,2020-01-27T00:00:00,489,2020-01-27T00:00:00,488,2020-01-27T00:00:00,488,2020-01-13T00:00:00,176,2013-03-18T00:00:00,44,tmax_hot_in_planting
17,bsr,True,2020-01-27T00:00:00,489,2020-01-27T00:00:00,488,2020-01-27T00:00:00,488,2020-01-13T00:00:00,176,2013-03-18T00:00:00,44,tmax_very_hot_in_planting
17,bsr,True,2020-01-27T00:00:00,489,2020-01-27T00:00:00,488,2020-01-27T00:00:00,488,2020-01-13T00:00:00,176,2013-03-18T00:00:00,44,tmin_very_cold_in_planting
17,bsr,True,2020-01-27T00:00:00,489,2020-01-27T00:00:00,488,2020-01-27T00:00:00,488,2020-01-13T00:00:00,176,2013-03-18T00:00:00,44,tmin_very_cold_in_harvesting
17,bsr,True,2020-01-27T00:00:00,489,2020-01-27T00:00:00,488,2020-01-27T00:00:00,488,2020-01-13T00:00:00,176,2013-03-18T00:00:00,44,spi_7d_very_wet_in_planting
17,bsr,True,2020-01-27T00:00:00,489,2020-01-27T00:00:00,488,2020-01-27T00:00:00,488,2020-01-13T00:00:00,176,2013-03-18T00:00:00,44,spi_7d_extreme_wet_in_harvesting
17,bsr,True,2020-01-27T00:00:00,489,2020-01-27T00:00:00,488,2020-01-27T00:00:00,488,2020-01-13T00:00:00,176,2013-03-18T00:00:00,44,pdsi_very_wet_in_planting
17,bsr,True,2020-01-27T00:00:00,489,2020-01-27T00:00:00,488,2020-01-27T00:00:00,488,2020-01-13T00:00:00,176,2013-03-18T00:00:00,44,pdsi_extreme_wet_in_planting
17,bsr,True,2020-01-27T00:00:00,489,2020-01-27T00:00:00,488,2020-01-27T00:00:00,488,2020-01-13T00:00:00,176,2013-03-18T00:00:00,44,co2_extreme_in_planting
17,bsr,True,2020-01-27T00:00:00,489,2020-01-27T00:00:00,488,2020-01-27T00:00:00,488,2020-01-13T00:00:00,176,2013-03-18T00:00:00,44,frbsf_sentiment
17,bsr,True,2020-01-27T00:00:00,489,2020-01-27T00:00:00,488,2020-01-27T00:00:00,488,2020-01-13T00:00:00,176,2013-03-18T00:00:00,44,epu_index
17,bsr,True,2020-01-27T00:00:00,489,2020-01-27T00:00:00,488,2020-01-27T00:00:00,488,2020-01-13T00:00:00,176,2013-03-18T00:00:00,44,DJIA_Index
17,bsr,True,2020-03-02T00:00:00,493,2020-03-02T00:00:00,492,2020-03-02T00:00:00,492,2020-02-24T00:00:00,180,2013-04-15T00:00:00,45,soybeans_weekly_rv
17,bsr,True,2020-03-02T00:00:00,493,2020-03-02T00:00:00,492,2020-03-02T00:00:00,492,2020-02-24T00:00:00,180,2013-04-15T00:00:00,45,soybeans_monthly_rv
17,bsr,True,2020-03-02T00:00:00,493,2020-03-02T00:00:00,492,2020-03-02T00:00:00,492,2020-02-24T00:00:00,180,2013-04-15T00:00:00,45,soybeans_seasonal_rv
17,bsr,True,2020-03-02T00:00:00,493,2020-03-02T00:00:00,492,2020-03-02T00:00:00,492,2020-02-24T00:00:00,180,2013-04-15T00:00:00,45,ssta_elino
17,bsr,True,2020-03-02T00:00:00,493,2020-03-02T00:00:00,492,2020-03-02T00:00:00,492,2020-02-24T00:00:00,180,2013-04-15T00:00:00,45,SOI_index
17,bsr,True,2020-03-02T00:00:00,493,2020-03-02T00:00:00,492,2020-03-02T00:00:00,492,2020-02-24T00:00:00,180,2013-04-15T00:00:00,45,tmax_hot_in_planting
17,bsr,True,2020-03-02T00:00:00,493,2020-03-02T00:00:00,492,2020-03-02T00:00:00,492,2020-02-24T00:00:00,180,2013-04-15T00:00:00,45,tmax_very_hot_in_planting
17,bsr,True,2020-03-02T00:00:00,493,2020-03-02T00:00:00,492,2020-03-02T00:00:00,492,2020-02-24T00:00:00,180,2013-04-15T00:00:00,45,tmin_very_cold_in_planting
17,bsr,True,2020-03-02T00:00:00,493,2020-03-02T00:00:00,492,2020-03-02T00:00:00,492,2020-02-24T00:00:00,180,2013-04-15T00:00:00,45,tmin_very_cold_in_harvesting
17,bsr,True,2020-03-02T00:00:00,493,2020-03-02T00:00:00,492,2020-03-02T00:00:00,492,2020-02-24T00:00:00,180,2013-04-15T00:00:00,45,spi_7d_very_wet_in_planting
17,bsr,True,2020-03-02T00:00:00,493,2020-03-02T00:00:00,492,2020-03-02T00:00:00,492,2020-02-24T00:00:00,180,2013-04-15T00:00:00,45,spi_7d_extreme_wet_in_harvesting
17,bsr,True,2020-03-02T00:00:00,493,2020-03-02T00:00:00,492,2020-03-02T00:00:00,492,2020-02-24T00:00:00,180,2013-04-15T00:00:00,45,pdsi_very_wet_in_planting
17,bsr,True,2020-03-02T00:00:00,493,2020-03-02T00:00:00,492,2020-03-02T00:00:00,492,2020-02-24T00:00:00,180,2013-04-15T00:00:00,45,pdsi_extreme_wet_in_planting
17,bsr,True,2020-03-02T00:00:00,493,2020-03-02T00:00:00,492,2020-03-02T00:00:00,492,2020-02-24T00:00:00,180,2013-04-15T00:00:00,45,co2_extreme_in_planting
17,bsr,True,2020-03-02T00:00:00,493,2020-03-02T00:00:00,492,2020-03-02T00:00:00,492,2020-02-24T00:00:00,180,2013-04-15T00:00:00,45,frbsf_sentiment
17,bsr,True,2020-03-02T00:00:00,493,2020-03-02T00:00:00,492,2020-03-02T00:00:00,492,2020-02-24T00:00:00,180,2013-04-15T00:00:00,45,epu_index
17,bsr,True,2020-03-02T00:00:00,493,2020-03-02T00:00:00,492,2020-03-02T00:00:00,492,2020-02-24T00:00:00,180,2013-04-15T00:00:00,45,DJIA_Index
17,bsr,True,2020-03-30T00:00:00,497,2020-03-30T00:00:00,496,2020-03-30T00:00:00,496,2020-03-23T00:00:00,184,2013-05-13T00:00:00,46,soybeans_weekly_rv
17,bsr,True,2020-03-30T00:00:00,497,2020-03-30T00:00:00,496,2020-03-30T00:00:00,496,2020-03-23T00:00:00,184,2013-05-13T00:00:00,46,soybeans_monthly_rv
17,bsr,True,2020-03-30T00:00:00,497,2020-03-30T00:00:00,496,2020-03-30T00:00:00,496,2020-03-23T00:00:00,184,2013-05-13T00:00:00,46,soybeans_seasonal_rv
17,bsr,True,2020-03-30T00:00:00,497,2020-03-30T00:00:00,496,2020-03-30T00:00:00,496,2020-03-23T00:00:00,184,2013-05-13T00:00:00,46,ssta_elino
17,bsr,True,2020-03-30T00:00:00,497,2020-03-30T00:00:00,496,2020-03-30T00:00:00,496,2020-03-23T00:00:00,184,2013-05-13T00:00:00,46,SOI_index
17,bsr,True,2020-03-30T00:00:00,497,2020-03-30T00:00:00,496,2020-03-30T00:00:00,496,2020-03-23T00:00:00,184,2013-05-13T00:00:00,46,tmax_hot_in_planting
17,bsr,True,2020-03-30T00:00:00,497,2020-03-30T00:00:00,496,2020-03-30T00:00:00,496,2020-03-23T00:00:00,184,2013-05-13T00:00:00,46,tmax_very_hot_in_planting
17,bsr,True,2020-03-30T00:00:00,497,2020-03-30T00:00:00,496,2020-03-30T00:00:00,496,2020-03-23T00:00:00,184,2013-05-13T00:00:00,46,tmin_very_cold_in_planting
17,bsr,True,2020-03-30T00:00:00,497,2020-03-30T00:00:00,496,2020-03-30T00:00:00,496,2020-03-23T00:00:00,184,2013-05-13T00:00:00,46,tmin_very_cold_in_harvesting
17,bsr,True,2020-03-30T00:00:00,497,2020-03-30T00:00:00,496,2020-03-30T00:00:00,496,2020-03-23T00:00:00,184,2013-05-13T00:00:00,46,spi_7d_very_wet_in_planting
17,bsr,True,2020-03-30T00:00:00,497,2020-03-30T00:00:00,496,2020-03-30T00:00:00,496,2020-03-23T00:00:00,184,2013-05-13T00:00:00,46,spi_7d_extreme_wet_in_harvesting
17,bsr,True,2020-03-30T00:00:00,497,2020-03-30T00:00:00,496,2020-03-30T00:00:00,496,2020-03-23T00:00:00,184,2013-05-13T00:00:00,46,pdsi_very_wet_in_planting
17,bsr,True,2020-03-30T00:00:00,497,2020-03-30T00:00:00,496,2020-03-30T00:00:00,496,2020-03-23T00:00:00,184,2013-05-13T00:00:00,46,pdsi_extreme_wet_in_planting
17,bsr,True,2020-03-30T00:00:00,497,2020-03-30T00:00:00,496,2020-03-30T00:00:00,496,2020-03-23T00:00:00,184,2013-05-13T00:00:00,46,co2_extreme_in_planting
17,bsr,True,2020-03-30T00:00:00,497,2020-03-30T00:00:00,496,2020-03-30T00:00:00,496,2020-03-23T00:00:00,184,2013-05-13T00:00:00,46,frbsf_sentiment
17,bsr,True,2020-03-30T00:00:00,497,2020-03-30T00:00:00,496,2020-03-30T00:00:00,496,2020-03-23T00:00:00,184,2013-05-13T00:00:00,46,epu_index
17,bsr,True,2020-03-30T00:00:00,497,2020-03-30T00:00:00,496,2020-03-30T00:00:00,496,2020-03-23T00:00:00,184,2013-05-13T00:00:00,46,DJIA_Index
17,bsr,True,2020-04-27T00:00:00,501,2020-04-27T00:00:00,500,2020-04-27T00:00:00,500,2020-04-20T00:00:00,188,2013-06-17T00:00:00,47,soybeans_weekly_rv
17,bsr,True,2020-04-27T00:00:00,501,2020-04-27T00:00:00,500,2020-04-27T00:00:00,500,2020-04-20T00:00:00,188,2013-06-17T00:00:00,47,soybeans_monthly_rv
17,bsr,True,2020-04-27T00:00:00,501,2020-04-27T00:00:00,500,2020-04-27T00:00:00,500,2020-04-20T00:00:00,188,2013-06-17T00:00:00,47,soybeans_seasonal_rv
17,bsr,True,2020-04-27T00:00:00,501,2020-04-27T00:00:00,500,2020-04-27T00:00:00,500,2020-04-20T00:00:00,188,2013-06-17T00:00:00,47,ssta_elino
17,bsr,True,2020-04-27T00:00:00,501,2020-04-27T00:00:00,500,2020-04-27T00:00:00,500,2020-04-20T00:00:00,188,2013-06-17T00:00:00,47,SOI_index
17,bsr,True,2020-04-27T00:00:00,501,2020-04-27T00:00:00,500,2020-04-27T00:00:00,500,2020-04-20T00:00:00,188,2013-06-17T00:00:00,47,tmax_hot_in_planting
17,bsr,True,2020-04-27T00:00:00,501,2020-04-27T00:00:00,500,2020-04-27T00:00:00,500,2020-04-20T00:00:00,188,2013-06-17T00:00:00,47,tmax_very_hot_in_planting
17,bsr,True,2020-04-27T00:00:00,501,2020-04-27T00:00:00,500,2020-04-27T00:00:00,500,2020-04-20T00:00:00,188,2013-06-17T00:00:00,47,tmin_very_cold_in_planting
17,bsr,True,2020-04-27T00:00:00,501,2020-04-27T00:00:00,500,2020-04-27T00:00:00,500,2020-04-20T00:00:00,188,2013-06-17T00:00:00,47,tmin_very_cold_in_harvesting
17,bsr,True,2020-04-27T00:00:00,501,2020-04-27T00:00:00,500,2020-04-27T00:00:00,500,2020-04-20T00:00:00,188,2013-06-17T00:00:00,47,spi_7d_very_wet_in_planting
17,bsr,True,2020-04-27T00:00:00,501,2020-04-27T00:00:00,500,2020-04-27T00:00:00,500,2020-04-20T00:00:00,188,2013-06-17T00:00:00,47,spi_7d_extreme_wet_in_harvesting
17,bsr,True,2020-04-27T00:00:00,501,2020-04-27T00:00:00,500,2020-04-27T00:00:00,500,2020-04-20T00:00:00,188,2013-06-17T00:00:00,47,pdsi_very_wet_in_planting
17,bsr,True,2020-04-27T00:00:00,501,2020-04-27T00:00:00,500,2020-04-27T00:00:00,500,2020-04-20T00:00:00,188,2013-06-17T00:00:00,47,pdsi_extreme_wet_in_planting
17,bsr,True,2020-04-27T00:00:00,501,2020-04-27T00:00:00,500,2020-04-27T00:00:00,500,2020-04-20T00:00:00,188,2013-06-17T00:00:00,47,co2_extreme_in_planting
17,bsr,True,2020-04-27T00:00:00,501,2020-04-27T00:00:00,500,2020-04-27T00:00:00,500,2020-04-20T00:00:00,188,2013-06-17T00:00:00,47,frbsf_sentiment
17,bsr,True,2020-04-27T00:00:00,501,2020-04-27T00:00:00,500,2020-04-27T00:00:00,500,2020-04-20T00:00:00,188,2013-06-17T00:00:00,47,epu_index
17,bsr,True,2020-04-27T00:00:00,501,2020-04-27T00:00:00,500,2020-04-27T00:00:00,500,2020-04-20T00:00:00,188,2013-06-17T00:00:00,47,DJIA_Index
17,bsr,False,2020-06-01T00:00:00,505,2020-06-01T00:00:00,504,2020-06-01T00:00:00,504,2020-05-18T00:00:00,192,2013-07-15T00:00:00,48,soybeans_weekly_rv
17,bsr,False,2020-06-01T00:00:00,505,2020-06-01T00:00:00,504,2020-06-01T00:00:00,504,2020-05-18T00:00:00,192,2013-07-15T00:00:00,48,soybeans_monthly_rv
17,bsr,False,2020-06-01T00:00:00,505,2020-06-01T00:00:00,504,2020-06-01T00:00:00,504,2020-05-18T00:00:00,192,2013-07-15T00:00:00,48,soybeans_seasonal_rv
17,bsr,False,2020-06-01T00:00:00,505,2020-06-01T00:00:00,504,2020-06-01T00:00:00,504,2020-05-18T00:00:00,192,2013-07-15T00:00:00,48,ssta_elino
17,bsr,False,2020-06-01T00:00:00,505,2020-06-01T00:00:00,504,2020-06-01T00:00:00,504,2020-05-18T00:00:00,192,2013-07-15T00:00:00,48,SOI_index
17,bsr,False,2020-06-01T00:00:00,505,2020-06-01T00:00:00,504,2020-06-01T00:00:00,504,2020-05-18T00:00:00,192,2013-07-15T00:00:00,48,tmax_hot_in_planting
17,bsr,False,2020-06-01T00:00:00,505,2020-06-01T00:00:00,504,2020-06-01T00:00:00,504,2020-05-18T00:00:00,192,2013-07-15T00:00:00,48,tmin_very_cold_in_planting
17,bsr,False,2020-06-01T00:00:00,505,2020-06-01T00:00:00,504,2020-06-01T00:00:00,504,2020-05-18T00:00:00,192,2013-07-15T00:00:00,48,tmin_very_cold_in_harvesting
17,bsr,False,2020-06-01T00:00:00,505,2020-06-01T00:00:00,504,2020-06-01T00:00:00,504,2020-05-18T00:00:00,192,2013-07-15T00:00:00,48,spi_7d_extreme_wet_in_planting
17,bsr,False,2020-06-01T00:00:00,505,2020-06-01T00:00:00,504,2020-06-01T00:00:00,504,2020-05-18T00:00:00,192,2013-07-15T00:00:00,48,pdsi_very_wet_in_planting
17,bsr,False,2020-06-01T00:00:00,505,2020-06-01T00:00:00,504,2020-06-01T00:00:00,504,2020-05-18T00:00:00,192,2013-07-15T00:00:00,48,pdsi_extreme_wet_in_planting
17,bsr,False,2020-06-01T00:00:00,505,2020-06-01T00:00:00,504,2020-06-01T00:00:00,504,2020-05-18T00:00:00,192,2013-07-15T00:00:00,48,pdsi_extreme_wet_in_harvesting
17,bsr,False,2020-06-01T00:00:00,505,2020-06-01T00:00:00,504,2020-06-01T00:00:00,504,2020-05-18T00:00:00,192,2013-07-15T00:00:00,48,pdsi_extreme_drought_in_planting
17,bsr,False,2020-06-01T00:00:00,505,2020-06-01T00:00:00,504,2020-06-01T00:00:00,504,2020-05-18T00:00:00,192,2013-07-15T00:00:00,48,pdsi_severe_drought_in_planting
17,bsr,False,2020-06-01T00:00:00,505,2020-06-01T00:00:00,504,2020-06-01T00:00:00,504,2020-05-18T00:00:00,192,2013-07-15T00:00:00,48,frbsf_sentiment
17,bsr,False,2020-06-01T00:00:00,505,2020-06-01T00:00:00,504,2020-06-01T00:00:00,504,2020-05-18T00:00:00,192,2013-07-15T00:00:00,48,epu_index
17,bsr,False,2020-06-01T00:00:00,505,2020-06-01T00:00:00,504,2020-06-01T00:00:00,504,2020-05-18T00:00:00,192,2013-07-15T00:00:00,48,DJIA_Index
17,bsr,True,2020-06-29T00:00:00,509,2020-06-29T00:00:00,508,2020-06-29T00:00:00,508,2020-06-22T00:00:00,196,2013-08-12T00:00:00,49,soybeans_weekly_rv
17,bsr,True,2020-06-29T00:00:00,509,2020-06-29T00:00:00,508,2020-06-29T00:00:00,508,2020-06-22T00:00:00,196,2013-08-12T00:00:00,49,soybeans_monthly_rv
17,bsr,True,2020-06-29T00:00:00,509,2020-06-29T00:00:00,508,2020-06-29T00:00:00,508,2020-06-22T00:00:00,196,2013-08-12T00:00:00,49,soybeans_seasonal_rv
17,bsr,True,2020-06-29T00:00:00,509,2020-06-29T00:00:00,508,2020-06-29T00:00:00,508,2020-06-22T00:00:00,196,2013-08-12T00:00:00,49,ssta_elino
17,bsr,True,2020-06-29T00:00:00,509,2020-06-29T00:00:00,508,2020-06-29T00:00:00,508,2020-06-22T00:00:00,196,2013-08-12T00:00:00,49,SOI_index
17,bsr,True,2020-06-29T00:00:00,509,2020-06-29T00:00:00,508,2020-06-29T00:00:00,508,2020-06-22T00:00:00,196,2013-08-12T00:00:00,49,tmax_hot_in_planting
17,bsr,True,2020-06-29T00:00:00,509,2020-06-29T00:00:00,508,2020-06-29T00:00:00,508,2020-06-22T00:00:00,196,2013-08-12T00:00:00,49,tmin_very_cold_in_planting
17,bsr,True,2020-06-29T00:00:00,509,2020-06-29T00:00:00,508,2020-06-29T00:00:00,508,2020-06-22T00:00:00,196,2013-08-12T00:00:00,49,tmin_very_cold_in_harvesting
17,bsr,True,2020-06-29T00:00:00,509,2020-06-29T00:00:00,508,2020-06-29T00:00:00,508,2020-06-22T00:00:00,196,2013-08-12T00:00:00,49,spi_7d_extreme_wet_in_planting
17,bsr,True,2020-06-29T00:00:00,509,2020-06-29T00:00:00,508,2020-06-29T00:00:00,508,2020-06-22T00:00:00,196,2013-08-12T00:00:00,49,pdsi_very_wet_in_planting
17,bsr,True,2020-06-29T00:00:00,509,2020-06-29T00:00:00,508,2020-06-29T00:00:00,508,2020-06-22T00:00:00,196,2013-08-12T00:00:00,49,pdsi_extreme_wet_in_planting
17,bsr,True,2020-06-29T00:00:00,509,2020-06-29T00:00:00,508,2020-06-29T00:00:00,508,2020-06-22T00:00:00,196,2013-08-12T00:00:00,49,pdsi_extreme_wet_in_harvesting
17,bsr,True,2020-06-29T00:00:00,509,2020-06-29T00:00:00,508,2020-06-29T00:00:00,508,2020-06-22T00:00:00,196,2013-08-12T00:00:00,49,pdsi_extreme_drought_in_planting
17,bsr,True,2020-06-29T00:00:00,509,2020-06-29T00:00:00,508,2020-06-29T00:00:00,508,2020-06-22T00:00:00,196,2013-08-12T00:00:00,49,pdsi_severe_drought_in_planting
17,bsr,True,2020-06-29T00:00:00,509,2020-06-29T00:00:00,508,2020-06-29T00:00:00,508,2020-06-22T00:00:00,196,2013-08-12T00:00:00,49,frbsf_sentiment
17,bsr,True,2020-06-29T00:00:00,509,2020-06-29T00:00:00,508,2020-06-29T00:00:00,508,2020-06-22T00:00:00,196,2013-08-12T00:00:00,49,epu_index
17,bsr,True,2020-06-29T00:00:00,509,2020-06-29T00:00:00,508,2020-06-29T00:00:00,508,2020-06-22T00:00:00,196,2013-08-12T00:00:00,49,DJIA_Index
17,bsr,True,2020-07-27T00:00:00,513,2020-07-27T00:00:00,512,2020-07-27T00:00:00,512,2020-07-20T00:00:00,200,2013-09-16T00:00:00,50,soybeans_weekly_rv
17,bsr,True,2020-07-27T00:00:00,513,2020-07-27T00:00:00,512,2020-07-27T00:00:00,512,2020-07-20T00:00:00,200,2013-09-16T00:00:00,50,soybeans_monthly_rv
17,bsr,True,2020-07-27T00:00:00,513,2020-07-27T00:00:00,512,2020-07-27T00:00:00,512,2020-07-20T00:00:00,200,2013-09-16T00:00:00,50,soybeans_seasonal_rv
17,bsr,True,2020-07-27T00:00:00,513,2020-07-27T00:00:00,512,2020-07-27T00:00:00,512,2020-07-20T00:00:00,200,2013-09-16T00:00:00,50,ssta_elino
17,bsr,True,2020-07-27T00:00:00,513,2020-07-27T00:00:00,512,2020-07-27T00:00:00,512,2020-07-20T00:00:00,200,2013-09-16T00:00:00,50,SOI_index
17,bsr,True,2020-07-27T00:00:00,513,2020-07-27T00:00:00,512,2020-07-27T00:00:00,512,2020-07-20T00:00:00,200,2013-09-16T00:00:00,50,tmax_hot_in_planting
17,bsr,True,2020-07-27T00:00:00,513,2020-07-27T00:00:00,512,2020-07-27T00:00:00,512,2020-07-20T00:00:00,200,2013-09-16T00:00:00,50,tmin_very_cold_in_planting
17,bsr,True,2020-07-27T00:00:00,513,2020-07-27T00:00:00,512,2020-07-27T00:00:00,512,2020-07-20T00:00:00,200,2013-09-16T00:00:00,50,tmin_very_cold_in_harvesting
17,bsr,True,2020-07-27T00:00:00,513,2020-07-27T00:00:00,512,2020-07-27T00:00:00,512,2020-07-20T00:00:00,200,2013-09-16T00:00:00,50,spi_7d_extreme_wet_in_planting
17,bsr,True,2020-07-27T00:00:00,513,2020-07-27T00:00:00,512,2020-07-27T00:00:00,512,2020-07-20T00:00:00,200,2013-09-16T00:00:00,50,pdsi_very_wet_in_planting
17,bsr,True,2020-07-27T00:00:00,513,2020-07-27T00:00:00,512,2020-07-27T00:00:00,512,2020-07-20T00:00:00,200,2013-09-16T00:00:00,50,pdsi_extreme_wet_in_planting
17,bsr,True,2020-07-27T00:00:00,513,2020-07-27T00:00:00,512,2020-07-27T00:00:00,512,2020-07-20T00:00:00,200,2013-09-16T00:00:00,50,pdsi_extreme_wet_in_harvesting
17,bsr,True,2020-07-27T00:00:00,513,2020-07-27T00:00:00,512,2020-07-27T00:00:00,512,2020-07-20T00:00:00,200,2013-09-16T00:00:00,50,pdsi_extreme_drought_in_planting
17,bsr,True,2020-07-27T00:00:00,513,2020-07-27T00:00:00,512,2020-07-27T00:00:00,512,2020-07-20T00:00:00,200,2013-09-16T00:00:00,50,pdsi_severe_drought_in_planting
17,bsr,True,2020-07-27T00:00:00,513,2020-07-27T00:00:00,512,2020-07-27T00:00:00,512,2020-07-20T00:00:00,200,2013-09-16T00:00:00,50,frbsf_sentiment
17,bsr,True,2020-07-27T00:00:00,513,2020-07-27T00:00:00,512,2020-07-27T00:00:00,512,2020-07-20T00:00:00,200,2013-09-16T00:00:00,50,epu_index
17,bsr,True,2020-07-27T00:00:00,513,2020-07-27T00:00:00,512,2020-07-27T00:00:00,512,2020-07-20T00:00:00,200,2013-09-16T00:00:00,50,DJIA_Index
17,bsr,True,2020-08-24T00:00:00,517,2020-08-24T00:00:00,516,2020-08-24T00:00:00,516,2020-08-17T00:00:00,204,2013-10-21T00:00:00,51,soybeans_weekly_rv
17,bsr,True,2020-08-24T00:00:00,517,2020-08-24T00:00:00,516,2020-08-24T00:00:00,516,2020-08-17T00:00:00,204,2013-10-21T00:00:00,51,soybeans_monthly_rv
17,bsr,True,2020-08-24T00:00:00,517,2020-08-24T00:00:00,516,2020-08-24T00:00:00,516,2020-08-17T00:00:00,204,2013-10-21T00:00:00,51,soybeans_seasonal_rv
17,bsr,True,2020-08-24T00:00:00,517,2020-08-24T00:00:00,516,2020-08-24T00:00:00,516,2020-08-17T00:00:00,204,2013-10-21T00:00:00,51,ssta_elino
17,bsr,True,2020-08-24T00:00:00,517,2020-08-24T00:00:00,516,2020-08-24T00:00:00,516,2020-08-17T00:00:00,204,2013-10-21T00:00:00,51,SOI_index
17,bsr,True,2020-08-24T00:00:00,517,2020-08-24T00:00:00,516,2020-08-24T00:00:00,516,2020-08-17T00:00:00,204,2013-10-21T00:00:00,51,tmax_hot_in_planting
17,bsr,True,2020-08-24T00:00:00,517,2020-08-24T00:00:00,516,2020-08-24T00:00:00,516,2020-08-17T00:00:00,204,2013-10-21T00:00:00,51,tmin_very_cold_in_planting
17,bsr,True,2020-08-24T00:00:00,517,2020-08-24T00:00:00,516,2020-08-24T00:00:00,516,2020-08-17T00:00:00,204,2013-10-21T00:00:00,51,tmin_very_cold_in_harvesting
17,bsr,True,2020-08-24T00:00:00,517,2020-08-24T00:00:00,516,2020-08-24T00:00:00,516,2020-08-17T00:00:00,204,2013-10-21T00:00:00,51,spi_7d_extreme_wet_in_planting
17,bsr,True,2020-08-24T00:00:00,517,2020-08-24T00:00:00,516,2020-08-24T00:00:00,516,2020-08-17T00:00:00,204,2013-10-21T00:00:00,51,pdsi_very_wet_in_planting
17,bsr,True,2020-08-24T00:00:00,517,2020-08-24T00:00:00,516,2020-08-24T00:00:00,516,2020-08-17T00:00:00,204,2013-10-21T00:00:00,51,pdsi_extreme_wet_in_planting
17,bsr,True,2020-08-24T00:00:00,517,2020-08-24T00:00:00,516,2020-08-24T00:00:00,516,2020-08-17T00:00:00,204,2013-10-21T00:00:00,51,pdsi_extreme_wet_in_harvesting
17,bsr,True,2020-08-24T00:00:00,517,2020-08-24T00:00:00,516,2020-08-24T00:00:00,516,2020-08-17T00:00:00,204,2013-10-21T00:00:00,51,pdsi_extreme_drought_in_planting
17,bsr,True,2020-08-24T00:00:00,517,2020-08-24T00:00:00,516,2020-08-24T00:00:00,516,2020-08-17T00:00:00,204,2013-10-21T00:00:00,51,pdsi_severe_drought_in_planting
17,bsr,True,2020-08-24T00:00:00,517,2020-08-24T00:00:00,516,2020-08-24T00:00:00,516,2020-08-17T00:00:00,204,2013-10-21T00:00:00,51,frbsf_sentiment
17,bsr,True,2020-08-24T00:00:00,517,2020-08-24T00:00:00,516,2020-08-24T00:00:00,516,2020-08-17T00:00:00,204,2013-10-21T00:00:00,51,epu_index
17,bsr,True,2020-08-24T00:00:00,517,2020-08-24T00:00:00,516,2020-08-24T00:00:00,516,2020-08-17T00:00:00,204,2013-10-21T00:00:00,51,DJIA_Index
17,bsr,True,2020-09-28T00:00:00,521,2020-09-28T00:00:00,520,2020-09-28T00:00:00,520,2020-09-21T00:00:00,208,2013-11-25T00:00:00,52,soybeans_weekly_rv
17,bsr,True,2020-09-28T00:00:00,521,2020-09-28T00:00:00,520,2020-09-28T00:00:00,520,2020-09-21T00:00:00,208,2013-11-25T00:00:00,52,soybeans_monthly_rv
17,bsr,True,2020-09-28T00:00:00,521,2020-09-28T00:00:00,520,2020-09-28T00:00:00,520,2020-09-21T00:00:00,208,2013-11-25T00:00:00,52,soybeans_seasonal_rv
17,bsr,True,2020-09-28T00:00:00,521,2020-09-28T00:00:00,520,2020-09-28T00:00:00,520,2020-09-21T00:00:00,208,2013-11-25T00:00:00,52,ssta_elino
17,bsr,True,2020-09-28T00:00:00,521,2020-09-28T00:00:00,520,2020-09-28T00:00:00,520,2020-09-21T00:00:00,208,2013-11-25T00:00:00,52,SOI_index
17,bsr,True,2020-09-28T00:00:00,521,2020-09-28T00:00:00,520,2020-09-28T00:00:00,520,2020-09-21T00:00:00,208,2013-11-25T00:00:00,52,tmax_hot_in_planting
17,bsr,True,2020-09-28T00:00:00,521,2020-09-28T00:00:00,520,2020-09-28T00:00:00,520,2020-09-21T00:00:00,208,2013-11-25T00:00:00,52,tmin_very_cold_in_planting
17,bsr,True,2020-09-28T00:00:00,521,2020-09-28T00:00:00,520,2020-09-28T00:00:00,520,2020-09-21T00:00:00,208,2013-11-25T00:00:00,52,tmin_very_cold_in_harvesting
17,bsr,True,2020-09-28T00:00:00,521,2020-09-28T00:00:00,520,2020-09-28T00:00:00,520,2020-09-21T00:00:00,208,2013-11-25T00:00:00,52,spi_7d_extreme_wet_in_planting
17,bsr,True,2020-09-28T00:00:00,521,2020-09-28T00:00:00,520,2020-09-28T00:00:00,520,2020-09-21T00:00:00,208,2013-11-25T00:00:00,52,pdsi_very_wet_in_planting
17,bsr,True,2020-09-28T00:00:00,521,2020-09-28T00:00:00,520,2020-09-28T00:00:00,520,2020-09-21T00:00:00,208,2013-11-25T00:00:00,52,pdsi_extreme_wet_in_planting
17,bsr,True,2020-09-28T00:00:00,521,2020-09-28T00:00:00,520,2020-09-28T00:00:00,520,2020-09-21T00:00:00,208,2013-11-25T00:00:00,52,pdsi_extreme_wet_in_harvesting
17,bsr,True,2020-09-28T00:00:00,521,2020-09-28T00:00:00,520,2020-09-28T00:00:00,520,2020-09-21T00:00:00,208,2013-11-25T00:00:00,52,pdsi_extreme_drought_in_planting
17,bsr,True,2020-09-28T00:00:00,521,2020-09-28T00:00:00,520,2020-09-28T00:00:00,520,2020-09-21T00:00:00,208,2013-11-25T00:00:00,52,pdsi_severe_drought_in_planting
17,bsr,True,2020-09-28T00:00:00,521,2020-09-28T00:00:00,520,2020-09-28T00:00:00,520,2020-09-21T00:00:00,208,2013-11-25T00:00:00,52,frbsf_sentiment
17,bsr,True,2020-09-28T00:00:00,521,2020-09-28T00:00:00,520,2020-09-28T00:00:00,520,2020-09-21T00:00:00,208,2013-11-25T00:00:00,52,epu_index
17,bsr,True,2020-09-28T00:00:00,521,2020-09-28T00:00:00,520,2020-09-28T00:00:00,520,2020-09-21T00:00:00,208,2013-11-25T00:00:00,52,DJIA_Index
17,bsr,True,2020-11-02T00:00:00,525,2020-11-02T00:00:00,524,2020-11-02T00:00:00,524,2020-10-26T00:00:00,212,2013-12-23T00:00:00,53,soybeans_weekly_rv
17,bsr,True,2020-11-02T00:00:00,525,2020-11-02T00:00:00,524,2020-11-02T00:00:00,524,2020-10-26T00:00:00,212,2013-12-23T00:00:00,53,soybeans_monthly_rv
17,bsr,True,2020-11-02T00:00:00,525,2020-11-02T00:00:00,524,2020-11-02T00:00:00,524,2020-10-26T00:00:00,212,2013-12-23T00:00:00,53,soybeans_seasonal_rv
17,bsr,True,2020-11-02T00:00:00,525,2020-11-02T00:00:00,524,2020-11-02T00:00:00,524,2020-10-26T00:00:00,212,2013-12-23T00:00:00,53,ssta_elino
17,bsr,True,2020-11-02T00:00:00,525,2020-11-02T00:00:00,524,2020-11-02T00:00:00,524,2020-10-26T00:00:00,212,2013-12-23T00:00:00,53,SOI_index
17,bsr,True,2020-11-02T00:00:00,525,2020-11-02T00:00:00,524,2020-11-02T00:00:00,524,2020-10-26T00:00:00,212,2013-12-23T00:00:00,53,tmax_hot_in_planting
17,bsr,True,2020-11-02T00:00:00,525,2020-11-02T00:00:00,524,2020-11-02T00:00:00,524,2020-10-26T00:00:00,212,2013-12-23T00:00:00,53,tmin_very_cold_in_planting
17,bsr,True,2020-11-02T00:00:00,525,2020-11-02T00:00:00,524,2020-11-02T00:00:00,524,2020-10-26T00:00:00,212,2013-12-23T00:00:00,53,tmin_very_cold_in_harvesting
17,bsr,True,2020-11-02T00:00:00,525,2020-11-02T00:00:00,524,2020-11-02T00:00:00,524,2020-10-26T00:00:00,212,2013-12-23T00:00:00,53,spi_7d_extreme_wet_in_planting
17,bsr,True,2020-11-02T00:00:00,525,2020-11-02T00:00:00,524,2020-11-02T00:00:00,524,2020-10-26T00:00:00,212,2013-12-23T00:00:00,53,pdsi_very_wet_in_planting
17,bsr,True,2020-11-02T00:00:00,525,2020-11-02T00:00:00,524,2020-11-02T00:00:00,524,2020-10-26T00:00:00,212,2013-12-23T00:00:00,53,pdsi_extreme_wet_in_planting
17,bsr,True,2020-11-02T00:00:00,525,2020-11-02T00:00:00,524,2020-11-02T00:00:00,524,2020-10-26T00:00:00,212,2013-12-23T00:00:00,53,pdsi_extreme_wet_in_harvesting
17,bsr,True,2020-11-02T00:00:00,525,2020-11-02T00:00:00,524,2020-11-02T00:00:00,524,2020-10-26T00:00:00,212,2013-12-23T00:00:00,53,pdsi_extreme_drought_in_planting
17,bsr,True,2020-11-02T00:00:00,525,2020-11-02T00:00:00,524,2020-11-02T00:00:00,524,2020-10-26T00:00:00,212,2013-12-23T00:00:00,53,pdsi_severe_drought_in_planting
17,bsr,True,2020-11-02T00:00:00,525,2020-11-02T00:00:00,524,2020-11-02T00:00:00,524,2020-10-26T00:00:00,212,2013-12-23T00:00:00,53,frbsf_sentiment
17,bsr,True,2020-11-02T00:00:00,525,2020-11-02T00:00:00,524,2020-11-02T00:00:00,524,2020-10-26T00:00:00,212,2013-12-23T00:00:00,53,epu_index
17,bsr,True,2020-11-02T00:00:00,525,2020-11-02T00:00:00,524,2020-11-02T00:00:00,524,2020-10-26T00:00:00,212,2013-12-23T00:00:00,53,DJIA_Index
17,bsr,True,2020-11-30T00:00:00,529,2020-11-30T00:00:00,528,2020-11-30T00:00:00,528,2020-11-23T00:00:00,216,2014-01-27T00:00:00,54,soybeans_weekly_rv
17,bsr,True,2020-11-30T00:00:00,529,2020-11-30T00:00:00,528,2020-11-30T00:00:00,528,2020-11-23T00:00:00,216,2014-01-27T00:00:00,54,soybeans_monthly_rv
17,bsr,True,2020-11-30T00:00:00,529,2020-11-30T00:00:00,528,2020-11-30T00:00:00,528,2020-11-23T00:00:00,216,2014-01-27T00:00:00,54,soybeans_seasonal_rv
17,bsr,True,2020-11-30T00:00:00,529,2020-11-30T00:00:00,528,2020-11-30T00:00:00,528,2020-11-23T00:00:00,216,2014-01-27T00:00:00,54,ssta_elino
17,bsr,True,2020-11-30T00:00:00,529,2020-11-30T00:00:00,528,2020-11-30T00:00:00,528,2020-11-23T00:00:00,216,2014-01-27T00:00:00,54,SOI_index
17,bsr,True,2020-11-30T00:00:00,529,2020-11-30T00:00:00,528,2020-11-30T00:00:00,528,2020-11-23T00:00:00,216,2014-01-27T00:00:00,54,tmax_hot_in_planting
17,bsr,True,2020-11-30T00:00:00,529,2020-11-30T00:00:00,528,2020-11-30T00:00:00,528,2020-11-23T00:00:00,216,2014-01-27T00:00:00,54,tmin_very_cold_in_planting
17,bsr,True,2020-11-30T00:00:00,529,2020-11-30T00:00:00,528,2020-11-30T00:00:00,528,2020-11-23T00:00:00,216,2014-01-27T00:00:00,54,tmin_very_cold_in_harvesting
17,bsr,True,2020-11-30T00:00:00,529,2020-11-30T00:00:00,528,2020-11-30T00:00:00,528,2020-11-23T00:00:00,216,2014-01-27T00:00:00,54,spi_7d_extreme_wet_in_planting
17,bsr,True,2020-11-30T00:00:00,529,2020-11-30T00:00:00,528,2020-11-30T00:00:00,528,2020-11-23T00:00:00,216,2014-01-27T00:00:00,54,pdsi_very_wet_in_planting
17,bsr,True,2020-11-30T00:00:00,529,2020-11-30T00:00:00,528,2020-11-30T00:00:00,528,2020-11-23T00:00:00,216,2014-01-27T00:00:00,54,pdsi_extreme_wet_in_planting
17,bsr,True,2020-11-30T00:00:00,529,2020-11-30T00:00:00,528,2020-11-30T00:00:00,528,2020-11-23T00:00:00,216,2014-01-27T00:00:00,54,pdsi_extreme_wet_in_harvesting
17,bsr,True,2020-11-30T00:00:00,529,2020-11-30T00:00:00,528,2020-11-30T00:00:00,528,2020-11-23T00:00:00,216,2014-01-27T00:00:00,54,pdsi_extreme_drought_in_planting
17,bsr,True,2020-11-30T00:00:00,529,2020-11-30T00:00:00,528,2020-11-30T00:00:00,528,2020-11-23T00:00:00,216,2014-01-27T00:00:00,54,pdsi_severe_drought_in_planting
17,bsr,True,2020-11-30T00:00:00,529,2020-11-30T00:00:00,528,2020-11-30T00:00:00,528,2020-11-23T00:00:00,216,2014-01-27T00:00:00,54,frbsf_sentiment
17,bsr,True,2020-11-30T00:00:00,529,2020-11-30T00:00:00,528,2020-11-30T00:00:00,528,2020-11-23T00:00:00,216,2014-01-27T00:00:00,54,epu_index
17,bsr,True,2020-11-30T00:00:00,529,2020-11-30T00:00:00,528,2020-11-30T00:00:00,528,2020-11-23T00:00:00,216,2014-01-27T00:00:00,54,DJIA_Index
17,bsr,True,2020-12-28T00:00:00,533,2020-12-28T00:00:00,532,2020-12-28T00:00:00,532,2020-12-21T00:00:00,220,2014-03-10T00:00:00,55,soybeans_weekly_rv
17,bsr,True,2020-12-28T00:00:00,533,2020-12-28T00:00:00,532,2020-12-28T00:00:00,532,2020-12-21T00:00:00,220,2014-03-10T00:00:00,55,soybeans_monthly_rv
17,bsr,True,2020-12-28T00:00:00,533,2020-12-28T00:00:00,532,2020-12-28T00:00:00,532,2020-12-21T00:00:00,220,2014-03-10T00:00:00,55,soybeans_seasonal_rv
17,bsr,True,2020-12-28T00:00:00,533,2020-12-28T00:00:00,532,2020-12-28T00:00:00,532,2020-12-21T00:00:00,220,2014-03-10T00:00:00,55,ssta_elino
17,bsr,True,2020-12-28T00:00:00,533,2020-12-28T00:00:00,532,2020-12-28T00:00:00,532,2020-12-21T00:00:00,220,2014-03-10T00:00:00,55,SOI_index
17,bsr,True,2020-12-28T00:00:00,533,2020-12-28T00:00:00,532,2020-12-28T00:00:00,532,2020-12-21T00:00:00,220,2014-03-10T00:00:00,55,tmax_hot_in_planting
17,bsr,True,2020-12-28T00:00:00,533,2020-12-28T00:00:00,532,2020-12-28T00:00:00,532,2020-12-21T00:00:00,220,2014-03-10T00:00:00,55,tmin_very_cold_in_planting
17,bsr,True,2020-12-28T00:00:00,533,2020-12-28T00:00:00,532,2020-12-28T00:00:00,532,2020-12-21T00:00:00,220,2014-03-10T00:00:00,55,tmin_very_cold_in_harvesting
17,bsr,True,2020-12-28T00:00:00,533,2020-12-28T00:00:00,532,2020-12-28T00:00:00,532,2020-12-21T00:00:00,220,2014-03-10T00:00:00,55,spi_7d_extreme_wet_in_planting
17,bsr,True,2020-12-28T00:00:00,533,2020-12-28T00:00:00,532,2020-12-28T00:00:00,532,2020-12-21T00:00:00,220,2014-03-10T00:00:00,55,pdsi_very_wet_in_planting
17,bsr,True,2020-12-28T00:00:00,533,2020-12-28T00:00:00,532,2020-12-28T00:00:00,532,2020-12-21T00:00:00,220,2014-03-10T00:00:00,55,pdsi_extreme_wet_in_planting
17,bsr,True,2020-12-28T00:00:00,533,2020-12-28T00:00:00,532,2020-12-28T00:00:00,532,2020-12-21T00:00:00,220,2014-03-10T00:00:00,55,pdsi_extreme_wet_in_harvesting
17,bsr,True,2020-12-28T00:00:00,533,2020-12-28T00:00:00,532,2020-12-28T00:00:00,532,2020-12-21T00:00:00,220,2014-03-10T00:00:00,55,pdsi_extreme_drought_in_planting
17,bsr,True,2020-12-28T00:00:00,533,2020-12-28T00:00:00,532,2020-12-28T00:00:00,532,2020-12-21T00:00:00,220,2014-03-10T00:00:00,55,pdsi_severe_drought_in_planting
17,bsr,True,2020-12-28T00:00:00,533,2020-12-28T00:00:00,532,2020-12-28T00:00:00,532,2020-12-21T00:00:00,220,2014-03-10T00:00:00,55,frbsf_sentiment
17,bsr,True,2020-12-28T00:00:00,533,2020-12-28T00:00:00,532,2020-12-28T00:00:00,532,2020-12-21T00:00:00,220,2014-03-10T00:00:00,55,epu_index
17,bsr,True,2020-12-28T00:00:00,533,2020-12-28T00:00:00,532,2020-12-28T00:00:00,532,2020-12-21T00:00:00,220,2014-03-10T00:00:00,55,DJIA_Index
17,bsr,False,2021-02-01T00:00:00,537,2021-02-01T00:00:00,536,2021-02-01T00:00:00,536,2021-01-25T00:00:00,224,2014-04-14T00:00:00,56,soybeans_weekly_rv
17,bsr,False,2021-02-01T00:00:00,537,2021-02-01T00:00:00,536,2021-02-01T00:00:00,536,2021-01-25T00:00:00,224,2014-04-14T00:00:00,56,soybeans_monthly_rv
17,bsr,False,2021-02-01T00:00:00,537,2021-02-01T00:00:00,536,2021-02-01T00:00:00,536,2021-01-25T00:00:00,224,2014-04-14T00:00:00,56,soybeans_seasonal_rv
17,bsr,False,2021-02-01T00:00:00,537,2021-02-01T00:00:00,536,2021-02-01T00:00:00,536,2021-01-25T00:00:00,224,2014-04-14T00:00:00,56,ssta_lanina
17,bsr,False,2021-02-01T00:00:00,537,2021-02-01T00:00:00,536,2021-02-01T00:00:00,536,2021-01-25T00:00:00,224,2014-04-14T00:00:00,56,SOI_index
17,bsr,False,2021-02-01T00:00:00,537,2021-02-01T00:00:00,536,2021-02-01T00:00:00,536,2021-01-25T00:00:00,224,2014-04-14T00:00:00,56,tmax_hot_in_planting
17,bsr,False,2021-02-01T00:00:00,537,2021-02-01T00:00:00,536,2021-02-01T00:00:00,536,2021-01-25T00:00:00,224,2014-04-14T00:00:00,56,tmin_very_cold_in_planting
17,bsr,False,2021-02-01T00:00:00,537,2021-02-01T00:00:00,536,2021-02-01T00:00:00,536,2021-01-25T00:00:00,224,2014-04-14T00:00:00,56,tmin_very_cold_in_harvesting
17,bsr,False,2021-02-01T00:00:00,537,2021-02-01T00:00:00,536,2021-02-01T00:00:00,536,2021-01-25T00:00:00,224,2014-04-14T00:00:00,56,spi_7d_extreme_wet_in_planting
17,bsr,False,2021-02-01T00:00:00,537,2021-02-01T00:00:00,536,2021-02-01T00:00:00,536,2021-01-25T00:00:00,224,2014-04-14T00:00:00,56,pdsi_very_wet_in_planting
17,bsr,False,2021-02-01T00:00:00,537,2021-02-01T00:00:00,536,2021-02-01T00:00:00,536,2021-01-25T00:00:00,224,2014-04-14T00:00:00,56,pdsi_extreme_wet_in_planting
17,bsr,False,2021-02-01T00:00:00,537,2021-02-01T00:00:00,536,2021-02-01T00:00:00,536,2021-01-25T00:00:00,224,2014-04-14T00:00:00,56,pdsi_extreme_wet_in_harvesting
17,bsr,False,2021-02-01T00:00:00,537,2021-02-01T00:00:00,536,2021-02-01T00:00:00,536,2021-01-25T00:00:00,224,2014-04-14T00:00:00,56,co2_extreme_in_planting
17,bsr,False,2021-02-01T00:00:00,537,2021-02-01T00:00:00,536,2021-02-01T00:00:00,536,2021-01-25T00:00:00,224,2014-04-14T00:00:00,56,frbsf_sentiment
17,bsr,False,2021-02-01T00:00:00,537,2021-02-01T00:00:00,536,2021-02-01T00:00:00,536,2021-01-25T00:00:00,224,2014-04-14T00:00:00,56,epu_index
17,bsr,False,2021-02-01T00:00:00,537,2021-02-01T00:00:00,536,2021-02-01T00:00:00,536,2021-01-25T00:00:00,224,2014-04-14T00:00:00,56,DJIA_Index
17,bsr,False,2021-02-01T00:00:00,537,2021-02-01T00:00:00,536,2021-02-01T00:00:00,536,2021-01-25T00:00:00,224,2014-04-14T00:00:00,56,WTI_Index
17,bsr,True,2021-03-08T00:00:00,541,2021-03-08T00:00:00,540,2021-03-08T00:00:00,540,2021-03-01T00:00:00,228,2014-05-12T00:00:00,57,soybeans_weekly_rv
17,bsr,True,2021-03-08T00:00:00,541,2021-03-08T00:00:00,540,2021-03-08T00:00:00,540,2021-03-01T00:00:00,228,2014-05-12T00:00:00,57,soybeans_monthly_rv
17,bsr,True,2021-03-08T00:00:00,541,2021-03-08T00:00:00,540,2021-03-08T00:00:00,540,2021-03-01T00:00:00,228,2014-05-12T00:00:00,57,soybeans_seasonal_rv
17,bsr,True,2021-03-08T00:00:00,541,2021-03-08T00:00:00,540,2021-03-08T00:00:00,540,2021-03-01T00:00:00,228,2014-05-12T00:00:00,57,ssta_lanina
17,bsr,True,2021-03-08T00:00:00,541,2021-03-08T00:00:00,540,2021-03-08T00:00:00,540,2021-03-01T00:00:00,228,2014-05-12T00:00:00,57,SOI_index
17,bsr,True,2021-03-08T00:00:00,541,2021-03-08T00:00:00,540,2021-03-08T00:00:00,540,2021-03-01T00:00:00,228,2014-05-12T00:00:00,57,tmax_hot_in_planting
17,bsr,True,2021-03-08T00:00:00,541,2021-03-08T00:00:00,540,2021-03-08T00:00:00,540,2021-03-01T00:00:00,228,2014-05-12T00:00:00,57,tmin_very_cold_in_planting
17,bsr,True,2021-03-08T00:00:00,541,2021-03-08T00:00:00,540,2021-03-08T00:00:00,540,2021-03-01T00:00:00,228,2014-05-12T00:00:00,57,tmin_very_cold_in_harvesting
17,bsr,True,2021-03-08T00:00:00,541,2021-03-08T00:00:00,540,2021-03-08T00:00:00,540,2021-03-01T00:00:00,228,2014-05-12T00:00:00,57,spi_7d_extreme_wet_in_planting
17,bsr,True,2021-03-08T00:00:00,541,2021-03-08T00:00:00,540,2021-03-08T00:00:00,540,2021-03-01T00:00:00,228,2014-05-12T00:00:00,57,pdsi_very_wet_in_planting
17,bsr,True,2021-03-08T00:00:00,541,2021-03-08T00:00:00,540,2021-03-08T00:00:00,540,2021-03-01T00:00:00,228,2014-05-12T00:00:00,57,pdsi_extreme_wet_in_planting
17,bsr,True,2021-03-08T00:00:00,541,2021-03-08T00:00:00,540,2021-03-08T00:00:00,540,2021-03-01T00:00:00,228,2014-05-12T00:00:00,57,pdsi_extreme_wet_in_harvesting
17,bsr,True,2021-03-08T00:00:00,541,2021-03-08T00:00:00,540,2021-03-08T00:00:00,540,2021-03-01T00:00:00,228,2014-05-12T00:00:00,57,co2_extreme_in_planting
17,bsr,True,2021-03-08T00:00:00,541,2021-03-08T00:00:00,540,2021-03-08T00:00:00,540,2021-03-01T00:00:00,228,2014-05-12T00:00:00,57,frbsf_sentiment
17,bsr,True,2021-03-08T00:00:00,541,2021-03-08T00:00:00,540,2021-03-08T00:00:00,540,2021-03-01T00:00:00,228,2014-05-12T00:00:00,57,epu_index
17,bsr,True,2021-03-08T00:00:00,541,2021-03-08T00:00:00,540,2021-03-08T00:00:00,540,2021-03-01T00:00:00,228,2014-05-12T00:00:00,57,DJIA_Index
17,bsr,True,2021-03-08T00:00:00,541,2021-03-08T00:00:00,540,2021-03-08T00:00:00,540,2021-03-01T00:00:00,228,2014-05-12T00:00:00,57,WTI_Index
17,bsr,True,2021-04-05T00:00:00,545,2021-04-05T00:00:00,544,2021-04-05T00:00:00,544,2021-03-29T00:00:00,232,2014-06-16T00:00:00,58,soybeans_weekly_rv
17,bsr,True,2021-04-05T00:00:00,545,2021-04-05T00:00:00,544,2021-04-05T00:00:00,544,2021-03-29T00:00:00,232,2014-06-16T00:00:00,58,soybeans_monthly_rv
17,bsr,True,2021-04-05T00:00:00,545,2021-04-05T00:00:00,544,2021-04-05T00:00:00,544,2021-03-29T00:00:00,232,2014-06-16T00:00:00,58,soybeans_seasonal_rv
17,bsr,True,2021-04-05T00:00:00,545,2021-04-05T00:00:00,544,2021-04-05T00:00:00,544,2021-03-29T00:00:00,232,2014-06-16T00:00:00,58,ssta_lanina
17,bsr,True,2021-04-05T00:00:00,545,2021-04-05T00:00:00,544,2021-04-05T00:00:00,544,2021-03-29T00:00:00,232,2014-06-16T00:00:00,58,SOI_index
17,bsr,True,2021-04-05T00:00:00,545,2021-04-05T00:00:00,544,2021-04-05T00:00:00,544,2021-03-29T00:00:00,232,2014-06-16T00:00:00,58,tmax_hot_in_planting
17,bsr,True,2021-04-05T00:00:00,545,2021-04-05T00:00:00,544,2021-04-05T00:00:00,544,2021-03-29T00:00:00,232,2014-06-16T00:00:00,58,tmin_very_cold_in_planting
17,bsr,True,2021-04-05T00:00:00,545,2021-04-05T00:00:00,544,2021-04-05T00:00:00,544,2021-03-29T00:00:00,232,2014-06-16T00:00:00,58,tmin_very_cold_in_harvesting
17,bsr,True,2021-04-05T00:00:00,545,2021-04-05T00:00:00,544,2021-04-05T00:00:00,544,2021-03-29T00:00:00,232,2014-06-16T00:00:00,58,spi_7d_extreme_wet_in_planting
17,bsr,True,2021-04-05T00:00:00,545,2021-04-05T00:00:00,544,2021-04-05T00:00:00,544,2021-03-29T00:00:00,232,2014-06-16T00:00:00,58,pdsi_very_wet_in_planting
17,bsr,True,2021-04-05T00:00:00,545,2021-04-05T00:00:00,544,2021-04-05T00:00:00,544,2021-03-29T00:00:00,232,2014-06-16T00:00:00,58,pdsi_extreme_wet_in_planting
17,bsr,True,2021-04-05T00:00:00,545,2021-04-05T00:00:00,544,2021-04-05T00:00:00,544,2021-03-29T00:00:00,232,2014-06-16T00:00:00,58,pdsi_extreme_wet_in_harvesting
17,bsr,True,2021-04-05T00:00:00,545,2021-04-05T00:00:00,544,2021-04-05T00:00:00,544,2021-03-29T00:00:00,232,2014-06-16T00:00:00,58,co2_extreme_in_planting
17,bsr,True,2021-04-05T00:00:00,545,2021-04-05T00:00:00,544,2021-04-05T00:00:00,544,2021-03-29T00:00:00,232,2014-06-16T00:00:00,58,frbsf_sentiment
17,bsr,True,2021-04-05T00:00:00,545,2021-04-05T00:00:00,544,2021-04-05T00:00:00,544,2021-03-29T00:00:00,232,2014-06-16T00:00:00,58,epu_index
17,bsr,True,2021-04-05T00:00:00,545,2021-04-05T00:00:00,544,2021-04-05T00:00:00,544,2021-03-29T00:00:00,232,2014-06-16T00:00:00,58,DJIA_Index
17,bsr,True,2021-04-05T00:00:00,545,2021-04-05T00:00:00,544,2021-04-05T00:00:00,544,2021-03-29T00:00:00,232,2014-06-16T00:00:00,58,WTI_Index
17,bsr,True,2021-05-03T00:00:00,549,2021-05-03T00:00:00,548,2021-05-03T00:00:00,548,2021-04-26T00:00:00,236,2014-07-14T00:00:00,59,soybeans_weekly_rv
17,bsr,True,2021-05-03T00:00:00,549,2021-05-03T00:00:00,548,2021-05-03T00:00:00,548,2021-04-26T00:00:00,236,2014-07-14T00:00:00,59,soybeans_monthly_rv
17,bsr,True,2021-05-03T00:00:00,549,2021-05-03T00:00:00,548,2021-05-03T00:00:00,548,2021-04-26T00:00:00,236,2014-07-14T00:00:00,59,soybeans_seasonal_rv
17,bsr,True,2021-05-03T00:00:00,549,2021-05-03T00:00:00,548,2021-05-03T00:00:00,548,2021-04-26T00:00:00,236,2014-07-14T00:00:00,59,ssta_lanina
17,bsr,True,2021-05-03T00:00:00,549,2021-05-03T00:00:00,548,2021-05-03T00:00:00,548,2021-04-26T00:00:00,236,2014-07-14T00:00:00,59,SOI_index
17,bsr,True,2021-05-03T00:00:00,549,2021-05-03T00:00:00,548,2021-05-03T00:00:00,548,2021-04-26T00:00:00,236,2014-07-14T00:00:00,59,tmax_hot_in_planting
17,bsr,True,2021-05-03T00:00:00,549,2021-05-03T00:00:00,548,2021-05-03T00:00:00,548,2021-04-26T00:00:00,236,2014-07-14T00:00:00,59,tmin_very_cold_in_planting
17,bsr,True,2021-05-03T00:00:00,549,2021-05-03T00:00:00,548,2021-05-03T00:00:00,548,2021-04-26T00:00:00,236,2014-07-14T00:00:00,59,tmin_very_cold_in_harvesting
17,bsr,True,2021-05-03T00:00:00,549,2021-05-03T00:00:00,548,2021-05-03T00:00:00,548,2021-04-26T00:00:00,236,2014-07-14T00:00:00,59,spi_7d_extreme_wet_in_planting
17,bsr,True,2021-05-03T00:00:00,549,2021-05-03T00:00:00,548,2021-05-03T00:00:00,548,2021-04-26T00:00:00,236,2014-07-14T00:00:00,59,pdsi_very_wet_in_planting
17,bsr,True,2021-05-03T00:00:00,549,2021-05-03T00:00:00,548,2021-05-03T00:00:00,548,2021-04-26T00:00:00,236,2014-07-14T00:00:00,59,pdsi_extreme_wet_in_planting
17,bsr,True,2021-05-03T00:00:00,549,2021-05-03T00:00:00,548,2021-05-03T00:00:00,548,2021-04-26T00:00:00,236,2014-07-14T00:00:00,59,pdsi_extreme_wet_in_harvesting
17,bsr,True,2021-05-03T00:00:00,549,2021-05-03T00:00:00,548,2021-05-03T00:00:00,548,2021-04-26T00:00:00,236,2014-07-14T00:00:00,59,co2_extreme_in_planting
17,bsr,True,2021-05-03T00:00:00,549,2021-05-03T00:00:00,548,2021-05-03T00:00:00,548,2021-04-26T00:00:00,236,2014-07-14T00:00:00,59,frbsf_sentiment
17,bsr,True,2021-05-03T00:00:00,549,2021-05-03T00:00:00,548,2021-05-03T00:00:00,548,2021-04-26T00:00:00,236,2014-07-14T00:00:00,59,epu_index
17,bsr,True,2021-05-03T00:00:00,549,2021-05-03T00:00:00,548,2021-05-03T00:00:00,548,2021-04-26T00:00:00,236,2014-07-14T00:00:00,59,DJIA_Index
17,bsr,True,2021-05-03T00:00:00,549,2021-05-03T00:00:00,548,2021-05-03T00:00:00,548,2021-04-26T00:00:00,236,2014-07-14T00:00:00,59,WTI_Index
17,bsr,True,2021-06-07T00:00:00,553,2021-06-07T00:00:00,552,2021-06-07T00:00:00,552,2021-05-24T00:00:00,240,2014-08-11T00:00:00,60,soybeans_weekly_rv
17,bsr,True,2021-06-07T00:00:00,553,2021-06-07T00:00:00,552,2021-06-07T00:00:00,552,2021-05-24T00:00:00,240,2014-08-11T00:00:00,60,soybeans_monthly_rv
17,bsr,True,2021-06-07T00:00:00,553,2021-06-07T00:00:00,552,2021-06-07T00:00:00,552,2021-05-24T00:00:00,240,2014-08-11T00:00:00,60,soybeans_seasonal_rv
17,bsr,True,2021-06-07T00:00:00,553,2021-06-07T00:00:00,552,2021-06-07T00:00:00,552,2021-05-24T00:00:00,240,2014-08-11T00:00:00,60,ssta_lanina
17,bsr,True,2021-06-07T00:00:00,553,2021-06-07T00:00:00,552,2021-06-07T00:00:00,552,2021-05-24T00:00:00,240,2014-08-11T00:00:00,60,SOI_index
17,bsr,True,2021-06-07T00:00:00,553,2021-06-07T00:00:00,552,2021-06-07T00:00:00,552,2021-05-24T00:00:00,240,2014-08-11T00:00:00,60,tmax_hot_in_planting
17,bsr,True,2021-06-07T00:00:00,553,2021-06-07T00:00:00,552,2021-06-07T00:00:00,552,2021-05-24T00:00:00,240,2014-08-11T00:00:00,60,tmin_very_cold_in_planting
17,bsr,True,2021-06-07T00:00:00,553,2021-06-07T00:00:00,552,2021-06-07T00:00:00,552,2021-05-24T00:00:00,240,2014-08-11T00:00:00,60,tmin_very_cold_in_harvesting
17,bsr,True,2021-06-07T00:00:00,553,2021-06-07T00:00:00,552,2021-06-07T00:00:00,552,2021-05-24T00:00:00,240,2014-08-11T00:00:00,60,spi_7d_extreme_wet_in_planting
17,bsr,True,2021-06-07T00:00:00,553,2021-06-07T00:00:00,552,2021-06-07T00:00:00,552,2021-05-24T00:00:00,240,2014-08-11T00:00:00,60,pdsi_very_wet_in_planting
17,bsr,True,2021-06-07T00:00:00,553,2021-06-07T00:00:00,552,2021-06-07T00:00:00,552,2021-05-24T00:00:00,240,2014-08-11T00:00:00,60,pdsi_extreme_wet_in_planting
17,bsr,True,2021-06-07T00:00:00,553,2021-06-07T00:00:00,552,2021-06-07T00:00:00,552,2021-05-24T00:00:00,240,2014-08-11T00:00:00,60,pdsi_extreme_wet_in_harvesting
17,bsr,True,2021-06-07T00:00:00,553,2021-06-07T00:00:00,552,2021-06-07T00:00:00,552,2021-05-24T00:00:00,240,2014-08-11T00:00:00,60,co2_extreme_in_planting
17,bsr,True,2021-06-07T00:00:00,553,2021-06-07T00:00:00,552,2021-06-07T00:00:00,552,2021-05-24T00:00:00,240,2014-08-11T00:00:00,60,frbsf_sentiment
17,bsr,True,2021-06-07T00:00:00,553,2021-06-07T00:00:00,552,2021-06-07T00:00:00,552,2021-05-24T00:00:00,240,2014-08-11T00:00:00,60,epu_index
17,bsr,True,2021-06-07T00:00:00,553,2021-06-07T00:00:00,552,2021-06-07T00:00:00,552,2021-05-24T00:00:00,240,2014-08-11T00:00:00,60,DJIA_Index
17,bsr,True,2021-06-07T00:00:00,553,2021-06-07T00:00:00,552,2021-06-07T00:00:00,552,2021-05-24T00:00:00,240,2014-08-11T00:00:00,60,WTI_Index
17,bsr,True,2021-07-12T00:00:00,557,2021-07-12T00:00:00,556,2021-07-12T00:00:00,556,2021-06-28T00:00:00,244,2014-09-15T00:00:00,61,soybeans_weekly_rv
17,bsr,True,2021-07-12T00:00:00,557,2021-07-12T00:00:00,556,2021-07-12T00:00:00,556,2021-06-28T00:00:00,244,2014-09-15T00:00:00,61,soybeans_monthly_rv
17,bsr,True,2021-07-12T00:00:00,557,2021-07-12T00:00:00,556,2021-07-12T00:00:00,556,2021-06-28T00:00:00,244,2014-09-15T00:00:00,61,soybeans_seasonal_rv
17,bsr,True,2021-07-12T00:00:00,557,2021-07-12T00:00:00,556,2021-07-12T00:00:00,556,2021-06-28T00:00:00,244,2014-09-15T00:00:00,61,ssta_lanina
17,bsr,True,2021-07-12T00:00:00,557,2021-07-12T00:00:00,556,2021-07-12T00:00:00,556,2021-06-28T00:00:00,244,2014-09-15T00:00:00,61,SOI_index
17,bsr,True,2021-07-12T00:00:00,557,2021-07-12T00:00:00,556,2021-07-12T00:00:00,556,2021-06-28T00:00:00,244,2014-09-15T00:00:00,61,tmax_hot_in_planting
17,bsr,True,2021-07-12T00:00:00,557,2021-07-12T00:00:00,556,2021-07-12T00:00:00,556,2021-06-28T00:00:00,244,2014-09-15T00:00:00,61,tmin_very_cold_in_planting
17,bsr,True,2021-07-12T00:00:00,557,2021-07-12T00:00:00,556,2021-07-12T00:00:00,556,2021-06-28T00:00:00,244,2014-09-15T00:00:00,61,tmin_very_cold_in_harvesting
17,bsr,True,2021-07-12T00:00:00,557,2021-07-12T00:00:00,556,2021-07-12T00:00:00,556,2021-06-28T00:00:00,244,2014-09-15T00:00:00,61,spi_7d_extreme_wet_in_planting
17,bsr,True,2021-07-12T00:00:00,557,2021-07-12T00:00:00,556,2021-07-12T00:00:00,556,2021-06-28T00:00:00,244,2014-09-15T00:00:00,61,pdsi_very_wet_in_planting
17,bsr,True,2021-07-12T00:00:00,557,2021-07-12T00:00:00,556,2021-07-12T00:00:00,556,2021-06-28T00:00:00,244,2014-09-15T00:00:00,61,pdsi_extreme_wet_in_planting
17,bsr,True,2021-07-12T00:00:00,557,2021-07-12T00:00:00,556,2021-07-12T00:00:00,556,2021-06-28T00:00:00,244,2014-09-15T00:00:00,61,pdsi_extreme_wet_in_harvesting
17,bsr,True,2021-07-12T00:00:00,557,2021-07-12T00:00:00,556,2021-07-12T00:00:00,556,2021-06-28T00:00:00,244,2014-09-15T00:00:00,61,co2_extreme_in_planting
17,bsr,True,2021-07-12T00:00:00,557,2021-07-12T00:00:00,556,2021-07-12T00:00:00,556,2021-06-28T00:00:00,244,2014-09-15T00:00:00,61,frbsf_sentiment
17,bsr,True,2021-07-12T00:00:00,557,2021-07-12T00:00:00,556,2021-07-12T00:00:00,556,2021-06-28T00:00:00,244,2014-09-15T00:00:00,61,epu_index
17,bsr,True,2021-07-12T00:00:00,557,2021-07-12T00:00:00,556,2021-07-12T00:00:00,556,2021-06-28T00:00:00,244,2014-09-15T00:00:00,61,DJIA_Index
17,bsr,True,2021-07-12T00:00:00,557,2021-07-12T00:00:00,556,2021-07-12T00:00:00,556,2021-06-28T00:00:00,244,2014-09-15T00:00:00,61,WTI_Index
17,bsr,True,2021-08-09T00:00:00,561,2021-08-09T00:00:00,560,2021-08-09T00:00:00,560,2021-08-02T00:00:00,248,2014-10-20T00:00:00,62,soybeans_weekly_rv
17,bsr,True,2021-08-09T00:00:00,561,2021-08-09T00:00:00,560,2021-08-09T00:00:00,560,2021-08-02T00:00:00,248,2014-10-20T00:00:00,62,soybeans_monthly_rv
17,bsr,True,2021-08-09T00:00:00,561,2021-08-09T00:00:00,560,2021-08-09T00:00:00,560,2021-08-02T00:00:00,248,2014-10-20T00:00:00,62,soybeans_seasonal_rv
17,bsr,True,2021-08-09T00:00:00,561,2021-08-09T00:00:00,560,2021-08-09T00:00:00,560,2021-08-02T00:00:00,248,2014-10-20T00:00:00,62,ssta_lanina
17,bsr,True,2021-08-09T00:00:00,561,2021-08-09T00:00:00,560,2021-08-09T00:00:00,560,2021-08-02T00:00:00,248,2014-10-20T00:00:00,62,SOI_index
17,bsr,True,2021-08-09T00:00:00,561,2021-08-09T00:00:00,560,2021-08-09T00:00:00,560,2021-08-02T00:00:00,248,2014-10-20T00:00:00,62,tmax_hot_in_planting
17,bsr,True,2021-08-09T00:00:00,561,2021-08-09T00:00:00,560,2021-08-09T00:00:00,560,2021-08-02T00:00:00,248,2014-10-20T00:00:00,62,tmin_very_cold_in_planting
17,bsr,True,2021-08-09T00:00:00,561,2021-08-09T00:00:00,560,2021-08-09T00:00:00,560,2021-08-02T00:00:00,248,2014-10-20T00:00:00,62,tmin_very_cold_in_harvesting
17,bsr,True,2021-08-09T00:00:00,561,2021-08-09T00:00:00,560,2021-08-09T00:00:00,560,2021-08-02T00:00:00,248,2014-10-20T00:00:00,62,spi_7d_extreme_wet_in_planting
17,bsr,True,2021-08-09T00:00:00,561,2021-08-09T00:00:00,560,2021-08-09T00:00:00,560,2021-08-02T00:00:00,248,2014-10-20T00:00:00,62,pdsi_very_wet_in_planting
17,bsr,True,2021-08-09T00:00:00,561,2021-08-09T00:00:00,560,2021-08-09T00:00:00,560,2021-08-02T00:00:00,248,2014-10-20T00:00:00,62,pdsi_extreme_wet_in_planting
17,bsr,True,2021-08-09T00:00:00,561,2021-08-09T00:00:00,560,2021-08-09T00:00:00,560,2021-08-02T00:00:00,248,2014-10-20T00:00:00,62,pdsi_extreme_wet_in_harvesting
17,bsr,True,2021-08-09T00:00:00,561,2021-08-09T00:00:00,560,2021-08-09T00:00:00,560,2021-08-02T00:00:00,248,2014-10-20T00:00:00,62,co2_extreme_in_planting
17,bsr,True,2021-08-09T00:00:00,561,2021-08-09T00:00:00,560,2021-08-09T00:00:00,560,2021-08-02T00:00:00,248,2014-10-20T00:00:00,62,frbsf_sentiment
17,bsr,True,2021-08-09T00:00:00,561,2021-08-09T00:00:00,560,2021-08-09T00:00:00,560,2021-08-02T00:00:00,248,2014-10-20T00:00:00,62,epu_index
17,bsr,True,2021-08-09T00:00:00,561,2021-08-09T00:00:00,560,2021-08-09T00:00:00,560,2021-08-02T00:00:00,248,2014-10-20T00:00:00,62,DJIA_Index
17,bsr,True,2021-08-09T00:00:00,561,2021-08-09T00:00:00,560,2021-08-09T00:00:00,560,2021-08-02T00:00:00,248,2014-10-20T00:00:00,62,WTI_Index
17,bsr,True,2021-09-13T00:00:00,565,2021-09-13T00:00:00,564,2021-09-13T00:00:00,564,2021-08-30T00:00:00,252,2014-11-17T00:00:00,63,soybeans_weekly_rv
17,bsr,True,2021-09-13T00:00:00,565,2021-09-13T00:00:00,564,2021-09-13T00:00:00,564,2021-08-30T00:00:00,252,2014-11-17T00:00:00,63,soybeans_monthly_rv
17,bsr,True,2021-09-13T00:00:00,565,2021-09-13T00:00:00,564,2021-09-13T00:00:00,564,2021-08-30T00:00:00,252,2014-11-17T00:00:00,63,soybeans_seasonal_rv
17,bsr,True,2021-09-13T00:00:00,565,2021-09-13T00:00:00,564,2021-09-13T00:00:00,564,2021-08-30T00:00:00,252,2014-11-17T00:00:00,63,ssta_lanina
17,bsr,True,2021-09-13T00:00:00,565,2021-09-13T00:00:00,564,2021-09-13T00:00:00,564,2021-08-30T00:00:00,252,2014-11-17T00:00:00,63,SOI_index
17,bsr,True,2021-09-13T00:00:00,565,2021-09-13T00:00:00,564,2021-09-13T00:00:00,564,2021-08-30T00:00:00,252,2014-11-17T00:00:00,63,tmax_hot_in_planting
17,bsr,True,2021-09-13T00:00:00,565,2021-09-13T00:00:00,564,2021-09-13T00:00:00,564,2021-08-30T00:00:00,252,2014-11-17T00:00:00,63,tmin_very_cold_in_planting
17,bsr,True,2021-09-13T00:00:00,565,2021-09-13T00:00:00,564,2021-09-13T00:00:00,564,2021-08-30T00:00:00,252,2014-11-17T00:00:00,63,tmin_very_cold_in_harvesting
17,bsr,True,2021-09-13T00:00:00,565,2021-09-13T00:00:00,564,2021-09-13T00:00:00,564,2021-08-30T00:00:00,252,2014-11-17T00:00:00,63,spi_7d_extreme_wet_in_planting
17,bsr,True,2021-09-13T00:00:00,565,2021-09-13T00:00:00,564,2021-09-13T00:00:00,564,2021-08-30T00:00:00,252,2014-11-17T00:00:00,63,pdsi_very_wet_in_planting
17,bsr,True,2021-09-13T00:00:00,565,2021-09-13T00:00:00,564,2021-09-13T00:00:00,564,2021-08-30T00:00:00,252,2014-11-17T00:00:00,63,pdsi_extreme_wet_in_planting
17,bsr,True,2021-09-13T00:00:00,565,2021-09-13T00:00:00,564,2021-09-13T00:00:00,564,2021-08-30T00:00:00,252,2014-11-17T00:00:00,63,pdsi_extreme_wet_in_harvesting
17,bsr,True,2021-09-13T00:00:00,565,2021-09-13T00:00:00,564,2021-09-13T00:00:00,564,2021-08-30T00:00:00,252,2014-11-17T00:00:00,63,co2_extreme_in_planting
17,bsr,True,2021-09-13T00:00:00,565,2021-09-13T00:00:00,564,2021-09-13T00:00:00,564,2021-08-30T00:00:00,252,2014-11-17T00:00:00,63,frbsf_sentiment
17,bsr,True,2021-09-13T00:00:00,565,2021-09-13T00:00:00,564,2021-09-13T00:00:00,564,2021-08-30T00:00:00,252,2014-11-17T00:00:00,63,epu_index
17,bsr,True,2021-09-13T00:00:00,565,2021-09-13T00:00:00,564,2021-09-13T00:00:00,564,2021-08-30T00:00:00,252,2014-11-17T00:00:00,63,DJIA_Index
17,bsr,True,2021-09-13T00:00:00,565,2021-09-13T00:00:00,564,2021-09-13T00:00:00,564,2021-08-30T00:00:00,252,2014-11-17T00:00:00,63,WTI_Index
16,bsr,False,2021-10-18T00:00:00,569,2021-10-18T00:00:00,568,2021-10-18T00:00:00,568,2021-10-04T00:00:00,256,2014-12-15T00:00:00,64,soybeans_weekly_rv
16,bsr,False,2021-10-18T00:00:00,569,2021-10-18T00:00:00,568,2021-10-18T00:00:00,568,2021-10-04T00:00:00,256,2014-12-15T00:00:00,64,soybeans_monthly_rv
16,bsr,False,2021-10-18T00:00:00,569,2021-10-18T00:00:00,568,2021-10-18T00:00:00,568,2021-10-04T00:00:00,256,2014-12-15T00:00:00,64,soybeans_seasonal_rv
16,bsr,False,2021-10-18T00:00:00,569,2021-10-18T00:00:00,568,2021-10-18T00:00:00,568,2021-10-04T00:00:00,256,2014-12-15T00:00:00,64,soybeans_weekly_jumps
16,bsr,False,2021-10-18T00:00:00,569,2021-10-18T00:00:00,568,2021-10-18T00:00:00,568,2021-10-04T00:00:00,256,2014-12-15T00:00:00,64,ssta_lanina
16,bsr,False,2021-10-18T00:00:00,569,2021-10-18T00:00:00,568,2021-10-18T00:00:00,568,2021-10-04T00:00:00,256,2014-12-15T00:00:00,64,NAO_index
16,bsr,False,2021-10-18T00:00:00,569,2021-10-18T00:00:00,568,2021-10-18T00:00:00,568,2021-10-04T00:00:00,256,2014-12-15T00:00:00,64,tmax_hot_in_planting
16,bsr,False,2021-10-18T00:00:00,569,2021-10-18T00:00:00,568,2021-10-18T00:00:00,568,2021-10-04T00:00:00,256,2014-12-15T00:00:00,64,tmin_very_cold_in_planting
16,bsr,False,2021-10-18T00:00:00,569,2021-10-18T00:00:00,568,2021-10-18T00:00:00,568,2021-10-04T00:00:00,256,2014-12-15T00:00:00,64,spi_7d_very_wet_in_planting
16,bsr,False,2021-10-18T00:00:00,569,2021-10-18T00:00:00,568,2021-10-18T00:00:00,568,2021-10-04T00:00:00,256,2014-12-15T00:00:00,64,pdsi_extreme_wet_in_planting
16,bsr,False,2021-10-18T00:00:00,569,2021-10-18T00:00:00,568,2021-10-18T00:00:00,568,2021-10-04T00:00:00,256,2014-12-15T00:00:00,64,pdsi_extreme_wet_in_harvesting
16,bsr,False,2021-10-18T00:00:00,569,2021-10-18T00:00:00,568,2021-10-18T00:00:00,568,2021-10-04T00:00:00,256,2014-12-15T00:00:00,64,pdsi_extreme_drought_in_planting
16,bsr,False,2021-10-18T00:00:00,569,2021-10-18T00:00:00,568,2021-10-18T00:00:00,568,2021-10-04T00:00:00,256,2014-12-15T00:00:00,64,co2_extreme_in_planting
16,bsr,False,2021-10-18T00:00:00,569,2021-10-18T00:00:00,568,2021-10-18T00:00:00,568,2021-10-04T00:00:00,256,2014-12-15T00:00:00,64,frbsf_sentiment
16,bsr,False,2021-10-18T00:00:00,569,2021-10-18T00:00:00,568,2021-10-18T00:00:00,568,2021-10-04T00:00:00,256,2014-12-15T00:00:00,64,WTI_Index
16,bsr,False,2021-10-18T00:00:00,569,2021-10-18T00:00:00,568,2021-10-18T00:00:00,568,2021-10-04T00:00:00,256,2014-12-15T00:00:00,64,Broad_Dollar_index
16,bsr,True,2021-11-15T00:00:00,573,2021-11-15T00:00:00,572,2021-11-15T00:00:00,572,2021-11-08T00:00:00,260,2015-01-12T00:00:00,65,soybeans_weekly_rv
16,bsr,True,2021-11-15T00:00:00,573,2021-11-15T00:00:00,572,2021-11-15T00:00:00,572,2021-11-08T00:00:00,260,2015-01-12T00:00:00,65,soybeans_monthly_rv
16,bsr,True,2021-11-15T00:00:00,573,2021-11-15T00:00:00,572,2021-11-15T00:00:00,572,2021-11-08T00:00:00,260,2015-01-12T00:00:00,65,soybeans_seasonal_rv
16,bsr,True,2021-11-15T00:00:00,573,2021-11-15T00:00:00,572,2021-11-15T00:00:00,572,2021-11-08T00:00:00,260,2015-01-12T00:00:00,65,soybeans_weekly_jumps
16,bsr,True,2021-11-15T00:00:00,573,2021-11-15T00:00:00,572,2021-11-15T00:00:00,572,2021-11-08T00:00:00,260,2015-01-12T00:00:00,65,ssta_lanina
16,bsr,True,2021-11-15T00:00:00,573,2021-11-15T00:00:00,572,2021-11-15T00:00:00,572,2021-11-08T00:00:00,260,2015-01-12T00:00:00,65,NAO_index
16,bsr,True,2021-11-15T00:00:00,573,2021-11-15T00:00:00,572,2021-11-15T00:00:00,572,2021-11-08T00:00:00,260,2015-01-12T00:00:00,65,tmax_hot_in_planting
16,bsr,True,2021-11-15T00:00:00,573,2021-11-15T00:00:00,572,2021-11-15T00:00:00,572,2021-11-08T00:00:00,260,2015-01-12T00:00:00,65,tmin_very_cold_in_planting
16,bsr,True,2021-11-15T00:00:00,573,2021-11-15T00:00:00,572,2021-11-15T00:00:00,572,2021-11-08T00:00:00,260,2015-01-12T00:00:00,65,spi_7d_very_wet_in_planting
16,bsr,True,2021-11-15T00:00:00,573,2021-11-15T00:00:00,572,2021-11-15T00:00:00,572,2021-11-08T00:00:00,260,2015-01-12T00:00:00,65,pdsi_extreme_wet_in_planting
16,bsr,True,2021-11-15T00:00:00,573,2021-11-15T00:00:00,572,2021-11-15T00:00:00,572,2021-11-08T00:00:00,260,2015-01-12T00:00:00,65,pdsi_extreme_wet_in_harvesting
16,bsr,True,2021-11-15T00:00:00,573,2021-11-15T00:00:00,572,2021-11-15T00:00:00,572,2021-11-08T00:00:00,260,2015-01-12T00:00:00,65,pdsi_extreme_drought_in_planting
16,bsr,True,2021-11-15T00:00:00,573,2021-11-15T00:00:00,572,2021-11-15T00:00:00,572,2021-11-08T00:00:00,260,2015-01-12T00:00:00,65,co2_extreme_in_planting
16,bsr,True,2021-11-15T00:00:00,573,2021-11-15T00:00:00,572,2021-11-15T00:00:00,572,2021-11-08T00:00:00,260,2015-01-12T00:00:00,65,frbsf_sentiment
16,bsr,True,2021-11-15T00:00:00,573,2021-11-15T00:00:00,572,2021-11-15T00:00:00,572,2021-11-08T00:00:00,260,2015-01-12T00:00:00,65,WTI_Index
16,bsr,True,2021-11-15T00:00:00,573,2021-11-15T00:00:00,572,2021-11-15T00:00:00,572,2021-11-08T00:00:00,260,2015-01-12T00:00:00,65,Broad_Dollar_index
16,bsr,True,2021-12-13T00:00:00,577,2021-12-13T00:00:00,576,2021-12-13T00:00:00,576,2021-12-06T00:00:00,264,2015-02-23T00:00:00,66,soybeans_weekly_rv
16,bsr,True,2021-12-13T00:00:00,577,2021-12-13T00:00:00,576,2021-12-13T00:00:00,576,2021-12-06T00:00:00,264,2015-02-23T00:00:00,66,soybeans_monthly_rv
16,bsr,True,2021-12-13T00:00:00,577,2021-12-13T00:00:00,576,2021-12-13T00:00:00,576,2021-12-06T00:00:00,264,2015-02-23T00:00:00,66,soybeans_seasonal_rv
16,bsr,True,2021-12-13T00:00:00,577,2021-12-13T00:00:00,576,2021-12-13T00:00:00,576,2021-12-06T00:00:00,264,2015-02-23T00:00:00,66,soybeans_weekly_jumps
16,bsr,True,2021-12-13T00:00:00,577,2021-12-13T00:00:00,576,2021-12-13T00:00:00,576,2021-12-06T00:00:00,264,2015-02-23T00:00:00,66,ssta_lanina
16,bsr,True,2021-12-13T00:00:00,577,2021-12-13T00:00:00,576,2021-12-13T00:00:00,576,2021-12-06T00:00:00,264,2015-02-23T00:00:00,66,NAO_index
16,bsr,True,2021-12-13T00:00:00,577,2021-12-13T00:00:00,576,2021-12-13T00:00:00,576,2021-12-06T00:00:00,264,2015-02-23T00:00:00,66,tmax_hot_in_planting
16,bsr,True,2021-12-13T00:00:00,577,2021-12-13T00:00:00,576,2021-12-13T00:00:00,576,2021-12-06T00:00:00,264,2015-02-23T00:00:00,66,tmin_very_cold_in_planting
16,bsr,True,2021-12-13T00:00:00,577,2021-12-13T00:00:00,576,2021-12-13T00:00:00,576,2021-12-06T00:00:00,264,2015-02-23T00:00:00,66,spi_7d_very_wet_in_planting
16,bsr,True,2021-12-13T00:00:00,577,2021-12-13T00:00:00,576,2021-12-13T00:00:00,576,2021-12-06T00:00:00,264,2015-02-23T00:00:00,66,pdsi_extreme_wet_in_planting
16,bsr,True,2021-12-13T00:00:00,577,2021-12-13T00:00:00,576,2021-12-13T00:00:00,576,2021-12-06T00:00:00,264,2015-02-23T00:00:00,66,pdsi_extreme_wet_in_harvesting
16,bsr,True,2021-12-13T00:00:00,577,2021-12-13T00:00:00,576,2021-12-13T00:00:00,576,2021-12-06T00:00:00,264,2015-02-23T00:00:00,66,pdsi_extreme_drought_in_planting
16,bsr,True,2021-12-13T00:00:00,577,2021-12-13T00:00:00,576,2021-12-13T00:00:00,576,2021-12-06T00:00:00,264,2015-02-23T00:00:00,66,co2_extreme_in_planting
16,bsr,True,2021-12-13T00:00:00,577,2021-12-13T00:00:00,576,2021-12-13T00:00:00,576,2021-12-06T00:00:00,264,2015-02-23T00:00:00,66,frbsf_sentiment
16,bsr,True,2021-12-13T00:00:00,577,2021-12-13T00:00:00,576,2021-12-13T00:00:00,576,2021-12-06T00:00:00,264,2015-02-23T00:00:00,66,WTI_Index
16,bsr,True,2021-12-13T00:00:00,577,2021-12-13T00:00:00,576,2021-12-13T00:00:00,576,2021-12-06T00:00:00,264,2015-02-23T00:00:00,66,Broad_Dollar_index
16,bsr,True,2022-01-10T00:00:00,581,2022-01-10T00:00:00,580,2022-01-10T00:00:00,580,2022-01-03T00:00:00,268,2015-03-23T00:00:00,67,soybeans_weekly_rv
16,bsr,True,2022-01-10T00:00:00,581,2022-01-10T00:00:00,580,2022-01-10T00:00:00,580,2022-01-03T00:00:00,268,2015-03-23T00:00:00,67,soybeans_monthly_rv
16,bsr,True,2022-01-10T00:00:00,581,2022-01-10T00:00:00,580,2022-01-10T00:00:00,580,2022-01-03T00:00:00,268,2015-03-23T00:00:00,67,soybeans_seasonal_rv
16,bsr,True,2022-01-10T00:00:00,581,2022-01-10T00:00:00,580,2022-01-10T00:00:00,580,2022-01-03T00:00:00,268,2015-03-23T00:00:00,67,soybeans_weekly_jumps
16,bsr,True,2022-01-10T00:00:00,581,2022-01-10T00:00:00,580,2022-01-10T00:00:00,580,2022-01-03T00:00:00,268,2015-03-23T00:00:00,67,ssta_lanina
16,bsr,True,2022-01-10T00:00:00,581,2022-01-10T00:00:00,580,2022-01-10T00:00:00,580,2022-01-03T00:00:00,268,2015-03-23T00:00:00,67,NAO_index
16,bsr,True,2022-01-10T00:00:00,581,2022-01-10T00:00:00,580,2022-01-10T00:00:00,580,2022-01-03T00:00:00,268,2015-03-23T00:00:00,67,tmax_hot_in_planting
16,bsr,True,2022-01-10T00:00:00,581,2022-01-10T00:00:00,580,2022-01-10T00:00:00,580,2022-01-03T00:00:00,268,2015-03-23T00:00:00,67,tmin_very_cold_in_planting
16,bsr,True,2022-01-10T00:00:00,581,2022-01-10T00:00:00,580,2022-01-10T00:00:00,580,2022-01-03T00:00:00,268,2015-03-23T00:00:00,67,spi_7d_very_wet_in_planting
16,bsr,True,2022-01-10T00:00:00,581,2022-01-10T00:00:00,580,2022-01-10T00:00:00,580,2022-01-03T00:00:00,268,2015-03-23T00:00:00,67,pdsi_extreme_wet_in_planting
16,bsr,True,2022-01-10T00:00:00,581,2022-01-10T00:00:00,580,2022-01-10T00:00:00,580,2022-01-03T00:00:00,268,2015-03-23T00:00:00,67,pdsi_extreme_wet_in_harvesting
16,bsr,True,2022-01-10T00:00:00,581,2022-01-10T00:00:00,580,2022-01-10T00:00:00,580,2022-01-03T00:00:00,268,2015-03-23T00:00:00,67,pdsi_extreme_drought_in_planting
16,bsr,True,2022-01-10T00:00:00,581,2022-01-10T00:00:00,580,2022-01-10T00:00:00,580,2022-01-03T00:00:00,268,2015-03-23T00:00:00,67,co2_extreme_in_planting
16,bsr,True,2022-01-10T00:00:00,581,2022-01-10T00:00:00,580,2022-01-10T00:00:00,580,2022-01-03T00:00:00,268,2015-03-23T00:00:00,67,frbsf_sentiment
16,bsr,True,2022-01-10T00:00:00,581,2022-01-10T00:00:00,580,2022-01-10T00:00:00,580,2022-01-03T00:00:00,268,2015-03-23T00:00:00,67,WTI_Index
16,bsr,True,2022-01-10T00:00:00,581,2022-01-10T00:00:00,580,2022-01-10T00:00:00,580,2022-01-03T00:00:00,268,2015-03-23T00:00:00,67,Broad_Dollar_index
16,bsr,True,2022-02-14T00:00:00,585,2022-02-14T00:00:00,584,2022-02-14T00:00:00,584,2022-02-07T00:00:00,272,2015-04-20T00:00:00,68,soybeans_weekly_rv
16,bsr,True,2022-02-14T00:00:00,585,2022-02-14T00:00:00,584,2022-02-14T00:00:00,584,2022-02-07T00:00:00,272,2015-04-20T00:00:00,68,soybeans_monthly_rv
16,bsr,True,2022-02-14T00:00:00,585,2022-02-14T00:00:00,584,2022-02-14T00:00:00,584,2022-02-07T00:00:00,272,2015-04-20T00:00:00,68,soybeans_seasonal_rv
16,bsr,True,2022-02-14T00:00:00,585,2022-02-14T00:00:00,584,2022-02-14T00:00:00,584,2022-02-07T00:00:00,272,2015-04-20T00:00:00,68,soybeans_weekly_jumps
16,bsr,True,2022-02-14T00:00:00,585,2022-02-14T00:00:00,584,2022-02-14T00:00:00,584,2022-02-07T00:00:00,272,2015-04-20T00:00:00,68,ssta_lanina
16,bsr,True,2022-02-14T00:00:00,585,2022-02-14T00:00:00,584,2022-02-14T00:00:00,584,2022-02-07T00:00:00,272,2015-04-20T00:00:00,68,NAO_index
16,bsr,True,2022-02-14T00:00:00,585,2022-02-14T00:00:00,584,2022-02-14T00:00:00,584,2022-02-07T00:00:00,272,2015-04-20T00:00:00,68,tmax_hot_in_planting
16,bsr,True,2022-02-14T00:00:00,585,2022-02-14T00:00:00,584,2022-02-14T00:00:00,584,2022-02-07T00:00:00,272,2015-04-20T00:00:00,68,tmin_very_cold_in_planting
16,bsr,True,2022-02-14T00:00:00,585,2022-02-14T00:00:00,584,2022-02-14T00:00:00,584,2022-02-07T00:00:00,272,2015-04-20T00:00:00,68,spi_7d_very_wet_in_planting
16,bsr,True,2022-02-14T00:00:00,585,2022-02-14T00:00:00,584,2022-02-14T00:00:00,584,2022-02-07T00:00:00,272,2015-04-20T00:00:00,68,pdsi_extreme_wet_in_planting
16,bsr,True,2022-02-14T00:00:00,585,2022-02-14T00:00:00,584,2022-02-14T00:00:00,584,2022-02-07T00:00:00,272,2015-04-20T00:00:00,68,pdsi_extreme_wet_in_harvesting
16,bsr,True,2022-02-14T00:00:00,585,2022-02-14T00:00:00,584,2022-02-14T00:00:00,584,2022-02-07T00:00:00,272,2015-04-20T00:00:00,68,pdsi_extreme_drought_in_planting
16,bsr,True,2022-02-14T00:00:00,585,2022-02-14T00:00:00,584,2022-02-14T00:00:00,584,2022-02-07T00:00:00,272,2015-04-20T00:00:00,68,co2_extreme_in_planting
16,bsr,True,2022-02-14T00:00:00,585,2022-02-14T00:00:00,584,2022-02-14T00:00:00,584,2022-02-07T00:00:00,272,2015-04-20T00:00:00,68,frbsf_sentiment
16,bsr,True,2022-02-14T00:00:00,585,2022-02-14T00:00:00,584,2022-02-14T00:00:00,584,2022-02-07T00:00:00,272,2015-04-20T00:00:00,68,WTI_Index
16,bsr,True,2022-02-14T00:00:00,585,2022-02-14T00:00:00,584,2022-02-14T00:00:00,584,2022-02-07T00:00:00,272,2015-04-20T00:00:00,68,Broad_Dollar_index
16,bsr,True,2022-03-21T00:00:00,589,2022-03-21T00:00:00,588,2022-03-21T00:00:00,588,2022-03-14T00:00:00,276,2015-05-18T00:00:00,69,soybeans_weekly_rv
16,bsr,True,2022-03-21T00:00:00,589,2022-03-21T00:00:00,588,2022-03-21T00:00:00,588,2022-03-14T00:00:00,276,2015-05-18T00:00:00,69,soybeans_monthly_rv
16,bsr,True,2022-03-21T00:00:00,589,2022-03-21T00:00:00,588,2022-03-21T00:00:00,588,2022-03-14T00:00:00,276,2015-05-18T00:00:00,69,soybeans_seasonal_rv
16,bsr,True,2022-03-21T00:00:00,589,2022-03-21T00:00:00,588,2022-03-21T00:00:00,588,2022-03-14T00:00:00,276,2015-05-18T00:00:00,69,soybeans_weekly_jumps
16,bsr,True,2022-03-21T00:00:00,589,2022-03-21T00:00:00,588,2022-03-21T00:00:00,588,2022-03-14T00:00:00,276,2015-05-18T00:00:00,69,ssta_lanina
16,bsr,True,2022-03-21T00:00:00,589,2022-03-21T00:00:00,588,2022-03-21T00:00:00,588,2022-03-14T00:00:00,276,2015-05-18T00:00:00,69,NAO_index
16,bsr,True,2022-03-21T00:00:00,589,2022-03-21T00:00:00,588,2022-03-21T00:00:00,588,2022-03-14T00:00:00,276,2015-05-18T00:00:00,69,tmax_hot_in_planting
16,bsr,True,2022-03-21T00:00:00,589,2022-03-21T00:00:00,588,2022-03-21T00:00:00,588,2022-03-14T00:00:00,276,2015-05-18T00:00:00,69,tmin_very_cold_in_planting
16,bsr,True,2022-03-21T00:00:00,589,2022-03-21T00:00:00,588,2022-03-21T00:00:00,588,2022-03-14T00:00:00,276,2015-05-18T00:00:00,69,spi_7d_very_wet_in_planting
16,bsr,True,2022-03-21T00:00:00,589,2022-03-21T00:00:00,588,2022-03-21T00:00:00,588,2022-03-14T00:00:00,276,2015-05-18T00:00:00,69,pdsi_extreme_wet_in_planting
16,bsr,True,2022-03-21T00:00:00,589,2022-03-21T00:00:00,588,2022-03-21T00:00:00,588,2022-03-14T00:00:00,276,2015-05-18T00:00:00,69,pdsi_extreme_wet_in_harvesting
16,bsr,True,2022-03-21T00:00:00,589,2022-03-21T00:00:00,588,2022-03-21T00:00:00,588,2022-03-14T00:00:00,276,2015-05-18T00:00:00,69,pdsi_extreme_drought_in_planting
16,bsr,True,2022-03-21T00:00:00,589,2022-03-21T00:00:00,588,2022-03-21T00:00:00,588,2022-03-14T00:00:00,276,2015-05-18T00:00:00,69,co2_extreme_in_planting
16,bsr,True,2022-03-21T00:00:00,589,2022-03-21T00:00:00,588,2022-03-21T00:00:00,588,2022-03-14T00:00:00,276,2015-05-18T00:00:00,69,frbsf_sentiment
16,bsr,True,2022-03-21T00:00:00,589,2022-03-21T00:00:00,588,2022-03-21T00:00:00,588,2022-03-14T00:00:00,276,2015-05-18T00:00:00,69,WTI_Index
16,bsr,True,2022-03-21T00:00:00,589,2022-03-21T00:00:00,588,2022-03-21T00:00:00,588,2022-03-14T00:00:00,276,2015-05-18T00:00:00,69,Broad_Dollar_index
16,bsr,True,2022-04-18T00:00:00,593,2022-04-18T00:00:00,592,2022-04-18T00:00:00,592,2022-04-11T00:00:00,280,2015-06-22T00:00:00,70,soybeans_weekly_rv
16,bsr,True,2022-04-18T00:00:00,593,2022-04-18T00:00:00,592,2022-04-18T00:00:00,592,2022-04-11T00:00:00,280,2015-06-22T00:00:00,70,soybeans_monthly_rv
16,bsr,True,2022-04-18T00:00:00,593,2022-04-18T00:00:00,592,2022-04-18T00:00:00,592,2022-04-11T00:00:00,280,2015-06-22T00:00:00,70,soybeans_seasonal_rv
16,bsr,True,2022-04-18T00:00:00,593,2022-04-18T00:00:00,592,2022-04-18T00:00:00,592,2022-04-11T00:00:00,280,2015-06-22T00:00:00,70,soybeans_weekly_jumps
16,bsr,True,2022-04-18T00:00:00,593,2022-04-18T00:00:00,592,2022-04-18T00:00:00,592,2022-04-11T00:00:00,280,2015-06-22T00:00:00,70,ssta_lanina
16,bsr,True,2022-04-18T00:00:00,593,2022-04-18T00:00:00,592,2022-04-18T00:00:00,592,2022-04-11T00:00:00,280,2015-06-22T00:00:00,70,NAO_index
16,bsr,True,2022-04-18T00:00:00,593,2022-04-18T00:00:00,592,2022-04-18T00:00:00,592,2022-04-11T00:00:00,280,2015-06-22T00:00:00,70,tmax_hot_in_planting
16,bsr,True,2022-04-18T00:00:00,593,2022-04-18T00:00:00,592,2022-04-18T00:00:00,592,2022-04-11T00:00:00,280,2015-06-22T00:00:00,70,tmin_very_cold_in_planting
16,bsr,True,2022-04-18T00:00:00,593,2022-04-18T00:00:00,592,2022-04-18T00:00:00,592,2022-04-11T00:00:00,280,2015-06-22T00:00:00,70,spi_7d_very_wet_in_planting
16,bsr,True,2022-04-18T00:00:00,593,2022-04-18T00:00:00,592,2022-04-18T00:00:00,592,2022-04-11T00:00:00,280,2015-06-22T00:00:00,70,pdsi_extreme_wet_in_planting
16,bsr,True,2022-04-18T00:00:00,593,2022-04-18T00:00:00,592,2022-04-18T00:00:00,592,2022-04-11T00:00:00,280,2015-06-22T00:00:00,70,pdsi_extreme_wet_in_harvesting
16,bsr,True,2022-04-18T00:00:00,593,2022-04-18T00:00:00,592,2022-04-18T00:00:00,592,2022-04-11T00:00:00,280,2015-06-22T00:00:00,70,pdsi_extreme_drought_in_planting
16,bsr,True,2022-04-18T00:00:00,593,2022-04-18T00:00:00,592,2022-04-18T00:00:00,592,2022-04-11T00:00:00,280,2015-06-22T00:00:00,70,co2_extreme_in_planting
16,bsr,True,2022-04-18T00:00:00,593,2022-04-18T00:00:00,592,2022-04-18T00:00:00,592,2022-04-11T00:00:00,280,2015-06-22T00:00:00,70,frbsf_sentiment
16,bsr,True,2022-04-18T00:00:00,593,2022-04-18T00:00:00,592,2022-04-18T00:00:00,592,2022-04-11T00:00:00,280,2015-06-22T00:00:00,70,WTI_Index
16,bsr,True,2022-04-18T00:00:00,593,2022-04-18T00:00:00,592,2022-04-18T00:00:00,592,2022-04-11T00:00:00,280,2015-06-22T00:00:00,70,Broad_Dollar_index
16,bsr,True,2022-05-16T00:00:00,597,2022-05-16T00:00:00,596,2022-05-16T00:00:00,596,2022-05-09T00:00:00,284,2015-07-20T00:00:00,71,soybeans_weekly_rv
16,bsr,True,2022-05-16T00:00:00,597,2022-05-16T00:00:00,596,2022-05-16T00:00:00,596,2022-05-09T00:00:00,284,2015-07-20T00:00:00,71,soybeans_monthly_rv
16,bsr,True,2022-05-16T00:00:00,597,2022-05-16T00:00:00,596,2022-05-16T00:00:00,596,2022-05-09T00:00:00,284,2015-07-20T00:00:00,71,soybeans_seasonal_rv
16,bsr,True,2022-05-16T00:00:00,597,2022-05-16T00:00:00,596,2022-05-16T00:00:00,596,2022-05-09T00:00:00,284,2015-07-20T00:00:00,71,soybeans_weekly_jumps
16,bsr,True,2022-05-16T00:00:00,597,2022-05-16T00:00:00,596,2022-05-16T00:00:00,596,2022-05-09T00:00:00,284,2015-07-20T00:00:00,71,ssta_lanina
16,bsr,True,2022-05-16T00:00:00,597,2022-05-16T00:00:00,596,2022-05-16T00:00:00,596,2022-05-09T00:00:00,284,2015-07-20T00:00:00,71,NAO_index
16,bsr,True,2022-05-16T00:00:00,597,2022-05-16T00:00:00,596,2022-05-16T00:00:00,596,2022-05-09T00:00:00,284,2015-07-20T00:00:00,71,tmax_hot_in_planting
16,bsr,True,2022-05-16T00:00:00,597,2022-05-16T00:00:00,596,2022-05-16T00:00:00,596,2022-05-09T00:00:00,284,2015-07-20T00:00:00,71,tmin_very_cold_in_planting
16,bsr,True,2022-05-16T00:00:00,597,2022-05-16T00:00:00,596,2022-05-16T00:00:00,596,2022-05-09T00:00:00,284,2015-07-20T00:00:00,71,spi_7d_very_wet_in_planting
16,bsr,True,2022-05-16T00:00:00,597,2022-05-16T00:00:00,596,2022-05-16T00:00:00,596,2022-05-09T00:00:00,284,2015-07-20T00:00:00,71,pdsi_extreme_wet_in_planting
16,bsr,True,2022-05-16T00:00:00,597,2022-05-16T00:00:00,596,2022-05-16T00:00:00,596,2022-05-09T00:00:00,284,2015-07-20T00:00:00,71,pdsi_extreme_wet_in_harvesting
16,bsr,True,2022-05-16T00:00:00,597,2022-05-16T00:00:00,596,2022-05-16T00:00:00,596,2022-05-09T00:00:00,284,2015-07-20T00:00:00,71,pdsi_extreme_drought_in_planting
16,bsr,True,2022-05-16T00:00:00,597,2022-05-16T00:00:00,596,2022-05-16T00:00:00,596,2022-05-09T00:00:00,284,2015-07-20T00:00:00,71,co2_extreme_in_planting
16,bsr,True,2022-05-16T00:00:00,597,2022-05-16T00:00:00,596,2022-05-16T00:00:00,596,2022-05-09T00:00:00,284,2015-07-20T00:00:00,71,frbsf_sentiment
16,bsr,True,2022-05-16T00:00:00,597,2022-05-16T00:00:00,596,2022-05-16T00:00:00,596,2022-05-09T00:00:00,284,2015-07-20T00:00:00,71,WTI_Index
16,bsr,True,2022-05-16T00:00:00,597,2022-05-16T00:00:00,596,2022-05-16T00:00:00,596,2022-05-09T00:00:00,284,2015-07-20T00:00:00,71,Broad_Dollar_index
16,bsr,False,2022-06-27T00:00:00,601,2022-06-27T00:00:00,600,2022-06-27T00:00:00,600,2022-06-13T00:00:00,288,2015-08-17T00:00:00,72,soybeans_weekly_rv
16,bsr,False,2022-06-27T00:00:00,601,2022-06-27T00:00:00,600,2022-06-27T00:00:00,600,2022-06-13T00:00:00,288,2015-08-17T00:00:00,72,soybeans_monthly_rv
16,bsr,False,2022-06-27T00:00:00,601,2022-06-27T00:00:00,600,2022-06-27T00:00:00,600,2022-06-13T00:00:00,288,2015-08-17T00:00:00,72,soybeans_seasonal_rv
16,bsr,False,2022-06-27T00:00:00,601,2022-06-27T00:00:00,600,2022-06-27T00:00:00,600,2022-06-13T00:00:00,288,2015-08-17T00:00:00,72,soybeans_weekly_jumps
16,bsr,False,2022-06-27T00:00:00,601,2022-06-27T00:00:00,600,2022-06-27T00:00:00,600,2022-06-13T00:00:00,288,2015-08-17T00:00:00,72,ssta_lanina
16,bsr,False,2022-06-27T00:00:00,601,2022-06-27T00:00:00,600,2022-06-27T00:00:00,600,2022-06-13T00:00:00,288,2015-08-17T00:00:00,72,tmax_hot_in_planting
16,bsr,False,2022-06-27T00:00:00,601,2022-06-27T00:00:00,600,2022-06-27T00:00:00,600,2022-06-13T00:00:00,288,2015-08-17T00:00:00,72,tmin_very_cold_in_planting
16,bsr,False,2022-06-27T00:00:00,601,2022-06-27T00:00:00,600,2022-06-27T00:00:00,600,2022-06-13T00:00:00,288,2015-08-17T00:00:00,72,awnd_moderate_high_wind_in_planting
16,bsr,False,2022-06-27T00:00:00,601,2022-06-27T00:00:00,600,2022-06-27T00:00:00,600,2022-06-13T00:00:00,288,2015-08-17T00:00:00,72,awnd_extreme_high_wind_in_planting
16,bsr,False,2022-06-27T00:00:00,601,2022-06-27T00:00:00,600,2022-06-27T00:00:00,600,2022-06-13T00:00:00,288,2015-08-17T00:00:00,72,spi_7d_extreme_wet_in_planting
16,bsr,False,2022-06-27T00:00:00,601,2022-06-27T00:00:00,600,2022-06-27T00:00:00,600,2022-06-13T00:00:00,288,2015-08-17T00:00:00,72,pdsi_extreme_wet_in_harvesting
16,bsr,False,2022-06-27T00:00:00,601,2022-06-27T00:00:00,600,2022-06-27T00:00:00,600,2022-06-13T00:00:00,288,2015-08-17T00:00:00,72,pdsi_extreme_drought_in_planting
16,bsr,False,2022-06-27T00:00:00,601,2022-06-27T00:00:00,600,2022-06-27T00:00:00,600,2022-06-13T00:00:00,288,2015-08-17T00:00:00,72,co2_extreme_in_planting
16,bsr,False,2022-06-27T00:00:00,601,2022-06-27T00:00:00,600,2022-06-27T00:00:00,600,2022-06-13T00:00:00,288,2015-08-17T00:00:00,72,frbsf_sentiment
16,bsr,False,2022-06-27T00:00:00,601,2022-06-27T00:00:00,600,2022-06-27T00:00:00,600,2022-06-13T00:00:00,288,2015-08-17T00:00:00,72,WTI_Index
16,bsr,False,2022-06-27T00:00:00,601,2022-06-27T00:00:00,600,2022-06-27T00:00:00,600,2022-06-13T00:00:00,288,2015-08-17T00:00:00,72,Broad_Dollar_index
16,bsr,True,2022-08-01T00:00:00,605,2022-08-01T00:00:00,604,2022-08-01T00:00:00,604,2022-07-25T00:00:00,292,2015-09-21T00:00:00,73,soybeans_weekly_rv
16,bsr,True,2022-08-01T00:00:00,605,2022-08-01T00:00:00,604,2022-08-01T00:00:00,604,2022-07-25T00:00:00,292,2015-09-21T00:00:00,73,soybeans_monthly_rv
16,bsr,True,2022-08-01T00:00:00,605,2022-08-01T00:00:00,604,2022-08-01T00:00:00,604,2022-07-25T00:00:00,292,2015-09-21T00:00:00,73,soybeans_seasonal_rv
16,bsr,True,2022-08-01T00:00:00,605,2022-08-01T00:00:00,604,2022-08-01T00:00:00,604,2022-07-25T00:00:00,292,2015-09-21T00:00:00,73,soybeans_weekly_jumps
16,bsr,True,2022-08-01T00:00:00,605,2022-08-01T00:00:00,604,2022-08-01T00:00:00,604,2022-07-25T00:00:00,292,2015-09-21T00:00:00,73,ssta_lanina
16,bsr,True,2022-08-01T00:00:00,605,2022-08-01T00:00:00,604,2022-08-01T00:00:00,604,2022-07-25T00:00:00,292,2015-09-21T00:00:00,73,tmax_hot_in_planting
16,bsr,True,2022-08-01T00:00:00,605,2022-08-01T00:00:00,604,2022-08-01T00:00:00,604,2022-07-25T00:00:00,292,2015-09-21T00:00:00,73,tmin_very_cold_in_planting
16,bsr,True,2022-08-01T00:00:00,605,2022-08-01T00:00:00,604,2022-08-01T00:00:00,604,2022-07-25T00:00:00,292,2015-09-21T00:00:00,73,awnd_moderate_high_wind_in_planting
16,bsr,True,2022-08-01T00:00:00,605,2022-08-01T00:00:00,604,2022-08-01T00:00:00,604,2022-07-25T00:00:00,292,2015-09-21T00:00:00,73,awnd_extreme_high_wind_in_planting
16,bsr,True,2022-08-01T00:00:00,605,2022-08-01T00:00:00,604,2022-08-01T00:00:00,604,2022-07-25T00:00:00,292,2015-09-21T00:00:00,73,spi_7d_extreme_wet_in_planting
16,bsr,True,2022-08-01T00:00:00,605,2022-08-01T00:00:00,604,2022-08-01T00:00:00,604,2022-07-25T00:00:00,292,2015-09-21T00:00:00,73,pdsi_extreme_wet_in_harvesting
16,bsr,True,2022-08-01T00:00:00,605,2022-08-01T00:00:00,604,2022-08-01T00:00:00,604,2022-07-25T00:00:00,292,2015-09-21T00:00:00,73,pdsi_extreme_drought_in_planting
16,bsr,True,2022-08-01T00:00:00,605,2022-08-01T00:00:00,604,2022-08-01T00:00:00,604,2022-07-25T00:00:00,292,2015-09-21T00:00:00,73,co2_extreme_in_planting
16,bsr,True,2022-08-01T00:00:00,605,2022-08-01T00:00:00,604,2022-08-01T00:00:00,604,2022-07-25T00:00:00,292,2015-09-21T00:00:00,73,frbsf_sentiment
16,bsr,True,2022-08-01T00:00:00,605,2022-08-01T00:00:00,604,2022-08-01T00:00:00,604,2022-07-25T00:00:00,292,2015-09-21T00:00:00,73,WTI_Index
16,bsr,True,2022-08-01T00:00:00,605,2022-08-01T00:00:00,604,2022-08-01T00:00:00,604,2022-07-25T00:00:00,292,2015-09-21T00:00:00,73,Broad_Dollar_index
16,bsr,True,2022-08-29T00:00:00,609,2022-08-29T00:00:00,608,2022-08-29T00:00:00,608,2022-08-22T00:00:00,296,2015-10-26T00:00:00,74,soybeans_weekly_rv
16,bsr,True,2022-08-29T00:00:00,609,2022-08-29T00:00:00,608,2022-08-29T00:00:00,608,2022-08-22T00:00:00,296,2015-10-26T00:00:00,74,soybeans_monthly_rv
16,bsr,True,2022-08-29T00:00:00,609,2022-08-29T00:00:00,608,2022-08-29T00:00:00,608,2022-08-22T00:00:00,296,2015-10-26T00:00:00,74,soybeans_seasonal_rv
16,bsr,True,2022-08-29T00:00:00,609,2022-08-29T00:00:00,608,2022-08-29T00:00:00,608,2022-08-22T00:00:00,296,2015-10-26T00:00:00,74,soybeans_weekly_jumps
16,bsr,True,2022-08-29T00:00:00,609,2022-08-29T00:00:00,608,2022-08-29T00:00:00,608,2022-08-22T00:00:00,296,2015-10-26T00:00:00,74,ssta_lanina
16,bsr,True,2022-08-29T00:00:00,609,2022-08-29T00:00:00,608,2022-08-29T00:00:00,608,2022-08-22T00:00:00,296,2015-10-26T00:00:00,74,tmax_hot_in_planting
16,bsr,True,2022-08-29T00:00:00,609,2022-08-29T00:00:00,608,2022-08-29T00:00:00,608,2022-08-22T00:00:00,296,2015-10-26T00:00:00,74,tmin_very_cold_in_planting
16,bsr,True,2022-08-29T00:00:00,609,2022-08-29T00:00:00,608,2022-08-29T00:00:00,608,2022-08-22T00:00:00,296,2015-10-26T00:00:00,74,awnd_moderate_high_wind_in_planting
16,bsr,True,2022-08-29T00:00:00,609,2022-08-29T00:00:00,608,2022-08-29T00:00:00,608,2022-08-22T00:00:00,296,2015-10-26T00:00:00,74,awnd_extreme_high_wind_in_planting
16,bsr,True,2022-08-29T00:00:00,609,2022-08-29T00:00:00,608,2022-08-29T00:00:00,608,2022-08-22T00:00:00,296,2015-10-26T00:00:00,74,spi_7d_extreme_wet_in_planting
16,bsr,True,2022-08-29T00:00:00,609,2022-08-29T00:00:00,608,2022-08-29T00:00:00,608,2022-08-22T00:00:00,296,2015-10-26T00:00:00,74,pdsi_extreme_wet_in_harvesting
16,bsr,True,2022-08-29T00:00:00,609,2022-08-29T00:00:00,608,2022-08-29T00:00:00,608,2022-08-22T00:00:00,296,2015-10-26T00:00:00,74,pdsi_extreme_drought_in_planting
16,bsr,True,2022-08-29T00:00:00,609,2022-08-29T00:00:00,608,2022-08-29T00:00:00,608,2022-08-22T00:00:00,296,2015-10-26T00:00:00,74,co2_extreme_in_planting
16,bsr,True,2022-08-29T00:00:00,609,2022-08-29T00:00:00,608,2022-08-29T00:00:00,608,2022-08-22T00:00:00,296,2015-10-26T00:00:00,74,frbsf_sentiment
16,bsr,True,2022-08-29T00:00:00,609,2022-08-29T00:00:00,608,2022-08-29T00:00:00,608,2022-08-22T00:00:00,296,2015-10-26T00:00:00,74,WTI_Index
16,bsr,True,2022-08-29T00:00:00,609,2022-08-29T00:00:00,608,2022-08-29T00:00:00,608,2022-08-22T00:00:00,296,2015-10-26T00:00:00,74,Broad_Dollar_index
16,bsr,True,2022-10-03T00:00:00,613,2022-10-03T00:00:00,612,2022-10-03T00:00:00,612,2022-09-26T00:00:00,300,2015-11-23T00:00:00,75,soybeans_weekly_rv
16,bsr,True,2022-10-03T00:00:00,613,2022-10-03T00:00:00,612,2022-10-03T00:00:00,612,2022-09-26T00:00:00,300,2015-11-23T00:00:00,75,soybeans_monthly_rv
16,bsr,True,2022-10-03T00:00:00,613,2022-10-03T00:00:00,612,2022-10-03T00:00:00,612,2022-09-26T00:00:00,300,2015-11-23T00:00:00,75,soybeans_seasonal_rv
16,bsr,True,2022-10-03T00:00:00,613,2022-10-03T00:00:00,612,2022-10-03T00:00:00,612,2022-09-26T00:00:00,300,2015-11-23T00:00:00,75,soybeans_weekly_jumps
16,bsr,True,2022-10-03T00:00:00,613,2022-10-03T00:00:00,612,2022-10-03T00:00:00,612,2022-09-26T00:00:00,300,2015-11-23T00:00:00,75,ssta_lanina
16,bsr,True,2022-10-03T00:00:00,613,2022-10-03T00:00:00,612,2022-10-03T00:00:00,612,2022-09-26T00:00:00,300,2015-11-23T00:00:00,75,tmax_hot_in_planting
16,bsr,True,2022-10-03T00:00:00,613,2022-10-03T00:00:00,612,2022-10-03T00:00:00,612,2022-09-26T00:00:00,300,2015-11-23T00:00:00,75,tmin_very_cold_in_planting
16,bsr,True,2022-10-03T00:00:00,613,2022-10-03T00:00:00,612,2022-10-03T00:00:00,612,2022-09-26T00:00:00,300,2015-11-23T00:00:00,75,awnd_moderate_high_wind_in_planting
16,bsr,True,2022-10-03T00:00:00,613,2022-10-03T00:00:00,612,2022-10-03T00:00:00,612,2022-09-26T00:00:00,300,2015-11-23T00:00:00,75,awnd_extreme_high_wind_in_planting
16,bsr,True,2022-10-03T00:00:00,613,2022-10-03T00:00:00,612,2022-10-03T00:00:00,612,2022-09-26T00:00:00,300,2015-11-23T00:00:00,75,spi_7d_extreme_wet_in_planting
16,bsr,True,2022-10-03T00:00:00,613,2022-10-03T00:00:00,612,2022-10-03T00:00:00,612,2022-09-26T00:00:00,300,2015-11-23T00:00:00,75,pdsi_extreme_wet_in_harvesting
16,bsr,True,2022-10-03T00:00:00,613,2022-10-03T00:00:00,612,2022-10-03T00:00:00,612,2022-09-26T00:00:00,300,2015-11-23T00:00:00,75,pdsi_extreme_drought_in_planting
16,bsr,True,2022-10-03T00:00:00,613,2022-10-03T00:00:00,612,2022-10-03T00:00:00,612,2022-09-26T00:00:00,300,2015-11-23T00:00:00,75,co2_extreme_in_planting
16,bsr,True,2022-10-03T00:00:00,613,2022-10-03T00:00:00,612,2022-10-03T00:00:00,612,2022-09-26T00:00:00,300,2015-11-23T00:00:00,75,frbsf_sentiment
16,bsr,True,2022-10-03T00:00:00,613,2022-10-03T00:00:00,612,2022-10-03T00:00:00,612,2022-09-26T00:00:00,300,2015-11-23T00:00:00,75,WTI_Index
16,bsr,True,2022-10-03T00:00:00,613,2022-10-03T00:00:00,612,2022-10-03T00:00:00,612,2022-09-26T00:00:00,300,2015-11-23T00:00:00,75,Broad_Dollar_index
16,bsr,True,2022-11-07T00:00:00,617,2022-11-07T00:00:00,616,2022-11-07T00:00:00,616,2022-10-31T00:00:00,304,2015-12-21T00:00:00,76,soybeans_weekly_rv
16,bsr,True,2022-11-07T00:00:00,617,2022-11-07T00:00:00,616,2022-11-07T00:00:00,616,2022-10-31T00:00:00,304,2015-12-21T00:00:00,76,soybeans_monthly_rv
16,bsr,True,2022-11-07T00:00:00,617,2022-11-07T00:00:00,616,2022-11-07T00:00:00,616,2022-10-31T00:00:00,304,2015-12-21T00:00:00,76,soybeans_seasonal_rv
16,bsr,True,2022-11-07T00:00:00,617,2022-11-07T00:00:00,616,2022-11-07T00:00:00,616,2022-10-31T00:00:00,304,2015-12-21T00:00:00,76,soybeans_weekly_jumps
16,bsr,True,2022-11-07T00:00:00,617,2022-11-07T00:00:00,616,2022-11-07T00:00:00,616,2022-10-31T00:00:00,304,2015-12-21T00:00:00,76,ssta_lanina
16,bsr,True,2022-11-07T00:00:00,617,2022-11-07T00:00:00,616,2022-11-07T00:00:00,616,2022-10-31T00:00:00,304,2015-12-21T00:00:00,76,tmax_hot_in_planting
16,bsr,True,2022-11-07T00:00:00,617,2022-11-07T00:00:00,616,2022-11-07T00:00:00,616,2022-10-31T00:00:00,304,2015-12-21T00:00:00,76,tmin_very_cold_in_planting
16,bsr,True,2022-11-07T00:00:00,617,2022-11-07T00:00:00,616,2022-11-07T00:00:00,616,2022-10-31T00:00:00,304,2015-12-21T00:00:00,76,awnd_moderate_high_wind_in_planting
16,bsr,True,2022-11-07T00:00:00,617,2022-11-07T00:00:00,616,2022-11-07T00:00:00,616,2022-10-31T00:00:00,304,2015-12-21T00:00:00,76,awnd_extreme_high_wind_in_planting
16,bsr,True,2022-11-07T00:00:00,617,2022-11-07T00:00:00,616,2022-11-07T00:00:00,616,2022-10-31T00:00:00,304,2015-12-21T00:00:00,76,spi_7d_extreme_wet_in_planting
16,bsr,True,2022-11-07T00:00:00,617,2022-11-07T00:00:00,616,2022-11-07T00:00:00,616,2022-10-31T00:00:00,304,2015-12-21T00:00:00,76,pdsi_extreme_wet_in_harvesting
16,bsr,True,2022-11-07T00:00:00,617,2022-11-07T00:00:00,616,2022-11-07T00:00:00,616,2022-10-31T00:00:00,304,2015-12-21T00:00:00,76,pdsi_extreme_drought_in_planting
16,bsr,True,2022-11-07T00:00:00,617,2022-11-07T00:00:00,616,2022-11-07T00:00:00,616,2022-10-31T00:00:00,304,2015-12-21T00:00:00,76,co2_extreme_in_planting
16,bsr,True,2022-11-07T00:00:00,617,2022-11-07T00:00:00,616,2022-11-07T00:00:00,616,2022-10-31T00:00:00,304,2015-12-21T00:00:00,76,frbsf_sentiment
16,bsr,True,2022-11-07T00:00:00,617,2022-11-07T00:00:00,616,2022-11-07T00:00:00,616,2022-10-31T00:00:00,304,2015-12-21T00:00:00,76,WTI_Index
16,bsr,True,2022-11-07T00:00:00,617,2022-11-07T00:00:00,616,2022-11-07T00:00:00,616,2022-10-31T00:00:00,304,2015-12-21T00:00:00,76,Broad_Dollar_index
16,bsr,True,2022-12-05T00:00:00,621,2022-12-05T00:00:00,620,2022-12-05T00:00:00,620,2022-11-28T00:00:00,308,2016-02-01T00:00:00,77,soybeans_weekly_rv
16,bsr,True,2022-12-05T00:00:00,621,2022-12-05T00:00:00,620,2022-12-05T00:00:00,620,2022-11-28T00:00:00,308,2016-02-01T00:00:00,77,soybeans_monthly_rv
16,bsr,True,2022-12-05T00:00:00,621,2022-12-05T00:00:00,620,2022-12-05T00:00:00,620,2022-11-28T00:00:00,308,2016-02-01T00:00:00,77,soybeans_seasonal_rv
16,bsr,True,2022-12-05T00:00:00,621,2022-12-05T00:00:00,620,2022-12-05T00:00:00,620,2022-11-28T00:00:00,308,2016-02-01T00:00:00,77,soybeans_weekly_jumps
16,bsr,True,2022-12-05T00:00:00,621,2022-12-05T00:00:00,620,2022-12-05T00:00:00,620,2022-11-28T00:00:00,308,2016-02-01T00:00:00,77,ssta_lanina
16,bsr,True,2022-12-05T00:00:00,621,2022-12-05T00:00:00,620,2022-12-05T00:00:00,620,2022-11-28T00:00:00,308,2016-02-01T00:00:00,77,tmax_hot_in_planting
16,bsr,True,2022-12-05T00:00:00,621,2022-12-05T00:00:00,620,2022-12-05T00:00:00,620,2022-11-28T00:00:00,308,2016-02-01T00:00:00,77,tmin_very_cold_in_planting
16,bsr,True,2022-12-05T00:00:00,621,2022-12-05T00:00:00,620,2022-12-05T00:00:00,620,2022-11-28T00:00:00,308,2016-02-01T00:00:00,77,awnd_moderate_high_wind_in_planting
16,bsr,True,2022-12-05T00:00:00,621,2022-12-05T00:00:00,620,2022-12-05T00:00:00,620,2022-11-28T00:00:00,308,2016-02-01T00:00:00,77,awnd_extreme_high_wind_in_planting
16,bsr,True,2022-12-05T00:00:00,621,2022-12-05T00:00:00,620,2022-12-05T00:00:00,620,2022-11-28T00:00:00,308,2016-02-01T00:00:00,77,spi_7d_extreme_wet_in_planting
16,bsr,True,2022-12-05T00:00:00,621,2022-12-05T00:00:00,620,2022-12-05T00:00:00,620,2022-11-28T00:00:00,308,2016-02-01T00:00:00,77,pdsi_extreme_wet_in_harvesting
16,bsr,True,2022-12-05T00:00:00,621,2022-12-05T00:00:00,620,2022-12-05T00:00:00,620,2022-11-28T00:00:00,308,2016-02-01T00:00:00,77,pdsi_extreme_drought_in_planting
16,bsr,True,2022-12-05T00:00:00,621,2022-12-05T00:00:00,620,2022-12-05T00:00:00,620,2022-11-28T00:00:00,308,2016-02-01T00:00:00,77,co2_extreme_in_planting
16,bsr,True,2022-12-05T00:00:00,621,2022-12-05T00:00:00,620,2022-12-05T00:00:00,620,2022-11-28T00:00:00,308,2016-02-01T00:00:00,77,frbsf_sentiment
16,bsr,True,2022-12-05T00:00:00,621,2022-12-05T00:00:00,620,2022-12-05T00:00:00,620,2022-11-28T00:00:00,308,2016-02-01T00:00:00,77,WTI_Index
16,bsr,True,2022-12-05T00:00:00,621,2022-12-05T00:00:00,620,2022-12-05T00:00:00,620,2022-11-28T00:00:00,308,2016-02-01T00:00:00,77,Broad_Dollar_index
16,bsr,True,2023-01-23T00:00:00,625,2023-01-23T00:00:00,624,2023-01-23T00:00:00,624,2023-01-09T00:00:00,312,2016-03-07T00:00:00,78,soybeans_weekly_rv
16,bsr,True,2023-01-23T00:00:00,625,2023-01-23T00:00:00,624,2023-01-23T00:00:00,624,2023-01-09T00:00:00,312,2016-03-07T00:00:00,78,soybeans_monthly_rv
16,bsr,True,2023-01-23T00:00:00,625,2023-01-23T00:00:00,624,2023-01-23T00:00:00,624,2023-01-09T00:00:00,312,2016-03-07T00:00:00,78,soybeans_seasonal_rv
16,bsr,True,2023-01-23T00:00:00,625,2023-01-23T00:00:00,624,2023-01-23T00:00:00,624,2023-01-09T00:00:00,312,2016-03-07T00:00:00,78,soybeans_weekly_jumps
16,bsr,True,2023-01-23T00:00:00,625,2023-01-23T00:00:00,624,2023-01-23T00:00:00,624,2023-01-09T00:00:00,312,2016-03-07T00:00:00,78,ssta_lanina
16,bsr,True,2023-01-23T00:00:00,625,2023-01-23T00:00:00,624,2023-01-23T00:00:00,624,2023-01-09T00:00:00,312,2016-03-07T00:00:00,78,tmax_hot_in_planting
16,bsr,True,2023-01-23T00:00:00,625,2023-01-23T00:00:00,624,2023-01-23T00:00:00,624,2023-01-09T00:00:00,312,2016-03-07T00:00:00,78,tmin_very_cold_in_planting
16,bsr,True,2023-01-23T00:00:00,625,2023-01-23T00:00:00,624,2023-01-23T00:00:00,624,2023-01-09T00:00:00,312,2016-03-07T00:00:00,78,awnd_moderate_high_wind_in_planting
16,bsr,True,2023-01-23T00:00:00,625,2023-01-23T00:00:00,624,2023-01-23T00:00:00,624,2023-01-09T00:00:00,312,2016-03-07T00:00:00,78,awnd_extreme_high_wind_in_planting
16,bsr,True,2023-01-23T00:00:00,625,2023-01-23T00:00:00,624,2023-01-23T00:00:00,624,2023-01-09T00:00:00,312,2016-03-07T00:00:00,78,spi_7d_extreme_wet_in_planting
16,bsr,True,2023-01-23T00:00:00,625,2023-01-23T00:00:00,624,2023-01-23T00:00:00,624,2023-01-09T00:00:00,312,2016-03-07T00:00:00,78,pdsi_extreme_wet_in_harvesting
16,bsr,True,2023-01-23T00:00:00,625,2023-01-23T00:00:00,624,2023-01-23T00:00:00,624,2023-01-09T00:00:00,312,2016-03-07T00:00:00,78,pdsi_extreme_drought_in_planting
16,bsr,True,2023-01-23T00:00:00,625,2023-01-23T00:00:00,624,2023-01-23T00:00:00,624,2023-01-09T00:00:00,312,2016-03-07T00:00:00,78,co2_extreme_in_planting
16,bsr,True,2023-01-23T00:00:00,625,2023-01-23T00:00:00,624,2023-01-23T00:00:00,624,2023-01-09T00:00:00,312,2016-03-07T00:00:00,78,frbsf_sentiment
16,bsr,True,2023-01-23T00:00:00,625,2023-01-23T00:00:00,624,2023-01-23T00:00:00,624,2023-01-09T00:00:00,312,2016-03-07T00:00:00,78,WTI_Index
16,bsr,True,2023-01-23T00:00:00,625,2023-01-23T00:00:00,624,2023-01-23T00:00:00,624,2023-01-09T00:00:00,312,2016-03-07T00:00:00,78,Broad_Dollar_index
16,bsr,True,2023-02-27T00:00:00,629,2023-02-27T00:00:00,628,2023-02-27T00:00:00,628,2023-02-13T00:00:00,316,2016-04-04T00:00:00,79,soybeans_weekly_rv
16,bsr,True,2023-02-27T00:00:00,629,2023-02-27T00:00:00,628,2023-02-27T00:00:00,628,2023-02-13T00:00:00,316,2016-04-04T00:00:00,79,soybeans_monthly_rv
16,bsr,True,2023-02-27T00:00:00,629,2023-02-27T00:00:00,628,2023-02-27T00:00:00,628,2023-02-13T00:00:00,316,2016-04-04T00:00:00,79,soybeans_seasonal_rv
16,bsr,True,2023-02-27T00:00:00,629,2023-02-27T00:00:00,628,2023-02-27T00:00:00,628,2023-02-13T00:00:00,316,2016-04-04T00:00:00,79,soybeans_weekly_jumps
16,bsr,True,2023-02-27T00:00:00,629,2023-02-27T00:00:00,628,2023-02-27T00:00:00,628,2023-02-13T00:00:00,316,2016-04-04T00:00:00,79,ssta_lanina
16,bsr,True,2023-02-27T00:00:00,629,2023-02-27T00:00:00,628,2023-02-27T00:00:00,628,2023-02-13T00:00:00,316,2016-04-04T00:00:00,79,tmax_hot_in_planting
16,bsr,True,2023-02-27T00:00:00,629,2023-02-27T00:00:00,628,2023-02-27T00:00:00,628,2023-02-13T00:00:00,316,2016-04-04T00:00:00,79,tmin_very_cold_in_planting
16,bsr,True,2023-02-27T00:00:00,629,2023-02-27T00:00:00,628,2023-02-27T00:00:00,628,2023-02-13T00:00:00,316,2016-04-04T00:00:00,79,awnd_moderate_high_wind_in_planting
16,bsr,True,2023-02-27T00:00:00,629,2023-02-27T00:00:00,628,2023-02-27T00:00:00,628,2023-02-13T00:00:00,316,2016-04-04T00:00:00,79,awnd_extreme_high_wind_in_planting
16,bsr,True,2023-02-27T00:00:00,629,2023-02-27T00:00:00,628,2023-02-27T00:00:00,628,2023-02-13T00:00:00,316,2016-04-04T00:00:00,79,spi_7d_extreme_wet_in_planting
16,bsr,True,2023-02-27T00:00:00,629,2023-02-27T00:00:00,628,2023-02-27T00:00:00,628,2023-02-13T00:00:00,316,2016-04-04T00:00:00,79,pdsi_extreme_wet_in_harvesting
16,bsr,True,2023-02-27T00:00:00,629,2023-02-27T00:00:00,628,2023-02-27T00:00:00,628,2023-02-13T00:00:00,316,2016-04-04T00:00:00,79,pdsi_extreme_drought_in_planting
16,bsr,True,2023-02-27T00:00:00,629,2023-02-27T00:00:00,628,2023-02-27T00:00:00,628,2023-02-13T00:00:00,316,2016-04-04T00:00:00,79,co2_extreme_in_planting
16,bsr,True,2023-02-27T00:00:00,629,2023-02-27T00:00:00,628,2023-02-27T00:00:00,628,2023-02-13T00:00:00,316,2016-04-04T00:00:00,79,frbsf_sentiment
16,bsr,True,2023-02-27T00:00:00,629,2023-02-27T00:00:00,628,2023-02-27T00:00:00,628,2023-02-13T00:00:00,316,2016-04-04T00:00:00,79,WTI_Index
16,bsr,True,2023-02-27T00:00:00,629,2023-02-27T00:00:00,628,2023-02-27T00:00:00,628,2023-02-13T00:00:00,316,2016-04-04T00:00:00,79,Broad_Dollar_index
21,bsr,False,2023-03-27T00:00:00,633,2023-03-27T00:00:00,632,2023-03-27T00:00:00,632,2023-03-20T00:00:00,320,2016-05-02T00:00:00,80,soybeans_weekly_rv
21,bsr,False,2023-03-27T00:00:00,633,2023-03-27T00:00:00,632,2023-03-27T00:00:00,632,2023-03-20T00:00:00,320,2016-05-02T00:00:00,80,soybeans_monthly_rv
21,bsr,False,2023-03-27T00:00:00,633,2023-03-27T00:00:00,632,2023-03-27T00:00:00,632,2023-03-20T00:00:00,320,2016-05-02T00:00:00,80,soybeans_seasonal_rv
21,bsr,False,2023-03-27T00:00:00,633,2023-03-27T00:00:00,632,2023-03-27T00:00:00,632,2023-03-20T00:00:00,320,2016-05-02T00:00:00,80,soybeans_weekly_jumps
21,bsr,False,2023-03-27T00:00:00,633,2023-03-27T00:00:00,632,2023-03-27T00:00:00,632,2023-03-20T00:00:00,320,2016-05-02T00:00:00,80,ssta_elino
21,bsr,False,2023-03-27T00:00:00,633,2023-03-27T00:00:00,632,2023-03-27T00:00:00,632,2023-03-20T00:00:00,320,2016-05-02T00:00:00,80,ssta_lanina
21,bsr,False,2023-03-27T00:00:00,633,2023-03-27T00:00:00,632,2023-03-27T00:00:00,632,2023-03-20T00:00:00,320,2016-05-02T00:00:00,80,NAO_index
21,bsr,False,2023-03-27T00:00:00,633,2023-03-27T00:00:00,632,2023-03-27T00:00:00,632,2023-03-20T00:00:00,320,2016-05-02T00:00:00,80,tmax_hot_in_planting
21,bsr,False,2023-03-27T00:00:00,633,2023-03-27T00:00:00,632,2023-03-27T00:00:00,632,2023-03-20T00:00:00,320,2016-05-02T00:00:00,80,tmax_very_hot_in_harvesting
21,bsr,False,2023-03-27T00:00:00,633,2023-03-27T00:00:00,632,2023-03-27T00:00:00,632,2023-03-20T00:00:00,320,2016-05-02T00:00:00,80,tmin_very_cold_in_planting
21,bsr,False,2023-03-27T00:00:00,633,2023-03-27T00:00:00,632,2023-03-27T00:00:00,632,2023-03-20T00:00:00,320,2016-05-02T00:00:00,80,awnd_moderate_high_wind_in_planting
21,bsr,False,2023-03-27T00:00:00,633,2023-03-27T00:00:00,632,2023-03-27T00:00:00,632,2023-03-20T00:00:00,320,2016-05-02T00:00:00,80,awnd_extreme_high_wind_in_planting
21,bsr,False,2023-03-27T00:00:00,633,2023-03-27T00:00:00,632,2023-03-27T00:00:00,632,2023-03-20T00:00:00,320,2016-05-02T00:00:00,80,pdsi_very_wet_in_planting
21,bsr,False,2023-03-27T00:00:00,633,2023-03-27T00:00:00,632,2023-03-27T00:00:00,632,2023-03-20T00:00:00,320,2016-05-02T00:00:00,80,pdsi_very_wet_in_harvesting
21,bsr,False,2023-03-27T00:00:00,633,2023-03-27T00:00:00,632,2023-03-27T00:00:00,632,2023-03-20T00:00:00,320,2016-05-02T00:00:00,80,pdsi_extreme_wet_in_planting
21,bsr,False,2023-03-27T00:00:00,633,2023-03-27T00:00:00,632,2023-03-27T00:00:00,632,2023-03-20T00:00:00,320,2016-05-02T00:00:00,80,pdsi_extreme_wet_in_harvesting
21,bsr,False,2023-03-27T00:00:00,633,2023-03-27T00:00:00,632,2023-03-27T00:00:00,632,2023-03-20T00:00:00,320,2016-05-02T00:00:00,80,pdsi_extreme_drought_in_planting
21,bsr,False,2023-03-27T00:00:00,633,2023-03-27T00:00:00,632,2023-03-27T00:00:00,632,2023-03-20T00:00:00,320,2016-05-02T00:00:00,80,co2_extreme_in_planting
21,bsr,False,2023-03-27T00:00:00,633,2023-03-27T00:00:00,632,2023-03-27T00:00:00,632,2023-03-20T00:00:00,320,2016-05-02T00:00:00,80,DJIA_Index
21,bsr,False,2023-03-27T00:00:00,633,2023-03-27T00:00:00,632,2023-03-27T00:00:00,632,2023-03-20T00:00:00,320,2016-05-02T00:00:00,80,WTI_Index
21,bsr,False,2023-03-27T00:00:00,633,2023-03-27T00:00:00,632,2023-03-27T00:00:00,632,2023-03-20T00:00:00,320,2016-05-02T00:00:00,80,Broad_Dollar_index
21,bsr,True,2023-04-24T00:00:00,637,2023-04-24T00:00:00,636,2023-04-24T00:00:00,636,2023-04-17T00:00:00,324,2016-06-06T00:00:00,81,soybeans_weekly_rv
21,bsr,True,2023-04-24T00:00:00,637,2023-04-24T00:00:00,636,2023-04-24T00:00:00,636,2023-04-17T00:00:00,324,2016-06-06T00:00:00,81,soybeans_monthly_rv
21,bsr,True,2023-04-24T00:00:00,637,2023-04-24T00:00:00,636,2023-04-24T00:00:00,636,2023-04-17T00:00:00,324,2016-06-06T00:00:00,81,soybeans_seasonal_rv
21,bsr,True,2023-04-24T00:00:00,637,2023-04-24T00:00:00,636,2023-04-24T00:00:00,636,2023-04-17T00:00:00,324,2016-06-06T00:00:00,81,soybeans_weekly_jumps
21,bsr,True,2023-04-24T00:00:00,637,2023-04-24T00:00:00,636,2023-04-24T00:00:00,636,2023-04-17T00:00:00,324,2016-06-06T00:00:00,81,ssta_elino
21,bsr,True,2023-04-24T00:00:00,637,2023-04-24T00:00:00,636,2023-04-24T00:00:00,636,2023-04-17T00:00:00,324,2016-06-06T00:00:00,81,ssta_lanina
21,bsr,True,2023-04-24T00:00:00,637,2023-04-24T00:00:00,636,2023-04-24T00:00:00,636,2023-04-17T00:00:00,324,2016-06-06T00:00:00,81,NAO_index
21,bsr,True,2023-04-24T00:00:00,637,2023-04-24T00:00:00,636,2023-04-24T00:00:00,636,2023-04-17T00:00:00,324,2016-06-06T00:00:00,81,tmax_hot_in_planting
21,bsr,True,2023-04-24T00:00:00,637,2023-04-24T00:00:00,636,2023-04-24T00:00:00,636,2023-04-17T00:00:00,324,2016-06-06T00:00:00,81,tmax_very_hot_in_harvesting
21,bsr,True,2023-04-24T00:00:00,637,2023-04-24T00:00:00,636,2023-04-24T00:00:00,636,2023-04-17T00:00:00,324,2016-06-06T00:00:00,81,tmin_very_cold_in_planting
21,bsr,True,2023-04-24T00:00:00,637,2023-04-24T00:00:00,636,2023-04-24T00:00:00,636,2023-04-17T00:00:00,324,2016-06-06T00:00:00,81,awnd_moderate_high_wind_in_planting
21,bsr,True,2023-04-24T00:00:00,637,2023-04-24T00:00:00,636,2023-04-24T00:00:00,636,2023-04-17T00:00:00,324,2016-06-06T00:00:00,81,awnd_extreme_high_wind_in_planting
21,bsr,True,2023-04-24T00:00:00,637,2023-04-24T00:00:00,636,2023-04-24T00:00:00,636,2023-04-17T00:00:00,324,2016-06-06T00:00:00,81,pdsi_very_wet_in_planting
21,bsr,True,2023-04-24T00:00:00,637,2023-04-24T00:00:00,636,2023-04-24T00:00:00,636,2023-04-17T00:00:00,324,2016-06-06T00:00:00,81,pdsi_very_wet_in_harvesting
21,bsr,True,2023-04-24T00:00:00,637,2023-04-24T00:00:00,636,2023-04-24T00:00:00,636,2023-04-17T00:00:00,324,2016-06-06T00:00:00,81,pdsi_extreme_wet_in_planting
21,bsr,True,2023-04-24T00:00:00,637,2023-04-24T00:00:00,636,2023-04-24T00:00:00,636,2023-04-17T00:00:00,324,2016-06-06T00:00:00,81,pdsi_extreme_wet_in_harvesting
21,bsr,True,2023-04-24T00:00:00,637,2023-04-24T00:00:00,636,2023-04-24T00:00:00,636,2023-04-17T00:00:00,324,2016-06-06T00:00:00,81,pdsi_extreme_drought_in_planting
21,bsr,True,2023-04-24T00:00:00,637,2023-04-24T00:00:00,636,2023-04-24T00:00:00,636,2023-04-17T00:00:00,324,2016-06-06T00:00:00,81,co2_extreme_in_planting
21,bsr,True,2023-04-24T00:00:00,637,2023-04-24T00:00:00,636,2023-04-24T00:00:00,636,2023-04-17T00:00:00,324,2016-06-06T00:00:00,81,DJIA_Index
21,bsr,True,2023-04-24T00:00:00,637,2023-04-24T00:00:00,636,2023-04-24T00:00:00,636,2023-04-17T00:00:00,324,2016-06-06T00:00:00,81,WTI_Index
21,bsr,True,2023-04-24T00:00:00,637,2023-04-24T00:00:00,636,2023-04-24T00:00:00,636,2023-04-17T00:00:00,324,2016-06-06T00:00:00,81,Broad_Dollar_index
21,bsr,True,2023-05-22T00:00:00,641,2023-05-22T00:00:00,640,2023-05-22T00:00:00,640,2023-05-15T00:00:00,328,2016-07-11T00:00:00,82,soybeans_weekly_rv
21,bsr,True,2023-05-22T00:00:00,641,2023-05-22T00:00:00,640,2023-05-22T00:00:00,640,2023-05-15T00:00:00,328,2016-07-11T00:00:00,82,soybeans_monthly_rv
21,bsr,True,2023-05-22T00:00:00,641,2023-05-22T00:00:00,640,2023-05-22T00:00:00,640,2023-05-15T00:00:00,328,2016-07-11T00:00:00,82,soybeans_seasonal_rv
21,bsr,True,2023-05-22T00:00:00,641,2023-05-22T00:00:00,640,2023-05-22T00:00:00,640,2023-05-15T00:00:00,328,2016-07-11T00:00:00,82,soybeans_weekly_jumps
21,bsr,True,2023-05-22T00:00:00,641,2023-05-22T00:00:00,640,2023-05-22T00:00:00,640,2023-05-15T00:00:00,328,2016-07-11T00:00:00,82,ssta_elino
21,bsr,True,2023-05-22T00:00:00,641,2023-05-22T00:00:00,640,2023-05-22T00:00:00,640,2023-05-15T00:00:00,328,2016-07-11T00:00:00,82,ssta_lanina
21,bsr,True,2023-05-22T00:00:00,641,2023-05-22T00:00:00,640,2023-05-22T00:00:00,640,2023-05-15T00:00:00,328,2016-07-11T00:00:00,82,NAO_index
21,bsr,True,2023-05-22T00:00:00,641,2023-05-22T00:00:00,640,2023-05-22T00:00:00,640,2023-05-15T00:00:00,328,2016-07-11T00:00:00,82,tmax_hot_in_planting
21,bsr,True,2023-05-22T00:00:00,641,2023-05-22T00:00:00,640,2023-05-22T00:00:00,640,2023-05-15T00:00:00,328,2016-07-11T00:00:00,82,tmax_very_hot_in_harvesting
21,bsr,True,2023-05-22T00:00:00,641,2023-05-22T00:00:00,640,2023-05-22T00:00:00,640,2023-05-15T00:00:00,328,2016-07-11T00:00:00,82,tmin_very_cold_in_planting
21,bsr,True,2023-05-22T00:00:00,641,2023-05-22T00:00:00,640,2023-05-22T00:00:00,640,2023-05-15T00:00:00,328,2016-07-11T00:00:00,82,awnd_moderate_high_wind_in_planting
21,bsr,True,2023-05-22T00:00:00,641,2023-05-22T00:00:00,640,2023-05-22T00:00:00,640,2023-05-15T00:00:00,328,2016-07-11T00:00:00,82,awnd_extreme_high_wind_in_planting
21,bsr,True,2023-05-22T00:00:00,641,2023-05-22T00:00:00,640,2023-05-22T00:00:00,640,2023-05-15T00:00:00,328,2016-07-11T00:00:00,82,pdsi_very_wet_in_planting
21,bsr,True,2023-05-22T00:00:00,641,2023-05-22T00:00:00,640,2023-05-22T00:00:00,640,2023-05-15T00:00:00,328,2016-07-11T00:00:00,82,pdsi_very_wet_in_harvesting
21,bsr,True,2023-05-22T00:00:00,641,2023-05-22T00:00:00,640,2023-05-22T00:00:00,640,2023-05-15T00:00:00,328,2016-07-11T00:00:00,82,pdsi_extreme_wet_in_planting
21,bsr,True,2023-05-22T00:00:00,641,2023-05-22T00:00:00,640,2023-05-22T00:00:00,640,2023-05-15T00:00:00,328,2016-07-11T00:00:00,82,pdsi_extreme_wet_in_harvesting
21,bsr,True,2023-05-22T00:00:00,641,2023-05-22T00:00:00,640,2023-05-22T00:00:00,640,2023-05-15T00:00:00,328,2016-07-11T00:00:00,82,pdsi_extreme_drought_in_planting
21,bsr,True,2023-05-22T00:00:00,641,2023-05-22T00:00:00,640,2023-05-22T00:00:00,640,2023-05-15T00:00:00,328,2016-07-11T00:00:00,82,co2_extreme_in_planting
21,bsr,True,2023-05-22T00:00:00,641,2023-05-22T00:00:00,640,2023-05-22T00:00:00,640,2023-05-15T00:00:00,328,2016-07-11T00:00:00,82,DJIA_Index
21,bsr,True,2023-05-22T00:00:00,641,2023-05-22T00:00:00,640,2023-05-22T00:00:00,640,2023-05-15T00:00:00,328,2016-07-11T00:00:00,82,WTI_Index
21,bsr,True,2023-05-22T00:00:00,641,2023-05-22T00:00:00,640,2023-05-22T00:00:00,640,2023-05-15T00:00:00,328,2016-07-11T00:00:00,82,Broad_Dollar_index
21,bsr,True,2023-07-03T00:00:00,645,2023-07-03T00:00:00,644,2023-07-03T00:00:00,644,2023-06-26T00:00:00,332,2016-08-08T00:00:00,83,soybeans_weekly_rv
21,bsr,True,2023-07-03T00:00:00,645,2023-07-03T00:00:00,644,2023-07-03T00:00:00,644,2023-06-26T00:00:00,332,2016-08-08T00:00:00,83,soybeans_monthly_rv
21,bsr,True,2023-07-03T00:00:00,645,2023-07-03T00:00:00,644,2023-07-03T00:00:00,644,2023-06-26T00:00:00,332,2016-08-08T00:00:00,83,soybeans_seasonal_rv
21,bsr,True,2023-07-03T00:00:00,645,2023-07-03T00:00:00,644,2023-07-03T00:00:00,644,2023-06-26T00:00:00,332,2016-08-08T00:00:00,83,soybeans_weekly_jumps
21,bsr,True,2023-07-03T00:00:00,645,2023-07-03T00:00:00,644,2023-07-03T00:00:00,644,2023-06-26T00:00:00,332,2016-08-08T00:00:00,83,ssta_elino
21,bsr,True,2023-07-03T00:00:00,645,2023-07-03T00:00:00,644,2023-07-03T00:00:00,644,2023-06-26T00:00:00,332,2016-08-08T00:00:00,83,ssta_lanina
21,bsr,True,2023-07-03T00:00:00,645,2023-07-03T00:00:00,644,2023-07-03T00:00:00,644,2023-06-26T00:00:00,332,2016-08-08T00:00:00,83,NAO_index
21,bsr,True,2023-07-03T00:00:00,645,2023-07-03T00:00:00,644,2023-07-03T00:00:00,644,2023-06-26T00:00:00,332,2016-08-08T00:00:00,83,tmax_hot_in_planting
21,bsr,True,2023-07-03T00:00:00,645,2023-07-03T00:00:00,644,2023-07-03T00:00:00,644,2023-06-26T00:00:00,332,2016-08-08T00:00:00,83,tmax_very_hot_in_harvesting
21,bsr,True,2023-07-03T00:00:00,645,2023-07-03T00:00:00,644,2023-07-03T00:00:00,644,2023-06-26T00:00:00,332,2016-08-08T00:00:00,83,tmin_very_cold_in_planting
21,bsr,True,2023-07-03T00:00:00,645,2023-07-03T00:00:00,644,2023-07-03T00:00:00,644,2023-06-26T00:00:00,332,2016-08-08T00:00:00,83,awnd_moderate_high_wind_in_planting
21,bsr,True,2023-07-03T00:00:00,645,2023-07-03T00:00:00,644,2023-07-03T00:00:00,644,2023-06-26T00:00:00,332,2016-08-08T00:00:00,83,awnd_extreme_high_wind_in_planting
21,bsr,True,2023-07-03T00:00:00,645,2023-07-03T00:00:00,644,2023-07-03T00:00:00,644,2023-06-26T00:00:00,332,2016-08-08T00:00:00,83,pdsi_very_wet_in_planting
21,bsr,True,2023-07-03T00:00:00,645,2023-07-03T00:00:00,644,2023-07-03T00:00:00,644,2023-06-26T00:00:00,332,2016-08-08T00:00:00,83,pdsi_very_wet_in_harvesting
21,bsr,True,2023-07-03T00:00:00,645,2023-07-03T00:00:00,644,2023-07-03T00:00:00,644,2023-06-26T00:00:00,332,2016-08-08T00:00:00,83,pdsi_extreme_wet_in_planting
21,bsr,True,2023-07-03T00:00:00,645,2023-07-03T00:00:00,644,2023-07-03T00:00:00,644,2023-06-26T00:00:00,332,2016-08-08T00:00:00,83,pdsi_extreme_wet_in_harvesting
21,bsr,True,2023-07-03T00:00:00,645,2023-07-03T00:00:00,644,2023-07-03T00:00:00,644,2023-06-26T00:00:00,332,2016-08-08T00:00:00,83,pdsi_extreme_drought_in_planting
21,bsr,True,2023-07-03T00:00:00,645,2023-07-03T00:00:00,644,2023-07-03T00:00:00,644,2023-06-26T00:00:00,332,2016-08-08T00:00:00,83,co2_extreme_in_planting
21,bsr,True,2023-07-03T00:00:00,645,2023-07-03T00:00:00,644,2023-07-03T00:00:00,644,2023-06-26T00:00:00,332,2016-08-08T00:00:00,83,DJIA_Index
21,bsr,True,2023-07-03T00:00:00,645,2023-07-03T00:00:00,644,2023-07-03T00:00:00,644,2023-06-26T00:00:00,332,2016-08-08T00:00:00,83,WTI_Index
21,bsr,True,2023-07-03T00:00:00,645,2023-07-03T00:00:00,644,2023-07-03T00:00:00,644,2023-06-26T00:00:00,332,2016-08-08T00:00:00,83,Broad_Dollar_index
21,bsr,True,2023-07-31T00:00:00,649,2023-07-31T00:00:00,648,2023-07-31T00:00:00,648,2023-07-24T00:00:00,336,2016-09-12T00:00:00,84,soybeans_weekly_rv
21,bsr,True,2023-07-31T00:00:00,649,2023-07-31T00:00:00,648,2023-07-31T00:00:00,648,2023-07-24T00:00:00,336,2016-09-12T00:00:00,84,soybeans_monthly_rv
21,bsr,True,2023-07-31T00:00:00,649,2023-07-31T00:00:00,648,2023-07-31T00:00:00,648,2023-07-24T00:00:00,336,2016-09-12T00:00:00,84,soybeans_seasonal_rv
21,bsr,True,2023-07-31T00:00:00,649,2023-07-31T00:00:00,648,2023-07-31T00:00:00,648,2023-07-24T00:00:00,336,2016-09-12T00:00:00,84,soybeans_weekly_jumps
21,bsr,True,2023-07-31T00:00:00,649,2023-07-31T00:00:00,648,2023-07-31T00:00:00,648,2023-07-24T00:00:00,336,2016-09-12T00:00:00,84,ssta_elino
21,bsr,True,2023-07-31T00:00:00,649,2023-07-31T00:00:00,648,2023-07-31T00:00:00,648,2023-07-24T00:00:00,336,2016-09-12T00:00:00,84,ssta_lanina
21,bsr,True,2023-07-31T00:00:00,649,2023-07-31T00:00:00,648,2023-07-31T00:00:00,648,2023-07-24T00:00:00,336,2016-09-12T00:00:00,84,NAO_index
21,bsr,True,2023-07-31T00:00:00,649,2023-07-31T00:00:00,648,2023-07-31T00:00:00,648,2023-07-24T00:00:00,336,2016-09-12T00:00:00,84,tmax_hot_in_planting
21,bsr,True,2023-07-31T00:00:00,649,2023-07-31T00:00:00,648,2023-07-31T00:00:00,648,2023-07-24T00:00:00,336,2016-09-12T00:00:00,84,tmax_very_hot_in_harvesting
21,bsr,True,2023-07-31T00:00:00,649,2023-07-31T00:00:00,648,2023-07-31T00:00:00,648,2023-07-24T00:00:00,336,2016-09-12T00:00:00,84,tmin_very_cold_in_planting
21,bsr,True,2023-07-31T00:00:00,649,2023-07-31T00:00:00,648,2023-07-31T00:00:00,648,2023-07-24T00:00:00,336,2016-09-12T00:00:00,84,awnd_moderate_high_wind_in_planting
21,bsr,True,2023-07-31T00:00:00,649,2023-07-31T00:00:00,648,2023-07-31T00:00:00,648,2023-07-24T00:00:00,336,2016-09-12T00:00:00,84,awnd_extreme_high_wind_in_planting
21,bsr,True,2023-07-31T00:00:00,649,2023-07-31T00:00:00,648,2023-07-31T00:00:00,648,2023-07-24T00:00:00,336,2016-09-12T00:00:00,84,pdsi_very_wet_in_planting
21,bsr,True,2023-07-31T00:00:00,649,2023-07-31T00:00:00,648,2023-07-31T00:00:00,648,2023-07-24T00:00:00,336,2016-09-12T00:00:00,84,pdsi_very_wet_in_harvesting
21,bsr,True,2023-07-31T00:00:00,649,2023-07-31T00:00:00,648,2023-07-31T00:00:00,648,2023-07-24T00:00:00,336,2016-09-12T00:00:00,84,pdsi_extreme_wet_in_planting
21,bsr,True,2023-07-31T00:00:00,649,2023-07-31T00:00:00,648,2023-07-31T00:00:00,648,2023-07-24T00:00:00,336,2016-09-12T00:00:00,84,pdsi_extreme_wet_in_harvesting
21,bsr,True,2023-07-31T00:00:00,649,2023-07-31T00:00:00,648,2023-07-31T00:00:00,648,2023-07-24T00:00:00,336,2016-09-12T00:00:00,84,pdsi_extreme_drought_in_planting
21,bsr,True,2023-07-31T00:00:00,649,2023-07-31T00:00:00,648,2023-07-31T00:00:00,648,2023-07-24T00:00:00,336,2016-09-12T00:00:00,84,co2_extreme_in_planting
21,bsr,True,2023-07-31T00:00:00,649,2023-07-31T00:00:00,648,2023-07-31T00:00:00,648,2023-07-24T00:00:00,336,2016-09-12T00:00:00,84,DJIA_Index
21,bsr,True,2023-07-31T00:00:00,649,2023-07-31T00:00:00,648,2023-07-31T00:00:00,648,2023-07-24T00:00:00,336,2016-09-12T00:00:00,84,WTI_Index
21,bsr,True,2023-07-31T00:00:00,649,2023-07-31T00:00:00,648,2023-07-31T00:00:00,648,2023-07-24T00:00:00,336,2016-09-12T00:00:00,84,Broad_Dollar_index
21,bsr,True,2023-08-28T00:00:00,653,2023-08-28T00:00:00,652,2023-08-28T00:00:00,652,2023-08-21T00:00:00,340,2016-10-17T00:00:00,85,soybeans_weekly_rv
21,bsr,True,2023-08-28T00:00:00,653,2023-08-28T00:00:00,652,2023-08-28T00:00:00,652,2023-08-21T00:00:00,340,2016-10-17T00:00:00,85,soybeans_monthly_rv
21,bsr,True,2023-08-28T00:00:00,653,2023-08-28T00:00:00,652,2023-08-28T00:00:00,652,2023-08-21T00:00:00,340,2016-10-17T00:00:00,85,soybeans_seasonal_rv
21,bsr,True,2023-08-28T00:00:00,653,2023-08-28T00:00:00,652,2023-08-28T00:00:00,652,2023-08-21T00:00:00,340,2016-10-17T00:00:00,85,soybeans_weekly_jumps
21,bsr,True,2023-08-28T00:00:00,653,2023-08-28T00:00:00,652,2023-08-28T00:00:00,652,2023-08-21T00:00:00,340,2016-10-17T00:00:00,85,ssta_elino
21,bsr,True,2023-08-28T00:00:00,653,2023-08-28T00:00:00,652,2023-08-28T00:00:00,652,2023-08-21T00:00:00,340,2016-10-17T00:00:00,85,ssta_lanina
21,bsr,True,2023-08-28T00:00:00,653,2023-08-28T00:00:00,652,2023-08-28T00:00:00,652,2023-08-21T00:00:00,340,2016-10-17T00:00:00,85,NAO_index
21,bsr,True,2023-08-28T00:00:00,653,2023-08-28T00:00:00,652,2023-08-28T00:00:00,652,2023-08-21T00:00:00,340,2016-10-17T00:00:00,85,tmax_hot_in_planting
21,bsr,True,2023-08-28T00:00:00,653,2023-08-28T00:00:00,652,2023-08-28T00:00:00,652,2023-08-21T00:00:00,340,2016-10-17T00:00:00,85,tmax_very_hot_in_harvesting
21,bsr,True,2023-08-28T00:00:00,653,2023-08-28T00:00:00,652,2023-08-28T00:00:00,652,2023-08-21T00:00:00,340,2016-10-17T00:00:00,85,tmin_very_cold_in_planting
21,bsr,True,2023-08-28T00:00:00,653,2023-08-28T00:00:00,652,2023-08-28T00:00:00,652,2023-08-21T00:00:00,340,2016-10-17T00:00:00,85,awnd_moderate_high_wind_in_planting
21,bsr,True,2023-08-28T00:00:00,653,2023-08-28T00:00:00,652,2023-08-28T00:00:00,652,2023-08-21T00:00:00,340,2016-10-17T00:00:00,85,awnd_extreme_high_wind_in_planting
21,bsr,True,2023-08-28T00:00:00,653,2023-08-28T00:00:00,652,2023-08-28T00:00:00,652,2023-08-21T00:00:00,340,2016-10-17T00:00:00,85,pdsi_very_wet_in_planting
21,bsr,True,2023-08-28T00:00:00,653,2023-08-28T00:00:00,652,2023-08-28T00:00:00,652,2023-08-21T00:00:00,340,2016-10-17T00:00:00,85,pdsi_very_wet_in_harvesting
21,bsr,True,2023-08-28T00:00:00,653,2023-08-28T00:00:00,652,2023-08-28T00:00:00,652,2023-08-21T00:00:00,340,2016-10-17T00:00:00,85,pdsi_extreme_wet_in_planting
21,bsr,True,2023-08-28T00:00:00,653,2023-08-28T00:00:00,652,2023-08-28T00:00:00,652,2023-08-21T00:00:00,340,2016-10-17T00:00:00,85,pdsi_extreme_wet_in_harvesting
21,bsr,True,2023-08-28T00:00:00,653,2023-08-28T00:00:00,652,2023-08-28T00:00:00,652,2023-08-21T00:00:00,340,2016-10-17T00:00:00,85,pdsi_extreme_drought_in_planting
21,bsr,True,2023-08-28T00:00:00,653,2023-08-28T00:00:00,652,2023-08-28T00:00:00,652,2023-08-21T00:00:00,340,2016-10-17T00:00:00,85,co2_extreme_in_planting
21,bsr,True,2023-08-28T00:00:00,653,2023-08-28T00:00:00,652,2023-08-28T00:00:00,652,2023-08-21T00:00:00,340,2016-10-17T00:00:00,85,DJIA_Index
21,bsr,True,2023-08-28T00:00:00,653,2023-08-28T00:00:00,652,2023-08-28T00:00:00,652,2023-08-21T00:00:00,340,2016-10-17T00:00:00,85,WTI_Index
21,bsr,True,2023-08-28T00:00:00,653,2023-08-28T00:00:00,652,2023-08-28T00:00:00,652,2023-08-21T00:00:00,340,2016-10-17T00:00:00,85,Broad_Dollar_index
21,bsr,True,2023-10-02T00:00:00,657,2023-10-02T00:00:00,656,2023-10-02T00:00:00,656,2023-09-25T00:00:00,344,2016-11-14T00:00:00,86,soybeans_weekly_rv
21,bsr,True,2023-10-02T00:00:00,657,2023-10-02T00:00:00,656,2023-10-02T00:00:00,656,2023-09-25T00:00:00,344,2016-11-14T00:00:00,86,soybeans_monthly_rv
21,bsr,True,2023-10-02T00:00:00,657,2023-10-02T00:00:00,656,2023-10-02T00:00:00,656,2023-09-25T00:00:00,344,2016-11-14T00:00:00,86,soybeans_seasonal_rv
21,bsr,True,2023-10-02T00:00:00,657,2023-10-02T00:00:00,656,2023-10-02T00:00:00,656,2023-09-25T00:00:00,344,2016-11-14T00:00:00,86,soybeans_weekly_jumps
21,bsr,True,2023-10-02T00:00:00,657,2023-10-02T00:00:00,656,2023-10-02T00:00:00,656,2023-09-25T00:00:00,344,2016-11-14T00:00:00,86,ssta_elino
21,bsr,True,2023-10-02T00:00:00,657,2023-10-02T00:00:00,656,2023-10-02T00:00:00,656,2023-09-25T00:00:00,344,2016-11-14T00:00:00,86,ssta_lanina
21,bsr,True,2023-10-02T00:00:00,657,2023-10-02T00:00:00,656,2023-10-02T00:00:00,656,2023-09-25T00:00:00,344,2016-11-14T00:00:00,86,NAO_index
21,bsr,True,2023-10-02T00:00:00,657,2023-10-02T00:00:00,656,2023-10-02T00:00:00,656,2023-09-25T00:00:00,344,2016-11-14T00:00:00,86,tmax_hot_in_planting
21,bsr,True,2023-10-02T00:00:00,657,2023-10-02T00:00:00,656,2023-10-02T00:00:00,656,2023-09-25T00:00:00,344,2016-11-14T00:00:00,86,tmax_very_hot_in_harvesting
21,bsr,True,2023-10-02T00:00:00,657,2023-10-02T00:00:00,656,2023-10-02T00:00:00,656,2023-09-25T00:00:00,344,2016-11-14T00:00:00,86,tmin_very_cold_in_planting
21,bsr,True,2023-10-02T00:00:00,657,2023-10-02T00:00:00,656,2023-10-02T00:00:00,656,2023-09-25T00:00:00,344,2016-11-14T00:00:00,86,awnd_moderate_high_wind_in_planting
21,bsr,True,2023-10-02T00:00:00,657,2023-10-02T00:00:00,656,2023-10-02T00:00:00,656,2023-09-25T00:00:00,344,2016-11-14T00:00:00,86,awnd_extreme_high_wind_in_planting
21,bsr,True,2023-10-02T00:00:00,657,2023-10-02T00:00:00,656,2023-10-02T00:00:00,656,2023-09-25T00:00:00,344,2016-11-14T00:00:00,86,pdsi_very_wet_in_planting
21,bsr,True,2023-10-02T00:00:00,657,2023-10-02T00:00:00,656,2023-10-02T00:00:00,656,2023-09-25T00:00:00,344,2016-11-14T00:00:00,86,pdsi_very_wet_in_harvesting
21,bsr,True,2023-10-02T00:00:00,657,2023-10-02T00:00:00,656,2023-10-02T00:00:00,656,2023-09-25T00:00:00,344,2016-11-14T00:00:00,86,pdsi_extreme_wet_in_planting
21,bsr,True,2023-10-02T00:00:00,657,2023-10-02T00:00:00,656,2023-10-02T00:00:00,656,2023-09-25T00:00:00,344,2016-11-14T00:00:00,86,pdsi_extreme_wet_in_harvesting
21,bsr,True,2023-10-02T00:00:00,657,2023-10-02T00:00:00,656,2023-10-02T00:00:00,656,2023-09-25T00:00:00,344,2016-11-14T00:00:00,86,pdsi_extreme_drought_in_planting
21,bsr,True,2023-10-02T00:00:00,657,2023-10-02T00:00:00,656,2023-10-02T00:00:00,656,2023-09-25T00:00:00,344,2016-11-14T00:00:00,86,co2_extreme_in_planting
21,bsr,True,2023-10-02T00:00:00,657,2023-10-02T00:00:00,656,2023-10-02T00:00:00,656,2023-09-25T00:00:00,344,2016-11-14T00:00:00,86,DJIA_Index
21,bsr,True,2023-10-02T00:00:00,657,2023-10-02T00:00:00,656,2023-10-02T00:00:00,656,2023-09-25T00:00:00,344,2016-11-14T00:00:00,86,WTI_Index
21,bsr,True,2023-10-02T00:00:00,657,2023-10-02T00:00:00,656,2023-10-02T00:00:00,656,2023-09-25T00:00:00,344,2016-11-14T00:00:00,86,Broad_Dollar_index
21,bsr,True,2023-11-06T00:00:00,661,2023-11-06T00:00:00,660,2023-11-06T00:00:00,660,2023-10-30T00:00:00,348,2016-12-12T00:00:00,87,soybeans_weekly_rv
21,bsr,True,2023-11-06T00:00:00,661,2023-11-06T00:00:00,660,2023-11-06T00:00:00,660,2023-10-30T00:00:00,348,2016-12-12T00:00:00,87,soybeans_monthly_rv
21,bsr,True,2023-11-06T00:00:00,661,2023-11-06T00:00:00,660,2023-11-06T00:00:00,660,2023-10-30T00:00:00,348,2016-12-12T00:00:00,87,soybeans_seasonal_rv
21,bsr,True,2023-11-06T00:00:00,661,2023-11-06T00:00:00,660,2023-11-06T00:00:00,660,2023-10-30T00:00:00,348,2016-12-12T00:00:00,87,soybeans_weekly_jumps
21,bsr,True,2023-11-06T00:00:00,661,2023-11-06T00:00:00,660,2023-11-06T00:00:00,660,2023-10-30T00:00:00,348,2016-12-12T00:00:00,87,ssta_elino
21,bsr,True,2023-11-06T00:00:00,661,2023-11-06T00:00:00,660,2023-11-06T00:00:00,660,2023-10-30T00:00:00,348,2016-12-12T00:00:00,87,ssta_lanina
21,bsr,True,2023-11-06T00:00:00,661,2023-11-06T00:00:00,660,2023-11-06T00:00:00,660,2023-10-30T00:00:00,348,2016-12-12T00:00:00,87,NAO_index
21,bsr,True,2023-11-06T00:00:00,661,2023-11-06T00:00:00,660,2023-11-06T00:00:00,660,2023-10-30T00:00:00,348,2016-12-12T00:00:00,87,tmax_hot_in_planting
21,bsr,True,2023-11-06T00:00:00,661,2023-11-06T00:00:00,660,2023-11-06T00:00:00,660,2023-10-30T00:00:00,348,2016-12-12T00:00:00,87,tmax_very_hot_in_harvesting
21,bsr,True,2023-11-06T00:00:00,661,2023-11-06T00:00:00,660,2023-11-06T00:00:00,660,2023-10-30T00:00:00,348,2016-12-12T00:00:00,87,tmin_very_cold_in_planting
21,bsr,True,2023-11-06T00:00:00,661,2023-11-06T00:00:00,660,2023-11-06T00:00:00,660,2023-10-30T00:00:00,348,2016-12-12T00:00:00,87,awnd_moderate_high_wind_in_planting
21,bsr,True,2023-11-06T00:00:00,661,2023-11-06T00:00:00,660,2023-11-06T00:00:00,660,2023-10-30T00:00:00,348,2016-12-12T00:00:00,87,awnd_extreme_high_wind_in_planting
21,bsr,True,2023-11-06T00:00:00,661,2023-11-06T00:00:00,660,2023-11-06T00:00:00,660,2023-10-30T00:00:00,348,2016-12-12T00:00:00,87,pdsi_very_wet_in_planting
21,bsr,True,2023-11-06T00:00:00,661,2023-11-06T00:00:00,660,2023-11-06T00:00:00,660,2023-10-30T00:00:00,348,2016-12-12T00:00:00,87,pdsi_very_wet_in_harvesting
21,bsr,True,2023-11-06T00:00:00,661,2023-11-06T00:00:00,660,2023-11-06T00:00:00,660,2023-10-30T00:00:00,348,2016-12-12T00:00:00,87,pdsi_extreme_wet_in_planting
21,bsr,True,2023-11-06T00:00:00,661,2023-11-06T00:00:00,660,2023-11-06T00:00:00,660,2023-10-30T00:00:00,348,2016-12-12T00:00:00,87,pdsi_extreme_wet_in_harvesting
21,bsr,True,2023-11-06T00:00:00,661,2023-11-06T00:00:00,660,2023-11-06T00:00:00,660,2023-10-30T00:00:00,348,2016-12-12T00:00:00,87,pdsi_extreme_drought_in_planting
21,bsr,True,2023-11-06T00:00:00,661,2023-11-06T00:00:00,660,2023-11-06T00:00:00,660,2023-10-30T00:00:00,348,2016-12-12T00:00:00,87,co2_extreme_in_planting
21,bsr,True,2023-11-06T00:00:00,661,2023-11-06T00:00:00,660,2023-11-06T00:00:00,660,2023-10-30T00:00:00,348,2016-12-12T00:00:00,87,DJIA_Index
21,bsr,True,2023-11-06T00:00:00,661,2023-11-06T00:00:00,660,2023-11-06T00:00:00,660,2023-10-30T00:00:00,348,2016-12-12T00:00:00,87,WTI_Index
21,bsr,True,2023-11-06T00:00:00,661,2023-11-06T00:00:00,660,2023-11-06T00:00:00,660,2023-10-30T00:00:00,348,2016-12-12T00:00:00,87,Broad_Dollar_index
16,bsr,False,2023-12-04T00:00:00,665,2023-12-04T00:00:00,664,2023-12-04T00:00:00,664,2023-11-27T00:00:00,352,2017-01-30T00:00:00,88,soybeans_weekly_rv
16,bsr,False,2023-12-04T00:00:00,665,2023-12-04T00:00:00,664,2023-12-04T00:00:00,664,2023-11-27T00:00:00,352,2017-01-30T00:00:00,88,soybeans_monthly_rv
16,bsr,False,2023-12-04T00:00:00,665,2023-12-04T00:00:00,664,2023-12-04T00:00:00,664,2023-11-27T00:00:00,352,2017-01-30T00:00:00,88,soybeans_seasonal_rv
16,bsr,False,2023-12-04T00:00:00,665,2023-12-04T00:00:00,664,2023-12-04T00:00:00,664,2023-11-27T00:00:00,352,2017-01-30T00:00:00,88,soybeans_weekly_jumps
16,bsr,False,2023-12-04T00:00:00,665,2023-12-04T00:00:00,664,2023-12-04T00:00:00,664,2023-11-27T00:00:00,352,2017-01-30T00:00:00,88,ssta_elino
16,bsr,False,2023-12-04T00:00:00,665,2023-12-04T00:00:00,664,2023-12-04T00:00:00,664,2023-11-27T00:00:00,352,2017-01-30T00:00:00,88,ssta_lanina
16,bsr,False,2023-12-04T00:00:00,665,2023-12-04T00:00:00,664,2023-12-04T00:00:00,664,2023-11-27T00:00:00,352,2017-01-30T00:00:00,88,tmax_hot_in_planting
16,bsr,False,2023-12-04T00:00:00,665,2023-12-04T00:00:00,664,2023-12-04T00:00:00,664,2023-11-27T00:00:00,352,2017-01-30T00:00:00,88,tmin_very_cold_in_planting
16,bsr,False,2023-12-04T00:00:00,665,2023-12-04T00:00:00,664,2023-12-04T00:00:00,664,2023-11-27T00:00:00,352,2017-01-30T00:00:00,88,tmin_very_cold_in_harvesting
16,bsr,False,2023-12-04T00:00:00,665,2023-12-04T00:00:00,664,2023-12-04T00:00:00,664,2023-11-27T00:00:00,352,2017-01-30T00:00:00,88,pdsi_very_wet_in_planting
16,bsr,False,2023-12-04T00:00:00,665,2023-12-04T00:00:00,664,2023-12-04T00:00:00,664,2023-11-27T00:00:00,352,2017-01-30T00:00:00,88,pdsi_extreme_wet_in_planting
16,bsr,False,2023-12-04T00:00:00,665,2023-12-04T00:00:00,664,2023-12-04T00:00:00,664,2023-11-27T00:00:00,352,2017-01-30T00:00:00,88,pdsi_extreme_wet_in_harvesting
16,bsr,False,2023-12-04T00:00:00,665,2023-12-04T00:00:00,664,2023-12-04T00:00:00,664,2023-11-27T00:00:00,352,2017-01-30T00:00:00,88,pdsi_extreme_drought_in_planting
16,bsr,False,2023-12-04T00:00:00,665,2023-12-04T00:00:00,664,2023-12-04T00:00:00,664,2023-11-27T00:00:00,352,2017-01-30T00:00:00,88,DJIA_Index
16,bsr,False,2023-12-04T00:00:00,665,2023-12-04T00:00:00,664,2023-12-04T00:00:00,664,2023-11-27T00:00:00,352,2017-01-30T00:00:00,88,WTI_Index
16,bsr,False,2023-12-04T00:00:00,665,2023-12-04T00:00:00,664,2023-12-04T00:00:00,664,2023-11-27T00:00:00,352,2017-01-30T00:00:00,88,Broad_Dollar_index
16,bsr,True,2024-01-22T00:00:00,669,2024-01-22T00:00:00,668,2024-01-22T00:00:00,668,2024-01-08T00:00:00,356,2017-03-06T00:00:00,89,soybeans_weekly_rv
16,bsr,True,2024-01-22T00:00:00,669,2024-01-22T00:00:00,668,2024-01-22T00:00:00,668,2024-01-08T00:00:00,356,2017-03-06T00:00:00,89,soybeans_monthly_rv
16,bsr,True,2024-01-22T00:00:00,669,2024-01-22T00:00:00,668,2024-01-22T00:00:00,668,2024-01-08T00:00:00,356,2017-03-06T00:00:00,89,soybeans_seasonal_rv
16,bsr,True,2024-01-22T00:00:00,669,2024-01-22T00:00:00,668,2024-01-22T00:00:00,668,2024-01-08T00:00:00,356,2017-03-06T00:00:00,89,soybeans_weekly_jumps
16,bsr,True,2024-01-22T00:00:00,669,2024-01-22T00:00:00,668,2024-01-22T00:00:00,668,2024-01-08T00:00:00,356,2017-03-06T00:00:00,89,ssta_elino
16,bsr,True,2024-01-22T00:00:00,669,2024-01-22T00:00:00,668,2024-01-22T00:00:00,668,2024-01-08T00:00:00,356,2017-03-06T00:00:00,89,ssta_lanina
16,bsr,True,2024-01-22T00:00:00,669,2024-01-22T00:00:00,668,2024-01-22T00:00:00,668,2024-01-08T00:00:00,356,2017-03-06T00:00:00,89,tmax_hot_in_planting
16,bsr,True,2024-01-22T00:00:00,669,2024-01-22T00:00:00,668,2024-01-22T00:00:00,668,2024-01-08T00:00:00,356,2017-03-06T00:00:00,89,tmin_very_cold_in_planting
16,bsr,True,2024-01-22T00:00:00,669,2024-01-22T00:00:00,668,2024-01-22T00:00:00,668,2024-01-08T00:00:00,356,2017-03-06T00:00:00,89,tmin_very_cold_in_harvesting
16,bsr,True,2024-01-22T00:00:00,669,2024-01-22T00:00:00,668,2024-01-22T00:00:00,668,2024-01-08T00:00:00,356,2017-03-06T00:00:00,89,pdsi_very_wet_in_planting
16,bsr,True,2024-01-22T00:00:00,669,2024-01-22T00:00:00,668,2024-01-22T00:00:00,668,2024-01-08T00:00:00,356,2017-03-06T00:00:00,89,pdsi_extreme_wet_in_planting
16,bsr,True,2024-01-22T00:00:00,669,2024-01-22T00:00:00,668,2024-01-22T00:00:00,668,2024-01-08T00:00:00,356,2017-03-06T00:00:00,89,pdsi_extreme_wet_in_harvesting
16,bsr,True,2024-01-22T00:00:00,669,2024-01-22T00:00:00,668,2024-01-22T00:00:00,668,2024-01-08T00:00:00,356,2017-03-06T00:00:00,89,pdsi_extreme_drought_in_planting
16,bsr,True,2024-01-22T00:00:00,669,2024-01-22T00:00:00,668,2024-01-22T00:00:00,668,2024-01-08T00:00:00,356,2017-03-06T00:00:00,89,DJIA_Index
16,bsr,True,2024-01-22T00:00:00,669,2024-01-22T00:00:00,668,2024-01-22T00:00:00,668,2024-01-08T00:00:00,356,2017-03-06T00:00:00,89,WTI_Index
16,bsr,True,2024-01-22T00:00:00,669,2024-01-22T00:00:00,668,2024-01-22T00:00:00,668,2024-01-08T00:00:00,356,2017-03-06T00:00:00,89,Broad_Dollar_index
16,bsr,True,2024-02-26T00:00:00,673,2024-02-26T00:00:00,672,2024-02-26T00:00:00,672,2024-02-12T00:00:00,360,2017-04-03T00:00:00,90,soybeans_weekly_rv
16,bsr,True,2024-02-26T00:00:00,673,2024-02-26T00:00:00,672,2024-02-26T00:00:00,672,2024-02-12T00:00:00,360,2017-04-03T00:00:00,90,soybeans_monthly_rv
16,bsr,True,2024-02-26T00:00:00,673,2024-02-26T00:00:00,672,2024-02-26T00:00:00,672,2024-02-12T00:00:00,360,2017-04-03T00:00:00,90,soybeans_seasonal_rv
16,bsr,True,2024-02-26T00:00:00,673,2024-02-26T00:00:00,672,2024-02-26T00:00:00,672,2024-02-12T00:00:00,360,2017-04-03T00:00:00,90,soybeans_weekly_jumps
16,bsr,True,2024-02-26T00:00:00,673,2024-02-26T00:00:00,672,2024-02-26T00:00:00,672,2024-02-12T00:00:00,360,2017-04-03T00:00:00,90,ssta_elino
16,bsr,True,2024-02-26T00:00:00,673,2024-02-26T00:00:00,672,2024-02-26T00:00:00,672,2024-02-12T00:00:00,360,2017-04-03T00:00:00,90,ssta_lanina
16,bsr,True,2024-02-26T00:00:00,673,2024-02-26T00:00:00,672,2024-02-26T00:00:00,672,2024-02-12T00:00:00,360,2017-04-03T00:00:00,90,tmax_hot_in_planting
16,bsr,True,2024-02-26T00:00:00,673,2024-02-26T00:00:00,672,2024-02-26T00:00:00,672,2024-02-12T00:00:00,360,2017-04-03T00:00:00,90,tmin_very_cold_in_planting
16,bsr,True,2024-02-26T00:00:00,673,2024-02-26T00:00:00,672,2024-02-26T00:00:00,672,2024-02-12T00:00:00,360,2017-04-03T00:00:00,90,tmin_very_cold_in_harvesting
16,bsr,True,2024-02-26T00:00:00,673,2024-02-26T00:00:00,672,2024-02-26T00:00:00,672,2024-02-12T00:00:00,360,2017-04-03T00:00:00,90,pdsi_very_wet_in_planting
16,bsr,True,2024-02-26T00:00:00,673,2024-02-26T00:00:00,672,2024-02-26T00:00:00,672,2024-02-12T00:00:00,360,2017-04-03T00:00:00,90,pdsi_extreme_wet_in_planting
16,bsr,True,2024-02-26T00:00:00,673,2024-02-26T00:00:00,672,2024-02-26T00:00:00,672,2024-02-12T00:00:00,360,2017-04-03T00:00:00,90,pdsi_extreme_wet_in_harvesting
16,bsr,True,2024-02-26T00:00:00,673,2024-02-26T00:00:00,672,2024-02-26T00:00:00,672,2024-02-12T00:00:00,360,2017-04-03T00:00:00,90,pdsi_extreme_drought_in_planting
16,bsr,True,2024-02-26T00:00:00,673,2024-02-26T00:00:00,672,2024-02-26T00:00:00,672,2024-02-12T00:00:00,360,2017-04-03T00:00:00,90,DJIA_Index
16,bsr,True,2024-02-26T00:00:00,673,2024-02-26T00:00:00,672,2024-02-26T00:00:00,672,2024-02-12T00:00:00,360,2017-04-03T00:00:00,90,WTI_Index
16,bsr,True,2024-02-26T00:00:00,673,2024-02-26T00:00:00,672,2024-02-26T00:00:00,672,2024-02-12T00:00:00,360,2017-04-03T00:00:00,90,Broad_Dollar_index
16,bsr,True,2024-03-25T00:00:00,677,2024-03-25T00:00:00,676,2024-03-25T00:00:00,676,2024-03-18T00:00:00,364,2017-05-01T00:00:00,91,soybeans_weekly_rv
16,bsr,True,2024-03-25T00:00:00,677,2024-03-25T00:00:00,676,2024-03-25T00:00:00,676,2024-03-18T00:00:00,364,2017-05-01T00:00:00,91,soybeans_monthly_rv
16,bsr,True,2024-03-25T00:00:00,677,2024-03-25T00:00:00,676,2024-03-25T00:00:00,676,2024-03-18T00:00:00,364,2017-05-01T00:00:00,91,soybeans_seasonal_rv
16,bsr,True,2024-03-25T00:00:00,677,2024-03-25T00:00:00,676,2024-03-25T00:00:00,676,2024-03-18T00:00:00,364,2017-05-01T00:00:00,91,soybeans_weekly_jumps
16,bsr,True,2024-03-25T00:00:00,677,2024-03-25T00:00:00,676,2024-03-25T00:00:00,676,2024-03-18T00:00:00,364,2017-05-01T00:00:00,91,ssta_elino
16,bsr,True,2024-03-25T00:00:00,677,2024-03-25T00:00:00,676,2024-03-25T00:00:00,676,2024-03-18T00:00:00,364,2017-05-01T00:00:00,91,ssta_lanina
16,bsr,True,2024-03-25T00:00:00,677,2024-03-25T00:00:00,676,2024-03-25T00:00:00,676,2024-03-18T00:00:00,364,2017-05-01T00:00:00,91,tmax_hot_in_planting
16,bsr,True,2024-03-25T00:00:00,677,2024-03-25T00:00:00,676,2024-03-25T00:00:00,676,2024-03-18T00:00:00,364,2017-05-01T00:00:00,91,tmin_very_cold_in_planting
16,bsr,True,2024-03-25T00:00:00,677,2024-03-25T00:00:00,676,2024-03-25T00:00:00,676,2024-03-18T00:00:00,364,2017-05-01T00:00:00,91,tmin_very_cold_in_harvesting
16,bsr,True,2024-03-25T00:00:00,677,2024-03-25T00:00:00,676,2024-03-25T00:00:00,676,2024-03-18T00:00:00,364,2017-05-01T00:00:00,91,pdsi_very_wet_in_planting
16,bsr,True,2024-03-25T00:00:00,677,2024-03-25T00:00:00,676,2024-03-25T00:00:00,676,2024-03-18T00:00:00,364,2017-05-01T00:00:00,91,pdsi_extreme_wet_in_planting
16,bsr,True,2024-03-25T00:00:00,677,2024-03-25T00:00:00,676,2024-03-25T00:00:00,676,2024-03-18T00:00:00,364,2017-05-01T00:00:00,91,pdsi_extreme_wet_in_harvesting
16,bsr,True,2024-03-25T00:00:00,677,2024-03-25T00:00:00,676,2024-03-25T00:00:00,676,2024-03-18T00:00:00,364,2017-05-01T00:00:00,91,pdsi_extreme_drought_in_planting
16,bsr,True,2024-03-25T00:00:00,677,2024-03-25T00:00:00,676,2024-03-25T00:00:00,676,2024-03-18T00:00:00,364,2017-05-01T00:00:00,91,DJIA_Index
16,bsr,True,2024-03-25T00:00:00,677,2024-03-25T00:00:00,676,2024-03-25T00:00:00,676,2024-03-18T00:00:00,364,2017-05-01T00:00:00,91,WTI_Index
16,bsr,True,2024-03-25T00:00:00,677,2024-03-25T00:00:00,676,2024-03-25T00:00:00,676,2024-03-18T00:00:00,364,2017-05-01T00:00:00,91,Broad_Dollar_index
16,bsr,True,2024-04-22T00:00:00,681,2024-04-22T00:00:00,680,2024-04-22T00:00:00,680,2024-04-15T00:00:00,368,2017-06-05T00:00:00,92,soybeans_weekly_rv
16,bsr,True,2024-04-22T00:00:00,681,2024-04-22T00:00:00,680,2024-04-22T00:00:00,680,2024-04-15T00:00:00,368,2017-06-05T00:00:00,92,soybeans_monthly_rv
16,bsr,True,2024-04-22T00:00:00,681,2024-04-22T00:00:00,680,2024-04-22T00:00:00,680,2024-04-15T00:00:00,368,2017-06-05T00:00:00,92,soybeans_seasonal_rv
16,bsr,True,2024-04-22T00:00:00,681,2024-04-22T00:00:00,680,2024-04-22T00:00:00,680,2024-04-15T00:00:00,368,2017-06-05T00:00:00,92,soybeans_weekly_jumps
16,bsr,True,2024-04-22T00:00:00,681,2024-04-22T00:00:00,680,2024-04-22T00:00:00,680,2024-04-15T00:00:00,368,2017-06-05T00:00:00,92,ssta_elino
16,bsr,True,2024-04-22T00:00:00,681,2024-04-22T00:00:00,680,2024-04-22T00:00:00,680,2024-04-15T00:00:00,368,2017-06-05T00:00:00,92,ssta_lanina
16,bsr,True,2024-04-22T00:00:00,681,2024-04-22T00:00:00,680,2024-04-22T00:00:00,680,2024-04-15T00:00:00,368,2017-06-05T00:00:00,92,tmax_hot_in_planting
16,bsr,True,2024-04-22T00:00:00,681,2024-04-22T00:00:00,680,2024-04-22T00:00:00,680,2024-04-15T00:00:00,368,2017-06-05T00:00:00,92,tmin_very_cold_in_planting
16,bsr,True,2024-04-22T00:00:00,681,2024-04-22T00:00:00,680,2024-04-22T00:00:00,680,2024-04-15T00:00:00,368,2017-06-05T00:00:00,92,tmin_very_cold_in_harvesting
16,bsr,True,2024-04-22T00:00:00,681,2024-04-22T00:00:00,680,2024-04-22T00:00:00,680,2024-04-15T00:00:00,368,2017-06-05T00:00:00,92,pdsi_very_wet_in_planting
16,bsr,True,2024-04-22T00:00:00,681,2024-04-22T00:00:00,680,2024-04-22T00:00:00,680,2024-04-15T00:00:00,368,2017-06-05T00:00:00,92,pdsi_extreme_wet_in_planting
16,bsr,True,2024-04-22T00:00:00,681,2024-04-22T00:00:00,680,2024-04-22T00:00:00,680,2024-04-15T00:00:00,368,2017-06-05T00:00:00,92,pdsi_extreme_wet_in_harvesting
16,bsr,True,2024-04-22T00:00:00,681,2024-04-22T00:00:00,680,2024-04-22T00:00:00,680,2024-04-15T00:00:00,368,2017-06-05T00:00:00,92,pdsi_extreme_drought_in_planting
16,bsr,True,2024-04-22T00:00:00,681,2024-04-22T00:00:00,680,2024-04-22T00:00:00,680,2024-04-15T00:00:00,368,2017-06-05T00:00:00,92,DJIA_Index
16,bsr,True,2024-04-22T00:00:00,681,2024-04-22T00:00:00,680,2024-04-22T00:00:00,680,2024-04-15T00:00:00,368,2017-06-05T00:00:00,92,WTI_Index
16,bsr,True,2024-04-22T00:00:00,681,2024-04-22T00:00:00,680,2024-04-22T00:00:00,680,2024-04-15T00:00:00,368,2017-06-05T00:00:00,92,Broad_Dollar_index
16,bsr,True,2024-05-20T00:00:00,685,2024-05-20T00:00:00,684,2024-05-20T00:00:00,684,2024-05-13T00:00:00,372,2017-07-03T00:00:00,93,soybeans_weekly_rv
16,bsr,True,2024-05-20T00:00:00,685,2024-05-20T00:00:00,684,2024-05-20T00:00:00,684,2024-05-13T00:00:00,372,2017-07-03T00:00:00,93,soybeans_monthly_rv
16,bsr,True,2024-05-20T00:00:00,685,2024-05-20T00:00:00,684,2024-05-20T00:00:00,684,2024-05-13T00:00:00,372,2017-07-03T00:00:00,93,soybeans_seasonal_rv
16,bsr,True,2024-05-20T00:00:00,685,2024-05-20T00:00:00,684,2024-05-20T00:00:00,684,2024-05-13T00:00:00,372,2017-07-03T00:00:00,93,soybeans_weekly_jumps
16,bsr,True,2024-05-20T00:00:00,685,2024-05-20T00:00:00,684,2024-05-20T00:00:00,684,2024-05-13T00:00:00,372,2017-07-03T00:00:00,93,ssta_elino
16,bsr,True,2024-05-20T00:00:00,685,2024-05-20T00:00:00,684,2024-05-20T00:00:00,684,2024-05-13T00:00:00,372,2017-07-03T00:00:00,93,ssta_lanina
16,bsr,True,2024-05-20T00:00:00,685,2024-05-20T00:00:00,684,2024-05-20T00:00:00,684,2024-05-13T00:00:00,372,2017-07-03T00:00:00,93,tmax_hot_in_planting
16,bsr,True,2024-05-20T00:00:00,685,2024-05-20T00:00:00,684,2024-05-20T00:00:00,684,2024-05-13T00:00:00,372,2017-07-03T00:00:00,93,tmin_very_cold_in_planting
16,bsr,True,2024-05-20T00:00:00,685,2024-05-20T00:00:00,684,2024-05-20T00:00:00,684,2024-05-13T00:00:00,372,2017-07-03T00:00:00,93,tmin_very_cold_in_harvesting
16,bsr,True,2024-05-20T00:00:00,685,2024-05-20T00:00:00,684,2024-05-20T00:00:00,684,2024-05-13T00:00:00,372,2017-07-03T00:00:00,93,pdsi_very_wet_in_planting
16,bsr,True,2024-05-20T00:00:00,685,2024-05-20T00:00:00,684,2024-05-20T00:00:00,684,2024-05-13T00:00:00,372,2017-07-03T00:00:00,93,pdsi_extreme_wet_in_planting
16,bsr,True,2024-05-20T00:00:00,685,2024-05-20T00:00:00,684,2024-05-20T00:00:00,684,2024-05-13T00:00:00,372,2017-07-03T00:00:00,93,pdsi_extreme_wet_in_harvesting
16,bsr,True,2024-05-20T00:00:00,685,2024-05-20T00:00:00,684,2024-05-20T00:00:00,684,2024-05-13T00:00:00,372,2017-07-03T00:00:00,93,pdsi_extreme_drought_in_planting
16,bsr,True,2024-05-20T00:00:00,685,2024-05-20T00:00:00,684,2024-05-20T00:00:00,684,2024-05-13T00:00:00,372,2017-07-03T00:00:00,93,DJIA_Index
16,bsr,True,2024-05-20T00:00:00,685,2024-05-20T00:00:00,684,2024-05-20T00:00:00,684,2024-05-13T00:00:00,372,2017-07-03T00:00:00,93,WTI_Index
16,bsr,True,2024-05-20T00:00:00,685,2024-05-20T00:00:00,684,2024-05-20T00:00:00,684,2024-05-13T00:00:00,372,2017-07-03T00:00:00,93,Broad_Dollar_index
16,bsr,True,2024-06-24T00:00:00,689,2024-06-24T00:00:00,688,2024-06-24T00:00:00,688,2024-06-17T00:00:00,376,2017-07-31T00:00:00,94,soybeans_weekly_rv
16,bsr,True,2024-06-24T00:00:00,689,2024-06-24T00:00:00,688,2024-06-24T00:00:00,688,2024-06-17T00:00:00,376,2017-07-31T00:00:00,94,soybeans_monthly_rv
16,bsr,True,2024-06-24T00:00:00,689,2024-06-24T00:00:00,688,2024-06-24T00:00:00,688,2024-06-17T00:00:00,376,2017-07-31T00:00:00,94,soybeans_seasonal_rv
16,bsr,True,2024-06-24T00:00:00,689,2024-06-24T00:00:00,688,2024-06-24T00:00:00,688,2024-06-17T00:00:00,376,2017-07-31T00:00:00,94,soybeans_weekly_jumps
16,bsr,True,2024-06-24T00:00:00,689,2024-06-24T00:00:00,688,2024-06-24T00:00:00,688,2024-06-17T00:00:00,376,2017-07-31T00:00:00,94,ssta_elino
16,bsr,True,2024-06-24T00:00:00,689,2024-06-24T00:00:00,688,2024-06-24T00:00:00,688,2024-06-17T00:00:00,376,2017-07-31T00:00:00,94,ssta_lanina
16,bsr,True,2024-06-24T00:00:00,689,2024-06-24T00:00:00,688,2024-06-24T00:00:00,688,2024-06-17T00:00:00,376,2017-07-31T00:00:00,94,tmax_hot_in_planting
16,bsr,True,2024-06-24T00:00:00,689,2024-06-24T00:00:00,688,2024-06-24T00:00:00,688,2024-06-17T00:00:00,376,2017-07-31T00:00:00,94,tmin_very_cold_in_planting
16,bsr,True,2024-06-24T00:00:00,689,2024-06-24T00:00:00,688,2024-06-24T00:00:00,688,2024-06-17T00:00:00,376,2017-07-31T00:00:00,94,tmin_very_cold_in_harvesting
16,bsr,True,2024-06-24T00:00:00,689,2024-06-24T00:00:00,688,2024-06-24T00:00:00,688,2024-06-17T00:00:00,376,2017-07-31T00:00:00,94,pdsi_very_wet_in_planting
16,bsr,True,2024-06-24T00:00:00,689,2024-06-24T00:00:00,688,2024-06-24T00:00:00,688,2024-06-17T00:00:00,376,2017-07-31T00:00:00,94,pdsi_extreme_wet_in_planting
16,bsr,True,2024-06-24T00:00:00,689,2024-06-24T00:00:00,688,2024-06-24T00:00:00,688,2024-06-17T00:00:00,376,2017-07-31T00:00:00,94,pdsi_extreme_wet_in_harvesting
16,bsr,True,2024-06-24T00:00:00,689,2024-06-24T00:00:00,688,2024-06-24T00:00:00,688,2024-06-17T00:00:00,376,2017-07-31T00:00:00,94,pdsi_extreme_drought_in_planting
16,bsr,True,2024-06-24T00:00:00,689,2024-06-24T00:00:00,688,2024-06-24T00:00:00,688,2024-06-17T00:00:00,376,2017-07-31T00:00:00,94,DJIA_Index
16,bsr,True,2024-06-24T00:00:00,689,2024-06-24T00:00:00,688,2024-06-24T00:00:00,688,2024-06-17T00:00:00,376,2017-07-31T00:00:00,94,WTI_Index
16,bsr,True,2024-06-24T00:00:00,689,2024-06-24T00:00:00,688,2024-06-24T00:00:00,688,2024-06-17T00:00:00,376,2017-07-31T00:00:00,94,Broad_Dollar_index
16,bsr,True,2024-07-22T00:00:00,693,2024-07-22T00:00:00,692,2024-07-22T00:00:00,692,2024-07-15T00:00:00,380,2017-08-28T00:00:00,95,soybeans_weekly_rv
16,bsr,True,2024-07-22T00:00:00,693,2024-07-22T00:00:00,692,2024-07-22T00:00:00,692,2024-07-15T00:00:00,380,2017-08-28T00:00:00,95,soybeans_monthly_rv
16,bsr,True,2024-07-22T00:00:00,693,2024-07-22T00:00:00,692,2024-07-22T00:00:00,692,2024-07-15T00:00:00,380,2017-08-28T00:00:00,95,soybeans_seasonal_rv
16,bsr,True,2024-07-22T00:00:00,693,2024-07-22T00:00:00,692,2024-07-22T00:00:00,692,2024-07-15T00:00:00,380,2017-08-28T00:00:00,95,soybeans_weekly_jumps
16,bsr,True,2024-07-22T00:00:00,693,2024-07-22T00:00:00,692,2024-07-22T00:00:00,692,2024-07-15T00:00:00,380,2017-08-28T00:00:00,95,ssta_elino
16,bsr,True,2024-07-22T00:00:00,693,2024-07-22T00:00:00,692,2024-07-22T00:00:00,692,2024-07-15T00:00:00,380,2017-08-28T00:00:00,95,ssta_lanina
16,bsr,True,2024-07-22T00:00:00,693,2024-07-22T00:00:00,692,2024-07-22T00:00:00,692,2024-07-15T00:00:00,380,2017-08-28T00:00:00,95,tmax_hot_in_planting
16,bsr,True,2024-07-22T00:00:00,693,2024-07-22T00:00:00,692,2024-07-22T00:00:00,692,2024-07-15T00:00:00,380,2017-08-28T00:00:00,95,tmin_very_cold_in_planting
16,bsr,True,2024-07-22T00:00:00,693,2024-07-22T00:00:00,692,2024-07-22T00:00:00,692,2024-07-15T00:00:00,380,2017-08-28T00:00:00,95,tmin_very_cold_in_harvesting
16,bsr,True,2024-07-22T00:00:00,693,2024-07-22T00:00:00,692,2024-07-22T00:00:00,692,2024-07-15T00:00:00,380,2017-08-28T00:00:00,95,pdsi_very_wet_in_planting
16,bsr,True,2024-07-22T00:00:00,693,2024-07-22T00:00:00,692,2024-07-22T00:00:00,692,2024-07-15T00:00:00,380,2017-08-28T00:00:00,95,pdsi_extreme_wet_in_planting
16,bsr,True,2024-07-22T00:00:00,693,2024-07-22T00:00:00,692,2024-07-22T00:00:00,692,2024-07-15T00:00:00,380,2017-08-28T00:00:00,95,pdsi_extreme_wet_in_harvesting
16,bsr,True,2024-07-22T00:00:00,693,2024-07-22T00:00:00,692,2024-07-22T00:00:00,692,2024-07-15T00:00:00,380,2017-08-28T00:00:00,95,pdsi_extreme_drought_in_planting
16,bsr,True,2024-07-22T00:00:00,693,2024-07-22T00:00:00,692,2024-07-22T00:00:00,692,2024-07-15T00:00:00,380,2017-08-28T00:00:00,95,DJIA_Index
16,bsr,True,2024-07-22T00:00:00,693,2024-07-22T00:00:00,692,2024-07-22T00:00:00,692,2024-07-15T00:00:00,380,2017-08-28T00:00:00,95,WTI_Index
16,bsr,True,2024-07-22T00:00:00,693,2024-07-22T00:00:00,692,2024-07-22T00:00:00,692,2024-07-15T00:00:00,380,2017-08-28T00:00:00,95,Broad_Dollar_index
18,bsr,False,2024-08-19T00:00:00,697,2024-08-19T00:00:00,696,2024-08-19T00:00:00,696,2024-08-12T00:00:00,384,2017-10-02T00:00:00,96,soybeans_weekly_rv
18,bsr,False,2024-08-19T00:00:00,697,2024-08-19T00:00:00,696,2024-08-19T00:00:00,696,2024-08-12T00:00:00,384,2017-10-02T00:00:00,96,soybeans_monthly_rv
18,bsr,False,2024-08-19T00:00:00,697,2024-08-19T00:00:00,696,2024-08-19T00:00:00,696,2024-08-12T00:00:00,384,2017-10-02T00:00:00,96,soybeans_seasonal_rv
18,bsr,False,2024-08-19T00:00:00,697,2024-08-19T00:00:00,696,2024-08-19T00:00:00,696,2024-08-12T00:00:00,384,2017-10-02T00:00:00,96,ssta_lanina
18,bsr,False,2024-08-19T00:00:00,697,2024-08-19T00:00:00,696,2024-08-19T00:00:00,696,2024-08-12T00:00:00,384,2017-10-02T00:00:00,96,tmax_hot_in_planting
18,bsr,False,2024-08-19T00:00:00,697,2024-08-19T00:00:00,696,2024-08-19T00:00:00,696,2024-08-12T00:00:00,384,2017-10-02T00:00:00,96,tmin_very_cold_in_planting
18,bsr,False,2024-08-19T00:00:00,697,2024-08-19T00:00:00,696,2024-08-19T00:00:00,696,2024-08-12T00:00:00,384,2017-10-02T00:00:00,96,tmin_very_cold_in_harvesting
18,bsr,False,2024-08-19T00:00:00,697,2024-08-19T00:00:00,696,2024-08-19T00:00:00,696,2024-08-12T00:00:00,384,2017-10-02T00:00:00,96,awnd_extreme_high_wind_in_planting
18,bsr,False,2024-08-19T00:00:00,697,2024-08-19T00:00:00,696,2024-08-19T00:00:00,696,2024-08-12T00:00:00,384,2017-10-02T00:00:00,96,spi_7d_extreme_wet_in_planting
18,bsr,False,2024-08-19T00:00:00,697,2024-08-19T00:00:00,696,2024-08-19T00:00:00,696,2024-08-12T00:00:00,384,2017-10-02T00:00:00,96,spi_7d_very_dry_in_planting
18,bsr,False,2024-08-19T00:00:00,697,2024-08-19T00:00:00,696,2024-08-19T00:00:00,696,2024-08-12T00:00:00,384,2017-10-02T00:00:00,96,pdsi_very_wet_in_planting
18,bsr,False,2024-08-19T00:00:00,697,2024-08-19T00:00:00,696,2024-08-19T00:00:00,696,2024-08-12T00:00:00,384,2017-10-02T00:00:00,96,pdsi_extreme_wet_in_planting
18,bsr,False,2024-08-19T00:00:00,697,2024-08-19T00:00:00,696,2024-08-19T00:00:00,696,2024-08-12T00:00:00,384,2017-10-02T00:00:00,96,pdsi_extreme_wet_in_harvesting
18,bsr,False,2024-08-19T00:00:00,697,2024-08-19T00:00:00,696,2024-08-19T00:00:00,696,2024-08-12T00:00:00,384,2017-10-02T00:00:00,96,pdsi_extreme_drought_in_planting
18,bsr,False,2024-08-19T00:00:00,697,2024-08-19T00:00:00,696,2024-08-19T00:00:00,696,2024-08-12T00:00:00,384,2017-10-02T00:00:00,96,frbsf_sentiment
18,bsr,False,2024-08-19T00:00:00,697,2024-08-19T00:00:00,696,2024-08-19T00:00:00,696,2024-08-12T00:00:00,384,2017-10-02T00:00:00,96,DJIA_Index
18,bsr,False,2024-08-19T00:00:00,697,2024-08-19T00:00:00,696,2024-08-19T00:00:00,696,2024-08-12T00:00:00,384,2017-10-02T00:00:00,96,WTI_Index
18,bsr,False,2024-08-19T00:00:00,697,2024-08-19T00:00:00,696,2024-08-19T00:00:00,696,2024-08-12T00:00:00,384,2017-10-02T00:00:00,96,Broad_Dollar_index
18,bsr,True,2024-09-23T00:00:00,701,2024-09-23T00:00:00,700,2024-09-23T00:00:00,700,2024-09-16T00:00:00,388,2017-11-06T00:00:00,97,soybeans_weekly_rv
18,bsr,True,2024-09-23T00:00:00,701,2024-09-23T00:00:00,700,2024-09-23T00:00:00,700,2024-09-16T00:00:00,388,2017-11-06T00:00:00,97,soybeans_monthly_rv
18,bsr,True,2024-09-23T00:00:00,701,2024-09-23T00:00:00,700,2024-09-23T00:00:00,700,2024-09-16T00:00:00,388,2017-11-06T00:00:00,97,soybeans_seasonal_rv
18,bsr,True,2024-09-23T00:00:00,701,2024-09-23T00:00:00,700,2024-09-23T00:00:00,700,2024-09-16T00:00:00,388,2017-11-06T00:00:00,97,ssta_lanina
18,bsr,True,2024-09-23T00:00:00,701,2024-09-23T00:00:00,700,2024-09-23T00:00:00,700,2024-09-16T00:00:00,388,2017-11-06T00:00:00,97,tmax_hot_in_planting
18,bsr,True,2024-09-23T00:00:00,701,2024-09-23T00:00:00,700,2024-09-23T00:00:00,700,2024-09-16T00:00:00,388,2017-11-06T00:00:00,97,tmin_very_cold_in_planting
18,bsr,True,2024-09-23T00:00:00,701,2024-09-23T00:00:00,700,2024-09-23T00:00:00,700,2024-09-16T00:00:00,388,2017-11-06T00:00:00,97,tmin_very_cold_in_harvesting
18,bsr,True,2024-09-23T00:00:00,701,2024-09-23T00:00:00,700,2024-09-23T00:00:00,700,2024-09-16T00:00:00,388,2017-11-06T00:00:00,97,awnd_extreme_high_wind_in_planting
18,bsr,True,2024-09-23T00:00:00,701,2024-09-23T00:00:00,700,2024-09-23T00:00:00,700,2024-09-16T00:00:00,388,2017-11-06T00:00:00,97,spi_7d_extreme_wet_in_planting
18,bsr,True,2024-09-23T00:00:00,701,2024-09-23T00:00:00,700,2024-09-23T00:00:00,700,2024-09-16T00:00:00,388,2017-11-06T00:00:00,97,spi_7d_very_dry_in_planting
18,bsr,True,2024-09-23T00:00:00,701,2024-09-23T00:00:00,700,2024-09-23T00:00:00,700,2024-09-16T00:00:00,388,2017-11-06T00:00:00,97,pdsi_very_wet_in_planting
18,bsr,True,2024-09-23T00:00:00,701,2024-09-23T00:00:00,700,2024-09-23T00:00:00,700,2024-09-16T00:00:00,388,2017-11-06T00:00:00,97,pdsi_extreme_wet_in_planting
18,bsr,True,2024-09-23T00:00:00,701,2024-09-23T00:00:00,700,2024-09-23T00:00:00,700,2024-09-16T00:00:00,388,2017-11-06T00:00:00,97,pdsi_extreme_wet_in_harvesting
18,bsr,True,2024-09-23T00:00:00,701,2024-09-23T00:00:00,700,2024-09-23T00:00:00,700,2024-09-16T00:00:00,388,2017-11-06T00:00:00,97,pdsi_extreme_drought_in_planting
18,bsr,True,2024-09-23T00:00:00,701,2024-09-23T00:00:00,700,2024-09-23T00:00:00,700,2024-09-16T00:00:00,388,2017-11-06T00:00:00,97,frbsf_sentiment
18,bsr,True,2024-09-23T00:00:00,701,2024-09-23T00:00:00,700,2024-09-23T00:00:00,700,2024-09-16T00:00:00,388,2017-11-06T00:00:00,97,DJIA_Index
18,bsr,True,2024-09-23T00:00:00,701,2024-09-23T00:00:00,700,2024-09-23T00:00:00,700,2024-09-16T00:00:00,388,2017-11-06T00:00:00,97,WTI_Index
18,bsr,True,2024-09-23T00:00:00,701,2024-09-23T00:00:00,700,2024-09-23T00:00:00,700,2024-09-16T00:00:00,388,2017-11-06T00:00:00,97,Broad_Dollar_index
18,bsr,True,2024-10-28T00:00:00,705,2024-10-28T00:00:00,704,2024-10-28T00:00:00,704,2024-10-21T00:00:00,392,2017-12-04T00:00:00,98,soybeans_weekly_rv
18,bsr,True,2024-10-28T00:00:00,705,2024-10-28T00:00:00,704,2024-10-28T00:00:00,704,2024-10-21T00:00:00,392,2017-12-04T00:00:00,98,soybeans_monthly_rv
18,bsr,True,2024-10-28T00:00:00,705,2024-10-28T00:00:00,704,2024-10-28T00:00:00,704,2024-10-21T00:00:00,392,2017-12-04T00:00:00,98,soybeans_seasonal_rv
18,bsr,True,2024-10-28T00:00:00,705,2024-10-28T00:00:00,704,2024-10-28T00:00:00,704,2024-10-21T00:00:00,392,2017-12-04T00:00:00,98,ssta_lanina
18,bsr,True,2024-10-28T00:00:00,705,2024-10-28T00:00:00,704,2024-10-28T00:00:00,704,2024-10-21T00:00:00,392,2017-12-04T00:00:00,98,tmax_hot_in_planting
18,bsr,True,2024-10-28T00:00:00,705,2024-10-28T00:00:00,704,2024-10-28T00:00:00,704,2024-10-21T00:00:00,392,2017-12-04T00:00:00,98,tmin_very_cold_in_planting
18,bsr,True,2024-10-28T00:00:00,705,2024-10-28T00:00:00,704,2024-10-28T00:00:00,704,2024-10-21T00:00:00,392,2017-12-04T00:00:00,98,tmin_very_cold_in_harvesting
18,bsr,True,2024-10-28T00:00:00,705,2024-10-28T00:00:00,704,2024-10-28T00:00:00,704,2024-10-21T00:00:00,392,2017-12-04T00:00:00,98,awnd_extreme_high_wind_in_planting
18,bsr,True,2024-10-28T00:00:00,705,2024-10-28T00:00:00,704,2024-10-28T00:00:00,704,2024-10-21T00:00:00,392,2017-12-04T00:00:00,98,spi_7d_extreme_wet_in_planting
18,bsr,True,2024-10-28T00:00:00,705,2024-10-28T00:00:00,704,2024-10-28T00:00:00,704,2024-10-21T00:00:00,392,2017-12-04T00:00:00,98,spi_7d_very_dry_in_planting
18,bsr,True,2024-10-28T00:00:00,705,2024-10-28T00:00:00,704,2024-10-28T00:00:00,704,2024-10-21T00:00:00,392,2017-12-04T00:00:00,98,pdsi_very_wet_in_planting
18,bsr,True,2024-10-28T00:00:00,705,2024-10-28T00:00:00,704,2024-10-28T00:00:00,704,2024-10-21T00:00:00,392,2017-12-04T00:00:00,98,pdsi_extreme_wet_in_planting
18,bsr,True,2024-10-28T00:00:00,705,2024-10-28T00:00:00,704,2024-10-28T00:00:00,704,2024-10-21T00:00:00,392,2017-12-04T00:00:00,98,pdsi_extreme_wet_in_harvesting
18,bsr,True,2024-10-28T00:00:00,705,2024-10-28T00:00:00,704,2024-10-28T00:00:00,704,2024-10-21T00:00:00,392,2017-12-04T00:00:00,98,pdsi_extreme_drought_in_planting
18,bsr,True,2024-10-28T00:00:00,705,2024-10-28T00:00:00,704,2024-10-28T00:00:00,704,2024-10-21T00:00:00,392,2017-12-04T00:00:00,98,frbsf_sentiment
18,bsr,True,2024-10-28T00:00:00,705,2024-10-28T00:00:00,704,2024-10-28T00:00:00,704,2024-10-21T00:00:00,392,2017-12-04T00:00:00,98,DJIA_Index
18,bsr,True,2024-10-28T00:00:00,705,2024-10-28T00:00:00,704,2024-10-28T00:00:00,704,2024-10-21T00:00:00,392,2017-12-04T00:00:00,98,WTI_Index
18,bsr,True,2024-10-28T00:00:00,705,2024-10-28T00:00:00,704,2024-10-28T00:00:00,704,2024-10-21T00:00:00,392,2017-12-04T00:00:00,98,Broad_Dollar_index
18,bsr,True,2024-12-02T00:00:00,709,2024-12-02T00:00:00,708,2024-12-02T00:00:00,708,2024-11-25T00:00:00,396,2018-01-22T00:00:00,99,soybeans_weekly_rv
18,bsr,True,2024-12-02T00:00:00,709,2024-12-02T00:00:00,708,2024-12-02T00:00:00,708,2024-11-25T00:00:00,396,2018-01-22T00:00:00,99,soybeans_monthly_rv
18,bsr,True,2024-12-02T00:00:00,709,2024-12-02T00:00:00,708,2024-12-02T00:00:00,708,2024-11-25T00:00:00,396,2018-01-22T00:00:00,99,soybeans_seasonal_rv
18,bsr,True,2024-12-02T00:00:00,709,2024-12-02T00:00:00,708,2024-12-02T00:00:00,708,2024-11-25T00:00:00,396,2018-01-22T00:00:00,99,ssta_lanina
18,bsr,True,2024-12-02T00:00:00,709,2024-12-02T00:00:00,708,2024-12-02T00:00:00,708,2024-11-25T00:00:00,396,2018-01-22T00:00:00,99,tmax_hot_in_planting
18,bsr,True,2024-12-02T00:00:00,709,2024-12-02T00:00:00,708,2024-12-02T00:00:00,708,2024-11-25T00:00:00,396,2018-01-22T00:00:00,99,tmin_very_cold_in_planting
18,bsr,True,2024-12-02T00:00:00,709,2024-12-02T00:00:00,708,2024-12-02T00:00:00,708,2024-11-25T00:00:00,396,2018-01-22T00:00:00,99,tmin_very_cold_in_harvesting
18,bsr,True,2024-12-02T00:00:00,709,2024-12-02T00:00:00,708,2024-12-02T00:00:00,708,2024-11-25T00:00:00,396,2018-01-22T00:00:00,99,awnd_extreme_high_wind_in_planting
18,bsr,True,2024-12-02T00:00:00,709,2024-12-02T00:00:00,708,2024-12-02T00:00:00,708,2024-11-25T00:00:00,396,2018-01-22T00:00:00,99,spi_7d_extreme_wet_in_planting
18,bsr,True,2024-12-02T00:00:00,709,2024-12-02T00:00:00,708,2024-12-02T00:00:00,708,2024-11-25T00:00:00,396,2018-01-22T00:00:00,99,spi_7d_very_dry_in_planting
18,bsr,True,2024-12-02T00:00:00,709,2024-12-02T00:00:00,708,2024-12-02T00:00:00,708,2024-11-25T00:00:00,396,2018-01-22T00:00:00,99,pdsi_very_wet_in_planting
18,bsr,True,2024-12-02T00:00:00,709,2024-12-02T00:00:00,708,2024-12-02T00:00:00,708,2024-11-25T00:00:00,396,2018-01-22T00:00:00,99,pdsi_extreme_wet_in_planting
18,bsr,True,2024-12-02T00:00:00,709,2024-12-02T00:00:00,708,2024-12-02T00:00:00,708,2024-11-25T00:00:00,396,2018-01-22T00:00:00,99,pdsi_extreme_wet_in_harvesting
18,bsr,True,2024-12-02T00:00:00,709,2024-12-02T00:00:00,708,2024-12-02T00:00:00,708,2024-11-25T00:00:00,396,2018-01-22T00:00:00,99,pdsi_extreme_drought_in_planting
18,bsr,True,2024-12-02T00:00:00,709,2024-12-02T00:00:00,708,2024-12-02T00:00:00,708,2024-11-25T00:00:00,396,2018-01-22T00:00:00,99,frbsf_sentiment
18,bsr,True,2024-12-02T00:00:00,709,2024-12-02T00:00:00,708,2024-12-02T00:00:00,708,2024-11-25T00:00:00,396,2018-01-22T00:00:00,99,DJIA_Index
18,bsr,True,2024-12-02T00:00:00,709,2024-12-02T00:00:00,708,2024-12-02T00:00:00,708,2024-11-25T00:00:00,396,2018-01-22T00:00:00,99,WTI_Index
18,bsr,True,2024-12-02T00:00:00,709,2024-12-02T00:00:00,708,2024-12-02T00:00:00,708,2024-11-25T00:00:00,396,2018-01-22T00:00:00,99,Broad_Dollar_index
18,bsr,True,2024-12-30T00:00:00,713,2024-12-30T00:00:00,712,2024-12-30T00:00:00,712,2024-12-23T00:00:00,400,2018-02-26T00:00:00,100,soybeans_weekly_rv
18,bsr,True,2024-12-30T00:00:00,713,2024-12-30T00:00:00,712,2024-12-30T00:00:00,712,2024-12-23T00:00:00,400,2018-02-26T00:00:00,100,soybeans_monthly_rv
18,bsr,True,2024-12-30T00:00:00,713,2024-12-30T00:00:00,712,2024-12-30T00:00:00,712,2024-12-23T00:00:00,400,2018-02-26T00:00:00,100,soybeans_seasonal_rv
18,bsr,True,2024-12-30T00:00:00,713,2024-12-30T00:00:00,712,2024-12-30T00:00:00,712,2024-12-23T00:00:00,400,2018-02-26T00:00:00,100,ssta_lanina
18,bsr,True,2024-12-30T00:00:00,713,2024-12-30T00:00:00,712,2024-12-30T00:00:00,712,2024-12-23T00:00:00,400,2018-02-26T00:00:00,100,tmax_hot_in_planting
18,bsr,True,2024-12-30T00:00:00,713,2024-12-30T00:00:00,712,2024-12-30T00:00:00,712,2024-12-23T00:00:00,400,2018-02-26T00:00:00,100,tmin_very_cold_in_planting
18,bsr,True,2024-12-30T00:00:00,713,2024-12-30T00:00:00,712,2024-12-30T00:00:00,712,2024-12-23T00:00:00,400,2018-02-26T00:00:00,100,tmin_very_cold_in_harvesting
18,bsr,True,2024-12-30T00:00:00,713,2024-12-30T00:00:00,712,2024-12-30T00:00:00,712,2024-12-23T00:00:00,400,2018-02-26T00:00:00,100,awnd_extreme_high_wind_in_planting
18,bsr,True,2024-12-30T00:00:00,713,2024-12-30T00:00:00,712,2024-12-30T00:00:00,712,2024-12-23T00:00:00,400,2018-02-26T00:00:00,100,spi_7d_extreme_wet_in_planting
18,bsr,True,2024-12-30T00:00:00,713,2024-12-30T00:00:00,712,2024-12-30T00:00:00,712,2024-12-23T00:00:00,400,2018-02-26T00:00:00,100,spi_7d_very_dry_in_planting
18,bsr,True,2024-12-30T00:00:00,713,2024-12-30T00:00:00,712,2024-12-30T00:00:00,712,2024-12-23T00:00:00,400,2018-02-26T00:00:00,100,pdsi_very_wet_in_planting
18,bsr,True,2024-12-30T00:00:00,713,2024-12-30T00:00:00,712,2024-12-30T00:00:00,712,2024-12-23T00:00:00,400,2018-02-26T00:00:00,100,pdsi_extreme_wet_in_planting
18,bsr,True,2024-12-30T00:00:00,713,2024-12-30T00:00:00,712,2024-12-30T00:00:00,712,2024-12-23T00:00:00,400,2018-02-26T00:00:00,100,pdsi_extreme_wet_in_harvesting
18,bsr,True,2024-12-30T00:00:00,713,2024-12-30T00:00:00,712,2024-12-30T00:00:00,712,2024-12-23T00:00:00,400,2018-02-26T00:00:00,100,pdsi_extreme_drought_in_planting
18,bsr,True,2024-12-30T00:00:00,713,2024-12-30T00:00:00,712,2024-12-30T00:00:00,712,2024-12-23T00:00:00,400,2018-02-26T00:00:00,100,frbsf_sentiment
18,bsr,True,2024-12-30T00:00:00,713,2024-12-30T00:00:00,712,2024-12-30T00:00:00,712,2024-12-23T00:00:00,400,2018-02-26T00:00:00,100,DJIA_Index
18,bsr,True,2024-12-30T00:00:00,713,2024-12-30T00:00:00,712,2024-12-30T00:00:00,712,2024-12-23T00:00:00,400,2018-02-26T00:00:00,100,WTI_Index
18,bsr,True,2024-12-30T00:00:00,713,2024-12-30T00:00:00,712,2024-12-30T00:00:00,712,2024-12-23T00:00:00,400,2018-02-26T00:00:00,100,Broad_Dollar_index
