n_selected,selection_method,selection_reused,test_dates,test_end,test_end_date,test_start,test_start_date,train_end,train_end_date,train_start,train_start_date,window_id,selected_feature
8,lasso,False,2014-04-07T00:00:00,261,2014-04-07T00:00:00,260,2014-04-07T00:00:00,260,2014-03-31T00:00:00,0,2009-04-13T00:00:00,0,corn_weekly_rv
8,lasso,False,2014-04-07T00:00:00,261,2014-04-07T00:00:00,260,2014-04-07T00:00:00,260,2014-03-31T00:00:00,0,2009-04-13T00:00:00,0,pdsi_extreme_wet_in_harvesting
8,lasso,False,2014-04-07T00:00:00,261,2014-04-07T00:00:00,260,2014-04-07T00:00:00,260,2014-03-31T00:00:00,0,2009-04-13T00:00:00,0,pdsi_very_wet_in_planting
8,lasso,False,2014-04-07T00:00:00,261,2014-04-07T00:00:00,260,2014-04-07T00:00:00,260,2014-03-31T00:00:00,0,2009-04-13T00:00:00,0,ssta_lanina
8,lasso,False,2014-04-07T00:00:00,261,2014-04-07T00:00:00,260,2014-04-07T00:00:00,260,2014-03-31T00:00:00,0,2009-04-13T00:00:00,0,tmin_cold_in_harvesting
8,lasso,False,2014-04-07T00:00:00,261,2014-04-07T00:00:00,260,2014-04-07T00:00:00,260,2014-03-31T00:00:00,0,2009-04-13T00:00:00,0,wheat_monthly_rv
8,lasso,False,2014-04-07T00:00:00,261,2014-04-07T00:00:00,260,2014-04-07T00:00:00,260,2014-03-31T00:00:00,0,2009-04-13T00:00:00,0,wheat_seasonal_rv
8,lasso,False,2014-04-07T00:00:00,261,2014-04-07T00:00:00,260,2014-04-07T00:00:00,260,2014-03-31T00:00:00,0,2009-04-13T00:00:00,0,wheat_weekly_rv
8,lasso,True,2014-06-02T00:00:00,269,2014-06-02T00:00:00,268,2014-06-02T00:00:00,268,2014-05-26T00:00:00,8,2009-06-08T00:00:00,1,corn_weekly_rv
8,lasso,True,2014-06-02T00:00:00,269,2014-06-02T00:00:00,268,2014-06-02T00:00:00,268,2014-05-26T00:00:00,8,2009-06-08T00:00:00,1,pdsi_extreme_wet_in_harvesting
8,lasso,True,2014-06-02T00:00:00,269,2014-06-02T00:00:00,268,2014-06-02T00:00:00,268,2014-05-26T00:00:00,8,2009-06-08T00:00:00,1,pdsi_very_wet_in_planting
8,lasso,True,2014-06-02T00:00:00,269,2014-06-02T00:00:00,268,2014-06-02T00:00:00,268,2014-05-26T00:00:00,8,2009-06-08T00:00:00,1,ssta_lanina
8,lasso,True,2014-06-02T00:00:00,269,2014-06-02T00:00:00,268,2014-06-02T00:00:00,268,2014-05-26T00:00:00,8,2009-06-08T00:00:00,1,tmin_cold_in_harvesting
8,lasso,True,2014-06-02T00:00:00,269,2014-06-02T00:00:00,268,2014-06-02T00:00:00,268,2014-05-26T00:00:00,8,2009-06-08T00:00:00,1,wheat_monthly_rv
8,lasso,True,2014-06-02T00:00:00,269,2014-06-02T00:00:00,268,2014-06-02T00:00:00,268,2014-05-26T00:00:00,8,2009-06-08T00:00:00,1,wheat_seasonal_rv
8,lasso,True,2014-06-02T00:00:00,269,2014-06-02T00:00:00,268,2014-06-02T00:00:00,268,2014-05-26T00:00:00,8,2009-06-08T00:00:00,1,wheat_weekly_rv
8,lasso,True,2014-07-28T00:00:00,277,2014-07-28T00:00:00,276,2014-07-28T00:00:00,276,2014-07-21T00:00:00,16,2009-08-03T00:00:00,2,corn_weekly_rv
8,lasso,True,2014-07-28T00:00:00,277,2014-07-28T00:00:00,276,2014-07-28T00:00:00,276,2014-07-21T00:00:00,16,2009-08-03T00:00:00,2,pdsi_extreme_wet_in_harvesting
8,lasso,True,2014-07-28T00:00:00,277,2014-07-28T00:00:00,276,2014-07-28T00:00:00,276,2014-07-21T00:00:00,16,2009-08-03T00:00:00,2,pdsi_very_wet_in_planting
8,lasso,True,2014-07-28T00:00:00,277,2014-07-28T00:00:00,276,2014-07-28T00:00:00,276,2014-07-21T00:00:00,16,2009-08-03T00:00:00,2,ssta_lanina
8,lasso,True,2014-07-28T00:00:00,277,2014-07-28T00:00:00,276,2014-07-28T00:00:00,276,2014-07-21T00:00:00,16,2009-08-03T00:00:00,2,tmin_cold_in_harvesting
8,lasso,True,2014-07-28T00:00:00,277,2014-07-28T00:00:00,276,2014-07-28T00:00:00,276,2014-07-21T00:00:00,16,2009-08-03T00:00:00,2,wheat_monthly_rv
8,lasso,True,2014-07-28T00:00:00,277,2014-07-28T00:00:00,276,2014-07-28T00:00:00,276,2014-07-21T00:00:00,16,2009-08-03T00:00:00,2,wheat_seasonal_rv
8,lasso,True,2014-07-28T00:00:00,277,2014-07-28T00:00:00,276,2014-07-28T00:00:00,276,2014-07-21T00:00:00,16,2009-08-03T00:00:00,2,wheat_weekly_rv
8,lasso,True,2014-09-22T00:00:00,285,2014-09-22T00:00:00,284,2014-09-22T00:00:00,284,2014-09-15T00:00:00,24,2009-09-28T00:00:00,3,corn_weekly_rv
8,lasso,True,2014-09-22T00:00:00,285,2014-09-22T00:00:00,284,2014-09-22T00:00:00,284,2014-09-15T00:00:00,24,2009-09-28T00:00:00,3,pdsi_extreme_wet_in_harvesting
8,lasso,True,2014-09-22T00:00:00,285,2014-09-22T00:00:00,284,2014-09-22T00:00:00,284,2014-09-15T00:00:00,24,2009-09-28T00:00:00,3,pdsi_very_wet_in_planting
8,lasso,True,2014-09-22T00:00:00,285,2014-09-22T00:00:00,284,2014-09-22T00:00:00,284,2014-09-15T00:00:00,24,2009-09-28T00:00:00,3,ssta_lanina
8,lasso,True,2014-09-22T00:00:00,285,2014-09-22T00:00:00,284,2014-09-22T00:00:00,284,2014-09-15T00:00:00,24,2009-09-28T00:00:00,3,tmin_cold_in_harvesting
8,lasso,True,2014-09-22T00:00:00,285,2014-09-22T00:00:00,284,2014-09-22T00:00:00,284,2014-09-15T00:00:00,24,2009-09-28T00:00:00,3,wheat_monthly_rv
8,lasso,True,2014-09-22T00:00:00,285,2014-09-22T00:00:00,284,2014-09-22T00:00:00,284,2014-09-15T00:00:00,24,2009-09-28T00:00:00,3,wheat_seasonal_rv
8,lasso,True,2014-09-22T00:00:00,285,2014-09-22T00:00:00,284,2014-09-22T00:00:00,284,2014-09-15T00:00:00,24,2009-09-28T00:00:00,3,wheat_weekly_rv
5,lasso,False,2014-11-17T00:00:00,293,2014-11-17T00:00:00,292,2014-11-17T00:00:00,292,2014-11-10T00:00:00,32,2009-11-23T00:00:00,4,ssta_lanina
5,lasso,False,2014-11-17T00:00:00,293,2014-11-17T00:00:00,292,2014-11-17T00:00:00,292,2014-11-10T00:00:00,32,2009-11-23T00:00:00,4,tmin_cold_in_harvesting
5,lasso,False,2014-11-17T00:00:00,293,2014-11-17T00:00:00,292,2014-11-17T00:00:00,292,2014-11-10T00:00:00,32,2009-11-23T00:00:00,4,wheat_monthly_rv
5,lasso,False,2014-11-17T00:00:00,293,2014-11-17T00:00:00,292,2014-11-17T00:00:00,292,2014-11-10T00:00:00,32,2009-11-23T00:00:00,4,wheat_seasonal_rv
5,lasso,False,2014-11-17T00:00:00,293,2014-11-17T00:00:00,292,2014-11-17T00:00:00,292,2014-11-10T00:00:00,32,2009-11-23T00:00:00,4,wheat_weekly_rv
5,lasso,True,2015-01-12T00:00:00,301,2015-01-12T00:00:00,300,2015-01-12T00:00:00,300,2015-01-05T00:00:00,40,2010-01-18T00:00:00,5,ssta_lanina
5,lasso,True,2015-01-12T00:00:00,301,2015-01-12T00:00:00,300,2015-01-12T00:00:00,300,2015-01-05T00:00:00,40,2010-01-18T00:00:00,5,tmin_cold_in_harvesting
5,lasso,True,2015-01-12T00:00:00,301,2015-01-12T00:00:00,300,2015-01-12T00:00:00,300,2015-01-05T00:00:00,40,2010-01-18T00:00:00,5,wheat_monthly_rv
5,lasso,True,2015-01-12T00:00:00,301,2015-01-12T00:00:00,300,2015-01-12T00:00:00,300,2015-01-05T00:00:00,40,2010-01-18T00:00:00,5,wheat_seasonal_rv
5,lasso,True,2015-01-12T00:00:00,301,2015-01-12T00:00:00,300,2015-01-12T00:00:00,300,2015-01-05T00:00:00,40,2010-01-18T00:00:00,5,wheat_weekly_rv
5,lasso,True,2015-03-09T00:00:00,309,2015-03-09T00:00:00,308,2015-03-09T00:00:00,308,2015-03-02T00:00:00,48,2010-03-15T00:00:00,6,ssta_lanina
5,lasso,True,2015-03-09T00:00:00,309,2015-03-09T00:00:00,308,2015-03-09T00:00:00,308,2015-03-02T00:00:00,48,2010-03-15T00:00:00,6,tmin_cold_in_harvesting
5,lasso,True,2015-03-09T00:00:00,309,2015-03-09T00:00:00,308,2015-03-09T00:00:00,308,2015-03-02T00:00:00,48,2010-03-15T00:00:00,6,wheat_monthly_rv
5,lasso,True,2015-03-09T00:00:00,309,2015-03-09T00:00:00,308,2015-03-09T00:00:00,308,2015-03-02T00:00:00,48,2010-03-15T00:00:00,6,wheat_seasonal_rv
5,lasso,True,2015-03-09T00:00:00,309,2015-03-09T00:00:00,308,2015-03-09T00:00:00,308,2015-03-02T00:00:00,48,2010-03-15T00:00:00,6,wheat_weekly_rv
5,lasso,True,2015-05-04T00:00:00,317,2015-05-04T00:00:00,316,2015-05-04T00:00:00,316,2015-04-27T00:00:00,56,2010-05-10T00:00:00,7,ssta_lanina
5,lasso,True,2015-05-04T00:00:00,317,2015-05-04T00:00:00,316,2015-05-04T00:00:00,316,2015-04-27T00:00:00,56,2010-05-10T00:00:00,7,tmin_cold_in_harvesting
5,lasso,True,2015-05-04T00:00:00,317,2015-05-04T00:00:00,316,2015-05-04T00:00:00,316,2015-04-27T00:00:00,56,2010-05-10T00:00:00,7,wheat_monthly_rv
5,lasso,True,2015-05-04T00:00:00,317,2015-05-04T00:00:00,316,2015-05-04T00:00:00,316,2015-04-27T00:00:00,56,2010-05-10T00:00:00,7,wheat_seasonal_rv
5,lasso,True,2015-05-04T00:00:00,317,2015-05-04T00:00:00,316,2015-05-04T00:00:00,316,2015-04-27T00:00:00,56,2010-05-10T00:00:00,7,wheat_weekly_rv
3,lasso,False,2015-06-29T00:00:00,325,2015-06-29T00:00:00,324,2015-06-29T00:00:00,324,2015-06-22T00:00:00,64,2010-07-05T00:00:00,8,wheat_monthly_rv
3,lasso,False,2015-06-29T00:00:00,325,2015-06-29T00:00:00,324,2015-06-29T00:00:00,324,2015-06-22T00:00:00,64,2010-07-05T00:00:00,8,wheat_seasonal_rv
3,lasso,False,2015-06-29T00:00:00,325,2015-06-29T00:00:00,324,2015-06-29T00:00:00,324,2015-06-22T00:00:00,64,2010-07-05T00:00:00,8,wheat_weekly_rv
3,lasso,True,2015-08-24T00:00:00,333,2015-08-24T00:00:00,332,2015-08-24T00:00:00,332,2015-08-17T00:00:00,72,2010-08-30T00:00:00,9,wheat_monthly_rv
3,lasso,True,2015-08-24T00:00:00,333,2015-08-24T00:00:00,332,2015-08-24T00:00:00,332,2015-08-17T00:00:00,72,2010-08-30T00:00:00,9,wheat_seasonal_rv
3,lasso,True,2015-08-24T00:00:00,333,2015-08-24T00:00:00,332,2015-08-24T00:00:00,332,2015-08-17T00:00:00,72,2010-08-30T00:00:00,9,wheat_weekly_rv
3,lasso,True,2015-10-19T00:00:00,341,2015-10-19T00:00:00,340,2015-10-19T00:00:00,340,2015-10-12T00:00:00,80,2010-10-25T00:00:00,10,wheat_monthly_rv
3,lasso,True,2015-10-19T00:00:00,341,2015-10-19T00:00:00,340,2015-10-19T00:00:00,340,2015-10-12T00:00:00,80,2010-10-25T00:00:00,10,wheat_seasonal_rv
3,lasso,True,2015-10-19T00:00:00,341,2015-10-19T00:00:00,340,2015-10-19T00:00:00,340,2015-10-12T00:00:00,80,2010-10-25T00:00:00,10,wheat_weekly_rv
3,lasso,True,2015-12-14T00:00:00,349,2015-12-14T00:00:00,348,2015-12-14T00:00:00,348,2015-12-07T00:00:00,88,2010-12-20T00:00:00,11,wheat_monthly_rv
3,lasso,True,2015-12-14T00:00:00,349,2015-12-14T00:00:00,348,2015-12-14T00:00:00,348,2015-12-07T00:00:00,88,2010-12-20T00:00:00,11,wheat_seasonal_rv
3,lasso,True,2015-12-14T00:00:00,349,2015-12-14T00:00:00,348,2015-12-14T00:00:00,348,2015-12-07T00:00:00,88,2010-12-20T00:00:00,11,wheat_weekly_rv
13,lasso,False,2016-02-08T00:00:00,357,2016-02-08T00:00:00,356,2016-02-08T00:00:00,356,2016-02-01T00:00:00,96,2011-02-14T00:00:00,12,NAO_index
13,lasso,False,2016-02-08T00:00:00,357,2016-02-08T00:00:00,356,2016-02-08T00:00:00,356,2016-02-01T00:00:00,96,2011-02-14T00:00:00,12,corn_weekly_rv
13,lasso,False,2016-02-08T00:00:00,357,2016-02-08T00:00:00,356,2016-02-08T00:00:00,356,2016-02-01T00:00:00,96,2011-02-14T00:00:00,12,pdsi_extreme_drought_in_planting
13,lasso,False,2016-02-08T00:00:00,357,2016-02-08T00:00:00,356,2016-02-08T00:00:00,356,2016-02-01T00:00:00,96,2011-02-14T00:00:00,12,pdsi_severe_drought_in_harvesting
13,lasso,False,2016-02-08T00:00:00,357,2016-02-08T00:00:00,356,2016-02-08T00:00:00,356,2016-02-01T00:00:00,96,2011-02-14T00:00:00,12,spi_7d_very_dry_in_harvesting
13,lasso,False,2016-02-08T00:00:00,357,2016-02-08T00:00:00,356,2016-02-08T00:00:00,356,2016-02-01T00:00:00,96,2011-02-14T00:00:00,12,ssta_lanina
13,lasso,False,2016-02-08T00:00:00,357,2016-02-08T00:00:00,356,2016-02-08T00:00:00,356,2016-02-01T00:00:00,96,2011-02-14T00:00:00,12,tmin_cold_in_harvesting
13,lasso,False,2016-02-08T00:00:00,357,2016-02-08T00:00:00,356,2016-02-08T00:00:00,356,2016-02-01T00:00:00,96,2011-02-14T00:00:00,12,tmin_very_cold_in_harvesting
13,lasso,False,2016-02-08T00:00:00,357,2016-02-08T00:00:00,356,2016-02-08T00:00:00,356,2016-02-01T00:00:00,96,2011-02-14T00:00:00,12,tmin_very_cold_in_planting
13,lasso,False,2016-02-08T00:00:00,357,2016-02-08T00:00:00,356,2016-02-08T00:00:00,356,2016-02-01T00:00:00,96,2011-02-14T00:00:00,12,wheat_monthly_rv
13,lasso,False,2016-02-08T00:00:00,357,2016-02-08T00:00:00,356,2016-02-08T00:00:00,356,2016-02-01T00:00:00,96,2011-02-14T00:00:00,12,wheat_seasonal_rv
13,lasso,False,2016-02-08T00:00:00,357,2016-02-08T00:00:00,356,2016-02-08T00:00:00,356,2016-02-01T00:00:00,96,2011-02-14T00:00:00,12,wheat_weekly_rv
13,lasso,False,2016-02-08T00:00:00,357,2016-02-08T00:00:00,356,2016-02-08T00:00:00,356,2016-02-01T00:00:00,96,2011-02-14T00:00:00,12,wheat_weekly_rvg
13,lasso,True,2016-04-04T00:00:00,365,2016-04-04T00:00:00,364,2016-04-04T00:00:00,364,2016-03-28T00:00:00,104,2011-04-11T00:00:00,13,NAO_index
13,lasso,True,2016-04-04T00:00:00,365,2016-04-04T00:00:00,364,2016-04-04T00:00:00,364,2016-03-28T00:00:00,104,2011-04-11T00:00:00,13,corn_weekly_rv
13,lasso,True,2016-04-04T00:00:00,365,2016-04-04T00:00:00,364,2016-04-04T00:00:00,364,2016-03-28T00:00:00,104,2011-04-11T00:00:00,13,pdsi_extreme_drought_in_planting
13,lasso,True,2016-04-04T00:00:00,365,2016-04-04T00:00:00,364,2016-04-04T00:00:00,364,2016-03-28T00:00:00,104,2011-04-11T00:00:00,13,pdsi_severe_drought_in_harvesting
13,lasso,True,2016-04-04T00:00:00,365,2016-04-04T00:00:00,364,2016-04-04T00:00:00,364,2016-03-28T00:00:00,104,2011-04-11T00:00:00,13,spi_7d_very_dry_in_harvesting
13,lasso,True,2016-04-04T00:00:00,365,2016-04-04T00:00:00,364,2016-04-04T00:00:00,364,2016-03-28T00:00:00,104,2011-04-11T00:00:00,13,ssta_lanina
13,lasso,True,2016-04-04T00:00:00,365,2016-04-04T00:00:00,364,2016-04-04T00:00:00,364,2016-03-28T00:00:00,104,2011-04-11T00:00:00,13,tmin_cold_in_harvesting
13,lasso,True,2016-04-04T00:00:00,365,2016-04-04T00:00:00,364,2016-04-04T00:00:00,364,2016-03-28T00:00:00,104,2011-04-11T00:00:00,13,tmin_very_cold_in_harvesting
13,lasso,True,2016-04-04T00:00:00,365,2016-04-04T00:00:00,364,2016-04-04T00:00:00,364,2016-03-28T00:00:00,104,2011-04-11T00:00:00,13,tmin_very_cold_in_planting
13,lasso,True,2016-04-04T00:00:00,365,2016-04-04T00:00:00,364,2016-04-04T00:00:00,364,2016-03-28T00:00:00,104,2011-04-11T00:00:00,13,wheat_monthly_rv
13,lasso,True,2016-04-04T00:00:00,365,2016-04-04T00:00:00,364,2016-04-04T00:00:00,364,2016-03-28T00:00:00,104,2011-04-11T00:00:00,13,wheat_seasonal_rv
13,lasso,True,2016-04-04T00:00:00,365,2016-04-04T00:00:00,364,2016-04-04T00:00:00,364,2016-03-28T00:00:00,104,2011-04-11T00:00:00,13,wheat_weekly_rv
13,lasso,True,2016-04-04T00:00:00,365,2016-04-04T00:00:00,364,2016-04-04T00:00:00,364,2016-03-28T00:00:00,104,2011-04-11T00:00:00,13,wheat_weekly_rvg
13,lasso,True,2016-05-30T00:00:00,373,2016-05-30T00:00:00,372,2016-05-30T00:00:00,372,2016-05-23T00:00:00,112,2011-06-06T00:00:00,14,NAO_index
13,lasso,True,2016-05-30T00:00:00,373,2016-05-30T00:00:00,372,2016-05-30T00:00:00,372,2016-05-23T00:00:00,112,2011-06-06T00:00:00,14,corn_weekly_rv
13,lasso,True,2016-05-30T00:00:00,373,2016-05-30T00:00:00,372,2016-05-30T00:00:00,372,2016-05-23T00:00:00,112,2011-06-06T00:00:00,14,pdsi_extreme_drought_in_planting
13,lasso,True,2016-05-30T00:00:00,373,2016-05-30T00:00:00,372,2016-05-30T00:00:00,372,2016-05-23T00:00:00,112,2011-06-06T00:00:00,14,pdsi_severe_drought_in_harvesting
13,lasso,True,2016-05-30T00:00:00,373,2016-05-30T00:00:00,372,2016-05-30T00:00:00,372,2016-05-23T00:00:00,112,2011-06-06T00:00:00,14,spi_7d_very_dry_in_harvesting
13,lasso,True,2016-05-30T00:00:00,373,2016-05-30T00:00:00,372,2016-05-30T00:00:00,372,2016-05-23T00:00:00,112,2011-06-06T00:00:00,14,ssta_lanina
13,lasso,True,2016-05-30T00:00:00,373,2016-05-30T00:00:00,372,2016-05-30T00:00:00,372,2016-05-23T00:00:00,112,2011-06-06T00:00:00,14,tmin_cold_in_harvesting
13,lasso,True,2016-05-30T00:00:00,373,2016-05-30T00:00:00,372,2016-05-30T00:00:00,372,2016-05-23T00:00:00,112,2011-06-06T00:00:00,14,tmin_very_cold_in_harvesting
13,lasso,True,2016-05-30T00:00:00,373,2016-05-30T00:00:00,372,2016-05-30T00:00:00,372,2016-05-23T00:00:00,112,2011-06-06T00:00:00,14,tmin_very_cold_in_planting
13,lasso,True,2016-05-30T00:00:00,373,2016-05-30T00:00:00,372,2016-05-30T00:00:00,372,2016-05-23T00:00:00,112,2011-06-06T00:00:00,14,wheat_monthly_rv
13,lasso,True,2016-05-30T00:00:00,373,2016-05-30T00:00:00,372,2016-05-30T00:00:00,372,2016-05-23T00:00:00,112,2011-06-06T00:00:00,14,wheat_seasonal_rv
13,lasso,True,2016-05-30T00:00:00,373,2016-05-30T00:00:00,372,2016-05-30T00:00:00,372,2016-05-23T00:00:00,112,2011-06-06T00:00:00,14,wheat_weekly_rv
13,lasso,True,2016-05-30T00:00:00,373,2016-05-30T00:00:00,372,2016-05-30T00:00:00,372,2016-05-23T00:00:00,112,2011-06-06T00:00:00,14,wheat_weekly_rvg
13,lasso,True,2016-07-25T00:00:00,381,2016-07-25T00:00:00,380,2016-07-25T00:00:00,380,2016-07-18T00:00:00,120,2011-08-01T00:00:00,15,NAO_index
13,lasso,True,2016-07-25T00:00:00,381,2016-07-25T00:00:00,380,2016-07-25T00:00:00,380,2016-07-18T00:00:00,120,2011-08-01T00:00:00,15,corn_weekly_rv
13,lasso,True,2016-07-25T00:00:00,381,2016-07-25T00:00:00,380,2016-07-25T00:00:00,380,2016-07-18T00:00:00,120,2011-08-01T00:00:00,15,pdsi_extreme_drought_in_planting
13,lasso,True,2016-07-25T00:00:00,381,2016-07-25T00:00:00,380,2016-07-25T00:00:00,380,2016-07-18T00:00:00,120,2011-08-01T00:00:00,15,pdsi_severe_drought_in_harvesting
13,lasso,True,2016-07-25T00:00:00,381,2016-07-25T00:00:00,380,2016-07-25T00:00:00,380,2016-07-18T00:00:00,120,2011-08-01T00:00:00,15,spi_7d_very_dry_in_harvesting
13,lasso,True,2016-07-25T00:00:00,381,2016-07-25T00:00:00,380,2016-07-25T00:00:00,380,2016-07-18T00:00:00,120,2011-08-01T00:00:00,15,ssta_lanina
13,lasso,True,2016-07-25T00:00:00,381,2016-07-25T00:00:00,380,2016-07-25T00:00:00,380,2016-07-18T00:00:00,120,2011-08-01T00:00:00,15,tmin_cold_in_harvesting
13,lasso,True,2016-07-25T00:00:00,381,2016-07-25T00:00:00,380,2016-07-25T00:00:00,380,2016-07-18T00:00:00,120,2011-08-01T00:00:00,15,tmin_very_cold_in_harvesting
13,lasso,True,2016-07-25T00:00:00,381,2016-07-25T00:00:00,380,2016-07-25T00:00:00,380,2016-07-18T00:00:00,120,2011-08-01T00:00:00,15,tmin_very_cold_in_planting
13,lasso,True,2016-07-25T00:00:00,381,2016-07-25T00:00:00,380,2016-07-25T00:00:00,380,2016-07-18T00:00:00,120,2011-08-01T00:00:00,15,wheat_monthly_rv
13,lasso,True,2016-07-25T00:00:00,381,2016-07-25T00:00:00,380,2016-07-25T00:00:00,380,2016-07-18T00:00:00,120,2011-08-01T00:00:00,15,wheat_seasonal_rv
13,lasso,True,2016-07-25T00:00:00,381,2016-07-25T00:00:00,380,2016-07-25T00:00:00,380,2016-07-18T00:00:00,120,2011-08-01T00:00:00,15,wheat_weekly_rv
13,lasso,True,2016-07-25T00:00:00,381,2016-07-25T00:00:00,380,2016-07-25T00:00:00,380,2016-07-18T00:00:00,120,2011-08-01T00:00:00,15,wheat_weekly_rvg
4,lasso,False,2016-09-19T00:00:00,389,2016-09-19T00:00:00,388,2016-09-19T00:00:00,388,2016-09-12T00:00:00,128,2011-09-26T00:00:00,16,wheat_monthly_rv
4,lasso,False,2016-09-19T00:00:00,389,2016-09-19T00:00:00,388,2016-09-19T00:00:00,388,2016-09-12T00:00:00,128,2011-09-26T00:00:00,16,wheat_seasonal_rv
4,lasso,False,2016-09-19T00:00:00,389,2016-09-19T00:00:00,388,2016-09-19T00:00:00,388,2016-09-12T00:00:00,128,2011-09-26T00:00:00,16,wheat_weekly_rv
4,lasso,False,2016-09-19T00:00:00,389,2016-09-19T00:00:00,388,2016-09-19T00:00:00,388,2016-09-12T00:00:00,128,2011-09-26T00:00:00,16,wheat_weekly_rvg
4,lasso,True,2016-11-14T00:00:00,397,2016-11-14T00:00:00,396,2016-11-14T00:00:00,396,2016-11-07T00:00:00,136,2011-11-21T00:00:00,17,wheat_monthly_rv
4,lasso,True,2016-11-14T00:00:00,397,2016-11-14T00:00:00,396,2016-11-14T00:00:00,396,2016-11-07T00:00:00,136,2011-11-21T00:00:00,17,wheat_seasonal_rv
4,lasso,True,2016-11-14T00:00:00,397,2016-11-14T00:00:00,396,2016-11-14T00:00:00,396,2016-11-07T00:00:00,136,2011-11-21T00:00:00,17,wheat_weekly_rv
4,lasso,True,2016-11-14T00:00:00,397,2016-11-14T00:00:00,396,2016-11-14T00:00:00,396,2016-11-07T00:00:00,136,2011-11-21T00:00:00,17,wheat_weekly_rvg
4,lasso,True,2017-01-09T00:00:00,405,2017-01-09T00:00:00,404,2017-01-09T00:00:00,404,2017-01-02T00:00:00,144,2012-01-16T00:00:00,18,wheat_monthly_rv
4,lasso,True,2017-01-09T00:00:00,405,2017-01-09T00:00:00,404,2017-01-09T00:00:00,404,2017-01-02T00:00:00,144,2012-01-16T00:00:00,18,wheat_seasonal_rv
4,lasso,True,2017-01-09T00:00:00,405,2017-01-09T00:00:00,404,2017-01-09T00:00:00,404,2017-01-02T00:00:00,144,2012-01-16T00:00:00,18,wheat_weekly_rv
4,lasso,True,2017-01-09T00:00:00,405,2017-01-09T00:00:00,404,2017-01-09T00:00:00,404,2017-01-02T00:00:00,144,2012-01-16T00:00:00,18,wheat_weekly_rvg
4,lasso,True,2017-03-06T00:00:00,413,2017-03-06T00:00:00,412,2017-03-06T00:00:00,412,2017-02-27T00:00:00,152,2012-03-12T00:00:00,19,wheat_monthly_rv
4,lasso,True,2017-03-06T00:00:00,413,2017-03-06T00:00:00,412,2017-03-06T00:00:00,412,2017-02-27T00:00:00,152,2012-03-12T00:00:00,19,wheat_seasonal_rv
4,lasso,True,2017-03-06T00:00:00,413,2017-03-06T00:00:00,412,2017-03-06T00:00:00,412,2017-02-27T00:00:00,152,2012-03-12T00:00:00,19,wheat_weekly_rv
4,lasso,True,2017-03-06T00:00:00,413,2017-03-06T00:00:00,412,2017-03-06T00:00:00,412,2017-02-27T00:00:00,152,2012-03-12T00:00:00,19,wheat_weekly_rvg
11,lasso,False,2017-05-01T00:00:00,421,2017-05-01T00:00:00,420,2017-05-01T00:00:00,420,2017-04-24T00:00:00,160,2012-05-07T00:00:00,20,NAO_index
11,lasso,False,2017-05-01T00:00:00,421,2017-05-01T00:00:00,420,2017-05-01T00:00:00,420,2017-04-24T00:00:00,160,2012-05-07T00:00:00,20,awnd_extreme_high_wind_in_harvesting
11,lasso,False,2017-05-01T00:00:00,421,2017-05-01T00:00:00,420,2017-05-01T00:00:00,420,2017-04-24T00:00:00,160,2012-05-07T00:00:00,20,pdsi_extreme_drought_in_planting
11,lasso,False,2017-05-01T00:00:00,421,2017-05-01T00:00:00,420,2017-05-01T00:00:00,420,2017-04-24T00:00:00,160,2012-05-07T00:00:00,20,pdsi_extreme_wet_in_planting
11,lasso,False,2017-05-01T00:00:00,421,2017-05-01T00:00:00,420,2017-05-01T00:00:00,420,2017-04-24T00:00:00,160,2012-05-07T00:00:00,20,spi_7d_extreme_dry_in_harvesting
11,lasso,False,2017-05-01T00:00:00,421,2017-05-01T00:00:00,420,2017-05-01T00:00:00,420,2017-04-24T00:00:00,160,2012-05-07T00:00:00,20,tmin_cold_in_harvesting
11,lasso,False,2017-05-01T00:00:00,421,2017-05-01T00:00:00,420,2017-05-01T00:00:00,420,2017-04-24T00:00:00,160,2012-05-07T00:00:00,20,tmin_very_cold_in_planting
11,lasso,False,2017-05-01T00:00:00,421,2017-05-01T00:00:00,420,2017-05-01T00:00:00,420,2017-04-24T00:00:00,160,2012-05-07T00:00:00,20,wheat_monthly_rv
11,lasso,False,2017-05-01T00:00:00,421,2017-05-01T00:00:00,420,2017-05-01T00:00:00,420,2017-04-24T00:00:00,160,2012-05-07T00:00:00,20,wheat_seasonal_rv
11,lasso,False,2017-05-01T00:00:00,421,2017-05-01T00:00:00,420,2017-05-01T00:00:00,420,2017-04-24T00:00:00,160,2012-05-07T00:00:00,20,wheat_weekly_rv
11,lasso,False,2017-05-01T00:00:00,421,2017-05-01T00:00:00,420,2017-05-01T00:00:00,420,2017-04-24T00:00:00,160,2012-05-07T00:00:00,20,wheat_weekly_rvg
11,lasso,True,2017-06-26T00:00:00,429,2017-06-26T00:00:00,428,2017-06-26T00:00:00,428,2017-06-19T00:00:00,168,2012-07-02T00:00:00,21,NAO_index
11,lasso,True,2017-06-26T00:00:00,429,2017-06-26T00:00:00,428,2017-06-26T00:00:00,428,2017-06-19T00:00:00,168,2012-07-02T00:00:00,21,awnd_extreme_high_wind_in_harvesting
11,lasso,True,2017-06-26T00:00:00,429,2017-06-26T00:00:00,428,2017-06-26T00:00:00,428,2017-06-19T00:00:00,168,2012-07-02T00:00:00,21,pdsi_extreme_drought_in_planting
11,lasso,True,2017-06-26T00:00:00,429,2017-06-26T00:00:00,428,2017-06-26T00:00:00,428,2017-06-19T00:00:00,168,2012-07-02T00:00:00,21,pdsi_extreme_wet_in_planting
11,lasso,True,2017-06-26T00:00:00,429,2017-06-26T00:00:00,428,2017-06-26T00:00:00,428,2017-06-19T00:00:00,168,2012-07-02T00:00:00,21,spi_7d_extreme_dry_in_harvesting
11,lasso,True,2017-06-26T00:00:00,429,2017-06-26T00:00:00,428,2017-06-26T00:00:00,428,2017-06-19T00:00:00,168,2012-07-02T00:00:00,21,tmin_cold_in_harvesting
11,lasso,True,2017-06-26T00:00:00,429,2017-06-26T00:00:00,428,2017-06-26T00:00:00,428,2017-06-19T00:00:00,168,2012-07-02T00:00:00,21,tmin_very_cold_in_planting
11,lasso,True,2017-06-26T00:00:00,429,2017-06-26T00:00:00,428,2017-06-26T00:00:00,428,2017-06-19T00:00:00,168,2012-07-02T00:00:00,21,wheat_monthly_rv
11,lasso,True,2017-06-26T00:00:00,429,2017-06-26T00:00:00,428,2017-06-26T00:00:00,428,2017-06-19T00:00:00,168,2012-07-02T00:00:00,21,wheat_seasonal_rv
11,lasso,True,2017-06-26T00:00:00,429,2017-06-26T00:00:00,428,2017-06-26T00:00:00,428,2017-06-19T00:00:00,168,2012-07-02T00:00:00,21,wheat_weekly_rv
11,lasso,True,2017-06-26T00:00:00,429,2017-06-26T00:00:00,428,2017-06-26T00:00:00,428,2017-06-19T00:00:00,168,2012-07-02T00:00:00,21,wheat_weekly_rvg
11,lasso,True,2017-08-21T00:00:00,437,2017-08-21T00:00:00,436,2017-08-21T00:00:00,436,2017-08-14T00:00:00,176,2012-08-27T00:00:00,22,NAO_index
11,lasso,True,2017-08-21T00:00:00,437,2017-08-21T00:00:00,436,2017-08-21T00:00:00,436,2017-08-14T00:00:00,176,2012-08-27T00:00:00,22,awnd_extreme_high_wind_in_harvesting
11,lasso,True,2017-08-21T00:00:00,437,2017-08-21T00:00:00,436,2017-08-21T00:00:00,436,2017-08-14T00:00:00,176,2012-08-27T00:00:00,22,pdsi_extreme_drought_in_planting
11,lasso,True,2017-08-21T00:00:00,437,2017-08-21T00:00:00,436,2017-08-21T00:00:00,436,2017-08-14T00:00:00,176,2012-08-27T00:00:00,22,pdsi_extreme_wet_in_planting
11,lasso,True,2017-08-21T00:00:00,437,2017-08-21T00:00:00,436,2017-08-21T00:00:00,436,2017-08-14T00:00:00,176,2012-08-27T00:00:00,22,spi_7d_extreme_dry_in_harvesting
11,lasso,True,2017-08-21T00:00:00,437,2017-08-21T00:00:00,436,2017-08-21T00:00:00,436,2017-08-14T00:00:00,176,2012-08-27T00:00:00,22,tmin_cold_in_harvesting
11,lasso,True,2017-08-21T00:00:00,437,2017-08-21T00:00:00,436,2017-08-21T00:00:00,436,2017-08-14T00:00:00,176,2012-08-27T00:00:00,22,tmin_very_cold_in_planting
11,lasso,True,2017-08-21T00:00:00,437,2017-08-21T00:00:00,436,2017-08-21T00:00:00,436,2017-08-14T00:00:00,176,2012-08-27T00:00:00,22,wheat_monthly_rv
11,lasso,True,2017-08-21T00:00:00,437,2017-08-21T00:00:00,436,2017-08-21T00:00:00,436,2017-08-14T00:00:00,176,2012-08-27T00:00:00,22,wheat_seasonal_rv
11,lasso,True,2017-08-21T00:00:00,437,2017-08-21T00:00:00,436,2017-08-21T00:00:00,436,2017-08-14T00:00:00,176,2012-08-27T00:00:00,22,wheat_weekly_rv
11,lasso,True,2017-08-21T00:00:00,437,2017-08-21T00:00:00,436,2017-08-21T00:00:00,436,2017-08-14T00:00:00,176,2012-08-27T00:00:00,22,wheat_weekly_rvg
11,lasso,True,2017-10-16T00:00:00,445,2017-10-16T00:00:00,444,2017-10-16T00:00:00,444,2017-10-09T00:00:00,184,2012-10-22T00:00:00,23,NAO_index
11,lasso,True,2017-10-16T00:00:00,445,2017-10-16T00:00:00,444,2017-10-16T00:00:00,444,2017-10-09T00:00:00,184,2012-10-22T00:00:00,23,awnd_extreme_high_wind_in_harvesting
11,lasso,True,2017-10-16T00:00:00,445,2017-10-16T00:00:00,444,2017-10-16T00:00:00,444,2017-10-09T00:00:00,184,2012-10-22T00:00:00,23,pdsi_extreme_drought_in_planting
11,lasso,True,2017-10-16T00:00:00,445,2017-10-16T00:00:00,444,2017-10-16T00:00:00,444,2017-10-09T00:00:00,184,2012-10-22T00:00:00,23,pdsi_extreme_wet_in_planting
11,lasso,True,2017-10-16T00:00:00,445,2017-10-16T00:00:00,444,2017-10-16T00:00:00,444,2017-10-09T00:00:00,184,2012-10-22T00:00:00,23,spi_7d_extreme_dry_in_harvesting
11,lasso,True,2017-10-16T00:00:00,445,2017-10-16T00:00:00,444,2017-10-16T00:00:00,444,2017-10-09T00:00:00,184,2012-10-22T00:00:00,23,tmin_cold_in_harvesting
11,lasso,True,2017-10-16T00:00:00,445,2017-10-16T00:00:00,444,2017-10-16T00:00:00,444,2017-10-09T00:00:00,184,2012-10-22T00:00:00,23,tmin_very_cold_in_planting
11,lasso,True,2017-10-16T00:00:00,445,2017-10-16T00:00:00,444,2017-10-16T00:00:00,444,2017-10-09T00:00:00,184,2012-10-22T00:00:00,23,wheat_monthly_rv
11,lasso,True,2017-10-16T00:00:00,445,2017-10-16T00:00:00,444,2017-10-16T00:00:00,444,2017-10-09T00:00:00,184,2012-10-22T00:00:00,23,wheat_seasonal_rv
11,lasso,True,2017-10-16T00:00:00,445,2017-10-16T00:00:00,444,2017-10-16T00:00:00,444,2017-10-09T00:00:00,184,2012-10-22T00:00:00,23,wheat_weekly_rv
11,lasso,True,2017-10-16T00:00:00,445,2017-10-16T00:00:00,444,2017-10-16T00:00:00,444,2017-10-09T00:00:00,184,2012-10-22T00:00:00,23,wheat_weekly_rvg
17,lasso,False,2017-12-11T00:00:00,453,2017-12-11T00:00:00,452,2017-12-11T00:00:00,452,2017-12-04T00:00:00,192,2012-12-17T00:00:00,24,NAO_index
17,lasso,False,2017-12-11T00:00:00,453,2017-12-11T00:00:00,452,2017-12-11T00:00:00,452,2017-12-04T00:00:00,192,2012-12-17T00:00:00,24,SOI_index
17,lasso,False,2017-12-11T00:00:00,453,2017-12-11T00:00:00,452,2017-12-11T00:00:00,452,2017-12-04T00:00:00,192,2012-12-17T00:00:00,24,awnd_extreme_high_wind_in_harvesting
17,lasso,False,2017-12-11T00:00:00,453,2017-12-11T00:00:00,452,2017-12-11T00:00:00,452,2017-12-04T00:00:00,192,2012-12-17T00:00:00,24,awnd_moderate_high_wind_in_planting
17,lasso,False,2017-12-11T00:00:00,453,2017-12-11T00:00:00,452,2017-12-11T00:00:00,452,2017-12-04T00:00:00,192,2012-12-17T00:00:00,24,pdsi_extreme_drought_in_planting
17,lasso,False,2017-12-11T00:00:00,453,2017-12-11T00:00:00,452,2017-12-11T00:00:00,452,2017-12-04T00:00:00,192,2012-12-17T00:00:00,24,pdsi_extreme_wet_in_planting
17,lasso,False,2017-12-11T00:00:00,453,2017-12-11T00:00:00,452,2017-12-11T00:00:00,452,2017-12-04T00:00:00,192,2012-12-17T00:00:00,24,pdsi_severe_drought_in_planting
17,lasso,False,2017-12-11T00:00:00,453,2017-12-11T00:00:00,452,2017-12-11T00:00:00,452,2017-12-04T00:00:00,192,2012-12-17T00:00:00,24,spi_7d_extreme_dry_in_harvesting
17,lasso,False,2017-12-11T00:00:00,453,2017-12-11T00:00:00,452,2017-12-11T00:00:00,452,2017-12-04T00:00:00,192,2012-12-17T00:00:00,24,spi_7d_very_dry_in_harvesting
17,lasso,False,2017-12-11T00:00:00,453,2017-12-11T00:00:00,452,2017-12-11T00:00:00,452,2017-12-04T00:00:00,192,2012-12-17T00:00:00,24,spi_7d_very_dry_in_planting
17,lasso,False,2017-12-11T00:00:00,453,2017-12-11T00:00:00,452,2017-12-11T00:00:00,452,2017-12-04T00:00:00,192,2012-12-17T00:00:00,24,tmax_very_hot_in_harvesting
17,lasso,False,2017-12-11T00:00:00,453,2017-12-11T00:00:00,452,2017-12-11T00:00:00,452,2017-12-04T00:00:00,192,2012-12-17T00:00:00,24,tmin_cold_in_harvesting
17,lasso,False,2017-12-11T00:00:00,453,2017-12-11T00:00:00,452,2017-12-11T00:00:00,452,2017-12-04T00:00:00,192,2012-12-17T00:00:00,24,tmin_very_cold_in_planting
17,lasso,False,2017-12-11T00:00:00,453,2017-12-11T00:00:00,452,2017-12-11T00:00:00,452,2017-12-04T00:00:00,192,2012-12-17T00:00:00,24,wheat_monthly_rv
17,lasso,False,2017-12-11T00:00:00,453,2017-12-11T00:00:00,452,2017-12-11T00:00:00,452,2017-12-04T00:00:00,192,2012-12-17T00:00:00,24,wheat_seasonal_rv
17,lasso,False,2017-12-11T00:00:00,453,2017-12-11T00:00:00,452,2017-12-11T00:00:00,452,2017-12-04T00:00:00,192,2012-12-17T00:00:00,24,wheat_weekly_rv
17,lasso,False,2017-12-11T00:00:00,453,2017-12-11T00:00:00,452,2017-12-11T00:00:00,452,2017-12-04T00:00:00,192,2012-12-17T00:00:00,24,wheat_weekly_rvg
17,lasso,True,2018-02-05T00:00:00,461,2018-02-05T00:00:00,460,2018-02-05T00:00:00,460,2018-01-29T00:00:00,200,2013-02-11T00:00:00,25,NAO_index
17,lasso,True,2018-02-05T00:00:00,461,2018-02-05T00:00:00,460,2018-02-05T00:00:00,460,2018-01-29T00:00:00,200,2013-02-11T00:00:00,25,SOI_index
17,lasso,True,2018-02-05T00:00:00,461,2018-02-05T00:00:00,460,2018-02-05T00:00:00,460,2018-01-29T00:00:00,200,2013-02-11T00:00:00,25,awnd_extreme_high_wind_in_harvesting
17,lasso,True,2018-02-05T00:00:00,461,2018-02-05T00:00:00,460,2018-02-05T00:00:00,460,2018-01-29T00:00:00,200,2013-02-11T00:00:00,25,awnd_moderate_high_wind_in_planting
17,lasso,True,2018-02-05T00:00:00,461,2018-02-05T00:00:00,460,2018-02-05T00:00:00,460,2018-01-29T00:00:00,200,2013-02-11T00:00:00,25,pdsi_extreme_drought_in_planting
17,lasso,True,2018-02-05T00:00:00,461,2018-02-05T00:00:00,460,2018-02-05T00:00:00,460,2018-01-29T00:00:00,200,2013-02-11T00:00:00,25,pdsi_extreme_wet_in_planting
17,lasso,True,2018-02-05T00:00:00,461,2018-02-05T00:00:00,460,2018-02-05T00:00:00,460,2018-01-29T00:00:00,200,2013-02-11T00:00:00,25,pdsi_severe_drought_in_planting
17,lasso,True,2018-02-05T00:00:00,461,2018-02-05T00:00:00,460,2018-02-05T00:00:00,460,2018-01-29T00:00:00,200,2013-02-11T00:00:00,25,spi_7d_extreme_dry_in_harvesting
17,lasso,True,2018-02-05T00:00:00,461,2018-02-05T00:00:00,460,2018-02-05T00:00:00,460,2018-01-29T00:00:00,200,2013-02-11T00:00:00,25,spi_7d_very_dry_in_harvesting
17,lasso,True,2018-02-05T00:00:00,461,2018-02-05T00:00:00,460,2018-02-05T00:00:00,460,2018-01-29T00:00:00,200,2013-02-11T00:00:00,25,spi_7d_very_dry_in_planting
17,lasso,True,2018-02-05T00:00:00,461,2018-02-05T00:00:00,460,2018-02-05T00:00:00,460,2018-01-29T00:00:00,200,2013-02-11T00:00:00,25,tmax_very_hot_in_harvesting
17,lasso,True,2018-02-05T00:00:00,461,2018-02-05T00:00:00,460,2018-02-05T00:00:00,460,2018-01-29T00:00:00,200,2013-02-11T00:00:00,25,tmin_cold_in_harvesting
17,lasso,True,2018-02-05T00:00:00,461,2018-02-05T00:00:00,460,2018-02-05T00:00:00,460,2018-01-29T00:00:00,200,2013-02-11T00:00:00,25,tmin_very_cold_in_planting
17,lasso,True,2018-02-05T00:00:00,461,2018-02-05T00:00:00,460,2018-02-05T00:00:00,460,2018-01-29T00:00:00,200,2013-02-11T00:00:00,25,wheat_monthly_rv
17,lasso,True,2018-02-05T00:00:00,461,2018-02-05T00:00:00,460,2018-02-05T00:00:00,460,2018-01-29T00:00:00,200,2013-02-11T00:00:00,25,wheat_seasonal_rv
17,lasso,True,2018-02-05T00:00:00,461,2018-02-05T00:00:00,460,2018-02-05T00:00:00,460,2018-01-29T00:00:00,200,2013-02-11T00:00:00,25,wheat_weekly_rv
17,lasso,True,2018-02-05T00:00:00,461,2018-02-05T00:00:00,460,2018-02-05T00:00:00,460,2018-01-29T00:00:00,200,2013-02-11T00:00:00,25,wheat_weekly_rvg
17,lasso,True,2018-04-02T00:00:00,469,2018-04-02T00:00:00,468,2018-04-02T00:00:00,468,2018-03-26T00:00:00,208,2013-04-08T00:00:00,26,NAO_index
17,lasso,True,2018-04-02T00:00:00,469,2018-04-02T00:00:00,468,2018-04-02T00:00:00,468,2018-03-26T00:00:00,208,2013-04-08T00:00:00,26,SOI_index
17,lasso,True,2018-04-02T00:00:00,469,2018-04-02T00:00:00,468,2018-04-02T00:00:00,468,2018-03-26T00:00:00,208,2013-04-08T00:00:00,26,awnd_extreme_high_wind_in_harvesting
17,lasso,True,2018-04-02T00:00:00,469,2018-04-02T00:00:00,468,2018-04-02T00:00:00,468,2018-03-26T00:00:00,208,2013-04-08T00:00:00,26,awnd_moderate_high_wind_in_planting
17,lasso,True,2018-04-02T00:00:00,469,2018-04-02T00:00:00,468,2018-04-02T00:00:00,468,2018-03-26T00:00:00,208,2013-04-08T00:00:00,26,pdsi_extreme_drought_in_planting
17,lasso,True,2018-04-02T00:00:00,469,2018-04-02T00:00:00,468,2018-04-02T00:00:00,468,2018-03-26T00:00:00,208,2013-04-08T00:00:00,26,pdsi_extreme_wet_in_planting
17,lasso,True,2018-04-02T00:00:00,469,2018-04-02T00:00:00,468,2018-04-02T00:00:00,468,2018-03-26T00:00:00,208,2013-04-08T00:00:00,26,pdsi_severe_drought_in_planting
17,lasso,True,2018-04-02T00:00:00,469,2018-04-02T00:00:00,468,2018-04-02T00:00:00,468,2018-03-26T00:00:00,208,2013-04-08T00:00:00,26,spi_7d_extreme_dry_in_harvesting
17,lasso,True,2018-04-02T00:00:00,469,2018-04-02T00:00:00,468,2018-04-02T00:00:00,468,2018-03-26T00:00:00,208,2013-04-08T00:00:00,26,spi_7d_very_dry_in_harvesting
17,lasso,True,2018-04-02T00:00:00,469,2018-04-02T00:00:00,468,2018-04-02T00:00:00,468,2018-03-26T00:00:00,208,2013-04-08T00:00:00,26,spi_7d_very_dry_in_planting
17,lasso,True,2018-04-02T00:00:00,469,2018-04-02T00:00:00,468,2018-04-02T00:00:00,468,2018-03-26T00:00:00,208,2013-04-08T00:00:00,26,tmax_very_hot_in_harvesting
17,lasso,True,2018-04-02T00:00:00,469,2018-04-02T00:00:00,468,2018-04-02T00:00:00,468,2018-03-26T00:00:00,208,2013-04-08T00:00:00,26,tmin_cold_in_harvesting
17,lasso,True,2018-04-02T00:00:00,469,2018-04-02T00:00:00,468,2018-04-02T00:00:00,468,2018-03-26T00:00:00,208,2013-04-08T00:00:00,26,tmin_very_cold_in_planting
17,lasso,True,2018-04-02T00:00:00,469,2018-04-02T00:00:00,468,2018-04-02T00:00:00,468,2018-03-26T00:00:00,208,2013-04-08T00:00:00,26,wheat_monthly_rv
17,lasso,True,2018-04-02T00:00:00,469,2018-04-02T00:00:00,468,2018-04-02T00:00:00,468,2018-03-26T00:00:00,208,2013-04-08T00:00:00,26,wheat_seasonal_rv
17,lasso,True,2018-04-02T00:00:00,469,2018-04-02T00:00:00,468,2018-04-02T00:00:00,468,2018-03-26T00:00:00,208,2013-04-08T00:00:00,26,wheat_weekly_rv
17,lasso,True,2018-04-02T00:00:00,469,2018-04-02T00:00:00,468,2018-04-02T00:00:00,468,2018-03-26T00:00:00,208,2013-04-08T00:00:00,26,wheat_weekly_rvg
17,lasso,True,2018-05-28T00:00:00,477,2018-05-28T00:00:00,476,2018-05-28T00:00:00,476,2018-05-21T00:00:00,216,2013-06-03T00:00:00,27,NAO_index
17,lasso,True,2018-05-28T00:00:00,477,2018-05-28T00:00:00,476,2018-05-28T00:00:00,476,2018-05-21T00:00:00,216,2013-06-03T00:00:00,27,SOI_index
17,lasso,True,2018-05-28T00:00:00,477,2018-05-28T00:00:00,476,2018-05-28T00:00:00,476,2018-05-21T00:00:00,216,2013-06-03T00:00:00,27,awnd_extreme_high_wind_in_harvesting
17,lasso,True,2018-05-28T00:00:00,477,2018-05-28T00:00:00,476,2018-05-28T00:00:00,476,2018-05-21T00:00:00,216,2013-06-03T00:00:00,27,awnd_moderate_high_wind_in_planting
17,lasso,True,2018-05-28T00:00:00,477,2018-05-28T00:00:00,476,2018-05-28T00:00:00,476,2018-05-21T00:00:00,216,2013-06-03T00:00:00,27,pdsi_extreme_drought_in_planting
17,lasso,True,2018-05-28T00:00:00,477,2018-05-28T00:00:00,476,2018-05-28T00:00:00,476,2018-05-21T00:00:00,216,2013-06-03T00:00:00,27,pdsi_extreme_wet_in_planting
17,lasso,True,2018-05-28T00:00:00,477,2018-05-28T00:00:00,476,2018-05-28T00:00:00,476,2018-05-21T00:00:00,216,2013-06-03T00:00:00,27,pdsi_severe_drought_in_planting
17,lasso,True,2018-05-28T00:00:00,477,2018-05-28T00:00:00,476,2018-05-28T00:00:00,476,2018-05-21T00:00:00,216,2013-06-03T00:00:00,27,spi_7d_extreme_dry_in_harvesting
17,lasso,True,2018-05-28T00:00:00,477,2018-05-28T00:00:00,476,2018-05-28T00:00:00,476,2018-05-21T00:00:00,216,2013-06-03T00:00:00,27,spi_7d_very_dry_in_harvesting
17,lasso,True,2018-05-28T00:00:00,477,2018-05-28T00:00:00,476,2018-05-28T00:00:00,476,2018-05-21T00:00:00,216,2013-06-03T00:00:00,27,spi_7d_very_dry_in_planting
17,lasso,True,2018-05-28T00:00:00,477,2018-05-28T00:00:00,476,2018-05-28T00:00:00,476,2018-05-21T00:00:00,216,2013-06-03T00:00:00,27,tmax_very_hot_in_harvesting
17,lasso,True,2018-05-28T00:00:00,477,2018-05-28T00:00:00,476,2018-05-28T00:00:00,476,2018-05-21T00:00:00,216,2013-06-03T00:00:00,27,tmin_cold_in_harvesting
17,lasso,True,2018-05-28T00:00:00,477,2018-05-28T00:00:00,476,2018-05-28T00:00:00,476,2018-05-21T00:00:00,216,2013-06-03T00:00:00,27,tmin_very_cold_in_planting
17,lasso,True,2018-05-28T00:00:00,477,2018-05-28T00:00:00,476,2018-05-28T00:00:00,476,2018-05-21T00:00:00,216,2013-06-03T00:00:00,27,wheat_monthly_rv
17,lasso,True,2018-05-28T00:00:00,477,2018-05-28T00:00:00,476,2018-05-28T00:00:00,476,2018-05-21T00:00:00,216,2013-06-03T00:00:00,27,wheat_seasonal_rv
17,lasso,True,2018-05-28T00:00:00,477,2018-05-28T00:00:00,476,2018-05-28T00:00:00,476,2018-05-21T00:00:00,216,2013-06-03T00:00:00,27,wheat_weekly_rv
17,lasso,True,2018-05-28T00:00:00,477,2018-05-28T00:00:00,476,2018-05-28T00:00:00,476,2018-05-21T00:00:00,216,2013-06-03T00:00:00,27,wheat_weekly_rvg
7,lasso,False,2018-07-23T00:00:00,485,2018-07-23T00:00:00,484,2018-07-23T00:00:00,484,2018-07-16T00:00:00,224,2013-07-29T00:00:00,28,spi_7d_very_dry_in_planting
7,lasso,False,2018-07-23T00:00:00,485,2018-07-23T00:00:00,484,2018-07-23T00:00:00,484,2018-07-16T00:00:00,224,2013-07-29T00:00:00,28,tmax_hot_in_harvesting
7,lasso,False,2018-07-23T00:00:00,485,2018-07-23T00:00:00,484,2018-07-23T00:00:00,484,2018-07-16T00:00:00,224,2013-07-29T00:00:00,28,tmax_very_hot_in_harvesting
7,lasso,False,2018-07-23T00:00:00,485,2018-07-23T00:00:00,484,2018-07-23T00:00:00,484,2018-07-16T00:00:00,224,2013-07-29T00:00:00,28,wheat_monthly_rv
7,lasso,False,2018-07-23T00:00:00,485,2018-07-23T00:00:00,484,2018-07-23T00:00:00,484,2018-07-16T00:00:00,224,2013-07-29T00:00:00,28,wheat_seasonal_rv
7,lasso,False,2018-07-23T00:00:00,485,2018-07-23T00:00:00,484,2018-07-23T00:00:00,484,2018-07-16T00:00:00,224,2013-07-29T00:00:00,28,wheat_weekly_rv
7,lasso,False,2018-07-23T00:00:00,485,2018-07-23T00:00:00,484,2018-07-23T00:00:00,484,2018-07-16T00:00:00,224,2013-07-29T00:00:00,28,wheat_weekly_rvg
7,lasso,True,2018-09-17T00:00:00,493,2018-09-17T00:00:00,492,2018-09-17T00:00:00,492,2018-09-10T00:00:00,232,2013-09-23T00:00:00,29,spi_7d_very_dry_in_planting
7,lasso,True,2018-09-17T00:00:00,493,2018-09-17T00:00:00,492,2018-09-17T00:00:00,492,2018-09-10T00:00:00,232,2013-09-23T00:00:00,29,tmax_hot_in_harvesting
7,lasso,True,2018-09-17T00:00:00,493,2018-09-17T00:00:00,492,2018-09-17T00:00:00,492,2018-09-10T00:00:00,232,2013-09-23T00:00:00,29,tmax_very_hot_in_harvesting
7,lasso,True,2018-09-17T00:00:00,493,2018-09-17T00:00:00,492,2018-09-17T00:00:00,492,2018-09-10T00:00:00,232,2013-09-23T00:00:00,29,wheat_monthly_rv
7,lasso,True,2018-09-17T00:00:00,493,2018-09-17T00:00:00,492,2018-09-17T00:00:00,492,2018-09-10T00:00:00,232,2013-09-23T00:00:00,29,wheat_seasonal_rv
7,lasso,True,2018-09-17T00:00:00,493,2018-09-17T00:00:00,492,2018-09-17T00:00:00,492,2018-09-10T00:00:00,232,2013-09-23T00:00:00,29,wheat_weekly_rv
7,lasso,True,2018-09-17T00:00:00,493,2018-09-17T00:00:00,492,2018-09-17T00:00:00,492,2018-09-10T00:00:00,232,2013-09-23T00:00:00,29,wheat_weekly_rvg
7,lasso,True,2018-11-12T00:00:00,501,2018-11-12T00:00:00,500,2018-11-12T00:00:00,500,2018-11-05T00:00:00,240,2013-11-18T00:00:00,30,spi_7d_very_dry_in_planting
7,lasso,True,2018-11-12T00:00:00,501,2018-11-12T00:00:00,500,2018-11-12T00:00:00,500,2018-11-05T00:00:00,240,2013-11-18T00:00:00,30,tmax_hot_in_harvesting
7,lasso,True,2018-11-12T00:00:00,501,2018-11-12T00:00:00,500,2018-11-12T00:00:00,500,2018-11-05T00:00:00,240,2013-11-18T00:00:00,30,tmax_very_hot_in_harvesting
7,lasso,True,2018-11-12T00:00:00,501,2018-11-12T00:00:00,500,2018-11-12T00:00:00,500,2018-11-05T00:00:00,240,2013-11-18T00:00:00,30,wheat_monthly_rv
7,lasso,True,2018-11-12T00:00:00,501,2018-11-12T00:00:00,500,2018-11-12T00:00:00,500,2018-11-05T00:00:00,240,2013-11-18T00:00:00,30,wheat_seasonal_rv
7,lasso,True,2018-11-12T00:00:00,501,2018-11-12T00:00:00,500,2018-11-12T00:00:00,500,2018-11-05T00:00:00,240,2013-11-18T00:00:00,30,wheat_weekly_rv
7,lasso,True,2018-11-12T00:00:00,501,2018-11-12T00:00:00,500,2018-11-12T00:00:00,500,2018-11-05T00:00:00,240,2013-11-18T00:00:00,30,wheat_weekly_rvg
7,lasso,True,2019-01-07T00:00:00,509,2019-01-07T00:00:00,508,2019-01-07T00:00:00,508,2018-12-31T00:00:00,248,2014-01-13T00:00:00,31,spi_7d_very_dry_in_planting
7,lasso,True,2019-01-07T00:00:00,509,2019-01-07T00:00:00,508,2019-01-07T00:00:00,508,2018-12-31T00:00:00,248,2014-01-13T00:00:00,31,tmax_hot_in_harvesting
7,lasso,True,2019-01-07T00:00:00,509,2019-01-07T00:00:00,508,2019-01-07T00:00:00,508,2018-12-31T00:00:00,248,2014-01-13T00:00:00,31,tmax_very_hot_in_harvesting
7,lasso,True,2019-01-07T00:00:00,509,2019-01-07T00:00:00,508,2019-01-07T00:00:00,508,2018-12-31T00:00:00,248,2014-01-13T00:00:00,31,wheat_monthly_rv
7,lasso,True,2019-01-07T00:00:00,509,2019-01-07T00:00:00,508,2019-01-07T00:00:00,508,2018-12-31T00:00:00,248,2014-01-13T00:00:00,31,wheat_seasonal_rv
7,lasso,True,2019-01-07T00:00:00,509,2019-01-07T00:00:00,508,2019-01-07T00:00:00,508,2018-12-31T00:00:00,248,2014-01-13T00:00:00,31,wheat_weekly_rv
7,lasso,True,2019-01-07T00:00:00,509,2019-01-07T00:00:00,508,2019-01-07T00:00:00,508,2018-12-31T00:00:00,248,2014-01-13T00:00:00,31,wheat_weekly_rvg
10,lasso,False,2019-03-04T00:00:00,517,2019-03-04T00:00:00,516,2019-03-04T00:00:00,516,2019-02-25T00:00:00,256,2014-03-10T00:00:00,32,corn_weekly_rv
10,lasso,False,2019-03-04T00:00:00,517,2019-03-04T00:00:00,516,2019-03-04T00:00:00,516,2019-02-25T00:00:00,256,2014-03-10T00:00:00,32,soybeans_weekly_rv
10,lasso,False,2019-03-04T00:00:00,517,2019-03-04T00:00:00,516,2019-03-04T00:00:00,516,2019-02-25T00:00:00,256,2014-03-10T00:00:00,32,spi_7d_very_dry_in_planting
10,lasso,False,2019-03-04T00:00:00,517,2019-03-04T00:00:00,516,2019-03-04T00:00:00,516,2019-02-25T00:00:00,256,2014-03-10T00:00:00,32,ssta_elino
10,lasso,False,2019-03-04T00:00:00,517,2019-03-04T00:00:00,516,2019-03-04T00:00:00,516,2019-02-25T00:00:00,256,2014-03-10T00:00:00,32,tmax_hot_in_harvesting
10,lasso,False,2019-03-04T00:00:00,517,2019-03-04T00:00:00,516,2019-03-04T00:00:00,516,2019-02-25T00:00:00,256,2014-03-10T00:00:00,32,tmax_very_hot_in_harvesting
10,lasso,False,2019-03-04T00:00:00,517,2019-03-04T00:00:00,516,2019-03-04T00:00:00,516,2019-02-25T00:00:00,256,2014-03-10T00:00:00,32,wheat_monthly_rv
10,lasso,False,2019-03-04T00:00:00,517,2019-03-04T00:00:00,516,2019-03-04T00:00:00,516,2019-02-25T00:00:00,256,2014-03-10T00:00:00,32,wheat_seasonal_rv
10,lasso,False,2019-03-04T00:00:00,517,2019-03-04T00:00:00,516,2019-03-04T00:00:00,516,2019-02-25T00:00:00,256,2014-03-10T00:00:00,32,wheat_weekly_rv
10,lasso,False,2019-03-04T00:00:00,517,2019-03-04T00:00:00,516,2019-03-04T00:00:00,516,2019-02-25T00:00:00,256,2014-03-10T00:00:00,32,wheat_weekly_rvg
10,lasso,True,2019-04-29T00:00:00,525,2019-04-29T00:00:00,524,2019-04-29T00:00:00,524,2019-04-22T00:00:00,264,2014-05-05T00:00:00,33,corn_weekly_rv
10,lasso,True,2019-04-29T00:00:00,525,2019-04-29T00:00:00,524,2019-04-29T00:00:00,524,2019-04-22T00:00:00,264,2014-05-05T00:00:00,33,soybeans_weekly_rv
10,lasso,True,2019-04-29T00:00:00,525,2019-04-29T00:00:00,524,2019-04-29T00:00:00,524,2019-04-22T00:00:00,264,2014-05-05T00:00:00,33,spi_7d_very_dry_in_planting
10,lasso,True,2019-04-29T00:00:00,525,2019-04-29T00:00:00,524,2019-04-29T00:00:00,524,2019-04-22T00:00:00,264,2014-05-05T00:00:00,33,ssta_elino
10,lasso,True,2019-04-29T00:00:00,525,2019-04-29T00:00:00,524,2019-04-29T00:00:00,524,2019-04-22T00:00:00,264,2014-05-05T00:00:00,33,tmax_hot_in_harvesting
10,lasso,True,2019-04-29T00:00:00,525,2019-04-29T00:00:00,524,2019-04-29T00:00:00,524,2019-04-22T00:00:00,264,2014-05-05T00:00:00,33,tmax_very_hot_in_harvesting
10,lasso,True,2019-04-29T00:00:00,525,2019-04-29T00:00:00,524,2019-04-29T00:00:00,524,2019-04-22T00:00:00,264,2014-05-05T00:00:00,33,wheat_monthly_rv
10,lasso,True,2019-04-29T00:00:00,525,2019-04-29T00:00:00,524,2019-04-29T00:00:00,524,2019-04-22T00:00:00,264,2014-05-05T00:00:00,33,wheat_seasonal_rv
10,lasso,True,2019-04-29T00:00:00,525,2019-04-29T00:00:00,524,2019-04-29T00:00:00,524,2019-04-22T00:00:00,264,2014-05-05T00:00:00,33,wheat_weekly_rv
10,lasso,True,2019-04-29T00:00:00,525,2019-04-29T00:00:00,524,2019-04-29T00:00:00,524,2019-04-22T00:00:00,264,2014-05-05T00:00:00,33,wheat_weekly_rvg
10,lasso,True,2019-06-24T00:00:00,533,2019-06-24T00:00:00,532,2019-06-24T00:00:00,532,2019-06-17T00:00:00,272,2014-06-30T00:00:00,34,corn_weekly_rv
10,lasso,True,2019-06-24T00:00:00,533,2019-06-24T00:00:00,532,2019-06-24T00:00:00,532,2019-06-17T00:00:00,272,2014-06-30T00:00:00,34,soybeans_weekly_rv
10,lasso,True,2019-06-24T00:00:00,533,2019-06-24T00:00:00,532,2019-06-24T00:00:00,532,2019-06-17T00:00:00,272,2014-06-30T00:00:00,34,spi_7d_very_dry_in_planting
10,lasso,True,2019-06-24T00:00:00,533,2019-06-24T00:00:00,532,2019-06-24T00:00:00,532,2019-06-17T00:00:00,272,2014-06-30T00:00:00,34,ssta_elino
10,lasso,True,2019-06-24T00:00:00,533,2019-06-24T00:00:00,532,2019-06-24T00:00:00,532,2019-06-17T00:00:00,272,2014-06-30T00:00:00,34,tmax_hot_in_harvesting
10,lasso,True,2019-06-24T00:00:00,533,2019-06-24T00:00:00,532,2019-06-24T00:00:00,532,2019-06-17T00:00:00,272,2014-06-30T00:00:00,34,tmax_very_hot_in_harvesting
10,lasso,True,2019-06-24T00:00:00,533,2019-06-24T00:00:00,532,2019-06-24T00:00:00,532,2019-06-17T00:00:00,272,2014-06-30T00:00:00,34,wheat_monthly_rv
10,lasso,True,2019-06-24T00:00:00,533,2019-06-24T00:00:00,532,2019-06-24T00:00:00,532,2019-06-17T00:00:00,272,2014-06-30T00:00:00,34,wheat_seasonal_rv
10,lasso,True,2019-06-24T00:00:00,533,2019-06-24T00:00:00,532,2019-06-24T00:00:00,532,2019-06-17T00:00:00,272,2014-06-30T00:00:00,34,wheat_weekly_rv
10,lasso,True,2019-06-24T00:00:00,533,2019-06-24T00:00:00,532,2019-06-24T00:00:00,532,2019-06-17T00:00:00,272,2014-06-30T00:00:00,34,wheat_weekly_rvg
10,lasso,True,2019-08-19T00:00:00,541,2019-08-19T00:00:00,540,2019-08-19T00:00:00,540,2019-08-12T00:00:00,280,2014-08-25T00:00:00,35,corn_weekly_rv
10,lasso,True,2019-08-19T00:00:00,541,2019-08-19T00:00:00,540,2019-08-19T00:00:00,540,2019-08-12T00:00:00,280,2014-08-25T00:00:00,35,soybeans_weekly_rv
10,lasso,True,2019-08-19T00:00:00,541,2019-08-19T00:00:00,540,2019-08-19T00:00:00,540,2019-08-12T00:00:00,280,2014-08-25T00:00:00,35,spi_7d_very_dry_in_planting
10,lasso,True,2019-08-19T00:00:00,541,2019-08-19T00:00:00,540,2019-08-19T00:00:00,540,2019-08-12T00:00:00,280,2014-08-25T00:00:00,35,ssta_elino
10,lasso,True,2019-08-19T00:00:00,541,2019-08-19T00:00:00,540,2019-08-19T00:00:00,540,2019-08-12T00:00:00,280,2014-08-25T00:00:00,35,tmax_hot_in_harvesting
10,lasso,True,2019-08-19T00:00:00,541,2019-08-19T00:00:00,540,2019-08-19T00:00:00,540,2019-08-12T00:00:00,280,2014-08-25T00:00:00,35,tmax_very_hot_in_harvesting
10,lasso,True,2019-08-19T00:00:00,541,2019-08-19T00:00:00,540,2019-08-19T00:00:00,540,2019-08-12T00:00:00,280,2014-08-25T00:00:00,35,wheat_monthly_rv
10,lasso,True,2019-08-19T00:00:00,541,2019-08-19T00:00:00,540,2019-08-19T00:00:00,540,2019-08-12T00:00:00,280,2014-08-25T00:00:00,35,wheat_seasonal_rv
10,lasso,True,2019-08-19T00:00:00,541,2019-08-19T00:00:00,540,2019-08-19T00:00:00,540,2019-08-12T00:00:00,280,2014-08-25T00:00:00,35,wheat_weekly_rv
10,lasso,True,2019-08-19T00:00:00,541,2019-08-19T00:00:00,540,2019-08-19T00:00:00,540,2019-08-12T00:00:00,280,2014-08-25T00:00:00,35,wheat_weekly_rvg
9,lasso,False,2019-10-14T00:00:00,549,2019-10-14T00:00:00,548,2019-10-14T00:00:00,548,2019-10-07T00:00:00,288,2014-10-20T00:00:00,36,pdsi_severe_drought_in_harvesting
9,lasso,False,2019-10-14T00:00:00,549,2019-10-14T00:00:00,548,2019-10-14T00:00:00,548,2019-10-07T00:00:00,288,2014-10-20T00:00:00,36,soybeans_weekly_rv
9,lasso,False,2019-10-14T00:00:00,549,2019-10-14T00:00:00,548,2019-10-14T00:00:00,548,2019-10-07T00:00:00,288,2014-10-20T00:00:00,36,spi_7d_very_dry_in_planting
9,lasso,False,2019-10-14T00:00:00,549,2019-10-14T00:00:00,548,2019-10-14T00:00:00,548,2019-10-07T00:00:00,288,2014-10-20T00:00:00,36,tmax_hot_in_harvesting
9,lasso,False,2019-10-14T00:00:00,549,2019-10-14T00:00:00,548,2019-10-14T00:00:00,548,2019-10-07T00:00:00,288,2014-10-20T00:00:00,36,tmax_very_hot_in_harvesting
9,lasso,False,2019-10-14T00:00:00,549,2019-10-14T00:00:00,548,2019-10-14T00:00:00,548,2019-10-07T00:00:00,288,2014-10-20T00:00:00,36,wheat_monthly_rv
9,lasso,False,2019-10-14T00:00:00,549,2019-10-14T00:00:00,548,2019-10-14T00:00:00,548,2019-10-07T00:00:00,288,2014-10-20T00:00:00,36,wheat_seasonal_rv
9,lasso,False,2019-10-14T00:00:00,549,2019-10-14T00:00:00,548,2019-10-14T00:00:00,548,2019-10-07T00:00:00,288,2014-10-20T00:00:00,36,wheat_weekly_rv
9,lasso,False,2019-10-14T00:00:00,549,2019-10-14T00:00:00,548,2019-10-14T00:00:00,548,2019-10-07T00:00:00,288,2014-10-20T00:00:00,36,wheat_weekly_rvg
9,lasso,True,2019-12-09T00:00:00,557,2019-12-09T00:00:00,556,2019-12-09T00:00:00,556,2019-12-02T00:00:00,296,2014-12-15T00:00:00,37,pdsi_severe_drought_in_harvesting
9,lasso,True,2019-12-09T00:00:00,557,2019-12-09T00:00:00,556,2019-12-09T00:00:00,556,2019-12-02T00:00:00,296,2014-12-15T00:00:00,37,soybeans_weekly_rv
9,lasso,True,2019-12-09T00:00:00,557,2019-12-09T00:00:00,556,2019-12-09T00:00:00,556,2019-12-02T00:00:00,296,2014-12-15T00:00:00,37,spi_7d_very_dry_in_planting
9,lasso,True,2019-12-09T00:00:00,557,2019-12-09T00:00:00,556,2019-12-09T00:00:00,556,2019-12-02T00:00:00,296,2014-12-15T00:00:00,37,tmax_hot_in_harvesting
9,lasso,True,2019-12-09T00:00:00,557,2019-12-09T00:00:00,556,2019-12-09T00:00:00,556,2019-12-02T00:00:00,296,2014-12-15T00:00:00,37,tmax_very_hot_in_harvesting
9,lasso,True,2019-12-09T00:00:00,557,2019-12-09T00:00:00,556,2019-12-09T00:00:00,556,2019-12-02T00:00:00,296,2014-12-15T00:00:00,37,wheat_monthly_rv
9,lasso,True,2019-12-09T00:00:00,557,2019-12-09T00:00:00,556,2019-12-09T00:00:00,556,2019-12-02T00:00:00,296,2014-12-15T00:00:00,37,wheat_seasonal_rv
9,lasso,True,2019-12-09T00:00:00,557,2019-12-09T00:00:00,556,2019-12-09T00:00:00,556,2019-12-02T00:00:00,296,2014-12-15T00:00:00,37,wheat_weekly_rv
9,lasso,True,2019-12-09T00:00:00,557,2019-12-09T00:00:00,556,2019-12-09T00:00:00,556,2019-12-02T00:00:00,296,2014-12-15T00:00:00,37,wheat_weekly_rvg
9,lasso,True,2020-02-03T00:00:00,565,2020-02-03T00:00:00,564,2020-02-03T00:00:00,564,2020-01-27T00:00:00,304,2015-02-09T00:00:00,38,pdsi_severe_drought_in_harvesting
9,lasso,True,2020-02-03T00:00:00,565,2020-02-03T00:00:00,564,2020-02-03T00:00:00,564,2020-01-27T00:00:00,304,2015-02-09T00:00:00,38,soybeans_weekly_rv
9,lasso,True,2020-02-03T00:00:00,565,2020-02-03T00:00:00,564,2020-02-03T00:00:00,564,2020-01-27T00:00:00,304,2015-02-09T00:00:00,38,spi_7d_very_dry_in_planting
9,lasso,True,2020-02-03T00:00:00,565,2020-02-03T00:00:00,564,2020-02-03T00:00:00,564,2020-01-27T00:00:00,304,2015-02-09T00:00:00,38,tmax_hot_in_harvesting
9,lasso,True,2020-02-03T00:00:00,565,2020-02-03T00:00:00,564,2020-02-03T00:00:00,564,2020-01-27T00:00:00,304,2015-02-09T00:00:00,38,tmax_very_hot_in_harvesting
9,lasso,True,2020-02-03T00:00:00,565,2020-02-03T00:00:00,564,2020-02-03T00:00:00,564,2020-01-27T00:00:00,304,2015-02-09T00:00:00,38,wheat_monthly_rv
9,lasso,True,2020-02-03T00:00:00,565,2020-02-03T00:00:00,564,2020-02-03T00:00:00,564,2020-01-27T00:00:00,304,2015-02-09T00:00:00,38,wheat_seasonal_rv
9,lasso,True,2020-02-03T00:00:00,565,2020-02-03T00:00:00,564,2020-02-03T00:00:00,564,2020-01-27T00:00:00,304,2015-02-09T00:00:00,38,wheat_weekly_rv
9,lasso,True,2020-02-03T00:00:00,565,2020-02-03T00:00:00,564,2020-02-03T00:00:00,564,2020-01-27T00:00:00,304,2015-02-09T00:00:00,38,wheat_weekly_rvg
9,lasso,True,2020-03-30T00:00:00,573,2020-03-30T00:00:00,572,2020-03-30T00:00:00,572,2020-03-23T00:00:00,312,2015-04-06T00:00:00,39,pdsi_severe_drought_in_harvesting
9,lasso,True,2020-03-30T00:00:00,573,2020-03-30T00:00:00,572,2020-03-30T00:00:00,572,2020-03-23T00:00:00,312,2015-04-06T00:00:00,39,soybeans_weekly_rv
9,lasso,True,2020-03-30T00:00:00,573,2020-03-30T00:00:00,572,2020-03-30T00:00:00,572,2020-03-23T00:00:00,312,2015-04-06T00:00:00,39,spi_7d_very_dry_in_planting
9,lasso,True,2020-03-30T00:00:00,573,2020-03-30T00:00:00,572,2020-03-30T00:00:00,572,2020-03-23T00:00:00,312,2015-04-06T00:00:00,39,tmax_hot_in_harvesting
9,lasso,True,2020-03-30T00:00:00,573,2020-03-30T00:00:00,572,2020-03-30T00:00:00,572,2020-03-23T00:00:00,312,2015-04-06T00:00:00,39,tmax_very_hot_in_harvesting
9,lasso,True,2020-03-30T00:00:00,573,2020-03-30T00:00:00,572,2020-03-30T00:00:00,572,2020-03-23T00:00:00,312,2015-04-06T00:00:00,39,wheat_monthly_rv
9,lasso,True,2020-03-30T00:00:00,573,2020-03-30T00:00:00,572,2020-03-30T00:00:00,572,2020-03-23T00:00:00,312,2015-04-06T00:00:00,39,wheat_seasonal_rv
9,lasso,True,2020-03-30T00:00:00,573,2020-03-30T00:00:00,572,2020-03-30T00:00:00,572,2020-03-23T00:00:00,312,2015-04-06T00:00:00,39,wheat_weekly_rv
9,lasso,True,2020-03-30T00:00:00,573,2020-03-30T00:00:00,572,2020-03-30T00:00:00,572,2020-03-23T00:00:00,312,2015-04-06T00:00:00,39,wheat_weekly_rvg
8,lasso,False,2020-05-25T00:00:00,581,2020-05-25T00:00:00,580,2020-05-25T00:00:00,580,2020-05-18T00:00:00,320,2015-06-01T00:00:00,40,soybeans_weekly_rv
8,lasso,False,2020-05-25T00:00:00,581,2020-05-25T00:00:00,580,2020-05-25T00:00:00,580,2020-05-18T00:00:00,320,2015-06-01T00:00:00,40,spi_7d_very_dry_in_planting
8,lasso,False,2020-05-25T00:00:00,581,2020-05-25T00:00:00,580,2020-05-25T00:00:00,580,2020-05-18T00:00:00,320,2015-06-01T00:00:00,40,tmax_hot_in_harvesting
8,lasso,False,2020-05-25T00:00:00,581,2020-05-25T00:00:00,580,2020-05-25T00:00:00,580,2020-05-18T00:00:00,320,2015-06-01T00:00:00,40,tmax_very_hot_in_harvesting
8,lasso,False,2020-05-25T00:00:00,581,2020-05-25T00:00:00,580,2020-05-25T00:00:00,580,2020-05-18T00:00:00,320,2015-06-01T00:00:00,40,wheat_monthly_rv
8,lasso,False,2020-05-25T00:00:00,581,2020-05-25T00:00:00,580,2020-05-25T00:00:00,580,2020-05-18T00:00:00,320,2015-06-01T00:00:00,40,wheat_seasonal_rv
8,lasso,False,2020-05-25T00:00:00,581,2020-05-25T00:00:00,580,2020-05-25T00:00:00,580,2020-05-18T00:00:00,320,2015-06-01T00:00:00,40,wheat_weekly_rv
8,lasso,False,2020-05-25T00:00:00,581,2020-05-25T00:00:00,580,2020-05-25T00:00:00,580,2020-05-18T00:00:00,320,2015-06-01T00:00:00,40,wheat_weekly_rvg
8,lasso,True,2020-07-20T00:00:00,589,2020-07-20T00:00:00,588,2020-07-20T00:00:00,588,2020-07-13T00:00:00,328,2015-07-27T00:00:00,41,soybeans_weekly_rv
8,lasso,True,2020-07-20T00:00:00,589,2020-07-20T00:00:00,588,2020-07-20T00:00:00,588,2020-07-13T00:00:00,328,2015-07-27T00:00:00,41,spi_7d_very_dry_in_planting
8,lasso,True,2020-07-20T00:00:00,589,2020-07-20T00:00:00,588,2020-07-20T00:00:00,588,2020-07-13T00:00:00,328,2015-07-27T00:00:00,41,tmax_hot_in_harvesting
8,lasso,True,2020-07-20T00:00:00,589,2020-07-20T00:00:00,588,2020-07-20T00:00:00,588,2020-07-13T00:00:00,328,2015-07-27T00:00:00,41,tmax_very_hot_in_harvesting
8,lasso,True,2020-07-20T00:00:00,589,2020-07-20T00:00:00,588,2020-07-20T00:00:00,588,2020-07-13T00:00:00,328,2015-07-27T00:00:00,41,wheat_monthly_rv
8,lasso,True,2020-07-20T00:00:00,589,2020-07-20T00:00:00,588,2020-07-20T00:00:00,588,2020-07-13T00:00:00,328,2015-07-27T00:00:00,41,wheat_seasonal_rv
8,lasso,True,2020-07-20T00:00:00,589,2020-07-20T00:00:00,588,2020-07-20T00:00:00,588,2020-07-13T00:00:00,328,2015-07-27T00:00:00,41,wheat_weekly_rv
8,lasso,True,2020-07-20T00:00:00,589,2020-07-20T00:00:00,588,2020-07-20T00:00:00,588,2020-07-13T00:00:00,328,2015-07-27T00:00:00,41,wheat_weekly_rvg
8,lasso,True,2020-09-14T00:00:00,597,2020-09-14T00:00:00,596,2020-09-14T00:00:00,596,2020-09-07T00:00:00,336,2015-09-21T00:00:00,42,soybeans_weekly_rv
8,lasso,True,2020-09-14T00:00:00,597,2020-09-14T00:00:00,596,2020-09-14T00:00:00,596,2020-09-07T00:00:00,336,2015-09-21T00:00:00,42,spi_7d_very_dry_in_planting
8,lasso,True,2020-09-14T00:00:00,597,2020-09-14T00:00:00,596,2020-09-14T00:00:00,596,2020-09-07T00:00:00,336,2015-09-21T00:00:00,42,tmax_hot_in_harvesting
8,lasso,True,2020-09-14T00:00:00,597,2020-09-14T00:00:00,596,2020-09-14T00:00:00,596,2020-09-07T00:00:00,336,2015-09-21T00:00:00,42,tmax_very_hot_in_harvesting
8,lasso,True,2020-09-14T00:00:00,597,2020-09-14T00:00:00,596,2020-09-14T00:00:00,596,2020-09-07T00:00:00,336,2015-09-21T00:00:00,42,wheat_monthly_rv
8,lasso,True,2020-09-14T00:00:00,597,2020-09-14T00:00:00,596,2020-09-14T00:00:00,596,2020-09-07T00:00:00,336,2015-09-21T00:00:00,42,wheat_seasonal_rv
8,lasso,True,2020-09-14T00:00:00,597,2020-09-14T00:00:00,596,2020-09-14T00:00:00,596,2020-09-07T00:00:00,336,2015-09-21T00:00:00,42,wheat_weekly_rv
8,lasso,True,2020-09-14T00:00:00,597,2020-09-14T00:00:00,596,2020-09-14T00:00:00,596,2020-09-07T00:00:00,336,2015-09-21T00:00:00,42,wheat_weekly_rvg
8,lasso,True,2020-11-09T00:00:00,605,2020-11-09T00:00:00,604,2020-11-09T00:00:00,604,2020-11-02T00:00:00,344,2015-11-16T00:00:00,43,soybeans_weekly_rv
8,lasso,True,2020-11-09T00:00:00,605,2020-11-09T00:00:00,604,2020-11-09T00:00:00,604,2020-11-02T00:00:00,344,2015-11-16T00:00:00,43,spi_7d_very_dry_in_planting
8,lasso,True,2020-11-09T00:00:00,605,2020-11-09T00:00:00,604,2020-11-09T00:00:00,604,2020-11-02T00:00:00,344,2015-11-16T00:00:00,43,tmax_hot_in_harvesting
8,lasso,True,2020-11-09T00:00:00,605,2020-11-09T00:00:00,604,2020-11-09T00:00:00,604,2020-11-02T00:00:00,344,2015-11-16T00:00:00,43,tmax_very_hot_in_harvesting
8,lasso,True,2020-11-09T00:00:00,605,2020-11-09T00:00:00,604,2020-11-09T00:00:00,604,2020-11-02T00:00:00,344,2015-11-16T00:00:00,43,wheat_monthly_rv
8,lasso,True,2020-11-09T00:00:00,605,2020-11-09T00:00:00,604,2020-11-09T00:00:00,604,2020-11-02T00:00:00,344,2015-11-16T00:00:00,43,wheat_seasonal_rv
8,lasso,True,2020-11-09T00:00:00,605,2020-11-09T00:00:00,604,2020-11-09T00:00:00,604,2020-11-02T00:00:00,344,2015-11-16T00:00:00,43,wheat_weekly_rv
8,lasso,True,2020-11-09T00:00:00,605,2020-11-09T00:00:00,604,2020-11-09T00:00:00,604,2020-11-02T00:00:00,344,2015-11-16T00:00:00,43,wheat_weekly_rvg
20,lasso,False,2021-01-04T00:00:00,613,2021-01-04T00:00:00,612,2021-01-04T00:00:00,612,2020-12-28T00:00:00,352,2016-01-11T00:00:00,44,NAO_index
20,lasso,False,2021-01-04T00:00:00,613,2021-01-04T00:00:00,612,2021-01-04T00:00:00,612,2020-12-28T00:00:00,352,2016-01-11T00:00:00,44,awnd_extreme_high_wind_in_planting
20,lasso,False,2021-01-04T00:00:00,613,2021-01-04T00:00:00,612,2021-01-04T00:00:00,612,2020-12-28T00:00:00,352,2016-01-11T00:00:00,44,pdsi_extreme_wet_in_planting
20,lasso,False,2021-01-04T00:00:00,613,2021-01-04T00:00:00,612,2021-01-04T00:00:00,612,2020-12-28T00:00:00,352,2016-01-11T00:00:00,44,soybeans_weekly_rv
20,lasso,False,2021-01-04T00:00:00,613,2021-01-04T00:00:00,612,2021-01-04T00:00:00,612,2020-12-28T00:00:00,352,2016-01-11T00:00:00,44,spi_7d_extreme_dry_in_planting
20,lasso,False,2021-01-04T00:00:00,613,2021-01-04T00:00:00,612,2021-01-04T00:00:00,612,2020-12-28T00:00:00,352,2016-01-11T00:00:00,44,spi_7d_extreme_wet_in_harvesting
20,lasso,False,2021-01-04T00:00:00,613,2021-01-04T00:00:00,612,2021-01-04T00:00:00,612,2020-12-28T00:00:00,352,2016-01-11T00:00:00,44,spi_7d_very_dry_in_planting
20,lasso,False,2021-01-04T00:00:00,613,2021-01-04T00:00:00,612,2021-01-04T00:00:00,612,2020-12-28T00:00:00,352,2016-01-11T00:00:00,44,spi_7d_very_wet_in_planting
20,lasso,False,2021-01-04T00:00:00,613,2021-01-04T00:00:00,612,2021-01-04T00:00:00,612,2020-12-28T00:00:00,352,2016-01-11T00:00:00,44,ssta_elino
20,lasso,False,2021-01-04T00:00:00,613,2021-01-04T00:00:00,612,2021-01-04T00:00:00,612,2020-12-28T00:00:00,352,2016-01-11T00:00:00,44,tmax_hot_in_harvesting
20,lasso,False,2021-01-04T00:00:00,613,2021-01-04T00:00:00,612,2021-01-04T00:00:00,612,2020-12-28T00:00:00,352,2016-01-11T00:00:00,44,tmax_hot_in_planting
20,lasso,False,2021-01-04T00:00:00,613,2021-01-04T00:00:00,612,2021-01-04T00:00:00,612,2020-12-28T00:00:00,352,2016-01-11T00:00:00,44,tmax_very_hot_in_harvesting
20,lasso,False,2021-01-04T00:00:00,613,2021-01-04T00:00:00,612,2021-01-04T00:00:00,612,2020-12-28T00:00:00,352,2016-01-11T00:00:00,44,tmax_very_hot_in_planting
20,lasso,False,2021-01-04T00:00:00,613,2021-01-04T00:00:00,612,2021-01-04T00:00:00,612,2020-12-28T00:00:00,352,2016-01-11T00:00:00,44,tmin_cold_in_planting
20,lasso,False,2021-01-04T00:00:00,613,2021-01-04T00:00:00,612,2021-01-04T00:00:00,612,2020-12-28T00:00:00,352,2016-01-11T00:00:00,44,tmin_very_cold_in_planting
20,lasso,False,2021-01-04T00:00:00,613,2021-01-04T00:00:00,612,2021-01-04T00:00:00,612,2020-12-28T00:00:00,352,2016-01-11T00:00:00,44,wheat_monthly_rv
20,lasso,False,2021-01-04T00:00:00,613,2021-01-04T00:00:00,612,2021-01-04T00:00:00,612,2020-12-28T00:00:00,352,2016-01-11T00:00:00,44,wheat_seasonal_rv
20,lasso,False,2021-01-04T00:00:00,613,2021-01-04T00:00:00,612,2021-01-04T00:00:00,612,2020-12-28T00:00:00,352,2016-01-11T00:00:00,44,wheat_weekly_rv
20,lasso,False,2021-01-04T00:00:00,613,2021-01-04T00:00:00,612,2021-01-04T00:00:00,612,2020-12-28T00:00:00,352,2016-01-11T00:00:00,44,wheat_weekly_rvb
20,lasso,False,2021-01-04T00:00:00,613,2021-01-04T00:00:00,612,2021-01-04T00:00:00,612,2020-12-28T00:00:00,352,2016-01-11T00:00:00,44,wheat_weekly_rvg
20,lasso,True,2021-03-01T00:00:00,621,2021-03-01T00:00:00,620,2021-03-01T00:00:00,620,2021-02-22T00:00:00,360,2016-03-07T00:00:00,45,NAO_index
20,lasso,True,2021-03-01T00:00:00,621,2021-03-01T00:00:00,620,2021-03-01T00:00:00,620,2021-02-22T00:00:00,360,2016-03-07T00:00:00,45,awnd_extreme_high_wind_in_planting
20,lasso,True,2021-03-01T00:00:00,621,2021-03-01T00:00:00,620,2021-03-01T00:00:00,620,2021-02-22T00:00:00,360,2016-03-07T00:00:00,45,pdsi_extreme_wet_in_planting
20,lasso,True,2021-03-01T00:00:00,621,2021-03-01T00:00:00,620,2021-03-01T00:00:00,620,2021-02-22T00:00:00,360,2016-03-07T00:00:00,45,soybeans_weekly_rv
20,lasso,True,2021-03-01T00:00:00,621,2021-03-01T00:00:00,620,2021-03-01T00:00:00,620,2021-02-22T00:00:00,360,2016-03-07T00:00:00,45,spi_7d_extreme_dry_in_planting
20,lasso,True,2021-03-01T00:00:00,621,2021-03-01T00:00:00,620,2021-03-01T00:00:00,620,2021-02-22T00:00:00,360,2016-03-07T00:00:00,45,spi_7d_extreme_wet_in_harvesting
20,lasso,True,2021-03-01T00:00:00,621,2021-03-01T00:00:00,620,2021-03-01T00:00:00,620,2021-02-22T00:00:00,360,2016-03-07T00:00:00,45,spi_7d_very_dry_in_planting
20,lasso,True,2021-03-01T00:00:00,621,2021-03-01T00:00:00,620,2021-03-01T00:00:00,620,2021-02-22T00:00:00,360,2016-03-07T00:00:00,45,spi_7d_very_wet_in_planting
20,lasso,True,2021-03-01T00:00:00,621,2021-03-01T00:00:00,620,2021-03-01T00:00:00,620,2021-02-22T00:00:00,360,2016-03-07T00:00:00,45,ssta_elino
20,lasso,True,2021-03-01T00:00:00,621,2021-03-01T00:00:00,620,2021-03-01T00:00:00,620,2021-02-22T00:00:00,360,2016-03-07T00:00:00,45,tmax_hot_in_harvesting
20,lasso,True,2021-03-01T00:00:00,621,2021-03-01T00:00:00,620,2021-03-01T00:00:00,620,2021-02-22T00:00:00,360,2016-03-07T00:00:00,45,tmax_hot_in_planting
20,lasso,True,2021-03-01T00:00:00,621,2021-03-01T00:00:00,620,2021-03-01T00:00:00,620,2021-02-22T00:00:00,360,2016-03-07T00:00:00,45,tmax_very_hot_in_harvesting
20,lasso,True,2021-03-01T00:00:00,621,2021-03-01T00:00:00,620,2021-03-01T00:00:00,620,2021-02-22T00:00:00,360,2016-03-07T00:00:00,45,tmax_very_hot_in_planting
20,lasso,True,2021-03-01T00:00:00,621,2021-03-01T00:00:00,620,2021-03-01T00:00:00,620,2021-02-22T00:00:00,360,2016-03-07T00:00:00,45,tmin_cold_in_planting
20,lasso,True,2021-03-01T00:00:00,621,2021-03-01T00:00:00,620,2021-03-01T00:00:00,620,2021-02-22T00:00:00,360,2016-03-07T00:00:00,45,tmin_very_cold_in_planting
20,lasso,True,2021-03-01T00:00:00,621,2021-03-01T00:00:00,620,2021-03-01T00:00:00,620,2021-02-22T00:00:00,360,2016-03-07T00:00:00,45,wheat_monthly_rv
20,lasso,True,2021-03-01T00:00:00,621,2021-03-01T00:00:00,620,2021-03-01T00:00:00,620,2021-02-22T00:00:00,360,2016-03-07T00:00:00,45,wheat_seasonal_rv
20,lasso,True,2021-03-01T00:00:00,621,2021-03-01T00:00:00,620,2021-03-01T00:00:00,620,2021-02-22T00:00:00,360,2016-03-07T00:00:00,45,wheat_weekly_rv
20,lasso,True,2021-03-01T00:00:00,621,2021-03-01T00:00:00,620,2021-03-01T00:00:00,620,2021-02-22T00:00:00,360,2016-03-07T00:00:00,45,wheat_weekly_rvb
20,lasso,True,2021-03-01T00:00:00,621,2021-03-01T00:00:00,620,2021-03-01T00:00:00,620,2021-02-22T00:00:00,360,2016-03-07T00:00:00,45,wheat_weekly_rvg
20,lasso,True,2021-04-26T00:00:00,629,2021-04-26T00:00:00,628,2021-04-26T00:00:00,628,2021-04-19T00:00:00,368,2016-05-02T00:00:00,46,NAO_index
20,lasso,True,2021-04-26T00:00:00,629,2021-04-26T00:00:00,628,2021-04-26T00:00:00,628,2021-04-19T00:00:00,368,2016-05-02T00:00:00,46,awnd_extreme_high_wind_in_planting
20,lasso,True,2021-04-26T00:00:00,629,2021-04-26T00:00:00,628,2021-04-26T00:00:00,628,2021-04-19T00:00:00,368,2016-05-02T00:00:00,46,pdsi_extreme_wet_in_planting
20,lasso,True,2021-04-26T00:00:00,629,2021-04-26T00:00:00,628,2021-04-26T00:00:00,628,2021-04-19T00:00:00,368,2016-05-02T00:00:00,46,soybeans_weekly_rv
20,lasso,True,2021-04-26T00:00:00,629,2021-04-26T00:00:00,628,2021-04-26T00:00:00,628,2021-04-19T00:00:00,368,2016-05-02T00:00:00,46,spi_7d_extreme_dry_in_planting
20,lasso,True,2021-04-26T00:00:00,629,2021-04-26T00:00:00,628,2021-04-26T00:00:00,628,2021-04-19T00:00:00,368,2016-05-02T00:00:00,46,spi_7d_extreme_wet_in_harvesting
20,lasso,True,2021-04-26T00:00:00,629,2021-04-26T00:00:00,628,2021-04-26T00:00:00,628,2021-04-19T00:00:00,368,2016-05-02T00:00:00,46,spi_7d_very_dry_in_planting
20,lasso,True,2021-04-26T00:00:00,629,2021-04-26T00:00:00,628,2021-04-26T00:00:00,628,2021-04-19T00:00:00,368,2016-05-02T00:00:00,46,spi_7d_very_wet_in_planting
20,lasso,True,2021-04-26T00:00:00,629,2021-04-26T00:00:00,628,2021-04-26T00:00:00,628,2021-04-19T00:00:00,368,2016-05-02T00:00:00,46,ssta_elino
20,lasso,True,2021-04-26T00:00:00,629,2021-04-26T00:00:00,628,2021-04-26T00:00:00,628,2021-04-19T00:00:00,368,2016-05-02T00:00:00,46,tmax_hot_in_harvesting
20,lasso,True,2021-04-26T00:00:00,629,2021-04-26T00:00:00,628,2021-04-26T00:00:00,628,2021-04-19T00:00:00,368,2016-05-02T00:00:00,46,tmax_hot_in_planting
20,lasso,True,2021-04-26T00:00:00,629,2021-04-26T00:00:00,628,2021-04-26T00:00:00,628,2021-04-19T00:00:00,368,2016-05-02T00:00:00,46,tmax_very_hot_in_harvesting
20,lasso,True,2021-04-26T00:00:00,629,2021-04-26T00:00:00,628,2021-04-26T00:00:00,628,2021-04-19T00:00:00,368,2016-05-02T00:00:00,46,tmax_very_hot_in_planting
20,lasso,True,2021-04-26T00:00:00,629,2021-04-26T00:00:00,628,2021-04-26T00:00:00,628,2021-04-19T00:00:00,368,2016-05-02T00:00:00,46,tmin_cold_in_planting
20,lasso,True,2021-04-26T00:00:00,629,2021-04-26T00:00:00,628,2021-04-26T00:00:00,628,2021-04-19T00:00:00,368,2016-05-02T00:00:00,46,tmin_very_cold_in_planting
20,lasso,True,2021-04-26T00:00:00,629,2021-04-26T00:00:00,628,2021-04-26T00:00:00,628,2021-04-19T00:00:00,368,2016-05-02T00:00:00,46,wheat_monthly_rv
20,lasso,True,2021-04-26T00:00:00,629,2021-04-26T00:00:00,628,2021-04-26T00:00:00,628,2021-04-19T00:00:00,368,2016-05-02T00:00:00,46,wheat_seasonal_rv
20,lasso,True,2021-04-26T00:00:00,629,2021-04-26T00:00:00,628,2021-04-26T00:00:00,628,2021-04-19T00:00:00,368,2016-05-02T00:00:00,46,wheat_weekly_rv
20,lasso,True,2021-04-26T00:00:00,629,2021-04-26T00:00:00,628,2021-04-26T00:00:00,628,2021-04-19T00:00:00,368,2016-05-02T00:00:00,46,wheat_weekly_rvb
20,lasso,True,2021-04-26T00:00:00,629,2021-04-26T00:00:00,628,2021-04-26T00:00:00,628,2021-04-19T00:00:00,368,2016-05-02T00:00:00,46,wheat_weekly_rvg
20,lasso,True,2021-06-21T00:00:00,637,2021-06-21T00:00:00,636,2021-06-21T00:00:00,636,2021-06-14T00:00:00,376,2016-06-27T00:00:00,47,NAO_index
20,lasso,True,2021-06-21T00:00:00,637,2021-06-21T00:00:00,636,2021-06-21T00:00:00,636,2021-06-14T00:00:00,376,2016-06-27T00:00:00,47,awnd_extreme_high_wind_in_planting
20,lasso,True,2021-06-21T00:00:00,637,2021-06-21T00:00:00,636,2021-06-21T00:00:00,636,2021-06-14T00:00:00,376,2016-06-27T00:00:00,47,pdsi_extreme_wet_in_planting
20,lasso,True,2021-06-21T00:00:00,637,2021-06-21T00:00:00,636,2021-06-21T00:00:00,636,2021-06-14T00:00:00,376,2016-06-27T00:00:00,47,soybeans_weekly_rv
20,lasso,True,2021-06-21T00:00:00,637,2021-06-21T00:00:00,636,2021-06-21T00:00:00,636,2021-06-14T00:00:00,376,2016-06-27T00:00:00,47,spi_7d_extreme_dry_in_planting
20,lasso,True,2021-06-21T00:00:00,637,2021-06-21T00:00:00,636,2021-06-21T00:00:00,636,2021-06-14T00:00:00,376,2016-06-27T00:00:00,47,spi_7d_extreme_wet_in_harvesting
20,lasso,True,2021-06-21T00:00:00,637,2021-06-21T00:00:00,636,2021-06-21T00:00:00,636,2021-06-14T00:00:00,376,2016-06-27T00:00:00,47,spi_7d_very_dry_in_planting
20,lasso,True,2021-06-21T00:00:00,637,2021-06-21T00:00:00,636,2021-06-21T00:00:00,636,2021-06-14T00:00:00,376,2016-06-27T00:00:00,47,spi_7d_very_wet_in_planting
20,lasso,True,2021-06-21T00:00:00,637,2021-06-21T00:00:00,636,2021-06-21T00:00:00,636,2021-06-14T00:00:00,376,2016-06-27T00:00:00,47,ssta_elino
20,lasso,True,2021-06-21T00:00:00,637,2021-06-21T00:00:00,636,2021-06-21T00:00:00,636,2021-06-14T00:00:00,376,2016-06-27T00:00:00,47,tmax_hot_in_harvesting
20,lasso,True,2021-06-21T00:00:00,637,2021-06-21T00:00:00,636,2021-06-21T00:00:00,636,2021-06-14T00:00:00,376,2016-06-27T00:00:00,47,tmax_hot_in_planting
20,lasso,True,2021-06-21T00:00:00,637,2021-06-21T00:00:00,636,2021-06-21T00:00:00,636,2021-06-14T00:00:00,376,2016-06-27T00:00:00,47,tmax_very_hot_in_harvesting
20,lasso,True,2021-06-21T00:00:00,637,2021-06-21T00:00:00,636,2021-06-21T00:00:00,636,2021-06-14T00:00:00,376,2016-06-27T00:00:00,47,tmax_very_hot_in_planting
20,lasso,True,2021-06-21T00:00:00,637,2021-06-21T00:00:00,636,2021-06-21T00:00:00,636,2021-06-14T00:00:00,376,2016-06-27T00:00:00,47,tmin_cold_in_planting
20,lasso,True,2021-06-21T00:00:00,637,2021-06-21T00:00:00,636,2021-06-21T00:00:00,636,2021-06-14T00:00:00,376,2016-06-27T00:00:00,47,tmin_very_cold_in_planting
20,lasso,True,2021-06-21T00:00:00,637,2021-06-21T00:00:00,636,2021-06-21T00:00:00,636,2021-06-14T00:00:00,376,2016-06-27T00:00:00,47,wheat_monthly_rv
20,lasso,True,2021-06-21T00:00:00,637,2021-06-21T00:00:00,636,2021-06-21T00:00:00,636,2021-06-14T00:00:00,376,2016-06-27T00:00:00,47,wheat_seasonal_rv
20,lasso,True,2021-06-21T00:00:00,637,2021-06-21T00:00:00,636,2021-06-21T00:00:00,636,2021-06-14T00:00:00,376,2016-06-27T00:00:00,47,wheat_weekly_rv
20,lasso,True,2021-06-21T00:00:00,637,2021-06-21T00:00:00,636,2021-06-21T00:00:00,636,2021-06-14T00:00:00,376,2016-06-27T00:00:00,47,wheat_weekly_rvb
20,lasso,True,2021-06-21T00:00:00,637,2021-06-21T00:00:00,636,2021-06-21T00:00:00,636,2021-06-14T00:00:00,376,2016-06-27T00:00:00,47,wheat_weekly_rvg
30,lasso,False,2021-08-16T00:00:00,645,2021-08-16T00:00:00,644,2021-08-16T00:00:00,644,2021-08-09T00:00:00,384,2016-08-22T00:00:00,48,NAO_index
30,lasso,False,2021-08-16T00:00:00,645,2021-08-16T00:00:00,644,2021-08-16T00:00:00,644,2021-08-09T00:00:00,384,2016-08-22T00:00:00,48,awnd_extreme_high_wind_in_harvesting
30,lasso,False,2021-08-16T00:00:00,645,2021-08-16T00:00:00,644,2021-08-16T00:00:00,644,2021-08-09T00:00:00,384,2016-08-22T00:00:00,48,awnd_extreme_high_wind_in_planting
30,lasso,False,2021-08-16T00:00:00,645,2021-08-16T00:00:00,644,2021-08-16T00:00:00,644,2021-08-09T00:00:00,384,2016-08-22T00:00:00,48,awnd_moderate_high_wind_in_planting
30,lasso,False,2021-08-16T00:00:00,645,2021-08-16T00:00:00,644,2021-08-16T00:00:00,644,2021-08-09T00:00:00,384,2016-08-22T00:00:00,48,co2_extreme_in_planting
30,lasso,False,2021-08-16T00:00:00,645,2021-08-16T00:00:00,644,2021-08-16T00:00:00,644,2021-08-09T00:00:00,384,2016-08-22T00:00:00,48,pdsi_extreme_drought_in_planting
30,lasso,False,2021-08-16T00:00:00,645,2021-08-16T00:00:00,644,2021-08-16T00:00:00,644,2021-08-09T00:00:00,384,2016-08-22T00:00:00,48,pdsi_extreme_wet_in_harvesting
30,lasso,False,2021-08-16T00:00:00,645,2021-08-16T00:00:00,644,2021-08-16T00:00:00,644,2021-08-09T00:00:00,384,2016-08-22T00:00:00,48,pdsi_extreme_wet_in_planting
30,lasso,False,2021-08-16T00:00:00,645,2021-08-16T00:00:00,644,2021-08-16T00:00:00,644,2021-08-09T00:00:00,384,2016-08-22T00:00:00,48,pdsi_severe_drought_in_harvesting
30,lasso,False,2021-08-16T00:00:00,645,2021-08-16T00:00:00,644,2021-08-16T00:00:00,644,2021-08-09T00:00:00,384,2016-08-22T00:00:00,48,pdsi_severe_drought_in_planting
30,lasso,False,2021-08-16T00:00:00,645,2021-08-16T00:00:00,644,2021-08-16T00:00:00,644,2021-08-09T00:00:00,384,2016-08-22T00:00:00,48,pdsi_very_wet_in_harvesting
30,lasso,False,2021-08-16T00:00:00,645,2021-08-16T00:00:00,644,2021-08-16T00:00:00,644,2021-08-09T00:00:00,384,2016-08-22T00:00:00,48,soybeans_weekly_rv
30,lasso,False,2021-08-16T00:00:00,645,2021-08-16T00:00:00,644,2021-08-16T00:00:00,644,2021-08-09T00:00:00,384,2016-08-22T00:00:00,48,spi_7d_extreme_dry_in_planting
30,lasso,False,2021-08-16T00:00:00,645,2021-08-16T00:00:00,644,2021-08-16T00:00:00,644,2021-08-09T00:00:00,384,2016-08-22T00:00:00,48,spi_7d_extreme_wet_in_planting
30,lasso,False,2021-08-16T00:00:00,645,2021-08-16T00:00:00,644,2021-08-16T00:00:00,644,2021-08-09T00:00:00,384,2016-08-22T00:00:00,48,spi_7d_very_dry_in_harvesting
30,lasso,False,2021-08-16T00:00:00,645,2021-08-16T00:00:00,644,2021-08-16T00:00:00,644,2021-08-09T00:00:00,384,2016-08-22T00:00:00,48,spi_7d_very_dry_in_planting
30,lasso,False,2021-08-16T00:00:00,645,2021-08-16T00:00:00,644,2021-08-16T00:00:00,644,2021-08-09T00:00:00,384,2016-08-22T00:00:00,48,spi_7d_very_wet_in_harvesting
30,lasso,False,2021-08-16T00:00:00,645,2021-08-16T00:00:00,644,2021-08-16T00:00:00,644,2021-08-09T00:00:00,384,2016-08-22T00:00:00,48,spi_7d_very_wet_in_planting
30,lasso,False,2021-08-16T00:00:00,645,2021-08-16T00:00:00,644,2021-08-16T00:00:00,644,2021-08-09T00:00:00,384,2016-08-22T00:00:00,48,ssta_elino
30,lasso,False,2021-08-16T00:00:00,645,2021-08-16T00:00:00,644,2021-08-16T00:00:00,644,2021-08-09T00:00:00,384,2016-08-22T00:00:00,48,tmax_hot_in_harvesting
30,lasso,False,2021-08-16T00:00:00,645,2021-08-16T00:00:00,644,2021-08-16T00:00:00,644,2021-08-09T00:00:00,384,2016-08-22T00:00:00,48,tmax_hot_in_planting
30,lasso,False,2021-08-16T00:00:00,645,2021-08-16T00:00:00,644,2021-08-16T00:00:00,644,2021-08-09T00:00:00,384,2016-08-22T00:00:00,48,tmax_very_hot_in_harvesting
30,lasso,False,2021-08-16T00:00:00,645,2021-08-16T00:00:00,644,2021-08-16T00:00:00,644,2021-08-09T00:00:00,384,2016-08-22T00:00:00,48,tmax_very_hot_in_planting
30,lasso,False,2021-08-16T00:00:00,645,2021-08-16T00:00:00,644,2021-08-16T00:00:00,644,2021-08-09T00:00:00,384,2016-08-22T00:00:00,48,tmin_cold_in_planting
30,lasso,False,2021-08-16T00:00:00,645,2021-08-16T00:00:00,644,2021-08-16T00:00:00,644,2021-08-09T00:00:00,384,2016-08-22T00:00:00,48,tmin_very_cold_in_planting
30,lasso,False,2021-08-16T00:00:00,645,2021-08-16T00:00:00,644,2021-08-16T00:00:00,644,2021-08-09T00:00:00,384,2016-08-22T00:00:00,48,wheat_monthly_rv
30,lasso,False,2021-08-16T00:00:00,645,2021-08-16T00:00:00,644,2021-08-16T00:00:00,644,2021-08-09T00:00:00,384,2016-08-22T00:00:00,48,wheat_seasonal_rv
30,lasso,False,2021-08-16T00:00:00,645,2021-08-16T00:00:00,644,2021-08-16T00:00:00,644,2021-08-09T00:00:00,384,2016-08-22T00:00:00,48,wheat_weekly_jumps
30,lasso,False,2021-08-16T00:00:00,645,2021-08-16T00:00:00,644,2021-08-16T00:00:00,644,2021-08-09T00:00:00,384,2016-08-22T00:00:00,48,wheat_weekly_rv
30,lasso,False,2021-08-16T00:00:00,645,2021-08-16T00:00:00,644,2021-08-16T00:00:00,644,2021-08-09T00:00:00,384,2016-08-22T00:00:00,48,wheat_weekly_rvg
30,lasso,True,2021-10-11T00:00:00,653,2021-10-11T00:00:00,652,2021-10-11T00:00:00,652,2021-10-04T00:00:00,392,2016-10-17T00:00:00,49,NAO_index
30,lasso,True,2021-10-11T00:00:00,653,2021-10-11T00:00:00,652,2021-10-11T00:00:00,652,2021-10-04T00:00:00,392,2016-10-17T00:00:00,49,awnd_extreme_high_wind_in_harvesting
30,lasso,True,2021-10-11T00:00:00,653,2021-10-11T00:00:00,652,2021-10-11T00:00:00,652,2021-10-04T00:00:00,392,2016-10-17T00:00:00,49,awnd_extreme_high_wind_in_planting
30,lasso,True,2021-10-11T00:00:00,653,2021-10-11T00:00:00,652,2021-10-11T00:00:00,652,2021-10-04T00:00:00,392,2016-10-17T00:00:00,49,awnd_moderate_high_wind_in_planting
30,lasso,True,2021-10-11T00:00:00,653,2021-10-11T00:00:00,652,2021-10-11T00:00:00,652,2021-10-04T00:00:00,392,2016-10-17T00:00:00,49,co2_extreme_in_planting
30,lasso,True,2021-10-11T00:00:00,653,2021-10-11T00:00:00,652,2021-10-11T00:00:00,652,2021-10-04T00:00:00,392,2016-10-17T00:00:00,49,pdsi_extreme_drought_in_planting
30,lasso,True,2021-10-11T00:00:00,653,2021-10-11T00:00:00,652,2021-10-11T00:00:00,652,2021-10-04T00:00:00,392,2016-10-17T00:00:00,49,pdsi_extreme_wet_in_harvesting
30,lasso,True,2021-10-11T00:00:00,653,2021-10-11T00:00:00,652,2021-10-11T00:00:00,652,2021-10-04T00:00:00,392,2016-10-17T00:00:00,49,pdsi_extreme_wet_in_planting
30,lasso,True,2021-10-11T00:00:00,653,2021-10-11T00:00:00,652,2021-10-11T00:00:00,652,2021-10-04T00:00:00,392,2016-10-17T00:00:00,49,pdsi_severe_drought_in_harvesting
30,lasso,True,2021-10-11T00:00:00,653,2021-10-11T00:00:00,652,2021-10-11T00:00:00,652,2021-10-04T00:00:00,392,2016-10-17T00:00:00,49,pdsi_severe_drought_in_planting
30,lasso,True,2021-10-11T00:00:00,653,2021-10-11T00:00:00,652,2021-10-11T00:00:00,652,2021-10-04T00:00:00,392,2016-10-17T00:00:00,49,pdsi_very_wet_in_harvesting
30,lasso,True,2021-10-11T00:00:00,653,2021-10-11T00:00:00,652,2021-10-11T00:00:00,652,2021-10-04T00:00:00,392,2016-10-17T00:00:00,49,soybeans_weekly_rv
30,lasso,True,2021-10-11T00:00:00,653,2021-10-11T00:00:00,652,2021-10-11T00:00:00,652,2021-10-04T00:00:00,392,2016-10-17T00:00:00,49,spi_7d_extreme_dry_in_planting
30,lasso,True,2021-10-11T00:00:00,653,2021-10-11T00:00:00,652,2021-10-11T00:00:00,652,2021-10-04T00:00:00,392,2016-10-17T00:00:00,49,spi_7d_extreme_wet_in_planting
30,lasso,True,2021-10-11T00:00:00,653,2021-10-11T00:00:00,652,2021-10-11T00:00:00,652,2021-10-04T00:00:00,392,2016-10-17T00:00:00,49,spi_7d_very_dry_in_harvesting
30,lasso,True,2021-10-11T00:00:00,653,2021-10-11T00:00:00,652,2021-10-11T00:00:00,652,2021-10-04T00:00:00,392,2016-10-17T00:00:00,49,spi_7d_very_dry_in_planting
30,lasso,True,2021-10-11T00:00:00,653,2021-10-11T00:00:00,652,2021-10-11T00:00:00,652,2021-10-04T00:00:00,392,2016-10-17T00:00:00,49,spi_7d_very_wet_in_harvesting
30,lasso,True,2021-10-11T00:00:00,653,2021-10-11T00:00:00,652,2021-10-11T00:00:00,652,2021-10-04T00:00:00,392,2016-10-17T00:00:00,49,spi_7d_very_wet_in_planting
30,lasso,True,2021-10-11T00:00:00,653,2021-10-11T00:00:00,652,2021-10-11T00:00:00,652,2021-10-04T00:00:00,392,2016-10-17T00:00:00,49,ssta_elino
30,lasso,True,2021-10-11T00:00:00,653,2021-10-11T00:00:00,652,2021-10-11T00:00:00,652,2021-10-04T00:00:00,392,2016-10-17T00:00:00,49,tmax_hot_in_harvesting
30,lasso,True,2021-10-11T00:00:00,653,2021-10-11T00:00:00,652,2021-10-11T00:00:00,652,2021-10-04T00:00:00,392,2016-10-17T00:00:00,49,tmax_hot_in_planting
30,lasso,True,2021-10-11T00:00:00,653,2021-10-11T00:00:00,652,2021-10-11T00:00:00,652,2021-10-04T00:00:00,392,2016-10-17T00:00:00,49,tmax_very_hot_in_harvesting
30,lasso,True,2021-10-11T00:00:00,653,2021-10-11T00:00:00,652,2021-10-11T00:00:00,652,2021-10-04T00:00:00,392,2016-10-17T00:00:00,49,tmax_very_hot_in_planting
30,lasso,True,2021-10-11T00:00:00,653,2021-10-11T00:00:00,652,2021-10-11T00:00:00,652,2021-10-04T00:00:00,392,2016-10-17T00:00:00,49,tmin_cold_in_planting
30,lasso,True,2021-10-11T00:00:00,653,2021-10-11T00:00:00,652,2021-10-11T00:00:00,652,2021-10-04T00:00:00,392,2016-10-17T00:00:00,49,tmin_very_cold_in_planting
30,lasso,True,2021-10-11T00:00:00,653,2021-10-11T00:00:00,652,2021-10-11T00:00:00,652,2021-10-04T00:00:00,392,2016-10-17T00:00:00,49,wheat_monthly_rv
30,lasso,True,2021-10-11T00:00:00,653,2021-10-11T00:00:00,652,2021-10-11T00:00:00,652,2021-10-04T00:00:00,392,2016-10-17T00:00:00,49,wheat_seasonal_rv
30,lasso,True,2021-10-11T00:00:00,653,2021-10-11T00:00:00,652,2021-10-11T00:00:00,652,2021-10-04T00:00:00,392,2016-10-17T00:00:00,49,wheat_weekly_jumps
30,lasso,True,2021-10-11T00:00:00,653,2021-10-11T00:00:00,652,2021-10-11T00:00:00,652,2021-10-04T00:00:00,392,2016-10-17T00:00:00,49,wheat_weekly_rv
30,lasso,True,2021-10-11T00:00:00,653,2021-10-11T00:00:00,652,2021-10-11T00:00:00,652,2021-10-04T00:00:00,392,2016-10-17T00:00:00,49,wheat_weekly_rvg
30,lasso,True,2021-12-06T00:00:00,661,2021-12-06T00:00:00,660,2021-12-06T00:00:00,660,2021-11-29T00:00:00,400,2016-12-12T00:00:00,50,NAO_index
30,lasso,True,2021-12-06T00:00:00,661,2021-12-06T00:00:00,660,2021-12-06T00:00:00,660,2021-11-29T00:00:00,400,2016-12-12T00:00:00,50,awnd_extreme_high_wind_in_harvesting
30,lasso,True,2021-12-06T00:00:00,661,2021-12-06T00:00:00,660,2021-12-06T00:00:00,660,2021-11-29T00:00:00,400,2016-12-12T00:00:00,50,awnd_extreme_high_wind_in_planting
30,lasso,True,2021-12-06T00:00:00,661,2021-12-06T00:00:00,660,2021-12-06T00:00:00,660,2021-11-29T00:00:00,400,2016-12-12T00:00:00,50,awnd_moderate_high_wind_in_planting
30,lasso,True,2021-12-06T00:00:00,661,2021-12-06T00:00:00,660,2021-12-06T00:00:00,660,2021-11-29T00:00:00,400,2016-12-12T00:00:00,50,co2_extreme_in_planting
30,lasso,True,2021-12-06T00:00:00,661,2021-12-06T00:00:00,660,2021-12-06T00:00:00,660,2021-11-29T00:00:00,400,2016-12-12T00:00:00,50,pdsi_extreme_drought_in_planting
30,lasso,True,2021-12-06T00:00:00,661,2021-12-06T00:00:00,660,2021-12-06T00:00:00,660,2021-11-29T00:00:00,400,2016-12-12T00:00:00,50,pdsi_extreme_wet_in_harvesting
30,lasso,True,2021-12-06T00:00:00,661,2021-12-06T00:00:00,660,2021-12-06T00:00:00,660,2021-11-29T00:00:00,400,2016-12-12T00:00:00,50,pdsi_extreme_wet_in_planting
30,lasso,True,2021-12-06T00:00:00,661,2021-12-06T00:00:00,660,2021-12-06T00:00:00,660,2021-11-29T00:00:00,400,2016-12-12T00:00:00,50,pdsi_severe_drought_in_harvesting
30,lasso,True,2021-12-06T00:00:00,661,2021-12-06T00:00:00,660,2021-12-06T00:00:00,660,2021-11-29T00:00:00,400,2016-12-12T00:00:00,50,pdsi_severe_drought_in_planting
30,lasso,True,2021-12-06T00:00:00,661,2021-12-06T00:00:00,660,2021-12-06T00:00:00,660,2021-11-29T00:00:00,400,2016-12-12T00:00:00,50,pdsi_very_wet_in_harvesting
30,lasso,True,2021-12-06T00:00:00,661,2021-12-06T00:00:00,660,2021-12-06T00:00:00,660,2021-11-29T00:00:00,400,2016-12-12T00:00:00,50,soybeans_weekly_rv
30,lasso,True,2021-12-06T00:00:00,661,2021-12-06T00:00:00,660,2021-12-06T00:00:00,660,2021-11-29T00:00:00,400,2016-12-12T00:00:00,50,spi_7d_extreme_dry_in_planting
30,lasso,True,2021-12-06T00:00:00,661,2021-12-06T00:00:00,660,2021-12-06T00:00:00,660,2021-11-29T00:00:00,400,2016-12-12T00:00:00,50,spi_7d_extreme_wet_in_planting
30,lasso,True,2021-12-06T00:00:00,661,2021-12-06T00:00:00,660,2021-12-06T00:00:00,660,2021-11-29T00:00:00,400,2016-12-12T00:00:00,50,spi_7d_very_dry_in_harvesting
30,lasso,True,2021-12-06T00:00:00,661,2021-12-06T00:00:00,660,2021-12-06T00:00:00,660,2021-11-29T00:00:00,400,2016-12-12T00:00:00,50,spi_7d_very_dry_in_planting
30,lasso,True,2021-12-06T00:00:00,661,2021-12-06T00:00:00,660,2021-12-06T00:00:00,660,2021-11-29T00:00:00,400,2016-12-12T00:00:00,50,spi_7d_very_wet_in_harvesting
30,lasso,True,2021-12-06T00:00:00,661,2021-12-06T00:00:00,660,2021-12-06T00:00:00,660,2021-11-29T00:00:00,400,2016-12-12T00:00:00,50,spi_7d_very_wet_in_planting
30,lasso,True,2021-12-06T00:00:00,661,2021-12-06T00:00:00,660,2021-12-06T00:00:00,660,2021-11-29T00:00:00,400,2016-12-12T00:00:00,50,ssta_elino
30,lasso,True,2021-12-06T00:00:00,661,2021-12-06T00:00:00,660,2021-12-06T00:00:00,660,2021-11-29T00:00:00,400,2016-12-12T00:00:00,50,tmax_hot_in_harvesting
30,lasso,True,2021-12-06T00:00:00,661,2021-12-06T00:00:00,660,2021-12-06T00:00:00,660,2021-11-29T00:00:00,400,2016-12-12T00:00:00,50,tmax_hot_in_planting
30,lasso,True,2021-12-06T00:00:00,661,2021-12-06T00:00:00,660,2021-12-06T00:00:00,660,2021-11-29T00:00:00,400,2016-12-12T00:00:00,50,tmax_very_hot_in_harvesting
30,lasso,True,2021-12-06T00:00:00,661,2021-12-06T00:00:00,660,2021-12-06T00:00:00,660,2021-11-29T00:00:00,400,2016-12-12T00:00:00,50,tmax_very_hot_in_planting
30,lasso,True,2021-12-06T00:00:00,661,2021-12-06T00:00:00,660,2021-12-06T00:00:00,660,2021-11-29T00:00:00,400,2016-12-12T00:00:00,50,tmin_cold_in_planting
30,lasso,True,2021-12-06T00:00:00,661,2021-12-06T00:00:00,660,2021-12-06T00:00:00,660,2021-11-29T00:00:00,400,2016-12-12T00:00:00,50,tmin_very_cold_in_planting
30,lasso,True,2021-12-06T00:00:00,661,2021-12-06T00:00:00,660,2021-12-06T00:00:00,660,2021-11-29T00:00:00,400,2016-12-12T00:00:00,50,wheat_monthly_rv
30,lasso,True,2021-12-06T00:00:00,661,2021-12-06T00:00:00,660,2021-12-06T00:00:00,660,2021-11-29T00:00:00,400,2016-12-12T00:00:00,50,wheat_seasonal_rv
30,lasso,True,2021-12-06T00:00:00,661,2021-12-06T00:00:00,660,2021-12-06T00:00:00,660,2021-11-29T00:00:00,400,2016-12-12T00:00:00,50,wheat_weekly_jumps
30,lasso,True,2021-12-06T00:00:00,661,2021-12-06T00:00:00,660,2021-12-06T00:00:00,660,2021-11-29T00:00:00,400,2016-12-12T00:00:00,50,wheat_weekly_rv
30,lasso,True,2021-12-06T00:00:00,661,2021-12-06T00:00:00,660,2021-12-06T00:00:00,660,2021-11-29T00:00:00,400,2016-12-12T00:00:00,50,wheat_weekly_rvg
30,lasso,True,2022-01-31T00:00:00,669,2022-01-31T00:00:00,668,2022-01-31T00:00:00,668,2022-01-24T00:00:00,408,2017-02-06T00:00:00,51,NAO_index
30,lasso,True,2022-01-31T00:00:00,669,2022-01-31T00:00:00,668,2022-01-31T00:00:00,668,2022-01-24T00:00:00,408,2017-02-06T00:00:00,51,awnd_extreme_high_wind_in_harvesting
30,lasso,True,2022-01-31T00:00:00,669,2022-01-31T00:00:00,668,2022-01-31T00:00:00,668,2022-01-24T00:00:00,408,2017-02-06T00:00:00,51,awnd_extreme_high_wind_in_planting
30,lasso,True,2022-01-31T00:00:00,669,2022-01-31T00:00:00,668,2022-01-31T00:00:00,668,2022-01-24T00:00:00,408,2017-02-06T00:00:00,51,awnd_moderate_high_wind_in_planting
30,lasso,True,2022-01-31T00:00:00,669,2022-01-31T00:00:00,668,2022-01-31T00:00:00,668,2022-01-24T00:00:00,408,2017-02-06T00:00:00,51,co2_extreme_in_planting
30,lasso,True,2022-01-31T00:00:00,669,2022-01-31T00:00:00,668,2022-01-31T00:00:00,668,2022-01-24T00:00:00,408,2017-02-06T00:00:00,51,pdsi_extreme_drought_in_planting
30,lasso,True,2022-01-31T00:00:00,669,2022-01-31T00:00:00,668,2022-01-31T00:00:00,668,2022-01-24T00:00:00,408,2017-02-06T00:00:00,51,pdsi_extreme_wet_in_harvesting
30,lasso,True,2022-01-31T00:00:00,669,2022-01-31T00:00:00,668,2022-01-31T00:00:00,668,2022-01-24T00:00:00,408,2017-02-06T00:00:00,51,pdsi_extreme_wet_in_planting
30,lasso,True,2022-01-31T00:00:00,669,2022-01-31T00:00:00,668,2022-01-31T00:00:00,668,2022-01-24T00:00:00,408,2017-02-06T00:00:00,51,pdsi_severe_drought_in_harvesting
30,lasso,True,2022-01-31T00:00:00,669,2022-01-31T00:00:00,668,2022-01-31T00:00:00,668,2022-01-24T00:00:00,408,2017-02-06T00:00:00,51,pdsi_severe_drought_in_planting
30,lasso,True,2022-01-31T00:00:00,669,2022-01-31T00:00:00,668,2022-01-31T00:00:00,668,2022-01-24T00:00:00,408,2017-02-06T00:00:00,51,pdsi_very_wet_in_harvesting
30,lasso,True,2022-01-31T00:00:00,669,2022-01-31T00:00:00,668,2022-01-31T00:00:00,668,2022-01-24T00:00:00,408,2017-02-06T00:00:00,51,soybeans_weekly_rv
30,lasso,True,2022-01-31T00:00:00,669,2022-01-31T00:00:00,668,2022-01-31T00:00:00,668,2022-01-24T00:00:00,408,2017-02-06T00:00:00,51,spi_7d_extreme_dry_in_planting
30,lasso,True,2022-01-31T00:00:00,669,2022-01-31T00:00:00,668,2022-01-31T00:00:00,668,2022-01-24T00:00:00,408,2017-02-06T00:00:00,51,spi_7d_extreme_wet_in_planting
30,lasso,True,2022-01-31T00:00:00,669,2022-01-31T00:00:00,668,2022-01-31T00:00:00,668,2022-01-24T00:00:00,408,2017-02-06T00:00:00,51,spi_7d_very_dry_in_harvesting
30,lasso,True,2022-01-31T00:00:00,669,2022-01-31T00:00:00,668,2022-01-31T00:00:00,668,2022-01-24T00:00:00,408,2017-02-06T00:00:00,51,spi_7d_very_dry_in_planting
30,lasso,True,2022-01-31T00:00:00,669,2022-01-31T00:00:00,668,2022-01-31T00:00:00,668,2022-01-24T00:00:00,408,2017-02-06T00:00:00,51,spi_7d_very_wet_in_harvesting
30,lasso,True,2022-01-31T00:00:00,669,2022-01-31T00:00:00,668,2022-01-31T00:00:00,668,2022-01-24T00:00:00,408,2017-02-06T00:00:00,51,spi_7d_very_wet_in_planting
30,lasso,True,2022-01-31T00:00:00,669,2022-01-31T00:00:00,668,2022-01-31T00:00:00,668,2022-01-24T00:00:00,408,2017-02-06T00:00:00,51,ssta_elino
30,lasso,True,2022-01-31T00:00:00,669,2022-01-31T00:00:00,668,2022-01-31T00:00:00,668,2022-01-24T00:00:00,408,2017-02-06T00:00:00,51,tmax_hot_in_harvesting
30,lasso,True,2022-01-31T00:00:00,669,2022-01-31T00:00:00,668,2022-01-31T00:00:00,668,2022-01-24T00:00:00,408,2017-02-06T00:00:00,51,tmax_hot_in_planting
30,lasso,True,2022-01-31T00:00:00,669,2022-01-31T00:00:00,668,2022-01-31T00:00:00,668,2022-01-24T00:00:00,408,2017-02-06T00:00:00,51,tmax_very_hot_in_harvesting
30,lasso,True,2022-01-31T00:00:00,669,2022-01-31T00:00:00,668,2022-01-31T00:00:00,668,2022-01-24T00:00:00,408,2017-02-06T00:00:00,51,tmax_very_hot_in_planting
30,lasso,True,2022-01-31T00:00:00,669,2022-01-31T00:00:00,668,2022-01-31T00:00:00,668,2022-01-24T00:00:00,408,2017-02-06T00:00:00,51,tmin_cold_in_planting
30,lasso,True,2022-01-31T00:00:00,669,2022-01-31T00:00:00,668,2022-01-31T00:00:00,668,2022-01-24T00:00:00,408,2017-02-06T00:00:00,51,tmin_very_cold_in_planting
30,lasso,True,2022-01-31T00:00:00,669,2022-01-31T00:00:00,668,2022-01-31T00:00:00,668,2022-01-24T00:00:00,408,2017-02-06T00:00:00,51,wheat_monthly_rv
30,lasso,True,2022-01-31T00:00:00,669,2022-01-31T00:00:00,668,2022-01-31T00:00:00,668,2022-01-24T00:00:00,408,2017-02-06T00:00:00,51,wheat_seasonal_rv
30,lasso,True,2022-01-31T00:00:00,669,2022-01-31T00:00:00,668,2022-01-31T00:00:00,668,2022-01-24T00:00:00,408,2017-02-06T00:00:00,51,wheat_weekly_jumps
30,lasso,True,2022-01-31T00:00:00,669,2022-01-31T00:00:00,668,2022-01-31T00:00:00,668,2022-01-24T00:00:00,408,2017-02-06T00:00:00,51,wheat_weekly_rv
30,lasso,True,2022-01-31T00:00:00,669,2022-01-31T00:00:00,668,2022-01-31T00:00:00,668,2022-01-24T00:00:00,408,2017-02-06T00:00:00,51,wheat_weekly_rvg
5,lasso,False,2022-03-28T00:00:00,677,2022-03-28T00:00:00,676,2022-03-28T00:00:00,676,2022-03-21T00:00:00,416,2017-04-03T00:00:00,52,soybeans_weekly_rv
5,lasso,False,2022-03-28T00:00:00,677,2022-03-28T00:00:00,676,2022-03-28T00:00:00,676,2022-03-21T00:00:00,416,2017-04-03T00:00:00,52,wheat_monthly_rv
5,lasso,False,2022-03-28T00:00:00,677,2022-03-28T00:00:00,676,2022-03-28T00:00:00,676,2022-03-21T00:00:00,416,2017-04-03T00:00:00,52,wheat_seasonal_rv
5,lasso,False,2022-03-28T00:00:00,677,2022-03-28T00:00:00,676,2022-03-28T00:00:00,676,2022-03-21T00:00:00,416,2017-04-03T00:00:00,52,wheat_weekly_jumps
5,lasso,False,2022-03-28T00:00:00,677,2022-03-28T00:00:00,676,2022-03-28T00:00:00,676,2022-03-21T00:00:00,416,2017-04-03T00:00:00,52,wheat_weekly_rv
5,lasso,True,2022-05-23T00:00:00,685,2022-05-23T00:00:00,684,2022-05-23T00:00:00,684,2022-05-16T00:00:00,424,2017-05-29T00:00:00,53,soybeans_weekly_rv
5,lasso,True,2022-05-23T00:00:00,685,2022-05-23T00:00:00,684,2022-05-23T00:00:00,684,2022-05-16T00:00:00,424,2017-05-29T00:00:00,53,wheat_monthly_rv
5,lasso,True,2022-05-23T00:00:00,685,2022-05-23T00:00:00,684,2022-05-23T00:00:00,684,2022-05-16T00:00:00,424,2017-05-29T00:00:00,53,wheat_seasonal_rv
5,lasso,True,2022-05-23T00:00:00,685,2022-05-23T00:00:00,684,2022-05-23T00:00:00,684,2022-05-16T00:00:00,424,2017-05-29T00:00:00,53,wheat_weekly_jumps
5,lasso,True,2022-05-23T00:00:00,685,2022-05-23T00:00:00,684,2022-05-23T00:00:00,684,2022-05-16T00:00:00,424,2017-05-29T00:00:00,53,wheat_weekly_rv
5,lasso,True,2022-07-18T00:00:00,693,2022-07-18T00:00:00,692,2022-07-18T00:00:00,692,2022-07-11T00:00:00,432,2017-07-24T00:00:00,54,soybeans_weekly_rv
5,lasso,True,2022-07-18T00:00:00,693,2022-07-18T00:00:00,692,2022-07-18T00:00:00,692,2022-07-11T00:00:00,432,2017-07-24T00:00:00,54,wheat_monthly_rv
5,lasso,True,2022-07-18T00:00:00,693,2022-07-18T00:00:00,692,2022-07-18T00:00:00,692,2022-07-11T00:00:00,432,2017-07-24T00:00:00,54,wheat_seasonal_rv
5,lasso,True,2022-07-18T00:00:00,693,2022-07-18T00:00:00,692,2022-07-18T00:00:00,692,2022-07-11T00:00:00,432,2017-07-24T00:00:00,54,wheat_weekly_jumps
5,lasso,True,2022-07-18T00:00:00,693,2022-07-18T00:00:00,692,2022-07-18T00:00:00,692,2022-07-11T00:00:00,432,2017-07-24T00:00:00,54,wheat_weekly_rv
5,lasso,True,2022-09-12T00:00:00,701,2022-09-12T00:00:00,700,2022-09-12T00:00:00,700,2022-09-05T00:00:00,440,2017-09-18T00:00:00,55,soybeans_weekly_rv
5,lasso,True,2022-09-12T00:00:00,701,2022-09-12T00:00:00,700,2022-09-12T00:00:00,700,2022-09-05T00:00:00,440,2017-09-18T00:00:00,55,wheat_monthly_rv
5,lasso,True,2022-09-12T00:00:00,701,2022-09-12T00:00:00,700,2022-09-12T00:00:00,700,2022-09-05T00:00:00,440,2017-09-18T00:00:00,55,wheat_seasonal_rv
5,lasso,True,2022-09-12T00:00:00,701,2022-09-12T00:00:00,700,2022-09-12T00:00:00,700,2022-09-05T00:00:00,440,2017-09-18T00:00:00,55,wheat_weekly_jumps
5,lasso,True,2022-09-12T00:00:00,701,2022-09-12T00:00:00,700,2022-09-12T00:00:00,700,2022-09-05T00:00:00,440,2017-09-18T00:00:00,55,wheat_weekly_rv
6,lasso,False,2022-11-07T00:00:00,709,2022-11-07T00:00:00,708,2022-11-07T00:00:00,708,2022-10-31T00:00:00,448,2017-11-13T00:00:00,56,SOI_index
6,lasso,False,2022-11-07T00:00:00,709,2022-11-07T00:00:00,708,2022-11-07T00:00:00,708,2022-10-31T00:00:00,448,2017-11-13T00:00:00,56,soybeans_weekly_rv
6,lasso,False,2022-11-07T00:00:00,709,2022-11-07T00:00:00,708,2022-11-07T00:00:00,708,2022-10-31T00:00:00,448,2017-11-13T00:00:00,56,wheat_monthly_rv
6,lasso,False,2022-11-07T00:00:00,709,2022-11-07T00:00:00,708,2022-11-07T00:00:00,708,2022-10-31T00:00:00,448,2017-11-13T00:00:00,56,wheat_seasonal_rv
6,lasso,False,2022-11-07T00:00:00,709,2022-11-07T00:00:00,708,2022-11-07T00:00:00,708,2022-10-31T00:00:00,448,2017-11-13T00:00:00,56,wheat_weekly_jumps
6,lasso,False,2022-11-07T00:00:00,709,2022-11-07T00:00:00,708,2022-11-07T00:00:00,708,2022-10-31T00:00:00,448,2017-11-13T00:00:00,56,wheat_weekly_rv
6,lasso,True,2023-01-02T00:00:00,717,2023-01-02T00:00:00,716,2023-01-02T00:00:00,716,2022-12-26T00:00:00,456,2018-01-08T00:00:00,57,SOI_index
6,lasso,True,2023-01-02T00:00:00,717,2023-01-02T00:00:00,716,2023-01-02T00:00:00,716,2022-12-26T00:00:00,456,2018-01-08T00:00:00,57,soybeans_weekly_rv
6,lasso,True,2023-01-02T00:00:00,717,2023-01-02T00:00:00,716,2023-01-02T00:00:00,716,2022-12-26T00:00:00,456,2018-01-08T00:00:00,57,wheat_monthly_rv
6,lasso,True,2023-01-02T00:00:00,717,2023-01-02T00:00:00,716,2023-01-02T00:00:00,716,2022-12-26T00:00:00,456,2018-01-08T00:00:00,57,wheat_seasonal_rv
6,lasso,True,2023-01-02T00:00:00,717,2023-01-02T00:00:00,716,2023-01-02T00:00:00,716,2022-12-26T00:00:00,456,2018-01-08T00:00:00,57,wheat_weekly_jumps
6,lasso,True,2023-01-02T00:00:00,717,2023-01-02T00:00:00,716,2023-01-02T00:00:00,716,2022-12-26T00:00:00,456,2018-01-08T00:00:00,57,wheat_weekly_rv
6,lasso,True,2023-02-27T00:00:00,725,2023-02-27T00:00:00,724,2023-02-27T00:00:00,724,2023-02-20T00:00:00,464,2018-03-05T00:00:00,58,SOI_index
6,lasso,True,2023-02-27T00:00:00,725,2023-02-27T00:00:00,724,2023-02-27T00:00:00,724,2023-02-20T00:00:00,464,2018-03-05T00:00:00,58,soybeans_weekly_rv
6,lasso,True,2023-02-27T00:00:00,725,2023-02-27T00:00:00,724,2023-02-27T00:00:00,724,2023-02-20T00:00:00,464,2018-03-05T00:00:00,58,wheat_monthly_rv
6,lasso,True,2023-02-27T00:00:00,725,2023-02-27T00:00:00,724,2023-02-27T00:00:00,724,2023-02-20T00:00:00,464,2018-03-05T00:00:00,58,wheat_seasonal_rv
6,lasso,True,2023-02-27T00:00:00,725,2023-02-27T00:00:00,724,2023-02-27T00:00:00,724,2023-02-20T00:00:00,464,2018-03-05T00:00:00,58,wheat_weekly_jumps
6,lasso,True,2023-02-27T00:00:00,725,2023-02-27T00:00:00,724,2023-02-27T00:00:00,724,2023-02-20T00:00:00,464,2018-03-05T00:00:00,58,wheat_weekly_rv
6,lasso,True,2023-04-24T00:00:00,733,2023-04-24T00:00:00,732,2023-04-24T00:00:00,732,2023-04-17T00:00:00,472,2018-04-30T00:00:00,59,SOI_index
6,lasso,True,2023-04-24T00:00:00,733,2023-04-24T00:00:00,732,2023-04-24T00:00:00,732,2023-04-17T00:00:00,472,2018-04-30T00:00:00,59,soybeans_weekly_rv
6,lasso,True,2023-04-24T00:00:00,733,2023-04-24T00:00:00,732,2023-04-24T00:00:00,732,2023-04-17T00:00:00,472,2018-04-30T00:00:00,59,wheat_monthly_rv
6,lasso,True,2023-04-24T00:00:00,733,2023-04-24T00:00:00,732,2023-04-24T00:00:00,732,2023-04-17T00:00:00,472,2018-04-30T00:00:00,59,wheat_seasonal_rv
6,lasso,True,2023-04-24T00:00:00,733,2023-04-24T00:00:00,732,2023-04-24T00:00:00,732,2023-04-17T00:00:00,472,2018-04-30T00:00:00,59,wheat_weekly_jumps
6,lasso,True,2023-04-24T00:00:00,733,2023-04-24T00:00:00,732,2023-04-24T00:00:00,732,2023-04-17T00:00:00,472,2018-04-30T00:00:00,59,wheat_weekly_rv
25,lasso,False,2023-06-19T00:00:00,741,2023-06-19T00:00:00,740,2023-06-19T00:00:00,740,2023-06-12T00:00:00,480,2018-06-25T00:00:00,60,NAO_index
25,lasso,False,2023-06-19T00:00:00,741,2023-06-19T00:00:00,740,2023-06-19T00:00:00,740,2023-06-12T00:00:00,480,2018-06-25T00:00:00,60,awnd_extreme_high_wind_in_harvesting
25,lasso,False,2023-06-19T00:00:00,741,2023-06-19T00:00:00,740,2023-06-19T00:00:00,740,2023-06-12T00:00:00,480,2018-06-25T00:00:00,60,awnd_extreme_high_wind_in_planting
25,lasso,False,2023-06-19T00:00:00,741,2023-06-19T00:00:00,740,2023-06-19T00:00:00,740,2023-06-12T00:00:00,480,2018-06-25T00:00:00,60,awnd_moderate_high_wind_in_harvesting
25,lasso,False,2023-06-19T00:00:00,741,2023-06-19T00:00:00,740,2023-06-19T00:00:00,740,2023-06-12T00:00:00,480,2018-06-25T00:00:00,60,co2_extreme_in_planting
25,lasso,False,2023-06-19T00:00:00,741,2023-06-19T00:00:00,740,2023-06-19T00:00:00,740,2023-06-12T00:00:00,480,2018-06-25T00:00:00,60,pdsi_extreme_drought_in_harvesting
25,lasso,False,2023-06-19T00:00:00,741,2023-06-19T00:00:00,740,2023-06-19T00:00:00,740,2023-06-12T00:00:00,480,2018-06-25T00:00:00,60,pdsi_extreme_drought_in_planting
25,lasso,False,2023-06-19T00:00:00,741,2023-06-19T00:00:00,740,2023-06-19T00:00:00,740,2023-06-12T00:00:00,480,2018-06-25T00:00:00,60,pdsi_extreme_wet_in_planting
25,lasso,False,2023-06-19T00:00:00,741,2023-06-19T00:00:00,740,2023-06-19T00:00:00,740,2023-06-12T00:00:00,480,2018-06-25T00:00:00,60,pdsi_severe_drought_in_planting
25,lasso,False,2023-06-19T00:00:00,741,2023-06-19T00:00:00,740,2023-06-19T00:00:00,740,2023-06-12T00:00:00,480,2018-06-25T00:00:00,60,soybeans_weekly_rv
25,lasso,False,2023-06-19T00:00:00,741,2023-06-19T00:00:00,740,2023-06-19T00:00:00,740,2023-06-12T00:00:00,480,2018-06-25T00:00:00,60,spi_7d_extreme_wet_in_planting
25,lasso,False,2023-06-19T00:00:00,741,2023-06-19T00:00:00,740,2023-06-19T00:00:00,740,2023-06-12T00:00:00,480,2018-06-25T00:00:00,60,spi_7d_very_dry_in_harvesting
25,lasso,False,2023-06-19T00:00:00,741,2023-06-19T00:00:00,740,2023-06-19T00:00:00,740,2023-06-12T00:00:00,480,2018-06-25T00:00:00,60,spi_7d_very_dry_in_planting
25,lasso,False,2023-06-19T00:00:00,741,2023-06-19T00:00:00,740,2023-06-19T00:00:00,740,2023-06-12T00:00:00,480,2018-06-25T00:00:00,60,spi_7d_very_wet_in_harvesting
25,lasso,False,2023-06-19T00:00:00,741,2023-06-19T00:00:00,740,2023-06-19T00:00:00,740,2023-06-12T00:00:00,480,2018-06-25T00:00:00,60,ssta_elino
25,lasso,False,2023-06-19T00:00:00,741,2023-06-19T00:00:00,740,2023-06-19T00:00:00,740,2023-06-12T00:00:00,480,2018-06-25T00:00:00,60,ssta_lanina
25,lasso,False,2023-06-19T00:00:00,741,2023-06-19T00:00:00,740,2023-06-19T00:00:00,740,2023-06-12T00:00:00,480,2018-06-25T00:00:00,60,tmax_very_hot_in_harvesting
25,lasso,False,2023-06-19T00:00:00,741,2023-06-19T00:00:00,740,2023-06-19T00:00:00,740,2023-06-12T00:00:00,480,2018-06-25T00:00:00,60,tmin_cold_in_harvesting
25,lasso,False,2023-06-19T00:00:00,741,2023-06-19T00:00:00,740,2023-06-19T00:00:00,740,2023-06-12T00:00:00,480,2018-06-25T00:00:00,60,tmin_cold_in_planting
25,lasso,False,2023-06-19T00:00:00,741,2023-06-19T00:00:00,740,2023-06-19T00:00:00,740,2023-06-12T00:00:00,480,2018-06-25T00:00:00,60,tmin_very_cold_in_harvesting
25,lasso,False,2023-06-19T00:00:00,741,2023-06-19T00:00:00,740,2023-06-19T00:00:00,740,2023-06-12T00:00:00,480,2018-06-25T00:00:00,60,tmin_very_cold_in_planting
25,lasso,False,2023-06-19T00:00:00,741,2023-06-19T00:00:00,740,2023-06-19T00:00:00,740,2023-06-12T00:00:00,480,2018-06-25T00:00:00,60,wheat_monthly_rv
25,lasso,False,2023-06-19T00:00:00,741,2023-06-19T00:00:00,740,2023-06-19T00:00:00,740,2023-06-12T00:00:00,480,2018-06-25T00:00:00,60,wheat_seasonal_rv
25,lasso,False,2023-06-19T00:00:00,741,2023-06-19T00:00:00,740,2023-06-19T00:00:00,740,2023-06-12T00:00:00,480,2018-06-25T00:00:00,60,wheat_weekly_jumps
25,lasso,False,2023-06-19T00:00:00,741,2023-06-19T00:00:00,740,2023-06-19T00:00:00,740,2023-06-12T00:00:00,480,2018-06-25T00:00:00,60,wheat_weekly_rv
25,lasso,True,2023-08-14T00:00:00,749,2023-08-14T00:00:00,748,2023-08-14T00:00:00,748,2023-08-07T00:00:00,488,2018-08-20T00:00:00,61,NAO_index
25,lasso,True,2023-08-14T00:00:00,749,2023-08-14T00:00:00,748,2023-08-14T00:00:00,748,2023-08-07T00:00:00,488,2018-08-20T00:00:00,61,awnd_extreme_high_wind_in_harvesting
25,lasso,True,2023-08-14T00:00:00,749,2023-08-14T00:00:00,748,2023-08-14T00:00:00,748,2023-08-07T00:00:00,488,2018-08-20T00:00:00,61,awnd_extreme_high_wind_in_planting
25,lasso,True,2023-08-14T00:00:00,749,2023-08-14T00:00:00,748,2023-08-14T00:00:00,748,2023-08-07T00:00:00,488,2018-08-20T00:00:00,61,awnd_moderate_high_wind_in_harvesting
25,lasso,True,2023-08-14T00:00:00,749,2023-08-14T00:00:00,748,2023-08-14T00:00:00,748,2023-08-07T00:00:00,488,2018-08-20T00:00:00,61,co2_extreme_in_planting
25,lasso,True,2023-08-14T00:00:00,749,2023-08-14T00:00:00,748,2023-08-14T00:00:00,748,2023-08-07T00:00:00,488,2018-08-20T00:00:00,61,pdsi_extreme_drought_in_harvesting
25,lasso,True,2023-08-14T00:00:00,749,2023-08-14T00:00:00,748,2023-08-14T00:00:00,748,2023-08-07T00:00:00,488,2018-08-20T00:00:00,61,pdsi_extreme_drought_in_planting
25,lasso,True,2023-08-14T00:00:00,749,2023-08-14T00:00:00,748,2023-08-14T00:00:00,748,2023-08-07T00:00:00,488,2018-08-20T00:00:00,61,pdsi_extreme_wet_in_planting
25,lasso,True,2023-08-14T00:00:00,749,2023-08-14T00:00:00,748,2023-08-14T00:00:00,748,2023-08-07T00:00:00,488,2018-08-20T00:00:00,61,pdsi_severe_drought_in_planting
25,lasso,True,2023-08-14T00:00:00,749,2023-08-14T00:00:00,748,2023-08-14T00:00:00,748,2023-08-07T00:00:00,488,2018-08-20T00:00:00,61,soybeans_weekly_rv
25,lasso,True,2023-08-14T00:00:00,749,2023-08-14T00:00:00,748,2023-08-14T00:00:00,748,2023-08-07T00:00:00,488,2018-08-20T00:00:00,61,spi_7d_extreme_wet_in_planting
25,lasso,True,2023-08-14T00:00:00,749,2023-08-14T00:00:00,748,2023-08-14T00:00:00,748,2023-08-07T00:00:00,488,2018-08-20T00:00:00,61,spi_7d_very_dry_in_harvesting
25,lasso,True,2023-08-14T00:00:00,749,2023-08-14T00:00:00,748,2023-08-14T00:00:00,748,2023-08-07T00:00:00,488,2018-08-20T00:00:00,61,spi_7d_very_dry_in_planting
25,lasso,True,2023-08-14T00:00:00,749,2023-08-14T00:00:00,748,2023-08-14T00:00:00,748,2023-08-07T00:00:00,488,2018-08-20T00:00:00,61,spi_7d_very_wet_in_harvesting
25,lasso,True,2023-08-14T00:00:00,749,2023-08-14T00:00:00,748,2023-08-14T00:00:00,748,2023-08-07T00:00:00,488,2018-08-20T00:00:00,61,ssta_elino
25,lasso,True,2023-08-14T00:00:00,749,2023-08-14T00:00:00,748,2023-08-14T00:00:00,748,2023-08-07T00:00:00,488,2018-08-20T00:00:00,61,ssta_lanina
25,lasso,True,2023-08-14T00:00:00,749,2023-08-14T00:00:00,748,2023-08-14T00:00:00,748,2023-08-07T00:00:00,488,2018-08-20T00:00:00,61,tmax_very_hot_in_harvesting
25,lasso,True,2023-08-14T00:00:00,749,2023-08-14T00:00:00,748,2023-08-14T00:00:00,748,2023-08-07T00:00:00,488,2018-08-20T00:00:00,61,tmin_cold_in_harvesting
25,lasso,True,2023-08-14T00:00:00,749,2023-08-14T00:00:00,748,2023-08-14T00:00:00,748,2023-08-07T00:00:00,488,2018-08-20T00:00:00,61,tmin_cold_in_planting
25,lasso,True,2023-08-14T00:00:00,749,2023-08-14T00:00:00,748,2023-08-14T00:00:00,748,2023-08-07T00:00:00,488,2018-08-20T00:00:00,61,tmin_very_cold_in_harvesting
25,lasso,True,2023-08-14T00:00:00,749,2023-08-14T00:00:00,748,2023-08-14T00:00:00,748,2023-08-07T00:00:00,488,2018-08-20T00:00:00,61,tmin_very_cold_in_planting
25,lasso,True,2023-08-14T00:00:00,749,2023-08-14T00:00:00,748,2023-08-14T00:00:00,748,2023-08-07T00:00:00,488,2018-08-20T00:00:00,61,wheat_monthly_rv
25,lasso,True,2023-08-14T00:00:00,749,2023-08-14T00:00:00,748,2023-08-14T00:00:00,748,2023-08-07T00:00:00,488,2018-08-20T00:00:00,61,wheat_seasonal_rv
25,lasso,True,2023-08-14T00:00:00,749,2023-08-14T00:00:00,748,2023-08-14T00:00:00,748,2023-08-07T00:00:00,488,2018-08-20T00:00:00,61,wheat_weekly_jumps
25,lasso,True,2023-08-14T00:00:00,749,2023-08-14T00:00:00,748,2023-08-14T00:00:00,748,2023-08-07T00:00:00,488,2018-08-20T00:00:00,61,wheat_weekly_rv
25,lasso,True,2023-10-09T00:00:00,757,2023-10-09T00:00:00,756,2023-10-09T00:00:00,756,2023-10-02T00:00:00,496,2018-10-15T00:00:00,62,NAO_index
25,lasso,True,2023-10-09T00:00:00,757,2023-10-09T00:00:00,756,2023-10-09T00:00:00,756,2023-10-02T00:00:00,496,2018-10-15T00:00:00,62,awnd_extreme_high_wind_in_harvesting
25,lasso,True,2023-10-09T00:00:00,757,2023-10-09T00:00:00,756,2023-10-09T00:00:00,756,2023-10-02T00:00:00,496,2018-10-15T00:00:00,62,awnd_extreme_high_wind_in_planting
25,lasso,True,2023-10-09T00:00:00,757,2023-10-09T00:00:00,756,2023-10-09T00:00:00,756,2023-10-02T00:00:00,496,2018-10-15T00:00:00,62,awnd_moderate_high_wind_in_harvesting
25,lasso,True,2023-10-09T00:00:00,757,2023-10-09T00:00:00,756,2023-10-09T00:00:00,756,2023-10-02T00:00:00,496,2018-10-15T00:00:00,62,co2_extreme_in_planting
25,lasso,True,2023-10-09T00:00:00,757,2023-10-09T00:00:00,756,2023-10-09T00:00:00,756,2023-10-02T00:00:00,496,2018-10-15T00:00:00,62,pdsi_extreme_drought_in_harvesting
25,lasso,True,2023-10-09T00:00:00,757,2023-10-09T00:00:00,756,2023-10-09T00:00:00,756,2023-10-02T00:00:00,496,2018-10-15T00:00:00,62,pdsi_extreme_drought_in_planting
25,lasso,True,2023-10-09T00:00:00,757,2023-10-09T00:00:00,756,2023-10-09T00:00:00,756,2023-10-02T00:00:00,496,2018-10-15T00:00:00,62,pdsi_extreme_wet_in_planting
25,lasso,True,2023-10-09T00:00:00,757,2023-10-09T00:00:00,756,2023-10-09T00:00:00,756,2023-10-02T00:00:00,496,2018-10-15T00:00:00,62,pdsi_severe_drought_in_planting
25,lasso,True,2023-10-09T00:00:00,757,2023-10-09T00:00:00,756,2023-10-09T00:00:00,756,2023-10-02T00:00:00,496,2018-10-15T00:00:00,62,soybeans_weekly_rv
25,lasso,True,2023-10-09T00:00:00,757,2023-10-09T00:00:00,756,2023-10-09T00:00:00,756,2023-10-02T00:00:00,496,2018-10-15T00:00:00,62,spi_7d_extreme_wet_in_planting
25,lasso,True,2023-10-09T00:00:00,757,2023-10-09T00:00:00,756,2023-10-09T00:00:00,756,2023-10-02T00:00:00,496,2018-10-15T00:00:00,62,spi_7d_very_dry_in_harvesting
25,lasso,True,2023-10-09T00:00:00,757,2023-10-09T00:00:00,756,2023-10-09T00:00:00,756,2023-10-02T00:00:00,496,2018-10-15T00:00:00,62,spi_7d_very_dry_in_planting
25,lasso,True,2023-10-09T00:00:00,757,2023-10-09T00:00:00,756,2023-10-09T00:00:00,756,2023-10-02T00:00:00,496,2018-10-15T00:00:00,62,spi_7d_very_wet_in_harvesting
25,lasso,True,2023-10-09T00:00:00,757,2023-10-09T00:00:00,756,2023-10-09T00:00:00,756,2023-10-02T00:00:00,496,2018-10-15T00:00:00,62,ssta_elino
25,lasso,True,2023-10-09T00:00:00,757,2023-10-09T00:00:00,756,2023-10-09T00:00:00,756,2023-10-02T00:00:00,496,2018-10-15T00:00:00,62,ssta_lanina
25,lasso,True,2023-10-09T00:00:00,757,2023-10-09T00:00:00,756,2023-10-09T00:00:00,756,2023-10-02T00:00:00,496,2018-10-15T00:00:00,62,tmax_very_hot_in_harvesting
25,lasso,True,2023-10-09T00:00:00,757,2023-10-09T00:00:00,756,2023-10-09T00:00:00,756,2023-10-02T00:00:00,496,2018-10-15T00:00:00,62,tmin_cold_in_harvesting
25,lasso,True,2023-10-09T00:00:00,757,2023-10-09T00:00:00,756,2023-10-09T00:00:00,756,2023-10-02T00:00:00,496,2018-10-15T00:00:00,62,tmin_cold_in_planting
25,lasso,True,2023-10-09T00:00:00,757,2023-10-09T00:00:00,756,2023-10-09T00:00:00,756,2023-10-02T00:00:00,496,2018-10-15T00:00:00,62,tmin_very_cold_in_harvesting
25,lasso,True,2023-10-09T00:00:00,757,2023-10-09T00:00:00,756,2023-10-09T00:00:00,756,2023-10-02T00:00:00,496,2018-10-15T00:00:00,62,tmin_very_cold_in_planting
25,lasso,True,2023-10-09T00:00:00,757,2023-10-09T00:00:00,756,2023-10-09T00:00:00,756,2023-10-02T00:00:00,496,2018-10-15T00:00:00,62,wheat_monthly_rv
25,lasso,True,2023-10-09T00:00:00,757,2023-10-09T00:00:00,756,2023-10-09T00:00:00,756,2023-10-02T00:00:00,496,2018-10-15T00:00:00,62,wheat_seasonal_rv
25,lasso,True,2023-10-09T00:00:00,757,2023-10-09T00:00:00,756,2023-10-09T00:00:00,756,2023-10-02T00:00:00,496,2018-10-15T00:00:00,62,wheat_weekly_jumps
25,lasso,True,2023-10-09T00:00:00,757,2023-10-09T00:00:00,756,2023-10-09T00:00:00,756,2023-10-02T00:00:00,496,2018-10-15T00:00:00,62,wheat_weekly_rv
25,lasso,True,2023-12-04T00:00:00,765,2023-12-04T00:00:00,764,2023-12-04T00:00:00,764,2023-11-27T00:00:00,504,2018-12-10T00:00:00,63,NAO_index
25,lasso,True,2023-12-04T00:00:00,765,2023-12-04T00:00:00,764,2023-12-04T00:00:00,764,2023-11-27T00:00:00,504,2018-12-10T00:00:00,63,awnd_extreme_high_wind_in_harvesting
25,lasso,True,2023-12-04T00:00:00,765,2023-12-04T00:00:00,764,2023-12-04T00:00:00,764,2023-11-27T00:00:00,504,2018-12-10T00:00:00,63,awnd_extreme_high_wind_in_planting
25,lasso,True,2023-12-04T00:00:00,765,2023-12-04T00:00:00,764,2023-12-04T00:00:00,764,2023-11-27T00:00:00,504,2018-12-10T00:00:00,63,awnd_moderate_high_wind_in_harvesting
25,lasso,True,2023-12-04T00:00:00,765,2023-12-04T00:00:00,764,2023-12-04T00:00:00,764,2023-11-27T00:00:00,504,2018-12-10T00:00:00,63,co2_extreme_in_planting
25,lasso,True,2023-12-04T00:00:00,765,2023-12-04T00:00:00,764,2023-12-04T00:00:00,764,2023-11-27T00:00:00,504,2018-12-10T00:00:00,63,pdsi_extreme_drought_in_harvesting
25,lasso,True,2023-12-04T00:00:00,765,2023-12-04T00:00:00,764,2023-12-04T00:00:00,764,2023-11-27T00:00:00,504,2018-12-10T00:00:00,63,pdsi_extreme_drought_in_planting
25,lasso,True,2023-12-04T00:00:00,765,2023-12-04T00:00:00,764,2023-12-04T00:00:00,764,2023-11-27T00:00:00,504,2018-12-10T00:00:00,63,pdsi_extreme_wet_in_planting
25,lasso,True,2023-12-04T00:00:00,765,2023-12-04T00:00:00,764,2023-12-04T00:00:00,764,2023-11-27T00:00:00,504,2018-12-10T00:00:00,63,pdsi_severe_drought_in_planting
25,lasso,True,2023-12-04T00:00:00,765,2023-12-04T00:00:00,764,2023-12-04T00:00:00,764,2023-11-27T00:00:00,504,2018-12-10T00:00:00,63,soybeans_weekly_rv
25,lasso,True,2023-12-04T00:00:00,765,2023-12-04T00:00:00,764,2023-12-04T00:00:00,764,2023-11-27T00:00:00,504,2018-12-10T00:00:00,63,spi_7d_extreme_wet_in_planting
25,lasso,True,2023-12-04T00:00:00,765,2023-12-04T00:00:00,764,2023-12-04T00:00:00,764,2023-11-27T00:00:00,504,2018-12-10T00:00:00,63,spi_7d_very_dry_in_harvesting
25,lasso,True,2023-12-04T00:00:00,765,2023-12-04T00:00:00,764,2023-12-04T00:00:00,764,2023-11-27T00:00:00,504,2018-12-10T00:00:00,63,spi_7d_very_dry_in_planting
25,lasso,True,2023-12-04T00:00:00,765,2023-12-04T00:00:00,764,2023-12-04T00:00:00,764,2023-11-27T00:00:00,504,2018-12-10T00:00:00,63,spi_7d_very_wet_in_harvesting
25,lasso,True,2023-12-04T00:00:00,765,2023-12-04T00:00:00,764,2023-12-04T00:00:00,764,2023-11-27T00:00:00,504,2018-12-10T00:00:00,63,ssta_elino
25,lasso,True,2023-12-04T00:00:00,765,2023-12-04T00:00:00,764,2023-12-04T00:00:00,764,2023-11-27T00:00:00,504,2018-12-10T00:00:00,63,ssta_lanina
25,lasso,True,2023-12-04T00:00:00,765,2023-12-04T00:00:00,764,2023-12-04T00:00:00,764,2023-11-27T00:00:00,504,2018-12-10T00:00:00,63,tmax_very_hot_in_harvesting
25,lasso,True,2023-12-04T00:00:00,765,2023-12-04T00:00:00,764,2023-12-04T00:00:00,764,2023-11-27T00:00:00,504,2018-12-10T00:00:00,63,tmin_cold_in_harvesting
25,lasso,True,2023-12-04T00:00:00,765,2023-12-04T00:00:00,764,2023-12-04T00:00:00,764,2023-11-27T00:00:00,504,2018-12-10T00:00:00,63,tmin_cold_in_planting
25,lasso,True,2023-12-04T00:00:00,765,2023-12-04T00:00:00,764,2023-12-04T00:00:00,764,2023-11-27T00:00:00,504,2018-12-10T00:00:00,63,tmin_very_cold_in_harvesting
25,lasso,True,2023-12-04T00:00:00,765,2023-12-04T00:00:00,764,2023-12-04T00:00:00,764,2023-11-27T00:00:00,504,2018-12-10T00:00:00,63,tmin_very_cold_in_planting
25,lasso,True,2023-12-04T00:00:00,765,2023-12-04T00:00:00,764,2023-12-04T00:00:00,764,2023-11-27T00:00:00,504,2018-12-10T00:00:00,63,wheat_monthly_rv
25,lasso,True,2023-12-04T00:00:00,765,2023-12-04T00:00:00,764,2023-12-04T00:00:00,764,2023-11-27T00:00:00,504,2018-12-10T00:00:00,63,wheat_seasonal_rv
25,lasso,True,2023-12-04T00:00:00,765,2023-12-04T00:00:00,764,2023-12-04T00:00:00,764,2023-11-27T00:00:00,504,2018-12-10T00:00:00,63,wheat_weekly_jumps
25,lasso,True,2023-12-04T00:00:00,765,2023-12-04T00:00:00,764,2023-12-04T00:00:00,764,2023-11-27T00:00:00,504,2018-12-10T00:00:00,63,wheat_weekly_rv
19,lasso,False,2024-01-29T00:00:00,773,2024-01-29T00:00:00,772,2024-01-29T00:00:00,772,2024-01-22T00:00:00,512,2019-02-04T00:00:00,64,NAO_index
19,lasso,False,2024-01-29T00:00:00,773,2024-01-29T00:00:00,772,2024-01-29T00:00:00,772,2024-01-22T00:00:00,512,2019-02-04T00:00:00,64,SOI_index
19,lasso,False,2024-01-29T00:00:00,773,2024-01-29T00:00:00,772,2024-01-29T00:00:00,772,2024-01-22T00:00:00,512,2019-02-04T00:00:00,64,awnd_extreme_high_wind_in_harvesting
19,lasso,False,2024-01-29T00:00:00,773,2024-01-29T00:00:00,772,2024-01-29T00:00:00,772,2024-01-22T00:00:00,512,2019-02-04T00:00:00,64,awnd_extreme_high_wind_in_planting
19,lasso,False,2024-01-29T00:00:00,773,2024-01-29T00:00:00,772,2024-01-29T00:00:00,772,2024-01-22T00:00:00,512,2019-02-04T00:00:00,64,co2_extreme_in_planting
19,lasso,False,2024-01-29T00:00:00,773,2024-01-29T00:00:00,772,2024-01-29T00:00:00,772,2024-01-22T00:00:00,512,2019-02-04T00:00:00,64,pdsi_extreme_wet_in_harvesting
19,lasso,False,2024-01-29T00:00:00,773,2024-01-29T00:00:00,772,2024-01-29T00:00:00,772,2024-01-22T00:00:00,512,2019-02-04T00:00:00,64,pdsi_extreme_wet_in_planting
19,lasso,False,2024-01-29T00:00:00,773,2024-01-29T00:00:00,772,2024-01-29T00:00:00,772,2024-01-22T00:00:00,512,2019-02-04T00:00:00,64,pdsi_severe_drought_in_planting
19,lasso,False,2024-01-29T00:00:00,773,2024-01-29T00:00:00,772,2024-01-29T00:00:00,772,2024-01-22T00:00:00,512,2019-02-04T00:00:00,64,soybeans_weekly_rv
19,lasso,False,2024-01-29T00:00:00,773,2024-01-29T00:00:00,772,2024-01-29T00:00:00,772,2024-01-22T00:00:00,512,2019-02-04T00:00:00,64,spi_7d_extreme_wet_in_planting
19,lasso,False,2024-01-29T00:00:00,773,2024-01-29T00:00:00,772,2024-01-29T00:00:00,772,2024-01-22T00:00:00,512,2019-02-04T00:00:00,64,spi_7d_very_wet_in_harvesting
19,lasso,False,2024-01-29T00:00:00,773,2024-01-29T00:00:00,772,2024-01-29T00:00:00,772,2024-01-22T00:00:00,512,2019-02-04T00:00:00,64,tmax_very_hot_in_harvesting
19,lasso,False,2024-01-29T00:00:00,773,2024-01-29T00:00:00,772,2024-01-29T00:00:00,772,2024-01-22T00:00:00,512,2019-02-04T00:00:00,64,tmin_cold_in_planting
19,lasso,False,2024-01-29T00:00:00,773,2024-01-29T00:00:00,772,2024-01-29T00:00:00,772,2024-01-22T00:00:00,512,2019-02-04T00:00:00,64,tmin_very_cold_in_harvesting
19,lasso,False,2024-01-29T00:00:00,773,2024-01-29T00:00:00,772,2024-01-29T00:00:00,772,2024-01-22T00:00:00,512,2019-02-04T00:00:00,64,tmin_very_cold_in_planting
19,lasso,False,2024-01-29T00:00:00,773,2024-01-29T00:00:00,772,2024-01-29T00:00:00,772,2024-01-22T00:00:00,512,2019-02-04T00:00:00,64,wheat_monthly_rv
19,lasso,False,2024-01-29T00:00:00,773,2024-01-29T00:00:00,772,2024-01-29T00:00:00,772,2024-01-22T00:00:00,512,2019-02-04T00:00:00,64,wheat_seasonal_rv
19,lasso,False,2024-01-29T00:00:00,773,2024-01-29T00:00:00,772,2024-01-29T00:00:00,772,2024-01-22T00:00:00,512,2019-02-04T00:00:00,64,wheat_weekly_jumps
19,lasso,False,2024-01-29T00:00:00,773,2024-01-29T00:00:00,772,2024-01-29T00:00:00,772,2024-01-22T00:00:00,512,2019-02-04T00:00:00,64,wheat_weekly_rv
19,lasso,True,2024-03-25T00:00:00,781,2024-03-25T00:00:00,780,2024-03-25T00:00:00,780,2024-03-18T00:00:00,520,2019-04-01T00:00:00,65,NAO_index
19,lasso,True,2024-03-25T00:00:00,781,2024-03-25T00:00:00,780,2024-03-25T00:00:00,780,2024-03-18T00:00:00,520,2019-04-01T00:00:00,65,SOI_index
19,lasso,True,2024-03-25T00:00:00,781,2024-03-25T00:00:00,780,2024-03-25T00:00:00,780,2024-03-18T00:00:00,520,2019-04-01T00:00:00,65,awnd_extreme_high_wind_in_harvesting
19,lasso,True,2024-03-25T00:00:00,781,2024-03-25T00:00:00,780,2024-03-25T00:00:00,780,2024-03-18T00:00:00,520,2019-04-01T00:00:00,65,awnd_extreme_high_wind_in_planting
19,lasso,True,2024-03-25T00:00:00,781,2024-03-25T00:00:00,780,2024-03-25T00:00:00,780,2024-03-18T00:00:00,520,2019-04-01T00:00:00,65,co2_extreme_in_planting
19,lasso,True,2024-03-25T00:00:00,781,2024-03-25T00:00:00,780,2024-03-25T00:00:00,780,2024-03-18T00:00:00,520,2019-04-01T00:00:00,65,pdsi_extreme_wet_in_harvesting
19,lasso,True,2024-03-25T00:00:00,781,2024-03-25T00:00:00,780,2024-03-25T00:00:00,780,2024-03-18T00:00:00,520,2019-04-01T00:00:00,65,pdsi_extreme_wet_in_planting
19,lasso,True,2024-03-25T00:00:00,781,2024-03-25T00:00:00,780,2024-03-25T00:00:00,780,2024-03-18T00:00:00,520,2019-04-01T00:00:00,65,pdsi_severe_drought_in_planting
19,lasso,True,2024-03-25T00:00:00,781,2024-03-25T00:00:00,780,2024-03-25T00:00:00,780,2024-03-18T00:00:00,520,2019-04-01T00:00:00,65,soybeans_weekly_rv
19,lasso,True,2024-03-25T00:00:00,781,2024-03-25T00:00:00,780,2024-03-25T00:00:00,780,2024-03-18T00:00:00,520,2019-04-01T00:00:00,65,spi_7d_extreme_wet_in_planting
19,lasso,True,2024-03-25T00:00:00,781,2024-03-25T00:00:00,780,2024-03-25T00:00:00,780,2024-03-18T00:00:00,520,2019-04-01T00:00:00,65,spi_7d_very_wet_in_harvesting
19,lasso,True,2024-03-25T00:00:00,781,2024-03-25T00:00:00,780,2024-03-25T00:00:00,780,2024-03-18T00:00:00,520,2019-04-01T00:00:00,65,tmax_very_hot_in_harvesting
19,lasso,True,2024-03-25T00:00:00,781,2024-03-25T00:00:00,780,2024-03-25T00:00:00,780,2024-03-18T00:00:00,520,2019-04-01T00:00:00,65,tmin_cold_in_planting
19,lasso,True,2024-03-25T00:00:00,781,2024-03-25T00:00:00,780,2024-03-25T00:00:00,780,2024-03-18T00:00:00,520,2019-04-01T00:00:00,65,tmin_very_cold_in_harvesting
19,lasso,True,2024-03-25T00:00:00,781,2024-03-25T00:00:00,780,2024-03-25T00:00:00,780,2024-03-18T00:00:00,520,2019-04-01T00:00:00,65,tmin_very_cold_in_planting
19,lasso,True,2024-03-25T00:00:00,781,2024-03-25T00:00:00,780,2024-03-25T00:00:00,780,2024-03-18T00:00:00,520,2019-04-01T00:00:00,65,wheat_monthly_rv
19,lasso,True,2024-03-25T00:00:00,781,2024-03-25T00:00:00,780,2024-03-25T00:00:00,780,2024-03-18T00:00:00,520,2019-04-01T00:00:00,65,wheat_seasonal_rv
19,lasso,True,2024-03-25T00:00:00,781,2024-03-25T00:00:00,780,2024-03-25T00:00:00,780,2024-03-18T00:00:00,520,2019-04-01T00:00:00,65,wheat_weekly_jumps
19,lasso,True,2024-03-25T00:00:00,781,2024-03-25T00:00:00,780,2024-03-25T00:00:00,780,2024-03-18T00:00:00,520,2019-04-01T00:00:00,65,wheat_weekly_rv
19,lasso,True,2024-05-20T00:00:00,789,2024-05-20T00:00:00,788,2024-05-20T00:00:00,788,2024-05-13T00:00:00,528,2019-05-27T00:00:00,66,NAO_index
19,lasso,True,2024-05-20T00:00:00,789,2024-05-20T00:00:00,788,2024-05-20T00:00:00,788,2024-05-13T00:00:00,528,2019-05-27T00:00:00,66,SOI_index
19,lasso,True,2024-05-20T00:00:00,789,2024-05-20T00:00:00,788,2024-05-20T00:00:00,788,2024-05-13T00:00:00,528,2019-05-27T00:00:00,66,awnd_extreme_high_wind_in_harvesting
19,lasso,True,2024-05-20T00:00:00,789,2024-05-20T00:00:00,788,2024-05-20T00:00:00,788,2024-05-13T00:00:00,528,2019-05-27T00:00:00,66,awnd_extreme_high_wind_in_planting
19,lasso,True,2024-05-20T00:00:00,789,2024-05-20T00:00:00,788,2024-05-20T00:00:00,788,2024-05-13T00:00:00,528,2019-05-27T00:00:00,66,co2_extreme_in_planting
19,lasso,True,2024-05-20T00:00:00,789,2024-05-20T00:00:00,788,2024-05-20T00:00:00,788,2024-05-13T00:00:00,528,2019-05-27T00:00:00,66,pdsi_extreme_wet_in_harvesting
19,lasso,True,2024-05-20T00:00:00,789,2024-05-20T00:00:00,788,2024-05-20T00:00:00,788,2024-05-13T00:00:00,528,2019-05-27T00:00:00,66,pdsi_extreme_wet_in_planting
19,lasso,True,2024-05-20T00:00:00,789,2024-05-20T00:00:00,788,2024-05-20T00:00:00,788,2024-05-13T00:00:00,528,2019-05-27T00:00:00,66,pdsi_severe_drought_in_planting
19,lasso,True,2024-05-20T00:00:00,789,2024-05-20T00:00:00,788,2024-05-20T00:00:00,788,2024-05-13T00:00:00,528,2019-05-27T00:00:00,66,soybeans_weekly_rv
19,lasso,True,2024-05-20T00:00:00,789,2024-05-20T00:00:00,788,2024-05-20T00:00:00,788,2024-05-13T00:00:00,528,2019-05-27T00:00:00,66,spi_7d_extreme_wet_in_planting
19,lasso,True,2024-05-20T00:00:00,789,2024-05-20T00:00:00,788,2024-05-20T00:00:00,788,2024-05-13T00:00:00,528,2019-05-27T00:00:00,66,spi_7d_very_wet_in_harvesting
19,lasso,True,2024-05-20T00:00:00,789,2024-05-20T00:00:00,788,2024-05-20T00:00:00,788,2024-05-13T00:00:00,528,2019-05-27T00:00:00,66,tmax_very_hot_in_harvesting
19,lasso,True,2024-05-20T00:00:00,789,2024-05-20T00:00:00,788,2024-05-20T00:00:00,788,2024-05-13T00:00:00,528,2019-05-27T00:00:00,66,tmin_cold_in_planting
19,lasso,True,2024-05-20T00:00:00,789,2024-05-20T00:00:00,788,2024-05-20T00:00:00,788,2024-05-13T00:00:00,528,2019-05-27T00:00:00,66,tmin_very_cold_in_harvesting
19,lasso,True,2024-05-20T00:00:00,789,2024-05-20T00:00:00,788,2024-05-20T00:00:00,788,2024-05-13T00:00:00,528,2019-05-27T00:00:00,66,tmin_very_cold_in_planting
19,lasso,True,2024-05-20T00:00:00,789,2024-05-20T00:00:00,788,2024-05-20T00:00:00,788,2024-05-13T00:00:00,528,2019-05-27T00:00:00,66,wheat_monthly_rv
19,lasso,True,2024-05-20T00:00:00,789,2024-05-20T00:00:00,788,2024-05-20T00:00:00,788,2024-05-13T00:00:00,528,2019-05-27T00:00:00,66,wheat_seasonal_rv
19,lasso,True,2024-05-20T00:00:00,789,2024-05-20T00:00:00,788,2024-05-20T00:00:00,788,2024-05-13T00:00:00,528,2019-05-27T00:00:00,66,wheat_weekly_jumps
19,lasso,True,2024-05-20T00:00:00,789,2024-05-20T00:00:00,788,2024-05-20T00:00:00,788,2024-05-13T00:00:00,528,2019-05-27T00:00:00,66,wheat_weekly_rv
19,lasso,True,2024-07-15T00:00:00,797,2024-07-15T00:00:00,796,2024-07-15T00:00:00,796,2024-07-08T00:00:00,536,2019-07-22T00:00:00,67,NAO_index
19,lasso,True,2024-07-15T00:00:00,797,2024-07-15T00:00:00,796,2024-07-15T00:00:00,796,2024-07-08T00:00:00,536,2019-07-22T00:00:00,67,SOI_index
19,lasso,True,2024-07-15T00:00:00,797,2024-07-15T00:00:00,796,2024-07-15T00:00:00,796,2024-07-08T00:00:00,536,2019-07-22T00:00:00,67,awnd_extreme_high_wind_in_harvesting
19,lasso,True,2024-07-15T00:00:00,797,2024-07-15T00:00:00,796,2024-07-15T00:00:00,796,2024-07-08T00:00:00,536,2019-07-22T00:00:00,67,awnd_extreme_high_wind_in_planting
19,lasso,True,2024-07-15T00:00:00,797,2024-07-15T00:00:00,796,2024-07-15T00:00:00,796,2024-07-08T00:00:00,536,2019-07-22T00:00:00,67,co2_extreme_in_planting
19,lasso,True,2024-07-15T00:00:00,797,2024-07-15T00:00:00,796,2024-07-15T00:00:00,796,2024-07-08T00:00:00,536,2019-07-22T00:00:00,67,pdsi_extreme_wet_in_harvesting
19,lasso,True,2024-07-15T00:00:00,797,2024-07-15T00:00:00,796,2024-07-15T00:00:00,796,2024-07-08T00:00:00,536,2019-07-22T00:00:00,67,pdsi_extreme_wet_in_planting
19,lasso,True,2024-07-15T00:00:00,797,2024-07-15T00:00:00,796,2024-07-15T00:00:00,796,2024-07-08T00:00:00,536,2019-07-22T00:00:00,67,pdsi_severe_drought_in_planting
19,lasso,True,2024-07-15T00:00:00,797,2024-07-15T00:00:00,796,2024-07-15T00:00:00,796,2024-07-08T00:00:00,536,2019-07-22T00:00:00,67,soybeans_weekly_rv
19,lasso,True,2024-07-15T00:00:00,797,2024-07-15T00:00:00,796,2024-07-15T00:00:00,796,2024-07-08T00:00:00,536,2019-07-22T00:00:00,67,spi_7d_extreme_wet_in_planting
19,lasso,True,2024-07-15T00:00:00,797,2024-07-15T00:00:00,796,2024-07-15T00:00:00,796,2024-07-08T00:00:00,536,2019-07-22T00:00:00,67,spi_7d_very_wet_in_harvesting
19,lasso,True,2024-07-15T00:00:00,797,2024-07-15T00:00:00,796,2024-07-15T00:00:00,796,2024-07-08T00:00:00,536,2019-07-22T00:00:00,67,tmax_very_hot_in_harvesting
19,lasso,True,2024-07-15T00:00:00,797,2024-07-15T00:00:00,796,2024-07-15T00:00:00,796,2024-07-08T00:00:00,536,2019-07-22T00:00:00,67,tmin_cold_in_planting
19,lasso,True,2024-07-15T00:00:00,797,2024-07-15T00:00:00,796,2024-07-15T00:00:00,796,2024-07-08T00:00:00,536,2019-07-22T00:00:00,67,tmin_very_cold_in_harvesting
19,lasso,True,2024-07-15T00:00:00,797,2024-07-15T00:00:00,796,2024-07-15T00:00:00,796,2024-07-08T00:00:00,536,2019-07-22T00:00:00,67,tmin_very_cold_in_planting
19,lasso,True,2024-07-15T00:00:00,797,2024-07-15T00:00:00,796,2024-07-15T00:00:00,796,2024-07-08T00:00:00,536,2019-07-22T00:00:00,67,wheat_monthly_rv
19,lasso,True,2024-07-15T00:00:00,797,2024-07-15T00:00:00,796,2024-07-15T00:00:00,796,2024-07-08T00:00:00,536,2019-07-22T00:00:00,67,wheat_seasonal_rv
19,lasso,True,2024-07-15T00:00:00,797,2024-07-15T00:00:00,796,2024-07-15T00:00:00,796,2024-07-08T00:00:00,536,2019-07-22T00:00:00,67,wheat_weekly_jumps
19,lasso,True,2024-07-15T00:00:00,797,2024-07-15T00:00:00,796,2024-07-15T00:00:00,796,2024-07-08T00:00:00,536,2019-07-22T00:00:00,67,wheat_weekly_rv
7,lasso,False,2024-09-09T00:00:00,805,2024-09-09T00:00:00,804,2024-09-09T00:00:00,804,2024-09-02T00:00:00,544,2019-09-16T00:00:00,68,pdsi_extreme_wet_in_planting
7,lasso,False,2024-09-09T00:00:00,805,2024-09-09T00:00:00,804,2024-09-09T00:00:00,804,2024-09-02T00:00:00,544,2019-09-16T00:00:00,68,soybeans_weekly_rv
7,lasso,False,2024-09-09T00:00:00,805,2024-09-09T00:00:00,804,2024-09-09T00:00:00,804,2024-09-02T00:00:00,544,2019-09-16T00:00:00,68,tmin_very_cold_in_harvesting
7,lasso,False,2024-09-09T00:00:00,805,2024-09-09T00:00:00,804,2024-09-09T00:00:00,804,2024-09-02T00:00:00,544,2019-09-16T00:00:00,68,wheat_monthly_rv
7,lasso,False,2024-09-09T00:00:00,805,2024-09-09T00:00:00,804,2024-09-09T00:00:00,804,2024-09-02T00:00:00,544,2019-09-16T00:00:00,68,wheat_seasonal_rv
7,lasso,False,2024-09-09T00:00:00,805,2024-09-09T00:00:00,804,2024-09-09T00:00:00,804,2024-09-02T00:00:00,544,2019-09-16T00:00:00,68,wheat_weekly_jumps
7,lasso,False,2024-09-09T00:00:00,805,2024-09-09T00:00:00,804,2024-09-09T00:00:00,804,2024-09-02T00:00:00,544,2019-09-16T00:00:00,68,wheat_weekly_rv
7,lasso,True,2024-11-04T00:00:00,813,2024-11-04T00:00:00,812,2024-11-04T00:00:00,812,2024-10-28T00:00:00,552,2019-11-11T00:00:00,69,pdsi_extreme_wet_in_planting
7,lasso,True,2024-11-04T00:00:00,813,2024-11-04T00:00:00,812,2024-11-04T00:00:00,812,2024-10-28T00:00:00,552,2019-11-11T00:00:00,69,soybeans_weekly_rv
7,lasso,True,2024-11-04T00:00:00,813,2024-11-04T00:00:00,812,2024-11-04T00:00:00,812,2024-10-28T00:00:00,552,2019-11-11T00:00:00,69,tmin_very_cold_in_harvesting
7,lasso,True,2024-11-04T00:00:00,813,2024-11-04T00:00:00,812,2024-11-04T00:00:00,812,2024-10-28T00:00:00,552,2019-11-11T00:00:00,69,wheat_monthly_rv
7,lasso,True,2024-11-04T00:00:00,813,2024-11-04T00:00:00,812,2024-11-04T00:00:00,812,2024-10-28T00:00:00,552,2019-11-11T00:00:00,69,wheat_seasonal_rv
7,lasso,True,2024-11-04T00:00:00,813,2024-11-04T00:00:00,812,2024-11-04T00:00:00,812,2024-10-28T00:00:00,552,2019-11-11T00:00:00,69,wheat_weekly_jumps
7,lasso,True,2024-11-04T00:00:00,813,2024-11-04T00:00:00,812,2024-11-04T00:00:00,812,2024-10-28T00:00:00,552,2019-11-11T00:00:00,69,wheat_weekly_rv
7,lasso,True,2024-12-30T00:00:00,821,2024-12-30T00:00:00,820,2024-12-30T00:00:00,820,2024-12-23T00:00:00,560,2020-01-06T00:00:00,70,pdsi_extreme_wet_in_planting
7,lasso,True,2024-12-30T00:00:00,821,2024-12-30T00:00:00,820,2024-12-30T00:00:00,820,2024-12-23T00:00:00,560,2020-01-06T00:00:00,70,soybeans_weekly_rv
7,lasso,True,2024-12-30T00:00:00,821,2024-12-30T00:00:00,820,2024-12-30T00:00:00,820,2024-12-23T00:00:00,560,2020-01-06T00:00:00,70,tmin_very_cold_in_harvesting
7,lasso,True,2024-12-30T00:00:00,821,2024-12-30T00:00:00,820,2024-12-30T00:00:00,820,2024-12-23T00:00:00,560,2020-01-06T00:00:00,70,wheat_monthly_rv
7,lasso,True,2024-12-30T00:00:00,821,2024-12-30T00:00:00,820,2024-12-30T00:00:00,820,2024-12-23T00:00:00,560,2020-01-06T00:00:00,70,wheat_seasonal_rv
7,lasso,True,2024-12-30T00:00:00,821,2024-12-30T00:00:00,820,2024-12-30T00:00:00,820,2024-12-23T00:00:00,560,2020-01-06T00:00:00,70,wheat_weekly_jumps
7,lasso,True,2024-12-30T00:00:00,821,2024-12-30T00:00:00,820,2024-12-30T00:00:00,820,2024-12-23T00:00:00,560,2020-01-06T00:00:00,70,wheat_weekly_rv
7,lasso,True,2025-02-24T00:00:00,829,2025-02-24T00:00:00,828,2025-02-24T00:00:00,828,2025-02-17T00:00:00,568,2020-03-02T00:00:00,71,pdsi_extreme_wet_in_planting
7,lasso,True,2025-02-24T00:00:00,829,2025-02-24T00:00:00,828,2025-02-24T00:00:00,828,2025-02-17T00:00:00,568,2020-03-02T00:00:00,71,soybeans_weekly_rv
7,lasso,True,2025-02-24T00:00:00,829,2025-02-24T00:00:00,828,2025-02-24T00:00:00,828,2025-02-17T00:00:00,568,2020-03-02T00:00:00,71,tmin_very_cold_in_harvesting
7,lasso,True,2025-02-24T00:00:00,829,2025-02-24T00:00:00,828,2025-02-24T00:00:00,828,2025-02-17T00:00:00,568,2020-03-02T00:00:00,71,wheat_monthly_rv
7,lasso,True,2025-02-24T00:00:00,829,2025-02-24T00:00:00,828,2025-02-24T00:00:00,828,2025-02-17T00:00:00,568,2020-03-02T00:00:00,71,wheat_seasonal_rv
7,lasso,True,2025-02-24T00:00:00,829,2025-02-24T00:00:00,828,2025-02-24T00:00:00,828,2025-02-17T00:00:00,568,2020-03-02T00:00:00,71,wheat_weekly_jumps
7,lasso,True,2025-02-24T00:00:00,829,2025-02-24T00:00:00,828,2025-02-24T00:00:00,828,2025-02-17T00:00:00,568,2020-03-02T00:00:00,71,wheat_weekly_rv
