model_type,feature_set,n_selected,selected_features,train_mse,train_mae,train_qlike,train_r2,train_r2log,test_mse,test_mae,test_qlike,test_r2,test_r2log,target_col_raw,target_col_model,target_horizon,core_columns,extra_feature_cols,window_type,initial_train_size,window_test_size,window_step,rolling_window_size,n_windows,selection_method,model_add_constant,model_standardize_features,model_target_transform,model_prediction_floor,model_log_transform_rv_features,model_feature_floor,lasso_best_alpha,bsr_alpha,bsr_window_type,bsr_window_size,bsr_step,grid_search_best_candidate_idx,grid_search_n_candidates,grid_search_metric,grid_search_metric_value,train_adjusted_r2
bsr_expanding,har_endo_exo_climate_news,89,"soybeans_weekly_rv,soybeans_monthly_rv,soybeans_seasonal_rv,soybeans_monthly_jumps,soybeans_monthly_rvb,soybeans_monthly_trd,soybeans_seasonal_jumps,soybeans_seasonal_lev,soybeans_seasonal_rvb,soybeans_seasonal_rvg,soybeans_seasonal_trd,soybeans_seasonal_tru,soybeans_weekly_rvb,soybeans_weekly_rvg,soybeans_weekly_tru,corn_monthly_rv,corn_monthly_rvb,corn_monthly_rvg,corn_seasonal_lev,corn_seasonal_rv,corn_seasonal_rvg,corn_seasonal_trd,corn_weekly_trd,wheat_monthly_rku,wheat_monthly_rvg,wheat_seasonal_lev,wheat_seasonal_rv,wheat_seasonal_rvb,wheat_seasonal_rvg,wheat_seasonal_trd,wheat_seasonal_tru,wheat_weekly_rku,wheat_weekly_rvb,ssta_elino,ssta_lanina,SOI_index,NAO_index,awnd_moderate_high_wind_in_planting,pdsi_extreme_wet_in_harvesting,epu_index,soybeans_monthly_lev,soybeans_monthly_rku,soybeans_monthly_rsk,soybeans_monthly_rvg,soybeans_seasonal_rku,soybeans_weekly_jumps,soybeans_weekly_rsk,corn_monthly_jumps,corn_monthly_rku,corn_monthly_tru,corn_seasonal_jumps,corn_seasonal_rku,corn_weekly_rku,corn_weekly_rv,corn_weekly_rvb,wheat_monthly_lev,wheat_weekly_rv,tmin_very_cold_in_planting,pdsi_extreme_wet_in_planting,soybeans_weekly_lev,soybeans_weekly_rku,wheat_monthly_jumps,wheat_seasonal_rku,frbsf_sentiment,soybeans_seasonal_rsk,soybeans_weekly_trd,corn_monthly_trd,corn_seasonal_rsk,wheat_seasonal_jumps,wheat_weekly_rsk,wheat_weekly_rvg,tmax_hot_in_planting,tmin_very_cold_in_harvesting,co2_extreme_in_planting,wheat_monthly_rsk,wheat_monthly_rv,wheat_monthly_tru,wheat_seasonal_rsk,corn_monthly_lev,corn_monthly_rsk,corn_seasonal_tru,corn_weekly_lev,corn_weekly_rsk,corn_weekly_rvg,Text_Climate_Anomaly,corn_seasonal_rvb,corn_weekly_tru,wheat_monthly_rvb,awnd_extreme_high_wind_in_harvesting",8.600457745960006e-07,0.0007170930975868726,-3.6112018381409334,0.7743621381901521,0.7754711522285892,2.187613544913521e-06,0.0011631609390564436,-3.644355850275239,0.42701021817476204,0.4289785970464318,soybeans_weekly_rv,RV_target,16,"soybeans_weekly_rv,soybeans_monthly_rv,soybeans_seasonal_rv","soybeans_monthly_jumps,soybeans_monthly_lev,soybeans_monthly_rku,soybeans_monthly_rsk,soybeans_monthly_rvb,soybeans_monthly_rvg,soybeans_monthly_trd,soybeans_monthly_tru,soybeans_seasonal_jumps,soybeans_seasonal_lev,soybeans_seasonal_rku,soybeans_seasonal_rsk,soybeans_seasonal_rvb,soybeans_seasonal_rvg,soybeans_seasonal_trd,soybeans_seasonal_tru,soybeans_weekly_jumps,soybeans_weekly_lev,soybeans_weekly_rku,soybeans_weekly_rsk,soybeans_weekly_rvb,soybeans_weekly_rvg,soybeans_weekly_trd,soybeans_weekly_tru,corn_monthly_jumps,corn_monthly_lev,corn_monthly_rku,corn_monthly_rsk,corn_monthly_rv,corn_monthly_rvb,corn_monthly_rvg,corn_monthly_trd,corn_monthly_tru,corn_seasonal_jumps,corn_seasonal_lev,corn_seasonal_rku,corn_seasonal_rsk,corn_seasonal_rv,corn_seasonal_rvb,corn_seasonal_rvg,corn_seasonal_trd,corn_seasonal_tru,corn_weekly_jumps,corn_weekly_lev,corn_weekly_rku,corn_weekly_rsk,corn_weekly_rv,corn_weekly_rvb,corn_weekly_rvg,corn_weekly_trd,corn_weekly_tru,wheat_monthly_jumps,wheat_monthly_lev,wheat_monthly_rku,wheat_monthly_rsk,wheat_monthly_rv,wheat_monthly_rvb,wheat_monthly_rvg,wheat_monthly_trd,wheat_monthly_tru,wheat_seasonal_jumps,wheat_seasonal_lev,wheat_seasonal_rku,wheat_seasonal_rsk,wheat_seasonal_rv,wheat_seasonal_rvb,wheat_seasonal_rvg,wheat_seasonal_trd,wheat_seasonal_tru,wheat_weekly_jumps,wheat_weekly_lev,wheat_weekly_rku,wheat_weekly_rsk,wheat_weekly_rv,wheat_weekly_rvb,wheat_weekly_rvg,wheat_weekly_trd,wheat_weekly_tru,ssta_elino,ssta_lanina,SOI_index,NAO_index,tmax_hot_in_planting,tmax_hot_in_harvesting,tmax_very_hot_in_planting,tmax_very_hot_in_harvesting,tmin_cold_in_planting,tmin_cold_in_harvesting,tmin_very_cold_in_planting,tmin_very_cold_in_harvesting,awnd_moderate_high_wind_in_planting,awnd_moderate_high_wind_in_harvesting,awnd_extreme_high_wind_in_planting,awnd_extreme_high_wind_in_harvesting,pdsi_extreme_wet_in_planting,pdsi_extreme_wet_in_harvesting,co2_extreme_in_planting,co2_extreme_in_harvesting,frbsf_sentiment,Text_Climate_Anomaly,epu_index",expanding,312,1,8,,63,bsr,True,False,log,1e-10,True,1e-10,,0.05,full,,1.0,13,18,test_r2,0.42701021817476204,0.7463930996092657
bsr_expanding,har_endo_exo_news,79,"soybeans_weekly_rv,soybeans_monthly_rv,soybeans_seasonal_rv,soybeans_monthly_rvb,soybeans_seasonal_rku,soybeans_seasonal_rsk,soybeans_seasonal_rvg,soybeans_seasonal_trd,soybeans_seasonal_tru,soybeans_weekly_jumps,soybeans_weekly_rvb,soybeans_weekly_rvg,soybeans_weekly_trd,soybeans_weekly_tru,corn_monthly_jumps,corn_monthly_rsk,corn_monthly_rv,corn_monthly_rvg,corn_monthly_tru,corn_seasonal_jumps,corn_seasonal_lev,corn_seasonal_rku,corn_seasonal_rv,corn_seasonal_rvb,corn_seasonal_rvg,corn_seasonal_tru,corn_weekly_lev,corn_weekly_rv,corn_weekly_rvb,wheat_monthly_lev,wheat_monthly_rku,wheat_monthly_rv,wheat_monthly_rvg,wheat_monthly_tru,wheat_seasonal_lev,wheat_seasonal_rv,wheat_seasonal_rvb,wheat_seasonal_rvg,wheat_seasonal_tru,wheat_weekly_lev,wheat_weekly_rku,wheat_weekly_rv,wheat_weekly_rvb,wheat_weekly_trd,Text_Climate_Anomaly,soybeans_seasonal_lev,soybeans_seasonal_rvb,corn_weekly_trd,wheat_seasonal_jumps,wheat_seasonal_trd,epu_index,soybeans_monthly_jumps,soybeans_monthly_trd,soybeans_weekly_lev,corn_monthly_rvb,corn_seasonal_trd,corn_weekly_rku,wheat_monthly_trd,soybeans_monthly_lev,soybeans_monthly_rsk,soybeans_weekly_rku,soybeans_weekly_rsk,corn_seasonal_rsk,corn_weekly_jumps,corn_weekly_rvg,wheat_monthly_rsk,wheat_monthly_rvb,wheat_weekly_rsk,frbsf_sentiment,soybeans_seasonal_jumps,wheat_seasonal_rku,corn_monthly_trd,corn_weekly_rsk,wheat_weekly_jumps,wheat_weekly_rvg,wheat_monthly_jumps,wheat_seasonal_rsk,corn_weekly_tru,corn_monthly_lev",1.0373991533252209e-06,0.0007769024369636191,-3.6103682193189885,0.7278324785566153,0.7317020865030714,2.2678330702679123e-06,0.0011472483368180015,-3.6360069815011458,0.34188478986800874,0.3501068971590643,soybeans_weekly_rv,RV_target,16,"soybeans_weekly_rv,soybeans_monthly_rv,soybeans_seasonal_rv","soybeans_monthly_jumps,soybeans_monthly_lev,soybeans_monthly_rku,soybeans_monthly_rsk,soybeans_monthly_rvb,soybeans_monthly_rvg,soybeans_monthly_trd,soybeans_monthly_tru,soybeans_seasonal_jumps,soybeans_seasonal_lev,soybeans_seasonal_rku,soybeans_seasonal_rsk,soybeans_seasonal_rvb,soybeans_seasonal_rvg,soybeans_seasonal_trd,soybeans_seasonal_tru,soybeans_weekly_jumps,soybeans_weekly_lev,soybeans_weekly_rku,soybeans_weekly_rsk,soybeans_weekly_rvb,soybeans_weekly_rvg,soybeans_weekly_trd,soybeans_weekly_tru,corn_monthly_jumps,corn_monthly_lev,corn_monthly_rku,corn_monthly_rsk,corn_monthly_rv,corn_monthly_rvb,corn_monthly_rvg,corn_monthly_trd,corn_monthly_tru,corn_seasonal_jumps,corn_seasonal_lev,corn_seasonal_rku,corn_seasonal_rsk,corn_seasonal_rv,corn_seasonal_rvb,corn_seasonal_rvg,corn_seasonal_trd,corn_seasonal_tru,corn_weekly_jumps,corn_weekly_lev,corn_weekly_rku,corn_weekly_rsk,corn_weekly_rv,corn_weekly_rvb,corn_weekly_rvg,corn_weekly_trd,corn_weekly_tru,wheat_monthly_jumps,wheat_monthly_lev,wheat_monthly_rku,wheat_monthly_rsk,wheat_monthly_rv,wheat_monthly_rvb,wheat_monthly_rvg,wheat_monthly_trd,wheat_monthly_tru,wheat_seasonal_jumps,wheat_seasonal_lev,wheat_seasonal_rku,wheat_seasonal_rsk,wheat_seasonal_rv,wheat_seasonal_rvb,wheat_seasonal_rvg,wheat_seasonal_trd,wheat_seasonal_tru,wheat_weekly_jumps,wheat_weekly_lev,wheat_weekly_rku,wheat_weekly_rsk,wheat_weekly_rv,wheat_weekly_rvb,wheat_weekly_rvg,wheat_weekly_trd,wheat_weekly_tru,frbsf_sentiment,Text_Climate_Anomaly,epu_index",expanding,208,1,8,,76,bsr,True,False,log,1e-10,True,1e-10,,0.05,full,,1.0,1,18,test_r2,0.34188478986800874,0.698297816202182
bsr_expanding,har_endo_exo_climate,83,"soybeans_weekly_rv,soybeans_monthly_rv,soybeans_seasonal_rv,soybeans_monthly_jumps,soybeans_monthly_rku,soybeans_monthly_rvb,soybeans_monthly_rvg,soybeans_monthly_trd,soybeans_seasonal_jumps,soybeans_seasonal_lev,soybeans_seasonal_rsk,soybeans_seasonal_rvb,soybeans_seasonal_rvg,soybeans_seasonal_trd,soybeans_seasonal_tru,soybeans_weekly_rvb,soybeans_weekly_rvg,soybeans_weekly_tru,corn_monthly_rku,corn_monthly_rvb,corn_seasonal_jumps,corn_seasonal_lev,corn_seasonal_rv,corn_seasonal_rvg,corn_seasonal_trd,corn_seasonal_tru,corn_weekly_rv,corn_weekly_trd,wheat_monthly_rku,wheat_monthly_rvg,wheat_seasonal_lev,wheat_seasonal_rv,wheat_seasonal_rvb,wheat_seasonal_rvg,wheat_seasonal_trd,wheat_seasonal_tru,wheat_weekly_rku,wheat_weekly_rv,wheat_weekly_rvb,ssta_elino,ssta_lanina,SOI_index,NAO_index,awnd_moderate_high_wind_in_planting,pdsi_extreme_wet_in_harvesting,soybeans_monthly_lev,soybeans_monthly_rsk,soybeans_seasonal_rku,soybeans_weekly_jumps,soybeans_weekly_rsk,corn_monthly_jumps,corn_monthly_tru,corn_seasonal_rku,corn_weekly_rku,corn_weekly_rvb,wheat_monthly_lev,tmin_very_cold_in_planting,pdsi_extreme_wet_in_planting,soybeans_weekly_lev,soybeans_weekly_rku,corn_monthly_rv,corn_monthly_trd,corn_seasonal_rsk,wheat_monthly_jumps,wheat_monthly_rsk,wheat_seasonal_rku,tmax_hot_in_planting,wheat_monthly_rv,wheat_monthly_tru,tmin_very_cold_in_harvesting,co2_extreme_in_planting,corn_seasonal_rvb,wheat_seasonal_jumps,wheat_seasonal_rsk,wheat_weekly_rsk,corn_monthly_lev,corn_monthly_rsk,corn_weekly_rsk,wheat_monthly_trd,corn_monthly_rvg,corn_weekly_tru,wheat_monthly_rvb,awnd_extreme_high_wind_in_harvesting",8.876324662569051e-07,0.000726424922912877,-3.6110315566354556,0.7671246139738417,0.7654262594687729,2.3622429270516233e-06,0.0011934110686452073,-3.643344655009524,0.38127048877683367,0.3737575744589884,soybeans_weekly_rv,RV_target,16,"soybeans_weekly_rv,soybeans_monthly_rv,soybeans_seasonal_rv","soybeans_monthly_jumps,soybeans_monthly_lev,soybeans_monthly_rku,soybeans_monthly_rsk,soybeans_monthly_rvb,soybeans_monthly_rvg,soybeans_monthly_trd,soybeans_monthly_tru,soybeans_seasonal_jumps,soybeans_seasonal_lev,soybeans_seasonal_rku,soybeans_seasonal_rsk,soybeans_seasonal_rvb,soybeans_seasonal_rvg,soybeans_seasonal_trd,soybeans_seasonal_tru,soybeans_weekly_jumps,soybeans_weekly_lev,soybeans_weekly_rku,soybeans_weekly_rsk,soybeans_weekly_rvb,soybeans_weekly_rvg,soybeans_weekly_trd,soybeans_weekly_tru,corn_monthly_jumps,corn_monthly_lev,corn_monthly_rku,corn_monthly_rsk,corn_monthly_rv,corn_monthly_rvb,corn_monthly_rvg,corn_monthly_trd,corn_monthly_tru,corn_seasonal_jumps,corn_seasonal_lev,corn_seasonal_rku,corn_seasonal_rsk,corn_seasonal_rv,corn_seasonal_rvb,corn_seasonal_rvg,corn_seasonal_trd,corn_seasonal_tru,corn_weekly_jumps,corn_weekly_lev,corn_weekly_rku,corn_weekly_rsk,corn_weekly_rv,corn_weekly_rvb,corn_weekly_rvg,corn_weekly_trd,corn_weekly_tru,wheat_monthly_jumps,wheat_monthly_lev,wheat_monthly_rku,wheat_monthly_rsk,wheat_monthly_rv,wheat_monthly_rvb,wheat_monthly_rvg,wheat_monthly_trd,wheat_monthly_tru,wheat_seasonal_jumps,wheat_seasonal_lev,wheat_seasonal_rku,wheat_seasonal_rsk,wheat_seasonal_rv,wheat_seasonal_rvb,wheat_seasonal_rvg,wheat_seasonal_trd,wheat_seasonal_tru,wheat_weekly_jumps,wheat_weekly_lev,wheat_weekly_rku,wheat_weekly_rsk,wheat_weekly_rv,wheat_weekly_rvb,wheat_weekly_rvg,wheat_weekly_trd,wheat_weekly_tru,ssta_elino,ssta_lanina,SOI_index,NAO_index,tmax_hot_in_planting,tmax_hot_in_harvesting,tmax_very_hot_in_planting,tmax_very_hot_in_harvesting,tmin_cold_in_planting,tmin_cold_in_harvesting,tmin_very_cold_in_planting,tmin_very_cold_in_harvesting,awnd_moderate_high_wind_in_planting,awnd_moderate_high_wind_in_harvesting,awnd_extreme_high_wind_in_planting,awnd_extreme_high_wind_in_harvesting,pdsi_extreme_wet_in_planting,pdsi_extreme_wet_in_harvesting,co2_extreme_in_planting,co2_extreme_in_harvesting",expanding,312,1,8,,63,bsr,True,False,log,1e-10,True,1e-10,,0.05,full,,1.0,13,18,test_r2,0.38127048877683367,0.7404275738631081
bsr_expanding,har_endo_exo,74,"soybeans_weekly_rv,soybeans_monthly_rv,soybeans_seasonal_rv,soybeans_monthly_jumps,soybeans_monthly_rvb,soybeans_monthly_trd,soybeans_seasonal_lev,soybeans_seasonal_rku,soybeans_seasonal_rsk,soybeans_seasonal_rvb,soybeans_seasonal_rvg,soybeans_seasonal_trd,soybeans_seasonal_tru,soybeans_weekly_jumps,soybeans_weekly_lev,soybeans_weekly_rvg,soybeans_weekly_tru,corn_monthly_rsk,corn_monthly_rv,corn_monthly_rvg,corn_monthly_tru,corn_seasonal_jumps,corn_seasonal_lev,corn_seasonal_rv,corn_seasonal_rvb,corn_seasonal_rvg,corn_seasonal_trd,corn_seasonal_tru,corn_weekly_rv,corn_weekly_rvb,corn_weekly_rvg,wheat_monthly_lev,wheat_monthly_rku,wheat_monthly_rv,wheat_monthly_rvg,wheat_monthly_tru,wheat_seasonal_tru,wheat_weekly_rku,wheat_weekly_rv,wheat_weekly_rvb,wheat_weekly_rvg,wheat_weekly_trd,soybeans_monthly_rsk,soybeans_monthly_rvg,soybeans_seasonal_jumps,soybeans_weekly_rku,soybeans_weekly_rsk,soybeans_weekly_rvb,corn_monthly_jumps,corn_seasonal_rku,corn_weekly_lev,corn_weekly_trd,wheat_monthly_rsk,wheat_monthly_trd,wheat_seasonal_lev,wheat_seasonal_rsk,wheat_seasonal_rvb,wheat_seasonal_rvg,wheat_seasonal_trd,wheat_weekly_rsk,wheat_seasonal_jumps,wheat_seasonal_rku,corn_monthly_trd,corn_weekly_rku,soybeans_weekly_trd,wheat_weekly_lev,soybeans_monthly_rku,corn_monthly_lev,corn_weekly_rsk,soybeans_monthly_lev,corn_monthly_rvb,corn_seasonal_rsk,corn_weekly_tru,wheat_monthly_rvb",1.100790118846493e-06,0.000815131496687883,-3.610070003326025,0.7112015010659107,0.714357430108122,2.5498047085695207e-06,0.0012214210903012928,-3.6421953791035944,0.33214344596775225,0.33549660090875133,soybeans_weekly_rv,RV_target,16,"soybeans_weekly_rv,soybeans_monthly_rv,soybeans_seasonal_rv","soybeans_monthly_jumps,soybeans_monthly_lev,soybeans_monthly_rku,soybeans_monthly_rsk,soybeans_monthly_rvb,soybeans_monthly_rvg,soybeans_monthly_trd,soybeans_monthly_tru,soybeans_seasonal_jumps,soybeans_seasonal_lev,soybeans_seasonal_rku,soybeans_seasonal_rsk,soybeans_seasonal_rvb,soybeans_seasonal_rvg,soybeans_seasonal_trd,soybeans_seasonal_tru,soybeans_weekly_jumps,soybeans_weekly_lev,soybeans_weekly_rku,soybeans_weekly_rsk,soybeans_weekly_rvb,soybeans_weekly_rvg,soybeans_weekly_trd,soybeans_weekly_tru,corn_monthly_jumps,corn_monthly_lev,corn_monthly_rku,corn_monthly_rsk,corn_monthly_rv,corn_monthly_rvb,corn_monthly_rvg,corn_monthly_trd,corn_monthly_tru,corn_seasonal_jumps,corn_seasonal_lev,corn_seasonal_rku,corn_seasonal_rsk,corn_seasonal_rv,corn_seasonal_rvb,corn_seasonal_rvg,corn_seasonal_trd,corn_seasonal_tru,corn_weekly_jumps,corn_weekly_lev,corn_weekly_rku,corn_weekly_rsk,corn_weekly_rv,corn_weekly_rvb,corn_weekly_rvg,corn_weekly_trd,corn_weekly_tru,wheat_monthly_jumps,wheat_monthly_lev,wheat_monthly_rku,wheat_monthly_rsk,wheat_monthly_rv,wheat_monthly_rvb,wheat_monthly_rvg,wheat_monthly_trd,wheat_monthly_tru,wheat_seasonal_jumps,wheat_seasonal_lev,wheat_seasonal_rku,wheat_seasonal_rsk,wheat_seasonal_rv,wheat_seasonal_rvb,wheat_seasonal_rvg,wheat_seasonal_trd,wheat_seasonal_tru,wheat_weekly_jumps,wheat_weekly_lev,wheat_weekly_rku,wheat_weekly_rsk,wheat_weekly_rv,wheat_weekly_rvb,wheat_weekly_rvg,wheat_weekly_trd,wheat_weekly_tru",expanding,312,1,8,,63,bsr,True,False,log,1e-10,True,1e-10,,0.05,full,,1.0,13,18,test_r2,0.33214344596775225,0.682045854515948
bsr_expanding,har,3,"soybeans_weekly_rv,soybeans_monthly_rv,soybeans_seasonal_rv",2.6140161254025213e-06,0.001265941479179081,-3.6028344201024898,0.3109558453197564,0.31218204444968645,2.865171198571297e-06,0.0013545268768314419,-3.6408011888946623,0.24263844171299964,0.22910475978664335,soybeans_weekly_rv,RV_target,16,"soybeans_weekly_rv,soybeans_monthly_rv,soybeans_seasonal_rv",,expanding,312,2,4,,126,bsr,True,False,log,1e-10,True,1e-10,,0.05,full,,1.0,14,18,test_r2,0.24263844171299964,0.30839751306228036
bsr_expanding,har_endo,24,"soybeans_weekly_rv,soybeans_monthly_rv,soybeans_seasonal_rv,soybeans_monthly_jumps,soybeans_monthly_rku,soybeans_seasonal_jumps,soybeans_seasonal_lev,soybeans_seasonal_rku,soybeans_seasonal_rsk,soybeans_seasonal_rvg,soybeans_seasonal_trd,soybeans_seasonal_tru,soybeans_monthly_rvb,soybeans_monthly_trd,soybeans_seasonal_rvb,soybeans_weekly_rvg,soybeans_weekly_tru,soybeans_weekly_jumps,soybeans_weekly_lev,soybeans_monthly_lev,soybeans_monthly_rsk,soybeans_weekly_rsk,soybeans_weekly_rku,soybeans_monthly_tru",1.965079430055747e-06,0.001098191114627191,-3.6058107557095993,0.48201295255828003,0.4703363607464529,3.0509636677622235e-06,0.0013740417683681522,-3.630271425333983,0.16937949475129455,0.1610204389060439,soybeans_weekly_rv,RV_target,16,"soybeans_weekly_rv,soybeans_monthly_rv,soybeans_seasonal_rv","soybeans_monthly_jumps,soybeans_monthly_lev,soybeans_monthly_rku,soybeans_monthly_rsk,soybeans_monthly_rvb,soybeans_monthly_rvg,soybeans_monthly_trd,soybeans_monthly_tru,soybeans_seasonal_jumps,soybeans_seasonal_lev,soybeans_seasonal_rku,soybeans_seasonal_rsk,soybeans_seasonal_rvb,soybeans_seasonal_rvg,soybeans_seasonal_trd,soybeans_seasonal_tru,soybeans_weekly_jumps,soybeans_weekly_lev,soybeans_weekly_rku,soybeans_weekly_rsk,soybeans_weekly_rvb,soybeans_weekly_rvg,soybeans_weekly_trd,soybeans_weekly_tru",expanding,260,1,4,,139,bsr,True,False,log,1e-10,True,1e-10,,0.05,full,,1.0,6,18,test_r2,0.16937949475129455,0.46621665123858336
bsr_expanding,har_endo_exo_climate_macro,88,"soybeans_weekly_rv,soybeans_monthly_rv,soybeans_seasonal_rv,soybeans_monthly_jumps,soybeans_monthly_lev,soybeans_monthly_rku,soybeans_monthly_rvb,soybeans_monthly_trd,soybeans_seasonal_jumps,soybeans_seasonal_lev,soybeans_seasonal_rku,soybeans_seasonal_rvb,soybeans_seasonal_rvg,soybeans_seasonal_trd,soybeans_seasonal_tru,soybeans_weekly_rvb,soybeans_weekly_rvg,soybeans_weekly_tru,corn_monthly_rvg,corn_monthly_tru,corn_seasonal_lev,corn_seasonal_rku,corn_seasonal_rsk,corn_seasonal_trd,corn_weekly_rku,corn_weekly_rv,corn_weekly_rvb,corn_weekly_rvg,corn_weekly_tru,wheat_monthly_rku,wheat_seasonal_rv,wheat_seasonal_rvg,wheat_seasonal_trd,wheat_seasonal_tru,wheat_weekly_rku,wheat_weekly_rsk,wheat_weekly_rv,wheat_weekly_rvb,wheat_weekly_trd,ssta_elino,NAO_index,pdsi_extreme_wet_in_planting,DJIA_Index,soybeans_monthly_rsk,soybeans_monthly_rvg,soybeans_weekly_lev,soybeans_weekly_rku,soybeans_weekly_rsk,corn_seasonal_tru,wheat_seasonal_rvb,wheat_weekly_jumps,ssta_lanina,tmax_hot_in_planting,WTI_Index,Broad_Dollar_index,corn_monthly_lev,corn_monthly_rku,corn_monthly_rvb,corn_monthly_trd,corn_seasonal_rv,corn_seasonal_rvg,wheat_seasonal_jumps,wheat_seasonal_lev,wheat_seasonal_rku,wheat_seasonal_rsk,co2_extreme_in_planting,Stock_Uncertainty,wheat_monthly_lev,wheat_monthly_rsk,wheat_monthly_rv,wheat_monthly_rvg,wheat_monthly_tru,wheat_weekly_rvg,soybeans_seasonal_rsk,soybeans_weekly_jumps,corn_monthly_jumps,corn_monthly_rv,corn_seasonal_jumps,corn_weekly_trd,SOI_index,tmax_very_hot_in_planting,tmin_very_cold_in_planting,tmin_very_cold_in_harvesting,pdsi_extreme_wet_in_harvesting,corn_seasonal_rvb,awnd_extreme_high_wind_in_harvesting,corn_monthly_rsk,wheat_monthly_rvb",8.34052891795741e-07,0.0007052663058833571,-3.6080745167169144,0.7805346876350259,0.7779276917808222,5.039795214697047e-06,0.0014352735840627105,-3.6293127337757465,-0.2738347957755296,0.15182346541488756,soybeans_weekly_rv,RV_target,16,"soybeans_weekly_rv,soybeans_monthly_rv,soybeans_seasonal_rv","soybeans_monthly_jumps,soybeans_monthly_lev,soybeans_monthly_rku,soybeans_monthly_rsk,soybeans_monthly_rvb,soybeans_monthly_rvg,soybeans_monthly_trd,soybeans_monthly_tru,soybeans_seasonal_jumps,soybeans_seasonal_lev,soybeans_seasonal_rku,soybeans_seasonal_rsk,soybeans_seasonal_rvb,soybeans_seasonal_rvg,soybeans_seasonal_trd,soybeans_seasonal_tru,soybeans_weekly_jumps,soybeans_weekly_lev,soybeans_weekly_rku,soybeans_weekly_rsk,soybeans_weekly_rvb,soybeans_weekly_rvg,soybeans_weekly_trd,soybeans_weekly_tru,corn_monthly_jumps,corn_monthly_lev,corn_monthly_rku,corn_monthly_rsk,corn_monthly_rv,corn_monthly_rvb,corn_monthly_rvg,corn_monthly_trd,corn_monthly_tru,corn_seasonal_jumps,corn_seasonal_lev,corn_seasonal_rku,corn_seasonal_rsk,corn_seasonal_rv,corn_seasonal_rvb,corn_seasonal_rvg,corn_seasonal_trd,corn_seasonal_tru,corn_weekly_jumps,corn_weekly_lev,corn_weekly_rku,corn_weekly_rsk,corn_weekly_rv,corn_weekly_rvb,corn_weekly_rvg,corn_weekly_trd,corn_weekly_tru,wheat_monthly_jumps,wheat_monthly_lev,wheat_monthly_rku,wheat_monthly_rsk,wheat_monthly_rv,wheat_monthly_rvb,wheat_monthly_rvg,wheat_monthly_trd,wheat_monthly_tru,wheat_seasonal_jumps,wheat_seasonal_lev,wheat_seasonal_rku,wheat_seasonal_rsk,wheat_seasonal_rv,wheat_seasonal_rvb,wheat_seasonal_rvg,wheat_seasonal_trd,wheat_seasonal_tru,wheat_weekly_jumps,wheat_weekly_lev,wheat_weekly_rku,wheat_weekly_rsk,wheat_weekly_rv,wheat_weekly_rvb,wheat_weekly_rvg,wheat_weekly_trd,wheat_weekly_tru,ssta_elino,ssta_lanina,SOI_index,NAO_index,tmax_hot_in_planting,tmax_hot_in_harvesting,tmax_very_hot_in_planting,tmax_very_hot_in_harvesting,tmin_cold_in_planting,tmin_cold_in_harvesting,tmin_very_cold_in_planting,tmin_very_cold_in_harvesting,awnd_moderate_high_wind_in_planting,awnd_moderate_high_wind_in_harvesting,awnd_extreme_high_wind_in_planting,awnd_extreme_high_wind_in_harvesting,pdsi_extreme_wet_in_planting,pdsi_extreme_wet_in_harvesting,co2_extreme_in_planting,co2_extreme_in_harvesting,DJIA_Index,WTI_Index,Broad_Dollar_index,Stock_Uncertainty",expanding,312,1,8,,50,bsr,True,False,log,1e-10,True,1e-10,,0.05,full,,1.0,13,18,test_r2,-0.2738347957755296,0.74913152098768
bsr_expanding,har_endo_exo_macro,72,"soybeans_weekly_rv,soybeans_monthly_rv,soybeans_seasonal_rv,soybeans_monthly_jumps,soybeans_monthly_rvb,soybeans_monthly_trd,soybeans_seasonal_jumps,soybeans_seasonal_lev,soybeans_seasonal_rku,soybeans_seasonal_rsk,soybeans_seasonal_rvb,soybeans_seasonal_rvg,soybeans_seasonal_trd,soybeans_seasonal_tru,soybeans_weekly_rku,soybeans_weekly_rvb,soybeans_weekly_rvg,corn_monthly_rv,corn_monthly_rvg,corn_monthly_trd,corn_monthly_tru,corn_seasonal_jumps,corn_seasonal_rku,corn_seasonal_rsk,corn_seasonal_rv,corn_seasonal_trd,corn_weekly_jumps,corn_weekly_rvb,corn_weekly_trd,corn_weekly_tru,wheat_monthly_rku,wheat_monthly_rsk,wheat_monthly_rvb,wheat_monthly_rvg,wheat_monthly_trd,wheat_seasonal_lev,wheat_seasonal_rsk,wheat_seasonal_rv,wheat_seasonal_rvg,wheat_seasonal_tru,wheat_weekly_jumps,DJIA_Index,WTI_Index,soybeans_monthly_lev,soybeans_monthly_rsk,soybeans_weekly_lev,soybeans_weekly_rsk,corn_seasonal_lev,corn_seasonal_rvb,corn_seasonal_rvg,corn_weekly_rku,corn_weekly_rsk,corn_weekly_rv,wheat_monthly_lev,wheat_seasonal_rvb,wheat_seasonal_trd,wheat_weekly_rsk,wheat_weekly_rv,wheat_weekly_rvb,wheat_weekly_trd,Broad_Dollar_index,corn_monthly_rvb,wheat_monthly_rv,soybeans_weekly_jumps,corn_monthly_jumps,corn_seasonal_tru,wheat_monthly_tru,soybeans_monthly_rku,wheat_seasonal_jumps,wheat_seasonal_rku,Stock_Uncertainty,corn_monthly_lev",1.0451035935856258e-06,0.0007926923661157622,-3.607165243491508,0.7250006697702363,0.7285303282777857,5.175553096430612e-06,0.0013967203936689574,-3.6294731536951277,-0.30814831570758683,0.16844067120357642,soybeans_weekly_rv,RV_target,16,"soybeans_weekly_rv,soybeans_monthly_rv,soybeans_seasonal_rv","soybeans_monthly_jumps,soybeans_monthly_lev,soybeans_monthly_rku,soybeans_monthly_rsk,soybeans_monthly_rvb,soybeans_monthly_rvg,soybeans_monthly_trd,soybeans_monthly_tru,soybeans_seasonal_jumps,soybeans_seasonal_lev,soybeans_seasonal_rku,soybeans_seasonal_rsk,soybeans_seasonal_rvb,soybeans_seasonal_rvg,soybeans_seasonal_trd,soybeans_seasonal_tru,soybeans_weekly_jumps,soybeans_weekly_lev,soybeans_weekly_rku,soybeans_weekly_rsk,soybeans_weekly_rvb,soybeans_weekly_rvg,soybeans_weekly_trd,soybeans_weekly_tru,corn_monthly_jumps,corn_monthly_lev,corn_monthly_rku,corn_monthly_rsk,corn_monthly_rv,corn_monthly_rvb,corn_monthly_rvg,corn_monthly_trd,corn_monthly_tru,corn_seasonal_jumps,corn_seasonal_lev,corn_seasonal_rku,corn_seasonal_rsk,corn_seasonal_rv,corn_seasonal_rvb,corn_seasonal_rvg,corn_seasonal_trd,corn_seasonal_tru,corn_weekly_jumps,corn_weekly_lev,corn_weekly_rku,corn_weekly_rsk,corn_weekly_rv,corn_weekly_rvb,corn_weekly_rvg,corn_weekly_trd,corn_weekly_tru,wheat_monthly_jumps,wheat_monthly_lev,wheat_monthly_rku,wheat_monthly_rsk,wheat_monthly_rv,wheat_monthly_rvb,wheat_monthly_rvg,wheat_monthly_trd,wheat_monthly_tru,wheat_seasonal_jumps,wheat_seasonal_lev,wheat_seasonal_rku,wheat_seasonal_rsk,wheat_seasonal_rv,wheat_seasonal_rvb,wheat_seasonal_rvg,wheat_seasonal_trd,wheat_seasonal_tru,wheat_weekly_jumps,wheat_weekly_lev,wheat_weekly_rku,wheat_weekly_rsk,wheat_weekly_rv,wheat_weekly_rvb,wheat_weekly_rvg,wheat_weekly_trd,wheat_weekly_tru,DJIA_Index,WTI_Index,Broad_Dollar_index,Stock_Uncertainty",expanding,312,1,8,,50,bsr,True,False,log,1e-10,True,1e-10,,0.05,full,,1.0,13,18,test_r2,-0.30814831570758683,0.6936219823272204
bsr_expanding,har_endo_exo_news_macro,87,"soybeans_weekly_rv,soybeans_monthly_rv,soybeans_seasonal_rv,soybeans_monthly_jumps,soybeans_monthly_rku,soybeans_monthly_tru,soybeans_seasonal_jumps,soybeans_seasonal_lev,soybeans_seasonal_rku,soybeans_seasonal_rvg,soybeans_seasonal_trd,soybeans_seasonal_tru,soybeans_weekly_jumps,soybeans_weekly_rvb,soybeans_weekly_rvg,soybeans_weekly_trd,soybeans_weekly_tru,corn_monthly_jumps,corn_monthly_lev,corn_monthly_rku,corn_monthly_rv,corn_monthly_rvg,corn_monthly_trd,corn_monthly_tru,corn_seasonal_jumps,corn_seasonal_lev,corn_seasonal_rku,corn_seasonal_rsk,corn_seasonal_rv,corn_seasonal_rvb,corn_seasonal_rvg,corn_seasonal_tru,corn_weekly_trd,wheat_monthly_lev,wheat_monthly_rku,wheat_monthly_rv,wheat_monthly_rvg,wheat_monthly_tru,wheat_seasonal_lev,wheat_seasonal_rv,wheat_seasonal_rvg,wheat_seasonal_trd,wheat_weekly_rku,wheat_weekly_rvb,Text_Climate_Anomaly,epu_index,WTI_Index,soybeans_monthly_rvb,soybeans_monthly_rvg,soybeans_monthly_trd,soybeans_seasonal_rvb,corn_monthly_rvb,corn_seasonal_trd,corn_weekly_rv,wheat_seasonal_rku,wheat_seasonal_rsk,wheat_seasonal_rvb,wheat_seasonal_tru,wheat_weekly_jumps,wheat_weekly_rsk,wheat_weekly_rvg,DJIA_Index,Broad_Dollar_index,soybeans_monthly_lev,soybeans_monthly_rsk,soybeans_weekly_lev,soybeans_weekly_rku,soybeans_weekly_rsk,corn_weekly_rvb,wheat_monthly_rvb,wheat_monthly_trd,corn_weekly_lev,corn_weekly_rku,wheat_seasonal_jumps,wheat_weekly_rv,wheat_weekly_trd,frbsf_sentiment,Stock_Uncertainty,wheat_monthly_rsk,wheat_weekly_lev,wheat_weekly_tru,wheat_monthly_jumps,soybeans_seasonal_rsk,corn_weekly_rsk,corn_weekly_jumps,corn_weekly_rvg,corn_weekly_tru",1.0056273309422109e-06,0.0007534828093055686,-3.6074039800637263,0.7353881049044586,0.7437866359017405,5.603797852340183e-06,0.0014932752321721713,-3.626735524144189,-0.5548089228714845,-0.011019251004879438,soybeans_weekly_rv,RV_target,16,"soybeans_weekly_rv,soybeans_monthly_rv,soybeans_seasonal_rv","soybeans_monthly_jumps,soybeans_monthly_lev,soybeans_monthly_rku,soybeans_monthly_rsk,soybeans_monthly_rvb,soybeans_monthly_rvg,soybeans_monthly_trd,soybeans_monthly_tru,soybeans_seasonal_jumps,soybeans_seasonal_lev,soybeans_seasonal_rku,soybeans_seasonal_rsk,soybeans_seasonal_rvb,soybeans_seasonal_rvg,soybeans_seasonal_trd,soybeans_seasonal_tru,soybeans_weekly_jumps,soybeans_weekly_lev,soybeans_weekly_rku,soybeans_weekly_rsk,soybeans_weekly_rvb,soybeans_weekly_rvg,soybeans_weekly_trd,soybeans_weekly_tru,corn_monthly_jumps,corn_monthly_lev,corn_monthly_rku,corn_monthly_rsk,corn_monthly_rv,corn_monthly_rvb,corn_monthly_rvg,corn_monthly_trd,corn_monthly_tru,corn_seasonal_jumps,corn_seasonal_lev,corn_seasonal_rku,corn_seasonal_rsk,corn_seasonal_rv,corn_seasonal_rvb,corn_seasonal_rvg,corn_seasonal_trd,corn_seasonal_tru,corn_weekly_jumps,corn_weekly_lev,corn_weekly_rku,corn_weekly_rsk,corn_weekly_rv,corn_weekly_rvb,corn_weekly_rvg,corn_weekly_trd,corn_weekly_tru,wheat_monthly_jumps,wheat_monthly_lev,wheat_monthly_rku,wheat_monthly_rsk,wheat_monthly_rv,wheat_monthly_rvb,wheat_monthly_rvg,wheat_monthly_trd,wheat_monthly_tru,wheat_seasonal_jumps,wheat_seasonal_lev,wheat_seasonal_rku,wheat_seasonal_rsk,wheat_seasonal_rv,wheat_seasonal_rvb,wheat_seasonal_rvg,wheat_seasonal_trd,wheat_seasonal_tru,wheat_weekly_jumps,wheat_weekly_lev,wheat_weekly_rku,wheat_weekly_rsk,wheat_weekly_rv,wheat_weekly_rvb,wheat_weekly_rvg,wheat_weekly_trd,wheat_weekly_tru,frbsf_sentiment,Text_Climate_Anomaly,epu_index,DJIA_Index,WTI_Index,Broad_Dollar_index,Stock_Uncertainty",expanding,208,1,8,,63,bsr,True,False,log,1e-10,True,1e-10,,0.05,full,,1.0,1,18,test_r2,-0.5548089228714845,0.6980159703698611
bsr_expanding,har_endo_exo_climate_news_macro,96,"soybeans_weekly_rv,soybeans_monthly_rv,soybeans_seasonal_rv,soybeans_monthly_jumps,soybeans_monthly_rvb,soybeans_monthly_trd,soybeans_seasonal_jumps,soybeans_seasonal_rvg,soybeans_seasonal_trd,soybeans_seasonal_tru,soybeans_weekly_jumps,soybeans_weekly_rvb,soybeans_weekly_rvg,soybeans_weekly_trd,soybeans_weekly_tru,corn_monthly_jumps,corn_monthly_lev,corn_monthly_rv,corn_monthly_rvg,corn_monthly_trd,corn_monthly_tru,corn_seasonal_jumps,corn_seasonal_lev,corn_seasonal_rku,corn_seasonal_rsk,corn_seasonal_rv,corn_seasonal_rvb,corn_seasonal_rvg,corn_seasonal_tru,corn_weekly_trd,wheat_monthly_lev,wheat_monthly_rku,wheat_monthly_rv,wheat_monthly_rvg,wheat_monthly_tru,wheat_seasonal_lev,wheat_seasonal_rv,wheat_seasonal_rvg,wheat_seasonal_trd,wheat_weekly_rku,wheat_weekly_rv,wheat_weekly_rvb,ssta_elino,SOI_index,NAO_index,awnd_moderate_high_wind_in_planting,pdsi_extreme_wet_in_harvesting,Text_Climate_Anomaly,DJIA_Index,soybeans_seasonal_rsk,corn_seasonal_trd,corn_weekly_rvb,wheat_monthly_jumps,wheat_monthly_rsk,wheat_seasonal_rku,wheat_seasonal_rsk,wheat_seasonal_rvb,wheat_seasonal_tru,wheat_weekly_rsk,wheat_weekly_rvg,ssta_lanina,WTI_Index,Broad_Dollar_index,soybeans_monthly_lev,soybeans_seasonal_lev,soybeans_seasonal_rku,soybeans_seasonal_rvb,corn_weekly_rku,corn_weekly_rsk,corn_weekly_rv,corn_weekly_tru,wheat_weekly_trd,tmax_hot_in_planting,tmin_very_cold_in_planting,pdsi_extreme_wet_in_planting,soybeans_weekly_rku,soybeans_weekly_rsk,corn_weekly_rvg,wheat_seasonal_jumps,wheat_weekly_jumps,tmin_very_cold_in_harvesting,co2_extreme_in_planting,frbsf_sentiment,epu_index,soybeans_weekly_lev,wheat_weekly_lev,wheat_weekly_tru,awnd_moderate_high_wind_in_harvesting,Stock_Uncertainty,soybeans_monthly_rku,soybeans_monthly_rsk,tmax_very_hot_in_planting,soybeans_monthly_rvg,soybeans_monthly_tru,corn_weekly_jumps,wheat_monthly_rvb",7.175189934276611e-07,0.0006449508394628676,-3.6087548004434624,0.8111983885322132,0.8154710417142714,7.366774188689404e-06,0.0014222217159402212,-3.6299793428084506,-1.0439577841963716,0.08567339389174888,soybeans_weekly_rv,RV_target,16,"soybeans_weekly_rv,soybeans_monthly_rv,soybeans_seasonal_rv","soybeans_monthly_jumps,soybeans_monthly_lev,soybeans_monthly_rku,soybeans_monthly_rsk,soybeans_monthly_rvb,soybeans_monthly_rvg,soybeans_monthly_trd,soybeans_monthly_tru,soybeans_seasonal_jumps,soybeans_seasonal_lev,soybeans_seasonal_rku,soybeans_seasonal_rsk,soybeans_seasonal_rvb,soybeans_seasonal_rvg,soybeans_seasonal_trd,soybeans_seasonal_tru,soybeans_weekly_jumps,soybeans_weekly_lev,soybeans_weekly_rku,soybeans_weekly_rsk,soybeans_weekly_rvb,soybeans_weekly_rvg,soybeans_weekly_trd,soybeans_weekly_tru,corn_monthly_jumps,corn_monthly_lev,corn_monthly_rku,corn_monthly_rsk,corn_monthly_rv,corn_monthly_rvb,corn_monthly_rvg,corn_monthly_trd,corn_monthly_tru,corn_seasonal_jumps,corn_seasonal_lev,corn_seasonal_rku,corn_seasonal_rsk,corn_seasonal_rv,corn_seasonal_rvb,corn_seasonal_rvg,corn_seasonal_trd,corn_seasonal_tru,corn_weekly_jumps,corn_weekly_lev,corn_weekly_rku,corn_weekly_rsk,corn_weekly_rv,corn_weekly_rvb,corn_weekly_rvg,corn_weekly_trd,corn_weekly_tru,wheat_monthly_jumps,wheat_monthly_lev,wheat_monthly_rku,wheat_monthly_rsk,wheat_monthly_rv,wheat_monthly_rvb,wheat_monthly_rvg,wheat_monthly_trd,wheat_monthly_tru,wheat_seasonal_jumps,wheat_seasonal_lev,wheat_seasonal_rku,wheat_seasonal_rsk,wheat_seasonal_rv,wheat_seasonal_rvb,wheat_seasonal_rvg,wheat_seasonal_trd,wheat_seasonal_tru,wheat_weekly_jumps,wheat_weekly_lev,wheat_weekly_rku,wheat_weekly_rsk,wheat_weekly_rv,wheat_weekly_rvb,wheat_weekly_rvg,wheat_weekly_trd,wheat_weekly_tru,ssta_elino,ssta_lanina,SOI_index,NAO_index,tmax_hot_in_planting,tmax_hot_in_harvesting,tmax_very_hot_in_planting,tmax_very_hot_in_harvesting,tmin_cold_in_planting,tmin_cold_in_harvesting,tmin_very_cold_in_planting,tmin_very_cold_in_harvesting,awnd_moderate_high_wind_in_planting,awnd_moderate_high_wind_in_harvesting,awnd_extreme_high_wind_in_planting,awnd_extreme_high_wind_in_harvesting,pdsi_extreme_wet_in_planting,pdsi_extreme_wet_in_harvesting,co2_extreme_in_planting,co2_extreme_in_harvesting,frbsf_sentiment,Text_Climate_Anomaly,epu_index,DJIA_Index,WTI_Index,Broad_Dollar_index,Stock_Uncertainty",expanding,208,1,8,,63,bsr,True,False,log,1e-10,True,1e-10,,0.05,full,,1.0,1,18,test_r2,-1.0439577841963716,0.7813384961089718
bsr_rolling,har_endo_exo_news,84,"soybeans_weekly_rv,soybeans_monthly_rv,soybeans_seasonal_rv,soybeans_monthly_rvb,soybeans_seasonal_rku,soybeans_seasonal_rsk,soybeans_seasonal_rvg,soybeans_seasonal_trd,soybeans_seasonal_tru,soybeans_weekly_jumps,soybeans_weekly_rvb,soybeans_weekly_rvg,soybeans_weekly_trd,soybeans_weekly_tru,corn_monthly_jumps,corn_monthly_rsk,corn_monthly_rv,corn_monthly_rvg,corn_monthly_tru,corn_seasonal_jumps,corn_seasonal_lev,corn_seasonal_rku,corn_seasonal_rv,corn_seasonal_rvb,corn_seasonal_rvg,corn_seasonal_tru,corn_weekly_lev,corn_weekly_rv,corn_weekly_rvb,wheat_monthly_lev,wheat_monthly_rku,wheat_monthly_rv,wheat_monthly_rvg,wheat_monthly_tru,wheat_seasonal_lev,wheat_seasonal_rv,wheat_seasonal_rvb,wheat_seasonal_rvg,wheat_seasonal_tru,wheat_weekly_lev,wheat_weekly_rku,wheat_weekly_rv,wheat_weekly_rvb,wheat_weekly_trd,Text_Climate_Anomaly,soybeans_monthly_jumps,soybeans_monthly_rsk,soybeans_monthly_tru,soybeans_seasonal_jumps,soybeans_seasonal_lev,soybeans_seasonal_rvb,corn_monthly_rku,corn_monthly_rvb,corn_seasonal_rsk,corn_weekly_rvg,corn_weekly_tru,wheat_monthly_rvb,wheat_monthly_trd,wheat_seasonal_jumps,wheat_weekly_jumps,wheat_weekly_rvg,wheat_weekly_tru,frbsf_sentiment,epu_index,soybeans_monthly_lev,soybeans_monthly_rku,soybeans_monthly_rvg,soybeans_weekly_rsk,corn_monthly_trd,corn_seasonal_trd,corn_weekly_rku,wheat_monthly_jumps,wheat_seasonal_rsk,soybeans_weekly_lev,soybeans_weekly_rku,corn_monthly_lev,wheat_seasonal_trd,wheat_weekly_rsk,soybeans_monthly_trd,wheat_seasonal_rku,corn_weekly_rsk,wheat_monthly_rsk,corn_weekly_jumps,corn_weekly_trd",1.4583876101358574e-07,0.00029431058215645867,-3.614602359218595,0.9617383781467207,0.9600023460654606,1.578083864990527e-06,0.0010051170996616707,-3.6396646244838315,0.5420469839557219,0.5292005835841265,soybeans_weekly_rv,RV_target,16,"soybeans_weekly_rv,soybeans_monthly_rv,soybeans_seasonal_rv","soybeans_monthly_jumps,soybeans_monthly_lev,soybeans_monthly_rku,soybeans_monthly_rsk,soybeans_monthly_rvb,soybeans_monthly_rvg,soybeans_monthly_trd,soybeans_monthly_tru,soybeans_seasonal_jumps,soybeans_seasonal_lev,soybeans_seasonal_rku,soybeans_seasonal_rsk,soybeans_seasonal_rvb,soybeans_seasonal_rvg,soybeans_seasonal_trd,soybeans_seasonal_tru,soybeans_weekly_jumps,soybeans_weekly_lev,soybeans_weekly_rku,soybeans_weekly_rsk,soybeans_weekly_rvb,soybeans_weekly_rvg,soybeans_weekly_trd,soybeans_weekly_tru,corn_monthly_jumps,corn_monthly_lev,corn_monthly_rku,corn_monthly_rsk,corn_monthly_rv,corn_monthly_rvb,corn_monthly_rvg,corn_monthly_trd,corn_monthly_tru,corn_seasonal_jumps,corn_seasonal_lev,corn_seasonal_rku,corn_seasonal_rsk,corn_seasonal_rv,corn_seasonal_rvb,corn_seasonal_rvg,corn_seasonal_trd,corn_seasonal_tru,corn_weekly_jumps,corn_weekly_lev,corn_weekly_rku,corn_weekly_rsk,corn_weekly_rv,corn_weekly_rvb,corn_weekly_rvg,corn_weekly_trd,corn_weekly_tru,wheat_monthly_jumps,wheat_monthly_lev,wheat_monthly_rku,wheat_monthly_rsk,wheat_monthly_rv,wheat_monthly_rvb,wheat_monthly_rvg,wheat_monthly_trd,wheat_monthly_tru,wheat_seasonal_jumps,wheat_seasonal_lev,wheat_seasonal_rku,wheat_seasonal_rsk,wheat_seasonal_rv,wheat_seasonal_rvb,wheat_seasonal_rvg,wheat_seasonal_trd,wheat_seasonal_tru,wheat_weekly_jumps,wheat_weekly_lev,wheat_weekly_rku,wheat_weekly_rsk,wheat_weekly_rv,wheat_weekly_rvb,wheat_weekly_rvg,wheat_weekly_trd,wheat_weekly_tru,frbsf_sentiment,Text_Climate_Anomaly,epu_index",rolling,208,1,8,208.0,76,bsr,True,False,log,1e-10,True,1e-10,,0.05,full,104.0,1.0,1,18,test_r2,0.5420469839557219,0.9572930444874186
bsr_rolling,har_endo_exo_macro,84,"soybeans_weekly_rv,soybeans_monthly_rv,soybeans_seasonal_rv,soybeans_monthly_jumps,soybeans_monthly_rvb,soybeans_monthly_rvg,soybeans_monthly_tru,soybeans_seasonal_lev,soybeans_seasonal_rvg,soybeans_seasonal_trd,soybeans_seasonal_tru,soybeans_weekly_jumps,soybeans_weekly_rvb,soybeans_weekly_rvg,soybeans_weekly_trd,soybeans_weekly_tru,corn_monthly_lev,corn_monthly_rv,corn_monthly_rvg,corn_monthly_tru,corn_seasonal_lev,corn_seasonal_rsk,corn_seasonal_rv,corn_seasonal_rvg,corn_seasonal_trd,corn_seasonal_tru,corn_weekly_rku,corn_weekly_rsk,corn_weekly_rv,corn_weekly_rvg,wheat_monthly_lev,wheat_monthly_rku,wheat_monthly_rsk,wheat_monthly_rv,wheat_monthly_rvg,wheat_monthly_tru,wheat_seasonal_jumps,wheat_seasonal_lev,wheat_seasonal_rv,wheat_seasonal_rvg,wheat_seasonal_trd,wheat_weekly_rku,wheat_weekly_rv,wheat_weekly_rvb,wheat_weekly_trd,DJIA_Index,WTI_Index,soybeans_monthly_lev,soybeans_seasonal_jumps,soybeans_seasonal_rku,soybeans_seasonal_rsk,soybeans_seasonal_rvb,corn_monthly_jumps,corn_monthly_trd,corn_seasonal_rvb,corn_weekly_trd,wheat_monthly_trd,wheat_seasonal_rvb,wheat_seasonal_tru,wheat_weekly_jumps,soybeans_monthly_rku,soybeans_monthly_rsk,soybeans_weekly_rsk,corn_monthly_rku,corn_monthly_rsk,corn_monthly_rvb,corn_seasonal_jumps,corn_seasonal_rku,corn_weekly_jumps,corn_weekly_rvb,corn_weekly_tru,wheat_seasonal_rku,wheat_weekly_lev,Broad_Dollar_index,Stock_Uncertainty,soybeans_monthly_trd,soybeans_weekly_lev,soybeans_weekly_rku,wheat_monthly_rvb,wheat_weekly_rvg,wheat_weekly_tru,wheat_monthly_jumps,wheat_seasonal_rsk,wheat_weekly_rsk",2.3572395029691814e-07,0.00036426966765281993,-3.6110257158519232,0.9379736814143338,0.9401076649858714,1.9050773831409952e-06,0.0010800777746680051,-3.636682955771348,0.4714243104198854,0.5237911604162304,soybeans_weekly_rv,RV_target,16,"soybeans_weekly_rv,soybeans_monthly_rv,soybeans_seasonal_rv","soybeans_monthly_jumps,soybeans_monthly_lev,soybeans_monthly_rku,soybeans_monthly_rsk,soybeans_monthly_rvb,soybeans_monthly_rvg,soybeans_monthly_trd,soybeans_monthly_tru,soybeans_seasonal_jumps,soybeans_seasonal_lev,soybeans_seasonal_rku,soybeans_seasonal_rsk,soybeans_seasonal_rvb,soybeans_seasonal_rvg,soybeans_seasonal_trd,soybeans_seasonal_tru,soybeans_weekly_jumps,soybeans_weekly_lev,soybeans_weekly_rku,soybeans_weekly_rsk,soybeans_weekly_rvb,soybeans_weekly_rvg,soybeans_weekly_trd,soybeans_weekly_tru,corn_monthly_jumps,corn_monthly_lev,corn_monthly_rku,corn_monthly_rsk,corn_monthly_rv,corn_monthly_rvb,corn_monthly_rvg,corn_monthly_trd,corn_monthly_tru,corn_seasonal_jumps,corn_seasonal_lev,corn_seasonal_rku,corn_seasonal_rsk,corn_seasonal_rv,corn_seasonal_rvb,corn_seasonal_rvg,corn_seasonal_trd,corn_seasonal_tru,corn_weekly_jumps,corn_weekly_lev,corn_weekly_rku,corn_weekly_rsk,corn_weekly_rv,corn_weekly_rvb,corn_weekly_rvg,corn_weekly_trd,corn_weekly_tru,wheat_monthly_jumps,wheat_monthly_lev,wheat_monthly_rku,wheat_monthly_rsk,wheat_monthly_rv,wheat_monthly_rvb,wheat_monthly_rvg,wheat_monthly_trd,wheat_monthly_tru,wheat_seasonal_jumps,wheat_seasonal_lev,wheat_seasonal_rku,wheat_seasonal_rsk,wheat_seasonal_rv,wheat_seasonal_rvb,wheat_seasonal_rvg,wheat_seasonal_trd,wheat_seasonal_tru,wheat_weekly_jumps,wheat_weekly_lev,wheat_weekly_rku,wheat_weekly_rsk,wheat_weekly_rv,wheat_weekly_rvb,wheat_weekly_rvg,wheat_weekly_trd,wheat_weekly_tru,DJIA_Index,WTI_Index,Broad_Dollar_index,Stock_Uncertainty",rolling,208,1,8,208.0,63,bsr,True,False,log,1e-10,True,1e-10,,0.05,full,104.0,1.0,1,18,test_r2,0.4714243104198854,0.9295565396353419
bsr_rolling,har_endo_exo_climate_news,102,"soybeans_weekly_rv,soybeans_monthly_rv,soybeans_seasonal_rv,soybeans_monthly_rvb,soybeans_monthly_trd,soybeans_seasonal_lev,soybeans_seasonal_rku,soybeans_seasonal_rsk,soybeans_seasonal_rvb,soybeans_seasonal_rvg,soybeans_seasonal_tru,soybeans_weekly_jumps,soybeans_weekly_lev,soybeans_weekly_rsk,soybeans_weekly_rvb,soybeans_weekly_trd,corn_monthly_jumps,corn_monthly_lev,corn_monthly_rv,corn_monthly_rvg,corn_monthly_tru,corn_seasonal_jumps,corn_seasonal_lev,corn_seasonal_rku,corn_seasonal_rv,corn_seasonal_rvb,corn_seasonal_rvg,corn_seasonal_trd,corn_seasonal_tru,corn_weekly_lev,corn_weekly_rvb,corn_weekly_rvg,wheat_monthly_lev,wheat_monthly_rku,wheat_monthly_rv,wheat_monthly_rvg,wheat_monthly_trd,wheat_monthly_tru,wheat_seasonal_lev,wheat_seasonal_rv,wheat_seasonal_rvb,wheat_seasonal_rvg,wheat_seasonal_tru,wheat_weekly_lev,wheat_weekly_rku,wheat_weekly_rv,wheat_weekly_rvb,wheat_weekly_rvg,wheat_weekly_trd,ssta_elino,tmax_hot_in_harvesting,tmax_very_hot_in_planting,tmin_cold_in_planting,awnd_extreme_high_wind_in_planting,pdsi_extreme_wet_in_harvesting,Text_Climate_Anomaly,soybeans_monthly_jumps,soybeans_monthly_rsk,soybeans_monthly_rvg,soybeans_seasonal_jumps,soybeans_seasonal_trd,soybeans_weekly_tru,corn_monthly_rku,corn_seasonal_rsk,corn_weekly_rku,corn_weekly_rv,wheat_monthly_rsk,wheat_monthly_rvb,wheat_seasonal_jumps,wheat_weekly_jumps,wheat_weekly_tru,ssta_lanina,NAO_index,tmax_hot_in_planting,awnd_moderate_high_wind_in_harvesting,frbsf_sentiment,epu_index,soybeans_monthly_lev,soybeans_monthly_rku,soybeans_monthly_tru,soybeans_weekly_rvg,corn_monthly_rvb,wheat_seasonal_rku,wheat_weekly_rsk,SOI_index,tmax_very_hot_in_harvesting,tmin_very_cold_in_harvesting,awnd_moderate_high_wind_in_planting,corn_monthly_trd,corn_weekly_trd,wheat_monthly_jumps,wheat_seasonal_rsk,tmin_cold_in_harvesting,co2_extreme_in_harvesting,soybeans_weekly_rku,corn_weekly_rsk,corn_weekly_tru,wheat_seasonal_trd,tmin_very_cold_in_planting,corn_weekly_jumps,pdsi_extreme_wet_in_planting,awnd_extreme_high_wind_in_harvesting",1.0813182201925233e-07,0.0002493091270361219,-3.614814426008628,0.971631006354879,0.9717005554132614,1.933616789669878e-06,0.001125524881889307,-3.6385819205515433,0.43887288860374307,0.469113064201542,soybeans_weekly_rv,RV_target,16,"soybeans_weekly_rv,soybeans_monthly_rv,soybeans_seasonal_rv","soybeans_monthly_jumps,soybeans_monthly_lev,soybeans_monthly_rku,soybeans_monthly_rsk,soybeans_monthly_rvb,soybeans_monthly_rvg,soybeans_monthly_trd,soybeans_monthly_tru,soybeans_seasonal_jumps,soybeans_seasonal_lev,soybeans_seasonal_rku,soybeans_seasonal_rsk,soybeans_seasonal_rvb,soybeans_seasonal_rvg,soybeans_seasonal_trd,soybeans_seasonal_tru,soybeans_weekly_jumps,soybeans_weekly_lev,soybeans_weekly_rku,soybeans_weekly_rsk,soybeans_weekly_rvb,soybeans_weekly_rvg,soybeans_weekly_trd,soybeans_weekly_tru,corn_monthly_jumps,corn_monthly_lev,corn_monthly_rku,corn_monthly_rsk,corn_monthly_rv,corn_monthly_rvb,corn_monthly_rvg,corn_monthly_trd,corn_monthly_tru,corn_seasonal_jumps,corn_seasonal_lev,corn_seasonal_rku,corn_seasonal_rsk,corn_seasonal_rv,corn_seasonal_rvb,corn_seasonal_rvg,corn_seasonal_trd,corn_seasonal_tru,corn_weekly_jumps,corn_weekly_lev,corn_weekly_rku,corn_weekly_rsk,corn_weekly_rv,corn_weekly_rvb,corn_weekly_rvg,corn_weekly_trd,corn_weekly_tru,wheat_monthly_jumps,wheat_monthly_lev,wheat_monthly_rku,wheat_monthly_rsk,wheat_monthly_rv,wheat_monthly_rvb,wheat_monthly_rvg,wheat_monthly_trd,wheat_monthly_tru,wheat_seasonal_jumps,wheat_seasonal_lev,wheat_seasonal_rku,wheat_seasonal_rsk,wheat_seasonal_rv,wheat_seasonal_rvb,wheat_seasonal_rvg,wheat_seasonal_trd,wheat_seasonal_tru,wheat_weekly_jumps,wheat_weekly_lev,wheat_weekly_rku,wheat_weekly_rsk,wheat_weekly_rv,wheat_weekly_rvb,wheat_weekly_rvg,wheat_weekly_trd,wheat_weekly_tru,ssta_elino,ssta_lanina,SOI_index,NAO_index,tmax_hot_in_planting,tmax_hot_in_harvesting,tmax_very_hot_in_planting,tmax_very_hot_in_harvesting,tmin_cold_in_planting,tmin_cold_in_harvesting,tmin_very_cold_in_planting,tmin_very_cold_in_harvesting,awnd_moderate_high_wind_in_planting,awnd_moderate_high_wind_in_harvesting,awnd_extreme_high_wind_in_planting,awnd_extreme_high_wind_in_harvesting,pdsi_extreme_wet_in_planting,pdsi_extreme_wet_in_harvesting,co2_extreme_in_planting,co2_extreme_in_harvesting,frbsf_sentiment,Text_Climate_Anomaly,epu_index",rolling,208,1,8,208.0,76,bsr,True,False,log,1e-10,True,1e-10,,0.05,full,104.0,1.0,1,18,test_r2,0.43887288860374307,0.9675265562104785
bsr_rolling,har_endo_exo_climate_news_macro,102,"soybeans_weekly_rv,soybeans_monthly_rv,soybeans_seasonal_rv,soybeans_monthly_jumps,soybeans_monthly_rvb,soybeans_monthly_trd,soybeans_seasonal_jumps,soybeans_seasonal_rvg,soybeans_seasonal_trd,soybeans_seasonal_tru,soybeans_weekly_jumps,soybeans_weekly_rvb,soybeans_weekly_rvg,soybeans_weekly_trd,soybeans_weekly_tru,corn_monthly_jumps,corn_monthly_lev,corn_monthly_rv,corn_monthly_rvg,corn_monthly_trd,corn_monthly_tru,corn_seasonal_jumps,corn_seasonal_lev,corn_seasonal_rku,corn_seasonal_rsk,corn_seasonal_rv,corn_seasonal_rvb,corn_seasonal_rvg,corn_seasonal_tru,corn_weekly_trd,wheat_monthly_lev,wheat_monthly_rku,wheat_monthly_rv,wheat_monthly_rvg,wheat_monthly_tru,wheat_seasonal_lev,wheat_seasonal_rv,wheat_seasonal_rvg,wheat_seasonal_trd,wheat_weekly_rku,wheat_weekly_rv,wheat_weekly_rvb,ssta_elino,SOI_index,NAO_index,awnd_moderate_high_wind_in_planting,pdsi_extreme_wet_in_harvesting,Text_Climate_Anomaly,DJIA_Index,soybeans_monthly_lev,soybeans_monthly_rvg,soybeans_monthly_tru,soybeans_seasonal_rku,soybeans_seasonal_rsk,soybeans_weekly_lev,corn_monthly_rvb,corn_weekly_lev,corn_weekly_rsk,corn_weekly_rv,corn_weekly_rvb,corn_weekly_tru,wheat_seasonal_rsk,wheat_seasonal_rvb,ssta_lanina,co2_extreme_in_planting,epu_index,WTI_Index,soybeans_monthly_rku,soybeans_monthly_rsk,soybeans_seasonal_lev,soybeans_weekly_rku,corn_monthly_rku,corn_monthly_rsk,corn_weekly_jumps,corn_weekly_rvg,wheat_monthly_rvb,wheat_monthly_trd,tmin_very_cold_in_harvesting,awnd_moderate_high_wind_in_harvesting,frbsf_sentiment,soybeans_seasonal_rvb,wheat_seasonal_jumps,wheat_seasonal_rku,wheat_seasonal_tru,co2_extreme_in_harvesting,Stock_Uncertainty,wheat_monthly_rsk,wheat_weekly_tru,tmax_hot_in_planting,tmax_very_hot_in_planting,tmin_very_cold_in_planting,corn_seasonal_trd,wheat_weekly_jumps,wheat_weekly_rvg,wheat_weekly_trd,tmin_cold_in_planting,wheat_monthly_jumps,wheat_weekly_lev,tmax_hot_in_harvesting,pdsi_extreme_wet_in_planting,Broad_Dollar_index,wheat_weekly_rsk",1.3653361688309588e-07,0.0002783218077008178,-3.611465966440751,0.9640737497917499,0.964447980026704,1.971069845756982e-06,0.0010895912050666605,-3.6375942211097567,0.45311428703552104,0.5646414754830704,soybeans_weekly_rv,RV_target,16,"soybeans_weekly_rv,soybeans_monthly_rv,soybeans_seasonal_rv","soybeans_monthly_jumps,soybeans_monthly_lev,soybeans_monthly_rku,soybeans_monthly_rsk,soybeans_monthly_rvb,soybeans_monthly_rvg,soybeans_monthly_trd,soybeans_monthly_tru,soybeans_seasonal_jumps,soybeans_seasonal_lev,soybeans_seasonal_rku,soybeans_seasonal_rsk,soybeans_seasonal_rvb,soybeans_seasonal_rvg,soybeans_seasonal_trd,soybeans_seasonal_tru,soybeans_weekly_jumps,soybeans_weekly_lev,soybeans_weekly_rku,soybeans_weekly_rsk,soybeans_weekly_rvb,soybeans_weekly_rvg,soybeans_weekly_trd,soybeans_weekly_tru,corn_monthly_jumps,corn_monthly_lev,corn_monthly_rku,corn_monthly_rsk,corn_monthly_rv,corn_monthly_rvb,corn_monthly_rvg,corn_monthly_trd,corn_monthly_tru,corn_seasonal_jumps,corn_seasonal_lev,corn_seasonal_rku,corn_seasonal_rsk,corn_seasonal_rv,corn_seasonal_rvb,corn_seasonal_rvg,corn_seasonal_trd,corn_seasonal_tru,corn_weekly_jumps,corn_weekly_lev,corn_weekly_rku,corn_weekly_rsk,corn_weekly_rv,corn_weekly_rvb,corn_weekly_rvg,corn_weekly_trd,corn_weekly_tru,wheat_monthly_jumps,wheat_monthly_lev,wheat_monthly_rku,wheat_monthly_rsk,wheat_monthly_rv,wheat_monthly_rvb,wheat_monthly_rvg,wheat_monthly_trd,wheat_monthly_tru,wheat_seasonal_jumps,wheat_seasonal_lev,wheat_seasonal_rku,wheat_seasonal_rsk,wheat_seasonal_rv,wheat_seasonal_rvb,wheat_seasonal_rvg,wheat_seasonal_trd,wheat_seasonal_tru,wheat_weekly_jumps,wheat_weekly_lev,wheat_weekly_rku,wheat_weekly_rsk,wheat_weekly_rv,wheat_weekly_rvb,wheat_weekly_rvg,wheat_weekly_trd,wheat_weekly_tru,ssta_elino,ssta_lanina,SOI_index,NAO_index,tmax_hot_in_planting,tmax_hot_in_harvesting,tmax_very_hot_in_planting,tmax_very_hot_in_harvesting,tmin_cold_in_planting,tmin_cold_in_harvesting,tmin_very_cold_in_planting,tmin_very_cold_in_harvesting,awnd_moderate_high_wind_in_planting,awnd_moderate_high_wind_in_harvesting,awnd_extreme_high_wind_in_planting,awnd_extreme_high_wind_in_harvesting,pdsi_extreme_wet_in_planting,pdsi_extreme_wet_in_harvesting,co2_extreme_in_planting,co2_extreme_in_harvesting,frbsf_sentiment,Text_Climate_Anomaly,epu_index,DJIA_Index,WTI_Index,Broad_Dollar_index,Stock_Uncertainty",rolling,208,1,8,208.0,63,bsr,True,False,log,1e-10,True,1e-10,,0.05,full,104.0,1.0,1,18,test_r2,0.45311428703552104,0.9579764494236276
bsr_rolling,har_endo_exo_climate_macro,98,"soybeans_weekly_rv,soybeans_monthly_rv,soybeans_seasonal_rv,soybeans_monthly_jumps,soybeans_monthly_rvb,soybeans_monthly_trd,soybeans_seasonal_jumps,soybeans_seasonal_rvg,soybeans_seasonal_trd,soybeans_seasonal_tru,soybeans_weekly_lev,soybeans_weekly_rvb,soybeans_weekly_trd,corn_monthly_jumps,corn_monthly_lev,corn_monthly_rv,corn_monthly_rvg,corn_monthly_trd,corn_monthly_tru,corn_seasonal_jumps,corn_seasonal_lev,corn_seasonal_rku,corn_seasonal_rsk,corn_seasonal_rv,corn_seasonal_rvb,corn_seasonal_rvg,corn_seasonal_tru,corn_weekly_rv,corn_weekly_trd,wheat_monthly_rku,wheat_monthly_rv,wheat_monthly_rvb,wheat_monthly_rvg,wheat_monthly_tru,wheat_seasonal_lev,wheat_seasonal_rv,wheat_seasonal_rvg,wheat_seasonal_trd,wheat_weekly_lev,wheat_weekly_rku,wheat_weekly_rv,wheat_weekly_rvb,ssta_elino,SOI_index,NAO_index,awnd_moderate_high_wind_in_planting,pdsi_extreme_wet_in_harvesting,DJIA_Index,soybeans_monthly_lev,soybeans_monthly_rvg,soybeans_monthly_tru,soybeans_seasonal_rku,soybeans_seasonal_rsk,soybeans_weekly_jumps,soybeans_weekly_rvg,corn_monthly_rvb,corn_weekly_lev,corn_weekly_rsk,corn_weekly_rvb,corn_weekly_tru,wheat_monthly_lev,wheat_seasonal_rsk,wheat_seasonal_rvb,wheat_weekly_rsk,wheat_weekly_tru,ssta_lanina,tmax_very_hot_in_planting,tmin_very_cold_in_harvesting,co2_extreme_in_planting,WTI_Index,soybeans_monthly_rku,soybeans_seasonal_lev,corn_monthly_rku,corn_seasonal_trd,corn_weekly_jumps,corn_weekly_rvg,wheat_seasonal_jumps,wheat_seasonal_tru,wheat_weekly_jumps,wheat_weekly_trd,awnd_moderate_high_wind_in_harvesting,pdsi_extreme_wet_in_planting,Broad_Dollar_index,soybeans_weekly_rku,soybeans_weekly_rsk,wheat_monthly_trd,wheat_seasonal_rku,wheat_weekly_rvg,soybeans_monthly_rsk,corn_weekly_rku,wheat_monthly_jumps,wheat_monthly_rsk,tmax_hot_in_planting,tmin_very_cold_in_planting,soybeans_seasonal_rvb,tmax_hot_in_harvesting,corn_monthly_rsk,Stock_Uncertainty",1.6424881618665787e-07,0.00030359679369063833,-3.6113358123024395,0.9567810170019649,0.9572176376888486,1.9933817375763343e-06,0.0011644001178064774,-3.635653090663129,0.4469237124643157,0.4722909903679686,soybeans_weekly_rv,RV_target,16,"soybeans_weekly_rv,soybeans_monthly_rv,soybeans_seasonal_rv","soybeans_monthly_jumps,soybeans_monthly_lev,soybeans_monthly_rku,soybeans_monthly_rsk,soybeans_monthly_rvb,soybeans_monthly_rvg,soybeans_monthly_trd,soybeans_monthly_tru,soybeans_seasonal_jumps,soybeans_seasonal_lev,soybeans_seasonal_rku,soybeans_seasonal_rsk,soybeans_seasonal_rvb,soybeans_seasonal_rvg,soybeans_seasonal_trd,soybeans_seasonal_tru,soybeans_weekly_jumps,soybeans_weekly_lev,soybeans_weekly_rku,soybeans_weekly_rsk,soybeans_weekly_rvb,soybeans_weekly_rvg,soybeans_weekly_trd,soybeans_weekly_tru,corn_monthly_jumps,corn_monthly_lev,corn_monthly_rku,corn_monthly_rsk,corn_monthly_rv,corn_monthly_rvb,corn_monthly_rvg,corn_monthly_trd,corn_monthly_tru,corn_seasonal_jumps,corn_seasonal_lev,corn_seasonal_rku,corn_seasonal_rsk,corn_seasonal_rv,corn_seasonal_rvb,corn_seasonal_rvg,corn_seasonal_trd,corn_seasonal_tru,corn_weekly_jumps,corn_weekly_lev,corn_weekly_rku,corn_weekly_rsk,corn_weekly_rv,corn_weekly_rvb,corn_weekly_rvg,corn_weekly_trd,corn_weekly_tru,wheat_monthly_jumps,wheat_monthly_lev,wheat_monthly_rku,wheat_monthly_rsk,wheat_monthly_rv,wheat_monthly_rvb,wheat_monthly_rvg,wheat_monthly_trd,wheat_monthly_tru,wheat_seasonal_jumps,wheat_seasonal_lev,wheat_seasonal_rku,wheat_seasonal_rsk,wheat_seasonal_rv,wheat_seasonal_rvb,wheat_seasonal_rvg,wheat_seasonal_trd,wheat_seasonal_tru,wheat_weekly_jumps,wheat_weekly_lev,wheat_weekly_rku,wheat_weekly_rsk,wheat_weekly_rv,wheat_weekly_rvb,wheat_weekly_rvg,wheat_weekly_trd,wheat_weekly_tru,ssta_elino,ssta_lanina,SOI_index,NAO_index,tmax_hot_in_planting,tmax_hot_in_harvesting,tmax_very_hot_in_planting,tmax_very_hot_in_harvesting,tmin_cold_in_planting,tmin_cold_in_harvesting,tmin_very_cold_in_planting,tmin_very_cold_in_harvesting,awnd_moderate_high_wind_in_planting,awnd_moderate_high_wind_in_harvesting,awnd_extreme_high_wind_in_planting,awnd_extreme_high_wind_in_harvesting,pdsi_extreme_wet_in_planting,pdsi_extreme_wet_in_harvesting,co2_extreme_in_planting,co2_extreme_in_harvesting,DJIA_Index,WTI_Index,Broad_Dollar_index,Stock_Uncertainty",rolling,208,1,8,208.0,63,bsr,True,False,log,1e-10,True,1e-10,,0.05,full,104.0,1.0,1,18,test_r2,0.4469237124643157,0.9497802561196386
bsr_rolling,har_endo_exo_climate,100,"soybeans_weekly_rv,soybeans_monthly_rv,soybeans_seasonal_rv,soybeans_monthly_jumps,soybeans_monthly_lev,soybeans_monthly_rsk,soybeans_monthly_rvb,soybeans_monthly_trd,soybeans_seasonal_rsk,soybeans_seasonal_rvg,soybeans_seasonal_trd,soybeans_seasonal_tru,soybeans_weekly_jumps,soybeans_weekly_lev,soybeans_weekly_rsk,soybeans_weekly_rvb,soybeans_weekly_trd,corn_monthly_jumps,corn_monthly_lev,corn_monthly_rv,corn_monthly_rvg,corn_monthly_tru,corn_seasonal_jumps,corn_seasonal_lev,corn_seasonal_rku,corn_seasonal_rv,corn_seasonal_rvb,corn_seasonal_rvg,corn_seasonal_tru,corn_weekly_lev,corn_weekly_rvb,corn_weekly_rvg,wheat_monthly_lev,wheat_monthly_rku,wheat_monthly_rv,wheat_monthly_rvg,wheat_monthly_tru,wheat_seasonal_lev,wheat_seasonal_rv,wheat_seasonal_rvb,wheat_seasonal_rvg,wheat_seasonal_tru,wheat_weekly_lev,wheat_weekly_rku,wheat_weekly_rv,wheat_weekly_rvb,wheat_weekly_rvg,wheat_weekly_trd,ssta_elino,ssta_lanina,NAO_index,tmax_hot_in_harvesting,tmax_very_hot_in_planting,awnd_extreme_high_wind_in_planting,pdsi_extreme_wet_in_harvesting,soybeans_monthly_rvg,soybeans_seasonal_jumps,soybeans_seasonal_lev,soybeans_seasonal_rku,soybeans_weekly_tru,corn_monthly_rku,corn_seasonal_rsk,corn_seasonal_trd,corn_weekly_rku,corn_weekly_rv,wheat_monthly_rsk,wheat_monthly_rvb,wheat_monthly_trd,wheat_seasonal_jumps,wheat_seasonal_rku,wheat_seasonal_trd,wheat_weekly_jumps,wheat_weekly_tru,tmax_hot_in_planting,soybeans_monthly_rku,soybeans_monthly_tru,soybeans_weekly_rvg,corn_monthly_rvb,wheat_weekly_rsk,SOI_index,tmax_very_hot_in_harvesting,co2_extreme_in_harvesting,soybeans_seasonal_rvb,tmin_cold_in_harvesting,tmin_very_cold_in_harvesting,awnd_moderate_high_wind_in_planting,awnd_moderate_high_wind_in_harvesting,soybeans_weekly_rku,corn_monthly_trd,corn_weekly_trd,corn_monthly_rsk,corn_weekly_rsk,corn_weekly_tru,wheat_seasonal_rsk,tmin_very_cold_in_planting,corn_weekly_jumps,tmin_cold_in_planting,wheat_monthly_jumps,pdsi_extreme_wet_in_planting,co2_extreme_in_planting",1.3660441582434125e-07,0.00027647136289013735,-3.614686111405267,0.9641610607123015,0.9647264033049838,2.048762861595337e-06,0.0011121367850928671,-3.6373336294327108,0.40545800356895323,0.4058072309626386,soybeans_weekly_rv,RV_target,16,"soybeans_weekly_rv,soybeans_monthly_rv,soybeans_seasonal_rv","soybeans_monthly_jumps,soybeans_monthly_lev,soybeans_monthly_rku,soybeans_monthly_rsk,soybeans_monthly_rvb,soybeans_monthly_rvg,soybeans_monthly_trd,soybeans_monthly_tru,soybeans_seasonal_jumps,soybeans_seasonal_lev,soybeans_seasonal_rku,soybeans_seasonal_rsk,soybeans_seasonal_rvb,soybeans_seasonal_rvg,soybeans_seasonal_trd,soybeans_seasonal_tru,soybeans_weekly_jumps,soybeans_weekly_lev,soybeans_weekly_rku,soybeans_weekly_rsk,soybeans_weekly_rvb,soybeans_weekly_rvg,soybeans_weekly_trd,soybeans_weekly_tru,corn_monthly_jumps,corn_monthly_lev,corn_monthly_rku,corn_monthly_rsk,corn_monthly_rv,corn_monthly_rvb,corn_monthly_rvg,corn_monthly_trd,corn_monthly_tru,corn_seasonal_jumps,corn_seasonal_lev,corn_seasonal_rku,corn_seasonal_rsk,corn_seasonal_rv,corn_seasonal_rvb,corn_seasonal_rvg,corn_seasonal_trd,corn_seasonal_tru,corn_weekly_jumps,corn_weekly_lev,corn_weekly_rku,corn_weekly_rsk,corn_weekly_rv,corn_weekly_rvb,corn_weekly_rvg,corn_weekly_trd,corn_weekly_tru,wheat_monthly_jumps,wheat_monthly_lev,wheat_monthly_rku,wheat_monthly_rsk,wheat_monthly_rv,wheat_monthly_rvb,wheat_monthly_rvg,wheat_monthly_trd,wheat_monthly_tru,wheat_seasonal_jumps,wheat_seasonal_lev,wheat_seasonal_rku,wheat_seasonal_rsk,wheat_seasonal_rv,wheat_seasonal_rvb,wheat_seasonal_rvg,wheat_seasonal_trd,wheat_seasonal_tru,wheat_weekly_jumps,wheat_weekly_lev,wheat_weekly_rku,wheat_weekly_rsk,wheat_weekly_rv,wheat_weekly_rvb,wheat_weekly_rvg,wheat_weekly_trd,wheat_weekly_tru,ssta_elino,ssta_lanina,SOI_index,NAO_index,tmax_hot_in_planting,tmax_hot_in_harvesting,tmax_very_hot_in_planting,tmax_very_hot_in_harvesting,tmin_cold_in_planting,tmin_cold_in_harvesting,tmin_very_cold_in_planting,tmin_very_cold_in_harvesting,awnd_moderate_high_wind_in_planting,awnd_moderate_high_wind_in_harvesting,awnd_extreme_high_wind_in_planting,awnd_extreme_high_wind_in_harvesting,pdsi_extreme_wet_in_planting,pdsi_extreme_wet_in_harvesting,co2_extreme_in_planting,co2_extreme_in_harvesting",rolling,208,1,8,208.0,76,bsr,True,False,log,1e-10,True,1e-10,,0.05,full,104.0,1.0,1,18,test_r2,0.40545800356895323,0.9590919038116369
bsr_rolling,har_endo_exo_news_macro,87,"soybeans_weekly_rv,soybeans_monthly_rv,soybeans_seasonal_rv,soybeans_monthly_jumps,soybeans_monthly_rku,soybeans_monthly_tru,soybeans_seasonal_jumps,soybeans_seasonal_lev,soybeans_seasonal_rku,soybeans_seasonal_rvg,soybeans_seasonal_trd,soybeans_seasonal_tru,soybeans_weekly_jumps,soybeans_weekly_rvb,soybeans_weekly_rvg,soybeans_weekly_trd,soybeans_weekly_tru,corn_monthly_jumps,corn_monthly_lev,corn_monthly_rku,corn_monthly_rv,corn_monthly_rvg,corn_monthly_trd,corn_monthly_tru,corn_seasonal_jumps,corn_seasonal_lev,corn_seasonal_rku,corn_seasonal_rsk,corn_seasonal_rv,corn_seasonal_rvb,corn_seasonal_rvg,corn_seasonal_tru,corn_weekly_trd,wheat_monthly_lev,wheat_monthly_rku,wheat_monthly_rv,wheat_monthly_rvg,wheat_monthly_tru,wheat_seasonal_lev,wheat_seasonal_rv,wheat_seasonal_rvg,wheat_seasonal_trd,wheat_weekly_rku,wheat_weekly_rvb,Text_Climate_Anomaly,epu_index,WTI_Index,soybeans_monthly_lev,soybeans_monthly_rvb,soybeans_monthly_rvg,soybeans_seasonal_rsk,soybeans_seasonal_rvb,corn_seasonal_trd,corn_weekly_rsk,corn_weekly_rv,corn_weekly_rvg,wheat_monthly_rvb,wheat_monthly_trd,wheat_seasonal_rvb,wheat_seasonal_tru,wheat_weekly_jumps,wheat_weekly_rv,frbsf_sentiment,DJIA_Index,soybeans_monthly_rsk,corn_monthly_rsk,corn_monthly_rvb,corn_weekly_jumps,corn_weekly_rvb,corn_weekly_tru,wheat_seasonal_jumps,wheat_seasonal_rsk,wheat_weekly_rsk,wheat_weekly_rvg,Broad_Dollar_index,soybeans_weekly_lev,soybeans_weekly_rku,soybeans_weekly_rsk,wheat_seasonal_rku,wheat_weekly_trd,wheat_weekly_tru,corn_weekly_rku,wheat_monthly_jumps,wheat_monthly_rsk,soybeans_monthly_trd,corn_weekly_lev,wheat_weekly_lev",2.008165211433736e-07,0.00034618389037764836,-3.6111473243556484,0.9471589140517347,0.946673419326106,2.2788974328163135e-06,0.0011606055591833716,-3.6338546710748254,0.36770558892090666,0.3867693862195728,soybeans_weekly_rv,RV_target,16,"soybeans_weekly_rv,soybeans_monthly_rv,soybeans_seasonal_rv","soybeans_monthly_jumps,soybeans_monthly_lev,soybeans_monthly_rku,soybeans_monthly_rsk,soybeans_monthly_rvb,soybeans_monthly_rvg,soybeans_monthly_trd,soybeans_monthly_tru,soybeans_seasonal_jumps,soybeans_seasonal_lev,soybeans_seasonal_rku,soybeans_seasonal_rsk,soybeans_seasonal_rvb,soybeans_seasonal_rvg,soybeans_seasonal_trd,soybeans_seasonal_tru,soybeans_weekly_jumps,soybeans_weekly_lev,soybeans_weekly_rku,soybeans_weekly_rsk,soybeans_weekly_rvb,soybeans_weekly_rvg,soybeans_weekly_trd,soybeans_weekly_tru,corn_monthly_jumps,corn_monthly_lev,corn_monthly_rku,corn_monthly_rsk,corn_monthly_rv,corn_monthly_rvb,corn_monthly_rvg,corn_monthly_trd,corn_monthly_tru,corn_seasonal_jumps,corn_seasonal_lev,corn_seasonal_rku,corn_seasonal_rsk,corn_seasonal_rv,corn_seasonal_rvb,corn_seasonal_rvg,corn_seasonal_trd,corn_seasonal_tru,corn_weekly_jumps,corn_weekly_lev,corn_weekly_rku,corn_weekly_rsk,corn_weekly_rv,corn_weekly_rvb,corn_weekly_rvg,corn_weekly_trd,corn_weekly_tru,wheat_monthly_jumps,wheat_monthly_lev,wheat_monthly_rku,wheat_monthly_rsk,wheat_monthly_rv,wheat_monthly_rvb,wheat_monthly_rvg,wheat_monthly_trd,wheat_monthly_tru,wheat_seasonal_jumps,wheat_seasonal_lev,wheat_seasonal_rku,wheat_seasonal_rsk,wheat_seasonal_rv,wheat_seasonal_rvb,wheat_seasonal_rvg,wheat_seasonal_trd,wheat_seasonal_tru,wheat_weekly_jumps,wheat_weekly_lev,wheat_weekly_rku,wheat_weekly_rsk,wheat_weekly_rv,wheat_weekly_rvb,wheat_weekly_rvg,wheat_weekly_trd,wheat_weekly_tru,frbsf_sentiment,Text_Climate_Anomaly,epu_index,DJIA_Index,WTI_Index,Broad_Dollar_index,Stock_Uncertainty",rolling,208,1,8,208.0,63,bsr,True,False,log,1e-10,True,1e-10,,0.05,full,104.0,1.0,1,18,test_r2,0.36770558892090666,0.939695968471379
bsr_rolling,har_endo_exo,81,"soybeans_weekly_rv,soybeans_monthly_rv,soybeans_seasonal_rv,soybeans_monthly_rvb,soybeans_seasonal_rsk,soybeans_seasonal_rvg,soybeans_seasonal_trd,soybeans_seasonal_tru,soybeans_weekly_jumps,soybeans_weekly_rvb,soybeans_weekly_rvg,soybeans_weekly_trd,soybeans_weekly_tru,corn_monthly_jumps,corn_monthly_rsk,corn_monthly_rv,corn_monthly_rvg,corn_monthly_tru,corn_seasonal_jumps,corn_seasonal_lev,corn_seasonal_rku,corn_seasonal_rv,corn_seasonal_rvb,corn_seasonal_rvg,corn_seasonal_tru,corn_weekly_lev,corn_weekly_rv,corn_weekly_rvb,wheat_monthly_lev,wheat_monthly_rku,wheat_monthly_rv,wheat_monthly_rvg,wheat_monthly_tru,wheat_seasonal_lev,wheat_seasonal_rv,wheat_seasonal_rvb,wheat_seasonal_rvg,wheat_seasonal_tru,wheat_weekly_lev,wheat_weekly_rku,wheat_weekly_rv,wheat_weekly_rvb,wheat_weekly_trd,soybeans_monthly_jumps,soybeans_monthly_rsk,soybeans_monthly_rvg,soybeans_seasonal_lev,soybeans_seasonal_rvb,corn_monthly_rku,corn_seasonal_rsk,corn_weekly_rsk,corn_weekly_rvg,wheat_monthly_rvb,wheat_monthly_trd,wheat_seasonal_jumps,wheat_weekly_jumps,wheat_weekly_rvg,wheat_weekly_tru,soybeans_monthly_lev,soybeans_monthly_rku,soybeans_monthly_tru,soybeans_seasonal_jumps,soybeans_seasonal_rku,soybeans_weekly_rsk,corn_monthly_rvb,corn_monthly_trd,corn_seasonal_trd,wheat_monthly_jumps,wheat_seasonal_rsk,soybeans_weekly_lev,soybeans_weekly_rku,corn_monthly_lev,corn_weekly_trd,corn_weekly_tru,wheat_monthly_rsk,wheat_seasonal_trd,wheat_weekly_rsk,soybeans_monthly_trd,wheat_seasonal_rku,corn_weekly_jumps,corn_weekly_rku",2.0709244403239023e-07,0.000344364564494473,-3.6143256717316934,0.9456681287802453,0.945031491179516,2.315432765228433e-06,0.0012073804505983038,-3.6359623623402477,0.32807156716574826,0.32811060155358096,soybeans_weekly_rv,RV_target,16,"soybeans_weekly_rv,soybeans_monthly_rv,soybeans_seasonal_rv","soybeans_monthly_jumps,soybeans_monthly_lev,soybeans_monthly_rku,soybeans_monthly_rsk,soybeans_monthly_rvb,soybeans_monthly_rvg,soybeans_monthly_trd,soybeans_monthly_tru,soybeans_seasonal_jumps,soybeans_seasonal_lev,soybeans_seasonal_rku,soybeans_seasonal_rsk,soybeans_seasonal_rvb,soybeans_seasonal_rvg,soybeans_seasonal_trd,soybeans_seasonal_tru,soybeans_weekly_jumps,soybeans_weekly_lev,soybeans_weekly_rku,soybeans_weekly_rsk,soybeans_weekly_rvb,soybeans_weekly_rvg,soybeans_weekly_trd,soybeans_weekly_tru,corn_monthly_jumps,corn_monthly_lev,corn_monthly_rku,corn_monthly_rsk,corn_monthly_rv,corn_monthly_rvb,corn_monthly_rvg,corn_monthly_trd,corn_monthly_tru,corn_seasonal_jumps,corn_seasonal_lev,corn_seasonal_rku,corn_seasonal_rsk,corn_seasonal_rv,corn_seasonal_rvb,corn_seasonal_rvg,corn_seasonal_trd,corn_seasonal_tru,corn_weekly_jumps,corn_weekly_lev,corn_weekly_rku,corn_weekly_rsk,corn_weekly_rv,corn_weekly_rvb,corn_weekly_rvg,corn_weekly_trd,corn_weekly_tru,wheat_monthly_jumps,wheat_monthly_lev,wheat_monthly_rku,wheat_monthly_rsk,wheat_monthly_rv,wheat_monthly_rvb,wheat_monthly_rvg,wheat_monthly_trd,wheat_monthly_tru,wheat_seasonal_jumps,wheat_seasonal_lev,wheat_seasonal_rku,wheat_seasonal_rsk,wheat_seasonal_rv,wheat_seasonal_rvb,wheat_seasonal_rvg,wheat_seasonal_trd,wheat_seasonal_tru,wheat_weekly_jumps,wheat_weekly_lev,wheat_weekly_rku,wheat_weekly_rsk,wheat_weekly_rv,wheat_weekly_rvb,wheat_weekly_rvg,wheat_weekly_trd,wheat_weekly_tru",rolling,208,1,8,208.0,76,bsr,True,False,log,1e-10,True,1e-10,,0.05,full,104.0,1.0,1,18,test_r2,0.32807156716574826,0.9396063084375454
bsr_rolling,har,3,"soybeans_weekly_rv,soybeans_monthly_rv,soybeans_seasonal_rv",2.302304335609835e-06,0.0011840655810714765,-3.6044546670463173,0.39312182150266684,0.4063729860127352,2.796139659307996e-06,0.0013101460768870658,-3.6318100321357965,0.22908491345235604,0.23648224030218024,soybeans_weekly_rv,RV_target,16,"soybeans_weekly_rv,soybeans_monthly_rv,soybeans_seasonal_rv",,rolling,260,1,8,260.0,70,bsr,True,False,log,1e-10,True,1e-10,,0.05,full,104.0,1.0,7,18,test_r2,0.22908491345235604,0.3908685609389392
bsr_rolling,har_endo,24,"soybeans_weekly_rv,soybeans_monthly_rv,soybeans_seasonal_rv,soybeans_monthly_jumps,soybeans_monthly_rku,soybeans_seasonal_jumps,soybeans_seasonal_lev,soybeans_seasonal_rku,soybeans_seasonal_rsk,soybeans_seasonal_rvg,soybeans_seasonal_trd,soybeans_seasonal_tru,soybeans_monthly_lev,soybeans_monthly_rvg,soybeans_monthly_tru,soybeans_seasonal_rvb,soybeans_weekly_lev,soybeans_weekly_rku,soybeans_weekly_rvg,soybeans_weekly_tru,soybeans_monthly_trd,soybeans_weekly_rsk,soybeans_monthly_rvb,soybeans_weekly_rvb",1.4325574657710562e-06,0.0009401891824408017,-3.608487867934549,0.6223836041252075,0.6186239493790988,3.2349828175361877e-06,0.0014912165240025502,-3.6295501289075496,0.10809281272515026,0.1103865056887613,soybeans_weekly_rv,RV_target,16,"soybeans_weekly_rv,soybeans_monthly_rv,soybeans_seasonal_rv","soybeans_monthly_jumps,soybeans_monthly_lev,soybeans_monthly_rku,soybeans_monthly_rsk,soybeans_monthly_rvb,soybeans_monthly_rvg,soybeans_monthly_trd,soybeans_monthly_tru,soybeans_seasonal_jumps,soybeans_seasonal_lev,soybeans_seasonal_rku,soybeans_seasonal_rsk,soybeans_seasonal_rvb,soybeans_seasonal_rvg,soybeans_seasonal_trd,soybeans_seasonal_tru,soybeans_weekly_jumps,soybeans_weekly_lev,soybeans_weekly_rku,soybeans_weekly_rsk,soybeans_weekly_rvb,soybeans_weekly_rvg,soybeans_weekly_trd,soybeans_weekly_tru",rolling,260,1,8,260.0,70,bsr,True,False,log,1e-10,True,1e-10,,0.05,full,104.0,1.0,7,18,test_r2,0.10809281272515026,0.6108679834123802
lasso_expanding,har_endo_exo_climate_news_macro,83,"DJIA_Index,Text_Climate_Anomaly,WTI_Index,corn_monthly_trd,corn_weekly_rv,pdsi_extreme_wet_in_planting,soybeans_monthly_rv,soybeans_monthly_trd,soybeans_seasonal_lev,soybeans_seasonal_rku,soybeans_seasonal_rv,soybeans_seasonal_trd,soybeans_weekly_rv,soybeans_weekly_rvg,ssta_elino,tmin_cold_in_harvesting,wheat_monthly_rku,wheat_monthly_rv,wheat_seasonal_rsk,Broad_Dollar_index,awnd_moderate_high_wind_in_harvesting,corn_seasonal_rsk,corn_weekly_rvb,tmin_cold_in_planting,wheat_seasonal_rv,wheat_weekly_rv,NAO_index,SOI_index,Stock_Uncertainty,awnd_extreme_high_wind_in_harvesting,awnd_extreme_high_wind_in_planting,awnd_moderate_high_wind_in_planting,co2_extreme_in_harvesting,co2_extreme_in_planting,corn_monthly_jumps,corn_monthly_rsk,corn_seasonal_jumps,corn_seasonal_lev,corn_seasonal_rku,corn_seasonal_rv,corn_weekly_rku,corn_weekly_rsk,corn_weekly_tru,pdsi_extreme_wet_in_harvesting,soybeans_monthly_jumps,soybeans_monthly_lev,soybeans_monthly_rku,soybeans_monthly_tru,soybeans_seasonal_jumps,soybeans_seasonal_rsk,soybeans_seasonal_tru,soybeans_weekly_jumps,soybeans_weekly_lev,soybeans_weekly_rku,soybeans_weekly_rsk,soybeans_weekly_trd,soybeans_weekly_tru,ssta_lanina,tmax_hot_in_harvesting,tmax_hot_in_planting,tmax_very_hot_in_planting,tmin_very_cold_in_planting,wheat_monthly_jumps,wheat_monthly_lev,wheat_monthly_trd,wheat_seasonal_jumps,wheat_seasonal_lev,wheat_seasonal_rku,wheat_seasonal_trd,wheat_seasonal_tru,wheat_weekly_jumps,wheat_weekly_lev,wheat_weekly_rku,wheat_weekly_rsk,wheat_weekly_rvg,wheat_weekly_trd,frbsf_sentiment,soybeans_weekly_rvb,tmin_very_cold_in_harvesting,epu_index,wheat_monthly_tru,corn_weekly_rvg,soybeans_monthly_rvg",1.56469877144548e-06,0.0009765237420641932,-3.6045563460725916,0.5882789832512549,0.5886398358033968,2.3584748813754497e-06,0.0012313938982403743,-3.6330080006697685,0.3456263258319603,0.3412048034605548,soybeans_weekly_rv,RV_target,16,"soybeans_weekly_rv,soybeans_monthly_rv,soybeans_seasonal_rv","soybeans_monthly_jumps,soybeans_monthly_lev,soybeans_monthly_rku,soybeans_monthly_rsk,soybeans_monthly_rvb,soybeans_monthly_rvg,soybeans_monthly_trd,soybeans_monthly_tru,soybeans_seasonal_jumps,soybeans_seasonal_lev,soybeans_seasonal_rku,soybeans_seasonal_rsk,soybeans_seasonal_rvb,soybeans_seasonal_rvg,soybeans_seasonal_trd,soybeans_seasonal_tru,soybeans_weekly_jumps,soybeans_weekly_lev,soybeans_weekly_rku,soybeans_weekly_rsk,soybeans_weekly_rvb,soybeans_weekly_rvg,soybeans_weekly_trd,soybeans_weekly_tru,corn_monthly_jumps,corn_monthly_lev,corn_monthly_rku,corn_monthly_rsk,corn_monthly_rv,corn_monthly_rvb,corn_monthly_rvg,corn_monthly_trd,corn_monthly_tru,corn_seasonal_jumps,corn_seasonal_lev,corn_seasonal_rku,corn_seasonal_rsk,corn_seasonal_rv,corn_seasonal_rvb,corn_seasonal_rvg,corn_seasonal_trd,corn_seasonal_tru,corn_weekly_jumps,corn_weekly_lev,corn_weekly_rku,corn_weekly_rsk,corn_weekly_rv,corn_weekly_rvb,corn_weekly_rvg,corn_weekly_trd,corn_weekly_tru,wheat_monthly_jumps,wheat_monthly_lev,wheat_monthly_rku,wheat_monthly_rsk,wheat_monthly_rv,wheat_monthly_rvb,wheat_monthly_rvg,wheat_monthly_trd,wheat_monthly_tru,wheat_seasonal_jumps,wheat_seasonal_lev,wheat_seasonal_rku,wheat_seasonal_rsk,wheat_seasonal_rv,wheat_seasonal_rvb,wheat_seasonal_rvg,wheat_seasonal_trd,wheat_seasonal_tru,wheat_weekly_jumps,wheat_weekly_lev,wheat_weekly_rku,wheat_weekly_rsk,wheat_weekly_rv,wheat_weekly_rvb,wheat_weekly_rvg,wheat_weekly_trd,wheat_weekly_tru,ssta_elino,ssta_lanina,SOI_index,NAO_index,tmax_hot_in_planting,tmax_hot_in_harvesting,tmax_very_hot_in_planting,tmax_very_hot_in_harvesting,tmin_cold_in_planting,tmin_cold_in_harvesting,tmin_very_cold_in_planting,tmin_very_cold_in_harvesting,awnd_moderate_high_wind_in_planting,awnd_moderate_high_wind_in_harvesting,awnd_extreme_high_wind_in_planting,awnd_extreme_high_wind_in_harvesting,pdsi_extreme_wet_in_planting,pdsi_extreme_wet_in_harvesting,co2_extreme_in_planting,co2_extreme_in_harvesting,frbsf_sentiment,Text_Climate_Anomaly,epu_index,DJIA_Index,WTI_Index,Broad_Dollar_index,Stock_Uncertainty",expanding,208,1,8,,63,lasso,True,True,log,1e-10,True,1e-10,0.02048021677980518,,,,,1,18,test_r2,0.3456263258319603,0.5331614922994068
lasso_expanding,har_endo_exo_climate,81,"NAO_index,pdsi_extreme_wet_in_planting,soybeans_monthly_rv,soybeans_monthly_trd,soybeans_seasonal_lev,soybeans_seasonal_rv,soybeans_seasonal_trd,soybeans_weekly_rv,soybeans_weekly_rvb,soybeans_weekly_rvg,ssta_elino,wheat_seasonal_jumps,wheat_seasonal_rsk,co2_extreme_in_harvesting,corn_seasonal_lev,corn_seasonal_rsk,corn_seasonal_rv,corn_weekly_jumps,corn_weekly_rsk,soybeans_seasonal_rku,tmax_hot_in_harvesting,tmax_hot_in_planting,tmin_cold_in_planting,tmin_very_cold_in_harvesting,tmin_very_cold_in_planting,wheat_monthly_lev,wheat_monthly_rku,wheat_monthly_rv,wheat_weekly_rku,wheat_weekly_rv,SOI_index,awnd_extreme_high_wind_in_harvesting,awnd_extreme_high_wind_in_planting,awnd_moderate_high_wind_in_harvesting,awnd_moderate_high_wind_in_planting,co2_extreme_in_planting,corn_monthly_jumps,corn_monthly_lev,corn_monthly_trd,corn_monthly_tru,corn_seasonal_jumps,corn_seasonal_rku,corn_weekly_rku,corn_weekly_rvb,corn_weekly_tru,soybeans_monthly_jumps,soybeans_monthly_rsk,soybeans_monthly_rvg,soybeans_monthly_tru,soybeans_seasonal_jumps,soybeans_seasonal_rsk,soybeans_seasonal_tru,soybeans_weekly_jumps,soybeans_weekly_lev,soybeans_weekly_rku,soybeans_weekly_rsk,soybeans_weekly_trd,soybeans_weekly_tru,ssta_lanina,tmax_very_hot_in_harvesting,tmin_cold_in_harvesting,wheat_monthly_jumps,wheat_monthly_rsk,wheat_monthly_trd,wheat_seasonal_rku,wheat_seasonal_trd,wheat_seasonal_tru,wheat_weekly_jumps,wheat_weekly_rsk,wheat_weekly_trd,corn_weekly_rv,corn_monthly_rku,corn_seasonal_tru,soybeans_monthly_rku,tmax_very_hot_in_planting,wheat_seasonal_rv,wheat_weekly_lev,wheat_weekly_tru,pdsi_extreme_wet_in_harvesting,wheat_monthly_tru,wheat_seasonal_lev",1.4918189218127014e-06,0.0009418878926788874,-3.608182438044254,0.6086128882111993,0.6125540877520514,2.4662168918998405e-06,0.0012536765585788494,-3.6431859870658903,0.3478217719688761,0.36995516703949605,soybeans_weekly_rv,RV_target,16,"soybeans_weekly_rv,soybeans_monthly_rv,soybeans_seasonal_rv","soybeans_monthly_jumps,soybeans_monthly_lev,soybeans_monthly_rku,soybeans_monthly_rsk,soybeans_monthly_rvb,soybeans_monthly_rvg,soybeans_monthly_trd,soybeans_monthly_tru,soybeans_seasonal_jumps,soybeans_seasonal_lev,soybeans_seasonal_rku,soybeans_seasonal_rsk,soybeans_seasonal_rvb,soybeans_seasonal_rvg,soybeans_seasonal_trd,soybeans_seasonal_tru,soybeans_weekly_jumps,soybeans_weekly_lev,soybeans_weekly_rku,soybeans_weekly_rsk,soybeans_weekly_rvb,soybeans_weekly_rvg,soybeans_weekly_trd,soybeans_weekly_tru,corn_monthly_jumps,corn_monthly_lev,corn_monthly_rku,corn_monthly_rsk,corn_monthly_rv,corn_monthly_rvb,corn_monthly_rvg,corn_monthly_trd,corn_monthly_tru,corn_seasonal_jumps,corn_seasonal_lev,corn_seasonal_rku,corn_seasonal_rsk,corn_seasonal_rv,corn_seasonal_rvb,corn_seasonal_rvg,corn_seasonal_trd,corn_seasonal_tru,corn_weekly_jumps,corn_weekly_lev,corn_weekly_rku,corn_weekly_rsk,corn_weekly_rv,corn_weekly_rvb,corn_weekly_rvg,corn_weekly_trd,corn_weekly_tru,wheat_monthly_jumps,wheat_monthly_lev,wheat_monthly_rku,wheat_monthly_rsk,wheat_monthly_rv,wheat_monthly_rvb,wheat_monthly_rvg,wheat_monthly_trd,wheat_monthly_tru,wheat_seasonal_jumps,wheat_seasonal_lev,wheat_seasonal_rku,wheat_seasonal_rsk,wheat_seasonal_rv,wheat_seasonal_rvb,wheat_seasonal_rvg,wheat_seasonal_trd,wheat_seasonal_tru,wheat_weekly_jumps,wheat_weekly_lev,wheat_weekly_rku,wheat_weekly_rsk,wheat_weekly_rv,wheat_weekly_rvb,wheat_weekly_rvg,wheat_weekly_trd,wheat_weekly_tru,ssta_elino,ssta_lanina,SOI_index,NAO_index,tmax_hot_in_planting,tmax_hot_in_harvesting,tmax_very_hot_in_planting,tmax_very_hot_in_harvesting,tmin_cold_in_planting,tmin_cold_in_harvesting,tmin_very_cold_in_planting,tmin_very_cold_in_harvesting,awnd_moderate_high_wind_in_planting,awnd_moderate_high_wind_in_harvesting,awnd_extreme_high_wind_in_planting,awnd_extreme_high_wind_in_harvesting,pdsi_extreme_wet_in_planting,pdsi_extreme_wet_in_harvesting,co2_extreme_in_planting,co2_extreme_in_harvesting",expanding,312,2,8,,63,lasso,True,True,log,1e-10,True,1e-10,0.015779749451312223,,,,,15,18,test_r2,0.3478217719688761,0.5649457311107959
lasso_expanding,har_endo_exo_climate_news,90,"NAO_index,Text_Climate_Anomaly,pdsi_extreme_wet_in_planting,soybeans_monthly_rv,soybeans_monthly_trd,soybeans_seasonal_lev,soybeans_seasonal_rv,soybeans_seasonal_trd,soybeans_weekly_rv,soybeans_weekly_rvb,soybeans_weekly_rvg,ssta_elino,wheat_seasonal_jumps,wheat_seasonal_rsk,awnd_extreme_high_wind_in_harvesting,awnd_moderate_high_wind_in_harvesting,awnd_moderate_high_wind_in_planting,co2_extreme_in_harvesting,co2_extreme_in_planting,corn_monthly_lev,corn_monthly_rsk,corn_monthly_tru,corn_seasonal_jumps,corn_seasonal_lev,corn_seasonal_rku,corn_seasonal_rsk,corn_seasonal_rv,corn_seasonal_trd,corn_weekly_jumps,corn_weekly_rku,corn_weekly_rsk,corn_weekly_rvb,corn_weekly_tru,epu_index,frbsf_sentiment,pdsi_extreme_wet_in_harvesting,soybeans_monthly_jumps,soybeans_monthly_rsk,soybeans_monthly_rvg,soybeans_monthly_tru,soybeans_seasonal_jumps,soybeans_seasonal_rku,soybeans_seasonal_rsk,soybeans_seasonal_tru,soybeans_weekly_jumps,soybeans_weekly_lev,soybeans_weekly_rku,soybeans_weekly_rsk,soybeans_weekly_trd,soybeans_weekly_tru,ssta_lanina,tmax_hot_in_harvesting,tmax_hot_in_planting,tmin_very_cold_in_planting,wheat_monthly_jumps,wheat_monthly_lev,wheat_monthly_rku,wheat_monthly_trd,wheat_seasonal_rv,wheat_seasonal_trd,wheat_seasonal_tru,wheat_weekly_jumps,wheat_weekly_lev,wheat_weekly_rku,wheat_weekly_rv,wheat_weekly_trd,SOI_index,awnd_extreme_high_wind_in_planting,corn_monthly_jumps,corn_monthly_trd,corn_weekly_lev,tmax_very_hot_in_harvesting,tmax_very_hot_in_planting,tmin_cold_in_planting,wheat_monthly_rsk,wheat_monthly_tru,wheat_seasonal_lev,wheat_seasonal_rku,wheat_weekly_rsk,wheat_weekly_rvg,soybeans_monthly_rku,tmin_very_cold_in_harvesting,corn_monthly_rku,corn_seasonal_tru,wheat_monthly_rvg,corn_weekly_trd,tmin_cold_in_harvesting,wheat_seasonal_rvg,wheat_weekly_tru,corn_weekly_rv",1.2273608797686877e-06,0.000863017857832178,-3.6094614772169265,0.6779949477571118,0.6818809952632833,2.597952980600199e-06,0.0012894978854870165,-3.642706323632233,0.31953222953500193,0.35058205478173177,soybeans_weekly_rv,RV_target,16,"soybeans_weekly_rv,soybeans_monthly_rv,soybeans_seasonal_rv","soybeans_monthly_jumps,soybeans_monthly_lev,soybeans_monthly_rku,soybeans_monthly_rsk,soybeans_monthly_rvb,soybeans_monthly_rvg,soybeans_monthly_trd,soybeans_monthly_tru,soybeans_seasonal_jumps,soybeans_seasonal_lev,soybeans_seasonal_rku,soybeans_seasonal_rsk,soybeans_seasonal_rvb,soybeans_seasonal_rvg,soybeans_seasonal_trd,soybeans_seasonal_tru,soybeans_weekly_jumps,soybeans_weekly_lev,soybeans_weekly_rku,soybeans_weekly_rsk,soybeans_weekly_rvb,soybeans_weekly_rvg,soybeans_weekly_trd,soybeans_weekly_tru,corn_monthly_jumps,corn_monthly_lev,corn_monthly_rku,corn_monthly_rsk,corn_monthly_rv,corn_monthly_rvb,corn_monthly_rvg,corn_monthly_trd,corn_monthly_tru,corn_seasonal_jumps,corn_seasonal_lev,corn_seasonal_rku,corn_seasonal_rsk,corn_seasonal_rv,corn_seasonal_rvb,corn_seasonal_rvg,corn_seasonal_trd,corn_seasonal_tru,corn_weekly_jumps,corn_weekly_lev,corn_weekly_rku,corn_weekly_rsk,corn_weekly_rv,corn_weekly_rvb,corn_weekly_rvg,corn_weekly_trd,corn_weekly_tru,wheat_monthly_jumps,wheat_monthly_lev,wheat_monthly_rku,wheat_monthly_rsk,wheat_monthly_rv,wheat_monthly_rvb,wheat_monthly_rvg,wheat_monthly_trd,wheat_monthly_tru,wheat_seasonal_jumps,wheat_seasonal_lev,wheat_seasonal_rku,wheat_seasonal_rsk,wheat_seasonal_rv,wheat_seasonal_rvb,wheat_seasonal_rvg,wheat_seasonal_trd,wheat_seasonal_tru,wheat_weekly_jumps,wheat_weekly_lev,wheat_weekly_rku,wheat_weekly_rsk,wheat_weekly_rv,wheat_weekly_rvb,wheat_weekly_rvg,wheat_weekly_trd,wheat_weekly_tru,ssta_elino,ssta_lanina,SOI_index,NAO_index,tmax_hot_in_planting,tmax_hot_in_harvesting,tmax_very_hot_in_planting,tmax_very_hot_in_harvesting,tmin_cold_in_planting,tmin_cold_in_harvesting,tmin_very_cold_in_planting,tmin_very_cold_in_harvesting,awnd_moderate_high_wind_in_planting,awnd_moderate_high_wind_in_harvesting,awnd_extreme_high_wind_in_planting,awnd_extreme_high_wind_in_harvesting,pdsi_extreme_wet_in_planting,pdsi_extreme_wet_in_harvesting,co2_extreme_in_planting,co2_extreme_in_harvesting,frbsf_sentiment,Text_Climate_Anomaly,epu_index",expanding,312,1,8,,63,lasso,True,True,log,1e-10,True,1e-10,0.007324310885041816,,,,,13,18,test_r2,0.31953222953500193,0.6375759035425232
lasso_expanding,har_endo_exo_climate_macro,30,"DJIA_Index,soybeans_monthly_rv,soybeans_seasonal_rv,soybeans_weekly_rv,soybeans_weekly_rvg,NAO_index,soybeans_monthly_trd,soybeans_monthly_tru,soybeans_seasonal_lev,tmax_hot_in_planting,soybeans_monthly_rvg,wheat_weekly_rv,soybeans_weekly_rvb,Stock_Uncertainty,WTI_Index,tmax_hot_in_harvesting,tmin_very_cold_in_planting,Broad_Dollar_index,pdsi_extreme_wet_in_harvesting,pdsi_extreme_wet_in_planting,ssta_elino,ssta_lanina,tmax_very_hot_in_planting,tmin_very_cold_in_harvesting,wheat_seasonal_lev,corn_weekly_rv,soybeans_seasonal_trd,wheat_monthly_tru,soybeans_seasonal_tru,wheat_seasonal_jumps",1.8113705301165682e-06,0.0010356152501473663,-3.6035431337808883,0.523371955050907,0.5347988875613503,2.7448684881989124e-06,0.0013190083070380788,-3.6326871290856797,0.3062200265798438,0.3173634312343695,soybeans_weekly_rv,RV_target,16,"soybeans_weekly_rv,soybeans_monthly_rv,soybeans_seasonal_rv","soybeans_monthly_jumps,soybeans_monthly_lev,soybeans_monthly_rku,soybeans_monthly_rsk,soybeans_monthly_rvb,soybeans_monthly_rvg,soybeans_monthly_trd,soybeans_monthly_tru,soybeans_seasonal_jumps,soybeans_seasonal_lev,soybeans_seasonal_rku,soybeans_seasonal_rsk,soybeans_seasonal_rvb,soybeans_seasonal_rvg,soybeans_seasonal_trd,soybeans_seasonal_tru,soybeans_weekly_jumps,soybeans_weekly_lev,soybeans_weekly_rku,soybeans_weekly_rsk,soybeans_weekly_rvb,soybeans_weekly_rvg,soybeans_weekly_trd,soybeans_weekly_tru,corn_monthly_jumps,corn_monthly_lev,corn_monthly_rku,corn_monthly_rsk,corn_monthly_rv,corn_monthly_rvb,corn_monthly_rvg,corn_monthly_trd,corn_monthly_tru,corn_seasonal_jumps,corn_seasonal_lev,corn_seasonal_rku,corn_seasonal_rsk,corn_seasonal_rv,corn_seasonal_rvb,corn_seasonal_rvg,corn_seasonal_trd,corn_seasonal_tru,corn_weekly_jumps,corn_weekly_lev,corn_weekly_rku,corn_weekly_rsk,corn_weekly_rv,corn_weekly_rvb,corn_weekly_rvg,corn_weekly_trd,corn_weekly_tru,wheat_monthly_jumps,wheat_monthly_lev,wheat_monthly_rku,wheat_monthly_rsk,wheat_monthly_rv,wheat_monthly_rvb,wheat_monthly_rvg,wheat_monthly_trd,wheat_monthly_tru,wheat_seasonal_jumps,wheat_seasonal_lev,wheat_seasonal_rku,wheat_seasonal_rsk,wheat_seasonal_rv,wheat_seasonal_rvb,wheat_seasonal_rvg,wheat_seasonal_trd,wheat_seasonal_tru,wheat_weekly_jumps,wheat_weekly_lev,wheat_weekly_rku,wheat_weekly_rsk,wheat_weekly_rv,wheat_weekly_rvb,wheat_weekly_rvg,wheat_weekly_trd,wheat_weekly_tru,ssta_elino,ssta_lanina,SOI_index,NAO_index,tmax_hot_in_planting,tmax_hot_in_harvesting,tmax_very_hot_in_planting,tmax_very_hot_in_harvesting,tmin_cold_in_planting,tmin_cold_in_harvesting,tmin_very_cold_in_planting,tmin_very_cold_in_harvesting,awnd_moderate_high_wind_in_planting,awnd_moderate_high_wind_in_harvesting,awnd_extreme_high_wind_in_planting,awnd_extreme_high_wind_in_harvesting,pdsi_extreme_wet_in_planting,pdsi_extreme_wet_in_harvesting,co2_extreme_in_planting,co2_extreme_in_harvesting,DJIA_Index,WTI_Index,Broad_Dollar_index,Stock_Uncertainty",expanding,312,1,8,,50,lasso,True,True,log,1e-10,True,1e-10,0.02333489289747392,,,,,13,18,test_r2,0.3062200265798438,0.5021255340279162
lasso_expanding,har_endo_exo_news,76,"soybeans_monthly_rv,soybeans_monthly_tru,soybeans_seasonal_rv,soybeans_seasonal_trd,soybeans_weekly_rv,soybeans_weekly_rvg,soybeans_monthly_rvg,Text_Climate_Anomaly,corn_monthly_lev,corn_monthly_rsk,corn_monthly_trd,corn_monthly_tru,corn_seasonal_jumps,corn_seasonal_rku,corn_seasonal_rsk,corn_seasonal_trd,corn_seasonal_tru,corn_weekly_rku,corn_weekly_rsk,corn_weekly_rvb,corn_weekly_trd,epu_index,frbsf_sentiment,soybeans_monthly_jumps,soybeans_monthly_lev,soybeans_monthly_rsk,soybeans_seasonal_jumps,soybeans_seasonal_lev,soybeans_seasonal_rku,soybeans_seasonal_tru,soybeans_weekly_jumps,soybeans_weekly_lev,soybeans_weekly_rku,soybeans_weekly_rsk,wheat_monthly_jumps,wheat_monthly_lev,wheat_monthly_rku,wheat_monthly_rsk,wheat_monthly_tru,wheat_seasonal_jumps,wheat_seasonal_rsk,wheat_seasonal_rvb,wheat_seasonal_rvg,wheat_seasonal_trd,wheat_seasonal_tru,wheat_weekly_lev,wheat_weekly_rku,wheat_weekly_rsk,wheat_weekly_rv,wheat_weekly_rvg,wheat_weekly_trd,corn_weekly_jumps,corn_monthly_rku,soybeans_monthly_trd,corn_seasonal_lev,corn_seasonal_rv,corn_weekly_lev,soybeans_monthly_rku,soybeans_seasonal_rsk,wheat_monthly_rv,wheat_seasonal_rku,wheat_seasonal_rv,wheat_weekly_tru,soybeans_weekly_rvb,corn_monthly_rvb,soybeans_weekly_trd,corn_weekly_tru,wheat_seasonal_lev,corn_monthly_jumps,soybeans_weekly_tru,corn_monthly_rvg,corn_weekly_rvg,wheat_monthly_rvg,wheat_weekly_jumps,wheat_weekly_rvb,corn_weekly_rv",1.5319263431751987e-06,0.0009541736082197684,-3.608132362371869,0.5961903670341706,0.6062050771756766,2.759930519527641e-06,0.0012729956276124204,-3.641575405794013,0.27465706481507823,0.308487659881574,soybeans_weekly_rv,RV_target,16,"soybeans_weekly_rv,soybeans_monthly_rv,soybeans_seasonal_rv","soybeans_monthly_jumps,soybeans_monthly_lev,soybeans_monthly_rku,soybeans_monthly_rsk,soybeans_monthly_rvb,soybeans_monthly_rvg,soybeans_monthly_trd,soybeans_monthly_tru,soybeans_seasonal_jumps,soybeans_seasonal_lev,soybeans_seasonal_rku,soybeans_seasonal_rsk,soybeans_seasonal_rvb,soybeans_seasonal_rvg,soybeans_seasonal_trd,soybeans_seasonal_tru,soybeans_weekly_jumps,soybeans_weekly_lev,soybeans_weekly_rku,soybeans_weekly_rsk,soybeans_weekly_rvb,soybeans_weekly_rvg,soybeans_weekly_trd,soybeans_weekly_tru,corn_monthly_jumps,corn_monthly_lev,corn_monthly_rku,corn_monthly_rsk,corn_monthly_rv,corn_monthly_rvb,corn_monthly_rvg,corn_monthly_trd,corn_monthly_tru,corn_seasonal_jumps,corn_seasonal_lev,corn_seasonal_rku,corn_seasonal_rsk,corn_seasonal_rv,corn_seasonal_rvb,corn_seasonal_rvg,corn_seasonal_trd,corn_seasonal_tru,corn_weekly_jumps,corn_weekly_lev,corn_weekly_rku,corn_weekly_rsk,corn_weekly_rv,corn_weekly_rvb,corn_weekly_rvg,corn_weekly_trd,corn_weekly_tru,wheat_monthly_jumps,wheat_monthly_lev,wheat_monthly_rku,wheat_monthly_rsk,wheat_monthly_rv,wheat_monthly_rvb,wheat_monthly_rvg,wheat_monthly_trd,wheat_monthly_tru,wheat_seasonal_jumps,wheat_seasonal_lev,wheat_seasonal_rku,wheat_seasonal_rsk,wheat_seasonal_rv,wheat_seasonal_rvb,wheat_seasonal_rvg,wheat_seasonal_trd,wheat_seasonal_tru,wheat_weekly_jumps,wheat_weekly_lev,wheat_weekly_rku,wheat_weekly_rsk,wheat_weekly_rv,wheat_weekly_rvb,wheat_weekly_rvg,wheat_weekly_trd,wheat_weekly_tru,frbsf_sentiment,Text_Climate_Anomaly,epu_index",expanding,312,1,4,,126,lasso,True,True,log,1e-10,True,1e-10,0.022054274869502098,,,,,12,18,test_r2,0.27465706481507823,0.5544359015846427
lasso_expanding,har_endo,16,"soybeans_monthly_rv,soybeans_monthly_rvg,soybeans_monthly_trd,soybeans_seasonal_lev,soybeans_seasonal_rv,soybeans_seasonal_rvg,soybeans_seasonal_trd,soybeans_weekly_rv,soybeans_weekly_rvb,soybeans_weekly_rvg,soybeans_monthly_tru,soybeans_seasonal_jumps,soybeans_seasonal_rku,soybeans_monthly_rku,soybeans_monthly_rvb,soybeans_weekly_rku",2.239365475123653e-06,0.0011650653482774666,-3.604548773125894,0.4097122524104184,0.4036910363530569,2.800215949575521e-06,0.001324800456694251,-3.631523082350183,0.23764520324560856,0.2406420374113406,soybeans_weekly_rv,RV_target,16,"soybeans_weekly_rv,soybeans_monthly_rv,soybeans_seasonal_rv","soybeans_monthly_jumps,soybeans_monthly_lev,soybeans_monthly_rku,soybeans_monthly_rsk,soybeans_monthly_rvb,soybeans_monthly_rvg,soybeans_monthly_trd,soybeans_monthly_tru,soybeans_seasonal_jumps,soybeans_seasonal_lev,soybeans_seasonal_rku,soybeans_seasonal_rsk,soybeans_seasonal_rvb,soybeans_seasonal_rvg,soybeans_seasonal_trd,soybeans_seasonal_tru,soybeans_weekly_jumps,soybeans_weekly_lev,soybeans_weekly_rku,soybeans_weekly_rsk,soybeans_weekly_rvb,soybeans_weekly_rvg,soybeans_weekly_trd,soybeans_weekly_tru",expanding,260,1,4,,139,lasso,True,True,log,1e-10,True,1e-10,0.010271595325739109,,,,,6,18,test_r2,0.23764520324560856,0.39783224742748347
lasso_expanding,har,3,"soybeans_monthly_rv,soybeans_seasonal_rv,soybeans_weekly_rv",2.614016125402515e-06,0.0012659414791790836,-3.6028344201024898,0.31095584531975806,0.31218204444968634,2.865171198571299e-06,0.0013545268768314403,-3.6408011888946623,0.2426384417129991,0.22910475978664113,soybeans_weekly_rv,RV_target,16,"soybeans_weekly_rv,soybeans_monthly_rv,soybeans_seasonal_rv",,expanding,312,2,4,,126,lasso,True,True,log,1e-10,True,1e-10,0.0035942972875524165,,,,,14,18,test_r2,0.2426384417129991,0.308397513062282
lasso_expanding,har_endo_exo,65,"soybeans_monthly_rv,soybeans_seasonal_rv,soybeans_seasonal_trd,soybeans_weekly_rv,soybeans_weekly_rvg,soybeans_monthly_rvg,corn_weekly_rv,soybeans_monthly_tru,corn_monthly_rku,corn_monthly_rsk,corn_monthly_trd,corn_monthly_tru,corn_seasonal_jumps,corn_seasonal_lev,corn_seasonal_rku,corn_seasonal_rsk,corn_seasonal_rv,corn_seasonal_tru,corn_weekly_jumps,corn_weekly_rku,corn_weekly_rsk,soybeans_monthly_jumps,soybeans_monthly_lev,soybeans_monthly_rku,soybeans_monthly_rsk,soybeans_monthly_trd,soybeans_seasonal_jumps,soybeans_seasonal_lev,soybeans_seasonal_rku,soybeans_seasonal_rsk,soybeans_seasonal_tru,soybeans_weekly_jumps,soybeans_weekly_lev,soybeans_weekly_rku,soybeans_weekly_rsk,soybeans_weekly_rvb,wheat_monthly_jumps,wheat_monthly_lev,wheat_monthly_rku,wheat_monthly_rsk,wheat_monthly_tru,wheat_seasonal_jumps,wheat_seasonal_rku,wheat_seasonal_rsk,wheat_seasonal_rvg,wheat_seasonal_trd,wheat_seasonal_tru,wheat_weekly_jumps,wheat_weekly_lev,wheat_weekly_rku,wheat_weekly_rsk,wheat_weekly_rv,wheat_weekly_trd,wheat_weekly_tru,corn_monthly_rvb,corn_weekly_trd,soybeans_weekly_tru,wheat_monthly_trd,wheat_monthly_rv,corn_weekly_tru,wheat_seasonal_lev,wheat_seasonal_rv,corn_monthly_jumps,corn_seasonal_trd,corn_weekly_lev",1.7996168412577783e-06,0.001038206182245699,-3.606953259753463,0.5256282265887511,0.5435553717279995,2.9513080606096024e-06,0.0013327914288978812,-3.6404255176126257,0.22436074525388117,0.23147023340144202,soybeans_weekly_rv,RV_target,16,"soybeans_weekly_rv,soybeans_monthly_rv,soybeans_seasonal_rv","soybeans_monthly_jumps,soybeans_monthly_lev,soybeans_monthly_rku,soybeans_monthly_rsk,soybeans_monthly_rvb,soybeans_monthly_rvg,soybeans_monthly_trd,soybeans_monthly_tru,soybeans_seasonal_jumps,soybeans_seasonal_lev,soybeans_seasonal_rku,soybeans_seasonal_rsk,soybeans_seasonal_rvb,soybeans_seasonal_rvg,soybeans_seasonal_trd,soybeans_seasonal_tru,soybeans_weekly_jumps,soybeans_weekly_lev,soybeans_weekly_rku,soybeans_weekly_rsk,soybeans_weekly_rvb,soybeans_weekly_rvg,soybeans_weekly_trd,soybeans_weekly_tru,corn_monthly_jumps,corn_monthly_lev,corn_monthly_rku,corn_monthly_rsk,corn_monthly_rv,corn_monthly_rvb,corn_monthly_rvg,corn_monthly_trd,corn_monthly_tru,corn_seasonal_jumps,corn_seasonal_lev,corn_seasonal_rku,corn_seasonal_rsk,corn_seasonal_rv,corn_seasonal_rvb,corn_seasonal_rvg,corn_seasonal_trd,corn_seasonal_tru,corn_weekly_jumps,corn_weekly_lev,corn_weekly_rku,corn_weekly_rsk,corn_weekly_rv,corn_weekly_rvb,corn_weekly_rvg,corn_weekly_trd,corn_weekly_tru,wheat_monthly_jumps,wheat_monthly_lev,wheat_monthly_rku,wheat_monthly_rsk,wheat_monthly_rv,wheat_monthly_rvb,wheat_monthly_rvg,wheat_monthly_trd,wheat_monthly_tru,wheat_seasonal_jumps,wheat_seasonal_lev,wheat_seasonal_rku,wheat_seasonal_rsk,wheat_seasonal_rv,wheat_seasonal_rvb,wheat_seasonal_rvg,wheat_seasonal_trd,wheat_seasonal_tru,wheat_weekly_jumps,wheat_weekly_lev,wheat_weekly_rku,wheat_weekly_rsk,wheat_weekly_rv,wheat_weekly_rvb,wheat_weekly_rvg,wheat_weekly_trd,wheat_weekly_tru",expanding,312,1,4,,126,lasso,True,True,log,1e-10,True,1e-10,0.01097646457197695,,,,,12,18,test_r2,0.22436074525388117,0.48429556536659135
lasso_expanding,har_endo_exo_macro,51,"DJIA_Index,soybeans_monthly_rv,soybeans_seasonal_rv,soybeans_weekly_rv,soybeans_weekly_rvg,Stock_Uncertainty,WTI_Index,corn_monthly_jumps,corn_monthly_rku,corn_monthly_trd,corn_seasonal_jumps,corn_seasonal_rku,corn_seasonal_rsk,corn_seasonal_rv,corn_seasonal_trd,corn_weekly_lev,corn_weekly_rku,corn_weekly_rv,corn_weekly_tru,soybeans_monthly_lev,soybeans_monthly_rku,soybeans_monthly_rsk,soybeans_monthly_trd,soybeans_seasonal_jumps,soybeans_seasonal_lev,soybeans_seasonal_rku,soybeans_seasonal_trd,soybeans_seasonal_tru,soybeans_weekly_jumps,soybeans_weekly_lev,soybeans_weekly_rku,soybeans_weekly_rsk,soybeans_weekly_trd,wheat_monthly_jumps,wheat_monthly_lev,wheat_monthly_rku,wheat_monthly_tru,wheat_seasonal_rku,wheat_seasonal_rsk,wheat_seasonal_rv,wheat_seasonal_tru,wheat_weekly_rku,wheat_weekly_rsk,wheat_weekly_rv,soybeans_monthly_rvg,soybeans_monthly_tru,soybeans_weekly_rvb,wheat_seasonal_lev,Broad_Dollar_index,soybeans_seasonal_rvg,wheat_seasonal_jumps",2.0116445020588427e-06,0.0010919569185233102,-3.6025532086896046,0.4706736307081272,0.4840357610892396,3.1887654591378254e-06,0.0013906136527471497,-3.630356523147031,0.19402272823082,0.21826191266915762,soybeans_weekly_rv,RV_target,16,"soybeans_weekly_rv,soybeans_monthly_rv,soybeans_seasonal_rv","soybeans_monthly_jumps,soybeans_monthly_lev,soybeans_monthly_rku,soybeans_monthly_rsk,soybeans_monthly_rvb,soybeans_monthly_rvg,soybeans_monthly_trd,soybeans_monthly_tru,soybeans_seasonal_jumps,soybeans_seasonal_lev,soybeans_seasonal_rku,soybeans_seasonal_rsk,soybeans_seasonal_rvb,soybeans_seasonal_rvg,soybeans_seasonal_trd,soybeans_seasonal_tru,soybeans_weekly_jumps,soybeans_weekly_lev,soybeans_weekly_rku,soybeans_weekly_rsk,soybeans_weekly_rvb,soybeans_weekly_rvg,soybeans_weekly_trd,soybeans_weekly_tru,corn_monthly_jumps,corn_monthly_lev,corn_monthly_rku,corn_monthly_rsk,corn_monthly_rv,corn_monthly_rvb,corn_monthly_rvg,corn_monthly_trd,corn_monthly_tru,corn_seasonal_jumps,corn_seasonal_lev,corn_seasonal_rku,corn_seasonal_rsk,corn_seasonal_rv,corn_seasonal_rvb,corn_seasonal_rvg,corn_seasonal_trd,corn_seasonal_tru,corn_weekly_jumps,corn_weekly_lev,corn_weekly_rku,corn_weekly_rsk,corn_weekly_rv,corn_weekly_rvb,corn_weekly_rvg,corn_weekly_trd,corn_weekly_tru,wheat_monthly_jumps,wheat_monthly_lev,wheat_monthly_rku,wheat_monthly_rsk,wheat_monthly_rv,wheat_monthly_rvb,wheat_monthly_rvg,wheat_monthly_trd,wheat_monthly_tru,wheat_seasonal_jumps,wheat_seasonal_lev,wheat_seasonal_rku,wheat_seasonal_rsk,wheat_seasonal_rv,wheat_seasonal_rvb,wheat_seasonal_rvg,wheat_seasonal_trd,wheat_seasonal_tru,wheat_weekly_jumps,wheat_weekly_lev,wheat_weekly_rku,wheat_weekly_rsk,wheat_weekly_rv,wheat_weekly_rvb,wheat_weekly_rvg,wheat_weekly_trd,wheat_weekly_tru,DJIA_Index,WTI_Index,Broad_Dollar_index,Stock_Uncertainty",expanding,312,1,8,,50,lasso,True,True,log,1e-10,True,1e-10,0.02333489289747392,,,,,13,18,test_r2,0.19402272823082,0.4292692674659714
lasso_expanding,har_endo_exo_news_macro,64,"DJIA_Index,WTI_Index,soybeans_monthly_rv,soybeans_seasonal_rv,soybeans_seasonal_trd,soybeans_weekly_rv,soybeans_weekly_rvg,frbsf_sentiment,soybeans_monthly_trd,soybeans_seasonal_jumps,soybeans_seasonal_lev,soybeans_weekly_rvb,wheat_seasonal_rsk,Stock_Uncertainty,Text_Climate_Anomaly,corn_monthly_jumps,corn_monthly_lev,corn_monthly_rku,corn_monthly_trd,corn_seasonal_jumps,corn_seasonal_rku,corn_seasonal_rv,corn_seasonal_trd,corn_weekly_lev,corn_weekly_rku,corn_weekly_rv,epu_index,soybeans_monthly_lev,soybeans_monthly_rku,soybeans_monthly_rsk,soybeans_monthly_tru,soybeans_seasonal_rku,soybeans_seasonal_tru,soybeans_weekly_jumps,soybeans_weekly_lev,soybeans_weekly_rku,soybeans_weekly_rsk,soybeans_weekly_trd,wheat_monthly_rku,wheat_monthly_tru,wheat_seasonal_rku,wheat_seasonal_rv,wheat_seasonal_tru,wheat_weekly_rku,wheat_weekly_rsk,wheat_weekly_rv,wheat_weekly_rvg,soybeans_monthly_rvg,Broad_Dollar_index,corn_monthly_tru,corn_seasonal_rsk,corn_seasonal_tru,corn_weekly_jumps,corn_weekly_tru,wheat_monthly_rsk,wheat_seasonal_jumps,wheat_seasonal_lev,wheat_weekly_trd,corn_monthly_rsk,corn_seasonal_lev,corn_weekly_trd,wheat_monthly_jumps,wheat_weekly_tru,wheat_monthly_rv",1.9192072139967884e-06,0.0010699594826237286,-3.6029783354223643,0.4949967623683169,0.505581332770191,3.2033679747619034e-06,0.0013910825640672854,-3.638218185804883,0.12181025741437124,0.15266665906569132,soybeans_weekly_rv,RV_target,16,"soybeans_weekly_rv,soybeans_monthly_rv,soybeans_seasonal_rv","soybeans_monthly_jumps,soybeans_monthly_lev,soybeans_monthly_rku,soybeans_monthly_rsk,soybeans_monthly_rvb,soybeans_monthly_rvg,soybeans_monthly_trd,soybeans_monthly_tru,soybeans_seasonal_jumps,soybeans_seasonal_lev,soybeans_seasonal_rku,soybeans_seasonal_rsk,soybeans_seasonal_rvb,soybeans_seasonal_rvg,soybeans_seasonal_trd,soybeans_seasonal_tru,soybeans_weekly_jumps,soybeans_weekly_lev,soybeans_weekly_rku,soybeans_weekly_rsk,soybeans_weekly_rvb,soybeans_weekly_rvg,soybeans_weekly_trd,soybeans_weekly_tru,corn_monthly_jumps,corn_monthly_lev,corn_monthly_rku,corn_monthly_rsk,corn_monthly_rv,corn_monthly_rvb,corn_monthly_rvg,corn_monthly_trd,corn_monthly_tru,corn_seasonal_jumps,corn_seasonal_lev,corn_seasonal_rku,corn_seasonal_rsk,corn_seasonal_rv,corn_seasonal_rvb,corn_seasonal_rvg,corn_seasonal_trd,corn_seasonal_tru,corn_weekly_jumps,corn_weekly_lev,corn_weekly_rku,corn_weekly_rsk,corn_weekly_rv,corn_weekly_rvb,corn_weekly_rvg,corn_weekly_trd,corn_weekly_tru,wheat_monthly_jumps,wheat_monthly_lev,wheat_monthly_rku,wheat_monthly_rsk,wheat_monthly_rv,wheat_monthly_rvb,wheat_monthly_rvg,wheat_monthly_trd,wheat_monthly_tru,wheat_seasonal_jumps,wheat_seasonal_lev,wheat_seasonal_rku,wheat_seasonal_rsk,wheat_seasonal_rv,wheat_seasonal_rvb,wheat_seasonal_rvg,wheat_seasonal_trd,wheat_seasonal_tru,wheat_weekly_jumps,wheat_weekly_lev,wheat_weekly_rku,wheat_weekly_rsk,wheat_weekly_rv,wheat_weekly_rvb,wheat_weekly_rvg,wheat_weekly_trd,wheat_weekly_tru,frbsf_sentiment,Text_Climate_Anomaly,epu_index,DJIA_Index,WTI_Index,Broad_Dollar_index,Stock_Uncertainty",expanding,260,1,4,,112,lasso,True,True,log,1e-10,True,1e-10,0.021831099055266544,,,,,6,18,test_r2,0.12181025741437124,0.4444174083645177
lasso_rolling,har_endo_exo_climate_macro,62,"DJIA_Index,WTI_Index,awnd_moderate_high_wind_in_harvesting,corn_monthly_trd,corn_seasonal_jumps,corn_seasonal_trd,corn_weekly_rv,pdsi_extreme_wet_in_planting,soybeans_monthly_rv,soybeans_monthly_trd,soybeans_seasonal_lev,soybeans_seasonal_rku,soybeans_seasonal_rv,soybeans_seasonal_trd,soybeans_weekly_rv,soybeans_weekly_rvg,ssta_elino,tmin_cold_in_harvesting,wheat_monthly_rku,wheat_monthly_rv,wheat_seasonal_rsk,NAO_index,wheat_seasonal_rku,tmax_hot_in_planting,tmin_very_cold_in_planting,wheat_weekly_rv,soybeans_weekly_tru,Broad_Dollar_index,co2_extreme_in_planting,corn_seasonal_rsk,soybeans_monthly_tru,corn_seasonal_lev,pdsi_extreme_wet_in_harvesting,ssta_lanina,SOI_index,corn_weekly_lev,tmax_hot_in_harvesting,tmax_very_hot_in_planting,wheat_weekly_tru,wheat_weekly_rvg,awnd_extreme_high_wind_in_harvesting,Stock_Uncertainty,awnd_moderate_high_wind_in_planting,corn_monthly_rku,corn_weekly_rvg,soybeans_monthly_lev,soybeans_weekly_jumps,soybeans_weekly_rku,soybeans_weekly_rvb,tmax_very_hot_in_harvesting,wheat_monthly_jumps,wheat_seasonal_lev,wheat_seasonal_rv,wheat_weekly_jumps,wheat_weekly_lev,wheat_weekly_trd,corn_monthly_lev,soybeans_seasonal_tru,wheat_monthly_lev,wheat_seasonal_tru,soybeans_seasonal_jumps,tmin_cold_in_planting",1.0488056391856957e-06,0.0007754388949788496,-3.606956489468238,0.7240265461840696,0.7188058764841998,2.357539449630434e-06,0.0012477463889237017,-3.631996207281632,0.3209347003707155,0.284502734977664,soybeans_weekly_rv,RV_target,16,"soybeans_weekly_rv,soybeans_monthly_rv,soybeans_seasonal_rv","soybeans_monthly_jumps,soybeans_monthly_lev,soybeans_monthly_rku,soybeans_monthly_rsk,soybeans_monthly_rvb,soybeans_monthly_rvg,soybeans_monthly_trd,soybeans_monthly_tru,soybeans_seasonal_jumps,soybeans_seasonal_lev,soybeans_seasonal_rku,soybeans_seasonal_rsk,soybeans_seasonal_rvb,soybeans_seasonal_rvg,soybeans_seasonal_trd,soybeans_seasonal_tru,soybeans_weekly_jumps,soybeans_weekly_lev,soybeans_weekly_rku,soybeans_weekly_rsk,soybeans_weekly_rvb,soybeans_weekly_rvg,soybeans_weekly_trd,soybeans_weekly_tru,corn_monthly_jumps,corn_monthly_lev,corn_monthly_rku,corn_monthly_rsk,corn_monthly_rv,corn_monthly_rvb,corn_monthly_rvg,corn_monthly_trd,corn_monthly_tru,corn_seasonal_jumps,corn_seasonal_lev,corn_seasonal_rku,corn_seasonal_rsk,corn_seasonal_rv,corn_seasonal_rvb,corn_seasonal_rvg,corn_seasonal_trd,corn_seasonal_tru,corn_weekly_jumps,corn_weekly_lev,corn_weekly_rku,corn_weekly_rsk,corn_weekly_rv,corn_weekly_rvb,corn_weekly_rvg,corn_weekly_trd,corn_weekly_tru,wheat_monthly_jumps,wheat_monthly_lev,wheat_monthly_rku,wheat_monthly_rsk,wheat_monthly_rv,wheat_monthly_rvb,wheat_monthly_rvg,wheat_monthly_trd,wheat_monthly_tru,wheat_seasonal_jumps,wheat_seasonal_lev,wheat_seasonal_rku,wheat_seasonal_rsk,wheat_seasonal_rv,wheat_seasonal_rvb,wheat_seasonal_rvg,wheat_seasonal_trd,wheat_seasonal_tru,wheat_weekly_jumps,wheat_weekly_lev,wheat_weekly_rku,wheat_weekly_rsk,wheat_weekly_rv,wheat_weekly_rvb,wheat_weekly_rvg,wheat_weekly_trd,wheat_weekly_tru,ssta_elino,ssta_lanina,SOI_index,NAO_index,tmax_hot_in_planting,tmax_hot_in_harvesting,tmax_very_hot_in_planting,tmax_very_hot_in_harvesting,tmin_cold_in_planting,tmin_cold_in_harvesting,tmin_very_cold_in_planting,tmin_very_cold_in_harvesting,awnd_moderate_high_wind_in_planting,awnd_moderate_high_wind_in_harvesting,awnd_extreme_high_wind_in_planting,awnd_extreme_high_wind_in_harvesting,pdsi_extreme_wet_in_planting,pdsi_extreme_wet_in_harvesting,co2_extreme_in_planting,co2_extreme_in_harvesting,DJIA_Index,WTI_Index,Broad_Dollar_index,Stock_Uncertainty",rolling,208,1,4,208.0,125,lasso,True,True,log,1e-10,True,1e-10,0.015430165189943602,,,,,0,18,test_r2,0.3209347003707155,0.6973333260021854
lasso_rolling,har_endo_exo_climate_news_macro,49,"DJIA_Index,Text_Climate_Anomaly,WTI_Index,corn_monthly_trd,corn_weekly_rv,pdsi_extreme_wet_in_planting,soybeans_monthly_rv,soybeans_monthly_trd,soybeans_seasonal_lev,soybeans_seasonal_rku,soybeans_seasonal_rv,soybeans_seasonal_trd,soybeans_weekly_rv,soybeans_weekly_rvg,ssta_elino,tmin_cold_in_harvesting,wheat_monthly_rku,wheat_monthly_rv,wheat_seasonal_rsk,NAO_index,wheat_seasonal_rku,tmax_hot_in_planting,tmin_very_cold_in_planting,wheat_weekly_rv,Broad_Dollar_index,frbsf_sentiment,corn_seasonal_rsk,SOI_index,corn_seasonal_lev,corn_seasonal_trd,corn_weekly_lev,pdsi_extreme_wet_in_harvesting,ssta_lanina,tmax_hot_in_harvesting,tmax_very_hot_in_planting,wheat_weekly_tru,awnd_extreme_high_wind_in_harvesting,co2_extreme_in_planting,awnd_moderate_high_wind_in_planting,corn_monthly_lev,corn_monthly_rv,soybeans_seasonal_tru,soybeans_weekly_rku,soybeans_weekly_rvb,tmax_very_hot_in_harvesting,wheat_monthly_lev,wheat_seasonal_lev,wheat_seasonal_tru,wheat_weekly_jumps",1.073228430203768e-06,0.0007851446553780605,-3.6068245325996107,0.7176001486350299,0.71178784253054,2.3920886251656014e-06,0.00124344518819072,-3.6326574598491352,0.33629998142176387,0.29691428482559434,soybeans_weekly_rv,RV_target,16,"soybeans_weekly_rv,soybeans_monthly_rv,soybeans_seasonal_rv","soybeans_monthly_jumps,soybeans_monthly_lev,soybeans_monthly_rku,soybeans_monthly_rsk,soybeans_monthly_rvb,soybeans_monthly_rvg,soybeans_monthly_trd,soybeans_monthly_tru,soybeans_seasonal_jumps,soybeans_seasonal_lev,soybeans_seasonal_rku,soybeans_seasonal_rsk,soybeans_seasonal_rvb,soybeans_seasonal_rvg,soybeans_seasonal_trd,soybeans_seasonal_tru,soybeans_weekly_jumps,soybeans_weekly_lev,soybeans_weekly_rku,soybeans_weekly_rsk,soybeans_weekly_rvb,soybeans_weekly_rvg,soybeans_weekly_trd,soybeans_weekly_tru,corn_monthly_jumps,corn_monthly_lev,corn_monthly_rku,corn_monthly_rsk,corn_monthly_rv,corn_monthly_rvb,corn_monthly_rvg,corn_monthly_trd,corn_monthly_tru,corn_seasonal_jumps,corn_seasonal_lev,corn_seasonal_rku,corn_seasonal_rsk,corn_seasonal_rv,corn_seasonal_rvb,corn_seasonal_rvg,corn_seasonal_trd,corn_seasonal_tru,corn_weekly_jumps,corn_weekly_lev,corn_weekly_rku,corn_weekly_rsk,corn_weekly_rv,corn_weekly_rvb,corn_weekly_rvg,corn_weekly_trd,corn_weekly_tru,wheat_monthly_jumps,wheat_monthly_lev,wheat_monthly_rku,wheat_monthly_rsk,wheat_monthly_rv,wheat_monthly_rvb,wheat_monthly_rvg,wheat_monthly_trd,wheat_monthly_tru,wheat_seasonal_jumps,wheat_seasonal_lev,wheat_seasonal_rku,wheat_seasonal_rsk,wheat_seasonal_rv,wheat_seasonal_rvb,wheat_seasonal_rvg,wheat_seasonal_trd,wheat_seasonal_tru,wheat_weekly_jumps,wheat_weekly_lev,wheat_weekly_rku,wheat_weekly_rsk,wheat_weekly_rv,wheat_weekly_rvb,wheat_weekly_rvg,wheat_weekly_trd,wheat_weekly_tru,ssta_elino,ssta_lanina,SOI_index,NAO_index,tmax_hot_in_planting,tmax_hot_in_harvesting,tmax_very_hot_in_planting,tmax_very_hot_in_harvesting,tmin_cold_in_planting,tmin_cold_in_harvesting,tmin_very_cold_in_planting,tmin_very_cold_in_harvesting,awnd_moderate_high_wind_in_planting,awnd_moderate_high_wind_in_harvesting,awnd_extreme_high_wind_in_planting,awnd_extreme_high_wind_in_harvesting,pdsi_extreme_wet_in_planting,pdsi_extreme_wet_in_harvesting,co2_extreme_in_planting,co2_extreme_in_harvesting,frbsf_sentiment,Text_Climate_Anomaly,epu_index,DJIA_Index,WTI_Index,Broad_Dollar_index,Stock_Uncertainty",rolling,208,1,8,208.0,63,lasso,True,True,log,1e-10,True,1e-10,0.04088289054423412,,,,,1,18,test_r2,0.33629998142176387,0.6964417499853608
lasso_rolling,har_endo_exo_macro,27,"DJIA_Index,WTI_Index,corn_seasonal_jumps,corn_weekly_rv,corn_weekly_rvb,soybeans_monthly_jumps,soybeans_monthly_rv,soybeans_monthly_trd,soybeans_seasonal_lev,soybeans_seasonal_rku,soybeans_seasonal_rv,soybeans_seasonal_trd,soybeans_weekly_rv,soybeans_weekly_rvg,wheat_monthly_rku,wheat_monthly_rv,wheat_monthly_tru,wheat_seasonal_rsk,wheat_seasonal_tru,wheat_weekly_rku,wheat_weekly_rsk,wheat_seasonal_rku,wheat_weekly_rv,Broad_Dollar_index,corn_seasonal_rsk,soybeans_weekly_rvb,corn_seasonal_lev",1.3084059030854482e-06,0.0008935976764568851,-3.6057757104959154,0.6557176252904273,0.65229683464752,2.5410951856416896e-06,0.001237137403868831,-3.632538381707297,0.29495717500738505,0.3066531826292651,soybeans_weekly_rv,RV_target,16,"soybeans_weekly_rv,soybeans_monthly_rv,soybeans_seasonal_rv","soybeans_monthly_jumps,soybeans_monthly_lev,soybeans_monthly_rku,soybeans_monthly_rsk,soybeans_monthly_rvb,soybeans_monthly_rvg,soybeans_monthly_trd,soybeans_monthly_tru,soybeans_seasonal_jumps,soybeans_seasonal_lev,soybeans_seasonal_rku,soybeans_seasonal_rsk,soybeans_seasonal_rvb,soybeans_seasonal_rvg,soybeans_seasonal_trd,soybeans_seasonal_tru,soybeans_weekly_jumps,soybeans_weekly_lev,soybeans_weekly_rku,soybeans_weekly_rsk,soybeans_weekly_rvb,soybeans_weekly_rvg,soybeans_weekly_trd,soybeans_weekly_tru,corn_monthly_jumps,corn_monthly_lev,corn_monthly_rku,corn_monthly_rsk,corn_monthly_rv,corn_monthly_rvb,corn_monthly_rvg,corn_monthly_trd,corn_monthly_tru,corn_seasonal_jumps,corn_seasonal_lev,corn_seasonal_rku,corn_seasonal_rsk,corn_seasonal_rv,corn_seasonal_rvb,corn_seasonal_rvg,corn_seasonal_trd,corn_seasonal_tru,corn_weekly_jumps,corn_weekly_lev,corn_weekly_rku,corn_weekly_rsk,corn_weekly_rv,corn_weekly_rvb,corn_weekly_rvg,corn_weekly_trd,corn_weekly_tru,wheat_monthly_jumps,wheat_monthly_lev,wheat_monthly_rku,wheat_monthly_rsk,wheat_monthly_rv,wheat_monthly_rvb,wheat_monthly_rvg,wheat_monthly_trd,wheat_monthly_tru,wheat_seasonal_jumps,wheat_seasonal_lev,wheat_seasonal_rku,wheat_seasonal_rsk,wheat_seasonal_rv,wheat_seasonal_rvb,wheat_seasonal_rvg,wheat_seasonal_trd,wheat_seasonal_tru,wheat_weekly_jumps,wheat_weekly_lev,wheat_weekly_rku,wheat_weekly_rsk,wheat_weekly_rv,wheat_weekly_rvb,wheat_weekly_rvg,wheat_weekly_trd,wheat_weekly_tru,DJIA_Index,WTI_Index,Broad_Dollar_index,Stock_Uncertainty",rolling,208,1,8,208.0,63,lasso,True,True,log,1e-10,True,1e-10,0.056658336322510036,,,,,1,18,test_r2,0.29495717500738505,0.6419667020401929
lasso_rolling,har_endo_exo_news_macro,43,"DJIA_Index,Text_Climate_Anomaly,WTI_Index,corn_weekly_rv,soybeans_monthly_rv,soybeans_monthly_trd,soybeans_seasonal_lev,soybeans_seasonal_rku,soybeans_seasonal_rv,soybeans_seasonal_trd,soybeans_weekly_rv,soybeans_weekly_rvg,wheat_monthly_rku,wheat_monthly_rv,wheat_monthly_tru,wheat_seasonal_rsk,wheat_seasonal_tru,wheat_weekly_rku,wheat_weekly_rsk,wheat_seasonal_rku,wheat_weekly_rv,epu_index,frbsf_sentiment,corn_monthly_lev,corn_monthly_trd,corn_monthly_tru,corn_seasonal_rku,corn_seasonal_rsk,corn_seasonal_rv,corn_seasonal_trd,corn_weekly_lev,soybeans_monthly_rku,soybeans_monthly_rsk,soybeans_monthly_rvb,soybeans_seasonal_tru,soybeans_weekly_rku,wheat_monthly_rsk,wheat_monthly_trd,wheat_seasonal_lev,wheat_seasonal_rv,Broad_Dollar_index,soybeans_weekly_rvb,corn_seasonal_lev",1.093658786495985e-06,0.0008291634371982756,-3.6069611261376324,0.7122242851022681,0.7166135092842324,2.6575962269378224e-06,0.00129794404087411,-3.6319767950356185,0.2626332291221133,0.2683610187741744,soybeans_weekly_rv,RV_target,16,"soybeans_weekly_rv,soybeans_monthly_rv,soybeans_seasonal_rv","soybeans_monthly_jumps,soybeans_monthly_lev,soybeans_monthly_rku,soybeans_monthly_rsk,soybeans_monthly_rvb,soybeans_monthly_rvg,soybeans_monthly_trd,soybeans_monthly_tru,soybeans_seasonal_jumps,soybeans_seasonal_lev,soybeans_seasonal_rku,soybeans_seasonal_rsk,soybeans_seasonal_rvb,soybeans_seasonal_rvg,soybeans_seasonal_trd,soybeans_seasonal_tru,soybeans_weekly_jumps,soybeans_weekly_lev,soybeans_weekly_rku,soybeans_weekly_rsk,soybeans_weekly_rvb,soybeans_weekly_rvg,soybeans_weekly_trd,soybeans_weekly_tru,corn_monthly_jumps,corn_monthly_lev,corn_monthly_rku,corn_monthly_rsk,corn_monthly_rv,corn_monthly_rvb,corn_monthly_rvg,corn_monthly_trd,corn_monthly_tru,corn_seasonal_jumps,corn_seasonal_lev,corn_seasonal_rku,corn_seasonal_rsk,corn_seasonal_rv,corn_seasonal_rvb,corn_seasonal_rvg,corn_seasonal_trd,corn_seasonal_tru,corn_weekly_jumps,corn_weekly_lev,corn_weekly_rku,corn_weekly_rsk,corn_weekly_rv,corn_weekly_rvb,corn_weekly_rvg,corn_weekly_trd,corn_weekly_tru,wheat_monthly_jumps,wheat_monthly_lev,wheat_monthly_rku,wheat_monthly_rsk,wheat_monthly_rv,wheat_monthly_rvb,wheat_monthly_rvg,wheat_monthly_trd,wheat_monthly_tru,wheat_seasonal_jumps,wheat_seasonal_lev,wheat_seasonal_rku,wheat_seasonal_rsk,wheat_seasonal_rv,wheat_seasonal_rvb,wheat_seasonal_rvg,wheat_seasonal_trd,wheat_seasonal_tru,wheat_weekly_jumps,wheat_weekly_lev,wheat_weekly_rku,wheat_weekly_rsk,wheat_weekly_rv,wheat_weekly_rvb,wheat_weekly_rvg,wheat_weekly_trd,wheat_weekly_tru,frbsf_sentiment,Text_Climate_Anomaly,epu_index,DJIA_Index,WTI_Index,Broad_Dollar_index,Stock_Uncertainty",rolling,208,1,8,208.0,63,lasso,True,True,log,1e-10,True,1e-10,0.052839754083207964,,,,,1,18,test_r2,0.2626332291221133,0.6934752612528704
lasso_rolling,har_endo,22,"soybeans_monthly_rv,soybeans_monthly_rvg,soybeans_monthly_trd,soybeans_seasonal_lev,soybeans_seasonal_rv,soybeans_seasonal_rvg,soybeans_seasonal_trd,soybeans_weekly_rv,soybeans_weekly_rvb,soybeans_weekly_rvg,soybeans_seasonal_rku,soybeans_monthly_jumps,soybeans_monthly_lev,soybeans_monthly_rku,soybeans_monthly_rvb,soybeans_seasonal_rsk,soybeans_seasonal_tru,soybeans_weekly_jumps,soybeans_weekly_lev,soybeans_weekly_rku,soybeans_weekly_trd,soybeans_monthly_tru",1.8809868835915814e-06,0.001079756190210607,-3.6063084507532475,0.5041794101521051,0.5030635087985404,2.736776250918125e-06,0.0013279786522746814,-3.6322098282006663,0.24545181664486904,0.2426327839299386,soybeans_weekly_rv,RV_target,16,"soybeans_weekly_rv,soybeans_monthly_rv,soybeans_seasonal_rv","soybeans_monthly_jumps,soybeans_monthly_lev,soybeans_monthly_rku,soybeans_monthly_rsk,soybeans_monthly_rvb,soybeans_monthly_rvg,soybeans_monthly_trd,soybeans_monthly_tru,soybeans_seasonal_jumps,soybeans_seasonal_lev,soybeans_seasonal_rku,soybeans_seasonal_rsk,soybeans_seasonal_rvb,soybeans_seasonal_rvg,soybeans_seasonal_trd,soybeans_seasonal_tru,soybeans_weekly_jumps,soybeans_weekly_lev,soybeans_weekly_rku,soybeans_weekly_rsk,soybeans_weekly_rvb,soybeans_weekly_rvg,soybeans_weekly_trd,soybeans_weekly_tru",rolling,260,1,8,260.0,70,lasso,True,True,log,1e-10,True,1e-10,0.07758780463942909,,,,,7,18,test_r2,0.24545181664486904,0.4903542479510231
lasso_rolling,har,3,"soybeans_monthly_rv,soybeans_seasonal_rv,soybeans_weekly_rv",2.302304335609825e-06,0.0011840655810714787,-3.604454667046317,0.3931218215026695,0.4063729860127345,2.796139659308008e-06,0.001310146076887063,-3.6318100321357965,0.2290849134523527,0.23648224030217335,soybeans_weekly_rv,RV_target,16,"soybeans_weekly_rv,soybeans_monthly_rv,soybeans_seasonal_rv",,rolling,260,1,8,260.0,70,lasso,True,True,log,1e-10,True,1e-10,0.058692328875200955,,,,,7,18,test_r2,0.2290849134523527,0.39086856093894184
lasso_rolling,har_endo_exo_climate_news,45,"NAO_index,Text_Climate_Anomaly,pdsi_extreme_wet_in_planting,soybeans_monthly_rv,soybeans_monthly_trd,soybeans_seasonal_lev,soybeans_seasonal_rv,soybeans_seasonal_trd,soybeans_weekly_rv,soybeans_weekly_rvb,soybeans_weekly_rvg,ssta_elino,wheat_seasonal_jumps,wheat_seasonal_rsk,wheat_seasonal_rku,co2_extreme_in_planting,corn_seasonal_rku,frbsf_sentiment,tmax_hot_in_planting,epu_index,soybeans_monthly_rku,soybeans_weekly_rku,tmax_very_hot_in_harvesting,tmax_very_hot_in_planting,tmin_very_cold_in_planting,wheat_weekly_rv,pdsi_extreme_wet_in_harvesting,corn_seasonal_rsk,soybeans_monthly_rvg,ssta_lanina,SOI_index,soybeans_seasonal_tru,corn_seasonal_tru,soybeans_seasonal_rvg,wheat_monthly_rv,awnd_extreme_high_wind_in_harvesting,corn_monthly_rv,corn_weekly_rv,corn_weekly_rvg,tmax_hot_in_harvesting,corn_seasonal_lev,awnd_moderate_high_wind_in_planting,soybeans_seasonal_rku,tmin_cold_in_harvesting,wheat_monthly_lev",1.4291508770597457e-06,0.0009206397091412143,-3.6086021438390103,0.6232815672311418,0.6293420019972673,2.8204477087606457e-06,0.0013652213782447955,-3.640723415025581,0.2544603712200104,0.22814310905612112,soybeans_weekly_rv,RV_target,16,"soybeans_weekly_rv,soybeans_monthly_rv,soybeans_seasonal_rv","soybeans_monthly_jumps,soybeans_monthly_lev,soybeans_monthly_rku,soybeans_monthly_rsk,soybeans_monthly_rvb,soybeans_monthly_rvg,soybeans_monthly_trd,soybeans_monthly_tru,soybeans_seasonal_jumps,soybeans_seasonal_lev,soybeans_seasonal_rku,soybeans_seasonal_rsk,soybeans_seasonal_rvb,soybeans_seasonal_rvg,soybeans_seasonal_trd,soybeans_seasonal_tru,soybeans_weekly_jumps,soybeans_weekly_lev,soybeans_weekly_rku,soybeans_weekly_rsk,soybeans_weekly_rvb,soybeans_weekly_rvg,soybeans_weekly_trd,soybeans_weekly_tru,corn_monthly_jumps,corn_monthly_lev,corn_monthly_rku,corn_monthly_rsk,corn_monthly_rv,corn_monthly_rvb,corn_monthly_rvg,corn_monthly_trd,corn_monthly_tru,corn_seasonal_jumps,corn_seasonal_lev,corn_seasonal_rku,corn_seasonal_rsk,corn_seasonal_rv,corn_seasonal_rvb,corn_seasonal_rvg,corn_seasonal_trd,corn_seasonal_tru,corn_weekly_jumps,corn_weekly_lev,corn_weekly_rku,corn_weekly_rsk,corn_weekly_rv,corn_weekly_rvb,corn_weekly_rvg,corn_weekly_trd,corn_weekly_tru,wheat_monthly_jumps,wheat_monthly_lev,wheat_monthly_rku,wheat_monthly_rsk,wheat_monthly_rv,wheat_monthly_rvb,wheat_monthly_rvg,wheat_monthly_trd,wheat_monthly_tru,wheat_seasonal_jumps,wheat_seasonal_lev,wheat_seasonal_rku,wheat_seasonal_rsk,wheat_seasonal_rv,wheat_seasonal_rvb,wheat_seasonal_rvg,wheat_seasonal_trd,wheat_seasonal_tru,wheat_weekly_jumps,wheat_weekly_lev,wheat_weekly_rku,wheat_weekly_rsk,wheat_weekly_rv,wheat_weekly_rvb,wheat_weekly_rvg,wheat_weekly_trd,wheat_weekly_tru,ssta_elino,ssta_lanina,SOI_index,NAO_index,tmax_hot_in_planting,tmax_hot_in_harvesting,tmax_very_hot_in_planting,tmax_very_hot_in_harvesting,tmin_cold_in_planting,tmin_cold_in_harvesting,tmin_very_cold_in_planting,tmin_very_cold_in_harvesting,awnd_moderate_high_wind_in_planting,awnd_moderate_high_wind_in_harvesting,awnd_extreme_high_wind_in_planting,awnd_extreme_high_wind_in_harvesting,pdsi_extreme_wet_in_planting,pdsi_extreme_wet_in_harvesting,co2_extreme_in_planting,co2_extreme_in_harvesting,frbsf_sentiment,Text_Climate_Anomaly,epu_index",rolling,312,2,4,312.0,126,lasso,True,True,log,1e-10,True,1e-10,0.06489453437605633,,,,,14,18,test_r2,0.2544603712200104,0.6011505888047729
lasso_rolling,har_endo_exo_climate,38,"NAO_index,pdsi_extreme_wet_in_planting,soybeans_monthly_rv,soybeans_monthly_trd,soybeans_seasonal_lev,soybeans_seasonal_rv,soybeans_seasonal_trd,soybeans_weekly_rv,soybeans_weekly_rvb,soybeans_weekly_rvg,ssta_elino,wheat_seasonal_jumps,wheat_seasonal_rsk,co2_extreme_in_planting,corn_seasonal_jumps,tmax_hot_in_planting,tmin_very_cold_in_planting,wheat_seasonal_rku,corn_seasonal_rku,corn_weekly_rv,soybeans_monthly_rvg,wheat_weekly_rv,pdsi_extreme_wet_in_harvesting,tmax_very_hot_in_planting,corn_seasonal_rsk,ssta_lanina,SOI_index,corn_monthly_rv,corn_seasonal_lev,soybeans_seasonal_tru,wheat_monthly_rv,corn_seasonal_tru,soybeans_seasonal_rvg,awnd_extreme_high_wind_in_harvesting,corn_monthly_rvg,corn_weekly_rvg,tmax_hot_in_harvesting,awnd_moderate_high_wind_in_planting",1.5225550256836338e-06,0.0009453922727806391,-3.608130153552925,0.5986606086965939,0.6038489269730201,2.835559979595768e-06,0.0013690013701510436,-3.640808276901932,0.2504656874138035,0.22782418600180931,soybeans_weekly_rv,RV_target,16,"soybeans_weekly_rv,soybeans_monthly_rv,soybeans_seasonal_rv","soybeans_monthly_jumps,soybeans_monthly_lev,soybeans_monthly_rku,soybeans_monthly_rsk,soybeans_monthly_rvb,soybeans_monthly_rvg,soybeans_monthly_trd,soybeans_monthly_tru,soybeans_seasonal_jumps,soybeans_seasonal_lev,soybeans_seasonal_rku,soybeans_seasonal_rsk,soybeans_seasonal_rvb,soybeans_seasonal_rvg,soybeans_seasonal_trd,soybeans_seasonal_tru,soybeans_weekly_jumps,soybeans_weekly_lev,soybeans_weekly_rku,soybeans_weekly_rsk,soybeans_weekly_rvb,soybeans_weekly_rvg,soybeans_weekly_trd,soybeans_weekly_tru,corn_monthly_jumps,corn_monthly_lev,corn_monthly_rku,corn_monthly_rsk,corn_monthly_rv,corn_monthly_rvb,corn_monthly_rvg,corn_monthly_trd,corn_monthly_tru,corn_seasonal_jumps,corn_seasonal_lev,corn_seasonal_rku,corn_seasonal_rsk,corn_seasonal_rv,corn_seasonal_rvb,corn_seasonal_rvg,corn_seasonal_trd,corn_seasonal_tru,corn_weekly_jumps,corn_weekly_lev,corn_weekly_rku,corn_weekly_rsk,corn_weekly_rv,corn_weekly_rvb,corn_weekly_rvg,corn_weekly_trd,corn_weekly_tru,wheat_monthly_jumps,wheat_monthly_lev,wheat_monthly_rku,wheat_monthly_rsk,wheat_monthly_rv,wheat_monthly_rvb,wheat_monthly_rvg,wheat_monthly_trd,wheat_monthly_tru,wheat_seasonal_jumps,wheat_seasonal_lev,wheat_seasonal_rku,wheat_seasonal_rsk,wheat_seasonal_rv,wheat_seasonal_rvb,wheat_seasonal_rvg,wheat_seasonal_trd,wheat_seasonal_tru,wheat_weekly_jumps,wheat_weekly_lev,wheat_weekly_rku,wheat_weekly_rsk,wheat_weekly_rv,wheat_weekly_rvb,wheat_weekly_rvg,wheat_weekly_trd,wheat_weekly_tru,ssta_elino,ssta_lanina,SOI_index,NAO_index,tmax_hot_in_planting,tmax_hot_in_harvesting,tmax_very_hot_in_planting,tmax_very_hot_in_harvesting,tmin_cold_in_planting,tmin_cold_in_harvesting,tmin_very_cold_in_planting,tmin_very_cold_in_harvesting,awnd_moderate_high_wind_in_planting,awnd_moderate_high_wind_in_harvesting,awnd_extreme_high_wind_in_planting,awnd_extreme_high_wind_in_harvesting,pdsi_extreme_wet_in_planting,pdsi_extreme_wet_in_harvesting,co2_extreme_in_planting,co2_extreme_in_harvesting",rolling,312,2,4,312.0,126,lasso,True,True,log,1e-10,True,1e-10,0.06489453437605633,,,,,14,18,test_r2,0.2504656874138035,0.5789311172741755
lasso_rolling,har_endo_exo,72,"corn_weekly_rv,soybeans_monthly_rv,soybeans_monthly_rvg,soybeans_seasonal_lev,soybeans_seasonal_rv,soybeans_seasonal_rvg,soybeans_seasonal_tru,soybeans_weekly_rv,soybeans_weekly_rvg,wheat_monthly_rv,wheat_seasonal_rku,soybeans_weekly_rvb,corn_seasonal_rku,wheat_monthly_rvb,wheat_seasonal_jumps,corn_monthly_lev,corn_monthly_rku,corn_monthly_rv,corn_monthly_rvg,corn_monthly_trd,corn_monthly_tru,corn_seasonal_jumps,corn_seasonal_lev,corn_seasonal_rsk,corn_seasonal_rv,corn_seasonal_rvg,corn_seasonal_trd,corn_seasonal_tru,corn_weekly_jumps,corn_weekly_lev,corn_weekly_rku,corn_weekly_rsk,corn_weekly_rvb,corn_weekly_rvg,corn_weekly_trd,soybeans_monthly_jumps,soybeans_monthly_rku,soybeans_monthly_rsk,soybeans_monthly_rvb,soybeans_monthly_trd,soybeans_monthly_tru,soybeans_seasonal_jumps,soybeans_seasonal_rku,soybeans_seasonal_rsk,soybeans_seasonal_trd,soybeans_weekly_jumps,soybeans_weekly_lev,soybeans_weekly_rku,soybeans_weekly_rsk,soybeans_weekly_tru,wheat_monthly_jumps,wheat_monthly_lev,wheat_monthly_rsk,wheat_monthly_rvg,wheat_monthly_tru,wheat_seasonal_lev,wheat_seasonal_rsk,wheat_seasonal_rv,wheat_seasonal_rvb,wheat_seasonal_rvg,wheat_seasonal_trd,wheat_seasonal_tru,wheat_weekly_jumps,wheat_weekly_lev,wheat_weekly_rku,wheat_weekly_rsk,wheat_weekly_rv,wheat_weekly_rvb,wheat_weekly_trd,wheat_weekly_tru,corn_monthly_jumps,soybeans_weekly_trd",1.4671526476013578e-06,0.0009483975930094468,-3.608444417871918,0.6132644531036742,0.6193201213271311,2.9201445252921127e-06,0.001351939756180715,-3.631113324358038,0.20118830844661773,0.22142342503949308,soybeans_weekly_rv,RV_target,16,"soybeans_weekly_rv,soybeans_monthly_rv,soybeans_seasonal_rv","soybeans_monthly_jumps,soybeans_monthly_lev,soybeans_monthly_rku,soybeans_monthly_rsk,soybeans_monthly_rvb,soybeans_monthly_rvg,soybeans_monthly_trd,soybeans_monthly_tru,soybeans_seasonal_jumps,soybeans_seasonal_lev,soybeans_seasonal_rku,soybeans_seasonal_rsk,soybeans_seasonal_rvb,soybeans_seasonal_rvg,soybeans_seasonal_trd,soybeans_seasonal_tru,soybeans_weekly_jumps,soybeans_weekly_lev,soybeans_weekly_rku,soybeans_weekly_rsk,soybeans_weekly_rvb,soybeans_weekly_rvg,soybeans_weekly_trd,soybeans_weekly_tru,corn_monthly_jumps,corn_monthly_lev,corn_monthly_rku,corn_monthly_rsk,corn_monthly_rv,corn_monthly_rvb,corn_monthly_rvg,corn_monthly_trd,corn_monthly_tru,corn_seasonal_jumps,corn_seasonal_lev,corn_seasonal_rku,corn_seasonal_rsk,corn_seasonal_rv,corn_seasonal_rvb,corn_seasonal_rvg,corn_seasonal_trd,corn_seasonal_tru,corn_weekly_jumps,corn_weekly_lev,corn_weekly_rku,corn_weekly_rsk,corn_weekly_rv,corn_weekly_rvb,corn_weekly_rvg,corn_weekly_trd,corn_weekly_tru,wheat_monthly_jumps,wheat_monthly_lev,wheat_monthly_rku,wheat_monthly_rsk,wheat_monthly_rv,wheat_monthly_rvb,wheat_monthly_rvg,wheat_monthly_trd,wheat_monthly_tru,wheat_seasonal_jumps,wheat_seasonal_lev,wheat_seasonal_rku,wheat_seasonal_rsk,wheat_seasonal_rv,wheat_seasonal_rvb,wheat_seasonal_rvg,wheat_seasonal_trd,wheat_seasonal_tru,wheat_weekly_jumps,wheat_weekly_lev,wheat_weekly_rku,wheat_weekly_rsk,wheat_weekly_rv,wheat_weekly_rvb,wheat_weekly_rvg,wheat_weekly_trd,wheat_weekly_tru",rolling,260,2,4,260.0,139,lasso,True,True,log,1e-10,True,1e-10,0.05473666234538309,,,,,8,18,test_r2,0.20118830844661773,0.5755852117281187
lasso_rolling,har_endo_exo_news,71,"Text_Climate_Anomaly,corn_weekly_rvb,soybeans_monthly_rv,soybeans_monthly_rvg,soybeans_seasonal_lev,soybeans_seasonal_rv,soybeans_seasonal_rvg,soybeans_weekly_rv,soybeans_weekly_rvb,soybeans_weekly_rvg,wheat_monthly_rv,wheat_seasonal_jumps,wheat_seasonal_rku,corn_weekly_rv,frbsf_sentiment,wheat_monthly_rvb,wheat_weekly_rv,corn_seasonal_rku,corn_monthly_jumps,corn_monthly_rku,corn_monthly_rsk,corn_monthly_rv,corn_monthly_rvg,corn_monthly_trd,corn_monthly_tru,corn_seasonal_jumps,corn_seasonal_lev,corn_seasonal_rsk,corn_seasonal_trd,corn_seasonal_tru,corn_weekly_rku,corn_weekly_rvg,corn_weekly_tru,epu_index,soybeans_monthly_jumps,soybeans_monthly_rku,soybeans_monthly_rsk,soybeans_monthly_rvb,soybeans_monthly_trd,soybeans_seasonal_jumps,soybeans_seasonal_rku,soybeans_seasonal_rsk,soybeans_seasonal_trd,soybeans_seasonal_tru,soybeans_weekly_jumps,soybeans_weekly_lev,soybeans_weekly_rku,soybeans_weekly_rsk,soybeans_weekly_tru,wheat_monthly_jumps,wheat_monthly_lev,wheat_monthly_rku,wheat_monthly_rvg,wheat_monthly_trd,wheat_seasonal_lev,wheat_seasonal_rsk,wheat_seasonal_rv,wheat_seasonal_rvb,wheat_seasonal_rvg,wheat_seasonal_trd,wheat_seasonal_tru,wheat_weekly_lev,wheat_weekly_rku,wheat_weekly_rsk,wheat_weekly_trd,wheat_weekly_tru,corn_monthly_lev,corn_seasonal_rv,soybeans_monthly_tru,wheat_monthly_tru,corn_weekly_lev",1.3814642540769372e-06,0.0009277379390840824,-3.6090030571955842,0.6358515695748285,0.649126932661835,2.9439128587433952e-06,0.0014022161691130052,-3.6308651805576218,0.19468643071927316,0.2089993564544863,soybeans_weekly_rv,RV_target,16,"soybeans_weekly_rv,soybeans_monthly_rv,soybeans_seasonal_rv","soybeans_monthly_jumps,soybeans_monthly_lev,soybeans_monthly_rku,soybeans_monthly_rsk,soybeans_monthly_rvb,soybeans_monthly_rvg,soybeans_monthly_trd,soybeans_monthly_tru,soybeans_seasonal_jumps,soybeans_seasonal_lev,soybeans_seasonal_rku,soybeans_seasonal_rsk,soybeans_seasonal_rvb,soybeans_seasonal_rvg,soybeans_seasonal_trd,soybeans_seasonal_tru,soybeans_weekly_jumps,soybeans_weekly_lev,soybeans_weekly_rku,soybeans_weekly_rsk,soybeans_weekly_rvb,soybeans_weekly_rvg,soybeans_weekly_trd,soybeans_weekly_tru,corn_monthly_jumps,corn_monthly_lev,corn_monthly_rku,corn_monthly_rsk,corn_monthly_rv,corn_monthly_rvb,corn_monthly_rvg,corn_monthly_trd,corn_monthly_tru,corn_seasonal_jumps,corn_seasonal_lev,corn_seasonal_rku,corn_seasonal_rsk,corn_seasonal_rv,corn_seasonal_rvb,corn_seasonal_rvg,corn_seasonal_trd,corn_seasonal_tru,corn_weekly_jumps,corn_weekly_lev,corn_weekly_rku,corn_weekly_rsk,corn_weekly_rv,corn_weekly_rvb,corn_weekly_rvg,corn_weekly_trd,corn_weekly_tru,wheat_monthly_jumps,wheat_monthly_lev,wheat_monthly_rku,wheat_monthly_rsk,wheat_monthly_rv,wheat_monthly_rvb,wheat_monthly_rvg,wheat_monthly_trd,wheat_monthly_tru,wheat_seasonal_jumps,wheat_seasonal_lev,wheat_seasonal_rku,wheat_seasonal_rsk,wheat_seasonal_rv,wheat_seasonal_rvb,wheat_seasonal_rvg,wheat_seasonal_trd,wheat_seasonal_tru,wheat_weekly_jumps,wheat_weekly_lev,wheat_weekly_rku,wheat_weekly_rsk,wheat_weekly_rv,wheat_weekly_rvb,wheat_weekly_rvg,wheat_weekly_trd,wheat_weekly_tru,frbsf_sentiment,Text_Climate_Anomaly,epu_index",rolling,260,2,4,260.0,139,lasso,True,True,log,1e-10,True,1e-10,0.05869232887520098,,,,,8,18,test_r2,0.19468643071927316,0.6009130039529539
