date,TMAX_q3_value_in_planting,TMAX_q3_value_in_harvesting,TMAX_q4_value_in_planting,TMAX_q4_value_in_harvesting,TMIN_q3_value_in_planting,TMIN_q3_value_in_harvesting,TMIN_q4_value_in_planting,TMIN_q4_value_in_harvesting,AWND_q3_value_in_planting,AWND_q3_value_in_harvesting,AWND_q4_value_in_planting,AWND_q4_value_in_harvesting,SPI_1m,SPI_3m,weekly_TMAX_q3_value_in_planting,weekly_TMAX_q3_value_in_harvesting,weekly_TMAX_q4_value_in_planting,weekly_TMAX_q4_value_in_harvesting,weekly_TMIN_q3_value_in_planting,weekly_TMIN_q3_value_in_harvesting,weekly_TMIN_q4_value_in_planting,weekly_TMIN_q4_value_in_harvesting,weekly_AWND_q3_value_in_planting,weekly_AWND_q3_value_in_harvesting,weekly_AWND_q4_value_in_planting,weekly_AWND_q4_value_in_harvesting,monthly_TMAX_q3_value_in_planting,monthly_TMAX_q3_value_in_harvesting,monthly_TMAX_q4_value_in_planting,monthly_TMAX_q4_value_in_harvesting,monthly_TMIN_q3_value_in_planting,monthly_TMIN_q3_value_in_harvesting,monthly_TMIN_q4_value_in_planting,monthly_TMIN_q4_value_in_harvesting,monthly_AWND_q3_value_in_planting,monthly_AWND_q3_value_in_harvesting,monthly_AWND_q4_value_in_planting,monthly_AWND_q4_value_in_harvesting
2008-12-29,0.0,0.0,0.0,0.0,0.0,0.0,0.0,0.0,0.0,0.0,0.0,0.0,0.0,0.0,0.0,0.0,0.0,0.0,0.0,0.0,0.0,0.0,0.0,0.0,0.0,0.0,0.0,0.0,0.0,0.0,0.0,0.0,0.0,0.0,0.0,0.0,0.0,0.0
2009-01-05,0.0,0.0,0.0,0.0,0.0,0.0,0.0,0.0,0.0,0.0,0.0,0.0,0.0,0.0,0.0,0.0,0.0,0.0,0.0,0.0,0.0,0.0,0.0,0.0,0.0,0.0,0.0,0.0,0.0,0.0,0.0,0.0,0.0,0.0,0.0,0.0,0.0,0.0
2009-01-12,0.0,0.0,0.0,0.0,0.0,0.0,0.0,0.0,0.0,0.0,0.0,0.0,0.0,0.0,0.0,0.0,0.0,0.0,0.0,0.0,0.0,0.0,0.0,0.0,0.0,0.0,0.0,0.0,0.0,0.0,0.0,0.0,0.0,0.0,0.0,0.0,0.0,0.0
2009-01-19,0.0,0.0,0.0,0.0,0.0,0.0,0.0,0.0,0.0,0.0,0.0,0.0,0.0,0.0,0.0,0.0,0.0,0.0,0.0,0.0,0.0,0.0,0.0,0.0,0.0,0.0,0.0,0.0,0.0,0.0,0.0,0.0,0.0,0.0,0.0,0.0,0.0,0.0
2009-01-26,0.0,0.0,0.0,0.0,0.0,0.0,0.0,0.0,0.0,0.0,0.0,0.0,-1.1061418591734145,0.0,0.0,0.0,0.0,0.0,0.0,0.0,0.0,0.0,0.0,0.0,0.0,0.0,0.0,0.0,0.0,0.0,0.0,0.0,0.0,0.0,0.0,0.0,0.0,0.0
2009-02-02,0.0,0.0,0.0,0.0,0.0,0.0,0.0,0.0,0.0,0.0,0.0,0.0,-1.623598294673406,0.0,0.0,0.0,0.0,0.0,0.0,0.0,0.0,0.0,0.0,0.0,0.0,0.0,0.0,0.0,0.0,0.0,0.0,0.0,0.0,0.0,0.0,0.0,0.0,0.0
2009-02-09,0.0,0.0,0.0,0.0,0.0,0.0,0.0,0.0,0.0,0.0,0.0,0.0,-1.0269133200930416,0.0,0.0,0.0,0.0,0.0,0.0,0.0,0.0,0.0,0.0,0.0,0.0,0.0,0.0,0.0,0.0,0.0,0.0,0.0,0.0,0.0,0.0,0.0,0.0,0.0
2009-02-16,0.0,0.0,0.0,0.0,0.0,0.0,0.0,0.0,0.0,0.0,0.0,0.0,-0.9007936409722,0.0,0.0,0.0,0.0,0.0,0.0,0.0,0.0,0.0,0.0,0.0,0.0,0.0,0.0,0.0,0.0,0.0,0.0,0.0,0.0,0.0,0.0,0.0,0.0,0.0
2009-02-23,0.0,0.0,0.0,0.0,0.0,0.0,0.0,0.0,0.0,0.0,0.0,0.0,-0.7940337053808159,0.0,0.0,0.0,0.0,0.0,0.0,0.0,0.0,0.0,0.0,0.0,0.0,0.0,0.0,0.0,0.0,0.0,0.0,0.0,0.0,0.0,0.0,0.0,0.0,0.0
2009-03-02,0.0,0.0,0.0,0.0,0.0,0.0,0.0,0.0,0.0,0.0,0.0,0.0,-0.5397302779941558,0.0,0.0,0.0,0.0,0.0,0.0,0.0,0.0,0.0,0.0,0.0,0.0,0.0,0.0,0.0,0.0,0.0,0.0,0.0,0.0,0.0,0.0,0.0,0.0,0.0
2009-03-09,0.0,0.0,0.0,0.0,0.0,0.0,0.0,0.0,0.0,0.0,0.0,0.0,-0.6431505550628247,0.0,0.0,0.0,0.0,0.0,0.0,0.0,0.0,0.0,0.0,0.0,0.0,0.0,0.0,0.0,0.0,0.0,0.0,0.0,0.0,0.0,0.0,0.0,0.0,0.0
2009-03-16,0.0,0.0,0.0,0.0,0.0,0.0,0.0,0.0,0.0,0.0,0.0,0.0,-0.610685348469773,0.0,0.0,0.0,0.0,0.0,0.0,0.0,0.0,0.0,0.0,0.0,0.0,0.0,0.0,0.0,0.0,0.0,0.0,0.0,0.0,0.0,0.0,0.0,0.0,0.0
2009-03-23,0.0,0.0,0.0,0.0,0.0,0.0,0.0,0.0,0.0,0.0,0.0,0.0,0.038068831349272775,0.0,0.0,0.0,0.0,0.0,0.0,0.0,0.0,0.0,0.0,0.0,0.0,0.0,0.0,0.0,0.0,0.0,0.0,0.0,0.0,0.0,0.0,0.0,0.0,0.0
2009-03-30,2.1397167630450636e-05,0.0,0.0,0.0,-0.3665999660995502,0.0,-0.615620751128235,0.0,0.187952655298648,0.0,0.6949678045129637,0.0,0.3045811946819793,-0.6731180676565983,5.349291907612659e-06,0.0,0.0,0.0,-0.09164999152488755,0.0,-0.15390518778205875,0.0,0.046988163824662,0.0,0.17374195112824092,0.0,1.645935971573126e-06,0.0,0.0,0.0,-0.028199997392273093,0.0,-0.04735544239447961,0.0,0.014457896561434461,0.0,0.05345906188561259,0.0
2009-04-06,0.05275106204736983,0.0,0.0,0.0,-0.33311396207410093,0.0,-0.8904691243992485,0.0,0.07059000167025391,0.0,0.119683291353177,0.0,0.2072767167066233,-0.6960275522328186,0.01319311480375007,0.0,0.0,0.0,-0.17492848204341277,0.0,-0.3765224688818709,0.0,0.06463566424222547,0.0,0.20366277396653518,0.0,0.004059419939615406,0.0,0.0,0.0,-0.053824148321050085,0.0,-0.11585306734826797,0.0,0.01988789668991553,0.0,0.06266546891278005,0.0
2009-04-13,0.13771322643503522,0.0,0.0,0.0,-0.12229490194325703,0.0,-0.058324686070771146,0.0,0.01650043873610886,0.0,0.0,0.0,0.5439730151340595,-0.4031406136350927,0.04762142141250888,0.0,0.0,0.0,-0.20550220752922704,0.0,-0.3911036403995637,0.0,0.06876077392625268,0.0,0.20366277396653518,0.0,0.014652745050002731,0.0,0.0,0.0,-0.0632314484705314,0.0,-0.12033958166140421,0.0,0.02115716120807775,0.0,0.06266546891278005,0.0
2009-04-20,0.3437210524285963,0.0,0.19014972865054208,0.0,-0.020107800123748232,0.0,-0.07190657441544128,0.0,0.15530596172307132,0.0,0.31580757122347963,0.0,0.31881000999343845,-0.27894580077614023,0.13355168451965796,0.0,0.04753743216263552,0.0,-0.2105291575601641,0.0,-0.409080284003424,0.0,0.10758726435702051,0.0,0.2826146667724051,0.0,0.041092826006048605,0.0,0.014626902203887852,0.0,-0.06477820232620433,0.0,-0.12587085661643815,0.0,0.033103773648314,0.0,0.08695835900689387,0.0
2009-04-27,0.028691082232843272,0.0,0.00878836290215162,0.0,-0.3151207807802882,0.0,0.0,0.0,0.05554744723036806,0.0,0.2565494782513067,0.0,0.5081200549043978,0.04515531395255563,0.14071910578596114,0.0,0.04973452288817343,0.0,-0.1976593612303486,0.0,-0.25517509622136525,0.0,0.07448596233995053,0.0,0.17301008520699085,0.0,0.043299832331651925,0.0,0.015302930119437978,0.0,-0.08901826238622651,0.0,-0.12587085661643815,0.0,0.037376654204496165,0.0,0.10669293425699439,0.0
2009-05-04,0.05685532183801974,0.0,0.005569911842947274,0.0,-0.1077997773641539,0.0,-0.04261969628819186,0.0,0.025657475718023907,0.0,0.10164380278179634,0.0,0.7188596173582531,0.22297400787439078,0.14174517073362364,0.0,0.051127000848910246,0.0,-0.14133081505286185,0.0,-0.043212739193601066,0.0,0.06325283085189304,0.0,0.16850021306414567,0.0,0.04767331862688422,0.0,0.01573138487658777,0.0,-0.09731055295269989,0.0,-0.1291492947924529,0.0,0.039350306182805696,0.0,0.11451168831713257,0.0
2009-05-11,0.06040759157392571,0.06040759157392571,0.005989894588046183,0.005989894588046183,-0.5231920865137791,-0.5231920865137791,-0.43671512425186065,-0.43671512425186065,0.2616496377883032,0.2616496377883032,0.18105026714934663,0.18105026714934663,0.7731826262581535,0.30623391880417433,0.12241876201834626,0.015101897893481427,0.05262447449592179,0.0014974736470115457,-0.2415551111954924,-0.13079802162844478,-0.13781034873887343,-0.10917878106296516,0.12454013061494162,0.0654124094470758,0.21376277985148234,0.04526256678733666,0.05232005644026312,0.0046467378133789,0.016192145998745164,0.0004607611221573987,-0.13755609806914443,-0.04024554511644455,-0.1627427658887499,-0.03359347109629697,0.059477201397290555,0.02012689521448486,0.12843863194400537,0.013926943626872818
2009-05-18,0.3017135010013803,0.3017135010013803,0.1328498003693959,0.1328498003693959,-0.33649551733082317,-0.33649551733082317,-0.3424531248754077,-0.3424531248754077,0.047842653637149575,0.047842653637149575,0.0361496477148288,0.0361496477148288,0.6138633133570996,0.31228973361308876,0.11191687416154225,0.0905302731438265,0.03829949242563524,0.03470992373936052,-0.32065204049726115,-0.21492190096115057,-0.20544698635386505,-0.19479206228181709,0.09767430359346119,0.07737307285636319,0.14384829897431964,0.05429997871604386,0.07552878728652314,0.027855468659638925,0.02641136141177562,0.010679976535187853,-0.16344036863305392,-0.06612981568035402,-0.18908531395608894,-0.05993601916363603,0.06315740552322514,0.023807099340419444,0.1312193740759153,0.016707685758782728
2009-05-25,0.1267678586707238,0.1267678586707238,0.08204038303159031,0.08204038303159031,-0.3362728553236512,-0.3362728553236512,-0.29251530122511216,-0.29251530122511216,0.06828675754595098,0.06828675754595098,0.0,0.0,0.3481014327778118,0.38995655251870903,0.13643606827101237,0.12222223781150746,0.05661249745799491,0.0552200194972581,-0.32594005913310187,-0.2989901147920634,-0.2785758116601431,-0.2679208875880951,0.10085913117235691,0.09444476224285094,0.07971092941149295,0.05429997871604386,0.08528016103042496,0.03760684240354076,0.03272216010651333,0.016990775229925568,-0.18930751135025786,-0.09199695839755796,-0.21158649097340526,-0.08243719618095234,0.06841023302675983,0.029059926843954136,0.1312193740759153,0.016707685758782728
2009-06-01,0.0,0.0,0.0,0.08410053735587306,0.0,-0.22281512312327428,0.0,-1.1508868386993385,0.0,0.05898668079642323,0.0,0.04332166761843408,0.24876893859009516,0.4745551677839678,0.12222223781150746,0.12222223781150746,0.05522001949725809,0.07624515383622636,-0.2989901147920634,-0.35469389557288195,-0.26792088758809507,-0.5556425972629297,0.09444476224285094,0.10919143244195674,0.05429997871604386,0.06513039562065238,0.08528016103042496,0.03760684240354076,0.03272216010651333,0.023460047334223497,-0.18930751135025786,-0.10913658325319445,-0.21158649097340526,-0.17096695300397838,0.06841023302675983,0.03359736382829438,0.1312193740759153,0.020040121729431502
2009-06-08,0.0,0.04097311853668765,0.0,0.0,0.0,-0.2640208007283844,0.0,-0.7970483726273367,0.0,0.052691636343641435,0.0,0.0,0.34714309386221487,0.5774443689661741,0.10712033991802603,0.11736361955219793,0.05372254585024655,0.07474768018921482,-0.1681920931636186,-0.28990107412653326,-0.15874210652512996,-0.6457259093567987,0.029032352795775138,0.0569519320807913,0.0090374119287072,0.01986782883331572,0.08528016103042496,0.040758620752516725,0.03272216010651333,0.023460047334223497,-0.18930751135025786,-0.1294458756169163,-0.21158649097340526,-0.2322783662830043,0.06841023302675983,0.03765056662395911,0.1312193740759153,0.020040121729431502
2009-06-15,0.0,0.05070234192778228,0.0,0.0009313558079125944,0.0,-0.04045753043418442,0.0,-0.05021635019725693,0.0,0.04060291347315214,0.0,0.07678136509519376,0.7717026308925039,0.7923958477295556,0.03169196466768095,0.05461082978379843,0.020510095757897577,0.04176806904884399,-0.08406821383091283,-0.21589157740237358,-0.07312882530627803,-0.572666715687261,0.017071689386487746,0.055141997039791946,0.0,0.03002575817840696,0.08528016103042496,0.04465880090080768,0.03272216010651333,0.023531690088678312,-0.18930751135025786,-0.1325579933426228,-0.21158649097340526,-0.23614116245202404,0.06841023302675983,0.04077386766035543,0.1312193740759153,0.025946380582907942
2009-06-22,0.0,0.43438835231365414,0.0,0.18736507104088315,0.0,-0.05633693504552455,0.0,-0.23761309875498426,0.0,0.15335919849808027,0.0,0.0010336170428918703,0.6241656118197327,0.654884431391636,0.0,0.13151595319453102,0.0,0.0680992410511672,0.0,-0.14590759733284192,0.0,-0.5589411650697291,0.0,0.07641010727782427,0.0,0.030284162439129927,0.08528016103042496,0.07807328954031953,0.03272216010651333,0.03794438786105393,-0.18930751135025786,-0.1368916037307401,-0.21158649097340526,-0.2544190931254844,0.06841023302675983,0.052570729083284674,0.1312193740759153,0.026025889586207315
2009-06-29,0.0,0.08739324822898653,0.0,0.011456626969973203,0.0,-0.3344054845105356,0.0,-0.5672054917433195,0.0,0.1567569037738811,0.0,0.03262340789418029,0.5836225531186583,0.6062500731649262,0.0,0.15336426525177765,0.0,0.04993826345469224,0.0,-0.17380518767965725,0.0,-0.41302082833072434,0.0,0.10085266302218873,0.0,0.02760959750806648,0.0852785150944534,0.08479584709639541,0.03272216010651333,0.03882566685874418,-0.16110751395798478,-0.1626151025392428,-0.16423104857892565,-0.2980502847980474,0.053952336465325365,0.0646289524505063,0.0777603121903027,0.028535382501144266
2009-07-06,0.0,0.0606597342389575,0.0,4.156395080822902e-06,0.0,-0.16011966239550543,0.0,-0.9070404775718051,0.0,0.06464562310911494,0.0,0.0,0.37228861968739935,0.6097117157705356,0.0,0.15828591917734514,0.0,0.04993930255346244,0.0,-0.1478299030964375,0.0,-0.4405188545668414,0.0,0.10384115971355712,0.0,0.027609597508066477,0.08122074109080955,0.08946198049939215,0.03272216010651333,0.03882598658144271,-0.13548336302920777,-0.1749319996465894,-0.09573342362513727,-0.36782262922664777,0.048522336336844295,0.069601692689669,0.06855390516313524,0.028535382501144266
2009-07-13,0.0,0.0,0.0,0.0,0.0,0.0,0.0,0.0,0.0,0.0,0.0,0.0,0.12048336592034839,0.5511121921751942,0.0,0.14561033369539955,0.0,0.04970646360148429,0.0,-0.1377155204878914,0.0,-0.42796476701752717,0.0,0.09369043134526908,0.0,0.008414256234268037,0.07062741598042224,0.08946198049939215,0.03272216010651333,0.03882598658144271,-0.12607606287972645,-0.1749319996465894,-0.09124690931200104,-0.36782262922664777,0.04725307181868209,0.069601692689669,0.06855390516313524,0.028535382501144266
2009-07-20,0.0,0.0,0.0,0.0,0.0,0.0,0.0,0.0,0.0,0.0,0.0,0.0,0.06433401133130805,0.5541061888147627,0.0,0.037013245616986004,0.0,0.0028651958412635064,0.0,-0.12363128672651025,0.0,-0.3685614923287811,0.0,0.05535063172074901,0.0,0.00815585197354507,0.04418733502437637,0.08946198049939215,0.01809525790262548,0.03882598658144271,-0.1245293090240535,-0.1749319996465894,-0.0857156343569671,-0.36782262922664777,0.03530645937844583,0.069601692689669,0.04426101506902142,0.028535382501144266
2009-07-27,0.0,0.0,0.0,0.0,0.0,0.0,0.0,0.0,0.0,0.0,0.0,0.0,0.3300277564566045,0.47009220332122853,0.0,0.015164933559739375,0.0,1.0390987702057256e-06,0.0,-0.04002991559887636,0.0,-0.22676011939295126,0.0,0.016161405777278735,0.0,0.0,0.041980328698773044,0.08946198049939215,0.017419229987075357,0.03882598658144271,-0.10028924896403132,-0.1749319996465894,-0.0857156343569671,-0.36782262922664777,0.031033578822263666,0.069601692689669,0.024526439818920907,0.028535382501144266
2009-08-03,0.0,0.005265860754882204,0.0,0.0,0.0,-0.3333550227179878,0.0,-0.015842024875541327,0.0,0.22915528951509062,0.0,0.5949098414803784,0.3240220177195826,0.4170024921704704,0.0,0.001316465188720551,0.0,0.0,0.0,-0.08333875567949695,0.0,-0.003960506218885332,0.0,0.057288822378772655,0.0,0.1487274603700946,0.03760684240354076,0.08986704671130616,0.016990775229925568,0.03882598658144271,-0.09199695839755795,-0.20057469370181924,-0.08243719618095234,-0.3690412465247664,0.029059926843954136,0.08722902265236827,0.016707685758782728,0.07429767799963491
2009-08-10,0.0,0.40434769061976983,0.0,0.03673632306339289,0.0,-0.10034752535876891,0.0,-0.16551068282554618,0.0,0.13562981948183941,0.0,0.26286556814119355,0.31912076626091385,0.3751871601201842,0.0,0.10240338784366301,0.0,0.009184080765848222,0.0,-0.10842563701918917,0.0,-0.045338176925271874,0.0,0.09119627724923252,0.0,0.214443852405393,0.032960104590161854,0.11632397740714032,0.01653001410776817,0.041191096464161685,-0.05175141328111342,-0.1680481889975877,-0.048843725084655364,-0.3481793664150498,0.008933031629469273,0.07753519047494797,0.0027807421319099076,0.08059116269131544
2009-08-17,0.0,0.10511923236091693,0.0,0.04408228429028834,0.0,-0.07998139260610744,0.0,-0.6141512158247482,0.0,0.2863767234033021,0.0,0.22311573803741566,0.5134078936740639,0.4986568094930039,0.0,0.12868319593389224,0.0,0.02020465183842031,0.0,-0.12842098517071604,0.0,-0.1988759808814589,0.0,0.16279045810005804,0.0,0.2702227869147469,0.00975137374390183,0.10120134135787391,0.006310798694737716,0.034362825996538025,-0.025867142717203938,-0.1483163332495326,-0.02250117701731632,-0.3690792195649992,0.005252827503534691,0.09588396507234433,0.0,0.09497316963920674
2009-08-24,0.0,0.04956827126690834,0.0,0.0,0.0,-0.447263045217486,0.0,-0.06783037721481738,0.0,0.029008680038149205,0.0,0.0,0.3218192899566153,0.471278432599333,0.0,0.14107526375061932,0.0,0.02020465183842031,0.0,-0.24023674647508753,0.0,-0.21583357518516327,0.0,0.17004262810959533,0.0,0.2702227869147469,0.0,0.09526291155758042,0.0,0.028052027301800307,0.0,-0.15685404016444296,0.0,-0.3517957638718995,0.0,0.09286257449482112,0.0,0.09497316963920674
2009-08-31,0.09397774941760545,0.09397774941760545,0.06755458637499073,0.06755458637499073,-0.3636850936045664,-0.3636850936045664,-0.11757327693734389,-0.11757327693734389,0.03372592631088357,0.03372592631088357,0.07586893531008239,0.07586893531008239,0.11692421706673875,0.3102762987718815,0.023494437354401362,0.16325323591630014,0.016888646593747683,0.03709329843216799,-0.09092127340114163,-0.24781926419673217,-0.029393319234335958,-0.2412663882006139,0.008431481577720893,0.12118528730854358,0.018967233827520597,0.1404625603721729,0.007229057647508112,0.10249196920508853,0.0051965066442300565,0.02677926184173244,-0.027975776431120494,-0.167690191739927,-0.00904409822594953,-0.272310105274823,0.002594302023914121,0.09091943953439499,0.005836071946929414,0.09747680561548738
2009-09-07,0.3284242844402898,0.3284242844402898,0.02605824696870617,0.02605824696870617,-0.0002111465398969436,-0.0002111465398969436,0.0,0.0,0.017151506258733754,0.017151506258733754,0.04192982967923688,0.04192982967923688,0.23674584638265486,0.3062980973597568,0.10560050846447382,0.14427238437143014,0.023403208335924228,0.034423779408496315,-0.09097406003611587,-0.22278516949201418,-0.029393319234335958,-0.19988871749422737,0.012719358142404331,0.09156570900276717,0.029449691247329816,0.08522862575668373,0.03249246414291502,0.12460359735151946,0.0072009871802843775,0.02878374237778676,-0.02799201847265103,-0.14739714141773566,-0.00904409822594953,-0.21099869199579713,0.003913648659201333,0.08818558337401747,0.009061443460716866,0.10070217712927482
2009-09-14,0.09898914895600112,0.09898914895600112,0.5694154120362009,0.5694154120362009,-0.10650836553626736,-0.10650836553626736,0.0,0.0,0.0008550423765372892,0.0008550423765372892,0.11051127472801865,0.11051127472801865,-0.2675416143726062,0.07382106410723571,0.1303477957034741,0.14273986352020118,0.16575706134497448,0.16575706134497448,-0.11760115142018271,-0.22941691272455417,-0.029393319234335958,-0.046350913538040314,0.012933118736538653,0.020185288746075968,0.05707750992933448,0.05707750992933448,0.040107014062607416,0.1283179671229209,0.05100217272153061,0.07251328516457817,-0.03618496966774852,-0.15247797488712667,-0.00904409822594953,-0.20713589582677738,0.003979421149704201,0.08512805482812404,0.017562310747487535,0.10329678556256906
2009-09-21,0.05971602360719884,0.0,0.2146762247418365,0.0,-0.23444247690887085,0.0,-0.06890024582091664,0.0,0.07443507622848747,0.0,0.06708520657755213,0.0,-0.12852536961389024,0.1503215691490309,0.14527680160527381,0.1303477957034741,0.21942611753043362,0.16575706134497448,-0.1762117706474004,-0.11760115142018268,-0.046618380689565114,-0.029393319234335972,0.03154188779366052,0.012933118736538667,0.07384881157372251,0.05707750992933448,0.04470055434008425,0.09490347848340906,0.06751572847090265,0.05810058739220254,-0.05421900635304628,-0.14814436449900936,-0.014344117135250809,-0.18885796515331704,0.009705196244203237,0.07333119340519477,0.02272271125345308,0.10321727655926968
2009-09-28,0.0,0.0,0.0,0.0,-0.641610145151874,0.0,-0.06566453120940167,0.0,0.302764582507031,0.0,0.7918676080772815,0.0,0.21922651259865017,0.2119241545533968,0.12178236425087244,0.10685335834907274,0.20253747093668595,0.1488684147512268,-0.24569303353422733,-0.026679878019041075,-0.03364119425757957,0.0,0.09880155184269737,0.004501637158817774,0.25284847976552227,0.03811027610181389,0.04470055434008425,0.08818092092733318,0.06751572847090265,0.057219308394512294,-0.10357363290319042,-0.12242086569050664,-0.0193952349205894,-0.145226773480754,0.03299477951397485,0.06127297003797315,0.08363560418247475,0.10070778364433274
2009-10-05,0.0,0.0,0.0014901319104410591,0.0,-0.14924340828718693,0.0,-1.1691190565486913,0.0,0.043486428002138686,0.0,0.1892027655053694,0.0,0.37406250245847095,0.29976959913905676,0.03967629314079999,0.02474728723900028,0.19639544217211966,0.14235385300905026,-0.2829510989710498,-0.02662709138406684,-0.3259209583947524,0.0,0.10538528227854861,0.00021376059413433617,0.28966671372205544,0.027627818682004663,0.04470055434008425,0.08351478752433643,0.06763035400247504,0.05721898867181378,-0.11505389507912787,-0.11010396858316006,-0.10932747003971952,-0.07545442905215362,0.03633988936029321,0.056300229798810456,0.09818966306750315,0.10070778364433274
2009-10-12,2.30455490249743e-06,0.0,0.0,0.0,-0.2892729120026259,0.0,-0.5156534080801954,0.0,0.00630547783983281,0.0,0.0719856248938749,0.0,0.524034762263099,0.38373096110711213,0.014929582040525335,0.0,0.05404158916306942,0.0,-0.3286422355876395,0.0,-0.45483431041480127,0.0,0.10674789114437248,0.0,0.2800353012635195,0.0,0.04470073161353828,0.08351478752433643,0.06763035400247504,0.05721898867181378,-0.13730565754086832,-0.11010396858316006,-0.14899311681511915,-0.07545442905215362,0.03682492611720343,0.056300229798810456,0.10372701882857045,0.10070778364433274
2009-10-19,1.6737306293681068e-06,0.0,0.0,0.0,-0.016094668269021808,0.0,-0.004493578401936324,0.0,0.23283745445971504,0.0,0.04133639196518814,0.0,0.7129387866777268,0.46539253483283083,9.94571382966384e-07,0.0,0.00037253297761029254,0.0,-0.2740552834276772,0.0,-0.43873264356005615,0.0,0.14634848570217937,0.0,0.27359809761042847,0.0,0.04470086036204824,0.08351478752433643,0.06763035400247504,0.05721898867181378,-0.13854370894617768,-0.11010396858316006,-0.14933877669219117,-0.07545442905215362,0.0547354995371815,0.056300229798810456,0.10690674128743108,0.10070778364433274
2009-10-26,0.08719767541664719,0.0,0.0007757793773931308,0.0,-0.04740323212593557,0.0,-0.009279851631298174,0.0,0.11462045138395402,0.0,0.2150297278561667,0.0,0.9060794330940277,0.5489053281241456,0.021800413425544764,0.0,0.0005664778219585752,0.0,-0.1255035551711926,0.0,-0.4246364736655303,0.0,0.09931245292141014,0.0,0.1293886275551498,0.0,0.051408373855636486,0.08351478752433643,0.06769002933919759,0.05721898867181378,-0.1421901114174035,-0.11010396858316006,-0.15005261143306028,-0.07545442905215362,0.0635524573359472,0.056300229798810456,0.1234474895840593,0.10070778364433274
2009-11-02,0.5747571318235576,0.0,0.14828101214033956,0.0,-0.028057313727162633,0.0,0.0,0.0,0.0565550247551323,0.0,0.09598879995927201,0.0,0.4010004858925353,0.39784590832398226,0.16548969638143415,0.0,0.0372641978794332,0.0,-0.09520703153118652,0.0,-0.13235670952835749,0.0,0.10257960210965854,0.0,0.10608513616862544,0.0,0.09562046091898707,0.08310972131242242,0.07909626104230064,0.05721898867181378,-0.14434836631949294,-0.08446127452793023,-0.15005261143306028,-0.07423581175403506,0.06790284385557276,0.038672899836111184,0.13083124342708022,0.05494548814584209
2009-11-09,0.1255944280539707,0.0,0.4205047868299992,0.0,-0.03474715455755695,0.0,0.0,0.0,0.017375387449467535,0.0,0.12074739760440353,0.0,0.2115072072544166,0.3103480697056773,0.1968877272562012,0.0,0.142390394586933,0.0,-0.0315755921699193,0.0,-0.0034433575083086245,0.0,0.10534707951206722,0.0,0.1182755793462576,0.0,0.10528157076929251,0.05200605280320936,0.11144278310614672,0.0543931176669374,-0.14702122436238194,-0.07674223411571725,-0.15005261143306028,-0.06150422076745458,0.06923941212091642,0.02823983679904661,0.1401195047812651,0.03472505982728873
2009-11-16,0.10935633113331142,0.0,0.4766923608160854,0.0,-0.05501414387757139,0.0,-0.017171285567849387,0.0,0.0,0.0,0.2849524786160302,0.0,-0.07446815401646667,0.22807482867633896,0.22422639160687172,0.0,0.26156348479095437,0.0,-0.041305461072056696,0.0,-0.00661278429978689,0.0,0.047137715897138464,0.0,0.17917960100896813,0.0,0.11369359624108569,0.043919958006215745,0.14811142624584558,0.0510021727215306,-0.1512530815837336,-0.07058981929986283,-0.15137347955366406,-0.014261819550166251,0.06923941212091642,0.006210858075715678,0.16203892621326743,0.017562310747487535
2009-11-23,0.5199681146024386,0.0,0.32330378955021666,0.0,-0.021701345267906312,0.0,0.0,0.0,0.003367090868007516,0.0,0.10616916387627605,0.0,-0.9323342389301478,0.1658128954379067,0.3324190014033196,0.0,0.3421954873341603,0.0,-0.03487998935754938,0.0,-0.004292821391962347,0.0,0.01932437576815184,0.0,0.15196446001399544,0.0,0.15369114351819635,0.040107014062607416,0.1729809485189392,0.0510021727215306,-0.152922415835111,-0.03618496966774852,-0.15137347955366406,-0.00904409822594953,0.06949841911076314,0.003979421149704201,0.17020578497298097,0.017562310747487535
2009-11-30,0.0,0.0,0.0,0.0,0.0,0.0,0.0,0.0,0.0,0.0,0.0,0.0,-0.7909694744849245,0.18521462564771451,0.1887297184474302,0.0,0.30512523429907534,0.0,-0.02786566092575872,0.0,-0.004292821391962347,0.0,0.005185619579368763,0.0,0.12796726002417744,0.0,0.14646208587068824,0.0328779564150993,0.16778444187470914,0.04580566607730055,-0.1249466394039905,-0.008209193236628023,-0.14232938132771455,0.0,0.06690411708684903,0.0013851191257900802,0.16436971302605155,0.01172623880055812
2009-12-07,0.0,0.0,0.0,0.0,0.0,0.0,0.0,0.0,0.0,0.0,0.0,0.0,-0.5333221371192586,0.09252448067496047,0.15733111143393752,0.0,0.19999903759157553,0.0,-0.019178872286369483,0.0,-0.004292821391962347,0.0,0.000841772717001879,0.0,0.09778041062307656,0.0,0.12119867937528134,0.007614549919692394,0.16577996133865483,0.04380118554124623,-0.12493039736245996,-0.008192951195097489,-0.14232938132771455,0.0,0.06558477045156182,6.57724905028684e-05,0.16114434151226412,0.008500867286770665
2009-12-14,0.0,0.0,0.0,0.0,0.0,0.0,0.0,0.0,0.0,0.0,0.0,0.0,-0.6973439542645039,0.08821937305672185,0.12999202865060966,0.0,0.08082594738755418,0.0,-0.0054253363169766335,0.0,0.0,0.0,0.000841772717001879,0.0,0.026542290969069012,0.0,0.11358412945558895,0.0,0.12197877579740858,0.0,-0.11673744616736248,0.0,-0.14232938132771455,0.0,0.06551899796105895,0.0,0.15264347422549343,0.0
2009-12-21,0.0,0.0,0.0,0.0,0.0,0.0,0.0,0.0,0.0,0.0,0.0,0.0,-0.17246813273407557,0.1381725341750573,0.0,0.0,0.0,0.0,0.0,0.0,0.0,0.0,0.0,0.0,0.0,0.0,0.10899058917811212,0.0,0.10546522004803655,0.0,-0.09870340948206471,0.0,-0.13702936241841326,0.0,0.05979322286655991,0.0,0.14748307371952787,0.0
2009-12-28,0.0,0.0,0.0,0.0,0.0,0.0,0.0,0.0,0.0,0.0,0.0,0.0,-0.22070585283763675,-0.0015529826131235654,0.0,0.0,0.0,0.0,0.0,0.0,0.0,0.0,0.0,0.0,0.0,0.0,0.10899058917811212,0.0,0.10546522004803655,0.0,-0.049348782931920576,0.0,-0.13197824463307467,0.0,0.036503639596788304,0.0,0.08657018079050623,0.0
2010-01-04,0.0,0.0,0.0,0.0,0.0,0.0,0.0,0.0,0.0,0.0,0.0,0.0,-0.3733409168130744,-0.26416053156816716,0.0,0.0,0.0,0.0,0.0,0.0,0.0,0.0,0.0,0.0,0.0,0.0,0.10899058917811212,0.0,0.10535059451646417,0.0,-0.03786852075598312,0.0,-0.04204600951394456,0.0,0.03315852975046994,0.0,0.07201612190547782,0.0
2010-01-11,0.0,0.0,0.0,0.0,0.0,0.0,0.0,0.0,0.0,0.0,0.0,0.0,-0.4742293169903181,-0.39379467421163034,0.0,0.0,0.0,0.0,0.0,0.0,0.0,0.0,0.0,0.0,0.0,0.0,0.10899041190465807,0.0,0.10535059451646417,0.0,-0.015616758294242666,0.0,-0.002380362738544914,0.0,0.03267349299355972,0.0,0.06647876614441052,0.0
2010-01-18,0.0,0.0,0.0,0.0,0.0,0.0,0.0,0.0,0.0,0.0,0.0,0.0,-0.4486280433653121,-0.5506282778736441,0.0,0.0,0.0,0.0,0.0,0.0,0.0,0.0,0.0,0.0,0.0,0.0,0.10899028315614813,0.0,0.10535059451646417,0.0,-0.014378706888933297,0.0,-0.0020347028614728893,0.0,0.014762919573581643,0.0,0.0632990436855499,0.0
2010-01-25,0.0,0.0,0.0,0.0,0.0,0.0,0.0,0.0,0.0,0.0,0.0,0.0,-0.6189102891943978,-0.8332065497144846,0.0,0.0,0.0,0.0,0.0,0.0,0.0,0.0,0.0,0.0,0.0,0.0,0.10228276966255988,0.0,0.10529091917974161,0.0,-0.010732304417707485,0.0,-0.001320868120603799,0.0,0.005945961774815951,0.0,0.046758295388921685,0.0
2010-02-01,0.0,0.0,0.0,0.0,0.0,0.0,0.0,0.0,0.0,0.0,0.0,0.0,-0.5030927983781283,-0.6827311716603953,0.0,0.0,0.0,0.0,0.0,0.0,0.0,0.0,0.0,0.0,0.0,0.0,0.05807068259920929,0.0,0.09388468747663857,0.0,-0.00857404951561805,0.0,-0.001320868120603799,0.0,0.0015955752551903885,0.0,0.03937454154590076,0.0
2010-02-08,0.0,0.0,0.0,0.0,0.0,0.0,0.0,0.0,0.0,0.0,0.0,0.0,-0.3076345453190653,-0.6718799121704812,0.0,0.0,0.0,0.0,0.0,0.0,0.0,0.0,0.0,0.0,0.0,0.0,0.048409572748903854,0.0,0.06153816541279248,0.0,-0.005901191472729055,0.0,-0.001320868120603799,0.0,0.00025900698984673197,0.0,0.030086280191715872,0.0
2010-02-15,0.0,0.0,0.0,0.0,0.0,0.0,0.0,0.0,0.0,0.0,0.0,0.0,-0.3726384144949643,-0.7412180972518712,0.0,0.0,0.0,0.0,0.0,0.0,0.0,0.0,0.0,0.0,0.0,0.0,0.03999754727711066,0.0,0.024869522273093598,0.0,-0.0016693342513774087,0.0,0.0,0.0,0.00025900698984673197,0.0,0.008166858759713552,0.0
2010-02-22,0.0,0.0,0.0,0.0,0.0,0.0,0.0,0.0,0.0,0.0,0.0,0.0,-0.6040853824947663,-0.7301650229764453,0.0,0.0,0.0,0.0,0.0,0.0,0.0,0.0,0.0,0.0,0.0,0.0,0.0,0.0,0.0,0.0,0.0,0.0,0.0,0.0,0.0,0.0,0.0,0.0
2010-03-01,0.0,0.0,0.0,0.0,0.0,0.0,0.0,0.0,0.0,0.0,0.0,0.0,-0.884289980437681,-0.812986859444141,0.0,0.0,0.0,0.0,0.0,0.0,0.0,0.0,0.0,0.0,0.0,0.0,0.0,0.0,0.0,0.0,0.0,0.0,0.0,0.0,0.0,0.0,0.0,0.0
2010-03-08,0.0,0.0,0.0,0.0,0.0,0.0,0.0,0.0,0.0,0.0,0.0,0.0,-0.5091854870799077,-0.696044042954863,0.0,0.0,0.0,0.0,0.0,0.0,0.0,0.0,0.0,0.0,0.0,0.0,0.0,0.0,0.0,0.0,0.0,0.0,0.0,0.0,0.0,0.0,0.0,0.0
2010-03-15,0.0,0.0,0.0,0.0,0.0,0.0,0.0,0.0,0.0,0.0,0.0,0.0,-0.5113887244762967,-0.734231421447333,0.0,0.0,0.0,0.0,0.0,0.0,0.0,0.0,0.0,0.0,0.0,0.0,0.0,0.0,0.0,0.0,0.0,0.0,0.0,0.0,0.0,0.0,0.0,0.0
2010-03-22,0.0,0.0,0.0,0.0,0.0,0.0,0.0,0.0,0.0,0.0,0.0,0.0,-0.3978764138034322,-0.8542334479426473,0.0,0.0,0.0,0.0,0.0,0.0,0.0,0.0,0.0,0.0,0.0,0.0,0.0,0.0,0.0,0.0,0.0,0.0,0.0,0.0,0.0,0.0,0.0,0.0
2010-03-29,0.0,0.0,0.0,0.0,0.0,0.0,0.0,0.0,0.0,0.0,0.0,0.0,-0.07453903452461656,-0.7350555188311881,0.0,0.0,0.0,0.0,0.0,0.0,0.0,0.0,0.0,0.0,0.0,0.0,0.0,0.0,0.0,0.0,0.0,0.0,0.0,0.0,0.0,0.0,0.0,0.0
2010-04-05,0.4460783514105029,0.0,0.2682730005151507,0.0,-0.051738606971003735,0.0,-0.035140809189775586,0.0,0.06489884389822234,0.0,0.16323363306131633,0.0,-0.3064893698429322,-0.6699485423402101,0.11151958785262572,0.0,0.06706825012878768,0.0,-0.01293465174275099,0.0,-0.008785202297443897,0.0,0.016224710974555585,0.0,0.04080840826532908,0.0,0.03431371933926945,0.0,0.0206363846550116,0.0,-0.003979892843923364,0.0,-0.0027031391684442757,0.0,0.004992218761401718,0.0,0.012556433312408957,0.0
2010-04-12,0.2914826236280805,0.0,0.5506591092995536,0.0,-0.012839620218513537,0.0,0.0,0.0,0.0,0.0,0.211555172787658,0.0,-0.0779639286724641,-0.5586197706650062,0.18439024375964586,0.0,0.2047330274536761,0.0,-0.016144556797379375,0.0,-0.008785202297443897,0.0,0.016224710974555585,0.0,0.09369720146224358,0.0,0.05673545961835257,0.0,0.06299477767805418,0.0,-0.004967555937655175,0.0,-0.0027031391684442757,0.0,0.004992218761401718,0.0,0.028829908142228803,0.0
2010-04-19,0.07604659808525847,0.0,0.43805215053087054,0.0,-0.023569673312369366,0.0,0.0,0.0,0.07340961953760815,0.0,0.11703435753299238,0.0,0.1033385943703289,-0.5098976241149242,0.20340189328096045,0.0,0.31424606508639374,0.0,-0.022036975125471717,0.0,-0.008785202297443897,0.0,0.03457711585895762,0.0,0.12295579084549169,0.0,0.06258519793260321,0.0,0.09669109694965962,0.0,-0.006780607730914357,0.0,-0.0027031391684442757,0.0,0.01063911257198696,0.0,0.037832551029382065,0.0
2010-04-26,0.08297967727978471,0.0,0.04921205023097381,0.0,-0.15480386925589304,0.0,-0.057058883146649725,0.0,0.05647061680958722,0.0,0.6201781764584148,0.0,0.2735875217859821,-0.32514400602116916,0.22414681260090663,0.0,0.3265490776441372,0.0,-0.06073794243944498,0.0,-0.023049923084106326,0.0,0.04869477006135443,0.0,0.27800033496009535,0.0,0.0689682500310482,0.0,0.10047663927511914,0.0,-0.01868859767367536,0.0,-0.007092284025878869,0.0,0.014983006172724439,0.0,0.08553856460310628,0.0
2010-05-03,0.11105468418532861,0.0,0.06689868657414363,0.0,-0.3035728280450171,0.0,-0.3675806617870322,0.0,0.415197780768808,0.0,0.42914643082753,0.0,0.2867927988333144,-0.30303524573853136,0.14039089579461306,0.0,0.2762054991588854,0.0,-0.12369649770794833,0.0,-0.10615988623342047,0.0,0.13626950427900084,0.0,0.3444785344016488,0.0,0.07751091804530424,0.0,0.10562269208851481,0.0,-0.042040353677138216,0.0,-0.03536771954795827,0.0,0.04692129700109428,0.0,0.11854982851291629,0.0
2010-05-10,0.002716290867816284,0.0,0.0,0.0,-0.24804665800500034,0.0,-0.04936404572360542,0.0,0.0846287319612804,0.0,0.2609808456724964,0.0,0.6683915036127386,-0.06478337222092033,0.06819931260454702,0.0,0.13854072183399702,0.0,-0.18249825715457002,0.0,-0.11850089766432183,0.0,0.15742668726932094,0.0,0.35683495262285836,0.0,0.07771986349667472,0.0,0.10562269208851481,0.0,-0.061120865831369005,0.0,-0.039164953834389456,0.0,0.05343119945965431,0.0,0.1386252781800314,0.0
2010-05-17,0.08544479493912598,0.08544479493912598,0.19682691166887367,0.19682691166887367,-0.07449488084812086,-0.07449488084812086,-0.050918738402039074,-0.050918738402039074,0.0,0.0,0.2784191029943869,0.2784191029943869,0.8470249091817028,0.12745776274105913,0.0705488618180139,0.021361198734781494,0.0782344121184978,0.049206727917218446,-0.1952295590385079,-0.018623720212030216,-0.13123058226483159,-0.012729684600509768,0.1390742823849189,0.0,0.39718113898820706,0.06960477574859672,0.08429254003045365,0.006572676533778922,0.12076322375535124,0.015140531666836436,-0.06685124128122447,-0.005730375449855451,-0.04308177986531554,-0.003916826030926083,0.05343119945965431,0.0,0.1600421322565227,0.0214168540764913
2010-05-24,0.3548893284798334,0.3548893284798334,0.4649702867304742,0.4649702867304742,-0.04990008775171961,-0.04990008775171961,-0.03291294304907761,-0.03291294304907761,0.22531376656175692,0.22531376656175692,0.32497156774245084,0.32497156774245084,0.8525038045826066,0.30127342213690367,0.13852627461802608,0.11008353085473985,0.18217397124337292,0.165449299599837,-0.16900361366246452,-0.03109874214996012,-0.12519409724043856,-0.020957920362779173,0.18128506982296133,0.05632844164043924,0.323379486809216,0.15084766768420943,0.11159171914428699,0.03387185564761226,0.15653016888846463,0.05090747679994983,-0.07068970956981827,-0.009568843738449267,-0.045613544715244585,-0.00644859088085513,0.07076302765671254,0.017331828197058224,0.18503994515978814,0.04641466697975675
2010-05-31,0.43076948952072525,0.43076948952072525,0.10004208836416646,0.10004208836416646,0.0,0.0,0.0,0.0,0.04160278693020191,0.04160278693020191,0.21020093850826996,0.21020093850826996,0.9393282069216642,0.5161407094170128,0.21845497595187524,0.21777590323492116,0.1904598216908786,0.1904598216908786,-0.09311040665121026,-0.03109874214996012,-0.033298931793680514,-0.020957920362779173,0.0878863213633098,0.06672913837298972,0.26864311372940103,0.2033979023112769,0.14472783372280432,0.06700797022612959,0.16422571414724668,0.05860302205873187,-0.07068970956981827,-0.009568843738449267,-0.045613544715244585,-0.00644859088085513,0.07396324203595885,0.020532042576304525,0.20120924812196275,0.06258396994193136
2010-06-07,0.0,0.09465861174755408,0.0,0.03196016486334196,0.0,-0.10661478210267862,0.0,0.0,0.0,0.16720692915683028,0.0,0.47935946082965863,1.062017221904307,0.6343117901696135,0.21777590323492113,0.24144055617180968,0.1904598216908786,0.1984498629067141,-0.031098742149960175,-0.05775243767562978,-0.02095792036277916,-0.020957920362779173,0.0667291383729897,0.1085308706621973,0.2033979023112769,0.3232377675186916,0.14472783372280432,0.07428940189901836,0.16422571414724668,0.06106149627898894,-0.07068970956981827,-0.0177699808232707,-0.045613544715244585,-0.00644859088085513,0.07396324203595885,0.03339411404990685,0.20120924812196275,0.09945777462113588
2010-06-14,0.0,0.09612286160752262,0.0,0.0720042136546027,0.0,-0.14008206951984972,0.0,-0.10138255251038283,0.0,0.028334314665458365,0.0,0.19784830431990597,1.1661080724570854,0.852436965547574,0.19641470450013965,0.24411007283890884,0.1412530937736602,0.16724418840314637,-0.012475021937929959,-0.07414923484356198,-0.008228235762269389,-0.033573873889865116,0.0667291383729897,0.11561444932856188,0.13379312656268022,0.30309506785007134,0.14472783372280432,0.0816834681765201,0.16422571414724668,0.06660028194472761,-0.07068970956981827,-0.028545524632489907,-0.045613544715244585,-0.014247248766269194,0.07396324203595885,0.035573676716480575,0.20120924812196275,0.11467687495343631
2010-06-21,0.0,0.3484194353706304,0.0,0.361248150809159,0.0,0.0,0.0,0.0,0.0,0.0002958210128687412,0.0,0.20445686805181332,1.1038130868674585,0.8871758958575641,0.10769237238018131,0.2424925995616081,0.025010522091041657,0.14131365442281757,0.0,-0.06167421290563208,0.0,-0.025345638127595712,0.010400696732550478,0.05935996294133984,0.05255023462706749,0.272966392927412,0.14472783372280432,0.10848496320503014,0.16422571414724668,0.09438860123773986,-0.07068970956981827,-0.028545524632489907,-0.045613544715244585,-0.014247248766269194,0.07396324203595885,0.03559643217900894,0.20120924812196275,0.13040432634203736
2010-06-28,0.0,0.1263007452886145,0.0,0.0,0.0,-0.28248447158786855,0.0,-0.2086007500575562,0.0,0.06494745964511452,0.0,0.7855091481220507,0.9560753643252163,0.9233746666977282,0.0,0.16637541350358043,0.0,0.11630313233177594,0.0,-0.13229533080259923,0.0,-0.07749582564198476,0.0,0.06519613112006799,0.0,0.41679344533085716,0.14472783372280432,0.11820040515030818,0.16422571414724668,0.09438860123773986,-0.07068970956981827,-0.050275099370018256,-0.045613544715244585,-0.030293460309158134,0.07396324203595885,0.04059239061324852,0.20120924812196275,0.1908281069668105
2010-07-05,0.0,0.07222641437843569,0.0,0.11360243956614935,0.0,-0.2546009416709212,0.0,-0.1450401659568944,0.0,0.0008338736977696423,0.0,0.2181458723388942,0.8539939830904828,1.0417341798348685,0.0,0.16076736416130083,0.0,0.1367137010074778,0.0,-0.16929187069465984,0.0,-0.11375586713120836,0.0,0.02360286725530283,0.0,0.3514900482081661,0.11041411438353486,0.12375628317941861,0.14358932949223507,0.10312725043513594,-0.0667098167258949,-0.06985978719085835,-0.042910405546800305,-0.041450396151996166,0.06897102327455712,0.04065653474384619,0.18865281480955381,0.20760855868518696
2010-07-12,0.0,0.11157298809194087,0.0,0.06260082987927215,0.0,-0.2317314663397731,0.0,-0.07854406395032322,0.0,0.1001993712417849,0.0,0.3727585856611776,0.4607962928543583,1.0790396542937595,0.0,0.1646298957824054,0.0,0.13436285506364515,0.0,-0.1922042198996407,0.0,-0.10804624499119345,0.0,0.041569131399384465,0.0,0.3952176185434839,0.08799237410445174,0.13233882072495254,0.1012309364691925,0.10794269888738765,-0.0657221536321631,-0.08768528460161013,-0.042910405546800305,-0.047492247225097955,0.06897102327455712,0.04836417868552194,0.17237933997973395,0.2362822960437391
2010-07-19,0.0,0.0,0.0,0.0,0.0,0.0,0.0,0.0,0.0,0.0,0.0,0.0,0.46762503867717053,1.078513544000578,0.0,0.07752503693974777,0.0,0.0440508173613554,0.0,-0.1922042198996407,0.0,-0.10804624499119345,0.0,0.04149517614616728,0.0,0.3441034015305306,0.08214263579020109,0.13233882072495254,0.06753461719758708,0.10794269888738765,-0.06390910183890391,-0.08768528460161013,-0.042910405546800305,-0.047492247225097955,0.06332412946397188,0.04836417868552194,0.16337669709258068,0.2362822960437391
2010-07-26,0.0,0.0,0.0,0.0,0.0,0.0,0.0,0.0,0.0,0.0,0.0,0.0,0.48282726059395253,1.002250658260812,0.0,0.04594985061759414,0.0,0.0440508173613554,0.0,-0.12158310200267355,0.0,-0.0558960574768044,0.0,0.02525831123488865,0.0,0.14772611450001794,0.07575958369175612,0.13233882072495254,0.06374907487212754,0.10794269888738765,-0.05200111189614291,-0.08768528460161013,-0.03852126068936571,-0.047492247225097955,0.058980235863234406,0.04836417868552194,0.11567068351885648,0.2362822960437391
2010-08-02,0.0,0.0,0.0,0.0,0.0,0.0,0.0,0.0,0.0,0.0,0.0,0.0,0.20029971077051095,0.9994199173186458,0.0,0.027893247022985217,0.0,0.015650207469818066,0.0,-0.05793286658494326,0.0,-0.019636015987580805,0.0,0.025049842810446237,0.0,0.0931896464152944,0.06721691567750007,0.13233882072495254,0.058603022058731885,0.10794269888738765,-0.02864935589268006,-0.08768528460161013,-0.010245825167286317,-0.047492247225097955,0.027041945034864553,0.04836417868552194,0.08265941960904646,0.2362822960437391
2010-08-09,0.0,0.21162385459325603,0.0,0.97642021430016,0.0,-0.14254340944162763,0.0,-0.09785904148412794,0.0,0.05240133014100727,0.0,0.3235416025463614,0.18973232464715573,0.9102514769376415,0.0,0.05290596364831401,0.0,0.24410505357504003,0.0,-0.035635852360406894,0.0,-0.024464760371031985,0.0,0.013100332535251832,0.0,0.08088540063659035,0.06700797022612959,0.14861757877058762,0.058603022058731885,0.18305194614124612,-0.009568843738449264,-0.0986501622509661,-0.00644859088085513,-0.0550198658008001,0.020532042576304525,0.052395050234830196,0.06258396994193137,0.26117011162422843
2010-08-16,0.0,0.1523600571637267,0.0,0.11617386095212595,0.0,-0.09652721353528058,0.0,-0.00023671646879757865,0.0,0.07949729083219757,0.0,0.1536136398606729,0.1504847642113806,0.8091719916377219,0.0,0.09099597793924569,0.0,0.2731485188130715,0.0,-0.059767655744227044,0.0,-0.02452393948823138,0.0,0.032974655243301225,0.0,0.11928881060175857,0.06043529369235067,0.15376490663401843,0.04346249039189545,0.1768478653168809,-0.0038384682885938123,-0.1003449570730553,-0.002531764849929047,-0.05112124872901229,0.020532042576304525,0.05851022645269155,0.04116711586544007,0.25156969138317353
2010-08-23,0.0,0.07368110430111063,0.0,0.0,0.0,-0.38733438203414006,0.0,-0.4610526563674402,0.0,0.01478855871841152,0.0,0.63920232242989,-0.07645934665245446,0.669168983471434,0.0,0.10941625401452335,0.0,0.2731485188130715,0.0,-0.15660125125276206,0.0,-0.13978710358009144,0.0,0.03667179492290411,0.0,0.27908939120923104,0.033136114578517326,0.13213350477411667,0.007695545258782044,0.14108092018376753,0.0,-0.1263014412486261,0.0,-0.0840550728304248,0.003200214379246301,0.042315979695511124,0.01616930296217462,0.2757412878975919
2010-08-30,0.0,0.0390490142763824,0.0,0.05555601873388197,0.0,-0.2623535480693244,0.0,-0.689892855710773,0.0,0.2552763200733692,0.0,1.132425732464285,0.09049200338874933,0.5712551102854667,0.0,0.11917850758361893,0.0,0.287037523496542,0.0,-0.22218963827009316,0.0,-0.31226031750778466,0.0,0.10049087494124641,0.0,0.5621958243253022,0.0,0.10200116052455183,0.0,0.13765891482759177,0.0,-0.14648248340780493,0.0,-0.1371237540389458,0.0,0.05875240532190862,0.0,0.3466816566634392
2010-09-06,0.00566630066106223,0.00566630066106223,0.007521389160076354,0.007521389160076354,-0.30289459511981404,-0.30289459511981404,-0.43109524194497495,-0.43109524194497495,0.38024811605650854,0.38024811605650854,0.8257064935764941,0.8257064935764941,0.29565693154381617,0.4575051445155697,0.0014165751652655575,0.0676891191005705,0.0018803472900191301,0.0448128172115211,-0.07572364877995356,-0.26227743468963977,-0.10777381048624372,-0.3955693676229964,0.09506202901412714,0.18245257142012172,0.20642662339412352,0.6877370470828355,0.00043586928162017154,0.09515559813328323,0.0005785683969289589,0.13577900900426365,-0.02329958423998569,-0.16158093056296918,-0.033161172457305765,-0.17028492649625154,0.02924985508126989,0.07514018892957618,0.06351588412126878,0.37332373610550346
2010-09-13,0.10839799225788031,0.10839799225788031,0.08770178618611582,0.08770178618611582,-0.3223839419750066,-0.3223839419750066,-0.03316888402082392,-0.03316888402082392,0.0007071794068320449,0.0007071794068320449,0.08969680329037194,0.08969680329037194,0.3303112150945246,0.3599302989969501,0.028516073229735636,0.0566986028741089,0.023805793836548086,0.037694798520018565,-0.1563196342737052,-0.31874161679957125,-0.1160660314914497,-0.403802409511003,0.09523882386583515,0.16275504356378034,0.2288508242167165,0.6717578379402602,0.008774176378380195,0.09609983895254152,0.0073248596420147916,0.13698651458361083,-0.04809834900729389,-0.17560415152105818,-0.03571262507429222,-0.16503772122782395,0.029304253497180046,0.0730150246789126,0.07041563822052817,0.3650043898724624
2010-09-20,0.05544702620564573,0.05544702620564573,0.08458957064363337,0.08458957064363337,-0.24605121125162188,-0.24605121125162188,-2.9331858590755094e-06,-2.9331858590755094e-06,0.22690512541830712,0.22690512541830712,0.3113874417491012,0.3113874417491012,0.42004143091823476,0.3421477920992475,0.04237782978114707,0.05214008335024267,0.04495318649745643,0.05884219118092691,-0.21783243708661068,-0.2834208241039417,-0.11606676478791447,-0.2885399787156077,0.15196510522041193,0.21578418523875426,0.30669768465399183,0.589804117770063,0.013039332240352945,0.07356349978600424,0.013831749691525052,0.11570508534010886,-0.06702536525741865,-0.19453116777118293,-0.03571285070397369,-0.16503794685750542,0.0467584939139729,0.0904465096331771,0.09436851835507441,0.37322981861840765
2010-09-27,0.11987322900016296,0.0,0.16028519684644313,0.0,-0.3106161323019203,0.0,-0.602954799680315,0.0,0.13898119472406797,0.0,0.0005582289710684238,0.0,0.281983088188307,0.281466641339146,0.07234613703118781,0.04237782978114707,0.0850244857090672,0.044953186497456415,-0.29548647016209073,-0.2178324370866106,-0.2668054647079932,-0.11606676478791449,0.18671040390142893,0.15196510522041196,0.3068372418967589,0.30669768465399183,0.022260349855750095,0.0638480578407262,0.026161380218174525,0.11570508534010886,-0.0909189138960279,-0.17280159303365458,-0.08209398914092099,-0.14899173531461649,0.057449355046593514,0.08545055119893753,0.09441145904515659,0.3128060379936345
2010-10-04,0.2580487131473567,0.0,0.16940264514726186,0.0,-0.18195342739297352,0.0,-0.4053137775394209,0.0,0.02288115391712735,0.0,0.00016059607103699963,0.0,-0.10261104564229422,0.14522446733077915,0.13544174015276145,0.040961254615881515,0.12549479970586358,0.043072839207437326,-0.26525117823038064,-0.1421087883066571,-0.2603600986066047,-0.008292954301670749,0.09736866336658362,0.056903076206284806,0.10045076752039464,0.10027106125986829,0.04211025086708523,0.05829217981161576,0.039192352921810045,0.10696643614271274,-0.10491533138779509,-0.1532169052128145,-0.11327197202856877,-0.13783479947177846,0.059209443809449466,0.08538640706833987,0.09442381258908253,0.296025586275258
2010-10-11,0.3362476933338284,0.0,0.007604018257669481,0.0,-0.1620411215801153,0.0,-0.11854649683407972,0.0,0.011283623235169933,0.0,0.06380614182481154,0.0,-0.4683349848180194,0.03925183439075303,0.19240416542174846,0.013861756551411433,0.105470357723752,0.02114739266090837,-0.2251654731316578,-0.06151280281290546,-0.28170450180991863,-7.332964647688773e-07,0.10001277432366809,0.056726281354576795,0.09397810215400454,0.0778468604372753,0.06797545804661048,0.04970964226608184,0.03977727740316924,0.10215098769046103,-0.11738003304780396,-0.1353914078020627,-0.12239093332349797,-0.13179294839867667,0.06007741482753946,0.0776787631266641,0.09933197734483726,0.2673518489167059
2010-10-18,0.136608283530967,0.0,0.006738053236609853,0.0,-0.07164830014940674,0.0,-0.00025942020012287574,0.0,1.2814173927875174e-06,0.0,0.062729263119015,0.0,-0.9715659466624151,-0.08536401740727209,0.21269447975307876,0.0,0.08600747837199613,0.0,-0.181564745356104,0.0,-0.2817686235634846,0.0,0.04328681332343951,0.0,0.031813557496482986,0.0,0.07848378754899256,0.04970964226608184,0.040295589190600764,0.10215098769046103,-0.12289144075160449,-0.1353914078020627,-0.12241088872350742,-0.13179294839867667,0.060077513398108136,0.0776787631266641,0.10415730527706918,0.2673518489167059
2010-10-25,0.09034260427986243,0.0,0.0009748266210954727,0.0,-0.13448350131438325,0.0,0.0,0.0,0.09934722166955504,0.0,0.9116799523220042,0.0,-0.6277644418432629,-0.06062770987510725,0.20531182357300362,0.0,0.04617988581565921,0.0,-0.13753158760921974,0.0,-0.13102992364340585,0.0,0.03337832005981128,0.0,0.25959398833421693,0.0,0.08543321864744352,0.04970964226608184,0.040370575853761956,0.10215098769046103,-0.13323632546809552,-0.1353914078020627,-0.12241088872350742,-0.13179294839867667,0.06771960737268928,0.0776787631266641,0.1742865323787618,0.2673518489167059
2010-11-01,0.11606673863999886,0.0,0.5433250128549152,0.0,-0.2507723874439008,0.0,-0.19082727369319777,0.0,0.031224850993687714,0.0,0.0,0.0,-0.5916366380633985,-0.14704553563701955,0.1698163299461642,0.0,0.13966047774257254,0.0,-0.15473632762195158,0.0,-0.07740829768185006,0.0,0.03546424432895137,0.0,0.2595538393164577,0.0,0.09436142931205883,0.04970964226608184,0.08216480761183236,0.10215098769046103,-0.15252650911762633,-0.1353914078020627,-0.13708990977683033,-0.13179294839867667,0.07012151898758835,0.0776787631266641,0.1742865323787618,0.2673518489167059
2010-11-08,0.1460783541740086,0.0,0.08278801128706731,0.0,-0.1574886837749477,0.0,-0.06793911666529001,0.0,0.13199156131457254,0.0,0.0723132087144784,0.0,-0.38240672148881627,-0.22664405879513344,0.12227399515620922,0.0,0.15845647599992202,0.0,-0.1535982181706597,0.0,-0.06475645263965263,0.0,0.06564122884880202,0.0,0.2616806060388744,0.0,0.10559822578698255,0.03343088422044677,0.088533116172376,0.027041740436602575,-0.1646410232541608,-0.12442653015270674,-0.1423159956741603,-0.12426532982297453,0.08027471601178623,0.07364789157735584,0.17984908689526014,0.24246403333621652
2010-11-15,0.0015654688262599894,0.0,0.0,0.0,-0.042844137167909996,0.0,0.0,0.0,0.18682891582884048,0.0,0.11824108898305057,0.0,-0.1385604195214948,-0.24568463496940507,0.08851329148003247,0.0,0.15677196269076954,0.0,-0.14639717742528552,0.0,-0.06469159758962192,0.0,0.11234813745166394,0.0,0.2755585625048833,0.0,0.10571864646592564,0.021710879823237026,0.088533116172376,0.01810528959413135,-0.16793672611323077,-0.11700135988076207,-0.1423159956741603,-0.12424712086383624,0.0946461710755432,0.06753271535949448,0.18894455527857174,0.23064759950078015
2010-11-22,0.0553717770411221,0.0,0.0,0.0,-0.07523558050956937,0.0,-1.4937722148662913,0.0,0.31237700402709373,0.0,0.27885802077810945,0.0,-0.3422762860313421,-0.12764787033595795,0.07977058467034738,0.0,0.15652825603549564,0.0,-0.13158519722408202,0.0,-0.4381346513061948,0.0,0.1656055830410486,0.0,0.1173530796189096,0.0,0.10997801393062732,0.016043102569305436,0.088533116172376,0.01810528959413135,-0.17372407846012072,-0.08720640741659746,-0.25722155066387503,-0.0887815319124947,0.11867517138531963,0.0663951339196167,0.21039517226150323,0.18147819008309632
2010-11-29,0.0,0.0,0.0,0.0,-0.6039734644990734,0.0,-0.3189354336967773,0.0,0.08359937459108675,0.0,0.10792179219590632,0.0,-0.11347271783594332,-0.19461281079205214,0.05075390001034767,0.0,0.020697002821766855,0.0,-0.21988546648787516,0.0,-0.4701616913070897,0.0,0.17869921394039837,0.0,0.14433352766788618,0.0,0.10997801393062732,0.013039332240352945,0.088533116172376,0.013831749691525043,-0.22018357572928024,-0.06702536525741866,-0.2817550455636271,-0.03571285070397369,0.12510589250771093,0.04675849391397291,0.21869684858426525,0.09436851835507441
2010-12-06,0.0,0.0,0.0,0.0,0.0,0.0,0.0,0.0,0.0,0.0,0.0,0.0,-0.15194882616208666,-0.3816296497355342,0.014234311466845524,0.0,0.0,0.0,-0.18051329554413825,0.0,-0.45317691214076716,0.0,0.14570132361175525,0.0,0.12625522548926657,0.0,0.10954214464900716,0.012603462958732773,0.08795454777544706,0.013253181294596092,-0.19688399148929453,-0.04372578101743296,-0.24859387310632136,-0.002551678246667923,0.09585603742644103,0.017508638832703014,0.15518096446299648,0.030852634233805628
2010-12-13,0.0,0.0,0.0,0.0,0.0,0.0,0.0,0.0,0.0,0.0,0.0,0.0,-0.5743842631000188,-0.5373590193108132,0.013842944260280526,0.0,0.0,0.0,-0.16980226125216075,0.0,-0.45317691214076716,0.0,0.0989940946545451,0.0,0.09669495324350394,0.0,0.10120383755224713,0.004265155861972749,0.08120825653036122,0.006506890049510259,-0.1720852267219863,-0.01892701625012476,-0.24604242048933495,-2.2562968146734688e-07,0.09580163901053088,0.017454240416792857,0.1482812103637371,0.02395288013454625
2010-12-20,0.0,0.0,0.0,0.0,0.0,0.0,0.0,0.0,0.0,0.0,0.0,0.0,-0.7487783407090897,-0.7408580599751042,0.0,0.0,0.0,0.0,-0.1509933661247684,0.0,-0.07973385842419432,0.0,0.020899843647771674,0.0,0.02698044804897658,0.0,0.09693868169027439,0.0,0.07470136648085096,0.0,-0.15315821047186157,0.0,-0.24604219485965345,0.0,0.07834739859373803,0.0,0.12432833022919085,0.0
2010-12-27,0.0,0.0,0.0,0.0,0.0,0.0,0.0,0.0,0.0,0.0,0.0,0.0,-0.7606943751035605,-0.7082305682773098,0.0,0.0,0.0,0.0,0.0,0.0,0.0,0.0,0.0,0.0,0.0,0.0,0.08771766407487723,0.0,0.062371735954201486,0.0,-0.1292646618332523,0.0,-0.19966105642270612,0.0,0.06765653746111741,0.0,0.12428538953910866,0.0
2011-01-03,0.0,0.0,0.0,0.0,0.0,0.0,0.0,0.0,0.0,0.0,0.0,0.0,-0.7398677077303019,-0.6923791856831777,0.0,0.0,0.0,0.0,0.0,0.0,0.0,0.0,0.0,0.0,0.0,0.0,0.06786776306354211,0.0,0.04934076325056595,0.0,-0.11526824434148511,0.0,-0.16848307353505837,0.0,0.06589644869826147,0.0,0.12427303599518275,0.0
2011-01-10,0.0,0.0,0.0,0.0,0.0,0.0,0.0,0.0,0.0,0.0,0.0,0.0,-0.6505958275251695,-0.5988382197101891,0.0,0.0,0.0,0.0,0.0,0.0,0.0,0.0,0.0,0.0,0.0,0.0,0.04200255588401684,0.0,0.04875583876920676,0.0,-0.10280354268147625,0.0,-0.1593641122401292,0.0,0.06502847768017148,0.0,0.11936487123942802,0.0
2011-01-17,0.0,0.0,0.0,0.0,0.0,0.0,0.0,0.0,0.0,0.0,0.0,0.0,-0.5430191682381338,-0.626002668781377,0.0,0.0,0.0,0.0,0.0,0.0,0.0,0.0,0.0,0.0,0.0,0.0,0.031494226381634766,0.0,0.04823752698177524,0.0,-0.09729213497767572,0.0,-0.15934415684011974,0.0,0.0650283791096028,0.0,0.11453954330719608,0.0
2011-01-24,0.0,0.0,0.0,0.0,0.0,0.0,0.0,0.0,0.0,0.0,0.0,0.0,-0.738285612948468,-0.7833287249080221,0.0,0.0,0.0,0.0,0.0,0.0,0.0,0.0,0.0,0.0,0.0,0.0,0.024544795283183814,0.0,0.04816254031861404,0.0,-0.0869472502611847,0.0,-0.15934415684011974,0.0,0.057386285135021635,0.0,0.044410316205503446,0.0
2011-01-31,0.0,0.0,0.0,0.0,0.0,0.0,0.0,0.0,0.0,0.0,0.0,0.0,-0.4181634361275173,-0.6232752669304463,0.0,0.0,0.0,0.0,0.0,0.0,0.0,0.0,0.0,0.0,0.0,0.0,0.015616584618568515,0.0,0.0063683085605436476,0.0,-0.06765706661165388,0.0,-0.1446651357867968,0.0,0.05498437352012258,0.0,0.044410316205503446,0.0
2011-02-07,0.0,0.0,0.0,0.0,0.0,0.0,0.0,0.0,0.0,0.0,0.0,0.0,-0.5902760580459486,-0.7882687448498723,0.0,0.0,0.0,0.0,0.0,0.0,0.0,0.0,0.0,0.0,0.0,0.0,0.0043797881436447765,0.0,0.0,0.0,-0.05554255247511944,0.0,-0.13943904988946682,0.0,0.04483117649592469,0.0,0.038847761689005104,0.0
2011-02-14,0.0,0.0,0.0,0.0,0.0,0.0,0.0,0.0,0.0,0.0,0.0,0.0,-0.8046797957832881,-0.8850618861929926,0.0,0.0,0.0,0.0,0.0,0.0,0.0,0.0,0.0,0.0,0.0,0.0,0.0042593674647017,0.0,0.0,0.0,-0.052246849616049446,0.0,-0.13943904988946682,0.0,0.030459721432167734,0.0,0.02975229330569353,0.0
2011-02-21,0.0,0.0,0.0,0.0,0.0,0.0,0.0,0.0,0.0,0.0,0.0,0.0,-0.38244012410134365,-0.8296968676885881,0.0,0.0,0.0,0.0,0.0,0.0,0.0,0.0,0.0,0.0,0.0,0.0,0.0,0.0,0.0,0.0,-0.04645949726915948,0.0,-0.0245334948997521,0.0,0.006430721122391288,0.0,0.008301676322762033,0.0
2011-02-28,0.0,0.0,0.0,0.0,0.0,0.0,0.0,0.0,0.0,0.0,0.0,0.0,-0.31242018062430177,-0.7663557298706979,0.0,0.0,0.0,0.0,0.0,0.0,0.0,0.0,0.0,0.0,0.0,0.0,0.0,0.0,0.0,0.0,0.0,0.0,0.0,0.0,0.0,0.0,0.0,0.0
2011-03-07,0.0,0.0,0.0,0.0,0.0,0.0,0.0,0.0,0.0,0.0,0.0,0.0,-0.14677500897840778,-0.6628018202884453,0.0,0.0,0.0,0.0,0.0,0.0,0.0,0.0,0.0,0.0,0.0,0.0,0.0,0.0,0.0,0.0,0.0,0.0,0.0,0.0,0.0,0.0,0.0,0.0
2011-03-14,0.0,0.0,0.0,0.0,0.0,0.0,0.0,0.0,0.0,0.0,0.0,0.0,0.02110819771093011,-0.6232340613402657,0.0,0.0,0.0,0.0,0.0,0.0,0.0,0.0,0.0,0.0,0.0,0.0,0.0,0.0,0.0,0.0,0.0,0.0,0.0,0.0,0.0,0.0,0.0,0.0
2011-03-21,0.0,0.0,0.0,0.0,0.0,0.0,0.0,0.0,0.0,0.0,0.0,0.0,-0.048252644069667144,-0.5388180649126627,0.0,0.0,0.0,0.0,0.0,0.0,0.0,0.0,0.0,0.0,0.0,0.0,0.0,0.0,0.0,0.0,0.0,0.0,0.0,0.0,0.0,0.0,0.0,0.0
2011-03-28,0.0,0.0,0.0,0.0,0.0,0.0,0.0,0.0,0.0,0.0,0.0,0.0,-0.05531691663208097,-0.5569896448437579,0.0,0.0,0.0,0.0,0.0,0.0,0.0,0.0,0.0,0.0,0.0,0.0,0.0,0.0,0.0,0.0,0.0,0.0,0.0,0.0,0.0,0.0,0.0,0.0
2011-04-04,0.11940877236471843,0.0,0.4469105192808347,0.0,-0.00048398612228989853,0.0,-0.021371849965470594,0.0,0.06982860237656562,0.0,0.23250449111475796,0.0,-0.21770020267916224,-0.4557342679449119,0.029852193091179608,0.0,0.1117276298202087,0.0,-0.00012099653057253014,0.0,-0.0053429624913676485,0.0,0.01745715059414139,0.0,0.05812612277868949,0.0,0.009185290181901418,0.0,0.03437773225237191,0.0,-3.722970171459904e-05,0.0,-0.0016439884588823534,0.0,0.005371430952043509,0.0,0.01788496085498139,0.0
2011-04-11,0.007672228578380695,0.0,0.051385792694285136,0.0,-0.003573324420432787,0.0,-0.07456086175984704,0.0,0.21169559008011737,0.0,0.3178360235207154,0.0,0.1523121839594708,-0.3176512277583543,0.03177025023577478,0.0,0.12457407799377998,0.0,-0.0010143276356807268,0.0,-0.023983177931329407,0.0,0.07038104811417073,0.0,0.13758512865886835,0.0,0.009775461611007626,0.0,0.038330485536547686,0.0,-0.00031210081097865955,0.0,-0.007379439363485971,0.0,0.021655707112052537,0.0,0.042333885741190264,0.0
2011-04-18,0.10507506966431433,0.0,0.11610576701899045,0.0,-0.0731339525985629,0.0,-0.19693361153311395,0.0,0.04553533742212103,0.0,0.15851980150696146,0.0,0.3935130743173675,-0.10328508301849179,0.05803901765185336,0.0,0.1536005197485276,0.0,-0.01929781578532145,0.0,-0.0732165808146079,0.0,0.081764882469701,0.0,0.1772150790356087,0.0,0.017858159277493343,0.0,0.04726169838416234,0.0,-0.0059377894724065745,0.0,-0.022528178712187045,0.0,0.025158425375292618,0.0,0.05452771662634115,0.0
2011-04-25,0.06896716406273892,0.0,0.07574457772997342,0.0,-0.19374395791586757,0.0,-0.46233998751724287,0.0,0.16575362928786275,0.0,0.22924887878025976,0.0,0.7483347164816906,0.17709146866490277,0.0752808086675381,0.0,0.17253666418102095,0.0,-0.06773380526428835,0.0,-0.18880157769391862,0.0,0.12320328979166668,0.0,0.23452729873067363,0.0,0.023163325743857877,0.0,0.05308820436339106,0.0,-0.020841170850550237,0.0,-0.05809279313659034,0.0,0.03790870455128206,0.0,0.07216224576328421,0.0
2011-05-02,0.0003612249002018821,0.0,0.0,0.0,-0.4584920472423847,0.0,-0.05960613135569469,0.0,0.0,0.0,0.05035165270216736,0.0,0.6830620605531547,0.1430563320416392,0.045518921801408964,0.0,0.06080903436081228,0.0,-0.18223582054431203,0.0,-0.19836014804147464,0.0,0.10574613919752528,0.0,0.188989089127526,0.0,0.023191112274642635,0.0,0.05308820436339106,0.0,-0.05610978986919521,0.0,-0.06267788016395147,0.0,0.03790870455128206,0.0,0.07603544981729708,0.0
2011-05-09,0.1522272496172554,0.0,0.0067533141307018225,0.0,-0.01965988182635624,0.0,-0.02888896304712473,0.0,0.2993273430605065,0.0,0.742424000409938,0.0,0.8410034977477295,0.3822583831759373,0.08165767706112764,0.0,0.04965091471991645,0.0,-0.1862574598957929,0.0,-0.18694217336329408,0.0,0.12765407744262258,0.0,0.29513608334983166,0.0,0.03490090070673921,0.0,0.053607690065752736,0.0,-0.05762208847122262,0.0,-0.06490010809065337,0.0,0.06093388478670563,0.0,0.13314498831036922,0.0
2011-05-16,1.187792215172181e-06,1.187792215172181e-06,0.0,0.0,-0.2706435580319785,-0.2706435580319785,-0.07373044134406875,-0.07373044134406875,0.1255068056281629,0.1255068056281629,0.08637452478109282,0.08637452478109282,1.01481487468935,0.6380416213817253,0.05538920659310284,2.9694805379304524e-07,0.02062447296516884,0.0,-0.2356348612541468,-0.0676608895079946,-0.15614138081603274,-0.01843261033601719,0.14764694449413304,0.03137670140704074,0.27709976416836446,0.021593631195273206,0.034900992075371146,9.136863193632162e-08,0.053607690065752736,0.0,-0.07844082370445173,-0.020818735233229115,-0.07057168050173558,-0.005671572411082211,0.07058825445041048,0.009654369663704839,0.13978918252429945,0.006644194213930217
2011-05-23,0.02470200815609509,0.02470200815609509,0.10813428588684013,0.10813428588684013,-0.0037893191251750784,-0.0037893191251750784,-0.19315079366658042,-0.19315079366658042,0.181239789314516,0.181239789314516,0.39831603595698584,0.39831603595698584,1.045281305534868,0.7935228138582199,0.04432291761644189,0.006175798987077565,0.028721900004385514,0.02703357147171006,-0.18814620155647369,-0.06860821928928838,-0.08884408235336715,-0.0667203087526623,0.15151848450079636,0.07668664873566974,0.319366553462546,0.12117264018451966,0.03680114654891692,0.0019002458421777124,0.06192571205704814,0.008318021991295395,-0.07873230979100367,-0.021110221319781044,-0.08542943386070331,-0.020529325770049938,0.08452977670537323,0.023595891918667608,0.17042887759791372,0.03728388928754451
2011-05-30,0.14586380210733157,0.14586380210733157,0.6993893542208002,0.6993893542208002,-0.0007519684880936549,-0.0007519684880936549,-0.37288307081965116,-0.37288307081965116,0.09114297429038111,0.09114297429038111,1.2462919841673132,1.2462919841673132,1.0686286403306584,0.8144220919139112,0.0806985619182243,0.04264174951391046,0.20356923855958556,0.2018809100269101,-0.07371118186790093,-0.06879621141131179,-0.16716331721935626,-0.15994107645757508,0.17430422807339163,0.09947239230826502,0.6183516363288324,0.432745636226348,0.048021439018711656,0.01312053831197245,0.11572489315095585,0.062117203085203104,-0.07879015352085703,-0.0211680650496344,-0.11411274700067649,-0.0492126389100231,0.09154077472771026,0.030606889941004616,0.2662974917646302,0.1331525034542609
2011-06-06,0.0,0.013756891333668786,0.0,0.8095111869810908,0.0,-0.20851903937726757,0.0,-0.04222507423261797,0.0,0.1185653128517998,0.0,0.5585103718133468,0.99519535670043,0.8226502094388471,0.042641749513910455,0.04608097234732766,0.2018809100269101,0.4042587067721828,-0.06879621141131187,-0.12092597125562868,-0.15994107645757508,-0.17049734501572958,0.099472392308265,0.12911372052121498,0.432745636226348,0.5723732291796847,0.048021439018711656,0.014178760722254664,0.11572489315095585,0.12438729439144086,-0.07879015352085703,-0.03720799115557806,-0.11411274700067649,-0.052460721543301406,0.09154077472771026,0.039727298621912294,0.2662974917646302,0.1761148397475953
2011-06-13,0.0,0.01967729020297776,0.0,0.23289789095142283,0.0,-0.13513354805627478,0.0,-0.04706251089488682,0.0,0.04408143461378378,0.0,0.2837587151367127,0.9067873626754279,0.9321967396919681,0.04264145256585666,0.050999997950018305,0.2018809100269101,0.46248317951003853,-0.0011353219033172527,-0.08704846876170276,-0.1415084661215579,-0.16383036240343407,0.06809569090122428,0.10875737776762019,0.4111520050310748,0.6217192767685896,0.048021439018711656,0.01569239843017603,0.11572489315095585,0.14230251677231953,-0.07879015352085703,-0.047602879467599196,-0.11411274700067649,-0.05608091468906193,0.09154077472771026,0.04311817820758797,0.2662974917646302,0.1979424332196501
2011-06-20,0.0,0.07088369945718026,0.0,0.146536157294785,0.0,-0.3055295944890491,0.0,-0.14216593237322314,0.0,0.10176853177606776,0.0,0.38505251538654683,0.6268725591165963,1.0418090205633603,0.036465950526832894,0.0625454207752896,0.17484733855520007,0.47208364736202474,-0.0001879921220234831,-0.16248353760267126,-0.09322076770491279,-0.15108414708009477,0.022785743572595277,0.08888956338300813,0.3115729960418283,0.6184033966259799,0.048021439018711656,0.021144990696112975,0.11572489315095585,0.1535745288719184,-0.07879015352085703,-0.07110515596675682,-0.11411274700067649,-0.06701675564084833,0.09154077472771026,0.05094652680574703,0.2662974917646302,0.2275618574801537
2011-06-27,0.0,0.1290585223429321,0.0,0.2707617247419996,0.0,-0.13951445450278918,0.0,-0.02874557934983828,0.0,0.0,0.0,0.09924967647655727,0.4782564115255613,1.02689661412483,0.0,0.058344100834189734,0.0,0.3649267399923246,0.0,-0.19717415910634514,0.0,-0.06504977421264155,0.0,0.06610381981041286,0.0,0.3316428197032909,0.048021439018711656,0.03107256933787698,0.11572489315095585,0.1744023538520722,-0.07879015352085703,-0.081837037082356,-0.11411274700067649,-0.06922795405237435,0.09154077472771026,0.05094652680574703,0.2662974917646302,0.23519644797835043
2011-07-04,0.0,0.21839675972796682,0.0,0.22197183279434302,0.0,-0.010695771682626327,0.0,-0.1276091486899189,0.0,0.0,0.0,0.03320103132681087,0.5222489429151544,1.0290672038141642,0.0,0.10950406793276424,0.0,0.21804190144563762,0.0,-0.14771834218268481,0.0,-0.0863957928269668,0.0,0.0364624915974629,0.0,0.2003154845816569,0.03883614883681023,0.04787232008618213,0.08134716089858395,0.19147711022086783,-0.07875292381914242,-0.08265978875025032,-0.11246875854179413,-0.07904404241313734,0.08616934377566676,0.05094652680574703,0.24841253090964877,0.2377503734650282
2011-07-11,0.0,0.132883840068439,0.0,0.5048713641147262,0.0,-0.16526719074543905,0.0,-0.04628181881921335,0.0,0.06855014548529823,0.0,0.06211033481768046,0.4179656113127573,0.991743343417099,0.0,0.13780570539912956,0.0,0.2860352697364635,0.0,-0.1552517528549759,0.0,-0.08620061980804843,0.0,0.04257966931534151,0.0,0.14490338950189885,0.03824597740770403,0.05809415393760051,0.07739440761440818,0.23031336899892368,-0.07847805270987836,-0.09537264957682255,-0.10673330763719051,-0.0826041823223076,0.06988506761565773,0.05621961492000074,0.22396360602343993,0.24252809152792668
2011-07-18,0.0,0.0,0.0,0.0,0.0,0.0,0.0,0.0,0.0,0.0,0.0,0.0,0.09924641224152052,0.8558292561919951,0.0,0.12008478053483448,0.0,0.2494012304127672,0.0,-0.07886935423271363,0.0,-0.050659136714742634,0.0,0.01713753637132457,0.0,0.048640260655262155,0.030163279741218314,0.05809415393760051,0.06846319476679351,0.23031336899892368,-0.07285236404845044,-0.09537264957682255,-0.09158456828848943,-0.0826041823223076,0.06638234935241763,0.05621961492000074,0.21176977513828898,0.24252809152792668
2011-07-25,0.0,0.0,0.0,0.0,0.0,0.0,0.0,0.0,0.0,0.0,0.0,0.0,0.18667437450153435,0.7497799275429636,0.0,0.08782014994910145,0.0,0.18171079922726732,0.0,-0.04399074060701633,0.0,-0.04347274187728306,0.0,0.01713753637132457,0.0,0.023827841536122833,0.02485811327485378,0.05809415393760051,0.06263668878756479,0.23031336899892368,-0.05794898267030678,-0.09537264957682255,-0.05601995386408613,-0.0826041823223076,0.053632070176428195,0.05621961492000074,0.19413524600134596,0.24252809152792668
2011-08-01,0.0,0.0,0.0,0.0,0.0,0.0,0.0,0.0,0.0,0.0,0.0,0.0,0.256983761873889,0.7934360129001438,0.0,0.03322096001710976,0.0,0.12621784102868155,0.0,-0.04131679768635975,0.0,-0.011570454704803338,0.0,0.01713753637132457,0.0,0.015527583704420115,0.02483032674406902,0.05809415393760051,0.06263668878756479,0.23031336899892368,-0.022680363651661796,-0.09537264957682255,-0.051434866836725004,-0.0826041823223076,0.053632070176428195,0.05621961492000074,0.19026204194733312,0.24252809152792668
2011-08-08,0.0,0.07133549249052142,0.0,0.06668590594824701,0.0,-0.19675662552562326,0.0,-0.2323748064079343,0.0,0.04506070306871791,0.0,0.050488107627969674,0.2944809547398292,0.7364340869125133,0.0,0.01783387312263036,0.0,0.016671476487061753,0.0,-0.0491891563814058,0.0,-0.05809370160198357,0.0,0.01126517576717949,0.0,0.012622026906992418,0.01312053831197245,0.06358149951379446,0.06211720308520311,0.23544305407186575,-0.02116806504963439,-0.11050777461725513,-0.0492126389100231,-0.10047916743061024,0.03060688994100462,0.05968582284836366,0.13315250345426094,0.24641179211469358
2011-08-15,0.0,0.016778682086285666,0.0,0.48151241443932663,0.0,-0.198432900775181,0.0,-0.2419853017991332,0.0,0.0,0.0,0.004955244835094726,0.22199467824201233,0.5187640171611382,0.0,0.022028543644201776,0.0,0.13704958009689341,0.0,-0.09879738157520104,0.0,-0.11859002705176687,0.0,0.01126517576717949,0.0,0.0138608381157661,0.013120446943340514,0.06487207599795373,0.06211720308520311,0.2724824705671986,-0.0003493298164052786,-0.10495310867442452,-0.04354106649894089,-0.11342184900407673,0.020952520277299783,0.05003145318465881,0.1265083092403307,0.24014877058038603
2011-08-22,0.0,0.21934970617164354,0.0,0.8359900454241411,0.0,-0.03469865196579398,0.0,0.0,0.0,0.060202893926123345,0.0,0.11319175087512415,-0.00292085726730006,0.26242196949521907,0.0,0.07686597018711266,0.0,0.34604709145292867,0.0,-0.10747204456664955,0.0,-0.11859002705176687,0.0,0.026315899248710327,0.0,0.042158775834547135,0.011220292469794736,0.07984497584530362,0.053799181093907716,0.32847137514699093,-5.784372985334953e-05,-0.10733074966216447,-0.028683313139973167,-0.09856409564510903,0.0070109980223370125,0.04072092277016707,0.09586861416671642,0.2182161332663967
2011-08-29,0.0,0.14055233298990255,0.0,0.47361743900308984,0.0,-0.2122463563843469,0.0,0.0,0.0,0.2851684433004501,0.0,0.2953444133256264,-0.1720416196251921,0.2152936176363897,0.0,0.1120040534345883,0.0,0.4644514512037011,0.0,-0.16053363366273626,0.0,-0.11859002705176687,0.0,0.09760801007382286,0.0,0.11599487916595373,0.0,0.07943640129780907,0.0,0.3111043047456286,0.0,-0.12359954873110701,0.0,-0.06988078250513584,0.0,0.05564595884786469,0.0,0.14506632012472845
2011-09-05,0.2678842177247551,0.2678842177247551,0.12883083080022936,0.12883083080022936,-0.0757181186428606,-0.0757181186428606,-0.7885854529829414,-0.7885854529829414,0.05139438837491826,0.05139438837491826,0.038060062117710514,0.038060062117710514,-0.4476853308043493,0.09113312777434736,0.06697105443118878,0.16114123474314673,0.03220770770005737,0.47998768241669676,-0.01892952966071522,-0.1302740069420456,-0.19714636324573534,-0.25764268869551865,0.012848597093729566,0.09919143140037295,0.009515015529427628,0.11288786778838894,0.020606478286519625,0.09898465717404649,0.00991006390770996,0.2587442773471008,-0.005824470664835422,-0.11338409328999878,-0.06066041946022626,-0.1272931193320838,0.003953414490378332,0.05047896465733533,0.0029276970859777487,0.10503168091737182
2011-09-12,0.00046204317419499175,0.00046204317419499175,0.046703307325931726,0.046703307325931726,-0.6251989581871621,-0.6251989581871621,-0.31514538184106067,-0.31514538184106067,0.3093600157779249,0.3093600157779249,0.42279679305884316,0.42279679305884316,-0.43842557656050124,-0.02833428450776139,0.06708656522473753,0.15706207501512406,0.0438835345315403,0.371285405638348,-0.17522926920750576,-0.23696552129504087,-0.2759327087060005,-0.2759327087060005,0.09018860103821079,0.17653143534485416,0.11521421379413842,0.21734825484432604,0.02064202006915001,0.0975065612487555,0.013502626009704708,0.2444216170682169,-0.05391669821769404,-0.15108143253083625,-0.08490237190953862,-0.14791487863563563,0.02775033878098794,0.07088500936226927,0.03545052732127338,0.11572691768061262
2011-09-19,0.16340511125220403,0.16340511125220403,0.06037924113674678,0.06037924113674678,-0.25744498698498663,-0.25744498698498663,-0.6940270056875314,-0.6940270056875314,0.0,0.0,0.00379132332897673,0.00379132332897673,-0.2530592667233535,-0.12812302580613064,0.10793784303778853,0.14307592628526417,0.058978344815726995,0.17738270456649943,-0.2395905159537524,-0.2926521050498391,-0.4494394601278834,-0.4494394601278834,0.09018860103821079,0.16148071186332336,0.1161620446263826,0.1899981479577892,0.03321164401162724,0.1046235929252958,0.01814718302022369,0.23779416197913703,-0.07372015875500071,-0.1473826165689853,-0.13828906465473334,-0.19036573042904395,0.02775033878098794,0.06305666076411022,0.03574216757734851,0.08639913367618415
2011-09-26,0.19632382936479417,0.0,4.943509761553816e-05,0.0,-0.20854775131746403,0.0,-0.4348753233263111,0.0,0.10097448946927542,0.0,0.11689553123172977,0.0,-0.3034668650479741,-0.10842399263538977,0.15701880037898708,0.10793784303778853,0.05899070359013088,0.05897834481572697,-0.2917274537831184,-0.2395905159537523,-0.5581582909594611,-0.4494394601278834,0.11543222340552964,0.09018860103821082,0.14538592743431505,0.1161620446263826,0.04831347703968833,0.09469601428353179,0.018150985720040272,0.2169663369989832,-0.08976229347172872,-0.13665073545338613,-0.1717410126029111,-0.18815453201751794,0.03551760720170143,0.06305666076411022,0.0447341315182508,0.07876454317798744
2011-10-03,0.4469158958303282,0.0,0.14243632555086327,0.0,-0.09659599857675646,0.0,-0.10329383148158891,0.0,0.05355230738831864,0.0,0.6792009486650507,0.0,0.020461328049449487,-0.006930754046372152,0.20177671990538035,0.040966788606599754,0.06239207727778936,0.026770637115669627,-0.2969469237665924,-0.22066098629303715,-0.38683538558412306,-0.25229309688214796,0.11597170315887974,0.07734000394448125,0.3056711490711501,0.10664702909695498,0.08269162287279051,0.07789626353522665,0.029107626147029754,0.19989158063018758,-0.09719275490070997,-0.13582798378549182,-0.17968669194764872,-0.17833844365675494,0.03963701546234133,0.06305666076411022,0.09698035833863933,0.07621061769130968
2011-10-10,0.0582478845069045,0.0,0.0,0.0,-0.017541133872595486,0.0,0.0,0.0,0.1115113752015746,0.0,0.05632301259981611,0.0,0.22915027586595574,-0.0009101049071177623,0.21622318023855774,0.04085127781305101,0.05071625044630643,0.015094810284186695,-0.14503246768795072,-0.06436124674624663,-0.30804904012385786,-0.17350675142188282,0.06650954301479217,0.0,0.2140527039563933,0.0009478308322441825,0.08717222937332161,0.06767442968380825,0.029107626147029754,0.16105532185213173,-0.09854207289090963,-0.12311512295891959,-0.17968669194764872,-0.17477830374758468,0.04821481355477015,0.0577835726498565,0.1013128977693944,0.07143289962841118
2011-10-17,0.027993266961388468,0.0,0.0,0.0,-0.3800473058043703,0.0,-0.3319389882372269,0.0,0.0650045295781062,0.0,0.0,0.0,-0.007274675664401404,-0.05893106072521854,0.18237021916585383,0.0,0.03562144016211973,0.0,-0.1756830473927966,0.0,-0.21752703576128174,0.0,0.08276067540931871,0.0,0.21310487312414914,0.0,0.08932555760112072,0.06767442968380825,0.029107626147029754,0.16105532185213173,-0.12777648102970735,-0.12311512295891959,-0.20522046027358926,-0.17477830374758468,0.05321516198385524,0.0577835726498565,0.1013128977693944,0.07143289962841118
2011-10-24,0.003441591672959983,0.0,0.0,0.0,-0.7022445484214689,0.0,-0.019116619240689643,0.0,0.009235298118667792,0.0,2.3339123198870854e-06,0.0,-0.0565790710957361,-0.13721396877401185,0.13414965974289528,0.0,0.035609081387715846,0.0,-0.29910724666879784,0.0,-0.11358735973987637,0.0,0.059825877571666804,0.0,0.18388157379429668,0.0,0.08959029542211765,0.06767442968380825,0.029107626147029754,0.16105532185213173,-0.18179529244674342,-0.12311512295891959,-0.20669096944595003,-0.17477830374758468,0.05392556953144507,0.0577835726498565,0.1013130773011113,0.07143289962841118
2011-10-31,0.1391955750281773,0.0,0.0,0.0,-0.23778128380839536,0.0,-0.30523312991545926,0.0,0.3837270832678853,0.0,0.376242017557312,0.0,-0.10762155521694229,-0.2705424519898379,0.05721957954235756,0.0,0.0,0.0,-0.33440356797670756,0.0,-0.16407218434834395,0.0,0.14236957154155847,0.0,0.108141841017362,0.0,0.10029764734736205,0.06767442968380825,0.029107626147029754,0.16105532185213173,-0.2000861604320046,-0.12311512295891959,-0.23017044097790842,-0.17477830374758468,0.08344303747512855,0.0577835726498565,0.13025477095936608,0.07143289962841118
2011-11-07,0.005523301918540937,0.0,0.0,0.0,-0.2673238303274508,0.0,-0.1182889090372016,0.0,0.2106333078382472,0.0,0.41179026981105027,0.0,-0.42989142652802775,-0.29459029249542285,0.044038433895266675,0.0,0.0,0.0,-0.3968492420904214,0.0,-0.19364441160764434,0.0,0.1671500547007266,0.0,0.19700865532017053,0.0,0.10072251672571136,0.0621870841076143,0.029107626147029754,0.15592563677918966,-0.22064953199565465,-0.10797999791848702,-0.23926958782692392,-0.15690331863928203,0.09964559961653219,0.05431736472149359,0.16193094556021612,0.06754919904164428
2011-11-14,0.045724947251103855,0.0,0.005655461440661832,0.0,-0.39709373879770316,0.0,-4.0359561169669665e-06,0.0,0.22150201692590257,0.0,0.2190257707340067,0.0,-0.3607750875750996,-0.2783089167762746,0.048471353967695516,0.0,0.0014138653601654858,0.0,-0.4011108503387546,0.0,-0.11066067353736686,0.0,0.2062744265376757,0.0,0.2517650980036722,0.0,0.10423982036041166,0.0608964162548231,0.029542661642465277,0.11888622028385683,-0.2511952042108626,-0.09271592862808847,-0.23926989828508677,-0.13828906465473334,0.11668421630314008,0.05431736472149359,0.17877908177052432,0.06716802636202161
2011-11-21,0.19326704084641638,0.0,0.1025594350180435,0.0,-5.3630386970640644e-05,0.0,-2.7303565939854827e-06,0.0,0.369310125007991,0.0,0.10864751330658229,0.0,-0.18100711687669443,-0.15782894813144027,0.09592771626105961,0.0,0.02705372411467636,0.0,-0.22556312083013003,0.0,-0.10588220131634295,0.0,0.2962931332600065,0.0,0.27892639285223786,0.0,0.119106515810136,0.04402336193392743,0.03743184895154555,0.05457929371276905,-0.25119932962524494,-0.09004680155379664,-0.23927010831251705,-0.13828906465473334,0.1450926874576009,0.04968637288102255,0.18713658279410755,0.05846096860239668
2011-11-28,0.006650660270255932,0.0,0.03917809436798056,0.0,-0.25246347024234855,0.0,-0.06296509853644469,0.0,0.02814200178771015,0.0,0.04743981957267565,0.0,0.012317517510194111,-0.12496922029066741,0.06279148757157928,0.0,0.0368482477066715,0.0,-0.22923366743861834,0.0,-0.04531519347158931,0.0,0.20739686288996273,0.0,0.19672584335607873,0.0,0.11961810506169415,0.03321164401162724,0.04044554851831328,0.01814718302022368,-0.2706195965669641,-0.07372015875500072,-0.2441135774307051,-0.13828906465473334,0.1472574568258863,0.027750338780987933,0.1907857996843134,0.035742167577348494
2011-12-05,0.0,0.0,0.0,0.0,0.0,0.0,0.0,0.0,0.0,0.0,0.0,0.0,-0.2051970853403531,-0.14278085880446661,0.06141066209194404,0.0,0.0368482477066715,0.0,-0.16240270985675564,0.0,-0.01574296621228891,0.0,0.15473853593040093,0.0,0.09377827590331617,0.0,0.09901162677517453,0.012605165725107616,0.03053548461060333,0.008237119112513732,-0.26479512590212867,-0.06789568809016529,-0.18345315797047887,-0.0776286451945071,0.143304042335508,0.023796924290609606,0.18785810259833566,0.03281447049137076
2011-12-12,0.0,0.0,0.0,0.0,0.0,0.0,0.0,0.0,0.0,0.0,0.0,0.0,-0.25251269467335624,-0.22365182965565097,0.04997942527916808,0.0,0.03543438234650604,0.0,-0.06312927515732986,0.0,-0.01574195722325967,0.0,0.09936303169892528,0.0,0.039021833219814485,0.0,0.09897608499254414,0.012569623942477234,0.026942922508608583,0.004644557010518983,-0.21670289834927,-0.019803460537306663,-0.1592112055211665,-0.053386692745194725,0.11950711804489839,0.0,0.15533527236304,0.00029164025607513307
2011-12-19,0.0,0.0,0.0,0.0,0.0,0.0,0.0,0.0,0.0,0.0,0.0,0.0,-0.3967724644953809,-0.2699367043296872,0.001662665067563983,0.0,0.009794523591995168,0.0,-0.0631158675605872,0.0,-0.015741274634111173,0.0,0.007035500446927538,0.0,0.011859954893168913,0.0,0.08640646105006691,0.0,0.022298365498089605,0.0,-0.19689943781196334,0.0,-0.10582451277597177,0.0,0.11950711804489839,0.0,0.1550436321069649,0.0
2011-12-26,0.0,0.0,0.0,0.0,0.0,0.0,0.0,0.0,0.0,0.0,0.0,0.0,-0.34659828244270263,-0.2162558623456291,0.0,0.0,0.0,0.0,0.0,0.0,0.0,0.0,0.0,0.0,0.0,0.0,0.07130462802200581,0.0,0.02229456279827302,0.0,-0.18085730309523534,0.0,-0.072372564827794,0.0,0.11173984962418489,0.0,0.1460516681660626,0.0
2012-01-02,0.0,0.0,0.0,0.0,0.0,0.0,0.0,0.0,0.0,0.0,0.0,0.0,-0.7621039192553865,-0.47026444509086207,0.0,0.0,0.0,0.0,0.0,0.0,0.0,0.0,0.0,0.0,0.0,0.0,0.036926482188903646,0.0,0.011337922371283539,0.0,-0.1734268416662541,0.0,-0.06442688548305639,0.0,0.107620441363545,0.0,0.09380544134567409,0.0
2012-01-09,0.0,0.0,0.0,0.0,0.0,0.0,0.0,0.0,0.0,0.0,0.0,0.0,-0.8527876910233869,-0.6367105639847634,0.0,0.0,0.0,0.0,0.0,0.0,0.0,0.0,0.0,0.0,0.0,0.0,0.03244587568837253,0.0,0.011337922371283539,0.0,-0.17207752367605444,0.0,-0.06442688548305639,0.0,0.09904264327111617,0.0,0.089472901914919,0.0
2012-01-16,0.0,0.0,0.0,0.0,0.0,0.0,0.0,0.0,0.0,0.0,0.0,0.0,-1.0426815635200748,-0.5602004592598634,0.0,0.0,0.0,0.0,0.0,0.0,0.0,0.0,0.0,0.0,0.0,0.0,0.030292547460573416,0.0,0.011337922371283539,0.0,-0.1428431155372567,0.0,-0.03889311715711585,0.0,0.0940422948420311,0.0,0.089472901914919,0.0
2012-01-23,0.0,0.0,0.0,0.0,0.0,0.0,0.0,0.0,0.0,0.0,0.0,0.0,-0.7402755166401807,-0.4965327352435188,0.0,0.0,0.0,0.0,0.0,0.0,0.0,0.0,0.0,0.0,0.0,0.0,0.030027809639576495,0.0,0.011337922371283539,0.0,-0.08882430412022066,0.0,-0.037422607984755114,0.0,0.09333188729444125,0.0,0.08947272238320209,0.0
2012-01-30,0.0,0.0,0.0,0.0,0.0,0.0,0.0,0.0,0.0,0.0,0.0,0.0,-0.2815733827046157,-0.4392535320876196,0.0,0.0,0.0,0.0,0.0,0.0,0.0,0.0,0.0,0.0,0.0,0.0,0.01932045771433209,0.0,0.011337922371283539,0.0,-0.07053343613495947,0.0,-0.013943136452796712,0.0,0.06381441935075777,0.0,0.06053102872494732,0.0
2012-02-06,0.0,0.0,0.0,0.0,0.0,0.0,0.0,0.0,0.0,0.0,0.0,0.0,-0.3848202083569688,-0.6138769139125988,0.0,0.0,0.0,0.0,0.0,0.0,0.0,0.0,0.0,0.0,0.0,0.0,0.01889558833598278,0.0,0.011337922371283539,0.0,-0.04997006457130941,0.0,-0.004843989603781203,0.0,0.04761185720935413,0.0,0.028854854124097298,0.0
2012-02-13,0.0,0.0,0.0,0.0,0.0,0.0,0.0,0.0,0.0,0.0,0.0,0.0,-0.5120887678011845,-0.6702680398291833,0.0,0.0,0.0,0.0,0.0,0.0,0.0,0.0,0.0,0.0,0.0,0.0,0.015378284701282486,0.0,0.010902886875848013,0.0,-0.019424392356101477,0.0,-0.004843679145618359,0.0,0.030573240522746244,0.0,0.01200671791378909,0.0
2012-02-20,0.0,0.0,0.0,0.0,0.0,0.0,0.0,0.0,0.0,0.0,0.0,0.0,-0.649737198408946,-0.7208157191698482,0.0,0.0,0.0,0.0,0.0,0.0,0.0,0.0,0.0,0.0,0.0,0.0,0.0005115892515581487,0.0,0.0030136995667677437,0.0,-0.019420266941719118,0.0,-0.0048434691181880535,0.0,0.0021647693682854004,0.0,0.0036492168902058364,0.0
2012-02-27,0.0,0.0,0.0,0.0,0.0,0.0,0.0,0.0,0.0,0.0,0.0,0.0,-0.415965696365829,-0.7305880118965397,0.0,0.0,0.0,0.0,0.0,0.0,0.0,0.0,0.0,0.0,0.0,0.0,0.0,0.0,0.0,0.0,0.0,0.0,0.0,0.0,0.0,0.0,0.0,0.0
2012-03-05,0.0,0.0,0.0,0.0,0.0,0.0,0.0,0.0,0.0,0.0,0.0,0.0,-0.4008544705248908,-0.7171594172054236,0.0,0.0,0.0,0.0,0.0,0.0,0.0,0.0,0.0,0.0,0.0,0.0,0.0,0.0,0.0,0.0,0.0,0.0,0.0,0.0,0.0,0.0,0.0,0.0
2012-03-12,0.0,0.0,0.0,0.0,0.0,0.0,0.0,0.0,0.0,0.0,0.0,0.0,-0.23276336476116571,-0.6915807700520188,0.0,0.0,0.0,0.0,0.0,0.0,0.0,0.0,0.0,0.0,0.0,0.0,0.0,0.0,0.0,0.0,0.0,0.0,0.0,0.0,0.0,0.0,0.0,0.0
2012-03-19,0.0,0.0,0.0,0.0,0.0,0.0,0.0,0.0,0.0,0.0,0.0,0.0,0.12229616495099166,-0.5163898529093948,0.0,0.0,0.0,0.0,0.0,0.0,0.0,0.0,0.0,0.0,0.0,0.0,0.0,0.0,0.0,0.0,0.0,0.0,0.0,0.0,0.0,0.0,0.0,0.0
2012-03-26,0.0,0.0,0.0,0.0,0.0,0.0,0.0,0.0,0.0,0.0,0.0,0.0,-0.02178103995831161,-0.5169194171353672,0.0,0.0,0.0,0.0,0.0,0.0,0.0,0.0,0.0,0.0,0.0,0.0,0.0,0.0,0.0,0.0,0.0,0.0,0.0,0.0,0.0,0.0,0.0,0.0
2012-04-02,0.24521494607208144,0.0,0.38256922365659524,0.0,-0.12215047655226431,0.0,0.0,0.0,0.21897426588622118,0.0,0.0013672462197614765,0.0,0.03302245427532337,-0.3775145248202362,0.06130373651802036,0.0,0.09564230591414884,0.0,-0.030537619138066133,0.0,0.0,0.0,0.054743566471555295,0.0,0.0003418115549403691,0.0,0.01886268815939088,0.0,0.029428401819738104,0.0,-0.009396190504020331,0.0,0.0,0.0,0.016844174298940095,0.0,0.00010517278613551528,0.0
2012-04-09,0.1481458914761064,0.0,0.045541032161333136,0.0,-0.11301387715218034,0.0,-0.021262926214457176,0.0,0.023453492215101124,0.0,0.0,0.0,0.20260310970256903,-0.22839935731536845,0.09834020938704696,0.0,0.10702756395448212,0.0,-0.05879108842611122,0.0,-0.005315731553614294,0.0,0.060606939525330576,0.0,0.0003418115549403691,0.0,0.03025852596524522,0.0,0.03293155813984065,0.0,-0.018089565669572667,0.0,-0.001635609708804398,0.0,0.018648289084717103,0.0,0.00010517278613551528,0.0
2012-04-16,0.1590999011695226,0.0,0.12680056962559946,0.0,-0.0032896277155330285,0.0,0.0,0.0,0.0,0.0,0.0,0.0,0.0011376132420677508,-0.2642782824231797,0.13811518467942763,0.0,0.138727706360882,0.0,-0.059613495354994474,0.0,-0.005315731553614294,0.0,0.060606939525330576,0.0,0.0003418115549403691,0.0,0.04249697990136235,0.0,0.042685448111040615,0.0,-0.0183426139553829,0.0,-0.001635609708804398,0.0,0.018648289084717103,0.0,0.00010517278613551528,0.0
2012-04-23,0.2793179147480309,0.0,0.5985576546463888,0.0,-0.11504337472629876,0.0,-0.03854501673420492,0.0,0.0981993671385095,0.0,0.18532344445913218,0.0,0.1375326476734103,-0.21125789916929252,0.20794466336643536,0.0,0.28836712002247916,0.0,-0.08837433903656916,0.0,-0.014951985737165524,0.0,0.08515678130995795,0.0,0.046672672669723414,0.0,0.06398297334351857,0.0,0.08872834462230128,0.0,-0.02719210431894434,0.0,-0.004600610996050931,0.0,0.026202086556910142,0.0,0.014360822359914914,0.0
2012-04-30,0.12841648880060624,0.0,0.9759589648414806,0.0,-0.07617749910662372,0.0,0.0,0.0,0.07862237129802944,0.0,0.11648346217567541,0.0,0.38859306069418015,-0.048506691167499776,0.17874504904856656,0.0,0.4367145553187005,0.0,-0.07688109467515902,0.0,-0.014951985737165524,0.0,0.05006880766291002,0.0,0.0754517266587019,0.0,0.07386116478971905,0.0,0.16380211114856902,0.0,-0.03305191194253078,0.0,-0.004600610996050931,0.0,0.03224996127214318,0.0,0.023321088681120712,0.0
2012-05-07,0.08974131154711075,0.0,0.03861133970279017,0.0,-0.12868110358771534,0.0,-0.0958637905942474,0.0,0.004371597833802314,0.0,0.004051621396936711,0.0,0.5064933905207213,0.05858936384370923,0.16414390406631763,0.0,0.43498213220406473,0.0,-0.08079790128404277,0.0,-0.033602201832113085,0.0,0.045298334067585315,0.0,0.07646463200793607,0.0,0.08076434260103525,0.0,0.1667722142026298,0.0,-0.04295045837235504,0.0,-0.011974748734069961,0.0,0.03258623802858951,0.0,0.02363275186550046,0.0
2012-05-14,0.17832313704512248,0.17832313704512248,1.0193134738910865,1.0193134738910865,-0.02331023977017253,-0.02331023977017253,-0.03228256551299415,-0.03228256551299415,0.03649165203386055,0.03649165203386055,0.0,0.0,0.1681976573842994,0.05935574036494577,0.1689497130352176,0.04458078426128062,0.6581103582704365,0.2548283684727716,-0.08580305429770264,-0.005827559942543105,-0.04167284321036162,-0.00807064137824851,0.05442124707605046,0.009122913008465166,0.07646463200793607,0.0,0.0944815069891216,0.013717164388086345,0.2451809429634826,0.07840872876085281,-0.04474355373929139,-0.0017930953669363485,-0.014458023004300281,-0.0024832742702303196,0.035393288185040325,0.0028070501564508117,0.02363275186550046,0.0
2012-05-21,0.22651942404012976,0.22651942404012976,0.42440096850905434,0.42440096850905434,-0.04400917313303288,-0.04400917313303288,0.0,0.0,0.14795600784190668,0.14795600784190668,0.6257694427843455,0.6257694427843455,0.29950646467029857,0.12985492767231907,0.1557500903582423,0.10121064027131306,0.6145711867361029,0.3609286106000352,-0.06804450389938618,-0.016829853225801324,-0.03203658902681039,-0.00807064137824851,0.06686040725189975,0.04611191496894183,0.1865761315892394,0.15644236069608639,0.11190607806913158,0.031141735468096326,0.2778271713103329,0.11105495710770315,-0.04812887474952469,-0.005178416377169647,-0.014458023004300281,-0.0024832742702303196,0.04677451955749468,0.01418828152890517,0.07176886284891165,0.048136110983411196
2012-05-28,0.11564925124218121,0.11564925124218121,0.02926626529321287,0.02926626529321287,-0.14990700495150291,-0.14990700495150291,-0.6047216784937964,-0.6047216784937964,0.10544638132751491,0.10544638132751491,0.0426183458151748,0.0426183458151748,0.09626753285019347,0.17895505666896877,0.15255828096863605,0.13012295308185837,0.37789801184903593,0.3682451769233384,-0.08647688036060597,-0.05430660446367705,-0.1832170086502595,-0.1592510610016976,0.07356640975927112,0.07247351030082057,0.16810985249911425,0.16709694714988008,0.12080217431853013,0.04003783171749488,0.2800784224867339,0.11330620828410412,-0.05966018282271722,-0.016709724450362177,-0.060975075196130775,-0.04900032646206081,0.054885779659611215,0.022299541631021706,0.07504719714238664,0.05141444527688618
2012-06-04,0.0,0.08367801339194098,0.0,0.06234871401648706,0.0,-0.17593881961633798,0.0,-0.3529999245362584,0.0,0.08291147057480219,0.0,0.3016451450263654,0.0021381493969172102,0.1872600429065152,0.13012295308185837,0.1510424564298436,0.3682451769233384,0.3838323554274602,-0.05430660446367713,-0.09829130936776155,-0.15925106100169764,-0.2475010421357622,0.07247351030082054,0.09320137794452112,0.16709694714988008,0.24250823340647143,0.12080217431853013,0.04647460197841342,0.2800784224867339,0.11810226320844928,-0.05966018282271722,-0.0302434798054651,-0.060975075196130775,-0.07615416681100376,0.054885779659611215,0.028677347059852643,0.07504719714238664,0.07461791797122198
2012-06-11,0.0,0.05859326498297341,0.0,0.031417225660539984,0.0,-0.1729343273979404,0.0,-0.004119436665039889,0.0,0.13948737739401748,0.0,0.009886273354239937,0.3168344137845845,0.23437853164279934,0.08554216882057775,0.12110998841430634,0.1134168084505668,0.13685829336982355,-0.048479044521134,-0.13569733127470351,-0.1511804196234491,-0.24046025992377365,0.0633505972923554,0.11895030928456035,0.16709694714988008,0.24497980174503142,0.12080217431853013,0.05098177620787291,0.2800784224867339,0.12051897287464468,-0.05966018282271722,-0.043546120374537436,-0.060975075196130775,-0.07647104655446837,0.054885779659611215,0.03940714532093091,0.07504719714238664,0.07537840053693275
2012-06-18,0.0,0.3947328642049953,0.0,0.15595397233416716,0.0,-0.09860169641177924,0.0,-0.06590500658817947,0.0,0.16527738843535714,0.0,0.41437794772386566,0.3176338673628467,0.11928228147279804,0.028912312810545304,0.16316334845552272,0.007316566323303218,0.06974654432610178,-0.03747675123787578,-0.1493454620943901,-0.1511804196234491,-0.25693651157081854,0.026361595331878734,0.12328065443292296,0.0106545864537937,0.19213192797991147,0.12080217431853013,0.08134584268518025,0.2800784224867339,0.13251543228496523,-0.05966018282271722,-0.05113086625236661,-0.060975075196130775,-0.08154066244586679,0.054885779659611215,0.052120790585189154,0.07504719714238664,0.10725362728492241
2012-06-25,0.0,0.08176459780818099,0.0,1.493840674147827,0.0,-0.09998150367020239,0.0,-0.07491702684549466,0.0,0.0837650800647006,0.0,0.14930066328233468,-0.052916264523499255,0.05480160858024876,0.0,0.15469218509702268,0.0,0.43589014653975533,0.0,-0.13686408677406497,0.0,-0.12448534865874307,0.0,0.11786032911721939,0.0,0.21880250734670142,0.12080217431853013,0.0876354271319634,0.2800784224867339,0.2474262533732596,-0.05966018282271722,-0.058821751150074486,-0.060975075196130775,-0.08730351066475099,0.054885779659611215,0.05856425828247381,0.07504719714238664,0.11873829369125585
2012-07-02,0.0,0.25763852042350394,0.0,1.1299315167286332,0.0,-0.07813838069287493,0.0,-0.0006429233007944659,0.0,0.0,0.0,0.22203838246943458,-0.12417687148466931,0.07088120890384435,0.0,0.19818231185491342,0.0,0.7027858472177919,0.0,-0.11241397704319922,0.0,-0.036396098349877094,0.0,0.09713246147351884,0.0,0.1989008167074687,0.10193948615913925,0.10745377485684832,0.2506500206669958,0.33434406235238523,-0.05026399231869689,-0.06483239581875717,-0.060975075196130775,-0.08735296630327365,0.038041605360671124,0.05856425828247381,0.07494202435625114,0.13581816926582774
2012-07-09,0.0,0.17153985697433663,0.0,0.5324191396946453,0.0,-0.06731679702068166,0.0,-0.047731078430596006,0.0,0.025613325488710443,0.0,0.0,-0.20328733247531353,-0.015846001492906377,0.0,0.22641895985275423,0.0,0.8280363257263182,0.0,-0.08600959444888454,0.0,-0.047299008791266126,0.0,0.06866394849719208,0.0,0.19642924836890874,0.0905436483532849,0.12064914847025883,0.24714686434689329,0.37529938079043484,-0.04157061715314455,-0.07001061097419423,-0.05933946548732638,-0.0910245877210118,0.036237490574894116,0.06053451408929769,0.07494202435625114,0.13581816926582774
2012-07-16,0.0,0.0,0.0,0.0,0.0,0.0,0.0,0.0,0.0,0.0,0.0,0.0,-0.35569926253430345,0.018579649330770134,0.0,0.12773574380150537,0.0,0.7890478326427764,0.0,-0.061359170345939726,0.0,-0.030822757144221256,0.0,0.027344601388352794,0.0,0.09283476143794231,0.07830519441716778,0.12064914847025883,0.23739297437569332,0.37529938079043484,-0.04131756886733432,-0.07001061097419423,-0.05933946548732638,-0.0910245877210118,0.036237490574894116,0.06053451408929769,0.07494202435625114,0.13581816926582774
2012-07-23,0.0,0.0,0.0,0.0,0.0,0.0,0.0,0.0,0.0,0.0,0.0,0.0,-0.16046892268257568,-0.0815593170357081,0.0,0.10729459434946015,0.0,0.4155876641058197,0.0,-0.03636379442838913,0.0,-0.012093500432847591,0.0,0.006403331372177645,0.0,0.055509595617358645,0.05681920097501157,0.12064914847025883,0.19135007786443262,0.37529938079043484,-0.032468078503772875,-0.07001061097419423,-0.05637446420007985,-0.0910245877210118,0.028683693102701076,0.06053451408929769,0.06068637478247174,0.13581816926582774
2012-07-30,0.0,0.0,0.0,0.0,0.0,0.0,0.0,0.0,0.0,0.0,0.0,0.0,-0.15728996267067846,-0.22180684505773965,0.0,0.04288496424358416,0.0,0.13310478492366137,0.0,-0.016829199255170395,0.0,-0.011932769607648974,0.0,0.006403331372177645,0.0,0.0,0.04694100952881109,0.12064914847025883,0.1162763113381649,0.37529938079043484,-0.026608270880186434,-0.07001061097419423,-0.05637446420007985,-0.0910245877210118,0.02263581838746804,0.06053451408929769,0.05172610846126594,0.13581816926582774
2012-08-06,0.0,0.19873327318862152,0.0,0.3952345028093114,0.0,-0.21787163458082148,0.0,-0.2645626639746249,0.0,0.025808278916899335,0.0,0.07489114504321967,-0.21731525707491248,-0.19763881163080618,0.0,0.04968331829715538,0.0,0.0988086257023279,0.0,-0.05446790864520535,0.0,-0.0661406659936562,0.0,0.006452069729224868,0.0,0.018722786260804918,0.04003783171749488,0.13593632333092204,0.11330620828410412,0.40570203485268963,-0.016709724450362177,-0.08676996748041127,-0.04900032646206081,-0.11137556187290604,0.02229954163102171,0.06251976631367456,0.0514144452768862,0.14157902657684465
2012-08-13,0.0,0.08581047584814569,0.0,0.09755628646225178,0.0,-0.09935631455469872,0.0,-1.4013831315934524,0.0,0.021001636332085464,0.0,0.011487034347541562,-0.35882683721150893,-0.1528403151428216,0.0,0.0711359372591918,0.0,0.12319769731789085,0.0,-0.07930698728388003,0.0,-0.4164864488920193,0.0,0.011702478812246234,0.0,0.021594544847690307,0.026320667329408538,0.1288199647773084,0.034897479523251326,0.3347976358197023,-0.01491662908342583,-0.09261966554075943,-0.04651705219183049,-0.21669099003294126,0.019492491474570897,0.06132822664430725,0.0514144452768862,0.1424626446035786
2012-08-20,0.0,0.32815063380527265,0.0,0.0,0.0,-0.45189457367186436,0.0,-0.16845643688110265,0.0,0.003888316562473868,0.0,0.0,-0.3735570245665252,-0.21765750726440275,0.0,0.15317359571050998,0.0,0.12319769731789085,0.0,-0.19228063070184612,0.0,-0.45860055811229494,0.0,0.012674557952864702,0.0,0.021594544847690307,0.008896096249398555,0.13663775014385787,0.00225125117640099,0.30215140747285196,-0.011531308073192529,-0.123995465582208,-0.04651705219183049,-0.22964917748533378,0.008111260102116536,0.050246096545889345,0.0032783342934750016,0.0943265336201674
2012-08-27,0.0,0.29939937292873875,0.0,0.4804974484927018,0.0,-0.09293742548661126,0.0,-0.030078811988273307,0.0,0.07580182972412494,0.0,0.08521529984010529,-0.31927485185340837,-0.2873391354133225,0.0,0.22802343894269467,0.0,0.2433220594410663,0.0,-0.21551498707349892,0.0,-0.4661202611093633,0.0,0.031625015383895935,0.0,0.04289836980771663,0.0,0.15077237488897768,0.0,0.33686149848819724,0.0,-0.1196131902387548,0.0,-0.18544588006183205,0.0,0.04796574642255166,0.0,0.0976032223913159
2012-09-03,0.2911189855716002,0.2911189855716002,0.19679914465303416,0.19679914465303416,-0.16235729669723914,-0.16235729669723914,-0.1482956320139392,-0.1482956320139392,0.003082446143665728,0.003082446143665728,3.2829796389956705e-06,3.2829796389956705e-06,-0.35876531530621775,-0.329263016229607,0.07277974639290005,0.2511198670384393,0.04919978616325854,0.193713219901997,-0.04058932417430984,-0.20163640260260335,-0.0370739080034848,-0.43705350311919183,0.000770611535916439,0.025943557190587534,8.207449097489176e-07,0.02417640429182146,0.022393768120892325,0.1667293727489515,0.01513839574254109,0.34720383930639326,-0.01248902282286455,-0.11856845770651642,-0.011407356308764553,-0.16969939602165363,0.0002371112418204449,0.04182505223554116,2.5253689532443963e-07,0.07440000223387541
2012-09-10,0.21281970020796312,0.21281970020796312,0.0,0.0,-0.5920012724194266,-0.5920012724194266,-0.3626625113743521,-0.3626625113743521,0.014373731945718799,0.014373731945718799,0.0,0.0,-0.5007708631826496,-0.4742364545226868,0.12598467144489084,0.2828721731283937,0.04919978616325854,0.16932414828643405,-0.18858964227916647,-0.3247976420687853,-0.12773953584707282,-0.17737334806441682,0.004364044522346139,0.024286581093995868,8.207449097489176e-07,0.021304645704936072,0.038764514290735644,0.1785929446893353,0.01513839574254109,0.3447871296401978,-0.05802758223974351,-0.15080437655432305,-0.0393044725683301,-0.19727963253775455,0.0013427829299526603,0.0322009256625951,2.5253689532443963e-07,0.07363951966816465
2012-09-17,0.09037845301461009,0.09037845301461009,0.17543235539819763,0.17543235539819763,-0.17083789358394094,-0.17083789358394094,-1.1848998573138148,-1.1848998573138148,0.08720894408943979,0.08720894408943979,0.009466291863920397,0.009466291863920397,-0.5324331615041334,-0.5574280649426131,0.14857928469854337,0.22342912793072803,0.09305787501280795,0.21318223713598344,-0.2312991156751517,-0.25453347204680443,-0.4239645001755265,-0.43148420317259484,0.026166280544706086,0.04511673797573735,0.002367393710889848,0.02367121867091617,0.04571670298416719,0.1551810669054595,0.028633192311633214,0.34628546679896943,-0.07116895866927743,-0.1563610071060278,-0.13045061543862355,-0.28335615951664955,0.008051163244524952,0.026195660712909154,0.0007284288341199703,0.04249246921739964
2012-09-24,0.07240047174484363,0.0,0.0,0.0,-0.1734430719375189,0.0,-0.35146096647692665,0.0,0.002965838389246427,0.0,0.07777761793695473,0.0,-0.638717345838124,-0.5106522354744251,0.16667940263475425,0.14857928469854337,0.09305787501280795,0.093057875012808,-0.2746598836595314,-0.23129911567515166,-0.5118297417947582,-0.4239645001755265,0.026907740142017692,0.026166280544706114,0.02181179819512853,0.002367393710889848,0.05128597004146285,0.14889148245867634,0.028633192311633214,0.231374645710675,-0.08451073343370195,-0.14867012220831993,-0.15748607439838713,-0.2775933112977654,0.00827930465908237,0.019752193015624493,0.006711322521578027,0.03100780281106619
2012-10-01,0.024411057455991567,0.0,0.0,0.0,-0.2835805194351468,0.0,-0.8708676485432674,0.0,0.07986614982001694,0.0,0.028357124821015503,0.0,-0.6117639148729869,-0.5730772170110251,0.1000024206058521,0.0757995383056433,0.043858088849549406,0.04385808884954946,-0.30496568934400836,-0.19070979150084186,-0.6924727459270902,-0.3868905921720417,0.0461036660611055,0.02539566900878968,0.028900258655472657,0.0023665729659800992,0.05316374369192374,0.12907313473379142,0.028633192311633214,0.14445683673154938,-0.10632461954409787,-0.14265947753963723,-0.2244758935171,-0.2775438556592427,0.014422854645237519,0.019752193015624493,0.008892639815502297,0.013927927236494301
2012-10-08,0.0,0.0,0.0,0.0,-0.4862533997078303,0.0,-0.4092514464969869,0.0,0.03325764255903672,0.0,0.22730706924810548,0.0,-0.490759383730395,-0.5537167537114412,0.04679749555386132,0.022594613253652522,0.043858088849549406,0.04385808884954946,-0.27852872116610927,-0.04270947339598521,-0.7041199797077489,-0.2962249643284537,0.05082464371443498,0.02180223602235998,0.08572702596749902,0.0023665729659800992,0.05316374369192374,0.11587776112038092,0.028633192311633214,0.10350151829349974,-0.14372872721393098,-0.1374812623842002,-0.2559567740168682,-0.27387223424150453,0.016981134842086496,0.01778193720880061,0.02637779898843349,0.013927927236494301
2012-10-15,0.06705355329930719,0.0,0.0,0.0,-0.04879334754949594,0.0,-2.533339729237723e-06,0.0,0.3286390440669229,0.0,0.6692170760735808,0.0,-0.16908919956714108,-0.46073297837207455,0.04096627062503559,0.0,0.0,0.0,-0.24801758465749804,0.0,-0.4078956487142275,0.0,0.11118216870880576,0.0,0.25066472201991413,0.0,0.05832170933033198,0.11587776112038092,0.028633192311633214,0.10350151829349974,-0.1474820616408153,-0.1374812623842002,-0.2559569688891551,-0.27387223424150453,0.04226106130877287,0.01778193720880061,0.07785603560947817,0.013927927236494301
2012-10-22,0.14921695770656118,0.0,0.0017864206862366078,0.0,-0.19601840114010338,0.0,-4.622934569660602e-06,0.0,0.16354565482537,0.0,0.05064391669060711,0.0,-0.08179044735443995,-0.4069403672087515,0.06017039211546498,0.0,0.00044660517155915196,0.0,-0.25366141695814415,0.0,-0.3200315628286383,0.0,0.15132712281783667,0.0,0.24388129670832723,0.0,0.06979993684622131,0.11587776112038092,0.02877060928749757,0.10350151829349974,-0.162560400190054,-0.1374812623842002,-0.2559573244995066,-0.27387223424150453,0.05484149629533979,0.01778193720880061,0.08175172150875563,0.013927927236494301
2012-10-29,0.3532486891858802,0.0,0.1876356456153196,0.0,-0.21498594729529655,0.0,-0.011499571884741233,0.0,0.04020797544960157,0.0,0.25165350136153636,0.0,-0.1627058503628962,-0.4021744718472218,0.14237980004793716,0.0,0.04735551657538905,0.0,-0.2365127739231816,0.0,-0.10518954366400676,0.0,0.14141257922523282,0.0,0.2997053908434575,0.0,0.09697291293744287,0.11587776112038092,0.043204120488675994,0.10350151829349974,-0.17909778075123067,-0.1374812623842002,-0.256841906952179,-0.27387223424150453,0.05793441748377069,0.01778193720880061,0.10110968315195075,0.013927927236494301
2012-11-05,0.19773560613060032,0.0,0.0623016107222742,0.0,-0.1541276396031131,0.0,-0.0455806636329183,0.0,0.041492642390731194,0.0,0.7541126578688966,0.0,-0.019427563389023413,-0.42649022796972313,0.19181370158058722,0.0,0.0629309192559576,0.0,-0.1534813338970023,0.0,-0.014271847947989608,0.0,0.14347132918315644,0.0,0.43140678799865523,0.0,0.11218334417825826,0.10059058625971772,0.04799655208269709,0.07309886423124504,-0.1909537530283932,-0.12072190587798315,-0.2603481118470189,-0.25352126008961035,0.06112615920613462,0.01579668498442374,0.1591183491418659,0.008167069925477404
2012-11-12,0.0,0.0,0.0,0.0,-0.2612046335144125,0.0,0.0,0.0,0.014969363176237167,0.0,0.0072859134830895724,0.0,-0.4934055596306668,-0.46212349851252726,0.17505031325576043,0.0,0.0629309192559576,0.0,-0.20658415538823144,0.0,-0.014271214613057298,0.0,0.065053908960485,0.0,0.26592399735103245,0.0,0.11218334417825826,0.09398978042524499,0.04799655208269709,0.0655945345033795,-0.21104641714488645,-0.11307911245069863,-0.2603481118470189,-0.14572255765934478,0.06227764868122979,0.014181174497340243,0.15967880402518045,0.007283451898743437
2012-11-19,0.37605344922592704,0.0,0.3515320447181519,0.0,-0.03062060998181816,0.0,-0.001101259075225295,0.0,0.006265532486118551,0.0,0.0,0.0,-0.7352849833181461,-0.5678451238114024,0.2317594361356019,0.0,0.15036732526393642,0.0,-0.16523470759866013,0.0,-0.014545373648221206,0.0,0.025733878375672134,0.0,0.25326301817838065,0.0,0.14111053258025266,0.06874742397868555,0.07503747859947801,0.0655945345033795,-0.2134018486819494,-0.07831799139901677,-0.26043282408357465,-0.13276437020695225,0.06275961271862353,0.01388207322330379,0.15967880402518045,0.007283451898743437
2012-11-26,0.6072220100506036,0.0,0.004585208822392753,0.0,-0.028996356420800083,0.0,-0.026625785628342585,0.0,0.03888245993915544,0.0,0.06483460351456448,0.0,-0.9711216891140168,-0.6262438540719069,0.29525276635178277,0.0,0.10460471606570472,0.0,-0.11873730988003603,0.0,-0.018326927084121543,0.0,0.0254024994980606,0.0,0.20655829371663767,0.0,0.1878199179687606,0.04571670298416719,0.0753901869704313,0.028633192311633214,-0.2156323376373956,-0.07116895866927743,-0.262480961439601,-0.13045061543862355,0.06575057117548164,0.008051163244524949,0.1646660812186085,0.0007284288341199533
2012-12-03,0.0,0.0,0.0,0.0,0.0,0.0,0.0,0.0,0.0,0.0,0.0,0.0,-0.7626223337555821,-0.6625072816233207,0.24581886481913268,0.0,0.08902931338513617,0.0,-0.08020539997925774,0.0,-0.00693176117589197,0.0,0.015029338900377803,0.0,0.018030129249413513,0.0,0.16542614984786827,0.02332293486327486,0.06025179122789021,0.013494796569092126,-0.20314331481453102,-0.05867993584641289,-0.2510736051308365,-0.11904325912985898,0.0655134599336612,0.007814052002704509,0.1646658286817132,0.0007281762972246459
2012-12-10,0.0,0.0,0.0,0.0,0.0,0.0,0.0,0.0,0.0,0.0,0.0,0.0,-0.9360522281054253,-0.6772938809222503,0.24581886481913268,0.0,0.08902931338513617,0.0,-0.014904241600654617,0.0,-0.00693176117589197,0.0,0.011286998106318512,0.0,0.01620865087864112,0.0,0.14905540367802497,0.0069521886934315455,0.06025179122789021,0.013494796569092126,-0.15760475539765206,-0.013141376429533919,-0.2231764888712709,-0.09114614287029345,0.06440778824552898,0.0067083803145722935,0.1646658286817132,0.0007281762972246459
2012-12-17,0.0,0.0,0.0,0.0,0.0,0.0,0.0,0.0,0.0,0.0,0.0,0.0,-0.6349804676119416,-0.5913349565984136,0.1518055025126509,0.0,0.0011463022055981883,0.0,-0.007249089105200076,0.0,-0.006656446407085646,0.0,0.009720614984788874,0.0,0.01620865087864112,0.0,0.14210321498459344,0.0,0.04675699465879808,0.0,-0.14446337896811812,0.0,-0.1320303460009775,0.0,0.057699407930956695,0.0,0.16393765238448854,0.0
2012-12-24,0.0,0.0,0.0,0.0,0.0,0.0,0.0,0.0,0.0,0.0,0.0,0.0,-0.426431281428758,-0.7055592530143097,0.0,0.0,0.0,0.0,0.0,0.0,0.0,0.0,0.0,0.0,0.0,0.0,0.13653394792729776,0.0,0.04675699465879808,0.0,-0.1311216042036936,0.0,-0.1049948870412139,0.0,0.05747126651639927,0.0,0.1579547586970305,0.0
2012-12-31,0.0,0.0,0.0,0.0,0.0,0.0,0.0,0.0,0.0,0.0,0.0,0.0,-0.5364291141408116,-0.7949993524037391,0.0,0.0,0.0,0.0,0.0,0.0,0.0,0.0,0.0,0.0,0.0,0.0,0.13465617427683688,0.0,0.04675699465879808,0.0,-0.10930771809329769,0.0,-0.03800506792250102,0.0,0.05132771653024412,0.0,0.1557734414031062,0.0
2013-01-07,0.0,0.0,0.0,0.0,0.0,0.0,0.0,0.0,0.0,0.0,0.0,0.0,-0.3366963539145404,-0.7651346753758086,0.0,0.0,0.0,0.0,0.0,0.0,0.0,0.0,0.0,0.0,0.0,0.0,0.13465617427683688,0.0,0.04675699465879808,0.0,-0.07190361042346459,0.0,-0.006524187422732793,0.0,0.048769436333395144,0.0,0.138288282230175,0.0
2013-01-14,0.0,0.0,0.0,0.0,0.0,0.0,0.0,0.0,0.0,0.0,0.0,0.0,-0.6935369211933631,-0.8947147169982365,0.0,0.0,0.0,0.0,0.0,0.0,0.0,0.0,0.0,0.0,0.0,0.0,0.12949820863842862,0.0,0.04675699465879808,0.0,-0.06815027599658029,0.0,-0.006523992550445928,0.0,0.023489509866708766,0.0,0.08681004560913033,0.0
2013-01-21,0.0,0.0,0.0,0.0,0.0,0.0,0.0,0.0,0.0,0.0,0.0,0.0,-0.9600479100860124,-1.0505091721552318,0.0,0.0,0.0,0.0,0.0,0.0,0.0,0.0,0.0,0.0,0.0,0.0,0.11801998112253932,0.0,0.046619577682933726,0.0,-0.05307193744734157,0.0,-0.006523636940094417,0.0,0.010909074880141846,0.0,0.08291435970985286,0.0
2013-01-28,0.0,0.0,0.0,0.0,0.0,0.0,0.0,0.0,0.0,0.0,0.0,0.0,-0.5107992660979334,-0.9171255975658361,0.0,0.0,0.0,0.0,0.0,0.0,0.0,0.0,0.0,0.0,0.0,0.0,0.09084700503131776,0.0,0.0321860664817553,0.0,-0.036534556886164915,0.0,-0.0056390544874220135,0.0,0.007816153691710955,0.0,0.06355639806665778,0.0
2013-02-04,0.0,0.0,0.0,0.0,0.0,0.0,0.0,0.0,0.0,0.0,0.0,0.0,-0.6170955947902368,-0.9720497525993826,0.0,0.0,0.0,0.0,0.0,0.0,0.0,0.0,0.0,0.0,0.0,0.0,0.07563657379050236,0.0,0.027393634887734206,0.0,-0.024678584609002366,0.0,-0.002132849592582145,0.0,0.004624411969347016,0.0,0.005547732076742645,0.0
2013-02-11,0.0,0.0,0.0,0.0,0.0,0.0,0.0,0.0,0.0,0.0,0.0,0.0,-0.6508732571220294,-0.9441912093481857,0.0,0.0,0.0,0.0,0.0,0.0,0.0,0.0,0.0,0.0,0.0,0.0,0.07563657379050236,0.0,0.027393634887734206,0.0,-0.004585920492509095,0.0,-0.002132849592582145,0.0,0.00347292249425185,0.0,0.004987277193428063,0.0
2013-02-18,0.0,0.0,0.0,0.0,0.0,0.0,0.0,0.0,0.0,0.0,0.0,0.0,-0.2728926074138374,-0.7915458943056091,0.0,0.0,0.0,0.0,0.0,0.0,0.0,0.0,0.0,0.0,0.0,0.0,0.04670938538850797,0.0,0.00035270837095328873,0.0,-0.00223048895544616,0.0,-0.0020481373560263527,0.0,0.0029909584568581153,0.0,0.004987277193428063,0.0
2013-02-25,0.0,0.0,0.0,0.0,0.0,0.0,0.0,0.0,0.0,0.0,0.0,0.0,-0.49516568258108234,-0.7055412586928541,0.0,0.0,0.0,0.0,0.0,0.0,0.0,0.0,0.0,0.0,0.0,0.0,0.0,0.0,0.0,0.0,0.0,0.0,0.0,0.0,0.0,0.0,0.0,0.0
2013-03-04,0.0,0.0,0.0,0.0,0.0,0.0,0.0,0.0,0.0,0.0,0.0,0.0,-0.2569822073648107,-0.6575488855702094,0.0,0.0,0.0,0.0,0.0,0.0,0.0,0.0,0.0,0.0,0.0,0.0,0.0,0.0,0.0,0.0,0.0,0.0,0.0,0.0,0.0,0.0,0.0,0.0
2013-03-11,0.0,0.0,0.0,0.0,0.0,0.0,0.0,0.0,0.0,0.0,0.0,0.0,-0.27482352755659784,-0.6884184265969812,0.0,0.0,0.0,0.0,0.0,0.0,0.0,0.0,0.0,0.0,0.0,0.0,0.0,0.0,0.0,0.0,0.0,0.0,0.0,0.0,0.0,0.0,0.0,0.0
2013-03-18,0.0,0.0,0.0,0.0,0.0,0.0,0.0,0.0,0.0,0.0,0.0,0.0,-0.30629779528074397,-0.7117715595551721,0.0,0.0,0.0,0.0,0.0,0.0,0.0,0.0,0.0,0.0,0.0,0.0,0.0,0.0,0.0,0.0,0.0,0.0,0.0,0.0,0.0,0.0,0.0,0.0
2013-03-25,0.0,0.0,0.0,0.0,0.0,0.0,0.0,0.0,0.0,0.0,0.0,0.0,-0.5039270211992651,-0.7678853701269851,0.0,0.0,0.0,0.0,0.0,0.0,0.0,0.0,0.0,0.0,0.0,0.0,0.0,0.0,0.0,0.0,0.0,0.0,0.0,0.0,0.0,0.0,0.0,0.0
2013-04-01,0.02724028866059314,0.0,0.22336334737383773,0.0,-0.18583348632420058,0.0,-0.25196165582061775,0.0,0.0014420071739047217,0.0,0.010292775085762417,0.0,-0.4530164636367293,-0.6863886737308618,0.006810072165148285,0.0,0.05584083684345943,0.0,-0.0464583715810502,0.0,-0.06299041395515444,0.0,0.0003605017934761943,0.0,0.002573193771440604,0.0,0.002095406820045626,0.0,0.01718179595183367,0.0,-0.014294883563400045,0.0,-0.019381665832355212,0.0,0.00011092362876190594,0.0,0.0007917519296740577,0.0
2013-04-08,0.03806509373259604,0.0,0.03842141784232556,0.0,-0.3070620303488824,0.0,-0.634644265749676,0.0,0.20070139980744686,0.0,0.14387321060378866,0.0,0.009758028743552189,-0.5352873835162718,0.016326345598297296,0.0,0.06544619130404082,0.0,-0.1232238791682708,0.0,-0.22165148039257343,0.0,0.05053585174533791,0.0,0.03854149642238777,0.0,0.005023490953322245,0.0,0.02013728963201256,0.0,-0.037915039744083306,0.0,-0.06820045550540721,0.0,0.015549492844719357,0.0,0.01185892197611934,0.0
2013-04-15,0.00807624311998452,0.0,0.0,0.0,-0.40112728713967666,0.0,-0.47074681873316654,0.0,0.2716894125446162,0.0,0.11752833618634942,0.0,0.36920263361210254,-0.2268769559359033,0.018345406378293426,0.0,0.06544619130404082,0.0,-0.22350570095318997,0.0,-0.33933818507586505,0.0,0.11845820488149196,0.0,0.06792358046897512,0.0,0.005644740424090285,0.0,0.02013728963201256,0.0,-0.06877098490867382,0.0,-0.10441174925411233,0.0,0.036448678425074446,0.0,0.02089956322122314,0.0
2013-04-22,0.06921663474240863,0.0,0.028566288432779266,0.0,-0.07614601558109743,0.0,-1.4221396080734363,0.0,3.1514514593512425e-05,0.0,0.0,0.0,0.501362400426928,-0.14996924410437326,0.035649565063895584,0.0,0.07258776341223563,0.0,-0.24254220484846434,0.0,-0.6948730870942241,0.0,0.11846608351014033,0.0,0.06792358046897512,0.0,0.010969096942737103,0.0,0.022334696434534042,0.0,-0.07462837072260439,0.0,-0.21380710372129974,0.0,0.03645110261850472,0.0,0.02089956322122314,0.0
2013-04-29,0.1520560869000684,0.0,0.03737991733093356,0.0,-0.11820510165884658,0.0,-0.9054904976755997,0.0,0.02850510788744312,0.0,0.5572224610981718,0.0,0.5478075850859271,-0.17204771889403458,0.0668535146237644,0.0,0.026091905901509595,0.0,-0.22563510868212583,0.0,-0.8582552975579696,0.0,0.12523185868852493,0.0,0.20465600197207745,0.0,0.022665719011973135,0.0,0.025210074690759702,0.0,-0.08372107085020798,0.0,-0.2834602189271151,0.0,0.038643803225231116,0.0,0.06376282945954405,0.0
2013-05-06,0.03352868816092471,0.0,0.38595765013344635,0.0,-0.4499004813240627,0.0,-0.1656000592512663,0.0,0.0054856048448358626,0.0,0.0,0.0,0.28439388066913246,-0.12820116565549353,0.06571941323084657,0.0,0.1129759639742898,0.0,-0.2613447214259209,0.0,-0.7409942459333672,0.0,0.07642790994787219,0.0,0.16868769932113029,0.0,0.025244848870505803,0.0,0.0548991247010248,0.0,-0.1183288001828282,0.0,-0.2961986850233664,0.0,0.039065772828680026,0.0,0.06376282945954405,0.0
2013-05-13,0.33672632934554203,0.33672632934554203,0.4128652399175326,0.4128652399175326,-0.049138840851004686,-0.049138840851004686,-0.017910571850839885,-0.017910571850839885,4.848851092180869e-05,4.848851092180869e-05,0.003922516997487475,0.003922516997487475,0.08751652514685915,0.04111139993389591,0.14788193478723594,0.08418158233638551,0.21619227395367294,0.1032163099793832,-0.17334760985375292,-0.012284710212751144,-0.6277851842127855,-0.004477642962709971,0.00851767893944859,1.2122127730486868e-05,0.1402862445239148,0.0009806292493718686,0.051146874204778266,0.025902025334272463,0.08665798931006577,0.03175886460904097,-0.12210871101752084,-0.0037799108346926683,-0.2975764213195848,-0.0013777362962184526,0.039069502714135555,3.7298854555258808e-06,0.06406456153627385,0.00030173207672980575
2013-05-20,0.005359778207427453,0.005359778207427453,0.0,0.0,-0.08570141274311359,-0.08570141274311359,-0.11415235823607502,-0.11415235823607502,0.14548636021843034,0.14548636021843034,0.4796250921083371,0.4796250921083371,0.48065575780768355,0.2192000122973308,0.13191772065349067,0.08552152688824237,0.2090507018454781,0.1032163099793832,-0.17573645914425695,-0.03371006339852954,-0.30078837175344525,-0.03301573252172872,0.044881390365407794,0.036383712182338074,0.2601925175509991,0.12088690227645614,0.051559164836118845,0.026314315965613035,0.08665798931006577,0.03175886460904097,-0.12870112738237574,-0.01037232719954756,-0.306357371953129,-0.010158686929762684,0.05026076119247635,0.011194988363796322,0.10095879939076131,0.03719596993121727
2013-05-27,0.0021188612277231052,0.0021188612277231052,5.811675891564248e-05,5.811675891564248e-05,-0.140871499292419,-0.140871499292419,-0.093050852224295,-0.093050852224295,0.06590296566780474,0.06590296566780474,1.2130761635020484,1.2130761635020484,1.016184405335287,0.5457827372046946,0.09443341423540431,0.08605124219517314,0.19972025170247365,0.10323083916911212,-0.18140305855265007,-0.06892793822163429,-0.09767846039061906,-0.056278445577802476,0.054230854810498205,0.05285945359928926,0.42415594315196825,0.42415594315196825,0.05172215416132831,0.026477305290822505,0.08666245982998236,0.03176333512895756,-0.13953739655871567,-0.02120859637588748,-0.31351512981653634,-0.017316444793169992,0.055330220089999785,0.016264447261319762,0.1942723504293804,0.1305095209698364
2013-06-03,0.0,0.05510002911110524,0.0,0.12237156284310319,0.0,-0.11342557328831275,0.0,-0.9882706961501984,0.0,0.0007322046071502096,0.0,0.004878085664316945,1.062700988458512,0.6095316866660206,0.08605124219517314,0.09982624947294946,0.10323083916911205,0.13382372987988791,-0.06892793822163439,-0.09728433154371248,-0.056278445577802476,-0.3033461196153521,0.05285945359928924,0.05304250475107681,0.42415594315196825,0.4253754645680475,0.05172215416132831,0.030715769068599835,0.08666245982998236,0.04117653227073473,-0.13953739655871567,-0.029933640474988463,-0.31351512981653634,-0.09333726757395448,0.055330220089999785,0.01632077069263901,0.1942723504293804,0.13088475832863
2013-06-10,0.0,0.05431529107050438,0.0,0.04113531152049089,0.0,-0.01656155815024815,0.0,-2.2936694047957466e-07,0.0,0.029872245972151875,0.0,0.01736011767621746,1.2177328515004229,0.697051838737371,0.0018696598587876396,0.029223489904190044,1.4529189728896742e-05,0.040891247780627485,-0.05664322800888322,-0.08914001086852334,-0.051800802615092505,-0.29886853399437724,0.05284733147155879,0.060498444116384324,0.4231753139025964,0.42873486473773,0.05172215416132831,0.034893868381715556,0.08666245982998236,0.04434078700308018,-0.13953739655871567,-0.03120760648654601,-0.31351512981653634,-0.09333728521756529,0.055330220089999785,0.018618635767419924,0.1942723504293804,0.13222015199603135
2013-06-17,0.0,0.0049311697842853875,0.0,3.13524774764241e-06,0.0,-0.09237262866641018,0.0,-0.10527267097307799,0.0,0.0035526489336798112,0.0,0.02337643521928408,1.0673230818381998,0.8082327965032648,0.0005297153069307763,0.029116337798404526,1.4529189728896742e-05,0.040892031592564396,-0.03521787482310482,-0.0908078148493475,-0.02326271305607375,-0.296648612178628,0.016475741416951205,0.02501501629519669,0.3032690408755121,0.3146727005154667,0.05172215416132831,0.03527318913435289,0.08666245982998236,0.04434102817598384,-0.13953739655871567,-0.0383131933070391,-0.31351512981653634,-0.10143518298472515,0.055330220089999785,0.018891916454626064,0.1942723504293804,0.13401833932059165
2013-06-24,0.0,0.17267434325285738,0.0,0.09031680702212533,0.0,0.0,0.0,0.0,0.0,0.1772050039958196,0.0,0.16257240227704114,0.7081849687471127,0.9422095010427836,0.0,0.0717552083046881,0.0,0.06345670415836681,0.0,-0.05558994002624274,0.0,-0.27338589912255423,0.0,0.05284052587720041,0.0,0.05204676020921491,0.05172215416132831,0.048555830923034234,0.08666245982998236,0.05128847486999348,-0.13953739655871567,-0.0383131933070391,-0.31351512981653634,-0.10143518298472515,0.055330220089999785,0.03252307060815064,0.1942723504293804,0.14652390872651788
2013-07-01,0.0,0.26335784330628614,0.0,0.0007755321605880797,0.0,-0.13181408556348195,0.0,-0.6203674338865489,0.0,0.0,0.0,0.03208273300603769,0.47955156221065454,0.9332589489359314,0.0,0.12381966185348332,0.0,0.033057696487738035,0.0,-0.060187068095035046,0.0,-0.18141008355664184,0.0,0.05265747472541285,0.0,0.0588479220446451,0.04962674734128269,0.06881412656197931,0.06948066387814869,0.05134813119003872,-0.1252425129953156,-0.04845273835038387,-0.2941334639841811,-0.149155754822152,0.05521929646123788,0.03252307060815064,0.19348059849970636,0.14899181126544386
2013-07-08,0.0,0.07518383936896303,0.0,0.2645680746743476,0.0,-0.09010765327968667,0.0,-0.019898759443917943,0.0,0.065224361355131,0.0,0.2976245939223888,0.44587643367127566,0.8498337051767652,0.0,0.129036798928098,0.0,0.08891588727620223,0.0,-0.07857359187739468,0.0,-0.18638471607588622,0.0,0.06149550357115763,0.0,0.12891404110618793,0.04669866320800607,0.07459749882113031,0.0665251701979698,0.07169952154960392,-0.10162235681463236,-0.055384096294975156,-0.24531467431112913,-0.15068642862553028,0.03978072724528044,0.03754032917392996,0.18241342845326108,0.17188601079793533
2013-07-15,0.0,0.0,0.0,0.0,0.0,0.0,0.0,0.0,0.0,0.0,0.0,0.0,0.35762211419211665,0.7743703956550924,0.0,0.12780400648202664,0.0,0.08891510346426532,0.0,-0.055480434710792136,0.0,-0.16006654833261671,0.0,0.06060734133773768,0.0,0.12306993230136691,0.046077413737238025,0.07459749882113031,0.0665251701979698,0.07169952154960392,-0.07076641165004185,-0.055384096294975156,-0.209103380562424,-0.15068642862553028,0.018881541664925342,0.03754032917392996,0.1733727872081573,0.17188601079793533
2013-07-22,0.0,0.0,0.0,0.0,0.0,0.0,0.0,0.0,0.0,0.0,0.0,0.0,0.17038740096945884,0.8394875829339031,0.0,0.0846354206688123,0.0,0.06633590170873399,0.0,-0.05548043471079213,0.0,-0.16006654833261671,0.0,0.01630609033878278,0.0,0.08242683173210663,0.04075305721859121,0.07459749882113031,0.06432776339544832,0.07169952154960392,-0.06490902583611127,-0.055384096294975156,-0.09970802609523662,-0.15068642862553028,0.01887911747149507,0.03754032917392996,0.1733727872081573,0.17188601079793533
2013-07-29,0.0,0.0,0.0,0.0,0.0,0.0,0.0,0.0,0.0,0.0,0.0,0.0,0.4963820744589477,0.9474111155747477,0.0,0.018795959842240757,0.0,0.06614201866858697,0.0,-0.02252691331992164,0.0,-0.004974689860979486,0.0,0.01630609033878278,0.0,0.0744061484805972,0.029056435149355173,0.07459749882113031,0.06145238513922266,0.07169952154960392,-0.0558163257085077,-0.055384096294975156,-0.03005491088942125,-0.15068642862553028,0.016686416864768676,0.03754032917392996,0.1305095209698364,0.17188601079793533
2013-08-05,0.0,0.03412872417749109,0.0,0.0,0.0,-0.04648537498535877,0.0,-0.32868817505440306,0.0,0.0006543294912975324,0.0,0.0,0.5505851305571363,1.0083304142248144,0.0,0.008532181044372773,0.0,0.0,0.0,-0.011621343746339665,0.0,-0.08217204376360077,0.0,0.00016358237282441086,0.0,0.0,0.026477305290822505,0.07722278529632194,0.03176333512895756,0.07169952154960392,-0.021208596375887488,-0.05895989437077198,-0.017316444793169992,-0.1759701343989459,0.016264447261319762,0.037590662211722074,0.1305095209698364,0.17188601079793533
2013-08-12,0.0,0.10971387815435357,0.0,2.4453419605877446e-06,0.0,-0.1615694349258451,0.0,-0.7490240078510917,0.0,0.006266453989426764,0.0,0.02917033565242635,0.480192941429577,0.9119320560464398,0.0,0.03596065058296116,0.0,6.113354902163251e-07,0.0,-0.05201370247780094,0.0,-0.2694280457263737,0.0,0.001730195870181102,0.0,0.007292583913106588,0.000575279956550043,0.0597602890508459,4.470519916587883e-06,0.03994084504379069,-0.017428685541194817,-0.06760840160729817,-0.01593870849695154,-0.23220962947588836,0.01626071737586424,0.03806896724853014,0.1302077888931066,0.17382815069446905
2013-08-19,0.0,0.20354373024233147,0.0,0.3412282606079261,0.0,-0.053274858683519874,0.0,0.0,0.0,0.0470301624112315,0.0,0.007133896382837066,0.19241077830088668,0.7158079035795135,0.0,0.08684658314354403,0.0,0.08530767648747174,0.0,-0.0653324171486809,0.0,-0.2694280457263737,0.0,0.013487736472988978,0.0,0.009076058008815854,0.00016298932520946965,0.0750052084381462,4.470519916587883e-06,0.06618917278286193,-0.010836269176339926,-0.06511405129502174,-0.007157757863407308,-0.2234286788423441,0.005069458897523445,0.030495413571053308,0.09331355103861913,0.13748267410019985
2013-08-26,0.0,0.12661313107025252,0.0,0.8791001338661294,0.0,-0.003812955531828038,0.0,-0.0010434643319971169,0.0,0.0,0.0,0.0,0.025555392990229495,0.4118829123720263,0.0,0.11849986591110716,0.0,0.3050827099540041,0.0,-0.06628565603163791,0.0,-0.269688911809373,0.0,0.013487736472988976,0.0,0.009076058008815854,0.0,0.0845816907337254,0.0,0.13380778948341684,0.0,-0.05457108639036089,0.0,-0.2163511874660135,0.0,0.025425954673529868,0.0,0.04416912306158073
2013-09-02,0.2569856970329987,0.2569856970329987,0.6008795784218746,0.6008795784218746,-0.005154104590643096,-0.005154104590643096,0.0,0.0,0.00012795499335028528,0.00012795499335028528,0.0,0.0,-0.3927710295539583,0.3247686454001137,0.06424642425824967,0.17421410912498406,0.15021989460546864,0.4553026045594727,-0.0012885261476608433,-0.055952838432959,0.0,-0.1875168680457722,3.1988748337592136e-05,0.013356142848502164,0.0,0.009076058008815854,0.0197681305409999,0.10011135749694797,0.04622150603245189,0.17061609837409156,-0.00039646958389562704,-0.04624251187515553,0.0,-0.14033036468522903,9.84269179618006e-06,0.025379473934006802,0.0,0.043793885702787125
2013-09-09,0.2503458572367062,0.2503458572367062,0.39646613853029383,0.39646613853029383,-0.0004394120756813663,-0.0004394120756813663,0.0,0.0,0.08793735188269285,0.08793735188269285,0.0,0.0,-0.3849668112447184,0.3390538122310191,0.12683288856742622,0.2093721038955722,0.2493364292380421,0.5544185278565561,-0.001398379166581185,-0.015670332720418064,0.0,-0.0002608660829992792,0.022016326719010805,0.03377386732181868,0.0,0.0017834740957092664,0.03902550417459268,0.11519063181742503,0.07671890130401296,0.19794923891330715,-0.0004302705127941937,-0.045002346792496546,0.0,-0.1403303470416182,0.006774254375080246,0.029846020542509955,0.0,0.04245849203538578
2013-09-16,0.0,0.0,0.0,0.0,-0.038434739384382674,-0.038434739384382674,-0.04966870360525828,-0.04966870360525828,0.13562973255833488,0.13562973255833488,0.024809736702587966,0.024809736702587966,0.1752721088975468,0.33146305732982223,0.12683288856742622,0.15848617133498935,0.2493364292380421,0.4691114627045745,-0.011007064012676853,-0.011960302895633766,-0.01241717590131457,-0.01267804198431385,0.055923759858594525,0.055923759858594525,0.0062024341756469915,0.0062024341756469915,0.03902550417459268,0.1148113110647877,0.07671890130401296,0.19794899774040348,-0.003386788926977476,-0.040853278386186735,-0.003820669508096791,-0.13605311878255513,0.01720731072572139,0.04000579620594496,0.001908441284814476,0.04256874599563993
2013-09-23,0.0,0.0,0.0,0.0,-0.1449042224735555,0.0,-0.3107553686785765,0.0,0.0036555653666739464,0.0,0.9837934476283795,0.0,0.44377968440684545,0.3600321741545937,0.12683288856742622,0.12683288856742622,0.2493364292380421,0.24933642923804217,-0.04723311963106573,-0.011007064012676756,-0.0901060180709587,-0.01241717590131457,0.05683765120026301,0.055923759858594525,0.2521507960827419,0.0062024341756469915,0.03902550417459268,0.10152866927610636,0.07671890130401296,0.19100155104639385,-0.014533267578789439,-0.040853278386186735,-0.02772492863721806,-0.13605311878255513,0.017488508061619387,0.026374642052420374,0.07758486033315136,0.030063176589713685
2013-09-30,0.08089423076183859,0.0,0.034792485836394285,0.0,-0.1610258276159727,0.0,-0.009347485188559221,0.0,0.13248597371074858,0.0,0.2786322963101181,0.0,0.7573875682376188,0.4807134710719999,0.0828100219996362,0.06258646430917655,0.10781465609167203,0.09911653463257351,-0.08620105038739814,-0.009718537865015982,-0.0924428893680985,-0.01241717590131457,0.08992715587961259,0.055891771110256956,0.3218088701602714,0.0062024341756469915,0.04524813731011872,0.08127037363716126,0.07939524636835096,0.19094189472634862,-0.02691986970309503,-0.030713733342841974,-0.02844396595941492,-0.0883325469451283,0.027679736808600048,0.026374642052420374,0.09901811389546815,0.027595274050787707
2013-10-07,0.12680994242633314,0.0,0.08393041224547476,0.0,-0.07716197552907736,0.0,-0.004171406733174239,0.0,0.06343070347095209,0.0,0.10942852632469921,0.0,0.657646008125887,0.4369929379769347,0.05192604329704294,0.0,0.02968072452046726,0.0,-0.10538169125074713,-0.00960868484609564,-0.09348574105139205,-0.01241717590131457,0.08380049377667739,0.03390743313958374,0.3491660017414462,0.0062024341756469915,0.05500274826599051,0.07548700137801027,0.08585143192569519,0.1705905043667834,-0.03285540628225483,-0.023782375398250684,-0.028764843400428324,-0.08680187314175,0.032559021690980974,0.02135738348664107,0.10743569284352192,0.0047010745182962605
2013-10-14,0.016069077582748604,0.0,3.6357451269740415e-06,0.0,-0.15758178623364982,0.0,-0.4427597410094479,0.0,0.05856837756481145,0.0,2.428813249837394e-06,0.0,0.6143638795890202,0.45720529909026153,0.05594331269273009,0.0,0.029681633456749006,0.0,-0.1351684529630639,0.0,-0.19175850040243947,0.0,0.06453515502829654,0.0,0.3429641747691117,0.0,0.056238831156971175,0.07548700137801027,0.08585171159839727,0.1705905043667834,-0.04497708214638174,-0.023782375398250684,-0.0628232850165397,-0.08680187314175,0.03706428150365878,0.02135738348664107,0.10743587967531038,0.0047010745182962605
2013-10-21,0.020255750875596515,0.0,0.26667037988036324,0.0,-0.14879792094574903,0.0,-0.8004640996649257,0.0,0.00412529796795794,0.0,0.02037007195421017,0.0,0.36495374392647956,0.2770873692860428,0.061007250411629216,0.0,0.09634922842683982,0.0,-0.1361418775811123,0.0,-0.3141856831490268,0.0,0.06465258817861753,0.0,0.10210833085056933,0.0,0.05779696583970936,0.07548700137801027,0.10636481774304059,0.1705905043667834,-0.05642307606528551,-0.023782375398250684,-0.1243974465292263,-0.08680187314175,0.03738161211657862,0.02135738348664107,0.1090028082871727,0.0047010745182962605
2013-10-28,0.04966625071962026,0.0,2.9113352776784907e-06,0.0,-0.09243405137768135,0.0,0.0,0.0,0.13467888686058,0.0,0.0,0.0,0.2573843250759285,0.2514680562976758,0.053200255401074634,0.0,0.08765183480156068,0.0,-0.11899393352153945,0.0,-0.31184881185188695,0.0,0.0652008164660754,0.0,0.0324502567730398,0.0,0.06161744666429554,0.07548700137801027,0.10636504169190811,0.1705905043667834,-0.06353338770972253,-0.023782375398250684,-0.1243974465292263,-0.08680187314175,0.047741526490469394,0.02135738348664107,0.1090028082871727,0.0047010745182962605
2013-11-04,1.4850011155261433e-06,0.0,0.0,0.0,-0.1364166600484862,0.0,0.0,0.0,0.09451635811423799,0.0,0.07700475483139854,0.0,0.09765162533553635,0.14218682665474947,0.021498141044770224,0.0,0.06666923174019199,0.0,-0.1338076046513917,0.0,-0.3108059601685934,0.0,0.07297223012689687,0.0,0.024344313899714635,0.0,0.06161756089515058,0.07286171490281865,0.10636504169190811,0.1705905043667834,-0.07402697694422147,-0.02020657732245386,-0.1243974465292263,-0.06151816736833439,0.055012015576180004,0.021307050448848945,0.11492625096651105,0.0047010745182962605
2013-11-11,0.0984568416517289,0.0,0.0261783887253134,0.0,-0.033540813685469954,0.0,0.0,0.0,0.09366206029576937,0.0,0.4881471247247277,0.0,-0.40400324332579385,0.08120443023418752,0.0420950820620153,0.0,0.0732129199852386,0.0,-0.10279736151434671,0.0,-0.20011602491623143,0.0,0.08174565080963635,0.0,0.1463804878775841,0.0,0.06919116409912972,0.06442218581402223,0.10837876390154759,0.1705903162635557,-0.07660703953541147,-0.007778159251235003,-0.1243974465292263,-0.0039009359951734926,0.062216789445085345,0.02082501552658535,0.1524760297914901,0.0024572025450326942
2013-11-18,0.0005052124140106144,0.0,0.0,0.0,-0.33646321543544755,0.0,-0.4032830596424962,0.0,0.019650394861885943,0.0,0.3789388454608066,0.0,-0.27115897766664343,0.14664583502477802,0.03715744744661882,0.0,0.0065453250151477835,0.0,-0.14971368513677133,0.0,-0.10082076491062406,0.0,0.08562692503311833,0.0,0.2360226812542332,0.0,0.06923002659251516,0.04876497579538134,0.10837876390154759,0.14434198852448443,-0.1024888253381382,-0.003680093198656552,-0.15541922034787986,-0.0039009359951734926,0.06372835828061503,0.01720731072572139,0.1816251717500137,0.001908441284814459
2013-11-25,0.08236292179184286,0.0,0.15001689018502046,0.0,-0.07420994707603375,0.0,-0.9790193358248553,0.0,8.263376494116937e-05,0.0,0.0009554892127302757,0.0,-0.6285399558726342,0.10630972938102401,0.04533161521467447,0.0,0.044048819727583476,0.0,-0.14515765906135944,0.0,-0.34557559886683786,0.0,0.05197786175920864,0.0,0.2362615535574158,0.0,0.07556563596111845,0.03902550417459268,0.11991852468501071,0.07671890130401295,-0.10819728280552542,-0.0033867889269774717,-0.23072840002671488,-0.003820669508096791,0.06373471472407204,0.01720731072572139,0.1816986709202237,0.001908441284814459
2013-12-02,0.0,0.0,0.0,0.0,0.0,0.0,0.0,0.0,0.0,0.0,0.0,0.0,-0.7373112348001495,0.11855399331921647,0.04533124396439559,0.0,0.044048819727583476,0.0,-0.11105349404923788,0.0,-0.34557559886683786,0.0,0.028348772230649143,0.0,0.21701036484956615,0.0,0.055797505420118555,0.019257373633592787,0.07369701865255882,0.030497395271561055,-0.1078008132216298,-0.002990319343081849,-0.23072840002671488,-0.003820669508096791,0.06372487203227586,0.017197468033925214,0.1816986709202237,0.001908441284814459
2013-12-09,0.0,0.0,0.0,0.0,0.0,0.0,0.0,0.0,0.0,0.0,0.0,0.0,-0.5819831522713902,-0.03220913864083922,0.020717033551463367,0.0,0.03750422254625513,0.0,-0.10266829062787039,0.0,-0.34557559886683786,0.0,0.0049332571567067985,0.0,0.09497358366838421,0.0,0.03654013178652577,0.0,0.04319962338099775,0.0,-0.10776701229273122,-0.0029565184141832827,-0.23072840002671488,-0.003820669508096791,0.0569604603489918,0.010433056350641148,0.1816986709202237,0.001908441284814459
2013-12-16,0.0,0.0,0.0,0.0,0.0,0.0,0.0,0.0,0.0,0.0,0.0,0.0,-0.5191286323646369,-0.09193357924136276,0.020590730447960715,0.0,0.03750422254625513,0.0,-0.018552486769008506,0.0,-0.24475483395621384,0.0,2.065844123531316e-05,0.0,0.00023887230318256892,0.0,0.03654013178652577,0.0,0.04319962338099775,0.0,-0.10481049387854796,0.0,-0.2269077305186181,0.0,0.046527403998350654,0.0,0.17979022963540922,0.0
2013-12-23,0.0,0.0,0.0,0.0,0.0,0.0,0.0,0.0,0.0,0.0,0.0,0.0,-0.5302425865671494,-0.2784947260868927,0.0,0.0,0.0,0.0,0.0,0.0,0.0,0.0,0.0,0.0,0.0,0.0,0.03654013178652577,0.0,0.04319962338099775,0.0,-0.09366401522673598,0.0,-0.20300347138949684,0.0,0.04624620666245265,0.0,0.10411381058707235,0.0
2013-12-30,0.0,0.0,0.0,0.0,0.0,0.0,0.0,0.0,0.0,0.0,0.0,0.0,-0.6349024516732926,-0.47909300877653715,0.0,0.0,0.0,0.0,0.0,0.0,0.0,0.0,0.0,0.0,0.0,0.0,0.03031749865099972,0.0,0.04052327831665973,0.0,-0.08127741310243039,0.0,-0.20228443406729996,0.0,0.036054977915472006,0.0,0.08268055702475559,0.0
2014-01-06,0.0,0.0,0.0,0.0,0.0,0.0,0.0,0.0,0.0,0.0,0.0,0.0,-0.5237243840687924,-0.49573208471476576,0.0,0.0,0.0,0.0,0.0,0.0,0.0,0.0,0.0,0.0,0.0,0.0,0.020562887695127943,0.0,0.03406709275931552,0.0,-0.0753418765232706,0.0,-0.20196355662628654,0.0,0.031175693033091072,0.0,0.07426297807670179,0.0
2014-01-13,0.0,0.0,0.0,0.0,0.0,0.0,0.0,0.0,0.0,0.0,0.0,0.0,-0.5869899754924102,-0.8089813929042003,0.0,0.0,0.0,0.0,0.0,0.0,0.0,0.0,0.0,0.0,0.0,0.0,0.01932680480414728,0.0,0.03406681308661345,0.0,-0.06322020065914369,0.0,-0.1679051150101752,0.0,0.026670433220413268,0.0,0.07426279124491333,0.0
2014-01-20,0.0,0.0,0.0,0.0,0.0,0.0,0.0,0.0,0.0,0.0,0.0,0.0,-1.2059982876597235,-0.8221559880484324,0.0,0.0,0.0,0.0,0.0,0.0,0.0,0.0,0.0,0.0,0.0,0.0,0.017768670121409088,0.0,0.013553706941970119,0.0,-0.051774206740239914,0.0,-0.10633095349748857,0.0,0.026353102607493423,0.0,0.07269586263305103,0.0
2014-01-27,0.0,0.0,0.0,0.0,0.0,0.0,0.0,0.0,0.0,0.0,0.0,0.0,-1.0861376376889293,-1.0355670788981188,0.0,0.0,0.0,0.0,0.0,0.0,0.0,0.0,0.0,0.0,0.0,0.0,0.013948189296822911,0.0,0.013553482993102604,0.0,-0.04466389509580289,0.0,-0.10633095349748857,0.0,0.015993188233602657,0.0,0.07269586263305103,0.0
2014-02-03,0.0,0.0,0.0,0.0,0.0,0.0,0.0,0.0,0.0,0.0,0.0,0.0,-0.8585804501421193,-1.0849524847070364,0.0,0.0,0.0,0.0,0.0,0.0,0.0,0.0,0.0,0.0,0.0,0.0,0.013948075065967873,0.0,0.013553482993102604,0.0,-0.03417030586130394,0.0,-0.10633095349748857,0.0,0.008722699147892043,0.0,0.06677241995371268,0.0
2014-02-10,0.0,0.0,0.0,0.0,0.0,0.0,0.0,0.0,0.0,0.0,0.0,0.0,-0.8243410425864135,-1.0224087459806925,0.0,0.0,0.0,0.0,0.0,0.0,0.0,0.0,0.0,0.0,0.0,0.0,0.006374471861988728,0.0,0.011539760783463112,0.0,-0.03159024327011395,0.0,-0.10633095349748857,0.0,0.001517925278986705,0.0,0.02922264112873362,0.0
2014-02-17,0.0,0.0,0.0,0.0,0.0,0.0,0.0,0.0,0.0,0.0,0.0,0.0,-0.5101490843774339,-1.0172578794454388,0.0,0.0,0.0,0.0,0.0,0.0,0.0,0.0,0.0,0.0,0.0,0.0,0.006335609368603297,0.0,0.011539760783463112,0.0,-0.005708457467387216,0.0,-0.07530917967883502,0.0,6.356443457017299e-06,0.0,7.349917021003829e-05,0.0
2014-02-24,0.0,0.0,0.0,0.0,0.0,0.0,0.0,0.0,0.0,0.0,0.0,0.0,-0.4851548040950512,-0.9807237582455945,0.0,0.0,0.0,0.0,0.0,0.0,0.0,0.0,0.0,0.0,0.0,0.0,0.0,0.0,0.0,0.0,0.0,0.0,0.0,0.0,0.0,0.0,0.0,0.0
2014-03-03,0.0,0.0,0.0,0.0,0.0,0.0,0.0,0.0,0.0,0.0,0.0,0.0,-0.5641351848425151,-0.9989617838789322,0.0,0.0,0.0,0.0,0.0,0.0,0.0,0.0,0.0,0.0,0.0,0.0,0.0,0.0,0.0,0.0,0.0,0.0,0.0,0.0,0.0,0.0,0.0,0.0
2014-03-10,0.0,0.0,0.0,0.0,0.0,0.0,0.0,0.0,0.0,0.0,0.0,0.0,-0.5099075080745278,-0.9563949225992977,0.0,0.0,0.0,0.0,0.0,0.0,0.0,0.0,0.0,0.0,0.0,0.0,0.0,0.0,0.0,0.0,0.0,0.0,0.0,0.0,0.0,0.0,0.0,0.0
2014-03-17,0.0,0.0,0.0,0.0,0.0,0.0,0.0,0.0,0.0,0.0,0.0,0.0,-0.7783909229657873,-1.152023446282373,0.0,0.0,0.0,0.0,0.0,0.0,0.0,0.0,0.0,0.0,0.0,0.0,0.0,0.0,0.0,0.0,0.0,0.0,0.0,0.0,0.0,0.0,0.0,0.0
2014-03-24,0.0,0.0,0.0,0.0,0.0,0.0,0.0,0.0,0.0,0.0,0.0,0.0,-0.5520926788246301,-1.0541768368722786,0.0,0.0,0.0,0.0,0.0,0.0,0.0,0.0,0.0,0.0,0.0,0.0,0.0,0.0,0.0,0.0,0.0,0.0,0.0,0.0,0.0,0.0,0.0,0.0
2014-03-31,0.013932845712869842,0.0,0.0,0.0,-0.40493906031797156,0.0,-0.0006612076444872098,0.0,0.052469051729778005,0.0,0.011197903288631834,0.0,-0.33473336134562437,-0.8962903531815719,0.0034832114282174606,0.0,0.0,0.0,-0.10123476507949296,0.0,-0.00016530191112180246,0.0,0.013117262932444522,0.0,0.0027994758221579585,0.0,0.0010717573625284493,0.0,0.0,0.0,-0.031149158485997815,0.0,-5.086212649901614e-05,0.0,0.00403608090229062,0.0,0.0008613771760486197,0.0
2014-04-07,0.4265964114642012,0.0,0.1574152300417057,0.0,-0.01518100085030944,0.0,0.0,0.0,0.24590944557137567,0.0,0.07828356448721685,0.0,-0.34984306265939974,-0.9163058020279362,0.11013231429426776,0.0,0.03935380751042644,0.0,-0.10503001529207032,0.0,-0.00016530191112180246,0.0,0.07459462432528843,0.0,0.02237036694396217,0.0,0.03388686593669777,0.0,0.012108863849361978,0.0,-0.032316927782175466,0.0,-5.086212649901614e-05,0.0,0.02295219210008875,0.0,0.006883189828911455,0.0
2014-04-14,0.003347213032551204,0.0,0.031154239473030292,0.0,-0.6968199853805562,0.0,-0.1219654095377944,0.0,0.1316111494417883,0.0,0.14231150676754106,0.0,-0.2906270845732483,-0.7749849919981555,0.11096911755240556,0.0,0.04714236737868401,0.0,-0.2792350116372094,0.0,-0.030656654295570403,0.0,0.10749741168573551,0.0,0.05794824363584744,0.0,0.03414434386227863,0.0,0.014505343808825845,0.0,-0.08591846511914134,0.0,-0.009432816706329354,0.0,0.033076126672534005,0.0,0.01783022881103,0.0
2014-04-21,0.47869827051917485,0.0,0.06626859773674723,0.0,-0.13694878726794274,0.0,-0.0073892518787001754,0.0,0.1504602517840807,0.0,0.5304586315479325,0.0,0.06528197127608217,-0.5306386195702671,0.23064368518219927,0.0,0.06370951681287082,0.0,-0.31347220845419504,0.0,-0.032503967265245445,0.0,0.1451124746317557,0.0,0.19056290152283056,0.0,0.07096728774836901,0.0,0.019602928250114095,0.0,-0.09645298721667538,0.0,-0.0100012206969986,0.0,0.04464999219438637,0.0,0.05863473893010173,0.0
2014-04-28,0.027916156356190887,0.0,0.08619038596681033,0.0,-0.12626825496265426,0.0,-0.4050710071304833,0.0,0.051674276480065125,0.0,1.1849878227523787,0.0,0.0857663934402652,-0.3411302685465581,0.23413951284302956,0.0,0.0852571133045734,0.0,-0.24380450711536572,0.0,-0.13360641713674445,0.0,0.1449137808193275,0.0,0.4840103813887673,0.0,0.07311468439115293,0.0,0.026232957939868736,0.0,-0.10616592990611033,0.0,-0.04116052893780501,0.0,0.048624936539006756,0.0,0.1497876483725924,0.0
2014-05-05,0.46065160879710226,0.0,0.01943648985353378,0.0,-0.14350409440508213,0.0,-0.07799580768724942,0.0,0.13523300679693678,0.0,0.7758327075666895,0.0,0.35298458297238283,-0.24912227504707296,0.2426533121762548,0.0,0.050762428257530426,0.0,-0.2758852805040589,0.0,-0.15310536905855682,0.0,0.11724467112571775,0.0,0.6583976671586355,0.0,0.10854942352939156,0.0,0.02772807254398672,0.0,-0.11720470639880895,0.0,-0.0471602064522088,0.0,0.05902747552338651,0.0,0.2094670874161839,0.0
2014-05-12,0.02410496674504727,0.02410496674504727,0.154059824148643,0.154059824148643,-0.1378653154841832,-0.1378653154841832,-1.3888542387848501,-1.3888542387848501,0.03429806780025391,0.03429806780025391,0.001086910635952644,0.001086910635952644,0.5942803773360134,-0.061204661990721276,0.2478427506043788,0.006026241686261817,0.0814888244264336,0.038514956037160805,-0.13614661302996564,-0.034466328871045775,-0.46982757637032074,-0.34721355969621254,0.09291640071533415,0.0085745169500635,0.6230915181257384,0.000271727658988161,0.11040365174054904,0.0018542282111574822,0.03957882824772849,0.01185075570374176,-0.12780973066682305,-0.010605024268014093,-0.1539951478971973,-0.10683494144498848,0.06166578843109835,0.0026383129077118418,0.2095506959266418,8.36085104578957e-05
2014-05-19,0.43200982571350993,0.43200982571350993,0.09304409936766843,0.09304409936766843,-0.10983787810545896,-0.10983787810545896,-0.0011181316366096407,-0.0011181316366096407,0.03502873391326132,0.03502873391326132,0.0,0.0,0.6017661383035992,-0.009910342943238323,0.23617063940296257,0.1140286981146393,0.0881826998341639,0.061775980879077916,-0.12936888573934469,-0.06192579839741051,-0.4682597963097981,-0.34749309260536493,0.0640585212476293,0.01733170042837883,0.4904768602387552,0.000271727658988161,0.14363517679543442,0.03508575326604286,0.04673606666062606,0.019007994116639334,-0.13625879821339681,-0.019054091814587858,-0.15408115802309033,-0.10692095157088152,0.06436030642442615,0.005332830901039636,0.2095506959266418,8.36085104578957e-05
2014-05-26,0.4714197174010987,0.4714197174010987,0.06890165154336109,0.06890165154336109,-0.12634180979227633,-0.12634180979227633,-0.02892321601027629,-0.02892321601027629,0.0629779075384039,0.0629779075384039,0.011481885094856623,0.011481885094856623,0.46595522274968515,0.09993570883500559,0.34704652966418953,0.23188362746491398,0.08386051622830158,0.07900139376491819,-0.12938727444675022,-0.0935112508454796,-0.37422284852974635,-0.354723896607934,0.066884429012214,0.03307617731297981,0.1971003758243747,0.003142198932702317,0.17989823198013433,0.07134880845074276,0.052036193702423066,0.02430812115843634,-0.14597739896664882,-0.028772692567839882,-0.15630602079311157,-0.10914581434090277,0.06920476085045721,0.010177285327070705,0.21043391785701537,0.0009668304408314821
2014-06-02,0.0,0.06531107768369927,0.0,0.025755415642065724,0.0,-0.15130381134298393,0.0,-0.0038740897795934356,0.0,0.1313727722531567,0.0,0.0792470886639542,0.7207695266689658,0.3143804060409778,0.23188362746491398,0.2482113968858388,0.07900139376491815,0.08544024767543462,-0.09351125084547968,-0.1313372036812256,-0.354723896607934,-0.3556924190528324,0.03307617731297981,0.06591937037626898,0.003142198932702317,0.022953971098690868,0.17989823198013433,0.07637273750333501,0.052036193702423066,0.02628930697705678,-0.14597739896664882,-0.04041144728653095,-0.15630602079311157,-0.10944382124702536,0.06920476085045721,0.020282883192698144,0.21043391785701537,0.007062760338058729
2014-06-09,0.0,0.0,0.0,0.0,0.0,-0.40334305366758527,0.0,-0.5530620922305395,0.0,0.10918955926227406,0.0,0.10151720364765204,0.7305709001751202,0.5039732922772091,0.22585738577865216,0.24218515519957698,0.040486437727757396,0.046925291638273865,-0.05904492197443388,-0.19770663822707607,-0.007510336911721482,-0.14674438241425472,0.02450166036291633,0.08464224324177402,0.002870471273714156,0.04806154435161572,0.17989823198013433,0.07637273750333501,0.052036193702423066,0.02628930697705678,-0.14597739896664882,-0.07143783603019135,-0.15630602079311157,-0.151987059110913,0.06920476085045721,0.028682080059026914,0.21043391785701537,0.01487177600326273
2014-06-16,0.0,0.06144929330030845,0.0,0.0,0.0,-0.09940993302427484,0.0,-0.14705444638326923,0.0,0.19414176663950589,0.0,0.18434691850323787,0.9949331515621562,0.7072495485007626,0.11785492935027468,0.1495450220962766,0.017225412885840286,0.023664266796356758,-0.03158545244806914,-0.19509965195678006,-0.007230804002569072,-0.18322846110091962,0.015744476884600997,0.12442050142333516,0.002870471273714156,0.09414827397742519,0.17989823198013433,0.08109960621874336,0.052036193702423066,0.02628930697705678,-0.14597739896664882,-0.07908475395513558,-0.15630602079311157,-0.16329893960193373,0.06920476085045721,0.04361606210821967,0.21043391785701537,0.02905230819581949
2014-06-23,0.0,0.00017745727751260497,0.0,0.0,0.0,-0.2621037273466612,0.0,-0.034747121287798687,0.0,0.09485301137501485,0.0,0.39028768786835355,1.2079860929288935,0.8453452193146365,0.0,0.031734457065380084,0.0,0.0064388539105164865,0.0,-0.2290401313453763,0.0,-0.18468443742030022,0.0,0.13238927738248787,0.0,0.1888497246707994,0.17989823198013433,0.08111325677855202,0.052036193702423066,0.02628930697705678,-0.14597739896664882,-0.09924657913564798,-0.15630602079311157,-0.16597179508561052,0.06920476085045721,0.050912447598605436,0.21043391785701537,0.059074438031846685
2014-06-30,0.0,0.0319581210616448,0.0,0.0,0.0,-0.46470195377353346,0.0,-0.297433372074018,0.0,0.15000281946044705,0.0,1.283497672131094,0.994523711371295,0.7833753185064106,0.0,0.023396217909866464,0.0,0.0,0.0,-0.3073896669530137,0.0,-0.2580742579939064,0.0,0.13704678918431046,0.0,0.4899123705375844,0.17882647461760587,0.08357157378329393,0.052036193702423066,0.02628930697705678,-0.11482824048065103,-0.13499288327207365,-0.15625515866661255,-0.18885128524515038,0.06516867994816661,0.06245112601863982,0.20957254068096676,0.157805028195777
2014-07-07,0.0,0.03280705241669862,0.0,0.10860223526899468,0.0,-0.32836134796560773,0.0,-0.08540961298648175,0.0,0.3648890774763995,0.0,0.3058972767637951,0.7378169392672057,0.8409313226497505,0.0,0.03159798101404112,0.0,0.027150558817248725,0.0,-0.28864424052751925,0.0,-0.14116113818289192,0.0,0.20097166873784184,0.0,0.5410073888166201,0.14601136604343656,0.08609519319996305,0.039927329853061085,0.03464332507467176,-0.11366047118447338,-0.1602514485001973,-0.15625515866661255,-0.19542125547487973,0.04625256875036847,0.09051951659374748,0.20355072802810392,0.18133558794683816
2014-07-14,0.0,0.0,0.0,0.0,0.0,0.0,0.0,0.0,0.0,0.0,0.0,0.0,0.4287177525167726,0.8794420901404532,0.0,0.016235657688964004,0.0,0.027150558817248725,0.0,-0.26379175727145054,0.0,-0.1043975265870746,0.0,0.15243622707796536,0.0,0.4949206591908107,0.1457538881178557,0.08609519319996305,0.03753084989359722,0.03464332507467176,-0.060058933847507504,-0.1602514485001973,-0.14687320408678223,-0.19542125547487973,0.03612863417792322,0.09051951659374748,0.1926036890459854,0.18133558794683816
2014-07-21,0.0,0.0,0.0,0.0,0.0,0.0,0.0,0.0,0.0,0.0,0.0,0.0,0.14151975848955053,0.7396993572967718,0.0,0.016191293369585857,0.0,0.027150558817248725,0.0,-0.19826582543478527,0.0,-0.09571074626512494,0.0,0.12872297423421164,0.0,0.3973487372237223,0.10893094423176533,0.08609519319996305,0.03243326545230897,0.03464332507467176,-0.049524411749973456,-0.1602514485001973,-0.14630480009611296,-0.19542125547487973,0.02455476865607085,0.09051951659374748,0.1517991789269137,0.18133558794683816
2014-07-28,0.0,0.0,0.0,0.0,0.0,0.0,0.0,0.0,0.0,0.0,0.0,0.0,-0.06494020778094926,0.7310117266230008,0.0,0.008201763104174656,0.0,0.027150558817248725,0.0,-0.0820903369914019,0.0,-0.02135240324662044,0.0,0.09122226936909988,0.0,0.07647431919094883,0.10678354758898141,0.08609519319996305,0.025803235762554333,0.03464332507467176,-0.0398114690605385,-0.1602514485001973,-0.11514549185530656,-0.19542125547487973,0.02057982431145046,0.09051951659374748,0.060646269484423004,0.18133558794683816
2014-08-04,0.0,0.042207674579935434,0.0,0.0,0.0,-0.09160300040653802,0.0,-0.12759462558928883,0.0,0.025109649990502574,0.0,3.6151798318281576e-06,0.10177180118137799,0.6521737533487344,0.0,0.010551918644983858,0.0,0.0,0.0,-0.022900750101634476,0.0,-0.03189865639732221,0.0,0.006277412497625657,0.0,9.037949580125505e-07,0.07134880845074276,0.08934193739841961,0.02430812115843635,0.03464332507467176,-0.02877269256783989,-0.16729783314685406,-0.10914581434090277,-0.20523622667405583,0.010177285327070709,0.09245102813147844,0.0009668304408314992,0.18133586603759444
2014-08-11,0.0,1.715871030254188e-06,0.0,0.0,0.0,-0.3089571010934219,0.0,-0.2035994726487287,0.0,0.04668554593977103,0.0,0.21729768576941816,0.1856168039193398,0.6620222813932757,0.0,0.010552347612741422,0.0,0.0,0.0,-0.10014002537498995,0.0,-0.08279852455950439,0.0,0.017948798982568414,0.0,0.05432532523731255,0.06949458023958528,0.0874878411773414,0.012457365454694579,0.022792569370929987,-0.018167668299825794,-0.18045873973218013,-0.0023108728959143022,-0.11406278312512338,0.0075389724193588685,0.09340391106528743,0.0008832219303736035,0.1979674641247841
2014-08-18,0.0,0.3237360518482997,0.0,0.005054877162659057,0.0,-0.01727240608945038,0.0,-0.011811348983149585,0.0,0.03510141517493642,0.0,0.5503530346567098,0.6195401415981151,0.8302502892089014,0.0,0.09148636057481634,0.0,0.0012637192906648199,0.0,-0.10445812689735254,0.0,-0.08575136180529178,0.0,0.02672415277630252,0.0,0.19191358390149,0.036263055184699904,0.079159089341556,0.005300127041797007,0.01602416766285234,-0.009718600753252026,-0.17333831880787176,-0.002224862770021253,-0.11488533830562647,0.004844454426031074,0.09340950193157016,0.0008832219303736035,0.240302312944531
2014-08-25,0.0,0.09626831629265824,0.0,0.0010029456213427551,0.0,-0.17746542494664672,0.0,-0.04495356591600918,0.0,0.0843881451669753,0.0,0.002108448579068201,0.6588238632774235,0.7755811173005482,0.0,0.1155534396479809,0.0,0.0015144556960005086,0.0,-0.14882448313401422,0.0,-0.09698975328429407,0.0,0.047821189068046346,0.0,0.19244069604625705,0.0,0.050301289256291334,0.0,0.010801190284235547,0.0,-0.1772709045889772,0.0,-0.116118442144529,0.0,0.0950564432876141,0.0,0.23958127936639342
2014-09-01,0.13881908873628646,0.13881908873628646,0.013678455972153019,0.013678455972153019,-0.22838629853551723,-0.22838629853551723,-3.327785650136685e-06,-3.327785650136685e-06,0.21125437907769043,0.21125437907769043,0.1941045470659478,0.1941045470659478,0.7855028201284637,0.7200693190285415,0.034704772184071614,0.13970629318706865,0.0034196139930382685,0.004934069689038763,-0.05709657463387936,-0.18302030766625904,-8.319464125341712e-07,-0.06509192883338441,0.05281359476942263,0.09435737133984332,0.04852613676648695,0.24096592901778602,0.010678391441252804,0.05595575164495189,0.0010521889209348476,0.009872193386549953,-0.017568176810424403,-0.18320032668071054,-2.5598351154897574e-07,-0.11582069122191796,0.016250336852130037,0.1012011822741167,0.014931119005072924,0.2484164684742391
2014-09-08,0.00028309903897570253,0.00028309903897570253,0.027224929321731334,0.027224929321731334,-0.19311546980616784,-0.19311546980616784,-0.8465805117449814,-0.8465805117449814,0.312064403349091,0.312064403349091,0.7390353667302884,0.7390353667302884,0.7472648233296031,0.63621538786244,0.03477554694381554,0.139776638979055,0.010225846323471103,0.011740302019471597,-0.10537544208542132,-0.1540598998444455,-0.21164595988265789,-0.22583718860744756,0.13082969560669538,0.1607020856921733,0.23328497844905904,0.3714003492580036,0.010700168290404781,0.05597752849410387,0.0031464142533757194,0.011966418718990826,-0.03242321294936039,-0.1670289740759861,-0.06512183381004857,-0.13839903118456734,0.04025529095590627,0.11680693951156415,0.07177999336894127,0.29745632717290343
2014-09-15,0.08241546105710426,0.08241546105710426,0.2314847199329944,0.2314847199329944,-0.26521831039329963,-0.26521831039329963,-0.0901369624275623,-0.0901369624275623,0.02768523059802707,0.02768523059802707,0.0,0.0,0.47160670974623575,0.4539881625088066,0.0553794122080916,0.07944649128125617,0.06809702630671971,0.06834776271205543,-0.17168001968374624,-0.21604637592040782,-0.23418020048954846,-0.24541859196855073,0.13775100325620215,0.158848039547946,0.23328497844905904,0.23381209059382613,0.017039819140951262,0.05759031062924201,0.02095293117129837,0.02977293563691347,-0.05282462144115267,-0.17978346464283418,-0.07205544630447645,-0.1340207631879745,0.04238492407883143,0.10400259058529657,0.07177999336894127,0.28327579498034666
2014-09-22,0.06279816343867431,0.0,0.17607940886640625,0.0,-0.10180102346722232,0.0,0.0,0.0,0.16163880847944148,0.0,0.05954910791785955,0.0,0.1417924151836359,0.2704234800439579,0.07107895306776019,0.0553794122080916,0.11211687852332126,0.06809702630671975,-0.19713027555055182,-0.17168001968374613,-0.23418020048954846,-0.23418020048954843,0.17816070537606252,0.13775100325620215,0.24817225542852392,0.23328497844905907,0.021870447097772364,0.05757666006943334,0.034497501084098846,0.02977293563691347,-0.060655469400169776,-0.15962163946232177,-0.07205544630447645,-0.1313479077042977,0.05481867857725001,0.0967062050949108,0.07636069397800738,0.25325366514431946
2014-09-29,0.06814792724749322,0.0,0.0,0.0,-0.02157799824379403,0.0,0.0,0.0,0.3351626908369657,0.0,0.1430160712082034,0.0,0.06765394714466245,0.3697819348620946,0.05341116269556187,0.020674640024019992,0.10869726453028301,0.06467741231368149,-0.145428200477621,-0.11458344504986684,-0.23417936854313592,-0.23417936854313592,0.20913778331588134,0.08493740848677955,0.23540013646408783,0.18475884168257212,0.027112595347579534,0.05511834306469144,0.034497501084098846,0.02977293563691347,-0.06231531541892316,-0.1238753353258961,-0.07205544630447645,-0.10846841754475783,0.08060042402624737,0.0851675266748764,0.08736193022479226,0.15452307498038917
2014-10-06,0.1932633496336381,0.0,0.12942797950665247,0.0,-0.09974928435818382,0.0,-0.03236799709270602,0.0,0.04632673469737912,0.0,0.0020619815246280433,0.0,-0.07815409241584498,0.3565136172628926,0.10165622534422747,0.020603865264276065,0.1342480270765133,0.05787117998324866,-0.122086654115625,-0.06630457759832488,-0.03062623988006708,-0.022534240606890577,0.14270336615295337,0.006921307649506795,0.05115679016267275,0.0,0.04197900685785939,0.05259472364802231,0.0444534995076875,0.021418917539298494,-0.0699883372926296,-0.09861677009777245,-0.0745452922346846,-0.10189844731502846,0.08416401900296883,0.057099136099768764,0.08752054418822519,0.130992515229328
2014-10-13,0.32552262548608596,0.0,0.010267804914746813,0.0,0.0,0.0,0.0,0.0,0.1556738408588525,0.0,0.05301116593824055,0.0,0.18116763160759397,0.42374127880746076,0.1624330164514729,0.0,0.0789437983219514,0.0,-0.0557820765173001,0.0,-0.008091999273176505,0.0,0.17470051871815973,0.0,0.06440958164723289,0.0,0.06701920881832754,0.05259472364802231,0.04524333065497572,0.021418917539298494,-0.0699883372926296,-0.09861677009777245,-0.0745452922346846,-0.10189844731502846,0.09613892983826519,0.057099136099768764,0.09159832618347445,0.130992515229328
2014-10-20,0.14001524554888603,0.0,0.9702089001717026,0.0,-0.01302164728417512,0.0,0.0,0.0,0.11658128637652279,0.0,0.07645303714394185,0.0,0.15952020241180684,0.3963185960954428,0.18173728697902583,0.0,0.2774761711482755,0.0,-0.033587232471538296,0.0,-0.008091999273176505,0.0,0.16343613819243005,0.0,0.06863556395375346,0.0,0.077789612322088,0.05259472364802231,0.11987478451433745,0.021418917539298494,-0.07099000246833538,-0.09861677009777245,-0.0745452922346846,-0.10189844731502846,0.10510672109799771,0.057099136099768764,0.09747932904070075,0.130992515229328
2014-10-27,0.28446114273999923,0.0,0.0033634854479587914,0.0,-0.0006116847804193126,0.0,0.0,0.0,0.2014809854153644,0.0,0.16929063739152747,0.0,-0.30415387484069295,0.3288803065369733,0.23581559085215234,0.0,0.2783170425102652,0.0,-0.02834565410569462,0.0,-0.008091999273176505,0.0,0.13001571183702973,0.0,0.07520420549958448,0.0,0.09967123868670334,0.05259472364802231,0.12013351416418044,0.021418917539298494,-0.07103705514375226,-0.09861677009777245,-0.0745452922346846,-0.10189844731502846,0.12060525843764112,0.057099136099768764,0.11050168576312594,0.130992515229328
2014-11-03,0.14694622346404476,0.0,0.07784347999280028,0.0,-0.07791142852581515,0.0,-0.0036703002883702726,0.0,0.19663108263936427,0.0,0.05442044141262253,0.0,-0.3042387689555953,0.2654504239028497,0.224236309309754,0.0,0.26542091763180214,0.0,-0.022886190147602452,0.0,-0.0009175750720925681,0.0,0.167591798822526,0.0,0.0882938204715831,0.0,0.11097479433778369,0.04934797944956574,0.12612147416362662,0.021418917539298494,-0.07703024195343033,-0.09157038545111568,-0.0748276230260977,-0.09208347611585241,0.13573072633297684,0.0551676245620378,0.1146878735640969,0.13099223713857172
2014-11-10,0.0,0.0,3.4278518357560266e-06,0.0,-0.25090960995281747,0.0,-1.3905400046099907,0.0,0.21670830106830705,0.0,0.6302573334380018,0.0,-0.863765061705338,0.12054996485743101,0.1428556529382325,0.0,0.26285482336607435,0.0,-0.08561359263580681,0.0,-0.34855257622459024,0.0,0.18285041387488965,0.0,0.23260536234652343,0.0,0.11097479433778369,0.0493478474594865,0.12612173784453706,0.021418917539298494,-0.09633098118057015,-0.06780445459777552,-0.18179223876532774,-0.07642197821979635,0.15240059564592354,0.051576428720516945,0.16316920690548167,0.11427703054092417
2014-11-17,0.0,0.0,2.475411496604493e-06,0.0,-0.25267975058642006,0.0,-1.2618631399251172,0.0,0.3687939731286646,0.0,0.27770507749584017,0.0,-0.8084589081621841,-0.15092460480853562,0.10785184155101099,0.0,0.020303217176022858,0.0,-0.14552811846136807,0.0,-0.6640183612058695,0.0,0.2459035855629251,0.0,0.282918372434498,0.0,0.11097479433778369,0.024445074240386513,0.12612192826080604,0.021030080834478573,-0.11576788507183323,-0.06647580797551011,-0.27885863414418294,-0.07551341291340023,0.18076936280966696,0.04887631986090645,0.18453113594362322,0.07194218172117725
2014-11-24,0.28016024614347057,0.0,0.026511217743490606,0.0,-0.0931195659035747,0.0,-0.3585427643342442,0.0,0.46988323946008004,0.0,0.45699864116699096,0.0,-0.49227952523406293,-0.2285377673008714,0.10677661740187883,0.0,0.02609015024990581,0.0,-0.16865508874215693,0.0,-0.7536540522894306,0.0,0.313004149074104,0.0,0.35484537337836386,0.0,0.13252558250266605,0.017039819140951262,0.128161252702613,0.020952931171298355,-0.12293092860287744,-0.05282462144115267,-0.30643884678527866,-0.07205544630447645,0.2169142273835193,0.04238492407883143,0.2196848775718533,0.07177999336894124
2014-12-01,0.0,0.0,0.0,0.0,0.0,0.0,0.0,0.0,0.0,0.0,0.0,0.0,-0.5182416499923067,-0.3137890647859166,0.07004006153586764,0.0,0.006629280251705742,0.0,-0.14917723161070312,0.0,-0.752736477217338,0.0,0.26384637841426295,0.0,0.34124026302520827,0.0,0.12184719106141324,0.006361427699698459,0.12710906378167813,0.01990074225036351,-0.10536275179245304,-0.035256444630728266,-0.3064385908017671,-0.0720551903209649,0.20066389053138925,0.02613458722670139,0.20475375856678038,0.056848874363868325
2014-12-08,0.0,0.0,0.0,0.0,0.0,0.0,0.0,0.0,0.0,0.0,0.0,0.0,-0.5994659249359306,-0.49625352177206283,0.07004006153586764,0.0,0.006628423288746803,0.0,-0.08644982912249877,0.0,-0.40510147606484037,0.0,0.20966930314718618,0.0,0.18367592966570778,0.0,0.12182541421226126,0.006339650850546482,0.12501483844923728,0.01780651691792264,-0.09050771565351703,-0.02040140849179228,-0.24131701297523006,-0.00693361249442787,0.17665893642761302,0.0021296331229251593,0.14790488420291206,0.0
2014-12-15,0.0,0.0,0.0,0.0,0.0,0.0,0.0,0.0,0.0,0.0,0.0,0.0,-0.32441901554653796,-0.4560947785126266,0.07004006153586764,0.0,0.0066278044358726515,0.0,-0.023279891475893745,0.0,-0.08963569108356105,0.0,0.11747080986502004,0.0,0.11424966029174774,0.0,0.11548576336171479,0.0,0.10720832153131463,0.0,-0.07010630716172477,0.0,-0.2343834004808022,0.0,0.17452930330468786,0.0,0.14790488420291206,0.0
2014-12-22,0.0,0.0,0.0,0.0,0.0,0.0,0.0,0.0,0.0,0.0,0.0,0.0,-0.473025695821711,-0.3937004400956942,0.0,0.0,0.0,0.0,0.0,0.0,0.0,0.0,0.0,0.0,0.0,0.0,0.11065513540489368,0.0,0.09366375161851415,0.0,-0.06227545920270767,0.0,-0.2343834004808022,0.0,0.16209554880626925,0.0,0.14332418359384594,0.0
2014-12-29,0.0,0.0,0.0,0.0,0.0,0.0,0.0,0.0,0.0,0.0,0.0,0.0,-0.23864508838737597,-0.5389202222000217,0.0,0.0,0.0,0.0,0.0,0.0,0.0,0.0,0.0,0.0,0.0,0.0,0.1054129871550865,0.0,0.09366375161851415,0.0,-0.06061561318395428,0.0,-0.2343834004808022,0.0,0.13631380335727192,0.0,0.13232294734706104,0.0
2015-01-05,0.0,0.0,0.0,0.0,0.0,0.0,0.0,0.0,0.0,0.0,0.0,0.0,-0.34564160341253414,-0.6844530830804075,0.0,0.0,0.0,0.0,0.0,0.0,0.0,0.0,0.0,0.0,0.0,0.0,0.09054657564480666,0.0,0.0837077531949255,0.0,-0.05294259131024784,0.0,-0.23189355455059404,0.0,0.13275020838055043,0.0,0.1321643333836281,0.0
2015-01-12,0.0,0.0,0.0,0.0,0.0,0.0,0.0,0.0,0.0,0.0,0.0,0.0,-0.6027106804248895,-0.88350384663848,0.0,0.0,0.0,0.0,0.0,0.0,0.0,0.0,0.0,0.0,0.0,0.0,0.06550637368433851,0.0,0.08291792204763727,0.0,-0.05294259131024784,0.0,-0.23189355455059404,0.0,0.12077529754525408,0.0,0.12808655138837885,0.0
2015-01-19,0.0,0.0,0.0,0.0,0.0,0.0,0.0,0.0,0.0,0.0,0.0,0.0,-0.8377261108315848,-0.8822387272929743,0.0,0.0,0.0,0.0,0.0,0.0,0.0,0.0,0.0,0.0,0.0,0.0,0.05473597018057804,0.0,0.008286468188275541,0.0,-0.051940926134542056,0.0,-0.23189355455059404,0.0,0.11180750628552158,0.0,0.12220554853115255,0.0
2015-01-26,0.0,0.0,0.0,0.0,0.0,0.0,0.0,0.0,0.0,0.0,0.0,0.0,-0.6659134276541011,-0.822046013545506,0.0,0.0,0.0,0.0,0.0,0.0,0.0,0.0,0.0,0.0,0.0,0.0,0.032854343815962715,0.0,0.008027738538432557,0.0,-0.05189387345912518,0.0,-0.23189355455059404,0.0,0.09630896894587816,0.0,0.10918319180872738,0.0
2015-02-02,0.0,0.0,0.0,0.0,0.0,0.0,0.0,0.0,0.0,0.0,0.0,0.0,-0.8140370090994921,-0.8622481727438628,0.0,0.0,0.0,0.0,0.0,0.0,0.0,0.0,0.0,0.0,0.0,0.0,0.021550788164882352,0.0,0.002039778538986382,0.0,-0.045900686649447096,0.0,-0.23161122375918095,0.0,0.08118350105054245,0.0,0.10499700400775638,0.0
2015-02-09,0.0,0.0,0.0,0.0,0.0,0.0,0.0,0.0,0.0,0.0,0.0,0.0,-0.8392385741057924,-0.9041017571030695,0.0,0.0,0.0,0.0,0.0,0.0,0.0,0.0,0.0,0.0,0.0,0.0,0.021550788164882352,0.0,0.0020395148580759394,0.0,-0.02659994742230729,0.0,-0.12464660801995088,0.0,0.06451363173759575,0.0,0.05651567066637164,0.0
2015-02-16,0.0,0.0,0.0,0.0,0.0,0.0,0.0,0.0,0.0,0.0,0.0,0.0,-0.750792048498167,-0.9087510014955359,0.0,0.0,0.0,0.0,0.0,0.0,0.0,0.0,0.0,0.0,0.0,0.0,0.021550788164882352,0.0,0.00203932444180697,0.0,-0.007163043531044208,0.0,-0.027580212641095708,0.0,0.03614486457385232,0.0,0.03515374162823009,0.0
2015-02-23,0.0,0.0,0.0,0.0,0.0,0.0,0.0,0.0,0.0,0.0,0.0,0.0,-0.664532608288663,-1.034312885738936,0.0,0.0,0.0,0.0,0.0,0.0,0.0,0.0,0.0,0.0,0.0,0.0,0.0,0.0,0.0,0.0,0.0,0.0,0.0,0.0,0.0,0.0,0.0,0.0
2015-03-02,0.0,0.0,0.0,0.0,0.0,0.0,0.0,0.0,0.0,0.0,0.0,0.0,-1.0316004360937794,-1.0817626246971948,0.0,0.0,0.0,0.0,0.0,0.0,0.0,0.0,0.0,0.0,0.0,0.0,0.0,0.0,0.0,0.0,0.0,0.0,0.0,0.0,0.0,0.0,0.0,0.0
2015-03-09,0.0,0.0,0.0,0.0,0.0,0.0,0.0,0.0,0.0,0.0,0.0,0.0,-0.9390589346362813,-0.9847540703824206,0.0,0.0,0.0,0.0,0.0,0.0,0.0,0.0,0.0,0.0,0.0,0.0,0.0,0.0,0.0,0.0,0.0,0.0,0.0,0.0,0.0,0.0,0.0,0.0
2015-03-16,0.0,0.0,0.0,0.0,0.0,0.0,0.0,0.0,0.0,0.0,0.0,0.0,-0.8504852389267961,-1.093143358602374,0.0,0.0,0.0,0.0,0.0,0.0,0.0,0.0,0.0,0.0,0.0,0.0,0.0,0.0,0.0,0.0,0.0,0.0,0.0,0.0,0.0,0.0,0.0,0.0
2015-03-23,0.0,0.0,0.0,0.0,0.0,0.0,0.0,0.0,0.0,0.0,0.0,0.0,-0.6260450259174782,-1.1269802412439764,0.0,0.0,0.0,0.0,0.0,0.0,0.0,0.0,0.0,0.0,0.0,0.0,0.0,0.0,0.0,0.0,0.0,0.0,0.0,0.0,0.0,0.0,0.0,0.0
2015-03-30,0.46756128593126134,0.0,0.11494185098563173,0.0,-0.07487850871293948,0.0,-0.00031923718557778165,0.0,0.02139372559373772,0.0,0.013506920701359545,0.0,-0.6224471314401187,-1.2007677021474905,0.11689032148281533,0.0,0.028735462746407932,0.0,-0.01871962717823494,0.0,-7.980929639444541e-05,0.0,0.005348431398434458,0.0,0.0033767301753398864,0.0,0.03596625276394318,0.0,0.008841680845048595,0.0,-0.00575988528561073,0.0,-2.455670658290628e-05,0.0,0.0016456711995182947,0.0,0.0010389939001045974,0.0
2015-04-06,0.07822451687274438,0.0,0.07285858128771613,0.0,-0.020469393809599626,0.0,-0.02308957309175204,0.0,0.004520380404617041,0.0,4.13393705938959e-06,0.0,-0.284432722738272,-1.032152506470241,0.13644645070100142,0.0,0.046950108068336965,0.0,-0.023836975630634846,0.0,-0.005852202569332455,0.0,0.0064785264995887186,0.0,0.003377763659604734,0.0,0.04198352329261582,0.0,0.014446187097949835,0.0,-0.007334454040195316,0.0,-0.0018006777136407555,0.0,0.001993392769104221,0.0,0.0010393118952630122,0.0
2015-04-13,0.305895571399564,0.0,0.464825070897502,0.0,-0.010911666272612053,0.0,0.0,0.0,0.07284395653736356,0.0,0.0037808674778168553,0.0,0.02172804619017258,-0.7425288291779876,0.21292034355089245,0.0,0.16315637579271247,0.0,-0.02656489219878786,0.0,-0.005852202569332455,0.0,0.02468951563392961,0.0,0.004322980529058947,0.0,0.06551395186181307,0.0,0.050201961782373065,0.0,-0.008173812984242397,0.0,-0.0018006777136407555,0.0,0.0075967740412091105,0.0,0.001330147855095078,0.0
2015-04-20,0.0005756804484718238,0.0,0.0,0.0,-0.384086333896101,0.0,-0.14538416800753004,0.0,0.11380891612428956,0.0,0.19348344990771954,0.0,0.10890486443537321,-0.6028076767272594,0.2130642636630104,0.0,0.16315637579271247,0.0,-0.12258647567281311,0.0,-0.04219824457121497,0.0,0.053141744665002,0.0,0.05269384300598883,0.0,0.06555823497323397,0.0,0.050201961782373065,0.0,-0.037718915591634775,0.0,-0.012984075252681528,0.0,0.016351306050769846,0.0,0.01621349015568889,0.0
2015-04-27,0.4099965528803457,0.0,0.10207245019641141,0.0,-0.11532617841887746,0.0,-0.26300967060961117,0.0,0.00011821377553414533,0.0,0.0,0.0,0.037095720022024846,-0.6689121496647626,0.19867308040028148,0.0,0.1599390255954074,0.0,-0.1326983930992976,0.0,-0.10787085292722332,0.0,0.047822866710451106,0.0,0.04931711283064895,0.0,0.09709643134864518,0.0,0.05805368872055856,0.0,-0.046590160085394586,0.0,-0.033215588376497775,0.0,0.016360399418118628,0.0,0.01621349015568889,0.0
2015-05-04,0.013457875607094032,0.0,0.25830224142527186,0.0,-0.10449555411623607,0.0,0.0,0.0,0.2615270666170028,0.0,0.10706397306526586,0.0,0.40574641104455483,-0.3193904918146378,0.18248142008386892,0.0,0.20629994062979634,0.0,-0.15370493317595668,0.0,-0.10209845965428531,0.0,0.11207453826354755,0.0,0.07608207261270056,0.0,0.09813165254919087,0.0,0.07792309190711794,0.0,-0.054628279632797365,0.0,-0.03321558837649777,0.0,0.036477866080964996,0.0,0.02444918039147857,0.0
2015-05-11,0.04572684644223953,0.04572684644223953,0.0,0.0,-0.30348591461164043,-0.30348591461164043,0.0,0.0,0.25656120131745286,0.25656120131745286,0.3758565673632469,0.3758565673632469,0.8702083733496643,0.1138818809458815,0.11743923884453777,0.011431711610559883,0.09009367290542082,0.0,-0.2268484952607138,-0.07587147865291008,-0.10209845965428531,0.0,0.15800384945856988,0.06414030032936324,0.16910099758405805,0.09396414184081178,0.10164910227551699,0.003517449726326118,0.07792309190711794,0.0,-0.07797334998753894,-0.023345070354741572,-0.03321558837649777,0.0,0.05621334310538444,0.01973547702441945,0.053361224034805255,0.028912043643326685
2015-05-18,0.07749097673157615,0.07749097673157615,0.0,0.0,-0.2054514142850871,-0.2054514142850871,-0.9610737240259754,-0.9610737240259754,0.027009041084662143,0.027009041084662143,0.000551725858688902,0.000551725858688902,0.9993504432779458,0.31894048876350684,0.13666806291531386,0.030804455793453922,0.09009367290542082,0.0,-0.1821897653579603,-0.12723433222418185,-0.3060208486588966,-0.24026843100649384,0.13630388069866303,0.07089256060052877,0.12086806657180041,0.09410207330548401,0.1076099466394844,0.009478294090293514,0.07792309190711794,0.0,-0.09377730493254564,-0.03914902529974827,-0.10714433637849587,-0.0739287480019981,0.05829096165035846,0.02181309556939346,0.05340366448547363,0.02895448409399506
2015-05-25,0.07684819309852897,0.07684819309852897,0.00416168358728557,0.00416168358728557,-0.36687096985946765,-0.36687096985946765,0.0,0.0,0.037247065242242104,0.037247065242242104,0.31320532542455487,0.31320532542455487,1.327875456045975,0.5756522032112117,0.05338097296985967,0.050016504068086165,0.06561598125313936,0.001040420896821448,-0.24507596321810787,-0.21895207468904876,-0.24026843100649384,-0.24026843100649384,0.14558609356534002,0.08020432691108931,0.19916939792793914,0.17240340466162274,0.113521346108602,0.015389693559411128,0.0782432214138322,0.0003201295067142661,-0.12199814876788931,-0.06736986913509194,-0.10714433637849587,-0.0739287480019981,0.06115612051514631,0.024678254434181316,0.07749638182582401,0.053047201434345444
2015-06-01,0.0,0.04784248168601466,0.0,0.0,0.0,-0.208503921763852,0.0,-0.010927402187499203,0.0,0.15379667547799739,0.0,0.0026746440601362878,1.3941112143218624,0.729741902865544,0.050016504068086165,0.06197712448958983,0.0010404208968213926,0.001040420896821448,-0.21895207468904884,-0.27107805513001176,-0.24026843100649387,-0.24300028155336864,0.08020432691108932,0.11865349578058865,0.17240340466162268,0.17307206567665678,0.113521346108602,0.01906988445833533,0.0782432214138322,0.0003201295067142661,-0.12199814876788931,-0.08340863234769592,-0.10714433637849587,-0.07476931740103651,0.06115612051514631,0.036508767932488806,0.07749638182582401,0.05325294328512515
2015-06-08,0.0,0.26303542457422596,0.0,0.2806871259507819,0.0,-0.000510094482312617,0.0,-2.212152999540695e-06,0.0,0.04134349591583867,0.0,0.02529976779985971,1.2861551888863665,0.8258682816570367,0.03858479245752628,0.11630426902258643,0.0010404208968213926,0.07121220238451692,-0.14308059603613874,-0.1953341000976798,-0.24026843100649387,-0.24300083459161853,0.016064026581726103,0.0648490694301851,0.07843926282081094,0.08543286578581,0.113521346108602,0.03930337865635271,0.0782432214138322,0.021911446887543644,-0.12199814876788931,-0.0834478703847969,-0.10714433637849587,-0.07476948756665186,0.06115612051514631,0.03968903684909178,0.07749638182582401,0.055199079269729744
2015-06-15,0.0,0.20673667559555153,0.0,0.021965312111936607,0.0,-0.20567281028488066,0.0,-0.06526958290184011,0.0,0.025319895039103382,0.0,4.2094472037667675e-05,1.2598292775272864,1.0461699061282626,0.019212048274632243,0.14861569373858027,0.0010404208968213926,0.07670353041250107,-0.09171774246486697,-0.1953894490976282,0.0,-0.019049799310584713,0.009311766310560568,0.0644267829187954,0.07830133135613872,0.08530545793914719,0.113521346108602,0.05520619985601053,0.0782432214138322,0.023601086280769533,-0.12199814876788931,-0.09926885579132619,-0.10714433637849587,-0.07979022471294725,0.06115612051514631,0.04163672108286896,0.07749638182582401,0.05520231730604033
2015-06-22,0.0,0.06706815592174817,0.0,0.2854511628127787,0.0,-0.0921323844158683,0.0,-0.006475393098404116,0.0,0.0380604688768924,0.0,0.2493362362986084,0.9812964270152591,1.1295464168747165,0.0,0.14617068444438508,0.0,0.14702590021887435,0.0,-0.12670480273672835,0.0,-0.020668647585185742,0.0,0.06463013382745798,0.0,0.06933818565766058,0.113521346108602,0.06036528877306808,0.0782432214138322,0.04555886803559867,-0.12199814876788931,-0.10635596228485451,-0.10714433637849587,-0.08028833187436295,0.06115612051514631,0.04456444945801453,0.07749638182582401,0.07438202779054867
2015-06-29,0.0,0.007013484289964024,0.0,0.29095824639116646,0.0,-0.08869255268544622,0.0,-0.3210600742681929,0.0,0.07643867499150886,0.0,0.05191934368918961,0.7218732682616019,1.1703263061723275,0.0,0.1359634350953724,0.0,0.21976546181666595,0.0,-0.09675196046712692,0.0,-0.09820181560535916,0.0,0.045290633705835845,0.0,0.0816493605649239,0.07755509334465883,0.060904787564603775,0.06940154056878362,0.06794027160414993,-0.11623826348227856,-0.11317846633758115,-0.10711977967191298,-0.10498526066422394,0.059510449315628024,0.050444347534284444,0.07645738792571942,0.07837582345894788
2015-07-06,0.0,0.04909014424899887,0.0,0.01286591663736376,0.0,-0.3090140858517767,0.0,-0.5709270225409532,0.0,0.16358734073871262,0.0,0.2407406192782122,0.8912369377921932,1.2486567561626736,0.0,0.08247711501406566,0.0,0.15281015948831142,0.0,-0.17387795830949293,0.0,-0.24093301820234758,0.0,0.07585159491155433,0.0,0.13550957343451203,0.07153782281598618,0.06468095250683445,0.06379703431588238,0.06892995749933176,-0.11466369472769398,-0.13694878063387167,-0.10534365866485514,-0.14890272393660495,0.0591627277460421,0.06302798912957003,0.07645706993056102,0.09689433263419496
2015-07-13,0.0,0.0,0.0,0.0,0.0,0.0,0.0,0.0,0.0,0.0,0.0,0.0,0.6774699406737321,1.2364601418742276,0.0,0.030792946115177765,0.0,0.1473188314603273,0.0,-0.12245975573827278,0.0,-0.22461562247688752,0.0,0.06952162115177848,0.0,0.13549904981650263,0.04800739424678894,0.06468095250683445,0.028041259631459144,0.06892995749933176,-0.11382433578364691,-0.13694878063387167,-0.10534365866485514,-0.14890272393660495,0.05355934647393722,0.06302798912957003,0.07616623397072896,0.09689433263419496
2015-07-20,0.0,0.0,0.0,0.0,0.0,0.0,0.0,0.0,0.0,0.0,0.0,0.0,0.6185618101023258,1.223676997362989,0.0,0.014025907134740724,0.0,0.07595604075713261,0.0,-0.0994266596343057,0.0,-0.2229967742022865,0.0,0.06000650393255539,0.0,0.07316499074185051,0.04796311113536803,0.06468095250683445,0.028041259631459144,0.06892995749933176,-0.08427923317625453,-0.13694878063387167,-0.09416026112581435,-0.14890272393660495,0.04480481446437648,0.06302798912957003,0.061282891670135134,0.09689433263419496
2015-07-27,0.0,0.0,0.0,0.0,0.0,0.0,0.0,0.0,0.0,0.0,0.0,0.0,0.5058393853287823,1.2973253479196687,0.0,0.012272536062249718,0.0,0.0032164791593409956,0.0,-0.07725352146294415,0.0,-0.14273175563523827,0.0,0.04089683518467817,0.0,0.060185154819553104,0.016424914759956822,0.06468095250683445,0.02018953269327365,0.06892995749933176,-0.07540798868249471,-0.13694878063387167,-0.0739287480019981,-0.14890272393660495,0.04479572109702769,0.06302798912957003,0.061282891670135134,0.09689433263419496
2015-08-03,0.0,0.0774251833314714,0.0,0.006637715100728432,0.0,-0.10565891090080654,0.0,-0.012904903193626603,0.0,0.03725840750515176,0.0,0.11926953299628953,0.23896411593473074,1.141708896824571,0.0,0.01935629583286785,0.0,0.0016594287751821636,0.0,-0.026414727725201606,0.0,-0.003226225798406651,0.0,0.009314601876287954,0.0,0.02981738324907244,0.015389693559411128,0.07063673584002456,0.00032012950671427465,0.06944055096861856,-0.06736986913509194,-0.14507638916470295,-0.0739287480019981,-0.14989540879765315,0.02467825443418133,0.06589402047612017,0.05304720143434546,0.10606891209544801
2015-08-10,0.0,0.05561824534948621,0.0,0.5710638299695591,0.0,-0.034103269915269,0.0,-0.0009020003875054086,0.0,0.06039788750550188,0.0,0.022484962515294145,0.02449051450086382,0.9047320027927974,0.0,0.033260857170239404,0.0,0.14442538626757193,0.0,-0.034940545204018854,0.0,-0.003451725895283003,0.0,0.024414073752663426,0.0,0.035438623877895974,0.01187224383308501,0.07139761267904353,0.00032012950671427465,0.11336853788935387,-0.04402479878035037,-0.12435464726498206,-0.0739287480019981,-0.14996479344284588,0.004942777409761878,0.05080453479827778,0.02413515779101877,0.0788864809532978
2015-08-17,0.0,0.06384870580374812,0.0,0.0023596171182398104,0.0,-0.20950636084730165,0.0,-0.6443798250916536,0.0,0.1243173706834826,0.0,0.46748917537851475,0.1876969506336031,0.8305021989787692,0.0,0.04922303362117643,0.0,0.1450152905471319,0.0,-0.08731713541584427,0.0,-0.1645466821681964,0.0,0.05549341642353407,0.0,0.15231091772252467,0.005911399469117613,0.07034820722305676,0.00032012950671427465,0.11355004689844925,-0.028220843835343675,-0.12466656623130624,0.0,-0.1256037242940519,0.0028651588647878668,0.05828979092126397,0.024092717340350393,0.1148047463009767
2015-08-24,0.0,0.08871372952359476,0.0,0.0,0.0,-0.17879000845197024,0.0,-0.4584665041098949,0.0,0.02201972454842859,0.0,0.10463673676832604,0.022198859876292117,0.6385345065940246,0.0,0.07140146600207511,0.0,0.1450152905471319,0.0,-0.13201463752883683,0.0,-0.27916330819567015,0.0,0.06099834756064122,0.0,0.1784701019146062,0.0,0.07126094079421567,0.0,0.11322991739173498,0.0,-0.11019879996919106,0.0,-0.16087037845635152,0.0,0.05711845702173986,0.0,0.09876100871203602
2015-08-31,0.1292788888758863,0.1292788888758863,0.9804412056358014,0.9804412056358014,-0.03488391222489356,-0.03488391222489356,-0.15472556410624722,-0.15472556410624722,0.14293921269333226,0.14293921269333226,0.5733969608024462,0.5733969608024462,-0.020728443458219246,0.5498839756013888,0.03231972221897157,0.08436489238817883,0.24511030140895035,0.3884661631809001,-0.008720978056223445,-0.11432088785985858,-0.038681391026561804,-0.3146184734238253,0.03573480317333311,0.08741854885768635,0.14334924020061154,0.29200195886614533,0.009944529913529714,0.07752527980882117,0.07541855427967703,0.188648471671412,-0.002683377863453359,-0.09684341462004044,-0.011901966469711324,-0.17193177552702446,0.010995324053333264,0.05628326757676561,0.04410745852326511,0.1426627253845214
2015-09-07,0.18812438848111387,0.18812438848111387,0.16807531279675514,0.16807531279675514,0.0,0.0,0.0,0.0,0.06041338192213576,0.06041338192213576,0.0,0.0,0.09820770182296913,0.4343384991540861,0.07935081933925003,0.11749142817108577,0.28712912960813913,0.28771903388769915,-0.008720978056223445,-0.10579507038104133,-0.038681391026561804,-0.31439297332694893,0.050838148653867044,0.08742242246184481,0.14334924020061154,0.2863807182373218,0.02441563671976924,0.07176289241704334,0.08834742449481205,0.17998602450571768,-0.002683377863453359,-0.09680417658293947,-0.011901966469711324,-0.17193160536140908,0.015642507278112935,0.057750181884942325,0.04410745852326511,0.1407165893999168
2015-09-14,0.18875228224813165,0.18875228224813165,0.007229167498501604,0.007229167498501604,-0.08609307644169109,-0.08609307644169109,-0.06099059154405502,-0.06099059154405502,0.2032460656807343,0.2032460656807343,0.6073057503742427,0.6073057503742427,-0.06515521622154623,0.27443645288382784,0.12653888990128295,0.14871732228218165,0.28893642148276455,0.2889364214827646,-0.03024424716664622,-0.0749417492796387,-0.053929038912575555,-0.1685456649400493,0.10164966507405063,0.10715459621115775,0.2951756777941722,0.32133486198625383,0.0389350430465486,0.07037947754416486,0.08890351430238909,0.17885247492006878,-0.009305922205121905,-0.0876057355180787,-0.016593550434638633,-0.171602452180041,0.031276820022784806,0.071436810395837,0.09082328547512994,0.187429178315471
2015-09-21,0.3679918052544566,0.0,0.12521381334520237,0.0,-0.06873793559658609,0.0,-0.0004390301516588975,0.0,0.16899120454387648,0.0,0.0508474737986747,0.0,-0.13492051797917695,0.1482331841691725,0.2185368412148971,0.12653888990128292,0.32023987481906513,0.2889364214827646,-0.04742873106579274,-0.030244247166646136,-0.054038796450490284,-0.053929038912575555,0.14389746621001975,0.1016496650740506,0.3078875462438409,0.2951756777941723,0.06724210498919911,0.06522038862710731,0.09853534609817388,0.15689469316523968,-0.014593455712551604,-0.08051862902455038,-0.01662732198476624,-0.17110434501862531,0.044276143449236846,0.06850908202069143,0.09473462961348952,0.16824946783096273
2015-09-28,0.13865807561178653,0.0,0.04794929917472629,0.0,-0.03229396263297218,0.0,0.0,0.0,0.004461924864453126,0.0,0.4562994337529711,0.0,-0.0065380160528709175,0.11124076823778947,0.22088163789887216,0.09421916768231138,0.08711689820379635,0.04382612007381424,-0.046781243667812396,-0.021523269110422745,-0.01535740542392848,-0.015247647886013755,0.10927814425279997,0.06591486190071753,0.2786131644814721,0.15182643759356074,0.07790811080549037,0.06468088983557162,0.10222375372699899,0.1345132895966884,-0.017077606684318694,-0.07369612497182375,-0.01662732198476624,-0.1464074162287643,0.04461936843881016,0.06262918394442152,0.12983458605602577,0.1642556721625635
2015-10-05,0.4296663672066085,0.0,0.09589310275520357,0.0,-0.00030029678690158076,0.0,0.0,0.0,1.9351815264434343e-06,0.0,0.0,0.0,-0.44479392525630546,-0.13459146927188848,0.2812671325802458,0.04718807056203291,0.06907134569340846,0.0018072918746254564,-0.04685631786453779,-0.021523269110422745,-0.01535740542392848,-0.015247647886013755,0.09417528256764764,0.0508115164201836,0.2786131644814721,0.15182643759356074,0.11095936982138334,0.06090472489334094,0.10960014624663003,0.13352360370150657,-0.01710070643715728,-0.04992581067553324,-0.01662732198476624,-0.10248995295638329,0.04461951729892758,0.05004554234913594,0.12983458605602577,0.14573716298731643
2015-10-12,0.20474785171088777,0.0,0.7726203744976078,0.0,-0.0040374787105533876,0.0,0.0,0.0,0.07646099983931624,0.0,0.0,0.0,-0.7545514500473737,-0.3730572560686829,0.28526602494593484,0.0,0.260419147443185,0.0,-0.02634241843175336,0.0,-0.00010975753791472437,0.0,0.06247901610729312,0.0,0.12678672688791146,0.0,0.1267092045683747,0.06090472489334094,0.169032482746446,0.13352360370150657,-0.01741128172258446,-0.04992581067553324,-0.01662732198476624,-0.10248995295638329,0.050501132671182676,0.05004554234913594,0.12983458605602577,0.14573716298731643
2015-10-19,0.7580993976874958,0.0,0.11491324625093088,0.0,-0.033812697472579784,0.0,-0.0001892264219773256,0.0,0.0958968688281605,0.0,0.006506285375915462,0.0,-0.4806327820563599,-0.31273930135921074,0.38279292305419466,0.0,0.2578440056696171,0.0,-0.017611108900751786,0.0,-4.73066054943314e-05,0.0,0.04420543217836412,0.0,0.11570142978222164,0.0,0.18502454285202824,0.06090472489334094,0.17787196322728688,0.13352360370150657,-0.020012258451244443,-0.04992581067553324,-0.01664187786337988,-0.10248995295638329,0.05787781488873348,0.05004554234913594,0.1303350695464808,0.14573716298731643
2015-10-26,0.14166333750664012,0.0,0.0,0.0,-9.922827698796822e-08,0.0,0.0,0.0,0.1349750199140748,0.0,0.2735421202141278,0.0,0.05434982150272011,-0.09331308665107872,0.38354423852790803,0.0,0.24585668087593557,0.0,-0.009537643049577991,0.0,-4.73066054943314e-05,0.0,0.07683370594076953,0.0,0.07001210139751082,0.0,0.1959217226602313,0.06090472489334094,0.17787196322728688,0.13352360370150657,-0.020012266084188827,-0.04992581067553324,-0.01664187786337988,-0.10248995295638329,0.0682605087282777,0.05004554234913594,0.15137677110141373,0.14573716298731643
2015-11-02,0.21210541805944536,0.0,0.417978472339812,0.0,-0.016132235007053682,0.0,0.0,0.0,0.027391715809922824,0.0,0.010444392970921763,0.0,0.09643657540100023,-0.1545397208100969,0.32915400124111727,0.0,0.32637802327208765,0.0,-0.013495627604616015,0.0,-4.73066054943314e-05,0.0,0.08368115109786863,0.0,0.07262319964024126,0.0,0.21223752404941942,0.05494894156015084,0.2100241534072724,0.13301301023221976,-0.021253207238577574,-0.04179820214470197,-0.01664187786337988,-0.10149726809533509,0.07036756379057946,0.0471795110025858,0.15218018594533078,0.13656258352606337
2015-11-09,0.5946645293680826,0.0,0.0009742109456709943,0.0,-0.021192147689389283,0.0,0.0,0.0,0.3604197626511423,0.0,0.05395214858048718,0.0,0.2885932529442227,-0.13117653594887213,0.42663317065541595,0.0,0.13346648238410347,0.0,-0.01778429484932499,0.0,-4.73066054943314e-05,0.0,0.15467084180082513,0.0,0.08611123678536306,0.0,0.25798094938542576,0.05067061499480574,0.21009909271078556,0.08908502331148446,-0.02288337244545367,-0.039174873689681276,-0.01664187786337988,-0.10142788345014238,0.0980921609175904,0.04253351965600874,0.15633035122075287,0.1348329710248869
2015-11-16,0.17834939051717896,0.0,0.1382649332709956,0.0,-0.09324162568816542,0.0,0.0,0.0,0.13052390032660163,0.0,1.2014588292003003,0.0,0.5379716872587067,-0.10653057373185573,0.28169566886283676,0.0,0.13930440413911965,0.0,-0.0326415269032214,0.0,0.0,0.0,0.16332759967543542,0.0,0.38484937274145925,0.0,0.2717001332713626,0.04575917608682512,0.22073485680855442,0.08890351430238909,-0.030055805190697168,-0.023058999778350377,-0.01664187786337988,-0.051860204596938256,0.1081324609427136,0.03297064498804853,0.24875026115923748,0.09887226522653961
2015-11-23,0.11095427410031537,0.0,0.0358518070779559,0.0,-0.10968186470369481,0.0,-0.23897011038677343,0.0,0.23002387999708307,0.0,0.1929077677260515,0.0,0.4356603582830935,0.053230007164067665,0.2740184030112556,0.0,0.14826735590860862,0.0,-0.060061968272075855,0.0,-0.05974252759669336,0.0,0.1870898146961875,0.0,0.3646907846194402,0.0,0.2802350774329253,0.038935043046548594,0.22349268812224338,0.08890351430238909,-0.038492871706366,-0.009305922205121896,-0.03502419404697784,-0.01659355043463864,0.12582660555787384,0.0312768200227848,0.26358932021508763,0.09082328547512991
2015-11-30,0.0,0.0,0.0,0.0,0.0,0.0,0.0,0.0,0.0,0.0,0.0,0.0,0.16956306062138757,0.023826471164025496,0.22099204849639423,0.0,0.04377273782365562,0.0,-0.056028909520312434,0.0,-0.05974252759669336,0.0,0.18024188574370678,0.0,0.3620796863767098,0.0,0.27029054751939563,0.028990513133018887,0.14807413384256632,0.013484960022712048,-0.03580949384291265,-0.006622544341668545,-0.02312222757726651,-0.004691583964927318,0.1148312815045406,0.020281495969451543,0.21948186169182252,0.046715826951864825
2015-12-07,0.0,0.0,0.0,0.0,0.0,0.0,0.0,0.0,0.0,0.0,0.0,0.0,0.30562479210946136,0.04225702056964199,0.07232591615437359,0.0,0.043529185087237875,0.0,-0.05073087259796511,0.0,-0.05974252759669336,0.0,0.09013694508092121,0.0,0.34859164923158803,0.0,0.2558194407131561,0.014519406326779357,0.13514526362743132,0.0005560898075770379,-0.03580949384291265,-0.006622544341668545,-0.02312222757726651,-0.004691583964927318,0.11018409827976092,0.01563431274467187,0.21948186169182252,0.046715826951864825
2015-12-14,0.0,0.0,0.0,0.0,0.0,0.0,0.0,0.0,0.0,0.0,0.0,0.0,0.21748841511726913,0.10684431323124119,0.027738568525078843,0.0,0.008962951769488975,0.0,-0.02742046617592376,0.0,-0.05974252759669336,0.0,0.05750596999927081,0.0,0.04822694193151293,0.0,0.24130003438637673,0.0,0.13458917381985425,0.0,-0.029186949501244102,0.0,-0.018430643612339207,0.0,0.09454978553508904,0.0,0.17276603473995772,0.0
2015-12-21,0.0,0.0,0.0,0.0,0.0,0.0,0.0,0.0,0.0,0.0,0.0,0.0,0.5617355326534891,0.34561489313147625,0.0,0.0,0.0,0.0,0.0,0.0,0.0,0.0,0.0,0.0,0.0,0.0,0.21299297244372623,0.0,0.12495734202406947,0.0,-0.0238994159938144,0.0,-0.0183968720622116,0.0,0.081550462108637,0.0,0.16885469060159813,0.0
2015-12-28,0.0,0.0,0.0,0.0,0.0,0.0,0.0,0.0,0.0,0.0,0.0,0.0,0.47607912600257435,0.31494330315057484,0.0,0.0,0.0,0.0,0.0,0.0,0.0,0.0,0.0,0.0,0.0,0.0,0.20232696662743493,0.0,0.12126893439524436,0.0,-0.02141526502204731,0.0,-0.0183968720622116,0.0,0.08120723711906369,0.0,0.13375473415906186,0.0
2016-01-04,0.0,0.0,0.0,0.0,0.0,0.0,0.0,0.0,0.0,0.0,0.0,0.0,0.4953455393752733,0.3552253071986671,0.0,0.0,0.0,0.0,0.0,0.0,0.0,0.0,0.0,0.0,0.0,0.0,0.16927570761154198,0.0,0.11389254187561332,0.0,-0.02139216526920873,0.0,-0.0183968720622116,0.0,0.08120708825894626,0.0,0.13375473415906186,0.0
2016-01-11,0.0,0.0,0.0,0.0,0.0,0.0,0.0,0.0,0.0,0.0,0.0,0.0,0.01120002614339108,0.4203524912140224,0.0,0.0,0.0,0.0,0.0,0.0,0.0,0.0,0.0,0.0,0.0,0.0,0.1535258728645506,0.0,0.054460205375797335,0.0,-0.021081589983781544,0.0,-0.0183968720622116,0.0,0.07532547288669117,0.0,0.13375473415906186,0.0
2016-01-18,0.0,0.0,0.0,0.0,0.0,0.0,0.0,0.0,0.0,0.0,0.0,0.0,-0.19929887988757417,0.28430007633176474,0.0,0.0,0.0,0.0,0.0,0.0,0.0,0.0,0.0,0.0,0.0,0.0,0.09521053458089711,0.0,0.0456207248949565,0.0,-0.018480613255121563,0.0,-0.018382316183597956,0.0,0.06794879066914036,0.0,0.13325425066860683,0.0
2016-01-25,0.0,0.0,0.0,0.0,0.0,0.0,0.0,0.0,0.0,0.0,0.0,0.0,-0.9786262441051666,0.03530124862249506,0.0,0.0,0.0,0.0,0.0,0.0,0.0,0.0,0.0,0.0,0.0,0.0,0.08431335477269403,0.0,0.0456207248949565,0.0,-0.01848060562217718,0.0,-0.018382316183597956,0.0,0.05756609682959615,0.0,0.11221254911367393,0.0
2016-02-01,0.0,0.0,0.0,0.0,0.0,0.0,0.0,0.0,0.0,0.0,0.0,0.0,-0.7565646127552802,0.01612344907207828,0.0,0.0,0.0,0.0,0.0,0.0,0.0,0.0,0.0,0.0,0.0,0.0,0.06799755338350591,0.0,0.01346853471497096,0.0,-0.01723966446778843,0.0,-0.018382316183597956,0.0,0.055459041767294395,0.0,0.11140913426975686,0.0
2016-02-08,0.0,0.0,0.0,0.0,0.0,0.0,0.0,0.0,0.0,0.0,0.0,0.0,-0.876375406599747,-0.037477944137948596,0.0,0.0,0.0,0.0,0.0,0.0,0.0,0.0,0.0,0.0,0.0,0.0,0.022254128047499565,0.0,0.013393595411457808,0.0,-0.015609499260912336,0.0,-0.018382316183597956,0.0,0.027734444640283448,0.0,0.10725896899433478,0.0
2016-02-15,0.0,0.0,0.0,0.0,0.0,0.0,0.0,0.0,0.0,0.0,0.0,0.0,-0.8934543167998708,-0.22919866885128512,0.0,0.0,0.0,0.0,0.0,0.0,0.0,0.0,0.0,0.0,0.0,0.0,0.00853494416156272,0.0,0.002757831313688915,0.0,-0.008437066515668841,0.0,-0.018382316183597956,0.0,0.017694144615160248,0.0,0.014839059055850133,0.0
2016-02-22,0.0,0.0,0.0,0.0,0.0,0.0,0.0,0.0,0.0,0.0,0.0,0.0,-0.6926758879876876,-0.36202809656500334,0.0,0.0,0.0,0.0,0.0,0.0,0.0,0.0,0.0,0.0,0.0,0.0,0.0,0.0,0.0,0.0,0.0,0.0,0.0,0.0,0.0,0.0,0.0,0.0
2016-02-29,0.0,0.0,0.0,0.0,0.0,0.0,0.0,0.0,0.0,0.0,0.0,0.0,-1.1384989638279863,-0.4160837406581574,0.0,0.0,0.0,0.0,0.0,0.0,0.0,0.0,0.0,0.0,0.0,0.0,0.0,0.0,0.0,0.0,0.0,0.0,0.0,0.0,0.0,0.0,0.0,0.0
2016-03-07,0.0,0.0,0.0,0.0,0.0,0.0,0.0,0.0,0.0,0.0,0.0,0.0,-0.565084750946865,-0.4340033032086322,0.0,0.0,0.0,0.0,0.0,0.0,0.0,0.0,0.0,0.0,0.0,0.0,0.0,0.0,0.0,0.0,0.0,0.0,0.0,0.0,0.0,0.0,0.0,0.0
2016-03-14,0.0,0.0,0.0,0.0,0.0,0.0,0.0,0.0,0.0,0.0,0.0,0.0,-0.43116965575250304,-0.5547658239184209,0.0,0.0,0.0,0.0,0.0,0.0,0.0,0.0,0.0,0.0,0.0,0.0,0.0,0.0,0.0,0.0,0.0,0.0,0.0,0.0,0.0,0.0,0.0,0.0
2016-03-21,0.0,0.0,0.0,0.0,0.0,0.0,0.0,0.0,0.0,0.0,0.0,0.0,-0.2951546009274367,-0.7740611665070932,0.0,0.0,0.0,0.0,0.0,0.0,0.0,0.0,0.0,0.0,0.0,0.0,0.0,0.0,0.0,0.0,0.0,0.0,0.0,0.0,0.0,0.0,0.0,0.0
2016-03-28,0.0,0.0,0.0,0.0,0.0,0.0,0.0,0.0,0.0,0.0,0.0,0.0,-0.057998457610861705,-0.7733239990572913,0.0,0.0,0.0,0.0,0.0,0.0,0.0,0.0,0.0,0.0,0.0,0.0,0.0,0.0,0.0,0.0,0.0,0.0,0.0,0.0,0.0,0.0,0.0,0.0
2016-04-04,0.05321613062532325,0.0,0.8686596223118379,0.0,-0.08855510525326836,0.0,-0.2162339210373842,0.0,0.08370537586681662,0.0,0.5950869332227587,0.0,-0.2652392718834132,-0.8267164162459378,0.013304032656330813,0.0,0.21716490557795948,0.0,-0.022138776313317145,0.0,-0.05405848025934605,0.0,0.020926343966704196,0.0,0.14877173330568974,0.0,0.00409354850964025,0.0,0.06681997094706446,0.0,-0.006811931173328344,0.0,-0.016633378541337247,0.0,0.006438875066678214,0.0,0.04577591794021223,0.0
2016-04-11,0.15094385652171022,0.0,0.0,0.0,-0.09764644400823029,0.0,-0.026840347086475015,0.0,0.005320515189902092,0.0,0.006129500732507445,0.0,0.0836673754763642,-0.4897666621452215,0.05103999678675837,0.0,0.21716490557795948,0.0,-0.04655038731537472,0.0,-0.0607685670309648,0.0,0.02225647276417972,0.0,0.1503041084888166,0.0,0.015704614395925652,0.0,0.06681997094706446,0.0,-0.014323196097038367,0.0,-0.018698020624912246,0.0,0.006848145465901452,0.0,0.04624741799655895,0.0
2016-04-18,0.2178264040562986,0.0,0.7069154936896985,0.0,0.0,0.0,0.0,0.0,0.0,0.0,0.0,0.0,0.33991614695229333,-0.27534241570199214,0.10549659780083302,0.0,0.39389377900038414,0.0,-0.04655038731537472,0.0,-0.0607685670309648,0.0,0.02225647276417972,0.0,0.1503041084888166,0.0,0.032460491631025545,0.0,0.12119808584627204,0.0,-0.014323196097038367,0.0,-0.018698020624912246,0.0,0.006848145465901452,0.0,0.04624741799655895,0.0
2016-04-25,0.01984989029952466,0.0,0.0685285433501322,0.0,-0.04274564969775665,0.0,-0.006175039888527494,0.0,0.03311917278411222,0.0,0.026692449334053712,0.0,0.702311005002041,0.10962107154009212,0.11045907037571419,0.0,0.4110259148379172,0.0,-0.05723679973981388,0.0,-0.062312327003096676,0.0,0.030536265960207774,0.0,0.15697722082233004,0.0,0.03398740626945052,0.0,0.12646951225782066,0.0,-0.0176113229968658,0.0,-0.019173023693260516,0.0,0.009395774141602392,0.0,0.048300683329947705,0.0
2016-05-02,0.015184184192749237,0.0,0.6866815170811479,0.0,-0.06218018494441993,0.0,-0.000605568338633645,0.0,0.02427356598843382,0.0,0.0,0.0,0.7179183152175005,0.0691013139758431,0.10095108376757068,0.0,0.36553138853024464,0.0,-0.05064306966260177,0.0,-0.008405238828409038,0.0,0.015678313490612075,0.0,0.008205487516640344,0.0,0.03515542043812354,0.0,0.17929116741790896,0.0,-0.022394414146436562,0.0,-0.019219605873155413,0.0,0.011262971525328071,0.0,0.048300683329947705,0.0
2016-05-09,0.01131742667202256,0.0,4.728525595470491e-06,0.0,-0.04353140681472059,0.0,0.0,0.0,0.184139693577533,0.0,0.2766992892433148,0.0,0.8606315251441822,0.2449779558990023,0.06604447630514877,0.0,0.3655325706616435,0.0,-0.03711431036422435,0.0,-0.0016951520567902848,0.0,0.0603831080875198,0.0,0.0758479346443422,0.0,0.03602599172058681,0.0,0.17929153115064708,0.0,-0.02574298390141507,0.0,-0.019219605873155413,0.0,0.025427563338984455,0.0,0.06958524404097191,0.0
2016-05-16,0.13017177212970316,0.13017177212970316,0.0,0.0,-0.28324690602934455,-0.28324690602934455,-0.27779808398473993,-0.27779808398473993,0.005912578475330683,0.005912578475330683,0.011487396699801712,0.011487396699801712,0.6763183170835497,0.35010412171526506,0.0441308183234999,0.03254294303242579,0.1888036972392189,0.0,-0.1079260368715605,-0.07081172650733611,-0.07114467305297527,-0.06944952099618498,0.06186125270635247,0.0014781446188326846,0.07871978381929261,0.0028718491749504835,0.04603920496133321,0.010013213240746397,0.17929153115064708,0.0,-0.04753120744213389,-0.021788223540718812,-0.04058868925659694,-0.021369083383441543,0.025882377067856045,0.000454813728871591,0.07046888994095667,0.0008836458999847471
2016-05-23,0.23106344568763987,0.23106344568763987,0.05031209715657367,0.05031209715657367,-0.03909568786384992,-0.03909568786384992,0.0,0.0,0.0035814082474645206,0.0035814082474645206,0.09367198810636874,0.09367198810636874,0.6704328563723602,0.5398093723100593,0.0969342071705287,0.09030880445433576,0.18424958569082922,0.012578024289143473,-0.10701354641308382,-0.08058564847329859,-0.0696009130808434,-0.06944952099618498,0.05447681157219054,0.0023734966806988147,0.09546466851237137,0.02628984620154267,0.06381331616807474,0.027787324447487924,0.18316169247038352,0.003870161319736428,-0.050538568047045415,-0.024795584145630344,-0.04058868925659694,-0.021369083383441543,0.026157870009968703,0.0007303066709842464,0.07767442748760042,0.008089183446628496
2016-05-30,0.09791148324124496,0.09791148324124496,0.16475473266752783,0.16475473266752783,-0.022786308164332362,-0.022786308164332362,0.0,0.0,0.0001171879176133344,0.0001171879176133344,0.2573298542506227,0.2573298542506227,0.7594335879026635,0.6573236476118163,0.11761603193265263,0.114786675264647,0.05376788958742424,0.05376670745602543,-0.09716507721806192,-0.08628222551438168,-0.06944952099618498,-0.06944952099618498,0.048437717054485414,0.002402793660102148,0.15979713207502705,0.09062230976419836,0.07134496872509358,0.03531897700450677,0.19583513344480874,0.016543602294161644,-0.05229136098276329,-0.026548377081348218,-0.04058868925659694,-0.021369083383441543,0.02616688446516973,0.0007393211261852721,0.09746903166072524,0.027883787619753322
2016-06-06,0.0,0.28751878056560787,0.0,0.29434761374864177,0.0,-0.015713749580985797,0.0,0.0,0.0,0.04419361673669689,0.0,0.22160551645961457,0.5443725101032366,0.5210912197029152,0.11478667526464699,0.18666637040604897,0.053766707456025374,0.12735361089318586,-0.08628222551438178,-0.09021066290962813,-0.06944952099618498,-0.06944952099618498,0.002402793660102169,0.01345119784427637,0.09062230976419836,0.146023688879102,0.07134496872509358,0.0574358062787843,0.19583513344480874,0.039185726428672546,-0.05229136098276329,-0.027757127049116356,-0.04058868925659694,-0.021369083383441543,0.02616688446516973,0.004138830105931187,0.09746903166072524,0.044930365808954445
2016-06-13,0.0,0.35872852570944586,0.0,0.17787913082319481,0.0,-0.07062104715265696,0.0,-0.16048408116761154,0.0,0.05243396380010616,0.0,0.023442357277538857,0.6608142814945419,0.6569711141673544,0.0822437322322212,0.24380555880098465,0.053766707456025374,0.17182339359898458,-0.01547049900704564,-0.03705419819045623,0.0,-0.040121020291902884,0.0009246490412694984,0.02508154417547024,0.08775046058924793,0.14901242902353629,0.07134496872509358,0.08503030825643397,0.19583513344480874,0.05286873649199523,-0.05229136098276329,-0.03318951529162843,-0.04058868925659694,-0.033714012704027047,0.02616688446516973,0.008172211936708584,0.09746903166072524,0.046733624061072815
2016-06-20,0.0,0.35543976445207326,0.0,0.6190958587760569,0.0,-0.007416460572238688,0.0,-0.0001260173317987362,0.0,0.04709637445130473,0.0,0.39642661883445396,0.36528599042419574,0.6304127684833951,0.02447787081031124,0.274899638492093,0.041188683166881956,0.3140193340038554,-0.00569657704108316,-0.02913439136755342,0.0,-0.04015252462485257,2.9296979403368294e-05,0.03596028572643029,0.06433246356265573,0.22470108670555758,0.07134496872509358,0.11237182859890114,0.19583513344480874,0.10049149485938423,-0.05229136098276329,-0.033760012258723715,-0.04058868925659694,-0.03372370634493464,0.02616688446516973,0.011795009971424332,0.09746903166072524,0.07722797935603082
2016-06-27,0.0,0.1808762187250031,0.0,0.030133250300999528,0.0,-0.10413658628573473,0.0,-0.47372445396757557,0.0,0.051511738219144475,0.0,0.00913841698326465,0.3468999658448132,0.6945768842387703,0.0,0.2956408223630326,0.0,0.2803639634122233,0.0,-0.04947196089790401,0.0,-0.15858363811674647,0.0,0.04880892330181308,0.0,0.16265322738871807,0.07134496872509358,0.12628538388543983,0.19583513344480874,0.10280943719023034,-0.05229136098276329,-0.041770518896087926,-0.04058868925659694,-0.07016404895782508,0.02616688446516973,0.015757451372896983,0.09746903166072524,0.07793093450858962
2016-07-04,0.0,0.09983969386488283,0.0,0.016608364081625925,0.0,-0.15999391067356916,0.0,0.0,0.0,0.058958707021240495,0.0,0.6390291751959634,0.6053882251077441,0.8199862586712695,0.0,0.24872105068785125,0.0,0.21092915099546936,0.0,-0.08554200117104985,0.0,-0.15858363811674647,0.0,0.052500195872948976,0.0,0.26700914207280524,0.06725142021545333,0.13396536033658468,0.12901516249774428,0.10408700365804771,-0.04547942980943495,-0.05407774279405478,-0.023955310715259696,-0.07016404895782508,0.019728009398491526,0.02029273652837702,0.05169311372051303,0.1270870249082791
2016-07-11,0.0,0.07425504691679174,0.0,0.016662235429382975,0.0,-0.05005543959870552,0.0,-0.36888982938088943,0.0,0.1122224377133845,0.0,1.5295246298551093,0.6121372796156669,0.7828817892493515,0.0,0.17760268098968773,0.0,0.17062492714701638,0.0,-0.080400599282562,0.0,-0.21068507517006593,0.0,0.06744731435126856,0.0,0.6435297102171978,0.05564035432916792,0.13967728702249174,0.12901516249774428,0.10536871407569257,-0.03796816488572493,-0.05792816122472444,-0.021890668631684693,-0.09854018967943194,0.019318738999268288,0.02892523173709891,0.051221613664166304,0.24474276566636444
2016-07-18,0.0,0.0,0.0,0.0,0.0,0.0,0.0,0.0,0.0,0.0,0.0,0.0,0.5356339319344204,0.712981230305865,0.0,0.08874273987666942,0.0,0.015850962453002163,0.0,-0.07854648413950233,0.0,-0.21065357083711625,0.0,0.055673220738442386,0.0,0.5444230555085844,0.03888447709406803,0.13967728702249174,0.07463704759853669,0.10536871407569257,-0.03796816488572493,-0.05792816122472444,-0.021890668631684693,-0.09854018967943194,0.019318738999268288,0.02892523173709891,0.051221613664166304,0.24474276566636444
2016-07-25,0.0,0.0,0.0,0.0,0.0,0.0,0.0,0.0,0.0,0.0,0.0,0.0,0.6806323485955373,0.6152635364970341,0.0,0.043523685195418646,0.0,0.00831764987775228,0.0,-0.05251233756806864,0.0,-0.09222245734522236,0.0,0.04279528618365626,0.0,0.5421384512627682,0.03735756245564306,0.13967728702249174,0.06936562118698805,0.10536871407569257,-0.0346800379858975,-0.05792816122472444,-0.021415665563336427,-0.09854018967943194,0.01677111032356735,0.02892523173709891,0.04916834833077755,0.24474276566636444
2016-08-01,0.0,0.0,0.0,0.0,0.0,0.0,0.0,0.0,0.0,0.0,0.0,0.0,0.4498520198143837,0.6470215804441101,0.0,0.018563761729197936,0.0,0.004165558857345799,0.0,-0.012513859899676346,0.0,-0.09222245734522236,0.0,0.02805560942834614,0.0,0.3823811574637773,0.03618954828697004,0.13967728702249174,0.016543966026899767,0.10536871407569257,-0.029896946836326734,-0.05792816122472444,-0.02136908338344153,-0.09854018967943194,0.014903912939841668,0.02892523173709891,0.04916834833077755,0.24474276566636444
2016-08-08,0.0,0.18010789661953133,0.0,0.17929104593347803,0.0,-0.04734612576697567,0.0,-0.1365767220278666,0.0,0.17526343716685958,0.0,0.15530454996574525,0.3501975392928893,0.6539635127651121,0.0,0.04502697415488283,0.0,0.04482276148336956,0.0,-0.011836531441743884,0.0,-0.03414418050696665,0.0,0.04381585929171491,0.0,0.03882613749143631,0.035318977004506764,0.15353174060860952,0.016543602294161654,0.11916033299365242,-0.026548377081348225,-0.06157017089910718,-0.02136908338344153,-0.10904609137388323,0.0007393211261852849,0.042407034596088106,0.02788378761975334,0.2566892695098833
2016-08-15,0.0,0.17150027249107458,0.0,0.045451351268936964,0.0,-0.15717646695252185,0.0,-0.279550169040119,0.0,0.10499144156358269,0.0,0.2136782455090491,0.6047087622874338,0.6992191492374012,0.0,0.08790204227765147,0.0,0.0561855993006038,0.0,-0.051130648179874345,0.0,-0.1040317227669964,0.0,0.07006371968261058,0.0,0.09224569886869859,0.02530576376376037,0.15671085602102272,0.016543602294161654,0.12265659078357063,-0.004760153540629415,-0.05187244481627466,0.0,-0.10918086714737393,0.00028450739731369397,0.050028485602876725,0.027000141719768594,0.2722424117259793
2016-08-22,0.0,0.05292434546858577,0.0,0.03772499272387728,0.0,-0.3547645136082363,0.0,-0.0829331095009996,0.0,0.23471593088188303,0.0,0.0863273748408437,0.49408620598282116,0.5807144071833551,0.0,0.10113312864479793,0.0,0.06561684748157312,0.0,-0.13982177658193343,0.0,-0.1247650001422463,0.0,0.12874270240308133,0.0,0.11382754257890951,0.007531652557018843,0.14300784831186472,0.012673440974425217,0.12168835198105553,-0.0017527929357178825,-0.07615466218122748,0.0,-0.11556033710898926,9.014455201038533e-06,0.06780806426706275,0.01979460417312484,0.271677441474785
2016-08-29,0.0,0.008797911030008954,0.0,4.87623514799206e-06,0.0,-0.021073762108555757,0.0,0.0,0.0,0.06451202241357855,0.0,0.47658300027244693,0.5612126589123753,0.552006763687175,0.0,0.10333260640230016,0.0,0.06561806654036012,0.0,-0.14509021710907236,0.0,-0.1247650001422463,0.0,0.14487070800647597,0.0,0.23297329264702124,0.0,0.13615295814176964,0.0,0.10901528610164171,0.0,-0.07602292786924465,0.0,-0.11556033710898926,0.0,0.0727615130744447,0.0,0.28854306809184843
2016-09-05,0.026513578566203726,0.026513578566203726,0.21953536888343542,0.21953536888343542,-0.15554076927901317,-0.15554076927901317,-0.17013175960209562,-0.17013175960209562,0.09073030925485036,0.09073030925485036,0.8076621985641935,0.8076621985641935,0.6369812991653871,0.6746505514407918,0.006628394641550931,0.06493402688896825,0.054883842220858854,0.07567914727784947,-0.03888519231975336,-0.17213887798708172,-0.042532939900523904,-0.13315375953580355,0.022682577313712624,0.12373742602847368,0.20191554964104844,0.3960627047966333,0.002039506043554133,0.11607563491104625,0.01688733606795657,0.10326049803508737,-0.011964674559924098,-0.0867788524614006,-0.013087058430930427,-0.1286473955399197,0.006979254558065425,0.07634125865276419,0.0621278614280149,0.33362435133066215
2016-09-12,0.06937505713568728,0.06937505713568728,0.02059764045970543,0.02059764045970543,-0.2110219800414164,-0.2110219800414164,-0.07631648661846382,-0.07631648661846382,0.07973347625514327,0.07973347625514327,0.0996156476364886,0.0996156476364886,0.5528263920923293,0.6492439615712616,0.023972158925472754,0.039402723050121435,0.060033252335785214,0.06946571957554158,-0.09164068733010747,-0.18560025625930537,-0.06161206155513986,-0.08234533893038978,0.04261594637749844,0.11742293470136381,0.22681946155017058,0.3675470553284932,0.007376048900145463,0.09381767578998788,0.018471769949472375,0.09116192185328048,-0.028197134563109974,-0.0975789242220744,-0.01895755740158149,-0.12217296518998527,0.013112598885384139,0.07844122114930552,0.06979060355389864,0.33948383520442754
2016-09-19,0.5038531629878917,0.5038531629878917,0.012268400863461442,0.012268400863461442,-0.10913712991944381,-0.10913712991944381,0.0,0.0,0.08744240174742048,0.08744240174742048,0.42947992460316137,0.42947992460316137,0.5913736431863456,0.7002932581513573,0.14993544967244568,0.15213492742994794,0.06310035255165057,0.06310157161043763,-0.11892496980996842,-0.12419341033710725,-0.06161206155513986,-0.06161206155513988,0.06447654681435355,0.08060455241774818,0.33418944270096096,0.4533351927690726,0.04613398451459867,0.10523409106197393,0.01941549309281556,0.044482886629234684,-0.03659229840306719,-0.10540359109493634,-0.01895755740158149,-0.12216327154907768,0.01983893748133956,0.08154476171054517,0.10282752083106492,0.34202639718663586
2016-09-26,0.00479572149009207,0.0,0.0,0.0,-0.44326967395258954,0.0,0.0,0.0,0.0502007059893786,0.0,0.1375256704254088,0.0,0.5323851434794609,0.6410662622812112,0.1511343800449687,0.1499354496724457,0.06310035255165057,0.06310035255165063,-0.2297423882981158,-0.1189249698099683,-0.06161206155513986,-0.061612061555139874,0.07702672331169821,0.06447654681435354,0.3685708603073131,0.33418944270096085,0.04650288616768268,0.09132053577543522,0.01941549309281556,0.04216494429838857,-0.07068996563018946,-0.09739308445757212,-0.01895755740158149,-0.08572292893618724,0.023700530249753295,0.07758232030907254,0.11340641855609634,0.341323442034077
2016-10-03,0.01204276140070424,0.0,0.0,0.0,-0.25213504569613776,0.0,-0.04688663054752388,0.0,0.14143742886423943,0.0,0.37714697552963794,0.0,0.5238212316885029,0.6379064454499367,0.1475166757535938,0.14330705503089478,0.008216510330791718,0.008216510330791774,-0.253890957402397,-0.08003977749021501,-0.030800779291496924,-0.019079121654615977,0.08970350321404547,0.041793969500640946,0.26094205454867425,0.1322738930599125,0.04742925242927531,0.08364055932429039,0.01941549309281556,0.040887377830571184,-0.09008496914527699,-0.08508586055960528,-0.02256422128985256,-0.08572292893618724,0.034580332470079404,0.07304703515359248,0.1424177243660685,0.2921673516343875
2016-10-10,0.040096301438461164,0.0,0.0,0.0,-0.024721134384661465,0.0,-0.0350752821253881,0.0,0.08617086679401458,0.0,0.6863721070772174,0.0,0.39110351219392747,0.6336146702794664,0.1401969868292873,0.12596329074697293,0.0030671002158653604,0.003067100215865416,-0.20731574598820823,-0.02728428247986091,-0.020490478168227994,0.0,0.0913128508487633,0.021860600436855133,0.40763116940885646,0.10736998115079034,0.05051358330915694,0.07792863263838333,0.01941549309281556,0.03960566741292634,-0.09198659486717402,-0.08123544212893562,-0.02526231991488241,-0.057346788214580356,0.04120886068500361,0.0644145399448706,0.19521557875662368,0.17451161087630218
2016-10-17,0.3997759358026936,0.0,0.1375528269126094,0.0,-0.0022615301483565682,0.0,0.0,0.0,0.068688992201776,0.0,0.191167533205551,0.0,0.28186951604116744,0.648765859813743,0.11417768003298777,0.0,0.03438820672815235,0.0,-0.1805968460454364,0.0,-0.020490478168227994,0.0,0.08662449846235218,0.0,0.34805307155945386,0.0,0.08126557837090259,0.07792863263838333,0.0299964797784009,0.03960566741292634,-0.09216055872473991,-0.08123544212893562,-0.02526231991488241,-0.057346788214580356,0.046492629315909445,0.0644145399448706,0.20992077361858913,0.17451161087630218
2016-10-24,0.20785642101805923,0.0,0.49777797581065975,0.0,-0.03204913039131877,0.0,0.0,0.0,0.06511426211218008,0.0,0.022242180193226692,0.0,0.04694057257232709,0.5677345902990403,0.16494285491497956,0.0,0.15883270068081728,0.0,-0.07779171015511871,0.0,-0.020490478168227994,0.0,0.09035288749305256,0.0,0.3192321990014083,0.0,0.09725453383383023,0.07792863263838333,0.0682870933022978,0.03960566741292634,-0.09462587644714905,-0.08123544212893562,-0.02526231991488241,-0.057346788214580356,0.05150141870915407,0.0644145399448706,0.21163171055652968,0.17451161087630218
2016-10-31,0.289707226746733,0.0,1.2233460857889704,0.0,-0.00035799077793043836,0.0,0.0,0.0,0.034996088673529976,0.0,0.007141252251365956,0.0,-0.4185543919547811,0.49961667103483376,0.23435897125148675,0.0,0.4646692221280599,0.0,-0.01484744642556688,0.0,-0.008768820531347025,0.0,0.06374255244537519,0.0,0.22673076818184032,0.0,0.11953970512204046,0.07792863263838333,0.1623906383629878,0.03960566741292634,-0.09465341419929754,-0.08123544212893562,-0.02526231991488241,-0.057346788214580356,0.054193425530194836,0.0644145399448706,0.2121810376527886,0.17451161087630218
2016-11-07,0.10472399242754182,0.0,0.7151731051279799,0.0,-0.031239148771270188,0.0,0.0,0.0,0.022574779286185363,0.0,0.04665973886496166,0.0,-0.6196762460580116,0.2881395876015582,0.2505158939987569,0.0,0.6434624984100549,0.0,-0.016476950022219064,0.0,0.0,0.0,0.047843530568417884,0.0,0.06680267612877636,0.0,0.12759539684723598,0.06407417905226555,0.2174039541420632,0.025814048494966494,-0.0970564256432414,-0.07759343245455287,-0.02526231991488241,-0.046840886520129084,0.055929947013747566,0.05093273708588141,0.2157702483347087,0.16256510703278335
2016-11-14,0.43310706277772815,0.0,0.11677785870457148,0.0,-0.0006255405870540948,0.0,0.0,0.0,0.082623229746855,0.0,0.06962503748669016,0.0,-0.8356875781323585,0.06552451511992911,0.2588486757425156,0.0,0.6382687563580454,0.0,-0.016067952631893444,0.0,0.0,0.0,0.05132708995468764,0.0,0.03641705219906115,0.0,0.16091132475321507,0.05088185039910596,0.22638686635010716,0.022317790705048263,-0.09710454414993787,-0.06550293499666658,-0.02526231991488241,-0.025337027363196856,0.06228558007119795,0.0428564723502212,0.22112602044906948,0.1461283189167026
2016-11-21,0.0,0.0,0.0,0.0,-0.033787524137508365,0.0,-0.0007091410290989831,0.0,0.09525638915284579,0.0,0.22854738079075246,0.0,-0.9158861034630181,-0.033802664578464606,0.20688457048800074,0.0,0.5138242624053804,0.0,-0.01650255106844084,0.0,-0.00017728525727474579,0.0,0.05886262171485407,0.0,0.08799335234844258,0.0,0.16091132475321507,0.04681074690152243,0.22638686635010716,0.019415868187826937,-0.09970358446820773,-0.038213357026802244,-0.0253168692248131,-0.018957557401581508,0.06961299462141685,0.02480140074392251,0.2387065882022043,0.1394877516212531
2016-11-28,0.05863091259693136,0.0,0.0,0.0,-0.017628847494346428,0.0,-0.06574073476374512,0.0,0.21318607815575702,0.0,0.17795291553871528,0.0,-0.45793900704716556,-0.005642949564591458,0.14911549195055032,0.0,0.20798774095813785,0.0,-0.020820265247544836,0.0,-0.016612468948211025,0.0,0.10341011908541083,0.0,0.1306962681702799,0.0,0.16542139495297903,0.04613398451459867,0.22638686635010716,0.019415493092815553,-0.10105964966008055,-0.036592298403067186,-0.030373848822024267,-0.018957557401581504,0.08601192371032124,0.019838937481339546,0.2523952740128747,0.10282752083106488
2016-12-05,0.0,0.0,0.0,0.0,0.0,0.0,0.0,0.0,0.0,0.0,0.0,0.0,-0.2981008080661974,-0.14293785455170302,0.12293449384366488,0.0,0.02919446467614287,0.0,-0.013010478054727291,0.0,-0.016612468948211025,0.0,0.09776642426386449,0.0,0.11903133345403949,0.0,0.1633818889094249,0.044094478471044536,0.2094995302821506,0.0025281570248589817,-0.08909497510015646,-0.024627623843143095,-0.017286790391093834,-0.005870498970651074,0.07903266915225582,0.012859682923274133,0.19026741258485982,0.040699659403049995
2016-12-12,0.0,0.0,0.0,0.0,0.0,0.0,0.0,0.0,0.0,0.0,0.0,0.0,-0.10183821295923993,-0.2501075103481345,0.01465772814923284,0.0,0.0,0.0,-0.012854092907963768,0.0,-0.016612468948211025,0.0,0.07711061682715073,0.0,0.10162507408236696,0.0,0.15804534605283355,0.03875793561445321,0.20791509640063482,0.0009437231433431793,-0.07286251509697059,-0.008395163839957216,-0.011416291420442771,0.0,0.07289932482493712,0.006726338595955421,0.18260467045897608,0.03303691727716626
2016-12-19,0.0,0.0,0.0,0.0,0.0,0.0,0.0,0.0,0.0,0.0,0.0,0.0,-0.16013416611571965,-0.437186785749252,0.01465772814923284,0.0,0.0,0.0,-0.004407211873586676,0.0,-0.01643518369093628,0.0,0.05329651953893929,0.0,0.04448822888467884,0.0,0.11928741043838037,0.0,0.2069713732572916,0.0,-0.06446735125701336,0.0,-0.011416291420442771,0.0,0.0661729862289817,0.0,0.14956775318180984,0.0
2016-12-26,0.0,0.0,0.0,0.0,0.0,0.0,0.0,0.0,0.0,0.0,0.0,0.0,-0.2497634645438665,-0.42450558626340673,0.0,0.0,0.0,0.0,0.0,0.0,0.0,0.0,0.0,0.0,0.0,0.0,0.11891850878529635,0.0,0.2069713732572916,0.0,-0.030369684029891094,0.0,-0.011416291420442771,0.0,0.06231139346056795,0.0,0.1389888554567784,0.0
2017-01-02,0.0,0.0,0.0,0.0,0.0,0.0,0.0,0.0,0.0,0.0,0.0,0.0,-0.3819939010905852,-0.6158486854468508,0.0,0.0,0.0,0.0,0.0,0.0,0.0,0.0,0.0,0.0,0.0,0.0,0.11799214252370373,0.0,0.2069713732572916,0.0,-0.010974680514803572,0.0,-0.007809627532171704,0.0,0.051431591240241846,0.0,0.10997754964680623,0.0
2017-01-09,0.0,0.0,0.0,0.0,0.0,0.0,0.0,0.0,0.0,0.0,0.0,0.0,-0.17370666126462422,-0.5572660025621935,0.0,0.0,0.0,0.0,0.0,0.0,0.0,0.0,0.0,0.0,0.0,0.0,0.11490781164382209,0.0,0.2069713732572916,0.0,-0.009073054792906536,0.0,-0.005111528907141848,0.0,0.044803063025317655,0.0,0.05717969525625104,0.0
2017-01-16,0.0,0.0,0.0,0.0,0.0,0.0,0.0,0.0,0.0,0.0,0.0,0.0,0.16588634318350806,-0.4074263205371836,0.0,0.0,0.0,0.0,0.0,0.0,0.0,0.0,0.0,0.0,0.0,0.0,0.08415581658207644,0.0,0.19639038657170627,0.0,-0.008899090935340645,0.0,-0.005111528907141848,0.0,0.039519294394411805,0.0,0.04247450039428557,0.0
2017-01-23,0.0,0.0,0.0,0.0,0.0,0.0,0.0,0.0,0.0,0.0,0.0,0.0,-0.14982396518140792,-0.4904954714923757,0.0,0.0,0.0,0.0,0.0,0.0,0.0,0.0,0.0,0.0,0.0,0.0,0.0681668611191488,0.0,0.15809977304780937,0.0,-0.0064337732129315095,0.0,-0.005111528907141848,0.0,0.03451050500116718,0.0,0.040763563456345055,0.0
2017-01-30,0.0,0.0,0.0,0.0,0.0,0.0,0.0,0.0,0.0,0.0,0.0,0.0,-0.31877126952872387,-0.5366666737279739,0.0,0.0,0.0,0.0,0.0,0.0,0.0,0.0,0.0,0.0,0.0,0.0,0.04588168983093857,0.0,0.06399622798711933,0.0,-0.006406235460783014,0.0,-0.005111528907141848,0.0,0.031818498180126414,0.0,0.04021423636008614,0.0
2017-02-06,0.0,0.0,0.0,0.0,0.0,0.0,0.0,0.0,0.0,0.0,0.0,0.0,-0.3270462002870552,-0.4532299432006687,0.0,0.0,0.0,0.0,0.0,0.0,0.0,0.0,0.0,0.0,0.0,0.0,0.03782599810574304,0.0,0.00898291220804396,0.0,-0.004003224016839154,0.0,-0.005111528907141848,0.0,0.030081976696573694,0.0,0.03662502567816601,0.0
2017-02-13,0.0,0.0,0.0,0.0,0.0,0.0,0.0,0.0,0.0,0.0,0.0,0.0,-0.930761274653803,-0.4284081233486103,0.0,0.0,0.0,0.0,0.0,0.0,0.0,0.0,0.0,0.0,0.0,0.0,0.004510070199763951,0.0,0.0,0.0,-0.003955105510142685,0.0,-0.005111528907141848,0.0,0.02372634363912331,0.0,0.03126925356380523,0.0
2017-02-20,0.0,0.0,0.0,0.0,0.0,0.0,0.0,0.0,0.0,0.0,0.0,0.0,-0.7222781680880183,-0.3775501574330063,0.0,0.0,0.0,0.0,0.0,0.0,0.0,0.0,0.0,0.0,0.0,0.0,0.004510070199763951,0.0,0.0,0.0,-0.0013560651918728107,0.0,-0.005056979597211159,0.0,0.016398929088904397,0.0,0.013688685810670424,0.0
2017-02-27,0.0,0.0,0.0,0.0,0.0,0.0,0.0,0.0,0.0,0.0,0.0,0.0,-0.4756218854754868,-0.5282710948224356,0.0,0.0,0.0,0.0,0.0,0.0,0.0,0.0,0.0,0.0,0.0,0.0,0.0,0.0,0.0,0.0,0.0,0.0,0.0,0.0,0.0,0.0,0.0,0.0
2017-03-06,0.0,0.0,0.0,0.0,0.0,0.0,0.0,0.0,0.0,0.0,0.0,0.0,-0.4656570609660336,-0.5226432615774094,0.0,0.0,0.0,0.0,0.0,0.0,0.0,0.0,0.0,0.0,0.0,0.0,0.0,0.0,0.0,0.0,0.0,0.0,0.0,0.0,0.0,0.0,0.0,0.0
2017-03-13,0.0,0.0,0.0,0.0,0.0,0.0,0.0,0.0,0.0,0.0,0.0,0.0,-0.42907461167745464,-0.5674785538310719,0.0,0.0,0.0,0.0,0.0,0.0,0.0,0.0,0.0,0.0,0.0,0.0,0.0,0.0,0.0,0.0,0.0,0.0,0.0,0.0,0.0,0.0,0.0,0.0
2017-03-20,0.0,0.0,0.0,0.0,0.0,0.0,0.0,0.0,0.0,0.0,0.0,0.0,-0.41211044148282855,-0.4921344297655362,0.0,0.0,0.0,0.0,0.0,0.0,0.0,0.0,0.0,0.0,0.0,0.0,0.0,0.0,0.0,0.0,0.0,0.0,0.0,0.0,0.0,0.0,0.0,0.0
2017-03-27,0.0,0.0,0.0,0.0,0.0,0.0,0.0,0.0,0.0,0.0,0.0,0.0,0.17387685599359004,-0.27215033267436517,0.0,0.0,0.0,0.0,0.0,0.0,0.0,0.0,0.0,0.0,0.0,0.0,0.0,0.0,0.0,0.0,0.0,0.0,0.0,0.0,0.0,0.0,0.0,0.0
2017-04-03,0.33020547061552497,0.0,0.0,0.0,-0.021206885886902862,0.0,0.0,0.0,0.05311039232497587,0.0,0.25837141751382303,0.0,0.33706213417333364,-0.16460910095451758,0.08255136765388124,0.0,0.0,0.0,-0.005301721471725785,0.0,0.0,0.0,0.013277598081244003,0.0,0.06459285437845577,0.0,0.025400420816578843,0.0,0.0,0.0,-0.0016312989143771517,0.0,0.0,0.0,0.0040854147942289264,0.0,0.01987472442414025,0.0
2017-04-10,0.3755227494184334,0.0,0.4092093109463304,0.0,-0.06840266451566748,0.0,0.0,0.0,0.0555779704276223,0.0,0.00612947288154091,0.0,0.4361985067284364,-0.21496665853553687,0.17643205500848957,0.0,0.1023023277365826,0.0,-0.022402387600642656,0.0,0.0,0.0,0.02717209068814958,0.0,0.06612522259884102,0.0,0.05428678615645833,0.0,0.03147763930356388,0.0,-0.006893042338659266,0.0,0.0,0.0,0.008360643288661412,0.0,0.020346222338104937,0.0
2017-04-17,0.24935106876508492,0.0,0.09618402485405232,0.0,-8.459594158380589e-07,0.0,0.0,0.0,0.02388593341877037,0.0,0.05922729472613659,0.0,0.7451987425660519,-0.09708649105151607,0.2387698221997608,0.0,0.12634833395009568,0.0,-0.022402599090496616,0.0,0.0,0.0,0.03314357404284217,0.0,0.08093204628037516,0.0,0.0734676375999264,0.0,0.038876410446183285,0.0,-0.006893107412460484,0.0,0.0,0.0,0.010198022782412977,0.0,0.02490216808626929,0.0
2017-04-24,0.0730589453618843,0.0,0.10459413272783094,0.0,-0.2431587979164134,0.0,-0.4739579538774986,0.0,0.1197974656206389,0.0,0.6785034594908519,0.0,0.823578759852403,0.25794032843707204,0.2570345585402319,0.0,0.1524968671320534,0.0,-0.08319229856959996,0.0,-0.11848948846937465,0.0,0.0630929404480019,0.0,0.2505579111530881,0.0,0.0790875564739175,0.0,0.04692211296370874,0.0,-0.025597630329107668,0.0,-0.036458304144422964,0.0,0.019413212445539046,0.0,0.0770947418932579,0.0
2017-05-01,0.10630882558266339,0.0,0.1512381451820875,0.0,-0.34160390374771626,0.0,-0.10997560271897758,0.0,0.060677435601363156,0.0,0.38080912816860557,0.0,0.7875244739357655,0.4180548790750347,0.2010603972820165,0.0,0.1903064034275753,0.0,-0.16329155303480333,0.0,-0.14598338914911904,0.0,0.06498470126709871,0.0,0.2811673388167838,0.0,0.08726515844181469,0.0,0.058555816439253935,0.0,-0.05187485369431662,0.0,-0.04491796589203663,0.0,0.02408070749179775,0.0,0.1063877517523814,0.0
2017-05-08,0.26389388844268835,0.0,0.24607808885016444,0.0,-0.18770349557391275,0.0,-0.009335219868636986,0.0,0.018983158722098194,0.0,0.0072759880103267435,0.0,0.8477035813978175,0.4577025353770373,0.17315318203808022,0.0,0.1495235979035338,0.0,-0.19311676079936463,0.0,-0.1483171941162783,0.0,0.05583599834071768,0.0,0.2814539675989802,0.0,0.1075646883220215,0.0,0.07748490019695889,0.0,-0.06631358412307914,0.0,-0.045636059728085626,0.0,0.02554095047042069,0.0,0.10694744313779116,0.0
2017-05-15,0.07524626483883248,0.07524626483883248,0.16638001822339643,0.16638001822339643,-0.0037440778686793495,-0.0037440778686793495,-0.20297167812226657,-0.20297167812226657,0.10896908988528609,0.10896908988528609,0.8204326475698719,0.8204326475698719,1.0329516895210826,0.6867839179991047,0.12962698105651713,0.01881156620970812,0.16707259624586984,0.04159500455584916,-0.19405256877668053,-0.0009360194671697958,-0.19906011364684495,-0.050742919530566664,0.07710678745734661,0.027242272471321535,0.471755305809914,0.20510816189246797,0.11335286254039321,0.00578817421837173,0.09028336313722016,0.012798462940261256,-0.06660159011297755,-0.0002880059898984115,-0.061249265737490746,-0.015613206009405132,0.03392318815390423,0.008382237683483545,0.17005764679701205,0.06311020365922092
2017-05-22,0.09661739550804174,0.09661739550804174,0.18501743628300577,0.18501743628300577,-0.239207820380216,-0.239207820380216,-0.281026699966282,-0.281026699966282,0.1580457570664872,0.1580457570664872,0.08921784197306075,0.08921784197306075,0.9383358886284369,0.7435102045156801,0.13551659359305648,0.042965915086718556,0.18717842213466354,0.0878493636266006,-0.19306482439263117,-0.0607379745622238,-0.15082730016904078,-0.12099959452213715,0.08666886031880869,0.06675371173794334,0.32443390143046624,0.22741262238573315,0.12078496988716567,0.013220281565144171,0.10451547362052829,0.02703057342356939,-0.08500219168068647,-0.018688607557607338,-0.0828667041964355,-0.0372306444683499,0.046080554082095555,0.02053960361167487,0.17692055771801674,0.06997311458022558
2017-05-29,0.15840048525929668,0.15840048525929668,0.08972468663215505,0.08972468663215505,-0.16515780974590247,-0.16515780974590247,0.0,0.0,0.009250271902035456,0.009250271902035456,0.0,0.0,0.500393631306671,0.7358058539428443,0.1485395085122148,0.08256603640154273,0.17180005749718041,0.11028053528463937,-0.14895330089217773,-0.10202742699869942,-0.12333339948929639,-0.12099959452213717,0.07381206939397676,0.06906627971345221,0.22923161938831482,0.22741262238573315,0.13296962259941925,0.02540493427739776,0.11141737259223253,0.033932472395273625,-0.09770663858421744,-0.0313930544611383,-0.0828667041964355,-0.0372306444683499,0.04679211345917521,0.02125116298875452,0.17692055771801674,0.06997311458022558
2017-06-05,0.0,0.33923005910454784,0.0,0.005832910382092938,0.0,-0.17794061002446201,0.0,-0.00934340004640192,0.0,0.13948187402857737,0.0,0.20369362598959234,0.3744851058338458,0.6985045325494339,0.08256603640154273,0.16737355117767969,0.1102805352846393,0.1117387628801626,-0.10202742699869954,-0.14651257950481492,-0.12099959452213714,-0.12333544453373765,0.06906627971345222,0.10393674822059654,0.22741262238573315,0.27833602888313125,0.13296962259941925,0.051499554208516825,0.11141737259223253,0.03438115780928078,-0.09770663858421744,-0.04508079369378922,-0.0828667041964355,-0.03794936754884236,0.04679211345917521,0.0319805379140297,0.17692055771801674,0.08564185504096346
2017-06-12,0.0,0.24264307248591677,0.0,0.2523717806513346,0.0,-0.0029476362853132682,0.0,0.0,0.0,0.23602127249823424,0.0,0.2601851457524966,0.41724049382920025,0.8708631176612056,0.06375447019183461,0.20922275308945076,0.06868553072879019,0.13323670348714714,-0.1010914075315297,-0.1463134691089734,-0.0702566749915705,-0.07259252500317101,0.0418240072421307,0.13569979387383357,0.022304460493265187,0.13827415342878743,0.13296962259941925,0.07016440593820274,0.11141737259223253,0.05379437170553728,-0.09770663858421744,-0.04530753494650563,-0.0828667041964355,-0.03794936754884236,0.04679211345917521,0.050136020413893874,0.17692055771801674,0.10565609702192474
2017-06-19,0.0,0.08753893117059218,0.0,0.21608462766647785,0.0,-0.07740487782917471,0.0,-1.0816018588788532,0.0,0.04535079426263552,0.0,0.36466490154020614,0.21442754614148574,0.870795284517142,0.03960012131482417,0.20695313700508836,0.022431171658038762,0.14100350133301515,-0.0412894524364757,-0.10586273347121307,0.0,-0.2727363147313138,0.0023125679755088987,0.10752605317287066,0.0,0.20713591832057376,0.13296962259941925,0.07689816987440214,0.11141737259223253,0.07041626614142019,-0.09770663858421744,-0.051261756317980606,-0.0828667041964355,-0.12114951053952336,0.04679211345917521,0.053624543049481214,0.17692055771801674,0.1337072432942483
2017-06-26,0.0,0.052634712511269305,0.0,0.0,0.0,-0.1320742812881997,0.0,-1.2075134842594795,0.0,0.17829144938443786,0.0,0.15836958354202485,0.37988125536098305,0.7785548241897824,0.0,0.18051169381808152,0.0,0.1185723296749764,0.0,-0.09759185135678738,0.0,-0.5746146857961837,0.0,0.14978634754347125,0.0,0.24672831420608,0.13296962259941925,0.08094699391373054,0.11141737259223253,0.07041626614142019,-0.09770663858421744,-0.06142131641707289,-0.0828667041964355,-0.21403516317486795,0.04679211345917521,0.06733926992520721,0.17692055771801674,0.14588951895132712
2017-07-03,0.0,0.09961651550283897,0.0,0.6620837301480162,0.0,-0.10868422464338437,0.0,0.0,0.0,0.0031443999812839703,0.0,0.0,0.40734494033080426,0.7264724927385274,0.0,0.12060830791765431,0.0,0.2826350346164572,0.0,-0.08027775501151797,0.0,-0.5722788357845832,0.0,0.1157019790316479,0.0,0.19580490770868192,0.10756920178284039,0.0886098027985643,0.11141737259223253,0.12134578384511376,-0.0960753396698403,-0.06978164138964092,-0.0828667041964355,-0.21403516317486795,0.042706698664946294,0.06758114684684444,0.1570458332938765,0.14588951895132712
2017-07-10,0.0,0.3316018419699319,0.0,0.08776668170881925,0.0,-0.06523049564454386,0.0,0.0,0.0,0.26451755617520795,0.0,0.2964542684284549,0.11628296102177431,0.7251213775120852,0.0,0.1428480002886581,0.0,0.2414837598808284,0.0,-0.09584846985132563,0.0,-0.5722788357845832,0.0,0.12282604995089133,0.0,0.2048721883776715,0.07868283644296091,0.11411763679625138,0.07993973328866866,0.12809706705348448,-0.09081359624555817,-0.0747993718238366,-0.0828667041964355,-0.21403516317486795,0.03843147017051381,0.08792865116801428,0.1565743353799118,0.16869369344582366
2017-07-17,0.0,0.0,0.0,0.0,0.0,0.0,0.0,0.0,0.0,0.0,0.0,0.0,0.09586557838031451,0.6487585041186392,0.0,0.12096326749601005,0.0,0.18746260296420894,0.0,-0.07649725039403195,0.0,-0.3018783710648699,0.0,0.11148835138523247,0.0,0.11370596299261994,0.059501984999492843,0.11411763679625138,0.07254096214604924,0.12809706705348448,-0.09081353117175696,-0.0747993718238366,-0.0828667041964355,-0.21403516317486795,0.03659409067676224,0.08792865116801428,0.15201838963174746,0.16869369344582366
2017-07-24,0.0,0.0,0.0,0.0,0.0,0.0,0.0,0.0,0.0,0.0,0.0,0.0,-0.029583549406619444,0.4252673785480562,0.0,0.10780458936819273,0.0,0.18746260296420894,0.0,-0.04347868007198202,0.0,0.0,0.0,0.066915489039123,0.0,0.07411356710711373,0.05388206612550174,0.11411763679625138,0.06449525962852379,0.12809706705348448,-0.07210900825510977,-0.0747993718238366,-0.04640840005201255,-0.21403516317486795,0.027378901013636176,0.08792865116801428,0.09982581582475886,0.16869369344582366
2017-07-31,0.0,0.0,0.0,0.0,0.0,0.0,0.0,0.0,0.0,0.0,0.0,0.0,0.08563327033552962,0.4424020892252154,0.0,0.08290046049248298,0.0,0.02194167042720487,0.0,-0.01630762391113593,0.0,0.0,0.0,0.066129389043802,0.0,0.07411356710711373,0.045704464157604555,0.11411763679625138,0.05286155615297859,0.12809706705348448,-0.04583178488990082,-0.0747993718238366,-0.037948738304398884,-0.21403516317486795,0.02271140596737747,0.08792865116801428,0.07053280596563535,0.16869369344582366
2017-08-07,0.0,0.0916119408624832,0.0,0.0,0.0,-0.31686750203980896,0.0,-0.7939402217659655,0.0,0.01771336536051125,0.0,0.0,0.28643104106391093,0.5004449232667688,0.0,0.0229029852156208,0.0,0.0,0.0,-0.07921687550995221,0.0,-0.19848505544149142,0.0,0.004428341340127827,0.0,0.0,0.02540493427739776,0.12116470917028854,0.03393247239527363,0.12809706705348448,-0.031393054461138305,-0.09917379505766807,-0.03723064446834989,-0.2751074879260961,0.021251162988754534,0.08929121773420746,0.0699731145802256,0.16869369344582366
2017-08-14,0.0,0.04337916930529634,0.0,0.0,0.0,-0.29254177470615117,0.0,-0.08546251715166228,0.0,0.050857563479066586,0.0,0.06526898359694319,0.41403526786779077,0.29935103617147424,0.0,0.033747777541944884,0.0,0.0,0.0,-0.15235231918649,0.0,-0.219850684729407,0.0,0.017142732209894474,0.0,0.016317245899235798,0.019616760059026035,0.1187133941292473,0.021134009455012367,0.1152986041132232,-0.03110504847123989,-0.12138900250670437,-0.021617438458944763,-0.26606832169758804,0.012868925305270987,0.0848211003183444,0.00686291092100469,0.11060418083252146
2017-08-21,0.0,0.06892825450179546,0.0,0.0,0.0,-0.29596336849830784,0.0,-0.14992549614737394,0.0,0.05866052662264076,0.0,0.009537756227346664,0.29647830292407645,0.29160769308796036,0.0,0.05097984116739375,0.0,0.0,0.0,-0.22634316131106696,0.0,-0.2573320587662505,0.0,0.03180786386555466,0.0,0.018701684956072464,0.01218465271225359,0.1165834602056899,0.0069018989717042345,0.10106649362991506,-0.012704446903530968,-0.12575481390040372,0.0,-0.2559836137115182,0.0007115593770796632,0.07717608259189469,0.0,0.10447494346746652
2017-08-28,0.0,0.11862211276151573,0.0,0.35883204190774726,0.0,-0.16683569232701734,0.0,-0.5700754586929436,0.0,0.019739417033107234,0.0,0.0777038502543913,0.2092600637709188,0.27422751306705884,0.0,0.08063536935777268,0.0,0.08970801047693687,0.0,-0.2680520843928213,0.0,-0.39985092343948636,0.0,0.03674271812383147,0.0,0.038127647519670294,0.0,0.11352358539816827,0.0,0.12176705942034524,0.0,-0.1258838817912587,0.0,-0.2998355720725139,0.0,0.07798293990966944,0.0,0.11045216271780431
2017-09-04,0.08419642861781575,0.08419642861781575,0.03534572683389662,0.03534572683389662,-0.16604135565757636,-0.16604135565757636,-0.7788968094216988,-0.7788968094216988,0.1286992618169535,0.1286992618169535,0.034922970862505655,0.034922970862505655,-0.1949109397016944,0.1816354219656151,0.021049107154453937,0.07878149129660582,0.008836431708474155,0.09854444218541103,-0.04151033891439417,-0.23034554779726316,-0.1947242023554247,-0.3960900703534197,0.032174815454238406,0.06448919223794203,0.008730742715626414,0.046858390235296705,0.0064766483552165955,0.09390561382226581,0.002718902064145894,0.12403727607048398,-0.012772411973659728,-0.1249685545322675,-0.05991513918628452,-0.35903198817830595,0.009899943216688743,0.077153508201083,0.0026863823740389137,0.09746980463110533
2017-09-11,0.2163547678725629,0.2163547678725629,0.02109588478555354,0.02109588478555354,-0.14589265198853862,-0.14589265198853862,-0.0055977120017068616,-0.0055977120017068616,0.03712149652739599,0.03712149652739599,0.006559341978778233,0.006559341978778233,-0.39721236403203936,0.021425516211992044,0.07513779912259466,0.12202539093842246,0.01411040290486254,0.10381841338179941,-0.07798350191152884,-0.19368326711786002,-0.19612363035585142,-0.37612386906593087,0.041455189586087404,0.06105517550002438,0.010370578210320973,0.03218097983075546,0.023119322806952204,0.09188343654431552,0.004341662432265397,0.10624682254234698,-0.02399492366508578,-0.13596432497097716,-0.060345732417185056,-0.35946258140920645,0.012755442949565357,0.06185352543409543,0.0031909471416372392,0.07796012741774239
2017-09-18,0.33912690673107054,0.33912690673107054,0.19223210058277077,0.19223210058277077,-0.024753536491959417,-0.024753536491959417,-0.4465476506358038,-0.4465476506358038,0.2063326411658911,0.2063326411658911,0.5295631545808658,0.5295631545808658,-0.11060710214424489,0.18938990800417949,0.15991952580536228,0.1895750539957412,0.06216842805055523,0.1518764385274921,-0.08417188603451868,-0.12588080911627292,-0.3077605430148024,-0.4502794076880383,0.09303834987756018,0.09797320413583696,0.14276136685553742,0.16218732941913525,0.04920600794011147,0.1112363577412754,0.019128747092478533,0.1044120127666772,-0.02589904185677496,-0.13191422179119136,-0.09469555169686227,-0.3106122576982026,0.028627184577710827,0.07423674442665355,0.04392657441708846,0.09064460842087005
2017-09-25,0.13507396234237726,0.0,0.11764738339789482,0.0,-0.13144111862480184,0.0,-0.14917280539631175,0.0,0.09110206680815139,0.0,0.0,0.0,0.0014171101103184723,0.15440021254417524,0.1936880163909566,0.15991952580536228,0.09158027390002893,0.06216842805055529,-0.11703216569071914,-0.08417188603451857,-0.3450537443638803,-0.3077605430148024,0.11581386657959802,0.09303834987756016,0.14276136685553742,0.14276136685553742,0.059596312735678954,0.10718753370194699,0.028178545815393516,0.1044120127666772,-0.03600989713560587,-0.12175466169209909,-0.10617038288119394,-0.2177266050628581,0.035635035870645544,0.060522017550927565,0.04392657441708846,0.0784623327637912
2017-10-02,0.1371436926047637,0.0,0.0014424370751553784,0.0,-0.3080023000182963,0.0,-0.006956310139759687,0.0,0.08285692648182129,0.0,0.02402975638642566,0.0,0.358242151039604,0.26470631054826516,0.2069248323876936,0.13887041865090832,0.08310445146034362,0.053331996342081134,-0.15252240178089913,-0.04266154712012448,-0.15206861954339554,-0.11303634065937773,0.10435328274581498,0.060863534423321784,0.14003806323651743,0.13403062413991101,0.07014582755143,0.09952472481711322,0.028289502513482393,0.05348249506298364,-0.0597023817523979,-0.11339433671953106,-0.10670548366117545,-0.21772660506285807,0.042008645600016416,0.06028014062929033,0.045775017216044274,0.0784623327637912
2017-10-09,0.03581178295510819,0.0,0.13183354662789543,0.0,-0.42678630791345334,0.0,-0.03581949644087868,0.0,0.2919824763161645,0.0,2.0105262741289403e-06,0.0,0.6450422210981671,0.31825429151064505,0.1617890861583299,0.08478172668276764,0.1107888669209291,0.04805802514569275,-0.22274581576212782,-0.0061883841229898266,-0.15962406565318848,-0.11163691265895101,0.1680685276930071,0.051583160291472786,0.1383987303733914,0.13239078864521645,0.07290058008643832,0.07401689081942614,0.03843054456178204,0.046731211854612924,-0.09253209774574046,-0.10837660628533537,-0.10946082954124305,-0.21772660506285807,0.06446883608587523,0.039932636308120495,0.04577517187191152,0.05565815826929468
2017-10-16,0.14895853776169415,0.0,0.6724521255134591,0.0,-0.11368264031440314,0.0,-2.9760888534217393e-06,0.0,0.20623967441909163,0.0,0.5194479970398423,0.0,0.48373948233594094,0.3054301243300956,0.1142469939159858,0.0,0.2308438731536012,0.0,-0.24497809171773874,0.0,-0.047987897016450884,0.0,0.16804528600630725,0.0,0.13586994098813554,0.0,0.08435892914503018,0.07401689081942614,0.09015763113974044,0.046731211854612924,-0.10127691623146379,-0.10837660628533537,-0.10946105847115485,-0.21772660506285807,0.08033342642580535,0.039932636308120495,0.08573271010574554,0.05565815826929468
2017-10-23,0.054015451922497536,0.0,0.17874949230300005,0.0,-0.2560038133927121,0.0,-0.48762071279341246,0.0,0.21238646978857992,0.0,0.6751298247739128,0.0,0.16842980391176396,0.2856992107248023,0.09398236631101588,0.0,0.2461194003798775,0.0,-0.2761187654097163,0.0,-0.13259987386572605,0.0,0.19836638675141438,0.0,0.30465239718161374,0.0,0.08851396390829923,0.07401689081942614,0.10390759208612506,0.046731211854612924,-0.1209695172616724,-0.10837660628533537,-0.14697034407064813,-0.21772660506285807,0.09667084717877303,0.039932636308120495,0.13766577354989268,0.05565815826929468
2017-10-30,0.04658532996365811,0.0,0.00025496571581132944,0.0,-0.4249267743172738,0.0,-0.08727971542858502,0.0,0.18321037917346697,0.0,0.09558393295049854,0.0,0.0023192591458552755,0.22943243163816443,0.07134277565073949,0.0,0.24582253254004147,0.0,-0.30534988398446067,0.0,-0.15268072518793238,0.0,0.2234547499243258,0.0,0.322540941322632,0.0,0.09209745082858062,0.07401689081942614,0.10392720483349516,0.046731211854612924,-0.153656192209155,-0.10837660628533537,-0.15368416833438542,-0.21772660506285807,0.11076395326903972,0.039932636308120495,0.1450183837768541,0.05565815826929468
2017-11-06,0.0,0.0,0.0,0.0,-0.5390862479883587,0.0,-0.6605414894960755,0.0,0.033553504248696665,0.0,0.008745046024898184,0.0,-0.2798949408631372,0.09814364315506055,0.06238982991196244,0.0,0.21286414588306762,0.0,-0.333424869003187,0.0,-0.3088612234517316,0.0,0.15884750690745883,0.0,0.324726700197288,0.0,0.09209745082858062,0.06696981844538898,0.10392720483349516,0.046731211854612924,-0.19512436513133644,-0.08400218305150392,-0.20449505214177585,-0.15665428031162998,0.113344992057401,0.038570069741927324,0.1456910796249232,0.05565815826929468
2017-11-13,0.09876292126459942,0.0,0.007889769192393745,0.0,-0.0034210534167541146,0.0,0.0,0.0,0.07270871870595062,0.0,0.17387762601611895,0.0,-0.32233456573007613,0.051408921105046225,0.049840925787688756,0.0,0.04672355680280128,0.0,-0.30585947227877475,0.0,-0.3088604794295182,0.0,0.12546476797917358,0.0,0.23833410744135713,0.0,0.0996945986181652,0.06363295926805848,0.10453411015598699,0.046731211854612924,-0.19538752308647137,-0.061498969612569204,-0.20449505214177585,-0.15008024053073285,0.1189379704193972,0.034657949474306816,0.15906628162616313,0.05063746722337597
2017-11-20,0.41707279229234956,0.0,0.5075368288147942,0.0,-0.1346535009538945,0.0,-0.06049758494702788,0.0,0.06753743224743967,0.0,4.430577728580596e-06,0.0,-0.8395966901893233,-0.08146375473451645,0.14060526088015177,0.0,0.12892039093074983,0.0,-0.27552189416907036,0.0,-0.2020796974679221,0.0,0.08925250859388853,0.0,0.06955275889231106,0.0,0.13177712110219209,0.05833078584484345,0.1435754046802019,0.046731211854612924,-0.2057454846983094,-0.038732556651160904,-0.20914871252231645,-0.13854751005785795,0.12413315751535411,0.030145601272565218,0.15906662243983455,0.04990379366742623
2017-11-27,0.08362847853045877,0.0,1.3829944627456898,0.0,-0.0011572660541319167,0.0,-0.004208647812428169,0.0,0.06273658283889394,0.0,2.1635242304409985e-06,0.0,-1.0657199135739286,-0.15692818201140085,0.1498660480218519,0.0,0.47460526518821944,0.0,-0.1695795171032849,0.0,-0.1813119305638829,0.0,0.059134059510245265,0.0,0.045657316535744036,0.0,0.13821008098915044,0.04920600794011147,0.24995959412217805,0.019128747092478523,-0.20583450516401186,-0.025899041856774954,-0.20947245466173398,-0.09469555169686227,0.12895904850296133,0.028627184577710817,0.15906678886477538,0.043926574417088436
2017-12-04,0.0,0.0,0.0,0.0,0.0,0.0,0.0,0.0,0.0,0.0,0.0,0.0,-1.2137460487966654,-0.13086019933822365,0.14986604802185194,0.0,0.47460526518821944,0.0,-0.034807955106195214,0.0,-0.016176558189864014,0.0,0.05074568344807111,0.0,0.04347105502951949,0.0,0.13173343263393383,0.04272935958489488,0.24724069205803217,0.01640984502833263,-0.19306209319035217,-0.013126629883115233,-0.14955731547544948,-0.034780412510577764,0.1190591052862726,0.018727241361022082,0.15638040649073645,0.04124019204304953
2017-12-11,0.0,0.0,0.0,0.0,0.0,0.0,0.0,0.0,0.0,0.0,0.0,0.0,-1.296719446703614,-0.3152885137330833,0.12517531770570206,0.0,0.472632822890121,0.0,-0.033952691752006686,0.0,-0.016176558189864014,0.0,0.03256850377158345,0.0,1.6485254897553988e-06,0.0,0.11509075818219824,0.026086685133159267,0.24561793168991267,0.014787084660213128,-0.18183958149892612,-0.001904118191689186,-0.14912672224454895,-0.034349819279677236,0.116203605553396,0.015871741628145468,0.15587584172313815,0.040735627275451214
2017-12-18,0.0,0.0,0.0,0.0,0.0,0.0,0.0,0.0,0.0,0.0,0.0,0.0,-1.1747217887582402,-0.4698847426671147,0.020907119632614678,0.0,0.34574861568642246,0.0,-0.00028931651353306245,0.0,-0.0010521619531070423,0.0,0.015684145709723527,0.0,5.408810576102496e-07,0.0,0.08900407304903897,0.0,0.23083084702969953,0.0,-0.17993546330723692,0.0,-0.11477690296487174,0.0,0.10033186392525052,0.0,0.1151402144476869,0.0
2017-12-25,0.0,0.0,0.0,0.0,0.0,0.0,0.0,0.0,0.0,0.0,0.0,0.0,-1.0349237481182167,-0.5865130182607244,0.0,0.0,0.0,0.0,0.0,0.0,0.0,0.0,0.0,0.0,0.0,0.0,0.07861376825347148,0.0,0.22178104830678452,0.0,-0.16982460802840602,0.0,-0.10330207178054006,0.0,0.09332401263231581,0.0,0.1151402144476869,0.0
2018-01-01,0.0,0.0,0.0,0.0,0.0,0.0,0.0,0.0,0.0,0.0,0.0,0.0,-1.208714702279569,-1.0576751181945205,0.0,0.0,0.0,0.0,0.0,0.0,0.0,0.0,0.0,0.0,0.0,0.0,0.06806425343772043,0.0,0.22167009160869566,0.0,-0.14613212341161397,0.0,-0.10276697100055855,0.0,0.08695040290294494,0.0,0.1132917716487311,0.0
2018-01-08,0.0,0.0,0.0,0.0,0.0,0.0,0.0,0.0,0.0,0.0,0.0,0.0,-0.7038142996785776,-1.1713611866070999,0.0,0.0,0.0,0.0,0.0,0.0,0.0,0.0,0.0,0.0,0.0,0.0,0.06530950090271212,0.0,0.21152904956039603,0.0,-0.11330240741827141,0.0,-0.10001162512049094,0.0,0.06449021241708613,0.0,0.11329161699286386,0.0
2018-01-15,0.0,0.0,0.0,0.0,0.0,0.0,0.0,0.0,0.0,0.0,0.0,0.0,-0.8761733686664676,-1.3520759304455732,0.0,0.0,0.0,0.0,0.0,0.0,0.0,0.0,0.0,0.0,0.0,0.0,0.05385115184412026,0.0,0.15980196298243762,0.0,-0.10455758893254809,0.0,-0.10001139619057915,0.0,0.048625622077156,0.0,0.07333407875902982,0.0
2018-01-22,0.0,0.0,0.0,0.0,0.0,0.0,0.0,0.0,0.0,0.0,0.0,0.0,-0.8057874456107718,-1.314474548541395,0.0,0.0,0.0,0.0,0.0,0.0,0.0,0.0,0.0,0.0,0.0,0.0,0.04969611708085121,0.0,0.146052002036053,0.0,-0.08486498790233947,0.0,-0.06250211059108589,0.0,0.03228820132418831,0.0,0.021401015314882685,0.0
2018-01-29,0.0,0.0,0.0,0.0,0.0,0.0,0.0,0.0,0.0,0.0,0.0,0.0,-0.7310380328471136,-1.4256376588865018,0.0,0.0,0.0,0.0,0.0,0.0,0.0,0.0,0.0,0.0,0.0,0.0,0.04611263016056983,0.0,0.1460323892886829,0.0,-0.052178312954856865,0.0,-0.055788286327348585,0.0,0.01819509523392162,0.0,0.014048405087921259,0.0
2018-02-05,0.0,0.0,0.0,0.0,0.0,0.0,0.0,0.0,0.0,0.0,0.0,0.0,-0.8461588569692869,-1.3567202596063583,0.0,0.0,0.0,0.0,0.0,0.0,0.0,0.0,0.0,0.0,0.0,0.0,0.04611263016056983,0.0,0.1460323892886829,0.0,-0.010710140032675425,0.0,-0.004977402519958158,0.0,0.015614056445560342,0.0,0.013375709239852169,0.0
2018-02-12,0.0,0.0,0.0,0.0,0.0,0.0,0.0,0.0,0.0,0.0,0.0,0.0,-0.6606713206607723,-1.3741269608531093,0.0,0.0,0.0,0.0,0.0,0.0,0.0,0.0,0.0,0.0,0.0,0.0,0.03851548237098526,0.0,0.14542548396619107,0.0,-0.010446982077540494,0.0,-0.004977402519958158,0.0,0.010021078083564137,0.0,5.072386122495108e-07,0.0
2018-02-19,0.0,0.0,0.0,0.0,0.0,0.0,0.0,0.0,0.0,0.0,0.0,0.0,0.008881294989162718,-0.8397233622869928,0.0,0.0,0.0,0.0,0.0,0.0,0.0,0.0,0.0,0.0,0.0,0.0,0.006432959886958362,0.0,0.10638418944197614,0.0,-8.902046570245513e-05,0.0,-0.00032374213941755147,0.0,0.004825890987607239,0.0,1.664249408202341e-07,0.0
2018-02-26,0.0,0.0,0.0,0.0,0.0,0.0,0.0,0.0,0.0,0.0,0.0,0.0,0.08182702686451704,-0.7574479512527208,0.0,0.0,0.0,0.0,0.0,0.0,0.0,0.0,0.0,0.0,0.0,0.0,0.0,0.0,0.0,0.0,0.0,0.0,0.0,0.0,0.0,0.0,0.0,0.0
2018-03-05,0.0,0.0,0.0,0.0,0.0,0.0,0.0,0.0,0.0,0.0,0.0,0.0,0.04174730010834707,-0.7058012478753802,0.0,0.0,0.0,0.0,0.0,0.0,0.0,0.0,0.0,0.0,0.0,0.0,0.0,0.0,0.0,0.0,0.0,0.0,0.0,0.0,0.0,0.0,0.0,0.0
2018-03-12,0.0,0.0,0.0,0.0,0.0,0.0,0.0,0.0,0.0,0.0,0.0,0.0,-0.02452145642670806,-0.6741387269506631,0.0,0.0,0.0,0.0,0.0,0.0,0.0,0.0,0.0,0.0,0.0,0.0,0.0,0.0,0.0,0.0,0.0,0.0,0.0,0.0,0.0,0.0,0.0,0.0
2018-03-19,0.0,0.0,0.0,0.0,0.0,0.0,0.0,0.0,0.0,0.0,0.0,0.0,-0.23916677366978242,-0.5857623025990288,0.0,0.0,0.0,0.0,0.0,0.0,0.0,0.0,0.0,0.0,0.0,0.0,0.0,0.0,0.0,0.0,0.0,0.0,0.0,0.0,0.0,0.0,0.0,0.0
2018-03-26,0.0,0.0,0.0,0.0,0.0,0.0,0.0,0.0,0.0,0.0,0.0,0.0,-0.21995805552399156,-0.41366429370215735,0.0,0.0,0.0,0.0,0.0,0.0,0.0,0.0,0.0,0.0,0.0,0.0,0.0,0.0,0.0,0.0,0.0,0.0,0.0,0.0,0.0,0.0,0.0,0.0
2018-04-02,0.01163375454471019,0.0,0.007680943632215668,0.0,-0.09684057637521477,0.0,-1.7185926543470895,0.0,0.06175759388220921,0.0,0.0,0.0,-0.03515764641384681,-0.2623205357270107,0.0029084386361775336,0.0,0.001920235908053917,0.0,-0.024210144093803777,0.0,-0.4296481635867724,0.0,0.015439398470552344,0.0,0.0,0.0,0.0008949041957469334,0.0,0.0005908418178627437,0.0,-0.007449275105785752,0.0,-0.13219943494977612,0.0,0.004750584144785337,0.0,0.0,0.0
2018-04-09,0.013683126187603107,0.0,0.0,0.0,-0.38540081000433757,0.0,-0.43281294171961837,0.0,0.15675529043413997,0.0,0.7499136438694997,0.0,0.2298807137835568,-0.23943435274089395,0.00632922018307831,0.0,0.001920235908053917,0.0,-0.12056034659488817,0.0,-0.537851399016677,0.0,0.05462822107908734,0.0,0.18747841096737491,0.0,0.0019474523640240955,0.0,0.0005908418178627437,0.0,-0.037095491259965564,0.0,-0.16549273815897753,0.0,0.01680868340894995,0.0,0.057685664913038455,0.0
2018-04-16,0.0026000937638427546,0.0,0.0,0.0,-0.23053595831707374,0.0,-0.6107372923906697,0.0,0.03651081283430517,0.0,0.15912054293854713,0.0,0.18856179304922435,-0.15543599273798364,0.006979243624038999,0.0,0.001920235908053917,0.0,-0.1781943361741566,0.0,-0.6905357221143444,0.0,0.06375592428766362,0.0,0.2272585467020117,0.0,0.0021474595766273843,0.0,0.0005908418178627437,0.0,-0.054829026515125084,0.0,-0.21247252988133675,0.0,0.019617207473127268,0.0,0.06992570667754208,0.0
2018-04-23,0.08817319248449557,0.0,0.4050674954458576,0.0,-0.34173805757977094,0.0,-0.08601349897956598,0.0,0.15598586665260705,0.0,5.679378268235501e-06,0.0,-0.06230681106476462,-0.12646668814246728,0.02902254174516289,0.0,0.10318710976951831,0.0,-0.26362885056909935,0.0,-0.7120390968592358,0.0,0.10275239095081538,0.0,0.22725996654657876,0.0,0.008930012844665504,0.0,0.031749879929082556,0.0,-0.08111656940587669,0.0,-0.21908895287976488,0.0,0.03161612029255858,0.0,0.06992614355279349,0.0
2018-04-30,0.4303304067919628,0.0,0.5254145435619992,0.0,-0.012351668129754027,0.0,0.0,0.0,0.27719381903141893,0.0,0.029066449134787013,0.0,0.04249450036570044,-0.016957587774096464,0.13369670480697604,0.0,0.2326205097519642,0.0,-0.24250662350773414,0.0,-0.2823909332724635,0.0,0.15661144723811782,0.0,0.2345265788302755,0.0,0.04203235182866265,0.0,0.07216638328000557,0.0,-0.08206669772355009,0.0,-0.21908895287976488,0.0,0.05293872175651389,0.0,0.0721620242554694,0.0
2018-05-07,0.1721913123885375,0.0,0.5834379089083872,0.0,-0.00020423978935785953,0.0,0.0,0.0,0.03486371894309808,0.0,0.1312679061671626,0.0,0.05530476459002297,0.008942339421515866,0.17332375135720965,0.0,0.378479986979061,0.0,-0.14620748095398925,0.0,-0.17418769784255891,0.0,0.12613855436535734,0.0,0.07986514440469125,0.0,0.055277837397011684,0.0,0.1170462224268046,0.0,-0.0820824084765776,0.0,-0.21908895287976488,0.0,0.05562054629059835,0.0,0.0822595554990973,0.0
2018-05-14,0.6161471773468312,0.6161471773468312,0.27392728876401906,0.27392728876401906,-0.00011329989671316294,-0.00011329989671316294,0.0,0.0,0.007334317437438561,0.007334317437438561,0.0,0.0,0.24887636435976215,0.18245889728333392,0.32671052225295677,0.1540367943367078,0.4469618091700658,0.06848182219100482,-0.08860181634889908,-2.832497417826298e-05,-0.021503374744891494,0.0,0.11884443051614069,0.0018335793593596541,0.04008500867005446,0.0,0.1026737741159987,0.047395936718987015,0.13811755233172912,0.021071329904924534,-0.08209112385324785,-8.715376670243302e-06,-0.21908895287976488,0.0,0.0561847245550167,0.0005641782644183509,0.0822595554990973,0.0
2018-05-21,0.19606515154205606,0.19606515154205606,1.1177351709926968,1.1177351709926968,0.0,0.0,0.0,0.0,0.0006296824487346511,0.0006296824487346511,3.227194104119667e-06,3.227194104119667e-06,0.3144303953129388,0.015536164407985574,0.35368351201734693,0.20305308222222182,0.6251287280567756,0.347915614939179,-0.0031673019539563457,-2.832497417826298e-05,0.0,0.0,0.08000538446517258,0.001990999971543317,0.04008439562401343,8.067985260299168e-07,0.117755708850003,0.06247787145299133,0.2240971808696289,0.10705095844282429,-0.08209112385324785,-8.715376670243302e-06,-0.21908895287976488,0.0,0.05623316166645783,0.0006126153758594778,0.08225980374479762,2.4824570031689745e-07
2018-05-28,0.2881727559491801,0.2881727559491801,0.63254738007035,0.63254738007035,-0.08251207523183679,-0.08251207523183679,0.0,0.0,0.34824208832356035,0.34824208832356035,0.11022809327921443,0.11022809327921443,0.5279881216740164,0.19982497010981512,0.3181440993066512,0.27509627120951685,0.6519119371838633,0.5060524599567666,-0.020707403729477037,-0.02065634378213746,0.0,0.0,0.09776745178820793,0.0890515220524334,0.06037480666012029,0.027557830118329636,0.13992284392301688,0.08464500652600518,0.2727546716442712,0.15570844921746657,-0.08843820656338915,-0.006355798086811535,-0.21908895287976488,0.0,0.083021014614424,0.027400468323825658,0.09073888784319872,0.008479332344101427
2018-06-04,0.0,0.5901381897046417,0.0,0.13284047320681874,0.0,-0.07538924587769881,0.0,0.0,0.0,0.11166792185171591,0.0,0.0,0.633692102495465,0.2937233882799997,0.27509627120951685,0.4226308186356773,0.5060524599567664,0.5392625782584712,-0.02065634378213757,-0.03950365525156216,0.0,0.0,0.08905152205243341,0.11696850251536238,0.027557830118329636,0.027557830118329636,0.13992284392301688,0.13004025188790072,0.2727546716442712,0.16592694715645265,-0.08843820656338915,-0.012154970846634519,-0.21908895287976488,0.0,0.083021014614424,0.035990308466265344,0.09073888784319872,0.008479332344101427
2018-06-11,0.0,0.37826132567718823,0.0,0.0,0.0,-0.1073697215105849,0.0,-0.0036078059783929087,0.0,0.15196348328899825,0.0,0.20518558953261687,0.6703607649050343,0.41064146775630755,0.12105947687280905,0.3631593557182665,0.4375706377657617,0.4707807560674665,-0.02062801880795928,-0.06631776065503009,0.0,-0.0009019514945982827,0.08721794269307377,0.1531257939782523,0.027557830118329636,0.07885422750148385,0.13992284392301688,0.1591372769399921,0.2727546716442712,0.16592694715645265,-0.08843820656338915,-0.020414180193602586,-0.21908895287976488,-0.0002775235367994716,0.083021014614424,0.04767980718080367,0.09073888784319872,0.0242628392312258
2018-06-18,0.0,0.19161810924209305,0.0,0.0,0.0,-0.17597749718181124,0.0,0.0,0.0,0.03736682686424674,0.0,2.0013148000421963e-06,0.8603364887777746,0.6208101290049848,0.07204318898729503,0.3620475951432758,0.15813684501758746,0.19134696331929224,-0.02062801880795928,-0.1103121349504829,0.0,-0.0009019514945982827,0.08706052208089012,0.16231008008213033,0.027557023319803607,0.07885392103165784,0.13992284392301688,0.1738771314970762,0.2727546716442712,0.16592694715645265,-0.08843820656338915,-0.033950910746049605,-0.21908895287976488,-0.0002775235367994716,0.083021014614424,0.05055417847805342,0.09073888784319872,0.024262993178518114
2018-06-25,0.0,0.06704616466582568,0.0,0.0,0.0,-0.09403455251576684,0.0,0.0,0.0,0.25188104220132745,0.0,0.30851073648588545,0.8736732856727267,0.6716904608238468,0.0,0.30676594732243717,0.0,0.03321011830170474,0.0,-0.11319275427146541,0.0,-0.0009019514945982827,0.0,0.13821981855157212,0.0,0.12842458183332559,0.13992284392301688,0.17903452877906276,0.2727546716442712,0.16592694715645265,-0.08843820656338915,-0.04118433786264705,-0.21908895287976488,-0.0002775235367994716,0.083021014614424,0.06992964326277092,0.09073888784319872,0.047994588292817
2018-07-02,0.0,0.22075894661123396,0.0,0.00048643546822084476,0.0,-0.06659868351223258,0.0,0.0,0.0,0.19546529802675816,0.0,0.21595411097396072,0.906877603613086,0.6443600349390977,0.0,0.21442113654908523,0.0,0.0001216088670552667,0.0,-0.11099511368009887,0.0,-0.0009019514945982827,0.0,0.15916916259533265,0.0,0.18241310957681578,0.13902793972726993,0.19601598621069616,0.27216382982640847,0.16596436526939273,-0.0809889314576034,-0.04630731351743418,-0.08688951792998877,-0.0002775235367994716,0.07827043046963868,0.08496543541867539,0.09073888784319872,0.06460644298312167
2018-07-09,0.0,0.46803839755906096,0.0,0.1490896422498432,0.0,-0.03292775970449443,0.0,-0.06729924327358916,0.0,0.0,0.0,0.036694341996988546,0.7202787441972767,0.5298614477337511,0.0,0.2368654045195534,0.0,0.03739401942951607,0.0,-0.09238462322857625,0.0,-0.016824810818397345,0.0,0.1211782917730831,0.0,0.14029029769290868,0.13797539155899277,0.23201893986908545,0.27216382982640847,0.17743279928861144,-0.05134271530342359,-0.04884021811008759,-0.05359621472078736,-0.0054543884039986385,0.06621233120547407,0.08496543541867539,0.03305322293016029,0.0674290846751977
2018-07-16,0.0,0.0,0.0,0.0,0.0,0.0,0.0,0.0,0.0,0.0,0.0,0.0,0.4230485441322347,0.6172640271727874,0.0,0.18896087720903015,0.0,0.03739401942951607,0.0,-0.048390248933123436,0.0,-0.016824810818397345,0.0,0.11183658505702142,0.0,0.14028979736420868,0.13777538434638947,0.23201893986908545,0.27216382982640847,0.17743279928861144,-0.03360918004826406,-0.04884021811008759,-0.006616422998428152,-0.0054543884039986385,0.06340380714129676,0.08496543541867539,0.020813181165656662,0.0674290846751977
2018-07-23,0.0,0.0,0.0,0.0,0.0,0.0,0.0,0.0,0.0,0.0,0.0,0.0,0.10795584659057665,0.6676318956710121,0.0,0.17219933604257376,0.0,0.03739401942951607,0.0,-0.024881610804181727,0.0,-0.016824810818397345,0.0,0.048866324506689554,0.0,0.06316211324273732,0.13099283107835136,0.23201893986908545,0.24100479171518868,0.17743279928861144,-0.007321637157512449,-0.04884021811008759,0.0,-0.0054543884039986385,0.051404894321865444,0.08496543541867539,0.020812744290405256,0.0674290846751977
2018-07-30,0.0,0.0,0.0,0.0,0.0,0.0,0.0,0.0,0.0,0.0,0.0,0.0,-0.014110282798548932,0.6574274815191637,0.0,0.11700959938976524,0.0,0.037272410562460855,0.0,-0.00823193992612358,0.0,-0.016824810818397345,0.0,0.0,0.0,0.009173585499247136,0.09789049209435421,0.23201893986908545,0.20058828836426562,0.17743279928861144,-0.0063715088398390626,-0.04884021811008759,0.0,-0.0054543884039986385,0.030082292857910135,0.08496543541867539,0.018576863587729336,0.0674290846751977
2018-08-06,0.0,0.1658151209725114,0.0,0.772554132572523,0.0,-0.06405517609032658,0.0,-0.05310312602050134,0.0,0.0,0.0,3.3261282809663103e-06,0.06380599058239705,0.6608411563443437,0.0,0.04145378024312785,0.0,0.19313853314313081,0.0,-0.01601379402258162,0.0,-0.01327578150512539,0.0,0.0,0.0,8.315320702415776e-07,0.08464500652600518,0.24477394917466325,0.15570844921746657,0.2368600402557286,-0.006355798086811535,-0.053767539347805024,0.0,-0.009539244251729511,0.027400468323825665,0.08496543541867539,0.008479332344101444,0.06742934053121932
2018-08-13,0.0,0.09647281174679255,0.0,0.1207745793659456,0.0,-1.08251038283269e-06,0.0,0.0,0.0,0.06602460288616162,0.0,0.06352252622577018,0.1605059644064602,0.6316981102825167,0.0,0.06557198317982599,0.0,0.22333217798461721,0.0,-0.016014064650177327,0.0,-0.01327578150512539,0.0,0.01650615072154042,0.0,0.015881463088512786,0.03724906980701817,0.2047989979746603,0.13463711931254208,0.22507906260972294,-0.006347082710141292,-0.05375890724116423,0.0,-0.009539244251729511,0.026836290059407315,0.08948007276088486,0.008479332344101444,0.0723156887024324
2018-08-20,0.0,0.015112838144792116,0.0,0.0,0.0,-0.38303428351799557,0.0,0.0,0.0,0.2842804027747131,0.0,0.5784038878304214,0.2943800050146018,0.6538881314209112,0.0,0.06935019271602401,0.0,0.22333217798461721,0.0,-0.11177263552967621,0.0,-0.01327578150512539,0.0,0.0875762514152187,0.0,0.16048243504611814,0.022167135073013856,0.19087958925179382,0.04865749077464231,0.13909943407182318,-0.006347082710141292,-0.08322308289639467,0.0,-0.009539244251729511,0.02678785294796619,0.11129935893980628,0.008479084098401127,0.11680804721291835
2018-08-27,0.0,0.1080303256727784,0.0,0.09137043377487464,0.0,-0.12953984510319913,0.0,-0.3555770675247359,0.0,0.1592208368229988,0.0,0.8403106856029837,0.3578488839801058,0.5671068109750992,0.0,0.09635777413421862,0.0,0.24617478642833587,0.0,-0.144157596805476,0.0,-0.10217004838630936,0.0,0.1273814606209684,0.0,0.3705601064468641,0.0,0.17702247923053216,0.0,0.09747043820294045,0.0,-0.08684060365573022,0.0,-0.03689132636901689,0.0,0.09675926267053231,0.0,0.17296824662243906
2018-09-03,0.09051299431101323,0.09051299431101323,0.02401903089704863,0.02401903089704863,-0.04668061470291289,-0.04668061470291289,0.0,0.0,0.16738190452724985,0.16738190452724985,0.20729201516212226,0.20729201516212226,0.6881340273233667,0.6712497737821291,0.022628248577753307,0.07753224246884408,0.006004757724262102,0.05904101100946727,-0.011670153675728306,-0.13981395645862257,0.0,-0.08889426688118403,0.04184547613181249,0.16922693675278086,0.051823003790530564,0.4223822787053244,0.006962538023924094,0.13858977189256072,0.0018476177613114331,0.08909955802526583,-0.003590816515608684,-0.08463224741151593,0.0,-0.03689132636901689,0.012875531117480767,0.1010449536455734,0.015945539627855575,0.18891378625029465
2018-09-10,0.04220564726810048,0.04220564726810048,0.21080896696514248,0.21080896696514248,-0.06062492289743912,-0.06062492289743912,-0.06691972677686064,-0.06691972677686064,0.1117710192646293,0.1117710192646293,0.4954733720850467,0.4954733720850467,0.6208737740551831,0.5876132369012548,0.033179660394778425,0.06396545134917105,0.05870699946554772,0.08154960790926649,-0.026826384400088086,-0.15496991655538664,-0.01672993169421516,-0.10562419857539919,0.06978823094796982,0.18066354084739777,0.17569134681179224,0.5303699901701435,0.010209126275316439,0.11273933509186168,0.01806369214324547,0.10531563240719986,-0.008254272123104001,-0.08103649367204316,-0.005147671290527742,-0.041761474122745175,0.02147330183014456,0.09795322564369885,0.05405887594208994,0.21124361567740463
2018-09-17,0.06325962305912285,0.06325962305912285,0.0672756095634239,0.0672756095634239,-0.0002609979393024384,-0.0002609979393024384,-0.37869289776078363,-0.37869289776078363,0.0,0.0,0.11910206984608714,0.11910206984608714,0.5987003411802723,0.45475654129749454,0.04899456615955914,0.07600214757775373,0.0755259018564037,0.09836851030012247,-0.026891633884913696,-0.05927659516071337,-0.11140315613441107,-0.2002974230155951,0.06978823094796982,0.10959344015371951,0.20546686427331404,0.41554453567405997,0.015075251126018197,0.10286560538547937,0.023238739032739618,0.11049067929669401,-0.008274348887665726,-0.06751983988415787,-0.034277894195203405,-0.07089169702742085,0.02147330183014456,0.09507885434644911,0.06322057362255819,0.22040515941058056
2018-09-24,0.014736756006571844,0.0,0.0009565652690578975,0.0,-0.3264717661941203,0.0,-0.6048953841518978,0.0,0.10013325008232696,0.0,0.00016829039392420454,0.0,0.5265752443266053,0.3985712815740101,0.0526787551612021,0.04899456615955914,0.07576504317366817,0.07552590185640382,-0.10850957543344378,-0.026891633884913585,-0.26262700217238555,-0.11140315613441112,0.09482154346855155,0.0697882309479698,0.20550893687179508,0.20546686427331404,0.01620884774190834,0.09770820810349277,0.023312320976513298,0.11049067929669401,-0.03338756167182883,-0.06028641276756043,-0.08080830836073402,-0.07089169702742085,0.029175859528785094,0.0757033895617316,0.06323351903747543,0.19667356429628166
2018-10-01,0.11957539158533503,0.0,0.12500090139062328,0.0,-0.1307085758417848,0.0,-0.3224583042361968,0.0,0.09630699759819956,0.0,0.0,0.0,0.550740377517152,0.5370039709898337,0.05994435447978255,0.02636631758180583,0.10101051079706183,0.06952114413214164,-0.12951656571816175,-0.015221480209185363,-0.34324157823143475,-0.11140315613441112,0.07705281673628898,0.02794275481615734,0.15368593308126452,0.15364386048278347,0.02540695478693411,0.0807267506718594,0.03292777492963817,0.11045326118375395,-0.04344206750581227,-0.05516343711277331,-0.10561279330197992,-0.07089169702742085,0.03658409011326198,0.06066759740582713,0.06323351903747543,0.180061709605977
2018-10-08,0.021634912840402167,0.0,0.026492373564191235,0.0,-0.3622877004182508,0.0,-0.30626195970513076,0.0,0.10249381701860476,0.0,0.08880942891636404,0.0,0.9504746794963129,0.7779723164768126,0.05480167087285798,0.015814905764780708,0.05493136244682403,0.01681890239085603,-0.20493226009836468,-6.524948482558185e-05,-0.40307713646350224,-0.09467322444019596,0.07473351617478285,0.0,0.05201994728909384,0.029775517461521784,0.02707117885158043,0.044723797013470075,0.03496564981919134,0.09898482716453524,-0.07131035215337003,-0.05263053252011989,-0.12917140558698997,-0.06571483216022167,0.04446822988392389,0.06066759740582713,0.07006501356950343,0.17723906791390093
2018-10-15,0.07101672956681468,0.0,0.1433428371599068,0.0,-0.24172283404248965,0.0,-0.9582141856333709,0.0,0.11215137797366927,0.0,0.16424782220397866,0.0,0.6832257651831987,0.6622820979011239,0.05674094749978093,0.0,0.07394816934594475,0.0,-0.2652977191241615,0.0,-0.5479574584316491,0.0,0.10277136066820017,0.0,0.06330638537856673,0.0,0.03253400420287387,0.044723797013470075,0.04599202190841494,0.09898482716453524,-0.08990441631048461,-0.05263053252011989,-0.2028801890972493,-0.06571483216022167,0.05309525895882153,0.06066759740582713,0.08269946143134795,0.17723906791390093
2018-10-22,0.2769291777151077,0.0,0.03948429527581901,0.0,-0.04591794901096488,0.0,-0.22701982301656481,0.0,1.669182827173273e-06,0.0,0.00023474659152060906,0.0,0.5828027792892219,0.6495704022115605,0.1222890529269149,0.0,0.08358010184763504,0.0,-0.19515926482837262,0.0,-0.4534885681478158,0.0,0.07773846544332522,0.0,0.06332299942796583,0.0,0.053836248642497544,0.044723797013470075,0.04902927539117025,0.09898482716453524,-0.093436566234405,-0.05263053252011989,-0.2203432524062158,-0.06571483216022167,0.05309538735750054,0.06066759740582713,0.0827175188614649,0.17723906791390093
2018-10-29,0.022727149000977373,0.0,0.0,0.0,-1.896536020744206e-06,0.0,0.0,0.0,0.06656939362027649,0.0,0.12670680381599916,0.0,0.7228437165751822,0.767324411084983,0.09807699228082549,0.0,0.05232987649997921,0.0,-0.1624825950019316,0.0,-0.3728739920887666,0.0,0.07030406444884445,0.0,0.09499970038196562,0.0,0.05558449087334195,0.044723797013470075,0.04902927539117025,0.09898482716453524,-0.0934367121217912,-0.05263053252011989,-0.2203432524062158,-0.06571483216022167,0.058216109943675654,0.06066759740582713,0.09246419607808024,0.17723906791390093
2018-11-05,0.000750117881853279,0.0,0.0,0.0,-0.46877630101209855,0.0,-0.7766355125376556,0.0,0.2958728274925474,0.0,0.12911619177955497,0.0,0.003710697446360034,0.7846194394540165,0.09285579354118827,0.0,0.0457067831089314,0.0,-0.18910474515039355,0.0,-0.49046738029689785,0.0,0.1186488170673301,0.0,0.10507639109776334,0.0,0.05564219224886913,0.03196878770789228,0.04902927539117025,0.03955758619741808,-0.12949642758426033,-0.047703211282402465,-0.2800844456783432,-0.0616299763124908,0.08097555821233314,0.06066759740582713,0.10239621083035369,0.17723881205787934
2018-11-12,0.08916597813739466,0.0,0.0,0.0,-0.7629178010373829,0.0,-0.15283672446352467,0.0,0.0031965907896045575,0.0,0.0,0.0,-0.06817818244048054,0.6224781790913729,0.09739310568383326,0.0,0.009871073818954697,0.0,-0.3194034868991169,0.0,-0.28912301500443627,0.0,0.09141012027131393,0.0,0.0640144355467687,0.0,0.06250111364405334,0.024547802188908233,0.04902927539117025,0.03026723393849919,-0.18818241227944363,-0.04770312801237302,-0.29184111679092195,-0.0616299763124908,0.0812214498115335,0.055588781799199315,0.10239621083035369,0.17235246388666622
2018-11-19,0.0,0.0,0.0,0.0,-0.19527796606442427,0.0,-0.1423226897916564,0.0,0.10462129058523699,0.0,0.0,0.0,-0.11299858898644999,0.5479583400662091,0.028160811255056328,0.0,0.0,0.0,-0.3567434911624817,0.0,-0.26794873169820915,0.0,0.11756502562191638,0.0,0.06395574889888853,0.0,0.06250111364405334,0.02338527617777038,0.04902927539117025,0.03026723393849919,-0.20320379428439936,-0.018238952357142582,-0.30278901600566477,-0.0616299763124908,0.08926924139501327,0.03372105850883677,0.10239621083035369,0.12785985713047998
2018-11-26,0.013115868586467218,0.0,2.2065450207961333e-06,0.0,-0.030807803382055257,0.0,0.0,0.0,0.11821704940935614,0.0,0.05827184248305251,0.0,-0.07751517346803109,0.5725489920021164,0.025757991151428787,0.0,5.516362551435222e-07,0.0,-0.3644449678739904,0.0,-0.26794873169820915,0.0,0.1304769395691863,0.0,0.04684700856565187,0.0,0.06351002661224311,0.015075251126018195,0.049029445125402624,0.0232387390327396,-0.20557362531378823,-0.008274348887665726,-0.30278901600566477,-0.034277894195203426,0.09836286058034836,0.02147330183014455,0.10687866025212697,0.06322057362255816
2018-12-03,0.0,0.0,0.0,0.0,0.0,0.0,0.0,0.0,0.0,0.0,0.0,0.0,-0.4596047505396737,0.2918797270257225,0.025570461680965467,0.0,5.516362551435222e-07,0.0,-0.2472508926209657,0.0,-0.07378985356379528,0.0,0.056508732696049446,0.0,0.014567960620763128,0.0,0.056547488588319025,0.008112713102094101,0.04718182736409119,0.021391121271428164,-0.20198280879817954,-0.004683532372057043,-0.30278901600566477,-0.034277894195203426,0.0854873294628676,0.008597770712663792,0.0909331206242714,0.047275033994702606
2018-12-10,0.0,0.0,0.0,0.0,0.0,0.0,0.0,0.0,0.0,0.0,0.0,0.0,-0.4566023240570125,0.33375489159418487,0.0032789671466168045,0.0,5.516362551435222e-07,0.0,-0.05652144236161996,0.0,-0.0355806724479141,0.0,0.05570958499864831,0.0,0.014567960620763128,0.0,0.05330090033692668,0.004866124850701757,0.03096575298215715,0.005175046889494129,-0.19731935319068422,-2.0076764561726032e-05,-0.29764134471513704,-0.029130222904675682,0.0768895587502038,0.0,0.05281978431003704,0.00916169768046824
2018-12-17,0.0,0.0,0.0,0.0,0.0,0.0,0.0,0.0,0.0,0.0,0.0,0.0,-0.37000327608245737,0.15600408132915175,0.0032789671466168045,0.0,5.516362551435222e-07,0.0,-0.0077019508455138976,0.0,0.0,0.0,0.029554262352339062,0.0,0.014567960620763128,0.0,0.04843477548622492,0.0,0.025790706092663002,0.0,-0.19729927642612252,0.0,-0.2685111218104614,0.0,0.0768895587502038,0.0,0.04365808662956879,0.0
2018-12-24,0.0,0.0,0.0,0.0,0.0,0.0,0.0,0.0,0.0,0.0,0.0,0.0,-0.022664722529999737,0.2389252788219226,0.0,0.0,0.0,0.0,0.0,0.0,0.0,0.0,0.0,0.0,0.0,0.0,0.047301178870334776,0.0,0.025717124148889322,0.0,-0.1721860636419594,0.0,-0.22198070764493077,0.0,0.06918700105156327,0.0,0.043645141214651545,0.0
2018-12-31,0.0,0.0,0.0,0.0,0.0,0.0,0.0,0.0,0.0,0.0,0.0,0.0,-0.09540571959849375,0.09158731614436169,0.0,0.0,0.0,0.0,0.0,0.0,0.0,0.0,0.0,0.0,0.0,0.0,0.038103071825309004,0.0,0.01610167019576445,0.0,-0.16213155780797595,0.0,-0.19717622270368487,0.0,0.06177877046708638,0.0,0.043645141214651545,0.0
2019-01-07,0.0,0.0,0.0,0.0,0.0,0.0,0.0,0.0,0.0,0.0,0.0,0.0,0.02596207176722194,-0.28505682722780606,0.0,0.0,0.0,0.0,0.0,0.0,0.0,0.0,0.0,0.0,0.0,0.0,0.03643884776066269,0.0,0.014063795306211277,0.0,-0.13426327316041817,0.0,-0.17361761041867482,0.0,0.053894630696424466,0.0,0.03681364668262355,0.0
2019-01-14,0.0,0.0,0.0,0.0,0.0,0.0,0.0,0.0,0.0,0.0,0.0,0.0,0.07428944707143749,-0.23685521537053186,0.0,0.0,0.0,0.0,0.0,0.0,0.0,0.0,0.0,0.0,0.0,0.0,0.03097602240936925,0.0,0.0030374232169876774,0.0,-0.11566920900330359,0.0,-0.09990882690841549,0.0,0.045267601621526835,0.0,0.024179198820779037,0.0
2019-01-21,0.0,0.0,0.0,0.0,0.0,0.0,0.0,0.0,0.0,0.0,0.0,0.0,-0.19122249454000106,-0.23678222567974663,0.0,0.0,0.0,0.0,0.0,0.0,0.0,0.0,0.0,0.0,0.0,0.0,0.00967377796974558,0.0,1.6973423236893332e-07,0.0,-0.11213705907938322,0.0,-0.08244576359944897,0.0,0.04526747322284782,0.0,0.02416114139066207,0.0
2019-01-28,0.0,0.0,0.0,0.0,0.0,0.0,0.0,0.0,0.0,0.0,0.0,0.0,-0.48920081210907773,-0.43692534316458237,0.0,0.0,0.0,0.0,0.0,0.0,0.0,0.0,0.0,0.0,0.0,0.0,0.007925535738901165,0.0,1.6973423236893332e-07,0.0,-0.112136913191997,0.0,-0.08244576359944897,0.0,0.04014675063667271,0.0,0.014414464174046746,0.0
2019-02-04,0.0,0.0,0.0,0.0,0.0,0.0,0.0,0.0,0.0,0.0,0.0,0.0,-0.17446983368123506,-0.39876330339165983,0.0,0.0,0.0,0.0,0.0,0.0,0.0,0.0,0.0,0.0,0.0,0.0,0.00786783436337399,0.0,1.6973423236893332e-07,0.0,-0.07607719772952788,0.0,-0.022704570327321625,0.0,0.017387302368015216,0.0,0.004482449421773288,0.0
2019-02-11,0.0,0.0,0.0,0.0,0.0,0.0,0.0,0.0,0.0,0.0,0.0,0.0,-0.06318398445839564,-0.29143110049568793,0.0,0.0,0.0,0.0,0.0,0.0,0.0,0.0,0.0,0.0,0.0,0.0,0.001008912968189786,0.0,1.6973423236893332e-07,0.0,-0.01739121303434458,0.0,-0.0109478992147428,0.0,0.017141410768814865,0.0,0.004482449421773288,0.0
2019-02-18,0.0,0.0,0.0,0.0,0.0,0.0,0.0,0.0,0.0,0.0,0.0,0.0,0.024227454683431102,-0.14499880576042182,0.0,0.0,0.0,0.0,0.0,0.0,0.0,0.0,0.0,0.0,0.0,0.0,0.001008912968189786,0.0,1.6973423236893332e-07,0.0,-0.002369831029388866,0.0,0.0,0.0,0.009093619185335095,0.0,0.004482449421773288,0.0
2019-02-25,0.0,0.0,0.0,0.0,0.0,0.0,0.0,0.0,0.0,0.0,0.0,0.0,0.141490356581101,-0.2628954463057741,0.0,0.0,0.0,0.0,0.0,0.0,0.0,0.0,0.0,0.0,0.0,0.0,0.0,0.0,0.0,0.0,0.0,0.0,0.0,0.0,0.0,0.0,0.0,0.0
2019-03-04,0.0,0.0,0.0,0.0,0.0,0.0,0.0,0.0,0.0,0.0,0.0,0.0,0.046364617403814964,-0.16173581730316544,0.0,0.0,0.0,0.0,0.0,0.0,0.0,0.0,0.0,0.0,0.0,0.0,0.0,0.0,0.0,0.0,0.0,0.0,0.0,0.0,0.0,0.0,0.0,0.0
2019-03-11,0.0,0.0,0.0,0.0,0.0,0.0,0.0,0.0,0.0,0.0,0.0,0.0,0.10483025134217927,-0.05548910360869254,0.0,0.0,0.0,0.0,0.0,0.0,0.0,0.0,0.0,0.0,0.0,0.0,0.0,0.0,0.0,0.0,0.0,0.0,0.0,0.0,0.0,0.0,0.0,0.0
2019-03-18,0.0,0.0,0.0,0.0,0.0,0.0,0.0,0.0,0.0,0.0,0.0,0.0,-0.062160456708636784,-0.08012314935041126,0.0,0.0,0.0,0.0,0.0,0.0,0.0,0.0,0.0,0.0,0.0,0.0,0.0,0.0,0.0,0.0,0.0,0.0,0.0,0.0,0.0,0.0,0.0,0.0
2019-03-25,0.0,0.0,0.0,0.0,0.0,0.0,0.0,0.0,0.0,0.0,0.0,0.0,-0.19702536135963214,-0.22774257464789807,0.0,0.0,0.0,0.0,0.0,0.0,0.0,0.0,0.0,0.0,0.0,0.0,0.0,0.0,0.0,0.0,0.0,0.0,0.0,0.0,0.0,0.0,0.0,0.0
2019-04-01,0.11401081444955001,0.0,1.8997024890101735e-06,0.0,-0.0768348923166893,0.0,0.0,0.0,0.00020644172352049492,0.0,8.923110075349375e-05,0.0,-0.06474007956532656,-0.2483048743213894,0.028502703612387503,0.0,4.7492562219703223e-07,0.0,-0.01920872307917241,0.0,0.0,0.0,5.161043088015149e-05,0.0,2.2307775188373438e-05,0.0,0.008770062649965386,0.0,1.4613096069309028e-07,0.0,-0.005910376332053023,0.0,0.0,0.0,1.588013257850815e-05,0.0,6.863930827208908e-06,0.0
2019-04-08,0.07297875431426337,0.0,0.0,0.0,-0.15512023135824407,0.0,0.0,0.0,0.16216589610714824,0.0,0.3412138342574298,0.0,-0.18378055653084263,-0.09797468547531796,0.04674739219095335,0.0,4.7492562219703223e-07,0.0,-0.057988780918733426,0.0,0.0,0.0,0.04059308445766721,0.0,0.08532576633954582,0.0,0.0143838129818318,0.0,1.4613096069309028e-07,0.0,-0.01784270182114872,0.0,0.0,0.0,0.012490179833128372,0.0,0.0262540819506295,0.0
2019-04-15,0.2602479275925698,0.0,0.38071767806541545,0.0,-0.015212679372168011,0.0,0.0,0.0,0.120707431588811,0.0,0.31675154941694306,0.0,0.2303872020768531,-0.007597417796479216,0.1118093740890958,0.0,0.09517989444197605,0.0,-0.06179195076177543,0.0,0.0,0.0,0.07076994235486997,0.0,0.16451365369378157,0.0,0.0344028843351064,0.0,0.02928612136676188,0.0,-0.019012907926700108,0.0,0.0,0.0,0.021775366878421527,0.0,0.05061958575193281,0.0
2019-04-22,0.09218586608226939,0.0,0.0758559139404332,0.0,-0.008457282848288504,0.0,-0.0008007258717127407,0.0,0.107368205910954,0.0,4.5874657868096094e-05,0.0,0.3550428006328698,0.030231590102385485,0.13485584060966316,0.0,0.11414387292708436,0.0,-0.06390627147384756,0.0,-0.00020018146792818517,0.0,0.09761199383260846,0.0,0.16452512235824862,0.0,0.04149410480297328,0.0,0.035121191669872126,0.0,-0.019663468145799223,0.0,-6.159429782405698e-05,0.0,0.030034459640802605,0.0,0.050623114571768824,0.0
2019-04-29,0.03701467591171283,0.0,0.004458283487381238,0.0,-0.3957229061440081,0.0,-0.17716037630721648,0.0,0.00585988329770541,0.0,0.0,0.0,0.7616552624811783,0.306000205489901,0.11560680597520386,0.0,0.11525796887330741,0.0,-0.14362827493067726,0.0,-0.044490275544732304,0.0,0.0990253542261547,0.0,0.16450281458306024,0.0,0.044341387565412727,0.0,0.03546413655351684,0.0,-0.050103691695338314,0.0,-0.013689315552225325,0.0,0.03048521989447225,0.0,0.050623114571768824,0.0
2019-05-06,0.0273921978564068,0.0,0.11994193682276011,0.0,-0.3555316036865336,0.0,-0.39266310179754954,0.0,0.03373205488309714,0.0,0.0677289449466682,0.0,0.848704051753398,0.4445877421097353,0.10421016686073971,0.0,0.14524345307899744,0.0,-0.19373111801274967,0.0,-0.14265605099411968,0.0,0.06691689392014191,0.0,0.09613159225536984,0.0,0.046448479708213246,0.0,0.04469043938603685,0.0,-0.07745227659430243,0.0,-0.04389416953665221,0.0,0.03307999334701818,0.0,0.05583303341382022,0.0
2019-05-13,0.15759249697409938,0.15759249697409938,0.0,0.0,-0.0653972750063458,-0.0653972750063458,0.0,0.0,0.10365478636703485,0.10365478636703485,0.07593527643547465,0.07593527643547465,0.9476793270989431,0.5195128454729865,0.0785463092061221,0.039398124243524846,0.05006403356264358,0.0,-0.20627726692129408,-0.016349318751586423,-0.1426560509941197,0.0,0.06265373261469788,0.025913696591758725,0.03592752401000274,0.018983819108868663,0.05857097947545166,0.012122499767238414,0.04469043938603685,0.0,-0.08248283621017519,-0.005030559615872754,-0.04389416953665222,0.0,0.04105343845217471,0.007973445105156527,0.06167420852424135,0.005841175110421127
2019-05-20,0.008922369573872671,0.008922369573872671,0.06817664008884974,0.06817664008884974,-0.4225923394666301,-0.4225923394666301,-0.16201026510468047,-0.16201026510468047,0.14614074937190533,0.14614074937190533,0.27196833775159057,0.27196833775159057,1.375027188947948,0.7436848488911604,0.057730435079022924,0.04162871663699301,0.048144215099747714,0.01704416002221249,-0.3098110310758795,-0.12199740361824395,-0.18295843580236162,-0.040502566276170174,0.07234686847993571,0.06244888393473506,0.10390813978343336,0.0869759035467663,0.0592573155965188,0.012808835888305541,0.04993479631594836,0.0052443569299115015,-0.11498993924606982,-0.037537662651767376,-0.05635649762162764,-0.012462328084975438,0.05229503455770589,0.019215041210687706,0.08259484988974831,0.026761816475928093
2019-05-27,0.08529336449777379,0.08529336449777379,0.04347405480822286,0.04347405480822286,-0.1978561612813296,-0.1978561612813296,-0.10463904375183539,-0.10463904375183539,0.009990384789655235,0.009990384789655235,0.01573904082469703,0.01573904082469703,1.3083951235315345,0.8577970593826685,0.06980010722553817,0.06295205776143646,0.05789815792995813,0.027912673724268207,-0.26034434486020985,-0.17146144393857635,-0.16482810266351636,-0.06666232721412901,0.07337949385292317,0.06494648013214886,0.10784289998960761,0.09091066375294056,0.06581834363480908,0.019369863926595836,0.05327895437811935,0.008588514992082491,-0.13020964396001825,-0.052757367365715804,-0.06440565483330728,-0.020511485296655082,0.05306352569537168,0.01998353234835349,0.08380554533780193,0.02797251192398171
2019-06-03,0.0,0.14885264087922465,0.0,0.0,0.0,-0.09166338035143345,0.0,-0.10389063992836237,0.0,0.2421885917356719,0.0,0.16917721381324266,1.2014866532382873,0.9258497512435003,0.06295205776143648,0.10016521798124262,0.027912673724268096,0.027912673724268207,-0.17146144393857649,-0.1943772890264347,-0.06666232721412899,-0.09263498719621961,0.06494648013214889,0.12549362806606684,0.09091066375294056,0.13320496720625125,0.06581834363480908,0.030820067071151574,0.05327895437811935,0.008588514992082491,-0.13020964396001825,-0.05980839662351838,-0.06440565483330728,-0.02850307298345219,0.05306352569537168,0.03861342402032826,0.08380554533780193,0.040986143755769616
2019-06-10,0.0,0.08348589943973059,0.0,0.17794817255224368,0.0,-0.22084241577477562,0.0,-0.9153258930424854,0.0,0.04885178565172753,0.0,0.23082479530201552,1.2769927876916665,0.9730093373609783,0.023553933517911615,0.08163856859765042,0.027912673724268096,0.07239971686232913,-0.15511212518699002,-0.23323857421854216,-0.06666232721412899,-0.32146646045684096,0.039032783540390165,0.11179287788724002,0.0719268446440719,0.17192734692288644,0.06581834363480908,0.03724205933574624,0.05327895437811935,0.0222768359576397,-0.13020964396001825,-0.07679627476003958,-0.06440565483330728,-0.09891275706364337,0.05306352569537168,0.04237125368584575,0.08380554533780193,0.058741897240540034
2019-06-17,0.0,0.0,0.0,0.0,0.0,-0.3054098505584534,0.0,-0.6674998853554639,0.0,0.11152129089224525,0.0,0.22008099860360317,1.0709276652039028,1.221259946360184,0.021323341124443448,0.07940797620418226,0.01086851370205566,0.05535555684011669,-0.0494640403203325,-0.203942951991498,-0.02615976093795886,-0.4478388655195368,0.0024975961974138365,0.10313801326732498,0.003934760206174257,0.1589555121358896,0.06581834363480908,0.03724205933574624,0.05327895437811935,0.0222768359576397,-0.13020964396001825,-0.10028934018761292,-0.06440565483330728,-0.15025890209098675,0.05306352569537168,0.05094981452371077,0.08380554533780193,0.07567120482543259
2019-06-24,0.0,0.10093340018388686,0.0,0.03398461943305993,0.0,-0.17573347146476406,0.0,-0.26971815205768135,0.0,0.006541506188840119,0.0,0.0,0.8432984736127,1.2803140617440987,0.0,0.08331798512571052,0.0,0.05298319799632596,0.0,-0.1984122795373566,0.0,-0.4891086425959983,0.0,0.10227579361712122,0.0,0.15502075192971534,0.06581834363480908,0.04500616704219907,0.05327895437811935,0.02489103745249046,-0.13020964396001825,-0.11380729953105631,-0.06440565483330728,-0.1710064522492699,0.05306352569537168,0.051453007307467706,0.08380554533780193,0.07567120482543259
2019-07-01,0.0,0.06172205321036643,0.0,0.054663362678151875,0.0,-0.07583856499492157,0.0,-0.03239065718719626,0.0,0.07522520388753431,0.0,0.0,0.9636001929080994,1.342422262451612,0.0,0.061535338208495965,0.0,0.06664903866586393,0.0,-0.19445607569822865,0.0,-0.4712336469107068,0.0,0.06053494665508681,0.0,0.11272644847640467,0.057048280984843706,0.04975401728915033,0.05327880824715866,0.029095911504655993,-0.12429926762796521,-0.11964103529989643,-0.06440565483330728,-0.17349804126366963,0.05304764556279318,0.05723956145266266,0.08379868140697475,0.07567120482543259
2019-07-08,0.0,0.015317570207747037,0.0,4.0052198289726085e-05,0.0,-0.18882962598116781,0.0,-0.06889716422023763,0.0,0.018440087337489877,0.0,0.07706603335094422,0.9783505432753967,1.2924604642818767,0.0,0.04449325590050008,0.0,0.02217200857737544,0.0,-0.18645287824982668,0.0,-0.25962646470514483,0.0,0.0529320220765274,0.0,0.07428675798863685,0.05143453065297728,0.05093229192051549,0.05327880824715866,0.029098992442985968,-0.11236694213886952,-0.13416639114460163,-0.06440565483330728,-0.17879782312676484,0.04057334586224331,0.05865802970939264,0.05755146338717246,0.08159936123704367
2019-07-15,0.0,0.0,0.0,0.0,0.0,0.0,0.0,0.0,0.0,0.0,0.0,0.0,0.7004404502714547,1.2916848449226015,0.0,0.04449325590050008,0.0,0.02217200857737544,0.0,-0.11010041561021333,0.0,-0.09275149336627883,0.0,0.02505169935346609,0.0,0.019266508337736056,0.03141545929970268,0.05093229192051549,0.023992833011357476,0.029098992442985968,-0.11119673603331813,-0.13416639114460163,-0.06440565483330728,-0.17879782312676484,0.03128815881695016,0.05865802970939264,0.03318595958586913,0.08159936123704367
2019-07-22,0.0,0.0,0.0,0.0,0.0,0.0,0.0,0.0,0.0,0.0,0.0,0.0,0.3380086300150545,1.2279889273667255,0.0,0.019259905854528366,0.0,0.013675853719110455,0.0,-0.06616704774402232,0.0,-0.0253219553518585,0.0,0.023416322806256062,0.0,0.019266508337736056,0.024324238831835807,0.05093229192051549,0.018157762708247226,0.029098992442985968,-0.11054617581421901,-0.13416639114460163,-0.06434406053548322,-0.17879782312676484,0.023029066054569083,0.05865802970939264,0.033182430766033125,0.08159936123704367
2019-07-29,0.0,0.0,0.0,0.0,0.0,0.0,0.0,0.0,0.0,0.0,0.0,0.0,0.2233814551054473,1.1220957303212724,0.0,0.0038293925519367594,0.0,1.0013049572487032e-05,0.0,-0.047207406495291926,0.0,-0.017224291055059435,0.0,0.004610021834372483,0.0,0.019266508337736056,0.021476956069396355,0.05093229192051549,0.01781481782460252,0.029098992442985968,-0.08010595226467992,-0.13416639114460163,-0.050716339281081955,-0.17879782312676484,0.022578305800899437,0.05865802970939264,0.033182430766033125,0.08159936123704367
2019-08-05,0.0,0.07357495741122037,0.0,2.7704080700110885e-06,0.0,-0.010972991043188926,0.0,0.0,0.0,0.004553450010347674,0.0,0.022328505961773146,0.15599713803425133,1.0476412304570053,0.0,0.018393739352805093,0.0,6.926020175582833e-07,0.0,-0.0027432477607972038,0.0,0.0,0.0,0.0011383625025869323,0.0,0.005582126490443286,0.019369863926595836,0.05659190402907091,0.008588514992082508,0.029099205551299044,-0.052757367365715804,-0.1350104673786931,-0.02051148529665507,-0.17879782312676484,0.019983532348353504,0.059008295094804,0.027972511923981726,0.08331693861871854
2019-08-12,0.0,0.16256671761854813,0.0,0.06151325520754039,0.0,-0.11487192314460952,0.0,-0.17005414368816257,0.0,0.15205733824546622,0.0,0.12246842969399714,0.28119962823907296,0.9885656025055557,0.0,0.05903541875744213,0.0,0.015379006403902657,0.0,-0.031461228546949584,0.0,-0.04251353592204067,0.0,0.03915269706395349,0.0,0.03619923391394257,0.0072473641593574206,0.0569745363863362,0.008588514992082508,0.03383099441341754,-0.04772680774984305,-0.13881620954317492,-0.02051148529665507,-0.19187891110277736,0.012010087243196974,0.0627315683162218,0.022131336813560602,0.08689641194629719
2019-08-19,0.0,0.08479807122907371,0.0,0.0038181490153627634,0.0,-0.08280435083247015,0.0,-0.008296744129535266,0.0,0.07781441549585216,0.0,0.026102553377007558,0.429086781894232,0.7422424244322308,0.0,0.08023493656471056,0.0,0.01633354365774335,0.0,-0.05216231625506712,0.0,-0.04458772195442449,0.0,0.05860630093791653,0.0,0.04272487225819446,0.006561028038290292,0.06281112882135166,0.0033441580621709896,0.028880341253918536,-0.01521970471394843,-0.11267867195593186,-0.008049157211679649,-0.18005479410468925,0.0007684911376657958,0.05747569647960233,0.0012106954480536347,0.0679836593020985
2019-08-26,0.0,0.16103163027227518,0.0,0.0053743068004241945,0.0,-0.27099538371114185,0.0,-0.050185453362724196,0.0,0.2298004962570544,0.0,0.10620415187379714,0.5319361863437834,0.7222648815602405,0.0,0.12049284413277936,0.0,0.017677120357849397,0.0,-0.11991116218285258,0.0,-0.05713408529510554,0.0,0.11605642500218014,0.0,0.06927591022664376,0.0,0.06863714926554407,0.0,0.0259495914071648,0.0,-0.11830476598899434,0.0,-0.1758660563824499,0.0,0.07438416659247918,0.0,0.07494251399818312
2019-09-02,0.19363284766718517,0.19363284766718517,0.034996271054164765,0.034996271054164765,-0.00016477832174473475,-0.00016477832174473475,-0.00013637535548501306,-0.00013637535548501306,0.01665945660703973,0.01665945660703973,0.05762941576412547,0.05762941576412547,0.5213074064899573,0.6338346234626382,0.04840821191679629,0.15050731669677053,0.008749067763541136,0.026425495519373086,-4.119458043628083e-05,-0.11720910900249153,-3.409383887126714e-05,-0.05716817913397679,0.00416486415175996,0.11908292665135314,0.014407353941031367,0.07810113767723183,0.01489483443593732,0.07208178055692566,0.0026920208503203665,0.028641612257485162,-1.267525551882575e-05,-0.11126641198671058,-1.049041196038989e-05,-0.16788495910761322,0.0012814966620799879,0.05703577158258441,0.004433031981855822,0.06636191414825103
2019-09-09,0.24150020725728288,0.24150020725728288,0.31735298418117464,0.31735298418117464,-0.0048668110210528664,-0.0048668110210528664,0.0,0.0,0.1610074355677009,0.1610074355677009,0.3671270221292546,0.3671270221292546,0.6482109511302849,0.697343338643698,0.10878326373111702,0.17024068910645423,0.08808731380883479,0.09038542776278165,-0.0012578973356994975,-0.08970783097160237,-3.409383887126714e-05,-0.014654643211936146,0.044416723043685186,0.12132045098191183,0.106189109473345,0.1392657857860462,0.03347177345572831,0.08423672731212198,0.027103788864256875,0.03936505930586447,-0.00038704533406135397,-0.09465290392873192,-1.049041196038989e-05,-0.09747527502742202,0.013666684013441595,0.06566312926842852,0.03267357214564463,0.07684670082726942
2019-09-16,0.2907306105793455,0.2907306105793455,0.5132217077006751,0.5132217077006751,-0.009404566145037456,-0.009404566145037456,-0.021092702903601563,-0.021092702903601563,0.20395763449107168,0.20395763449107168,0.1103663208270917,0.1103663208270917,0.6041430043278194,0.5380537670514157,0.18146591637595338,0.22172382394402218,0.21639274073400355,0.21773631743410973,-0.003609038871958861,-0.0713578847997442,-0.005307269564771658,-0.01785363290545272,0.0954061316664531,0.15285625573071668,0.13378068968011794,0.16033172764856723,0.055835666577216427,0.1066006204336101,0.0665823817643088,0.0788436522059164,-0.001110473499064235,-0.07188326666616146,-0.001633006019929741,-0.047751645608047996,0.02935573282044711,0.072773617237569,0.041163289132344,0.06840711022907622
2019-09-23,0.029636033601589007,0.0,0.373839347342956,0.0,-0.21508126159638302,0.0,-0.06907245816900556,0.0,0.10927889373163943,0.0,1.2588241143980927,0.0,0.5106462049126235,0.6022010730059539,0.18887492477635065,0.18146591637595338,0.30985257756974255,0.2163927407340037,-0.05737935427105462,-0.0036090388719587363,-0.022575384107023047,-0.005307269564771672,0.12272585509936296,0.09540613166645309,0.44848671827964115,0.13378068968011794,0.058115361469646354,0.09883651272715727,0.09533925463684388,0.07622945071106563,-0.017655185929555235,-0.058365307322718066,-0.006946272032930168,-0.027004095449764818,0.037761801569034754,0.07227042445381207,0.13799591331681266,0.06840711022907622
2019-09-30,0.0935239592663232,0.0,0.23009231254671028,0.0,-0.002315063182747503,0.0,-0.33050540238932224,0.0,0.2979464370565182,0.0,0.066491751502747,0.0,0.7271637405825325,0.5681537380350103,0.16384770267613516,0.1330577044591571,0.35862658794287894,0.2076436729704625,-0.0579169254863053,-0.0035678442915225528,-0.10516764086548236,-0.0052731757259004185,0.1930476002117326,0.09124126751469316,0.45070230221429647,0.11937333573908657,0.06530951218244044,0.094088662480206,0.11303866329428312,0.07202457665890011,-0.017833267712843506,-0.05253157155387795,-0.03236976452441649,-0.024512506435365105,0.060680758265690006,0.06648387030861712,0.1431106634324086,0.06840711022907622
2019-10-07,0.003944260653081242,0.0,0.0,0.0,-0.21433252389908494,0.0,-0.951117513402703,0.0,0.2747773630379788,0.0,0.6199916014648752,0.0,0.47580648719949653,0.5518547432220327,0.10445871602508473,0.07268265264483638,0.2792883418975853,0.12830542692516883,-0.11028335370581333,-0.0023511415362593357,-0.3429470192161581,-0.0052731757259004185,0.22149008207930204,0.050989408622767934,0.5139184470482017,0.027591580206772926,0.06561291684806207,0.09291038784884084,0.11303866329428312,0.07202149572057012,-0.03432038493585004,-0.03800621570917273,-0.10553265017077827,-0.019212724572269902,0.08181747849938067,0.06506540205188714,0.19080232508355285,0.06247895381746513
2019-10-14,0.00029159084112376693,0.0,0.0,0.0,-0.26069905905343743,0.0,-0.023965532486755033,0.0,0.15115365156108798,0.0,0.010508572229869137,0.0,0.5385452046835012,0.465251784655051,0.0318489610905293,0.0,0.1509829149724165,0.0,-0.17310697693291333,0.0,-0.34366522661194643,0.0,0.20828908634680615,0.0,0.48895400989889604,0.0,0.0656353469127639,0.09291038784884084,0.11303866329428312,0.07202149572057012,-0.05437415870919138,-0.03800621570917273,-0.10737615266975942,-0.019212724572269902,0.09344468246561823,0.06506540205188714,0.1916106767935428,0.06247895381746513
2019-10-21,0.005482208189223376,0.0,0.023164246295037078,0.0,-0.4782620090048699,0.0,-0.170127959285416,0.0,0.376148593336624,0.0,0.21523374529467432,0.0,0.6470011519164156,0.650993254820828,0.025810504737437897,0.0,0.06331413971043678,0.0,-0.23890216378503504,0.0,-0.3689291018910491,0.0,0.2750065112480523,0.0,0.2280564176230414,0.0,0.06605705523501185,0.09291038784884084,0.11482052839390137,0.07202149572057012,-0.0911635440172583,-0.03800621570917273,-0.12046291876863759,-0.019212724572269902,0.12237918964535853,0.06506540205188714,0.20816711873928698,0.06247895381746513
2019-10-28,0.020698120277426246,0.0,2.712957645731144e-06,0.0,-0.12124337449684294,0.0,-1.4834189615415994,0.0,0.020349268445128188,0.0,0.0,0.0,0.2523539122855973,0.6620292112131011,0.0076040449902136575,0.0,0.005791739813170647,0.0,-0.2686342416135589,0.0,-0.6571574916791183,0.0,0.20560721909520477,0.0,0.21143347974735466,0.0,0.0676492183332754,0.09291038784884084,0.11482073708295104,0.07202149572057012,-0.10048995744009237,-0.03800621570917273,-0.23457206965645291,-0.019212724572269902,0.12394451798729146,0.06506540205188714,0.20816711873928698,0.06247895381746513
2019-11-04,0.137108987505635,0.0,0.0657476015069243,0.0,-0.32451985712515213,0.0,-0.891681535955666,0.0,0.0,0.0,0.0,0.0,-0.17123341587338628,0.4994351740016062,0.04089522670335209,0.0,0.02222864018990172,0.0,-0.2961810749200757,0.0,-0.6422984973173591,0.0,0.1369128783357101,0.0,0.056435579381135866,0.0,0.07819606352601657,0.08725077574028542,0.11987824489117599,0.07202128261225706,-0.12545302337279637,-0.03716213947508128,-0.303162957037658,-0.019212724572269902,0.12394451798729146,0.06471513666647578,0.20816711873928698,0.06076137643579027
2019-11-11,0.043233645793990014,0.0,0.1693997331921511,0.0,-0.4788249192615022,0.0,-0.535606115381863,0.0,0.009368671564635847,0.0,0.028329618961983875,0.0,-0.27255948131331786,0.3524787686129872,0.05163074044156865,0.0,0.0645785734879395,0.0,-0.3507125399720919,0.0,-0.7702086430411361,0.0,0.10146663333659703,0.0,0.06089084106416455,0.0,0.08152172858709271,0.07474564361578172,0.13290899359826452,0.06728949375013855,-0.162285709469835,-0.0283258376947267,-0.3443634274516475,-0.006131636596257396,0.12466518503072499,0.053018418339901445,0.21034632019790112,0.0513407279977905
2019-11-18,0.0706801942422988,0.0,0.020440096715958023,0.0,-0.0006297803853873885,0.0,0.0,0.0,3.364063396527842e-05,0.0,0.0,0.0,-0.5950806281202196,0.22186983078942019,0.0679302369548375,0.0,0.06389753609316973,0.0,-0.23130448281722127,0.0,-0.727676653219782,0.0,0.007437895160932356,0.0,0.007082404740495969,0.0,0.0869586666057311,0.06822271505969914,0.13448130873026132,0.06699578997972604,-0.16233415411486482,-0.021956272246075145,-0.3443634274516475,-0.005493425509370068,0.12466777277179925,0.04703269407098975,0.21034632019790112,0.049332839276482215
2019-11-25,0.015572941843987553,0.0,0.004074644236064732,0.0,-0.12097072846032789,0.0,-0.1984092704488074,0.0,0.1378186381518751,0.0,1.0028308323618633,0.0,-0.4889901969332767,0.2672972720197189,0.06664894234647784,0.0,0.06491551891277447,0.0,-0.23123632130809252,0.0,-0.4064242304465841,0.0,0.03680523758761908,0.0,0.2577901128309618,0.0,0.08815658520911475,0.055835666577216427,0.13479474290226628,0.06658238176430879,-0.17163959476565926,-0.001110473499064235,-0.35962567902463266,-0.0016330060199297451,0.13526920647578963,0.0293557328204471,0.287487153456506,0.041163289132343975
2019-12-02,0.0,0.0,0.0,0.0,0.0,0.0,0.0,0.0,0.0,0.0,0.0,0.0,-0.5215918056232963,0.16368732793114055,0.03237169547006909,0.0,0.048478618536043405,0.0,-0.15010635702680447,0.0,-0.1835038464576676,0.0,0.03680523758761908,0.0,0.2577901128309618,0.0,0.07326175077317744,0.04094083214127911,0.13210272205194593,0.06389036091398842,-0.17162691951014045,-0.0010977982435454094,-0.3596151886126723,-0.0016225156079693595,0.13398770981370964,0.028074236158367124,0.2830541214746502,0.03673025715048817
2019-12-09,0.0,0.0,0.0,0.0,0.0,0.0,0.0,0.0,0.0,0.0,0.0,0.0,-0.34220398354731096,0.03241562576796673,0.021563284021571587,0.0,0.0061286852380056335,0.0,-0.03040012721142893,0.0,-0.04960231761220185,0.0,0.034463069696460125,0.0,0.25070770809046583,0.0,0.054684811753386436,0.022363893121488114,0.1076909540380094,0.039478592900051915,-0.17125254943159793,-0.0007234281650028811,-0.3596151886126723,-0.0016225156079693595,0.12160252246234805,0.015689048807005515,0.25481358131086135,0.008489716986699362
2019-12-16,0.0,0.0,0.0,0.0,0.0,0.0,0.0,0.0,0.0,0.0,0.0,0.0,-0.4133587768429489,-0.13117748256162903,0.0038932354609968883,0.0,0.0010186610590161274,0.0,-0.030242682115082083,0.0,-0.04960231761220185,0.0,0.0344546595379688,0.0,0.25070770809046583,0.0,0.03232091863189832,0.0,0.06821236113795748,0.0,-0.17052912126659503,0.0,-0.35799267300470294,0.0,0.10591347365534255,0.0,0.246323864324162,0.0
2019-12-23,0.0,0.0,0.0,0.0,0.0,0.0,0.0,0.0,0.0,0.0,0.0,0.0,-0.24146193103247213,-0.22188713054463632,0.0,0.0,0.0,0.0,0.0,0.0,0.0,0.0,0.0,0.0,0.0,0.0,0.0300412237394684,0.0,0.0394554882654224,0.0,-0.153984408836104,0.0,-0.35267940699170247,0.0,0.09750740490675489,0.0,0.14949124013969334,0.0
2019-12-30,0.0,0.0,0.0,0.0,0.0,0.0,0.0,0.0,0.0,0.0,0.0,0.0,-0.2893986428586828,-0.34106199872447224,0.0,0.0,0.0,0.0,0.0,0.0,0.0,0.0,0.0,0.0,0.0,0.0,0.022847073026674308,0.0,0.02175607960798315,0.0,-0.15380632705281577,0.0,-0.3272559145002161,0.0,0.07458844821009963,0.0,0.14437649002409741,0.0
2020-01-06,0.0,0.0,0.0,0.0,0.0,0.0,0.0,0.0,0.0,0.0,0.0,0.0,0.0038155981383592194,-0.30329040196701584,0.0,0.0,0.0,0.0,0.0,0.0,0.0,0.0,0.0,0.0,0.0,0.0,0.02254366836105267,0.0,0.02175607960798315,0.0,-0.13731920982980922,0.0,-0.25409302885385443,0.0,0.053451727976408965,0.0,0.09668482837295317,0.0
2020-01-13,0.0,0.0,0.0,0.0,0.0,0.0,0.0,0.0,0.0,0.0,0.0,0.0,0.159415691140851,-0.23256004818167797,0.0,0.0,0.0,0.0,0.0,0.0,0.0,0.0,0.0,0.0,0.0,0.0,0.022521238296350846,0.0,0.02175607960798315,0.0,-0.1172654360564679,0.0,-0.2522495263548732,0.0,0.04182452401017142,0.0,0.09587647666296323,0.0
2020-01-20,0.0,0.0,0.0,0.0,0.0,0.0,0.0,0.0,0.0,0.0,0.0,0.0,0.311261287918889,-0.40641642147308604,0.0,0.0,0.0,0.0,0.0,0.0,0.0,0.0,0.0,0.0,0.0,0.0,0.022099529974102892,0.0,0.019974214508364913,0.0,-0.08047605074840096,0.0,-0.2391627602559951,0.0,0.012890016830431117,0.0,0.07932003471721906,0.0
2020-01-27,0.0,0.0,0.0,0.0,0.0,0.0,0.0,0.0,0.0,0.0,0.0,0.0,-0.12920570033301926,-0.4705134030746226,0.0,0.0,0.0,0.0,0.0,0.0,0.0,0.0,0.0,0.0,0.0,0.0,0.020507366875839334,0.0,0.01997400581931524,0.0,-0.0711496373255669,0.0,-0.12505360936817975,0.0,0.011324688488498179,0.0,0.07932003471721906,0.0
2020-02-03,0.0,0.0,0.0,0.0,0.0,0.0,0.0,0.0,0.0,0.0,0.0,0.0,0.025995171264163605,-0.37575295677267734,0.0,0.0,0.0,0.0,0.0,0.0,0.0,0.0,0.0,0.0,0.0,0.0,0.00996052168309818,0.0,0.014916498011090296,0.0,-0.04618657139286288,0.0,-0.05646272198697466,0.0,0.011324688488498179,0.0,0.07932003471721906,0.0
2020-02-10,0.0,0.0,0.0,0.0,0.0,0.0,0.0,0.0,0.0,0.0,0.0,0.0,-0.2237503045700295,-0.2696202091462306,0.0,0.0,0.0,0.0,0.0,0.0,0.0,0.0,0.0,0.0,0.0,0.0,0.0066348566220220265,0.0,0.0018857493040017504,0.0,-0.009353885295824252,0.0,-0.015262251572985202,0.0,0.010604021445064653,0.0,0.07714083325860491,0.0
2020-02-17,0.0,0.0,0.0,0.0,0.0,0.0,0.0,0.0,0.0,0.0,0.0,0.0,-0.5780839017106022,-0.3411326788722439,0.0,0.0,0.0,0.0,0.0,0.0,0.0,0.0,0.0,0.0,0.0,0.0,0.001197918603383658,0.0,0.00031343417200497935,0.0,-0.009305440650794453,0.0,-0.015262251572985202,0.0,0.0106014337039904,0.0,0.07714083325860491,0.0
2020-02-24,0.0,0.0,0.0,0.0,0.0,0.0,0.0,0.0,0.0,0.0,0.0,0.0,-0.5649687192521156,-0.4962786702755885,0.0,0.0,0.0,0.0,0.0,0.0,0.0,0.0,0.0,0.0,0.0,0.0,0.0,0.0,0.0,0.0,0.0,0.0,0.0,0.0,0.0,0.0,0.0,0.0
2020-03-02,0.0,0.0,0.0,0.0,0.0,0.0,0.0,0.0,0.0,0.0,0.0,0.0,-0.7670448588032414,-0.4762317313782789,0.0,0.0,0.0,0.0,0.0,0.0,0.0,0.0,0.0,0.0,0.0,0.0,0.0,0.0,0.0,0.0,0.0,0.0,0.0,0.0,0.0,0.0,0.0,0.0
2020-03-09,0.0,0.0,0.0,0.0,0.0,0.0,0.0,0.0,0.0,0.0,0.0,0.0,-0.6270077155372964,-0.40141828716074734,0.0,0.0,0.0,0.0,0.0,0.0,0.0,0.0,0.0,0.0,0.0,0.0,0.0,0.0,0.0,0.0,0.0,0.0,0.0,0.0,0.0,0.0,0.0,0.0
2020-03-16,0.0,0.0,0.0,0.0,0.0,0.0,0.0,0.0,0.0,0.0,0.0,0.0,-0.2087517090242546,-0.21773122340558523,0.0,0.0,0.0,0.0,0.0,0.0,0.0,0.0,0.0,0.0,0.0,0.0,0.0,0.0,0.0,0.0,0.0,0.0,0.0,0.0,0.0,0.0,0.0,0.0
2020-03-23,0.0,0.0,0.0,0.0,0.0,0.0,0.0,0.0,0.0,0.0,0.0,0.0,-0.042445421818353576,-0.23399558572668977,0.0,0.0,0.0,0.0,0.0,0.0,0.0,0.0,0.0,0.0,0.0,0.0,0.0,0.0,0.0,0.0,0.0,0.0,0.0,0.0,0.0,0.0,0.0,0.0
2020-03-30,0.00025488339028430283,0.0,0.0,0.0,-0.34242783407406674,0.0,-0.17738207729343902,0.0,0.07810793613876145,0.0,0.020806521102153353,0.0,0.1999835506266465,-0.21319357971545647,6.372084757107571e-05,0.0,0.0,0.0,-0.0856069585185168,0.0,-0.044345519323359756,0.0,0.01952698403469039,0.0,0.005201630275538338,0.0,1.9606414637254065e-05,0.0,0.0,0.0,-0.02634060262108206,0.0,-0.013644775176418404,0.0,0.0060083027799047355,0.0,0.0016005016232425997,0.0
2020-04-06,0.21882934498351828,0.0,0.0,0.0,-0.10435702389890042,0.0,-0.005168389166248922,0.0,0.029688071826554793,0.0,0.009972941034344013,0.0,0.12743716279720707,-0.3531113553482901,0.05477105709345065,0.0,0.0,0.0,-0.11169621449324191,0.0,-0.04563761661492199,0.0,0.02694900199132909,0.0,0.0076948655341243415,0.0,0.016852632951830968,0.0,0.0,0.0,-0.034368065997920555,0.0,-0.014042343573822167,0.0,0.008292000612716642,0.0,0.0023676509335767548,0.0
2020-04-13,0.040250608385504746,0.0,0.0008371000235026913,0.0,-0.03108043745329659,0.0,-1.6263061465838353,0.0,0.06888184632331883,0.0,0.009116503801581317,0.0,-0.17569010940603566,-0.38299843743566075,0.06483370918982684,0.0,0.00020927500587561733,0.0,-0.11946632385656605,0.0,-0.4522141532608808,0.0,0.0441694635721588,0.0,0.00997399148451967,0.0,0.019948833596869796,0.0,6.439230950020703e-05,0.0,-0.03675886887894337,0.0,-0.13914281638796336,0.0,0.01359060417604886,0.0,0.0030689204567753174,0.0
2020-04-20,0.2743835648728913,0.0,0.0,0.0,-0.14881010555576593,0.0,-0.10550750210002385,0.0,0.02037904730322636,0.0,0.010079314113780932,0.0,-0.01715595492269377,-0.3378068632409128,0.13342960040804966,0.0,0.00020927500587561733,0.0,-0.15666885024550753,0.0,-0.4785910287858868,0.0,0.049264225397965385,0.0,0.012493820012964903,0.0,0.04105526166401528,0.0,6.439230950020703e-05,0.0,-0.04820580007554075,0.0,-0.14725877808796517,0.0,0.015158223199373964,0.0,0.003844252311681543,0.0
2020-04-27,0.5268337395392476,0.0,0.24706820270401034,0.0,-0.06286843783995143,0.0,-0.010122522628435437,0.0,0.34265112255234836,0.0,0.14735397059934677,0.0,-0.17845983533061413,-0.24700092306285767,0.2650743144452905,0.0,0.0619763256818782,0.0,-0.0867790011869787,0.0,-0.43677614011963595,0.0,0.11540002200136211,0.0,0.044130682387263254,0.0,0.0815809339362651,0.0,0.019069638671347155,0.0,-0.05304183375553701,0.0,-0.1480374336747679,0.0,0.041516001857246916,0.0,0.015179173127015909,0.0
2020-05-04,0.04155518186899931,0.0,0.04053899181191936,0.0,-0.10354581892625216,0.0,-1.2724012678266348,0.0,0.11192488865454264,0.0,0.2904301078390142,0.0,0.07520937522969284,-0.2436233272434194,0.22075577366666074,0.0,0.07211107363485804,0.0,-0.08657619994381663,0.0,-0.7535843597847323,0.0,0.13595922620835907,0.0,0.11424497408843079,0.0,0.08477748638772657,0.0,0.022188022656879414,0.0,-0.0610068967498641,0.0,-0.24591445427681674,0.0,0.050125608676827124,0.0,0.03751995065309392,0.0
2020-05-11,0.0,0.0,0.0,0.0,-0.32429208181698516,-0.32429208181698516,-0.6320388410199848,-0.6320388410199848,0.03387394618278571,0.03387394618278571,0.035953639424485345,0.035953639424485345,0.3483442990324301,-0.0717353709769485,0.21069312157028455,0.0,0.07190179862898237,0.0,-0.15987911103473879,-0.08107302045424626,-0.5050175333937696,-0.15800971025499622,0.1272072511732258,0.008468486545696442,0.12095425799415682,0.008988409856121336,0.08477748638772657,0.0,0.022188022656879414,0.0,-0.0859524415050168,-0.024945544755152704,-0.2945328266629694,-0.04861837238615268,0.052731296844733704,0.0026056881679065932,0.040285615224208184,0.002765664571114257
2020-05-18,0.17599949246922225,0.17599949246922225,0.0,0.0,-0.04240259075302631,-0.04240259075302631,-0.00038738506221838503,-0.00038738506221838503,0.151557883647393,0.151557883647393,0.24837816789891576,0.24837816789891576,0.6617144843916088,0.1525902184039051,0.1860971034693673,0.04399987311730556,0.07190179862898237,0.0,-0.1332772323340539,-0.09167366814250284,-0.4787375041343183,-0.1581065565205508,0.16000196025926747,0.046357957457544695,0.18052897144044053,0.07108295183085028,0.09831590888535906,0.013538422497632482,0.022188022656879414,0.0,-0.08921417925524959,-0.028207282505385498,-0.2945626255139093,-0.04864817123709256,0.06438959558684086,0.014263986910013748,0.05939162813950939,0.021871677486415473
2020-05-25,0.07406539129606991,0.07406539129606991,0.003826089092999493,0.003826089092999493,-0.011678756722244311,-0.011678756722244311,-0.12443535109404566,-0.12443535109404566,0.08814340028787565,0.08814340028787565,0.10199349083153403,0.10199349083153403,0.7198016363606423,0.3051384193302908,0.07290501640857287,0.06251622094132304,0.011091270226229659,0.0009565222732499288,-0.1204798120546271,-0.09459335732306391,-0.507315711250721,-0.18921539429406223,0.09637502969314929,0.0683938075295136,0.1691888514984873,0.09658132453873378,0.10401324667736445,0.01923576028963786,0.02248233720249476,0.0002943145456153285,-0.09011254515696068,-0.029105648407096597,-0.30413457559806667,-0.058220121321249915,0.07116985714744668,0.02104424847061957,0.06723728128039662,0.0297173306273027
2020-06-01,0.0,0.2017819418637006,0.0,0.43380814296312564,0.0,-9.471630723725679e-05,0.0,-0.06166650133577943,0.0,0.1901190727225754,0.0,0.3416694399870627,0.6656641876667171,0.35717666086241256,0.06251622094132304,0.11296170640724819,0.0009565222732498178,0.10940855801403133,-0.09459335732306406,-0.09461703639987323,-0.18921539429406214,-0.2046320196280071,0.06839380752951363,0.11592357571015746,0.09658132453873378,0.18199868453549944,0.10401324667736445,0.034757448125307136,0.02248233720249476,0.033664171696624993,-0.09011254515696068,-0.02911293427688408,-0.30413457559806667,-0.0629636983470791,0.07116985714744668,0.03566879252620229,0.06723728128039662,0.05599959524169214
2020-06-08,0.0,0.026738695287179547,0.0,0.0,0.0,-0.1488465227180286,0.0,-0.20107378828295405,0.0,0.27089187866154796,0.0,0.8457309920509422,0.6587919342812639,0.3824801086388579,0.06251622094132304,0.11964638022904307,0.0009565222732498178,0.10940855801403133,-0.013520336868817767,-0.05075564662513409,-0.031205684039065956,-0.0968907564437494,0.05992532098381719,0.17517805882984802,0.08759291468261243,0.3844430226921136,0.10401324667736445,0.03681427083970556,0.02248233720249476,0.033664171696624993,-0.09011254515696068,-0.04056266679365551,-0.30413457559806667,-0.07843091283038327,0.07116985714744668,0.05650662934632136,0.06723728128039662,0.12105582539945692
2020-06-15,0.0,0.026781816654596124,0.0,0.0004046653952297449,0.0,-0.19194963422652886,0.0,-0.35608164206366644,0.0,0.2350967994225994,0.0,0.050181874913995776,0.42648099798373523,0.34829084681963235,0.018516347824017478,0.08234196127538654,0.0009565222732498178,0.10950972436283878,-0.002919689180561189,-0.08814240749350974,-0.03110883777351136,-0.1858143206941114,0.02203585007196894,0.19606278777364963,0.025498372707883507,0.3348939494458837,0.10401324667736445,0.038874410582366806,0.02248233720249476,0.033695299803950356,-0.09011254515696068,-0.05532802327261927,-0.30413457559806667,-0.10582180837374221,0.07116985714744668,0.07459099853267516,0.06723728128039662,0.12491596962361043
2020-06-22,0.0,0.10475318165422236,0.0,0.0014188768127800476,0.0,-0.19361975921187208,0.0,-0.07034629150904853,0.0,0.07672695597867092,0.0,0.11573280056081901,0.33692423212760325,0.4004832773119966,0.0,0.09001390886492465,0.0,0.10890792129278391,0.0,-0.13362765811591668,0.0,-0.17229205579786214,0.0,0.19320867669634842,0.0,0.3383287768782049,0.10401324667736445,0.0469323476326916,0.02248233720249476,0.03380444417416421,-0.09011254515696068,-0.07022185090430175,-0.30413457559806667,-0.11123306156674594,0.07116985714744668,0.080493072069496,0.06723728128039662,0.13381849274367344
2020-06-29,0.0,0.25856339893648544,0.0,0.2554116705365926,0.0,-0.007456518380597315,0.0,-0.3419158196076861,0.0,0.24095011594513613,0.0,0.4666473041899528,0.5949580935731266,0.5276328487635181,0.0,0.10420927313312087,0.0,0.06430880318615065,0.0,-0.13546810863425668,0.0,-0.2423543853658388,0.0,0.20591643750198863,0.0,0.36957324292892746,0.1039936402627272,0.0668218398585751,0.02248233720249476,0.0534514957539021,-0.06377194253587865,-0.07079542924127076,-0.2904898004216483,-0.1375342784596449,0.06516155436754195,0.09902769637296802,0.06563677965715406,0.16971443921982365
2020-07-06,0.0,0.11195730977937554,0.0,0.29941693405909436,0.0,-0.12592597913589704,0.0,-0.1050916337972341,0.0,0.08779182981463365,0.0,0.14733936193984923,0.6021911136243123,0.5970523362985554,0.0,0.12551392675616987,0.0,0.13916303670092423,0.0,-0.12973797273872378,0.0,-0.2183588467444088,0.0,0.16014142529026004,0.0,0.1949753354011542,0.08716061372553348,0.07543394061083475,0.02248233720249476,0.07648356760460166,-0.05574447915904014,-0.08048204302095516,-0.2900922320242445,-0.14561825029020134,0.06287785653473005,0.10578091405101676,0.0648696303468199,0.18104823629211975
2020-07-13,0.0,0.0,0.0,0.0,0.0,0.0,0.0,0.0,0.0,0.0,0.0,0.0,0.6108200892189055,0.661594605359932,0.0,0.11881847259252085,0.0,0.1390618703521168,0.0,-0.08175056418209158,0.0,-0.12933843622849223,0.0,0.10136722543461019,0.0,0.18242986667265526,0.08406441308049464,0.07543394061083475,0.022417944892994552,0.07648356760460166,-0.053353676278017334,-0.08048204302095516,-0.16499175921010334,-0.14561825029020134,0.057579252971397835,0.10578091405101676,0.06416836082362135,0.18104823629211975
2020-07-20,0.0,0.0,0.0,0.0,0.0,0.0,0.0,0.0,0.0,0.0,0.0,0.0,0.6265072441535268,0.6985489408350983,0.0,0.09263017717896524,0.0,0.1387071511489218,0.0,-0.03334562437912356,0.0,-0.11175186335123008,0.0,0.08218548643994247,0.0,0.1534966665324505,0.06295798501334916,0.07543394061083475,0.022417944892994552,0.07648356760460166,-0.041906745081419956,-0.08048204302095516,-0.1568757975101015,-0.14561825029020134,0.05601163394807273,0.10578091405101676,0.06339302896871511,0.18104823629211975
2020-07-27,0.0,0.0,0.0,0.0,0.0,0.0,0.0,0.0,0.0,0.0,0.0,0.0,0.47322569476136117,0.7735692834078576,0.0,0.027989327444843885,0.0,0.07485423351477365,0.0,-0.03148149478397423,0.0,-0.026272908449308553,0.0,0.02194795745365844,0.0,0.03683484048496231,0.022432312741099344,0.07543394061083475,0.0034126985311476042,0.07648356760460166,-0.037070711401423685,-0.08048204302095516,-0.15609714192329877,-0.14561825029020134,0.029653855290199774,0.10578091405101676,0.05205810815338075,0.18104823629211975
2020-08-03,0.0,0.12866001693185608,0.0,0.0003887165181328134,0.0,-0.23182615176231502,0.0,-0.42609633381658124,0.0,0.36570136549442545,0.0,0.21689150640561752,0.3397284480059673,0.7766317720868676,0.0,0.03216500423296402,0.0,9.717912953325886e-05,0.0,-0.05795653794057873,0.0,-0.10652408345414534,0.0,0.09142534137360639,0.0,0.05422287660140438,0.01923576028963786,0.08533086499020828,0.0002943145456153456,0.07651346887522727,-0.029105648407096597,-0.09831482392574861,-0.05822012132124994,-0.17839489135301528,0.02104424847061957,0.1339117883198187,0.029717330627302734,0.1977321983233211
2020-08-10,0.0,0.3073394179642415,0.0,0.24116100068237112,0.0,-0.12021327813067857,0.0,0.0,0.0,0.21933636182714217,0.0,0.07170480484477285,0.3137291023794557,0.6221481699529182,0.0,0.1089998587240244,0.0,0.06038742930012604,0.0,-0.08800985747324837,0.0,-0.10652408345414534,0.0,0.14625943183039192,0.0,0.07214907781259759,0.01923576028963786,0.10897235867976535,0.0002943145456153456,0.09506431508156352,-0.004160103651943894,-0.08261645441141734,-0.009601748935097269,-0.1297765189668626,0.01843856030271298,0.1481781279847692,0.026951666056188477,0.2004822879710355
2020-08-17,0.0,0.14905007994510455,0.0,0.6375519411779429,0.0,-0.22561249754886537,0.0,-0.20766356857181995,0.0,0.04200996135047814,0.0,0.0,0.004645286281248989,0.3752460138139294,0.0,0.14626237871030054,0.0,0.21977541459461175,0.0,-0.1444129818604647,0.0,-0.15843997559710032,0.0,0.15676192216801146,0.0,0.07214907781259759,0.005697337792005378,0.1068993269471409,0.0002943145456153456,0.1441067720952514,-0.0008983659017111009,-0.09670952416494341,-0.009571950084157392,-0.14572084077529351,0.006780261560605823,0.13975136473116037,0.007845653140887266,0.18137627505573434
2020-08-24,0.0,0.4149236518378,0.0,0.067387462928823,0.0,-5.4767858046620456e-05,0.0,0.0,0.0,0.2268200509024148,0.0,0.1231082227226936,-0.27257875623213357,0.3624408784553153,0.0,0.24999329166975054,0.0,0.2366222803268175,0.0,-0.14442667382497637,0.0,-0.15843997559710032,0.0,0.21346693489361518,0.0,0.102926133493271,0.0,0.13311919314265858,0.0,0.14899610854416093,0.0,-0.09581537117538974,0.0,-0.13614889069113614,0.0,0.15041879939381725,0.0,0.1830004852012081
2020-08-31,0.14399448678356971,0.14399448678356971,0.03573872894413766,0.03573872894413766,-0.10368695151449564,-0.10368695151449564,0.0,0.0,0.20246037706439385,0.20246037706439385,0.3455886417840318,0.3455886417840318,-0.32045023879947154,0.32897976898476167,0.03599862169589243,0.2538269091326789,0.00893468223603436,0.24545978343331873,-0.02592173787862402,-0.11239187376302151,0.0,-0.051915892142955014,0.05061509426609849,0.17265668778610727,0.08639716044600795,0.13510041733787456,0.011076498983351517,0.12867400429034084,0.002749132995702897,0.11837538438885417,-0.007975919347268896,-0.10378400465287117,0.0,-0.13140531366530697,0.015573875158799532,0.15136813049703404,0.02658374167569479,0.1833019622625134
2020-09-07,0.07698550779781745,0.07698550779781745,0.07674198890337548,0.07674198890337548,-0.014330669301443888,-0.014330669301443888,-1.096601744237461,-1.096601744237461,0.08762003763591514,0.08762003763591514,0.18601939805694895,0.18601939805694895,-0.01605930371427403,0.3874467911643621,0.05524499864534679,0.19623843159107293,0.028120179461878232,0.20435503048856982,-0.029504405203984993,-0.08592122155571286,-0.2741504360593652,-0.32606632820232023,0.07252010367507727,0.1397276067383005,0.1329020099602452,0.1636790656409186,0.016998461121645166,0.13253914371423606,0.008652362911347165,0.12427861430449844,-0.00907827852430304,-0.09343663131313387,-0.08435398032595856,-0.20029207950796135,0.022313878053869925,0.13727029657198536,0.040892926141613946,0.1325549165706678
2020-09-14,0.10827487646545758,0.10827487646545758,0.015993924596666792,0.015993924596666792,-0.4391628870846832,-0.4391628870846832,-0.13735731125703532,-0.13735731125703532,0.000107767133122028,0.000107767133122028,0.12374319108983536,0.12374319108983536,-0.07796554613970012,0.21538025586862836,0.08231371776171119,0.18604463072116117,0.03211866061104493,0.04896552634325079,-0.13929512697515578,-0.13930881893966732,-0.30848976387362403,-0.30848976387362403,0.07254704545835779,0.12925205818396146,0.16383780773270404,0.19461486341337744,0.025327297772834212,0.13880784062276386,0.009882664803398456,0.12547778808922436,-0.04286003906927867,-0.11245303537914575,-0.0949199273457305,-0.18346713098437434,0.02232216783334085,0.11919421716510246,0.05041163314852436,0.1382134793534247
2020-09-21,0.22342617590127647,0.0,0.21004218146089068,0.0,-0.02847085948789999,0.0,-0.026727298260765447,0.0,0.4406463024631529,0.0,0.24736991973305308,0.0,-0.11550380577047285,0.08074727184616935,0.1381702617370303,0.08231371776171119,0.0846292059762676,0.03211866061104504,-0.1464128418471308,-0.13929512697515567,-0.3151715884388154,-0.30848976387362403,0.182708621074146,0.07254704545835779,0.22568028766596732,0.16383780773270404,0.04251392668831701,0.13074990357243907,0.026039755685005432,0.1253686437190105,-0.04505010518373252,-0.09755920774746328,-0.0969758733657894,-0.1780558777913706,0.05621803725358338,0.11329214362828163,0.06944008851260536,0.1293109562333617
2020-09-28,0.026531859990204024,0.0,0.36569872371588374,0.0,-0.23723941812645266,0.0,-0.5399876916547088,0.0,0.006747917137029588,0.0,0.0,0.0,-0.45634985688268986,-0.08612880518003162,0.10880460503868887,0.04631509606581875,0.1671192046692041,0.023183978375010628,-0.17980095850012004,-0.11337338909653175,-0.4501685113524926,-0.30848976387362403,0.13378050609230493,0.021931951192259318,0.13928312721995934,0.07744064728669608,0.044554838995255794,0.11086041134655557,0.05417042674007341,0.10572159213927261,-0.06329929119345964,-0.09698562941049425,-0.1385133881084593,-0.15175466089847164,0.05673710780258566,0.09475751932480964,0.06944008851260536,0.0934150097572115
2020-10-05,0.21605285741279365,0.0,0.9709787652522448,0.0,0.0,0.0,0.0,0.0,0.1313823276621688,0.0,0.19565390591533255,0.0,-1.298560383842304,-0.24051385156759825,0.14357144244243292,0.027068719116364395,0.3906783987564214,0.0039984811491667535,-0.17621829117475907,-0.10979072177117077,-0.17601807529312735,-0.03433932781425883,0.14472107859886835,2.6941783280534754e-05,0.14169175418455526,0.03093579777245884,0.06117428956547068,0.1022483105942959,0.12886110099024609,0.08268952028857304,-0.06329929119345964,-0.08729901563080987,-0.1385133881084593,-0.1436706890679152,0.06684344069967557,0.08800430164676087,0.08449038896763093,0.08208121268491539
2020-10-12,0.11500288170941961,0.0,0.05087232764122183,0.0,-0.3041021273945878,0.0,0.0,0.0,0.1514836070587382,0.0,0.9415855811969115,0.0,-1.0978212385933057,-0.26680026686348207,0.14525344375342342,0.0,0.3993979995175602,0.0,-0.14245310125223523,0.0,-0.14167874747886852,0.0,0.1825650385802724,0.0,0.3461523517113243,0.0,0.07002066508157988,0.1022483105942959,0.13277435696264778,0.08268952028857304,-0.08669176253150485,-0.08729901563080987,-0.1385133881084593,-0.1436706890679152,0.07849602585804005,0.08800430164676087,0.15692004905970103,0.08208121268491539
2020-10-19,0.057735531043822626,0.0,0.04725937880393459,0.0,-0.20665225984176794,0.0,-0.8791976194063805,0.0,0.07398499100449756,0.0,0.11537979177391824,0.0,-0.6360132218546801,-0.30398196030417857,0.10383078253905997,0.0,0.35870229885332117,0.0,-0.18699845134070223,0.0,-0.35479632776527226,0.0,0.09089971071560857,0.0,0.3131548197215405,0.0,0.07446185977725855,0.1022483105942959,0.13640969379371964,0.08268952028857304,-0.10258809021164086,-0.08729901563080987,-0.20614397421664243,-0.1436706890679152,0.08418717901223216,0.08800430164676087,0.16579541765769476,0.08208121268491539
2020-10-26,0.08429245563478446,0.0,0.06061742431648838,0.0,-0.3543119535594119,0.0,-0.5983968813721575,0.0,0.14578668718366503,0.0,0.09553711333624898,0.0,-0.19804744262939156,-0.3591148389731297,0.11827093145020509,0.0,0.2824319740034723,0.0,-0.21626658519894204,0.0,-0.36939862519463446,0.0,0.12565940322726743,0.0,0.33703909805560284,0.0,0.08094589482608813,0.1022483105942959,0.1410725725872957,0.08268952028857304,-0.12984285587005717,-0.08729901563080987,-0.2521745035529622,-0.1436706890679152,0.09540153956482178,0.08800430164676087,0.17314442637586774,0.08208121268491539
2020-11-02,0.22078282038183733,0.0,1.188401939579663,0.0,-0.0021159610742745197,0.0,0.0,0.0,0.2278586486178421,0.0,0.23147873989314907,0.0,-0.10568097296989748,-0.45371669335268333,0.11945342219246599,0.0,0.33678776758532686,0.0,-0.21679557546751066,0.0,-0.36939862519463446,0.0,0.14977848346618575,0.0,0.34599530655005695,0.0,0.09792918870161406,0.09235138621492237,0.23248810640111592,0.08265961901794745,-0.13000562210653982,-0.0694662347260164,-0.2521745035529622,-0.11089404800510125,0.11292912792004041,0.059873427377958935,0.19095048329072536,0.06539725065371403
2020-11-09,0.09893364884136041,0.0,0.2612571928775852,0.0,-0.1485646604400107,0.0,-0.03002605364576795,0.0,0.35841927539182133,0.0,0.2138834667226011,0.0,0.03603474689399522,-0.4206581178068775,0.1154361139754512,0.0,0.38938398389441775,0.0,-0.1779112087288664,0.0,-0.37690513860607644,0.0,0.20151240054945652,0.0,0.1640697779314793,0.0,0.10553946938171872,0.06870989252536533,0.2525848135455456,0.0641087728116112,-0.14143367290961756,-0.06021905948519498,-0.2544841999872521,-0.11089404800510125,0.14049984141171895,0.04300139954510184,0.20740305765400238,0.059881496434885356
2020-11-16,0.1729116619077971,0.0,0.5086364465285526,0.0,0.0,0.0,0.0,0.0,0.07750332111374264,0.0,0.040667140587713,0.0,-0.2862993718635382,-0.3932768882374329,0.14423014669144482,0.0,0.5047282508255722,0.0,-0.12624814376842441,0.0,-0.1571057337544813,0.0,0.2023919830767678,0.0,0.14539161513492802,0.0,0.11884036645154926,0.05724450176035729,0.2917106940477419,0.015066315797923287,-0.14143367290961756,-0.042864251981436105,-0.2544841999872521,-0.0949199273457305,0.1464616353435453,0.03976986405660353,0.2105312992376726,0.059881496434885356
2020-11-23,0.33497897701269236,0.0,0.02799060239798193,0.0,-0.028410465454027777,0.0,0.0,0.0,0.21521025608211058,0.0,0.0,0.0,-0.5830379755378233,-0.47111567374796753,0.2069017770359218,0.0,0.49657154534594555,0.0,-0.04477277174207837,0.0,-0.007506513411441932,0.0,0.21974787530137918,0.0,0.12150733680086576,0.0,0.1446079800679102,0.025327297772834212,0.29386381730912514,0.00988266480339844,-0.14361909332915815,-0.04286003906927867,-0.2544841999872521,-0.0949199273457305,0.1630162704267846,0.022322167833340848,0.2105312992376726,0.05041163314852431
2020-11-30,0.0,0.0,0.0,0.0,0.0,0.0,0.0,0.0,0.0,0.0,0.0,0.0,-0.4599738661234007,-0.58091479236004,0.15170607194046248,0.0,0.1994710604510298,0.0,-0.044243781473509734,0.0,-0.007506513411441932,0.0,0.16278321314691868,0.0,0.0636376518275785,0.0,0.1335314810845587,0.014250798789482693,0.29111468431342225,0.0071335318076955435,-0.13564317398188927,-0.034884119722009777,-0.2544841999872521,-0.0949199273457305,0.14744239526798508,0.00674829267454132,0.18394755756197784,0.023827891472829564
2020-12-07,0.0,0.0,0.0,0.0,0.0,0.0,0.0,0.0,0.0,0.0,0.0,0.0,-0.8167610055042135,-0.8522304195987963,0.12697265973012237,0.0,0.1341567622316335,0.0,-0.007102616363507055,0.0,0.0,0.0,0.07317839429896333,0.0,0.010166785146928222,0.0,0.12760951894626504,0.008328836651189045,0.285211454397778,0.0012303018920512747,-0.1345408148048551,-0.03378176054497563,-0.17013021966129352,-0.010565947019771964,0.14070239237291468,8.28977947092523e-06,0.16963837309605873,0.009518707006910413
2020-12-14,0.0,0.0,0.0,0.0,0.0,0.0,0.0,0.0,0.0,0.0,0.0,0.0,-0.8183162721254951,-0.7553950110775436,0.0837447442531731,0.0,0.006997650599495371,0.0,-0.007102616363507055,0.0,0.0,0.0,0.053802564020527674,0.0,0.0,0.0,0.11928068229507599,0.0,0.2839811525057267,0.0,-0.1007590542598795,0.0,-0.1595642726415216,0.0,0.14069410259344375,0.0,0.1601196660891483,0.0
2020-12-21,0.0,0.0,0.0,0.0,0.0,0.0,0.0,0.0,0.0,0.0,0.0,0.0,-1.020215912294672,-0.7852992119819547,0.0,0.0,0.0,0.0,0.0,0.0,0.0,0.0,0.0,0.0,0.0,0.0,0.1020940533795932,0.0,0.2678240616241197,0.0,-0.09856898814542564,0.0,-0.15750832662146272,0.0,0.10679823317320122,0.0,0.1410912107250673,0.0
2020-12-28,0.0,0.0,0.0,0.0,0.0,0.0,0.0,0.0,0.0,0.0,0.0,0.0,-0.5016979357318545,-0.5698031272502038,0.0,0.0,0.0,0.0,0.0,0.0,0.0,0.0,0.0,0.0,0.0,0.0,0.10005314107265442,0.0,0.23969339056905173,0.0,-0.0803198021356985,0.0,-0.1159708118787928,0.0,0.10627916262419895,0.0,0.1410912107250673,0.0
2021-01-04,0.0,0.0,0.0,0.0,0.0,0.0,0.0,0.0,0.0,0.0,0.0,0.0,-0.387855250106671,-0.5462398204088004,0.0,0.0,0.0,0.0,0.0,0.0,0.0,0.0,0.0,0.0,0.0,0.0,0.08343369050243953,0.0,0.16500271631887906,0.0,-0.0803198021356985,0.0,-0.1159708118787928,0.0,0.09617282972710904,0.0,0.12604091027004172,0.0
2021-01-11,0.0,0.0,0.0,0.0,0.0,0.0,0.0,0.0,0.0,0.0,0.0,0.0,-0.5444035049812639,-0.6225778745513536,0.0,0.0,0.0,0.0,0.0,0.0,0.0,0.0,0.0,0.0,0.0,0.0,0.07458731498633032,0.0,0.1610894603464774,0.0,-0.056927330797653296,0.0,-0.1159708118787928,0.0,0.08452024456874457,0.0,0.0536112501779716,0.0
2021-01-18,0.0,0.0,0.0,0.0,0.0,0.0,0.0,0.0,0.0,0.0,0.0,0.0,-0.6397343192557008,-0.8746443450505502,0.0,0.0,0.0,0.0,0.0,0.0,0.0,0.0,0.0,0.0,0.0,0.0,0.07014612029065166,0.0,0.15745412351540547,0.0,-0.0410310031175173,0.0,-0.04834022577060969,0.0,0.07882909141455244,0.0,0.04473588157997789,0.0
2021-01-25,0.0,0.0,0.0,0.0,0.0,0.0,0.0,0.0,0.0,0.0,0.0,0.0,-0.6303091997962798,-0.8998567776264931,0.0,0.0,0.0,0.0,0.0,0.0,0.0,0.0,0.0,0.0,0.0,0.0,0.0636620852418221,0.0,0.15279124472182942,0.0,-0.013776237459101002,0.0,-0.0023096964342898766,0.0,0.06761473086196282,0.0,0.03738687286180489,0.0
2021-02-01,0.0,0.0,0.0,0.0,0.0,0.0,0.0,0.0,0.0,0.0,0.0,0.0,-0.6352366927874447,-0.813292873375964,0.0,0.0,0.0,0.0,0.0,0.0,0.0,0.0,0.0,0.0,0.0,0.0,0.04667879136629614,0.0,0.0613757109080092,0.0,-0.013613471222618346,0.0,-0.0023096964342898766,0.0,0.05008714250674421,0.0,0.019580815946947272,0.0
2021-02-08,0.0,0.0,0.0,0.0,0.0,0.0,0.0,0.0,0.0,0.0,0.0,0.0,-0.6263727730755603,-0.970919689249645,0.0,0.0,0.0,0.0,0.0,0.0,0.0,0.0,0.0,0.0,0.0,0.0,0.0390685106861915,0.0,0.041279003763579576,0.0,-0.002185420419540598,0.0,0.0,0.0,0.022516429015065637,0.0,0.003128241583670265,0.0
2021-02-15,0.0,0.0,0.0,0.0,0.0,0.0,0.0,0.0,0.0,0.0,0.0,0.0,-0.47919738183192223,-0.9240804218213499,0.0,0.0,0.0,0.0,0.0,0.0,0.0,0.0,0.0,0.0,0.0,0.0,0.025767613616360947,0.0,0.0021531232613832252,0.0,-0.002185420419540598,0.0,0.0,0.0,0.01655463508323928,0.0,0.0,0.0
2021-02-22,0.0,0.0,0.0,0.0,0.0,0.0,0.0,0.0,0.0,0.0,0.0,0.0,-0.5704442355984446,-0.9717115755735467,0.0,0.0,0.0,0.0,0.0,0.0,0.0,0.0,0.0,0.0,0.0,0.0,0.0,0.0,0.0,0.0,0.0,0.0,0.0,0.0,0.0,0.0,0.0,0.0
2021-03-01,0.0,0.0,0.0,0.0,0.0,0.0,0.0,0.0,0.0,0.0,0.0,0.0,-0.858189544624668,-0.9899025314520976,0.0,0.0,0.0,0.0,0.0,0.0,0.0,0.0,0.0,0.0,0.0,0.0,0.0,0.0,0.0,0.0,0.0,0.0,0.0,0.0,0.0,0.0,0.0,0.0
2021-03-08,0.0,0.0,0.0,0.0,0.0,0.0,0.0,0.0,0.0,0.0,0.0,0.0,-0.47957733750808257,-0.8279165194587209,0.0,0.0,0.0,0.0,0.0,0.0,0.0,0.0,0.0,0.0,0.0,0.0,0.0,0.0,0.0,0.0,0.0,0.0,0.0,0.0,0.0,0.0,0.0,0.0
2021-03-15,0.0,0.0,0.0,0.0,0.0,0.0,0.0,0.0,0.0,0.0,0.0,0.0,-0.3672237240494478,-0.6998712397553714,0.0,0.0,0.0,0.0,0.0,0.0,0.0,0.0,0.0,0.0,0.0,0.0,0.0,0.0,0.0,0.0,0.0,0.0,0.0,0.0,0.0,0.0,0.0,0.0
2021-03-22,0.0,0.0,0.0,0.0,0.0,0.0,0.0,0.0,0.0,0.0,0.0,0.0,-0.06684094564991785,-0.5222191351260015,0.0,0.0,0.0,0.0,0.0,0.0,0.0,0.0,0.0,0.0,0.0,0.0,0.0,0.0,0.0,0.0,0.0,0.0,0.0,0.0,0.0,0.0,0.0,0.0
2021-03-29,0.0,0.0,0.0,0.0,0.0,0.0,0.0,0.0,0.0,0.0,0.0,0.0,-0.1829578616541631,-0.7540280716871168,0.0,0.0,0.0,0.0,0.0,0.0,0.0,0.0,0.0,0.0,0.0,0.0,0.0,0.0,0.0,0.0,0.0,0.0,0.0,0.0,0.0,0.0,0.0,0.0
2021-04-05,0.3893298579246563,0.0,0.6663091207052193,0.0,0.0,0.0,-0.10774809505828974,0.0,0.31712707763435194,0.0,0.0,0.0,0.14873392891959483,-0.5618760773506596,0.09733246448116407,0.0,0.16657728017630472,0.0,0.0,0.0,-0.02693702376457238,0.0,0.07928176940858801,0.0,0.0,0.0,0.029948450609588947,0.0,0.05125454774655533,0.0,0.0,0.0,-0.00828831500448386,0.0,0.024394390587257845,0.0,0.0,0.0
2021-04-12,0.013994348515046322,0.0,0.14005728602320822,0.0,-0.37883408811174374,0.0,0.0,0.0,0.08723773997126896,0.0,0.0,0.0,-0.16509778366453556,-0.5120422407690683,0.10083105160992566,0.0,0.20159160168210677,0.0,-0.09470852202793605,0.0,-0.02693702376457238,0.0,0.10109120440140526,0.0,0.0,0.0,0.031024938956900203,0.0,0.062028185132955965,0.0,-0.029141083700903365,0.0,-0.00828831500448386,0.0,0.03110498596966315,0.0,0.0,0.0
2021-04-19,0.056103116357714734,0.0,3.5155036834729103e-06,0.0,-0.8023653551900988,0.0,-0.13528026373145766,0.0,0.0036503345499444844,0.0,0.03279351528359047,0.0,-0.42602575495063305,-0.47172876226200605,0.11485683069935435,0.0,0.20159248055802764,0.0,-0.2952998608254607,0.0,-0.06075708969743679,0.0,0.10200378803889137,0.0,0.00819837882089759,0.0,0.03534056329210903,0.0,0.06202845555631623,0.0,-0.09086149563860327,0.0,-0.01869448913767291,0.0,0.031385780935043496,0.0,0.002522578098737763,0.0
2021-04-26,0.30962603653715054,0.0,0.8475798228510396,0.0,0.0,0.0,0.0,0.0,0.05870100388063287,0.0,0.1226674638462247,0.0,-0.21959396371700904,-0.4448163852851281,0.19226333983364197,0.0,0.41348743627078755,0.0,-0.2952998608254608,0.0,-0.060757089697436796,0.0,0.11667903900904959,0.0,0.03886524478245377,0.0,0.05915795071804368,0.0,0.12722690346793467,0.0,-0.09086149563860328,0.0,-0.018694489137672913,0.0,0.03590124277201526,0.0,0.011958536856139663,0.0
2021-05-03,0.021266009186777218,0.0,0.004263409221716993,0.0,-0.10917929886819658,0.0,-0.23822339328196804,0.0,0.012673187129033085,0.0,0.12539450755902465,0.0,-0.005860559576303533,-0.3011541439624435,0.1002473776491722,0.0,0.24797600839991196,0.0,-0.3225946855425099,0.0,-0.09337591425335637,0.0,0.04056556638271988,0.0,0.07021387167220994,0.0,0.060793797578565005,0.0,0.12755485802345137,0.0,-0.09925990324384917,0.0,-0.037019365543978146,0.0,0.03687610332040241,0.0,0.02160426820683387,0.0
2021-05-10,0.24045128266834534,0.0,0.0,0.0,-0.2919837822907915,0.0,-0.5154125112098241,0.0,0.0,0.0,0.0,0.0,-0.04560126646727064,-0.2690878357128027,0.15686161118749695,0.0,0.2129616868941099,0.0,-0.30088210908727187,0.0,-0.2222290420558124,0.0,0.018756131389902637,0.0,0.07021387167220994,0.0,0.07929005009151464,0.0,0.12755485802345137,0.0,-0.12172019418929467,0.0,-0.0766664817908877,0.0,0.03687610332040241,0.0,0.02160426820683387,0.0
2021-05-17,0.1377829089765303,0.1377829089765303,0.14548240165196075,0.14548240165196075,-0.10070100484187838,-0.10070100484187838,0.0,0.0,0.2647632011496758,0.2647632011496758,0.17414180627119769,0.17414180627119769,0.40836503712656747,-0.09637509493194595,0.17728155934220086,0.03444572724413258,0.24933140843117924,0.03637060041299024,-0.12546602150021677,-0.025175251210469568,-0.188408976122948,0.0,0.08403434803983546,0.06619080028741897,0.10555094441911173,0.04353545156779942,0.0898887353974016,0.010598685305886948,0.1387458119966791,0.011190953973227733,-0.1294664253309776,-0.007746231141682953,-0.0766664817908877,0.0,0.05724250340883901,0.020366400088436598,0.034999791766156765,0.013395523559322898
2021-05-24,0.045995229381189384,0.045995229381189384,0.0,0.0,-0.17140308379984168,-0.17140308379984168,-0.0008277882730067693,-0.0008277882730067693,0.19580572880695168,0.19580572880695168,0.011283471018674955,0.011283471018674955,0.5836257855444187,0.06830958595490838,0.11137385755321055,0.045944534589429924,0.037436452718419326,0.03637060041299024,-0.1683167924501772,-0.06802602216043,-0.18861592319119969,-0.00020694706825169233,0.11831052927141517,0.11514223248915689,0.07770494621222429,0.04635631932246816,0.09342682996518539,0.014136779873670745,0.1387458119966791,0.011190953973227733,-0.14265127793096544,-0.020931083741670777,-0.07673015781188822,-6.36760210005378e-05,0.0723044825478353,0.03542837922743288,0.03586775107528561,0.014263482868451742
2021-05-31,0.1216089255549288,0.1216089255549288,0.7192848116761358,0.7192848116761358,-0.25310166721757993,-0.25310166721757993,-0.055132693592081936,-0.055132693592081936,0.0005316017792669766,0.0005316017792669766,0.11586141432971533,0.11586141432971533,0.550069691181118,0.189274906490306,0.13645958664524843,0.07634676597816212,0.21619180333202404,0.2161918033320242,-0.20429738453752302,-0.13130143896482496,-0.14284324826872816,-0.013990120466272175,0.11527513293397364,0.11527513293397364,0.07532167290489697,0.075321672904897,0.10278136270017992,0.023491312608665268,0.1940754128948434,0.06652055487139202,-0.16212063694770237,-0.04040044275840769,-0.08097113424204835,-0.004304652451160686,0.0723453749923943,0.03546927167199188,0.04478016756218679,0.02317589935535292
2021-06-07,0.0,0.2668002197171457,0.0,0.6279119675437365,0.0,-0.07603283171289389,0.0,0.0,0.0,0.11181266792381078,0.0,0.23371129350515532,0.6552546893330056,0.23015461826050349,0.07634676597816212,0.14304682090744855,0.216191803332024,0.3731697952179583,-0.13130143896482513,-0.15030964689304843,-0.01399012046627212,-0.013990120466272175,0.11527513293397364,0.14322829991492633,0.07532167290489697,0.13374949628118582,0.10278136270017992,0.04401440643306109,0.1940754128948434,0.11482147545167944,-0.16212063694770237,-0.046249122120937985,-0.08097113424204835,-0.004304652451160686,0.0723453749923943,0.04407024612766963,0.04478016756218679,0.041153691163441794
2021-06-14,0.0,0.15129937741535604,0.0,1.1099582960551404,0.0,-0.026665652891970412,0.0,0.0,0.0,6.309103683790058e-05,0.0,0.0,0.3783777506932274,0.15697840333914043,0.04190103873402953,0.14642593801715498,0.1798212029190338,0.6142887688187533,-0.10612618775435553,-0.13180080890557144,-0.01399012046627212,-0.013990120466272175,0.04908433264655469,0.07705327238671686,0.03178622133709755,0.0902140447133864,0.10278136270017992,0.055652820080396175,0.1940754128948434,0.2002028828405364,-0.16212063694770237,-0.048300326189551095,-0.08097113424204835,-0.004304652451160686,0.0723453749923943,0.04407509928434947,0.04478016756218679,0.041153691163441794
2021-06-21,0.0,0.03887935070238126,0.0,0.44042937289983375,0.0,-0.513015182244279,0.0,-0.06962310970990361,0.0,0.015424121853480575,0.0,0.31768068947322137,0.36896527806595436,0.23015533831619556,0.030402231388732187,0.14464696834745294,0.1798212029190338,0.7243961120437117,-0.06327541680439511,-0.21720383351668077,-0.013783173398020428,-0.031188950825496387,0.0001329004448167719,0.03195787064834909,0.028965353582428806,0.16681334932702302,0.10278136270017992,0.05864353936519473,0.1940754128948434,0.23408206537129284,-0.16212063694770237,-0.0877630325160341,-0.08097113424204835,-0.009660276274999427,0.0723453749923943,0.04526157019615567,0.04478016756218679,0.06559066727676652
2021-06-28,0.0,0.01285041687840423,0.0,0.8955291312913305,0.0,-0.02396134065023947,0.0,-0.0032990921039415012,0.0,0.04653210240697239,0.0,0.01143552012550668,0.4526194856844142,0.4134196660317949,0.0,0.11745734117832182,0.0,0.7684571919475103,0.0,-0.15991875187484567,0.0,-0.018230550453461277,0.0,0.04345799580527544,0.0,0.14070687577597085,0.10278136270017992,0.05963203297122583,0.1940754128948434,0.3029689216244721,-0.16212063694770237,-0.08960621256605251,-0.08097113424204835,-0.009914052590687235,0.0723453749923943,0.0488409626889997,0.04478016756218679,0.06647032267103625
2021-07-05,0.0,0.16698270220629402,0.0,0.11337843814165507,0.0,-0.08439185978558386,0.0,-2.2111961633358226e-06,0.0,0.11010409668883034,0.0,0.00637114829202252,0.47498760096079856,0.4353833663882098,0.0,0.09250296180060888,0.0,0.6398238095969899,0.0,-0.16200850889301815,0.0,-0.01823110325250211,0.0,0.043030852996530325,0.0,0.08387183947268764,0.07283291209059098,0.07247685621786383,0.14282086514828807,0.31169033994306095,-0.16212063694770237,-0.09609789408802051,-0.07268281923756453,-0.009914222682699798,0.047950984405136454,0.0573105085881405,0.04478016756218679,0.06696041100119184
2021-07-12,0.0,0.05898634122940851,0.0,0.28506476806997477,0.0,-0.13769138153020177,0.0,-0.25263625758409725,0.0,0.07809733792390257,0.0,0.14288648427413564,0.5662113407413526,0.5566840246964979,0.0,0.069424702754122,0.0,0.4336004276006986,0.0,-0.189764941052576,0.0,-0.08139016764852643,0.0,0.0625394147182965,0.0,0.11959346054122155,0.07175642374327972,0.07701426708166448,0.13204722776188743,0.3336183990253667,-0.13297955324679897,-0.10668953882111296,-0.07268281923756453,-0.029347780958399586,0.041240389022731146,0.06331799612074838,0.04478016756218679,0.07795167902227919
2021-07-19,0.0,0.0,0.0,0.0,0.0,0.0,0.0,0.0,0.0,0.0,0.0,0.0,0.4149468145186415,0.538522122790688,0.0,0.059704865078526695,0.0,0.3234930843757402,0.0,-0.06151114549150625,0.0,-0.06398439022105053,0.0,0.05868338425492635,0.0,0.04017328817291621,0.06744079940807089,0.07701426708166448,0.13204695733852717,0.3336183990253667,-0.07125914130909909,-0.10668953882111296,-0.062276645104375486,-0.029347780958399586,0.0409595940573508,0.06331799612074838,0.04225758946344907,0.07795167902227919
2021-07-26,0.0,0.0,0.0,0.0,0.0,0.0,0.0,0.0,0.0,0.0,0.0,0.0,0.007572882839694177,0.48818336765782255,0.0,0.056492260858925634,0.0,0.09961080155290752,0.0,-0.05552081032894638,0.0,-0.06315961719506515,0.0,0.04705035865318326,0.0,0.03731440814153954,0.043623411982136234,0.07701426708166448,0.06684850942690873,0.3336183990253667,-0.07125914130909909,-0.10668953882111296,-0.062276645104375486,-0.029347780958399586,0.036444132220379045,0.06331799612074838,0.03282163070604716,0.07795167902227919
2021-08-02,0.0,0.0,0.0,0.0,0.0,0.0,0.0,0.0,0.0,0.0,0.0,0.0,0.0039711180415323045,0.4172765012695619,0.0,0.014746585307352128,0.0,0.07126619201749376,0.0,-0.034422845382550415,0.0,-0.06315906439602431,0.0,0.01952433448097567,0.0,0.03572162106853391,0.04198756512161491,0.07701426708166448,0.06652055487139205,0.3336183990253667,-0.0628607337038532,-0.10668953882111296,-0.04395176869807026,-0.029347780958399586,0.03546927167199188,0.06331799612074838,0.023175899355352955,0.07795167902227919
2021-08-09,0.0,0.41552755899593646,0.0,0.5227861959337885,0.0,-0.06439323475516022,0.0,0.0,0.0,0.25727474895566105,0.0,0.8432291943019103,-0.13793397585826805,0.43770022718109336,0.0,0.10388188974898412,0.0,0.13069654898344718,0.0,-0.016098308688790027,0.0,0.0,0.0,0.06431868723891529,0.0,0.2108072985754776,0.023491312608665268,0.1089779254659673,0.06652055487139205,0.3738327217895043,-0.0404004427584077,-0.11164286457150989,-0.004304652451160703,-0.029347780958399586,0.03546927167199188,0.08310836142503,0.023175899355352955,0.1428154631993492
2021-08-16,0.0,0.128006950661607,0.0,0.17160845876682074,0.0,-0.09044220385533126,0.0,-0.08872670813971932,0.0,0.10312724167534337,0.0,1.4053208348984163,0.18649440354940103,0.43462144282794585,0.0,0.13588362741438587,0.0,0.17359866367515236,0.0,-0.03870885965262284,0.0,-0.02218167703492983,0.0,0.09010049765775113,0.0,0.5621375073000816,0.012892627302778322,0.10822592867251164,0.05532960089816429,0.37584241849064737,-0.03265421161672474,-0.11085372603408318,-0.004304652451160703,-0.03617291235376261,0.015102871583555286,0.07067482608085059,0.009780375796030057,0.23752154232451989
2021-08-23,0.0,0.27846135974278347,0.0,0.460217345357911,0.0,-0.006581473515265683,0.0,-0.2799409927805803,0.0,0.0229510127980896,0.0,0.32042835758615956,0.33822528013790404,0.34410160599566586,0.0,0.20549896735008172,0.0,0.2886530000146301,0.0,-0.04035422803143927,0.0,-0.09216692523007491,0.0,0.09583825085727353,0.0,0.6422445966966216,0.009354532734994524,0.12610793870032658,0.05532960089816429,0.4112437527489482,-0.019469359016736923,-0.09817514062757735,-0.004240976430160183,-0.05764315885434519,4.089244455900247e-05,0.057378309464784276,0.008912416486901213,0.2613019182143264
2021-08-30,0.0,0.0072121334022607056,0.0,0.0,0.0,-0.13480306563334216,0.0,-0.10726619882669931,0.0,0.01925498968557836,0.0,0.019429922765072348,0.579313654233408,0.44930601519428137,0.0,0.20730200070064692,0.0,0.2886530000146301,0.0,-0.07405499443977481,0.0,-0.11898347493674974,0.0,0.10065199827866812,0.0,0.6471020773878896,0.0,0.11730818545781364,0.0,0.35591415185078384,0.0,-0.0890752481980206,0.0,-0.061653428487777294,0.0,0.05881857007296208,0.0,0.2538841111708923
2021-09-06,0.23017216951406827,0.23017216951406827,0.05826095654184269,0.05826095654184269,-0.06457666289135432,-0.06457666289135432,0.0,0.0,0.059203254485623406,0.059203254485623406,0.08879252483646222,0.08879252483646222,0.29471509423107467,0.2682254995136194,0.057543042378517054,0.16096315333017985,0.014565239135460562,0.17252169016664365,-0.016144165722838718,-0.07410085147382332,0.0,-0.11898347493674974,0.01480081362140588,0.051134124661158714,0.022198131209115526,0.4584929100215276,0.017705551501082176,0.11449064313450001,0.004481612041680207,0.3120948433121767,-0.004967435607027264,-0.08819400444251754,0.0,-0.061653428487777294,0.004554096498894112,0.054771692116178425,0.006830194218189436,0.24273651358099282
2021-09-13,0.2448119295284449,0.2448119295284449,0.25174570095234816,0.25174570095234816,-0.03087142176425463,-0.03087142176425463,-0.12110423826188219,-0.12110423826188219,0.2338365209819056,0.2338365209819056,0.5343226415865315,0.5343226415865315,0.13974868866541032,0.32157789641351237,0.11874602476062829,0.19016439804688934,0.07750166437354761,0.19255600071302553,-0.023862021163902375,-0.05920815595105417,-0.03027605956547049,-0.12707785746729044,0.07325994386688228,0.08381144448779927,0.15577879160574842,0.24074336169355642,0.036537238387885626,0.12168391637396837,0.023846665961091605,0.24607848984273112,-0.007342160358123773,-0.08851752512500097,-0.009315710635529433,-0.0709691391233067,0.02254152118980993,0.0727542636504144,0.04793193587869186,0.28383825524149525
2021-09-20,0.08199206109355123,0.08199206109355123,0.0,0.0,-0.4485107320748758,-0.4485107320748758,-0.29670543138874295,-0.29670543138874295,0.053328016320789456,0.053328016320789456,0.2624188060767557,0.2624188060767557,-0.02085268464752642,0.19290128794541142,0.13924404003401608,0.14104707338458128,0.07750166437354761,0.07750166437354777,-0.13598970418262132,-0.1696904705909567,-0.10445241741265623,-0.13126896711933111,0.08659194794707964,0.09140569536847423,0.22138349312493733,0.22624097381620548,0.042844320010466494,0.12500027871175068,0.023846665961091605,0.2121993073119747,-0.04184298590234499,-0.08355564434273918,-0.03213920535774043,-0.08843701002167895,0.02664367629140912,0.07566994784020739,0.06811799788459615,0.27958734113407485
2021-09-27,0.27618380290973027,0.0,0.20223255617548197,0.0,-0.19301061247959825,0.0,-0.09153916523139605,0.0,0.0,0.0,0.0,0.0,-0.17023406258368204,0.17118800072902063,0.20828999076144866,0.1392440400340161,0.1280598034174181,0.07750166437354777,-0.1842423573025209,-0.13598970418262118,-0.12733720872050525,-0.10445241741265629,0.08659194794707964,0.08659194794707964,0.22138349312493733,0.22138349312493738,0.06408922792659959,0.12401178510571959,0.03940301643612868,0.14331245105879542,-0.05668995609308332,-0.08171246429272075,-0.03918067960630936,-0.08818323370599114,0.02664367629140912,0.07209055534736336,0.06811799788459615,0.2787076857398051
2021-10-04,0.602320071875799,0.0,0.056957274146258584,0.0,-0.05624564190709222,0.0,0.0,0.0,0.022017288839153472,0.0,0.0,0.0,-0.010900932751786998,0.11815364560338158,0.30132696635188133,0.08170099765549904,0.12773388281852208,0.0629364252380871,-0.18215960205645537,-0.11984553845978257,-0.12733720872050525,-0.10445241741265629,0.07729545653546216,0.0717911343256738,0.19918536191582176,0.1991853619158218,0.1104215411478149,0.11116696185908159,0.043784345216610114,0.13459103274020656,-0.061016543932090404,-0.07522078277075275,-0.03918067960630936,-0.08818306361397858,0.028337313894420922,0.06362100944822256,0.06811799788459615,0.2782175974096495
2021-10-11,0.03695347994614593,0.0,0.1330294800275542,0.0,-0.2102612042581008,0.0,-0.09200556277534445,0.0,0.30013605529351417,0.0,0.062335881462649644,0.0,0.47140152272370117,0.2059296754011684,0.2493623539563066,0.020498015273387807,0.09805482758732358,0.0,-0.22700704767991692,-0.11212768301871892,-0.1200625398488708,-0.07417635784718574,0.0938703401133643,0.013332004080197392,0.08118867188485131,0.06560470151918893,0.11326411652828765,0.10662955099528092,0.05401738214180659,0.11266297365790082,-0.0771904827211751,-0.06462913803766032,-0.04625803058902816,-0.0687495053382788,0.05142470276315278,0.05761352191561468,0.07291306568941536,0.2672263293885621
2021-10-18,0.03617211033081957,0.0,0.0,0.0,-0.02178890319916422,0.0,-0.025907428362204842,0.0,0.02802212647250686,0.0,0.07942480164339868,0.0,0.2804129430164173,0.21893303220783522,0.23790736626562367,0.0,0.09805482758732358,0.0,-0.12032659046098901,0.0,-0.05236303909223628,0.0,0.08754386765129364,0.0,0.035440170776512056,0.0,0.11604658655373531,0.10662955099528092,0.05401738214180659,0.11266297365790082,-0.07886655219803387,-0.06462913803766032,-0.04825090969381315,-0.0687495053382788,0.05358025095334562,0.05761352191561468,0.07902266581583063,0.2672263293885621
2021-10-25,0.0,0.0,0.0,0.0,-0.0020849573393935386,0.0,0.0,0.0,0.388593791058364,0.0,0.6351772589000544,0.0,0.7193000041165076,0.43543698054038826,0.16886141553819112,0.0,0.04749668854345308,0.0,-0.07259517667593783,0.0,-0.02947824778438727,0.0,0.18469231541588466,0.0,0.19423448550152567,0.0,0.11604658655373531,0.10662955099528092,0.05401738214180659,0.11266297365790082,-0.07902693353183338,-0.06462913803766032,-0.04825090969381315,-0.0687495053382788,0.08347208103475823,0.05761352191561468,0.12788245496198866,0.2672263293885621
2021-11-01,0.13006784270676464,0.0,0.0,0.0,-0.1257900647197658,0.0,-0.16885745069958027,0.0,0.01815330272077096,0.0,0.018021424717122,0.0,0.5996690013530135,0.38053038043655707,0.05079835824593253,0.0,0.033257370006888436,0.0,-0.08998128237910623,0.0,-0.07169261045928234,0.0,0.18372631888628901,0.0,0.19873984168080616,0.0,0.12605180522348644,0.10662955099528092,0.05401738214180659,0.11266297365790082,-0.08870309235643073,-0.06462913803766032,-0.061239944363011625,-0.0687495053382788,0.084868488936356,0.05761352191561468,0.1292687184017673,0.2672263293885621
2021-11-08,0.020454770565735594,0.0,0.0,0.0,-0.05141770148794776,0.0,-0.013324953361933874,0.0,0.10912550707472062,0.0,0.6162505747725107,0.0,0.09900052706162765,0.3772352713954875,0.04667368090082995,0.0,0.0,0.0,-0.05027040668656797,0.0,-0.052022458105929696,0.0,0.13597368183159064,0.0,0.3372185150082714,0.0,0.1276252491131584,0.07466589261097813,0.05401738214180659,0.07244865089376325,-0.09265830016319596,-0.059675812287263375,-0.06226494077546808,-0.0687495053382788,0.0932627587113345,0.037823156611333064,0.1766726087688835,0.20236254521149213
2021-11-15,0.03846143026943241,0.0,0.0,0.0,-0.009230159683264528,0.0,-3.5460877946569213e-06,0.0,0.03580039368624276,0.0,0.42921431627015083,0.0,0.05017544587299815,0.1420616713505109,0.047246010885483164,0.0,0.0,0.0,-0.04713072080759305,0.0,-0.045546487537327145,0.0,0.1379182486350246,0.0,0.42466589366495944,0.0,0.1305838206723455,0.06481920409854681,0.05401738214180659,0.05924800021939242,-0.09336831244652401,-0.05271871968300712,-0.062265213551452286,-0.06192437394291577,0.09601663514873779,0.029890291867075883,0.20968909463581817,0.09426094252699856
2021-11-22,0.3087827405400641,0.0,0.01880299816086294,0.0,-0.20290416856953075,0.0,-0.1564398904434147,0.0,0.08363846807741845,0.0,0.0,0.0,-0.8493954298916484,0.012174960931222426,0.12444169602049919,0.0,0.004700749540215624,0.0,-0.09733552361512735,0.0,-0.08465646014818082,0.0,0.06167941788978823,0.0,0.26587157893994584,0.0,0.15433633917542738,0.04339909950294808,0.05546376661571912,0.02384666596109157,-0.10897632541341098,-0.05221245248952515,-0.0742990512778688,-0.04039045142133267,0.10245036346238537,0.02812482934414591,0.20968909463581817,0.06961260732806322
2021-11-29,0.20589343421449044,0.0,1.4125604797316211,0.0,-0.0032567799215906072,0.0,-0.0007397874021815779,0.0,0.05678264511390495,0.0,0.1322754272373887,0.0,-1.0508826868023824,-0.2307630580010771,0.14339809389743063,0.0,0.3578408694731209,0.0,-0.06670220241558354,0.0,-0.042627044323831145,0.0,0.07133675348807172,0.0,0.2944350795700125,0.0,0.1701742956534651,0.042844320010466494,0.16412226505661304,0.02384666596109157,-0.10922684694584103,-0.04184298590234498,-0.07435595800111354,-0.03213920535774041,0.10681825924037806,0.02664367629140911,0.21986412750023268,0.06811799788459612
2021-12-06,0.0,0.0,0.0,0.0,0.0,0.0,0.0,0.0,0.0,0.0,0.0,0.0,-1.2132894009117137,-0.11445381055894997,0.13828440125599673,0.0,0.3578408694731209,0.0,-0.05384777704359661,0.0,-0.03929580598334768,0.0,0.04405537671939157,0.0,0.14037243587688486,0.0,0.15246874415238293,0.025138768509384322,0.15964065301493283,0.019365053919411363,-0.10425941133881378,-0.03687555029531772,-0.07435595800111354,-0.03213920535774041,0.10226416274148396,0.022089579792515007,0.2130339332820433,0.06128780366640671
2021-12-13,0.0,0.0,0.0,0.0,0.0,0.0,0.0,0.0,0.0,0.0,0.0,0.0,-0.855965447727111,-0.1112758961133084,0.12866904368863863,0.0,0.3578408694731209,0.0,-0.051540237122780476,0.0,-0.039294919461399014,0.0,0.035105278297830875,0.0,0.033068856809347145,0.0,0.13363705726557945,0.006307081622580864,0.14027559909552145,0.0,-0.10188468658771727,-0.034500825544221216,-0.06504024736558414,-0.022823494722211013,0.08427673805056814,0.004102155101599189,0.17193219162154083,0.020186062005904285
2021-12-20,0.0,0.0,0.0,0.0,0.0,0.0,0.0,0.0,0.0,0.0,0.0,0.0,-0.7254599170306018,-0.16630583672756738,0.05147335855362261,0.0,0.35314011993290517,0.0,-0.0008141949803977906,0.0,-0.00018494685054533895,0.0,0.014195661278476265,0.0,0.033068856809347145,0.0,0.1273299756429986,0.0,0.14027559909552145,0.0,-0.06738386104349604,0.0,-0.04221675264337314,0.0,0.08017458294896894,0.0,0.15174612961563658,0.0
2021-12-27,0.0,0.0,0.0,0.0,0.0,0.0,0.0,0.0,0.0,0.0,0.0,0.0,-0.2572276461924974,-0.16303440726693227,0.0,0.0,0.0,0.0,0.0,0.0,0.0,0.0,0.0,0.0,0.0,0.0,0.1060850677268655,0.0,0.12471924862048438,0.0,-0.052536890852757714,0.0,-0.035175278394804214,0.0,0.08017458294896894,0.0,0.15174612961563658,0.0
2022-01-03,0.0,0.0,0.0,0.0,0.0,0.0,0.0,0.0,0.0,0.0,0.0,0.0,-0.15709019386466194,-0.21462939685011065,0.0,0.0,0.0,0.0,0.0,0.0,0.0,0.0,0.0,0.0,0.0,0.0,0.05975275450565021,0.0,0.12033791984000294,0.0,-0.04821030301375062,0.0,-0.035175278394804214,0.0,0.07848094534595715,0.0,0.15174612961563658,0.0
2022-01-10,0.0,0.0,0.0,0.0,0.0,0.0,0.0,0.0,0.0,0.0,0.0,0.0,-0.4016931194605184,-0.5992853289758348,0.0,0.0,0.0,0.0,0.0,0.0,0.0,0.0,0.0,0.0,0.0,0.0,0.05691017912517744,0.0,0.11010488291480645,0.0,-0.03203636422466595,0.0,-0.028097927412085413,0.0,0.05539355647722528,0.0,0.14695106181081735,0.0
2022-01-17,0.0,0.0,0.0,0.0,0.0,0.0,0.0,0.0,0.0,0.0,0.0,0.0,-0.5565442857899472,-0.6432454370889805,0.0,0.0,0.0,0.0,0.0,0.0,0.0,0.0,0.0,0.0,0.0,0.0,0.05412770909972978,0.0,0.11010488291480645,0.0,-0.030360294747807163,0.0,-0.026105048307300427,0.0,0.05323800828703244,0.0,0.14084146168440206,0.0
2022-01-24,0.0,0.0,0.0,0.0,0.0,0.0,0.0,0.0,0.0,0.0,0.0,0.0,-0.9467325559754369,-1.1565590923154674,0.0,0.0,0.0,0.0,0.0,0.0,0.0,0.0,0.0,0.0,0.0,0.0,0.05412770909972978,0.0,0.11010488291480645,0.0,-0.03019991341400766,0.0,-0.026105048307300427,0.0,0.02334617820561983,0.0,0.09198167253824405,0.0
2022-01-31,0.0,0.0,0.0,0.0,0.0,0.0,0.0,0.0,0.0,0.0,0.0,0.0,-1.081434462176374,-1.0255705248011224,0.0,0.0,0.0,0.0,0.0,0.0,0.0,0.0,0.0,0.0,0.0,0.0,0.04412249042997866,0.0,0.11010488291480645,0.0,-0.02052375458941029,0.0,-0.013116013638101942,0.0,0.02194977030402206,0.0,0.09059540909846543,0.0
2022-02-07,0.0,0.0,0.0,0.0,0.0,0.0,0.0,0.0,0.0,0.0,0.0,0.0,-1.21434317087616,-1.2540424346145271,0.0,0.0,0.0,0.0,0.0,0.0,0.0,0.0,0.0,0.0,0.0,0.0,0.042549046540306695,0.0,0.11010488291480645,0.0,-0.016568546782645074,0.0,-0.012091017225645491,0.0,0.013555500529043555,0.0,0.04319151873134923,0.0
2022-02-14,0.0,0.0,0.0,0.0,0.0,0.0,0.0,0.0,0.0,0.0,0.0,0.0,-1.0340755370565913,-1.108281958125817,0.0,0.0,0.0,0.0,0.0,0.0,0.0,0.0,0.0,0.0,0.0,0.0,0.039590474981119575,0.0,0.11010488291480645,0.0,-0.015858534499317036,0.0,-0.012090744449661286,0.0,0.010801624091640264,0.0,0.01017503286441455,0.0
2022-02-21,0.0,0.0,0.0,0.0,0.0,0.0,0.0,0.0,0.0,0.0,0.0,0.0,-0.7651981074344498,-1.009873575396475,0.0,0.0,0.0,0.0,0.0,0.0,0.0,0.0,0.0,0.0,0.0,0.0,0.015837956478037728,0.0,0.10865849844089394,0.0,-0.00025052153243005525,0.0,-5.690672324477092e-05,0.0,0.004367895777992693,0.0,0.01017503286441455,0.0
2022-02-28,0.0,0.0,0.0,0.0,0.0,0.0,0.0,0.0,0.0,0.0,0.0,0.0,-0.8656834335738809,-0.9514417770428538,0.0,0.0,0.0,0.0,0.0,0.0,0.0,0.0,0.0,0.0,0.0,0.0,0.0,0.0,0.0,0.0,0.0,0.0,0.0,0.0,0.0,0.0,0.0,0.0
2022-03-07,0.0,0.0,0.0,0.0,0.0,0.0,0.0,0.0,0.0,0.0,0.0,0.0,-0.5363797594905553,-0.945354190523142,0.0,0.0,0.0,0.0,0.0,0.0,0.0,0.0,0.0,0.0,0.0,0.0,0.0,0.0,0.0,0.0,0.0,0.0,0.0,0.0,0.0,0.0,0.0,0.0
2022-03-14,0.0,0.0,0.0,0.0,0.0,0.0,0.0,0.0,0.0,0.0,0.0,0.0,-0.5259831563514175,-0.9672344396484951,0.0,0.0,0.0,0.0,0.0,0.0,0.0,0.0,0.0,0.0,0.0,0.0,0.0,0.0,0.0,0.0,0.0,0.0,0.0,0.0,0.0,0.0,0.0,0.0
2022-03-21,0.0,0.0,0.0,0.0,0.0,0.0,0.0,0.0,0.0,0.0,0.0,0.0,-0.4011190715297816,-0.8236161130807402,0.0,0.0,0.0,0.0,0.0,0.0,0.0,0.0,0.0,0.0,0.0,0.0,0.0,0.0,0.0,0.0,0.0,0.0,0.0,0.0,0.0,0.0,0.0,0.0
2022-03-28,0.0,0.0,0.0,0.0,0.0,0.0,0.0,0.0,0.0,0.0,0.0,0.0,-0.253700751878074,-0.9132095040297915,0.0,0.0,0.0,0.0,0.0,0.0,0.0,0.0,0.0,0.0,0.0,0.0,0.0,0.0,0.0,0.0,0.0,0.0,0.0,0.0,0.0,0.0,0.0,0.0
2022-04-04,0.03982262221327245,0.0,0.04184312684152507,0.0,-0.08371357310883179,0.0,-0.004255620030794898,0.0,0.15169702491176418,0.0,1.1521980707900081,0.0,-0.18601603225783597,-0.8808899295319793,0.009955655553318113,0.0,0.010460781710381157,0.0,-0.020928393277208086,0.0,-0.001063905007698669,0.0,0.03792425622794107,0.0,0.288049517697502,0.0,0.0030632786317901883,0.0,0.003218702064732698,0.0,-0.0064395056237563,0.0,-0.00032735538698425707,0.0,0.011669001916289556,0.0,0.08863062083000066,0.0
2022-04-11,0.02521156253567523,0.0,0.06255637426667492,0.0,-0.22210021956523418,0.0,-1.028331466008365,0.0,0.31707061657446717,0.0,0.9948041065162717,0.0,0.1157519587258103,-0.6544007656413744,0.01625854618723692,0.0,0.026099875277049885,0.0,-0.07645344816851662,0.0,-0.2581467715097899,0.0,0.11719191037155786,0.0,0.53675054432657,0.0,0.005002629596072898,0.0,0.008030730854476921,0.0,-0.02352413789800508,0.0,-0.07942977584916616,0.0,0.036059049345094726,0.0,0.16515401363894464,0.0
2022-04-18,0.12425681514396782,0.0,0.23011113932329774,0.0,-0.15699595549769638,0.0,0.0,0.0,0.1176009312647461,0.0,1.4541182314227872,0.0,0.10970125574513788,-0.4135874005168774,0.04732274997322887,0.0,0.08362766010787431,0.0,-0.11570243704294073,0.0,-0.2581467715097899,0.0,0.14659214318774438,0.0,0.9002801021822667,0.0,0.014560846145608883,0.0,0.025731587725499824,0.0,-0.03560074985936634,0.0,-0.07942977584916616,0.0,0.04510527482699827,0.0,0.2770092622099283,0.0
2022-04-25,0.09897144990606005,0.0,0.0,0.0,-0.30189601823101136,0.0,0.0,0.0,0.29697333399029646,0.0,0.27817636478453234,0.0,0.3262119982619067,-0.18583147131677813,0.07206561244974388,0.0,0.08362766010787431,0.0,-0.19117644160069358,0.0,-0.2581467715097899,0.0,0.2208354766853185,0.0,0.9698241933783998,0.0,0.022174034599921195,0.0,0.025731587725499824,0.0,-0.05882352049252107,0.0,-0.07942977584916616,0.0,0.06794937744163645,0.0,0.2984074441164308,0.0
2022-05-02,0.019056602086195057,0.0,0.053272151268223315,0.0,-0.0003138841619163985,0.0,-0.00015832943667134472,0.0,0.13583588252257064,0.0,0.23166622342281468,0.0,0.740834966354048,0.04135363871284623,0.06687410741797453,0.0,0.08648491621454887,0.0,-0.17032651936396473,0.0,-0.257122448861259,0.0,0.2168701910880201,0.0,0.7396912315366015,0.0,0.023639927068090046,0.0,0.029829445515363155,0.0,-0.05884766542805309,0.0,-0.07944195503660242,0.0,0.0783982914818342,0.0,0.3162279228412626,0.0
2022-05-09,0.04500551892519079,0.0,1.0304112024282734,0.0,-0.08104371220089394,0.0,-0.2325441581969309,0.0,0.5002152526784287,0.0,0.4008847164884867,0.0,0.7189764697351538,0.210471003296904,0.07182259651535343,0.0,0.3284486232549485,0.0,-0.13506239252287966,0.0,-0.058175621908400504,0.0,0.2626563501140105,0.0,0.5912113840296551,0.0,0.02710189006233549,0.0,0.10909184570215341,0.0,-0.06508179713581416,0.0,-0.0973299672055971,0.0,0.11687638784171332,0.0,0.34706520872499236,0.0
2022-05-16,0.14469516522235126,0.14469516522235126,0.14337607218567144,0.14337607218567144,-0.2137104689568551,-0.2137104689568551,-0.11422785953871456,-0.11422785953871456,0.08968775401913899,0.08968775401913899,0.3752605438983699,0.3752605438983699,0.8239928649528124,0.27595100318045995,0.0769321840349493,0.036173791305587816,0.3067648564705419,0.035844018046417916,-0.14924102088766933,-0.05342761723921375,-0.08673258679307914,-0.02855696488467864,0.2556780558026087,0.022421938504784775,0.3214969621485509,0.09381513597459247,0.03823228738713174,0.01113039732479625,0.12012077433182045,0.011028928629667,-0.08152106397864917,-0.016439266842835008,-0.10611672563165207,-0.008786758426054983,0.12377544584318557,0.00689905800147223,0.37593140440948236,0.02886619568448999
2022-05-23,0.02052511196624871,0.02052511196624871,0.003467508110185516,0.003467508110185516,-0.3157656000792106,-0.3157656000792106,-0.013696388482193924,-0.013696388482193924,0.06681319113082401,0.06681319113082401,0.3560350064460505,0.3560350064460505,1.0179720464162842,0.4504396831299267,0.05732059954999646,0.04130506929714999,0.3076317334980883,0.03671089507396429,-0.15270841634971916,-0.1323690172590164,-0.09015668391362762,-0.03198106200522712,0.19813802008774062,0.039125236287490775,0.3409616225639305,0.1828238875861051,0.03981114215376626,0.012709252091430766,0.12038750572491165,0.011295660022758194,-0.10581072552320384,-0.04072892838738967,-0.10717029397643622,-0.009840326770839132,0.12891492208401817,0.012038534242304845,0.4033187125976401,0.05625350387264772
2022-05-30,0.07750852945960425,0.07750852945960425,3.6805638523449704e-06,3.6805638523449704e-06,-0.169408690424787,-0.169408690424787,-0.12967284672672738,-0.12967284672672738,0.41634436463888075,0.41634436463888075,0.09721358380462157,0.09721358380462157,0.8318504655572729,0.5687641695668771,0.07193358139334877,0.06068220166205106,0.2943146158219956,0.03671181521492738,-0.19498211791543682,-0.17472118986521315,-0.12253531323614164,-0.06439927368690897,0.26826514061681817,0.14321132744721096,0.3073484626593822,0.20712728353726048,0.045773336727581965,0.01867144666524648,0.12038778884520798,0.011295943143054528,-0.11884216324818746,-0.05376036611237329,-0.11714512834003064,-0.019815161134433545,0.1609414116716244,0.04406502382991106,0.41079668058261104,0.06373147185761861
2022-06-06,0.0,0.05335197203833191,0.0,0.08444743531161084,0.0,-0.01711638933304124,0.0,0.0,0.0,0.04474578011943378,0.0,0.008988471664952582,0.8986053474899672,0.7359841563172285,0.06068220166205106,0.07402019467163404,0.03671181521492722,0.05782367404283009,-0.17472118986521332,-0.17900028719847347,-0.06439927368690891,-0.06439927368690897,0.14321132744721096,0.1543977724770694,0.20712728353726048,0.20937440145349864,0.045773336727581965,0.022775444514348934,0.12038778884520798,0.01779189970548613,-0.11884216324818746,-0.05507701144568415,-0.11714512834003064,-0.019815161134433545,0.1609414116716244,0.047507006916021347,0.41079668058261104,0.06442289275492266
2022-06-13,0.0,0.2973400602036595,0.0,0.6048198381063239,0.0,-0.05567891957007285,0.0,-0.022623370369043088,0.0,0.23495916361375818,0.0,1.1259308488183222,0.8979611239361731,0.763004584319018,0.024508410356463242,0.1121814184169611,0.0008677971685093542,0.1731846155229932,-0.12129357262599955,-0.13949239985177792,-0.03584230880223027,-0.041498151394491097,0.12078938894242622,0.19071562487572422,0.11331214756266803,0.3970419776834867,0.045773336727581965,0.04564775683770735,0.12038778884520798,0.06431650263674181,-0.11884216324818746,-0.05936000525876668,-0.11714512834003064,-0.021555420393590707,0.1609414116716244,0.06558078873246428,0.41079668058261104,0.15103295804863975
2022-06-20,0.0,0.39515439243299877,0.0,0.5203295188804617,0.0,-0.1436067893627162,0.0,-0.055812002058558866,0.0,0.2649708214761991,0.0,0.1066079123329778,0.5870178388781105,0.7535214738472439,0.019377132364901066,0.2058387385336486,9.201409629752203e-07,0.30240011821556223,-0.04235217260619689,-0.0964526971726543,-0.03241821168168179,-0.052027054788582335,0.10408609115972021,0.24025503246206797,0.024303395951155393,0.3346852041552185,0.045773336727581965,0.07604424856332265,0.12038778884520798,0.10434185024293118,-0.11884216324818746,-0.070406681363591,-0.11714512834003064,-0.02584865132117216,0.1609414116716244,0.08596315961524882,0.41079668058261104,0.15923356668963803
2022-06-27,0.0,0.15237192445546005,0.0,0.00019993499632217588,0.0,-0.33862873605480065,0.0,-0.3724733952981623,0.0,0.06246305565467218,0.0,0.04057046537118989,0.36976786522177263,0.7368782396126055,0.0,0.22455458728261254,0.0,0.3024491818236797,0.0,-0.1387577085801577,0.0,-0.11272719193144107,0.0,0.15178470521601584,0.0,0.32052442454686064,0.045773336727581965,0.08776516582912727,0.12038778884520798,0.10435722985803288,-0.11884216324818746,-0.09645504567549874,-0.11714512834003064,-0.05450045095949234,0.1609414116716244,0.09076801005022363,0.41079668058261104,0.16235437171819112
2022-07-04,0.0,0.05961908301617895,0.0,0.4196315156973931,0.0,-0.032053918738517984,0.0,-0.010332216203802268,0.0,0.24056973997000494,0.0,0.15947713982648823,0.2390059588818521,0.8416935745873239,0.0,0.2261213650270743,0.0,0.38624520192012524,0.0,-0.14249209093152687,0.0,-0.11531024598239163,0.0,0.20074069517865864,0.0,0.35814659158724454,0.04271005809579177,0.09235124913806411,0.11716908678047527,0.1366365772193708,-0.11240265762443116,-0.09892073173230782,-0.11681777295304642,-0.05529523682132328,0.14927240975533485,0.10927337466330092,0.3221660597526104,0.17462184401253633
2022-07-11,0.0,0.3861789630515414,0.0,0.2678489972377325,0.0,-0.11454322429065678,0.0,-0.006517514573960326,0.0,0.00019496654723220102,0.0,0.0,0.026250476577783264,0.7581941937703369,0.0,0.2483310907390448,0.0,0.3020024917029774,0.0,-0.15720816711167285,0.0,-0.11128378203362094,0.0,0.14204964591202712,0.0,0.07666387938266397,0.040770707131509064,0.12205732321895191,0.11235705799073106,0.15724034623765792,-0.09531802535018238,-0.10773174898543526,-0.0377153524908645,-0.0557965840962433,0.12488236232652968,0.10928837209001109,0.24564266694366638,0.17462184401253633
2022-07-18,0.0,0.0,0.0,0.0,0.0,0.0,0.0,0.0,0.0,0.0,0.0,0.0,0.0017767346823960228,0.6774900117202045,0.0,0.1495424926307951,0.0,0.17192011198286195,0.0,-0.12130646977099382,0.0,-0.09733078151898122,0.0,0.07580694054297736,0.0,0.050011901299419535,0.031212490581973087,0.12205732321895191,0.09465620111970816,0.15724034623765792,-0.08324141338882113,-0.10773174898543526,-0.0377153524908645,-0.0557965840962433,0.11583613684462613,0.10928837209001109,0.1337874183726828,0.17462184401253633
2022-07-25,0.0,0.0,0.0,0.0,0.0,0.0,0.0,0.0,0.0,0.0,0.0,0.0,0.2516081825064281,0.6772005870718162,0.0,0.1114495115169301,0.0,0.1718701282337814,0.0,-0.03664928575729366,0.0,-0.0042124326944406485,0.0,0.060191176629309305,0.0,0.03986928495662206,0.023599302127660777,0.12205732321895191,0.09465620111970816,0.15724034623765792,-0.06001864275566641,-0.10773174898543526,-0.0377153524908645,-0.0557965840962433,0.09299203422998795,0.10928837209001109,0.11238923646618029,0.17462184401253633
2022-08-01,0.0,0.0,0.0,0.0,0.0,0.0,0.0,0.0,0.0,0.0,0.0,0.0,-0.12545226491366077,0.505558443068519,0.0,0.09654474076288536,0.0,0.06696224930943315,0.0,-0.028635806072664166,0.0,-0.0016293786434900814,0.0,4.874163680807801e-05,0.0,0.0,0.022133409659491923,0.12205732321895191,0.09055834332984483,0.15724034623765792,-0.059994497820134364,-0.10773174898543526,-0.03770317330342825,-0.0557965840962433,0.08254312018979021,0.10928837209001109,0.0945687577413484,0.17462184401253633
2022-08-08,0.0,0.3526708987329505,0.0,0.18518265859897723,0.0,-0.11841518837020706,0.0,-0.004807011629685764,0.0,0.026750382308439298,0.0,0.08919549558291173,-0.12277447119393652,0.44623532861409176,0.0,0.08816772468323762,0.0,0.046295664649744335,0.0,-0.029603797092551738,0.0,-0.001201752907421441,0.0,0.006687595577109852,0.0,0.022298873895727933,0.01867144666524648,0.14918585389071734,0.011295943143054562,0.17148516612988696,-0.0537603661123733,-0.11684060962929733,-0.019815161134433563,-0.05616635422160375,0.044065023829911065,0.11134609380604488,0.06373147185761864,0.18148303598045262
2022-08-15,0.0,0.14804002261517382,0.0,0.22745150700949457,0.0,-0.13421055639306406,0.0,0.0,0.0,0.0052303641543446685,0.0,0.0003508732294503393,-0.02578628279369255,0.42924824755347823,0.0,0.12517773033703108,0.0,0.10315854140211797,0.0,-0.06315643619081776,0.0,-0.001201752907421441,0.0,0.00799518661569602,0.0,0.022386592203090517,0.007541049340450228,0.14944315061324215,0.00026701451338752774,0.17795250727018103,-0.03732109926953829,-0.11072523173977496,-0.011028402708378597,-0.04737959579554878,0.037165965828438834,0.10484937150875301,0.03486527617312866,0.1526438305443819
2022-08-22,0.0,0.158893787463326,0.0,0.0020231962759771215,0.0,-0.01724726081683114,0.0,0.0,0.0,0.013803063101994223,0.0,0.23646622473663953,-0.12428404509427103,0.2376418049339932,0.0,0.16490117720286257,0.0,0.10366434047111225,0.0,-0.06746825139502553,0.0,-0.001201752907421441,0.0,0.011445952391194576,0.0,0.0815031483872504,0.0059621945738157125,0.1600868948822481,2.831202963342285e-07,0.17784140635985735,-0.013031437724983625,-0.08776228256574575,-0.009974834363594448,-0.04632602745076463,0.03202648958760622,0.10077166935268916,0.0074779679849709246,0.14344623195135028
2022-08-29,0.0,0.2442039660100889,0.0,0.356125159147581,0.0,-0.02852071151680427,0.0,0.0,0.0,0.02946196597676872,0.0,0.038478591836930406,-0.15177008561536487,0.07033272057229346,0.0,0.22595216870538481,0.0,0.1926956302580075,0.0,-0.07459842927422661,0.0,-0.001201752907421441,0.0,0.018811443885386754,0.0,0.091122796346483,0.0,0.1729096207707469,0.0,0.20523536625091338,0.0,-0.07692474572667017,0.0,-0.03635119308717022,0.0,0.07101148484021903,0.0,0.13892815564614328
2022-09-05,0.20529304929372272,0.20529304929372272,0.041375935903521,0.041375935903521,-0.08161852322507561,-0.08161852322507561,0.0,0.0,0.07215169791254575,0.07215169791254575,0.03534366696389128,0.03534366696389128,-0.2600879075917036,-0.16592079814165778,0.05132326232343068,0.18910770634557783,0.010343983975880138,0.15674394958414345,-0.02040463080626904,-0.06539926298794374,0.0,0.0,0.018037924478136465,0.03016177278641337,0.00883591674097282,0.07765983919172789,0.015791773022594054,0.18459739594423852,0.0031827643002708458,0.2019221739887526,-0.00627834794039044,-0.08188644833374974,0.0,-0.03635119308717022,0.005550130608657374,0.0731196323627661,0.002718743612607056,0.14095547836144626
2022-09-12,0.08135034144945387,0.08135034144945387,0.24326968143186906,0.24326968143186906,-0.03763657535945206,-0.03763657535945206,-0.02637563059865145,-0.02637563059865145,0.18775506917668275,0.18775506917668275,0.12927949653320092,0.12927949653320092,-0.2620872591271505,-0.2212741941329502,0.07166084768579414,0.17243528605414787,0.0711614043338474,0.16069849318973708,-0.029813774646132055,-0.041255767729540746,-0.006593907649662807,-0.006593907649662862,0.06497669177230715,0.07579294904199789,0.041155790874273054,0.10989199501766553,0.022049491595628967,0.16798280219391498,0.021895816718106927,0.17411062347533302,-0.009173469121886752,-0.08049857570216352,-0.002028894661434761,-0.03663982848944779,0.01999282823763297,0.06948854817529876,0.012663320269007128,0.06428998972412923
2022-09-19,0.09552635364067057,0.09552635364067057,0.15934631797353402,0.15934631797353402,-0.011214005672050432,-0.011214005672050432,-0.013274743151637238,-0.013274743151637238,0.29669589145836583,0.29669589145836583,0.1296958182562868,0.1296958182562868,-0.33390785017911195,-0.22988192162003893,0.09554243609596179,0.15659342759848402,0.11099798382723092,0.2000292736141263,-0.03261727606414466,-0.03974745394334556,-0.009912593437572116,-0.009912593437572172,0.13915066463689862,0.14651615613109079,0.07357974543834475,0.08319939339757734,0.02939767264491132,0.14493449151758206,0.034153225792994166,0.14634268494403088,-0.010036084942813708,-0.07031451541826615,-0.003050028750022241,-0.033367731650453814,0.04281558911904573,0.07192893817392697,0.02263992167333688,0.0660659824874607
2022-09-26,0.1280724931893668,0.0,0.07934701277373386,0.0,-0.12917770272140847,0.0,-0.4217765066162017,0.0,0.10874057996102435,0.0,0.22182007189741007,0.0,-0.583853517820454,-0.3295997906959977,0.1275605593933035,0.09554243609596179,0.13083473702066437,0.11099798382723106,-0.06491170174449679,-0.032617276064144496,-0.11535672009162254,-0.009912593437572172,0.1663358096271547,0.13915066463689862,0.12903476341269726,0.07357974543834474,0.039249402890247226,0.13321357425177743,0.040256842160204455,0.14632730532892918,-0.019972831305998976,-0.04426615110635842,-0.035494375412806985,-0.004715932012133636,0.0511802491160476,0.06712408773895219,0.039703004126983805,0.06294517745890764
2022-10-03,0.0841329990626203,0.0,0.22288728086402584,0.0,-0.1831585045255376,0.0,-0.35473098912753714,0.0,0.008888973849265082,0.0,0.001442536051353059,0.0,-0.7836062335173375,-0.5723783945427324,0.09727054683552788,0.04421917377253111,0.1762125732607906,0.10065399985135079,-0.09029669706961227,-0.012212645257875594,-0.2040394673735068,-0.009912593437572172,0.15052012861133454,0.12111274015876217,0.12055948068456271,0.06474382869737191,0.045721172048910325,0.1286274909428406,0.05740201761128337,0.11404795796759125,-0.03406194703873264,-0.04180046504954934,-0.06278137457646368,-0.0039211461503026925,0.051864016335221835,0.04861872312587488,0.039813968438626356,0.05067770516456239
2022-10-10,0.248693418284556,0.0,0.16363372334231813,0.0,-0.23282723535819252,0.0,-0.11905158988484173,0.0,0.05767079177374876,0.0,0.5198389507820862,0.0,-0.9157432936904023,-0.6445188367113376,0.1391063160443034,0.02388158841016764,0.15630358373840286,0.03983657949338353,-0.1390943620692974,-0.00280350141801258,-0.2272084571950544,-0.0033186857879093094,0.11799905926060103,0.07417397286459149,0.21819934424678403,0.03242395456407169,0.06485143499387618,0.0989214168619528,0.06998922709915399,0.09344418894930413,-0.051971734373978215,-0.03298944779642189,-0.07193918918298997,-0.0034197988753826678,0.056300231087048666,0.04860372569916471,0.07980158003724838,0.05067770516456239
2022-10-17,0.08758240540290557,0.0,0.0,0.0,-0.45730450061541783,0.0,-0.30294300114677947,0.0,0.14001242848446308,0.0,0.5428912095784574,0.0,-1.2302753429990494,-0.6673006458369043,0.13712032898486215,0.0,0.11646700424501934,0.0,-0.25061698580513925,0.0,-0.29962552169383994,0.0,0.07882819351712535,0.0,0.32149819207732666,0.0,0.07158854310179198,0.0989214168619528,0.06998922709915399,0.09344418894930413,-0.08714900365208729,-0.03298944779642189,-0.09524249696351147,-0.0034197988753826678,0.06707041789354583,0.04860372569916471,0.12156244231251433,0.05067770516456239
2022-10-24,0.09452141062379697,0.0,0.027551123059423362,0.0,-0.02878397976211821,0.0,-0.1425257882835431,0.0,0.10966375507763186,0.0,0.09916339155338615,0.0,-0.6364679039059515,-0.6288883392553729,0.1287325583434697,0.0,0.10351803181644172,0.0,-0.22551855506531668,0.0,-0.2298128421106753,0.0,0.07905898729627722,0.0,0.2908340219913207,0.0,0.07885942084208407,0.0989214168619528,0.07210854425757117,0.09344418894930413,-0.08936315594148099,-0.03298944779642189,-0.10620601913916863,-0.0034197988753826678,0.07550609136105596,0.04860372569916471,0.12919039550892863,0.05067770516456239
2022-10-31,0.5278087926918645,0.0,0.3317404885401409,0.0,-0.11249834769735154,0.0,-3.4463494792519914e-06,0.0,0.19244571737933203,0.0,0.8447070380616516,0.0,-0.2989577503053621,-0.5173776700879784,0.23965150675078076,0.0,0.13073133373547047,0.0,-0.20785351585827017,0.0,-0.14113095641616083,0.0,0.12494817317879396,0.0,0.5016501474938954,0.0,0.11946009720299672,0.0989214168619528,0.09762704337604355,0.09344418894930413,-0.09801687499512342,-0.03298944779642189,-0.10620628424297474,-0.0034197988753826678,0.09030960808254304,0.04860372569916471,0.19416785997520952,0.05067770516456239
2022-11-07,0.05352018400696032,0.0,0.01873934380110251,0.0,-0.11034363250123692,0.0,-0.8209289225523771,0.0,0.29320412673192375,0.0,0.7760761108958201,0.0,0.005901241948123747,-0.43332002638380296,0.19085819818138183,0.0,0.09450773885016658,0.0,-0.17723261514403127,0.0,-0.31660028958304465,0.0,0.18383150691833772,0.0,0.5657094375223288,0.0,0.12357703443430136,0.07179288619018738,0.09906853136074376,0.07919936905707511,-0.10650484672598778,-0.023880587152559814,-0.16935466290084988,-0.0030500287500222238,0.11286377167730642,0.04654600398313092,0.2538660223518111,0.043816513196646104
2022-11-14,0.0,0.0,1.810538283281296e-06,0.0,-0.11255194119765817,0.0,-1.4170585216104483,0.0,0.05267411378737907,0.0,0.5392090522414775,0.0,0.044652734219649576,-0.6089686977952093,0.16896259683065545,0.0,0.0945081914847374,0.0,-0.09104447528959135,0.0,-0.5951291696989619,0.0,0.1619969282440667,0.0,0.5647888981880839,0.0,0.12357703443430136,0.06040519214286631,0.09906867063291938,0.061703099287113976,-0.11516268835657689,-0.013556698199247192,-0.2783591645631921,-0.0030500287500222238,0.11691562658402788,0.046143668278950556,0.29534364175500166,0.04378952294822684
2022-11-21,0.09462658504863838,0.0,0.0,0.0,-0.31281902855457083,0.0,-0.08109632615204874,0.0,7.276234624067505e-05,0.0,0.09683388323395763,0.0,-0.2159860034519462,-0.6668380334032094,0.16898889043686582,0.0,0.08762041071988155,0.0,-0.1620532374877045,0.0,-0.5797718041660883,0.0,0.13459918006121893,0.0,0.5642065211082268,0.0,0.13085600251496585,0.04818259310722584,0.09906867063291938,0.06154746880434651,-0.13922569055308232,-0.01222998582872172,-0.28459734349796506,-0.0030500287500222238,0.11692122368758485,0.04508189419418177,0.30279240200376767,0.02559981335310072
2022-11-28,0.03552044503008432,0.0,0.0009445195169133264,0.0,-0.3795636931594187,0.0,-0.7171171302186585,0.0,0.2580720591251628,0.0,0.779921760353577,0.0,-0.24555596002001803,-0.6976042477793702,0.04591680352142076,0.0,0.004921418464074668,0.0,-0.22881957385322127,0.0,-0.759050225133383,0.0,0.15100576549767658,0.0,0.5480102016812081,0.0,0.13358834444035694,0.02939767264491132,0.09914132598037426,0.03415322579299413,-0.16842289771919147,-0.0100360849428137,-0.3397601996686311,-0.0030500287500222238,0.1367729205433666,0.04281558911904571,0.3627863835694274,0.022639921673336845
2022-12-05,0.0,0.0,0.0,0.0,0.0,0.0,0.0,0.0,0.0,0.0,0.0,0.0,-0.6477618095842245,-0.6992518488041076,0.03253675751968067,0.0,0.0002365825137990409,0.0,-0.20123366572791207,0.0,-0.5538179944952888,0.0,0.07770473381469566,0.0,0.353991173957253,0.0,0.11779657141776288,0.013605899622317265,0.0959585616801034,0.030970461492723277,-0.16214454977880105,-0.003757737002423268,-0.3397601996686311,-0.0030500287500222238,0.13122278993470923,0.03726545851038835,0.3600676399568204,0.01992117806072983
2022-12-12,0.0,0.0,0.0,0.0,0.0,0.0,0.0,0.0,0.0,0.0,0.0,0.0,-0.17063765755181085,-0.5343148986251738,0.03253675751968067,0.0,0.00023612987922822057,0.0,-0.17309568042849754,0.0,-0.19955336409267682,0.0,0.06453620536785089,0.0,0.21918891089688364,0.0,0.11153885284472796,0.007348181049282351,0.07724550926226734,0.012257409074887197,-0.15924942859730473,-0.0008626158209269562,-0.3377313050071964,-0.0010211340885874969,0.11678009230573363,0.022822760881412756,0.3501230633004203,0.009976601404329754
2022-12-19,0.0,0.0,0.0,0.0,0.0,0.0,0.0,0.0,0.0,0.0,0.0,0.0,-0.0037350903633930144,-0.5609183361610613,0.00888011125752108,0.0,0.00023612987922822057,0.0,-0.09489092328985481,0.0,-0.17927928255466463,0.0,0.06451801478129073,0.0,0.19498044008839424,0.0,0.10419067179544562,0.0,0.06498810018738009,0.0,-0.15838681277637776,0.0,-0.3367101709186089,0.0,0.09395733142432089,0.0,0.3401464618960906,0.0
2022-12-26,0.0,0.0,0.0,0.0,0.0,0.0,0.0,0.0,0.0,0.0,0.0,0.0,-0.14770165321466178,-0.5152974169665544,0.0,0.0,0.0,0.0,0.0,0.0,0.0,0.0,0.0,0.0,0.0,0.0,0.0943389415501097,0.0,0.058884483820169795,0.0,-0.1484500664131925,0.0,-0.30426582425582416,0.0,0.08559267142731902,0.0,0.3230833794424436,0.0
2023-01-02,0.0,0.0,0.0,0.0,0.0,0.0,0.0,0.0,0.0,0.0,0.0,0.0,-0.017792142276074664,-0.3981666817404904,0.0,0.0,0.0,0.0,0.0,0.0,0.0,0.0,0.0,0.0,0.0,0.0,0.0878671723914466,0.0,0.041739308369090886,0.0,-0.13436095068045883,0.0,-0.2769788250921674,0.0,0.08490890420814479,0.0,0.3229724151308011,0.0
2023-01-09,0.0,0.0,0.0,0.0,0.0,0.0,0.0,0.0,0.0,0.0,0.0,0.0,-0.6173216738961758,-0.39444867527379995,0.0,0.0,0.0,0.0,0.0,0.0,0.0,0.0,0.0,0.0,0.0,0.0,0.06873690944648077,0.0,0.029152098881220258,0.0,-0.11645116334521327,0.0,-0.26782101048564116,0.0,0.08047268945631794,0.0,0.28298480353217903,0.0
2023-01-16,0.0,0.0,0.0,0.0,0.0,0.0,0.0,0.0,0.0,0.0,0.0,0.0,-0.4108840673131795,-0.2860434921276962,0.0,0.0,0.0,0.0,0.0,0.0,0.0,0.0,0.0,0.0,0.0,0.0,0.06199980133856496,0.0,0.029152098881220258,0.0,-0.0812738940671042,0.0,-0.24451770270511966,0.0,0.0697025026498208,0.0,0.2412239412569131,0.0
2023-01-23,0.0,0.0,0.0,0.0,0.0,0.0,0.0,0.0,0.0,0.0,0.0,0.0,-0.3544836825685989,-0.3597842218856267,0.0,0.0,0.0,0.0,0.0,0.0,0.0,0.0,0.0,0.0,0.0,0.0,0.05472892359827289,0.0,0.027032781722803077,0.0,-0.0790597417777105,0.0,-0.23355418052946247,0.0,0.06126682918231065,0.0,0.2335959880604988,0.0
2023-01-30,0.0,0.0,0.0,0.0,0.0,0.0,0.0,0.0,0.0,0.0,0.0,0.0,-0.6359270225778981,-0.571379188584163,0.0,0.0,0.0,0.0,0.0,0.0,0.0,0.0,0.0,0.0,0.0,0.0,0.014128247237360234,0.0,0.0015142826043307012,0.0,-0.07040602272406805,0.0,-0.2335539154256564,0.0,0.046463312460823566,0.0,0.1686185235942179,0.0
2023-02-06,0.0,0.0,0.0,0.0,0.0,0.0,0.0,0.0,0.0,0.0,0.0,0.0,-0.5509794496303668,-0.6361509394766804,0.0,0.0,0.0,0.0,0.0,0.0,0.0,0.0,0.0,0.0,0.0,0.0,0.010011310006055592,0.0,7.279461963050829e-05,0.0,-0.06191805099320368,0.0,-0.17040553676778122,0.0,0.0239091488660602,0.0,0.10892036121761633,0.0
2023-02-13,0.0,0.0,0.0,0.0,0.0,0.0,0.0,0.0,0.0,0.0,0.0,0.0,-0.6352018093840502,-0.5541440085281559,0.0,0.0,0.0,0.0,0.0,0.0,0.0,0.0,0.0,0.0,0.0,0.0,0.010011310006055592,0.0,7.265534745487126e-05,0.0,-0.053260209362614594,0.0,-0.06140103510543905,0.0,0.019857293959338735,0.0,0.06744274181442576,0.0
2023-02-20,0.0,0.0,0.0,0.0,0.0,0.0,0.0,0.0,0.0,0.0,0.0,0.0,-0.5747773443194258,-0.528436549392088,0.0,0.0,0.0,0.0,0.0,0.0,0.0,0.0,0.0,0.0,0.0,0.0,0.0027323419253911015,0.0,7.265534745487126e-05,0.0,-0.029197207166109136,0.0,-0.055162856170666075,0.0,0.01985169685578176,0.0,0.0599939815656598,0.0
2023-02-27,0.0,0.0,0.0,0.0,0.0,0.0,0.0,0.0,0.0,0.0,0.0,0.0,-0.12343487052488489,-0.368144549510762,0.0,0.0,0.0,0.0,0.0,0.0,0.0,0.0,0.0,0.0,0.0,0.0,0.0,0.0,0.0,0.0,0.0,0.0,0.0,0.0,0.0,0.0,0.0,0.0
2023-03-06,0.0,0.0,0.0,0.0,0.0,0.0,0.0,0.0,0.0,0.0,0.0,0.0,-0.00663419680120655,-0.34253915786364075,0.0,0.0,0.0,0.0,0.0,0.0,0.0,0.0,0.0,0.0,0.0,0.0,0.0,0.0,0.0,0.0,0.0,0.0,0.0,0.0,0.0,0.0,0.0,0.0
2023-03-13,0.0,0.0,0.0,0.0,0.0,0.0,0.0,0.0,0.0,0.0,0.0,0.0,-0.06130458467306242,-0.5055883269156785,0.0,0.0,0.0,0.0,0.0,0.0,0.0,0.0,0.0,0.0,0.0,0.0,0.0,0.0,0.0,0.0,0.0,0.0,0.0,0.0,0.0,0.0,0.0,0.0
2023-03-20,0.0,0.0,0.0,0.0,0.0,0.0,0.0,0.0,0.0,0.0,0.0,0.0,0.07120049037395582,-0.41065889049701815,0.0,0.0,0.0,0.0,0.0,0.0,0.0,0.0,0.0,0.0,0.0,0.0,0.0,0.0,0.0,0.0,0.0,0.0,0.0,0.0,0.0,0.0,0.0,0.0
2023-03-27,0.0,0.0,0.0,0.0,0.0,0.0,0.0,0.0,0.0,0.0,0.0,0.0,-0.0604302168733002,-0.3874206502742999,0.0,0.0,0.0,0.0,0.0,0.0,0.0,0.0,0.0,0.0,0.0,0.0,0.0,0.0,0.0,0.0,0.0,0.0,0.0,0.0,0.0,0.0,0.0,0.0
2023-04-03,0.11402057190032026,0.0,0.0010409886012772995,0.0,-0.2696635524190072,0.0,-0.27352889187590224,0.0,0.06282632764507419,0.0,0.0398648375449411,0.0,-0.10305658844906725,-0.3754588765351925,0.028505142975080066,0.0,0.00026024715031921385,0.0,-0.06741588810475194,0.0,-0.06838222296897556,0.0,0.015706581911268575,0.0,0.009966209386235275,0.0,0.008770813223101559,0.0,8.007604625209997e-05,0.0,-0.020743350186077484,0.0,-0.021040683990454053,0.0,0.004832794434236485,0.0,0.0030665259649955033,0.0
2023-04-10,0.17123814354420672,0.0,0.6425911040157192,0.0,-0.1141167457889543,0.0,-2.655739634906399e-06,0.0,0.03018068272104382,0.0,0.32264437845177885,0.0,-0.2143418859225248,-0.35764843009279607,0.07131467886113174,0.0,0.160908023154249,0.0,-0.09594507455199051,0.0,-0.06838288690388429,0.0,0.02325175259152953,0.0,0.09062730399917998,0.0,0.021942978111117457,0.0,0.04951016097053819,0.0,-0.02952156140061243,0.0,-0.02104088827811828,0.0,0.007154385412778317,0.0,0.027885324307440028,0.0
2023-04-17,0.12158367092839399,0.0,0.017284507154112255,0.0,-0.13018141317306703,0.0,-0.06151291271984799,0.0,0.3233094626138372,0.0,0.03498775733073451,0.0,-0.10854301154948053,-0.3381472368395947,0.10171059659323024,0.0,0.16522914994277707,0.0,-0.12849042784525727,0.0,-0.08376111508384629,0.0,0.10407911824498883,0.0,0.09937424333186361,0.0,0.03129556818253238,0.0,0.05083973844393144,0.0,-0.039535516260079125,0.0,-0.02577265079502966,0.0,0.03202434407538118,0.0,0.030576690255958067,0.0
2023-04-24,0.06719122230568127,0.0,0.21619285055808432,0.0,-0.4317441562191345,0.0,-0.3169448502513271,0.0,0.0,0.0,0.0,0.0,-0.010833979376528474,-0.27554028672560554,0.11850840216965056,0.0,0.21927736258229816,0.0,-0.23642646690004088,0.0,-0.16299732764667807,0.0,0.10407911824498883,0.0,0.09937424333186361,0.0,0.036464123744507866,0.0,0.06746995771763023,0.0,-0.07274660520001254,0.0,-0.05015302389128559,0.0,0.03202434407538118,0.0,0.030576690255958067,0.0
2023-05-01,0.2805423304368556,0.0,0.08898722225789969,0.0,-0.045956751974401154,0.0,-0.18830249895203216,0.0,0.11653543121573469,0.0,0.07850353506447999,0.0,-0.07212904292033044,-0.1429618258647068,0.1601388418037844,0.0,0.24126392099645375,0.0,-0.18049976678888938,0.0,-0.14169072941571054,0.0,0.11750639413765396,0.0,0.10903391771174833,0.0,0.05804430300888137,0.0,0.0743151286605456,0.0,-0.07628173996727418,0.0,-0.06463783150298037,0.0,0.04098860801505308,0.0,0.036615423722456526,0.0
2023-05-08,0.5952330488023757,0.0,0.008780694281269428,0.0,0.0,0.0,0.0,0.0,0.005882474566877162,0.0,0.0,0.0,0.5235060243712703,0.12231501543928812,0.2661375681183266,0.0,0.08281131856284131,0.0,-0.1519705803416508,0.0,-0.14169006548080182,0.0,0.11143184209911229,0.0,0.028372823098803623,0.0,0.10383146060906413,0.0,0.07499056668218171,0.0,-0.07628173996727418,0.0,-0.06463783150298037,0.0,0.041441106058659014,0.0,0.036615423722456526,0.0
2023-05-15,0.009286790588451877,0.009286790588451877,0.4700287681972173,0.4700287681972173,-0.11237192697457965,-0.11237192697457965,0.0,0.0,0.005745613984865722,0.005745613984865722,0.02009127251134762,0.02009127251134762,0.46571724935055236,0.1735341248202287,0.2380633480333411,0.0023216976471129693,0.19599738382361756,0.11750719204930435,-0.14751820879202895,-0.028092981743644885,-0.12631183730083984,0.0,0.032040879941869424,0.0014364034962164583,0.024648701893956904,0.005022818127836898,0.1045458291158681,0.0007143685068039905,0.11114662577427534,0.0361560590920936,-0.08492573434993414,-0.008643994382659973,-0.06463783150298037,0.0,0.04188307636518714,0.0004419703065281325,0.03816090622332942,0.0015454825008728939
2023-05-22,0.28344209318936103,0.28344209318936103,0.30245667463956316,0.30245667463956316,-0.17918407042636006,-0.17918407042636006,-0.14011761848473892,-0.14011761848473892,0.023219137301962525,0.023219137301962525,0.046799110226082186,0.046799110226082186,0.3792844680853949,0.12132533993151615,0.29212606575426103,0.07318222094445323,0.2175633398439873,0.19312136070919514,-0.08437818734383536,-0.0728889993502349,-0.08210502935919277,-0.03502940462118473,0.03784566426736005,0.007241187821707089,0.03634847945047745,0.016722595684357446,0.12634906705351126,0.022517606444447148,0.13441252382347252,0.05942195714129077,-0.09870912438273108,-0.022427384415456903,-0.0754161098479603,-0.010778278344979934,0.04366916384995349,0.0022280577912944803,0.041760837779181895,0.00514541405672537
2023-05-29,0.15590761102221404,0.15590761102221404,0.6000842383235337,0.6000842383235337,-0.0870399908385198,-0.0870399908385198,-0.03392704693892049,-0.03392704693892049,0.06695815922731418,0.06695815922731418,0.015293925954810824,0.015293925954810824,0.424377408429831,0.134922343279675,0.26096738590060065,0.11215912370000675,0.34533759386039575,0.3431424202900786,-0.09464899705986503,-0.09464899705986485,-0.04351116635591485,-0.04351116635591485,0.025451346270254926,0.023980727628535634,0.02054607717306016,0.020546077173060152,0.1383419602090662,0.034510499600002076,0.18057284984835972,0.10558228316617799,-0.10540450829338645,-0.02912276832611227,-0.07802588268941571,-0.013388051186435355,0.04881979148282382,0.007378685424164802,0.04293729362185965,0.006321869899403126
2023-06-05,0.0,0.16555227062243305,0.0,0.17043367024512854,0.0,-0.2553887239888477,0.0,-0.2752299863410031,0.0,0.0,0.0,0.0,0.15542445112933304,0.1635305509132425,0.11215912370000672,0.153547191355615,0.34314242029007846,0.3857508378513607,-0.09464899705986503,-0.15849617805707678,-0.04351116635591485,-0.11231866294116563,0.023980727628535634,0.023980727628535634,0.02054607717306016,0.020546077173060152,0.1383419602090662,0.04724528964788154,0.18057284984835972,0.11869256549272632,-0.10540450829338645,-0.048768054786792865,-0.07802588268941571,-0.03455958859728175,0.04881979148282382,0.007378685424164802,0.04293729362185965,0.006321869899403126
2023-06-12,0.0,0.09543045608826035,0.0,0.0,0.0,-0.42100983572865275,0.0,-0.345390107204223,0.0,0.026997515641396054,0.0,0.13377746588056236,0.1728248951191656,0.29456084724335924,0.10983742605289373,0.17508310773056712,0.22563522824077412,0.2682436458020564,-0.0665560153162201,-0.23565565524559506,-0.04351116635591485,-0.19866618974222136,0.022544324132319205,0.029293703042668214,0.015523259045223253,0.048967625515363836,0.1383419602090662,0.0545860939623631,0.18057284984835972,0.11869256549272632,-0.10540450829338645,-0.08115342676592,-0.07802588268941571,-0.061128058382221975,0.04881979148282382,0.009455417396579882,0.04293729362185965,0.016612444197907923
2023-06-19,0.0,0.003038993392004234,0.0,0.17215379169035352,0.0,-0.17011517176395838,0.0,-0.20479896140385448,0.0,0.033336751263851765,0.0,0.08594224376116422,0.4788685691234869,0.310366312109603,0.03897690275555348,0.10498233278122791,0.15002105958088333,0.23566792506475398,-0.02175999770963009,-0.23338843057999462,-0.008481761734730123,-0.21483652547200024,0.016739539806828574,0.03182310653314053,0.003823481488702706,0.05875340889913434,0.1383419602090662,0.05481986268482497,0.18057284984835972,0.13193516485352275,-0.10540450829338645,-0.09423920920930141,-0.07802588268941571,-0.07688182464405693,0.04881979148282382,0.012019782878414634,0.04293729362185965,0.023223386025689782
2023-06-26,0.0,0.23408139458007657,0.0,0.000784287688122518,0.0,-0.07194470805996536,0.0,-0.005514909840593052,0.0,0.036166634386189125,0.0,0.011986013435202532,0.599676581956859,0.36279190447882204,0.0,0.12452577867069356,0.0,0.08584293740590117,0.0,-0.22961460988535604,0.0,-0.2077334911974184,0.0,0.024125225322859264,0.0,0.05792643076923227,0.1383419602090662,0.07282612380636931,0.18057284984835972,0.13199549467568603,-0.10540450829338645,-0.09977341752160644,-0.07802588268941571,-0.07730604847794871,0.04881979148282382,0.01480183167735226,0.04293729362185965,0.024145387059166905
2023-07-03,0.0,0.013371529003580048,0.0,0.05283571091431576,0.0,-0.25578291035655504,0.0,-0.5378966300637336,0.0,0.02662171647616002,0.0,0.0,0.7220237647819651,0.45748198272087987,0.0,0.08648059326598032,0.0,0.05644344757319798,0.0,-0.22971315647728285,0.0,-0.273400152128101,0.0,0.030780654441899268,0.0,0.05792643076923227,0.12957114698596464,0.07385470296049086,0.18049277380210763,0.13605978013063338,-0.08466115810730897,-0.11944902601057221,-0.056985198698961695,-0.11868271232900514,0.043986997048587335,0.016849656021672262,0.03987076765686418,0.024145387059166905
2023-07-10,0.0,0.023116098514157166,0.0,0.05562227054343185,0.0,-0.19864339863827463,0.0,-0.4148720415399645,0.0,0.13224620100722861,0.0,0.004070676448058244,0.60029236436651,0.5381796319310077,0.0,0.0684020038724545,0.0,0.07034901520905594,0.0,-0.1741215472046883,0.0,-0.29077063571203643,0.0,0.05709282578335741,0.0,0.025499733411106243,0.11639898209794873,0.0756328643846568,0.13106268887782152,0.140338416326282,-0.07588294689277403,-0.13472928744428564,-0.05698499441129748,-0.15059594629361778,0.041665406070045506,0.027022440714536,0.015051969314419659,0.024458516016709845
2023-07-17,0.0,0.0,0.0,0.0,0.0,0.0,0.0,0.0,0.0,0.0,0.0,0.0,0.3909291644395883,0.4909849441597006,0.0,0.06764225552445345,0.0,0.02731056728646756,0.0,-0.1315927542636987,0.0,-0.23957089536107276,0.0,0.048758637967394464,0.0,0.004014172470815187,0.10704639202653381,0.0756328643846568,0.12973311140442828,0.140338416326282,-0.06586899203330733,-0.13472928744428564,-0.05225323189438609,-0.15059594629361778,0.016795447407442647,0.027022440714536,0.012360603365901621,0.024458516016709845
2023-07-24,0.0,0.0,0.0,0.0,0.0,0.0,0.0,0.0,0.0,0.0,0.0,0.0,0.18701496923032548,0.4766793574060821,0.0,0.009121906879434304,0.0,0.027114495364436934,0.0,-0.11360657724870739,0.0,-0.2381921679009245,0.0,0.039716979370847186,0.0,0.001017669112014554,0.10187783646455834,0.0756328643846568,0.1131028921307295,0.140338416326282,-0.03265790309337391,-0.13472928744428564,-0.027872858798130156,-0.15059594629361778,0.016795447407442647,0.027022440714536,0.012360603365901621,0.024458516016709845
2023-07-31,0.0,0.0,0.0,0.0,0.0,0.0,0.0,0.0,0.0,0.0,0.0,0.0,0.2805414395299278,0.5066962547009105,0.0,0.0057790246285392925,0.0,0.01390556763585799,0.0,-0.04966084965956863,0.0,-0.10371801038499112,0.0,0.03306155025180718,0.0,0.001017669112014554,0.08029765720018481,0.0756328643846568,0.10625772118781412,0.140338416326282,-0.029122768326112283,-0.13472928744428564,-0.013388051186435372,-0.15059594629361778,0.007831183467770746,0.027022440714536,0.00632186989940316,0.024458516016709845
2023-08-07,0.0,0.003774105220562216,0.0,0.09339341861359053,0.0,-0.09028948492403986,0.0,0.0,0.0,0.16784493000077605,0.0,0.1551858316503065,0.3230209744589216,0.43995669772030904,0.0,0.000943526305140554,0.0,0.02334835465339766,0.0,-0.022572371231009938,0.0,0.0,0.0,0.04196123250019404,0.0,0.03879645791257662,0.034510499600002076,0.0759231801708539,0.10558228316617803,0.14752252545040434,-0.029122768326112283,-0.14167463243844255,-0.013388051186435372,-0.15059594629361778,0.00737868542416481,0.03993358917613416,0.00632186989940316,0.03639588768211804
2023-08-14,0.0,0.35140176371908566,0.0,0.2033382704165131,0.0,-0.45221373844972557,0.0,0.0,0.0,0.15107439746368118,0.0,0.7626396338437635,0.25738443561314933,0.4470234443247881,0.0,0.08879396723491197,0.0,0.07418292225752593,0.0,-0.13562580584344133,0.0,0.0,0.0,0.07972983186611433,0.0,0.22945636637351752,0.03379613109319808,0.10223971656551803,0.06942622407408439,0.12700787177496556,-0.020478773943452305,-0.167816310244223,-0.013388051186435372,-0.15059594629361778,0.006936715117636679,0.051112726366812265,0.004776387398530266,0.0935149923999962
2023-08-21,0.0,0.08747437631391515,0.0,0.7556511588243392,0.0,-7.271972318656183e-05,0.0,0.0,0.0,0.1367294713920085,0.0,0.0,0.3753737115453802,0.47302241326928085,0.0,0.11066256131339075,0.0,0.2630957119636107,0.0,-0.13564398577423797,0.0,0.0,0.0,0.11391219971411645,0.0,0.22945636637351752,0.011992893155554926,0.08716527680586836,0.04616032602488722,0.16186898594302526,-0.006695383910655378,-0.15403851403628657,-0.0026097728414554567,-0.13981766794863787,0.00515062763287033,0.05984429052758503,0.0011764558426777898,0.0899150608441437
2023-08-28,0.0,0.3062016570204183,0.0,0.04835982493629255,0.0,-0.10426621724212073,0.0,-0.1707661154524464,0.0,0.17100398151429233,0.0,0.18091777375066065,0.1709193500070885,0.36749255754101384,0.0,0.1872129755684953,0.0,0.27518566819768386,0.0,-0.16171054008476815,0.0,-0.0426915288631116,0.0,0.15666319509268956,0.0,0.2746858098111827,0.0,0.09872635726726867,0.0,0.11942864645169902,0.0,-0.1553636083750251,0.0,-0.15034375014198603,0.0,0.06784781531889104,0.0,0.10265535682843986
2023-09-04,0.3032598474485165,0.3032598474485165,0.21867459424013572,0.21867459424013572,-0.0331743193422511,-0.0331743193422511,-0.0006134950794823782,-0.0006134950794823782,0.021161908268893803,0.021161908268893803,0.0,0.0,-0.2314143417419762,0.28253930948690514,0.07581496186212909,0.26208441112548386,0.05466864856003382,0.3065059621043202,-0.008293579835562915,-0.14743174868932096,-0.00015337376987059454,-0.0428449026329822,0.0052904770672234785,0.11999243965971898,0.0,0.23588935189860605,0.023327680572962806,0.109319247792352,0.016821122633856593,0.12313948675900727,-0.002551870718634709,-0.13827019263297924,-4.719192919098633e-05,-0.12921940466033058,0.0016278390976072242,0.06947565441649826,0.0,0.10265535682843986
2023-09-11,0.20687922497218914,0.20687922497218914,0.0010625585877376833,0.0010625585877376833,-0.35755359213919835,-0.35755359213919835,-0.03553115494524447,-0.03553115494524447,0.0,0.0,0.0003002442971987529,0.0003002442971987529,-0.3353097002620348,0.22076540771094,0.1275347681051764,0.22595377643875977,0.05493428820696824,0.2559370341471264,-0.09768197787036251,-0.12376671211168916,-0.009036162506181711,-0.05172769136929331,0.0052904770672234785,0.08222384029379869,7.506107429968822e-05,0.04530450451196485,0.03924146710928504,0.11789223001419268,0.016902857909836415,0.12322122203498709,-0.030055993190880738,-0.13338894312609811,-0.0027803576942097914,-0.10538410064040916,0.0016278390976072242,0.06739892244408319,2.3095715169168998e-05,0.0923878782451042
2023-09-18,0.03244438404747968,0.03244438404747968,0.05779163560854141,0.05779163560854141,-0.23545799651999036,-0.23545799651999036,-0.007611978822646082,-0.007611978822646082,0.1683480920061689,0.1683480920061689,0.09127853883364911,0.09127853883364911,-0.09208138766335731,0.18809914942997052,0.1356458641170463,0.21219627837215088,0.0693821971091036,0.08147215334317687,-0.1565464770003601,-0.1826130313108901,-0.010939157211843232,-0.05363068607495483,0.047377500068765704,0.09012849544733878,0.022894695782711968,0.06812413922037713,0.041737188959091176,0.12015418314153695,0.021348368341262677,0.11442413310561692,-0.04816814676934153,-0.1384153142611775,-0.0033658945267210287,-0.09021587121108544,0.014577692328850986,0.07778441019349219,0.007044521779296024,0.09279836248144918
2023-09-25,0.10317542639129158,0.0,0.6303296009893654,0.0,-0.09132140576854131,0.0,-0.025228049641095523,0.0,0.2100027121384213,0.0,0.037750923743453776,0.0,-0.03480337339778888,0.1413064584023643,0.1614397207148692,0.13564586411704632,0.22696459735644495,0.06938219710910373,-0.17937682844249542,-0.15654647700035992,-0.017246169622117113,-0.010939157211843232,0.09987817810337103,0.047377500068765704,0.03233242671857541,0.022894695782711968,0.04967376021995976,0.10214792201999259,0.06983526072506002,0.11436380328345366,-0.05519287028999856,-0.13288110594887248,-0.005306513729882223,-0.08979164737719367,0.03073174710872955,0.07500236139455457,0.00994843899033093,0.09187636144797207
2023-10-02,0.1038393035856439,0.0,0.010256313465388205,0.0,-1.983839317092303e-06,0.0,0.0,0.0,0.003702882933467423,0.0,0.13172542840694582,0.0,0.09516841258418107,0.06269176285336803,0.11158458474915105,0.059830902254917204,0.17486002716275809,0.014713548549069802,-0.17108374456676192,-0.14825289716479714,-0.017092795852246517,-0.010785783441972637,0.09551342176951444,0.042087023001542254,0.06526378382031187,0.022894695782711968,0.057661398957316985,0.10111934286587106,0.07062420791470526,0.11029951782850629,-0.055193022893022955,-0.1132054974599067,-0.005306513729882223,-0.04841498352613723,0.031016584257457812,0.07295453705023457,0.020081164252403687,0.09187636144797207
2023-10-09,0.0,0.0,0.0,0.0,-0.07965543714226633,0.0,-0.004719555358860795,0.0,0.07562631265627205,0.0,0.5490084983534513,0.0,0.08581697723407347,0.021690336562444797,0.059864778506103764,0.00811109601186992,0.17459438751582365,0.014447908902135381,-0.10160920581752891,-0.05886449912999756,-0.009389895955650599,-0.0019029947056615204,0.11441999993358246,0.042087023001542254,0.202440847334375,0.02281963470841228,0.057661398957316985,0.09934118144170512,0.07062420791470526,0.10602088163285768,-0.061320364211658825,-0.09792523602619327,-0.005669556449794591,-0.01650174956152458,0.03683399292332489,0.06278175235737082,0.062312587202669176,0.09156323249042912
2023-10-16,0.36939034321776587,0.0,0.45483634764467595,0.0,-0.05447857716008181,0.0,0.0,0.0,0.006477910366188088,0.0,0.0,0.0,-0.15193328114955962,-0.07276239376210458,0.1441012682986753,0.0,0.2738555655248573,0.0,-0.056364350977551776,0.0,-0.00748690124998908,0.0,0.07395245452358724,0.0,0.17962121262596273,0.0,0.08607604074329898,0.09934118144170512,0.10561161927198803,0.10602088163285768,-0.06551102399320358,-0.09792523602619327,-0.005669556449794591,-0.01650174956152458,0.037332293720723976,0.06278175235737082,0.062312587202669176,0.09156323249042912
2023-10-23,0.13442211132669998,0.0,0.12200115941399141,0.0,-0.0077678435829688,0.0,-0.6082840684038772,0.0,0.02984031614282268,0.0,0.363313036908215,0.0,0.10850525900220051,0.0875262116046733,0.1519129395325274,0.0,0.14677345513101378,0.0,-0.03547596043115865,0.0,-0.1532509059406845,0.0,0.028911855524687585,0.0,0.261011740917153,0.0,0.09641620315304512,0.09934118144170512,0.11499632384229506,0.10602088163285768,-0.06610855042266271,-0.09792523602619327,-0.05246063863470822,-0.01650174956152458,0.03962770265478726,0.06278175235737082,0.09025974388791648,0.09156323249042912
2023-10-30,0.00031446632404534796,0.0,0.0,0.0,-0.5105595796918155,0.0,-0.5060180463129494,0.0,0.0008360973085322699,0.0,0.0,0.0,-0.0632995773585572,-0.09152781506800473,0.1260317302171278,0.0,0.14420937676466672,0.0,-0.16311535939428326,0.0,-0.27975541751892186,0.0,0.0281951591184538,0.0,0.22808038381541657,0.0,0.09644039287027938,0.09934118144170512,0.11499632384229506,0.10602088163285768,-0.10538236424511006,-0.09792523602619327,-0.09138510373570433,-0.01650174956152458,0.03969201783236666,0.06278175235737082,0.09025974388791648,0.09156323249042912
2023-11-06,0.28146510023823373,0.0,0.05776123374263195,0.0,-0.00010391850672917832,0.0,0.0,0.0,0.016170534934862788,0.0,0.037772406233531224,0.0,-0.21489001740949334,-0.3260257710701801,0.1963980052766862,0.0,0.1586496852003247,0.0,-0.14322747973539898,0.0,-0.27857552867920665,0.0,0.013331214688101483,0.0,0.10027136078543655,0.0,0.11809155442706659,0.09905086565550802,0.11943949566865136,0.09883677250873533,-0.10539035797639693,-0.09097989103203637,-0.09138510373570433,-0.01650174956152458,0.04093590513504842,0.049870603895772664,0.09316531359818811,0.07962586082502093
2023-11-13,0.18621166966569577,0.0,0.7730901766543921,0.0,-0.007751137388667896,0.0,0.0,0.0,0.0,0.0,0.0010127597203211916,0.0,-0.36512582796476917,-0.38419151572872823,0.15060333688866867,0.0,0.23821314245275377,0.0,-0.13154561979254548,0.0,-0.27857552867920665,0.0,0.011711737096554462,0.0,0.10052455071551684,0.0,0.1324155290167355,0.07201996075403991,0.17890797079591228,0.08319536709208049,-0.10598659931398677,-0.056194218843595926,-0.09138510373570433,-0.01650174956152458,0.04093590513504842,0.038249496398566424,0.09324321819205897,0.020961273606269894
2023-11-20,2.0652786415446522e-06,0.0,0.0,0.0,-0.2521479348298657,0.0,0.0,0.0,0.12047268009263873,0.0,0.04859292420591381,0.0,-0.7153708069933967,-0.38714069143864543,0.11699832537665406,0.0,0.20771285259925593,0.0,-0.19264064260426972,0.0,-0.12650451157823736,0.0,0.03436982808400847,0.0,0.021844522539941555,0.0,0.1324156878843233,0.06529116257604642,0.17890797079591228,0.02506835487482361,-0.1253825943008995,-0.05618862501873542,-0.09138510373570433,-0.01650174956152458,0.050203034372943704,0.02773184475302731,0.09698113543866774,0.020961273606269894
2023-11-27,0.07754778093982437,0.0,0.0,0.0,-0.2664407561427281,0.0,-0.02183784358535595,0.0,0.0,0.0,0.0,0.0,-0.8251907722444728,-0.33181088118084,0.13630665403059883,0.0,0.20771285259925593,0.0,-0.13161093671699786,0.0,-0.005459460896338988,0.0,0.03416080375687541,0.0,0.021844522539941555,0.0,0.13838090180277132,0.041737188959091176,0.17890797079591228,0.021348368341262643,-0.14587803708110936,-0.04816814676934152,-0.09306493785765478,-0.0033658945267210113,0.050203034372943704,0.014577692328850977,0.09698113543866774,0.007044521779295999
2023-12-04,0.0,0.0,0.0,0.0,0.0,0.0,0.0,0.0,0.0,0.0,0.0,0.0,-0.673651205831074,-0.3612056617013249,0.0659403789710404,0.0,0.19327254416359793,0.0,-0.13158495709031556,0.0,-0.005459460896338988,0.0,0.03011817002315971,0.0,0.01240142098155875,0.0,0.11505322122980853,0.01840950838612837,0.16208684816205568,0.0045272457074060505,-0.14332616636247467,-0.045616276050706825,-0.09301774592846385,-0.0033187025975300595,0.048575195275336484,0.012949853231243761,0.09698113543866774,0.007044521779295999
2023-12-11,0.0,0.0,0.0,0.0,0.0,0.0,0.0,0.0,0.0,0.0,0.0,0.0,-0.40834532418006103,-0.3731966529860419,0.01938746155461645,0.0,0.0,0.0,-0.1296471727431486,0.0,-0.005459460896338988,0.0,0.03011817002315971,0.0,0.012148231051478452,0.0,0.09913943469348628,0.0024957218498061293,0.16200511288607589,0.004445510431426229,-0.11582204389022864,-0.018112153578460796,-0.09028458016344502,-0.0005855368325112542,0.048575195275336484,0.012949853231243761,0.0969580397234986,0.007021426064126863
2023-12-18,0.0,0.0,0.0,0.0,0.0,0.0,0.0,0.0,0.0,0.0,0.0,0.0,-0.35720984644919246,-0.5003882741223866,0.019386945234956064,0.0,0.0,0.0,-0.06661018903568217,0.0,-0.005459460896338988,0.0,0.0,0.0,0.0,0.0,0.09664371284368017,0.0,0.15755960245464962,0.0,-0.09770989031176784,0.0,-0.08969904333093379,0.0,0.03562534204409273,0.0,0.08993661365937175,0.0
2023-12-25,0.0,0.0,0.0,0.0,0.0,0.0,0.0,0.0,0.0,0.0,0.0,0.0,-0.032708991546181475,-0.41321668908472764,0.0,0.0,0.0,0.0,0.0,0.0,0.0,0.0,0.0,0.0,0.0,0.0,0.08870714158281157,0.0,0.10907271007085227,0.0,-0.09068516679111081,0.0,-0.0877584241277726,0.0,0.01947128726421416,0.0,0.08703269644833685,0.0
2024-01-01,0.0,0.0,0.0,0.0,0.0,0.0,0.0,0.0,0.0,0.0,0.0,0.0,-0.24244114742442507,-0.5271978081870712,0.0,0.0,0.0,0.0,0.0,0.0,0.0,0.0,0.0,0.0,0.0,0.0,0.08071950284545434,0.0,0.10828376288120702,0.0,-0.09068501418808642,0.0,-0.0877584241277726,0.0,0.0191864501154859,0.0,0.07689997118626407,0.0
2024-01-08,0.0,0.0,0.0,0.0,0.0,0.0,0.0,0.0,0.0,0.0,0.0,0.0,0.14001926045488824,-0.3922006877884507,0.0,0.0,0.0,0.0,0.0,0.0,0.0,0.0,0.0,0.0,0.0,0.0,0.08071950284545434,0.0,0.10828376288120702,0.0,-0.08455767286945057,0.0,-0.08739538140786023,0.0,0.013369041449618821,0.0,0.03466854823599859,0.0
2024-01-15,0.0,0.0,0.0,0.0,0.0,0.0,0.0,0.0,0.0,0.0,0.0,0.0,0.0769847373616659,-0.37175347999753655,0.0,0.0,0.0,0.0,0.0,0.0,0.0,0.0,0.0,0.0,0.0,0.0,0.052304861059472366,0.0,0.07329635152392426,0.0,-0.0803670130879058,0.0,-0.08739538140786023,0.0,0.012870740652219735,0.0,0.03466854823599859,0.0
2024-01-22,0.0,0.0,0.0,0.0,0.0,0.0,0.0,0.0,0.0,0.0,0.0,0.0,-0.12074365636422746,-0.4973319327625598,0.0,0.0,0.0,0.0,0.0,0.0,0.0,0.0,0.0,0.0,0.0,0.0,0.04196469864972621,0.0,0.06391164695361723,0.0,-0.07976948665844666,0.0,-0.0406042992229466,0.0,0.010575331718156453,0.0,0.0067213915507512816,0.0
2024-01-29,0.0,0.0,0.0,0.0,0.0,0.0,0.0,0.0,0.0,0.0,0.0,0.0,0.05946496899559001,-0.4647102679440749,0.0,0.0,0.0,0.0,0.0,0.0,0.0,0.0,0.0,0.0,0.0,0.0,0.04194050893249195,0.0,0.06391164695361723,0.0,-0.04049567283599931,0.0,-0.0016798341219504919,0.0,0.01051101654057705,0.0,0.0067213915507512816,0.0
2024-02-05,0.0,0.0,0.0,0.0,0.0,0.0,0.0,0.0,0.0,0.0,0.0,0.0,-0.28879386321516043,-0.4217192511359173,0.0,0.0,0.0,0.0,0.0,0.0,0.0,0.0,0.0,0.0,0.0,0.0,0.020289347375704744,0.0,0.05946847512726093,0.0,-0.040487679104712446,0.0,-0.0016798341219504919,0.0,0.009267129237895296,0.0,0.00381582184047965,0.0
2024-02-12,0.0,0.0,0.0,0.0,0.0,0.0,0.0,0.0,0.0,0.0,0.0,0.0,-0.3471398232109348,-0.37085715279154297,0.0,0.0,0.0,0.0,0.0,0.0,0.0,0.0,0.0,0.0,0.0,0.0,0.00596537278603584,0.0,0.0,0.0,-0.03989143776712261,0.0,-0.0016798341219504919,0.0,0.009267129237895296,0.0,0.003737917246608789,0.0
2024-02-19,0.0,0.0,0.0,0.0,0.0,0.0,0.0,0.0,0.0,0.0,0.0,0.0,-0.7533091375317365,-0.47623274472835075,0.0,0.0,0.0,0.0,0.0,0.0,0.0,0.0,0.0,0.0,0.0,0.0,0.005965213918448028,0.0,0.0,0.0,-0.020495442780209865,0.0,-0.0016798341219504919,0.0,0.0,0.0,0.0,0.0
2024-02-26,0.0,0.0,0.0,0.0,0.0,0.0,0.0,0.0,0.0,0.0,0.0,0.0,-0.6442750765355685,-0.45031042457476567,0.0,0.0,0.0,0.0,0.0,0.0,0.0,0.0,0.0,0.0,0.0,0.0,0.0,0.0,0.0,0.0,0.0,0.0,0.0,0.0,0.0,0.0,0.0,0.0
2024-03-04,0.0,0.0,0.0,0.0,0.0,0.0,0.0,0.0,0.0,0.0,0.0,0.0,-0.574070289992154,-0.3834856270698912,0.0,0.0,0.0,0.0,0.0,0.0,0.0,0.0,0.0,0.0,0.0,0.0,0.0,0.0,0.0,0.0,0.0,0.0,0.0,0.0,0.0,0.0,0.0,0.0
2024-03-11,0.0,0.0,0.0,0.0,0.0,0.0,0.0,0.0,0.0,0.0,0.0,0.0,-0.5727724069039799,-0.39753483268411194,0.0,0.0,0.0,0.0,0.0,0.0,0.0,0.0,0.0,0.0,0.0,0.0,0.0,0.0,0.0,0.0,0.0,0.0,0.0,0.0,0.0,0.0,0.0,0.0
2024-03-18,0.0,0.0,0.0,0.0,0.0,0.0,0.0,0.0,0.0,0.0,0.0,0.0,-0.3947567963142066,-0.454942665454569,0.0,0.0,0.0,0.0,0.0,0.0,0.0,0.0,0.0,0.0,0.0,0.0,0.0,0.0,0.0,0.0,0.0,0.0,0.0,0.0,0.0,0.0,0.0,0.0
2024-03-25,0.0,0.0,0.0,0.0,0.0,0.0,0.0,0.0,0.0,0.0,0.0,0.0,-0.17209276943635107,-0.471168214188142,0.0,0.0,0.0,0.0,0.0,0.0,0.0,0.0,0.0,0.0,0.0,0.0,0.0,0.0,0.0,0.0,0.0,0.0,0.0,0.0,0.0,0.0,0.0,0.0
2024-04-01,0.0479599793737007,0.0,0.0,0.0,-0.0070014867530373524,0.0,-0.020586509872562126,0.0,0.21931187787387774,0.0,0.1741738568208793,0.0,-0.0858004359448961,-0.3335393908791886,0.011989994843425148,0.0,0.0,0.0,-0.0017503716882594769,0.0,-0.0051466274681405315,0.0,0.05482796946846946,0.0,0.043543464205219824,0.0,0.003689229182592362,0.0,0.0,0.0,-0.0005385759040798048,0.0,-0.0015835776825048132,0.0,0.01687014445183676,0.0,0.013397988986221519,0.0
2024-04-08,0.17220113153818634,0.0,0.23576871893597287,0.0,-0.005470201361688298,0.0,0.0,0.0,0.06275259498950239,0.0,0.030307715516501417,0.0,-0.07709785016589049,-0.43442122270597694,0.05504027772797173,0.0,0.058942179733993134,0.0,-0.0031179220286815515,0.0,-0.0051466274681405315,0.0,0.07051611821584505,0.0,0.05112039308434518,0.0,0.016935470070145155,0.0,0.018136055302767143,0.0,-0.000959360624209674,0.0,-0.0015835776825048132,0.0,0.02169726714333694,0.0,0.01572935171826009,0.0
2024-04-15,0.20461420840124667,0.0,0.20653764004233538,0.0,-0.09405158287483047,0.0,0.0,0.0,0.07268287002702017,0.0,0.6574307641413661,0.0,0.1973394863279193,-0.31676768498022234,0.1061938298282834,0.0,0.11057658974457699,0.0,-0.02663081774738917,0.0,-0.0051466274681405315,0.0,0.08868683572260011,0.0,0.21547808411968672,0.0,0.03267502456254875,0.0,0.03402356607525448,0.0,-0.008194097768427402,0.0,-0.0015835776825048132,0.0,0.02728825714541542,0.0,0.06630094895990364,0.0
2024-04-22,0.1658030589721135,0.0,0.0,0.0,-0.017837661277679984,0.0,-0.016250501613150475,0.0,0.47134435740852487,0.0,0.053543410575711645,0.0,0.36429573872613696,-0.23619046294898138,0.14764459457131177,0.0,0.11057658974457699,0.0,-0.031090233066809164,0.0,-0.00920925287142815,0.0,0.20652292507473133,0.0,0.22886393676361463,0.0,0.04542910602194209,0.0,0.03402356607525448,0.0,-0.00956622555901817,0.0,-0.0028336162681317726,0.0,0.06354551540760964,0.0,0.070419672850343,0.0
2024-04-29,0.25295435602363425,0.0,0.13719757712524877,0.0,-0.05614736273344724,0.0,-0.16546372156956607,0.0,0.1268750660309488,0.0,0.021751786378039085,0.0,0.5800532256163501,-0.0072391715966919415,0.19889318873379516,0.0,0.14487598402588917,0.0,-0.04337670206191163,0.0,-0.045428555795679136,0.0,0.1834137221139991,0.0,0.1907584191529046,0.0,0.0648871334083755,0.0,0.044577225854119766,0.0,-0.013885253461591033,0.0,-0.015561594850406087,0.0,0.07330513587152877,0.0,0.07209288718711523,0.0
2024-05-06,0.12487184668978984,0.0,0.0008676979213831122,0.0,-1.7353335039006379e-06,0.0,-0.06553176046620099,0.0,0.060454803749918205,0.0,0.2117784220672674,0.0,0.7103340625627615,0.16326322629130643,0.18706086752169604,0.0,0.08615072877224174,0.0,-0.04200958555486554,0.0,-0.06181149591222938,0.0,0.18283927430410304,0.0,0.23612609579059607,0.0,0.07449266007682086,0.0,0.044643971848072325,0.0,-0.013885386948783643,0.0,-0.020602499501652313,0.0,0.07795550539075326,0.0,0.0883835350384435,0.0
2024-05-13,0.20937741164824952,0.20937741164824952,0.0007276553473822751,0.0007276553473822751,-9.87242911550158e-07,-9.87242911550158e-07,0.0,0.0,0.0020987086143898857,0.0020987086143898857,0.12734974249767947,0.12734974249767947,0.8196548949567544,0.30389643456159365,0.18825166833344675,0.05234435291206238,0.03469823259850346,0.00018191383684559653,-0.018496936646885807,-2.4681072785978393e-07,-0.06181149591222938,0.0,0.16519323395094548,0.0005246771535974992,0.10360584037967441,0.03183743562441987,0.09059861481899391,0.01610595474217304,0.04469994533633249,5.597348826014084e-05,-0.013885462890546069,-7.594176242693523e-08,-0.020602499501652313,0.0,0.07811694451493709,0.00016143912418383735,0.09817966907672654,0.009796134038283045
2024-05-20,0.2065090858297253,0.2065090858297253,0.11311579127535241,0.11311579127535241,-0.10400955818123427,-0.10400955818123427,-0.18923057580170496,-0.18923057580170496,0.1716720683321325,0.1716720683321325,0.17064430230908656,0.17064430230908656,1.1138416091412358,0.5404429540413808,0.1984281750478497,0.1039716243694937,0.06297718041734156,0.0284608616556837,-0.04003991087277438,-0.026002636356036425,-0.105056514459368,-0.04730764395042624,0.09027516168184738,0.04344269423663062,0.13288106331301813,0.07449851120169151,0.10648392911358816,0.03199126903676729,0.053401160049821136,0.008757188201748787,-0.0218861981352564,-0.008000811186472754,-0.035158697640245005,-0.014556198138592706,0.09132248823279344,0.013366982842040184,0.11130615386973318,0.022922618831289706
2024-05-27,0.0019201328501873317,0.0019201328501873317,0.0009193234939167551,0.0009193234939167551,-0.2614139991238281,-0.2614139991238281,-0.34625617789321256,-0.34625617789321256,0.08890371895133659,0.08890371895133659,0.0,0.0,0.8893808285937531,0.6112372190710315,0.13566961925448798,0.10445165758204054,0.028907617009508557,0.028690692529162887,-0.0913565699703696,-0.09135613613699345,-0.15025462854027963,-0.13387168842372937,0.08078232491194431,0.06566862397446477,0.12744311671850836,0.07449851120169151,0.10663163164052565,0.03213897156370478,0.05347187724166089,0.008827905393588537,-0.0419949672986278,-0.028109580349844145,-0.06179378824741521,-0.0411912887457629,0.09816123584443472,0.02020573045368146,0.11130615386973318,0.022922618831289706
2024-06-03,0.0,0.14196432122424363,0.0,0.005024576731226457,0.0,-0.15011400944886338,0.0,0.0,0.0,0.039065389342142744,0.0,0.6774635628892602,0.7508243547156749,0.6770913196697663,0.10445165758204052,0.13994273788810144,0.02869069252916278,0.0299468367119695,-0.09135613613699363,-0.12888463849920928,-0.13387168842372937,-0.13387168842372937,0.06566862397446477,0.07543497131000046,0.07449851120169151,0.24386440192400657,0.10663163164052565,0.04305930396556967,0.05347187724166089,0.009214411295990573,-0.0419949672986278,-0.039656811845910564,-0.06179378824741521,-0.0411912887457629,0.09816123584443472,0.023210760403077055,0.11130615386973318,0.07503520059200203
2024-06-10,0.0,0.15182216662084969,0.0,0.0,0.0,-0.17384015002630232,0.0,-0.06802804547848201,0.0,0.195072749123874,0.0,0.0,0.6202203141100798,0.6775722969042709,0.05210730466997813,0.12555392663125148,0.02850877869231721,0.029764922875123934,-0.09135588932626575,-0.172344429195057,-0.13387168842372937,-0.1508786997933499,0.0651439468208673,0.12367848143737148,0.04266107557727164,0.2120269662995867,0.10663163164052565,0.05473793216717349,0.05347187724166089,0.009214411295990573,-0.0419949672986278,-0.053029131078703044,-0.06179378824741521,-0.046424215321030755,0.09816123584443472,0.038216356489528897,0.11130615386973318,0.07503520059200203
2024-06-17,0.0,0.08965183800321813,0.0,0.272179828013735,0.0,-0.19041747642626264,0.0,-0.0806616541764517,0.0,0.21840552495330548,0.0,0.05251050997054049,0.6325577469081388,0.7824665448517905,0.0004800332125468052,0.09633961467462471,0.00022983087347910552,0.06953093205971958,-0.06535349978095717,-0.19394640875631408,-0.08656404447330314,-0.12373646938703657,0.022225929737834174,0.13536184559266473,0.0,0.1824935182149502,0.10663163164052565,0.06163422739819028,0.05347187724166089,0.03015132114320096,-0.0419949672986278,-0.06767662926533863,-0.06179378824741521,-0.05262895794998857,0.09816123584443472,0.055016781485937014,0.11130615386973318,0.07907447058973592
2024-06-24,0.0,0.21320462951941024,0.0,0.06160687440063355,0.0,-0.2274276119691111,0.0,0.0,0.0,0.3263922451550295,0.0,0.5432523163612806,0.5997580222742058,0.8315348520407805,0.0,0.14916073884193043,0.0,0.08470281978639879,0.0,-0.18544981196763483,0.0,-0.037172424913733446,0.0,0.19473397714358798,0.0,0.31830659730527033,0.10663163164052565,0.07803458351506798,0.05347187724166089,0.034890311481711234,-0.0419949672986278,-0.08517106095527026,-0.06179378824741521,-0.05262895794998857,0.09816123584443472,0.08012387726709314,0.11130615386973318,0.12086311030983442
2024-07-01,0.0,0.08204231050881408,0.0,0.03570668307526544,0.0,-0.4027589757554006,0.0,-0.16290485108138333,0.0,0.292092041411036,0.0,0.005838770651909377,0.534459127283898,0.8409299457036622,0.0,0.13418023616307304,0.0,0.09237334637240853,0.0,-0.24861105354426916,0.0,-0.07789863768407927,0.0,0.2579906401608113,0.0,0.15040039924593263,0.10294240245793329,0.08434553047728445,0.05347187724166089,0.0376369794105778,-0.041456391394547994,-0.1161525206287626,-0.060210210564910424,-0.06516010034086422,0.08129109139259795,0.10259249583717282,0.0979081648835117,0.12131224651382745
2024-07-08,0.0,0.20224881823076563,0.0,0.4375856442386187,0.0,-0.2692406273434248,0.0,-0.013716577322995673,0.0,8.126360323572968e-05,0.0,0.01178423943903719,0.6468938317960016,0.8537315614663801,0.0,0.146786899065552,0.0,0.2017697574320632,0.0,-0.27246117287354976,0.0,-0.06432077064520769,0.0,0.2092427687806517,0.0,0.15334645910569192,0.08969616157038049,0.09990313187965104,0.03533582193889375,0.07129741358277925,-0.04103560667441812,-0.13686333811671839,-0.060210210564910424,-0.06621522167340234,0.07646396870109778,0.10259874688357556,0.09557680215147313,0.12221872647067646
2024-07-15,0.0,0.0,0.0,0.0,0.0,0.0,0.0,0.0,0.0,0.0,0.0,0.0,0.43923300886473854,0.8881131931682835,0.0,0.12437393956474749,0.0,0.13372480042862944,0.0,-0.2248568037669841,0.0,-0.04415535710109476,0.0,0.15464138754232531,0.0,0.1402188316130568,0.0739566070779769,0.09990313187965104,0.019448311166406416,0.07129741358277925,-0.0338008695302004,-0.13686333811671839,-0.060210210564910424,-0.06621522167340234,0.0708729786990193,0.10259874688357556,0.04500520490982959,0.12221872647067646
2024-07-22,0.0,0.0,0.0,0.0,0.0,0.0,0.0,0.0,0.0,0.0,0.0,0.0,0.182800090962135,0.7461992189944217,0.0,0.07107278218489493,0.0,0.11832308182847105,0.0,-0.16799990077470633,0.0,-0.044155357101094764,0.0,0.07304332625356796,0.0,0.004405752522736642,0.06120252561858356,0.09990313187965104,0.019448311166406416,0.07129741358277925,-0.03242874173960963,-0.13686333811671839,-0.058960171979283466,-0.06621522167340234,0.034615720436825086,0.10259874688357556,0.04088648101939023,0.12221872647067646
2024-07-29,0.0,0.0,0.0,0.0,0.0,0.0,0.0,0.0,0.0,0.0,0.0,0.0,-0.02458558999791905,0.6205983561923538,0.0,0.050562204557691406,0.0,0.1093964110596547,0.0,-0.06731015683585617,0.0,-0.003429144330748925,0.0,2.0315900808960175e-05,0.0,0.0029460598597592976,0.04174449823215016,0.09990313187965104,0.00889465138754112,0.07129741358277925,-0.028109713837036768,-0.13686333811671839,-0.04623219339700916,-0.06621522167340234,0.024856099972905943,0.10259874688357556,0.039213266682617993,0.12221872647067646
2024-08-05,0.0,0.033115993419711456,0.0,0.025890496513704994,0.0,-0.37652344375397545,0.0,-0.4206008459677354,0.0,0.06309016335899839,0.0,0.3337132405485286,0.04380915142250355,0.574411355212823,0.0,0.008278998354927864,0.0,0.006472624128426276,0.0,-0.09413086093849383,0.0,-0.10515021149193385,0.0,0.015772540839749626,0.0,0.08342831013713214,0.03213897156370478,0.10245051598885963,0.008827905393588574,0.07328899023767962,-0.02810958034984416,-0.16582667994394726,-0.041191288745762916,-0.09856913290168969,0.020205730453681466,0.10745183637272929,0.02292261883128973,0.14788897574364018
2024-08-12,0.0,0.041560476630846874,0.0,0.10765219472309906,0.0,-0.050792050897655656,0.0,0.0,0.0,0.2447854130628197,0.0,0.048710027907069846,0.3218444297869032,0.6125110839611466,0.0,0.018669117512639583,0.0,0.033385672809201045,0.0,-0.10682887366290775,0.0,-0.10515021149193385,0.0,0.07696889410545454,0.0,0.09560581711389961,0.01603301682153174,0.08954152098752094,0.008771931905328397,0.08151395480504245,-0.02810950440808173,-0.16973368484046603,-0.041191288745762916,-0.09856913290168969,0.02004429132949763,0.12612004440722388,0.013126484793006692,0.14183976692897793
2024-08-19,0.0,0.16385788982744928,0.0,0.0582730040318478,0.0,-0.11741513335329017,0.0,-0.38650263698833903,0.0,0.36332214887816683,0.0,0.24618091625823907,0.2629767570164606,0.4325201497477705,0.0,0.0596335899695019,0.0,0.04795392381716299,0.0,-0.13618265700123028,0.0,-0.2017758707390186,0.0,0.16779943132499625,0.0,0.15715104617845937,0.00014770252693748707,0.08626065975657664,7.071719183975039e-05,0.07729527886323441,-0.020108769163371402,-0.17076488293062417,-0.02663509060717023,-0.11374390683912307,0.0068387476116412846,0.14086235829538038,0.0,0.14765027569429737
2024-08-26,0.0,0.2556339558754742,0.0,0.2258815913043178,0.0,-0.12507819567040138,0.0,-0.0065949317991624125,0.0,0.11716262294456803,0.0,0.057296777611292336,0.20515831182013364,0.309727197683484,0.0,0.12354207893837046,0.0,0.10442432164324245,0.0,-0.16745220591883064,0.0,-0.2034246036888092,0.0,0.19709008706113826,0.0,0.17147524058128247,0.0,0.1057771076815987,0.0,0.09460006869480372,0.0,-0.16027751343420674,0.0,-0.0876161186780423,0.0,0.14303612014101355,0.0,0.15205772012593524
2024-09-02,0.059987738851482834,0.059987738851482834,0.17384205817757714,0.17384205817757714,-0.35023805702869365,-0.35023805702869365,-0.0482387269339937,-0.0482387269339937,0.061589731943558386,0.061589731943558386,0.07956281383029666,0.07956281383029666,-0.0325354551274485,0.17428334793702635,0.01499693471287068,0.13026001529631331,0.0434605145443942,0.14141221205921048,-0.08755951425717355,-0.16088085923751017,-0.012059681733498424,-0.11033407393037378,0.015397432985889624,0.19671497920727826,0.019890703457574165,0.10793763390172448,0.0046144414501140645,0.09947121672984786,0.01337246601365978,0.10758602880606147,-0.026941389002207213,-0.17567167094034752,-0.003710671302614934,-0.0913267899806572,0.004737671687966038,0.144768761879584,0.006120216448484392,0.10606535481370724
2024-09-09,0.194241909636486,0.194241909636486,0.5865898935530238,0.5865898935530238,-0.19948497043971228,-0.19948497043971228,-0.0019038226422970835,-0.0019038226422970835,0.1524250634949949,0.1524250634949949,0.12832546591938934,0.12832546591938934,-0.5346212616055919,0.14239092072735024,0.06355741212199217,0.16843037354772308,0.19010798793265016,0.2611466367666917,-0.13743075686710163,-0.19805408912302433,-0.012535637394072695,-0.11081002959094806,0.05350369885963835,0.17362489181532206,0.0519720699374215,0.12784149340480436,0.01955612680676683,0.10273427388489681,0.05849476551773854,0.15270832831014022,-0.042286386728338926,-0.17764434943368676,-0.003857119198176248,-0.08624031130095065,0.016462676572196414,0.14148817067736255,0.015991406134591265,0.11593654449981411
2024-09-16,0.2250544145213195,0.2250544145213195,0.7283679888957936,0.7283679888957936,-0.01537646605103687,-0.01537646605103687,-0.005223124837716946,-0.005223124837716946,0.05246009075170784,0.05246009075170784,0.3559055740145258,0.3559055740145258,-0.4060113628135084,0.08599745631409254,0.11982101575232205,0.18372950472119065,0.3721999851565986,0.4286703829826781,-0.14127487337986083,-0.172544422297461,-0.013841418603501932,-0.015490151553292536,0.0666187215475653,0.09590937728370731,0.14094846344105294,0.15527265784387606,0.036868004846868335,0.11314985669398155,0.1145230723558765,0.1877997253010678,-0.043469191809187915,-0.16417965632790016,-0.004258898031846783,-0.08043734750566338,0.020498068168481633,0.12872313727723966,0.043368757981862474,0.13927462634935145
2024-09-23,0.13343378255998925,0.0,0.39540453165878525,0.0,0.0,0.0,0.0,0.0,0.14873842316125907,0.0,0.1250618138357041,0.0,-0.3726967794715804,0.031856614851374324,0.15317946139231936,0.11982101575232208,0.47105111807129485,0.3721999851565987,-0.14127487337986083,-0.14127487337986067,-0.013841418603501932,-0.013841418603501932,0.10380332733788009,0.0666187215475653,0.17221391689997897,0.14094846344105294,0.047132141966867505,0.09674950057710384,0.14493880556039845,0.18306073496255754,-0.043469191809187915,-0.14668522463796851,-0.004258898031846783,-0.08043734750566338,0.031939485334732336,0.10361604149608353,0.05298889750768587,0.09748598662925295
2024-09-30,0.29988835907701544,0.0,0.7279692871457093,0.0,0.0,0.0,0.0,0.0,0.0761390209702386,0.0,0.22212778767159028,0.0,-0.4988127388189996,-0.21315098314875472,0.21315461644870254,0.10482408103945137,0.6095829253133279,0.3287394706122044,-0.05371535912268743,-0.053715359122687246,-0.0017817368700035075,-0.0017817368700035075,0.10744064959455013,0.05122128856167572,0.20785516036030238,0.1210577599834788,0.07020047728048408,0.09043855361488737,0.2009364430331453,0.18031406703369096,-0.043469191809187915,-0.11570376496447617,-0.004258898031846783,-0.06790620511478773,0.03779633310167376,0.08114742292600384,0.07007565040550051,0.09703685042525992
2024-10-07,0.1679049297031007,0.0,1.134707085988717,0.0,-0.07129740257320527,0.0,0.0,0.0,0.00011305739042881521,0.0,0.001010388399345113,0.0,-0.6557766342616971,-0.3920154657960412,0.2065703714653562,0.056263603630329874,0.7466122234222512,0.18209199722394842,-0.021668467156060675,-0.0038441165127591757,-0.0013057812094292368,-0.0013057812094292368,0.06936264806840861,0.013115022687926988,0.17602639098029135,0.08897639350363146,0.08311624110379953,0.07488095221252078,0.28822160349381587,0.14665363286148952,-0.04895360739174216,-0.09499294747652041,-0.004258898031846783,-0.0668510837822496,0.037805029824014444,0.0811411718796011,0.07015337259006552,0.0961303704684109
2024-10-14,0.2196248121575606,0.0,0.032898184811333185,0.0,-0.16261615053282744,0.0,-0.13855554785817575,0.0,0.056907786916861054,0.0,0.05005824309022917,0.0,-1.0612592532638627,-0.498406319767096,0.20521297087441648,0.0,0.5727447724011361,0.0,-0.058478388276508315,0.0,-0.03463888696454394,0.0,0.07047457210969692,0.0,0.09956455824921717,0.0,0.10001045742361188,0.07488095221252078,0.2907522330946876,0.14665363286148952,-0.061462542048113515,-0.09499294747652041,-0.014917017097860301,-0.0668510837822496,0.04218255189454222,0.0811411718796011,0.0740040066739293,0.0961303704684109
2024-10-21,0.4091509254079841,0.0,0.8349870260230233,0.0,-6.385915646295375e-07,0.0,0.0,0.0,0.0,0.0,0.0,0.0,-1.639674872842044,-0.577192978831945,0.2741422565864152,0.0,0.6826403959921956,0.0,-0.05847854792439947,0.0,-0.03463888696454394,0.0,0.03328996631938214,0.0,0.06829910479029114,0.0,0.13148360553191835,0.07488095221252078,0.35498200432722793,0.14665363286148952,-0.061462591170541564,-0.09499294747652041,-0.014917017097860301,-0.0668510837822496,0.04218255189454222,0.0811411718796011,0.0740040066739293,0.0961303704684109
2024-10-28,0.1096451943144307,0.0,0.7601712406053324,0.0,-0.02034250936731289,0.0,0.0,0.0,0.03777087908141386,0.0,0.7928122712814564,0.0,-0.8605285535880829,-0.48307989678066054,0.226581465395769,0.0,0.6906908843571014,0.0,-0.0635641752662277,0.0,-0.03463888696454394,0.0,0.02369793084717596,0.0,0.21097022569275767,0.0,0.139917851248413,0.07488095221252078,0.41345671514302273,0.14665363286148952,-0.06302739958341178,-0.09499294747652041,-0.014917017097860301,-0.0668510837822496,0.04508800413157405,0.0811411718796011,0.1349895660032721,0.0961303704684109
2024-11-04,0.2033356103012351,0.0,0.17016663922130987,0.0,-0.0638097962639187,0.0,-0.016634278065208043,0.0,0.008346380434626979,0.0,0.03672030573044041,0.0,0.02287994480246274,-0.33101060320359743,0.2354391355453026,0.0,0.4495557726652496,0.0,-0.06169227368890605,0.0,-0.03879745648084595,0.0,0.0257562616082255,0.0,0.2198977050255315,0.0,0.15555905204081572,0.0723335681033122,0.426546456621585,0.14466205620658915,-0.06793584544986707,-0.06602960564929154,-0.01619657694903015,-0.034497172553962265,0.045730033395776123,0.07628808239044736,0.13781420490561366,0.07046012119544717
2024-11-11,0.48946839524754937,0.0,0.04786645750493191,0.0,-0.02532478196553791,0.0,0.0,0.0,0.10066835748151723,0.0,0.11876446255895913,0.0,0.2714929585482715,-0.4658958258593566,0.3029000313177998,0.0,0.45329784083864927,0.0,-0.02736943154708367,0.0,-0.004158569516302011,0.0,0.036696404249389546,0.0,0.23707425989271397,0.0,0.19321046705985798,0.06913660836247783,0.4302284918142721,0.13638111815096615,-0.0698839056010623,-0.062122524811010334,-0.01619657694903015,-0.034497172553962265,0.053473753202046684,0.057458435231768926,0.14694993279476437,0.06671319597182641
2024-11-18,0.22800670914030177,0.0,0.00018605576409946883,0.0,0.0,0.0,0.0,0.0,0.15685451048663188,0.0,0.3986953992313233,0.0,0.6730492778791106,-0.24802743321814621,0.2576139772508792,0.0,0.2445975982739183,0.0,-0.027369271899192513,0.0,-0.004158569516302011,0.0,0.07591003187104751,0.0,0.3367481097005448,0.0,0.21074944468603501,0.056532155298827894,0.43024280379612584,0.13189857937928554,-0.0698839056010623,-0.053090591476141855,-0.01619657694903015,-0.004766200477936186,0.06553948477794144,0.02951057762575609,0.17761880965871232,0.04777620241350033
2024-11-25,0.001515962338592235,0.0,0.0,0.0,-0.31121588162920827,0.0,-0.29470018310716534,0.0,0.02154687643184422,0.0,0.0,0.0,0.5655914817030789,-0.363602196604312,0.23058166925691959,0.0,0.0545547881225852,0.0,-0.10008761496466637,0.0,-0.07783361529309335,0.0,0.0718540312086551,0.0,0.1385450418801807,0.0,0.21086605717361906,0.036868004846868335,0.43024280379612584,0.11452307235587647,-0.09382358880330907,-0.04346919180918791,-0.038865821803427486,-0.00425889803184677,0.06719693681116022,0.020498068168481622,0.17761880965871232,0.04336875798186245
2024-12-02,0.0,0.0,0.0,0.0,0.0,0.0,0.0,0.0,0.0,0.0,0.0,0.0,-0.11529611030591583,-0.38608428171080095,0.17974776668161083,0.0,0.012013128317257734,0.0,-0.08413516589868668,0.0,-0.07367504577679133,0.0,0.06976743609999836,0.0,0.12936496544757062,0.0,0.206251615723505,0.03225356339675427,0.41687033778246607,0.10115060634221668,-0.06688219980110187,-0.016527802806980706,-0.03515515050081259,-0.0005482267292318698,0.06245926512319419,0.015760396480515595,0.17149859321022795,0.037248541533378095
2024-12-09,0.0,0.0,0.0,0.0,0.0,0.0,0.0,0.0,0.0,0.0,0.0,0.0,-0.3431453860107221,-0.3504822348413195,0.05738066786972348,0.0,4.6513941024756185e-05,0.0,-0.0778039704073022,0.0,-0.07367504577679133,0.0,0.04460034672961905,0.0,0.09967384980783082,0.0,0.19130993036685223,0.0173118780401015,0.37174803827838737,0.056028306838137934,-0.05153720207497015,-0.00118280508084899,-0.03500870260525127,-0.00040177883367055575,0.05073426023896382,0.004035391596285218,0.16162740352412108,0.027377351847271227
2024-12-16,0.0,0.0,0.0,0.0,0.0,0.0,0.0,0.0,0.0,0.0,0.0,0.0,-1.001671717505262,-0.47380610777608,0.000378990584648031,0.0,0.0,0.0,-0.0778039704073022,0.0,-0.07367504577679133,0.0,0.005386719107961083,0.0,0.0,0.0,0.17399805232675072,0.0,0.31571973144024934,0.0,-0.05035439699412118,0.0,-0.034606923771580735,0.0,0.046698868642678595,0.0,0.13425005167684986,0.0
2024-12-23,0.0,0.0,0.0,0.0,0.0,0.0,0.0,0.0,0.0,0.0,0.0,0.0,-0.7104652445755606,-0.4556896525649446,0.0,0.0,0.0,0.0,0.0,0.0,0.0,0.0,0.0,0.0,0.0,0.0,0.16373391520675154,0.0,0.2853039982357274,0.0,-0.05035439699412118,0.0,-0.034606923771580735,0.0,0.0352574514764279,0.0,0.12462991215102646,0.0
2024-12-30,0.0,0.0,0.0,0.0,0.0,0.0,0.0,0.0,0.0,0.0,0.0,0.0,-0.4069469648067588,-0.33569915242996196,0.0,0.0,0.0,0.0,0.0,0.0,0.0,0.0,0.0,0.0,0.0,0.0,0.14066557989313497,0.0,0.22930636076298055,0.0,-0.05035439699412118,0.0,-0.034606923771580735,0.0,0.029400603709486474,0.0,0.10754315925321184,0.0
2025-01-06,0.0,0.0,0.0,0.0,0.0,0.0,0.0,0.0,0.0,0.0,0.0,0.0,-0.2688290135766859,-0.21290461245732736,0.0,0.0,0.0,0.0,0.0,0.0,0.0,0.0,0.0,0.0,0.0,0.0,0.12774981606981953,0.0,0.14202120030231,0.0,-0.044869981411566916,0.0,-0.034606923771580735,0.0,0.029391906987145795,0.0,0.10746543706864684,0.0
2025-01-13,0.0,0.0,0.0,0.0,0.0,0.0,0.0,0.0,0.0,0.0,0.0,0.0,-0.6130419059038685,-0.25294910933459036,0.0,0.0,0.0,0.0,0.0,0.0,0.0,0.0,0.0,0.0,0.0,0.0,0.11085559975000717,0.0,0.13949057070143822,0.0,-0.03236104675519558,0.0,-0.02394880470556722,0.0,0.02501438491661802,0.0,0.10361480298478305,0.0
2025-01-20,0.0,0.0,0.0,0.0,0.0,0.0,0.0,0.0,0.0,0.0,0.0,0.0,-0.790277367051956,-0.29257072827254743,0.0,0.0,0.0,0.0,0.0,0.0,0.0,0.0,0.0,0.0,0.0,0.0,0.0793824516417007,0.0,0.07526079946889798,0.0,-0.03236099763276753,0.0,-0.02394880470556722,0.0,0.02501438491661802,0.0,0.10361480298478305,0.0
2025-01-27,0.0,0.0,0.0,0.0,0.0,0.0,0.0,0.0,0.0,0.0,0.0,0.0,-1.0148897071739298,-0.4453266419382245,0.0,0.0,0.0,0.0,0.0,0.0,0.0,0.0,0.0,0.0,0.0,0.0,0.07094820592520604,0.0,0.016786088653103173,0.0,-0.030796189219897303,0.0,-0.02394880470556722,0.0,0.022108932679586187,0.0,0.042629243655440255,0.0
2025-02-03,0.0,0.0,0.0,0.0,0.0,0.0,0.0,0.0,0.0,0.0,0.0,0.0,-1.1652146602379783,-0.8386229915360314,0.0,0.0,0.0,0.0,0.0,0.0,0.0,0.0,0.0,0.0,0.0,0.0,0.05530700513280334,0.0,0.0036963471745408752,0.0,-0.025887743353442023,0.0,-0.022669244854397367,0.0,0.02146690341538411,0.0,0.03980460475309869,0.0
2025-02-10,0.0,0.0,0.0,0.0,0.0,0.0,0.0,0.0,0.0,0.0,0.0,0.0,-0.7231519151363673,-0.7674291668281352,0.0,0.0,0.0,0.0,0.0,0.0,0.0,0.0,0.0,0.0,0.0,0.0,0.01765559011376108,0.0,1.4311981853805295e-05,0.0,-0.0239396832022468,0.0,-0.022669244854397367,0.0,0.013723183609113555,0.0,0.03066887686394798,0.0
2025-02-17,0.0,0.0,0.0,0.0,0.0,0.0,0.0,0.0,0.0,0.0,0.0,0.0,-0.5653317422862625,-1.095553300252513,0.0,0.0,0.0,0.0,0.0,0.0,0.0,0.0,0.0,0.0,0.0,0.0,0.00011661248758401808,0.0,0.0,0.0,-0.0239396832022468,0.0,-0.022669244854397367,0.0,0.0016574520332187947,0.0,0.0,0.0
2025-02-24,0.0,0.0,0.0,0.0,0.0,0.0,0.0,0.0,0.0,0.0,0.0,0.0,-0.7469074456121552,-1.1358869469289792,0.0,0.0,0.0,0.0,0.0,0.0,0.0,0.0,0.0,0.0,0.0,0.0,0.0,0.0,0.0,0.0,0.0,0.0,0.0,0.0,0.0,0.0,0.0,0.0
2025-03-03,0.0,0.0,0.0,0.0,0.0,0.0,0.0,0.0,0.0,0.0,0.0,0.0,-0.532968430045592,-0.925791124123593,0.0,0.0,0.0,0.0,0.0,0.0,0.0,0.0,0.0,0.0,0.0,0.0,0.0,0.0,0.0,0.0,0.0,0.0,0.0,0.0,0.0,0.0,0.0,0.0
2025-03-10,0.0,0.0,0.0,0.0,0.0,0.0,0.0,0.0,0.0,0.0,0.0,0.0,-0.5703109502623789,-0.9495152113128472,0.0,0.0,0.0,0.0,0.0,0.0,0.0,0.0,0.0,0.0,0.0,0.0,0.0,0.0,0.0,0.0,0.0,0.0,0.0,0.0,0.0,0.0,0.0,0.0
2025-03-17,0.0,0.0,0.0,0.0,0.0,0.0,0.0,0.0,0.0,0.0,0.0,0.0,-0.6359178416741073,-0.9493569719186331,0.0,0.0,0.0,0.0,0.0,0.0,0.0,0.0,0.0,0.0,0.0,0.0,0.0,0.0,0.0,0.0,0.0,0.0,0.0,0.0,0.0,0.0,0.0,0.0
2025-03-24,0.0,0.0,0.0,0.0,0.0,0.0,0.0,0.0,0.0,0.0,0.0,0.0,-0.3559937938213332,-0.9628694970394465,0.0,0.0,0.0,0.0,0.0,0.0,0.0,0.0,0.0,0.0,0.0,0.0,0.0,0.0,0.0,0.0,0.0,0.0,0.0,0.0,0.0,0.0,0.0,0.0
2025-03-31,0.061786502524806594,0.0,0.04988914427275908,0.0,-0.05770101705056142,0.0,-0.0041639924225341,0.0,0.1581774126886116,0.0,0.04748363549099023,0.0,0.2498819824749356,-0.6027557119533888,0.01544662563120162,0.0,0.01247228606818966,0.0,-0.014425254262640495,0.0,-0.001040998105633525,0.0,0.03954435317215293,0.0,0.011870908872747558,0.0,0.004752807886523584,0.0,0.0038376264825199296,0.0,-0.004438539773120118,0.0,-0.00032030710942573413,0.0,0.012167493283739363,0.0,0.003652587345460821,0.0
2025-04-07,0.19852422156493932,0.0,0.3361525582451541,0.0,-0.08329956220028446,0.0,-0.336255586285666,0.0,0.024103094845690218,0.0,0.10698244984171637,0.0,0.29992382546425045,-0.6163453132550389,0.06507768102243645,0.0,0.09651042562947819,0.0,-0.03525014481271161,0.0,-0.08510489467705003,0.0,0.04557012688357548,0.0,0.038616521333176654,0.0,0.02002390185305738,0.0,0.029695515578301017,0.0,-0.01084619840391123,0.0,-0.02618612143909235,0.0,0.014021577502638608,0.0,0.011882006564054389,0.0
2025-04-14,0.342595831657588,0.0,0.11431616859947392,0.0,-0.002493997947438813,0.0,-0.000788254830534978,0.0,0.3075894710582822,0.0,0.2488842227575172,0.0,0.26233369589098665,-0.4544432278549822,0.15072663893683347,0.0,0.12508946777934668,0.0,-0.035873644299571315,0.0,-0.08530195838468377,0.0,0.12246749464814603,0.0,0.10083757702255595,0.0,0.04637742736517953,0.0,0.03848906700902978,0.0,-0.011038044399868063,0.0,-0.02624675642605658,0.0,0.0376823060455834,0.0,0.031026946776171096,0.0
2025-04-21,0.15524876894431594,0.0,0.1740068348879087,0.0,-0.0665492339646494,0.0,0.0,0.0,0.0028878366394454002,0.0,0.0,0.0,0.48812322391994106,-0.19084540272816966,0.18953883117291243,0.0,0.16859117650132383,0.0,-0.052510952790733666,0.0,-0.08530195838468377,0.0,0.12318945380800739,0.0,0.10083757702255595,0.0,0.058319640360896145,0.0,0.05187420815425352,0.0,-0.016157216243302634,0.0,-0.02624675642605658,0.0,0.037904447325540734,0.0,0.031026946776171096,0.0
2025-04-28,0.02719407367283566,0.0,0.01941055864919377,0.0,-0.0019257222417696054,0.0,-0.004998105819173969,0.0,0.034969998890143905,0.0,0.0,0.0,0.35891465245483184,-0.007358525544443263,0.18089072395991973,0.0,0.16097153009543252,0.0,-0.038567129088535705,0.0,-0.08551048673384373,0.0,0.09238760035839046,0.0,0.0889666681498084,0.0,0.0604114921818835,0.0,0.05336732805034535,0.0,-0.016305348723438754,0.0,-0.026631226104454578,0.0,0.040594447240167184,0.0,0.031026946776171096,0.0
2025-05-05,0.046399247626378294,0.0,0.6564399409071978,0.0,-0.19150139230186425,0.0,-0.05000760510157152,0.0,0.10804209159575362,0.0,6.926674312629951e-05,0.0,0.2795059677520112,0.07882911267188718,0.14285948047527944,0.0,0.24104337576094342,0.0,-0.06561758661393066,0.0,-0.013948491437820117,0.0,0.1133723495459063,0.0,0.062238372375160875,0.0,0.0639806650762203,0.0,0.10386270812012979,0.0,-0.03103622505435139,0.0,-0.03047796495842162,0.0,0.04890537736291746,0.0,0.03103227498718081,0.0
2025-05-12,0.48809651248816605,0.48809651248816605,0.05097349733934617,0.05097349733934617,-0.014175301273785888,-0.014175301273785888,0.0,0.0,0.28396068629678295,0.28396068629678295,0.7860711639511385,0.7860711639511385,0.6738640183971266,0.14782951612730189,0.17923465068292396,0.12202412812204151,0.22520770794591152,0.01274337433483657,-0.06853791244551742,-0.0035438253184464303,-0.013751427730186373,0.0,0.10746515335553149,0.07099017157419577,0.1965351076735662,0.19651779098778463,0.10152655065223307,0.03754588557601277,0.10778374637700258,0.003921038256872748,-0.032126632844642615,-0.001090407790291222,-0.03047796495842162,0.0,0.0707485070780546,0.02184312971513715,0.09149928759880685,0.06046701261162605
2025-05-19,0.06071577991699477,0.06071577991699477,0.0008503725888136177,0.0008503725888136177,-0.2649492798241493,-0.2649492798241493,-0.556256017659188,-0.556256017659188,0.07929637093506478,0.07929637093506478,0.05218929564335986,0.05218929564335986,0.8481737059452839,0.4065484367584651,0.15560140342609366,0.1372030731012902,0.18191859237113775,0.012955967482039974,-0.11813792391039239,-0.06978114527448376,-0.15281543214498336,-0.139064004414797,0.12656728692943633,0.09081426430796197,0.20958243158440618,0.2095651148986246,0.10619699526123266,0.04221633018501237,0.10784915965306516,0.003986451532935334,-0.05250734667726949,-0.02147112162291809,-0.07326688939374376,-0.042788924435322166,0.07684822791921345,0.02794285055629598,0.09551384880214223,0.06448157381496142
2025-05-26,0.11694806665613294,0.11694806665613294,0.05605580034154052,0.05605580034154052,-0.10227894425155928,-0.10227894425155928,-0.750054765839434,-0.750054765839434,0.10228342761111874,0.10228342761111874,0.020535503275796826,0.020535503275796826,0.7430570191537703,0.5742446896637636,0.178039901671918,0.16644008976532343,0.19107990279422446,0.026969917567425103,-0.1432262294128398,-0.09535088133737357,-0.3390795971500484,-0.32657769587465546,0.14339564410968003,0.11638512121074164,0.2147163074033554,0.2146989907175738,0.11519300038862751,0.05121233531240721,0.11216114429472213,0.008298436174592297,-0.06037495777354328,-0.029338732719191886,-0.13096340984293098,-0.1004854448845094,0.0847161838892995,0.035810806526382036,0.09709350290028043,0.06606122791309964
2025-06-02,0.0,0.027860683861456854,0.0,0.10947099015884619,0.0,-0.3459975451511661,0.0,-0.2750451528246555,0.0,0.014850753025578556,0.0,0.0,0.87085018968885,0.7010996092313714,0.16644008976532343,0.17340526073068765,0.026969917567424992,0.054337665107136654,-0.09535088133737374,-0.1818502676251651,-0.32657769587465546,-0.39533898408081936,0.11638512121074163,0.12009780946713629,0.2146989907175738,0.2146989907175738,0.11519300038862751,0.053355464840211586,0.11216114429472213,0.01671928157142662,-0.06037495777354328,-0.05595392850005081,-0.13096340984293098,-0.12164276433255981,0.0847161838892995,0.03695317214373423,0.09709350290028043,0.06606122791309964
2025-06-09,0.0,0.2053445954259478,0.0,0.06511431249229283,0.0,-0.1508730384166039,0.0,0.0,0.0,0.002526852278082128,0.0,0.0,0.8257459708477366,0.7282199499653009,0.044415961643281904,0.10271728146513309,0.014226543232588451,0.05787286889537332,-0.09180705601892727,-0.21602470191086962,-0.32657769587465546,-0.39533898408081936,0.04539494963654589,0.04973935096246108,0.018181199729789172,0.018181199729789172,0.11519300038862751,0.06915120294989988,0.11216114429472213,0.02172807484006453,-0.06037495777354328,-0.06755954683978958,-0.13096340984293098,-0.12164276433255981,0.0847161838892995,0.03714754539589439,0.09709350290028043,0.06606122791309964
2025-06-16,0.0,0.08588120457664554,0.0,0.2794267809016716,0.0,-0.06333912897885272,0.0,0.0,0.0,0.2797838601543311,0.0,0.42861077621184235,0.7161873616960459,0.846036088565948,0.029237016664033208,0.10900863763004578,0.014013950085385047,0.12751697097358783,-0.02556973606288996,-0.16562216419954545,-0.1875136914598585,-0.25627497966602236,0.025570856902779698,0.09986122326727766,0.005133875818949207,0.1122865698719098,0.11519300038862751,0.07575744945579568,0.11216114429472213,0.04322244260173158,-0.06037495777354328,-0.07243178753047055,-0.13096340984293098,-0.12164276433255981,0.0847161838892995,0.058669380792381404,0.09709350290028043,0.0990312876217029
2025-06-23,0.0,0.11625949726628994,0.0,0.2551874728107307,0.0,-0.15137840269638084,0.0,-0.07655789472683827,0.0,0.0002326987598242894,0.0,0.0,0.7226846465033594,0.8804026322846716,0.0,0.10883649528258503,0.0,0.17729988909088534,0.0,-0.17789702881075084,0.0,-0.08790076188787345,0.0,0.07434854105445404,0.0,0.10715269405296059,0.11519300038862751,0.08470048770704876,0.11216114429472213,0.06285224820255701,-0.06037495777354328,-0.08407628004557677,-0.13096340984293098,-0.12753183315770122,0.0847161838892995,0.058687280696983264,0.09709350290028043,0.0990312876217029
2025-06-30,0.0,0.24834638544495288,0.0,0.0,0.0,-0.0015777063340778079,0.0,-0.0036394009867808516,0.0,0.017242940220974487,0.0,0.018772672928209562,0.6536029833981191,0.7179645562998104,0.0,0.16395792067845905,0.0,0.1499321415511738,0.0,-0.09179206910647876,0.0,-0.02004932392840478,0.0,0.07494658785330303,0.0,0.11184586228501298,0.11044019250210392,0.10380405581819897,0.10832351781220219,0.06285224820255701,-0.05593641800042316,-0.08419764207127506,-0.1306431027335053,-0.1278117870797613,0.07254869060556014,0.0600136607139813,0.09344091555481965,0.10047533938541132
2025-07-07,0.0,0.14879079841896484,0.0,0.0,0.0,-1.2956736817566834e-06,0.0,0.0,0.0,0.10673066704714576,0.0,0.005368133118777294,0.6473714205504889,0.8031159247358765,0.0,0.1498194714267133,0.0,0.13365356342810059,0.0,-0.054074133420748224,0.0,-0.02004932392840478,0.0,0.10099754154556893,0.0,0.1131878955647073,0.09516909853557012,0.11524950185042705,0.0824656287164211,0.06285224820255701,-0.04952875936963205,-0.08419774173848137,-0.1047772884038387,-0.1278117870797613,0.0706946063866609,0.06822371202530021,0.08521149633622607,0.10088827270224035
2025-07-14,0.0,0.0,0.0,0.0,0.0,0.0,0.0,0.0,0.0,0.0,0.0,0.0,0.5502793514311715,0.8714074808314115,0.0,0.12834917028255194,0.0,0.0637968682026827,0.0,-0.038239351176035045,0.0,-0.02004932392840478,0.0,0.031051576506986162,0.0,0.006035201511746714,0.06881557302344797,0.11524950185042705,0.07367207728569235,0.06285224820255701,-0.04933691337367522,-0.08419774173848137,-0.10471665341687443,-0.1278117870797613,0.04703387784371611,0.06822371202530021,0.06606655612410937,0.10088827270224035
2025-07-21,0.0,0.0,0.0,0.0,0.0,0.0,0.0,0.0,0.0,0.0,0.0,0.0,0.5998145459516446,0.9325375240352309,0.0,0.09928429596597943,0.0,0.0,0.0,-0.00039475050193983564,0.0,-0.0009098502466952129,0.0,0.03099340181703009,0.0,0.006035201511746714,0.05687336002773136,0.11524950185042705,0.06028693614046861,0.06285224820255701,-0.04421774153024065,-0.08419774173848137,-0.10471665341687443,-0.1278117870797613,0.046811736563758775,0.06822371202530021,0.06606655612410939,0.10088827270224035
2025-07-28,0.0,0.0,0.0,0.0,0.0,0.0,0.0,0.0,0.0,0.0,0.0,0.0,0.6109574434710762,0.8679070738651671,0.0,0.03719769960474121,0.0,0.0,0.0,-3.239184203836597e-07,0.0,0.0,0.0,0.026682666761786468,0.0,0.0013420332796943235,0.054781508206744,0.11524950185042705,0.05879381624437678,0.06285224820255701,-0.04406960905010453,-0.08419774173848137,-0.10433218373847644,-0.1278117870797613,0.044121736649132326,0.06822371202530021,0.06606655612410939,0.10088827270224035
2025-08-04,0.0,0.19028976048377658,0.0,0.08964109810313702,0.0,-0.1968876986428409,0.0,-0.07028425000602384,0.0,0.4519796831649866,0.0,0.5497554159433156,0.5653047859940403,0.8664098866882378,0.0,0.047572440120944144,0.0,0.02241027452578428,0.0,-0.04922192466071017,0.0,-0.01757106250150596,0.0,0.11299492079124668,0.0,0.1374388539858289,0.05121233531240721,0.12988717573379446,0.008298436174592331,0.0697477172874137,-0.029338732719191893,-0.09934294932639219,-0.1004854448845094,-0.13321826784945545,0.03581080652638204,0.10299137996106841,0.06606122791309967,0.14317715085172616
2025-08-11,0.0,0.1367515214845161,0.0,0.5673588245732412,0.0,-9.317191477949278e-07,0.0,0.0,0.0,0.1619894561331172,0.0,0.12478305273821398,0.4271859718029085,0.7491279433994009,0.0,0.08176032049207317,0.0,0.16424998066909458,0.0,-0.04922215759049712,0.0,-0.01757106250150596,0.0,0.15349228482452598,0.0,0.1686346171703824,0.013666449736394441,0.10286063796428294,0.0043773979177195495,0.10946966553617486,-0.028248324928900666,-0.09825261320680465,-0.1004854448845094,-0.13321826784945545,0.013967676811244892,0.09360897764078643,0.005594215301473625,0.0923088346045781
2025-08-18,0.0,0.19696045920447597,0.0,0.10348395916337583,0.0,-0.007254422279607309,0.0,-0.0006232947281732046,0.0,0.0310338414548473,0.0,0.02036920257891769,0.13212775051616696,0.5755845278088576,0.0,0.13100043529319216,0.0,0.19012097045993853,0.0,-0.05103576316039894,0.0,-0.01772688618354926,0.0,0.1612507451882378,0.0,0.17372691781511182,0.008996005127394843,0.1133409979094738,0.004311984641656963,0.11736455681114119,-0.0078676110962738,-0.0784299318572245,-0.057696520449187265,-0.09047728916245429,0.007867955970086065,0.08989647537307739,0.0015796540981382516,0.08986113513808255
2025-08-25,0.0,0.10543942060565814,0.0,0.0,0.0,-0.25718615195863603,0.0,-0.4773343186051143,0.0,0.01013705195926556,0.0,0.0018403054251117897,0.07041877660679458,0.6013953705281201,0.0,0.1573602904446067,0.0,0.19012097045993853,0.0,-0.11533230115005795,0.0,-0.13706046583482784,0.0,0.1637850081780542,0.0,0.17418699417138975,0.0,0.11245571744405267,0.0,0.11305257216948422,0.0,-0.09034587091161501,0.0,-0.06949879322135279,0.0,0.08280829263062714,0.0,0.08842304299572218
2025-09-01,0.0886060768756615,0.0886060768756615,0.0412247419620344,0.0412247419620344,-0.3664729390047349,-0.3664729390047349,-0.4799791165944763,-0.4799791165944763,0.11486577074460862,0.11486577074460862,0.0024440996855898105,0.0024440996855898105,-0.09593830555214053,0.4315226989745515,0.022151519218915346,0.13193936954257793,0.010306185490508516,0.17801688142466288,-0.09161823475118386,-0.15772861124053145,-0.11999477914861907,-0.23948418248194095,0.028716442686152168,0.07950653007295969,0.0006110249213974526,0.03735916510695832,0.006815852067358576,0.11712843998360688,0.003171133997079569,0.10780286076972946,-0.028190226077287307,-0.09192090120804337,-0.03692147050726744,-0.08526294428056977,0.008835828518816057,0.09050175553209099,0.00018800766812232728,0.08861105066384446
2025-09-08,0.15286900746567472,0.15286900746567472,0.24661727729546368,0.24661727729546368,-0.08044114724914886,-0.08044114724914886,-0.15094211787851927,-0.15094211787851927,0.016194983241316404,0.016194983241316404,0.009421015573730802,0.009421015573730802,-0.2293108339320715,0.31698282279706874,0.060368771085334026,0.13596874103786757,0.07196050481437444,0.0978314946052185,-0.11172852156347107,-0.1778386651230317,-0.15773030861824888,-0.27721971195157075,0.032765188496481266,0.0430579118500095,0.002966278814830153,0.008518655815837523,0.018575006487795094,0.1130918562943551,0.022141693789038314,0.12176462729305029,-0.034378006634914145,-0.08650306342593145,-0.04853240265176892,-0.09687387642507125,0.01008159646045578,0.09155315022157054,0.0009127011737939274,0.08933574416951608
2025-09-15,0.3144820485410482,0.3144820485410482,0.10889731315825214,0.10889731315825214,-0.0020585769592883006,-0.0020585769592883006,-0.0010653441044864047,-0.0010653441044864047,0.022544056949655677,0.022544056949655677,0.004433122413495513,0.004433122413495513,-0.18346320173731814,0.2395770480328185,0.1389892832205961,0.16534913837201065,0.09918483310393747,0.09918483310393758,-0.11224316580329315,-0.17653970379295197,-0.1579966446443705,-0.2773302242956491,0.03840120273389519,0.04093546572371159,0.0040745594182040315,0.004534635774481979,0.04276593329864496,0.13067653659930917,0.03051841018582694,0.10864697592817188,-0.03453635870870555,-0.08178917480904188,-0.04861435219826788,-0.09695582597157021,0.01181575468735237,0.07176547305198014,0.0012537105902166593,0.05670669387733555
2025-09-22,0.48641548740411317,0.0,0.09506664845365982,0.0,0.0,0.0,0.0,0.0,1.3853516620188692e-07,0.0,0.00017814085945566337,0.0,-0.061354691441877135,0.19798329675364348,0.2605931550716244,0.13898928322059612,0.12295149521735244,0.09918483310393758,-0.11224316580329315,-0.11224316580329295,-0.1579966446443705,-0.1579966446443705,0.03840123736768674,0.0384012027338952,0.004119094633067947,0.0040745594182040315,0.08018250925280751,0.12173349834805608,0.03783122929764693,0.08901717032734643,-0.03453635870870555,-0.07014468229393567,-0.04861435219826788,-0.09106675714642878,0.011815765343903616,0.07174757314737829,0.0012674137332517102,0.05670669387733555
2025-09-29,0.11846779277815883,0.0,1.1471092808928705,0.0,-0.005583684344697474,0.0,0.0,0.0,0.11503445503088885,0.0,9.50829779547534e-05,0.0,-0.11190643370696245,0.12515457760291596,0.2680585840472487,0.11683776400168074,0.39942262995006145,0.08887864761342898,-0.022020852138283798,-0.020624931052109233,-0.03800186549575142,-0.03800186549575142,0.038443408439256796,0.009684760047743048,0.003531840456159183,0.003463534496806579,0.08929541638958896,0.10262993023690586,0.12607040475094466,0.08901717032734643,-0.03496587288906689,-0.07002332026823738,-0.04861435219826788,-0.09078680322436873,0.020664569577048913,0.07042119313038024,0.001274727808478999,0.055262642113627115
2025-10-06,0.503095684742049,0.0,0.057098296790114224,0.0,0.0,0.0,0.0,0.0,0.10152160842851751,0.0,0.04997889348685873,0.0,0.04376694122146025,0.0959850816260268,0.35561525336634225,0.07862051213526206,0.35204288482372403,0.027224328289563064,-0.0019105653259965825,-0.0005146442398220196,-0.0002663360261216012,-0.0002663360261216012,0.05977506473605708,0.005636014237413947,0.013671309934441165,0.0011082806033738783,0.12799508444666965,0.09118448420467778,0.13046258142710726,0.08901717032734643,-0.03496587288906689,-0.07002322060103108,-0.04861435219826788,-0.09078680322436873,0.028473924071550256,0.06221114181906133,0.005119258076698902,0.0548497087967981
2025-10-13,0.06805777700929766,0.0,0.5867527997458001,0.0,-0.06079732823603532,0.0,-0.14770410854380736,0.0,0.17317816031425495,0.0,0.028594189720014786,0.0,0.04440168662083373,0.014925548733059207,0.29400918548340466,0.0,0.4715067564706111,0.0,-0.01659525314518334,0.0,-0.03692602713595184,0.0,0.0974335905772069,0.0,0.019711576761070982,0.0,0.13323029806276948,0.09118448420467778,0.1755974121767842,0.08901717032734643,-0.039642590445684994,-0.07002322060103108,-0.059976206701637676,-0.09078680322436873,0.041795321018800645,0.06221114181906133,0.007318811132084654,0.0548497087967981
2025-10-20,0.2143063475813193,0.0,0.0,0.0,-0.09872715761706305,0.0,0.0,0.0,0.03413502243124869,0.0,0.002090920569684187,0.0,-0.09153697924183067,-0.05609830668097444,0.2259819005277062,0.0,0.44774009435719614,0.0,-0.0412770425494491,0.0,-0.03692602713595184,0.0,0.10596731155122752,0.0,0.02018977168862811,0.0,0.14971540172287096,0.09118448420467778,0.1755974121767842,0.08901717032734643,-0.04723698718545907,-0.07002322060103108,-0.059976206701637676,-0.09078680322436873,0.04442109197505054,0.06221114181906133,0.0074796511759065145,0.0548497087967981
2025-10-27,0.008973276640060424,0.0,0.02888788757501227,0.0,-0.009129461346005941,0.0,0.0,0.0,0.06207209371239232,0.0,0.042300440460085346,0.0,0.19052858264920652,-0.07322941142595978,0.19860827149318158,0.0,0.1681847460277316,0.0,-0.04216348679977622,0.0,-0.03692602713595184,0.0,0.09272672122160339,0.0,0.03074111105916076,0.0,0.15040565377210638,0.09118448420467778,0.17781955737486208,0.08901717032734643,-0.04793925344284415,-0.07002322060103108,-0.059976206701637676,-0.09078680322436873,0.049195868414465334,0.06221114181906133,0.010733531211297694,0.0548497087967981
2025-11-03,0.17870529899222365,0.0,0.07609099519352319,0.0,-0.012864613793813774,0.0,0.0,0.0,0.0743059208007703,0.0,0.07936086725336634,0.0,-0.008404959947442987,-0.18067256794097972,0.11751067505572524,0.0,0.17293292062858384,0.0,-0.045379640248229665,0.0,-0.03692602713595184,0.0,0.08592279931466656,0.0,0.03808660450078767,0.0,0.16415221523304663,0.07654681032131036,0.18367271085128695,0.08212170124248976,-0.04892883911929136,-0.054878013013120244,-0.059976206701637676,-0.08538032245467458,0.05491170847606305,0.027443473883293136,0.01683821330771049,0.012560830647312284
2025-11-10,0.21481733272371298,0.0,0.8527240725792513,0.0,-0.005772401415411913,0.0,-0.0013173061558255546,0.0,0.06595332198885268,0.0,0.0847607903460508,0.0,-0.351523062667068,-0.31023696642791604,0.15420056398432908,0.0,0.23942573883694665,0.0,-0.03162340854307381,0.0,-0.00032932653895638864,0.0,0.05911658973331601,0.0,0.052128254657296674,0.0,0.18067662544256302,0.06602746251480912,0.24926687028046013,0.03847871473685582,-0.049372869997399975,-0.054877941342416574,-0.06007753794439349,-0.08538032245467458,0.059985040936744026,0.014982746488437965,0.023358274103560554,0.002962134282834286
2025-11-17,0.2060743025154761,0.0,0.6424973421793243,0.0,-0.00014755222368143466,0.0,0.0,0.0,0.0,0.0,0.00013197283434220942,0.0,-0.3410530406936675,-0.27557350312073253,0.15214255271786825,0.0,0.40005007438177775,0.0,-0.0069785071947284045,0.0,-0.00032932653895638864,0.0,0.05058283412550384,0.0,0.051638517723461175,0.0,0.19652849486683044,0.05087665796061866,0.29868974275579274,0.030518410185826905,-0.049384220168452383,-0.05431990885936985,-0.06007753794439349,-0.08533237670635357,0.059985040936744026,0.012595527914988172,0.023368425860048413,0.0013952725459944635
2025-11-24,0.0347587433823097,0.0,0.0,0.0,-0.10182597388001112,0.0,0.0,0.0,0.08166338864259567,0.0,0.19277947212359556,0.0,-0.461612967860969,-0.2785852817038424,0.1585889194034306,0.0,0.3928281024880247,0.0,-0.030152635328229697,0.0,-0.00032932653895638864,0.0,0.05548065785805468,0.0,0.08925827563933872,0.0,0.19920224435777734,0.04276593329864496,0.29868974275579274,0.030518410185826905,-0.0572169873899917,-0.03453635870870554,-0.06007753794439349,-0.04861435219826786,0.06626684006309753,0.01181575468735236,0.03819761602340192,0.0012537105902166337
2025-12-01,0.0,0.0,0.0,0.0,0.0,0.0,0.0,0.0,0.0,0.0,0.0,0.0,-0.31562348405869983,-0.261499611514155,0.11391259465537468,0.0,0.37380535368964385,0.0,-0.026936481879776257,0.0,-0.00032932653895638864,0.0,0.0369041776578621,0.0,0.06941805882599714,0.0,0.19238639229041876,0.03595008123128639,0.2955186087587132,0.027347276188747334,-0.02902676131270441,-0.006346132631418242,-0.02315606743712608,-0.011692881691000455,0.05743101154428149,0.0029799261685363137,0.038009608355279625,0.0010657029220943405
2025-12-08,0.0,0.0,0.0,0.0,0.0,0.0,0.0,0.0,0.0,0.0,0.0,0.0,-0.13788186183285345,-0.2506974489106125,0.06020826147444642,0.0,0.16062433554483102,0.0,-0.02549338152592328,0.0,0.0,0.0,0.020415847160648933,0.0,0.048227861239484436,0.0,0.18062723786998225,0.024190926810849864,0.27654804896675445,0.008376716396788593,-0.02283898075507757,-0.00015835207379140775,-0.0115451352926246,-8.194954649897129e-05,0.056185243602641766,0.0017341582268965905,0.037284914849608025,0.00034100941642274034
2025-12-15,0.0,0.0,0.0,0.0,0.0,0.0,0.0,0.0,0.0,0.0,0.0,0.0,-0.27087397185165846,-0.3689003044366626,0.008689685845577397,0.0,0.0,0.0,-0.025456493470002922,0.0,0.0,0.0,0.020415847160648933,0.0,0.04819486803089889,0.0,0.15643631105913236,0.0,0.26817133256996584,0.0,-0.022680628681286168,0.0,-0.011463185746125645,0.0,0.05445108537574518,0.0,0.03694390543318529,0.0
2025-12-22,0.0,0.0,0.0,0.0,0.0,0.0,0.0,0.0,0.0,0.0,0.0,0.0,-0.5960067423644855,-0.4924948090580174,0.0,0.0,0.0,0.0,0.0,0.0,0.0,0.0,0.0,0.0,0.0,0.0,0.11901973510496983,0.0,0.2608585134581458,0.0,-0.022680628681286168,0.0,-0.011463185746125645,0.0,0.054451074719193936,0.0,0.036930202290150246,0.0
2025-12-29,0.0,0.0,0.0,0.0,0.0,0.0,0.0,0.0,0.0,0.0,0.0,0.0,-0.8262400531990176,-0.4617772940531505,0.0,0.0,0.0,0.0,0.0,0.0,0.0,0.0,0.0,0.0,0.0,0.0,0.10990682796818836,0.0,0.17261933800484813,0.0,-0.02225111450092482,0.0,-0.011463185746125645,0.0,0.04560227048604864,0.0,0.036922888214922955,0.0
