date,week_of_year,year,month,is_planting_week,is_harvesting_week,TMAX,TMIN,AWND,SPI_1m,SPI_3m,SPI_7d,TMAX_zscore,TMIN_zscore,AWND_zscore,TMAX_q3_value_in_planting,TMAX_q3_value_in_harvesting,TMAX_q4_value_in_planting,TMAX_q4_value_in_harvesting,TMIN_q3_value_in_planting,TMIN_q3_value_in_harvesting,TMIN_q4_value_in_planting,TMIN_q4_value_in_harvesting,AWND_q3_value_in_planting,AWND_q3_value_in_harvesting,AWND_q4_value_in_planting,AWND_q4_value_in_harvesting,monthly_SPI_1m,seasonal_SPI_1m,monthly_SPI_3m,seasonal_SPI_3m,monthly_SPI_7d,seasonal_SPI_7d,monthly_TMAX_q3_value_in_planting,seasonal_TMAX_q3_value_in_planting,monthly_TMAX_q3_value_in_harvesting,seasonal_TMAX_q3_value_in_harvesting,monthly_TMAX_q4_value_in_planting,seasonal_TMAX_q4_value_in_planting,monthly_TMAX_q4_value_in_harvesting,seasonal_TMAX_q4_value_in_harvesting,monthly_TMIN_q3_value_in_planting,seasonal_TMIN_q3_value_in_planting,monthly_TMIN_q3_value_in_harvesting,seasonal_TMIN_q3_value_in_harvesting,monthly_TMIN_q4_value_in_planting,seasonal_TMIN_q4_value_in_planting,monthly_TMIN_q4_value_in_harvesting,seasonal_TMIN_q4_value_in_harvesting,monthly_AWND_q3_value_in_planting,seasonal_AWND_q3_value_in_planting,monthly_AWND_q3_value_in_harvesting,seasonal_AWND_q3_value_in_harvesting,monthly_AWND_q4_value_in_planting,seasonal_AWND_q4_value_in_planting,monthly_AWND_q4_value_in_harvesting,seasonal_AWND_q4_value_in_harvesting
2008-12-29,1,2008,12,0,0,2.7694495005037236,-8.957045260159063,4.537129219945336,0.0,0.0,0.0,0.4593240115132253,0.07874158954590071,0.6178106806737912,0.0,0.0,0.0,0.0,0.0,0.0,0.0,0.0,0.0,0.0,0.0,0.0,0.0,0.0,0.0,0.0,0.0,0.0,0.0,0.0,0.0,0.0,0.0,0.0,0.0,0.0,0.0,0.0,0.0,0.0,0.0,0.0,0.0,0.0,0.0,0.0,0.0,0.0,0.0,0.0,0.0,0.0
2009-01-05,2,2009,1,0,0,1.068351430007181,-9.403120589500913,3.9124804098022534,0.0,0.0,-0.33324589930229315,-0.1700532633759571,-0.2055226013591864,-0.6142520830455493,0.0,0.0,0.0,0.0,0.0,0.0,0.0,0.0,0.0,0.0,0.0,0.0,0.0,0.0,0.0,0.0,-0.16662294965114657,-0.16662294965114657,0.0,0.0,0.0,0.0,0.0,0.0,0.0,0.0,0.0,0.0,0.0,0.0,0.0,0.0,0.0,0.0,0.0,0.0,0.0,0.0,0.0,0.0,0.0,0.0
2009-01-12,3,2009,1,0,0,-2.994617936515418,-15.904786828782804,4.766307379321535,0.0,0.0,-0.8106071364208141,-1.0461662434146644,-1.4038984115879283,0.9278892969037067,0.0,0.0,0.0,0.0,0.0,0.0,-0.0,-0.0,0.0,0.0,0.0,0.0,0.0,0.0,0.0,0.0,-0.3812843452410357,-0.3812843452410357,0.0,0.0,0.0,0.0,0.0,0.0,0.0,0.0,0.0,0.0,0.0,0.0,-0.0,-0.0,-0.0,-0.0,0.0,0.0,0.0,0.0,0.0,0.0,0.0,0.0
2009-01-19,4,2009,1,0,0,0.48566420650617076,-11.706203567672146,3.7966982925177173,0.0,0.0,-1.357651562704879,-0.3760441379729782,-0.6834080671783404,-0.561366215531763,0.0,0.0,0.0,0.0,0.0,0.0,0.0,0.0,0.0,0.0,0.0,0.0,0.0,0.0,0.0,0.0,-0.6253761496069965,-0.6253761496069965,0.0,0.0,0.0,0.0,0.0,0.0,0.0,0.0,0.0,0.0,0.0,0.0,0.0,0.0,0.0,0.0,0.0,0.0,0.0,0.0,0.0,0.0,0.0,0.0
2009-01-26,5,2009,1,0,0,-1.2282184643688037,-12.167468825528152,3.8947794951235517,-1.4012950224597749,0.0,-0.6049101197001094,-0.9507429891953038,-0.8377445594017172,-0.48734894631078207,0.0,0.0,0.0,0.0,-0.0,-0.0,0.0,0.0,0.0,0.0,0.0,0.0,-0.3503237556149437,-0.28025900449195496,0.0,0.0,-0.7766036795320239,-0.6212829436256191,0.0,0.0,0.0,0.0,0.0,0.0,0.0,0.0,-0.0,-0.0,-0.0,-0.0,0.0,0.0,0.0,0.0,0.0,0.0,0.0,0.0,0.0,0.0,0.0,0.0
2009-02-02,6,2009,2,0,0,4.442278517984268,-9.459947260740888,4.081081234342092,-1.7557426489941346,0.0,-1.6676037581948586,0.49856864611442075,-0.055415675903437774,-0.11757950773476511,0.0,0.0,0.0,0.0,0.0,0.0,0.0,0.0,0.0,0.0,0.0,0.0,-0.7892594178634773,-0.5261729452423182,0.0,0.0,-1.1101931442551654,-0.7956697460538257,0.0,0.0,0.0,0.0,0.0,0.0,0.0,0.0,0.0,0.0,0.0,0.0,0.0,0.0,0.0,0.0,0.0,0.0,0.0,0.0,0.0,0.0,0.0,0.0
2009-02-09,7,2009,2,0,0,7.953322022795452,-2.364923718328915,4.581592587451176,-1.2764598088294796,0.0,0.27650038306441815,0.7948191887844747,1.1362140806563195,0.5584186854665828,0.0,0.0,0.0,0.0,0.0,0.0,0.0,0.0,0.0,0.0,0.0,0.0,-1.1083743700708473,-0.633356782897627,0.0,0.0,-0.8384162643838573,-0.6425025847512195,0.0,0.0,0.0,0.0,0.0,0.0,0.0,0.0,0.0,0.0,0.0,0.0,0.0,0.0,0.0,0.0,0.0,0.0,0.0,0.0,0.0,0.0,0.0,0.0
2009-02-16,8,2009,2,0,0,3.2536805029909646,-8.809397816778242,4.720397628569276,-1.0748924913693707,0.0,-0.7648806357063479,-0.2750541939987775,-0.4193384097131021,0.7129537832403687,0.0,0.0,0.0,0.0,0.0,0.0,0.0,0.0,0.0,0.0,0.0,0.0,-1.3770974929131898,-0.6885487464565949,0.0,0.0,-0.6902235326342244,-0.6577998411206105,0.0,0.0,0.0,0.0,0.0,0.0,0.0,0.0,0.0,0.0,0.0,0.0,0.0,0.0,0.0,0.0,0.0,0.0,0.0,0.0,0.0,0.0,0.0,0.0
2009-02-23,9,2009,2,0,0,4.703477534314943,-7.710795306130505,4.569511195953777,-0.8987142663791926,0.0,-0.01447400858975975,-0.4272844141120314,-0.49658204937499456,0.47859341498384655,0.0,0.0,0.0,0.0,-0.0,-0.0,0.0,0.0,0.0,0.0,0.0,0.0,-1.2514523038930445,-0.7119004708924392,0.0,0.0,-0.5426145048566371,-0.5863191930616272,0.0,0.0,0.0,0.0,0.0,0.0,0.0,0.0,-0.0,-0.0,-0.0,-0.0,0.0,0.0,0.0,0.0,0.0,0.0,0.0,0.0,0.0,0.0,0.0,0.0
2009-03-02,10,2009,3,1,0,9.080951017902319,-3.4357332590092353,4.465161914980703,-0.48804423142559483,0.0,-0.21385713687566438,0.13504487452399583,-0.04582942635829544,-0.22654218621859154,0.0,0.0,0.0,0.0,0.0,0.0,0.0,0.0,0.0,0.0,0.0,0.0,-0.9345276995009095,-0.6895148469457547,0.0,0.0,-0.17917784952683846,-0.5490729874430309,0.0,0.0,0.0,0.0,0.0,0.0,0.0,0.0,0.0,0.0,0.0,0.0,0.0,0.0,0.0,0.0,0.0,0.0,0.0,0.0,0.0,0.0,0.0,0.0
2009-03-09,11,2009,3,1,0,7.525641932437894,-5.153875928640134,4.05191300666924,-0.424744770010842,0.0,0.3113150183752089,-0.9998655626627945,-1.2653778684837529,-0.6481755418680668,0.0,0.0,0.0,0.0,0.0,0.0,-1.2653778684837529,-0.0,0.0,0.0,0.0,0.0,-0.72159893979625,-0.6654448399516718,0.0,0.0,-0.17047419069914077,-0.47085589600500904,0.0,0.0,0.0,0.0,0.0,0.0,0.0,0.0,0.0,0.0,0.0,0.0,-0.3163444671209382,-0.11503435168034117,-0.0,-0.0,0.0,0.0,0.0,0.0,0.0,0.0,0.0,0.0
2009-03-16,12,2009,3,1,0,15.945781151939627,1.0173334549885638,3.7187265077963523,-0.48789039240340637,0.0,-1.0457254294268956,1.002343559460335,0.3490761204647573,-1.204355586786814,0.0,0.0,1.002343559460335,0.0,0.0,0.0,0.0,0.0,0.0,0.0,0.0,0.0,-0.5748484150547589,-0.6506486359893163,0.0,0.0,-0.2406853891292777,-0.518761690456833,0.0,0.0,0.0,0.0,0.25058588986508373,0.08352862995502791,0.0,0.0,0.0,0.0,0.0,0.0,-0.3163444671209382,-0.10544815570697941,0.0,0.0,0.0,0.0,0.0,0.0,0.0,0.0,0.0,0.0
2009-03-23,13,2009,3,1,0,11.751296989518798,0.6337933923491219,5.429939904494036,0.016330539090933724,0.0,0.8448187829638963,-0.3219391977335798,0.047482140979402516,1.6570834566667854,0.0,0.0,0.0,0.0,0.0,0.0,0.0,0.0,0.0,0.0,1.6570834566667854,0.0,-0.3460872136872274,-0.5993425455985278,0.0,0.0,-0.02586219124086367,-0.4138708848090845,0.0,0.0,0.0,0.0,0.25058588986508373,0.07710335072771807,0.0,0.0,0.0,0.0,0.0,0.0,-0.3163444671209382,-0.09733675911413484,0.0,0.0,0.0,0.0,0.0,0.0,0.41427086416669634,0.12746795820513734,0.0,0.0
2009-03-30,14,2009,3,1,0,12.017179402751045,-0.3514174837792545,5.4919395332620615,0.3642100113910963,-0.825082163064046,0.2953843463027097,-0.8180742031666391,-0.7181207270956437,1.2645070955005409,0.0,0.0,0.0,0.0,-0.7181207270956437,-0.0,0.0,0.0,1.2645070955005409,0.0,0.0,0.0,-0.13302365298305457,-0.5713263908761358,-0.2062705407660115,-0.06346785869723431,0.10144817955372984,-0.3911490120165684,0.0,0.0,0.0,0.0,0.25058588986508373,0.07710335072771807,0.0,0.0,-0.17953018177391092,-0.05524005593043413,-0.0,-0.0,-0.3163444671209382,-0.09733675911413484,0.0,0.0,0.3161267738751352,0.09726977657696469,0.0,0.0,0.41427086416669634,0.12746795820513734,0.0,0.0
2009-04-06,15,2009,4,1,0,11.813675118559605,-0.9061083841546359,4.617305686266094,-0.03347997175739668,-0.7886054609777969,-0.1760059248710371,-1.6138423314724482,-1.9794192575327052,-0.1311511890608565,0.0,0.0,0.0,0.0,0.0,0.0,-1.9794192575327052,-0.0,0.0,0.0,0.0,0.0,-0.035207453419693245,-0.5739017733190125,-0.40342190601046074,-0.12412981723398792,-0.02038205625783167,-0.37905362936801024,0.0,0.0,0.0,0.0,0.25058588986508373,0.07710335072771807,0.0,0.0,-0.17953018177391092,-0.05524005593043413,0.0,0.0,-0.4948548143831763,-0.2495997789243429,-0.0,-0.0,0.3161267738751352,0.09726977657696469,0.0,0.0,0.41427086416669634,0.12746795820513734,0.0,0.0
2009-04-13,16,2009,4,1,0,16.5627446999971,3.9296584812433215,3.810762974299374,0.3319843223927327,-0.5627010998097616,0.30870110473613654,0.02338654995760335,0.057309182249281394,-1.0391157304100498,0.0,0.0,0.0,0.0,0.0,0.0,0.0,0.0,0.0,0.0,0.0,0.0,0.1697612252793415,-0.5483645177503408,-0.5440971809629012,-0.16741451721935421,0.31822457728292636,-0.2929529954328602,0.0,0.0,0.0,0.0,0.0,0.07710335072771807,0.0,0.0,-0.17953018177391092,-0.05524005593043413,0.0,0.0,-0.4948548143831763,-0.2495997789243429,0.0,0.0,0.3161267738751352,0.09726977657696469,0.0,0.0,0.41427086416669634,0.12746795820513734,0.0,0.0
2009-04-20,17,2009,4,1,0,20.087972695739687,6.3504450406448925,5.21432984400808,0.33593195143793825,-0.30336006966157447,0.40085185093120745,0.9026223359923417,0.5310204705441788,1.2851859939753074,0.9026223359923417,0.0,0.0,0.0,0.0,0.0,0.0,0.0,0.0,0.0,1.2851859939753074,0.0,0.24966157836609265,-0.5225235984089609,-0.6199371983782948,-0.19074990719332147,0.20723284427475414,-0.15768350207623813,0.2256555839980854,0.06943248738402628,0.0,0.0,0.0,0.07710335072771807,0.0,0.0,-0.17953018177391092,-0.05524005593043413,0.0,0.0,-0.4948548143831763,-0.2495997789243429,0.0,0.0,0.3161267738751352,0.09726977657696469,0.0,0.0,0.32129649849382685,0.226328419280161,0.0,0.0
2009-04-27,18,2009,4,1,0,18.84703615346611,8.047839316272793,3.9417030541013607,0.6083060571352396,0.02118022663910108,1.0737524105447525,-0.410292381078373,0.4634319787574476,-0.36970866996037,0.0,0.0,0.0,0.0,0.0,0.0,0.0,0.0,0.0,0.0,0.0,0.0,0.31068558980212846,-0.36793889997857515,-0.408371600952508,-0.1891206589903137,0.4018248603352648,-0.02855561513432567,0.2256555839980854,0.06943248738402628,0.0,0.0,0.0,0.07710335072771807,0.0,0.0,0.0,-0.05524005593043413,0.0,0.0,-0.4948548143831763,-0.2495997789243429,0.0,0.0,0.0,0.09726977657696469,0.0,0.0,0.32129649849382685,0.226328419280161,0.0,0.0
2009-05-04,19,2009,5,1,0,21.24272658060343,9.177188557732238,3.450918930940846,0.7437642842980585,0.25439061900980087,0.46909991616511054,-0.17607206611766038,0.04048119885037241,-0.8149559256571987,0.0,0.0,0.0,0.0,0.0,0.0,0.0,0.0,0.0,0.0,0.0,0.0,0.5049966538159922,-0.17566913587917568,-0.14762258095560854,-0.1695521498357136,0.5631013205943017,0.13580620597028734,0.2256555839980854,0.06943248738402628,0.0,0.0,0.0,0.07710335072771807,0.0,0.0,0.0,-0.05524005593043413,0.0,0.0,0.0,-0.2495997789243429,0.0,0.0,0.0,0.09726977657696469,0.0,0.0,0.32129649849382685,0.226328419280161,0.0,0.0
2009-05-11,20,2009,5,1,0,20.508927830436104,7.594061659752096,4.408882237476439,1.0344100696054102,0.4036239168321205,0.851541060269689,-0.877149641155738,-1.2056059351591024,0.8787509454650333,0.0,0.0,0.0,0.0,-1.2056059351591024,-0.0,0.0,0.0,0.8787509454650333,0.0,0.0,0.0,0.6806030906191616,0.002090085538892766,0.093958673204862,-0.1385041562332428,0.6988113094776898,0.18004010421684663,0.2256555839980854,0.06943248738402628,0.0,0.0,0.0,0.07710335072771807,0.0,0.0,-0.3014014837897756,-0.14797897401959584,-0.0,-0.0,0.0,-0.2495997789243429,0.0,0.0,0.21968773636625832,0.16486600315119804,0.0,0.0,0.32129649849382685,0.226328419280161,0.0,0.0
2009-05-18,21,2009,5,1,0,25.236996626574218,10.691898912321994,3.79218427956156,0.7874816703788545,0.3946319853259922,-0.9303764506084958,0.4539712056526923,-0.48720425344457036,-0.13627924746498082,0.0,0.0,0.0,0.0,-0.48720425344457036,-0.0,0.0,0.0,0.0,0.0,0.0,0.0,0.7934905203543907,0.1453496364426024,0.2684566869517536,-0.10814784966970495,0.36600423409276395,0.1673096569166814,0.0,0.06943248738402628,0.0,0.0,0.0,0.07710335072771807,0.0,0.0,-0.4232025471509182,-0.1854562242845628,-0.0,-0.0,0.0,-0.2495997789243429,0.0,0.0,0.21968773636625832,0.16486600315119804,0.0,0.0,0.0,0.226328419280161,0.0,0.0
2009-05-25,22,2009,5,1,0,24.09054004162878,12.039872546744293,3.578696466021598,0.5013169297787611,0.5193612176175123,0.7357342812906622,-1.020686913201256,-1.0258402296156588,0.17930204284133708,0.0,0.0,0.0,0.0,-1.0258402296156588,-0.0,0.0,0.0,0.0,0.0,0.0,0.0,0.7667432385152712,0.2530443438393681,0.39300193469635647,-0.06819698677605016,0.28149970177924144,0.2250179869074831,0.0,0.06943248738402628,0.0,0.0,0.0,0.07710335072771807,0.0,0.0,-0.6796626045548328,-0.26436701117807504,-0.0,-0.0,0.0,-0.2495997789243429,0.0,0.0,0.21968773636625832,0.16486600315119804,0.0,0.0,0.0,0.226328419280161,0.0,0.0
2009-06-01,23,2009,6,0,0,23.90998515008157,11.169100647347577,3.369632913939631,0.5376984652439385,0.5599655308924495,0.5479591571978069,-1.524405254711433,-1.9198803444784533,-0.24273068475578527,0.0,0.0,0.0,0.0,0.0,0.0,-0.0,-0.0,0.0,0.0,0.0,0.0,0.715226783751741,0.33194762819856294,0.4693956626670186,-0.025122715168938662,0.30121451203741556,0.2836192402977501,0.0,0.06943248738402628,0.0,0.0,0.0,0.07710335072771807,0.0,0.0,-0.6796626045548328,-0.26436701117807504,0.0,0.0,-0.0,-0.2495997789243429,-0.0,-0.0,0.21968773636625832,0.16486600315119804,0.0,0.0,0.0,0.226328419280161,0.0,0.0
2009-06-08,24,2009,6,0,0,23.70059735995391,13.251992888868788,2.7325027101236565,0.6233061405582742,0.714069084390729,0.9251648169243007,-1.8625781934717145,-1.0933658793915102,-1.7497988620882283,0.0,0.0,0.0,0.0,-0.0,-0.0,0.0,0.0,0.0,0.0,0.0,0.0,0.612450801489957,0.41256692901157194,0.5470069545566707,0.029805675938040493,0.3196204512010685,0.3308384555707572,0.0,0.06943248738402628,0.0,0.0,0.0,0.07710335072771807,0.0,0.0,-0.3782611207650573,-0.26436701117807504,-0.0,-0.0,0.0,-0.1522630198102081,0.0,0.0,0.0,0.16486600315119804,0.0,0.0,0.0,0.226328419280161,0.0,0.0
2009-06-15,25,2009,6,0,0,28.15921424399768,17.066607867029333,3.1621847678236077,1.0849874442944059,1.0193919012426602,1.1662507255440275,-0.28940062420094126,0.19366017258966053,-1.3621986635105234,0.0,0.0,0.0,0.0,0.0,0.0,0.0,0.0,0.0,0.0,0.0,0.0,0.6868272449688448,0.5335575318344805,0.7031969335358377,0.10822043757209128,0.8437772452391993,0.5009904674915975,0.0,0.06943248738402628,0.0,0.0,0.0,0.0,0.0,0.0,-0.2564600574039147,-0.26436701117807504,0.0,0.0,0.0,-0.1522630198102081,0.0,0.0,0.0,0.16486600315119804,0.0,0.0,0.0,0.226328419280161,0.0,0.0
2009-06-22,26,2009,6,0,0,31.491924487878777,18.639067116430056,2.8683148402482996,0.8470279541877178,0.8978261691509625,0.19703877380472476,1.5249427699668205,1.1901945189346352,-1.2571817102102654,0.0,0.0,0.0,0.0,0.0,0.0,0.0,0.0,0.0,0.0,0.0,0.0,0.773255001071084,0.5974573329957716,0.7978131714192003,0.17728398904524223,0.7091033683677149,0.451161236017815,0.0,0.06943248738402628,0.0,0.0,0.0,0.0,0.0,0.0,0.0,-0.26436701117807504,0.0,0.0,0.0,-0.1522630198102081,0.0,0.0,0.0,0.16486600315119804,0.0,0.0,0.0,0.09886046107502365,0.0,0.0
2009-06-29,27,2009,6,0,0,26.354772901151993,15.074918176949845,3.0497504091795262,0.8136927626339003,0.8199609625674739,0.1947560236171787,-1.5218349434353085,-1.5822908518355776,0.27654426045527863,0.0,0.0,0.0,0.0,0.0,0.0,-0.0,-0.0,0.0,0.0,0.0,0.0,0.8422535754185746,0.6320329292452181,0.8628120293379564,0.3038257679399745,0.6208025849725579,0.44342059581123566,0.0,0.06943248738402628,0.0,0.0,0.0,0.0,0.0,0.0,0.0,-0.20912695524764088,0.0,0.0,-0.0,-0.1522630198102081,-0.0,-0.0,0.0,0.06759622657423334,0.0,0.0,0.0,0.09886046107502365,0.0,0.0
2009-07-06,28,2009,7,0,0,27.989969529162583,16.09164652528523,2.7917183175614695,0.6038760608303843,0.8863884168409218,0.44684353019166584,-1.4072229412044512,-1.8384161630425881,-0.5511906588197155,0.0,0.0,0.0,0.0,0.0,0.0,-0.0,-0.0,0.0,0.0,0.0,0.0,0.837396055486602,0.6810603163673551,0.9058918624505046,0.43267145084910674,0.5012222632893991,0.4913320923545206,0.0,0.06943248738402628,0.0,0.0,0.0,0.0,0.0,0.0,0.0,-0.20912695524764088,0.0,0.0,-0.0,-0.0,-0.0,-0.0,0.0,0.06759622657423334,0.0,0.0,0.0,0.09886046107502365,0.0,0.0
2009-07-13,29,2009,7,0,0,26.441381275769306,14.685671647673567,3.1987114147016245,0.2637022786101722,0.8237792790956289,0.2719001365690584,-1.763088848801476,-1.776275807673739,0.44679268647630366,0.0,0.0,0.0,0.0,0.0,0.0,-0.0,-0.0,0.0,0.0,0.0,0.0,0.6320747640655437,0.6758078514610042,0.8569887069137468,0.539323787687983,0.2776346160456569,0.4885012486493607,0.0,0.06943248738402628,0.0,0.0,0.0,0.0,0.0,0.0,0.0,-0.20912695524764088,0.0,0.0,-0.0,-0.0,-0.0,-0.0,0.0,0.06759622657423334,0.0,0.0,0.0,0.09886046107502365,0.0,0.0
2009-07-20,30,2009,7,0,0,27.24891616891133,14.95892143416283,2.752803802027054,0.30443504323859183,0.8354927023902554,0.5641791750894932,-1.4073413035018043,-1.6426419277417754,-0.30179956266558683,0.0,0.0,0.0,0.0,0.0,0.0,-0.0,-0.0,0.0,0.0,0.0,0.0,0.49642653632826217,0.6733850123687469,0.8414053402235699,0.6269278470765852,0.369419716366849,0.5010648889692288,0.0,0.0,0.0,0.0,0.0,0.0,0.0,0.0,0.0,-0.20912695524764088,0.0,0.0,-0.0,-0.0,-0.0,-0.0,0.0,0.06759622657423334,0.0,0.0,0.0,0.0,0.0,0.0
2009-07-27,31,2009,7,0,0,26.855207242057944,14.764171581102273,2.8896849046731337,0.5889079709551721,0.7706953495415537,0.4606462251594424,-1.361999273073254,-1.3469624677224135,0.3617300854096492,0.0,0.0,0.0,0.0,0.0,0.0,-0.0,-0.0,0.0,0.0,0.0,0.0,0.44023033840858006,0.6718928518933571,0.82908893696709,0.6845828565306201,0.435892266752415,0.45390287470882035,0.0,0.0,0.0,0.0,0.0,0.0,0.0,0.0,0.0,-0.20912695524764088,0.0,0.0,-0.0,-0.0,-0.0,-0.0,0.0,0.06759622657423334,0.0,0.0,0.0,0.0,0.0,0.0
2009-08-03,32,2009,8,0,0,28.46736253184148,16.35299811560744,3.1702236949174223,0.5478036378903974,0.7711904100435721,0.5133714435979858,-0.3160644903876511,-0.32369992625583327,1.2513020663624104,0.0,0.0,0.0,0.0,0.0,0.0,0.0,0.0,0.0,0.0,0.0,0.0,0.4262122326735834,0.6568189560158445,0.8002894352677525,0.724336686610141,0.4525242451039949,0.45730837681904146,0.0,0.0,0.0,0.0,0.0,0.0,0.0,0.0,0.0,-0.20912695524764088,0.0,0.0,0.0,0.0,0.0,0.0,0.0,0.06759622657423334,0.0,0.0,0.0,0.0,0.0,0.0
2009-08-10,33,2009,8,0,0,29.84635446677865,17.33519038713771,2.7828600177927347,0.43523185628338695,0.6172393313723591,0.31402666578186006,0.9889636001610853,0.5989327521974497,0.20287691187091128,0.0,0.0,0.0,0.0,0.0,0.0,0.0,0.0,0.0,0.0,0.0,0.0,0.4690946270918871,0.6107283242218429,0.7486544483369351,0.7407686415747746,0.4630558774071954,0.4159611157045931,0.0,0.0,0.0,0.0,0.0,0.0,0.0,0.0,0.0,-0.11638803715847917,0.0,0.0,0.0,0.0,0.0,0.0,0.0,0.0,0.0,0.0,0.0,0.0,0.0,0.0
2009-08-17,34,2009,8,0,0,26.429755346884008,15.170100927928152,3.2493302290036246,0.7764491404478139,0.8760428804113461,0.9577353082161046,-1.3991578146722672,-0.6572866852842849,0.8141226727637647,0.0,0.0,0.0,0.0,0.0,0.0,0.0,0.0,0.0,0.0,0.0,0.0,0.5870981513941926,0.6098796680733013,0.7587919928422078,0.7778002488890328,0.5614449106888483,0.561200481768024,0.0,0.0,0.0,0.0,0.0,0.0,0.0,0.0,0.0,-0.07891078689351222,0.0,0.0,0.0,0.0,0.0,0.0,0.0,0.0,0.0,0.0,0.0,0.0,0.0,0.0
2009-08-24,35,2009,8,0,0,25.7160872692428,13.820042936682333,2.8345081795738385,0.7620952656518476,0.862271691899,0.5603754294144414,-1.1116453026662678,-0.8959303443452645,-0.5202712478401421,0.0,0.0,0.0,0.0,-0.0,-0.0,0.0,0.0,0.0,0.0,0.0,0.0,0.6303949750683615,0.6299395400635386,0.7816860784315693,0.8041779776799165,0.586377211752598,0.547711339316007,0.0,0.0,0.0,0.0,0.0,0.0,0.0,0.0,-0.0,-0.0,-0.0,-0.0,0.0,0.0,0.0,0.0,0.0,0.0,0.0,0.0,0.0,0.0,0.0,0.0
2009-08-31,36,2009,8,0,1,24.394694614222143,11.162529533630755,2.2913092645132704,0.5272655457527032,0.6723743677668599,-0.7977109480023341,-1.2681396513645964,-1.0706810839523158,-1.9322889337014875,0.0,0.0,0.0,0.0,-0.0,-1.0706810839523158,0.0,0.0,0.0,0.0,0.0,0.0,0.6252604520339379,0.629137007794982,0.7569820678623913,0.8128248112856402,0.25860661385251804,0.4441982543006115,0.0,0.0,0.0,0.0,0.0,0.0,0.0,0.0,-0.0,-0.0,-0.26767027098807894,-0.08236008338094737,0.0,0.0,0.0,0.0,0.0,0.0,0.0,0.0,0.0,0.0,0.0,0.0
2009-09-07,37,2009,9,0,1,26.217193807592093,14.02908656094082,2.3120301110430286,0.4076657975823804,0.5474185511360236,-0.24216739798693598,0.1731296117759533,0.7060693220864941,-1.8512944153922672,0.0,0.0,0.0,0.0,0.0,0.0,0.0,0.0,0.0,0.0,0.0,0.0,0.6183689373586863,0.6125492891045288,0.7395268728033074,0.8000055394968167,0.11955809791031899,0.35440346853820864,0.0,0.0,0.0,0.0,0.0,0.0,0.0,0.0,0.0,0.0,-0.26767027098807894,-0.08236008338094737,0.0,0.0,0.0,0.0,0.0,0.0,0.0,0.0,0.0,0.0,0.0,0.0
2009-09-14,38,2009,9,0,1,25.973501532104233,12.25510000177798,2.4908151674518115,-0.42367091116065997,0.2182429435880223,-1.263568439668408,0.07653450380786243,-0.05640221748826801,-1.6225373614101744,0.0,0.0,0.0,0.0,0.0,0.0,0.0,0.0,0.0,0.0,0.0,0.0,0.3183389244565678,0.49649864637721597,0.5750768885974764,0.7383786966003061,-0.4357678390608092,0.16749430198340592,0.0,0.0,0.0,0.0,0.0,0.0,0.0,0.0,0.0,0.0,-0.26767027098807894,-0.08236008338094737,0.0,0.0,0.0,0.0,0.0,0.0,0.0,0.0,0.0,0.0,0.0,0.0
2009-09-21,39,2009,9,0,1,23.05958482382397,12.769156804944267,2.649943396207027,-0.2396915648275018,0.4263016802283629,0.8894606352731234,-0.4916134152499085,0.9080201088399787,-0.8540561107520379,0.0,0.0,0.0,0.0,0.0,0.0,0.0,0.0,0.0,0.0,0.0,0.0,0.06789221683673047,0.41290483722219906,0.46608438567981714,0.7021075820677983,-0.35349653759613864,0.22075752209635965,0.0,0.0,0.0,0.0,0.0,0.0,0.0,0.0,0.0,0.0,-0.26767027098807894,-0.08236008338094737,0.0,0.0,0.0,0.0,0.0,0.0,0.0,0.0,0.0,0.0,0.0,0.0
2009-09-28,40,2009,9,0,1,17.76307490631241,6.4388203631336,4.402191603664871,0.18967438775072296,0.488954164940381,0.43577970759905804,-1.5900019739818823,-1.0177105008134448,1.8739986592688842,0.0,0.0,0.0,0.0,-0.0,-1.0177105008134448,0.0,0.0,0.0,0.0,0.0,1.8739986592688842,-0.016505572663764602,0.364903423769647,0.4202293349731975,0.6766455207118682,-0.0451238736957906,0.23929780547958115,0.0,0.0,0.0,0.0,0.0,0.0,0.0,0.0,-0.0,-0.0,-0.2544276252033612,-0.16064550652044313,0.0,0.0,0.0,0.0,0.0,0.0,0.0,0.0,0.0,0.0,0.46849966481722105,0.1441537430206834
2009-10-05,41,2009,10,0,1,14.002150652718687,3.3992904807112563,3.4679986208374154,0.6317869497055401,0.601597581264373,0.8916010306247998,-2.0577094431432963,-1.632073314410964,-0.25698707557233025,0.0,0.0,0.0,0.0,0.0,0.0,-0.0,-1.632073314410964,0.0,0.0,0.0,0.0,0.039524715367025315,0.36705041522158205,0.43377409250528487,0.6547385333598259,0.23831823345714334,0.2735099208975145,0.0,0.0,0.0,0.0,0.0,0.0,0.0,0.0,0.0,0.0,-0.2544276252033612,-0.16064550652044313,-0.0,-0.0,-0.408018328602741,-0.1255441011085357,0.0,0.0,0.0,0.0,0.0,0.0,0.46849966481722105,0.1441537430206834
2009-10-12,42,2009,10,0,1,9.961271336807798,2.0845708640822638,3.1356248753651315,0.7960921822934172,0.623069662361458,0.19299506253791543,-2.672311996253548,-1.109365895892067,-1.488116099523942,0.0,0.0,0.0,0.0,-0.0,-1.109365895892067,0.0,0.0,0.0,0.0,0.0,0.0,0.3444654887305446,0.4080034847356779,0.5349807721986437,0.639299332072582,0.6024591090087242,0.26744029981819584,0.0,0.0,0.0,0.0,0.0,0.0,0.0,0.0,-0.0,-0.0,-0.5317690991763779,-0.24598134466598673,0.0,0.0,-0.408018328602741,-0.1255441011085357,0.0,0.0,0.0,0.0,0.0,0.0,0.46849966481722105,0.1441537430206834
2009-10-19,43,2009,10,0,1,15.344799618087318,4.4428554440266295,3.8766297339243527,1.0007730826375387,0.7380687433940561,1.0819630993310727,-0.36258241171211725,0.20785152325435766,-0.023246517480137858,0.0,0.0,0.0,0.0,0.0,0.0,0.0,0.0,0.0,0.0,0.0,0.0,0.6545816505968047,0.4615679493048276,0.612922537990067,0.6318051813805668,0.6505847250232115,0.3072698324521635,0.0,0.0,0.0,0.0,0.0,0.0,0.0,0.0,0.0,0.0,-0.5317690991763779,-0.24598134466598673,0.0,0.0,-0.408018328602741,-0.1255441011085357,0.0,0.0,0.0,0.0,0.0,0.0,0.46849966481722105,0.1441537430206834
2009-10-26,44,2009,10,0,1,14.191677668146276,4.114704424970681,3.897460186060792,1.1954595131647916,0.8776809575968032,1.1614254844478085,0.122355152426968,0.8097687991130863,0.20328065536694745,0.0,0.0,0.0,0.0,0.0,0.0,0.0,0.0,0.0,0.0,0.0,0.0,0.9060279319503219,0.5082257602440291,0.7101042361541725,0.6400348435386629,0.8319961692353991,0.36117592932049936,0.0,0.0,0.0,0.0,0.0,0.0,0.0,0.0,0.0,0.0,-0.27734147397301673,-0.24598134466598673,0.0,0.0,-0.408018328602741,-0.1255441011085357,0.0,0.0,0.0,0.0,0.0,0.0,0.0,0.1441537430206834
2009-11-02,45,2009,11,0,1,15.98449359256479,1.7251728674851503,3.3811537813468457,0.6317059261895194,0.6497725623620828,-1.819290287780657,0.6372378891654182,0.16025192378840222,-1.295152553837079,0.0,0.6372378891654182,0.0,0.0,0.0,0.0,0.0,0.0,0.0,0.0,0.0,0.0,0.9060076760713168,0.5146797824208846,0.7221479814286,0.6306950091016252,0.15427333963403494,0.1817404115221422,0.0,0.0,0.15930947229135456,0.049018299166570634,0.0,0.0,0.0,0.0,0.0,0.0,-0.27734147397301673,-0.24598134466598673,0.0,0.0,0.0,-0.1255441011085357,0.0,0.0,0.0,0.0,0.0,0.0,0.0,0.1441537430206834
2009-11-09,46,2009,11,0,1,15.562031304092866,3.235364027339439,3.415285796675261,0.33689843707738343,0.5175119124022768,-1.114339655300095,1.129685360303636,1.4906032379289953,-1.152600379599024,0.0,0.0,0.0,1.129685360303636,0.0,0.0,0.0,0.0,0.0,0.0,0.0,0.0,0.7912092397673083,0.5071156732511921,0.6957585439388048,0.6230236691808497,-0.17256033982546767,0.07186607913122259,0.0,0.0,0.15930947229135456,0.049018299166570634,0.0,0.0,0.282421340075909,0.08689887386951047,0.0,0.0,0.0,-0.24598134466598673,0.0,0.0,0.0,-0.1255441011085357,0.0,0.0,0.0,0.0,0.0,0.0,0.0,0.1441537430206834
2009-11-16,47,2009,11,0,1,11.352013834669279,0.9505319859904573,3.0305429176170957,-0.0699062770915161,0.38692709179064994,-0.15260258424585182,0.77035205135858,1.0605086161786166,-1.5368735638023259,0.0,0.77035205135858,0.0,0.0,0.0,0.0,0.0,0.0,0.0,0.0,0.0,0.0,0.5235393998350446,0.4420114103635513,0.6079731310379531,0.5853993777484885,-0.48120176071969883,-0.013544527981235604,0.0,0.0,0.35189748513099955,0.10827614927107679,0.0,0.0,0.282421340075909,0.08689887386951047,0.0,0.0,0.0,-0.24598134466598673,0.0,0.0,0.0,-0.1255441011085357,0.0,0.0,0.0,0.0,0.0,0.0,0.0,0.1441537430206834
2009-11-23,48,2009,11,0,1,10.370863724759317,0.40354581827380126,3.71843357782844,-0.9205938349282398,0.23174825056212356,-0.2187251105339605,1.0687201651709979,1.4843236507796829,-0.5580999404557477,0.0,1.0687201651709979,0.0,0.0,0.0,0.0,0.0,0.0,0.0,0.0,0.0,0.0,-0.005473937188213263,0.31257378724200613,0.4464899542792833,0.5368975745687288,-0.8262394094651411,-0.07347533874649728,0.0,0.0,0.619077526423749,0.19048539274576892,0.0,0.0,0.282421340075909,0.08689887386951047,0.0,0.0,0.0,-0.24598134466598673,0.0,0.0,0.0,-0.1255441011085357,0.0,0.0,0.0,0.0,0.0,0.0,0.0,0.1441537430206834
2009-11-30,49,2009,11,0,0,4.778232028102889,-5.166511572984757,3.9967921321685367,-0.9010445744139766,0.26560702587294194,-0.6254718247425608,0.039559763317813496,0.08597372263396774,0.1638927378885949,0.0,0.0,0.0,0.0,0.0,0.0,0.0,0.0,0.0,0.0,0.0,0.0,-0.3886615623390872,0.20270377799841535,0.3504485701569981,0.5056077790384272,-0.527784793705617,-0.06022617541882242,0.0,0.0,0.45976805413239447,0.19048539274576892,0.0,0.0,0.282421340075909,0.08689887386951047,0.0,0.0,0.0,-0.16362126128503937,0.0,0.0,0.0,-0.1255441011085357,0.0,0.0,0.0,0.0,0.0,0.0,0.0,0.1441537430206834
2009-12-07,50,2009,12,0,0,-1.1608665660039976,-10.894881855223952,4.389551065355298,-0.280935339411336,0.3882401495510075,0.5120741305720854,-1.1828909243003827,-1.12174790636993,0.7562294110598514,0.0,0.0,0.0,0.0,-0.0,-0.0,0.0,0.0,0.0,0.0,0.0,0.0,-0.5431200064612671,0.1497344597681295,0.31813062944418075,0.4933632866088107,-0.12118134723757193,-0.002207596298897697,0.0,0.0,0.45976805413239447,0.19048539274576892,0.0,0.0,0.0,0.08689887386951047,-0.0,-0.0,-0.0,-0.16362126128503937,0.0,0.0,0.0,-0.1255441011085357,0.0,0.0,0.0,0.0,0.0,0.0,0.0,0.1441537430206834
2009-12-14,51,2009,12,0,0,0.5617984047962885,-8.449521838346453,3.358545622424598,-0.5890624298861165,0.3235094961647931,-0.8571553136348122,-0.97957880136605,-0.7423049901487718,-1.0384823766599331,0.0,0.0,0.0,0.0,0.0,0.0,-0.0,-0.0,0.0,0.0,0.0,0.0,-0.6729090446599172,0.13701203525078667,0.3022762305377165,0.5014607137301008,-0.297319529584812,0.02905495185753274,0.0,0.0,0.26718004129274947,0.19048539274576892,0.0,0.0,0.0,0.08689887386951047,0.0,0.0,0.0,-0.16362126128503937,-0.0,-0.0,-0.0,-0.1255441011085357,0.0,0.0,0.0,0.0,0.0,0.0,0.0,0.1441537430206834
2009-12-21,52,2009,12,0,0,1.503567709034861,-5.567034671017828,5.128217120923622,0.023384829355324908,0.3513060517130003,0.8617530572833105,-0.673747691399541,-0.0795358092987454,1.677365357666647,0.0,0.0,0.0,0.0,0.0,0.0,0.0,0.0,0.0,0.0,0.0,0.0,-0.43691437858902604,0.15724868095715794,0.3321656808254357,0.49569181922891903,-0.027199987630494277,0.026923599704470218,0.0,0.0,0.0,0.19048539274576892,0.0,0.0,0.0,0.08689887386951047,0.0,0.0,0.0,-0.16362126128503937,0.0,0.0,0.0,-0.1255441011085357,0.0,0.0,0.0,0.0,0.0,0.0,0.0,0.1441537430206834
2009-12-28,53,2009,12,0,0,-4.421178197642312,-14.453684862569434,3.7578566908881577,-0.11769495135560747,0.15500042445820428,-0.7636762538839981,-1.147507381262622,-1.1515823715935865,-0.46587850075187676,0.0,0.0,0.0,0.0,0.0,0.0,-0.0,-0.0,0.0,0.0,0.0,0.0,-0.24107697282443374,0.13360488564128636,0.3045140304717513,0.4700030699610593,-0.061751094915853594,-0.0653422434865341,0.0,0.0,0.0,0.19048539274576892,0.0,0.0,0.0,0.08689887386951047,0.0,0.0,0.0,-0.0853358381455436,-0.0,-0.0,-0.0,-0.1255441011085357,0.0,0.0,0.0,0.0,0.0,0.0,0.0,0.0
2010-01-04,1,2010,1,0,0,-7.365024870748227,-17.033921612510525,3.9042852510957,-0.4999396982426409,-0.1614635185155371,-0.5616417253801739,-1.9613460653470205,-1.5988442477537432,-0.23194403457610024,0.0,0.0,0.0,0.0,0.0,0.0,-0.0,-0.0,0.0,0.0,0.0,0.0,-0.29582806253225996,0.046548989645272446,0.16708811345511512,0.41130606228568156,-0.33018005890391844,-0.177130147794609,0.0,0.0,0.0,0.19048539274576892,0.0,0.0,0.0,0.08689887386951047,0.0,0.0,0.0,-0.0853358381455436,-0.0,-0.0,-0.0,-0.0,0.0,0.0,0.0,0.0,0.0,0.0,0.0,0.0
2010-01-11,2,2010,1,0,0,2.2994589375410035,-7.6941473360287365,3.1521261271286813,-0.6281766527223931,-0.3250588730710853,-1.7709452890332835,0.18749566454526714,0.2829742792457774,-1.912831891915941,0.0,0.0,0.0,0.0,0.0,0.0,0.0,0.0,0.0,0.0,0.0,0.0,-0.3056066182413291,-0.06301015150978986,0.004946021146145549,0.3383730980216398,-0.5586275527535363,-0.3282024825308551,0.0,0.0,0.0,0.19048539274576892,0.0,0.0,0.0,0.08689887386951047,0.0,0.0,0.0,0.0,0.0,0.0,0.0,0.0,0.0,0.0,0.0,0.0,0.0,0.0,0.0,0.0
2010-01-18,3,2010,1,0,0,4.069217570399256,-2.4054576037837103,4.212739008421202,-0.5683626718636465,-0.5798907699394756,0.2334316710454165,0.8327691690467923,1.5048806422487104,-0.05408958015389152,0.0,0.0,0.0,0.0,0.0,0.0,0.0,0.0,0.0,0.0,0.0,0.0,-0.453543493546072,-0.1837129018560349,-0.22785318426697343,0.2369915969959835,-0.7157078993130097,-0.39347413086052097,0.0,0.0,0.0,0.19048539274576892,0.0,0.0,0.0,0.08689887386951047,0.0,0.0,0.0,0.0,0.0,0.0,0.0,0.0,0.0,0.0,0.0,0.0,0.0,0.0,0.0,0.0
2010-01-25,4,2010,1,0,0,-1.9517248119612274,-11.065921583364277,4.325173706390334,-1.0281896734841156,-1.012859674459491,-0.4639633649627101,-1.1282428518276155,-0.5450770153617143,0.23255746730532986,0.0,0.0,0.0,0.0,0.0,0.0,0.0,0.0,0.0,0.0,0.0,0.0,-0.681167174078199,-0.35476283929056623,-0.5198182089963973,0.09156539453011471,-0.6407796770826877,-0.5185040423536378,0.0,0.0,0.0,0.19048539274576892,0.0,0.0,0.0,0.08689887386951047,0.0,0.0,0.0,0.0,0.0,0.0,0.0,0.0,0.0,0.0,0.0,0.0,0.0,0.0,0.0,0.0
2010-02-01,5,2010,2,0,0,0.41025942154347866,-8.003000781964989,3.2074111500161395,-0.8718432162671242,-0.8347761515432645,-0.08369602351408721,-0.5280354102282251,0.09675134025228094,-1.675132996888561,0.0,0.0,0.0,0.0,0.0,0.0,0.0,0.0,0.0,0.0,0.0,0.0,-0.7741430535843198,-0.47042046563338497,-0.6881463672533291,-0.022630660385681248,-0.5212932516161661,-0.38499679125620934,0.0,0.0,0.0,0.1414670935791983,0.0,0.0,0.0,0.08689887386951047,0.0,0.0,0.0,0.0,0.0,0.0,0.0,0.0,0.0,0.0,0.0,0.0,0.0,0.0,0.0,0.0
2010-02-08,6,2010,2,0,0,-1.2381204924813267,-11.930324501452725,3.6169582627043484,-0.5788554239612385,-0.7771367417528683,-0.2659561908956814,-0.6138512378354558,-0.6186202148435104,-1.4143035055557873,0.0,0.0,0.0,0.0,-0.0,-0.0,0.0,0.0,0.0,0.0,0.0,0.0,-0.7618127463940312,-0.5408630703286635,-0.8011658344237749,-0.1222190183976155,-0.1450459770817655,-0.3197365247635621,0.0,0.0,0.0,0.1414670935791983,0.0,0.0,0.0,0.0,-0.0,-0.0,-0.0,-0.0,0.0,0.0,0.0,0.0,0.0,0.0,0.0,0.0,0.0,0.0,0.0,0.0
2010-02-15,7,2010,2,0,0,1.3607031308903403,-8.786380831121724,3.5000825444240085,-0.7043567349650167,-0.9155943148857851,-0.6152628923494933,-0.5971278057929399,-0.2842099664468835,-1.2221349039727232,0.0,0.0,0.0,0.0,0.0,0.0,0.0,0.0,0.0,0.0,0.0,0.0,-0.7958112621693738,-0.5896669517035482,-0.8850917206603524,-0.2224129727573413,-0.35721961793049295,-0.355325779233073,0.0,0.0,0.0,0.08220924347469215,0.0,0.0,0.0,0.0,0.0,0.0,0.0,0.0,0.0,0.0,0.0,0.0,0.0,0.0,0.0,0.0,0.0,0.0,0.0,0.0
2010-02-22,8,2010,2,0,0,0.9407802514210746,-9.525514922997147,3.7444170529341956,-0.9836060263030488,-0.9582228016838913,-0.6500442110502928,-0.7439400525950228,-0.5824491937334066,-1.4995322803666973,0.0,0.0,0.0,0.0,-0.0,-0.0,0.0,0.0,0.0,0.0,0.0,0.0,-0.784665350374107,-0.5945140433477643,-0.8714325024664522,-0.31394920754549627,-0.4037398294523886,-0.3885041715804831,0.0,0.0,0.0,0.0,0.0,0.0,0.0,0.0,-0.0,-0.0,-0.0,-0.0,0.0,0.0,0.0,0.0,0.0,0.0,0.0,0.0,0.0,0.0,0.0,0.0
2010-03-01,9,2010,3,0,0,6.056246519655936,-5.472385704974989,2.7776672195497096,-1.1889931070175472,-1.0523850320003303,-1.217066246251736,-0.17086283946101177,0.02778458476042443,-2.6231943286877724,0.0,0.0,0.0,0.0,0.0,0.0,0.0,0.0,0.0,0.0,0.0,0.0,-0.8639528230617128,-0.6166639304711159,-0.9258347225807187,-0.41533321199728646,-0.6870823851368009,-0.43401143477349663,0.0,0.0,0.0,0.0,0.0,0.0,0.0,0.0,0.0,0.0,0.0,0.0,0.0,0.0,0.0,0.0,0.0,0.0,0.0,0.0,0.0,0.0,0.0,0.0
2010-03-08,10,2010,3,1,0,10.33925540569191,2.222761378376577,4.114605603110315,-0.6782801912365993,-0.9857278919071376,0.766164019256111,0.39594396179255587,1.2186703491841067,-0.9885096129247346,0.0,0.0,0.0,0.0,0.0,0.0,0.0,0.0,0.0,0.0,0.0,0.0,-0.8888090148805531,-0.6472289190730591,-0.9779825101192862,-0.5210230613402206,-0.42905233259885267,-0.4144660587208792,0.0,0.0,0.0,0.0,0.0,0.0,0.0,0.0,0.0,0.0,0.0,0.0,0.0,0.0,0.0,0.0,0.0,0.0,0.0,0.0,0.0,0.0,0.0,0.0
2010-03-15,11,2010,3,1,0,12.058299240434968,0.20079633193347005,3.844722153235255,-0.6597975041743436,-1.0146976410420754,-0.8181877625663534,-0.012162968074093278,0.29907100801207437,-1.04886259345703,0.0,0.0,0.0,0.0,0.0,0.0,0.0,0.0,0.0,0.0,0.0,0.0,-0.8776692071828847,-0.6526700786336921,-1.0027583416583588,-0.6239620718945952,-0.47978355015306773,-0.41146855479253625,0.0,0.0,0.0,0.0,0.0,0.0,0.0,0.0,0.0,0.0,0.0,0.0,0.0,0.0,0.0,0.0,0.0,0.0,0.0,0.0,0.0,0.0,0.0,0.0
2010-03-22,12,2010,3,1,0,12.578116738820412,-0.6199104254857787,4.34089488983319,-0.484331555165486,-1.2704149982085604,-0.08883591665742957,0.1447896906252528,-0.11973317049731813,-0.21430182131152678,0.0,0.0,0.0,0.0,0.0,0.0,0.0,0.0,0.0,0.0,0.0,0.0,-0.752850589398494,-0.6917251851352929,-1.080806390789526,-0.7487098449654845,-0.33948147655485195,-0.48459078355720864,0.0,0.0,0.0,0.0,0.0,0.0,0.0,0.0,0.0,0.0,0.0,0.0,0.0,0.0,0.0,0.0,0.0,0.0,0.0,0.0,0.0,0.0,0.0,0.0
2010-03-29,13,2010,3,1,0,20.213290759667306,4.641320178948934,4.771713067776837,-0.2693847770240102,-1.156229724927905,-0.29457704191476564,2.057625754784048,1.4133239345650754,0.41240457474435455,0.0,0.0,2.057625754784048,0.0,0.0,0.0,0.0,0.0,0.0,0.0,0.0,0.0,-0.5229485069001097,-0.7033936332636317,-1.1067675640214196,-0.8495737026105699,-0.10885917547060929,-0.4485062287903446,0.0,0.0,0.0,0.0,0.514406438696012,0.15827890421415752,0.0,0.0,0.0,0.0,0.0,0.0,0.0,0.0,0.0,0.0,0.0,0.0,0.0,0.0,0.0,0.0,0.0,0.0
2010-04-05,14,2010,4,1,0,18.97369720495205,4.425190297013778,4.308911246019917,-0.33705140721946575,-0.9422523272293082,0.28697592229564733,1.2160810295997946,0.9066434091300293,-0.8028980349669809,1.2160810295997946,0.0,0.0,0.0,0.0,0.0,0.0,0.0,0.0,0.0,0.0,0.0,-0.43764131089582636,-0.6908637647233873,-1.0958986728519622,-0.9096343802039368,-0.2286561997107252,-0.38322794819989675,0.30402025739994865,0.09354469458459959,0.0,0.0,0.514406438696012,0.15827890421415752,0.0,0.0,0.0,0.0,0.0,0.0,0.0,0.0,0.0,0.0,0.0,0.0,0.0,0.0,0.0,0.0,0.0,0.0
2010-04-12,15,2010,4,1,0,21.81638343759208,6.693838006453528,4.210367008087972,-0.37566403499670675,-0.885930897034361,-0.6512141676148842,1.4973357491461943,1.4273571252347579,-1.0239736978769245,0.0,0.0,1.4973357491461943,0.0,0.0,0.0,0.0,0.0,0.0,0.0,0.0,0.0,-0.3666079436014172,-0.6714397172060268,-1.0637069868500337,-0.9527783820472657,-0.1869128009728579,-0.29709478501386605,0.30402025739994865,0.09354469458459959,0.0,0.0,0.8887403759825605,0.27345857722540323,0.0,0.0,0.0,0.0,0.0,0.0,0.0,0.0,0.0,0.0,0.0,0.0,0.0,0.0,0.0,0.0,0.0,0.0
2010-04-19,16,2010,4,1,0,19.235348985914886,6.107099480378888,3.515770734051177,-0.07364690662475334,-0.8160664843415827,0.7032402776028343,0.8469428772634708,0.8182080062605654,-1.5052033446015674,0.8469428772634708,0.0,0.0,0.0,0.0,0.0,0.0,0.0,0.0,0.0,0.0,0.0,-0.263936781466234,-0.6333846583414966,-0.9501198583832893,-0.9709457446935816,0.011106247592208046,-0.26095566143252624,0.5157559767158164,0.15869414668178966,0.0,0.0,0.8887403759825605,0.27345857722540323,0.0,0.0,0.0,0.0,0.0,0.0,0.0,0.0,0.0,0.0,0.0,0.0,0.0,0.0,0.0,0.0,0.0,0.0
2010-04-26,17,2010,4,1,0,19.224814828937284,7.034850842137315,4.783480996312904,0.27341216811433794,-0.5518823450046763,0.5058490037115523,0.4514961573608863,0.9281992793661662,0.38508527745665994,0.0,0.0,0.0,0.0,0.0,0.0,0.0,0.0,0.0,0.0,0.0,0.0,-0.12823754518164698,-0.5332614397570002,-0.799033013402482,-0.9354859501201344,0.21121275899878755,-0.1863547099960445,0.5157559767158164,0.15869414668178966,0.0,0.0,0.37433393728654857,0.27345857722540323,0.0,0.0,0.0,0.0,0.0,0.0,0.0,0.0,0.0,0.0,0.0,0.0,0.0,0.0,0.0,0.0,0.0,0.0
2010-05-03,18,2010,5,1,0,19.896768909417958,6.481141615847012,4.66190969327745,0.1334658159438446,-0.5058525852691445,0.20821565526965993,0.041342491831985184,-0.34837151793994986,1.0770937315339277,0.0,0.0,0.0,0.0,0.0,0.0,0.0,0.0,0.0,0.0,1.0770937315339277,0.0,-0.010608239390819396,-0.45592997574077176,-0.6899330779124412,-0.9101841373298174,0.19152269224229065,-0.1638999654742178,0.2117357193158677,0.15869414668178966,0.0,0.0,0.37433393728654857,0.27345857722540323,0.0,0.0,0.0,0.0,0.0,0.0,0.0,0.0,0.0,0.0,0.0,0.0,0.0,0.0,0.26927343288348193,0.08285336396414829,0.0,0.0
2010-05-10,19,2010,5,1,0,18.018411007178454,7.716633734169458,4.029422741375276,0.851897419617447,-0.12438727067934884,1.2032091262714413,-1.290621749046895,-0.5325675908751458,0.29148445330982087,0.0,0.0,0.0,0.0,-0.5325675908751458,-0.0,0.0,0.0,0.0,0.0,0.0,0.0,0.29628212426271905,-0.34587206469625753,-0.4995471713236881,-0.8599726395549312,0.655128515713872,-0.050887248769054545,0.2117357193158677,0.15869414668178966,0.0,0.0,0.0,0.27345857722540323,0.0,0.0,-0.13314189771878646,-0.0409667377596266,-0.0,-0.0,0.0,0.0,0.0,0.0,0.0,0.0,0.0,0.0,0.26927343288348193,0.08285336396414829,0.0,0.0
2010-05-17,20,2010,5,1,0,22.671519794341748,11.146945124747589,3.530096845035671,1.1270235869516279,0.05902997980327725,0.5296117456270208,-0.05074156365865175,0.4056979034673578,-0.6964015427074232,0.0,0.0,0.0,0.0,0.0,0.0,0.0,0.0,0.0,0.0,0.0,0.0,0.5964497476568144,-0.2049966553180541,-0.2807730552874731,-0.7850015399634651,0.6117213827199186,0.037180031075292705,0.0,0.15869414668178966,0.0,0.0,0.0,0.27345857722540323,0.0,0.0,-0.13314189771878646,-0.0409667377596266,0.0,0.0,0.0,0.0,0.0,0.0,0.0,0.0,0.0,0.0,0.26927343288348193,0.08285336396414829,0.0,0.0
2010-05-24,21,2010,5,1,0,29.08302027689468,15.401969564548812,3.278549940342282,0.8085218839170983,0.13459706882280328,-0.11406907828409453,1.8113162680146921,1.8835269871255629,-1.297749271412806,0.0,0.0,1.8113162680146921,0.0,0.0,0.0,0.0,0.0,0.0,0.0,0.0,0.0,0.7302271766075045,-0.06714066222419665,-0.10915320183060319,-0.7009384730014114,0.45674186222100693,0.07840888744192333,0.0,0.15869414668178966,0.0,0.0,0.45282906700367304,0.41279059784191807,0.0,0.0,-0.13314189771878646,-0.0409667377596266,0.0,0.0,0.0,0.0,0.0,0.0,0.0,0.0,0.0,0.0,0.26927343288348193,0.08285336396414829,0.0,0.0
2010-05-31,22,2010,5,1,0,27.662204536937622,15.112800732034284,3.1746625174889567,0.9721219758452567,0.47346996979378364,1.0042368103366641,0.6906942688447572,0.8844381303131074,-0.6998997164098497,0.6906942688447572,0.0,0.0,0.0,0.0,0.0,0.0,0.0,0.0,0.0,0.0,0.0,0.9398912165828575,0.09909895953448059,0.13567743693512885,-0.5835650113249412,0.6557471509877579,0.24927835333333875,0.1726735672111893,0.21182447505446328,0.0,0.0,0.45282906700367304,0.41279059784191807,0.0,0.0,-0.13314189771878646,-0.0409667377596266,0.0,0.0,0.0,0.0,0.0,0.0,0.0,0.0,0.0,0.0,0.0,0.08285336396414829,0.0,0.0
2010-06-07,23,2010,6,0,0,26.23133883911173,15.772804101525239,3.3955042493323533,1.0126206617328746,0.6178335046306356,1.2912458042370139,-0.41769967828857635,0.801878353158195,-0.1765171690036725,0.0,0.0,0.0,0.0,0.0,0.0,0.0,0.0,0.0,0.0,0.0,0.0,0.9800720271117145,0.22916825591674783,0.321232630762625,-0.46021413466818945,0.6777563204791511,0.2896692598703313,0.1726735672111893,0.21182447505446328,0.0,0.0,0.45282906700367304,0.41279059784191807,0.0,0.0,0.0,-0.0409667377596266,0.0,0.0,0.0,0.0,0.0,0.0,0.0,0.0,0.0,0.0,0.0,0.08285336396414829,0.0,0.0
2010-06-14,24,2010,6,0,0,28.068425575693972,16.825973059759463,3.238771700852081,1.2219883959378368,0.8887146124442741,1.0797447318726017,0.1049761821573386,0.8062393423955253,-0.7271969777478271,0.0,0.0,0.0,0.0,0.0,0.0,0.0,0.0,0.0,0.0,0.0,0.0,1.0038132293582667,0.3739210174638386,0.5286537889228742,-0.31379780747693176,0.8152895670405462,0.4356640671348663,0.1726735672111893,0.21182447505446328,0.0,0.0,0.45282906700367304,0.41279059784191807,0.0,0.0,0.0,-0.0409667377596266,0.0,0.0,0.0,0.0,0.0,0.0,0.0,0.0,0.0,0.0,0.0,0.08285336396414829,0.0,0.0
2010-06-21,25,2010,6,0,0,30.17817946339419,18.179082883481627,3.3096495314846917,1.5587455881150156,1.0602824984776964,1.0971602134077678,0.919368567510629,1.1963054416551273,-0.9327126537311242,0.0,0.0,0.0,0.0,0.0,0.0,0.0,0.0,0.0,0.0,0.0,0.0,1.191369155407746,0.5310807977161849,0.7600751463365975,-0.13451338465491203,1.118096889963512,0.526894538678343,0.1726735672111893,0.21182447505446328,0.0,0.0,0.0,0.41279059784191807,0.0,0.0,0.0,-0.0409667377596266,0.0,0.0,0.0,0.0,0.0,0.0,0.0,0.0,0.0,0.0,0.0,0.08285336396414829,0.0,0.0
2010-06-28,26,2010,6,0,0,28.473133524627457,15.751461291553587,3.6572778762566513,1.364755467921999,1.1051815871122486,-0.03761343057132277,-0.5247150203365206,-0.9254044733233687,1.166039206567672,0.0,0.0,0.0,0.0,-0.0,-0.0,0.0,0.0,0.0,0.0,0.0,0.0,1.2895275284269316,0.6567838934812625,0.9180030506662137,0.039441331655869015,0.8576343297365152,0.5466609703201463,0.0,0.21182447505446328,0.0,0.0,0.0,0.2545116936277605,0.0,0.0,-0.0,-0.0409667377596266,-0.0,-0.0,0.0,0.0,0.0,0.0,0.0,0.0,0.0,0.0,0.0,0.08285336396414829,0.0,0.0
2010-07-05,27,2010,7,0,0,29.68650341050871,18.253755100180435,2.4996323363286796,1.2479886842484091,1.20172647308142,0.8245038340616756,0.09679551880886673,0.4216940624364428,-1.4149371784978977,0.0,0.0,0.0,0.0,0.0,0.0,0.0,0.0,0.0,0.0,0.0,0.0,1.348369534055815,0.7787100543634067,1.0639762927789098,0.20436277783361734,0.7409488371926807,0.5880092712252254,0.0,0.11827978046986368,0.0,0.0,0.0,0.2545116936277605,0.0,0.0,0.0,-0.0409667377596266,0.0,0.0,0.0,0.0,0.0,0.0,0.0,0.0,0.0,0.0,0.0,0.08285336396414829,0.0,0.0
2010-07-12,28,2010,7,0,0,30.80050285963473,18.72438376114354,2.9444619765295585,0.9919185938797622,1.3661784525668534,0.659776291795321,0.7184279064860503,0.9819801492440061,-0.03348156128562314,0.0,0.0,0.0,0.0,0.0,0.0,0.0,0.0,0.0,0.0,0.0,0.0,1.2908520835412964,0.8839087181231352,1.1833422528095547,0.37760195857217227,0.6359567271733605,0.6888546911798564,0.0,0.11827978046986368,0.0,0.0,0.0,0.13933202061651478,0.0,0.0,0.0,-0.0409667377596266,0.0,0.0,0.0,0.0,0.0,0.0,0.0,0.0,0.0,0.0,0.0,0.08285336396414829,0.0,0.0
2010-07-19,29,2010,7,0,0,30.454077003715227,19.483952686859976,3.0727950603988647,1.143938468881086,1.4848788917861198,1.3403347880241179,0.0641647754348405,0.5323510185173558,0.060932239509974846,0.0,0.0,0.0,0.0,0.0,0.0,0.0,0.0,0.0,0.0,0.0,0.0,1.1871503037328142,0.9775691316235844,1.2894913511366606,0.5545977567358417,0.6967503708274481,0.737861961212263,0.0,0.053130328372673626,0.0,0.0,0.0,0.13933202061651478,0.0,0.0,0.0,-0.0409667377596266,0.0,0.0,0.0,0.0,0.0,0.0,0.0,0.0,0.0,0.0,0.0,0.08285336396414829,0.0,0.0
2010-07-26,30,2010,7,0,0,30.125150582674625,18.663818237345232,2.580539691272049,1.0973228248690148,1.4126071268099876,0.32710026797272695,0.2599428945314535,0.6311999736440633,-0.8967937570727788,0.0,0.0,0.0,0.0,0.0,0.0,0.0,0.0,0.0,0.0,0.0,0.0,1.120292142969568,1.040946874450867,1.3663477360610952,0.7057123314908159,0.7879287954634605,0.7241120584631227,0.0,0.053130328372673626,0.0,0.0,0.0,0.13933202061651478,0.0,0.0,0.0,-0.0409667377596266,0.0,0.0,0.0,0.0,0.0,0.0,0.0,0.0,0.0,0.0,0.0,0.08285336396414829,0.0,0.0
2010-08-02,31,2010,8,0,0,30.680565733584626,18.773565958857965,2.5640161831886163,0.9796841269162774,1.4671346576304147,0.4708364178397609,0.7033508166358494,0.8816423967993349,-0.627839072042385,0.0,0.0,0.0,0.0,0.0,0.0,0.0,0.0,0.0,0.0,0.0,0.0,1.053216003636535,1.1060405906795159,1.4326997821983438,0.8574805809446281,0.6995119414079818,0.7443136555838996,0.0,0.053130328372673626,0.0,0.0,0.0,0.13933202061651478,0.0,0.0,0.0,-0.0409667377596266,0.0,0.0,0.0,0.0,0.0,0.0,0.0,0.0,0.0,0.0,0.0,0.0,0.0,0.0
2010-08-09,32,2010,8,0,0,32.35602640405376,20.041366372335997,2.6680854020722737,1.030768982405091,1.3552536331928198,0.8285049183608925,2.4044037185397413,2.2613815650491356,-0.3354272003299188,0.0,0.0,0.0,0.0,0.0,0.0,0.0,0.0,0.0,0.0,0.0,0.0,1.0629286007678673,1.1197999416631808,1.4299685773548356,0.971299112011718,0.7416940980493746,0.7154902549753959,0.0,0.053130328372673626,0.0,0.0,0.0,0.13933202061651478,0.0,0.0,0.0,0.0,0.0,0.0,0.0,0.0,0.0,0.0,0.0,0.0,0.0,0.0,0.0,0.0,0.0,0.0
2010-08-16,33,2010,8,0,0,29.462156677897962,17.36864813555201,2.7001406703436075,0.8003715483876195,1.3462610464794855,0.35485139053851805,0.6824220703656273,0.6216166721302414,-0.1144992182985233,0.0,0.0,0.0,0.0,0.0,0.0,0.0,0.0,0.0,0.0,0.0,0.0,0.9770368706445006,1.0946728617736416,1.3953141160281768,1.0703168863714263,0.4953232486779746,0.7020471507378188,0.0,0.053130328372673626,0.0,0.0,0.0,0.13933202061651478,0.0,0.0,0.0,0.0,0.0,0.0,0.0,0.0,0.0,0.0,0.0,0.0,0.0,0.0,0.0,0.0,0.0,0.0
2010-08-23,34,2010,8,0,0,28.999316483877543,14.81003329379344,3.2895556999713427,0.32122259855640306,1.2899246351487423,-1.021237617293679,0.19644482024649237,-0.8899435045700941,0.934965584031357,0.0,0.0,0.0,0.0,-0.0,-0.0,0.0,0.0,0.0,0.0,0.0,0.0,0.7830118140663478,1.0571883013612804,1.3646434931128657,1.1591882376272677,0.15823877736137315,0.6322649554293892,0.0,0.053130328372673626,0.0,0.0,0.0,0.0,0.0,0.0,-0.0,-0.0,-0.0,-0.0,0.0,0.0,0.0,0.0,0.0,0.0,0.0,0.0,0.0,0.0,0.0,0.0
2010-08-30,35,2010,8,0,0,27.756915185919038,14.739288859603342,3.8938971546481054,0.3434093127522815,1.1986907447356863,0.5815226197507871,-0.22381793135648598,-0.4360615092671165,2.5216466238455895,0.0,0.0,0.0,0.0,0.0,0.0,0.0,0.0,0.0,0.0,0.0,0.0,0.6239431105253487,1.008825788815667,1.2975325148891836,1.2149744510843372,0.1859103278391297,0.5997484792304755,0.0,0.0,0.0,0.0,0.0,0.0,0.0,0.0,0.0,0.0,0.0,0.0,0.0,0.0,0.0,0.0,0.0,0.0,0.0,0.0,0.0,0.0,0.0,0.0
2010-09-06,36,2010,9,0,1,25.272249957706336,11.918012143794972,3.810945155203788,0.1917357130711022,0.9438625962314044,0.22537287509406043,-0.8268071495586568,-0.7553083888660197,2.0251756556246527,0.0,0.0,0.0,0.0,0.0,0.0,0.0,0.0,0.0,0.0,0.0,2.0251756556246527,0.41418479319185153,0.9456807927647615,1.1946847556488296,1.240053611976704,0.03512731702242166,0.5177582539117868,0.0,0.0,0.0,0.0,0.0,0.0,0.0,0.0,0.0,0.0,0.0,0.0,0.0,0.0,0.0,0.0,0.0,0.0,0.0,0.0,0.0,0.0,0.5062939139061632,0.15578274274035792
2010-09-13,37,2010,9,0,1,25.191619088892708,11.436062640176196,2.8662369155923257,0.09861732365989496,0.7950664305519776,0.2356828498177317,-0.285104251384712,-0.7270188720205031,-0.2610980130765124,0.0,0.0,0.0,0.0,-0.0,-0.7270188720205031,0.0,0.0,0.0,0.0,0.0,0.0,0.23874623700992043,0.8592676333587659,1.0568861016669526,1.2328499056772968,0.005335181842225069,0.4528304168306429,0.0,0.0,0.0,0.0,0.0,0.0,0.0,0.0,-0.0,-0.0,-0.18175471800512577,-0.055924528616961774,0.0,0.0,0.0,0.0,0.0,0.0,0.0,0.0,0.0,0.0,0.5062939139061632,0.15578274274035792
2010-09-20,38,2010,9,0,1,25.332326568484035,12.580142943876124,3.8043318758813482,0.25580379877485065,0.6400388257481476,0.634380695539865,-0.18783646882449923,0.06599843014318275,1.3697782070533124,0.0,0.0,0.0,0.0,0.0,0.0,0.0,0.0,0.0,0.0,0.0,1.3697782070533124,0.22239153706453235,0.759041341871061,0.8944146493168039,1.2005234693134852,0.4192397600506111,0.4172319923792658,0.0,0.0,0.0,0.0,0.0,0.0,0.0,0.0,0.0,0.0,-0.18175471800512577,-0.055924528616961774,0.0,0.0,0.0,0.0,0.0,0.0,0.0,0.0,0.0,0.0,0.8487384656694913,0.2611502971290742
2010-09-27,39,2010,9,0,1,21.816412104458177,7.0193395378144,3.0954172385878134,0.06502215984412389,0.6775858277567949,-0.9757402600495978,-1.1145742698391254,-1.5222481538429156,0.2769056600138778,0.0,0.0,0.0,0.0,0.0,0.0,-0.0,-1.5222481538429156,0.0,0.0,0.0,0.0,0.15279474883749294,0.6590618566343013,0.7641384200720811,1.1676314878246041,0.029924040100514887,0.3450683901117061,0.0,0.0,0.0,0.0,0.0,0.0,0.0,0.0,0.0,0.0,-0.18175471800512577,-0.055924528616961774,-0.0,-0.0,-0.3805620384607289,-0.11709601183407042,0.0,0.0,0.0,0.0,0.0,0.0,0.8487384656694913,0.2611502971290742
2010-10-04,40,2010,10,0,1,23.443337702222728,6.025529769614038,2.5008579613519757,-0.14944686164258103,0.4329761119364111,-2.0191744695560714,0.37282950515191327,-1.1703323174223972,-2.0117125275380023,0.0,0.0,0.0,0.0,-0.0,-1.1703323174223972,0.0,0.0,0.0,0.0,0.0,0.0,0.06749910515907212,0.5515668146426866,0.6364167989983328,1.1084968446596035,-0.5312127960620181,0.12632390521803333,0.0,0.0,0.0,0.0,0.0,0.0,0.0,0.0,-0.0,-0.0,-0.47433779736072507,-0.14595009149560773,0.0,0.0,-0.3805620384607289,-0.11709601183407042,0.0,0.0,0.0,0.0,0.0,0.0,0.3424445517633281,0.2611502971290742
2010-10-11,41,2010,10,0,1,22.402734071100003,5.968667637703888,2.85160617486428,-0.536624278048751,0.22346711095335395,-1.0354078096052022,0.8628987513357906,-0.3045714820948421,-1.6072103766123647,0.0,0.8628987513357906,0.0,0.0,0.0,0.0,0.0,0.0,0.0,0.0,0.0,0.0,-0.09131129526808937,0.4339865937251087,0.4935169690986769,1.0205959722277957,-0.8489854609177515,-0.004074871812776147,0.0,0.0,0.21572468783394766,0.06637682702583005,0.0,0.0,0.0,0.0,0.0,0.0,-0.2925830793555993,-0.14595009149560773,0.0,0.0,-0.3805620384607289,-0.11709601183407042,0.0,0.0,0.0,0.0,0.0,0.0,0.3424445517633281,0.2611502971290742
2010-10-18,42,2010,10,0,1,19.611966790039855,4.498307610255003,3.1963422809419266,-1.3776609172145091,-0.18630690504534553,-0.34446974966123123,0.6010958998723261,-0.005358209889623403,-1.3364992370762512,0.0,0.6010958998723261,0.0,0.0,0.0,0.0,0.0,0.0,0.0,0.0,0.0,0.0,-0.4996774742654293,0.24001741017929368,0.2869305364003036,0.8920432186253754,-1.0936980722180256,-0.13367522086549533,0.0,0.0,0.3659986628020292,0.11261497316985514,0.0,0.0,0.0,0.0,0.0,0.0,-0.2925830793555993,-0.14595009149560773,0.0,0.0,-0.3805620384607289,-0.11709601183407042,0.0,0.0,0.0,0.0,0.0,0.0,0.0,0.2611502971290742
2010-10-25,43,2010,10,0,1,16.564317989908243,4.232833227463307,5.308981727424646,-1.1089221321275808,-0.19974140873146934,0.18277849811102104,0.08871164033232733,0.09651850443579814,2.293979399454233,0.0,0.0,0.0,0.0,0.0,0.0,0.0,0.0,0.0,0.0,0.0,2.293979399454233,-0.7931635472583556,0.070306259641094,0.06759872727823754,0.7680164081991094,-0.804068382677871,-0.14477689547024195,0.0,0.0,0.3659986628020292,0.11261497316985514,0.0,0.0,0.0,0.0,0.0,0.0,-0.2925830793555993,-0.14595009149560773,0.0,0.0,0.0,-0.11709601183407042,0.0,0.0,0.0,0.0,0.0,0.0,0.5734948498635583,0.437610250933246
2010-11-01,44,2010,11,0,1,13.305997097380585,-0.593061665441751,3.610576594103993,-1.0954955704783433,-0.4476909123174153,-1.3242787924351158,-0.146886687967645,-0.9544619534494971,-0.4046002981584925,0.0,0.0,0.0,0.0,-0.0,-0.9544619534494971,0.0,0.0,0.0,0.0,0.0,0.0,-1.029675724467296,-0.08932294785079989,-0.15256802878521908,0.6207221335877379,-0.6303444633976321,-0.28286268087600164,0.0,0.0,0.3659986628020292,0.11261497316985514,0.0,0.0,0.0,0.0,-0.0,-0.0,-0.23861548836237428,-0.21937024176095365,0.0,0.0,0.0,-0.11709601183407042,0.0,0.0,0.0,0.0,0.0,0.0,0.5734948498635583,0.437610250933246
2010-11-08,45,2010,11,0,1,16.117264130846845,1.8662868095134602,3.591576762704401,-0.8256985389139596,-0.6583350919084189,-0.3307334128450377,0.6733142477560589,0.21662765771487405,-0.8039858852320454,0.0,0.6733142477560589,0.0,0.0,0.0,0.0,0.0,0.0,0.0,0.0,0.0,0.0,-1.1019442896835983,-0.23212814179841915,-0.37301857950066225,0.46583069319533493,-0.45417586420759093,-0.3720348601995348,0.0,0.0,0.3186025369070963,0.16440837684339812,0.0,0.0,0.0,0.0,0.0,0.0,-0.23861548836237428,-0.21937024176095365,0.0,0.0,0.0,-0.11709601183407042,0.0,0.0,0.0,0.0,0.0,0.0,0.5734948498635583,0.437610250933246
2010-11-15,46,2010,11,0,1,8.559922689034803,-1.5004548000618485,3.551914667867597,-0.6212811987789524,-0.8118144434332328,-0.6526196704195052,-0.41874418719947326,0.04857930967937916,-0.8992532997013369,0.0,0.0,0.0,0.0,0.0,0.0,0.0,0.0,0.0,0.0,0.0,0.0,-0.9128493600747091,-0.341486045426617,-0.5293954640976342,0.299824886278972,-0.5312133443971594,-0.4495326341193827,0.0,0.0,0.16832856193901471,0.16440837684339812,0.0,0.0,0.0,0.0,0.0,0.0,-0.23861548836237428,-0.21937024176095365,0.0,0.0,0.0,-0.11709601183407042,0.0,0.0,0.0,0.0,0.0,0.0,0.5734948498635583,0.437610250933246
2010-11-22,47,2010,11,0,1,7.007833110834615,-4.769699133418031,4.725576938674352,-0.6082420521750084,-0.4629087868873886,0.20162855846378946,-0.9294834667227831,-1.0802781486222992,1.0298147755305285,0.0,0.0,0.0,0.0,0.0,0.0,-0.0,-1.0802781486222992,0.0,1.0298147755305285,0.0,0.0,-0.7876793400865658,-0.4129833262521102,-0.5951873086366138,0.16499154612234654,-0.5265008293089674,-0.355466005214962,0.0,0.0,0.16832856193901471,0.16440837684339812,0.0,0.0,0.0,0.0,0.0,0.0,-0.23861548836237428,-0.21937024176095365,-0.0,-0.0,-0.2700695371555748,-0.2001943309588627,0.0,0.0,0.2574536938826321,0.07921652119465604,0.0,0.0,0.0,0.437610250933246
2010-11-29,48,2010,11,0,1,3.8593963903030444,-5.871291243418781,4.58511745063644,-0.23159285533174906,-0.5588104712260249,0.038417285878987566,-1.200764078282044,-1.0632497490561494,0.8041566368199398,0.0,0.0,0.0,0.0,-0.0,-1.0632497490561494,0.0,0.0,0.0,0.0,0.0,0.0,-0.5717036612999173,-0.4572142622585741,-0.6229671983637664,0.029799144894522615,-0.1858268097304415,-0.39724333858971583,0.0,0.0,0.16832856193901471,0.16440837684339812,0.0,0.0,0.0,0.0,-0.0,-0.0,-0.26581243726403736,-0.30115868399604206,0.0,0.0,-0.2700695371555748,-0.2001943309588627,0.0,0.0,0.2574536938826321,0.07921652119465604,0.0,0.0,0.0,0.437610250933246
2010-12-06,49,2010,12,0,0,0.9336913126619822,-10.102566103370643,4.273841655732611,-0.13749072258119913,-0.6485567442318062,-0.19555312203287478,-1.1718820946584776,-1.6456728355819836,0.6065933619387257,0.0,0.0,0.0,0.0,0.0,0.0,-0.0,-0.0,0.0,0.0,0.0,0.0,-0.39965170721672727,-0.4825393726933665,-0.6205226114446132,-0.09269465052572437,-0.15203173702740075,-0.4296222614456339,0.0,0.0,0.0,0.16440837684339812,0.0,0.0,0.0,0.0,0.0,0.0,-0.26581243726403736,-0.30115868399604206,-0.0,-0.0,-0.2700695371555748,-0.2001943309588627,0.0,0.0,0.2574536938826321,0.07921652119465604,0.0,0.0,0.0,0.2818275081928881
2010-12-13,50,2010,12,0,0,-2.919595439220878,-12.089874164836894,3.3120118270625705,-0.5154267024187181,-0.8377399244080326,-0.7848774174724539,-1.576022405701719,-1.3938862543429245,-1.0214231904772446,0.0,0.0,0.0,0.0,-0.0,-0.0,0.0,0.0,0.0,0.0,0.0,0.0,-0.3731880831266687,-0.5297735285455676,-0.6270039816883131,-0.21829513936880204,-0.18509617379063792,-0.5081268973910328,0.0,0.0,0.0,0.16440837684339812,0.0,0.0,0.0,0.0,-0.0,-0.0,-0.26581243726403736,-0.24523415537908028,0.0,0.0,-0.2700695371555748,-0.2001943309588627,0.0,0.0,0.2574536938826321,0.07921652119465604,0.0,0.0,0.0,0.2818275081928881
2010-12-20,51,2010,12,0,0,0.42008645439349307,-7.03729744489721,3.6582708836759634,-0.9278641316725492,-1.1753979401393937,-0.462535797194473,-1.02163471097002,-0.3204096380453345,-0.525092018669983,0.0,0.0,0.0,0.0,0.0,0.0,0.0,0.0,0.0,0.0,0.0,0.0,-0.4530936030010539,-0.6208249078107522,-0.8051262700013143,-0.3579441213601514,-0.3511372627052035,-0.5925050891398281,0.0,0.0,0.0,0.16440837684339812,0.0,0.0,0.0,0.0,0.0,0.0,-0.26581243726403736,-0.24523415537908028,0.0,0.0,0.0,-0.2001943309588627,0.0,0.0,0.0,0.07921652119465604,0.0,0.0,0.0,0.17645995380417176
2010-12-27,52,2010,12,0,0,1.5589394307919482,-9.140501027172935,4.508742556738777,-1.0802278673301562,-1.1855632315461624,-0.35413540588516124,-0.6612772129091753,-0.8719936095456154,0.5571277745286615,0.0,0.0,0.0,0.0,-0.0,-0.0,0.0,0.0,0.0,0.0,0.0,0.0,-0.6652523560006557,-0.7089210637472352,-0.9618144600813486,-0.5012632797680712,-0.44927543564624073,-0.5446893311271791,0.0,0.0,0.0,0.16440837684339812,0.0,0.0,0.0,0.0,-0.0,-0.0,-0.0,-0.24523415537908028,0.0,0.0,0.0,-0.08309831912479225,0.0,0.0,0.0,0.07921652119465604,0.0,0.0,0.0,0.17645995380417176
2011-01-03,1,2011,1,0,0,-0.01703703862170796,-10.719205510204688,3.6178924579708056,-1.0993846020759082,-1.168437073124182,-1.098677887462347,-0.20624228603137462,-0.2872631565423929,-0.616499530639126,0.0,0.0,0.0,0.0,0.0,0.0,0.0,0.0,0.0,0.0,0.0,0.0,-0.905725825874333,-0.7819931976267218,-1.0917845423044426,-0.6244489093881167,-0.6750566270036088,-0.47388190173535416,0.0,0.0,0.0,0.16440837684339812,0.0,0.0,0.0,0.0,0.0,0.0,0.0,-0.15520859250043437,0.0,0.0,0.0,-0.08309831912479225,0.0,0.0,0.0,0.07921652119465604,0.0,0.0,0.0,0.17645995380417176
2011-01-10,2,2011,1,0,0,-3.4054152963623925,-12.515279979923028,3.5728751852257803,-1.293084497684431,-1.0961023749509378,-0.29399750871625957,-1.4693634267811138,-1.095109463574757,-1.1942507726974767,0.0,0.0,0.0,0.0,-0.0,-0.0,0.0,0.0,0.0,0.0,0.0,0.0,-1.1001402746907611,-0.8401824452910049,-1.1563751549401688,-0.7259542544576777,-0.5523366498145602,-0.41685034012851246,0.0,0.0,0.0,0.09803154981756809,0.0,0.0,0.0,0.0,-0.0,-0.0,-0.0,-0.15520859250043437,0.0,0.0,0.0,-0.08309831912479225,0.0,0.0,0.0,0.07921652119465604,0.0,0.0,0.0,0.17645995380417176
2011-01-17,3,2011,1,0,0,-2.8382666682891435,-13.336915196150597,3.7105748050758005,-1.0697864738713738,-1.0945172585998448,-0.2655889574805569,-1.004577798388441,-0.8505841621577048,-0.9448822381549821,0.0,0.0,0.0,0.0,-0.0,-0.0,0.0,0.0,0.0,0.0,0.0,0.0,-1.1356208602404674,-0.8164997958030715,-1.1361549845552816,-0.7958165893464854,-0.5030999398860813,-0.41078258688384517,0.0,0.0,0.0,0.05179340367354299,0.0,0.0,0.0,0.0,-0.0,-0.0,-0.0,-0.15520859250043437,0.0,0.0,0.0,-0.08309831912479225,0.0,0.0,0.0,0.07921652119465604,0.0,0.0,0.0,0.17645995380417176
2011-01-24,4,2011,1,0,0,1.6136207553639033,-8.15718313889792,3.5203046441743218,-1.2208287913585965,-1.307755073262588,-1.1647642881066511,-0.02794727739542635,0.0833474262808849,-0.9765898142940347,0.0,0.0,0.0,0.0,0.0,0.0,0.0,0.0,0.0,0.0,0.0,0.0,-1.1707710912475773,-0.8251080003593033,-1.1667029449843882,-0.8810484096950328,-0.7057571604414536,-0.5144397242852047,0.0,0.0,0.0,0.05179340367354299,0.0,0.0,0.0,0.0,0.0,0.0,0.0,-0.15520859250043437,0.0,0.0,0.0,-0.08309831912479225,0.0,0.0,0.0,0.07921652119465604,0.0,0.0,0.0,0.0
2011-01-31,5,2011,1,0,0,-2.01774757757855,-11.824240346383004,4.698905488567617,-0.7433475913998479,-1.0345753286625177,0.3811451554721707,-1.154432000098917,-0.7607249729742547,0.902194282536364,0.0,0.0,0.0,0.0,0.0,0.0,0.0,0.0,0.0,0.0,0.0,0.0,-1.0817618385785623,-0.7980196942763421,-1.1332375088689721,-0.9261933647985022,-0.3358013997078242,-0.38325326675387483,0.0,0.0,0.0,0.05179340367354299,0.0,0.0,0.0,0.0,0.0,0.0,0.0,-0.08178844223508842,0.0,0.0,0.0,-0.08309831912479225,0.0,0.0,0.0,0.07921652119465604,0.0,0.0,0.0,0.0
2011-02-07,6,2011,2,0,0,-1.1844140504154212,-13.258401629261158,4.354347694663745,-0.9785944366155256,-1.2180769440655381,-1.2089411191398574,-0.6033336467401397,-0.9213995046286909,0.6459060306954931,0.0,0.0,0.0,0.0,-0.0,-0.0,0.0,0.0,0.0,0.0,0.0,0.0,-1.003139323311336,-0.8097809171764626,-1.1637311511476223,-0.96925043034905,-0.5645373023137237,-0.4508077056996302,0.0,0.0,0.0,0.0,0.0,0.0,0.0,0.0,-0.0,-0.0,-0.0,-0.08178844223508842,0.0,0.0,0.0,-0.08309831912479225,0.0,0.0,0.0,0.07921652119465604,0.0,0.0,0.0,0.0
2011-02-14,7,2011,2,0,0,10.950988559150726,-1.334108564157892,4.754023050318125,-1.1683368939567886,-1.2651950353000134,-0.9891136602715854,1.42773806282229,1.3642300289659255,0.8423010974385204,0.0,0.0,0.0,0.0,0.0,0.0,0.0,0.0,0.0,0.0,0.0,0.0,-1.0277769283326896,-0.8518621244978347,-1.2064005953226644,-1.0041258604926484,-0.7454184780114808,-0.47669185876517484,0.0,0.0,0.0,0.0,0.0,0.0,0.0,0.0,0.0,0.0,0.0,-0.08178844223508842,0.0,0.0,0.0,-0.08309831912479225,0.0,0.0,0.0,0.07921652119465604,0.0,0.0,0.0,0.0
2011-02-21,8,2011,2,0,0,3.0355135157938684,-6.768955892663536,3.9370135119095977,-0.5178075809535961,-1.2766257880637761,0.4518595689021002,-0.3192823940864523,0.04541530039937765,-1.062928323258362,0.0,0.0,0.0,0.0,0.0,0.0,0.0,0.0,0.0,0.0,0.0,0.0,-0.8520216257314396,-0.8449056267115722,-1.1986182740229614,-1.0667194759677552,-0.34126251375929295,-0.4574433195006894,0.0,0.0,0.0,0.0,0.0,0.0,0.0,0.0,0.0,0.0,0.0,-0.08178844223508842,0.0,0.0,0.0,0.0,0.0,0.0,0.0,0.0,0.0,0.0,0.0,0.0
2011-02-28,9,2011,2,0,0,7.039113332805559,-5.8428436505731245,4.277365425386136,-0.40786296208448763,-1.1609445342766092,0.17772999137988416,0.015442626314082773,-0.05899836413406634,-0.0271281670540893,0.0,0.0,0.0,0.0,-0.0,-0.0,0.0,0.0,0.0,0.0,0.0,0.0,-0.7681504684025995,-0.8584648656925521,-1.2302105754264843,-1.1130374808178003,-0.3921163047823646,-0.446726957539082,0.0,0.0,0.0,0.0,0.0,0.0,0.0,0.0,-0.0,-0.0,-0.0,-0.0,0.0,0.0,0.0,0.0,0.0,0.0,0.0,0.0,0.0,0.0,0.0,0.0
2011-03-07,10,2011,3,1,0,6.937602865011209,-3.231970888858037,4.421153065605193,-0.1266468968961207,-1.0574306543410854,0.16952143569800793,-0.3093607734371962,-0.00029479429947383275,-0.32219959866693476,0.0,0.0,0.0,0.0,0.0,0.0,0.0,0.0,0.0,0.0,0.0,0.0,-0.5551635834727483,-0.8576307252552385,-1.190049002995371,-1.1444893200569755,-0.04750066607289828,-0.418644299252091,0.0,0.0,0.0,0.0,0.0,0.0,0.0,0.0,0.0,0.0,0.0,0.0,0.0,0.0,0.0,0.0,0.0,0.0,0.0,0.0,0.0,0.0,0.0,0.0
2011-03-14,11,2011,3,1,0,13.254684921028618,0.43057759040161014,4.234608489681891,0.07141933384105785,-1.005729202077694,-0.3837278646171489,0.24853912355905614,0.36620509468571344,-0.2948601651818815,0.0,0.0,0.0,0.0,0.0,0.0,0.0,0.0,0.0,0.0,0.0,0.0,-0.24522452652328666,-0.8124887224660249,-1.1251825446897912,-1.157411572185411,0.10384578284071083,-0.38778664134014446,0.0,0.0,0.0,0.0,0.0,0.0,0.0,0.0,0.0,0.0,0.0,0.0,0.0,0.0,0.0,0.0,0.0,0.0,0.0,0.0,0.0,0.0,0.0,0.0
2011-03-21,12,2011,3,1,0,10.292758477765178,-0.09806491807045462,4.657546955870959,-0.09076995243282104,-0.8711366229304324,0.17540626757721295,-0.43716194648187207,0.02969235201692309,0.28958519605809097,0.0,0.0,0.0,0.0,0.0,0.0,0.0,0.0,0.0,0.0,0.0,0.0,-0.1384651193930929,-0.7480968625245072,-1.0238102534064553,-1.1340068554770293,0.03473245750948904,-0.3387141748192455,0.0,0.0,0.0,0.0,0.0,0.0,0.0,0.0,0.0,0.0,0.0,0.0,0.0,0.0,0.0,0.0,0.0,0.0,0.0,0.0,0.0,0.0,0.0,0.0
2011-03-28,13,2011,3,1,0,10.136591949099405,-1.207308334936305,3.8173547368751906,-0.24052863361738172,-0.9210177667305044,-0.6931318908809697,-0.7760042357379879,-0.5800005482886004,-1.3922463358510369,0.0,0.0,0.0,0.0,0.0,0.0,0.0,0.0,0.0,0.0,0.0,0.0,-0.0966315372763164,-0.6835046137773708,-0.963828561519929,-1.1136572043373634,-0.18298301305572442,-0.36479082751123076,0.0,0.0,0.0,0.0,0.0,0.0,0.0,0.0,0.0,0.0,0.0,0.0,0.0,0.0,0.0,0.0,0.0,0.0,0.0,0.0,0.0,0.0,0.0,0.0
2011-04-04,14,2011,4,1,0,17.997005272880465,4.374411396064571,4.891374141786353,-0.49134023702305757,-0.7124198853574283,0.39030949301091594,0.9304865610863124,0.8893709553457813,0.21498699111441558,0.9304865610863124,0.0,0.0,0.0,0.0,0.0,0.0,0.0,0.0,0.0,0.0,0.0,-0.18780487230805062,-0.6367319703117669,-0.8775758692740148,-1.0785789591245363,-0.1277859987274974,-0.25025333670559513,0.2326216402715781,0.07157588931433173,0.0,0.0,0.0,0.0,0.0,0.0,0.0,0.0,0.0,0.0,0.0,0.0,0.0,0.0,0.0,0.0,0.0,0.0,0.0,0.0,0.0,0.0
2011-04-11,15,2011,4,1,0,16.965386755541612,3.9277993047607063,5.146203060479576,0.10916995594927939,-0.42382449440185965,0.7596856893000987,-0.011487068133456423,0.18744373132017128,1.0292484138120346,0.0,0.0,0.0,0.0,0.0,0.0,0.0,0.0,1.0292484138120346,0.0,0.0,0.0,-0.17836721678099524,-0.5288662431091737,-0.7320996923550562,-1.0268652760053762,0.1580673897518145,-0.16920078301202915,0.2326216402715781,0.07157588931433173,0.0,0.0,0.0,0.0,0.0,0.0,0.0,0.0,0.0,0.0,0.0,0.0,0.0,0.0,0.25731210345300864,0.07917295490861805,0.0,0.0,0.0,0.0,0.0,0.0
2011-04-18,16,2011,4,1,0,14.210871846089518,4.095070548275253,4.374383378318094,0.5825028716321357,-0.03925025703646463,1.0654805717454447,-0.7013371886295917,0.115111826422804,-0.1485957316544216,0.0,0.0,0.0,0.0,0.0,0.0,0.0,0.0,0.0,0.0,0.0,0.0,-0.010049010764756061,-0.40176706268582696,-0.5241281008815643,-0.9456908912697316,0.38058596579387244,-0.06681081922541363,0.2326216402715781,0.07157588931433173,0.0,0.0,0.0,0.0,0.0,0.0,0.0,0.0,0.0,0.0,0.0,0.0,0.0,0.0,0.25731210345300864,0.07917295490861805,0.0,0.0,0.0,0.0,0.0,0.0
2011-04-25,17,2011,4,1,0,17.626739506588713,6.0761541210448895,4.970054754687926,1.120276057336021,0.3286745249143905,1.0419981916722791,-0.38373183633980723,0.37184218701727784,0.7748627469690018,0.0,0.0,0.0,0.0,0.0,0.0,0.0,0.0,0.0,0.0,0.0,0.0,0.33015216197359465,-0.22168207432470252,-0.2117050279703405,-0.8198116914099641,0.8143684864321847,0.10294014075758101,0.2326216402715781,0.07157588931433173,0.0,0.0,0.0,0.0,0.0,0.0,0.0,0.0,0.0,0.0,0.0,0.0,0.0,0.0,0.25731210345300864,0.07917295490861805,0.0,0.0,0.0,0.0,0.0,0.0
2011-05-02,18,2011,5,1,0,18.53384886889444,4.773403117859345,3.734621457417214,1.0847378511667487,0.26694597031507744,-0.13588348454152446,-0.5450374375345841,-1.2332570218469143,-0.7857089330663084,0.0,0.0,0.0,0.0,0.0,0.0,-1.2332570218469143,-0.0,0.0,0.0,0.0,0.0,0.7241716840210461,-0.08106011720419509,0.03313643594778591,-0.7196946684116875,0.6828202420440745,0.06316870691037368,0.0,0.07157588931433173,0.0,0.0,0.0,0.0,0.0,0.0,0.0,0.0,0.0,0.0,-0.3083142554617286,-0.09486592475745495,-0.0,-0.0,0.25731210345300864,0.07917295490861805,0.0,0.0,0.0,0.0,0.0,0.0
2011-05-09,19,2011,5,1,0,23.138016107445324,11.474529107579242,4.653761137840135,1.2203221071336547,0.5354592770254899,0.7330598487207,0.4790729695020614,0.9418429282689427,1.485587585438692,0.0,0.0,0.0,0.0,0.0,0.0,0.0,0.0,0.0,0.0,1.485587585438692,0.0,1.00195972181714,0.08808730923804955,0.27295737880462334,-0.5848072667893007,0.6761637818992249,0.21255339674580118,0.0,0.07157588931433173,0.0,0.0,0.0,0.0,0.0,0.0,0.0,0.0,0.0,0.0,-0.3083142554617286,-0.09486592475745495,0.0,0.0,0.0,0.07917295490861805,0.0,0.0,0.371396896359673,0.11427596811066862,0.0,0.0
2011-05-16,20,2011,5,1,0,20.470805769536433,9.072705523180089,3.820152852754879,0.9748829275108905,0.6787143000146142,0.4917370281994431,-0.8917175206189664,-0.5350113162877496,-0.1764993615852279,0.0,0.0,0.0,0.0,-0.5350113162877496,-0.0,0.0,0.0,0.0,0.0,0.0,0.0,1.1000547357868287,0.252950372427871,0.452448518067393,-0.4352757794574063,0.5327278960127244,0.3264649881666495,0.0,0.07157588931433173,0.0,0.0,0.0,0.0,0.0,0.0,-0.1337528290719374,-0.0411547166375192,-0.0,-0.0,-0.3083142554617286,-0.09486592475745495,0.0,0.0,0.0,0.07917295490861805,0.0,0.0,0.371396896359673,0.11427596811066862,0.0,0.0
2011-05-23,21,2011,5,1,0,22.75690192086802,11.641807815533891,4.126639528515761,0.9652575401849133,0.9008143627252727,1.378487543242215,-0.4213079421237262,-0.009084310280773205,0.6200170441785433,0.0,0.0,0.0,0.0,0.0,0.0,0.0,0.0,0.0,0.0,0.0,0.0,1.061300106499052,0.367032304823141,0.5954834775201135,-0.26778038324286413,0.6168502339052084,0.3977440631158891,0.0,0.07157588931433173,0.0,0.0,0.0,0.0,0.0,0.0,-0.1337528290719374,-0.0411547166375192,0.0,0.0,-0.3083142554617286,-0.09486592475745495,0.0,0.0,0.0,0.07917295490861805,0.0,0.0,0.371396896359673,0.11427596811066862,0.0,0.0
2011-05-30,22,2011,5,1,0,28.860732875433776,15.549944353189664,4.111154538677186,0.8733940535817035,0.8366144413677773,-0.061761642911440075,1.2649752091025093,1.1561874030984123,1.337962288858929,1.2649752091025093,0.0,0.0,0.0,0.0,0.0,0.0,0.0,0.0,0.0,1.337962288858929,0.0,1.0084641571027904,0.4655905367974634,0.7379005952832886,-0.1141220005009882,0.6353806943127295,0.3793216297088641,0.3162438022756273,0.16888167462990938,0.0,0.0,0.0,0.0,0.0,0.0,-0.1337528290719374,-0.0411547166375192,0.0,0.0,0.0,-0.09486592475745495,0.0,0.0,0.0,0.07917295490861805,0.0,0.0,0.7058874685744052,0.21719614417674007,0.0,0.0
2011-06-06,23,2011,6,0,0,28.604779298490612,15.818818981846782,3.8729074243300063,0.989676412613198,0.8922357988529289,0.5375651134312167,0.7138382705018342,0.8290828423227216,1.0453193604206148,0.0,0.0,0.0,0.0,0.0,0.0,0.0,0.0,0.0,0.0,0.0,0.0,0.9508027334726764,0.5514615606058725,0.8270947257401482,0.035852342052397505,0.5865070104903587,0.4076326818421879,0.3162438022756273,0.16888167462990938,0.0,0.0,0.0,0.0,0.0,0.0,-0.1337528290719374,-0.0411547166375192,0.0,0.0,0.0,-0.09486592475745495,0.0,0.0,0.0,0.07917295490861805,0.0,0.0,0.3344905722147323,0.21719614417674007,0.0,0.0
2011-06-13,24,2011,6,0,0,26.4454370015763,14.98687315766009,3.41956881179068,1.0777662206479222,1.0758627364572082,0.8744955468277601,-0.6261236031074827,-0.17126014287592178,-0.3620087680905465,0.0,0.0,0.0,0.0,0.0,0.0,0.0,0.0,0.0,0.0,0.0,0.0,0.9765235567569343,0.6288728595910159,0.9263818348507967,0.19597479886277464,0.6821966401474379,0.5044190981071809,0.3162438022756273,0.16888167462990938,0.0,0.0,0.0,0.0,0.0,0.0,0.0,-0.0411547166375192,0.0,0.0,0.0,-0.09486592475745495,0.0,0.0,0.0,0.07917295490861805,0.0,0.0,0.3344905722147323,0.21719614417674007,0.0,0.0
2011-06-20,25,2011,6,0,0,25.95911657182475,15.982901115124898,4.224057050699697,0.9027718413859482,1.2938291405138156,1.1970449098993399,-1.6066151355405207,-0.7830569956901189,1.7304675324354257,0.0,0.0,0.0,0.0,-0.0,-0.0,0.0,0.0,0.0,0.0,0.0,0.0,0.9609021320571931,0.705299151423229,1.0246355292979326,0.36251062682002444,0.6368359818117191,0.5830066859781138,0.3162438022756273,0.16888167462990938,0.0,0.0,0.0,0.0,0.0,0.0,-0.0,-0.0411547166375192,-0.0,-0.0,0.0,-0.09486592475745495,0.0,0.0,0.0,0.07917295490861805,0.0,0.0,0.3344905722147323,0.21719614417674007,0.0,0.0
2011-06-27,26,2011,6,0,0,29.726634782053996,16.974936725755878,3.29615766232672,0.9261349187703838,1.350697140935128,0.2781985303941654,0.32637028126786366,-0.029027490927746567,0.05689465108425191,0.0,0.0,0.0,0.0,0.0,0.0,0.0,0.0,0.0,0.0,0.0,0.0,0.9740873483543631,0.7950425016069033,1.15315620418977,0.5372579274096885,0.7218260251381206,0.6577244106915857,0.0,0.16888167462990938,0.0,0.0,0.0,0.0,0.0,0.0,0.0,-0.0411547166375192,0.0,0.0,0.0,-0.09486592475745495,0.0,0.0,0.0,0.07917295490861805,0.0,0.0,0.0,0.21719614417674007,0.0,0.0
2011-07-04,27,2011,7,0,0,30.630770475641825,18.170485731796003,2.4365377060342253,0.8800495244925173,1.3198968237697588,0.21839687336225372,0.5555419365716492,0.3691998445532008,-1.6089380690478403,0.0,0.0,0.0,0.0,0.0,0.0,0.0,0.0,0.0,0.0,0.0,0.0,0.9466806263241929,0.9005340217234858,1.2600714604189776,0.6935899819579336,0.6420339651208796,0.6445003630263041,0.0,0.09730578531557764,0.0,0.0,0.0,0.0,0.0,0.0,0.0,-0.0411547166375192,0.0,0.0,0.0,-0.09486592475745495,0.0,0.0,0.0,0.07917295490861805,0.0,0.0,0.0,0.21719614417674007,0.0,0.0
2011-07-11,28,2011,7,0,0,30.662088550466905,19.261972557435083,3.000380035204951,0.7404184456249964,1.2631602551101249,0.42068331343720244,0.6137429734076529,1.5578877779796763,0.15604701154203038,0.0,0.0,0.0,0.0,0.0,0.0,0.0,0.0,0.0,0.0,0.0,0.0,0.8623436825684614,0.9490915978523872,1.3068958400822068,0.8233580396127016,0.5285809067732402,0.6184232571906966,0.0,0.09730578531557764,0.0,0.0,0.0,0.0,0.0,0.0,0.0,-0.0411547166375192,0.0,0.0,0.0,-0.09486592475745495,0.0,0.0,0.0,0.0,0.0,0.0,0.0,0.21719614417674007,0.0,0.0
2011-07-18,29,2011,7,0,0,33.739788764217984,21.832067146429615,3.0829541071271094,0.37196840099860184,1.092005857395459,0.48252534598853597,1.5603730926420563,1.6621139457111413,0.09206381358562596,0.0,0.0,0.0,0.0,0.0,0.0,0.0,0.0,0.0,0.0,0.0,0.0,0.7296428224716249,0.9328966385728846,1.2564400193026177,0.9103777407228496,0.3499510157955393,0.5735805475170882,0.0,0.09730578531557764,0.0,0.0,0.0,0.0,0.0,0.0,0.0,-0.0411547166375192,0.0,0.0,0.0,-0.09486592475745495,0.0,0.0,0.0,0.0,0.0,0.0,0.0,0.21719614417674007,0.0,0.0
2011-07-25,30,2011,7,0,0,31.986383764993388,20.073797929901,2.3953909015241446,0.47314096271788464,0.952869427297217,0.6205502285571212,1.338855190026507,1.4965603535290053,-1.5362911806434627,0.0,0.0,0.0,0.0,0.0,0.0,0.0,0.0,0.0,0.0,0.0,0.0,0.6163943334585,0.8831170159099511,1.15698309089314,0.9583927332138362,0.4355389403362782,0.5411614734313068,0.0,0.09730578531557764,0.0,0.0,0.0,0.0,0.0,0.0,0.0,-0.0411547166375192,0.0,0.0,0.0,-0.09486592475745495,0.0,0.0,0.0,0.0,0.0,0.0,0.0,0.21719614417674007,0.0,0.0
2011-08-01,31,2011,8,0,0,31.92557522093075,19.96704037005876,2.7249690356240266,0.4561953033592346,0.9955282991405403,0.31732755533806384,1.37554414494082,1.5450300877785321,-0.1387715992805509,0.0,0.0,0.0,0.0,0.0,0.0,0.0,0.0,0.0,0.0,0.0,0.0,0.5104307781751793,0.8347675891555268,1.0758909597358353,1.014437527738872,0.46027161083023077,0.5760238611143522,0.0,0.09730578531557764,0.0,0.0,0.0,0.0,0.0,0.0,0.0,-0.0411547166375192,0.0,0.0,0.0,0.0,0.0,0.0,0.0,0.0,0.0,0.0,0.0,0.21719614417674007,0.0,0.0
2011-08-08,32,2011,8,0,0,28.63030954613318,16.019835554249664,2.7838335035834496,0.5419894826107089,0.9603720252458954,0.5481234787772047,-0.2020684787272206,-0.5572049103068689,0.03033040638679394,0.0,0.0,0.0,0.0,-0.0,-0.0,0.0,0.0,0.0,0.0,0.0,0.0,0.4608235374216075,0.7825881564999156,1.000193902269778,1.0471231237558263,0.4921316521652313,0.5617979865033139,0.0,0.09730578531557764,0.0,0.0,0.0,0.0,0.0,0.0,-0.0,-0.0411547166375192,-0.0,-0.0,0.0,0.0,0.0,0.0,0.0,0.0,0.0,0.0,0.0,0.10292017606607147,0.0,0.0
2011-08-15,33,2011,8,0,0,29.128946234828174,16.18870016406834,2.327439398812444,0.573788500318745,0.861557517987341,0.19102565093950613,0.41656203181617146,-0.17837276465313773,-1.5444728691488887,0.0,0.0,0.0,0.0,0.0,0.0,0.0,0.0,0.0,0.0,0.0,0.0,0.5112785622516433,0.7517347390235968,0.9425818174177485,1.061187986676805,0.41925672840297384,0.5386663420987035,0.0,0.09730578531557764,0.0,0.0,0.0,0.0,0.0,0.0,0.0,0.0,0.0,0.0,0.0,0.0,0.0,0.0,0.0,0.0,0.0,0.0,0.0,0.10292017606607147,0.0,0.0
2011-08-22,34,2011,8,0,0,30.131578268390665,15.89693703418465,2.8460919998702385,0.16184812598306483,0.5930207274532319,0.07275667211170037,0.8995376016468132,-0.18764331667078535,-0.39726106919347776,0.0,0.0,0.0,0.0,0.0,0.0,0.0,0.0,0.0,0.0,0.0,0.0,0.4334553530679383,0.6899340148542238,0.8526196424567521,1.0375115531943404,0.28230833929161864,0.43822550585789466,0.0,0.09730578531557764,0.0,0.0,0.0,0.0,0.0,0.0,0.0,0.0,0.0,0.0,0.0,0.0,0.0,0.0,0.0,0.0,0.0,0.0,0.0,0.10292017606607147,0.0,0.0
2011-08-29,35,2011,8,0,0,29.70550915073857,16.467159414395585,3.0765227939676127,0.22780413685391362,0.6703662814971004,0.2452047197619935,0.6238846325879511,0.42833592713731106,0.1746468587806517,0.0,0.0,0.0,0.0,0.0,0.0,0.0,0.0,0.0,0.0,0.0,0.0,0.3763575614416081,0.6402732520290092,0.7713291380458922,1.0247232332042884,0.26427763039760105,0.4618383029866203,0.0,0.0,0.0,0.0,0.0,0.0,0.0,0.0,0.0,0.0,0.0,0.0,0.0,0.0,0.0,0.0,0.0,0.0,0.0,0.0,0.0,0.0,0.0,0.0
2011-09-05,36,2011,9,0,1,24.322150886014192,10.96493503992086,2.618533375408587,0.030604961089240226,0.613885665826869,-0.5807398361656011,-1.3046227122884018,-1.1531659845669788,-1.0801257019858217,0.0,0.0,0.0,0.0,-0.0,-1.1531659845669788,0.0,0.0,0.0,0.0,0.0,0.0,0.2485114310612409,0.5664985249887048,0.6847075481911356,1.003311684509976,-0.017938198338100397,0.3758148453253266,0.0,0.0,0.0,0.0,0.0,0.0,0.0,0.0,-0.0,-0.0,-0.2882914961417447,-0.08870507573592144,0.0,0.0,0.0,0.0,0.0,0.0,0.0,0.0,0.0,0.0,0.0,0.0
2011-09-12,37,2011,9,0,1,21.946101625082452,9.420963067543335,3.320612147038892,-0.14788077893856963,0.34030315579381953,-0.19282122325971313,-1.7352238558180442,-1.840705245819422,1.0426497078402681,0.0,0.0,0.0,0.0,0.0,0.0,-0.0,-1.840705245819422,0.0,1.0426497078402681,0.0,0.0,0.06809411124691227,0.4722179865589746,0.5543939576427552,0.9467301783051,-0.11389991688790521,0.29371355531859794,0.0,0.0,0.0,0.0,0.0,0.0,0.0,0.0,0.0,0.0,-0.2882914961417447,-0.08870507573592144,-0.0,-0.0,-0.4601763114548555,-0.1415927112168786,0.0,0.0,0.26066242696006703,0.08020382368002063,0.0,0.0,0.0,0.0
2011-09-19,38,2011,9,0,1,21.624757474162795,8.999700662596664,2.624553281474764,-0.10397752265216825,0.1482290818543211,0.17089555603156317,-1.7165512552427646,-1.2822802040789623,-1.317869260791724,0.0,0.0,0.0,0.0,0.0,0.0,-0.0,-1.2822802040789623,0.0,0.0,0.0,0.0,0.0016376990881039957,0.39477572778681175,0.4431960462430275,0.8586070968697542,-0.08936519590793951,0.21477898963646125,0.0,0.0,0.0,0.0,0.0,0.0,0.0,0.0,0.0,0.0,-0.2882914961417447,-0.08870507573592144,-0.0,-0.0,-0.7807463624745961,-0.2402296499921834,0.0,0.0,0.26066242696006703,0.08020382368002063,0.0,0.0,0.0,0.0
2011-09-26,39,2011,9,0,1,21.864997782411148,7.674133928734793,3.3775068216044795,0.07371960781975317,0.2796472195182633,-0.42348781409893943,-1.090227712850793,-1.245487005982829,0.993070121249386,0.0,0.0,0.0,0.0,-0.0,-1.245487005982829,0.0,0.0,0.0,0.993070121249386,0.0,0.0,-0.03688343317043612,0.3292053192521479,0.34551628074831825,0.7762186413761494,-0.2565383293731728,0.16080311698314548,0.0,0.0,0.0,0.0,0.0,0.0,0.0,0.0,-0.0,-0.0,-0.5996632476374519,-0.18451176850383136,0.0,0.0,-0.7807463624745961,-0.2402296499921834,0.0,0.0,0.5089299572724135,0.15659383300689647,0.0,0.0,0.0,0.0
2011-10-03,40,2011,10,0,1,25.592190273583846,9.201967775259128,3.4265818120249087,-0.294523929316645,0.15007373198525367,-1.6166306863723359,1.1153718174762597,0.0026770526646196224,-0.11983230073149484,0.0,0.0,0.0,1.1153718174762597,0.0,0.0,0.0,0.0,0.0,0.0,0.0,0.0,-0.11816565577190742,0.23885351511298156,0.22956329728791441,0.6862322497004182,-0.5155110419248564,0.019647150849715526,0.0,0.0,0.0,0.0,0.0,0.0,0.2788429543690649,0.08579783211355843,0.0,0.0,-0.3113717514957072,-0.18451176850383136,0.0,0.0,-0.7807463624745961,-0.2402296499921834,0.0,0.0,0.5089299572724135,0.15659383300689647,0.0,0.0,0.0,0.0
2011-10-10,41,2011,10,0,1,21.217132107144245,8.55444614659827,3.7012130584138823,-0.047462759577215054,0.13391076943394112,0.26088100373754514,0.4507037121504171,1.0314043201259238,0.25387507047093283,0.0,0.0,0.0,0.0,0.0,0.0,0.0,0.0,0.0,0.0,0.0,0.0,-0.09306115093156879,0.1782472685589653,0.1779652006979448,0.5993669046484041,-0.4020854851755419,0.007354665488203422,0.0,0.0,0.0,0.0,0.0,0.0,0.2788429543690649,0.08579783211355843,0.0,0.0,-0.3113717514957072,-0.18451176850383136,0.0,0.0,-0.32057005101974057,-0.2402296499921834,0.0,0.0,0.2482675303123465,0.15659383300689647,0.0,0.0,0.0,0.0
2011-10-17,42,2011,10,0,1,15.245804627126407,2.455717700686658,3.718119259153962,-0.17332259318388088,0.00967639203448321,-0.19942110529595397,-0.8798574437605805,-0.9396087917271455,-0.03357485184560061,0.0,0.0,0.0,0.0,-0.0,-0.9396087917271455,0.0,0.0,0.0,0.0,0.0,0.0,-0.11039741856449695,0.1363018074680051,0.14332702824298535,0.516110791928329,-0.49466465050742114,-0.04510275384137273,0.0,0.0,0.0,0.0,0.0,0.0,0.2788429543690649,0.08579783211355843,-0.0,-0.0,-0.5462739494274936,-0.25678936786745793,0.0,0.0,0.0,-0.2402296499921834,0.0,0.0,0.2482675303123465,0.15659383300689647,0.0,0.0,0.0,0.0
2011-10-24,43,2011,10,0,1,16.04305236127769,1.9514585224739274,3.3666129631861077,-0.6205427173003759,-0.13520119565240188,-0.5210988260814929,-0.1041875263976674,-1.112840853440462,-0.8483398496978479,0.0,0.0,0.0,0.0,0.0,0.0,-0.0,-1.112840853440462,0.0,0.0,0.0,0.0,-0.2839629998445292,0.052172293620446585,0.03961492445031903,0.4324130517014352,-0.5190674035030596,-0.1329219118904969,0.0,0.0,0.0,0.0,0.0,0.0,0.2788429543690649,0.08579783211355843,0.0,0.0,-0.23490219793178638,-0.25678936786745793,-0.0,-0.0,-0.2782102133601155,-0.32583279256452663,0.0,0.0,0.0,0.15659383300689647,0.0,0.0,0.0,0.0
2011-10-31,44,2011,10,0,1,14.40305625623086,0.5877495649432758,4.346816078930904,-0.2789044064061724,-0.23815911426234285,-0.15608946937057272,0.1866130372157315,-0.5119540960903347,1.1554260421665286,0.0,0.0,0.0,0.0,0.0,0.0,0.0,0.0,0.0,1.1554260421665286,0.0,0.0,-0.28005811911691103,-0.004373837899969339,-0.0574432871115801,0.33751401990121344,-0.15393209925261875,-0.16933860609885354,0.0,0.0,0.0,0.0,0.0,0.0,0.0,0.08579783211355843,0.0,0.0,-0.23490219793178638,-0.25678936786745793,0.0,0.0,-0.2782102133601155,-0.32583279256452663,0.0,0.0,0.28885651054163214,0.24547275932739865,0.0,0.0,0.0,0.0
2011-11-07,45,2011,11,0,1,13.11865577342007,0.958375327846152,4.46543471474457,-0.41379216821342596,-0.2536615625608028,0.0944455952353564,-0.14146643909788512,-0.1460875735625327,1.2357623227275443,0.0,0.0,0.0,0.0,0.0,0.0,0.0,0.0,0.0,1.2357623227275443,0.0,0.0,-0.3716404712759638,-0.07789550334797972,-0.15433637011026607,0.24412682083915976,-0.1955409513781659,-0.20423690483284188,0.0,0.0,0.0,0.0,0.0,0.0,0.0,0.08579783211355843,0.0,0.0,-0.23490219793178638,-0.25678936786745793,0.0,0.0,-0.2782102133601155,-0.32583279256452663,0.0,0.0,0.5977970912235182,0.3405313995372098,0.0,0.0,0.0,0.0
2011-11-14,46,2011,11,0,1,11.462090314274048,-0.7547014865074398,4.383895522933257,-0.5105114875714579,-0.30652947979277856,-0.5013810463611318,0.22303421838872894,0.27565601212726465,0.6434654413833784,0.0,0.0,0.0,0.0,0.0,0.0,0.0,0.0,0.0,0.0,0.0,0.0,-0.45593769487285807,-0.16130319472414914,-0.23338783806708152,0.15427397485607358,-0.2710309366444604,-0.25749895847135246,0.0,0.0,0.0,0.0,0.0,0.0,0.0,0.08579783211355843,0.0,0.0,0.0,-0.25678936786745793,0.0,0.0,-0.2782102133601155,-0.32583279256452663,0.0,0.0,0.5977970912235182,0.3405313995372098,0.0,0.0,0.0,0.0
2011-11-21,47,2011,11,0,1,10.966139506900163,0.9679871851759732,4.316609227322484,-0.1600480452061715,-0.22230105522984675,0.20854308171300087,0.619363193031636,1.0670411947778498,0.4105395026745,0.0,0.0,0.0,0.0,0.0,0.0,0.0,0.0,0.0,0.0,0.0,0.0,-0.34081402684930695,-0.18606443866178274,-0.2551628029614427,0.09155691464968295,-0.08862045969583693,-0.24705385004048322,0.0,0.0,0.0,0.0,0.0,0.0,0.0,0.08579783211355843,0.0,0.0,0.0,-0.25678936786745793,0.0,0.0,0.0,-0.32583279256452663,0.0,0.0,0.5977970912235182,0.3405313995372098,0.0,0.0,0.0,0.0
2011-11-28,48,2011,11,0,1,6.959499968087882,-4.010996103395242,3.9298531737053692,0.0657651742041907,-0.21742418517303608,0.4683753050892648,-0.12026472821618236,-0.30797301948168065,-0.22578992052288757,0.0,0.0,0.0,0.0,0.0,0.0,0.0,0.0,0.0,0.0,0.0,0.0,-0.25464663169671614,-0.19852897425022292,-0.24997907068911604,0.023265340290441677,0.06749573391912246,-0.22988688193838544,0.0,0.0,0.0,0.0,0.0,0.0,0.0,0.08579783211355843,0.0,0.0,0.0,-0.25678936786745793,0.0,0.0,0.0,-0.32583279256452663,0.0,0.0,0.30894058068188607,0.3405313995372098,0.0,0.0,0.0,0.0
2011-12-05,49,2011,12,0,0,1.8432547182947876,-7.856781551582564,3.4354511993414687,-0.1992028280665013,-0.22531727339882512,-0.48289529166149736,-0.8852722591476888,-0.8578158405551567,-0.7330804027634674,0.0,0.0,0.0,0.0,-0.0,-0.0,0.0,0.0,0.0,0.0,0.0,0.0,-0.20099929665998503,-0.2162064964929723,-0.2428929983986216,-0.04128873195768864,-0.07683948780509098,-0.22236037851499282,0.0,0.0,0.0,0.0,0.0,0.0,0.0,0.08579783211355843,-0.0,-0.0,-0.0,-0.16808429213153647,0.0,0.0,0.0,-0.32583279256452663,0.0,0.0,0.0,0.3405313995372098,0.0,0.0,0.0,0.0
2011-12-12,50,2011,12,0,0,6.792035291627916,-2.7577906725284125,3.4107653848462296,0.06541307090053645,-0.21306681050170345,0.20018966028280424,0.5948339634542291,0.7313305895758979,-0.8585061358896925,0.0,0.0,0.0,0.0,0.0,0.0,0.0,0.0,0.0,0.0,0.0,0.0,-0.057018157041986414,-0.1997992772745795,-0.21952733107585287,-0.08385565244195964,0.09855318885589304,-0.19212877208864534,0.0,0.0,0.0,0.0,0.0,0.0,0.0,0.08579783211355843,0.0,0.0,0.0,-0.16808429213153647,0.0,0.0,0.0,-0.18424008134764802,0.0,0.0,0.0,0.26032757585718913,0.0,0.0,0.0,0.0
2011-12-19,51,2011,12,0,0,6.076650088744339,-3.574606784145046,3.638220516054531,0.004719941427569486,-0.32295502793597824,-0.4015669036916546,0.6570658375665639,0.7140528045521957,-0.5594356884962124,0.0,0.0,0.0,0.0,0.0,0.0,0.0,0.0,0.0,0.0,0.0,0.0,-0.015826160383551165,-0.19143793388383046,-0.24469082425238572,-0.12010058396429035,-0.05397430749527083,-0.23616434591350824,0.0,0.0,0.0,0.0,0.0,0.0,0.0,0.08579783211355843,0.0,0.0,0.0,-0.16808429213153647,0.0,0.0,0.0,-0.08560314257234322,0.0,0.0,0.0,0.26032757585718913,0.0,0.0,0.0,0.0
2011-12-26,52,2011,12,0,0,7.623531442031855,-3.1682518787965708,4.711286544205313,-0.2631920805295206,-0.36984878028556994,-0.36679317516026094,0.7045528864471031,0.45242222397598886,0.9234017107268543,0.0,0.0,0.0,0.0,0.0,0.0,0.0,0.0,0.0,0.0,0.0,0.0,-0.09806547406697899,-0.21735421760300536,-0.2827969730305192,-0.17006181471843138,-0.2627664275576523,-0.2318032198413022,0.0,0.0,0.0,0.0,0.0,0.0,0.0,0.08579783211355843,0.0,0.0,0.0,-0.07227759936362657,0.0,0.0,0.0,-0.08560314257234322,0.0,0.0,0.0,0.1839375665303133,0.0,0.0,0.0,0.0
2012-01-02,1,2012,1,0,0,7.168530388309089,-5.495251206785192,3.8034788903530474,-0.9025301402052543,-0.47137207564617734,-2.0046128817278515,1.5100665641812798,0.7977641946025423,-0.3673023291711517,0.0,0.0,0.0,0.0,0.0,0.0,0.0,0.0,0.0,0.0,0.0,0.0,-0.27389730210166724,-0.2641239261328984,-0.34431067359235723,-0.2178653383823876,-0.6431958250742408,-0.26164800409941874,0.0,0.0,0.0,0.0,0.0,0.0,0.0,0.0,0.0,0.0,0.0,-0.07227759936362657,0.0,0.0,0.0,-0.08560314257234322,0.0,0.0,0.0,0.1839375665303133,0.0,0.0,0.0,0.0
2012-01-09,2,2012,1,0,0,4.664230455904576,-7.330426376937239,4.1989264025585795,-1.3567280179001058,-0.6080080392882328,-0.4920361789850277,0.8742931342993958,0.38694112224103844,-0.12504199900780166,0.0,0.0,0.0,0.0,0.0,0.0,0.0,0.0,0.0,0.0,0.0,0.0,-0.6294325743018279,-0.3648366383115823,-0.44304598078898955,-0.274936015976401,-0.8162522848911988,-0.31956471046269364,0.0,0.0,0.0,0.0,0.0,0.0,0.0,0.0,0.0,0.0,0.0,-0.07227759936362657,0.0,0.0,0.0,-0.08560314257234322,0.0,0.0,0.0,0.1839375665303133,0.0,0.0,0.0,0.0
2012-01-16,3,2012,1,0,0,1.4066897197263497,-10.667493320279887,4.774314948091706,-1.2992261565404593,-0.6428240678255837,-0.2024649881203789,0.12455365915883784,-0.27538829064679626,0.9420939801953201,0.0,0.0,0.0,0.0,0.0,0.0,0.0,0.0,0.0,0.0,0.0,0.0,-0.9554190987938349,-0.4514446047236268,-0.523013240761391,-0.32512835904256004,-0.7664768059983799,-0.31979885529534163,0.0,0.0,0.0,0.0,0.0,0.0,0.0,0.0,0.0,0.0,0.0,0.0,0.0,0.0,0.0,-0.08560314257234322,0.0,0.0,0.0,0.1839375665303133,0.0,0.0,0.0,0.0
2012-01-23,4,2012,1,0,0,5.3784687643575175,-4.427285629824417,4.1874837848738435,-0.9664747414967699,-0.541631062045452,0.0394084213903743,1.1339164254302567,0.889180884419011,0.025707183052992362,0.0,0.0,0.0,0.0,0.0,0.0,0.0,0.0,0.0,0.0,0.0,0.0,-1.1312397640356473,-0.4780547604310418,-0.5659588112013614,-0.3563921949189484,-0.664926406860721,-0.27668291318212107,0.0,0.0,0.0,0.0,0.0,0.0,0.0,0.0,0.0,0.0,0.0,0.0,0.0,0.0,0.0,0.0,0.0,0.0,0.0,0.1839375665303133,0.0,0.0,0.0,0.0
2012-01-30,5,2012,1,0,0,9.364241427740643,-1.9730859531316265,3.4792769812798294,-0.6395730783098446,-0.5601378885211913,-0.32304352461139035,1.781984205231521,1.449848692390037,-1.2053442721523069,0.0,0.0,0.0,0.0,0.0,0.0,0.0,0.0,0.0,0.0,0.0,0.0,-1.0655004985617949,-0.505798504423632,-0.5881502644201149,-0.38115979293885993,-0.24453406758160579,-0.28952553281603016,0.0,0.0,0.0,0.0,0.0,0.0,0.0,0.0,0.0,0.0,0.0,0.0,0.0,0.0,0.0,0.0,0.0,0.0,0.0,0.0950586402098111,0.0,0.0,0.0,0.0
2012-02-06,6,2012,2,0,0,1.6815771429996809,-8.48483998129875,4.064679297773485,-0.8578771071280872,-0.8229044037870976,-1.4092995037094478,-0.04207279430595902,0.16689241400475407,-0.16340526094883204,0.0,0.0,0.0,0.0,0.0,0.0,0.0,0.0,0.0,0.0,0.0,0.0,-0.9407877708687903,-0.5399588843401443,-0.6418743555448312,-0.424947703802421,-0.4738498987627108,-0.4051982327348612,0.0,0.0,0.0,0.0,0.0,0.0,0.0,0.0,0.0,0.0,0.0,0.0,0.0,0.0,0.0,0.0,0.0,0.0,0.0,0.0,0.0,0.0,0.0,0.0
2012-02-13,7,2012,2,0,0,5.5448665177488925,-5.1203680023196005,3.1459267449271326,-0.9084006786358229,-0.8678746667287403,-0.542179392425406,0.28630467326479925,0.5267107774829357,-1.8052024252412877,0.0,0.0,0.0,0.0,0.0,0.0,0.0,0.0,0.0,0.0,0.0,0.0,-0.8430814013926312,-0.5705657451912493,-0.6981370052706203,-0.468128102797495,-0.5587784998389675,-0.4083365670474977,0.0,0.0,0.0,0.0,0.0,0.0,0.0,0.0,0.0,0.0,0.0,0.0,0.0,0.0,0.0,0.0,0.0,0.0,0.0,0.0,0.0,0.0,0.0,0.0
2012-02-20,8,2012,2,0,0,7.354349219651048,-3.670668948059496,5.0915770189163245,-1.2191259634230407,-1.0076806602956732,-0.23399357780681443,0.5562594654315655,0.7511155389016515,1.554393919184294,0.0,0.0,0.0,0.0,0.0,0.0,0.0,0.0,0.0,0.0,0.0,0.0,-0.9062442068741988,-0.6520332773617776,-0.8146494048331756,-0.5285419185717892,-0.6271289996382647,-0.442377848549022,0.0,0.0,0.0,0.0,0.0,0.0,0.0,0.0,0.0,0.0,0.0,0.0,0.0,0.0,0.0,0.0,0.0,0.0,0.0,0.0,0.0,0.0,0.0,0.0
2012-02-27,9,2012,2,0,0,8.662364803576603,-2.9130489112838904,4.974747858134516,-0.6360707802985746,-1.0487519815532969,0.32801925700734286,0.3231349985521806,0.6273311643649573,1.1800820091867406,0.0,0.0,0.0,0.0,0.0,0.0,0.0,0.0,0.0,0.0,0.0,0.0,-0.9053686323713812,-0.706020658477375,-0.936802928091202,-0.5924902106010402,-0.46436330423358146,-0.4531744676322468,0.0,0.0,0.0,0.0,0.0,0.0,0.0,0.0,0.0,0.0,0.0,0.0,0.0,0.0,0.0,0.0,0.0,0.0,0.0,0.0,0.0,0.0,0.0,0.0
2012-03-05,10,2012,3,1,0,12.66575316130707,-1.9475933851847873,5.3147197422790295,-0.6652022186470375,-1.1031644339197135,-0.5149951505849887,0.8783241766772912,0.28672413373415884,1.6200524109538827,0.8783241766772912,0.0,0.0,0.0,0.0,0.0,0.0,0.0,0.0,0.0,1.6200524109538827,0.0,-0.8571999102511189,-0.7418667654451085,-1.006867935624356,-0.660016915256493,-0.2407872159524667,-0.4556436875494384,0.2195810441693228,0.06756339820594548,0.0,0.0,0.0,0.0,0.0,0.0,0.0,0.0,0.0,0.0,0.0,0.0,0.0,0.0,0.0,0.0,0.0,0.0,0.4050131027384707,0.12461941622722175,0.0,0.0
2012-03-12,11,2012,3,1,0,22.843183439622138,7.584778035351875,4.11555447316321,-0.5487057246445938,-1.2355808443370009,-0.20148508819923094,2.337950305894761,2.4564134778836495,-0.5250991070466253,0.0,0.0,2.337950305894761,0.0,0.0,0.0,0.0,0.0,0.0,0.0,0.0,0.0,-0.7672761717533116,-0.7891066727947339,-1.098794480026421,-0.7386718409361315,-0.15561363989592292,-0.4865417451249796,0.2195810441693228,0.06756339820594548,0.0,0.0,0.5844875764736902,0.1798423312226739,0.0,0.0,0.0,0.0,0.0,0.0,0.0,0.0,0.0,0.0,0.0,0.0,0.0,0.0,0.4050131027384707,0.12461941622722175,0.0,0.0
2012-03-19,12,2012,3,1,0,22.03004661499053,9.852946349037785,3.2821453083875753,-0.23103460661604444,-1.0629363583662859,0.4409419321570843,2.551662240541837,2.879070256020483,-1.899085298051352,0.0,0.0,2.551662240541837,0.0,0.0,0.0,0.0,0.0,0.0,0.0,0.0,0.0,-0.5202533325515626,-0.8072416380288582,-1.1126084045440743,-0.7955934817384627,0.013120237595051765,-0.421733373136615,0.2195810441693228,0.06756339820594548,0.0,0.0,1.2224031366091495,0.37612404203358446,0.0,0.0,0.0,0.0,0.0,0.0,0.0,0.0,0.0,0.0,0.0,0.0,0.0,0.0,0.4050131027384707,0.12461941622722175,0.0,0.0
2012-03-26,13,2012,3,1,0,20.03849662509641,6.185323573935454,4.494780027750159,-0.4284988938707014,-1.0723152458263205,-0.3555438830601676,2.0084725637242946,1.939549828640764,-0.11126399572427646,0.0,0.0,2.0084725637242946,0.0,0.0,0.0,0.0,0.0,0.0,0.0,0.0,0.0,-0.4683603609445943,-0.8199575467474105,-1.11849922061233,-0.8496293637031359,-0.15777054742182584,-0.42086804297506936,0.2195810441693228,0.06756339820594548,0.0,0.0,1.724521277540223,0.5306219315508378,0.0,0.0,0.0,0.0,0.0,0.0,0.0,0.0,0.0,0.0,0.0,0.0,0.0,0.0,0.4050131027384707,0.12461941622722175,0.0,0.0
2012-04-02,14,2012,4,1,0,19.504598010852785,5.137184740440887,4.375884002768087,-0.5841456794993507,-0.96677987366012,-0.4631949075730661,1.3713217237386368,1.1488284680590806,-0.6858595648003069,0.0,0.0,1.3713217237386368,0.0,0.0,0.0,0.0,0.0,0.0,0.0,0.0,0.0,-0.44809622615767253,-0.7954664343854179,-1.0844030805474318,-0.8877376558580544,-0.14482048666884517,-0.30229742957854744,0.0,0.06756339820594548,0.0,0.0,2.0673517084748823,0.6361082179922715,0.0,0.0,0.0,0.0,0.0,0.0,0.0,0.0,0.0,0.0,0.0,0.0,0.0,0.0,0.0,0.12461941622722175,0.0,0.0
2012-04-09,15,2012,4,1,0,16.979391796879938,3.1981079971975546,4.531840587329087,-0.19354550127571088,-0.748690197956499,0.4060074915248122,-0.007131030124525312,-0.1396500382344226,-0.31866141637759365,0.0,0.0,0.0,0.0,0.0,0.0,0.0,0.0,0.0,0.0,0.0,0.0,-0.35930617031545187,-0.7059908561835413,-0.9626804189523064,-0.898559360370998,0.007052658262165598,-0.23321714723163664,0.0,0.06756339820594548,0.0,0.0,1.482864132001192,0.6361082179922715,0.0,0.0,0.0,0.0,0.0,0.0,0.0,0.0,0.0,0.0,0.0,0.0,0.0,0.0,0.0,0.12461941622722175,0.0,0.0
2012-04-16,16,2012,4,1,0,18.003120440351843,4.906161074937899,4.172141518737796,-0.14510286048757734,-0.7546639296785234,0.3411774642207451,0.467234732390516,0.3985444558944219,-0.46813778381866766,0.0,0.0,0.0,0.0,0.0,0.0,0.0,0.0,0.0,0.0,0.0,0.0,-0.33782323378333506,-0.6172121411025504,-0.8856123117803658,-0.9071624266673779,-0.017888458721919215,-0.1913984970515502,0.0,0.06756339820594548,0.0,0.0,0.8449485718657328,0.6361082179922715,0.0,0.0,0.0,0.0,0.0,0.0,0.0,0.0,0.0,0.0,0.0,0.0,0.0,0.0,0.0,0.12461941622722175,0.0,0.0
2012-04-23,17,2012,4,1,0,19.169772811843192,5.658249417600151,4.264621244922286,-0.0920959965975689,-0.7305389379826701,0.0027105065516275354,0.42272865631520656,0.12932102201057724,-0.6988819572191132,0.0,0.0,0.0,0.0,0.0,0.0,0.0,0.0,0.0,0.0,0.0,0.0,-0.2537225094650519,-0.5499522376487658,-0.8001682348194531,-0.9216938017394717,0.07167513868102957,-0.19422141357760767,0.0,0.06756339820594548,0.0,0.0,0.3428304309346592,0.6361082179922715,0.0,0.0,0.0,0.0,0.0,0.0,0.0,0.0,0.0,0.0,0.0,0.0,0.0,0.0,0.0,0.12461941622722175,0.0,0.0
2012-04-30,18,2012,4,1,0,24.386632751789868,12.440050140190086,3.7336498790650534,0.45326489951372134,-0.4063110834357915,1.0208441105434642,1.9730523240128028,2.739309516663574,-0.7876607088715885,0.0,0.0,1.9730523240128028,0.0,0.0,0.0,0.0,0.0,0.0,0.0,0.0,0.0,0.005630135288216057,-0.4658877778161838,-0.660051037263371,-0.9098609705790565,0.44268489321016213,-0.09084544164261883,0.0,0.06756339820594548,0.0,0.0,0.4932630810032007,0.787881473685564,0.0,0.0,0.0,0.0,0.0,0.0,0.0,0.0,0.0,0.0,0.0,0.0,0.0,0.0,0.0,0.12461941622722175,0.0,0.0
2012-05-07,19,2012,5,1,0,22.023716453503372,8.763242575370752,3.3410830874064343,0.7398478707954657,-0.21235430779306183,0.1488118276179259,0.0938928288776978,-0.12193053700309814,-1.02502681914555,0.0,0.0,0.0,0.0,0.0,0.0,0.0,0.0,0.0,0.0,0.0,0.0,0.23897847830601018,-0.3429858564374489,-0.5259670647225116,-0.8628955785795152,0.3783859772334406,0.02900927615179453,0.0,0.06756339820594548,0.0,0.0,0.4932630810032007,0.787881473685564,0.0,0.0,0.0,0.0,0.0,0.0,0.0,0.0,0.0,0.0,0.0,0.0,0.0,0.0,0.0,0.12461941622722175,0.0,0.0
2012-05-14,20,2012,5,1,0,26.723935981098887,10.849350122965356,3.800685703942217,0.2142888649044958,-0.22102476517799427,-0.6498683870450255,1.4978397341594687,0.27073260740511623,-0.21139266790740216,0.0,0.0,1.4978397341594687,0.0,0.0,0.0,0.0,0.0,0.0,0.0,0.0,0.0,0.3288264096540285,-0.25662512231896284,-0.3925572735973794,-0.8131378938448424,0.13062451441699793,0.020725507334900726,0.0,0.06756339820594548,0.0,0.0,0.8677230145430679,0.9030999147747539,0.0,0.0,0.0,0.0,0.0,0.0,0.0,0.0,0.0,0.0,0.0,0.0,0.0,0.0,0.0,0.12461941622722175,0.0,0.0
2012-05-21,21,2012,5,1,0,26.8462908754821,12.99954908998879,4.269028231223815,0.3337082951958056,-0.15466382065114825,0.0753915614929917,1.0219260081304853,0.6743108855938235,0.9419974830168041,1.0219260081304853,0.0,0.0,0.0,0.0,0.0,0.0,0.0,0.9419974830168041,0.0,0.0,0.0,0.4352774826023721,-0.13717633319443623,-0.24858849426449897,-0.7475212138721865,0.148794778152339,0.04452436420411658,0.2554815020326213,0.1461730911390597,0.0,0.0,0.8677230145430679,0.9030999147747539,0.0,0.0,0.0,0.0,0.0,0.0,0.0,0.0,0.0,0.0,0.23549937075420102,0.07246134484744647,0.0,0.0,0.0,0.12461941622722175,0.0,0.0
2012-05-28,22,2012,5,1,0,24.803102427888977,11.515420144782748,3.652457186562751,0.02843051582622336,-0.13072451640793703,0.5225709079702923,-0.6792590269926847,-1.3518647944185809,0.3398097316109051,0.0,0.0,0.0,0.0,0.0,0.0,-1.3518647944185809,-0.0,0.0,0.0,0.0,0.0,0.3290688866804976,-0.08606084887714409,-0.17969185250753533,-0.6769037165533127,0.024226477509045996,0.059489875816651154,0.2554815020326213,0.1461730911390597,0.0,0.0,0.3744599335398672,0.9030999147747539,0.0,0.0,0.0,0.0,0.0,0.0,-0.3379661986046452,-0.10398959957066006,-0.0,-0.0,0.23549937075420102,0.07246134484744647,0.0,0.0,0.0,0.12461941622722175,0.0,0.0
2012-06-04,23,2012,6,0,0,28.264366593014884,13.96326272759106,3.4152232912296854,-0.5084366022481249,-0.22256940189908375,-0.8137285201968364,0.5515464830781878,-0.2679418518702968,-0.12604945748179835,0.0,0.0,0.0,0.0,0.0,0.0,0.0,0.0,0.0,0.0,0.0,0.0,0.016997768419599962,-0.07400195530799697,-0.18224562603404082,-0.6091656371671105,-0.21640860944464457,0.036510385846509036,0.2554815020326213,0.07860969293311425,0.0,0.0,0.3744599335398672,0.9030999147747539,0.0,0.0,0.0,0.0,0.0,0.0,-0.3379661986046452,-0.10398959957066006,0.0,0.0,0.23549937075420102,0.07246134484744647,0.0,0.0,0.0,0.0,0.0,0.0
2012-06-11,24,2012,6,0,0,28.361270183278144,14.657657691336874,3.828739996124857,-0.04647773878288027,-0.06449219370609048,0.5773838913653913,0.23689247111651515,-0.3462413652157155,0.46446733805195606,0.0,0.0,0.0,0.0,0.0,0.0,0.0,0.0,0.0,0.0,0.0,0.0,-0.04819388250224406,-0.035369033318634384,-0.1431124831660649,-0.5190818948108866,0.09040446015795961,0.09642338427455689,0.2554815020326213,0.07860969293311425,0.0,0.0,0.0,0.7232575835520799,0.0,0.0,0.0,0.0,0.0,0.0,-0.3379661986046452,-0.10398959957066006,0.0,0.0,0.23549937075420102,0.07246134484744647,0.0,0.0,0.0,0.0,0.0,0.0
2012-06-18,25,2012,6,0,0,30.364033428982484,17.290483624598473,3.893037089256989,-0.006441346778669055,-0.1522482385612083,-0.03382561454244745,1.0306406912709896,0.3954336649067987,0.7663833751915785,0.0,0.0,0.0,0.0,0.0,0.0,0.0,0.0,0.0,0.0,0.0,0.0,-0.13323129299586273,-0.01809262871575936,-0.14250858764357988,-0.44902896251818836,0.06310016614909983,0.059902803759208284,0.0,0.07860969293311425,0.0,0.0,0.0,0.5269758727411694,0.0,0.0,0.0,0.0,0.0,0.0,-0.3379661986046452,-0.10398959957066006,0.0,0.0,0.0,0.07246134484744647,0.0,0.0,0.0,0.0,0.0,0.0
2012-06-25,26,2012,6,0,0,32.825766542741434,17.524813307339716,3.378040220041825,-0.4604094715580647,-0.17814107554691727,-0.7559229330435518,2.430576777774687,0.37383855534600724,0.3083887230732198,0.0,0.0,0.0,0.0,0.0,0.0,0.0,0.0,0.0,0.0,0.0,0.0,-0.25544128984193476,-0.020547288537864233,-0.15436272742832496,-0.38024633403515734,-0.2565232941043612,0.029104415298947958,0.0,0.07860969293311425,0.0,0.0,0.0,0.37247798322391606,0.0,0.0,0.0,0.0,0.0,0.0,0.0,-0.10398959957066006,0.0,0.0,0.0,0.07246134484744647,0.0,0.0,0.0,0.0,0.0,0.0
2012-07-02,27,2012,7,0,0,34.95487810580191,20.73884413904733,2.9980847498674286,-0.37980005276847073,-0.1456379663681228,-0.2642521411033331,2.6562917758949265,1.9883302456637522,0.11768472089351267,0.0,0.0,0.0,0.0,0.0,0.0,0.0,0.0,0.0,0.0,0.0,0.0,-0.2232821524720212,-0.004828394173950385,-0.1351298685455847,-0.31708157193577297,-0.11915419933098538,0.04440770502738895,0.0,0.07860969293311425,0.0,0.0,0.0,0.2669916967824824,0.0,0.0,0.0,0.0,0.0,0.0,0.0,-0.10398959957066006,0.0,0.0,0.0,0.07246134484744647,0.0,0.0,0.0,0.0,0.0,0.0
2012-07-09,28,2012,7,0,0,31.615866968521612,17.93901865047722,2.5195030383672905,-0.353725697070236,-0.3013658523764447,-0.023111102465969025,1.3351006889933659,0.14063493949324762,-1.4738366624489196,0.0,0.0,0.0,0.0,0.0,0.0,0.0,0.0,0.0,0.0,0.0,0.0,-0.3000941420438601,-0.017149947696606164,-0.19434828321317327,-0.28267200689115335,-0.2692779477888254,0.011398582412713477,0.0,0.07860969293311425,0.0,0.0,0.0,0.2669916967824824,0.0,0.0,0.0,0.0,0.0,0.0,0.0,-0.10398959957066006,0.0,0.0,0.0,0.07246134484744647,0.0,0.0,0.0,0.0,0.0,0.0
2012-07-16,29,2012,7,0,0,33.5374583138141,19.862108069591834,2.982081938962084,-0.5958269737462091,-0.2402931451047749,0.022960304629957323,1.4682382601355515,0.7142952718684177,-0.2170507578308233,0.0,0.0,0.0,0.0,0.0,0.0,0.0,0.0,0.0,0.0,0.0,0.0,-0.44744054878574513,-0.05182103333188552,-0.21635950984906493,-0.2431050234624035,-0.2550814679957243,-0.013079660632731733,0.0,0.07860969293311425,0.0,0.0,0.0,0.2669916967824824,0.0,0.0,0.0,0.0,0.0,0.0,0.0,-0.10398959957066006,0.0,0.0,0.0,0.07246134484744647,0.0,0.0,0.0,0.0,0.0,0.0
2012-07-23,30,2012,7,0,0,33.204332769776805,19.386674064918193,3.261668526642968,-0.2321586747447654,-0.25959610545027934,0.22313956580833258,2.0448710557600576,1.0748452238935378,1.4558013418878062,0.0,0.0,0.0,0.0,0.0,0.0,0.0,0.0,0.0,0.0,0.0,0.0,-0.39037784958242033,-0.06259508549705449,-0.23672326732490545,-0.20687865172914266,-0.010315843282753132,0.0038764208485532704,0.0,0.07860969293311425,0.0,0.0,0.0,0.2669916967824824,0.0,0.0,0.0,0.0,0.0,0.0,0.0,-0.10398959957066006,0.0,0.0,0.0,0.07246134484744647,0.0,0.0,0.0,0.0,0.0,0.0
2012-07-30,31,2012,7,0,0,32.63807567599547,18.36182070551153,2.7532342254648663,0.003043591319704747,-0.4954294678082351,0.3845287213566622,1.760230412135195,0.652775543580158,-0.052885672107310586,0.0,0.0,0.0,0.0,0.0,0.0,0.0,0.0,0.0,0.0,0.0,0.0,-0.2946669385603764,-0.09722749381967116,-0.3241711426849335,-0.21373391206548448,0.1518793723322457,-0.045070916781200725,0.0,0.07860969293311425,0.0,0.0,0.0,0.1152184410891899,0.0,0.0,0.0,0.0,0.0,0.0,0.0,-0.10398959957066006,0.0,0.0,0.0,0.07246134484744647,0.0,0.0,0.0,0.0,0.0,0.0
2012-08-06,32,2012,8,0,0,29.61105248262991,15.234603591903728,2.732327328423235,0.08848450616539036,-0.4247475059298478,0.1181862725388556,0.48404893011726363,-1.107553593234206,-0.13242626185897377,0.0,0.0,0.0,0.0,0.0,0.0,-0.0,-0.0,0.0,0.0,0.0,0.0,-0.18411438775146985,-0.14733236802198466,-0.3550165560732843,-0.23007185038369876,0.18720371608345185,-0.04742672871035999,0.0,0.07860969293311425,0.0,0.0,0.0,0.1152184410891899,0.0,0.0,0.0,0.0,0.0,0.0,-0.0,-0.10398959957066006,-0.0,-0.0,0.0,0.07246134484744647,0.0,0.0,0.0,0.0,0.0,0.0
2012-08-13,33,2012,8,0,0,26.88869674719782,13.314183709313907,2.6475256972809293,0.05328114639849006,-0.29211868725287427,0.17174778568471746,-1.370875389576599,-2.1272576775803165,-0.3163714169382869,0.0,0.0,0.0,0.0,0.0,0.0,-0.0,-0.0,0.0,0.0,0.0,0.0,-0.021837357715295058,-0.15971757713783125,-0.36797294161030913,-0.23554061362022802,0.22440058634714188,0.015774515345774086,0.0,0.07860969293311425,0.0,0.0,0.0,0.0,0.0,0.0,0.0,0.0,0.0,0.0,-0.0,-0.10398959957066006,-0.0,-0.0,0.0,0.07246134484744647,0.0,0.0,0.0,0.0,0.0,0.0
2012-08-20,34,2012,8,0,0,29.50384285012397,14.353392777517252,2.4656007908504303,-0.030059419926375015,-0.33953244312539455,-0.23672902551836458,0.5097370738453652,-1.1850006549556242,-1.5403095979870707,0.0,0.0,0.0,0.0,0.0,0.0,-0.0,-0.0,0.0,0.0,0.0,0.0,0.028687455989302543,-0.1876997090703067,-0.3879570260290879,-0.24976127688747773,0.10943343851546758,-0.008234760578176396,0.0,0.0,0.0,0.0,0.0,0.0,0.0,0.0,0.0,0.0,0.0,0.0,-0.0,-0.10398959957066006,-0.0,-0.0,0.0,0.0,0.0,0.0,0.0,0.0,0.0,0.0
2012-08-27,35,2012,8,0,0,31.135106167285226,16.868858365904618,3.0653573784545465,0.244093707324797,-0.23555750553915122,0.18409506962580816,1.2458064275916392,0.6292928465823008,0.14258660726480749,0.0,0.0,0.0,0.0,0.0,0.0,0.0,0.0,0.0,0.0,0.0,0.0,0.0889499849905756,-0.1711102328011856,-0.322989035461817,-0.2578253529744942,0.059325025582754085,-0.0342713635277521,0.0,0.0,0.0,0.0,0.0,0.0,0.0,0.0,0.0,0.0,0.0,0.0,0.0,0.0,0.0,0.0,0.0,0.0,0.0,0.0,0.0,0.0,0.0,0.0
2012-09-03,36,2012,9,0,1,28.77662242158063,14.669381422046085,2.8815384604460137,0.22993367331424144,-0.011001013782657198,0.45910138608791257,0.9355813746807203,0.39323789503994644,-0.3952028746002596,0.0,0.9355813746807203,0.0,0.0,0.0,0.0,0.0,0.0,0.0,0.0,0.0,0.0,0.12431227677778836,-0.11431251929638822,-0.2195524124250193,-0.24155086158092293,0.14455380397001832,0.06363862926338244,0.0,0.0,0.23389534367018008,0.0719677980523631,0.0,0.0,0.0,0.0,0.0,0.0,0.0,0.0,0.0,0.0,0.0,0.0,0.0,0.0,0.0,0.0,0.0,0.0,0.0,0.0
2012-09-10,37,2012,9,0,1,25.769786094591275,10.402561375069121,2.963183514996064,0.04182864388750464,-0.17346376314133802,-0.48055025453737077,-0.02677524254440486,-1.2982046793549966,0.017072756973746175,0.0,0.0,0.0,0.0,-0.0,-1.2982046793549966,0.0,0.0,0.0,0.0,0.0,0.0,0.12144915115004201,-0.10751972062943553,-0.18988868139713524,-0.24993328999901893,-0.01852070608550374,-0.017740920421445407,0.0,0.0,0.23389534367018008,0.0719677980523631,0.0,0.0,0.0,0.0,-0.0,-0.0,-0.32455116983874915,-0.09986189841192282,0.0,0.0,0.0,0.0,0.0,0.0,0.0,0.0,0.0,0.0,0.0,0.0
2012-09-17,38,2012,9,0,1,21.965448970818258,6.943061279201562,3.29434480652064,0.19441923421365978,-0.1820342973521639,-0.22556451029665192,-1.5760764278573767,-2.0567440052215766,0.20797932199179145,0.0,0.0,0.0,0.0,0.0,0.0,-0.0,-2.0567440052215766,0.0,0.0,0.0,0.0,0.1775688146850507,-0.09206890670694869,-0.1505141449538276,-0.2522245252906309,-0.01572957728007557,-0.0324900662486919,0.0,0.0,0.23389534367018008,0.0719677980523631,0.0,0.0,0.0,0.0,0.0,0.0,-0.32455116983874915,-0.09986189841192282,-0.0,-0.0,-0.5141860013053942,-0.15821107732473666,0.0,0.0,0.0,0.0,0.0,0.0,0.0,0.0
2012-09-24,39,2012,9,0,1,23.12119042854838,7.253984612469688,2.3135731772396726,-0.08553091304828855,-0.14874958354370005,-0.8408551810926754,-0.46074249959292374,-1.4230710058682188,-1.7080273707549039,0.0,0.0,0.0,0.0,-0.0,-1.4230710058682188,0.0,0.0,0.0,0.0,0.0,0.0,0.09516265959177933,-0.06323209451388898,-0.1288121644549648,-0.24996364129038337,-0.27196713995969646,-0.039023316098624486,0.0,0.0,0.23389534367018008,0.0719677980523631,0.0,0.0,0.0,0.0,-0.0,-0.0,-0.6803189213058038,-0.20932889886332426,0.0,0.0,-0.5141860013053942,-0.15821107732473666,0.0,0.0,0.0,0.0,0.0,0.0,0.0,0.0
2012-10-01,40,2012,10,0,1,18.50075618454663,5.226972412204702,3.435259984458742,-0.5188485236894663,-0.1380493538555666,-0.2824392223989627,-1.3350940433966503,-1.4652271842916291,-0.10209692228094334,0.0,0.0,0.0,0.0,0.0,0.0,-0.0,-1.4652271842916291,0.0,0.0,0.0,0.0,-0.0920328896591476,-0.07392813073858094,-0.16057424947319215,-0.24937990186634057,-0.45735229208141526,-0.04042232235213445,0.0,0.0,0.0,0.0719677980523631,0.0,0.0,0.0,0.0,0.0,0.0,-0.6803189213058038,-0.20932889886332426,-0.0,-0.0,-0.8804927973783014,-0.27092086073178506,0.0,0.0,0.0,0.0,0.0,0.0,0.0,0.0
2012-10-08,41,2012,10,0,1,16.338290890571535,2.61548358646571,4.225253082352118,-0.389709596590644,-0.050611225335181996,0.223260422005399,-1.2455098633860073,-2.037037251083791,1.4017980465254156,0.0,0.0,0.0,0.0,0.0,0.0,-0.0,-2.037037251083791,0.0,0.0,0.0,1.4017980465254156,-0.19991744977868475,-0.07669612300938157,-0.12986111502165312,-0.23009108440162807,-0.2813996229457228,-0.021470666623567676,0.0,0.0,0.0,0.0719677980523631,0.0,0.0,0.0,0.0,0.0,0.0,-0.3557677514670547,-0.20932889886332426,-0.0,-0.0,-1.3897521101492492,-0.42761603389207664,0.0,0.0,0.0,0.0,0.0,0.0,0.3504495116313539,0.10783061896349351
2012-10-15,42,2012,10,0,1,18.016344577881235,5.473848064409459,4.261860569287727,-0.1585509340924475,-0.024759589891554096,0.20397854647367522,0.0598787022283349,0.4408396454069621,1.3241964600627762,0.0,0.0,0.0,0.0,0.0,0.0,0.0,0.0,0.0,1.3241964600627762,0.0,0.0,-0.2881599918552116,-0.04305950457447684,-0.09054243815650068,-0.21351158015445726,-0.17401385875314102,-0.0075461864817432285,0.0,0.0,0.0,0.0719677980523631,0.0,0.0,0.0,0.0,0.0,0.0,-0.3557677514670547,-0.20932889886332426,0.0,0.0,-0.875566108843855,-0.42761603389207664,0.0,0.0,0.33104911501569406,0.10186126615867509,0.0,0.0,0.3504495116313539,0.10783061896349351
2012-10-22,43,2012,10,0,1,16.656464885735133,5.476637937186485,4.062268217924673,-0.003920018432708791,-0.04532173902030905,0.19328361796394014,0.122811451341276,0.755860813169467,0.2770751271002113,0.0,0.0,0.0,0.0,0.0,0.0,0.0,0.0,0.0,0.0,0.0,0.0,-0.2677572682013166,-0.025502684858164797,-0.06468547702565294,-0.1970289365829211,0.08452084101101287,-0.009842797854388798,0.0,0.0,0.0,0.0719677980523631,0.0,0.0,0.0,0.0,0.0,0.0,0.0,-0.20932889886332426,0.0,0.0,-0.875566108843855,-0.42761603389207664,0.0,0.0,0.33104911501569406,0.10186126615867509,0.0,0.0,0.3504495116313539,0.10783061896349351
2012-10-29,44,2012,10,0,1,11.92927519155517,0.03084402321757671,3.4133010983528287,-0.1142855834396388,-0.18731792097009614,-1.2536421670509266,-0.5654022926574486,-0.7206539048990024,-0.822609622590265,0.0,0.0,0.0,0.0,0.0,0.0,0.0,0.0,0.0,0.0,0.0,0.0,-0.16661653313885977,-0.034528005993498916,-0.07700261880428533,-0.17332804836460272,-0.1582798951519781,-0.135855943116511,0.0,0.0,0.0,0.0719677980523631,0.0,0.0,0.0,0.0,0.0,0.0,0.0,-0.20932889886332426,0.0,0.0,-0.5092593127709477,-0.42761603389207664,0.0,0.0,0.33104911501569406,0.10186126615867509,0.0,0.0,0.3504495116313539,0.10783061896349351
2012-11-05,45,2012,11,0,1,12.595374448225918,1.1148144060773064,3.976265008602637,-0.09201206662086028,-0.29779316110787174,-0.3972948668588335,-0.2836522355536146,-0.083589370172447,0.09394856551261703,0.0,0.0,0.0,0.0,0.0,0.0,0.0,0.0,0.0,0.0,0.0,0.0,-0.09219215064641384,-0.048412357746287424,-0.13879810274745774,-0.163562329532143,-0.3134187173680362,-0.1755083384547948,0.0,0.0,0.0,0.0719677980523631,0.0,0.0,0.0,0.0,0.0,0.0,0.0,-0.20932889886332426,0.0,0.0,0.0,-0.42761603389207664,0.0,0.0,0.33104911501569406,0.10186126615867509,0.0,0.0,0.0,0.10783061896349351
2012-11-12,46,2012,11,0,1,10.628763229913947,-3.0487433529928114,2.972349627859359,-0.7090963649313683,-0.3660198643467194,-0.4495063875547278,0.03875426057960578,-0.4228637971057185,-1.97392448168143,0.0,0.0,0.0,0.0,-0.0,-0.4228637971057185,0.0,0.0,0.0,0.0,0.0,0.0,-0.22982850835614405,-0.10705678169473808,-0.22411317136124909,-0.1692470354624388,-0.476789950875137,-0.22329712101167523,0.0,0.0,0.0,0.0719677980523631,0.0,0.0,0.0,0.0,-0.0,-0.0,-0.10571594927642962,-0.24185688325607183,0.0,0.0,0.0,-0.42761603389207664,0.0,0.0,0.0,0.10186126615867509,0.0,0.0,0.0,0.10783061896349351
2012-11-19,47,2012,11,0,1,12.332946502815464,-1.3926249262895736,3.766976195186396,-1.319605397106903,-0.5914128553805611,-1.3864709019904897,1.154181430512343,0.1835861280922296,-0.4217368274583477,0.0,0.0,0.0,1.154181430512343,0.0,0.0,0.0,0.0,0.0,0.0,0.0,0.0,-0.5587498530246926,-0.20625262609324022,-0.36063595045131214,-0.18862245178975928,-0.8717285808637445,-0.3117388038172233,0.0,0.0,0.0,0.0719677980523631,0.0,0.0,0.28854535762808575,0.08878318696248792,0.0,0.0,-0.10571594927642962,-0.24185688325607183,0.0,0.0,0.0,-0.42761603389207664,0.0,0.0,0.0,0.10186126615867509,0.0,0.0,0.0,0.10783061896349351
2012-11-26,48,2012,11,0,1,9.007238764891786,-3.510665423278875,3.0335377171341187,-1.6009185323027215,-0.84178193927499,-1.4590069150602334,0.5934470506116255,-0.1048395963737334,-1.6346215191449411,0.0,0.5934470506116255,0.0,0.0,0.0,0.0,0.0,0.0,0.0,0.0,0.0,0.0,-0.9304080902404633,-0.34817664452612623,-0.5242519550275355,-0.23525510053867,-0.9230697678660711,-0.438131264177688,0.0,0.0,0.14836176265290638,0.1176175711763343,0.0,0.0,0.28854535762808575,0.08878318696248792,0.0,0.0,-0.10571594927642962,-0.24185688325607183,0.0,0.0,0.0,-0.42761603389207664,0.0,0.0,0.0,0.10186126615867509,0.0,0.0,0.0,0.10783061896349351
2012-12-03,49,2012,12,0,0,11.111197848392857,0.2536008769852144,3.8016528158531018,-1.321897277364147,-1.018900541051253,-0.3948134436195392,2.0351218987425046,1.9874355098480938,-0.14792262276687812,0.0,0.0,0.0,0.0,0.0,0.0,0.0,0.0,0.0,0.0,0.0,0.0,-1.237879392926285,-0.46754825611677153,-0.7045288000133809,-0.312785833405485,-0.9224494120562475,-0.5038170203090304,0.0,0.0,0.14836176265290638,0.04564977312397119,0.0,0.0,0.28854535762808575,0.08878318696248792,0.0,0.0,-0.10571594927642962,-0.24185688325607183,0.0,0.0,0.0,-0.42761603389207664,0.0,0.0,0.0,0.10186126615867509,0.0,0.0,0.0,0.10783061896349351
2012-12-10,50,2012,12,0,0,6.568297552843417,-4.784954094546161,3.6390470346775285,-1.3896589801811985,-0.9702405107071603,0.07467990295268127,0.5448215084173983,0.26967999960860567,-0.4819022459480562,0.0,0.0,0.0,0.0,0.0,0.0,0.0,0.0,0.0,0.0,0.0,0.0,-1.4080200467387425,-0.577662688737441,-0.8555839616034911,-0.37407635244900983,-0.7914028394293953,-0.461107008194411,0.0,0.0,0.14836176265290638,0.04564977312397119,0.0,0.0,0.28854535762808575,0.08878318696248792,0.0,0.0,0.0,-0.14199498484414902,0.0,0.0,0.0,-0.42761603389207664,0.0,0.0,0.0,0.10186126615867509,0.0,0.0,0.0,0.10783061896349351
2012-12-17,51,2012,12,0,0,4.284415141625188,-5.4094429969262166,4.130776730424001,-0.7021456372589909,-0.8644212634422348,0.2767365861527109,0.1251835883216781,0.16590417205849392,0.28424899183256264,0.0,0.0,0.0,0.0,0.0,0.0,0.0,0.0,0.0,0.0,0.0,0.0,-1.2536551067767645,-0.6466292173122603,-0.9238360636189096,-0.4265676575328614,-0.37560096739359516,-0.42246846231369084,0.0,0.0,0.14836176265290638,0.04564977312397119,0.0,0.0,0.0,0.08878318696248792,0.0,0.0,0.0,-0.14199498484414902,0.0,0.0,0.0,-0.26940495656734,0.0,0.0,0.0,0.10186126615867509,0.0,0.0,0.0,0.10783061896349351
2012-12-24,52,2012,12,0,0,-1.6789774421928862,-9.769990267247657,3.6878599071809317,-0.44662649878433436,-0.8923066495742679,-0.46049702682450505,-1.3905009292185067,-1.0115901829426075,-0.9273296165357305,0.0,0.0,0.0,0.0,-0.0,-0.0,0.0,0.0,0.0,0.0,0.0,0.0,-0.9650820983971677,-0.6744058008304177,-0.9364672411937289,-0.48376435491982817,-0.12597349533466307,-0.39321014275460087,0.0,0.0,0.0,0.04564977312397119,0.0,0.0,0.0,0.08878318696248792,-0.0,-0.0,-0.0,-0.03252798439274757,0.0,0.0,0.0,-0.26940495656734,0.0,0.0,0.0,0.10186126615867509,0.0,0.0,0.0,0.10783061896349351
2012-12-31,1,2012,12,0,0,-0.03130569630669157,-10.7272737045898,3.511207837828125,-0.5072724736514217,-1.017638155240745,-1.2280080058370209,-0.20965042654559599,-0.2889389391150831,-0.7597508903315913,0.0,0.0,0.0,0.0,0.0,0.0,0.0,0.0,0.0,0.0,0.0,0.0,-0.7614258974689864,-0.6735153354428758,-0.9361516447411019,-0.5514250319494572,-0.3342721358890335,-0.4659462030190668,0.0,0.0,0.0,0.04564977312397119,0.0,0.0,0.0,0.08878318696248792,0.0,0.0,0.0,-0.03252798439274757,0.0,0.0,0.0,-0.1566951731602916,0.0,0.0,0.0,0.10186126615867509,0.0,0.0,0.0,0.10783061896349351
2013-01-07,2,2013,1,0,0,6.5918096497274075,-4.506542677913391,4.188652396481969,-0.27233523717831204,-0.9973439917465413,0.19072348179001636,1.4341174144836968,1.1941265918565902,-0.1425885784791314,0.0,0.0,0.0,0.0,0.0,0.0,0.0,0.0,0.0,0.0,0.0,0.0,-0.48209496171826477,-0.6644865385650042,-0.9429275150009472,-0.6242506293657157,-0.3052612411796997,-0.4684490445740963,0.0,0.0,0.0,0.04564977312397119,0.0,0.0,0.0,0.08878318696248792,0.0,0.0,0.0,-0.03252798439274757,0.0,0.0,0.0,0.0,0.0,0.0,0.0,0.10186126615867509,0.0,0.0,0.0,0.0
2013-01-14,3,2013,1,0,0,3.3515822885349174,-8.431024533211719,4.10488070472455,-0.8802474577585224,-1.17398295973628,-1.1851594041207767,0.6418827387205557,0.20651665840327446,-0.2454201935216938,0.0,0.0,0.0,0.0,0.0,0.0,0.0,0.0,0.0,0.0,0.0,0.0,-0.5266204168431476,-0.7200016557700868,-1.0203179390744586,-0.7126524270460792,-0.6707352387480716,-0.5753058100044387,0.0,0.0,0.0,0.04564977312397119,0.0,0.0,0.0,0.08878318696248792,0.0,0.0,0.0,-0.03252798439274757,0.0,0.0,0.0,0.0,0.0,0.0,0.0,0.0,0.0,0.0,0.0,0.0
2013-01-21,4,2013,1,0,0,-1.383646307175455,-12.315529943999367,3.873426573950415,-1.194345127527543,-1.4399513718496737,-1.1542092451549164,-0.9529290560277929,-0.8150512503425085,-0.44609803431890616,0.0,0.0,0.0,0.0,-0.0,-0.0,0.0,0.0,0.0,0.0,0.0,0.0,-0.7135500740289498,-0.8115728180081511,-1.15722911964331,-0.8199316295714151,-0.8441632933306744,-0.6789591071674277,0.0,0.0,0.0,0.04564977312397119,0.0,0.0,0.0,0.08878318696248792,-0.0,-0.0,-0.0,-0.03252798439274757,0.0,0.0,0.0,0.0,0.0,0.0,0.0,0.0,0.0,0.0,0.0,0.0
2013-01-28,5,2013,1,0,0,3.417179535937042,-7.5369029566024475,4.937355759391645,-0.4260478523117545,-1.1021363971173688,0.6187968124721651,0.24771379739383054,0.20134249141075278,1.3142403573326553,0.0,0.0,0.0,0.0,0.0,0.0,0.0,0.0,0.0,0.0,0.0,0.0,-0.693243918694033,-0.8355545309983138,-1.1783536801124659,-0.8903022815827436,-0.38246208875337806,-0.5349253395118052,0.0,0.0,0.0,0.04564977312397119,0.0,0.0,0.0,0.08878318696248792,0.0,0.0,0.0,-0.03252798439274757,0.0,0.0,0.0,0.0,0.0,0.0,0.0,0.0,0.0,0.0,0.0,0.0
2013-02-04,6,2013,2,0,0,4.741342315776807,-5.647857042732877,4.146803114185706,-0.3910429976032297,-1.0731501308508105,-0.11548380423542802,0.5571357493445013,0.8136768975905239,0.06604238556303552,0.0,0.0,0.0,0.0,0.0,0.0,0.0,0.0,0.0,0.0,0.0,0.0,-0.7229208588002624,-0.8585569103046498,-1.1973052148885333,-0.9499451254091237,-0.45901391025973903,-0.513247565463851,0.0,0.0,0.0,0.04564977312397119,0.0,0.0,0.0,0.08878318696248792,0.0,0.0,0.0,-0.03252798439274757,0.0,0.0,0.0,0.0,0.0,0.0,0.0,0.0,0.0,0.0,0.0,0.0
2013-02-11,7,2013,2,0,0,4.732568969295465,-6.194546066265677,4.23829074852601,-0.5947271044240856,-1.1026023895936994,-0.4929954390692563,0.11479845550653113,0.2891029688346309,-0.006779322171302532,0.0,0.0,0.0,0.0,0.0,0.0,0.0,0.0,0.0,0.0,0.0,0.0,-0.6515407704666532,-0.8497592748810127,-1.179460072352888,-1.0066053196588913,-0.28597291899685895,-0.5165928771188147,0.0,0.0,0.0,0.04564977312397119,0.0,0.0,0.0,0.08878318696248792,0.0,0.0,0.0,0.0,0.0,0.0,0.0,0.0,0.0,0.0,0.0,0.0,0.0,0.0,0.0,0.0
2013-02-18,8,2013,2,0,0,1.6199716812948968,-9.653056635772828,4.601268123875619,-0.2033895080135248,-0.895713317993227,0.077824769796984,-0.6062500434684119,-0.6114995104839391,0.4428947518630088,0.0,0.0,0.0,0.0,-0.0,-0.0,0.0,0.0,0.0,0.0,0.0,0.0,-0.4038018655881487,-0.7638965141815219,-1.0434005588887765,-1.0300130475521732,0.022035584741116138,-0.4039547485197783,0.0,0.0,0.0,0.04564977312397119,0.0,0.0,0.0,0.0,-0.0,-0.0,-0.0,-0.0,0.0,0.0,0.0,0.0,0.0,0.0,0.0,0.0,0.0,0.0,0.0,0.0
2013-02-25,9,2013,2,0,0,2.9882876170435715,-5.692921129096271,4.263418984082555,-0.59311337056204,-0.7225145962020522,-0.1697407861694682,-0.7524040052456303,-0.02387772851521873,-0.051270280582353445,0.0,0.0,0.0,0.0,0.0,0.0,0.0,0.0,0.0,0.0,0.0,0.0,-0.44556824515072,-0.6863730402014696,-0.9484951086599472,-1.0208386365465627,-0.1750988149192922,-0.3047804309127964,0.0,0.0,0.0,0.0,0.0,0.0,0.0,0.0,0.0,0.0,0.0,0.0,0.0,0.0,0.0,0.0,0.0,0.0,0.0,0.0,0.0,0.0,0.0,0.0
2013-03-04,10,2013,3,1,0,5.612467460888499,-4.700347631907405,4.615160823854066,-0.2878455701775624,-0.5941377262358801,0.3214373436463351,-0.5841167234265248,-0.3284319016018184,0.09949468355890685,0.0,0.0,0.0,0.0,-0.3284319016018184,-0.0,0.0,0.0,0.0,0.0,0.0,0.0,-0.4197688882943032,-0.606830601187117,-0.8287420075062146,-0.9881645738684569,-0.06586852794885141,-0.24968421650772907,0.0,0.0,0.0,0.0,0.0,0.0,0.0,0.0,-0.0821079754004546,-0.025263992430909106,-0.0,-0.0,0.0,0.0,0.0,0.0,0.0,0.0,0.0,0.0,0.0,0.0,0.0,0.0
2013-03-11,11,2013,3,1,0,7.548611292857232,-3.9175315515313995,4.465219823681242,-0.2386721286109783,-0.6135523797785809,-0.060748455843927136,-0.9948603537222915,-0.9041610698439614,0.1511198283926838,0.0,0.0,0.0,0.0,-0.9041610698439614,-0.0,0.0,0.0,0.0,0.0,0.0,0.0,-0.3307551443410264,-0.5182931510663308,-0.7064795050524351,-0.9607270253354893,0.04219321785748088,-0.2601017825690067,0.0,0.0,0.0,0.0,0.0,0.0,0.0,0.0,-0.30814824286144493,-0.09481484395736767,-0.0,-0.0,0.0,0.0,0.0,0.0,0.0,0.0,0.0,0.0,0.0,0.0,0.0,0.0
2013-03-18,12,2013,3,1,0,4.105925702826843,-6.607655966320516,4.602476731142721,-0.3017457495196832,-0.7269885245645994,-0.1616947805928449,-2.0125987273308077,-1.8342674405211497,0.2019521935913495,0.0,0.0,0.0,0.0,0.0,0.0,-1.8342674405211497,-0.0,0.0,0.0,0.0,0.0,-0.35534420471756595,-0.4874931597017686,-0.6642983066952781,-0.9501552761910559,-0.01768666973997634,-0.2938272723186648,0.0,0.0,0.0,0.0,0.0,0.0,0.0,0.0,-0.30814824286144493,-0.09481484395736767,0.0,0.0,-0.4585668601302874,-0.14109749542470382,-0.0,-0.0,0.0,0.0,0.0,0.0,0.0,0.0,0.0,0.0
2013-03-25,13,2013,3,1,0,9.097008035245576,-2.7216982050760103,3.56447497695808,-0.4903852078421474,-0.7545549252936234,-0.37562985067819377,-1.0683416580762533,-1.0961335865844064,-1.8704311792467079,0.0,0.0,0.0,0.0,0.0,0.0,-1.0961335865844064,-0.0,0.0,0.0,0.0,0.0,-0.32966216403759285,-0.4908592142446774,-0.6723083889681709,-0.9395589897079295,-0.06915893586715774,-0.2872990279997178,0.0,0.0,0.0,0.0,0.0,0.0,0.0,0.0,-0.30814824286144493,-0.09481484395736767,0.0,0.0,-0.732600256776389,-0.2254154636235043,-0.0,-0.0,0.0,0.0,0.0,0.0,0.0,0.0,0.0,0.0
2013-04-01,14,2013,4,1,0,12.59880849193849,-1.3590038840417664,4.012034252415744,-0.602243871177721,-0.7318650877832622,-1.0659036355929141,-0.6480000527166135,-1.0608514520000567,-1.3217064407455426,0.0,0.0,0.0,0.0,0.0,0.0,-1.0608514520000567,-0.0,0.0,0.0,0.0,0.0,-0.4082617392876325,-0.498164706362085,-0.7067402293550165,-0.9175764460573538,-0.41599418067697,-0.27482946105786343,0.0,0.0,0.0,0.0,0.0,0.0,0.0,0.0,-0.22604026746099035,-0.09481484395736767,0.0,0.0,-0.9978131197764032,-0.30701942146966255,-0.0,-0.0,0.0,0.0,0.0,0.0,0.0,0.0,0.0,0.0
2013-04-08,15,2013,4,1,0,13.470783537877303,2.663417145166989,5.131375522377118,0.06907774570194497,-0.4304605558583512,1.3327249476431717,-1.0984259835239452,-0.37933227718160767,0.9967168298705152,0.0,0.0,0.0,0.0,0.0,0.0,0.0,0.0,0.0,0.0,0.0,0.0,-0.3313242707094017,-0.4719021692174498,-0.660967273374959,-0.8739700279121083,-0.06762582980519533,-0.18698319445377454,0.0,0.0,0.0,0.0,0.0,0.0,0.0,0.0,0.0,-0.09481484395736767,0.0,0.0,-0.9978131197764032,-0.30701942146966255,0.0,0.0,0.0,0.0,0.0,0.0,0.0,0.0,0.0,0.0
2013-04-15,16,2013,4,1,0,12.768024816556087,1.9967017038897839,5.127102762087771,0.9012319137123006,0.12562433762623354,1.455908414702827,-1.1459468926429475,-0.6181555211970314,1.0407005747221065,0.0,0.0,0.0,0.0,-0.6181555211970314,-0.0,0.0,0.0,1.0407005747221065,0.0,0.0,0.0,-0.030579854901405745,-0.33486529448892494,-0.4478140578272508,-0.7740002358072997,0.3367749690187226,0.016175868532656512,0.0,0.0,0.0,0.0,0.0,0.0,0.0,0.0,-0.15453888029925789,-0.14236526866483162,-0.0,-0.0,-0.5392462596461158,-0.30701942146966255,0.0,0.0,0.26017514368052663,0.08005389036323897,0.0,0.0,0.0,0.0,0.0,0.0
2013-04-22,17,2013,4,1,0,15.845092505556261,2.3622987780450004,4.026170930524935,1.0880888136261422,0.27133662251912843,0.3468975276874499,-1.3149028702359262,-1.7834064068042939,-1.1970364724077025,0.0,0.0,0.0,0.0,0.0,0.0,-1.7834064068042939,-0.0,0.0,0.0,0.0,0.0,0.36403865046566664,-0.15929345286171842,-0.19134117087406285,-0.6423626977789302,0.5174068136101335,0.13164562028976162,0.0,0.0,0.0,0.0,0.0,0.0,0.0,0.0,-0.15453888029925789,-0.14236526866483162,0.0,0.0,-0.7110644647010876,-0.44420452968537744,-0.0,-0.0,0.26017514368052663,0.08005389036323897,0.0,0.0,0.0,0.0,0.0,0.0
2013-04-29,18,2013,4,1,0,18.726302972480283,6.197832021898065,4.615454016128228,1.3825953333612786,0.2830736985750721,0.6427447903456984,-0.46223637781605165,-0.4951718349080352,0.9837702579549723,0.0,0.0,0.0,0.0,0.0,0.0,0.0,0.0,0.9837702579549723,0.0,0.0,0.0,0.8602484516004166,-0.020167053963792796,0.06239352571552072,-0.5358080750333578,0.9445689200947867,0.13348777243387958,0.0,0.0,0.0,0.0,0.0,0.0,0.0,0.0,-0.15453888029925789,-0.14236526866483162,0.0,0.0,-0.44585160170107346,-0.44420452968537744,0.0,0.0,0.5061177081692697,0.15572852559054454,0.0,0.0,0.0,0.0,0.0,0.0
2013-05-06,19,2013,5,1,0,20.594565727288085,7.524348841556698,3.2652458881165547,1.0347096087897862,0.3354651899524821,0.33928870193620436,-0.4001219325463349,-0.6080105822758088,-1.1700722587928354,0.0,0.0,0.0,0.0,-0.6080105822758088,-0.0,0.0,0.0,0.0,0.0,0.0,0.0,1.1016564173723769,0.08950622345105458,0.253874962168229,-0.42745305035618153,0.6962098586680449,0.16847027290862052,0.0,0.0,0.0,0.0,0.0,0.0,0.0,0.0,-0.3065415258682101,-0.18913531345527848,-0.0,-0.0,-0.44585160170107346,-0.44420452968537744,0.0,0.0,0.5061177081692697,0.15572852559054454,0.0,0.0,0.0,0.0,0.0,0.0
2013-05-13,20,2013,5,1,0,25.740741329577958,11.14046324098206,3.7321726124918158,0.24712477181055,0.4255562176604778,-0.12532994352767282,1.1221239193733006,0.402758239305606,-0.33419690134003815,1.1221239193733006,0.0,0.0,0.0,0.0,0.0,0.0,0.0,0.0,0.0,0.0,0.0,0.9381296318969392,0.15426406008448806,0.3288579321767901,-0.30990238825970634,0.30090026911041995,0.19675223410412696,0.28053097984332515,0.08631722456717697,0.0,0.0,0.0,0.0,0.0,0.0,-0.15200264556895224,-0.18913531345527848,0.0,0.0,-0.44585160170107346,-0.44420452968537744,0.0,0.0,0.24594256448874308,0.15572852559054454,0.0,0.0,0.0,0.0,0.0,0.0
2013-05-20,21,2013,5,1,0,22.23560677257148,11.07597322532258,4.503833643668627,0.5734345091288842,0.605449161294858,0.9779076122190459,-0.6052842927409721,-0.2938872015866502,1.4729577930885325,0.0,0.0,0.0,0.0,0.0,0.0,0.0,0.0,0.0,0.0,1.4729577930885325,0.0,0.8094660557726248,0.2140197537108272,0.4123860668707225,-0.19442835139139208,0.4586527902433189,0.2659893758289009,0.28053097984332515,0.08631722456717697,0.0,0.0,0.0,0.0,0.0,0.0,-0.15200264556895224,-0.18913531345527848,0.0,0.0,0.0,-0.44420452968537744,0.0,0.0,0.24594256448874308,0.15572852559054454,0.0,0.0,0.3682394482721331,0.1133044456221948,0.0,0.0
2013-05-27,22,2013,5,1,0,24.54380374781438,13.950589845392585,4.631421243206058,1.1500725108435879,0.9388023893895167,1.4846562920694228,-0.8035033064293128,0.1619525489535979,2.4700933970562575,0.0,0.0,0.0,0.0,0.0,0.0,0.0,0.0,0.0,0.0,2.4700933970562575,0.0,0.7513353501432021,0.348110975357414,0.5763182395743336,-0.06663473711511758,0.66913066567425,0.39325068953958486,0.28053097984332515,0.08631722456717697,0.0,0.0,0.0,0.0,0.0,0.0,-0.15200264556895224,-0.18913531345527848,0.0,0.0,0.0,-0.44420452968537744,0.0,0.0,0.0,0.15572852559054454,0.0,0.0,0.9857627975361976,0.3033116300111377,0.0,0.0
2013-06-03,23,2013,6,0,0,22.696508809297445,11.526078880638485,3.0976315149552804,1.0185184862623624,0.9057759167203845,0.2094804097957415,-2.102930207435924,-1.7088309967093651,-0.9388744532492046,0.0,0.0,0.0,0.0,0.0,0.0,-0.0,-0.0,0.0,0.0,0.0,0.0,0.7472875695113461,0.44860051816048513,0.7188959212663093,0.0487432354199797,0.6366785926391343,0.3846386177049238,0.28053097984332515,0.08631722456717697,0.0,0.0,0.0,0.0,0.0,0.0,0.0,-0.16387132102436938,0.0,0.0,-0.0,-0.44420452968537744,-0.0,-0.0,0.0,0.15572852559054454,0.0,0.0,0.9857627975361976,0.3033116300111377,0.0,0.0
2013-06-10,24,2013,6,0,0,27.794916281374114,15.537874329773405,3.396191479647731,1.363203671584205,1.0600345659861177,0.7318929084907422,-0.01823022208607345,0.12160233920561284,-0.40922814027811705,0.0,0.0,0.0,0.0,0.0,0.0,0.0,0.0,0.0,0.0,0.0,0.0,1.0263072944547598,0.5718217335601147,0.8775155083477192,0.17748069278649498,0.8509843056437381,0.44561103034605226,0.0,0.08631722456717697,0.0,0.0,0.0,0.0,0.0,0.0,0.0,-0.0943204694979108,0.0,0.0,0.0,-0.44420452968537744,0.0,0.0,0.0,0.15572852559054454,0.0,0.0,0.9857627975361976,0.3033116300111377,0.0,0.0
2013-06-17,25,2013,6,0,0,28.926611297072075,16.552125467990717,3.5212770671674973,1.2644118456117934,1.1680410336885534,0.6469614828125387,0.1700455845078186,-0.27002965035895343,-0.316354795736321,0.0,0.0,0.0,0.0,0.0,0.0,0.0,0.0,0.0,0.0,0.0,0.0,1.199051628575487,0.6922953947240743,1.018163476446143,0.3232521972675067,0.7682477732921111,0.5078153583003124,0.0,0.08631722456717697,0.0,0.0,0.0,0.0,0.0,0.0,0.0,-0.0943204694979108,0.0,0.0,0.0,-0.3031070342606736,0.0,0.0,0.0,0.15572852559054454,0.0,0.0,0.6175233492640644,0.3033116300111377,0.0,0.0
2013-06-24,26,2013,6,0,0,29.394272741284734,18.02440174027744,3.639580217827682,1.0374274063019555,1.4260433733353188,0.9341378754417514,0.10070760559517244,0.7398610838232172,1.1116826218789368,0.0,0.0,0.0,0.0,0.0,0.0,0.0,0.0,0.0,0.0,0.0,0.0,1.170890352440079,0.8098194419659285,1.1399737224325937,0.4909905279312715,0.6306181691351934,0.6085667218480005,0.0,0.08631722456717697,0.0,0.0,0.0,0.0,0.0,0.0,0.0,-0.0943204694979108,0.0,0.0,0.0,-0.21878906606187315,0.0,0.0,0.0,0.15572852559054454,0.0,0.0,0.0,0.3033116300111377,0.0,0.0
2013-07-01,27,2013,7,0,0,28.10079781689981,16.239249874882006,2.960339625227808,0.8883237696940296,1.5250798139101398,-0.1452496864925188,-0.6735763257200339,-0.8482792575907596,0.0016274944729535326,0.0,0.0,0.0,0.0,0.0,0.0,0.0,0.0,0.0,0.0,0.0,0.0,1.1383416732979958,0.9244784912637555,1.2947996967300324,0.6646016742153793,0.5419356450631283,0.6793862563941848,0.0,0.08631722456717697,0.0,0.0,0.0,0.0,0.0,0.0,0.0,-0.0943204694979108,0.0,0.0,0.0,-0.13718510821571492,0.0,0.0,0.0,0.15572852559054454,0.0,0.0,0.0,0.3033116300111377,0.0,0.0
2013-07-08,28,2013,7,0,0,30.173824084868578,18.245761540680878,3.189060074392214,0.7927317363288019,1.3639852084531923,0.44147173617333757,0.24446082900345253,0.46924217935267215,0.7955588149795974,0.0,0.0,0.0,0.0,0.0,0.0,0.0,0.0,0.0,0.0,0.0,0.0,0.9957236894841451,0.9801441828504368,1.370787357346801,0.8026359637778059,0.46933035198377715,0.6108283170503515,0.0,0.08631722456717697,0.0,0.0,0.0,0.0,0.0,0.0,0.0,-0.0943204694979108,0.0,0.0,0.0,-0.13718510821571492,0.0,0.0,0.0,0.15572852559054454,0.0,0.0,0.0,0.3033116300111377,0.0,0.0
2013-07-15,29,2013,7,0,0,31.55554851641972,19.635355933731628,2.7378487496539203,0.6742645766473243,1.0458568659472476,-0.05345427612485634,0.56573976393082,0.6051966051859508,-0.9654835417396137,0.0,0.0,0.0,0.0,0.0,0.0,0.0,0.0,0.0,0.0,0.0,0.0,0.8481868722430278,0.9626851569223617,1.3402413154114747,0.8734230813409607,0.2942264122494284,0.4947234946789912,0.0,0.08631722456717697,0.0,0.0,0.0,0.0,0.0,0.0,0.0,-0.046770044790446844,0.0,0.0,0.0,-0.13718510821571492,0.0,0.0,0.0,0.07567463522730557,0.0,0.0,0.0,0.3033116300111377,0.0,0.0
2013-07-22,30,2013,7,0,0,26.808256244062193,14.78551732406998,2.9677047469757563,0.25018034782240567,1.069763756132854,0.5590672592547861,-1.6627813072413433,-1.7490668978146149,0.44046076107037163,0.0,0.0,0.0,0.0,0.0,0.0,-0.0,-0.0,0.0,0.0,0.0,0.0,0.6513751076231404,0.8982306595528435,1.2511714111108585,0.9348405531574012,0.20045875820268708,0.511044243261094,0.0,0.08631722456717697,0.0,0.0,0.0,0.0,0.0,0.0,0.0,-0.046770044790446844,0.0,0.0,-0.0,-0.0,-0.0,-0.0,0.0,0.07567463522730557,0.0,0.0,0.0,0.3033116300111377,0.0,0.0
2013-07-29,31,2013,7,0,0,26.270458686413896,14.905025957040174,2.425598057046084,0.30817607670640557,1.0263255366537387,0.34091563107677536,-1.6777109859837769,-1.2686691600982096,-1.0484330665733177,0.0,0.0,0.0,0.0,-0.0,-0.0,0.0,0.0,0.0,0.0,0.0,0.0,0.5063381843762343,0.8155830244255455,1.126482841796758,0.9920137714711448,0.32200008759501064,0.487826615625023,0.0,0.08631722456717697,0.0,0.0,0.0,0.0,0.0,0.0,-0.0,-0.046770044790446844,-0.0,-0.0,0.0,0.0,0.0,0.0,0.0,0.0,0.0,0.0,0.0,0.3033116300111377,0.0,0.0
2013-08-05,32,2013,8,0,0,27.40380195197535,16.13811170484532,2.2618710802210495,0.2602615470112486,1.0478020527854934,0.39399908249023974,-1.0601202485800234,-0.47430822904141995,-1.61904201763222,0.0,0.0,0.0,0.0,0.0,0.0,0.0,0.0,0.0,0.0,0.0,0.0,0.37322063704684605,0.7560100965964272,1.0474370528798334,1.0468089147659918,0.3101319241742362,0.49203510643687187,0.0,0.08631722456717697,0.0,0.0,0.0,0.0,0.0,0.0,0.0,0.0,0.0,0.0,0.0,0.0,0.0,0.0,0.0,0.0,0.0,0.0,0.0,0.3033116300111377,0.0,0.0
2013-08-12,33,2013,8,0,0,26.04538843731461,13.493715144362675,2.2840956379750765,0.28353945326453367,0.9969772669240942,-0.18318636504282673,-2.0437293905169875,-2.0055376906990445,-1.710773444597859,0.0,0.0,0.0,0.0,0.0,0.0,-0.0,-0.0,0.0,0.0,0.0,0.0,0.2755393562011484,0.7588112259390414,1.035217153124045,1.0907643800939621,0.27769890194474356,0.4875846124741677,0.0,0.0,0.0,0.0,0.0,0.0,0.0,0.0,0.0,0.0,0.0,0.0,-0.0,-0.0,-0.0,-0.0,0.0,0.0,0.0,0.0,0.0,0.3033116300111377,0.0,0.0
2013-08-19,34,2013,8,0,0,29.979973673286903,17.10007814796211,2.8378563066292015,-0.09069729524070601,0.7438977289700064,-0.3722015953863701,0.8053967431434866,0.5897633651492297,-0.42200223750328913,0.0,0.0,0.0,0.0,0.0,0.0,0.0,0.0,0.0,0.0,0.0,0.0,0.19031994543537048,0.7077241640644575,0.9537506463333332,1.1014142699151275,0.04488168828445452,0.3837300580429818,0.0,0.0,0.0,0.0,0.0,0.0,0.0,0.0,0.0,0.0,0.0,0.0,0.0,0.0,0.0,0.0,0.0,0.0,0.0,0.0,0.0,0.19000718438894287,0.0,0.0
2013-08-26,35,2013,8,0,0,32.36233632115121,19.247392758686303,2.8108193254658818,-0.22045888247426365,0.42969405176006814,-0.05458635168649446,1.7796919710986314,1.8191962370984152,-0.5882911634388465,0.0,0.0,0.0,0.0,0.0,0.0,0.0,0.0,0.0,0.0,0.0,0.0,0.05816120564020315,0.6022986722707766,0.8045927751099156,1.0622520900974775,-0.053993807406362934,0.26532677775406516,0.0,0.0,0.0,0.0,0.0,0.0,0.0,0.0,0.0,0.0,0.0,0.0,0.0,0.0,0.0,0.0,0.0,0.0,0.0,0.0,0.0,0.0,0.0,0.0
2013-09-02,36,2013,9,0,1,29.315324730716362,14.788558677523971,2.437321332633364,-0.7954801947485758,0.2370960906682065,-0.8186870421103767,1.2065008552408567,0.4429878849766828,-1.5520415384277564,0.0,0.0,0.0,1.2065008552408567,0.0,0.0,0.0,0.0,0.0,0.0,0.0,0.0,-0.20577422979975296,0.4627603121930121,0.6019162845805938,1.010815180401156,-0.35716533855651705,0.1862369737612868,0.0,0.0,0.0,0.0,0.0,0.0,0.3016252138102142,0.09280775809545051,0.0,0.0,0.0,0.0,0.0,0.0,0.0,0.0,0.0,0.0,0.0,0.0,0.0,0.0,0.0,0.0
2013-09-09,37,2013,9,0,1,27.850313473618066,14.52537439954489,3.041340736570397,-0.8431428449200071,0.11269358886819295,0.038770731640922776,0.9028187508723047,0.9803530402917037,0.24133079845263702,0.0,0.9028187508723047,0.0,0.0,0.0,0.0,0.0,0.0,0.0,0.0,0.0,0.0,-0.4874448043458881,0.2930413493849958,0.3808453650666185,0.9379427975459312,-0.3016760643855797,0.13291988323437762,0.0,0.0,0.22570468771807617,0.06944759622094651,0.0,0.0,0.3016252138102142,0.09280775809545051,0.0,0.0,0.0,0.0,0.0,0.0,0.0,0.0,0.0,0.0,0.0,0.0,0.0,0.0,0.0,0.0
2013-09-16,38,2013,9,0,1,23.859033016915408,11.429212177701226,3.435892022019621,-0.23736734243651472,0.11207672591751826,0.7122276107929142,-0.7953087990009836,-0.3674048311287786,0.5304372959879238,0.0,0.0,0.0,0.0,0.0,0.0,0.0,0.0,0.0,0.0,0.0,0.0,-0.5241123161448403,0.17751987338127978,0.22289011430349645,0.8567147738712363,-0.030568762840758573,0.13794035461748344,0.0,0.0,0.22570468771807617,0.06944759622094651,0.0,0.0,0.3016252138102142,0.09280775809545051,0.0,0.0,0.0,0.0,0.0,0.0,0.0,0.0,0.0,0.0,0.0,0.0,0.0,0.0,0.0,0.0
2013-09-23,39,2013,9,0,1,24.490040633609546,10.059200864850949,3.388479693400015,-0.12164104736874333,-0.1819207075537127,-0.33852795418910203,0.22519605123415365,-0.23739366841650564,1.020927870314837,0.0,0.0,0.0,0.0,0.0,0.0,0.0,0.0,0.0,1.020927870314837,0.0,0.0,-0.4994078573684602,0.08836076156045682,0.06998642447505125,0.7330252291874646,-0.10155416346641047,0.040042983107417794,0.0,0.0,0.22570468771807617,0.06944759622094651,0.0,0.0,0.3016252138102142,0.09280775809545051,0.0,0.0,0.0,0.0,0.0,0.0,0.0,0.0,0.0,0.0,0.25523196757870925,0.07853291310114131,0.0,0.0,0.0,0.0
2013-09-30,40,2013,9,0,1,23.678413398834707,11.397663830050288,3.539682157045794,0.3281496021663043,-0.027495139930068715,0.8065673847092402,0.45406060199861326,0.813513606551672,0.1113082345744334,0.0,0.45406060199861326,0.0,0.0,0.0,0.0,0.0,0.0,0.0,0.0,0.0,0.0,-0.2185004081397402,0.04527044098140101,0.00383861682548245,0.6135963865843717,0.30475944323849374,0.11325968089216848,0.0,0.0,0.3392198382177295,0.10437533483622446,0.0,0.0,0.0,0.09280775809545051,0.0,0.0,0.0,0.0,0.0,0.0,0.0,0.0,0.0,0.0,0.25523196757870925,0.07853291310114131,0.0,0.0,0.0,0.0
2013-10-07,41,2013,10,0,1,21.812256840786368,7.275690601881525,3.2545644104562017,0.33979729179186563,-0.13236277252391063,-0.31975678359967263,0.6576091242208664,0.37071878235816214,-0.7245201317907959,0.0,0.6576091242208664,0.0,0.0,0.0,0.0,0.0,0.0,0.0,0.0,0.0,0.0,0.07723462603822799,0.010429329863175142,-0.057425473522543444,0.49849269573997906,0.2151275644283449,0.05470364090962923,0.0,0.0,0.2779174315548699,0.1549606520839834,0.0,0.0,0.0,0.09280775809545051,0.0,0.0,0.0,0.0,0.0,0.0,0.0,0.0,0.0,0.0,0.25523196757870925,0.07853291310114131,0.0,0.0,0.0,0.0
2013-10-14,42,2013,10,0,1,15.404660612349371,4.385295757260392,3.634983510198505,0.193349599928332,-0.1392275267064045,0.3332730811610228,-0.8259752713414359,-0.05704816924963189,-0.241172348710364,0.0,0.0,0.0,0.0,0.0,0.0,0.0,0.0,0.0,0.0,0.0,0.0,0.18491386162943968,-0.026564129884439656,-0.12025153667852415,0.4073323578435444,0.12038893202037203,0.08445189916238917,0.0,0.0,0.2779174315548699,0.1549606520839834,0.0,0.0,0.0,0.09280775809545051,0.0,0.0,0.0,0.0,0.0,0.0,0.0,0.0,0.0,0.0,0.25523196757870925,0.07853291310114131,0.0,0.0,0.0,0.0
2013-10-21,43,2013,10,0,1,11.98200964136359,-0.23662865417947979,3.429998909904104,0.03044514906280429,-0.3097077265612739,-0.8960618719789388,-1.6070139429108465,-2.2727483851351127,-0.7457955315617543,0.0,0.0,0.0,0.0,0.0,0.0,-0.0,-2.2727483851351127,0.0,0.0,0.0,0.0,0.22293541073732656,-0.04346683748133207,-0.15219829143041444,0.30121916686707295,-0.01899454742708717,-0.02748111093251275,0.0,0.0,0.2779174315548699,0.1549606520839834,0.0,0.0,0.0,0.09280775809545051,0.0,0.0,0.0,0.0,-0.0,-0.0,-0.5681870962837782,-0.17482679885654712,0.0,0.0,0.0,0.07853291310114131,0.0,0.0,0.0,0.0
2013-10-28,44,2013,10,0,1,14.033223099367541,2.96161203506191,3.727453495653968,0.214691653647642,-0.20213672876477357,0.6121637491189544,0.07418586755709825,0.377648550198018,-0.15694848274899809,0.0,0.0,0.0,0.0,0.0,0.0,0.0,0.0,0.0,0.0,0.0,0.0,0.19457092360766098,-0.050657946947390814,-0.19585868863909067,0.20672206952718739,-0.0675954563246586,-0.0066158710831143615,0.0,0.0,0.1644022810552166,0.1549606520839834,0.0,0.0,0.0,0.09280775809545051,0.0,0.0,0.0,0.0,0.0,0.0,-0.5681870962837782,-0.17482679885654712,0.0,0.0,0.0,0.07853291310114131,0.0,0.0,0.0,0.0
2013-11-04,45,2013,11,0,1,11.880849947285624,0.438434643234887,4.106802019377586,-0.02953815677186666,-0.2774778799788939,0.13570944953964967,-0.4778025527193071,-0.35380650814740733,0.39864640934291956,0.0,0.0,0.0,0.0,-0.0,-0.35380650814740733,0.0,0.0,0.0,0.0,0.0,0.0,0.10223706146672794,-0.07295023185378428,-0.23213746550283645,0.10477745931454222,0.04627110196017197,-0.026484304387005903,0.0,0.0,0.0,0.1549606520839834,0.0,0.0,0.0,0.09280775809545051,-0.0,-0.0,-0.08845162703685183,-0.027215885242108256,0.0,0.0,-0.5681870962837782,-0.17482679885654712,0.0,0.0,0.0,0.07853291310114131,0.0,0.0,0.0,0.0
2013-11-11,46,2013,11,0,1,10.540404784549864,-2.055986578265178,4.606482905289757,-0.3582350672436314,-0.3104129244783807,-0.5110908253484415,0.019214885357839023,-0.12057625692236226,1.0562029751854773,0.0,0.0,0.0,0.0,0.0,0.0,0.0,0.0,0.0,0.0,0.0,1.0562029751854773,-0.035659105326262916,-0.12231750266210467,-0.2749338149458305,0.004208983052813377,-0.1648198746671941,-0.05170772441051474,0.0,0.0,0.0,0.1549606520839834,0.0,0.0,0.0,0.09280775809545051,0.0,0.0,-0.08845162703685183,-0.027215885242108256,0.0,0.0,-0.5681870962837782,-0.17482679885654712,0.0,0.0,0.0,0.07853291310114131,0.0,0.0,0.26405074379636934,0.08124638270657518
2013-11-18,47,2013,11,0,1,7.088510056841013,-3.9662073268206957,4.411228090943,-0.1992468793251767,-0.25612731840046954,-0.10886709606589802,-0.8979153651565678,-0.7795727069569589,0.5538151720231453,0.0,0.0,0.0,0.0,-0.0,-0.7795727069569589,0.0,0.0,0.0,0.0,0.0,0.0,-0.09308211242325817,-0.13066747066860243,-0.2615387129056294,-0.07271602059106938,0.031978819311066095,-0.031451224462786115,0.0,0.0,0.0,0.1549606520839834,0.0,0.0,0.0,0.09280775809545051,-0.0,-0.0,-0.28334480377609156,-0.08718301654648972,0.0,0.0,0.0,-0.17482679885654712,0.0,0.0,0.0,0.07853291310114131,0.0,0.0,0.26405074379636934,0.08124638270657518
2013-11-25,48,2013,11,0,1,3.6850547156518068,-7.652989233735444,3.4353548518100094,-0.7538191896045972,-0.33867639332561794,-1.3951530215841166,-1.2615285209606524,-1.7866161667089664,-1.0030440181112212,0.0,0.0,0.0,0.0,0.0,0.0,-0.0,-1.7866161667089664,0.0,0.0,0.0,0.0,-0.335209823236318,-0.17169518660170502,-0.29567362904584055,-0.13182143944381447,-0.46985037336470165,-0.134571737531834,0.0,0.0,0.0,0.1549606520839834,0.0,0.0,0.0,0.09280775809545051,0.0,0.0,-0.28334480377609156,-0.08718301654648972,-0.0,-0.0,-0.4466540416772416,-0.3122588116803138,0.0,0.0,0.0,0.07853291310114131,0.0,0.0,0.26405074379636934,0.08124638270657518
2013-12-02,49,2013,12,0,0,2.119088941617446,-7.579838576567623,4.047598983428142,-1.0309986107048708,-0.24792222757948704,-0.30328244419832967,-0.7983549525749254,-0.760659833352534,0.2450775905795532,0.0,0.0,0.0,0.0,-0.0,-0.0,0.0,0.0,0.0,0.0,0.0,0.0,-0.585574936719569,-0.1898119878291123,-0.2882847159459888,-0.16913054084748322,-0.5795983467991964,-0.09492523000013804,0.0,0.0,0.0,0.1549606520839834,0.0,0.0,0.0,0.0,-0.0,-0.0,-0.19489317673923973,-0.08718301654648972,0.0,0.0,-0.4466540416772416,-0.3122588116803138,0.0,0.0,0.0,0.07853291310114131,0.0,0.0,0.26405074379636934,0.08124638270657518
2013-12-09,50,2013,12,0,0,-2.4617717983148255,-12.969855170802012,3.9414899316939467,-0.7368917486684715,-0.2968774162210128,-0.27963066710738227,-1.4736843541061135,-1.5942863533933753,0.017047939429411414,0.0,0.0,0.0,0.0,0.0,0.0,-0.0,-0.0,0.0,0.0,0.0,0.0,-0.680239107075779,-0.18163882657899416,-0.28490083888164686,-0.2006360027774221,-0.5217333072389316,-0.1194176452884692,0.0,0.0,0.0,0.0855130558630369,0.0,0.0,0.0,0.0,0.0,0.0,-0.19489317673923973,-0.08718301654648972,-0.0,-0.0,-0.4466540416772416,-0.3122588116803138,0.0,0.0,0.0,0.07853291310114131,0.0,0.0,0.0,0.08124638270657518
2013-12-16,51,2013,12,0,0,3.370844587264796,-6.773746253147932,4.027493292240227,-0.6941557274351189,-0.32128686166823345,0.20777466968740982,-0.1459370937508149,-0.24167496715583983,0.10733790638644389,0.0,0.0,0.0,0.0,0.0,0.0,0.0,0.0,0.0,0.0,0.0,0.0,-0.8039663191032645,-0.21677639465580986,-0.3011907246985878,-0.23397166336094147,-0.44257286580060473,-0.1582217176812003,0.0,0.0,0.0,0.0855130558630369,0.0,0.0,0.0,0.0,0.0,0.0,0.0,-0.08718301654648972,0.0,0.0,-0.4466540416772416,-0.3122588116803138,0.0,0.0,0.0,0.07853291310114131,0.0,0.0,0.0,0.08124638270657518
2013-12-23,52,2013,12,0,0,2.056355355295831,-10.586466569544722,4.076911188977735,-0.7008007911591785,-0.3722879847100923,-0.9405930590458187,-0.5492522588269579,-1.1926533160423687,-0.22378197659302135,0.0,0.0,0.0,0.0,0.0,0.0,-0.0,-0.0,0.0,0.0,0.0,0.0,-0.7907117194919098,-0.26132714417815106,-0.3095936225447064,-0.24861530006527838,-0.32893287516603026,-0.20453441805479392,0.0,0.0,0.0,0.0855130558630369,0.0,0.0,0.0,0.0,0.0,0.0,0.0,-0.08718301654648972,-0.0,-0.0,-0.0,-0.3122588116803138,0.0,0.0,0.0,0.0,0.0,0.0,0.0,0.08124638270657518
2013-12-30,1,2013,12,0,0,-2.7035101939435946,-14.930742792112362,4.839772190474518,-0.6223685680386123,-0.6748849222710086,-0.3232864283120538,-0.8479198848048243,-1.16200915848296,1.024186191705185,0.0,0.0,0.0,0.0,-0.0,-0.0,0.0,0.0,0.0,0.0,0.0,0.0,-0.6885542088253452,-0.33444392650160615,-0.4163342962175868,-0.29841451409150455,-0.3339338711944613,-0.29144624982566264,0.0,0.0,0.0,0.05058531724775895,0.0,0.0,0.0,0.0,-0.0,-0.0,-0.0,-0.08718301654648972,0.0,0.0,0.0,-0.3122588116803138,0.0,0.0,0.0,0.0,0.0,0.0,0.0,0.08124638270657518
2014-01-06,2,2014,1,0,0,-2.1929585675752965,-13.010524831378945,4.234679008359576,-0.571590897880752,-0.6267587630209456,-0.25860059002555236,-1.1172312199057604,-1.2366714011769726,-0.06398149988832959,0.0,0.0,0.0,0.0,0.0,0.0,-0.0,-0.0,0.0,0.0,0.0,0.0,-0.6472289961284153,-0.4045507103225768,-0.49880463291756993,-0.33644497489896874,-0.3286763519240038,-0.28674192724303804,0.0,0.0,0.0,0.0,0.0,0.0,0.0,0.0,0.0,0.0,0.0,-0.08718301654648972,-0.0,-0.0,-0.0,-0.3122588116803138,0.0,0.0,0.0,0.0,0.0,0.0,0.0,0.08124638270657518
2014-01-13,3,2014,1,0,0,3.927673908182431,-8.054454900421423,5.450690968999677,-0.6257652765820771,-0.8730913203806087,-0.9114894376859984,0.7951194532389512,0.2876583093634497,2.1419222225489265,0.0,0.0,0.0,0.0,0.0,0.0,0.0,0.0,0.0,0.0,0.0,0.0,-0.630131383415155,-0.46755954697722363,-0.6367557475956638,-0.39289603595083056,-0.6084923787673558,-0.3824928902312704,0.0,0.0,0.0,0.0,0.0,0.0,0.0,0.0,0.0,0.0,0.0,-0.08718301654648972,0.0,0.0,0.0,-0.3122588116803138,0.0,0.0,0.0,0.0,0.0,0.0,0.0,0.08124638270657518
2014-01-20,4,2014,1,0,0,-0.04272429060497967,-14.685719376557564,5.803284943589067,-1.2883775904756787,-0.876868452440227,-1.0667548109637435,-0.5391092641925531,-1.3271237515934204,2.453110186078678,0.0,0.0,0.0,0.0,0.0,0.0,-0.0,-0.0,0.0,0.0,0.0,0.0,-0.77702558324428,-0.5690074500186454,-0.7629008645281975,-0.43652378409536546,-0.6400328167468371,-0.3956231163070246,0.0,0.0,0.0,0.0,0.0,0.0,0.0,0.0,0.0,0.0,0.0,-0.08718301654648972,-0.0,-0.0,-0.0,-0.13743201282376666,0.0,0.0,0.0,0.0,0.0,0.0,0.0,0.08124638270657518
2014-01-27,5,2014,1,0,0,-2.1057326215055547,-15.298643295666826,4.364007939488987,-1.2136876229585654,-1.185745214670885,-0.3809345362810989,-1.1771310827191188,-1.5403720433533759,0.32348569025892104,0.0,0.0,0.0,0.0,0.0,0.0,-0.0,-0.0,0.0,0.0,0.0,0.0,-0.9248553469742683,-0.6788827789883537,-0.8906159376281665,-0.5121859753189125,-0.6544448437390984,-0.47201529210702875,0.0,0.0,0.0,0.0,0.0,0.0,0.0,0.0,0.0,0.0,0.0,-0.08718301654648972,-0.0,-0.0,-0.0,-0.13743201282376666,0.0,0.0,0.0,0.0,0.0,0.0,0.0,0.08124638270657518
2014-02-03,6,2014,2,0,0,-5.8659706042517366,-16.40739976857311,3.6567269533498505,-1.0091696868195754,-1.29465536464209,-0.22044876325971083,-1.5201454039298015,-1.6393182159682163,-1.3031928330114564,0.0,0.0,0.0,0.0,0.0,0.0,-0.0,-0.0,0.0,0.0,0.0,0.0,-1.0342500442089742,-0.754239050530485,-1.0575900880334528,-0.5904303972160814,-0.644906887047638,-0.4994120777069796,0.0,0.0,0.0,0.0,0.0,0.0,0.0,0.0,0.0,0.0,0.0,-0.05996713130438146,-0.0,-0.0,-0.0,-0.13743201282376666,0.0,0.0,0.0,0.0,0.0,0.0,0.0,0.08124638270657518
2014-02-10,7,2014,2,0,0,-2.00329754496179,-14.681189826232636,3.8128699019776446,-1.165935690029334,-1.317989888648478,-0.602675334049449,-1.3073934388114485,-1.58813963578235,-0.7071746816298113,0.0,0.0,0.0,0.0,0.0,0.0,-0.0,-0.0,0.0,0.0,0.0,0.0,-1.1692926475707883,-0.8163698676678468,-1.16881473010042,-0.6679363175368581,-0.5677033611385006,-0.5064570399147493,0.0,0.0,0.0,0.0,0.0,0.0,0.0,0.0,0.0,0.0,0.0,-0.05996713130438146,-0.0,-0.0,-0.0,-0.13743201282376666,0.0,0.0,0.0,0.0,0.0,0.0,0.0,0.0
2014-02-17,8,2014,2,0,0,7.088488157818127,-5.057285475615009,5.076110678349778,-0.601096390363878,-1.1984992555275837,0.28354677696749625,0.5023624190024227,0.4352843613177506,1.5193327060692499,0.0,0.0,0.0,0.0,0.0,0.0,0.0,0.0,0.0,0.0,0.0,0.0,-0.9974723475428381,-0.8472813685169777,-1.2492224308722593,-0.7404264665466361,-0.2301279641556907,-0.476271357373719,0.0,0.0,0.0,0.0,0.0,0.0,0.0,0.0,0.0,0.0,0.0,0.0,0.0,0.0,0.0,-0.13743201282376666,0.0,0.0,0.0,0.0,0.0,0.0,0.0,0.0
2014-02-24,9,2014,2,0,0,-2.469116849865774,-14.16358732400464,4.932037953438282,-0.5735003088627708,-1.1849270609373748,-0.6991577013535295,-1.786872020166638,-2.008203885450865,1.106148641848575,0.0,0.0,0.0,0.0,0.0,0.0,-0.0,-0.0,0.0,0.0,0.0,0.0,-0.8374255190188895,-0.8334106853829911,-1.2490178924388817,-0.8055226717475406,-0.30968375542379833,-0.42273325581752,0.0,0.0,0.0,0.0,0.0,0.0,0.0,0.0,0.0,0.0,0.0,0.0,-0.0,-0.0,-0.0,-0.0,0.0,0.0,0.0,0.0,0.0,0.0,0.0,0.0
2014-03-03,10,2014,3,1,0,1.7202581471649603,-10.484686619598834,3.835864143036353,-0.9446141664011528,-1.2665532387912035,-0.744603646660381,-1.3911343792995192,-1.6210540246787317,-1.594380640936342,0.0,0.0,0.0,0.0,0.0,0.0,-1.6210540246787317,-0.0,0.0,0.0,0.0,0.0,-0.8212866389142838,-0.826765728128859,-1.24199236097616,-0.8838789033792109,-0.4407224762739659,-0.45668104062229314,0.0,0.0,0.0,0.0,0.0,0.0,0.0,0.0,0.0,0.0,0.0,0.0,-0.40526350616968293,-0.12469646343682551,-0.0,-0.0,0.0,0.0,0.0,0.0,0.0,0.0,0.0,0.0
2014-03-10,11,2014,3,1,0,11.66870851938634,-2.9307417918850858,5.028059111726808,-0.8559619738523733,-1.3135923736809245,-0.5298937161022805,-0.09705792921057732,-0.6158554452059952,1.2395965208122401,0.0,0.0,0.0,0.0,0.0,0.0,0.0,0.0,0.0,0.0,1.2395965208122401,0.0,-0.7437932098700437,-0.8359249762199282,-1.2408929822342716,-0.9620877462607427,-0.42252707178717375,-0.47593204439113157,0.0,0.0,0.0,0.0,0.0,0.0,0.0,0.0,0.0,0.0,0.0,0.0,-0.40526350616968293,-0.12469646343682551,0.0,0.0,0.0,0.0,0.0,0.0,0.30989913020306004,0.09535357852401848,0.0,0.0
2014-03-17,12,2014,3,1,0,8.954540420150556,-3.9721545794770057,4.75308282376394,-1.4945729635834943,-1.5884893998044614,-0.6631006023362009,-0.7779304827355951,-1.0796165597142477,0.44161099562659856,0.0,0.0,0.0,0.0,0.0,0.0,-1.0796165597142477,-0.0,0.0,0.0,0.0,0.0,-0.9671623531749477,-0.8974955328467262,-1.338390518303491,-1.059564864578914,-0.6591889166130981,-0.5429224499314093,0.0,0.0,0.0,0.0,0.0,0.0,0.0,0.0,0.0,0.0,0.0,0.0,-0.6751676460982449,-0.20774389110715227,-0.0,-0.0,0.0,0.0,0.0,0.0,0.30989913020306004,0.09535357852401848,0.0,0.0
2014-03-24,13,2014,3,1,0,7.864880089665956,-4.537656196483094,4.816848603746731,-1.0672813713614975,-1.4605109440648292,-0.08426800377571758,-1.414823652267955,-1.7150468096608538,0.4977539487172584,0.0,0.0,0.0,0.0,0.0,0.0,-1.7150468096608538,-0.0,0.4977539487172584,0.0,0.0,0.0,-1.0906076187996294,-0.9256863467084432,-1.4072864890853545,-1.1432743229908169,-0.5054664922186451,-0.4770512918337092,0.0,0.0,0.0,0.0,0.0,0.0,0.0,0.0,0.0,0.0,0.0,0.0,-1.1039293485134583,-0.33967056877337176,-0.0,-0.0,0.1244384871793146,0.03828876528594295,0.0,0.0,0.30989913020306004,0.09535357852401848,0.0,0.0
2014-03-31,14,2014,3,1,0,13.029331607870105,0.061870614701402454,5.047066931409056,-0.5424269428221519,-1.2447340239112539,0.4715738689778746,-0.5221107969136424,-0.5775406939096677,0.4870684582390411,0.0,0.0,0.0,0.0,-0.5775406939096677,-0.0,0.0,0.0,0.0,0.0,0.0,0.0,-0.9900608129048791,-0.9195369909225616,-1.4018316853653672,-1.1871088692708358,-0.20142211330908125,-0.4159081920421763,0.0,0.0,0.0,0.0,0.0,0.0,0.0,0.0,-0.14438517347741694,-0.044426207223820596,-0.0,-0.0,-0.6986658423437753,-0.33967056877337176,0.0,0.0,0.1244384871793146,0.03828876528594295,0.0,0.0,0.30989913020306004,0.09535357852401848,0.0,0.0
2014-04-07,15,2014,4,1,0,18.80849571948571,3.791009912459244,4.809559565816966,-0.34154941119964577,-1.195484932092146,-0.07380544341212775,0.5617816932782791,0.12612607891125163,0.2906533733334293,0.5617816932782791,0.0,0.0,0.0,0.0,0.0,0.0,0.0,0.0,0.0,0.0,0.0,-0.8614576722416973,-0.9018414919470921,-1.3723048249681726,-1.2308570361224664,-0.08740004513654302,-0.40169318076422045,0.14044542331956977,0.04321397640602147,0.0,0.0,0.0,0.0,0.0,0.0,-0.14438517347741694,-0.044426207223820596,0.0,0.0,-0.6986658423437753,-0.33967056877337176,0.0,0.0,0.1244384871793146,0.03828876528594295,0.0,0.0,0.0,0.09535357852401848,0.0,0.0
2014-04-14,16,2014,4,1,0,14.74849749634903,0.5748845100334984,4.787355409395942,-0.0029734179148227687,-0.9519058489622096,0.3354303678156054,-0.5356691889462397,-1.1150043594405312,0.5038999018949619,0.0,0.0,0.0,0.0,-1.1150043594405312,-0.0,0.0,0.0,0.0,0.0,0.0,0.0,-0.4885577858245294,-0.8539344258957647,-1.2131589372576097,-1.2369196921672052,0.16223269740140855,-0.3057762726487125,0.14044542331956977,0.04321397640602147,0.0,0.0,0.0,0.0,0.0,0.0,-0.4231362633375497,-0.13019577333463067,-0.0,-0.0,-0.42876170241521344,-0.33967056877337176,0.0,0.0,0.1244384871793146,0.03828876528594295,0.0,0.0,0.0,0.09535357852401848,0.0,0.0
2014-04-21,17,2014,4,1,0,20.17095848924021,5.889485817233644,5.017804947854137,0.237838565016554,-0.7522426410129612,0.24596536936798435,0.9459945455758293,0.26351362757067553,0.8746192701968861,0.0,0.0,0.9459945455758293,0.0,0.0,0.0,0.0,0.0,0.8746192701968861,0.0,0.0,0.0,-0.16227780173001655,-0.7365331831655928,-1.0360918614946426,-1.2273330912881846,0.24479104068733404,-0.2047977972385796,0.14044542331956977,0.04321397640602147,0.0,0.0,0.23649863639395732,0.07276881119814071,0.0,0.0,-0.4231362633375498,-0.1301957733346307,0.0,0.0,0.0,-0.33967056877337176,0.0,0.0,0.21865481754922153,0.10556717068570344,0.0,0.0,0.0,0.09535357852401848,0.0,0.0
2014-04-28,18,2014,4,1,0,15.963320676500691,5.72601708218793,5.243421905991526,0.31460237687008086,-0.43908198877366766,0.937625761501338,-1.6509762270997046,-0.739648492878916,2.245276889100298,0.0,0.0,0.0,0.0,-0.739648492878916,-0.0,0.0,0.0,0.0,0.0,2.245276889100298,0.0,0.051979528193041635,-0.6189724139480047,-0.8346788527102461,-1.1698974585268602,0.3613040138181999,-0.10337008202454599,0.14044542331956977,0.04321397640602147,0.0,0.0,0.23649863639395732,0.07276881119814071,0.0,0.0,-0.46366321307986186,-0.18709181124839347,-0.0,-0.0,0.0,-0.33967056877337176,0.0,0.0,0.21865481754922153,0.10556717068570344,0.0,0.0,0.5613192222750745,0.26806718537788754,0.0,0.0
2014-05-05,19,2014,5,1,0,23.37395761929591,9.566196923807244,4.789607703064963,0.45637531471548204,-0.37255800940287787,0.2251708445297041,0.5606309098570069,0.19310865916617567,1.7454063150609795,0.5606309098570069,0.0,0.0,0.0,0.0,0.0,0.0,0.0,0.0,0.0,1.7454063150609795,0.0,0.2514607096718236,-0.5062381830606927,-0.6289471220379291,-1.0989668927392284,0.4360480858036579,-0.06909165065612946,0.14015772746425173,0.08633943101040661,0.0,0.0,0.23649863639395732,0.07276881119814071,0.0,0.0,-0.46366321307986186,-0.18709181124839347,0.0,0.0,0.0,-0.33967056877337176,0.0,0.0,0.21865481754922153,0.10556717068570344,0.0,0.0,0.9976708010403194,0.40232920961334745,0.0,0.0
2014-05-12,20,2014,5,1,0,18.251492938659506,6.39828956019492,4.05534059280362,0.8318375238095018,0.025888064829172407,1.1590990516007673,-1.739800783916267,-1.7479125413627887,0.24505584075662332,0.0,0.0,0.0,0.0,0.0,0.0,-1.7479125413627887,-0.0,0.0,0.0,0.0,0.0,0.46016344510290474,-0.3525633204577053,-0.38449864359008357,-0.9955916655486401,0.6419652567499483,0.06642945593234871,0.14015772746425173,0.08633943101040661,0.0,0.0,0.23649863639395732,0.07276881119814071,0.0,0.0,-0.18491212321972905,-0.18709181124839347,0.0,0.0,-0.4369781353406972,-0.47412537964743245,-0.0,-0.0,0.21865481754922153,0.10556717068570344,0.0,0.0,0.9976708010403194,0.40232920961334745,0.0,0.0
2014-05-19,21,2014,5,1,0,25.11719754641719,11.683176171549837,3.623149771342658,0.7927620134468961,-0.03417080477229474,-0.035995396485129796,0.4116915150654802,0.011737724295643072,-0.5185132597146983,0.0,0.0,0.0,0.0,0.0,0.0,0.0,0.0,0.0,0.0,0.0,0.0,0.5988943072104903,-0.24534344324149188,-0.20498068452991697,-0.9060279385674639,0.5714750652866699,0.04184928874368516,0.14015772746425173,0.08633943101040661,0.0,0.0,0.0,0.07276881119814071,0.0,0.0,-0.18491212321972905,-0.18709181124839347,0.0,0.0,-0.4369781353406972,-0.47412537964743245,0.0,0.0,0.0,0.10556717068570344,0.0,0.0,0.9976708010403194,0.40232920961334745,0.0,0.0
2014-05-26,22,2014,5,1,0,28.29943435060806,15.501553586583375,3.2228140538501764,0.4779640213745941,0.1088854717917573,0.4481941947656175,0.9960261703116038,1.1261054003002786,-0.5951191264787744,0.9960261703116038,0.0,0.0,0.0,0.0,0.0,0.0,0.0,0.0,0.0,0.0,0.0,0.6397347183366185,-0.16446157168477146,-0.06798881938856072,-0.8065038975883,0.4491171736027397,0.13010712690669649,0.3891642700421527,0.16295682872668385,0.0,0.0,0.0,0.07276881119814071,0.0,0.0,0.0,-0.18709181124839347,0.0,0.0,-0.4369781353406972,-0.47412537964743245,0.0,0.0,0.0,0.10556717068570344,0.0,0.0,0.4363515787652449,0.40232920961334745,0.0,0.0
2014-06-02,23,2014,6,0,0,26.308811105807873,14.608862723193301,3.508845195892486,1.0641606490580098,0.5024317556470309,1.2051296491994905,-0.3807647682936402,0.11374376726532084,0.11356072749832857,0.0,0.0,0.0,0.0,0.0,0.0,0.0,0.0,0.0,0.0,0.0,0.0,0.7916810519222506,-0.009940432034066702,0.15075862187391648,-0.6704281287853588,0.6941068747701863,0.28008661120360967,0.24900654257790095,0.16295682872668385,0.0,0.0,0.0,0.07276881119814071,0.0,0.0,0.0,-0.18709181124839347,0.0,0.0,-0.4369781353406972,-0.3494289162106069,0.0,0.0,0.0,0.10556717068570344,0.0,0.0,0.0,0.40232920961334745,0.0,0.0
2014-06-09,24,2014,6,0,0,24.538829088478202,13.006981536971447,3.942933614656964,0.7846005224977908,0.7056716798308176,0.9013068528668436,-1.4849840153614766,-1.2235917959346625,0.6951245808006483,0.0,0.0,0.0,0.0,-0.0,-0.0,0.0,0.0,0.0,0.0,0.0,0.0,0.7798718015943228,0.11625668306979207,0.3207045256243278,-0.5151001246690711,0.6296588250867053,0.3901789626627731,0.24900654257790095,0.16295682872668385,0.0,0.0,0.0,0.07276881119814071,0.0,0.0,-0.0,-0.18709181124839347,-0.0,-0.0,0.0,-0.3494289162106069,0.0,0.0,0.0,0.10556717068570344,0.0,0.0,0.0,0.306975631089329,0.0,0.0
2014-06-16,25,2014,6,0,0,29.259740575572156,17.411283845572466,3.6421998326638407,1.3051293827153416,1.048118578181137,1.2164575457546687,0.36949251149765855,0.5043078133329731,0.03582856491975486,0.0,0.0,0.0,0.0,0.0,0.0,0.0,0.0,0.0,0.0,0.0,0.0,0.9079636439114341,0.3316184020158564,0.5912768713626857,-0.3122841263624865,0.942772060646655,0.5347603586697631,0.24900654257790095,0.16295682872668385,0.0,0.0,0.0,0.07276881119814071,0.0,0.0,0.0,-0.18709181124839347,0.0,0.0,0.0,-0.2663814885402802,0.0,0.0,0.0,0.10556717068570344,0.0,0.0,0.0,0.306975631089329,0.0,0.0
2014-06-23,26,2014,6,0,0,28.205297893523376,17.45495314197408,3.3862284431224494,1.5874454536840643,1.2208411673162833,1.0811854350654142,-0.7065664285645464,0.32265563620473564,0.333538029865335,0.0,0.0,0.0,0.0,0.0,0.0,0.0,0.0,0.0,0.0,0.0,0.0,1.1853340019888017,0.5358281577885919,0.8692657952438172,-0.10602627164086245,1.1010198707216041,0.624410623196004,0.0,0.16295682872668385,0.0,0.0,0.0,0.07276881119814071,0.0,0.0,0.0,-0.18709181124839347,0.0,0.0,0.0,-0.13445481087406067,0.0,0.0,0.0,0.06727840539976047,0.0,0.0,0.0,0.306975631089329,0.0,0.0
2014-06-30,27,2014,6,0,0,27.231193587295532,15.469835385689352,3.8096960001808466,1.4562232128913206,1.188748712644825,0.5843915930073312,-1.0960498397635308,-1.3333293140741205,2.6131951091205523,0.0,0.0,0.0,0.0,0.0,0.0,-0.0,-0.0,0.0,0.0,0.0,0.0,1.2833496429471294,0.689570477458859,1.0408450344932658,0.08116470809422052,0.9458353566735642,0.6330889096598084,0.0,0.16295682872668385,0.0,0.0,0.0,0.07276881119814071,0.0,0.0,0.0,-0.14266560402457287,0.0,0.0,-0.0,-0.13445481087406067,-0.0,-0.0,0.0,0.06727840539976047,0.0,0.0,0.0,0.306975631089329,0.0,0.0
2014-07-07,28,2014,7,0,0,28.749574339158926,16.793737770037687,3.3790791920622065,1.3108327570189862,1.2390963831433102,0.7362212928319342,-0.8327217991001303,-1.0862805033883625,1.4396092887456375,0.0,0.0,0.0,0.0,-0.0,-0.0,0.0,0.0,0.0,0.0,0.0,0.0,1.414907701577428,0.8166767980910614,1.1742012103213888,0.26844019388156326,0.904563966664837,0.6953986586016593,0.0,0.11974285232066237,0.0,0.0,0.0,0.07276881119814071,0.0,0.0,-0.0,-0.14266560402457287,-0.0,-0.0,0.0,-0.13445481087406067,0.0,0.0,0.0,0.06727840539976047,0.0,0.0,0.0,0.306975631089329,0.0,0.0
2014-07-14,29,2014,7,0,0,25.764952509720597,13.807809691001323,2.9390721987733532,0.9001342416849365,1.2749035864270846,-0.27444328353364966,-2.0711129298929443,-2.198646995671053,-0.34885061548255986,0.0,0.0,0.0,0.0,0.0,0.0,-0.0,-0.0,0.0,0.0,0.0,0.0,1.313658916319827,0.8861466180602738,1.2308974623828757,0.4397332273730475,0.5318387593427574,0.6484853008055627,0.0,0.11974285232066237,0.0,0.0,0.0,0.07276881119814071,0.0,0.0,0.0,-0.056896037913762784,0.0,0.0,-0.0,-0.13445481087406067,-0.0,-0.0,0.0,0.06727840539976047,0.0,0.0,0.0,0.306975631089329,0.0,0.0
2014-07-21,30,2014,7,0,0,29.23831535135877,16.906308649517236,3.522417954482453,0.48617808927623757,1.159462037044428,-0.03280089103328252,-0.2541342475668036,-0.44745326696926374,2.3564207168668316,0.0,0.0,0.0,0.0,0.0,0.0,0.0,0.0,0.0,0.0,0.0,0.0,1.0383420752178703,0.9052496583879417,1.2155526798149119,0.586787433377462,0.2533421778180832,0.6270417423131576,0.0,0.11974285232066237,0.0,0.0,0.0,0.0,0.0,0.0,0.0,-0.056896037913762784,0.0,0.0,0.0,-0.13445481087406067,0.0,0.0,0.0,0.0,0.0,0.0,0.0,0.306975631089329,0.0,0.0
2014-07-28,31,2014,7,0,0,27.241726567865946,14.111639454398366,2.300910642325312,0.003388122196794216,1.0829673577300083,-0.16762934348433883,-1.1533135444023017,-1.7096696835296734,-1.4273052510670097,0.0,0.0,0.0,0.0,0.0,0.0,-0.0,-0.0,0.0,0.0,0.0,0.0,0.6751333025442386,0.8813101003361504,1.1891073410862076,0.7038681523392832,0.06533694369516568,0.5420221188527209,0.0,0.11974285232066237,0.0,0.0,0.0,0.0,0.0,0.0,0.0,0.0,0.0,0.0,-0.0,-0.13445481087406067,-0.0,-0.0,0.0,0.0,0.0,0.0,0.0,0.13426202423545996,0.0,0.0
2014-08-04,32,2014,8,0,0,27.897775061832377,16.76878398921817,2.55729279924401,0.11865035854557979,1.0325284743742364,0.5132452544674059,-0.7145418736955608,-0.03228640911139595,-0.685525704956091,0.0,0.0,0.0,0.0,0.0,0.0,0.0,0.0,0.0,0.0,0.0,0.0,0.37708770292588706,0.8553312575538503,1.1374653638939394,0.8119517280144459,0.009592934104033612,0.5641816888479286,0.0,0.07661739771627721,0.0,0.0,0.0,0.0,0.0,0.0,0.0,0.0,0.0,0.0,0.0,-0.13445481087406067,0.0,0.0,0.0,0.0,0.0,0.0,0.0,0.0,0.0,0.0
2014-08-11,33,2014,8,0,0,27.05943761783598,15.019993356168968,2.9114288623374307,0.027596032691797136,0.9538415822769908,0.37357592072471524,-1.234645642298476,-0.9707408381714189,0.69616758207411,0.0,0.0,0.0,0.0,-0.0,-0.0,0.0,0.0,0.0,0.0,0.0,0.0,0.15895315067760224,0.7934665274678729,1.0571998628564159,0.8833327678181242,0.17159773516862484,0.5037568326266939,0.0,0.07661739771627721,0.0,0.0,0.0,0.0,0.0,0.0,-0.0,-0.0,-0.0,-0.0,0.0,0.0,0.0,0.0,0.0,0.0,0.0,0.0,0.0,0.0,0.0,0.0
2014-08-18,34,2014,8,0,0,29.396557996165626,18.589723702932726,2.8680344368880326,0.6427928376116467,1.1666651407347035,1.0928113214376312,0.44311713894741656,1.552294189436102,-0.3313429355894242,0.0,0.0,0.0,0.0,0.0,0.0,0.0,0.0,0.0,0.0,0.0,0.0,0.19810683776145455,0.7819304370190076,1.0590006387789848,0.9757047636263548,0.45300078828635326,0.5905881186207524,0.0,0.07661739771627721,0.0,0.0,0.0,0.0,0.0,0.0,0.0,0.0,0.0,0.0,0.0,0.0,0.0,0.0,0.0,0.0,0.0,0.0,0.0,0.0,0.0,0.0
2014-08-25,35,2014,8,0,0,28.273197237741662,17.253780659048058,2.9189693162165113,0.9303205577047465,1.1749987869255127,0.766780868780283,0.0007817681961432573,0.8218569495385604,-0.2777504674079822,0.0,0.0,0.0,0.0,0.0,0.0,0.0,0.0,0.0,0.0,0.0,0.0,0.4298399466384426,0.8167270936597887,1.0820084960778609,1.0577134801751051,0.6866033413525087,0.6150947858526498,0.0,0.0,0.0,0.0,0.0,0.0,0.0,0.0,0.0,0.0,0.0,0.0,0.0,0.0,0.0,0.0,0.0,0.0,0.0,0.0,0.0,0.0,0.0,0.0
2014-09-01,36,2014,9,0,1,27.547880873505076,15.22491871685416,3.251593544735155,1.0459105956237638,1.0940874764530197,0.755691536150945,0.3176333609041335,0.6251443499701137,0.5685015898349164,0.0,0.0,0.0,0.0,0.0,0.0,0.0,0.0,0.0,0.0,0.0,0.0,0.6616550059079886,0.8153232433956158,1.0973982465975567,1.103225458698643,0.7472149117733935,0.580522623310454,0.0,0.0,0.0,0.0,0.0,0.0,0.0,0.0,0.0,0.0,0.0,0.0,0.0,0.0,0.0,0.0,0.0,0.0,0.0,0.0,0.0,0.0,0.0,0.0
2014-09-08,37,2014,9,0,1,21.112230574595067,10.128497562267432,3.5578518129370815,1.2627573426414935,1.1460720073905672,1.000790063514049,-2.107803196821359,-1.4496717026295969,1.7233661120798258,0.0,0.0,0.0,0.0,0.0,0.0,-0.0,-1.4496717026295969,0.0,0.0,0.0,1.7233661120798258,0.9704453333954126,0.8521045372528238,1.1454558528759509,1.1371024069724698,0.9040184474707269,0.5881751779756237,0.0,0.0,0.0,0.0,0.0,0.0,0.0,0.0,0.0,0.0,0.0,0.0,-0.0,-0.0,-0.3624179256573992,-0.11151320789458438,0.0,0.0,0.0,0.0,0.0,0.0,0.43084152801995645,0.13256662400614044
2014-09-15,38,2014,9,0,1,23.206437975443535,9.874559230818026,3.1095606500887945,0.9492961934681454,0.8620627389586101,-0.07398195125903079,-1.064388528619329,-0.9528367937867767,-0.21297650182677277,0.0,0.0,0.0,0.0,-0.0,-0.9528367937867767,0.0,0.0,0.0,0.0,0.0,0.0,1.0470711723595374,0.8247327534645778,1.0693052524319275,1.1227904193399676,0.6123201292965613,0.48891060128226205,0.0,0.0,0.0,0.0,0.0,0.0,0.0,0.0,-0.0,-0.0,-0.23820919844669416,-0.0732951379835982,0.0,0.0,-0.3624179256573992,-0.11151320789458438,0.0,0.0,0.0,0.0,0.0,0.0,0.43084152801995645,0.13256662400614044
2014-09-22,39,2014,9,0,1,25.00291381164798,10.630019326256422,2.4562993380378892,0.4429488553239218,0.5700504556855638,-1.0810489886489152,0.48219969063970913,0.003873475573910348,-1.3456765070357413,0.0,0.0,0.0,0.0,0.0,0.0,0.0,0.0,0.0,0.0,0.0,0.0,0.9252282467643311,0.7366945535907207,0.9180681696219402,1.0727295953683738,0.15036266493926193,0.32258487638115985,0.0,0.0,0.0,0.0,0.0,0.0,0.0,0.0,0.0,0.0,-0.23820919844669416,-0.0732951379835982,0.0,0.0,-0.3624179256573992,-0.11151320789458438,0.0,0.0,0.0,0.0,0.0,0.0,0.43084152801995645,0.13256662400614044
2014-09-29,40,2014,9,0,1,20.672686354090416,8.469942398296142,3.998011919326865,0.4190043514846704,0.6450239238837849,0.8619092473973681,-0.5845771992938881,-0.26764858403694675,1.047986072124112,0.0,0.0,0.0,0.0,0.0,0.0,0.0,0.0,0.0,1.047986072124112,0.0,0.0,0.7685016857295579,0.6569084873286707,0.8058022814796315,1.0309046116175247,0.17691709275086767,0.34393238825731653,0.0,0.0,0.0,0.0,0.0,0.0,0.0,0.0,0.0,0.0,-0.23820919844669416,-0.0732951379835982,0.0,0.0,-0.3624179256573992,-0.11151320789458438,0.0,0.0,0.261996518031028,0.08061431324031632,0.0,0.0,0.43084152801995645,0.13256662400614044
2014-10-06,41,2014,10,0,1,18.238849145030347,5.683319226135169,3.315128955987023,-0.14386094370523203,0.5117998078908504,-0.24896438278937544,-0.5847478977454307,-0.45200041761528625,-0.5918519572749469,0.0,0.0,0.0,0.0,-0.0,-0.45200041761528625,0.0,0.0,0.0,0.0,0.0,0.0,0.41684711414287645,0.5450089718883462,0.6472342316047023,0.9749587212134893,-0.13552151882498842,0.268148874747985,0.0,0.0,0.0,0.0,0.0,0.0,0.0,0.0,-0.0,-0.0,-0.3512093028505157,-0.10806440087708176,0.0,0.0,0.0,-0.11151320789458438,0.0,0.0,0.261996518031028,0.08061431324031632,0.0,0.0,0.0,0.13256662400614044
2014-10-13,42,2014,10,0,1,18.074671679226622,6.701405625663681,4.065186026159626,0.3416087714029024,0.6967845504705324,0.7019601045732147,0.07966260226200374,1.0023064187756636,0.8330823080474955,0.0,0.0,0.0,0.0,0.0,0.0,0.0,0.0,0.0,0.8330823080474955,0.0,0.0,0.2649252586265657,0.5020454741743436,0.6059146844826829,0.9304880261399083,0.058463995133072946,0.3432568276792823,0.0,0.0,0.0,0.0,0.0,0.0,0.0,0.0,0.0,0.0,-0.11300010440382156,-0.10806440087708176,0.0,0.0,0.0,-0.11151320789458438,0.0,0.0,0.4702670950429019,0.14469756770550826,0.0,0.0,0.0,0.13256662400614044
2014-10-20,43,2014,10,0,1,19.618827295311416,5.19047621864835,3.116728520363247,0.2034392410817661,0.58961022746354,-0.9544445411091311,1.2190610580164398,0.6041661566874856,-1.2525971201002293,0.0,1.2190610580164398,0.0,0.0,0.0,0.0,0.0,0.0,0.0,0.0,0.0,0.0,0.2050478550660268,0.4802963320055381,0.610804627427177,0.8866532715567631,0.09011510701801895,0.2723611622888324,0.0,0.0,0.30476526450410996,0.09377392753972615,0.0,0.0,0.0,0.0,0.0,0.0,-0.11300010440382156,-0.10806440087708176,0.0,0.0,0.0,-0.11151320789458438,0.0,0.0,0.4702670950429019,0.14469756770550826,0.0,0.0,0.0,0.13256662400614044
2014-10-27,44,2014,10,0,1,14.639183192818793,1.6708395807540886,4.39494203439172,-0.4069210578996188,0.5399908564981095,-0.9015852011773674,0.2583942787515088,-0.10606716861991526,1.257400684547781,0.0,0.2583942787515088,0.0,0.0,0.0,0.0,0.0,0.0,0.0,0.0,0.0,1.257400684547781,-0.0014334972800455204,0.4487340873827371,0.5845463605807582,0.8448858483850785,-0.3507585051256649,0.21590301938936862,0.0,0.0,0.36936383419198715,0.11365041052061144,0.0,0.0,0.0,0.0,0.0,0.0,-0.11300010440382156,-0.10806440087708176,0.0,0.0,0.0,-0.11151320789458438,0.0,0.0,0.20827057701187388,0.14469756770550826,0.0,0.0,0.31435017113694524,0.22928975358673898
2014-11-03,45,2014,11,0,1,13.033717259427446,1.3835371625146131,4.455589154473292,-0.5261039368328645,0.3660405570592811,-0.42487290079626133,-0.16454589880787268,0.023766730855887003,1.2127809401437815,0.0,0.0,0.0,0.0,0.0,0.0,0.0,0.0,0.0,1.2127809401437815,0.0,0.0,-0.09699424556195363,0.3991376031228568,0.5481065478728657,0.7936175470531589,-0.39473563462738637,0.14374008436908656,0.0,0.0,0.36936383419198715,0.11365041052061144,0.0,0.0,0.0,0.0,0.0,0.0,0.0,-0.10806440087708176,0.0,0.0,0.0,-0.11151320789458438,0.0,0.0,0.5114658120478193,0.23798840925502993,0.0,0.0,0.31435017113694524,0.22928975358673898
2014-11-10,46,2014,11,0,1,3.446771627001869,-6.793467399603189,4.587070391855981,-1.5549906487245393,0.2181660679216439,-0.7278714452395868,-1.5494541805109732,-1.563106250778098,1.020206896545566,0.0,0.0,0.0,0.0,0.0,0.0,-0.0,-1.563106250778098,0.0,1.020206896545566,0.0,0.0,-0.571144100593814,0.2774001660908309,0.4284519272356436,0.7370271228719785,-0.7521935220805868,0.05901336391029409,0.0,0.0,0.36936383419198715,0.11365041052061144,0.0,0.0,0.0,0.0,0.0,0.0,0.0,-0.10806440087708176,-0.0,-0.0,-0.3907765626945245,-0.23175215026213036,0.0,0.0,0.5582469591723369,0.3164658628354581,0.0,0.0,0.31435017113694524,0.22928975358673898
2014-11-17,47,2014,11,0,1,2.761599391364036,-8.286289000509433,4.936460584702668,-1.4831882666961471,-0.08093689125671735,-0.6248262589258068,-2.5909932779581437,-2.396355923724638,1.3491432305896571,0.0,0.0,0.0,0.0,0.0,0.0,-0.0,-2.396355923724638,0.0,0.0,0.0,1.3491432305896571,-0.9928009775382923,0.11386315806715444,0.2608151475555793,0.6410577357957152,-0.6697889515347557,-0.07311260380997035,0.0,0.0,0.0645985696878772,0.11365041052061144,0.0,0.0,0.0,0.0,0.0,0.0,0.0,-0.10806440087708176,-0.0,-0.0,-0.989865543625684,-0.41608722131787174,0.0,0.0,0.5582469591723369,0.3164658628354581,0.0,0.0,0.6516359787843595,0.3330700020936357
2014-11-24,48,2014,11,0,1,5.8579182688824885,-5.740407310072331,4.887529976826503,-0.9332103879381258,-0.2722361949455006,0.05516029920091321,-0.5042061934514722,-1.0101110900310557,1.279489645519219,0.0,0.0,0.0,0.0,-0.0,-1.0101110900310557,0.0,0.0,0.0,1.279489645519219,0.0,0.0,-1.1243733100479192,-0.029485376213066496,0.057758384694676757,0.5297319679594835,-0.43060257644018557,-0.12785264762376802,0.0,0.0,0.0,0.11365041052061144,0.0,0.0,0.0,0.0,-0.0,-0.0,-0.2525277725077639,-0.1857652539563937,0.0,0.0,-0.989865543625684,-0.41608722131787174,0.0,0.0,0.8781193705521416,0.4148881432600134,0.0,0.0,0.3372858076474143,0.3330700020936357
2014-12-01,49,2014,12,0,0,4.115062325343936,-5.119013440201324,3.6986793141022374,-0.8990448162197894,-0.38544586712344364,-0.8697480079706097,-0.16940968097424802,0.10263682423663303,-0.3124651669997394,0.0,0.0,0.0,0.0,0.0,0.0,0.0,0.0,0.0,0.0,0.0,0.0,-1.2176085298946504,-0.17909733097026287,-0.13011322135100445,0.415921710761294,-0.5418213532337726,-0.25288645871004145,0.0,0.0,0.0,0.11365041052061144,0.0,0.0,0.0,0.0,0.0,0.0,-0.2525277725077639,-0.1857652539563937,0.0,0.0,-0.989865543625684,-0.41608722131787174,0.0,0.0,0.5749241355161963,0.4148881432600134,0.0,0.0,0.3372858076474143,0.3330700020936357
2014-12-08,50,2014,12,0,0,5.9279024625574985,-1.7307877466786101,3.5793071357354957,-0.9693429133649346,-0.8354669851441751,-1.177356389233039,0.40167296837793576,0.9652123286933008,-0.5804571597701532,0.0,0.0,0.0,0.0,0.0,0.0,0.0,0.0,0.0,0.0,0.0,0.0,-1.0711965960547492,-0.35079735066306506,-0.39352148461745917,0.26349563441246765,-0.6541925892321356,-0.4204361858444328,0.0,0.0,0.0,0.11365041052061144,0.0,0.0,0.0,0.0,0.0,0.0,-0.2525277725077639,-0.1857652539563937,0.0,0.0,-0.5990889809311595,-0.3045740134232874,0.0,0.0,0.31987241137980477,0.4148881432600134,0.0,0.0,0.3372858076474143,0.20050337808749524
2014-12-15,51,2014,12,0,0,3.4133550460191584,-3.3308590121123047,3.6456881661077394,-0.735544585509459,-0.8654176459879047,-0.20928401187973314,-0.13332124868259623,0.7868712975503325,-0.5466445760015435,0.0,0.0,0.0,0.0,0.0,0.0,0.0,0.0,0.0,0.0,0.0,0.0,-0.8842856757580773,-0.4804004875074962,-0.589641673300256,0.13061252787812036,-0.5503070274706173,-0.43084403666140997,0.0,0.0,0.0,0.11365041052061144,0.0,0.0,0.0,0.0,0.0,0.0,-0.2525277725077639,-0.11247011597279552,0.0,0.0,0.0,-0.3045740134232874,0.0,0.0,0.31987241137980477,0.4148881432600134,0.0,0.0,0.0,0.20050337808749524
2014-12-22,52,2014,12,0,0,5.700545780356266,-1.9026413949571013,4.235599722159041,-0.819681424919274,-0.68453481708884,0.2576019624683581,0.2714698872149608,0.7330860948601478,0.06318518745294868,0.0,0.0,0.0,0.0,0.0,0.0,0.0,0.0,0.0,0.0,0.0,0.0,-0.8559034350033642,-0.5775258936800497,-0.6927163288360909,0.03410596843393546,-0.4996966116537561,-0.32787088657546587,0.0,0.0,0.0,0.11365041052061144,0.0,0.0,0.0,0.0,0.0,0.0,0.0,-0.11247011597279553,0.0,0.0,0.0,-0.3045740134232874,0.0,0.0,0.0,0.4148881432600134,0.0,0.0,0.0,0.20050337808749524
2014-12-29,1,2014,12,0,0,0.08245148633791559,-10.329218067709773,4.172747648888928,-0.4718008302315709,-0.9406773638331395,-0.024160500451910285,-0.18247895242979448,-0.20626186573227573,0.12853532466748988,0.0,0.0,0.0,0.0,0.0,0.0,0.0,0.0,0.0,0.0,0.0,0.0,-0.7490924385063096,-0.6460493691966835,-0.8315242030135148,-0.08787105369813566,-0.28829973477408116,-0.39603009794848726,0.0,0.0,0.0,0.11365041052061144,0.0,0.0,0.0,0.0,0.0,0.0,0.0,-0.11247011597279553,0.0,0.0,0.0,-0.3045740134232874,0.0,0.0,0.0,0.33427383001969707,0.0,0.0,0.0,0.20050337808749524
2015-01-05,2,2015,1,0,0,-5.434171086957871,-16.5234018193644,5.007926610000539,-0.6461526900421246,-1.0646074652373116,-0.8072300281748207,-2.0585722923776553,-2.2408003113827597,1.2566183121068,0.0,0.0,0.0,0.0,0.0,0.0,-0.0,-0.0,0.0,0.0,0.0,0.0,-0.6682948826756071,-0.6846871958379831,-0.8888093230367989,-0.2091331516310712,-0.19576814450952668,-0.438973609131983,0.0,0.0,0.0,0.11365041052061144,0.0,0.0,0.0,0.0,0.0,0.0,0.0,-0.07770085307931197,-0.0,-0.0,-0.0,-0.3045740134232874,0.0,0.0,0.0,0.33427383001969707,0.0,0.0,0.0,0.20050337808749524
2015-01-12,3,2015,1,0,0,1.738761705000472,-9.371104613625121,3.7662007480388495,-0.8645794020200042,-1.4756245587826746,-1.0451809415313036,0.21288269966482942,0.003952130843517083,-0.8462069816238253,0.0,0.0,0.0,0.0,0.0,0.0,0.0,0.0,0.0,0.0,0.0,0.0,-0.7005535868032433,-0.7774709014858989,-1.0413610512354916,-0.37624154465054865,-0.4047423769224193,-0.573369074216946,0.0,0.0,0.0,0.11365041052061144,0.0,0.0,0.0,0.0,0.0,0.0,0.0,-0.07770085307931197,0.0,0.0,0.0,-0.3045740134232874,0.0,0.0,0.0,0.2701905755545051,0.0,0.0,0.0,0.20050337808749524
2015-01-19,4,2015,1,0,0,6.015334879664477,-3.728618222181732,3.5511643099528847,-1.261125996370888,-1.4804981749389385,-0.9116651668983767,1.3304586553335962,1.0401259363459083,-0.9302296263592673,0.0,0.0,0.0,0.0,0.0,0.0,0.0,0.0,0.0,0.0,0.0,0.0,-0.8109147296661469,-0.8901297659053339,-1.240351890698016,-0.5354806525276624,-0.697059159264103,-0.570078353123811,0.0,0.0,0.0,0.01987648298088529,0.0,0.0,0.0,0.0,0.0,0.0,0.0,-0.07770085307931197,0.0,0.0,0.0,-0.3045740134232874,0.0,0.0,0.0,0.2701905755545051,0.0,0.0,0.0,0.20050337808749524
2015-01-26,5,2015,1,0,0,4.719702762843729,-5.997746468221918,4.459501138545991,-0.9326101687601065,-1.3453486950055997,-0.11511745806450231,0.5837491168376163,0.5467252419257012,0.4884995428546991,0.0,0.0,0.0,0.0,0.0,0.0,0.0,0.0,0.0,0.0,0.0,0.0,-0.9261170642982808,-0.9305673898176791,-1.3415197234911311,-0.6805067718741016,-0.7197983986672509,-0.5095808344228214,0.0,0.0,0.0,0.0,0.0,0.0,0.0,0.0,0.0,0.0,0.0,-0.07770085307931197,0.0,0.0,0.0,-0.3045740134232874,0.0,0.0,0.0,0.2701905755545051,0.0,0.0,0.0,0.1037802485068967
2015-02-02,6,2015,2,0,0,1.8701977655361415,-11.106434630544051,3.915606258771668,-1.22348874140855,-1.338583251816303,-0.3445163577902798,-0.005134309765351962,-0.43078715548905755,-0.5799039022887496,0.0,0.0,0.0,0.0,0.0,0.0,0.0,0.0,0.0,0.0,0.0,0.0,-1.0704510771398872,-0.9842123747850395,-1.410013670135879,-0.8116316802491466,-0.6041199810711158,-0.5033995618838998,0.0,0.0,0.0,0.0,0.0,0.0,0.0,0.0,0.0,0.0,0.0,-0.07770085307931197,0.0,0.0,0.0,-0.3045740134232874,0.0,0.0,0.0,0.17689973400498346,0.0,0.0,0.0,0.1037802485068967
2015-02-09,7,2015,2,0,0,2.025703805905976,-9.563761156995897,4.803751529774073,-1.3370118583822348,-1.4034509265122252,-1.5722432096143293,-0.4567214352507961,-0.4561662201788902,0.9241720177905957,0.0,0.0,0.0,0.0,-0.0,-0.0,0.0,0.0,0.0,0.0,0.0,0.0,-1.1885591912304447,-0.9674447755279392,-1.3919702620682666,-0.9363714490517518,-0.7358855480918722,-0.5683512360665722,0.0,0.0,0.0,0.0,0.0,0.0,0.0,0.0,-0.0,-0.0,-0.0,-0.07770085307931197,0.0,0.0,0.0,-0.18433507105574137,0.0,0.0,0.0,0.09842228042455531,0.0,0.0,0.0,0.1037802485068967
2015-02-16,8,2015,2,0,0,-3.9105203290414883,-14.956299213612965,4.368530351878458,-1.1032208946915365,-1.377790545244508,-0.6589654856290288,-1.7274265805742066,-1.8194249282813821,-0.08470701591152831,0.0,0.0,0.0,0.0,0.0,0.0,-0.0,-0.0,0.0,0.0,0.0,0.0,-1.1490829158106068,-0.9382165161429691,-1.3662933546446592,-1.036129422435428,-0.6727106277745352,-0.5709773304283585,0.0,0.0,0.0,0.0,0.0,0.0,0.0,0.0,0.0,0.0,0.0,-0.07770085307931197,-0.0,-0.0,-0.0,-0.0,0.0,0.0,0.0,0.09842228042455531,0.0,0.0,0.0,0.0
2015-02-23,9,2015,2,0,0,-3.168598371827569,-15.849339184826794,3.9240511796316655,-1.0331733016292497,-1.5699920300054084,-0.6160579959687483,-1.9194609213348026,-2.4031057071686224,-0.6387359920529481,0.0,0.0,0.0,0.0,0.0,0.0,-0.0,-0.0,0.0,0.0,0.0,0.0,-1.1742236990278927,-0.9459059710422864,-1.4224541883946111,-1.1359567943631133,-0.7979457622505967,-0.6226095069798709,0.0,0.0,0.0,0.0,0.0,0.0,0.0,0.0,0.0,0.0,0.0,0.0,-0.0,-0.0,-0.0,-0.0,0.0,0.0,0.0,0.0,0.0,0.0,0.0,0.0
2015-03-02,10,2015,3,1,0,3.1241174168981893,-10.269854540136034,4.145396140413912,-1.5520672080500157,-1.5854562310184817,-0.45486232280901845,-1.1000556819023741,-1.5730456525464713,-0.9215834567504414,0.0,0.0,0.0,0.0,-1.5730456525464713,-0.0,0.0,0.0,0.0,0.0,0.0,0.0,-1.256368315688259,-0.9961384627215346,-1.4841724331951558,-1.2282652838935006,-0.8255322535052814,-0.5906952235059024,0.0,0.0,0.0,0.0,0.0,0.0,0.0,0.0,-0.3932614131366179,-0.12100351173434397,-0.0,-0.0,0.0,0.0,0.0,0.0,0.0,0.0,0.0,0.0,0.0,0.0,0.0,0.0
2015-03-09,11,2015,3,1,0,15.536690452022727,0.7118401386386386,3.4144613433040583,-1.2676810575002062,-1.4277764074856143,-1.1226262232264819,0.7458065388238202,0.4483802225324057,-1.8809453446415092,0.7458065388238202,0.0,0.0,0.0,0.0,0.0,0.0,0.0,0.0,0.0,0.0,0.0,-1.239035615467752,-1.01908755073194,-1.490253803438503,-1.2738275471505345,-0.7131280069083195,-0.5864852107361673,0.18645163470595505,0.05736973375567848,0.0,0.0,0.0,0.0,0.0,0.0,-0.3932614131366179,-0.12100351173434397,0.0,0.0,0.0,0.0,0.0,0.0,0.0,0.0,0.0,0.0,0.0,0.0,0.0,0.0
2015-03-16,12,2015,3,1,0,14.353305691494572,0.6384801168407719,4.090484243878728,-1.3161608918253747,-1.574106893481385,-1.3597413430128853,0.5968300270520681,0.2405950524004048,-0.6127791629769461,0.5968300270520681,0.0,0.0,0.0,0.0,0.0,0.0,0.0,0.0,0.0,0.0,0.0,-1.2922706147512115,-1.063750343525472,-1.5393328904977226,-1.3283421046500332,-0.8883219712542836,-0.6749819285156404,0.3356591414689721,0.1032797358366068,0.0,0.0,0.0,0.0,0.0,0.0,-0.3932614131366179,-0.12100351173434397,0.0,0.0,0.0,0.0,0.0,0.0,0.0,0.0,0.0,0.0,0.0,0.0,0.0,0.0
2015-03-23,13,2015,3,1,0,9.592742551963868,-2.0978051556249824,4.694620980751111,-0.9298103805165062,-1.6355296123776388,0.06765067963412802,-0.9289380477950077,-0.8834989001445873,0.26662672532878445,0.0,0.0,0.0,0.0,-0.8834989001445873,-0.0,0.0,0.0,0.0,0.0,0.0,0.0,-1.2664298844730255,-1.072221801648336,-1.55571728609078,-1.401495550441479,-0.7173948023535646,-0.6895935656567352,0.3356591414689721,0.1032797358366068,0.0,0.0,0.0,0.0,0.0,0.0,-0.6141361381727647,-0.1889649655916199,-0.0,-0.0,0.0,0.0,0.0,0.0,0.0,0.0,0.0,0.0,0.0,0.0,0.0,0.0
2015-03-30,14,2015,3,1,0,17.91457170660501,1.7580592164660893,4.6889453759652024,-0.8139615585501878,-1.6257923507328422,-0.0199799323979117,0.9063821636043191,-0.000581786062206438,-0.13876809109791333,0.9063821636043191,0.0,0.0,0.0,0.0,0.0,0.0,0.0,0.0,0.0,0.0,0.0,-1.0819034720980687,-1.0985418576728452,-1.5658013160193702,-1.454196703279918,-0.6086742047507878,-0.6892719834987352,0.5622546823700518,0.17300144072924672,0.0,0.0,0.0,0.0,0.0,0.0,-0.22087472503614689,-0.1889649655916199,0.0,0.0,0.0,0.0,0.0,0.0,0.0,0.0,0.0,0.0,0.0,0.0,0.0,0.0
2015-04-06,15,2015,4,1,0,17.22153097436137,4.918234401626131,4.702577655301887,-0.21798019428683657,-1.3015454123362091,0.5637304103916132,0.06818238274445375,0.6314193494685938,0.055935311704005675,0.0,0.0,0.0,0.0,0.0,0.0,0.0,0.0,0.0,0.0,0.0,0.0,-0.8194782562947263,-1.0656055118455152,-1.5342435672320187,-1.472422699210602,-0.1870850463462641,-0.5838134882243942,0.3758030476640968,0.17300144072924672,0.0,0.0,0.0,0.0,0.0,0.0,-0.22087472503614689,-0.1889649655916199,0.0,0.0,0.0,0.0,0.0,0.0,0.0,0.0,0.0,0.0,0.0,0.0,0.0,0.0
2015-04-13,16,2015,4,1,0,20.88325691188891,7.376352161405485,3.83573067585309,0.12642426691095027,-0.9857209193944124,0.37515702142912105,1.3547415837178185,1.2617437313386342,-0.9996667725689009,0.0,0.0,1.3547415837178185,0.0,0.0,0.0,0.0,0.0,0.0,0.0,0.0,0.0,-0.458831966610645,-0.9893744603892879,-1.3871470737102756,-1.4347378038730436,0.2466395447642375,-0.474556721842823,0.22659554090107978,0.17300144072924672,0.0,0.0,0.3386853959294546,0.1042108910552168,0.0,0.0,-0.22087472503614689,-0.1889649655916199,0.0,0.0,0.0,0.0,0.0,0.0,0.0,0.0,0.0,0.0,0.0,0.0,0.0,0.0
2015-04-20,17,2015,4,1,0,15.185807457131075,3.10709923977422,5.002510462433712,0.3454564615995064,-0.7136630778611917,0.6061355804488947,-1.6594756951662175,-1.3511789774712701,0.8426670499243861,0.0,0.0,0.0,0.0,-1.3511789774712701,-0.0,0.0,0.0,0.0,0.0,0.0,0.0,-0.1400152560816419,-0.8657911943915653,-1.1566804400811639,-1.375750488713217,0.3812607699679291,-0.3578028182007253,0.22659554090107978,0.17300144072924672,0.0,0.0,0.3386853959294546,0.1042108910552168,0.0,0.0,-0.3377947443678176,-0.29290181001248683,-0.0,-0.0,0.0,0.0,0.0,0.0,0.0,0.0,0.0,0.0,0.0,0.0,0.0,0.0
2015-04-27,18,2015,4,1,0,20.550068389017007,5.187307537511464,3.343300794399609,0.14562100407206852,-0.9042554198479094,-1.0522918365237133,0.3224167231239104,-1.0187874052254176,-1.5718217570967818,0.0,0.0,0.0,0.0,0.0,0.0,-1.0187874052254176,-0.0,0.0,0.0,0.0,0.0,0.0998803845739222,-0.7828503349429364,-0.9762962073599306,-1.34182023677801,0.12318279393647874,-0.42989315500527997,0.0,0.17300144072924672,0.0,0.0,0.3386853959294546,0.1042108910552168,0.0,0.0,-0.3377947443678176,-0.29290181001248683,0.0,0.0,-0.2546968513063544,-0.07836826194041674,-0.0,-0.0,0.0,0.0,0.0,0.0,0.0,0.0,0.0,0.0
2015-05-04,19,2015,5,1,0,23.63498832585196,11.714143009675096,4.114185817753107,0.2906396427246948,-0.4593671880812186,0.8493241125804208,0.6508614361816375,1.0358554599331031,0.45360143276319576,0.6508614361816375,0.0,0.0,0.0,0.0,0.0,0.0,0.0,0.0,0.0,0.0,0.0,0.22703534382680504,-0.6663789207788405,-0.7657516512961831,-1.274188231875311,0.19458121948368065,-0.3380592726690722,0.16271535904540937,0.22306770505091114,0.0,0.0,0.3386853959294546,0.1042108910552168,0.0,0.0,-0.3377947443678176,-0.29290181001248683,0.0,0.0,-0.2546968513063544,-0.07836826194041674,0.0,0.0,0.0,0.0,0.0,0.0,0.0,0.0,0.0,0.0
2015-05-11,20,2015,5,1,0,21.066369647287146,10.05109373822136,4.707656604366893,0.6677486167142953,-0.09047183870835862,0.9562092623562594,-0.6641300665576828,-0.09129265731819898,1.414280087685464,0.0,0.0,0.0,0.0,0.0,0.0,0.0,0.0,1.414280087685464,0.0,0.0,0.0,0.36236643127764134,-0.5121665765406461,-0.5419393811246696,-1.1731898405057828,0.3398442797154652,-0.1435629286713346,0.16271535904540937,0.22306770505091114,0.0,0.0,0.0,0.1042108910552168,0.0,0.0,-0.3377947443678176,-0.29290181001248683,0.0,0.0,-0.2546968513063544,-0.07836826194041674,0.0,0.0,0.353570021921366,0.10879077597580492,0.0,0.0,0.0,0.0,0.0,0.0
2015-05-18,21,2015,5,1,0,20.020993717546396,8.089471585419282,3.755146366885216,0.48146853814039436,-0.01987722563424885,0.11082384135856772,-1.386869214880037,-1.7970902871678232,-0.2200322640342363,0.0,0.0,0.0,0.0,0.0,0.0,-1.7970902871678232,-0.0,0.0,0.0,0.0,0.0,0.3963694504128633,-0.3902673893997282,-0.36849291806793383,-1.0687349697665323,0.2160163449428835,-0.08434836505690411,0.16271535904540937,0.22306770505091114,0.0,0.0,0.0,0.1042108910552168,0.0,0.0,0.0,-0.29290181001248683,0.0,0.0,-0.7039694230983102,-0.2166059763379416,-0.0,-0.0,0.353570021921366,0.10879077597580492,0.0,0.0,0.0,0.0,0.0,0.0
2015-05-25,22,2015,5,1,0,24.583695544058145,13.42566518231541,4.081867233132312,1.0302339798995224,0.3463150344171597,1.2211168441396605,-0.7843889496639274,-0.16436559582745178,1.2742313804728962,0.0,0.0,0.0,0.0,0.0,0.0,0.0,0.0,1.2742313804728962,0.0,0.0,0.0,0.6175226943697267,-0.2315437523590535,-0.0558503045016666,-0.9213267340417193,0.784368515108727,0.056972776489896564,0.16271535904540937,0.22306770505091114,0.0,0.0,0.0,0.1042108910552168,0.0,0.0,0.0,-0.29290181001248683,0.0,0.0,-0.4492725717919558,-0.2166059763379416,0.0,0.0,0.67212786703959,0.20680857447372,0.0,0.0,0.0,0.0,0.0,0.0
2015-06-01,23,2015,6,0,0,24.49432268551536,13.115871731776005,3.551523584771512,1.007401650257545,0.4357715453871297,0.27025620398663014,-1.2458222830454715,-0.76892846756242,0.2227891894783436,0.0,0.0,0.0,0.0,-0.0,-0.0,0.0,0.0,0.0,0.0,0.0,0.0,0.7967131962529393,-0.03466153248924113,0.16793437886542048,-0.7658476743182109,0.6396015379602793,0.11275112470494644,0.0,0.22306770505091114,0.0,0.0,0.0,0.1042108910552168,0.0,0.0,-0.0,-0.1718982982781429,-0.0,-0.0,-0.4492725717919558,-0.2166059763379416,0.0,0.0,0.67212786703959,0.20680857447372,0.0,0.0,0.0,0.0,0.0,0.0
2015-06-08,24,2015,6,0,0,28.300331191066896,16.522169030110103,3.394684712109297,1.2526645347575898,0.7287669147583631,1.2341767124233716,0.2094415790828981,0.6447645458025588,-0.4122716277369249,0.0,0.0,0.0,0.0,0.0,0.0,0.0,0.0,0.0,0.0,0.0,0.0,0.9429421757637628,0.15921120537674316,0.3727440672321009,-0.5999597264532894,0.7090934004770573,0.29404365821647366,0.0,0.16569797129523264,0.0,0.0,0.0,0.1042108910552168,0.0,0.0,0.0,-0.1718982982781429,0.0,0.0,-0.4492725717919558,-0.2166059763379416,0.0,0.0,0.31855784511822405,0.20680857447372,0.0,0.0,0.0,0.0,0.0,0.0
2015-06-15,25,2015,6,0,0,27.24289723720329,16.6510901738792,3.3274466146660275,1.6644467177475977,1.1412259711400368,1.4078685767055175,-0.8380062945777191,-0.18083529300612106,-0.8808792662051986,0.0,0.0,0.0,0.0,0.0,0.0,0.0,0.0,0.0,0.0,0.0,0.0,1.2386867206655638,0.38848871380543337,0.6630198664256723,-0.391087967636257,1.0333545843137948,0.5069367289640431,0.0,0.11978796921430436,0.0,0.0,0.0,0.1042108910552168,0.0,0.0,0.0,-0.1718982982781429,0.0,0.0,0.0,-0.2166059763379416,0.0,0.0,0.31855784511822405,0.20680857447372,0.0,0.0,0.0,0.0,0.0,0.0
2015-06-22,26,2015,6,0,0,27.83823131258022,16.533996537016233,3.300829224017962,1.7511423564277033,1.3699120667879234,1.1157242866052177,-0.9557923227549275,-0.35208149328056276,0.07124288476261201,0.0,0.0,0.0,0.0,0.0,0.0,0.0,0.0,0.0,0.0,0.0,0.0,1.418913814797609,0.5947158474165264,0.9189191245183632,-0.15990014616198292,1.0070064449301839,0.5875577756541269,0.0,0.11978796921430436,0.0,0.0,0.0,0.1042108910552168,0.0,0.0,0.0,-0.10393684442086694,0.0,0.0,0.0,-0.2166059763379416,0.0,0.0,0.0,0.20680857447372,0.0,0.0,0.0,0.0,0.0,0.0
2015-06-29,27,2015,6,0,0,26.931640900149528,15.595317085513374,2.763686789386012,1.6483095390887648,1.427628766326667,0.3749634483439279,-1.2415793485578175,-1.254223830044134,-0.6030329196452555,0.0,0.0,0.0,0.0,-0.0,-0.0,0.0,0.0,0.0,0.0,0.0,0.0,1.579140787005414,0.7841213164656765,1.1668834297532475,0.07497840130413315,1.0331832560195084,0.6179380357111915,0.0,0.050066264321664423,0.0,0.0,0.0,0.1042108910552168,0.0,0.0,-0.0,-0.10393684442086694,-0.0,-0.0,0.0,-0.2166059763379416,0.0,0.0,0.0,0.20680857447372,0.0,0.0,0.0,0.0,0.0,0.0
2015-07-06,28,2015,7,0,0,26.861354236527145,16.105539842278656,3.092918226295833,1.6622627097467075,1.5225151928567568,1.172526918960726,-2.260812552648042,-1.8235325432570728,0.46969579880269663,0.0,0.0,0.0,0.0,0.0,0.0,-0.0,-0.0,0.0,0.0,0.0,0.0,1.6815403307526933,0.9287553860067184,1.365320499277846,0.29221383247282284,1.017770807653847,0.664768536370354,0.0,0.050066264321664423,0.0,0.0,0.0,0.1042108910552168,0.0,0.0,0.0,-0.10393684442086694,0.0,0.0,-0.0,-0.2166059763379416,-0.0,-0.0,0.0,0.20680857447372,0.0,0.0,0.0,0.0,0.0,0.0
2015-07-13,29,2015,7,0,0,30.449505638952516,18.83436452842982,3.284271393471045,1.4347035473021341,1.5546989480133502,0.9027181178711684,0.062083121754448994,0.21981062409681373,0.7089842964002787,0.0,0.0,0.0,0.0,0.0,0.0,0.0,0.0,0.0,0.0,0.0,0.0,1.6241045381413275,1.0293922537291171,1.4686887434961742,0.48763074535034306,0.8914831929452597,0.7053501591735885,0.0,0.050066264321664423,0.0,0.0,0.0,0.0,0.0,0.0,0.0,-0.10393684442086694,0.0,0.0,0.0,-0.2166059763379416,0.0,0.0,0.0,0.20680857447372,0.0,0.0,0.0,0.0,0.0,0.0
2015-07-20,30,2015,7,0,0,29.60915366694414,17.540239694233616,2.628692690942671,1.0979540418414862,1.564113802322964,0.1728011234149046,-0.03916815834886069,-0.058384677844936984,-0.7304749857295193,0.0,0.0,0.0,0.0,0.0,0.0,0.0,0.0,0.0,0.0,0.0,0.0,1.460807459494773,1.0872766829785003,1.5172391773799345,0.662844351518355,0.6557524021476815,0.6720167394017431,0.0,0.050066264321664423,0.0,0.0,0.0,0.0,0.0,0.0,0.0,0.0,0.0,0.0,0.0,-0.2166059763379416,0.0,0.0,0.0,0.20680857447372,0.0,0.0,0.0,0.0,0.0,0.0
2015-07-27,31,2015,7,0,0,30.634763809808618,17.831352404003113,3.242442203034892,0.8547007713471865,1.6512047579278513,0.2756424808800625,0.6786218905524084,0.35791698744131245,1.433609942135456,0.0,0.0,0.0,0.0,0.0,0.0,0.0,0.0,0.0,0.0,0.0,0.0,1.2624052675593784,1.1418212804612016,1.5731331752802304,0.8594182113472596,0.6309221602817151,0.7741655330481874,0.0,0.050066264321664423,0.0,0.0,0.0,0.0,0.0,0.0,0.0,0.0,0.0,0.0,0.0,-0.13823771439752486,0.0,0.0,0.0,0.20680857447372,0.0,0.0,0.0,0.0,0.0,0.0
2015-08-03,32,2015,8,0,0,28.711726916175493,16.826663342862783,2.6194357417014755,0.5777156314245702,1.5500516281981038,0.585447105935094,-0.14510974582223896,0.008279726214823148,-0.48915743963830166,0.0,0.0,0.0,0.0,0.0,0.0,0.0,0.0,0.0,0.0,0.0,0.0,0.9912684979788443,1.1639040488227304,1.5800172841155673,1.0139888895225921,0.48415220702530715,0.7538673017677776,0.0,0.0,0.0,0.0,0.0,0.0,0.0,0.0,0.0,0.0,0.0,0.0,0.0,-0.13823771439752486,0.0,0.0,0.0,0.20680857447372,0.0,0.0,0.0,0.0,0.0,0.0
2015-08-10,33,2015,8,0,0,29.730175429752546,17.18267615152157,2.702974772046974,0.18071954702437176,1.4341551693059724,-0.03042430811147803,0.8962673359688809,0.49553007648574915,-0.10362538697781223,0.0,0.0,0.0,0.0,0.0,0.0,0.0,0.0,0.0,0.0,0.0,0.0,0.6777724979094036,1.1264402742311979,1.549881339438723,1.1312678901390791,0.2508666005296455,0.6779724117317978,0.0,0.0,0.0,0.0,0.0,0.0,0.0,0.0,0.0,0.0,0.0,0.0,0.0,-0.13823771439752486,0.0,0.0,0.0,0.09801779849791509,0.0,0.0,0.0,0.0,0.0,0.0
2015-08-17,34,2015,8,0,0,26.562437391644288,14.902568558805887,3.7339973852150794,0.5464207039681535,1.5506122307251646,1.0877576133835491,-1.3167671615844734,-0.8301520698822686,2.270130240689564,0.0,0.0,0.0,0.0,-0.0,-0.0,0.0,0.0,0.0,0.0,0.0,0.0,0.5398891634410705,1.131436594679487,1.546505946539273,1.2520747713974956,0.47960572302180665,0.7531211634260271,0.0,0.0,0.0,0.0,0.0,0.0,0.0,0.0,-0.0,-0.0,-0.0,-0.0,0.0,0.0,0.0,0.0,0.0,0.09801779849791509,0.0,0.0,0.0,0.0,0.0,0.0
2015-08-24,35,2015,8,0,0,25.577383513755493,12.967528569109191,2.776669009413234,0.3664747222346104,1.3526616945283423,-0.04832384157277595,-1.1719860053873712,-1.322415552849075,-0.6863500060060758,0.0,0.0,0.0,0.0,0.0,0.0,-0.0,-0.0,0.0,0.0,0.0,0.0,0.41783265116292656,1.0803781902437246,1.471870180689396,1.3294860529445098,0.398614142408597,0.6554718799096858,0.0,0.0,0.0,0.0,0.0,0.0,0.0,0.0,0.0,0.0,0.0,0.0,-0.0,-0.0,-0.0,-0.0,0.0,0.0,0.0,0.0,0.0,0.0,0.0,0.0
2015-08-31,36,2015,8,0,1,31.010354801589514,18.50756154892061,2.9354415468387494,0.18998177630649807,1.2139107994336327,-0.34970259980016866,2.05895063788892,1.9954683031971474,-0.25482743535098823,0.0,0.0,0.0,2.05895063788892,0.0,0.0,0.0,0.0,0.0,0.0,0.0,0.0,0.32089918738340845,1.0174997384013365,1.387834973498278,1.3893429186403945,0.16482671597478138,0.6077827411568552,0.0,0.0,0.0,0.0,0.0,0.0,0.51473765947223,0.1583808182991477,0.0,0.0,0.0,0.0,0.0,0.0,0.0,0.0,0.0,0.0,0.0,0.0,0.0,0.0,0.0,0.0
2015-09-07,37,2015,9,0,1,26.31385156593023,13.724361987142206,2.8471575400325437,0.45582730349629724,1.0898913731416913,0.7477897148437115,0.2163169653642946,0.5376569963581961,-0.3158428377963571,0.0,0.0,0.0,0.0,0.0,0.0,0.0,0.0,0.0,0.0,0.0,0.0,0.38967612650138983,0.9562045667658524,1.3017690244572078,1.4171217231314197,0.35938022171357875,0.5703683567276505,0.0,0.0,0.0,0.0,0.0,0.0,0.51473765947223,0.1583808182991477,0.0,0.0,0.0,0.0,0.0,0.0,0.0,0.0,0.0,0.0,0.0,0.0,0.0,0.0,0.0,0.0
2015-09-14,38,2015,9,0,1,26.560985696471004,12.528659755586148,3.8116088605852694,0.14968445507985162,0.8632010605590268,0.2679721726107224,0.31876754276312946,0.04661152837522393,1.3863558679854284,0.0,0.0,0.0,0.0,0.0,0.0,0.0,0.0,0.0,0.0,0.0,1.3863558679854284,0.2904920642793144,0.8396843927144874,1.1299162319156733,1.3957351915482652,0.15443386152037208,0.48268401795112786,0.0,0.0,0.0,0.0,0.0,0.0,0.51473765947223,0.1583808182991477,0.0,0.0,0.0,0.0,0.0,0.0,0.0,0.0,0.0,0.0,0.0,0.0,0.0,0.0,0.3465889669963571,0.10664275907580219
2015-09-21,39,2015,9,0,1,25.724445911162167,12.685932579107405,2.9502375723774676,0.15273689265159318,0.5767232372266334,-0.7145658905584729,0.8437634913288183,0.8728438266485554,-0.0916741234790149,0.0,0.8437634913288183,0.0,0.0,0.0,0.0,0.0,0.0,0.0,0.0,0.0,0.0,0.2370576068835601,0.7167301262701712,0.935931617590246,1.3347206661973965,-0.012126650726052152,0.34189246586161315,0.0,0.0,0.21094087283220458,0.06490488394837064,0.0,0.0,0.51473765947223,0.1583808182991477,0.0,0.0,0.0,0.0,0.0,0.0,0.0,0.0,0.0,0.0,0.0,0.0,0.0,0.0,0.3465889669963571,0.10664275907580219
2015-09-28,40,2015,9,0,1,20.458148155427573,9.535927424877094,4.143555518640576,0.2812453779086906,0.5304818442423439,-0.0064112524846437514,-0.6587115034523638,0.12600318008680284,1.3454301289880455,0.0,0.0,0.0,0.0,0.0,0.0,0.0,0.0,0.0,0.0,0.0,1.3454301289880455,0.25987350728410824,0.6115713446409347,0.7650743787924239,1.2657093644986026,0.07369618610282909,0.3125559504132615,0.0,0.0,0.21094087283220458,0.06490488394837064,0.0,0.0,0.0,0.1583808182991477,0.0,0.0,0.0,0.0,0.0,0.0,0.0,0.0,0.0,0.0,0.0,0.0,0.0,0.0,0.6829464992433685,0.21013738438257493
2015-10-05,41,2015,10,0,1,21.80194999217348,8.91464475948992,2.9057854502663836,-0.35237778194833175,0.16280714203217111,-1.168121068247744,0.6540257699442823,1.2175055771212444,-1.488529298414054,0.0,0.0,0.0,0.0,0.0,0.0,0.0,0.0,0.0,0.0,0.0,0.0,0.057822235922950965,0.4565989991259316,0.5333033210150439,1.161116437512096,-0.4052815096700348,0.13250610524337916,0.0,0.0,0.21094087283220458,0.06490488394837064,0.0,0.0,0.0,0.1583808182991477,0.0,0.0,0.0,0.0,0.0,0.0,0.0,0.0,0.0,0.0,0.0,0.0,0.0,0.0,0.6829464992433685,0.21013738438257493
2015-10-12,42,2015,10,0,1,20.104723723632368,4.4079380491767886,3.798160917391733,-0.754083666910602,-0.19091660979223532,-2.4553587771940717,0.7682335372694641,-0.046691917954187805,0.16629642018647017,0.0,0.7682335372694641,0.0,0.0,0.0,0.0,0.0,0.0,0.0,0.0,0.0,0.0,-0.16811979457466245,0.2882307518787981,0.2697739034272283,1.026838317680897,-1.0861142471212333,-0.12580750206933158,0.0,0.0,0.40299925714957063,0.12399977143063712,0.0,0.0,0.0,0.1583808182991477,0.0,0.0,0.0,0.0,0.0,0.0,0.0,0.0,0.0,0.0,0.0,0.0,0.0,0.0,0.33635753224701137,0.21013738438257493
2015-10-19,43,2015,10,0,1,20.319392360349354,6.924704771564041,3.95003494422111,-1.0275821869503483,-0.19729012645416114,0.02616766721582871,1.4783116394157798,1.5234827093686283,0.09550673347320637,0.0,0.0,0.0,1.4783116394157798,0.0,0.0,0.0,0.0,0.0,0.0,0.0,0.0,-0.4631995644751478,0.12472796504865702,0.07627056250702964,0.8913457077749645,-0.900930857677658,-0.13708699870002974,0.0,0.0,0.19205838431736602,0.12399977143063712,0.0,0.0,0.36957790985394495,0.2720970982542077,0.0,0.0,0.0,0.0,0.0,0.0,0.0,0.0,0.0,0.0,0.0,0.0,0.0,0.0,0.33635753224701137,0.21013738438257493
2015-10-26,44,2015,10,0,1,14.465793643097049,4.093353578515422,4.114875446651373,-0.29807255375044417,0.01325077005766407,0.8825174788547105,0.2056848448842665,0.8017675902199084,0.6639643599222321,0.0,0.2056848448842665,0.0,0.0,0.0,0.0,0.0,0.0,0.0,0.0,0.0,0.0,-0.6080290473899315,0.0360530938873008,-0.05303720603914032,0.7653492471695653,-0.6786986748428194,-0.09040430654813371,0.0,0.0,0.24347959553843265,0.13982168257558067,0.0,0.0,0.36957790985394495,0.2720970982542077,0.0,0.0,0.0,0.0,0.0,0.0,0.0,0.0,0.0,0.0,0.0,0.0,0.0,0.0,0.0,0.21013738438257493
2015-11-02,45,2015,11,0,1,18.1608079048211,5.457560815041375,3.7034226269810118,-0.22509119485038287,-0.12481324569774198,-0.2363435711444465,1.228585160561652,1.6513597960324287,-0.5429166797698954,0.0,0.0,0.0,1.228585160561652,0.0,0.0,0.0,0.0,0.0,0.0,0.0,0.0,-0.5762074006154443,-0.025701277364618667,-0.1249423029716186,0.6365134876391157,-0.445754300566995,-0.1536189740157907,0.0,0.0,0.24347959553843265,0.13982168257558067,0.0,0.0,0.676724199994358,0.36660364906664245,0.0,0.0,0.0,0.0,0.0,0.0,0.0,0.0,0.0,0.0,0.0,0.0,0.0,0.0,0.0,0.21013738438257493
2015-11-09,46,2015,11,0,1,14.290770712363292,0.9317583333468286,4.473466539768493,0.06738413338147718,-0.11524429782558808,-0.011888753260390085,0.8485618343735779,0.7891713096699856,0.8095544631299528,0.0,0.8485618343735779,0.0,0.0,0.0,0.0,0.0,0.0,0.0,0.0,0.0,0.0,-0.3708404505424245,-0.03441938610637978,-0.10602422497995677,0.5173289132443802,0.1651132054164254,-0.15219316210416853,0.0,0.0,0.2635616698144611,0.20509566983508667,0.0,0.0,0.676724199994358,0.36660364906664245,0.0,0.0,0.0,0.0,0.0,0.0,0.0,0.0,0.0,0.0,0.0,0.0,0.0,0.0,0.0,0.21013738438257493
2015-11-16,47,2015,11,0,1,10.780282978259073,0.3289312316330353,5.2336832893457945,0.7474054393617179,-0.0407462369708876,1.1257608961916712,0.5466393473320127,0.8278755913689059,1.79920974295184,0.0,0.0,0.0,0.0,0.0,0.0,0.0,0.0,0.0,0.0,0.0,1.79920974295184,0.07290645603559207,-0.01895902184533637,-0.06688825260913839,0.39491672342160705,0.440011512660386,-0.1492698326573899,0.0,0.0,0.2635616698144611,0.20509566983508667,0.0,0.0,0.307146290140413,0.36660364906664245,0.0,0.0,0.0,0.0,0.0,0.0,0.0,0.0,0.0,0.0,0.0,0.0,0.0,0.0,0.44980243573796,0.34853813384040877
2015-11-23,48,2015,11,0,1,7.912228142322499,-2.0653508638992433,3.9448111382304236,0.5259368702845445,0.08494228689814183,0.3183310013816075,0.2117958456390651,0.481955708376028,-0.20227894241861882,0.0,0.0,0.0,0.0,0.0,0.0,0.0,0.0,0.0,0.0,0.0,0.0,0.27890881204433926,-0.006692702764572208,-0.04896537339901895,0.29739984591159163,0.2989648932921103,-0.12106561396859118,0.0,0.0,0.21214045859339448,0.20509566983508667,0.0,0.0,0.307146290140413,0.36660364906664245,0.0,0.0,0.0,0.0,0.0,0.0,0.0,0.0,0.0,0.0,0.0,0.0,0.0,0.0,0.44980243573796,0.34853813384040877
2015-11-30,49,2015,11,0,0,6.60697925203442,-2.233549668994548,3.3967447329184592,0.4306926550864669,0.08450323801054432,-0.016362044440263405,0.615810894130594,1.1149034792155061,-0.7949299111827761,0.0,0.0,0.0,0.0,0.0,0.0,0.0,0.0,0.0,0.0,0.0,0.0,0.4428547745285517,0.011823518680040782,0.0033637475280526193,0.21052234118673865,0.3539602749681561,-0.09542403278706,0.0,0.0,0.21214045859339448,0.20509566983508667,0.0,0.0,0.0,0.20822283076749476,0.0,0.0,0.0,0.0,0.0,0.0,0.0,0.0,0.0,0.0,0.0,0.0,0.0,0.0,0.44980243573796,0.34853813384040877
2015-12-07,50,2015,12,0,0,11.919054587350956,1.990640298182492,3.8553953273373933,0.2603931112972571,-0.10232484681026624,-0.5007981581275842,1.7408847968690047,1.812701699195524,-0.1249852153494562,0.0,0.0,0.0,0.0,0.0,0.0,0.0,0.0,0.0,0.0,0.0,0.0,0.4911070190074967,-0.003209880719885385,0.006593610281883079,0.11881340119043425,0.23173292375135748,-0.19146925378485202,0.0,0.0,0.0,0.20509566983508667,0.0,0.0,0.0,0.20822283076749476,0.0,0.0,0.0,0.0,0.0,0.0,0.0,0.0,0.0,0.0,0.0,0.0,0.0,0.0,0.44980243573796,0.34853813384040877
2015-12-14,51,2015,12,0,0,6.309292806801913,-2.6465995595621745,5.099656598407348,0.09555428648879204,-0.07680568819181899,0.6402535180718348,0.72610730579025,0.991290569730337,1.9438140888701079,0.0,0.0,0.0,0.0,0.0,0.0,0.0,0.0,0.0,0.0,0.0,0.0,0.3281442307892652,-0.007373739842274583,-0.0024212525233497685,0.04650518974806149,0.1103560792213984,-0.1628322272109203,0.0,0.0,0.0,0.20509566983508667,0.0,0.0,0.0,0.20822283076749476,0.0,0.0,0.0,0.0,0.0,0.0,0.0,0.0,0.0,0.0,0.0,0.0,0.0,0.0,0.0,0.24189537476460657
2015-12-21,52,2015,12,0,0,8.104701955805204,-0.5562096999849391,4.549859742745773,0.6144613415939035,0.3075086362484116,1.0988669706479426,0.8129191490771924,1.0316730109906074,0.6314827516995537,0.0,0.0,0.0,0.0,0.0,0.0,0.0,0.0,0.0,0.0,0.0,0.0,0.3502753486166049,0.02814352546098006,0.05322033481421768,0.02579637428819827,0.30549007153798213,-0.023337391733503694,0.0,0.0,0.0,0.14019078588671605,0.0,0.0,0.0,0.20822283076749476,0.0,0.0,0.0,0.0,0.0,0.0,0.0,0.0,0.0,0.0,0.0,0.0,0.0,0.0,0.0,0.24189537476460657
2015-12-28,53,2015,12,0,0,1.7784548181912967,-5.922034038733453,4.3369765037010986,0.674194115599886,0.38345540140084705,0.8467446491743882,0.462308154781508,0.6492318494387319,1.1479353798228824,0.0,0.0,0.0,0.0,0.0,0.0,0.0,0.0,0.0,0.0,0.0,0.0,0.4111507137449597,0.05837035143722586,0.12795837566179336,0.014486647915775436,0.521266744941645,0.042289985317191074,0.0,0.0,0.0,0.14019078588671605,0.0,0.0,0.0,0.20822283076749476,0.0,0.0,0.0,0.0,0.0,0.0,0.0,0.0,0.0,0.0,0.0,0.0,0.0,0.0,0.0,0.13840074945783384
2016-01-04,1,2016,1,0,0,1.9803472018260682,-7.152974663546304,4.06473485084407,0.8790557977415019,0.4660834182539956,-0.06551365583135875,0.270842966318706,0.4534512112284425,-0.01649945319852115,0.0,0.0,0.0,0.0,0.0,0.0,0.0,0.0,0.0,0.0,0.0,0.0,0.565816385356021,0.1530960114133669,0.27006044192785883,0.037815592240531166,0.6300878705157015,0.1271059401184515,0.0,0.0,0.0,0.14019078588671605,0.0,0.0,0.0,0.20822283076749476,0.0,0.0,0.0,0.0,0.0,0.0,0.0,0.0,0.0,0.0,0.0,0.0,0.0,0.0,0.0,0.13840074945783384
2016-01-11,2,2016,1,0,0,0.008022442606372403,-11.58781217659876,4.5821511401074595,0.24116510222531382,0.5014668128111994,-0.98108232565774,-0.47800321118223416,-0.829999914396655,0.529452777678129,0.0,0.0,0.0,0.0,-0.0,-0.0,0.0,0.0,0.0,0.0,0.0,0.0,0.6022190892901513,0.22965360903920656,0.41462856717861346,0.09107585551771846,0.22475390958330768,0.2405118210058616,0.0,0.0,0.0,0.08109589840444958,0.0,0.0,0.0,0.20822283076749476,-0.0,-0.0,-0.0,-0.0,0.0,0.0,0.0,0.0,0.0,0.0,0.0,0.0,0.0,0.0,0.0,0.13840074945783384
2016-01-18,3,2016,1,0,0,-3.3707290220131902,-11.649910396429574,3.4649294730949776,-0.14350592625879957,0.4093866858488698,-0.7560205435559804,-1.1462094050751133,-0.4870754171407304,-1.3806342426646465,0.0,0.0,0.0,0.0,0.0,0.0,0.0,0.0,0.0,0.0,0.0,0.0,0.4127272723269756,0.2976594752462488,0.44009807957872793,0.1377433026179516,-0.23896796896767306,0.18034349710033787,0.0,0.0,0.0,0.08109589840444958,0.0,0.0,0.0,0.09450655081243477,0.0,0.0,0.0,0.0,0.0,0.0,0.0,0.0,0.0,0.0,0.0,0.0,0.0,0.0,0.0,0.13840074945783384
2016-01-25,4,2016,1,0,0,6.082853090875062,-4.220858222275162,4.459995634393236,-1.511287218749274,0.08075456839836039,-1.2387754356788252,1.3512953421527985,0.933778922642647,0.4350991916646423,0.0,0.0,0.0,0.0,0.0,0.0,0.0,0.0,0.0,0.0,0.0,0.0,-0.13364306126031444,0.20433527024633885,0.3644228713281063,0.14293590249031285,-0.7603479901809764,0.017167119059296628,0.0,0.0,0.0,0.06527398725950599,0.0,0.0,0.0,0.09450655081243477,0.0,0.0,0.0,0.0,0.0,0.0,0.0,0.0,0.0,0.0,0.0,0.0,0.0,0.0,0.0,0.13840074945783384
2016-02-01,5,2016,2,0,0,5.494662771717392,-5.033455941576095,4.478184062205945,-1.0428447862987025,0.14860677651146548,0.18070622032935998,0.7836794741307199,0.7631095517101277,0.5207839488786451,0.0,0.0,0.0,0.0,0.0,0.0,0.0,0.0,0.0,0.0,0.0,0.0,-0.6141182072703655,0.14143114782723729,0.2850537108924738,0.16396821189102112,-0.6987930211407967,0.049247872249589444,0.0,0.0,0.0,0.06527398725950599,0.0,0.0,0.0,0.0,0.0,0.0,0.0,0.0,0.0,0.0,0.0,0.0,0.0,0.0,0.0,0.0,0.0,0.0,0.0,0.13840074945783384
2016-02-08,6,2016,2,0,0,-0.8215979301401322,-10.529587634850897,4.788368593902365,-1.296065875810228,0.033347285265598256,-1.112590133868212,-0.532281619291332,-0.29927572440304484,1.8585271461998951,0.0,0.0,0.0,0.0,0.0,0.0,0.0,0.0,0.0,0.0,0.0,0.0,-0.9984259517792509,0.03655037788941383,0.16802382900607346,0.1753983336672662,-0.7316699731934148,-0.03542146472024302,0.0,0.0,0.0,0.0,0.0,0.0,0.0,0.0,0.0,0.0,0.0,0.0,0.0,0.0,0.0,0.0,0.0,0.0,0.0,0.0,0.0,0.0,0.0,0.13840074945783384
2016-02-15,7,2016,2,0,0,8.442968370114984,-2.4028072323709693,4.3213172047220665,-1.2175678417925497,-0.3189642351378098,-0.5036538867545561,0.8982017402002865,1.1278342607199838,0.12991201560354212,0.0,0.0,0.0,0.0,0.0,0.0,0.0,0.0,0.0,0.0,0.0,0.0,-1.2669414306626885,-0.11460141296860675,-0.014063901240596421,0.1539969491928876,-0.6685783089930586,-0.16076106340841434,0.0,0.0,0.0,0.0,0.0,0.0,0.0,0.0,0.0,0.0,0.0,0.0,0.0,0.0,0.0,0.0,0.0,0.0,0.0,0.0,0.0,0.0,0.0,0.0
2016-02-22,8,2016,2,0,0,8.658081217470281,-2.137565373583934,4.904641246290149,-0.9173471971432987,-0.4305522584183588,-0.5651951229434078,0.8205603131494669,1.1003122329135937,1.1306223790018433,0.0,0.0,0.0,0.0,0.0,0.0,0.0,0.0,0.0,0.0,0.0,0.0,-1.1184564252611948,-0.2256232643092101,-0.1418906079447762,0.11434352263007987,-0.5001832308092043,-0.22872461143341555,0.0,0.0,0.0,0.0,0.0,0.0,0.0,0.0,0.0,0.0,0.0,0.0,0.0,0.0,0.0,0.0,0.0,0.0,0.0,0.0,0.0,0.0,0.0,0.0
2016-02-29,9,2016,2,0,0,8.825428988996926,-3.8104699897125593,4.225191400042773,-1.4673885030687854,-0.5150405055257663,-0.6546408644240145,0.35404432279583564,0.4171025850848754,-0.11744448615282405,0.0,0.0,0.0,0.0,0.0,0.0,0.0,0.0,0.0,0.0,0.0,0.0,-1.2245923544537154,-0.3716295072442295,-0.3078024284540841,0.06822477312728673,-0.7090200019975479,-0.27782298220139634,0.0,0.0,0.0,0.0,0.0,0.0,0.0,0.0,0.0,0.0,0.0,0.0,0.0,0.0,0.0,0.0,0.0,0.0,0.0,0.0,0.0,0.0,0.0,0.0
2016-03-07,10,2016,3,1,0,17.187529902627286,4.504015737586905,3.8529502761046523,-0.905729043909115,-0.428716916389817,-0.001457618764794607,1.8158774714846184,1.728460639717858,-1.5572423085042493,0.0,0.0,1.8158774714846184,0.0,0.0,0.0,0.0,0.0,0.0,0.0,0.0,0.0,-1.1270081464784372,-0.4613312114908735,-0.42331847886793794,0.04311769085193666,-0.4312368732216936,-0.23941217148118182,0.0,0.0,0.0,0.0,0.4539693678711546,0.13968288242189372,0.0,0.0,0.0,0.0,0.0,0.0,0.0,0.0,0.0,0.0,0.0,0.0,0.0,0.0,0.0,0.0,0.0,0.0
2016-03-14,11,2016,3,1,0,13.420200645650404,2.1949405026337803,4.332592726698142,-0.5206548041786623,-0.5735490045529529,0.17394371319902746,0.2846063352509117,0.8816905327201301,-0.10536813702753614,0.0,0.0,0.0,0.0,0.0,0.0,0.0,0.0,0.0,0.0,0.0,0.0,-0.9527798870749653,-0.5087319107729853,-0.4869646712217237,0.004906666516464824,-0.2618374732332977,-0.27528215647139775,0.0,0.0,0.0,0.0,0.4539693678711546,0.13968288242189372,0.0,0.0,0.0,0.0,0.0,0.0,0.0,0.0,0.0,0.0,0.0,0.0,0.0,0.0,0.0,0.0,0.0,0.0
2016-03-21,12,2016,3,1,0,12.771497773241348,-0.3272721468024941,4.824766540314589,-0.39430416331235146,-0.9261311968089893,0.20347492393956354,0.19403291497414318,-0.03593896880628741,0.5556809733742485,0.0,0.0,0.0,0.0,0.0,0.0,0.0,0.0,0.5556809733742485,0.0,0.0,0.0,-0.8220191286172286,-0.5863292573042358,-0.6108594058193814,-0.0899887052571814,-0.06966996151255486,-0.34415846775665765,0.0,0.0,0.0,0.0,0.4539693678711546,0.13968288242189372,0.0,0.0,0.0,0.0,0.0,0.0,0.0,0.0,0.0,0.0,0.13892024334356212,0.04274469025955758,0.0,0.0,0.0,0.0,0.0,0.0
2016-03-28,13,2016,3,1,0,14.723865182882918,1.6790950878836337,5.399030696468007,0.032077958464117595,-0.9789661778285756,0.48421835756261233,0.5139653519543318,0.40374095562811246,1.598635462235535,0.5139653519543318,0.0,0.0,0.0,0.0,0.0,0.0,0.0,0.0,0.0,1.598635462235535,0.0,-0.44715251323400274,-0.635722807853141,-0.7268408238950836,-0.1947903651979062,0.21504484398410184,-0.37204510557294806,0.12849133798858295,0.03953579630417937,0.0,0.0,0.4539693678711546,0.13968288242189372,0.0,0.0,0.0,0.0,0.0,0.0,0.0,0.0,0.0,0.0,0.13892024334356212,0.04274469025955758,0.0,0.0,0.39965886555888375,0.12297195863350269,0.0,0.0
2016-04-04,14,2016,4,1,0,12.989612604619044,-0.35391648430285466,5.4933255461725325,-0.002515225964023666,-1.010810018327121,-0.2978344859442764,-0.5337250298676428,-0.7189707626467059,1.2669292271037351,0.0,0.0,0.0,0.0,-0.7189707626467059,-0.0,0.0,0.0,1.2669292271037351,0.0,0.0,0.0,-0.2213490587477299,-0.7035359635227968,-0.8723640993794096,-0.30839755262722285,0.14095062718923138,-0.3899159386585572,0.12849133798858295,0.03953579630417937,0.0,0.0,0.0,0.13968288242189372,0.0,0.0,-0.17974269066167653,-0.055305443280515836,-0.0,-0.0,0.0,0.0,0.0,0.0,0.4556525501194959,0.14020078465215258,0.0,0.0,0.39965886555888375,0.12297195863350269,0.0,0.0
2016-04-11,15,2016,4,1,0,18.44186805174262,3.8855941272113057,4.28513111563514,-0.06108816996548188,-0.8026831737548646,-0.04173765682244491,0.4477481808284267,0.1685247028539324,-0.8599414206588822,0.0,0.0,0.0,0.0,0.0,0.0,0.0,0.0,0.0,0.0,0.0,0.0,-0.1064574001944348,-0.726786215229781,-0.9296476416798876,-0.40871678236307396,0.0870302846838633,-0.3176586564404576,0.12849133798858295,0.03953579630417937,0.0,0.0,0.0,0.13968288242189372,0.0,0.0,-0.17974269066167653,-0.055305443280515836,0.0,0.0,0.0,0.0,0.0,0.0,0.4556525501194959,0.14020078465215258,0.0,0.0,0.39965886555888375,0.12297195863350269,0.0,0.0
2016-04-18,16,2016,4,1,0,20.685303626112912,7.699407895470783,3.6639661611008405,0.08923461197139344,-0.5953457498152437,0.4198719840489916,1.2937427737290714,1.3746343806090269,-1.27105463286069,0.0,0.0,1.2937427737290714,0.0,0.0,0.0,0.0,0.0,0.0,0.0,0.0,0.0,0.014427293626501428,-0.7088830969043817,-0.8469512799314511,-0.486003892798775,0.14112954971122033,-0.22720538508622895,0.12849133798858295,0.03953579630417937,0.0,0.0,0.32343569343226786,0.23920155732412998,0.0,0.0,-0.17974269066167653,-0.055305443280515836,0.0,0.0,0.0,0.0,0.0,0.0,0.3167323067759338,0.14020078465215258,0.0,0.0,0.39965886555888375,0.12297195863350269,0.0,0.0
2016-04-25,17,2016,4,1,0,17.217847088843474,7.39083701970422,4.588040021640953,0.47495143285312963,-0.09738814513590403,1.2932537942056355,-0.5974379044686099,1.1347874842802668,-0.023216989754662097,0.0,0.0,0.0,0.0,0.0,0.0,0.0,0.0,0.0,0.0,0.0,0.0,0.12514566222375445,-0.5560955083195813,-0.6265567717582832,-0.4997071784552568,0.3433884088719761,-0.03243390586434735,0.0,0.03953579630417937,0.0,0.0,0.32343569343226786,0.23920155732412998,0.0,0.0,-0.17974269066167653,-0.055305443280515836,0.0,0.0,0.0,0.0,0.0,0.0,0.3167323067759338,0.14020078465215258,0.0,0.0,0.0,0.12297195863350269,0.0,0.0
2016-05-02,18,2016,5,1,0,20.802713937089134,6.872146288825803,3.6980048114598687,0.4835420659541375,-0.15063727590477372,-0.2537343608401968,0.4311144267517823,-0.1457676839884859,-0.8592670598927413,0.0,0.0,0.0,0.0,0.0,0.0,0.0,0.0,0.0,0.0,0.0,0.0,0.24665998520329474,-0.4386811350693629,-0.41151358615269645,-0.5227259517180445,0.354413440147996,-0.06585241210815941,0.0,0.03953579630417937,0.0,0.0,0.32343569343226786,0.23920155732412998,0.0,0.0,0.0,-0.055305443280515836,0.0,0.0,0.0,0.0,0.0,0.0,0.0,0.14020078465215258,0.0,0.0,0.0,0.12297195863350269,0.0,0.0
2016-05-09,19,2016,5,1,0,19.646861760587228,8.18290352466918,4.2651254095706,0.8800306991517657,0.1675702830029824,0.9268269546748454,-0.7277149151634859,-0.349626605147778,0.7422869282766315,0.0,0.0,0.0,0.0,0.0,0.0,0.0,0.0,0.7422869282766315,0.0,0.0,0.0,0.48193970248260665,-0.2712890908415172,-0.1689502219632347,-0.5124011057382457,0.5965545930223186,0.09102582547207579,0.0,0.03953579630417937,0.0,0.0,0.32343569343226786,0.23920155732412998,0.0,0.0,0.0,-0.055305443280515836,0.0,0.0,0.0,0.0,0.0,0.0,0.18557173206915786,0.1972997791349704,0.0,0.0,0.0,0.12297195863350269,0.0,0.0
2016-05-16,20,2016,5,1,0,20.132433419216795,7.521973907896487,3.2800728251828253,0.6810205069360942,0.21316970211841238,-0.38912974624130897,-1.0210223770935107,-1.2382991750098618,-1.1445495892745885,0.0,0.0,0.0,0.0,-1.2382991750098618,-0.0,0.0,0.0,0.0,0.0,0.0,0.0,0.6298861762237818,-0.1252438332470062,0.03317864102017931,-0.4714677259493055,0.39430416044974337,0.09983537474232557,0.0,0.03953579630417937,0.0,0.0,0.0,0.23920155732412998,0.0,0.0,-0.3095747937524655,-0.15055922597358212,-0.0,-0.0,0.0,0.0,0.0,0.0,0.18557173206915786,0.1972997791349704,0.0,0.0,0.0,0.12297195863350269,0.0,0.0
2016-05-23,21,2016,5,1,0,26.63093529864563,14.03997555633566,3.5631494319454524,0.718538842863322,0.36870381044440836,0.7967673910486698,0.9459223598308316,1.197991252494132,-0.6541907063248223,0.9459223598308316,0.0,0.0,0.0,0.0,0.0,0.0,0.0,0.0,0.0,0.0,0.0,0.6907830287263299,0.0005935544458108075,0.14970162991525743,-0.40998648988293884,0.270182559660502,0.2046017219724854,0.2364805899577079,0.11229905475270488,0.0,0.0,0.0,0.23920155732412998,0.0,0.0,-0.3095747937524655,-0.15055922597358212,0.0,0.0,0.0,0.0,0.0,0.0,0.18557173206915786,0.1972997791349704,0.0,0.0,0.0,0.12297195863350269,0.0,0.0
2016-05-30,22,2016,5,1,0,26.89871504672906,14.398492419984233,3.2251924843061786,0.6886347671651395,0.5505329977876021,0.6559608818429383,0.3248644021400302,0.4403900990709824,-0.5899435211892482,0.0,0.0,0.0,0.0,0.0,0.0,0.0,0.0,0.0,0.0,0.0,0.0,0.7420562040290803,0.16644149830995889,0.3249941983383514,-0.32801929732037205,0.49760637033128574,0.3054172409160972,0.2364805899577079,0.11229905475270488,0.0,0.0,0.0,0.23920155732412998,0.0,0.0,-0.3095747937524655,-0.15055922597358212,0.0,0.0,0.0,0.0,0.0,0.0,0.18557173206915786,0.1972997791349704,0.0,0.0,0.0,0.12297195863350269,0.0,0.0
2016-06-06,23,2016,6,0,0,28.75162325958079,14.89491377420925,3.7889512260008185,0.27137740379630537,0.4213122179039288,-0.3083525325453093,0.7838461419306885,0.28286020663203404,0.8304469939125866,0.0,0.0,0.0,0.0,0.0,0.0,0.0,0.0,0.0,0.0,0.0,0.0,0.5898928801902154,0.2569881481334528,0.38842968206358797,-0.2626324408362377,0.18881149852624707,0.2818099398560575,0.2364805899577079,0.11229905475270488,0.0,0.0,0.0,0.09951867490223626,0.0,0.0,-0.3095747937524655,-0.15055922597358212,0.0,0.0,0.0,0.0,0.0,0.0,0.0,0.1972997791349704,0.0,0.0,0.0,0.12297195863350269,0.0,0.0
2016-06-13,24,2016,6,0,0,30.291645598077963,17.22642906577911,3.4748028585142667,0.5098332331051547,0.5523758957991319,0.6783003694821669,1.1064593144985642,1.0190856044779837,-0.2504427008541982,0.0,0.0,0.0,0.0,0.0,0.0,0.0,0.0,0.0,0.0,0.0,0.0,0.5470960617324805,0.3362564586937464,0.47323123048376786,-0.17602283311684658,0.45566902745711607,0.32060660572399136,0.2364805899577079,0.11229905475270488,0.0,0.0,0.0,0.09951867490223626,0.0,0.0,0.0,-0.15055922597358212,0.0,0.0,0.0,0.0,0.0,0.0,0.0,0.1972997791349704,0.0,0.0,0.0,0.12297195863350269,0.0,0.0
2016-06-20,25,2016,6,0,0,30.55192892640082,17.597513610064574,3.691972469332755,0.5065388596411508,0.5800114061966247,0.4575324375938718,1.1431350950173274,0.6721519352824706,0.18078964299981393,0.0,0.0,0.0,0.0,0.0,0.0,0.0,0.0,0.0,0.0,0.0,0.0,0.49409606592693767,0.40555207584401576,0.526058129421822,-0.06016570980872244,0.37086028909341656,0.34014949138970735,0.0,0.11229905475270488,0.0,0.0,0.0,0.09951867490223626,0.0,0.0,0.0,-0.15055922597358212,0.0,0.0,0.0,0.0,0.0,0.0,0.0,0.15455508887541283,0.0,0.0,0.0,0.12297195863350269,0.0,0.0
2016-06-27,26,2016,6,0,0,27.313745195010142,15.011973525872836,2.8703690241521334,0.4402445403629465,0.5791695333276202,0.38376397762068215,-1.3119008012385258,-1.4671887980340477,-1.2508724901638324,0.0,0.0,0.0,0.0,0.0,0.0,-0.0,-0.0,0.0,0.0,0.0,0.0,0.4319985092263894,0.4369495052208488,0.5332172633068265,0.059690883357138784,0.3028110630378525,0.33242223139417426,0.0,0.0727632584485255,0.0,0.0,0.0,0.09951867490223626,0.0,0.0,0.0,-0.15055922597358212,0.0,0.0,-0.0,-0.0,-0.0,-0.0,0.0,0.15455508887541283,0.0,0.0,0.0,0.0,0.0,0.0
2016-07-04,27,2016,7,0,0,29.06509181108051,17.744788532587066,3.2479570520693635,0.7614950334613286,0.7441301391155749,0.9694856211481111,-0.20510037030989742,0.10083415425047802,0.8859822594433251,0.0,0.0,0.0,0.0,0.0,0.0,0.0,0.0,0.0,0.0,0.0,0.0,0.5545279166426451,0.49571952517664514,0.6139217436097381,0.1946862800835,0.6222706014612076,0.4299083934782041,0.0,0.0727632584485255,0.0,0.0,0.0,0.09951867490223626,0.0,0.0,0.0,-0.0952537826930663,0.0,0.0,0.0,0.0,0.0,0.0,0.0,0.05709899448281781,0.0,0.0,0.0,0.0,0.0,0.0
2016-07-11,28,2016,7,0,0,29.379446480692746,17.430951930487897,3.6996684656097094,0.7917401907858427,0.8594435368238107,0.7518982872168937,-0.3563395277811584,-0.4036463066320501,2.5262140264392827,0.0,0.0,0.0,0.0,-0.0,-0.0,0.0,0.0,0.0,0.0,0.0,0.0,0.6250046560628172,0.5613217067729008,0.6906886538659077,0.32254218089724424,0.6406700808948893,0.4909573122504609,0.0,0.0727632584485255,0.0,0.0,0.0,0.09951867490223626,0.0,0.0,-0.0,-0.0952537826930663,-0.0,-0.0,0.0,0.0,0.0,0.0,0.0,0.05709899448281781,0.0,0.0,0.0,0.0,0.0,0.0
2016-07-18,29,2016,7,0,0,31.91171112910845,20.107726877635585,3.055890227604657,0.9537971544872195,0.970291466984708,0.7887788447850109,0.7279248556935838,0.8324713779855851,0.009128751599421163,0.0,0.0,0.0,0.0,0.0,0.0,0.0,0.0,0.0,0.0,0.0,0.0,0.7368192297743343,0.6278265177356567,0.7882586690629285,0.442975812958779,0.723481682692674,0.5193347630763085,0.0,0.0727632584485255,0.0,0.0,0.0,0.0,0.0,0.0,0.0,-0.0952537826930663,0.0,0.0,0.0,0.0,0.0,0.0,0.0,0.05709899448281781,0.0,0.0,0.0,0.0,0.0,0.0
2016-07-25,30,2016,7,0,0,29.775392198538427,18.307988797424237,2.5161958406489298,1.1059003132558731,0.8140835837057541,0.5238993294864355,0.05719633666764793,0.4128133536593932,-1.1190351595260581,0.0,0.0,0.0,0.0,0.0,0.0,0.0,0.0,0.0,0.0,0.0,0.0,0.903233172997566,0.6763610469974063,0.846987181657462,0.5130890228696757,0.7585155206591123,0.4601536504056008,0.0,0.0727632584485255,0.0,0.0,0.0,0.0,0.0,0.0,0.0,-0.0952537826930663,0.0,0.0,0.0,0.0,0.0,0.0,0.0,0.05709899448281781,0.0,0.0,0.0,0.0,0.0,0.0
2016-08-01,31,2016,8,0,0,29.82020532808478,18.465536990333717,2.6808615650343883,0.8063351182526555,0.8755248659374366,0.3541288889596949,0.23883345319990662,0.7104258007280305,-0.272795500347156,0.0,0.0,0.0,0.0,0.0,0.0,0.0,0.0,0.0,0.0,0.0,0.0,0.9144431941953978,0.7011912817895999,0.8798358633629274,0.5920245722421535,0.6046763376120083,0.5069123619286695,0.0,0.0727632584485255,0.0,0.0,0.0,0.0,0.0,0.0,0.0,-0.0952537826930663,0.0,0.0,0.0,0.0,0.0,0.0,0.0,0.05709899448281781,0.0,0.0,0.0,0.0,0.0,0.0
2016-08-08,32,2016,8,0,0,30.015934083255146,18.8813446573265,2.884354202255968,1.0218477976842806,0.935083247027719,1.089185543532658,0.7672998253030097,1.4483524811141508,0.34797026131264164,0.0,0.0,0.0,0.0,0.0,0.0,0.0,0.0,0.0,0.0,0.0,0.0,0.9719700959200073,0.7121002893690241,0.8987457909139045,0.6510640310132871,0.6889981516909495,0.5194014841485012,0.0,0.0727632584485255,0.0,0.0,0.0,0.0,0.0,0.0,0.0,-0.0952537826930663,0.0,0.0,0.0,0.0,0.0,0.0,0.0,0.0,0.0,0.0,0.0,0.0,0.0,0.0
2016-08-15,33,2016,8,0,0,28.393233059831356,17.353137839879636,2.891417684012934,1.271301834905134,1.210112105331564,1.2095822038398096,-0.17044457957334722,0.6111008926220275,0.6193890467905093,0.0,0.0,0.0,0.0,0.0,0.0,0.0,0.0,0.0,0.0,0.0,0.0,1.0513462660244859,0.7575065453666426,0.9587009505006185,0.7277519081835296,0.7941989914546491,0.6423793264624333,0.0,0.0727632584485255,0.0,0.0,0.0,0.0,0.0,0.0,0.0,0.0,0.0,0.0,0.0,0.0,0.0,0.0,0.0,0.0,0.0,0.0,0.0,0.0,0.0,0.0
2016-08-22,34,2016,8,0,0,27.86301460534451,16.024945845254983,2.9380008273278184,1.2511169931956438,1.1756765186591327,0.6575218330527216,-0.5091567104381635,-0.10493073714179717,-0.12115416443957139,0.0,0.0,0.0,0.0,0.0,0.0,0.0,0.0,0.0,0.0,0.0,0.0,1.0876504360094286,0.7984740953922057,1.0490991842389632,0.7898267318923545,0.8276046173462206,0.6316681296935143,0.0,0.0,0.0,0.0,0.0,0.0,0.0,0.0,0.0,0.0,0.0,0.0,0.0,0.0,0.0,0.0,0.0,0.0,0.0,0.0,0.0,0.0,0.0,0.0
2016-08-29,35,2016,8,0,0,27.68112870915739,15.644501904258666,3.0397966104877754,1.1125900928910573,1.1048417867001445,0.21837066676235692,-0.2567875452540189,0.01678713325980671,0.0691916987641953,0.0,0.0,0.0,0.0,0.0,0.0,0.0,0.0,0.0,0.0,0.0,0.0,1.164214179669029,0.8310860435249687,1.1064284144296401,0.8324658695010115,0.7936650617968861,0.5980073439180849,0.0,0.0,0.0,0.0,0.0,0.0,0.0,0.0,0.0,0.0,0.0,0.0,0.0,0.0,0.0,0.0,0.0,0.0,0.0,0.0,0.0,0.0,0.0,0.0
2016-09-05,36,2016,9,0,1,28.116421841479294,16.316647092819547,3.4336070120788422,1.2760478818790355,1.3202810788416237,1.0626652522674596,0.6035590402795359,1.0808812730947235,1.0425045113280413,0.0,0.6035590402795359,0.0,0.0,0.0,0.0,0.0,0.0,0.0,0.0,0.0,1.0425045113280413,1.2277642007177176,0.908368387992871,1.2027278723831163,0.9016173203423727,0.7870349889805865,0.7034702504421441,0.0,0.0,0.15088976006988397,0.04642761848304122,0.0,0.0,0.0,0.0,0.0,0.0,0.0,0.0,0.0,0.0,0.0,0.0,0.0,0.0,0.0,0.0,0.0,0.0,0.26062612783201033,0.08019265471754164
2016-09-12,37,2016,9,0,1,25.809057571041325,13.437959955580709,2.9839178776499593,0.9453789466633123,1.3189222188233698,0.557672559804594,-0.009228475802191037,0.3793710018047744,0.07656626846779664,0.0,0.0,0.0,0.0,0.0,0.0,0.0,0.0,0.0,0.0,0.0,0.0,1.1462834786572624,0.9418719044204216,1.2299304007560679,0.960582422113468,0.6240575779717826,0.6941911881592537,0.0,0.0,0.15088976006988397,0.04642761848304122,0.0,0.0,0.0,0.0,0.0,0.0,0.0,0.0,0.0,0.0,0.0,0.0,0.0,0.0,0.0,0.0,0.0,0.0,0.26062612783201033,0.08019265471754164
2016-09-19,38,2016,9,0,1,28.17088905106528,15.13142624112558,3.1760368907127208,0.7320418455101696,1.2583402003735171,0.14818502208758177,0.98256719160641,1.0267291134765417,-0.06153732448297689,0.0,0.98256719160641,0.0,0.0,0.0,0.0,0.0,0.0,0.0,0.0,0.0,0.0,1.0165146917358938,0.9592182879488077,1.2505963211846638,1.012761560127075,0.4967233752304977,0.6703952331203086,0.0,0.0,0.3965315579714865,0.12200971014507277,0.0,0.0,0.0,0.0,0.0,0.0,0.0,0.0,0.0,0.0,0.0,0.0,0.0,0.0,0.0,0.0,0.0,0.0,0.26062612783201033,0.08019265471754164
2016-09-26,39,2016,9,0,1,21.969911224885077,9.821032890583401,3.280843961590027,0.6700202534099831,1.2437559847725315,-0.28510405059443916,-1.0376549956705143,-0.3380598360804429,0.7476640189629231,0.0,0.0,0.0,0.0,0.0,0.0,0.0,0.0,0.0,0.0,0.0,0.0,0.9058722318656252,0.9768933427985798,1.2853248707027607,1.0638835948536067,0.37085469589129866,0.6189438463345299,0.0,0.0,0.3965315579714865,0.12200971014507277,0.0,0.0,0.0,0.0,0.0,0.0,0.0,0.0,0.0,0.0,0.0,0.0,0.0,0.0,0.0,0.0,0.0,0.0,0.26062612783201033,0.08019265471754164
2016-10-03,40,2016,10,0,1,22.00035608591921,8.858133093615855,3.61495482654708,0.4839882554924215,1.1305332798390113,0.1766921041494862,-0.12579702711541962,-0.1242957711750625,0.26514123233602815,0.0,0.0,0.0,0.0,0.0,0.0,0.0,0.0,0.0,0.0,0.0,0.0,0.7078573252689717,0.9555466675702022,1.2378879209521076,1.093606913370794,0.1493614088618053,0.557959729642328,0.0,0.0,0.2456417979016025,0.12200971014507277,0.0,0.0,0.0,0.0,0.0,0.0,0.0,0.0,0.0,0.0,0.0,0.0,0.0,0.0,0.0,0.0,0.0,0.0,0.0,0.08019265471754164
2016-10-10,41,2016,10,0,1,20.516154337084526,6.793545028486348,3.810649676738215,0.048592017815239766,0.9333983822844142,-0.5177639282525691,0.2069966602206147,0.12161205609055571,0.4935987611389052,0.0,0.0,0.0,0.0,0.0,0.0,0.0,0.0,0.0,0.0,0.0,0.0,0.4836605930569536,0.8983814234955404,1.1415069618173685,1.0992957476369942,-0.11949771315248547,0.4602934053754462,0.0,0.0,0.2456417979016025,0.12200971014507277,0.0,0.0,0.0,0.0,0.0,0.0,0.0,0.0,0.0,0.0,0.0,0.0,0.0,0.0,0.0,0.0,0.0,0.0,0.0,0.08019265471754164
2016-10-17,42,2016,10,0,1,20.732262413054837,7.612731942127961,3.7217635862041774,-0.17405744517870386,0.8181251623281895,-0.32675745169138354,0.9810876378920296,1.4191336719664545,-0.02447463704165869,0.0,0.9810876378920296,0.0,0.0,0.0,0.0,0.0,0.0,0.0,0.0,0.0,0.0,0.25713577038473523,0.8116233773673925,1.0314532023060368,1.0875906472788006,-0.23823333159722682,0.3744829210311082,0.0,0.0,0.2452719094730074,0.1974779899829212,0.0,0.0,0.0,0.0,0.0,0.0,0.0,0.0,0.0,0.0,0.0,0.0,0.0,0.0,0.0,0.0,0.0,0.0,0.0,0.08019265471754164
2016-10-24,43,2016,10,0,1,18.867191198376336,6.228588450470273,3.649750556969657,-0.35671612373040323,0.6932696132924318,-0.29672652852681425,0.9409111689399735,1.1544706460525922,-0.390286400998862,0.0,0.9409111689399735,0.0,0.0,0.0,0.0,0.0,0.0,0.0,0.0,0.0,0.0,0.0004516760996386565,0.6991144206761406,0.8938316094360118,1.0782972649393143,-0.24113895108032057,0.31135785503008895,0.0,0.0,0.48049970170800077,0.269855772209073,0.0,0.0,0.0,0.0,0.0,0.0,0.0,0.0,0.0,0.0,0.0,0.0,0.0,0.0,0.0,0.0,0.0,0.0,0.0,0.08019265471754164
2016-10-31,44,2016,10,0,1,20.383756027394394,6.474860162439556,2.8995676541922104,-0.8137528499074378,0.5825345002400633,-0.6716009894614277,2.004711645660544,1.6942348607042712,-1.9111653457119,0.0,0.0,0.0,2.004711645660544,0.0,0.0,0.0,0.0,0.0,0.0,0.0,0.0,-0.3239836002503262,0.5744922692792103,0.7568319145362747,1.0557595445010548,-0.45321222448304904,0.23245555669000267,0.0,0.0,0.48049970170800077,0.269855772209073,0.0,0.0,0.501177911415136,0.15420858812773416,0.0,0.0,0.0,0.0,0.0,0.0,0.0,0.0,0.0,0.0,0.0,0.0,0.0,0.0,0.0,0.08019265471754164
2016-11-07,45,2016,11,0,1,16.44221255153226,1.7785719304343979,3.4068956713675838,-1.0071300753730987,0.1964483171112244,-1.322206725589986,0.7616091051829788,0.18158511965466015,-1.2350661588838638,0.0,0.7616091051829788,0.0,0.0,0.0,0.0,0.0,0.0,0.0,0.0,0.0,0.0,-0.5879141235474108,0.4184170482747964,0.5725943982429773,0.9989414729690167,-0.6543229238174033,0.04696384368056849,0.0,0.0,0.6709019780037455,0.3284410879923791,0.0,0.0,0.501177911415136,0.15420858812773416,0.0,0.0,0.0,0.0,0.0,0.0,0.0,0.0,0.0,0.0,0.0,0.0,0.0,0.0,0.0,0.08019265471754164
2016-11-14,46,2016,11,0,1,14.915002575282996,0.5177816502177949,4.24857595252636,-1.3173950242485069,-0.1921635705782189,-0.691017776544282,0.9866029751463942,0.6631182859868454,0.392546161172565,0.0,0.9866029751463942,0.0,0.0,0.0,0.0,0.0,0.0,0.0,0.0,0.0,0.0,-0.8737485183148614,0.2192865206475933,0.3200222150163752,0.8910741132836488,-0.7453880050306279,-0.09923615481051548,0.0,0.0,0.6722808123173366,0.40433362454210164,0.0,0.0,0.501177911415136,0.15420858812773416,0.0,0.0,0.0,0.0,0.0,0.0,0.0,0.0,0.0,0.0,0.0,0.0,0.0,0.0,0.0,0.08019265471754164
2016-11-21,47,2016,11,0,1,7.987000015254891,-1.0670599749198462,3.598574144685907,-1.3675334573513744,-0.3979126544921805,-0.1657191711871585,-0.5463450136811342,0.30542825726959705,-0.6767379507217889,0.0,0.0,0.0,0.0,0.0,0.0,0.0,0.0,0.0,0.0,0.0,0.0,-1.1264528517201045,0.01785187060551497,0.047226648070222116,0.7700287922720093,-0.7126361656957139,-0.16256238590589087,0.0,0.0,0.43705302008234326,0.40433362454210164,0.0,0.0,0.501177911415136,0.15420858812773416,0.0,0.0,0.0,0.0,0.0,0.0,0.0,0.0,0.0,0.0,0.0,0.0,0.0,0.0,0.0,0.08019265471754164
2016-11-28,48,2016,11,0,1,7.479694340439789,-0.11914747671009429,4.306624290482541,-0.7416376409294507,-0.2691721512801265,0.5529951613658162,0.061042014326845105,1.2721110432678746,0.3664201667541297,0.0,0.0,0.0,0.0,0.0,0.0,0.0,0.0,0.0,0.0,0.0,0.0,-1.1084240494756077,-0.12478103199606257,-0.16570001480982532,0.6643354124273733,-0.4064871279889031,-0.13682204016716323,0.0,0.0,0.43705302008234326,0.40433362454210164,0.0,0.0,0.0,0.15420858812773416,0.0,0.0,0.0,0.0,0.0,0.0,0.0,0.0,0.0,0.0,0.0,0.0,0.0,0.0,0.0,0.08019265471754164
2016-12-05,49,2016,12,0,0,0.6406382979090205,-6.985290930359661,4.555400503134861,-0.48702356221615317,-0.5304500864267104,-0.17663686606856194,-1.2642251636893298,-0.5520830482069037,1.0564994864767228,0.0,0.0,0.0,0.0,0.0,0.0,0.0,0.0,0.0,0.0,0.0,0.0,-0.9783974211863712,-0.2604019123110771,-0.34742461569430905,0.5219714766375013,-0.12009466310854695,-0.23215297234685722,0.0,0.0,0.24665074378659854,0.3579060060590604,0.0,0.0,0.0,0.15420858812773416,0.0,0.0,0.0,0.0,0.0,0.0,0.0,0.0,0.0,0.0,0.0,0.0,0.0,0.0,0.0,0.0
2016-12-12,50,2016,12,0,0,-2.606221167287859,-13.329953707158282,4.410258216292025,-0.18318969388862866,-0.6721695067025377,-0.12275688355248741,-1.505973352869173,-1.6762924215522823,0.7903906920832845,0.0,0.0,0.0,0.0,0.0,0.0,-0.0,-0.0,0.0,0.0,0.0,0.0,-0.6948460885964016,-0.3472148846612264,-0.46742609972538873,0.36881057467396994,0.021970560139401688,-0.28449369875894037,0.0,0.0,0.0,0.3579060060590604,0.0,0.0,0.0,0.15420858812773416,0.0,0.0,0.0,0.0,-0.0,-0.0,-0.0,-0.0,0.0,0.0,0.0,0.0,0.0,0.0,0.0,0.0
2016-12-19,51,2016,12,0,0,3.1136765947367437,-7.568599506522379,4.151733933456242,-0.41036429137693,-0.8844429432620722,-0.5279184267967394,-0.2222569370389275,-0.47913361378346425,0.32014595267687057,0.0,0.0,0.0,0.0,-0.0,-0.0,0.0,0.0,0.0,0.0,0.0,0.0,-0.45555379710279054,-0.43509227980638787,-0.5890586719178617,0.20398110208661693,-0.06857925376299354,-0.33650165636542667,0.0,0.0,0.0,0.2823239143970289,0.0,0.0,0.0,0.15420858812773416,-0.0,-0.0,-0.0,-0.0,0.0,0.0,0.0,0.0,0.0,0.0,0.0,0.0,0.0,0.0,0.0,0.0
2016-12-26,52,2016,12,0,0,6.65271653587501,-4.106425106085131,4.918148462232896,-0.6161012806060333,-0.9134996919645009,0.11546882284494912,0.48591192638330066,0.24437137982377688,1.297484051620774,0.0,0.0,0.0,0.0,0.0,0.0,0.0,0.0,0.0,0.0,0.0,0.0,-0.4241697070219362,-0.5340247054999276,-0.7501405570889552,0.038038357722229826,-0.1779608383932103,-0.3056883584085506,0.0,0.0,0.0,0.282323914397029,0.0,0.0,0.0,0.15420858812773416,0.0,0.0,0.0,0.0,0.0,0.0,0.0,0.0,0.0,0.0,0.0,0.0,0.0,0.0,0.0,0.0
2017-01-02,1,2017,1,0,0,-3.131696305963294,-12.614023041243254,4.240563051617136,-0.7273828982089193,-1.0459302289390902,-0.2899458076109031,-0.9501942870800331,-0.6808211256961413,0.21959482917634557,0.0,0.0,0.0,0.0,-0.0,-0.0,0.0,0.0,0.0,0.0,0.0,0.0,-0.4842595410201277,-0.6272071019384923,-0.8790105927170502,-0.12938191218377798,-0.20628807377879557,-0.341583582390119,0.0,0.0,0.0,0.282323914397029,0.0,0.0,0.0,0.15420858812773416,-0.0,-0.0,-0.0,-0.0,0.0,0.0,0.0,0.0,0.0,0.0,0.0,0.0,0.0,0.0,0.0,0.0
2017-01-09,2,2017,1,0,0,2.3845553836126747,-8.317053797398946,4.100085259610125,-0.5201535526409307,-0.9533311368720603,-0.07019862197109716,0.21221011302083737,0.10492125081493897,-0.29384898207261323,0.0,0.0,0.0,0.0,0.0,0.0,0.0,0.0,0.0,0.0,0.0,0.0,-0.5685005057082032,-0.6709567612043515,-0.9493010002594308,-0.27451495211889143,-0.19314850838344802,-0.3071554819069288,0.0,0.0,0.0,0.282323914397029,0.0,0.0,0.0,0.15420858812773416,0.0,0.0,0.0,0.0,0.0,0.0,0.0,0.0,0.0,0.0,0.0,0.0,0.0,0.0,0.0,0.0
2017-01-16,3,2017,1,0,0,7.536630757042282,-0.33615326127599104,3.2721385536658847,-0.052662549456873764,-0.776264607150808,0.5384862480789331,1.7550790698990892,1.9507656952891925,-1.7226274281856595,0.0,0.0,0.0,0.0,0.0,0.0,0.0,0.0,0.0,0.0,0.0,0.0,-0.4790750702281892,-0.6616186923026723,-0.9222564162316148,-0.3971603190018912,0.0734526603354701,-0.24059827423228916,0.0,0.0,0.0,0.2068556345591805,0.0,0.0,0.0,0.15420858812773416,0.0,0.0,0.0,0.0,0.0,0.0,0.0,0.0,0.0,0.0,0.0,0.0,0.0,0.0,0.0,0.0
2017-01-23,4,2017,1,0,0,4.062024500245481,-2.8219880323807467,4.978705536684855,-0.3276312018284939,-0.8493589405425014,-0.5699065927979026,0.7276506735032081,1.2360007396943873,1.2143522375796503,0.0,0.0,0.0,0.0,0.0,0.0,0.0,0.0,0.0,0.0,0.0,0.0,-0.40695755053380434,-0.65938139061791,-0.9062212283761149,-0.5158240539122707,-0.09789119357524283,-0.26161212533006517,0.0,0.0,0.0,0.1344778523330287,0.0,0.0,0.0,0.15420858812773416,0.0,0.0,0.0,0.0,0.0,0.0,0.0,0.0,0.0,0.0,0.0,0.0,0.0,0.0,0.0,0.0
2017-01-30,5,2017,1,0,0,3.368593344610353,-7.0704661462148675,4.430766668147691,-0.5865918253786676,-0.9432646261569898,-1.6555365881271902,0.2351791446630732,0.3060097099354834,0.4388458951651673,0.0,0.0,0.0,0.0,0.0,0.0,0.0,0.0,0.0,0.0,0.0,0.0,-0.3717597823262414,-0.6419074656541585,-0.8805548276805898,-0.6331932174812748,-0.4392888887043146,-0.3372994790735854,0.0,0.0,0.0,0.1344778523330287,0.0,0.0,0.0,0.0,0.0,0.0,0.0,0.0,0.0,0.0,0.0,0.0,0.0,0.0,0.0,0.0,0.0,0.0,0.0,0.0
2017-02-06,6,2017,2,0,0,7.538524686206922,-4.82090658959209,4.606280856134933,-0.6543867177965073,-0.8553557221011518,-0.43969144208454886,1.1049214387243507,1.0022077183137743,1.349787967790375,0.0,0.0,0.0,0.0,0.0,0.0,0.0,0.0,0.0,0.0,0.0,0.0,-0.4053180736151355,-0.61477336122519,-0.8560609739878626,-0.7141012204976114,-0.5316620937326775,-0.26941368803470556,0.0,0.0,0.0,0.07589253654972263,0.0,0.0,0.0,0.0,0.0,0.0,0.0,0.0,0.0,0.0,0.0,0.0,0.0,0.0,0.0,0.0,0.0,0.0,0.0,0.0
2017-02-13,7,2017,2,0,0,12.327303874697012,-1.64319397193441,3.80609404793018,-1.645360371899248,-0.9030995122840985,-1.8424639517980115,1.718329404211343,1.2958604458475043,-0.7183301686486467,0.0,0.0,0.0,0.0,0.0,0.0,0.0,0.0,0.0,0.0,0.0,0.0,-0.8034925292257291,-0.6400014648906315,-0.8877697002711853,-0.7687886006288328,-1.1268996437019136,-0.35798647074653095,0.0,0.0,0.0,0.0,0.0,0.0,0.0,0.0,0.0,0.0,0.0,0.0,0.0,0.0,0.0,0.0,0.0,0.0,0.0,0.0,0.0,0.0,0.0,0.0
2017-02-20,8,2017,2,0,0,13.307269082476072,0.4604616694971809,4.602779453328861,-1.4463249098732858,-0.8833027957638047,-0.013198086779431593,1.7630732651796475,1.692067721258787,0.4463208398777622,0.0,0.0,0.0,0.0,0.0,0.0,0.0,0.0,0.0,0.0,0.0,0.0,-1.0831659562369271,-0.6460623458538556,-0.8962556640765111,-0.8061263038035733,-0.9877225171972959,-0.34625407963824417,0.0,0.0,0.0,0.0,0.0,0.0,0.0,0.0,0.0,0.0,0.0,0.0,0.0,0.0,0.0,0.0,0.0,0.0,0.0,0.0,0.0,0.0,0.0,0.0
2017-02-27,9,2017,2,0,0,9.708283374917354,-3.195637294753466,4.878243248576694,-0.9636593071247064,-1.0371528296502974,-0.2809078799025433,0.5213921214801843,0.5611324135155967,1.0130268307916954,0.0,0.0,0.0,0.0,0.0,0.0,0.0,0.0,0.0,0.0,0.0,0.0,-1.1774328266734366,-0.6631409355611828,-0.919727714949838,-0.8652017406012786,-0.6440653401411341,-0.41040046742811803,0.0,0.0,0.0,0.0,0.0,0.0,0.0,0.0,0.0,0.0,0.0,0.0,0.0,0.0,0.0,0.0,0.0,0.0,0.0,0.0,0.0,0.0,0.0,0.0
2017-03-06,10,2017,3,1,0,9.890412087429224,-2.219526187514716,5.5276855858546785,-0.8552469750960172,-1.040632732262512,-0.1621625449138815,0.30287998363458735,0.22595550364004752,2.0829538915743133,0.0,0.0,0.0,0.0,0.0,0.0,0.0,0.0,0.0,0.0,2.0829538915743133,0.0,-1.2276478909983142,-0.6914658134750186,-0.966046967490178,-0.9044465595117249,-0.5746831158484673,-0.4092870581085272,0.0,0.0,0.0,0.0,0.0,0.0,0.0,0.0,0.0,0.0,0.0,0.0,0.0,0.0,0.0,0.0,0.0,0.0,0.0,0.0,0.5207384728935783,0.16022722242879334,0.0,0.0
2017-03-13,11,2017,3,1,0,6.984977088537876,-5.080336109141371,4.391047154230591,-0.6982882065875987,-1.1214132578092517,-0.5363245302691682,-1.1176807939578597,-1.2438920926241073,0.007677066619740874,0.0,0.0,0.0,0.0,-1.2438920926241073,-0.0,0.0,0.0,0.0,0.0,0.0,0.0,-0.9908798496704019,-0.731088775990324,-1.0206254038714664,-0.9390037711353183,-0.24814826046625652,-0.4410999540098103,0.0,0.0,0.0,0.0,0.0,0.0,0.0,0.0,-0.3109730231560269,-0.09568400712493133,-0.0,-0.0,0.0,0.0,0.0,0.0,0.0,0.0,0.0,0.0,0.5207384728935783,0.16022722242879334,0.0,0.0
2017-03-20,12,2017,3,1,0,14.383988164364172,2.17956305218809,4.748245043171491,-0.5005897996224397,-0.9486134394998647,0.22562403717641355,0.6046431194766729,0.681869566753523,0.4339126569929046,0.6046431194766729,0.0,0.0,0.0,0.0,0.0,0.0,0.0,0.0,0.0,0.0,0.0,-0.7544460721076903,-0.7380291997015169,-1.0369530648054814,-0.9439399631536101,-0.18844272947729523,-0.38313514908879864,0.15116077986916823,0.046511009190513306,0.0,0.0,0.0,0.0,0.0,0.0,-0.3109730231560269,-0.09568400712493133,0.0,0.0,0.0,0.0,0.0,0.0,0.0,0.0,0.0,0.0,0.5207384728935783,0.16022722242879334,0.0,0.0
2017-03-27,13,2017,3,1,0,13.453834839255522,4.101838939360068,3.7808039975827383,-0.07805402987113096,-0.7142983838032881,0.778772934996439,0.1568249691534319,1.2294584077394752,-1.4613622253563348,0.0,0.0,0.0,0.0,0.0,0.0,0.0,0.0,0.0,0.0,0.0,0.0,-0.5330447527942964,-0.696640949644986,-0.9562394533437291,-0.9286167856027476,0.07647747424745033,-0.33211175584637626,0.15116077986916823,0.046511009190513306,0.0,0.0,0.0,0.0,0.0,0.0,-0.3109730231560269,-0.09568400712493133,0.0,0.0,0.0,0.0,0.0,0.0,0.0,0.0,0.0,0.0,0.5207384728935783,0.16022722242879334,0.0,0.0
2017-04-03,14,2017,4,1,0,16.375934865245398,4.021723859533055,4.9252707550283255,0.24718431272949762,-0.504918047625059,0.5738132908489706,0.4564693952953512,0.7694042159885358,0.2742231335445272,0.0,0.0,0.0,0.0,0.0,0.0,0.0,0.0,0.0,0.0,0.0,0.0,-0.25743693083791774,-0.6216742411112617,-0.8223107821843658,-0.8870004639632066,0.26047143318816335,-0.26566874827253983,0.15116077986916823,0.046511009190513306,0.0,0.0,0.0,0.0,0.0,0.0,-0.3109730231560269,-0.09568400712493133,0.0,0.0,0.0,0.0,0.0,0.0,0.0,0.0,0.0,0.0,0.0,0.16022722242879334,0.0,0.0
2017-04-10,15,2017,4,1,0,21.008165939758456,7.117718303090016,4.277887390804032,0.5168888053573707,-0.4750831515749649,0.29280334153648496,1.2459529752580483,1.6173670686583321,-0.8758341360081294,1.2459529752580483,0.0,0.0,0.0,0.0,0.0,0.0,0.0,0.0,0.0,0.0,0.0,0.04635732214832458,-0.5419017520344693,-0.6607282556257941,-0.8502121574018916,0.46775340113957664,-0.23774552031041815,0.4626490236836803,0.14235354574882472,0.0,0.0,0.0,0.0,0.0,0.0,0.0,-0.09568400712493133,0.0,0.0,0.0,0.0,0.0,0.0,0.0,0.0,0.0,0.0,0.0,0.16022722242879334,0.0,0.0
2017-04-17,16,2017,4,1,0,19.624291866501537,6.894296279253324,4.126701640494303,0.7544047921914236,-0.5067185987510164,0.3560805359345112,0.9667946532841429,1.0932910596093346,-0.5399327721269819,0.9667946532841429,0.0,0.0,0.0,0.0,0.0,0.0,0.0,0.0,0.0,0.0,0.0,0.3601059701017904,-0.4798196488307541,-0.550254545438582,-0.8294778490634461,0.500367525829101,-0.2517767289369121,0.5531869071355477,0.21672236523222033,0.0,0.0,0.0,0.0,0.0,0.0,0.0,-0.09568400712493133,0.0,0.0,0.0,0.0,0.0,0.0,0.0,0.0,0.0,0.0,0.0,0.16022722242879334,0.0,0.0
2017-04-24,17,2017,4,1,0,17.02463250502743,5.514808995848852,5.071543011615076,0.8918428049310669,-0.02634496383931968,1.2166529667832553,-0.6984207723832606,0.04607874714401116,0.9868852538575114,0.0,0.0,0.0,0.0,0.0,0.0,0.0,0.0,0.9868852538575114,0.0,0.0,0.0,0.6025801788023399,-0.3860139560030955,-0.37826619044758986,-0.7661690816247398,0.6098375337758051,-0.1143490705075923,0.5531869071355477,0.21672236523222033,0.0,0.0,0.0,0.0,0.0,0.0,0.0,-0.09568400712493133,0.0,0.0,0.0,0.0,0.0,0.0,0.24672131346437784,0.07591425029673164,0.0,0.0,0.0,0.16022722242879334,0.0,0.0
2017-05-01,18,2017,5,1,0,17.805043400318976,5.348999941483391,4.463062390788193,1.0209641866494847,0.35138656367548843,0.9810071768042664,-0.8585972110199733,-0.9350045166067996,0.6776351051857468,0.0,0.0,0.0,0.0,-0.9350045166067996,-0.0,0.0,0.0,0.0,0.0,0.0,0.0,0.7960251472823366,-0.2623558012316992,-0.16419003762245302,-0.6665805285607032,0.7116360052646291,0.08846198833328897,0.5531869071355477,0.21672236523222033,0.0,0.0,0.0,0.0,0.0,0.0,-0.23375112915169996,-0.16760743147930054,-0.0,-0.0,0.0,0.0,0.0,0.0,0.24672131346437784,0.07591425029673164,0.0,0.0,0.0,0.16022722242879334,0.0,0.0
2017-05-08,19,2017,5,1,0,22.716565606120525,9.007455060918948,3.5416134298811075,1.1739500689991724,0.4358398508322444,0.3190285252367637,0.3333901069145881,-0.026113750791759323,-0.6414945690201004,0.0,0.0,0.0,0.0,0.0,0.0,0.0,0.0,0.0,0.0,0.0,0.0,0.9602904631927871,-0.12171450993972388,0.06354071297934931,-0.5672577921812111,0.7181923011896988,0.1468250627426207,0.24169866332103568,0.21672236523222033,0.0,0.0,0.0,0.0,0.0,0.0,-0.23375112915169996,-0.16760743147930054,0.0,0.0,0.0,0.0,0.0,0.0,0.24672131346437784,0.07591425029673164,0.0,0.0,0.0,0.16022722242879334,0.0,0.0
2017-05-15,20,2017,5,1,0,23.348825489919086,11.600936112535614,5.053986925051314,1.4559488720546174,0.8239991501977033,1.2997462266598783,0.20808252664686305,0.611591912807062,2.035049471255299,0.0,0.0,0.0,0.0,0.0,0.0,0.0,0.0,0.0,0.0,2.035049471255299,0.0,1.1356764831585857,0.11684773959518886,0.39622015021652923,-0.43440404891338014,0.9541087238710406,0.38853353800861223,0.0,0.21672236523222033,0.0,0.0,0.0,0.0,0.0,0.0,-0.23375112915169996,-0.16760743147930054,0.0,0.0,0.0,0.0,0.0,0.0,0.24672131346437784,0.07591425029673164,0.0,0.0,0.5087623678138248,0.31676948944843175,0.0,0.0
2017-05-22,21,2017,5,1,0,21.499920792735956,10.226697466127158,3.590370145543987,1.5131080894724127,0.9412042007180421,0.4861208717528459,-0.8649238121431714,-0.7213552212503489,-0.5926371059109106,0.0,0.0,0.0,0.0,-0.7213552212503489,-0.0,0.0,0.0,0.0,0.0,0.0,0.0,1.290992804293922,0.34449643185255024,0.6381074413558697,-0.294057356876315,0.7714757001134382,0.42694268866494123,0.0,0.21672236523222033,0.0,0.0,0.0,0.0,0.0,0.0,-0.4140899344642872,-0.22309629465240427,-0.0,-0.0,0.0,0.0,0.0,0.0,0.0,0.07591425029673164,0.0,0.0,0.5087623678138248,0.31676948944843175,0.0,0.0
2017-05-29,22,2017,5,1,0,26.57682256028835,12.314793557959499,3.138126398167979,0.6471546839346779,0.8871890227833027,-0.5231037287851875,0.17062798249306166,-0.8549362491945932,-0.7794044721361371,0.0,0.0,0.0,0.0,-0.8549362491945932,-0.0,0.0,0.0,0.0,0.0,0.0,0.0,1.1975404286152203,0.46840520039557987,0.7720580561328232,-0.14603106053526885,0.39544797371607476,0.4083122387508916,0.0,0.21672236523222033,0.0,0.0,0.0,0.0,0.0,0.0,-0.3940728676112356,-0.28886062151352687,-0.0,-0.0,0.0,0.0,0.0,0.0,0.0,0.07591425029673164,0.0,0.0,0.5087623678138248,0.31676948944843175,0.0,0.0
2017-06-05,23,2017,6,0,0,28.552552399499493,14.481745946203855,3.927085009996717,0.3592914026949391,0.8356068566207231,-0.5853023987808026,0.6889390917916339,0.03859096977733317,1.1839781643632707,0.0,0.0,0.0,0.0,0.0,0.0,0.0,0.0,0.0,0.0,0.0,0.0,0.993875762039162,0.5618312294564227,0.8719998075799429,-0.0017049383134815333,0.16936524271168318,0.37576301922266697,0.0,0.21672236523222033,0.0,0.0,0.0,0.0,0.0,0.0,-0.3940728676112356,-0.28886062151352687,0.0,0.0,0.0,0.0,0.0,0.0,0.0,0.07591425029673164,0.0,0.0,0.5087623678138248,0.1565422670196384,0.0,0.0
2017-06-12,24,2017,6,0,0,30.30466197983773,17.762683449921767,3.8608687783920974,0.549641314985829,1.0727491746791122,0.9679650545700014,1.1123227408105225,1.3041100253240887,0.5293635767901228,0.0,0.0,0.0,0.0,0.0,0.0,0.0,0.0,0.0,0.0,0.0,0.0,0.7672988727719647,0.657825808038994,0.9341873137002952,0.1670767872625465,0.08641994968921396,0.49147760267183394,0.0,0.21672236523222033,0.0,0.0,0.0,0.0,0.0,0.0,-0.3940728676112356,-0.1931766143885955,0.0,0.0,0.0,0.0,0.0,0.0,0.0,0.07591425029673164,0.0,0.0,0.0,0.1565422670196384,0.0,0.0
2017-06-19,25,2017,6,0,0,27.18079307741277,14.763116033307238,3.937016709709901,0.3218172563456994,1.1608520101480884,0.5333644180301708,-0.8751885076791188,-1.8824180810844862,0.8944724944563343,0.0,0.0,0.0,0.0,0.0,0.0,-0.0,-0.0,0.0,0.0,0.0,0.0,0.4694761644902865,0.7210878892673124,0.9890992660578067,0.32934336031238903,0.09823083625854517,0.5151499396605844,0.0,0.170211356041707,0.0,0.0,0.0,0.0,0.0,0.0,-0.21373406229864836,-0.1931766143885955,0.0,0.0,-0.0,-0.0,-0.0,-0.0,0.0,0.07591425029673164,0.0,0.0,0.0,0.1565422670196384,0.0,0.0
2017-06-26,26,2017,6,0,0,26.824693055139328,14.123012640501983,3.5848669654722634,0.6089638188008059,1.1259577375941174,0.7261450709249125,-1.643950797595721,-2.11848432356784,0.9436363491367026,0.0,0.0,0.0,0.0,0.0,0.0,-0.0,-0.0,0.0,0.0,0.0,0.0,0.45992844820681855,0.7739354160882306,1.0487914447605104,0.47090152349680486,0.4105430361860702,0.5111016424243132,0.0,0.170211356041707,0.0,0.0,0.0,0.0,0.0,0.0,0.0,-0.1931766143885955,0.0,0.0,-0.0,-0.0,-0.0,-0.0,0.0,0.07591425029673164,0.0,0.0,0.0,0.1565422670196384,0.0,0.0
2017-07-03,27,2017,7,0,0,30.37542999806107,17.342952312976447,2.7797150566690627,0.7575895076231994,1.0648675580677156,0.1450407747645698,0.4314917247986728,-0.15248922834361714,-0.5537498330755628,0.0,0.0,0.0,0.0,0.0,0.0,0.0,0.0,0.0,0.0,0.0,0.0,0.5595029744388836,0.8131973541569769,1.1061066201222585,0.591654262396249,0.5931288295724133,0.47811914118705157,0.0,0.170211356041707,0.0,0.0,0.0,0.0,0.0,0.0,0.0,-0.1931766143885955,0.0,0.0,0.0,0.0,0.0,0.0,0.0,0.07591425029673164,0.0,0.0,0.0,0.1565422670196384,0.0,0.0
2017-07-10,28,2017,7,0,0,30.17774741253595,18.09546491033887,3.124693571199362,0.8382508373568879,1.1498301503501371,0.7312542000431428,0.24742810382332361,0.30823254413645307,0.5773950986949267,0.0,0.0,0.0,0.0,0.0,0.0,0.0,0.0,0.0,0.0,0.0,0.0,0.6316553550316484,0.837917510464632,1.1253768640400148,0.7166475933135646,0.5339511159406987,0.5118461303029483,0.0,0.07436881948339559,0.0,0.0,0.0,0.0,0.0,0.0,0.0,-0.1931766143885955,0.0,0.0,0.0,0.0,0.0,0.0,0.0,0.07591425029673164,0.0,0.0,0.0,0.1565422670196384,0.0,0.0
2017-07-17,29,2017,7,0,0,31.80849770436406,19.31657645150849,2.9290554540558262,0.9231099543963348,1.269343859270149,0.9128640865303036,0.6809247547089599,0.4518202484679142,-0.37954611659720633,0.0,0.0,0.0,0.0,0.0,0.0,0.0,0.0,0.0,0.0,0.0,0.0,0.7819785295443071,0.8508948306342407,1.15249982632053,0.8532677823921158,0.6288260330657318,0.5546756341949324,0.0,0.0,0.0,0.0,0.0,0.0,0.0,0.0,0.0,-0.1931766143885955,0.0,0.0,0.0,0.0,0.0,0.0,0.0,0.07591425029673164,0.0,0.0,0.0,0.1565422670196384,0.0,0.0
2017-07-24,30,2017,7,0,0,29.123731895764116,17.129024368140744,2.990410982506779,0.7849832503489498,0.9539879459724185,0.4259474192351465,-0.3205555322697603,-0.31076380974379103,0.5188873019127345,0.0,0.0,0.0,0.0,0.0,0.0,0.0,0.0,0.0,0.0,0.0,0.0,0.8259833874313431,0.8426748648971547,1.1095073784151053,0.9286780062237879,0.5537766201432903,0.4938521305373855,0.0,0.0,0.0,0.0,0.0,0.0,0.0,0.0,0.0,-0.1931766143885955,0.0,0.0,0.0,0.0,0.0,0.0,0.0,0.0,0.0,0.0,0.0,0.1565422670196384,0.0,0.0
2017-07-31,31,2017,7,0,0,27.398591479935686,14.889025659723519,2.627980722003106,0.7763225945412469,0.9083003939771375,0.33006419884853583,-1.0686205774730382,-1.27756285751833,-0.43347796025697866,0.0,0.0,0.0,0.0,-0.0,-0.0,0.0,0.0,0.0,0.0,0.0,0.0,0.8306666591608549,0.8238562808888287,1.0703655873924607,0.9715175316316071,0.6000324761642819,0.44377959377156007,0.0,0.0,0.0,0.0,0.0,0.0,0.0,0.0,-0.0,-0.12125319003422631,-0.0,-0.0,0.0,0.0,0.0,0.0,0.0,0.0,0.0,0.0,0.0,0.1565422670196384,0.0,0.0
2017-08-07,32,2017,8,0,0,26.578636657717567,14.323808162298084,2.4589410846369915,0.5394782305329855,0.9048715187693849,0.2229921219223813,-1.6373971806850907,-1.7459064483601863,-0.9963116900521398,0.0,0.0,0.0,0.0,0.0,0.0,-0.0,-0.0,0.0,0.0,0.0,0.0,0.7559735074548795,0.7750507548529681,1.0091259294972725,1.0075968907036947,0.4729669566340915,0.43639217813199216,0.0,0.0,0.0,0.0,0.0,0.0,0.0,0.0,0.0,-0.12125319003422631,0.0,0.0,-0.0,-0.0,-0.0,-0.0,0.0,0.0,0.0,0.0,0.0,0.1565422670196384,0.0,0.0
2017-08-14,33,2017,8,0,0,28.325587803350377,16.469116333046465,2.8743707781800367,0.648874296690144,0.7156555379440444,0.6488585577226234,-0.22441698911140706,0.011745764728873485,0.55398377980705,0.0,0.0,0.0,0.0,0.0,0.0,0.0,0.0,0.0,0.0,0.0,0.0,0.6874145930283317,0.7129680952095471,0.8707038491657465,0.9992627666841827,0.4069655744321714,0.3863238959060495,0.0,0.0,0.0,0.0,0.0,0.0,0.0,0.0,0.0,-0.12125319003422631,0.0,0.0,0.0,0.0,0.0,0.0,0.0,0.0,0.0,0.0,0.0,0.0,0.0,0.0
2017-08-21,34,2017,8,0,0,26.702250316195265,14.446893351932133,3.0191400635456467,0.3310850873417583,0.6971510513844107,0.5010864934187845,-1.2299484953159392,-1.1245854879633486,0.12259938988077579,0.0,0.0,0.0,0.0,0.0,0.0,-0.0,-0.0,0.0,0.0,0.0,0.0,0.5739400522765338,0.6220432488918045,0.8064946255187444,0.9804894475046725,0.4257503429780809,0.3874750975726602,0.0,0.0,0.0,0.0,0.0,0.0,0.0,0.0,0.0,-0.06576432686112256,0.0,0.0,-0.0,-0.0,-0.0,-0.0,0.0,0.0,0.0,0.0,0.0,0.0,0.0,0.0
2017-08-28,35,2017,8,0,0,25.875310570434912,13.330859550025188,2.7906665135181536,0.3484005784149204,0.779793589452218,-0.04609068402140869,-1.042377921622751,-1.1406528811031837,-0.6461577264019152,0.0,0.0,0.0,0.0,-0.0,-0.0,0.0,0.0,0.0,0.0,0.0,0.0,0.4669595482449522,0.5990621638518232,0.7743679243875147,0.9722282603253583,0.33171162226059475,0.4241684087083355,0.0,0.0,0.0,0.0,0.0,0.0,0.0,0.0,-0.0,-0.0,-0.0,-0.0,0.0,0.0,0.0,0.0,0.0,0.0,0.0,0.0,0.0,0.0,0.0,0.0
2017-09-04,36,2017,9,0,1,24.714512818822396,10.193574686196223,3.315395073101265,0.09880355359678264,0.7811302735090913,-0.8591462408656361,-1.1072994611619873,-1.475166769712754,0.7346547392837864,0.0,0.0,0.0,0.0,0.0,0.0,-0.0,-1.475166769712754,0.0,0.0,0.0,0.0,0.3567908790109015,0.5790246369981188,0.7434326130724412,0.9680377539321559,0.061177031563590445,0.40310349777873294,0.0,0.0,0.0,0.0,0.0,0.0,0.0,0.0,0.0,0.0,0.0,0.0,-0.0,-0.0,-0.3687916924281885,-0.11347436690098107,0.0,0.0,0.0,0.0,0.0,0.0,0.0,0.0
2017-09-11,37,2017,9,0,1,26.983580363182618,13.049581802847415,2.7945774530329905,-0.3289819171464085,0.5344261733549791,-0.3602852575238751,0.5155564146597138,0.16472579893019207,-0.4667119077785201,0.0,0.0,0.0,0.0,0.0,0.0,0.0,0.0,0.0,0.0,0.0,0.0,0.11232682555176338,0.5114382345264082,0.6981252719251749,0.9266282922918379,-0.19110892224803416,0.30093039684843476,0.0,0.0,0.0,0.0,0.0,0.0,0.0,0.0,0.0,0.0,0.0,0.0,0.0,0.0,-0.3687916924281885,-0.11347436690098107,0.0,0.0,0.0,0.0,0.0,0.0,0.0,0.0
2017-09-18,38,2017,9,0,1,28.641338879281154,15.489484830303828,3.20059772378965,-0.430546214580769,0.4423228358493495,0.242681895979688,1.1765443206538735,1.161562384805313,-0.005585418642053795,0.0,1.1765443206538735,0.0,0.0,0.0,0.0,0.0,0.0,0.0,0.0,0.0,0.0,-0.07808099992886845,0.45356412137821833,0.6344182180414096,0.871356817345781,-0.25571007160780834,0.2785702028445515,0.0,0.0,0.29413608016346837,0.09050340928106719,0.0,0.0,0.0,0.0,0.0,0.0,0.0,0.0,0.0,0.0,-0.3687916924281885,-0.11347436690098107,0.0,0.0,0.0,0.0,0.0,0.0,0.0,0.0
2017-09-25,39,2017,9,0,1,24.190195473568146,10.947685206240225,3.0920804673140445,-0.6241868345221807,0.2730461425723476,-0.5833730345037459,0.07494195199754594,0.13814092624147484,0.26843431918664984,0.0,0.0,0.0,0.0,0.0,0.0,0.0,0.0,0.0,0.0,0.0,0.0,-0.32122785316314373,0.3587063788149117,0.5077313563214421,0.8057482331133372,-0.3900306592283926,0.17783804088850083,0.0,0.0,0.29413608016346837,0.09050340928106719,0.0,0.0,0.0,0.0,0.0,0.0,0.0,0.0,0.0,0.0,-0.3687916924281885,-0.11347436690098107,0.0,0.0,0.0,0.0,0.0,0.0,0.0,0.0
2017-10-02,40,2017,10,0,1,23.01788780448893,11.858782633238203,3.5577837924338938,0.02188781011072815,0.41588350636930543,1.0832462218216683,0.22581404441171632,0.9837976403975922,0.14830212431672768,0.0,0.0,0.0,0.0,0.0,0.0,0.0,0.0,0.0,0.0,0.0,0.0,-0.34045678903465737,0.30211394054472157,0.41641966453649554,0.7558263829826903,0.09556745644343351,0.25000769066212375,0.0,0.0,0.29413608016346837,0.09050340928106719,0.0,0.0,0.0,0.0,0.0,0.0,0.0,0.0,0.0,0.0,0.0,-0.11347436690098107,0.0,0.0,0.0,0.0,0.0,0.0,0.0,0.0
2017-10-09,41,2017,10,0,1,20.002301138960217,8.758449181421406,3.7127590097097296,0.817491701405322,0.5726153859086699,1.0185460873982828,0.028346703847665487,1.1368051180542211,0.27916676989744704,0.0,0.0,0.0,0.0,0.0,0.0,0.0,0.0,0.0,0.0,0.0,0.0,-0.05383838439672475,0.30051708393306265,0.4259669676749183,0.7114252472564235,0.440275292673973,0.27210706661251916,0.0,0.0,0.29413608016346837,0.09050340928106719,0.0,0.0,0.0,0.0,0.0,0.0,0.0,0.0,0.0,0.0,0.0,-0.11347436690098107,0.0,0.0,0.0,0.0,0.0,0.0,0.0,0.0
2017-10-16,42,2017,10,0,1,21.94920506475996,6.2345150806850995,3.7947922884317933,0.6509812450633691,0.2608705235114289,-0.6067655254109966,1.393860966459744,0.7887575506169753,0.15788464849094697,0.0,0.0,0.0,1.393860966459744,0.0,0.0,0.0,0.0,0.0,0.0,0.0,0.0,0.2165434805143098,0.2795841062920653,0.3806038895904381,0.6338503752749836,0.22791343732630184,0.15521248107857297,0.0,0.0,0.0,0.09050340928106719,0.0,0.0,0.348465241614936,0.10722007434305723,0.0,0.0,0.0,0.0,0.0,0.0,0.0,-0.11347436690098107,0.0,0.0,0.0,0.0,0.0,0.0,0.0,0.0
2017-10-23,43,2017,10,0,1,13.877619801215726,2.0576900208043383,4.80249830508275,0.7746636952505938,0.32594708703943176,-0.1465222153909628,-0.9055258719612218,-1.05652741386119,1.4746022365264269,0.0,0.0,0.0,0.0,-0.0,-1.05652741386119,0.0,0.0,0.0,0.0,0.0,1.4746022365264269,0.5662561129575034,0.2787902943614225,0.3938291257072092,0.5855395399724461,0.33712614210449754,0.11117635533810304,0.0,0.0,0.0,0.09050340928106719,0.0,0.0,0.348465241614936,0.10722007434305723,-0.0,-0.0,-0.2641318534652975,-0.08127133952778384,0.0,0.0,0.0,-0.11347436690098107,0.0,0.0,0.0,0.0,0.0,0.0,0.3686505591316067,0.1134309412712636
2017-10-30,44,2017,10,0,1,10.865033436316725,1.2879460070388362,4.043756709748371,0.5411392730254664,0.25794955017976784,-0.21962099128498574,-0.8889257143776215,-0.2495561620690051,0.5132700476151276,0.0,0.0,0.0,0.0,0.0,0.0,0.0,0.0,0.0,0.0,0.0,0.0,0.696068978686188,0.2606992696294394,0.35434563665982477,0.535512551988033,0.011409338827834105,0.068892879173986,0.0,0.0,0.0,0.09050340928106719,0.0,0.0,0.348465241614936,0.10722007434305723,0.0,0.0,-0.2641318534652975,-0.08127133952778384,0.0,0.0,0.0,-0.11347436690098107,0.0,0.0,0.0,0.0,0.0,0.0,0.3686505591316067,0.1134309412712636
2017-11-06,45,2017,11,0,1,7.462179763530889,-2.8129895149024966,3.472165787734905,-0.12848977027031094,0.2130885302150516,-0.3970654626942485,-1.6784418820881615,-1.652766912672727,-1.0827134766398772,0.0,0.0,0.0,0.0,0.0,0.0,-0.0,-1.652766912672727,0.0,0.0,0.0,0.0,0.45957361076727976,0.20931711572149353,0.2644639227364202,0.48229847594539205,-0.34249354869529874,0.021196141895783695,0.0,0.0,0.0,0.09050340928106719,0.0,0.0,0.348465241614936,0.10722007434305723,0.0,0.0,-0.2641318534652975,-0.08127133952778384,-0.0,-0.0,-0.4131917281681817,-0.2406102832604216,0.0,0.0,0.0,0.0,0.0,0.0,0.3686505591316067,0.1134309412712636
2017-11-13,46,2017,11,0,1,9.826607614697535,-0.8833825938496399,4.427582553034901,-0.25453506198045217,0.14412701438427442,0.015096220615408662,-0.13863251311675273,0.2364735090240085,0.7244730747559269,0.0,0.0,0.0,0.0,0.0,0.0,0.0,0.0,0.0,0.0,0.0,0.0,0.23319453400632442,0.13982408813144767,0.23527804545463157,0.43833474336387135,-0.18702811218869742,-0.027554807112463588,0.0,0.0,0.0,0.09050340928106719,0.0,0.0,0.0,0.10722007434305723,0.0,0.0,-0.2641318534652975,-0.08127133952778384,0.0,0.0,-0.4131917281681817,-0.2406102832604216,0.0,0.0,0.0,0.0,0.0,0.0,0.3686505591316067,0.1134309412712636
2017-11-20,47,2017,11,0,1,11.298124254982312,-3.04527844317523,3.976227489924402,-0.9380066940341367,-0.09787959039932471,-2.028688683582045,0.7492655847887633,-0.43491663899812383,-0.10488014403948404,0.0,0.7492655847887633,0.0,0.0,0.0,0.0,0.0,0.0,0.0,0.0,0.0,0.0,-0.1949730633148582,0.04220164341022498,0.12932137609494246,0.3771785401497378,-0.657569729236468,-0.22215289765098895,0.0,0.0,0.18731639619719082,0.14813922349558745,0.0,0.0,0.0,0.10722007434305723,0.0,0.0,0.0,-0.08127133952778384,0.0,0.0,-0.4131917281681817,-0.2406102832604216,0.0,0.0,0.0,0.0,0.0,0.0,0.0,0.1134309412712636
2017-11-27,48,2017,11,0,1,13.585743445716819,-1.3815298564688276,3.297371135698334,-1.3304199481834,-0.26995170152952014,-2.0938420597322,2.1892231941428864,0.7595858988735572,-1.2199272793874039,0.0,0.0,0.0,2.1892231941428864,0.0,0.0,0.0,0.0,0.0,0.0,0.0,0.0,-0.6628628686170748,-0.08693839709733811,-0.002653936832379536,0.29642890238191183,-1.1261249963482716,-0.37967223424412677,0.0,0.0,0.18731639619719082,0.14813922349558745,0.0,0.0,0.5473057985357216,0.2756218585078946,0.0,0.0,0.0,-0.08127133952778384,0.0,0.0,-0.4131917281681817,-0.2406102832604216,0.0,0.0,0.0,0.0,0.0,0.0,0.0,0.1134309412712636
2017-12-04,49,2017,12,0,0,5.705545296056997,-5.565937528851094,5.381994963451413,-1.4939041875667223,-0.24699538347807198,-0.6561353454339769,0.3317627054649761,-0.054151265345852434,2.3773242932152456,0.0,0.0,0.0,0.0,0.0,0.0,0.0,0.0,0.0,0.0,0.0,0.0,-1.0042164729411776,-0.20945437718683851,-0.11767491525566043,0.21734231338289925,-1.1908924670332035,-0.36405601151861455,0.0,0.0,0.18731639619719082,0.14813922349558745,0.0,0.0,0.5473057985357216,0.27562185850789467,0.0,0.0,0.0,-0.08127133952778384,0.0,0.0,0.0,-0.12713591635944052,0.0,0.0,0.0,0.0,0.0,0.0,0.0,0.1134309412712636
2017-12-11,50,2017,12,0,0,5.527589485126772,-5.738965251190095,4.31348205429986,-1.6945781580043149,-0.3597475703814295,-1.2753487442410287,0.31219036748467455,0.0524208440237656,0.6307358136171217,0.0,0.0,0.0,0.0,0.0,0.0,0.0,0.0,0.0,0.0,0.0,0.0,-1.3642272469471433,-0.31450024186821596,-0.24364356144708643,0.1485597177108678,-1.5135037082473128,-0.4344455104968571,0.0,0.0,0.18731639619719082,0.14813922349558745,0.0,0.0,0.5473057985357216,0.27562185850789467,0.0,0.0,0.0,-0.08127133952778384,0.0,0.0,0.0,-0.12713591635944052,0.0,0.0,0.0,0.0,0.0,0.0,0.0,0.1134309412712636
2017-12-18,51,2017,12,0,0,5.022742395892225,-4.145020288161899,3.8629030600070062,-1.8604521169189276,-0.45762537263114583,-0.32825257809505354,0.34429724934563344,0.5436444705522665,-0.17458373710491681,0.0,0.0,0.0,0.0,0.0,0.0,0.0,0.0,0.0,0.0,0.0,0.0,-1.5948386026683412,-0.4244930035865358,-0.3335800070050417,0.0793329324431374,-1.088394681875565,-0.4783635469641449,0.0,0.0,0.0,0.05763581421452025,0.0,0.0,0.5473057985357216,0.27562185850789467,0.0,0.0,0.0,-0.08127133952778384,0.0,0.0,0.0,-0.12713591635944052,0.0,0.0,0.0,0.0,0.0,0.0,0.0,0.1134309412712636
2017-12-25,52,2017,12,0,0,-7.4654889157999635,-16.32256775638176,3.818467326713298,-1.6097157636787331,-0.5297011610446242,-0.5733996799757853,-2.6937034408260683,-2.464700587645962,-0.6911434218864715,0.0,0.0,0.0,0.0,0.0,0.0,-0.0,-0.0,0.0,0.0,0.0,0.0,-1.6646625565421744,-0.5003029212139629,-0.3985173718838177,0.017583139857216483,-0.7082840869364615,-0.4775963658466094,0.0,0.0,0.0,0.05763581421452025,0.0,0.0,0.0,0.27562185850789467,0.0,0.0,0.0,-0.08127133952778384,-0.0,-0.0,-0.0,-0.12713591635944052,0.0,0.0,0.0,0.0,0.0,0.0,0.0,0.1134309412712636
2018-01-01,1,2018,1,0,0,-7.658922996768702,-19.343210899688962,3.772521456224215,-1.8684528567203467,-1.1732862622531715,-1.805365472680231,-2.0315451080641393,-2.078488956103212,-0.40887059389022906,0.0,0.0,0.0,0.0,0.0,0.0,-0.0,-0.0,0.0,0.0,0.0,0.0,-1.7582997238305804,-0.6457137417394302,-0.6300900915775927,-0.10466068849835866,-0.9955916187480249,-0.6997972654236786,0.0,0.0,0.0,0.05763581421452025,0.0,0.0,0.0,0.27562185850789467,0.0,0.0,0.0,-0.08127133952778384,-0.0,-0.0,-0.0,-0.12713591635944052,0.0,0.0,0.0,0.0,0.0,0.0,0.0,0.1134309412712636
2018-01-08,2,2018,1,0,0,2.507869759284102,-8.770457806555507,4.610422490178937,-1.3865626177756178,-1.6766292940050371,-0.12567193333034354,0.24802414432905165,-0.024680803328836032,0.5777363281346846,0.0,0.0,0.0,0.0,0.0,0.0,0.0,0.0,0.0,0.0,0.0,0.0,-1.6812958387734063,-0.8152563816764256,-0.9593105224834945,-0.27767951003018226,-0.7081724160203536,-0.7878140362489575,0.0,0.0,0.0,0.05763581421452025,0.0,0.0,0.0,0.27562185850789467,0.0,0.0,0.0,-0.08127133952778384,0.0,0.0,0.0,-0.12713591635944052,0.0,0.0,0.0,0.0,0.0,0.0,0.0,0.1134309412712636
2018-01-15,3,2018,1,0,0,0.5728287687372001,-11.005462911678034,4.284759845858715,-1.3843609701524664,-1.8078694329807607,-0.915255332130894,-0.09724806149966474,-0.34821256597983413,0.07366869649152319,0.0,0.0,0.0,0.0,0.0,0.0,0.0,0.0,0.0,0.0,0.0,0.0,-1.562273052081791,-0.9718211674622592,-1.2968715375708983,-0.43681335283727374,-0.8549231045293139,-0.8115440213812574,0.0,0.0,0.0,0.05763581421452025,0.0,0.0,0.0,0.16840178416483745,0.0,0.0,0.0,-0.08127133952778384,0.0,0.0,0.0,-0.12713591635944052,0.0,0.0,0.0,0.0,0.0,0.0,0.0,0.1134309412712636
2018-01-22,4,2018,1,0,0,6.894888398842453,-3.7452985052096732,4.438532636905257,-1.0911102819466079,-1.7945015440839305,0.14651947535405446,1.6018962555193883,1.0365222099372253,0.40285553081860176,0.0,0.0,0.0,0.0,0.0,0.0,0.0,0.0,0.0,0.0,0.0,0.0,-1.4326216816487596,-1.1153422426312747,-1.613071633330725,-0.5999247860006094,-0.6749433156968538,-0.7890023528624099,0.0,0.0,0.0,0.05763581421452025,0.0,0.0,0.0,0.16840178416483745,0.0,0.0,0.0,0.0,0.0,0.0,0.0,-0.12713591635944052,0.0,0.0,0.0,0.0,0.0,0.0,0.0,0.0
2018-01-29,5,2018,1,0,0,2.1826170182561055,-10.482518092453384,4.774210998894845,-1.033042674850409,-1.9516654087298142,-1.0603748794926213,-0.07078847683237646,-0.4596459560011874,1.0323234697821397,0.0,0.0,0.0,0.0,0.0,0.0,0.0,0.0,0.0,0.0,0.0,0.0,-1.223769136181275,-1.2364331616986495,-1.8076664199498855,-0.7698951674551926,-0.48869566739995146,-0.853675728878382,0.0,0.0,0.0,0.05763581421452025,0.0,0.0,0.0,0.16840178416483745,0.0,0.0,0.0,0.0,0.0,0.0,0.0,-0.12713591635944052,0.0,0.0,0.0,0.0,0.0,0.0,0.0,0.0
2018-02-05,6,2018,2,0,0,-2.8768652748106747,-13.284426251918019,3.5265744038098266,-0.8472405028156282,-1.82024337863942,0.05932005291132134,-0.9347745175599305,-0.9273326817010004,-1.6668290774545955,0.0,0.0,0.0,0.0,-0.0,-0.0,0.0,0.0,0.0,0.0,0.0,0.0,-1.0889386074412777,-1.2917216795867508,-1.8435699411084814,-0.9263053142901521,-0.44244767083953523,-0.8185691507548766,0.0,0.0,0.0,0.05763581421452025,0.0,0.0,0.0,0.16840178416483745,-0.0,-0.0,-0.0,-0.0,0.0,0.0,0.0,0.0,0.0,0.0,0.0,0.0,0.0,0.0,0.0,0.0
2018-02-12,7,2018,2,0,0,4.991369767646935,-7.374956289833349,4.243964377770467,-0.7149059778625945,-2.001301138689651,-0.5885453903677179,0.1694409275447509,0.027996643969250085,0.0025615073304651155,0.0,0.0,0.0,0.0,0.0,0.0,0.0,0.0,0.0,0.0,0.0,0.0,-0.9215748593688097,-1.3271348269623005,-1.8919278675357039,-1.0913382491419923,-0.36077018539874117,-0.8650031208305017,0.0,0.0,0.0,0.05763581421452025,0.0,0.0,0.0,0.16840178416483745,0.0,0.0,0.0,0.0,0.0,0.0,0.0,0.0,0.0,0.0,0.0,0.0,0.0,0.0,0.0,0.0
2018-02-19,8,2018,2,0,0,6.2983192765675176,-4.007586748312658,4.603772617444904,0.21074409682536385,-1.0758539024076268,1.2475086246639788,0.3421743546577761,0.674375399513205,0.4485722799376132,0.0,0.0,0.0,0.0,0.0,0.0,0.0,0.0,0.0,0.0,0.0,0.0,-0.5961112646758169,-1.2387693815115695,-1.7122659571166277,-1.1665670423734003,-0.08552289807126012,-0.6129879432731152,0.0,0.0,0.0,0.0,0.0,0.0,0.0,0.16840178416483745,0.0,0.0,0.0,0.0,0.0,0.0,0.0,0.0,0.0,0.0,0.0,0.0,0.0,0.0,0.0,0.0
2018-02-26,9,2018,2,0,0,11.059888672385473,-2.053953157503516,4.31101939157897,0.3057615473820044,-0.9467212181008974,-0.6613151797014503,0.7775931154703534,0.8285817078657077,0.03112883592022146,0.0,0.0,0.0,0.0,0.0,0.0,0.0,0.0,0.0,0.0,0.0,0.0,-0.26141020911771345,-1.1129092664680769,-1.4610299094593986,-1.218626235955814,0.014242026876532643,-0.5027935678861345,0.0,0.0,0.0,0.0,0.0,0.0,0.0,0.0,0.0,0.0,0.0,0.0,0.0,0.0,0.0,0.0,0.0,0.0,0.0,0.0,0.0,0.0,0.0,0.0
2018-03-05,10,2018,3,1,0,6.29870576010596,-4.3286305354110945,4.661326057537502,0.2575180814464939,-0.8963137063161384,-0.31396553652260234,-0.4418308443880874,-0.2453645461996735,0.19983920203404684,0.0,0.0,0.0,0.0,0.0,0.0,0.0,0.0,0.0,0.0,0.0,0.0,0.014779436947817082,-0.9781844765439833,-1.2300474913785784,-1.2685737992510497,-0.07907937048194828,-0.47647281335449027,0.0,0.0,0.0,0.0,0.0,0.0,0.0,0.0,0.0,0.0,0.0,0.0,0.0,0.0,0.0,0.0,0.0,0.0,0.0,0.0,0.0,0.0,0.0,0.0
2018-03-12,11,2018,3,1,0,8.753416540288725,-3.689587427549491,4.037310838640423,0.15994527508478715,-0.8310343110760786,-0.663944376237598,-0.7323235705503888,-0.8375637299296186,-0.6764147211431197,0.0,0.0,0.0,0.0,-0.8375637299296186,-0.0,0.0,0.0,0.0,0.0,0.0,0.0,0.2334922501846625,-0.8355288278448216,-0.9374807844751851,-1.3048266254583303,-0.09792911694941832,-0.4294417081234571,0.0,0.0,0.0,0.0,0.0,0.0,0.0,0.0,-0.2093909324824047,-0.06442797922535527,-0.0,-0.0,0.0,0.0,0.0,0.0,0.0,0.0,0.0,0.0,0.0,0.0,0.0,0.0
2018-03-19,12,2018,3,1,0,8.97093783079744,-1.6858795248434246,4.704587295302699,-0.34149628540504684,-0.7240208274278561,0.005551558240950302,-0.7737549886203458,-0.42496333419935406,0.3644402779430973,0.0,0.0,0.0,0.0,-0.42496333419935406,-0.0,0.0,0.0,0.0,0.0,0.0,0.0,0.09543215462705981,-0.7186860715745232,-0.8495225157302424,-1.3253185835196157,-0.40841838355517546,-0.40376446686684137,0.0,0.0,0.0,0.0,0.0,0.0,0.0,0.0,-0.3156317660322432,-0.09711746647145944,-0.0,-0.0,0.0,0.0,0.0,0.0,0.0,0.0,0.0,0.0,0.0,0.0,0.0,0.0
2018-03-26,13,2018,3,1,0,10.067230225466336,-0.5190422093115138,4.230510391357613,-0.3284423492378081,-0.46178231823710936,0.4704129942899394,-0.7955091811547189,-0.34542628602016934,-0.610986609879013,0.0,0.0,0.0,0.0,0.0,0.0,0.0,0.0,0.0,0.0,0.0,0.0,-0.06311881952789329,-0.6201265781559904,-0.7282877907642954,-1.320094057149807,-0.125486340057328,-0.32347118423101645,0.0,0.0,0.0,0.0,0.0,0.0,0.0,0.0,-0.3156317660322432,-0.09711746647145944,0.0,0.0,0.0,0.0,0.0,0.0,0.0,0.0,0.0,0.0,0.0,0.0,0.0,0.0
2018-04-02,14,2018,4,1,0,6.945446225731866,-5.530996535279233,4.665796840657978,-0.15992032441962556,-0.2999547186909428,0.06344893134136927,-2.3010996010121745,-2.479955625381088,-0.1792213931643655,0.0,0.0,0.0,0.0,0.0,0.0,-2.479955625381088,-0.0,0.0,0.0,0.0,0.0,-0.16747842099442314,-0.48870099874824263,-0.5791980438579966,-1.2529147076450202,-0.031132723091335118,-0.17971623007550871,0.0,0.0,0.0,0.0,0.0,0.0,0.0,0.0,-0.3156317660322432,-0.09711746647145944,0.0,0.0,-0.619988906345272,-0.1907658173370068,-0.0,-0.0,0.0,0.0,0.0,0.0,0.0,0.0,0.0,0.0
2018-04-09,15,2018,4,1,0,12.601902112514994,0.6856932439115481,5.1766446584865315,0.3015485832576462,-0.17046349834386332,0.4747273741122951,-1.3686772753766074,-1.2658731463064232,1.0960372086904702,0.0,0.0,0.0,0.0,0.0,0.0,-1.2658731463064232,-0.0,1.0960372086904702,0.0,0.0,0.0,-0.13207759395120838,-0.3588462909764531,-0.41405534067494265,-1.1370558002864684,0.2535352144961382,-0.13353166796453653,0.0,0.0,0.0,0.0,0.0,0.0,0.0,0.0,-0.10624083354983857,-0.09711746647145944,0.0,0.0,-0.9364571929218779,-0.2881406747451932,-0.0,-0.0,0.27400930217261754,0.08431055451465155,0.0,0.0,0.0,0.0,0.0,0.0
2018-04-16,16,2018,4,1,0,11.67916541184257,-0.5758780702456939,4.308531989503258,0.31121436201066566,-0.1295347608074261,-0.13964879351350085,-1.4814761952873055,-1.5171341505109863,-0.25264089798856343,0.0,0.0,0.0,0.0,0.0,0.0,-1.5171341505109863,-0.0,0.0,0.0,0.0,0.0,0.03110006790271974,-0.2284174192715968,-0.2654338240198352,-1.0079531331962117,0.21723512655752542,-0.07386962653242937,0.0,0.0,0.0,0.0,0.0,0.0,0.0,0.0,0.0,-0.09711746647145944,0.0,0.0,-1.3157407305496245,-0.40484330170757676,-0.0,-0.0,0.27400930217261754,0.08431055451465155,0.0,0.0,0.0,0.0,0.0,0.0
2018-04-23,17,2018,4,1,0,18.576558220326152,3.8255195780972215,4.0396843020769655,-0.20059471848676252,-0.12246629992115866,-0.5500345921170904,0.11268730458555258,-0.9342606322637913,-1.1688052366004502,0.0,0.0,0.0,0.0,-0.9342606322637913,-0.0,0.0,0.0,0.0,0.0,0.0,0.0,0.06306197559048113,-0.15991622208237793,-0.1806048194408475,-0.8793350374913833,-0.03787677004423205,-0.12745070864559435,0.0,0.0,0.0,0.0,0.0,0.0,0.0,0.0,-0.23356515806594788,-0.16898366895328953,-0.0,-0.0,-1.3157407305496245,-0.40484330170757676,0.0,0.0,0.27400930217261754,0.08431055451465155,0.0,0.0,0.0,0.0,0.0,0.0
2018-04-30,18,2018,4,1,0,24.240614944530847,9.793680735281274,4.295711466015491,0.0183665673903946,0.10691909513414984,0.5413533933501533,1.9102299214058842,1.3680609753054467,0.3414486460739228,0.0,0.0,1.9102299214058842,0.0,0.0,0.0,0.0,0.0,0.0,0.0,0.0,0.0,0.10763369854298617,-0.07903858806385458,-0.07888636598457434,-0.7209823833480015,0.08159934545796396,-0.004240841503842459,0.0,0.0,0.0,0.0,0.47755748035147105,0.14694076318506802,0.0,0.0,-0.23356515806594788,-0.16898366895328953,0.0,0.0,-0.6957518242043523,-0.40484330170757676,0.0,0.0,0.27400930217261754,0.08431055451465155,0.0,0.0,0.0,0.0,0.0,0.0
2018-05-07,19,2018,5,1,0,24.148178442507355,10.447229824205372,3.9496151536235478,0.2599529996887569,0.11281055794463188,0.13662632527079802,0.828255946357673,0.5387819807947009,0.1388452899304908,0.828255946357673,0.0,0.0,0.0,0.0,0.0,0.0,0.0,0.0,0.0,0.0,0.0,0.09723480265076384,0.006130142898021205,-0.00806785191245054,-0.5722859266876897,-0.0029259167524103083,0.0017057948315019012,0.2070639865894182,0.06371199587366713,0.0,0.0,0.47755748035147105,0.14694076318506802,0.0,0.0,-0.23356515806594788,-0.16898366895328953,0.0,0.0,-0.3792835376277466,-0.40484330170757676,0.0,0.0,0.0,0.08431055451465155,0.0,0.0,0.0,0.0,0.0,0.0
2018-05-14,20,2018,5,1,0,25.573829444041603,12.930145356644415,3.3561606654281926,0.2302239249896214,0.2993726519154891,0.6951117596492984,1.0583405831084245,1.2144149376745563,-1.008168224821905,1.0583405831084245,0.0,0.0,0.0,0.0,0.0,0.0,0.0,0.0,0.0,0.0,0.0,0.07698719339550278,0.07883244311742242,0.09915900126827826,-0.39531101971806354,0.2057642215382895,0.10044865252511855,0.4716491323665243,0.14512280995893054,0.0,0.0,0.47755748035147105,0.14694076318506802,0.0,0.0,-0.23356515806594788,-0.16898366895328953,0.0,0.0,0.0,-0.40484330170757676,0.0,0.0,0.0,0.08431055451465155,0.0,0.0,0.0,0.0,0.0,0.0
2018-05-21,21,2018,5,1,0,28.165238630534592,15.017813040022174,2.85350336193513,0.41265868416092744,-0.03768092465616697,0.37537906670277466,1.4874112431692177,1.6901685555416177,-2.258897742038594,0.0,0.0,1.4874112431692177,0.0,0.0,0.0,0.0,0.0,0.0,0.0,0.0,0.0,0.23030054405742528,0.0943643344509273,0.12035534508452618,-0.3154515598910282,0.4371176362432557,0.03336176345117974,0.4716491323665243,0.14512280995893054,0.0,0.0,0.8494102911437755,0.26135701265962324,0.0,0.0,0.0,-0.16898366895328953,0.0,0.0,0.0,-0.40484330170757676,0.0,0.0,0.0,0.08431055451465155,0.0,0.0,0.0,0.0,0.0,0.0
2018-05-28,22,2018,5,1,0,29.684302698929674,16.907025919837633,3.6460705345114364,0.5876529346846061,0.16325787930249047,0.8534607713336898,1.6595928726269111,1.9998138704644883,0.325911999156407,0.0,0.0,1.6595928726269111,0.0,0.0,0.0,0.0,0.0,0.0,0.0,0.0,0.0,0.37262213588097814,0.11604828732035823,0.13444004112661134,-0.23006855239845986,0.5151444807391399,0.14988299045388281,0.4716491323665243,0.14512280995893054,0.0,0.0,0.7867510289490323,0.3890180028616933,0.0,0.0,0.0,-0.16898366895328953,0.0,0.0,0.0,-0.40484330170757676,0.0,0.0,0.0,0.08431055451465155,0.0,0.0,0.0,0.0,0.0,0.0
2018-06-04,23,2018,6,0,0,28.496850511032022,15.045160911570981,3.456645174187225,0.810483200023574,0.32800380263772433,0.5408949668241304,0.6623832115414385,0.37168792044540044,-0.020036820018069446,0.0,0.0,0.0,0.0,0.0,0.0,0.0,0.0,0.0,0.0,0.0,0.0,0.5102546859646824,0.1585840656724413,0.18823835229988445,-0.13589028247893198,0.616211641127473,0.2156414907113238,0.264585145777106,0.14512280995893054,0.0,0.0,0.7867510289490323,0.3890180028616933,0.0,0.0,0.0,-0.16898366895328953,0.0,0.0,0.0,-0.40484330170757676,0.0,0.0,0.0,0.08431055451465155,0.0,0.0,0.0,0.0,0.0,0.0
2018-06-11,24,2018,6,0,0,29.133852255748618,17.505880570113767,3.727831598616839,0.8740597239176016,0.5223122269287089,0.6951338899144973,0.5849137673167564,1.1676167970106108,0.2606446285294944,0.0,0.0,0.0,0.0,0.0,0.0,0.0,0.0,0.0,0.0,0.0,0.0,0.6712136356966775,0.21351594635188856,0.2439732460531894,-0.03178670263240983,0.6162171736937727,0.3201859727230234,0.0,0.14512280995893054,0.0,0.0,0.7867510289490323,0.3890180028616933,0.0,0.0,0.0,-0.10455568972793426,0.0,0.0,0.0,-0.40484330170757676,0.0,0.0,0.0,0.08431055451465155,0.0,0.0,0.0,0.0,0.0,0.0
2018-06-18,25,2018,6,0,0,27.63284471440376,17.58226327671237,3.260750939365307,1.2706671144398016,0.8511730951701757,1.5074835465266927,-0.6045418979169038,0.6584072000199929,-1.0751281073743533,0.0,0.0,0.0,0.0,0.0,0.0,0.0,0.0,0.0,0.0,0.0,0.0,0.885715743266396,0.3375285155707231,0.4661867510097751,0.08938206064436184,0.8992432936497523,0.4357192025911575,0.0,0.14512280995893054,0.0,0.0,0.4148982181567278,0.3890180028616933,0.0,0.0,0.0,-0.0718662024818301,0.0,0.0,0.0,-0.40484330170757676,0.0,0.0,0.0,0.08431055451465155,0.0,0.0,0.0,0.0,0.0,0.0
2018-06-25,26,2018,6,0,0,29.55698771860237,18.386777581860766,3.586656954888971,1.3656803263957447,0.9098894988746169,1.001859923206674,0.2111856164670906,1.005355064569404,0.9491341222862819,0.0,0.0,0.0,0.0,0.0,0.0,0.0,0.0,0.0,0.0,0.0,0.0,1.0802225911941805,0.4678456444656118,0.6528446559028067,0.19489527734526388,0.9363430816179983,0.47659973558475244,0.0,0.14512280995893054,0.0,0.0,0.0,0.3890180028616933,0.0,0.0,0.0,-0.0718662024818301,0.0,0.0,0.0,-0.40484330170757676,0.0,0.0,0.0,0.08431055451465155,0.0,0.0,0.0,0.0,0.0,0.0
2018-07-02,27,2018,7,0,0,30.51368495159936,18.173989887115372,3.175472485516682,1.4041796734262384,0.913991209088404,0.2990506832081965,0.4986591258609025,0.3714089149040465,0.663109561771258,0.0,0.0,0.0,0.0,0.0,0.0,0.0,0.0,0.0,0.0,0.0,0.0,1.2286467095448468,0.5881610289152935,0.7993415075154766,0.28827573332829054,0.8758820107140148,0.4947229472668161,0.0,0.14512280995893054,0.0,0.0,0.0,0.3890180028616933,0.0,0.0,0.0,-0.0718662024818301,0.0,0.0,0.0,-0.21407748437056995,0.0,0.0,0.0,0.08431055451465155,0.0,0.0,0.0,0.0,0.0,0.0
2018-07-09,28,2018,7,0,0,31.489933852082412,18.68298477570653,2.6268642611401827,1.068383876532904,0.7931055649569158,0.17432415383786232,1.2398554795489645,0.9376302823949197,-1.1099467168537134,0.0,0.0,0.0,0.0,0.0,0.0,0.0,0.0,0.0,0.0,0.0,0.0,1.2772277476986724,0.6471483591672365,0.8670398420225283,0.36239643050527354,0.7456795766948561,0.4716150072457059,0.0,0.14512280995893054,0.0,0.0,0.0,0.3890180028616933,0.0,0.0,0.0,-0.0718662024818301,0.0,0.0,0.0,-0.11670262696238357,0.0,0.0,0.0,0.0,0.0,0.0,0.0,0.0,0.0,0.0
2018-07-16,29,2018,7,0,0,29.197630439456187,17.71708237287118,3.2752423845273744,0.7052145954579585,0.9729152838868351,0.732405134109833,-0.5079809076311494,-0.31775429460679117,0.6813156313888159,0.0,0.0,0.0,0.0,-0.0,-0.0,0.0,0.0,0.0,0.0,0.0,0.0,1.1358646179532115,0.6774560694324128,0.8974753892016931,0.44720028009713975,0.5519099735906412,0.5386960786013469,0.0,0.14512280995893054,0.0,0.0,0.0,0.3890180028616933,0.0,0.0,-0.0,-0.0718662024818301,-0.0,-0.0,0.0,0.0,0.0,0.0,0.0,0.0,0.0,0.0,0.0,0.0,0.0,0.0
2018-07-23,30,2018,7,0,0,27.800103824920413,15.73414292149667,2.544682320145767,0.3336876837060648,1.0275929902681262,-0.08196017364477566,-1.0878310213713136,-1.1668577981432942,-1.0206438588341626,0.0,0.0,0.0,0.0,-0.0,-0.0,0.0,0.0,0.0,0.0,0.0,0.0,0.8778664572807916,0.718554715754938,0.9269012620500705,0.5356663793424694,0.2809549493777787,0.5747018030992173,0.0,0.14512280995893054,0.0,0.0,0.0,0.3890180028616933,0.0,0.0,-0.0,-0.0,-0.0,-0.0,0.0,0.0,0.0,0.0,0.0,0.0,0.0,0.0,0.0,0.0,0.0,0.0
2018-07-30,31,2018,7,0,0,28.557730728962163,16.238276721567235,2.755473879036529,0.23685276121231627,1.0124505477119112,0.4536909517360841,-0.4427894671953887,-0.5275873757925296,-0.04608031454090932,0.0,0.0,0.0,0.0,0.0,0.0,0.0,0.0,0.0,0.0,0.0,0.0,0.586034729227311,0.7353613460489321,0.9515160967059473,0.6053226449253741,0.3196150165097506,0.5679585383596735,0.0,0.14512280995893054,0.0,0.0,0.0,0.2420772396766253,0.0,0.0,0.0,0.0,0.0,0.0,0.0,0.0,0.0,0.0,0.0,0.0,0.0,0.0,0.0,0.0,0.0,0.0
2018-08-06,32,2018,8,0,0,30.31101351981821,17.781752860240175,2.2525201530276844,0.5487974602529636,1.0589631425619446,0.5104453262914187,0.9737342852249297,0.6776771567473121,-1.6485904310072528,0.0,0.0,0.0,0.0,0.0,0.0,0.0,0.0,0.0,0.0,0.0,0.0,0.456138125157326,0.7575801507077172,1.0179804911072046,0.6781036129728597,0.4036453096231397,0.5967138461304905,0.0,0.08141081408526339,0.0,0.0,0.0,0.2420772396766253,0.0,0.0,0.0,0.0,0.0,0.0,0.0,0.0,0.0,0.0,0.0,0.0,0.0,0.0,0.0,0.0,0.0,0.0
2018-08-13,33,2018,8,0,0,29.15980246521589,17.667284068261853,2.3681847244089798,0.539387915652348,1.0497439083623064,0.7094495883635967,0.44118142406808514,0.8240879652597388,-1.388141924102748,0.0,0.0,0.0,0.0,0.0,0.0,0.0,0.0,0.0,0.0,0.0,0.0,0.41468145520592337,0.7813619961433116,1.0371876472260724,0.7358244788533841,0.39790642318658065,0.5978167560315903,0.0,0.0,0.0,0.0,0.0,0.2420772396766253,0.0,0.0,0.0,0.0,0.0,0.0,0.0,0.0,0.0,0.0,0.0,0.0,0.0,0.0,0.0,0.0,0.0,0.0
2018-08-20,34,2018,8,0,0,26.695914623012747,15.61086290351497,3.4536087008087204,0.847886306789801,1.1912947081629028,0.9922886486253598,-1.233882726959826,-0.3724894150475683,1.427803622877023,0.0,0.0,0.0,0.0,0.0,0.0,0.0,0.0,0.0,0.0,0.0,0.0,0.5432311109768574,0.8148410440378403,1.0781130766997664,0.8303610659933126,0.6664686287541145,0.6452713392564047,0.0,0.0,0.0,0.0,0.0,0.12766099020207008,0.0,0.0,0.0,0.0,0.0,0.0,0.0,0.0,0.0,0.0,0.0,0.0,0.0,0.0,0.0,0.0,0.0,0.0
2018-08-27,35,2018,8,0,0,28.814366416784992,17.379080477408646,3.590872645009816,1.0813469029625393,1.2265900467693327,0.9010389240110761,0.2362081879044806,0.8845403730580125,1.6515453738652428,0.0,0.0,0.0,0.0,0.0,0.0,0.0,0.0,0.0,0.0,0.0,0.0,0.7543546464144131,0.8528175031361427,1.1316479514641218,0.9121558481061466,0.7783056218228626,0.6489311971546651,0.0,0.0,0.0,0.0,0.0,0.0,0.0,0.0,0.0,0.0,0.0,0.0,0.0,0.0,0.0,0.0,0.0,0.0,0.0,0.0,0.0,0.0,0.0,0.0
2018-09-03,36,2018,9,0,1,26.45762792993901,16.57784542919694,3.3866373051271497,1.561412991074758,1.449221351384031,1.619250764809917,-0.23066716823960792,1.1899173014388966,0.9201851102326345,0.0,0.0,0.0,0.0,0.0,0.0,0.0,0.0,0.0,0.9201851102326345,0.0,0.0,1.0075085291198618,0.910581333217003,1.2292125036696435,0.9984033518558625,1.0555069814524871,0.7318816431535716,0.0,0.0,0.0,0.0,0.0,0.0,0.0,0.0,0.0,0.0,0.0,0.0,0.0,0.0,0.0,0.0,0.0,0.0,0.23004627755815862,0.07078347001789496,0.0,0.0,0.0,0.0
2018-09-10,37,2018,9,0,1,27.567134348457543,15.098889236038827,2.9347074457582774,1.3705850316558867,1.3597077269096998,-1.3670425404732285,0.776292363157399,1.2973178529735345,-0.06463418433825752,0.0,0.776292363157399,0.0,0.0,0.0,0.0,0.0,0.0,0.0,0.0,0.0,0.0,1.2153078081207465,0.9487755876584096,1.3067034583064918,1.0628183903159387,0.5363839492432807,0.5732526869699005,0.0,0.0,0.19407309078934976,0.05971479716595377,0.0,0.0,0.0,0.0,0.0,0.0,0.0,0.0,0.0,0.0,0.0,0.0,0.0,0.0,0.23004627755815862,0.07078347001789496,0.0,0.0,0.0,0.0
2018-09-17,38,2018,9,0,1,26.753305106563236,14.392821969282693,3.3757108965792626,1.2917939639228952,1.170102640600602,0.701920817642756,0.3980651953337977,0.7485946595076016,0.3933389877386539,0.0,0.0,0.0,0.0,0.0,0.0,0.0,0.0,0.0,0.0,0.0,0.0,1.32628472240402,0.95040072992634,1.3014054414159166,1.0873514322721254,0.46379199149762984,0.5112863232095978,0.0,0.0,0.19407309078934976,0.05971479716595377,0.0,0.0,0.0,0.0,0.0,0.0,0.0,0.0,0.0,0.0,0.0,0.0,0.0,0.0,0.23004627755815862,0.07078347001789496,0.0,0.0,0.0,0.0
2018-09-24,39,2018,9,0,1,20.28643547232634,9.12124192764267,3.185588743163206,1.2167759126441005,1.1101664260589403,0.4362603419879991,-1.8812541811716526,-0.6338396302435518,0.505831614323988,0.0,0.0,0.0,0.0,-0.0,-0.6338396302435518,0.0,0.0,0.0,0.0,0.0,0.0,1.3601419748244103,0.9389465442531365,1.2722995362383185,1.1027573497478427,0.34759734599186054,0.4677786631158535,0.0,0.0,0.19407309078934976,0.05971479716595377,0.0,0.0,0.0,0.0,-0.0,-0.0,-0.15845990756088796,-0.04875689463411937,0.0,0.0,0.0,0.0,0.0,0.0,0.23004627755815862,0.07078347001789496,0.0,0.0,0.0,0.0
2018-10-01,40,2018,10,0,1,21.066483515625293,10.402847172976248,3.6085620620801917,0.9255033690285878,1.2560290079706669,0.8593591880945861,-0.4484994344392922,0.44614321928371586,0.25207648880506506,0.0,0.0,0.0,0.0,0.0,0.0,0.0,0.0,0.0,0.0,0.0,0.0,1.2011645693128676,0.9021252900687019,1.2240014503849777,1.1290679496618627,0.15762445181302784,0.5108793173378834,0.0,0.0,0.19407309078934976,0.05971479716595377,0.0,0.0,0.0,0.0,0.0,0.0,-0.15845990756088796,-0.04875689463411937,0.0,0.0,0.0,0.0,0.0,0.0,0.0,0.07078347001789496,0.0,0.0,0.0,0.0
2018-10-08,41,2018,10,0,1,15.808899337256955,6.868903227731739,3.952334253935273,1.1385028934793189,1.4327792551753529,1.1764907444674768,-1.4295619978265102,0.1605468412411291,0.8039624243850488,0.0,0.0,0.0,0.0,0.0,0.0,0.0,0.0,0.0,0.8039624243850488,0.0,0.0,1.1431440347687256,0.9075190606030414,1.2422693324513907,1.1782736181402043,0.7935077730482042,0.587969055078623,0.0,0.0,0.0,0.05971479716595377,0.0,0.0,0.0,0.0,0.0,0.0,-0.15845990756088796,-0.04875689463411937,0.0,0.0,0.0,0.0,0.0,0.0,0.2009906060962622,0.1326267334321295,0.0,0.0,0.0,0.0
2018-10-15,42,2018,10,0,1,14.341396032095423,1.2848056964017445,3.967380327623499,0.8140761729135457,1.26396998183596,-0.5438089626785961,-1.1866227178950006,-1.4751667204916599,0.5888526180486916,0.0,0.0,0.0,0.0,0.0,0.0,-0.0,-1.4751667204916599,0.0,0.0,0.0,0.0,1.0237145870163884,0.9158930280996251,1.2657361677602301,1.2006624410593676,0.4820753279678661,0.4897987399410516,0.0,0.0,0.0,0.05971479716595377,0.0,0.0,0.0,0.0,0.0,0.0,-0.15845990756088796,-0.04875689463411937,-0.0,-0.0,-0.36879168012291497,-0.11347436311474307,0.0,0.0,0.2009906060962622,0.1326267334321295,0.0,0.0,0.0,0.0
2018-10-22,43,2018,10,0,1,14.812802084778369,2.390152380550489,3.118926300383933,0.5047561200778234,1.2201269558718937,-0.24948306575844054,-0.5594530190209343,-0.8802887341645539,-1.2490416024294584,0.0,0.0,0.0,0.0,-0.0,-0.8802887341645539,0.0,0.0,0.0,0.0,0.0,0.0,0.8457096388748191,0.9290521385897604,1.2932263002134685,1.2154727461058112,0.31063947603125625,0.4769123636246158,0.0,0.0,0.0,0.05971479716595377,0.0,0.0,0.0,0.0,-0.0,-0.0,-0.22007218354113847,-0.11647141264677738,0.0,0.0,-0.36879168012291497,-0.11347436311474307,0.0,0.0,0.2009906060962622,0.1326267334321295,0.0,0.0,0.0,0.0
2018-10-29,44,2018,10,0,1,13.900371021058767,3.0511044332227475,3.531112273765461,0.693109043445455,1.2707311066373312,0.5728737654660357,0.033799593718912745,0.41118573915850287,-0.5729781635120187,0.0,0.0,0.0,0.0,0.0,0.0,0.0,0.0,0.0,0.0,0.0,0.0,0.787611057479036,0.9641487756846173,1.2969018248801347,1.2353404814077666,0.23901812037411863,0.4860802723730736,0.0,0.0,0.0,0.05971479716595377,0.0,0.0,0.0,0.0,0.0,0.0,-0.22007218354113847,-0.11647141264677738,0.0,0.0,-0.36879168012291497,-0.11347436311474307,0.0,0.0,0.2009906060962622,0.1326267334321295,0.0,0.0,0.0,0.0
2018-11-05,45,2018,11,0,1,6.2880961800484325,-2.0838778480983815,4.22393935506385,-0.07561459912383142,1.2742308875025097,0.31965659247081074,-1.9974634129274504,-1.3614831122230944,0.6720669006177247,0.0,0.0,0.0,0.0,-0.0,-1.3614831122230944,0.0,0.0,0.0,0.0,0.0,0.0,0.4840816843282484,0.9161170788094791,1.2572647329619238,1.251899538710887,0.024809582374952108,0.4714042159253345,0.0,0.0,0.0,0.05971479716595377,0.0,0.0,0.0,0.0,-0.0,-0.0,-0.5604429615969121,-0.2212008828177846,0.0,0.0,-0.36879168012291497,-0.11347436311474307,0.0,0.0,0.0,0.1326267334321295,0.0,0.0,0.0,0.0
2018-11-12,46,2018,11,0,1,4.220295151933696,-5.937574044159571,3.698728126559899,-0.0574563147240852,1.0836305787370215,-0.31067707509848413,-1.3783990387616092,-1.3024926708331888,-0.6270212251421133,0.0,0.0,0.0,0.0,-0.0,-1.3024926708331888,0.0,0.0,0.0,0.0,0.0,0.0,0.26619856241884066,0.8702059841651381,1.2121798821871892,1.2545062056627883,0.08309255426998009,0.3929329341205591,0.0,0.0,0.0,0.05971479716595377,0.0,0.0,0.0,0.0,-0.0,-0.0,-0.8860661293052092,-0.3213926267280299,0.0,0.0,0.0,-0.11347436311474307,0.0,0.0,0.0,0.1326267334321295,0.0,0.0,0.0,0.0
2018-11-19,47,2018,11,0,1,7.182236747870422,-3.2197472961101807,4.15760172553178,-0.02720858022151608,0.9234289954350849,-0.34433428830724494,-0.8612410257282133,-0.5002113103910102,0.16976398097843015,0.0,0.0,0.0,0.0,0.0,0.0,0.0,0.0,0.0,0.0,0.0,0.0,0.13320738734400578,0.8028909928565753,1.1380053920779871,1.2339011508375715,0.05937974863277902,0.2901157851257433,0.0,0.0,0.0,0.05971479716595377,0.0,0.0,0.0,0.0,0.0,0.0,-0.6659939457640708,-0.3213926267280299,0.0,0.0,0.0,-0.11347436311474307,0.0,0.0,0.0,0.1326267334321295,0.0,0.0,0.0,0.0
2018-11-26,48,2018,11,0,1,3.7894349257449687,-4.051861422241438,4.40060483667021,0.11474000917923766,0.8390670517311614,0.7203211809915716,-1.2251482045178101,-0.3245642708950355,0.5141391000317483,0.0,0.0,0.0,0.0,0.0,0.0,0.0,0.0,0.0,0.0,0.0,0.0,-0.01138487122254854,0.7285366164117059,1.0300893783514447,1.204091689680789,0.09624160251416299,0.2762144202780891,0.0,0.0,0.0,0.05971479716595377,0.0,0.0,0.0,0.0,0.0,0.0,-0.6659939457640708,-0.3213926267280299,0.0,0.0,0.0,-0.11347436311474307,0.0,0.0,0.0,0.1326267334321295,0.0,0.0,0.0,0.0
2018-12-03,49,2018,12,0,0,1.0773382414814674,-6.708107795473695,3.2793145404519457,-0.41257786017415243,0.35484101110047056,-0.969813944153864,-1.1266179356283117,-0.4548427890958951,-0.9825729679853241,0.0,0.0,0.0,0.0,0.0,0.0,0.0,0.0,0.0,0.0,0.0,0.0,-0.09562568648512879,0.5766911663156359,0.8002419092509349,1.1199085865820535,-0.2261260316420057,0.07705559651164445,0.0,0.0,0.0,0.05971479716595377,0.0,0.0,0.0,0.0,0.0,0.0,-0.32562316770829713,-0.3213926267280299,0.0,0.0,0.0,-0.11347436311474307,0.0,0.0,0.0,0.061843263414234524,0.0,0.0,0.0,0.0
2018-12-10,50,2018,12,0,0,5.614319179960684,-4.894968791026385,3.191690060582187,-0.4075069864932609,0.41903573854522297,-0.6716198775822807,0.33157719505700883,0.24462609966963794,-1.2199220419383607,0.0,0.0,0.0,0.0,0.0,0.0,0.0,0.0,0.0,0.0,0.0,0.0,-0.1831383544274227,0.4399148572272399,0.6340931992029851,1.0475492028617093,-0.31636173226295483,0.13054964750325582,0.0,0.0,0.0,0.0,0.0,0.0,0.0,0.0,0.0,0.0,0.0,-0.3213926267280299,0.0,0.0,0.0,-0.11347436311474307,0.0,0.0,0.0,0.061843263414234524,0.0,0.0,0.0,0.0
2018-12-17,51,2018,12,0,0,7.090148848546339,-2.8380671821299335,3.668697535447383,-0.3581907410224476,0.16812391288769943,-0.930876968014045,0.9578422513045515,0.9340905238917746,-0.5072325213983251,0.0,0.0,0.0,0.0,0.0,0.0,0.0,0.0,0.0,0.0,0.0,0.0,-0.2658838946276556,0.3129929568468289,0.4452669285661388,0.9704739161145627,-0.46299740218965485,0.004949817837348047,0.0,0.0,0.0,0.0,0.0,0.0,0.0,0.0,0.0,0.0,0.0,-0.3213926267280299,0.0,0.0,0.0,-0.11347436311474307,0.0,0.0,0.0,0.061843263414234524,0.0,0.0,0.0,0.0
2018-12-24,52,2018,12,0,0,4.300597671528518,-5.314067387695448,4.0430186632341005,-0.1324605115231269,0.15245636563059156,0.5237185821981531,-0.043817812440685076,-0.023437366807244724,-0.28507211394587895,0.0,0.0,0.0,0.0,0.0,0.0,0.0,0.0,0.0,0.0,0.0,0.0,-0.3276840248032467,0.20920553960319602,0.27361425704099634,0.8968039114662283,-0.5121480518880095,0.011677374776590664,0.0,0.0,0.0,0.0,0.0,0.0,0.0,0.0,0.0,0.0,0.0,-0.2726357320939105,0.0,0.0,0.0,-0.11347436311474307,0.0,0.0,0.0,0.061843263414234524,0.0,0.0,0.0,0.0
2018-12-31,1,2018,12,0,0,5.504132756539691,-4.675190795526885,3.4784990887754907,-0.34443204683485124,-0.028251989889700214,-0.14217373966469202,1.1125168348484966,0.9680926324343951,-0.803670742784203,0.0,0.0,0.0,0.0,0.0,0.0,0.0,0.0,0.0,0.0,0.0,0.0,-0.3106475714684214,0.11151819992139303,0.17784100679345366,0.7980130654769693,-0.3052380007657165,-0.06536361966643073,0.0,0.0,0.0,0.0,0.0,0.0,0.0,0.0,0.0,0.0,0.0,-0.2726357320939105,0.0,0.0,0.0,-0.11347436311474307,0.0,0.0,0.0,0.061843263414234524,0.0,0.0,0.0,0.0
2019-01-07,2,2019,1,0,0,4.091684419677159,-4.452210727926011,4.499870120983854,-0.0861646719347669,-0.38713164093692104,-0.0843471836141504,0.7080093449585729,1.2096569625233609,0.38892819259722367,0.0,0.0,0.0,0.0,0.0,0.0,0.0,0.0,0.0,0.0,0.0,0.0,-0.23031199282879794,0.017313002581847967,-0.023700838077082342,0.658019919622179,-0.1584198272736839,-0.16235115259578667,0.0,0.0,0.0,0.0,0.0,0.0,0.0,0.0,0.0,0.0,0.0,-0.2726357320939105,0.0,0.0,0.0,-0.11347436311474307,0.0,0.0,0.0,0.0,0.0,0.0,0.0,0.0
2019-01-14,3,2019,1,0,0,0.03093140089321016,-7.800302886975778,3.813396790592204,-0.05632615321921345,-0.33119826158164484,-0.16747213285372775,-0.24138932206059305,0.3424219232348752,-0.76248558548855,0.0,0.0,0.0,0.0,0.0,0.0,0.0,0.0,0.0,0.0,0.0,0.0,-0.15484584587798939,-0.049641022505287354,-0.14853138169441843,0.535314670128517,0.03243138151639541,-0.1334021656861814,0.0,0.0,0.0,0.0,0.0,0.0,0.0,0.0,0.0,0.0,0.0,-0.2726357320939105,0.0,0.0,0.0,0.0,0.0,0.0,0.0,0.0,0.0,0.0,0.0,0.0
2019-01-21,4,2019,1,0,0,-2.068312622641882,-13.777673884179821,4.548676652510637,-0.20336325831127494,-0.2737980348796573,0.055933126070503464,-1.16422282900018,-1.130943176258723,0.5683238576629751,0.0,0.0,0.0,0.0,-0.0,-0.0,0.0,0.0,0.0,0.0,0.0,0.0,-0.1725715325750264,-0.10411174391983338,-0.25509498182198065,0.42039736314762854,-0.084514982515517,-0.10990861246857035,0.0,0.0,0.0,0.0,0.0,0.0,0.0,0.0,-0.0,-0.0,-0.0,-0.20492121408125252,0.0,0.0,0.0,0.0,0.0,0.0,0.0,0.0,0.0,0.0,0.0,0.0
2019-01-28,5,2019,1,0,0,-1.8867753362094888,-14.996605442893017,4.531704724487603,-0.6770631186404913,-0.5547696698592492,-0.7396362520991994,-1.1206427377982042,-1.4725955273602493,0.6132685526387714,0.0,0.0,0.0,0.0,0.0,0.0,-0.0,-0.0,0.0,0.0,0.0,0.0,-0.2557293005264364,-0.20950960254182924,-0.38672440181436785,0.2799742264940454,-0.23388061062414384,-0.21087092151204995,0.0,0.0,0.0,0.0,0.0,0.0,0.0,0.0,0.0,0.0,0.0,-0.20492121408125252,-0.0,-0.0,-0.0,-0.0,0.0,0.0,0.0,0.0,0.0,0.0,0.0,0.0
2019-02-04,6,2019,2,0,0,0.883020848725406,-9.498872798068568,4.474226239825985,-0.24681805256749198,-0.5077961808904145,0.3298527850513208,-0.1984579177043979,-0.06429004494405989,0.9808374946288893,0.0,0.0,0.0,0.0,0.0,0.0,0.0,0.0,0.0,0.0,0.0,0.0,-0.2958926456846177,-0.22267909896057236,-0.41689053680274124,0.14289522123305126,-0.13033061845777605,-0.21008659900585688,0.0,0.0,0.0,0.0,0.0,0.0,0.0,0.0,0.0,0.0,0.0,-0.1001917439102453,0.0,0.0,0.0,0.0,0.0,0.0,0.0,0.0,0.0,0.0,0.0,0.0
2019-02-11,7,2019,2,0,0,1.3735095444001815,-8.83956467786392,4.757374157160259,-0.011106383494021798,-0.38705617691763017,0.3977627607565378,-0.5944238956945984,-0.2959742145767309,0.8478182217175095,0.0,0.0,0.0,0.0,0.0,0.0,0.0,0.0,0.0,0.0,0.0,0.0,-0.2845877032533198,-0.21911371963518292,-0.43085501563673756,0.029765470798078033,0.01097810494479036,-0.15559122701700903,0.0,0.0,0.0,0.0,0.0,0.0,0.0,0.0,0.0,0.0,0.0,0.0,0.0,0.0,0.0,0.0,0.0,0.0,0.0,0.0,0.0,0.0,0.0,0.0
2019-02-18,8,2019,2,0,0,1.4380396772129236,-8.861444099305734,4.479490254274349,0.13817354245631824,-0.14514749801570892,0.7053099039833765,-0.643132457174844,-0.431193048953917,0.16683204521206318,0.0,0.0,0.0,0.0,0.0,0.0,0.0,0.0,0.0,0.0,0.0,0.0,-0.19920350306142148,-0.20639201789073408,-0.3986923814207505,-0.052432721005829186,0.1733222994230086,-0.07484936607157662,0.0,0.0,0.0,0.0,0.0,0.0,0.0,0.0,0.0,0.0,0.0,0.0,0.0,0.0,0.0,0.0,0.0,0.0,0.0,0.0,0.0,0.0,0.0,0.0
2019-02-25,9,2019,2,0,0,-1.1266461382558355,-11.010796034356192,3.9336954122148056,0.11038122835671707,-0.4469607245759328,-0.948801717367249,-1.5324025153774496,-1.2696355037610279,-0.6220412558943147,0.0,0.0,0.0,0.0,-0.0,-0.0,0.0,0.0,0.0,0.0,0.0,0.0,-0.0023424163121193928,-0.2067273087232357,-0.37174014509992137,-0.15135793456791335,0.12103093310599619,-0.20324343517610127,0.0,0.0,0.0,0.0,0.0,0.0,0.0,0.0,-0.0,-0.0,-0.0,-0.0,0.0,0.0,0.0,0.0,0.0,0.0,0.0,0.0,0.0,0.0,0.0,0.0
2019-03-04,10,2019,3,1,0,-0.4766698482119422,-10.623064399527998,4.691997050835656,0.07289226625632511,-0.26161125748815256,0.3810251819529464,-1.8466493678433131,-1.6519772088246343,0.26650551796264704,0.0,0.0,0.0,0.0,0.0,0.0,-1.6519772088246343,-0.0,0.0,0.0,0.0,0.0,0.07758516339383488,-0.1693834528439682,-0.3101939142493559,-0.1987773398439613,0.13382403233140258,-0.0993327331678851,0.0,0.0,0.0,0.0,0.0,0.0,0.0,0.0,0.0,0.0,0.0,0.0,-0.41299430220615857,-0.12707516990958725,-0.0,-0.0,0.0,0.0,0.0,0.0,0.0,0.0,0.0,0.0
2019-03-11,11,2019,3,1,0,9.168078219263794,-1.8252313308820494,4.800187961900414,0.17925957383623536,-0.12446436792015328,0.4847429280147183,-0.641965445421983,-0.29286376345453075,0.7989157781402846,0.0,0.0,0.0,0.0,0.0,0.0,0.0,0.0,0.7989157781402846,0.0,0.0,0.0,0.12517665272639916,-0.12424756358785306,-0.24454596199998666,-0.24058504034129793,0.1555690741459477,-0.010381748121962093,0.0,0.0,0.0,0.0,0.0,0.0,0.0,0.0,0.0,0.0,0.0,0.0,-0.41299430220615857,-0.12707516990958725,0.0,0.0,0.19972894453507115,0.061455059856944966,0.0,0.0,0.0,0.0,0.0,0.0
2019-03-18,12,2019,3,1,0,10.868570573156623,-1.5078702171008354,3.5282220132434414,-0.07589637388807943,-0.12321243507167236,-0.7219154138798815,-0.2905351364584801,-0.37399205353512255,-1.5075045374850327,0.0,0.0,0.0,0.0,0.0,0.0,0.0,0.0,0.0,0.0,0.0,0.0,0.07165917364029975,-0.10253261226982475,-0.2390621962639775,-0.262995528645865,-0.20123725531986678,0.0056922175806658655,0.0,0.0,0.0,0.0,0.0,0.0,0.0,0.0,0.0,0.0,0.0,0.0,-0.41299430220615857,-0.12707516990958725,0.0,0.0,0.19972894453507115,0.061455059856944966,0.0,0.0,0.0,0.0,0.0,0.0
2019-03-25,13,2019,3,1,0,12.378802760363246,0.17520115418827212,4.279785685784491,-0.0036541576413788752,-0.16950189962077292,0.08018183805921357,-0.14548069630197183,-0.10881486673829818,-0.5178091291802186,0.0,0.0,0.0,0.0,0.0,0.0,0.0,0.0,0.0,0.0,0.0,0.0,0.04315032714077576,-0.09262443120199798,-0.16969749002518753,-0.2877615490498161,0.056008633536748884,-0.02842599350694487,0.0,0.0,0.0,0.0,0.0,0.0,0.0,0.0,0.0,0.0,0.0,0.0,-0.41299430220615857,-0.12707516990958725,0.0,0.0,0.19972894453507115,0.061455059856944966,0.0,0.0,0.0,0.0,0.0,0.0
2019-04-01,14,2019,4,1,0,14.08038276916584,2.180403933299742,3.684239808578426,0.11294643354380664,-0.2438091173746367,-0.2152967731000748,-0.21477294765542512,0.1430788577517972,-1.8945447424465316,0.0,0.0,0.0,0.0,0.0,0.0,0.0,0.0,0.0,0.0,0.0,0.0,0.053163868962646146,-0.057441471172870455,-0.16524695499680858,-0.30434286654865733,-0.09307185522650642,-0.034050842232743544,0.0,0.0,0.0,0.0,0.0,0.0,0.0,0.0,0.0,0.0,0.0,0.0,0.0,-0.12707516990958725,0.0,0.0,0.19972894453507115,0.061455059856944966,0.0,0.0,0.0,0.0,0.0,0.0
2019-04-08,15,2019,4,1,0,15.752745023090895,3.5409986869734387,5.335162151567476,-0.19751551310301213,-0.08473949878004951,0.5937148655601086,-0.3886593556093957,0.014055243850580221,1.443824218019218,0.0,0.0,0.0,0.0,0.0,0.0,0.0,0.0,0.0,0.0,1.443824218019218,0.0,-0.04102990277216573,-0.0660069204935047,-0.15531573771178264,-0.2810819325365903,-0.06582887084015887,0.01810777693450714,0.0,0.0,0.0,0.0,0.0,0.0,0.0,0.0,0.0,0.0,0.0,0.0,0.0,-0.12707516990958725,0.0,0.0,0.0,0.061455059856944966,0.0,0.0,0.3609560545048045,0.11106340138609369,0.0,0.0
2019-04-15,16,2019,4,1,0,18.52119682328367,4.398130144642447,4.704924422765172,0.2386268910468653,0.04769424619770343,0.3999956847620174,0.6268786742338275,0.22101489822712747,0.37365897805959986,0.0,0.0,0.0,0.0,0.0,0.0,0.0,0.0,0.0,0.0,0.0,0.0,0.037600913461570455,-0.04331822478072941,-0.11258906739443869,-0.251936355015102,0.21464890382031587,0.06175914752033369,0.0,0.0,0.0,0.0,0.0,0.0,0.0,0.0,0.0,0.0,0.0,0.0,0.0,-0.12707516990958725,0.0,0.0,0.0,0.061455059856944966,0.0,0.0,0.3609560545048045,0.11106340138609369,0.0,0.0
2019-04-22,17,2019,4,1,0,19.317078599144416,5.873891602250999,4.239685544413619,0.5105504552996446,0.10692978849455297,0.4910105046701242,0.4997174662089036,0.25446389170079403,-0.750975961914294,0.4997174662089036,0.0,0.0,0.0,0.0,0.0,0.0,0.0,0.0,0.0,0.0,0.0,0.16615206669682633,0.01159821472780286,-0.04348114536560723,-0.22264959937093196,0.31735607047304354,0.09522663818184297,0.12492936655222579,0.03843980509299255,0.0,0.0,0.0,0.0,0.0,0.0,0.0,0.0,0.0,0.0,0.0,-0.12707516990958725,0.0,0.0,0.0,0.061455059856944966,0.0,0.0,0.3609560545048045,0.11106340138609369,0.0,0.0
2019-04-29,18,2019,4,1,0,16.921971749887213,6.6294648597779195,3.429156402149295,0.9416242254438262,0.5051685287514237,1.1159636439195117,-1.2385281509208181,-0.2715160224401553,-1.3993488962299332,0.0,0.0,0.0,0.0,0.0,0.0,0.0,0.0,0.0,0.0,0.0,0.0,0.3733215146718312,0.13611262581121192,0.14376326616590787,-0.14111589178549558,0.6501711747279402,0.23796509172174382,0.12492936655222579,0.03843980509299255,0.0,0.0,0.0,0.0,0.0,0.0,0.0,0.0,0.0,0.0,0.0,-0.12707516990958725,0.0,0.0,0.0,0.061455059856944966,0.0,0.0,0.3609560545048045,0.11106340138609369,0.0,0.0
2019-05-06,19,2019,5,1,0,17.80536110173809,6.875973111422821,3.999518292645591,1.1595840503139174,0.5848866240926605,0.9608435813446887,-1.3642667441316747,-0.8624008464729997,0.23428951528439043,0.0,0.0,0.0,0.0,-0.8624008464729997,-0.0,0.0,0.0,0.0,0.0,0.0,0.0,0.7125964055260636,0.2442974029559357,0.31116979688408536,-0.05706336832525906,0.7419533536740852,0.28650284528277215,0.12492936655222579,0.03843980509299255,0.0,0.0,0.0,0.0,0.0,0.0,-0.21560021161825,-0.06633852665176922,-0.0,-0.0,0.0,-0.12707516990958725,0.0,0.0,0.0,0.061455059856944966,0.0,0.0,0.0,0.11106340138609369,0.0,0.0
2019-05-13,20,2019,5,1,0,22.611307116955164,9.496649096622454,3.93412118006787,1.1582518006796525,0.643406264602301,0.6564116945985555,-0.07375110211551911,-0.3427444113979861,0.02777974442188635,0.0,0.0,0.0,0.0,0.0,0.0,0.0,0.0,0.0,0.0,0.0,0.0,0.9425026329342605,0.33424803250775675,0.4600978014852347,0.022202973330120265,0.8060573561332198,0.3063989171167735,0.12492936655222579,0.03843980509299255,0.0,0.0,0.0,0.0,0.0,0.0,-0.21560021161825,-0.06633852665176922,0.0,0.0,0.0,-0.12707516990958725,0.0,0.0,0.0,0.061455059856944966,0.0,0.0,0.0,0.11106340138609369,0.0,0.0
2019-05-20,21,2019,5,1,0,21.756322691066718,10.778304458871728,4.480960559909275,1.4907620269789008,0.7929141121724504,1.2685826176423267,-0.7744340278043508,-0.4437135409502373,1.4212353923196974,0.0,0.0,0.0,0.0,0.0,0.0,0.0,0.0,0.0,0.0,1.4212353923196974,0.0,1.1875555258540744,0.43829330054795546,0.6315938824047092,0.09436155872920945,1.0004503843762702,0.3497275873982312,0.0,0.03843980509299255,0.0,0.0,0.0,0.0,0.0,0.0,-0.21560021161825,-0.06633852665176922,0.0,0.0,0.0,-0.12707516990958725,0.0,0.0,0.0,0.061455059856944966,0.0,0.0,0.35530884807992436,0.2203892007953012,0.0,0.0
2019-05-27,22,2019,5,1,0,25.209481828857832,13.2952395292936,3.4466709238058755,1.4572757186370369,1.0738523114488698,1.1451042502072593,-0.4845402731728095,-0.2454443869751951,-0.10799334261753461,0.0,0.0,0.0,0.0,0.0,0.0,0.0,0.0,0.0,0.0,0.0,0.0,1.3164683991523771,0.541900569031057,0.7737648280790707,0.21134717688496352,1.0077355359482072,0.5107972772116549,0.0,0.03843980509299255,0.0,0.0,0.0,0.0,0.0,0.0,-0.21560021161825,-0.06633852665176922,0.0,0.0,0.0,-0.12707516990958725,0.0,0.0,0.0,0.061455059856944966,0.0,0.0,0.35530884807992436,0.2203892007953012,0.0,0.0
2019-06-03,23,2019,6,0,0,27.424348496603226,14.843821985852797,3.593084733697222,1.3155119995201208,1.1084166600898806,0.44003813291484584,0.15106778136716337,0.25265419516298565,0.3291582557555521,0.0,0.0,0.0,0.0,0.0,0.0,0.0,0.0,0.0,0.0,0.0,0.0,1.355450386453928,0.6374867023590413,0.9046473370783756,0.3167339397755814,0.8775341738407465,0.5153367349779548,0.0,0.03843980509299255,0.0,0.0,0.0,0.0,0.0,0.0,0.0,-0.06633852665176922,0.0,0.0,0.0,0.0,0.0,0.0,0.0,0.061455059856944966,0.0,0.0,0.35530884807992436,0.2203892007953012,0.0,0.0
2019-06-10,24,2019,6,0,0,24.71108664749715,12.153127547608488,3.813129089756014,1.4977969628438967,1.1971507709019078,0.746353265883672,-1.4073879888598972,-1.677423495967109,0.4329352028404524,0.0,0.0,0.0,0.0,0.0,0.0,-0.0,-0.0,0.0,0.0,0.0,0.0,1.440336676994989,0.7389126553596306,1.0430834636532773,0.41839664276189387,0.9000195666620255,0.5354606071217206,0.0,0.03843980509299255,0.0,0.0,0.0,0.0,0.0,0.0,0.0,-0.06633852665176922,0.0,0.0,-0.0,-0.0,-0.0,-0.0,0.0,0.0,0.0,0.0,0.35530884807992436,0.2203892007953012,0.0,0.0
2019-06-17,25,2019,6,0,0,25.240123721029047,15.330444396135267,3.0861340424587467,1.3940517971421305,1.4775757196242503,1.262073952170559,-2.0370813955598503,-1.3710995430644706,-1.5836937635389703,0.0,0.0,0.0,0.0,0.0,0.0,-0.0,-0.0,0.0,0.0,0.0,0.0,1.4161591195357963,0.8519855915927237,1.2142488655162273,0.5415341931231187,0.8983924002940837,0.6880751737409851,0.0,0.03843980509299255,0.0,0.0,0.0,0.0,0.0,0.0,0.0,-0.06633852665176922,0.0,0.0,-0.0,-0.0,-0.0,-0.0,0.0,0.0,0.0,0.0,0.0,0.2203892007953012,0.0,0.0
2019-06-24,26,2019,6,0,0,29.627060802440443,17.583631241342285,3.2399017590360177,1.0473484715663754,1.5184328152152946,0.5404352077160604,0.25876288959652693,0.4169314043874293,-0.11588971944337292,0.0,0.0,0.0,0.0,0.0,0.0,0.0,0.0,0.0,0.0,0.0,0.0,1.313677307768131,0.9328319476856278,1.3253939914578337,0.6713753250335853,0.747225139671284,0.7234792790992042,0.0,0.03843980509299255,0.0,0.0,0.0,0.0,0.0,0.0,0.0,-0.06633852665176922,0.0,0.0,0.0,0.0,0.0,0.0,0.0,0.0,0.0,0.0,0.0,0.2203892007953012,0.0,0.0
2019-07-01,27,2019,7,0,0,30.554757419724393,19.20936065084954,2.7388545972007186,1.2688992182686574,1.6572163831227755,0.964222279330012,0.518613065076583,1.0241216652935587,-0.6793859686412121,0.0,0.0,0.0,0.0,0.0,0.0,0.0,0.0,0.0,0.0,0.0,0.0,1.3020241124552652,1.0217513926644626,1.4625939222160573,0.8176080558410787,0.8782711762750756,0.8142115139015185,0.0,0.03843980509299255,0.0,0.0,0.0,0.0,0.0,0.0,0.0,-0.06633852665176922,0.0,0.0,0.0,0.0,0.0,0.0,0.0,0.0,0.0,0.0,0.0,0.2203892007953012,0.0,0.0
2019-07-08,28,2019,7,0,0,30.251960016369935,18.04389240111672,2.9602065049308735,1.1564105957670432,1.5584963499567128,-0.03288368625254072,0.3035562708650318,0.2529839941313895,0.019882916459718403,0.0,0.0,0.0,0.0,0.0,0.0,0.0,0.0,0.0,0.0,0.0,0.0,1.2166775206860518,1.125899554885236,1.5529303169797584,0.9440108134362142,0.6834619382410224,0.7660116253005456,0.0,0.03843980509299255,0.0,0.0,0.0,0.0,0.0,0.0,0.0,-0.06633852665176922,0.0,0.0,0.0,0.0,0.0,0.0,0.0,0.0,0.0,0.0,0.0,0.10932579940920749,0.0,0.0
2019-07-15,29,2019,7,0,0,31.581811903785834,20.565978026827587,3.5429867730796674,0.9413454512641113,1.6388336158448031,0.9523043934625746,0.5776992727007563,1.0529526060582397,1.5017965769465755,0.0,0.0,0.0,0.0,0.0,0.0,0.0,0.0,0.0,0.0,0.0,0.0,1.1035009342165472,1.1799548287481012,1.5932447910348968,1.0664061495629142,0.6060195485640263,0.8084969105852037,0.0,0.03843980509299255,0.0,0.0,0.0,0.0,0.0,0.0,0.0,-0.06633852665176922,0.0,0.0,0.0,0.0,0.0,0.0,0.0,0.0,0.0,0.0,0.0,0.10932579940920749,0.0,0.0
2019-07-22,30,2019,7,0,0,28.558555902539513,16.226587833515826,3.122445660349692,0.5673028046534271,1.5334908890180743,-0.06659905216570698,-0.6481745184351491,-0.8646248522454237,0.974930446550595,0.0,0.0,0.0,0.0,-0.0,-0.0,0.0,0.0,0.0,0.0,0.0,0.0,0.9834895174883099,1.1843203940830074,1.5970093094855917,1.1761416188339544,0.4542609835935844,0.7656038677516783,0.0,0.0,0.0,0.0,0.0,0.0,0.0,0.0,-0.0,-0.06633852665176922,-0.0,-0.0,0.0,0.0,0.0,0.0,0.0,0.0,0.0,0.0,0.0,0.10932579940920749,0.0,0.0
2019-07-29,31,2019,7,0,0,28.910067386481003,16.629205801355198,2.4635351347202064,0.28403741392634657,1.3451196273577857,0.1728402390301311,-0.2525593099888881,-0.31029110438254565,-0.9331583732621328,0.0,0.0,0.0,0.0,0.0,0.0,0.0,0.0,0.0,0.0,0.0,0.0,0.7372740664027323,1.1337367931970475,1.518985120544344,1.2407532418036742,0.25641547351861416,0.6930559135294183,0.0,0.0,0.0,0.0,0.0,0.0,0.0,0.0,0.0,-0.06633852665176922,0.0,0.0,0.0,0.0,0.0,0.0,0.0,0.0,0.0,0.0,0.0,0.10932579940920749,0.0,0.0
2019-08-05,32,2019,8,0,0,29.634343011743518,17.09361581417178,2.5317580685771546,0.24898624957556462,1.2150826175594591,0.29355688988411827,0.5003427385061654,0.19537977821751998,-0.7662140432953866,0.0,0.0,0.0,0.0,0.0,0.0,0.0,0.0,0.0,0.0,0.0,0.0,0.5104179798548626,1.0636908085248664,1.4331316874450308,1.2892298566857359,0.33802561755277893,0.6417261680324512,0.0,0.0,0.0,0.0,0.0,0.0,0.0,0.0,0.0,0.0,0.0,0.0,0.0,0.0,0.0,0.0,0.0,0.0,0.0,0.0,0.0,0.10932579940920749,0.0,0.0
2019-08-12,33,2019,8,0,0,28.4415409213646,17.117081108893554,2.7496003782941734,0.32869412705856155,1.2422681307021337,0.8940514151660716,-0.13190097988556757,0.45105748745982394,0.07526691493064584,0.0,0.0,0.0,0.0,0.0,0.0,0.0,0.0,0.0,0.0,0.0,0.0,0.3572551488034752,0.9998786797847825,1.3339903161593634,1.3352961540780304,0.32346237297865316,0.6600061465376448,0.0,0.0,0.0,0.0,0.0,0.0,0.0,0.0,0.0,0.0,0.0,0.0,0.0,0.0,0.0,0.0,0.0,0.0,0.0,0.0,0.0,0.10932579940920749,0.0,0.0
2019-08-19,34,2019,8,0,0,27.703232851611844,16.313886401835124,3.058728060812492,0.437238062903982,1.0686080570046614,0.6296938873666986,-0.6083752826672251,0.08176749531154351,0.24152724146064333,0.0,0.0,0.0,0.0,0.0,0.0,0.0,0.0,0.0,0.0,0.0,0.0,0.3247389633661139,0.9188383748559427,1.2177696081560103,1.3565033806035853,0.49753560786175455,0.6108608595933658,0.0,0.0,0.0,0.0,0.0,0.0,0.0,0.0,0.0,0.0,0.0,0.0,0.0,0.0,0.0,0.0,0.0,0.0,0.0,0.0,0.0,0.0,0.0,0.0
2019-08-26,35,2019,8,0,0,25.587171736435373,14.271253774892566,3.190429262521416,0.639652056886445,0.971702473219662,0.5473342260907526,-1.1677278060846952,-0.6702042384485675,0.5017166419734896,0.0,0.0,0.0,0.0,0.0,0.0,0.0,0.0,0.0,0.0,0.0,0.0,0.4136426241061385,0.855944247028974,1.1244153196214794,1.3486457007398003,0.5911591046269099,0.5648785500459422,0.0,0.0,0.0,0.0,0.0,0.0,0.0,0.0,0.0,0.0,0.0,0.0,0.0,0.0,0.0,0.0,0.0,0.0,0.0,0.0,0.0,0.0,0.0,0.0
2019-09-02,36,2019,9,0,1,26.773963044648095,14.383585491820034,2.987292125690945,0.5668544588828887,0.8512418218848857,-0.11423183452869226,-0.07157866331485449,0.27393371576771536,-0.11979717514149446,0.0,0.0,0.0,0.0,0.0,0.0,0.0,0.0,0.0,0.0,0.0,0.0,0.49310967643296955,0.7983552054414946,1.033455120702836,1.3288630208778776,0.4892119235237073,0.5222423987041316,0.0,0.0,0.0,0.0,0.0,0.0,0.0,0.0,0.0,0.0,0.0,0.0,0.0,0.0,0.0,0.0,0.0,0.0,0.0,0.0,0.0,0.0,0.0,0.0
2019-09-09,37,2019,9,0,1,27.38352933204298,15.586363546172688,3.39276606419398,0.7341773072872957,0.8516191212646984,0.838017323531781,0.694256374522636,1.5667305927438984,1.249682350765539,0.0,0.0,0.0,0.0,0.0,0.0,0.0,0.0,0.0,0.0,0.0,1.249682350765539,0.594480471490153,0.7396152319371407,0.9357928683434771,1.3022836632134767,0.47520340061513466,0.5292934800616784,0.0,0.0,0.0,0.0,0.0,0.0,0.0,0.0,0.0,0.0,0.0,0.0,0.0,0.0,0.0,0.0,0.0,0.0,0.0,0.0,0.0,0.0,0.31242058769138475,0.09612941159734915
2019-09-16,38,2019,9,0,1,28.852831085924926,16.5765410979543,3.414773496886096,0.415803340658321,0.5784684472525146,0.19020395271065352,1.263747351880929,1.5709125780855282,0.48232729393428453,0.0,0.0,0.0,1.263747351880929,0.0,0.0,0.0,0.0,0.0,0.0,0.0,0.0,0.5891217909287378,0.6643653506691554,0.8132579659054403,1.2331215653387277,0.3653309169511234,0.44684194164168567,0.0,0.0,0.0,0.0,0.0,0.0,0.31593683797023225,0.09721133476007146,0.0,0.0,0.0,0.0,0.0,0.0,0.0,0.0,0.0,0.0,0.0,0.0,0.0,0.0,0.31242058769138475,0.09612941159734915
2019-09-23,39,2019,9,0,1,24.91570600539828,12.2282464912996,3.624217138013179,0.44800900324314735,0.6760009066779189,0.6355537935195136,0.4384993675374796,0.679394205244147,1.619414273850155,0.0,0.0,0.0,0.0,0.0,0.0,0.0,0.0,0.0,0.0,0.0,1.619414273850155,0.5412110275179134,0.6182623146442917,0.7393325742700046,1.1683191108358528,0.38738580880831364,0.45415875593425903,0.0,0.0,0.0,0.0,0.0,0.0,0.31593683797023225,0.09721133476007146,0.0,0.0,0.0,0.0,0.0,0.0,0.0,0.0,0.0,0.0,0.0,0.0,0.0,0.0,0.7172741561539235,0.2206997403550534
2019-09-30,40,2019,9,0,1,22.33536935609143,11.385935732375126,3.9248113570354355,0.7687208939016221,0.6965165138483016,0.8956719092857666,-0.010032208435722684,0.8091826016833851,0.898387791503381,0.0,0.0,0.0,0.0,0.0,0.0,0.0,0.0,0.0,0.898387791503381,0.0,0.0,0.5916776362725967,0.5797870589237505,0.7006512472608586,1.0944191208916625,0.6398617447619284,0.44888565054624013,0.0,0.0,0.0,0.0,0.0,0.0,0.31593683797023225,0.09721133476007146,0.0,0.0,0.0,0.0,0.0,0.0,0.0,0.0,0.0,0.0,0.22459694787584525,0.06910675319256777,0.0,0.0,0.7172741561539235,0.2206997403550534
2019-10-07,41,2019,10,0,1,18.31995072275296,4.890092511252115,4.181536609880598,0.6676953264625873,0.7324498063880569,0.3505080172991066,-0.5565515308164909,-0.861831226059876,1.306036003762006,0.0,0.0,0.0,0.0,-0.0,-0.861831226059876,0.0,0.0,0.0,0.0,0.0,1.306036003762006,0.5750571410664197,0.5421935766695616,0.6708589185416982,1.030877079078689,0.5179844182037597,0.478377320050213,0.0,0.0,0.0,0.0,0.0,0.0,0.31593683797023225,0.09721133476007146,-0.0,-0.0,-0.21545780651496896,-0.06629470969691355,0.0,0.0,0.0,0.0,0.0,0.0,0.22459694787584525,0.06910675319256777,0.0,0.0,0.7313625694030402,0.3211640483367461
2019-10-14,42,2019,10,0,1,17.062561732231003,3.2118016219412415,3.5219222456467225,0.6890804447551352,0.47234955007605955,-0.6581072178328156,-0.2636337651654281,-0.5937871267707345,-0.5234965691355669,0.0,0.0,0.0,0.0,0.0,0.0,0.0,0.0,0.0,0.0,0.0,0.0,0.6433764170906232,0.5227885761688711,0.6443291942475845,0.9411475355580164,0.30590662556789244,0.3544995037967214,0.0,0.0,0.0,0.0,0.0,0.0,0.0,0.09721133476007146,0.0,0.0,-0.21545780651496896,-0.06629470969691355,0.0,0.0,0.0,0.0,0.0,0.0,0.22459694787584525,0.06910675319256777,0.0,0.0,0.7313625694030402,0.3211640483367461
2019-10-21,43,2019,10,0,1,14.607034015121867,3.1323956443373895,4.431706181260408,0.9680973386826164,0.735078840390398,0.8749896291229851,-0.6355993962157193,-0.4868247254165985,0.874743317060278,0.0,0.0,0.0,0.0,0.0,0.0,0.0,0.0,0.0,0.874743317060278,0.0,0.0,0.7733985009504905,0.5536189249403471,0.6590986776757042,0.8797312241251182,0.36576558446876034,0.4269294023573901,0.0,0.0,0.0,0.0,0.0,0.0,0.0,0.09721133476007146,0.0,0.0,-0.21545780651496896,-0.06629470969691355,0.0,0.0,0.0,0.0,0.0,0.0,0.44328277714091474,0.13639470065874298,0.0,0.0,0.3265090009405015,0.3211640483367461
2019-10-28,44,2019,10,0,1,8.39119747987134,-1.6714621945093744,3.623436415327149,0.4543800475804007,0.8383323892151769,0.11740142408456185,-1.6409577310356125,-1.3585915003349043,-0.377351474571273,0.0,0.0,0.0,0.0,0.0,0.0,-0.0,-1.3585915003349043,0.0,0.0,0.0,0.0,0.6948132893701852,0.5667222044521976,0.694552646517423,0.8407475904218406,0.17119796316845917,0.42266487813080783,0.0,0.0,0.0,0.0,0.0,0.0,0.0,0.09721133476007146,0.0,0.0,-0.21545780651496896,-0.06629470969691355,-0.0,-0.0,-0.33964787508372607,-0.10450703848730034,0.0,0.0,0.2186858292650695,0.13639470065874298,0.0,0.0,0.3265090009405015,0.3211640483367461
2019-11-04,45,2019,11,0,1,8.68212819960514,-3.4523981930058785,3.60880607351607,-0.06592704053094646,0.6953142982396486,-0.7453246473743832,-1.3469579714903948,-1.9082139152077537,-0.7637694452827004,0.0,0.0,0.0,0.0,0.0,0.0,-0.0,-1.9082139152077537,0.0,0.0,0.0,0.0,0.5114076976218017,0.5424981052132352,0.685268769480321,0.8007654120126244,-0.10276020299991327,0.34275091372630767,0.0,0.0,0.0,0.0,0.0,0.0,0.0,0.09721133476007146,0.0,0.0,0.0,-0.06629470969691355,-0.0,-0.0,-0.8167013538856644,-0.25129272427251215,0.0,0.0,0.2186858292650695,0.13639470065874298,0.0,0.0,0.0,0.3211640483367461
2019-11-11,46,2019,11,0,1,4.654536057713296,-7.389739980326996,3.803169645999382,-0.13509841469569492,0.4812973206726848,-0.6646735481519348,-1.2823720437221913,-1.7446671086782946,-0.43335824791658795,0.0,0.0,0.0,0.0,0.0,0.0,-0.0,-1.7446671086782946,0.0,0.0,0.0,0.0,0.3053629827590942,0.506821755847523,0.6875057121294773,0.742229195856513,-0.10440178557969308,0.22284899347107642,0.0,0.0,0.0,0.0,0.0,0.0,0.0,0.09721133476007146,0.0,0.0,0.0,-0.06629470969691355,-0.0,-0.0,-1.252868131055238,-0.3854978864785348,0.0,0.0,0.2186858292650695,0.13639470065874298,0.0,0.0,0.0,0.3211640483367461
2019-11-18,47,2019,11,0,1,9.065833537182783,-1.1696061214286084,3.564400408195404,-0.340426703827213,0.3262958935586762,0.027275417597998352,-0.12420798595382386,0.2670505363970189,-0.7284851899346615,0.0,0.0,0.0,0.0,0.0,0.0,0.0,0.0,0.0,0.0,0.0,0.0,-0.02176802786836321,0.4470013891758927,0.5853099754215468,0.6851282602068218,-0.3163303384609398,0.1765091111811764,0.0,0.0,0.0,0.0,0.0,0.0,0.0,0.09721133476007146,0.0,0.0,0.0,-0.06629470969691355,0.0,0.0,-1.252868131055238,-0.3854978864785348,0.0,0.0,0.0,0.13639470065874298,0.0,0.0,0.0,0.3211640483367461
2019-11-25,48,2019,11,0,1,7.304892109382257,-0.8434112741670612,5.061787401386732,-0.48849663685376665,0.41247208779245453,0.6951987281217241,0.0001170509155630739,0.9780611473542822,1.5533880416866552,0.0,0.0,0.0,0.0,0.0,0.0,0.0,0.0,0.0,0.0,0.0,1.5533880416866552,-0.25748719897690503,0.3602207204266457,0.47884490006586633,0.6421105382508827,-0.1718810124516492,0.1878833036450973,0.0,0.0,0.0,0.0,0.0,0.0,0.0,0.09721133476007146,0.0,0.0,0.0,-0.06629470969691355,0.0,0.0,-0.9132202559715121,-0.3854978864785348,0.0,0.0,0.0,0.13639470065874298,0.0,0.0,0.3883470104216638,0.4406554361587966
2019-12-02,49,2019,12,0,0,6.7753379913697875,-3.9202239365268845,3.6733689877860605,-0.5773832253604793,0.32482467574709195,-1.3434660191854153,0.6688619187088558,0.5231912782614685,-0.3529088288798962,0.0,0.0,0.0,0.0,0.0,0.0,0.0,0.0,0.0,0.0,0.0,0.0,-0.3853512451842882,0.27220243702330965,0.3862224944427271,0.6016169116248986,-0.3214163554044073,0.09332682790227245,0.0,0.0,0.0,0.0,0.0,0.0,0.0,0.09721133476007146,0.0,0.0,0.0,-0.06629470969691355,0.0,0.0,-0.43616677716957364,-0.3854978864785348,0.0,0.0,0.0,0.13639470065874298,0.0,0.0,0.3883470104216638,0.4406554361587966
2019-12-09,50,2019,12,0,0,2.9921642281899077,-7.43064875708889,3.8146016919719634,-0.44864726863628823,0.12969470424026994,-0.4547454432242139,-0.2545573003458955,-0.33283013281103563,-0.19228384305271204,0.0,0.0,0.0,0.0,0.0,0.0,0.0,0.0,0.0,0.0,0.0,0.0,-0.4637384586694366,0.18121593118303397,0.2983218403346234,0.546084264161481,-0.26893432917247706,-0.00611646184818869,0.0,0.0,0.0,0.0,0.0,0.0,0.0,0.09721133476007146,0.0,0.0,0.0,-0.06629470969691355,0.0,0.0,0.0,-0.3854978864785348,0.0,0.0,0.0,0.13639470065874298,0.0,0.0,0.3883470104216638,0.34452602456144743
2019-12-16,51,2019,12,0,0,3.1249660855569137,-7.909284584169962,3.257811760154589,-0.6146896326795642,-0.05606606128945279,-0.8629523747009561,-0.2189065505397057,-0.5809116679349414,-1.2110263704380841,0.0,0.0,0.0,0.0,-0.0,-0.0,0.0,0.0,0.0,0.0,0.0,0.0,-0.5323041908825243,0.10194724092627358,0.20273135162259112,0.4972739173505604,-0.49149127724721564,-0.08712848703369712,0.0,0.0,0.0,0.0,0.0,0.0,0.0,0.0,-0.0,-0.0,-0.0,-0.06629470969691355,0.0,0.0,0.0,-0.3854978864785348,0.0,0.0,0.0,0.13639470065874298,0.0,0.0,0.3883470104216638,0.34452602456144743
2019-12-23,52,2019,12,0,0,9.878692027349281,-0.9585760160854503,3.526729385358468,-0.38797920191605906,-0.16684807927737982,0.4007457526365129,1.2124462782201668,0.9424435922775332,-1.2187127931374717,0.0,0.0,0.0,0.0,0.0,0.0,0.0,0.0,0.0,0.0,0.0,0.0,-0.5071748321480974,0.037640455914026934,0.05790130985513254,0.43243937996938364,-0.5651045211185185,-0.10519064402469719,0.0,0.0,0.0,0.0,0.0,0.0,0.0,0.0,0.0,0.0,0.0,-0.06629470969691355,0.0,0.0,0.0,-0.3854978864785348,0.0,0.0,0.0,0.13639470065874298,0.0,0.0,0.0,0.21995569580374316
2019-12-30,1,2019,12,0,0,6.179808973602676,-2.8508767219488576,4.76778146909739,-0.5234102579691574,-0.3784959040682139,0.7867325371494461,1.2739054910702843,1.347006870948139,0.927520255146357,0.0,0.0,0.0,0.0,0.0,0.0,0.0,0.0,0.0,0.0,0.0,0.0,-0.493681590300267,-0.06175424807603303,-0.11792883509869392,0.3497461170527286,-0.03255488203480311,-0.11357059572749105,0.0,0.0,0.0,0.0,0.0,0.0,0.0,0.0,0.0,0.0,0.0,-0.06629470969691355,0.0,0.0,0.0,-0.3854978864785348,0.0,0.0,0.0,0.06728794746617522,0.0,0.0,0.0,0.2199556958037432
2020-01-06,2,2020,1,0,0,5.512609959878211,-5.982442692261936,4.4892691981245605,0.0257059028012858,-0.28320281651178186,0.34187297780922604,1.1206868734812514,0.7722519067910035,0.37082328453769925,0.0,0.0,0.0,0.0,0.0,0.0,0.0,0.0,0.0,0.0,0.0,0.0,-0.3750932974408735,-0.11113804989613316,-0.2211532152867069,0.27161899221427943,0.16659972322355687,-0.11423482953440495,0.0,0.0,0.0,0.0,0.0,0.0,0.0,0.0,0.0,0.0,0.0,0.0,0.0,0.0,0.0,-0.3854978864785348,0.0,0.0,0.0,0.06728794746617522,0.0,0.0,0.0,0.1194913878220504
2020-01-13,3,2020,1,0,0,2.059077612047709,-8.338915724809137,4.8196259688991185,0.21986523240596217,-0.1666022886407518,0.28411377291758483,0.29808469797532544,0.22636387955698334,1.0224715228255645,0.0,0.0,0.0,0.0,0.0,0.0,0.0,0.0,0.0,0.0,0.0,0.0,-0.1664545811694919,-0.14723152776914647,-0.24878727212453164,0.22246885077452475,0.4533662601281921,-0.041756291784374136,0.0,0.0,0.0,0.0,0.0,0.0,0.0,0.0,0.0,0.0,0.0,0.0,0.0,0.0,0.0,-0.3854978864785348,0.0,0.0,0.0,0.06728794746617522,0.0,0.0,0.0,0.1194913878220504
2020-01-20,4,2020,1,0,0,0.9172608245253469,-7.028302822399255,3.590251633732608,0.44550552305722324,-0.4352930576967924,-0.050208276796475146,-0.2428497982437505,0.3272387200913001,-0.8715091045850532,0.0,0.0,0.0,0.0,0.0,0.0,0.0,0.0,0.0,0.0,0.0,0.0,0.041916600073828664,-0.187430898201869,-0.31589851672938474,0.13244024322935624,0.3406277527699451,-0.11292536147048646,0.0,0.0,0.0,0.0,0.0,0.0,0.0,0.0,0.0,0.0,0.0,0.0,0.0,0.0,0.0,-0.3854978864785348,0.0,0.0,0.0,0.0,0.0,0.0,0.0,0.1194913878220504
2020-01-27,5,2020,1,0,0,3.475172819364948,-3.1107081149574003,3.0066341225814224,-0.24472051728514196,-0.6504166600286724,-1.0275895312311563,0.2626753666923461,1.1945692102422762,-2.022079074063686,0.0,0.0,0.0,0.0,0.0,0.0,0.0,0.0,0.0,0.0,0.0,0.0,0.11158903524483252,-0.24120786472998768,-0.3838787057194994,0.017921085595214,-0.11295276432520548,-0.20100158880246477,0.0,0.0,0.0,0.0,0.0,0.0,0.0,0.0,0.0,0.0,0.0,0.0,0.0,0.0,0.0,-0.2809908479912345,0.0,0.0,0.0,0.0,0.0,0.0,0.0,0.1194913878220504
2020-02-03,6,2020,2,0,0,4.209138118459024,-5.929227929000591,4.207376593091423,-0.11430670715121768,-0.5548801937951977,-0.33570748647269577,0.45291163932562445,0.7495290590903988,0.23528004137520428,0.0,0.0,0.0,0.0,0.0,0.0,0.0,0.0,0.0,0.0,0.0,0.0,0.07658588275670665,-0.24492937754693161,-0.45179805004035334,-0.07824772148438958,-0.2823478803956859,-0.16949257642541188,0.0,0.0,0.0,0.0,0.0,0.0,0.0,0.0,0.0,0.0,0.0,0.0,0.0,0.0,0.0,-0.13420516220602266,0.0,0.0,0.0,0.0,0.0,0.0,0.0,0.1194913878220504
2020-02-10,7,2020,2,0,0,2.2290243888027508,-9.779676701095076,3.980080676073446,-0.4551729878350415,-0.43480064520760436,-0.16110123997381198,-0.4137928997265608,-0.5039266623331882,-0.431885750261353,0.0,0.0,0.0,0.0,-0.0,-0.0,0.0,0.0,0.0,0.0,0.0,0.0,-0.09217367230354426,-0.26955049855765056,-0.5188476391820666,-0.14871679578287336,-0.3936516336185351,-0.13075624502709476,0.0,0.0,0.0,0.0,0.0,0.0,0.0,0.0,-0.0,-0.0,-0.0,-0.0,0.0,0.0,0.0,0.0,0.0,0.0,0.0,0.0,0.0,0.0,0.0,0.1194913878220504
2020-02-17,8,2020,2,0,0,4.720092188332092,-7.641681282865843,4.0478022001789755,-1.034955738194236,-0.5311003125019046,-0.6295658267349027,0.022226115288250435,-0.1533663253907628,-0.8117773937003581,0.0,0.0,0.0,0.0,0.0,0.0,0.0,0.0,0.0,0.0,0.0,0.0,-0.4622889876164091,-0.3229758088935754,-0.5427994528833446,-0.21467035009522567,-0.538491021103142,-0.18128249459116408,0.0,0.0,0.0,0.0,0.0,0.0,0.0,0.0,0.0,0.0,0.0,0.0,0.0,0.0,0.0,0.0,0.0,0.0,0.0,0.0,0.0,0.0,0.0,0.1194913878220504
2020-02-24,9,2020,2,0,0,5.994543713050961,-4.740311424237246,4.453728558174531,-0.95698253660659,-0.7976878043334953,-0.6388105113300189,-0.18255879863917612,0.1992792595194108,0.2781668312394542,0.0,0.0,0.0,0.0,0.0,0.0,0.0,0.0,0.0,0.0,0.0,0.0,-0.6403544924467711,-0.35901318579763875,-0.5796172389595503,-0.3077595725664526,-0.44129626612785766,-0.28389858993360584,0.0,0.0,0.0,0.0,0.0,0.0,0.0,0.0,0.0,0.0,0.0,0.0,0.0,0.0,0.0,0.0,0.0,0.0,0.0,0.0,0.0,0.0,0.0,0.0
2020-03-02,10,2020,3,1,0,11.877401675754873,-1.1635862074885852,4.935662285858206,-1.0707085259796172,-0.7375497427787844,-0.7644229291002423,0.7148659665468388,0.4619256605979342,0.7961350405841827,0.7148659665468388,0.0,0.0,0.0,0.0,0.0,0.0,0.0,0.7961350405841827,0.0,0.0,0.0,-0.8794549471538711,-0.3969612858452648,-0.625284626205447,-0.3894806816838277,-0.5484751267847443,-0.23935681377320794,0.17871649163670958,0.054989689734372176,0.0,0.0,0.0,0.0,0.0,0.0,0.0,0.0,0.0,0.0,0.0,0.0,0.0,0.0,0.19903376014604568,0.061241156968014056,0.0,0.0,0.0,0.0,0.0,0.0
2020-03-09,11,2020,3,1,0,11.037331256646434,0.5821334007567001,4.277934609217377,-0.7800486053053852,-0.5731917052516388,0.38963246746301544,-0.23464012839255896,0.4104844278920068,-0.2110716445703955,0.0,0.0,0.0,0.0,0.0,0.0,0.0,0.0,0.0,0.0,0.0,0.0,-0.960673851521457,-0.42245369635827223,-0.6598823912164555,-0.4435488670293592,-0.4107916999255375,-0.1744046667972672,0.17871649163670958,0.054989689734372176,0.0,0.0,0.0,0.0,0.0,0.0,0.0,0.0,0.0,0.0,0.0,0.0,0.0,0.0,0.19903376014604568,0.061241156968014056,0.0,0.0,0.0,0.0,0.0,0.0
2020-03-16,12,2020,3,1,0,8.928320786459055,-0.5115971559120207,4.121733134073219,-0.12138481428074616,-0.26984749620620846,0.7347641451108805,-0.784607142150943,-0.08871869078770632,-0.5630529436813021,0.0,0.0,0.0,0.0,0.0,0.0,0.0,0.0,0.0,0.0,0.0,0.0,-0.7322811205430844,-0.3845071718660555,-0.5945691871425315,-0.4599935927921865,-0.06970920696409166,-0.05150339604251056,0.17871649163670958,0.054989689734372176,0.0,0.0,0.0,0.0,0.0,0.0,0.0,0.0,0.0,0.0,0.0,0.0,0.0,0.0,0.19903376014604568,0.061241156968014056,0.0,0.0,0.0,0.0,0.0,0.0
2020-03-23,13,2020,3,1,0,13.239806012286651,3.347885459329844,4.182755494266091,0.2887287150428309,-0.2205568994659518,0.5962668634407464,0.0966387400781714,0.9724966384786992,-0.7012890840452755,0.0,0.0,0.0,0.0,0.0,0.0,0.0,0.0,0.0,0.0,0.0,0.0,-0.4208533076307292,-0.3324527167153716,-0.45028646092564567,-0.4641250404989997,0.23906013672859966,-0.036463310596031064,0.17871649163670958,0.054989689734372176,0.0,0.0,0.0,0.0,0.0,0.0,0.0,0.0,0.0,0.0,0.0,0.0,0.0,0.0,0.19903376014604568,0.061241156968014056,0.0,0.0,0.0,0.0,0.0,0.0
2020-03-30,14,2020,3,1,0,13.977177402831613,0.9268903010669292,3.90336293983125,0.28261900437293846,-0.3039599013261817,-0.5753804373569087,-0.2449512267812147,-0.2833040665718986,-1.5116153648132538,0.0,0.0,0.0,0.0,0.0,0.0,0.0,0.0,0.0,0.0,0.0,0.0,-0.08252142504259029,-0.2704504657659796,-0.34188900056249494,-0.45839150182653576,0.2863207596644331,-0.1412412317119045,0.0,0.054989689734372176,0.0,0.0,0.0,0.0,0.0,0.0,0.0,0.0,0.0,0.0,0.0,0.0,0.0,0.0,0.0,0.061241156968014056,0.0,0.0,0.0,0.0,0.0,0.0
2020-04-06,15,2020,4,1,0,17.42459319891579,3.115746950276869,4.6427812597290945,0.16036232893928629,-0.5312015263729444,-0.2504938777959299,0.13134155143012788,-0.1765694656998763,-0.07525784042514737,0.0,0.0,0.0,0.0,0.0,0.0,0.0,0.0,0.0,0.0,0.0,0.0,0.1525813085185776,-0.26009227913997957,-0.33139145584282137,-0.47746832566200975,0.12628917334969672,-0.18680791291230112,0.0,0.054989689734372176,0.0,0.0,0.0,0.0,0.0,0.0,0.0,0.0,0.0,0.0,0.0,0.0,0.0,0.0,0.0,0.061241156968014056,0.0,0.0,0.0,0.0,0.0,0.0
2020-04-13,16,2020,4,1,0,10.261406800402685,-1.9996958522200425,4.403848847061213,-0.22417172621504028,-0.5309913459181091,0.18059900312744837,-1.9183549660039128,-2.01468208698354,-0.10204030356600759,0.0,0.0,0.0,0.0,0.0,0.0,-2.01468208698354,-0.0,0.0,0.0,0.0,0.0,0.12688458053500404,-0.29424896826467206,-0.3966774182707965,-0.5054982531448834,-0.012252112146161287,-0.19477058751154236,0.0,0.054989689734372176,0.0,0.0,0.0,0.0,0.0,0.0,0.0,0.0,0.0,0.0,-0.503670521745885,-0.15497554515258,-0.0,-0.0,0.0,0.061241156968014056,0.0,0.0,0.0,0.0,0.0,0.0
2020-04-20,17,2020,4,1,0,17.99195887212586,4.003113429764657,3.987422574374037,0.023558404875618718,-0.43241037862088855,0.24682951774740608,-0.19285132296704885,-0.8311982176764691,-1.2779869572979832,0.0,0.0,0.0,0.0,-0.8311982176764691,-0.0,0.0,0.0,0.0,0.0,0.0,0.0,0.06059200299320102,-0.3267064388940263,-0.4496407880595307,-0.5052765086005832,-0.09961144856949637,-0.1719215263927823,0.0,0.054989689734372176,0.0,0.0,0.0,0.0,0.0,0.0,-0.20779955441911732,-0.06393832443665147,-0.0,-0.0,-0.503670521745885,-0.15497554515258,0.0,0.0,0.0,0.061241156968014056,0.0,0.0,0.0,0.0,0.0,0.0
2020-04-27,18,2020,4,1,0,21.452247017394672,7.395477791342074,4.482617267197805,0.008668536382867256,-0.18211246869428183,0.367417187561096,0.710568210118643,0.1254029084998751,0.7169183339306476,0.710568210118643,0.0,0.0,0.0,0.0,0.0,0.0,0.0,0.7169183339306476,0.0,0.0,0.0,-0.007895614004316782,-0.3072149732272563,-0.41917892990155575,-0.46925310926716846,0.1360879576600048,-0.06461331725491673,0.17764205252966064,0.10964878282042165,0.0,0.0,0.0,0.0,0.0,0.0,-0.20779955441911732,-0.06393832443665147,0.0,0.0,-0.503670521745885,-0.15497554515258,0.0,0.0,0.1792295834826619,0.11638872111652541,0.0,0.0,0.0,0.0,0.0,0.0
2020-05-04,19,2020,5,1,0,16.597847559429958,3.8505418900740884,4.462039604700958,0.1814276240728425,-0.20012141723131652,0.09786415874889566,-1.7816681445419622,-2.0494290030488465,1.1189029725519581,0.0,0.0,0.0,0.0,0.0,0.0,-2.0494290030488465,-0.0,1.1189029725519581,0.0,0.0,0.0,-0.002629290220927734,-0.2844661785177132,-0.3364089026161488,-0.4419639726084084,0.2231774667962112,-0.03126165223787124,0.17764205252966064,0.10964878282042165,0.0,0.0,0.0,0.0,0.0,0.0,-0.20779955441911732,-0.06393832443665147,0.0,0.0,-1.0160277725080966,-0.3126239300024913,-0.0,-0.0,0.4589553266206514,0.2024581805435991,0.0,0.0,0.0,0.0,0.0,0.0
2020-05-11,20,2020,5,1,0,18.50511495568677,7.260566381863395,3.791391210047885,0.5456810981293468,0.0834562511162369,0.9249226620926463,-1.64288223108677,-1.3568527257505139,-0.22805230438963683,0.0,0.0,0.0,0.0,0.0,0.0,-1.3568527257505139,-0.0,0.0,0.0,0.0,0.0,0.18983391586516907,-0.20747740267429873,-0.18279700335756227,-0.40209805750657446,0.4092583815375107,0.052278647921087086,0.17764205252966064,0.10964878282042165,0.0,0.0,0.0,0.0,0.0,0.0,-0.20779955441911732,-0.06393832443665147,0.0,0.0,-0.8515704321998401,-0.41699721659868466,-0.0,-0.0,0.45895532662065147,0.2024581805435991,0.0,0.0,0.0,0.0,0.0,0.0
2020-05-18,21,2020,5,1,0,21.69682387131652,12.2380061518042,3.9203339636192287,0.9785772666946109,0.39082885860978295,0.9789444249579959,-0.795432450213315,0.2910016386855595,0.15350281196197674,0.0,0.0,0.0,0.0,0.0,0.0,0.0,0.0,0.0,0.0,0.0,0.0,0.4285886313199171,-0.05259024845207976,0.023012805950105603,-0.33118042895952154,0.5922871083401582,0.17601020574361775,0.17764205252966064,0.10964878282042165,0.0,0.0,0.0,0.0,0.0,0.0,0.0,-0.06393832443665147,0.0,0.0,-0.8515704321998401,-0.41699721659868466,0.0,0.0,0.45895532662065147,0.2024581805435991,0.0,0.0,0.0,0.0,0.0,0.0
2020-05-25,22,2020,5,1,0,25.369481574228974,13.916179620116344,3.4248697093695686,0.9630155877667715,0.579325624995773,0.7708835401233394,-0.40787558260067663,0.14056151579501638,-0.15543407415958932,0.0,0.0,0.0,0.0,0.0,0.0,0.0,0.0,0.0,0.0,0.0,0.0,0.6671753941658931,0.09510191496125575,0.2133723293726193,-0.22525631901111628,0.693153696480719,0.28444820970156837,0.0,0.10964878282042165,0.0,0.0,0.0,0.0,0.0,0.0,0.0,-0.06393832443665147,0.0,0.0,-0.8515704321998401,-0.41699721659868466,0.0,0.0,0.2797257431379896,0.2024581805435991,0.0,0.0,0.0,0.0,0.0,0.0
2020-06-01,23,2020,6,0,0,29.559394414647215,16.024621442297605,3.882188161683297,0.9587491436158009,0.6337509326672086,0.1117405504183717,1.1689511115051598,0.9507554570561362,1.0690719127958666,0.0,0.0,0.0,0.0,0.0,0.0,0.0,0.0,0.0,0.0,0.0,0.0,0.8615057740516328,0.25121404339167247,0.4218404168472506,-0.11977165166911682,0.6966227943980879,0.35184540043376944,0.0,0.05465909308604943,0.0,0.0,0.0,0.0,0.0,0.0,0.0,-0.06393832443665147,0.0,0.0,-0.33921318143762846,-0.41699721659868466,0.0,0.0,0.0,0.14121702357558505,0.0,0.0,0.0,0.0,0.0,0.0
2020-06-08,24,2020,6,0,0,28.15256416582013,14.728338195922072,4.69219922757,0.9740582676852656,0.6709226422789993,0.5134397836938375,0.14287768445667615,-0.30867398958164083,2.2085501345441627,0.0,0.0,0.0,0.0,0.0,0.0,0.0,0.0,0.0,0.0,0.0,0.0,0.9686000664406125,0.3861453413140303,0.5687070146379412,-0.024070548012913896,0.5937520747983858,0.3613690401438327,0.0,0.05465909308604943,0.0,0.0,0.0,0.0,0.0,0.0,0.0,-0.06393832443665147,0.0,0.0,0.0,-0.41699721659868466,0.0,0.0,0.0,0.14121702357558505,0.0,0.0,0.0,0.0,0.0,0.0
2020-06-15,25,2020,6,0,0,28.50143383195359,15.753966900151712,3.4334956007523276,0.42538120198966023,0.5091402771817283,0.09611643416113104,-0.08451126268683824,-0.9893895462422108,-0.5720152722273898,0.0,0.0,0.0,0.0,-0.0,-0.0,0.0,0.0,0.0,0.0,0.0,0.0,0.8303010502643748,0.42820426564252306,0.5982848692809275,0.035851588401542775,0.37304507709916956,0.31224229314769814,0.0,0.05465909308604943,0.0,0.0,0.0,0.0,0.0,0.0,-0.0,-0.06393832443665147,-0.0,-0.0,0.0,-0.41699721659868466,0.0,0.0,0.0,0.14121702357558505,0.0,0.0,0.0,0.0,0.0,0.0
2020-06-22,26,2020,6,0,0,28.528298394946898,16.438780166299452,3.2212341687351103,0.3985527264145102,0.6058024062085783,0.9147325085864987,-0.4872599240487216,-0.42184158872000976,-0.1732253526966919,0.0,0.0,0.0,0.0,-0.0,-0.0,0.0,0.0,0.0,0.0,0.0,0.0,0.6891853349263095,0.43665226651726763,0.6049040645841288,0.09941768883804508,0.40900731921495936,0.33673965046660215,0.0,0.05465909308604943,0.0,0.0,0.0,0.0,0.0,0.0,-0.0,-0.06393832443665147,-0.0,-0.0,0.0,-0.41699721659868466,0.0,0.0,0.0,0.14121702357558505,0.0,0.0,0.0,0.0,0.0,0.0
2020-06-29,27,2020,6,0,0,31.038005570830897,19.227944714380346,2.768622788942951,0.5011803711144801,0.7281432732889845,0.2973435482847814,0.7533860084486418,1.0358373285568883,-0.5878559021188611,0.0,0.0,0.0,0.0,0.0,0.0,0.0,0.0,0.0,0.0,0.0,0.0,0.5747931418009793,0.45346467934354007,0.6285021497395729,0.1788102407315194,0.4554080686815618,0.40387226474673216,0.0,0.05465909308604943,0.0,0.0,0.0,0.0,0.0,0.0,0.0,-0.06393832443665147,0.0,0.0,0.0,-0.41699721659868466,0.0,0.0,0.0,0.14121702357558505,0.0,0.0,0.0,0.0,0.0,0.0
2020-07-06,28,2020,7,0,0,31.61099173238948,18.957701156006298,2.8509795930798525,0.5698219228327215,0.7920689128200483,0.7236544436748633,1.3314134707331866,1.2319281923303145,-0.35033059251901955,0.0,0.0,0.0,0.0,0.0,0.0,0.0,0.0,0.0,0.0,0.0,0.0,0.47373405558784326,0.48496157118149663,0.658788717374835,0.28060027451559577,0.5079617336768183,0.4788067510137163,0.0,0.05465909308604943,0.0,0.0,0.0,0.0,0.0,0.0,0.0,-0.06393832443665147,0.0,0.0,0.0,-0.41699721659868466,0.0,0.0,0.0,0.14121702357558505,0.0,0.0,0.0,0.0,0.0,0.0
2020-07-13,29,2020,7,0,0,30.303312207714907,18.04462651585777,3.3529908770986374,0.785534674322554,0.8774059349928852,0.4340618523370868,-0.0044887030684633384,-0.16016094209469306,0.919569575927046,0.0,0.0,0.0,0.0,0.0,0.0,0.0,0.0,0.0,0.0,0.0,0.0,0.5637724236710666,0.5626312942997731,0.7508551318276243,0.3889385268933646,0.5924480882208072,0.49830389326061153,0.0,0.05465909308604943,0.0,0.0,0.0,0.0,0.0,0.0,0.0,-0.06393832443665147,0.0,0.0,0.0,-0.26202167144610466,0.0,0.0,0.0,0.14121702357558505,0.0,0.0,0.0,0.0,0.0,0.0
2020-07-20,30,2020,7,0,0,30.118340455967274,18.79060821801366,2.918741500263803,0.7434225896802837,0.9257892450201735,0.7234972461837803,0.2559952271954964,0.7090160063260338,0.2713434248750685,0.0,0.0,0.0,0.0,0.0,0.0,0.0,0.0,0.0,0.0,0.0,0.0,0.64998988948751,0.6180054623616704,0.830851841530523,0.4934154210196001,0.5446392726201277,0.5349706416018711,0.0,0.05465909308604943,0.0,0.0,0.0,0.0,0.0,0.0,0.0,0.0,0.0,0.0,0.0,-0.26202167144610466,0.0,0.0,0.0,0.14121702357558505,0.0,0.0,0.0,0.0,0.0,0.0
2020-07-27,31,2020,7,0,0,29.004194029441663,17.63543114714427,2.8760042409892734,0.7850308428120744,0.988394854666719,0.7648841910950323,-0.20173937483420146,0.24901498754794207,0.32016034922709163,0.0,0.0,0.0,0.0,0.0,0.0,0.0,0.0,0.0,0.0,0.0,0.0,0.7209525074119085,0.6777256397793017,0.8959147368749567,0.5834544458935232,0.6615244333226903,0.5655450264890969,0.0,0.0,0.0,0.0,0.0,0.0,0.0,0.0,0.0,0.0,0.0,0.0,0.0,-0.26202167144610466,0.0,0.0,0.0,0.08606945942707368,0.0,0.0,0.0,0.0,0.0,0.0
2020-08-03,32,2020,8,0,0,27.54099992193609,15.292189137406103,2.9417302666806586,0.6481234192011659,1.0005490107513704,-0.0008958255575061214,-0.9641379966104714,-1.0671933804020615,0.5292754553747014,0.0,0.0,0.0,0.0,-0.0,-0.0,0.0,0.0,0.0,0.0,0.0,0.0,0.7405278815040197,0.7136253163276343,0.9480347613577872,0.6758137095844992,0.48038686601459796,0.5579481046193737,0.0,0.0,0.0,0.0,0.0,0.0,0.0,0.0,-0.0,-0.0,-0.0,-0.0,0.0,-0.10437328659619337,0.0,0.0,0.0,0.0,0.0,0.0,0.0,0.0,0.0,0.0
2020-08-10,33,2020,8,0,0,30.012717011801545,17.327235547679347,2.854272856356559,0.5867419101524456,0.7703207083964027,0.4224428876524167,1.1216999940912995,0.5935394741107922,0.4768724285998119,0.0,0.0,0.0,0.0,0.0,0.0,0.0,0.0,0.0,0.0,0.0,0.0,0.6908296904614927,0.7167838403294111,0.9212634547086667,0.7286494370675888,0.47748212484343044,0.5192958142778176,0.0,0.0,0.0,0.0,0.0,0.0,0.0,0.0,0.0,0.0,0.0,0.0,0.0,0.0,0.0,0.0,0.0,0.0,0.0,0.0,0.0,0.0,0.0,0.0
2020-08-17,34,2020,8,0,0,29.369518703078125,15.354900524560827,2.450476376461098,0.19068466993720887,0.5527083348238312,-0.5690352229767321,0.426326735840979,-0.5378788788559703,-1.5857454430388573,0.0,0.0,0.0,0.0,0.0,0.0,0.0,0.0,0.0,0.0,0.0,0.0,0.5526452105257239,0.6561767175019187,0.8279932271595811,0.7411017044686694,0.15434900755330233,0.40022045674437695,0.0,0.0,0.0,0.0,0.0,0.0,0.0,0.0,0.0,0.0,0.0,0.0,0.0,0.0,0.0,0.0,0.0,0.0,0.0,0.0,0.0,0.0,0.0,0.0
2020-08-24,35,2020,8,0,0,31.054397372144006,18.037045356777,3.2586583510038736,-0.1843167334023935,0.48695470326017526,-0.16826529888431804,1.2106954430513504,1.2136988006918108,0.6976288975348284,0.0,0.0,0.0,0.0,0.0,0.0,0.0,0.0,0.0,0.0,0.0,0.0,0.310308316472107,0.5679203851042905,0.702633189307945,0.7339962489505466,-0.07893836494153525,0.32797823835917256,0.0,0.0,0.0,0.0,0.0,0.0,0.0,0.0,0.0,0.0,0.0,0.0,0.0,0.0,0.0,0.0,0.0,0.0,0.0,0.0,0.0,0.0,0.0,0.0
2020-08-31,36,2020,8,0,1,27.51203853444885,13.897489511285197,3.345582233972737,-0.1732706023412664,0.5214295554498788,0.2332721160332149,0.2996078434439388,0.0710152138864287,0.8132687157849977,0.0,0.0,0.0,0.0,0.0,0.0,0.0,0.0,0.0,0.8132687157849977,0.0,0.0,0.10495981108649886,0.4808419431075931,0.5828533254825722,0.7253561430107519,-0.020396379543854988,0.3373268203295451,0.0,0.0,0.0,0.0,0.0,0.0,0.0,0.0,0.0,0.0,0.0,0.0,0.0,0.0,0.0,0.0,0.0,0.0,0.20331717894624943,0.06255913198346136,0.0,0.0,0.0,0.0
2020-09-07,37,2020,9,0,1,22.039828275768816,11.81860497947969,3.2776260218313533,0.39082705824947034,0.7125060628015301,1.1496970794284,-1.6933461413599602,-0.5155989518987272,0.9193087797004333,0.0,0.0,0.0,0.0,0.0,0.0,0.0,0.0,0.0,0.9193087797004333,0.0,0.0,0.05598109811075505,0.43597800392022423,0.568399664083854,0.7285548676663313,0.16141716840014084,0.3862696892322038,0.0,0.0,0.0,0.0,0.0,0.0,0.0,0.0,0.0,0.0,0.0,0.0,0.0,0.0,0.0,0.0,0.0,0.0,0.43314437387135774,0.13327519196041776,0.0,0.0,0.0,0.0
2020-09-14,38,2020,9,0,1,23.796874024220543,9.802255222265755,3.2774841332528206,0.2456600957361547,0.5519433786148034,-2.1288029180059636,-0.8209383608039045,-0.980064142321161,0.16956911008486067,0.0,0.0,0.0,0.0,-0.0,-0.980064142321161,0.0,0.0,0.0,0.0,0.0,0.0,0.0697249545604915,0.42215330343918533,0.5682084250315971,0.7318474139304139,-0.228524755357167,0.21512204675781185,0.0,0.0,0.0,0.0,0.0,0.0,0.0,0.0,-0.0,-0.0,-0.2450160355802902,-0.07538954940932008,0.0,0.0,0.0,0.0,0.0,0.0,0.43314437387135774,0.13327519196041776,0.0,0.0,0.0,0.0
2020-09-21,39,2020,9,0,1,25.50101939054899,11.372098532706794,3.1321240308765947,0.09839477260538868,0.28714725325975266,-1.2796943929973195,0.7318032029063967,0.31752719012638586,0.37009626933044265,0.0,0.7318032029063967,0.0,0.0,0.0,0.0,0.0,0.0,0.0,0.0,0.0,0.0,0.14040283106243703,0.3990642300692529,0.5182565625314914,0.7073354790881966,-0.5063820288854174,0.046319977405210475,0.0,0.0,0.18295080072659917,0.05629255406972282,0.0,0.0,0.0,0.0,0.0,0.0,-0.2450160355802902,-0.07538954940932008,0.0,0.0,0.0,0.0,0.0,0.0,0.43314437387135774,0.13327519196041776,0.0,0.0,0.0,0.0
2020-09-28,40,2020,9,0,1,18.471183780806793,5.6223238308763825,3.402520095708669,-0.12207213109798315,0.252851555264503,-0.12190393364230118,-1.345312874295812,-1.3192300271757311,-0.16900666875564208,0.0,0.0,0.0,0.0,-0.0,-1.3192300271757311,0.0,0.0,0.0,0.0,0.0,0.0,0.15320244887325787,0.3511217298990634,0.45111206248514746,0.670774577701698,-0.5951760413042964,0.014070171103127202,0.0,0.0,0.18295080072659917,0.05629255406972282,0.0,0.0,0.0,0.0,-0.0,-0.0,-0.574823542374223,-0.17686878226899172,0.0,0.0,0.0,0.0,0.0,0.0,0.22982719492510834,0.13327519196041776,0.0,0.0,0.0,0.0
2020-10-05,41,2020,10,0,1,24.01006997572331,7.819312969891595,3.693237820559579,-1.2431712866723428,0.0009111294204685212,-1.60759557485441,1.4217168929486075,0.6515882871163016,0.2364051094865532,0.0,0.0,0.0,1.4217168929486075,0.0,0.0,0.0,0.0,0.0,0.0,0.0,0.0,-0.2552971373571954,0.21166071378328927,0.2732133291398821,0.6099162866709611,-1.2844992048749988,-0.16525675339912457,0.0,0.0,0.18295080072659917,0.05629255406972282,0.0,0.0,0.35542922323715187,0.10936283791912366,0.0,0.0,-0.574823542374223,-0.17686878226899172,0.0,0.0,0.0,0.0,0.0,0.0,0.0,0.13327519196041776,0.0,0.0,0.0,0.0
2020-10-12,42,2020,10,0,1,18.73458969014842,4.244908920878819,4.435639915932382,-1.3914461511970897,-0.19527754657112892,-0.42958047869170357,0.3034994063778819,-0.12125904337439969,1.7581392322576044,0.0,0.0,0.0,0.0,0.0,0.0,0.0,0.0,0.0,0.0,0.0,1.7581392322576044,-0.6645736990905066,0.04420065028177822,0.08640809784339903,0.5274021727044984,-0.8596935950464338,-0.2316907788628777,0.0,0.0,0.18295080072659917,0.05629255406972282,0.0,0.0,0.35542922323715187,0.10936283791912366,0.0,0.0,-0.32980750679393267,-0.17686878226899172,0.0,0.0,0.0,0.0,0.0,0.0,0.0,0.13327519196041776,0.0,0.0,0.4395348080644011,0.1352414794044311
2020-10-19,43,2020,10,0,1,11.796144368795975,3.0227252935209257,3.852191211915853,-0.3343047356344646,-0.11180273157062158,0.8113251034226907,-1.675795105974539,-0.5449611046582015,-0.06278259298856036,0.0,0.0,0.0,0.0,-0.0,-0.5449611046582015,0.0,0.0,0.0,0.0,0.0,0.0,-0.7727485761504698,-0.03870145166551012,-0.013329398364194524,0.4475874052744373,-0.3369387209414313,-0.22493478984449997,0.0,0.0,0.0,0.05629255406972282,0.0,0.0,0.35542922323715187,0.10936283791912366,-0.0,-0.0,-0.46604778295848304,-0.21878886724269953,0.0,0.0,0.0,0.0,0.0,0.0,0.0,0.13327519196041776,0.0,0.0,0.4395348080644011,0.1352414794044311
2020-10-26,44,2020,10,0,1,9.472139088297444,-0.7709928873884817,3.9968882939848753,-0.12238856932769032,-0.22164382615905326,-0.04032852438059187,-1.312357649224908,-1.021141505400635,0.41396002061005926,0.0,0.0,0.0,0.0,-0.0,-1.021141505400635,0.0,0.0,0.0,0.0,0.0,0.0,-0.7728276857078967,-0.10850294490703047,-0.1319532437200836,0.35450750674937787,-0.316544868626004,-0.28687422949647107,0.0,0.0,0.0,0.05629255406972282,0.0,0.0,0.35542922323715187,0.10936283791912366,-0.0,-0.0,-0.391525652514709,-0.29733821381197917,0.0,0.0,0.0,0.0,0.0,0.0,0.0,0.13327519196041776,0.0,0.0,0.4395348080644011,0.1352414794044311
2020-11-02,45,2020,11,0,1,20.22798477247408,3.710819504725436,3.8651631366794814,-0.1797323423145471,-0.4052359115953259,-2.5763396058589936,1.7902776483129497,0.9535278034360303,-0.1653840223835393,0.0,0.0,0.0,1.7902776483129497,0.0,0.0,0.0,0.0,0.0,0.0,0.0,0.0,-0.5069679496184477,-0.17218415733131606,-0.2334900039740322,0.24637020503040127,-0.5587308763771499,-0.4849852895196624,0.0,0.0,0.0,0.05629255406972282,0.0,0.0,0.4475694120782374,0.24707650317396593,0.0,0.0,-0.391525652514709,-0.29733821381197917,0.0,0.0,0.0,0.0,0.0,0.0,0.0,0.13327519196041776,0.0,0.0,0.4395348080644011,0.1352414794044311
2020-11-09,46,2020,11,0,1,13.62574760947885,0.7195397185937646,4.7103123751256195,0.1677065574286265,-0.34748663940580626,0.5482714681327511,0.7015002163826762,0.7245522159826894,1.2487310460147447,0.0,0.0,0.0,0.0,0.0,0.0,0.0,0.0,0.0,0.0,0.0,1.2487310460147447,-0.11717977246201866,-0.2044176460023791,-0.2715422771827015,0.16038502443023137,-0.31426788967103625,-0.475306167944252,0.0,0.0,0.0,0.05629255406972282,0.0,0.0,0.4475694120782374,0.24707650317396593,0.0,0.0,-0.391525652514709,-0.29733821381197917,0.0,0.0,0.0,0.0,0.0,0.0,0.0,0.13327519196041776,0.0,0.0,0.3121827615036862,0.23129771371325764
2020-11-16,47,2020,11,0,1,12.37781897829235,-0.11075122303476732,4.127953219585213,-0.4484222334124951,-0.3508639858537622,-0.9945842044576199,1.1717395922115912,0.6633251807265219,0.12486902692657616,0.0,0.0,0.0,1.1717395922115912,0.0,0.0,0.0,0.0,0.0,0.0,0.0,0.0,-0.14570914690652628,-0.25357971549081787,-0.3313075907534867,0.09087946130118571,-0.765745216641114,-0.5080407049812434,0.0,0.0,0.0,0.05629255406972282,0.0,0.0,0.7405043101311353,0.337210317959473,0.0,0.0,-0.25528537635015863,-0.29733821381197917,0.0,0.0,0.0,0.0,0.0,0.0,0.0,0.13327519196041776,0.0,0.0,0.3121827615036862,0.23129771371325764
2020-11-23,48,2020,11,0,1,9.157733827227679,-0.9697201557078727,3.70774797084208,-0.5395376651847504,-0.3233260126406859,0.23427710913787878,0.6459000777321725,0.9267799517451025,-0.5748956128526387,0.0,0.6459000777321725,0.0,0.0,0.0,0.0,0.0,0.0,0.0,0.0,0.0,0.0,-0.24999642087079132,-0.2809044025509992,-0.35672813737389486,0.02855017546265793,-0.6970938082614963,-0.47707590436415137,0.0,0.0,0.16147501943304313,0.1059771754337361,0.0,0.0,0.7405043101311353,0.337210317959473,0.0,0.0,0.0,-0.29733821381197917,0.0,0.0,0.0,0.0,0.0,0.0,0.0,0.13327519196041776,0.0,0.0,0.3121827615036862,0.23129771371325764
2020-11-30,49,2020,11,0,0,6.825512191600511,-5.201837548206146,3.254718752814853,-0.3689648929526769,-0.4615658599096386,-1.626996178336309,0.68467216259725,0.07358080780063893,-1.021874860281945,0.0,0.0,0.0,0.0,0.0,0.0,0.0,0.0,0.0,0.0,0.0,0.0,-0.2973045585303237,-0.2959578095211076,-0.37081062445247304,-0.04706485648807417,-0.4597579513808251,-0.6201734654694994,0.0,0.0,0.16147501943304313,0.1059771754337361,0.0,0.0,0.2929348980528978,0.337210317959473,0.0,0.0,0.0,-0.29733821381197917,0.0,0.0,0.0,0.0,0.0,0.0,0.0,0.07071605997695642,0.0,0.0,0.3121827615036862,0.23129771371325764
2020-12-07,50,2020,12,0,0,8.464321853877154,-2.2508485214453042,3.420761949981631,-0.7048065760941435,-0.870607266145991,-0.37524812807871255,0.9686428566590655,0.8467776919579357,-0.8420144672915848,0.0,0.0,0.0,0.0,0.0,0.0,0.0,0.0,0.0,0.0,0.0,0.0,-0.5154328419110162,-0.38023731985523185,-0.5015907811375192,-0.16884280486865272,-0.690637850433691,-0.7374769429700465,0.0,0.0,0.16147501943304313,0.1059771754337361,0.0,0.0,0.2929348980528978,0.337210317959473,0.0,0.0,0.0,-0.29733821381197917,0.0,0.0,0.0,0.0,0.0,0.0,0.0,0.0,0.0,0.0,0.0,0.23129771371325764
2020-12-14,51,2020,12,0,0,2.151200521025707,-6.597099728407134,3.4875026449652347,-0.73899580884752,-0.8174677071975751,-1.1259211086892,-0.507891328753408,-0.18890265413032756,-0.8175957830807143,0.0,0.0,0.0,0.0,0.0,0.0,0.0,0.0,0.0,0.0,0.0,0.0,-0.5880762357697725,-0.45598008174628374,-0.6182417114734724,-0.2741821191619126,-0.7234720764915861,-0.6603321884072185,0.0,0.0,0.16147501943304313,0.1059771754337361,0.0,0.0,0.0,0.337210317959473,0.0,0.0,0.0,-0.22194866440265903,0.0,0.0,0.0,0.0,0.0,0.0,0.0,0.0,0.0,0.0,0.0,0.23129771371325764
2020-12-21,52,2020,12,0,0,5.282563016369144,-7.326881333049845,5.137352406570984,-1.3220980754206704,-0.8478472574506967,-0.6587343735875922,0.17733438081854233,-0.4698023112244057,1.6938853100691198,0.0,0.0,0.0,0.0,-0.0,-0.0,0.0,0.0,0.0,0.0,0.0,0.0,-0.7837163383287524,-0.5652487623636729,-0.7493720226759752,-0.3614893892165625,-0.9467249471729537,-0.6125660330680087,0.0,0.0,0.0,0.04968462136401327,0.0,0.0,0.0,0.337210317959473,-0.0,-0.0,-0.0,-0.22194866440265903,0.0,0.0,0.0,0.0,0.0,0.0,0.0,0.0,0.0,0.0,0.0,0.23129771371325764
2020-12-28,53,2020,12,0,0,2.6368406494270142,-6.617908261788651,3.6802807179130146,-0.6804358641120095,-0.6590690922610429,0.4136647242840539,0.685199226481114,0.5023505221548543,-0.6820568790710043,0.0,0.0,0.0,0.0,0.0,0.0,0.0,0.0,0.0,0.0,0.0,0.0,-0.8615840811185856,-0.6081998187493672,-0.7987478307638263,-0.43163713133391224,-0.43655972151786304,-0.5713684439967506,0.0,0.0,0.0,0.04968462136401327,0.0,0.0,0.0,0.337210317959473,0.0,0.0,0.0,-0.12046943154298742,0.0,0.0,0.0,0.0,0.0,0.0,0.0,0.0,0.0,0.0,0.0,0.23129771371325764
2021-01-04,1,2021,1,0,0,2.7862584021815957,-4.590466309485715,2.9499019611101525,-0.6494876633829492,-0.6745262848262662,-1.4595726285322452,0.4633389020567281,0.9856901034930895,-1.5134474394281985,0.0,0.0,0.0,0.0,0.0,0.0,0.0,0.0,0.0,0.0,0.0,0.0,-0.8477543529407869,-0.5625318477271062,-0.749727585433895,-0.483593855506738,-0.7076408466312463,-0.5599820635104303,0.0,0.0,0.0,0.04968462136401327,0.0,0.0,0.0,0.22784748004034933,0.0,0.0,0.0,-0.12046943154298742,0.0,0.0,0.0,0.0,0.0,0.0,0.0,0.0,0.0,0.0,0.0,0.23129771371325764
2021-01-11,2,2021,1,0,0,4.456857098137034,-3.8326585882944504,4.480822614786426,-0.9547573981705458,-0.7249738709514046,-0.6008444175752353,0.8140659638082174,1.386751183844406,0.3563976900131645,0.0,0.0,0.0,0.0,0.0,0.0,0.0,0.0,0.0,0.0,0.0,0.0,-0.9016947502715434,-0.5289404051866028,-0.7266041263723524,-0.5243397266129131,-0.5763716738527551,-0.5731562126553174,0.0,0.0,0.0,0.04968462136401327,0.0,0.0,0.0,0.22784748004034933,0.0,0.0,0.0,-0.12046943154298742,0.0,0.0,0.0,0.0,0.0,0.0,0.0,0.0,0.0,0.0,0.0,0.09605623430882651
2021-01-18,3,2021,1,0,0,2.984999080356843,-7.656721932986111,3.995764652174753,-1.060232006279437,-1.176020011810399,-0.9868775330016275,0.5443739319561183,0.3733601472409686,-0.4389819365409665,0.0,0.0,0.0,0.0,0.0,0.0,0.0,0.0,0.0,0.0,0.0,0.0,-0.836228232986235,-0.5847809644669852,-0.8086473149622779,-0.6062025943236651,-0.6584074637062639,-0.7114794923802648,0.0,0.0,0.0,0.04968462136401327,0.0,0.0,0.0,0.22784748004034933,0.0,0.0,0.0,-0.07854934656927962,0.0,0.0,0.0,0.0,0.0,0.0,0.0,0.0,0.0,0.0,0.0,0.09605623430882651
2021-01-25,4,2021,1,0,0,0.2840682122012094,-7.917942812188076,4.369957489504266,-0.858484773388447,-1.1189531145441376,0.32365961477082267,-0.43825835428621496,0.13503459981037344,0.29983572678129555,0.0,0.0,0.0,0.0,0.0,0.0,0.0,0.0,0.0,0.0,0.0,0.0,-0.8807404603053444,-0.6414037493947358,-0.9236183205330516,-0.6752263857379024,-0.6809087410845717,-0.683480404753233,0.0,0.0,0.0,0.04968462136401327,0.0,0.0,0.0,0.22784748004034933,0.0,0.0,0.0,0.0,0.0,0.0,0.0,0.0,0.0,0.0,0.0,0.0,0.0,0.0,0.0,0.09605623430882651
2021-02-01,5,2021,2,0,0,0.2819868974718601,-9.573700931531961,4.540361305279052,-0.8168902841891633,-0.9742105441304556,-0.24432068653712755,-0.5611281779515565,-0.2557097265639219,0.6282272697077314,0.0,0.0,0.0,0.0,0.0,0.0,0.0,0.0,0.0,0.0,0.0,0.0,-0.922591115506898,-0.6904158987697062,-0.998539385359099,-0.7189936651636816,-0.37709575558579234,-0.5040943340361663,0.0,0.0,0.0,0.04968462136401327,0.0,0.0,0.0,0.09013381478550701,0.0,0.0,0.0,0.0,0.0,0.0,0.0,0.0,0.0,0.0,0.0,0.0,0.0,0.0,0.0,0.09605623430882651
2021-02-08,6,2021,2,0,0,-9.373391397913982,-16.98440228345566,3.8339576280531156,-0.7515682054626476,-1.2566462079977765,-0.583736841675212,-2.2070205028551735,-1.7708651028186018,-0.8080239164056368,0.0,0.0,0.0,0.0,0.0,0.0,-0.0,-0.0,0.0,0.0,0.0,0.0,-0.8717938173299233,-0.761129342069035,-1.131457469620692,-0.7889290165938332,-0.3728188616107865,-0.5911718963290865,0.0,0.0,0.0,0.04968462136401327,0.0,0.0,0.0,0.09013381478550701,0.0,0.0,0.0,0.0,-0.0,-0.0,-0.0,-0.0,0.0,0.0,0.0,0.0,0.0,0.0,0.0,0.0
2021-02-15,7,2021,2,0,0,-5.843013587767428,-17.34447153139316,3.3106022918107234,-0.5892371410247567,-1.1954229780265333,-0.4241179178358522,-2.118100275267075,-2.1772566090443175,-1.5340873875336882,0.0,0.0,0.0,0.0,0.0,0.0,-0.0,-0.0,0.0,0.0,0.0,0.0,-0.7540451010162533,-0.7719612580392089,-1.1363082111747256,-0.8538950929148156,-0.23212895781934265,-0.5472898742812583,0.0,0.0,0.0,0.04968462136401327,0.0,0.0,0.0,0.0,0.0,0.0,0.0,0.0,-0.0,-0.0,-0.0,-0.0,0.0,0.0,0.0,0.0,0.0,0.0,0.0,0.0
2021-02-22,8,2021,2,0,0,8.646361827986954,-2.8381753453668077,4.3334557250337244,-0.719688463737663,-1.344843427882059,-0.29625270575206797,0.818184483929688,0.9407335260267686,-0.1642189703678905,0.0,0.0,0.0,0.0,0.0,0.0,0.0,0.0,0.0,0.0,0.0,0.0,-0.7193460236035574,-0.7858190117740484,-1.192780789509206,-0.9324733556256904,-0.3871070379500653,-0.5880998600420235,0.0,0.0,0.0,0.0,0.0,0.0,0.0,0.0,0.0,0.0,0.0,0.0,0.0,0.0,0.0,0.0,0.0,0.0,0.0,0.0,0.0,0.0,0.0,0.0
2021-03-01,9,2021,3,0,0,10.850313296882037,-3.6478114021725885,3.502430125293904,-1.2298599744305705,-1.362809897617335,-1.344453295354244,0.7378674502776941,0.45520675333787336,-1.368586936688914,0.0,0.0,0.0,0.0,0.0,0.0,0.0,0.0,0.0,0.0,0.0,0.0,-0.822588446163909,-0.852041710349271,-1.2899306278809257,-1.001799820064744,-0.6621401901543444,-0.5663657921203261,0.0,0.0,0.0,0.0,0.0,0.0,0.0,0.0,0.0,0.0,0.0,0.0,0.0,0.0,0.0,0.0,0.0,0.0,0.0,0.0,0.0,0.0,0.0,0.0
2021-03-08,10,2021,3,1,0,15.391800622979163,1.5609252736979053,4.7456921000413494,-0.7742815719842452,-1.2578597190082916,0.015275584861640589,1.4435477438067035,1.0707703051896007,0.38321680537843,0.0,0.0,1.4435477438067035,0.0,0.0,0.0,0.0,0.0,0.0,0.0,0.0,0.0,-0.8282667877943084,-0.8573859408023558,-1.2902340056335546,-1.031588470284921,-0.5123870835201314,-0.5363255065095297,0.0,0.0,0.0,0.0,0.36088693595167587,0.11104213413897719,0.0,0.0,0.0,0.0,0.0,0.0,0.0,0.0,0.0,0.0,0.0,0.0,0.0,0.0,0.0,0.0,0.0,0.0
2021-03-15,11,2021,3,1,0,10.483435762453782,-0.13570909272351353,4.7903028017712685,-0.3308883752170398,-0.9372385076342244,0.6229397746237137,-0.3553384251245532,0.20075583428695545,0.779798835471317,0.0,0.0,0.0,0.0,0.0,0.0,0.0,0.0,0.779798835471317,0.0,0.0,0.0,-0.7636795963423793,-0.8259930612923188,-1.2256878880354773,-1.0408016087800478,-0.25062266040523984,-0.4017977462546902,0.0,0.0,0.0,0.0,0.36088693595167587,0.11104213413897719,0.0,0.0,0.0,0.0,0.0,0.0,0.0,0.0,0.0,0.0,0.19494970886782925,0.059984525805485925,0.0,0.0,0.0,0.0,0.0,0.0
2021-03-22,12,2021,3,1,0,14.683128019956147,3.412496200231765,4.423688579462659,0.3006401065327931,-0.6259569652032608,0.8345422785398738,0.6808171407022802,1.0349083057167943,-0.08255259306097504,0.6808171407022802,0.0,0.0,0.0,0.0,0.0,0.0,0.0,0.0,0.0,0.0,0.0,-0.5085974537747652,-0.7011670472958985,-1.0459662723657779,-1.0237331247610144,0.03207608566774561,-0.2869303114756544,0.17020428517556993,0.05237054928479075,0.0,0.0,0.36088693595167587,0.11104213413897719,0.0,0.0,0.0,0.0,0.0,0.0,0.0,0.0,0.0,0.0,0.19494970886782925,0.059984525805485925,0.0,0.0,0.0,0.0,0.0,0.0
2021-03-29,13,2021,3,1,0,15.236805660027963,-0.8156433810673979,5.076436625208175,0.12617627297133668,-0.8658461382191104,-1.6097250293841194,0.6582073846591844,-0.44651363938865046,0.9886238286579094,0.6582073846591844,0.0,0.0,0.0,0.0,0.0,0.0,0.0,0.9886238286579094,0.0,0.0,0.0,-0.16958839192428846,-0.6391199598279489,-0.9217253325162216,-1.0396390513731733,-0.03424184783972323,-0.4425756771424369,0.334756131340366,0.10300188656626647,0.0,0.0,0.36088693595167587,0.11104213413897719,0.0,0.0,0.0,0.0,0.0,0.0,0.0,0.0,0.0,0.0,0.4421056660323066,0.13603251262532512,0.0,0.0,0.0,0.0,0.0,0.0
2021-04-05,14,2021,4,1,0,20.517082099945153,7.374444153889628,4.844684937504546,0.5605474658505127,-0.5039432321274606,0.7319394402731231,1.6673821761776957,1.9098327257294263,0.1333951124496433,0.0,0.0,1.6673821761776957,0.0,0.0,0.0,0.0,0.0,0.0,0.0,0.0,0.0,0.16411886753440103,-0.5460403345022979,-0.7332462107960138,-1.0265172780886498,0.1449241160131474,-0.27399782569587017,0.334756131340366,0.10300188656626647,0.0,0.0,0.4168455440444239,0.23930230153726148,0.0,0.0,0.0,0.0,0.0,0.0,0.0,0.0,0.0,0.0,0.4421056660323066,0.13603251262532512,0.0,0.0,0.0,0.0,0.0,0.0
2021-04-12,15,2021,4,1,0,13.767123433797806,2.6013904588291954,3.850730588791532,-0.02198108887953789,-0.49192743707008574,-0.5786466345017234,-1.0062543276888525,-0.40713655885102235,-1.8130151612625434,0.0,0.0,0.0,0.0,-0.40713655885102235,-0.0,0.0,0.0,0.0,0.0,0.0,0.0,0.2413456891187765,-0.47428831071068195,-0.6219184431549791,-1.0085906293285485,-0.1554724862682119,-0.27229030392098463,0.334756131340366,0.10300188656626647,0.0,0.0,0.4168455440444239,0.23930230153726148,0.0,0.0,-0.10178413971275564,-0.03131819683469403,-0.0,-0.0,0.0,0.0,0.0,0.0,0.24715595716447736,0.13603251262532512,0.0,0.0,0.0,0.0,0.0,0.0
2021-04-19,16,2021,4,1,0,13.19517221418712,0.506698770128364,4.0414867082749195,-0.3833429412682713,-0.451517367171208,-0.4457307658775257,-1.014322490233344,-1.1388316178272122,-0.6745723288089035,0.0,0.0,0.0,0.0,-1.1388316178272122,-0.0,0.0,0.0,0.0,0.0,0.0,0.0,0.0703499271685104,-0.42221992109443846,-0.5783085436469659,-0.9528596566639952,-0.4755407473725618,-0.23066362952682293,0.16455184616479598,0.10300188656626647,0.0,0.0,0.4168455440444239,0.23930230153726148,0.0,0.0,-0.3864920441695587,-0.11892062897524881,-0.0,-0.0,0.0,0.0,0.0,0.0,0.24715595716447736,0.13603251262532512,0.0,0.0,0.0,0.0,0.0,0.0
2021-04-26,17,2021,4,1,0,22.697106187637406,8.217515177645371,4.804524745740158,-0.249117977426834,-0.5013436667408524,0.07839445734474436,2.266276039456318,1.614530708744819,0.429048477170522,0.0,0.0,2.266276039456318,0.0,0.0,0.0,0.0,0.0,0.0,0.0,0.0,0.0,-0.023473635431032265,-0.3753455521743143,-0.4871829257774015,-0.905351237602204,-0.05351087569034582,-0.24953018009805972,0.0,0.10300188656626647,0.0,0.0,0.9834145539085035,0.41363122764928595,0.0,0.0,-0.3864920441695587,-0.11892062897524881,0.0,0.0,0.0,0.0,0.0,0.0,0.0,0.13603251262532512,0.0,0.0,0.0,0.0,0.0,0.0
2021-05-03,18,2021,5,1,0,18.653421323323144,6.008406986975282,4.122801647912547,0.10804791860594838,-0.22004581355883654,0.8063039037877373,-0.49359282941571175,-0.5933247240522205,-0.005904913953613429,0.0,0.0,0.0,0.0,-0.5933247240522205,-0.0,0.0,0.0,0.0,0.0,0.0,0.0,-0.13659852224217334,-0.30419645965161346,-0.4162085711352454,-0.8473385660197716,-0.034919759811692264,-0.16871290391922397,0.0,0.10300188656626647,0.0,0.0,0.5665690098640795,0.41363122764928595,0.0,0.0,-0.5348232251826138,-0.16456099236388114,-0.0,-0.0,0.0,0.0,0.0,0.0,0.0,0.13603251262532512,0.0,0.0,0.0,0.0,0.0,0.0
2021-05-10,19,2021,5,1,0,18.64173072333723,5.298640695348923,2.974279837175455,-0.037253364860825436,-0.17636392965018044,-0.12082468654221676,-1.0751587224950778,-1.48126733299152,-1.7265709055831613,0.0,0.0,0.0,0.0,0.0,0.0,-1.48126733299152,-0.0,0.0,0.0,0.0,0.0,-0.14041659123749523,-0.2492491642207041,-0.3373176942802691,-0.7642399292238029,0.07953572717818438,-0.13310427660130125,0.0,0.10300188656626647,0.0,0.0,0.5665690098640794,0.41363122764928595,0.0,0.0,-0.43303908546985825,-0.16456099236388114,0.0,0.0,-0.37031683324788,-0.1139436409993477,-0.0,-0.0,0.0,0.13603251262532512,0.0,0.0,0.0,0.0,0.0,0.0
2021-05-17,20,2021,5,1,0,24.621497974976435,14.507367495407127,3.9958111562950522,0.3434384141840351,-0.06551417749181644,0.32843385861929597,0.6944187561407648,1.929716779571084,0.13835408985980865,0.6944187561407648,0.0,0.0,0.0,0.0,0.0,0.0,0.0,0.0,0.0,0.0,0.0,0.041278747625581355,-0.17750489074310466,-0.24081689686042124,-0.6773238676442094,0.2730768833023898,-0.07521567841244371,0.17360468903519108,0.1564187139617099,0.0,0.0,0.5665690098640794,0.41363122764928595,0.0,0.0,-0.14833118101305517,-0.16456099236388114,0.0,0.0,-0.37031683324788,-0.1139436409993477,0.0,0.0,0.0,0.13603251262532512,0.0,0.0,0.0,0.0,0.0,0.0
2021-05-24,21,2021,5,1,0,23.07075354024087,11.299148524118301,3.9745955384526344,0.5159225884883529,0.08728281025640355,0.7690572144457405,-0.3105429066995273,-0.18155583926866664,0.27620331659918107,0.0,0.0,0.0,0.0,0.0,0.0,0.0,0.0,0.0,0.0,0.0,0.0,0.2325388891043781,-0.08245788672571884,-0.09366027761110725,-0.5671603108643275,0.44574257257763883,0.006731238525849252,0.17360468903519108,0.1564187139617099,0.0,0.0,0.0,0.41363122764928595,0.0,0.0,-0.14833118101305517,-0.16456099236388114,0.0,0.0,-0.37031683324788,-0.1139436409993477,0.0,0.0,0.0,0.13603251262532512,0.0,0.0,0.0,0.0,0.0,0.0
2021-05-31,22,2021,5,1,0,26.6952503385956,13.423880519002092,3.1067418644826303,0.37939041462499806,0.21720155083681392,-0.2947810012342683,0.22737325391840024,-0.1654750274515,-0.8476990729478985,0.0,0.0,0.0,0.0,0.0,0.0,0.0,0.0,0.0,0.0,0.0,0.0,0.3003745131091405,0.041330604740094104,0.015651563487805366,-0.44562096867554685,0.17047134632213742,0.08747526115046277,0.17360468903519108,0.1564187139617099,0.0,0.0,0.0,0.41363122764928595,0.0,0.0,0.0,-0.16456099236388114,0.0,0.0,-0.37031683324788,-0.1139436409993477,0.0,0.0,0.0,0.13603251262532512,0.0,0.0,0.0,0.0,0.0,0.0
2021-06-07,23,2021,6,0,0,30.765530828606266,18.277657442420765,3.1059651215191617,0.3139228821366968,0.1868593613304185,0.18054361850619538,1.7439767534670416,2.2827744262316965,-0.9175459295718114,0.0,0.0,0.0,0.0,0.0,0.0,0.0,0.0,0.0,0.0,0.0,0.0,0.3881685748585211,0.12503863967247425,0.1064573862329551,-0.3344887317264153,0.24581342258424047,0.10018818681542853,0.17360468903519108,0.1564187139617099,0.0,0.0,0.0,0.3025890935103087,0.0,0.0,0.0,-0.16456099236388114,0.0,0.0,0.0,-0.1139436409993477,0.0,0.0,0.0,0.13603251262532512,0.0,0.0,0.0,0.0,0.0,0.0
2021-06-14,24,2021,6,0,0,30.819056928334966,16.215040169479295,3.4636593089838796,0.140935041496246,0.13630704048276382,0.09609924196990664,1.344039736472115,0.48152256920524883,-0.2729513177292286,0.0,0.0,0.0,0.0,0.0,0.0,0.0,0.0,0.0,0.0,0.0,0.0,0.3375427316865738,0.1613327486504193,0.15691269072660016,-0.25190830494818545,0.18772976842189312,0.0596619919959049,0.0,0.1564187139617099,0.0,0.0,0.0,0.3025890935103087,0.0,0.0,0.0,-0.16456099236388114,0.0,0.0,0.0,-0.1139436409993477,0.0,0.0,0.0,0.07604798681983918,0.0,0.0,0.0,0.0,0.0,0.0
2021-06-21,25,2021,6,0,0,27.417270160863275,15.630522438116982,3.8829453106933434,0.636753174671849,0.32291423214472176,1.3096714306449442,-0.7336079542973127,-1.1006468814821173,0.7369914201287485,0.0,0.0,0.0,0.0,-0.0,-0.0,0.0,0.0,0.0,0.0,0.0,0.0,0.3677503782324478,0.1871876000457313,0.21582054619867974,-0.17891821284449444,0.32288332247169405,0.09621038831167954,0.0,0.10404816467691912,0.0,0.0,0.0,0.3025890935103087,0.0,0.0,-0.0,-0.16456099236388114,-0.0,-0.0,0.0,-0.1139436409993477,0.0,0.0,0.0,0.07604798681983918,0.0,0.0,0.0,0.0,0.0,0.0
2021-06-28,26,2021,6,0,0,28.895860865799907,17.291548795329213,2.5438262077254286,0.7908655749008098,0.5512810322167246,0.618152991577236,-0.23769733724555725,0.20293774807945872,-2.2538160336182473,0.0,0.0,0.0,0.0,0.0,0.0,0.0,0.0,0.0,0.0,0.0,0.0,0.4706191683014007,0.23831754634799845,0.2993404165436574,-0.0699084305032764,0.5511168206745701,0.26758562069332226,0.0,0.05341682739544341,0.0,0.0,0.0,0.3025890935103087,0.0,0.0,0.0,-0.16456099236388114,0.0,0.0,0.0,-0.1139436409993477,0.0,0.0,0.0,0.0,0.0,0.0,0.0,0.0,0.0,0.0
2021-07-05,27,2021,7,0,0,28.648336420923847,17.468189606937568,3.1000464771107166,1.0876396000105921,0.5639403688226696,0.8794750277287675,-0.4075696180229352,-0.07353782131538981,0.4311926342435779,0.0,0.0,0.0,0.0,0.0,0.0,0.0,0.0,0.0,0.0,0.0,0.0,0.6640483477698745,0.27886309512954305,0.39361066841672016,0.012236461877502859,0.7258496729802132,0.2789345120360642,0.0,0.05341682739544341,0.0,0.0,0.0,0.17432892611202444,0.0,0.0,0.0,-0.16456099236388114,0.0,0.0,0.0,-0.1139436409993477,0.0,0.0,0.0,0.0,0.0,0.0,0.0,0.0,0.0,0.0
2021-07-12,28,2021,7,0,0,28.20632846951982,17.447423204707754,2.7627839906884932,1.50024841079986,0.8533700750939024,0.988990773051159,-1.2435872497186211,-0.38600097521210686,-0.6492606170383706,0.0,0.0,0.0,0.0,0.0,0.0,0.0,0.0,0.0,0.0,0.0,0.0,1.003876690095778,0.39595767202795823,0.5728764270695048,0.11572088589011732,0.9490725557505263,0.3995220049247475,0.0,0.05341682739544341,0.0,0.0,0.0,0.17432892611202444,0.0,0.0,0.0,-0.1332427955291871,0.0,0.0,0.0,-0.1139436409993477,0.0,0.0,0.0,0.0,0.0,0.0,0.0,0.0,0.0,0.0
2021-07-19,29,2021,7,0,0,30.065183413420687,18.08533767172385,2.6534811636371813,1.0880247621323034,0.8704992921557898,-0.29820468594841937,-0.11292495936838302,-0.140573330241593,-1.224021160861069,0.0,0.0,0.0,0.0,0.0,0.0,0.0,0.0,0.0,0.0,0.0,0.0,1.1166945869608917,0.5091398030587716,0.7097726920722718,0.21741447506911715,0.5471035266021853,0.410870164919294,0.0,0.05341682739544341,0.0,0.0,0.0,0.17432892611202444,0.0,0.0,0.0,-0.045640363388632345,0.0,0.0,0.0,-0.1139436409993477,0.0,0.0,0.0,0.0,0.0,0.0,0.0,0.0,0.0,0.0
2021-07-26,30,2021,7,0,0,30.552268576500076,18.16475192789364,2.7716367297405227,0.5621727021352064,0.826569460906553,0.21847233216895323,0.5075329652131706,0.32490321389996935,-0.236751291124334,0.0,0.0,0.0,0.0,0.0,0.0,0.0,0.0,0.0,0.0,0.0,0.0,1.0595213687694909,0.5715467784096979,0.7785947992447289,0.31956163873430216,0.44718336175011464,0.4216453860596178,0.0,0.05341682739544341,0.0,0.0,0.0,0.0,0.0,0.0,0.0,-0.045640363388632345,0.0,0.0,0.0,-0.1139436409993477,0.0,0.0,0.0,0.0,0.0,0.0,0.0,0.0,0.0,0.0
2021-08-02,31,2021,8,0,0,28.640612946233222,15.864555821541275,2.6407380389198183,0.5107991582022289,0.6622058564045705,-0.06970704716390651,-0.39804051222679054,-0.7353185534467251,-0.3947138833905438,0.0,0.0,0.0,0.0,-0.0,-0.0,0.0,0.0,0.0,0.0,0.0,0.0,0.9153112583174,0.6025276429940272,0.8031611711402041,0.3874271518084104,0.20988784302694616,0.35425992829410674,0.0,0.05341682739544341,0.0,0.0,0.0,0.0,0.0,0.0,-0.0,-0.0,-0.0,-0.0,0.0,-0.1139436409993477,0.0,0.0,0.0,0.0,0.0,0.0,0.0,0.0,0.0,0.0
2021-08-09,32,2021,8,0,0,30.50190799118679,18.01900719284395,3.2819127597692273,0.10276595843615857,0.7832467700124421,0.47327334551772565,1.1072820429340005,0.8439625548571872,1.604233341461377,0.0,0.0,0.0,0.0,0.0,0.0,0.0,0.0,0.0,0.0,0.0,0.0,0.5659406452264747,0.6132983601707183,0.7856303448698391,0.461243359474766,0.0809584861435878,0.3999597769141023,0.0,0.05341682739544341,0.0,0.0,0.0,0.0,0.0,0.0,0.0,0.0,0.0,0.0,0.0,0.0,0.0,0.0,0.0,0.0,0.0,0.0,0.0,0.0,0.0,0.0
2021-08-16,33,2021,8,0,0,29.587418310154504,17.44545832083063,2.8751687697518284,0.2398181024085473,0.7979803009199584,0.25941738950927123,0.7823651035841788,0.673692982565359,0.5570454997646312,0.0,0.0,0.0,0.0,0.0,0.0,0.0,0.0,0.0,0.0,0.0,0.0,0.3538889802955356,0.6053275669572191,0.7675005970608813,0.5276660116602871,0.22036400500801046,0.39465081775179267,0.0,0.0,0.0,0.0,0.0,0.0,0.0,0.0,0.0,0.0,0.0,0.0,0.0,0.0,0.0,0.0,0.0,0.0,0.0,0.0,0.0,0.0,0.0,0.0
2021-08-23,34,2021,8,0,0,31.148623255123045,18.90532592444529,3.0194469175828313,0.5780429709504429,0.8475131566809705,0.828255063285242,1.5310850037684942,1.75621979133893,0.1235212221004002,0.0,0.0,0.0,0.0,0.0,0.0,0.0,0.0,0.0,0.0,0.0,0.0,0.3578565474993447,0.6101060579158415,0.7727365210044856,0.5861452690775615,0.3728096877870826,0.3992044984317544,0.0,0.0,0.0,0.0,0.0,0.0,0.0,0.0,0.0,0.0,0.0,0.0,0.0,0.0,0.0,0.0,0.0,0.0,0.0,0.0,0.0,0.0,0.0,0.0
2021-08-30,35,2021,8,0,0,26.728872197380042,15.517644780886592,2.938014468051849,0.9543105109938771,1.0200103780212606,0.8639995936727373,-0.6710504964590464,-0.04667535930269094,-0.22306442753030545,0.0,0.0,0.0,0.0,0.0,0.0,0.0,0.0,0.0,0.0,0.0,0.0,0.4687343856972568,0.6543306807134476,0.8621876514086582,0.647899794245596,0.6062363479962436,0.4883414672707548,0.0,0.0,0.0,0.0,0.0,0.0,0.0,0.0,0.0,0.0,0.0,0.0,0.0,0.0,0.0,0.0,0.0,0.0,0.0,0.0,0.0,0.0,0.0,0.0
2021-09-06,36,2021,9,0,1,27.990267818091848,13.292480737301505,3.090381349638258,0.45517754356360896,0.9088428434011178,-0.9320581691188152,0.5401147559186037,-0.18154287948996117,0.14866973578887574,0.0,0.0,0.0,0.0,0.0,0.0,0.0,0.0,0.0,0.0,0.0,0.0,0.5568372819791194,0.6651964239001332,0.893586669755827,0.7034369851741112,0.2549034693371084,0.4027567143765233,0.0,0.0,0.0,0.0,0.0,0.0,0.0,0.0,0.0,0.0,0.0,0.0,0.0,0.0,0.0,0.0,0.0,0.0,0.0,0.0,0.0,0.0,0.0,0.0
2021-09-13,37,2021,9,0,1,28.074537500880435,14.394614872028473,3.2518917638279348,0.37374170129528994,0.8046498646705682,-0.21392251675396157,1.0030035939193134,0.908086088317142,0.8454689708828902,0.0,0.0,0.0,1.0030035939193134,0.0,0.0,0.0,0.0,0.0,0.0,0.0,0.0,0.590318181700805,0.6831046285000595,0.8952540606934796,0.7548479716500961,0.13656849277130015,0.3789088867823795,0.0,0.0,0.0,0.0,0.0,0.0,0.25075089847982834,0.07715412260917795,0.0,0.0,0.0,0.0,0.0,0.0,0.0,0.0,0.0,0.0,0.0,0.0,0.0,0.0,0.0,0.0
2021-09-20,38,2021,9,0,1,24.345496214865125,9.977534908834494,3.6804350515906328,0.3536229646797743,0.6593500043296427,0.5167340170923483,-0.5947289945967735,-0.9140594876310328,1.0875294972888556,0.0,0.0,0.0,0.0,-0.0,-0.9140594876310328,0.0,0.0,0.0,1.0875294972888556,0.0,0.0,0.5342131801331379,0.6613253815775922,0.8482132726056475,0.7807276464335516,0.05868823122307676,0.3179137011244875,0.0,0.0,0.0,0.0,0.0,0.0,0.25075089847982834,0.07715412260917795,-0.0,-0.0,-0.2285148719077581,-0.07031226827931022,0.0,0.0,0.0,0.0,0.0,0.0,0.2718823743222139,0.08365611517606582,0.0,0.0,0.0,0.0
2021-09-27,39,2021,9,0,1,26.927930207910382,12.901152190986338,2.6995421856821,-0.10270212830063784,0.5771348127825447,0.10642413812342703,1.4468362537117032,0.9638104379261668,-0.728135507933286,0.0,0.0,0.0,1.4468362537117032,0.0,0.0,0.0,0.0,0.0,0.0,0.0,0.0,0.26996002030950916,0.5925894044082501,0.7374943812959686,0.7827163987847686,-0.1307056326642508,0.2785499431665022,0.0,0.0,0.0,0.0,0.0,0.0,0.6124599619077542,0.18844921904853976,0.0,0.0,-0.2285148719077581,-0.07031226827931022,0.0,0.0,0.0,0.0,0.0,0.0,0.2718823743222139,0.08365611517606582,0.0,0.0,0.0,0.0
2021-10-04,40,2021,10,0,1,24.73144731432982,13.407378635771034,2.8793909059745175,0.02296766885486974,0.41492031883612485,0.04379837984602663,0.8179395618624907,1.555670164974504,-1.2381135837432093,0.0,0.8179395618624907,0.0,0.0,0.0,0.0,0.0,0.0,0.0,0.0,0.0,0.0,0.16190755163232434,0.5106915635501177,0.6140137501547204,0.7712533180165728,0.11325850457695967,0.21426712409859908,0.0,0.0,0.20448489046562268,0.0629184278355762,0.0,0.0,0.6124599619077542,0.18844921904853976,0.0,0.0,-0.2285148719077581,-0.07031226827931022,0.0,0.0,0.0,0.0,0.0,0.0,0.2718823743222139,0.08365611517606582,0.0,0.0,0.0,0.0
2021-10-11,41,2021,10,0,1,20.633678963187602,8.581590121328727,3.6126420832524597,0.46863197427984116,0.36974921510053754,0.6982964261097461,0.2478561302067927,1.0454286046078487,0.05985810085997983,0.0,0.0,0.0,0.0,0.0,0.0,0.0,0.0,0.0,0.0,0.0,0.0,0.18563011987846215,0.43133645304857776,0.5052885877622126,0.7340517134016985,0.34131324029288657,0.19190602048772115,0.0,0.0,0.20448489046562268,0.0629184278355762,0.0,0.0,0.3617090634279258,0.18844921904853976,0.0,0.0,-0.2285148719077581,-0.07031226827931022,0.0,0.0,0.0,0.0,0.0,0.0,0.2718823743222139,0.08365611517606582,0.0,0.0,0.0,0.0
2021-10-18,42,2021,10,0,1,18.235321383581322,4.832341334820426,3.424141311106082,0.07677823583017727,0.3632921320569974,-0.21944818348968528,0.1341531841369966,0.14742390269535,-0.7676644211941344,0.0,0.0,0.0,0.0,0.0,0.0,0.0,0.0,0.0,0.0,0.0,0.0,0.1164189376660629,0.353548258717645,0.4312741196940514,0.6950357780094838,0.15726769014737815,0.19796421298454686,0.0,0.0,0.20448489046562268,0.0629184278355762,0.0,0.0,0.3617090634279258,0.18844921904853976,0.0,0.0,0.0,-0.07031226827931022,0.0,0.0,0.0,0.0,0.0,0.0,0.0,0.08365611517606582,0.0,0.0,0.0,0.0
2021-10-25,43,2021,10,0,1,14.529667486344309,5.069776859855139,4.5735309107154904,0.876997848110248,0.6923862619175719,1.3957823690024382,-0.6642295957038205,0.540183287618674,1.104184083189568,0.0,0.0,0.0,0.0,0.0,0.0,0.0,0.0,0.0,1.104184083189568,0.0,0.0,0.3613439317687843,0.37776557763880203,0.4600869819778081,0.6847139934718699,0.47960724786713094,0.2885265235101996,0.0,0.0,0.20448489046562268,0.0629184278355762,0.0,0.0,0.0,0.18844921904853976,0.0,0.0,0.0,-0.07031226827931022,0.0,0.0,0.0,0.0,0.0,0.0,0.276046020797392,0.16859335234449413,0.0,0.0,0.0,0.0
2021-11-01,44,2021,11,0,1,12.218452590591928,-0.19129633484682773,2.9157172054888636,0.497859794330241,0.5442307345018892,-1.7135838379503159,-0.4774940132087152,-0.8039007875087015,-1.8769458751097057,0.0,0.0,0.0,0.0,-0.0,-0.8039007875087015,0.0,0.0,0.0,0.0,0.0,0.0,0.4800669631376272,0.3767702419563414,0.49241458589424925,0.6756389840947405,0.04026169341804536,0.16207446268047576,0.0,0.0,0.0,0.0629184278355762,0.0,0.0,0.0,0.18844921904853976,-0.0,-0.0,-0.20097519687717527,-0.13215079039536418,0.0,0.0,0.0,0.0,0.0,0.0,0.276046020797392,0.16859335234449413,0.0,0.0,0.0,0.0
2021-11-08,45,2021,11,0,1,13.142466720057874,1.758299930571949,4.55725465725743,0.20485004735766135,0.46970249377859974,0.09059807124878438,-0.1349965380158909,0.17348635312616498,1.4500872742351654,0.0,0.0,0.0,0.0,0.0,0.0,0.0,0.0,0.0,0.0,0.0,1.4500872742351654,0.4141214814070822,0.3846228641810724,0.5174029055637648,0.6515201936152143,-0.11166289529719506,0.13263790312132642,0.0,0.0,0.0,0.0629184278355762,0.0,0.0,0.0,0.18844921904853976,0.0,0.0,-0.20097519687717527,-0.13215079039536418,0.0,0.0,0.0,0.0,0.0,0.0,0.276046020797392,0.16859335234449413,0.0,0.0,0.36252181855879134,0.11154517494116657
2021-11-15,46,2021,11,0,1,10.470425474757175,-1.324643947299076,4.25270132999017,0.11710903690615221,0.2932929158118516,-1.2976906502674188,0.0037398282066475387,0.10211249280349062,0.4001957327807565,0.0,0.0,0.0,0.0,0.0,0.0,0.0,0.0,0.0,0.0,0.0,0.0,0.424204181676076,0.37518370529627276,0.49990310150247835,0.6126980870684368,-0.38122351199162846,0.012860361600042567,0.0,0.0,0.0,0.0629184278355762,0.0,0.0,0.0,0.18844921904853976,0.0,0.0,-0.20097519687717527,-0.13215079039536418,0.0,0.0,0.0,0.0,0.0,0.0,0.276046020797392,0.16859335234449413,0.0,0.0,0.36252181855879134,0.11154517494116657
2021-11-22,47,2021,11,0,1,8.800650316372266,-4.361814741979666,4.14391274115234,-1.2696909499131526,0.00021359606412953315,-1.232272495458408,-0.22797159207171827,-0.9276281090465516,0.1490355730836412,0.0,0.0,0.0,0.0,-0.0,-0.9276281090465516,0.0,0.0,0.0,0.0,0.0,0.0,-0.11246801782977417,0.23305032676830392,0.32685993503911775,0.5475211977902182,-1.03823722810684,-0.1456417583033151,0.0,0.0,0.0,0.0629184278355762,0.0,0.0,0.0,0.18844921904853976,-0.0,-0.0,-0.43288222413881317,-0.20350679878356046,0.0,0.0,0.0,0.0,0.0,0.0,0.0,0.16859335234449413,0.0,0.0,0.36252181855879134,0.11154517494116657
2021-11-29,48,2021,11,0,1,12.12631472477221,-0.22568025548871626,3.6577611460359605,-1.482331295690402,-0.32923437823936613,-1.3859123919802963,1.6805589689382316,1.2288589124541696,-0.6534650693819736,0.0,0.0,0.0,1.6805589689382316,0.0,0.0,0.0,0.0,0.0,0.0,0.0,0.0,-0.6075157903349349,0.04561634163874396,0.1084936568538039,0.4437331396163238,-0.956319366614335,-0.3187119110458561,0.0,0.0,0.0,0.0629184278355762,0.0,0.0,0.4201397422345579,0.3177229858899422,0.0,0.0,-0.23190702726163778,-0.20350679878356046,0.0,0.0,0.0,0.0,0.0,0.0,0.0,0.16859335234449413,0.0,0.0,0.36252181855879134,0.11154517494116657
2021-12-06,49,2021,12,0,0,6.837084309608534,-4.790312834954461,4.5974075708608995,-1.3872532301682818,-0.16464009635986301,0.16747314590343712,0.6883186184883414,0.21795023259858085,1.1236230637260176,0.0,0.0,0.0,0.0,0.0,0.0,0.0,0.0,0.0,0.0,0.0,0.0,-1.0055416097164207,-0.09610910249447839,-0.05009199068081179,0.3611575288654792,-0.9371005979506719,-0.2341325791210675,0.0,0.0,0.0,0.0629184278355762,0.0,0.0,0.4201397422345579,0.3177229858899422,0.0,0.0,-0.23190702726163778,-0.20350679878356046,0.0,0.0,0.0,0.0,0.0,0.0,0.0,0.16859335234449413,0.0,0.0,0.0,0.11154517494116657
2021-12-13,50,2021,12,0,0,9.45374182011285,-2.656670401771451,4.431216813788777,-1.056404047184262,-0.18918140885620252,-0.1076566483770355,1.1898094861366566,0.7543589414816058,0.8249667929255152,0.0,0.0,0.0,0.0,0.0,0.0,0.0,0.0,0.0,0.0,0.0,0.0,-1.298919880739024,-0.2061203139159824,-0.17071057184782532,0.2847089693634199,-0.6395920974780761,-0.22595828155361167,0.0,0.0,0.0,0.0629184278355762,0.0,0.0,0.4201397422345579,0.2405688632807642,0.0,0.0,-0.23190702726163778,-0.20350679878356046,0.0,0.0,0.0,0.0,0.0,0.0,0.0,0.16859335234449413,0.0,0.0,0.0,0.11154517494116657
2021-12-20,51,2021,12,0,0,7.625254918332316,-4.628174776572401,3.8573404006265193,-1.0936542829040081,-0.4493217078924996,-1.2944123547071527,1.1166458838527538,0.39930435438245543,-0.18411184854537796,0.0,0.0,0.0,0.0,0.0,0.0,0.0,0.0,0.0,0.0,0.0,0.0,-1.2549107139867381,-0.31744933296088873,-0.2830943978369826,0.19942652996171664,-0.6551270622902623,-0.3652772332304964,0.0,0.0,0.0,0.0629184278355762,0.0,0.0,0.4201397422345579,0.2405688632807642,0.0,0.0,0.0,-0.13319453050425023,0.0,0.0,0.0,0.0,0.0,0.0,0.0,0.0849372371684283,0.0,0.0,0.0,0.11154517494116657
2021-12-27,52,2021,12,0,0,3.8512487281488688,-6.50980182738534,3.948230011285689,-0.43408609866781495,-0.34831045884173745,0.4308073783994761,-0.14501741677423147,-0.28860541074977075,-0.4564848183679309,0.0,0.0,0.0,0.0,0.0,0.0,0.0,0.0,0.0,0.0,0.0,0.0,-0.9928494147310913,-0.34294040760451777,-0.2878634179875754,0.12823843214446415,-0.20094711969531914,-0.3403246762861849,0.0,0.0,0.0,0.0629184278355762,0.0,0.0,0.0,0.12927376684140243,0.0,0.0,0.0,-0.13319453050425023,0.0,0.0,0.0,0.0,0.0,0.0,0.0,0.0849372371684283,0.0,0.0,0.0,0.11154517494116657
2022-01-03,1,2022,1,0,0,-1.5036001923837905,-13.518578183097476,5.143288625540689,-0.42869407483875627,-0.4783008781756659,-0.7899551766681849,-0.561315357594171,-0.8686993138510739,1.4317345520413753,0.0,0.0,0.0,0.0,-0.0,-0.0,0.0,0.0,0.0,0.0,0.0,0.0,-0.75320962589871,-0.37768361865787364,-0.3662786134415261,0.05952910929740331,-0.44030420033822465,-0.40445956524881654,0.0,0.0,0.0,0.0,0.0,0.0,0.0,0.12927376684140243,-0.0,-0.0,-0.0,-0.13319453050425023,0.0,0.0,0.0,0.0,0.0,0.0,0.0,0.0849372371684283,0.0,0.0,0.0,0.11154517494116657
2022-01-10,2,2022,1,0,0,3.1788360432939804,-8.722022648113114,3.9931198135263695,-0.7399140914881567,-0.7840688329304124,-0.7350828479116577,0.4428919962842382,-0.010835985241341394,-0.476531149710002,0.0,0.0,0.0,0.0,0.0,0.0,0.0,0.0,0.0,0.0,0.0,0.0,-0.6740871369746837,-0.4706487006400273,-0.5150004694600786,-0.02922612516651591,-0.5971607502218802,-0.5147195094043091,0.0,0.0,0.0,0.0,0.0,0.0,0.0,0.12927376684140243,0.0,0.0,0.0,-0.13319453050425023,0.0,0.0,0.0,0.0,0.0,0.0,0.0,0.0849372371684283,0.0,0.0,0.0,0.11154517494116657
2022-01-17,3,2022,1,0,0,0.4743956092298014,-12.017215501078669,4.560520538616814,-0.8477766131036104,-0.8532595098530149,-0.98578441952085,-0.12343065719825858,-0.5662207862892951,0.5628425540419536,0.0,0.0,0.0,0.0,-0.0,-0.0,0.0,0.0,0.0,0.0,0.0,0.0,-0.6126177195245842,-0.5417683044041648,-0.6159849199502074,-0.12280702069805532,-0.5200037664253045,-0.5736684506374756,0.0,0.0,0.0,0.0,0.0,0.0,0.0,0.12927376684140243,-0.0,-0.0,-0.0,-0.13319453050425023,0.0,0.0,0.0,0.0,0.0,0.0,0.0,0.0849372371684283,0.0,0.0,0.0,0.11154517494116657
2022-01-24,4,2022,1,0,0,0.01309647056268781,-13.935532089032014,3.8649126947160823,-1.336007653896379,-1.6702188895892807,-1.2782465211913094,-0.5218825086608867,-1.1650479801580444,-0.4588883556460983,0.0,0.0,0.0,0.0,-0.0,-0.0,0.0,0.0,0.0,0.0,0.0,0.0,-0.8380981083317253,-0.7119994968662129,-0.9464620276370932,-0.3045458785062748,-0.9472672413230009,-0.7793629806523794,0.0,0.0,0.0,0.0,0.0,0.0,0.0,0.12927376684140243,-0.0,-0.0,-0.0,-0.13319453050425023,0.0,0.0,0.0,0.0,0.0,0.0,0.0,0.0,0.0,0.0,0.0,0.11154517494116657
2022-01-31,5,2022,1,0,0,0.6593183106070553,-11.898081101518247,4.655420778760118,-1.2469926811749972,-1.4224412000894386,-0.26432215347936494,-0.4637812137441043,-0.7772946481835282,0.8270519732912683,0.0,0.0,0.0,0.0,-0.0,-0.0,0.0,0.0,0.0,0.0,0.0,0.0,-1.0426727599157855,-0.8462189180589236,-1.1824971081155364,-0.4558283350133,-0.815858985525796,-0.6678813126161524,0.0,0.0,0.0,0.0,0.0,0.0,0.0,0.12927376684140243,-0.0,-0.0,-0.0,-0.07135600838819628,0.0,0.0,0.0,0.0,0.0,0.0,0.0,0.0,0.0,0.0,0.0,0.11154517494116657
2022-02-07,6,2022,2,0,0,5.2044258606905816,-8.263242324390717,4.5420684147556,-1.2896988129865201,-1.6748491175144753,-1.0872660518901205,0.6478236292527569,0.21741295966567775,1.1703833298310913,0.0,0.0,0.0,0.0,0.0,0.0,0.0,0.0,0.0,0.0,0.0,0.0,-1.1801189402903765,-0.9611842150084761,-1.4051921792615523,-0.6207938435743057,-0.9039047865204116,-0.758486245165299,0.0,0.0,0.0,0.0,0.0,0.0,0.0,0.12927376684140243,0.0,0.0,0.0,-0.07135600838819628,0.0,0.0,0.0,0.0,0.0,0.0,0.0,0.0,0.0,0.0,0.0,0.0
2022-02-14,7,2022,2,0,0,5.111440447404105,-9.453268620047812,5.318907623391424,-1.1526548968381287,-1.4622457173230434,-0.1277037472103771,0.19479231286903778,-0.43172531000075776,1.7723037919944384,0.0,0.0,0.0,0.0,0.0,0.0,0.0,0.0,0.0,0.0,0.0,0.0,-1.256338511224006,-1.0588583637580362,-1.5574387311290594,-0.7558352768923746,-0.6893846184427934,-0.6684872526224495,0.0,0.0,0.0,0.0,0.0,0.0,0.0,0.12927376684140243,0.0,0.0,0.0,-0.07135600838819628,0.0,0.0,0.0,0.0,0.0,0.0,0.0,0.0,0.0,0.0,0.0,0.0
2022-02-21,8,2022,2,0,0,2.1272378175709012,-9.882408747991784,4.459617692028226,-0.7774650750689592,-1.2871564721757631,-0.045732872478288035,-0.5034138240148783,-0.6637392943347543,0.12178220701308001,0.0,0.0,0.0,0.0,-0.0,-0.0,0.0,0.0,0.0,0.0,0.0,0.0,-1.116702866517151,-1.0209948349238673,-1.46167312677568,-0.8548637436800587,-0.3812562062645381,-0.5772149739316711,0.0,0.0,0.0,0.0,0.0,0.0,0.0,0.12927376684140243,-0.0,-0.0,-0.0,-0.0,0.0,0.0,0.0,0.0,0.0,0.0,0.0,0.0,0.0,0.0,0.0,0.0
2022-02-28,9,2022,2,0,0,12.383682335344947,-2.513334004465386,4.229215676609407,-0.8615043862775252,-1.177797979900672,-0.5784415837065001,1.0285223275143036,0.7209678071822385,-0.11047822575520842,0.0,0.0,0.0,0.0,0.0,0.0,0.0,0.0,0.0,0.0,0.0,0.0,-1.020330792792783,-0.9732389188151847,-1.4005123217284883,-0.9201378668847746,-0.4597860638213219,-0.5151018348336868,0.0,0.0,0.0,0.0,0.0,0.0,0.0,0.0,0.0,0.0,0.0,0.0,0.0,0.0,0.0,0.0,0.0,0.0,0.0,0.0,0.0,0.0,0.0,0.0
2022-03-07,10,2022,3,1,0,3.781048090182659,-7.787434790143009,4.515836580161366,-0.4727894839984914,-1.21457972492012,-0.03629112315886461,-0.9638464985586548,-1.018301075087896,-0.11639599024542743,0.0,0.0,0.0,0.0,-1.018301075087896,-0.0,0.0,0.0,0.0,0.0,0.0,0.0,-0.8161034605457758,-0.9028955537252007,-1.2854449735798994,-1.000902453697102,-0.19704233163850793,-0.5307760093769407,0.0,0.0,0.0,0.0,0.0,0.0,0.0,0.0,-0.25457526877197406,-0.07833085192983816,-0.0,-0.0,0.0,0.0,0.0,0.0,0.0,0.0,0.0,0.0,0.0,0.0,0.0,0.0
2022-03-14,11,2022,3,1,0,15.38319687123518,0.5780949751857681,3.8208920572697203,-0.5069739893771287,-1.173894465921171,-0.053326351718962314,0.7123590492619932,0.4093045404890419,-1.0949476919700996,0.7123590492619932,0.0,0.0,0.0,0.0,0.0,0.0,0.0,0.0,0.0,0.0,0.0,-0.6546832336805258,-0.860631703124652,-1.2133571607294313,-1.0766496119328688,-0.1784479827656542,-0.5265967557878581,0.1780897623154982,0.05479684994323021,0.0,0.0,0.0,0.0,0.0,0.0,-0.25457526877197406,-0.07833085192983816,0.0,0.0,0.0,0.0,0.0,0.0,0.0,0.0,0.0,0.0,0.0,0.0,0.0,0.0
2022-03-21,12,2022,3,1,0,11.993927693123512,0.818318812398114,5.436768794439106,-0.2746484022476249,-0.8441619125277596,0.5093167663512868,-0.003970255382680206,0.29209016095280677,1.5295574249414494,0.0,0.0,0.0,0.0,0.0,0.0,0.0,0.0,0.0,0.0,1.5295574249414494,0.0,-0.5289790654751922,-0.7976312507664686,-1.1026085208174305,-1.1070219353663502,-0.03968557305826051,-0.38784836186028593,0.1780897623154982,0.05479684994323021,0.0,0.0,0.0,0.0,0.0,0.0,-0.25457526877197406,-0.07833085192983816,0.0,0.0,0.0,0.0,0.0,0.0,0.0,0.0,0.0,0.0,0.38238935623536235,0.11765826345703458,0.0,0.0
2022-03-28,13,2022,3,1,0,10.733333792918645,-1.4464090717910352,4.804198189047446,0.15587489634136256,-0.9033294719435916,0.2585340801214912,-0.6081967407404951,-0.6614906534490458,0.4738325539253189,0.0,0.0,0.0,0.0,-0.6614906534490458,-0.0,0.0,0.0,0.0,0.0,0.0,0.0,-0.2746342448204703,-0.7522496357657626,-1.0339913938281604,-1.1497157056049543,0.16955834289873734,-0.40110015403551547,0.1780897623154982,0.05479684994323021,0.0,0.0,0.0,0.0,0.0,0.0,-0.41994793213423554,-0.12921474834899552,-0.0,-0.0,0.0,0.0,0.0,0.0,0.0,0.0,0.0,0.0,0.38238935623536235,0.11765826345703458,0.0,0.0
2022-04-04,14,2022,4,1,0,12.698620932308742,1.238867008446011,5.561487256786122,0.06814440806137569,-0.7555193893687703,0.16908065384423296,-0.6188138990047525,-0.17718512427030825,1.3860454576652903,0.0,0.0,0.0,0.0,0.0,0.0,0.0,0.0,0.0,0.0,1.3860454576652903,0.0,-0.1394007718055035,-0.714031290927291,-0.9192263099403228,-1.1710402064659624,0.2209012871495117,-0.3273281670730218,0.1780897623154982,0.05479684994323021,0.0,0.0,0.0,0.0,0.0,0.0,-0.1653726633622615,-0.12921474834899552,0.0,0.0,0.0,0.0,0.0,0.0,0.0,0.0,0.0,0.0,0.7289007206516849,0.22427714481590305,0.0,0.0
2022-04-11,15,2022,4,1,0,15.080381507601466,1.4087827867268947,5.454690792020595,0.32296713718971914,-0.6062562339859147,0.25490810460481156,-0.5977869803366098,-0.9417387050248817,1.706069775808187,0.0,0.0,0.0,0.0,-0.9417387050248817,-0.0,0.0,0.0,0.0,0.0,1.706069775808187,0.0,0.06808450983620846,-0.6322711964136083,-0.7773167519565088,-1.1573623142394625,0.2979599012304552,-0.25117501687944727,0.0,0.05479684994323021,0.0,0.0,0.0,0.0,0.0,0.0,-0.4008073396184819,-0.20165618719706335,-0.0,-0.0,0.0,0.0,0.0,0.0,0.0,0.0,0.0,0.0,1.1554181646037316,0.3555132814165328,0.0,0.0
2022-04-18,16,2022,4,1,0,16.484521307934074,4.320077776963794,5.7914923371253515,0.13624364281293047,-0.3486113772451801,0.49018548501354997,-0.0007177926928503185,0.1937397827123739,2.090435820850753,0.0,0.0,0.0,0.0,0.0,0.0,0.0,0.0,0.0,0.0,2.090435820850753,0.0,0.1708075211013473,-0.5565773305738744,-0.653429118135864,-1.1185432271157831,0.293177080896021,-0.13763887037680111,0.0,0.05479684994323021,0.0,0.0,0.0,0.0,0.0,0.0,-0.4008073396184819,-0.20165618719706335,0.0,0.0,0.0,0.0,0.0,0.0,0.0,0.0,0.0,0.0,1.2956377635810576,0.5163160368665908,0.0,0.0
2022-04-25,17,2022,4,1,0,17.106064787340642,4.7767005875028,5.206949226059278,0.3197115582858703,-0.07081541374869807,0.5407581462556232,-0.6558604995176632,-0.382265106413495,1.269766898532427,0.0,0.0,0.0,0.0,0.0,0.0,0.0,0.0,0.0,0.0,1.269766898532427,0.0,0.21176668658747422,-0.4292143142521629,-0.4453006035871406,-0.9955121905126613,0.36373309742955395,0.0022845655806552367,0.0,0.05479684994323021,0.0,0.0,0.0,0.0,0.0,0.0,-0.23543467625622047,-0.20165618719706335,0.0,0.0,0.0,0.0,0.0,0.0,0.0,0.0,0.0,0.0,1.6130794882141644,0.6139904136767774,0.0,0.0
2022-05-02,18,2022,5,1,0,17.558001573226566,7.266292327331369,4.1467037160377265,0.6091034042808263,0.10326132606232491,0.8448624161197492,-0.9648839812001173,0.058463886774200224,0.042111263186535526,0.0,0.0,0.0,0.0,0.0,0.0,0.0,0.0,0.0,0.0,0.0,0.0,0.3470064356423369,-0.2864376922940226,-0.23060542472936676,-0.8781504577317565,0.5326785379984331,0.08760645554981787,0.0,0.05479684994323021,0.0,0.0,0.0,0.0,0.0,0.0,-0.23543467625622047,-0.20165618719706335,0.0,0.0,0.0,0.0,0.0,0.0,0.0,0.0,0.0,0.0,1.266568123797842,0.6139904136767774,0.0,0.0
2022-05-09,19,2022,5,1,0,27.757342416272554,13.792027350142245,4.214564338852949,0.4745112799724354,0.20414933291710063,-0.17250747104628888,2.0758362377392277,1.8511135298696504,0.6455843495955923,0.0,0.0,2.0758362377392277,0.0,0.0,0.0,0.0,0.0,0.0,0.0,0.0,0.0,0.38489247133801596,-0.15072922360487218,-0.028004033003612934,-0.7336121153908659,0.42582464408565796,0.1579725002301126,0.0,0.05479684994323021,0.0,0.0,0.5189590594348069,0.1596797105953252,0.0,0.0,0.0,-0.20165618719706335,0.0,0.0,0.0,0.0,0.0,0.0,0.0,0.0,0.0,0.0,0.840050679845795,0.6139904136767774,0.0,0.0
2022-05-16,20,2022,5,1,0,24.213351409925735,10.965410291737403,4.073828352355178,0.5776322744058824,0.25222486622502377,0.42559511202317624,0.5384505366198562,0.32336821937959176,0.27819367020721186,0.0,0.0,0.0,0.0,0.0,0.0,0.0,0.0,0.0,0.0,0.0,0.0,0.4952396292362539,-0.01763021043225593,0.12220502786393803,-0.6017297628102454,0.40967705083806455,0.20053395094038595,0.0,0.05479684994323021,0.0,0.0,0.5189590594348069,0.1596797105953252,0.0,0.0,0.0,-0.20165618719706335,0.0,0.0,0.0,0.0,0.0,0.0,0.0,0.0,0.0,0.0,0.31744172463310677,0.6139904136767774,0.0,0.0
2022-05-23,21,2022,5,1,0,21.994036404871025,10.718058700083445,4.2423887389140384,0.8518071920706948,0.4019173998192341,0.8691445114719094,-0.6905397086258597,-0.47403718427047326,0.8817581855079498,0.0,0.0,0.0,0.0,0.0,0.0,0.0,0.0,0.8817581855079498,0.0,0.0,0.0,0.6282635376824601,0.10769842550156361,0.24038823125592107,-0.4718010034260149,0.4917736421421361,0.27090913432117036,0.0,0.05479684994323021,0.0,0.0,0.5189590594348069,0.1596797105953252,0.0,0.0,0.0,-0.20165618719706335,0.0,0.0,0.0,0.0,0.0,0.0,0.22043954637698746,0.06782755273138076,0.0,0.0,0.0,0.6139904136767774,0.0,0.0
2022-05-30,22,2022,5,1,0,26.24955919444045,13.351993800341349,3.7784410433315854,0.3869896094823146,0.38369765504324543,0.1506102516741503,0.013818078701495356,-0.21016323190784492,0.6139580523415826,0.0,0.0,0.0,0.0,0.0,0.0,0.0,0.0,0.6139580523415826,0.0,0.0,0.0,0.5727350889828322,0.20373642517539745,0.31049731350115123,-0.35168595458417506,0.31821060103073634,0.32699004473506654,0.0,0.05479684994323021,0.0,0.0,0.5189590594348069,0.1596797105953252,0.0,0.0,0.0,-0.20165618719706335,0.0,0.0,0.0,0.0,0.0,0.0,0.3739290594623831,0.1150550952191948,0.0,0.0,0.0,0.6139904136767774,0.0,0.0
2022-06-06,23,2022,6,0,0,26.27501764519933,14.430942170653307,2.8848289492702164,0.6687870541161957,0.5944670136716366,0.7607572813619208,-0.396875803625669,0.008555234558113958,-1.4835083432741314,0.0,0.0,0.0,0.0,0.0,0.0,0.0,0.0,0.0,0.0,0.0,0.0,0.6213040325187722,0.29155000503037337,0.4080767336897852,-0.21252851315403992,0.5515267891327887,0.3883014604674347,0.0,0.05479684994323021,0.0,0.0,0.0,0.1596797105953252,0.0,0.0,0.0,-0.1233253352672252,0.0,0.0,0.0,0.0,0.0,0.0,0.3739290594623831,0.1150550952191948,0.0,0.0,0.0,0.6139904136767774,0.0,0.0
2022-06-13,24,2022,6,0,0,31.154676789904705,18.13572750162522,4.485460101502663,0.6271062600897499,0.5993365192687561,0.09286382459851004,1.4952247864701658,1.502386567075542,1.7909622045009554,0.0,0.0,0.0,0.0,0.0,0.0,0.0,0.0,0.0,0.0,0.0,0.0,0.6336725289397391,0.37878694729705636,0.4948546469507183,-0.0761261296778917,0.4683439672766222,0.3995468586457018,0.0,0.0,0.0,0.0,0.0,0.1596797105953252,0.0,0.0,0.0,-0.1233253352672252,0.0,0.0,0.0,0.0,0.0,0.0,0.3739290594623831,0.1150550952191948,0.0,0.0,0.0,0.6139904136767774,0.0,0.0
2022-06-20,25,2022,6,0,0,30.997912331276666,16.906844570687174,3.7370474427841223,0.16951510261763267,0.520085007494956,0.09927783989065843,1.4101486099850054,0.04966960122509474,0.31206893988345913,0.0,0.0,0.0,0.0,0.0,0.0,0.0,0.0,0.0,0.0,0.0,0.0,0.46309950657647353,0.41295337074822996,0.5243965488696488,0.028815941093086418,0.27587729938130945,0.368005402764115,0.0,0.0,0.0,0.0,0.0,0.1596797105953252,0.0,0.0,0.0,-0.1233253352672252,0.0,0.0,0.0,0.0,0.0,0.0,0.15348951308539566,0.1150550952191948,0.0,0.0,0.0,0.49633215021974286,0.0,0.0
2022-06-27,26,2022,6,0,0,29.37789095447269,15.48184336571128,3.199271294129328,0.05484467101183538,0.4216348927180502,-0.21903442256142908,0.08958492192242452,-1.1229395410575813,-0.24068212152906496,0.0,0.0,0.0,0.0,-0.0,-0.0,0.0,0.0,0.0,0.0,0.0,0.0,0.38006327195885375,0.40518181495365097,0.53388085828835,0.13073627683628963,0.18346613082241459,0.331269364096198,0.0,0.0,0.0,0.0,0.0,0.1596797105953252,0.0,0.0,-0.0,-0.07244143884806782,-0.0,-0.0,0.0,0.0,0.0,0.0,0.0,0.1150550952191948,0.0,0.0,0.0,0.49633215021974286,0.0,0.0
2022-07-04,27,2022,7,0,0,30.500961583462832,19.096130229834284,3.174102617884931,0.315265764175023,0.6334449760276455,1.1105679027710955,0.49247782422492303,0.9527395651634782,0.6588975465925502,0.0,0.0,0.0,0.0,0.0,0.0,0.0,0.0,0.0,0.0,0.0,0.0,0.29168294947356055,0.4241911500393162,0.5436253488773521,0.23757968955909087,0.27091878617470827,0.40369146016749513,0.0,0.0,0.0,0.0,0.0,0.1596797105953252,0.0,0.0,0.0,-0.07244143884806782,0.0,0.0,0.0,0.0,0.0,0.0,0.0,0.1150550952191948,0.0,0.0,0.0,0.38971326886087443,0.0,0.0
2022-07-11,28,2022,7,0,0,30.280376355239586,17.896513160159493,3.0174879206992213,0.27890136335005317,0.5723545287153465,0.23718322708451178,0.3250479977738125,0.09509969711841743,0.21403244949599332,0.0,0.0,0.0,0.0,0.0,0.0,0.0,0.0,0.0,0.0,0.0,0.0,0.20463172528863638,0.42080147512857263,0.5368798512389998,0.3282420559207263,0.3069986367962087,0.40232800805054897,0.0,0.0,0.0,0.0,0.0,0.1596797105953252,0.0,0.0,0.0,0.0,0.0,0.0,0.0,0.0,0.0,0.0,0.0,0.1150550952191948,0.0,0.0,0.0,0.2584771322602446,0.0,0.0
2022-07-18,29,2022,7,0,0,32.080620781047614,19.21188623051305,3.704746946981592,0.5646192421150016,0.56204784200917,0.2993929679936373,0.8048409227466725,0.4014499907326714,1.9974974995850234,0.0,0.0,0.0,0.0,0.0,0.0,0.0,0.0,0.0,0.0,0.0,0.0,0.3034077601629786,0.453753444305655,0.5473705598675533,0.39829276509413786,0.35702741882195344,0.3876516605874788,0.0,0.0,0.0,0.0,0.0,0.1596797105953252,0.0,0.0,0.0,0.0,0.0,0.0,0.0,0.0,0.0,0.0,0.0,0.1150550952191948,0.0,0.0,0.0,0.0976743768101867,0.0,0.0
2022-07-25,30,2022,7,0,0,28.310066873736915,16.657257462818162,2.8067152659322807,0.692714161466512,0.5870936734240008,0.34843260153695743,-0.7922176566177309,-0.6003058439748589,-0.1155912579002217,0.0,0.0,0.0,0.0,-0.0,-0.0,0.0,0.0,0.0,0.0,0.0,0.0,0.46287513277664777,0.48244595224262743,0.588735255044041,0.44890115641511474,0.4988941748465501,0.37285738791681217,0.0,0.0,0.0,0.0,0.0,0.1596797105953252,0.0,0.0,-0.0,-0.0,-0.0,-0.0,0.0,0.0,0.0,0.0,0.0,0.1150550952191948,0.0,0.0,0.0,0.0,0.0,0.0
2022-08-01,31,2022,8,0,0,31.306407472722256,19.159187601765076,3.735981843104598,0.4105025598052999,0.5070026091326606,0.5299569240691834,1.0412491586957444,1.0959885519233203,2.9332676420419475,0.0,0.0,0.0,0.0,0.0,0.0,0.0,0.0,0.0,0.0,0.0,0.0,0.486684331684217,0.4671689642060485,0.5571246633202948,0.4799581781897559,0.353741430171072,0.3486338885283071,0.0,0.0,0.0,0.0,0.0,0.1596797105953252,0.0,0.0,0.0,0.0,0.0,0.0,0.0,0.0,0.0,0.0,0.0,0.1150550952191948,0.0,0.0,0.0,0.0,0.0,0.0
2022-08-08,32,2022,8,0,0,28.96227592292647,16.603506936253872,2.914834295169191,0.462319084811981,0.568729432668159,0.22666039004545485,0.030171695321346986,-0.1481248018141897,0.44428567116294465,0.0,0.0,0.0,0.0,0.0,0.0,0.0,0.0,0.0,0.0,0.0,0.0,0.532538762049699,0.4662311030398597,0.5562183893084979,0.5080028012475296,0.3511107209113078,0.37933910861228737,0.0,0.0,0.0,0.0,0.0,0.0,0.0,0.0,0.0,0.0,0.0,0.0,0.0,0.0,0.0,0.0,0.0,0.1150550952191948,0.0,0.0,0.0,0.0,0.0,0.0
2022-08-15,33,2022,8,0,0,27.546776683430974,15.841470598719265,2.566428769796691,0.5447851280552756,0.5708850645074172,0.5164115481054679,-0.8458103417835848,-0.41378991111330093,-0.6275226748638641,0.0,0.0,0.0,0.0,-0.0,-0.0,0.0,0.0,0.0,0.0,0.0,0.0,0.5275802335347675,0.46370439947442843,0.5584276949330597,0.5325151241923292,0.4053653659392654,0.38632498831092527,0.0,0.0,0.0,0.0,0.0,0.0,0.0,0.0,-0.0,-0.0,-0.0,-0.0,0.0,0.0,0.0,0.0,0.0,0.1150550952191948,0.0,0.0,0.0,0.0,0.0,0.0
2022-08-22,34,2022,8,0,0,28.86151842056799,16.240786170045677,2.5710105522581244,0.2745302178283812,0.41277719619583747,0.0991681558905826,0.11087730844925181,0.034533959706326924,-1.223644009292022,0.0,0.0,0.0,0.0,0.0,0.0,0.0,0.0,0.0,0.0,0.0,0.0,0.4230342476252348,0.4192984783788658,0.5148485756260188,0.5333504931443754,0.3430492545276717,0.3270960378815924,0.0,0.0,0.0,0.0,0.0,0.0,0.0,0.0,0.0,0.0,0.0,0.0,0.0,0.0,0.0,0.0,0.0,0.04722754248781405,0.0,0.0,0.0,0.0,0.0,0.0
2022-08-29,35,2022,8,0,0,29.421391845709824,15.87473549886897,2.903301322290725,0.3060391934961599,0.4288752890809468,0.13767271127797312,0.5002842457027549,0.13196551187350575,-0.32273937314298046,0.0,0.0,0.0,0.0,0.0,0.0,0.0,0.0,0.0,0.0,0.0,0.0,0.3969184060479497,0.4130715233030078,0.49531674561309036,0.5368256957626603,0.2449782013298692,0.32610084246650184,0.0,0.0,0.0,0.0,0.0,0.0,0.0,0.0,0.0,0.0,0.0,0.0,0.0,0.0,0.0,0.0,0.0,0.0,0.0,0.0,0.0,0.0,0.0,0.0
2022-09-05,36,2022,9,0,1,27.122396076003874,14.452155788880205,2.732050450023679,0.17702187265790342,0.3497856528449373,0.2792172301694239,0.10365224671474518,0.3025580667399152,-0.7845023846996091,0.0,0.0,0.0,0.0,0.0,0.0,0.0,0.0,0.0,0.0,0.0,0.0,0.32559410300943037,0.3752434324216007,0.44058080065728494,0.518004052622145,0.2581174113608614,0.28905930006707903,0.0,0.0,0.0,0.0,0.0,0.0,0.0,0.0,0.0,0.0,0.0,0.0,0.0,0.0,0.0,0.0,0.0,0.0,0.0,0.0,0.0,0.0,0.0,0.0
2022-09-12,37,2022,9,0,1,26.654281984335046,12.987764276131912,2.9037486733199334,0.25035747427174637,0.38742948500673335,0.19253558928351946,0.36842362606754747,0.13056106677501866,-0.1534647944055644,0.0,0.0,0.0,0.0,0.0,0.0,0.0,0.0,0.0,0.0,0.0,0.0,0.25198718956354804,0.34626275658944655,0.394716905782114,0.5017035115250663,0.17714842165537434,0.29672635888900284,0.0,0.0,0.0,0.0,0.0,0.0,0.0,0.0,0.0,0.0,0.0,0.0,0.0,0.0,0.0,0.0,0.0,0.0,0.0,0.0,0.0,0.0,0.0,0.0
2022-09-19,38,2022,9,0,1,25.632477454383086,12.365909790936412,3.5632562433518564,0.06013300981334751,0.3403564905642889,-0.13491167751023186,-0.06407745429036206,-0.014674838732259471,0.8205850648833368,0.0,0.0,0.0,0.0,0.0,0.0,0.0,0.0,0.0,0.8205850648833368,0.0,0.0,0.19838788755978962,0.3378487494506554,0.3766117293742268,0.487878240991938,0.11862846330517071,0.2787117806273959,0.0,0.0,0.0,0.0,0.0,0.0,0.0,0.0,0.0,0.0,0.0,0.0,0.0,0.0,0.0,0.0,0.0,0.0,0.2051462662208342,0.06312192806794899,0.0,0.0,0.0,0.0
2022-09-26,39,2022,9,0,1,21.680976407632592,6.614060181113511,3.418446699464919,-0.35872207051718175,0.25747875079972116,-1.4151267072749523,-1.1824418606590033,-1.6935470860266093,1.0970076196051373,0.0,0.0,0.0,0.0,0.0,0.0,-0.0,-1.6935470860266093,0.0,0.0,0.0,1.0970076196051373,0.032197571556454224,0.30603592317919254,0.3337625948039204,0.47525084545975893,-0.26957139133306063,0.18670468180327868,0.0,0.0,0.0,0.0,0.0,0.0,0.0,0.0,0.0,0.0,0.0,0.0,-0.0,-0.0,-0.4233867715066523,-0.13027285277127765,0.0,0.0,0.2051462662208342,0.06312192806794899,0.0,0.0,0.2742519049012843,0.08438520150808748
2022-10-03,40,2022,10,0,1,20.746025020445153,5.230612630524413,2.7198600206153367,-0.7032673320548664,-0.11357669357980475,-1.2036143003994308,-0.5592348079062203,-1.463882908032941,-1.5641431306286806,0.0,0.0,0.0,0.0,0.0,0.0,-0.0,-1.463882908032941,0.0,0.0,0.0,0.0,-0.18787472962173823,0.22768722346920103,0.2179220081977349,0.4177876401053396,-0.6402792739752743,0.008690666174776677,0.0,0.0,0.0,0.0,0.0,0.0,0.0,0.0,0.0,0.0,0.0,0.0,-0.0,-0.0,-0.7893574985148876,-0.2428792303122731,0.0,0.0,0.2051462662208342,0.06312192806794899,0.0,0.0,0.2742519049012843,0.08438520150808748
2022-10-10,41,2022,10,0,1,19.466103779061854,4.235134070363495,4.180190108261342,-1.0952089146846322,-0.24553110274605414,-0.3069469116232149,-0.15807158702372778,-1.2002239482043453,1.3030864577818673,0.0,0.0,0.0,0.0,-0.0,-1.2002239482043453,0.0,0.0,0.0,1.3030864577818673,0.0,0.0,-0.524266326860833,0.12198643285114831,0.05968186125953805,0.3548733607621549,-0.7651498992019579,-0.0331654983412023,0.0,0.0,0.0,0.0,0.0,0.0,0.0,0.0,-0.0,-0.0,-0.3000559870510862,-0.09232491909264194,0.0,0.0,-0.7893574985148876,-0.2428792303122731,0.0,0.0,0.5309178806663011,0.1633593478973234,0.0,0.0,0.2742519049012843,0.08438520150808748
2022-10-17,42,2022,10,0,1,16.9421546489406,1.4547906409390472,4.440331934984043,-1.6819865459916883,-0.4362827427375116,-1.7547309728889597,-0.30447450033340906,-1.397418107031039,1.769855628905315,0.0,0.0,0.0,0.0,0.0,0.0,-0.0,-1.397418107031039,0.0,0.0,0.0,1.769855628905315,-0.9597962158120918,-0.050829397003212436,-0.1344779470659121,0.2780787003970256,-1.17010472304664,-0.19117503225524823,0.0,0.0,0.0,0.0,0.0,0.0,0.0,0.0,0.0,0.0,-0.3000559870510862,-0.09232491909264194,-0.0,-0.0,-1.1387120252726473,-0.3503729308531222,0.0,0.0,0.3257716144454668,0.1633593478973234,0.0,0.0,0.716715812127613,0.2205279421931117
2022-10-24,43,2022,10,0,1,17.609150564253373,3.792724407734247,3.295325490353597,-1.010207297303466,-0.4579075871160591,0.2737284220702709,0.47536159746268297,-0.13678368764127785,-0.9636670739764065,0.0,0.47536159746268297,0.0,0.0,0.0,0.0,0.0,0.0,0.0,0.0,0.0,0.0,-1.1226675225086629,-0.18182335537013383,-0.3133245315448572,0.1976939880477902,-0.747890940710334,-0.1969215075988395,0.0,0.0,0.11884039936567074,0.03656627672789869,0.0,0.0,0.0,0.0,0.0,0.0,-0.3000559870510862,-0.09232491909264194,0.0,0.0,-0.7153252537659949,-0.3503729308531222,0.0,0.0,0.3257716144454668,0.1633593478973234,0.0,0.0,0.4424639072263287,0.2205279421931117
2022-10-31,44,2022,10,0,1,19.074239933594672,5.130885361116267,4.218366290164214,-0.5558447962020118,-0.5686217713170004,0.30654291553334323,1.6066262243938323,1.1905816142117267,0.8832523024867942,0.0,1.6066262243938323,0.0,0.0,0.0,0.0,0.0,0.0,0.0,0.8832523024867942,0.0,0.0,-1.0858118885454493,-0.25615776737069623,-0.42708580097915605,0.114953651090124,-0.37035163672714055,-0.21410720056313487,0.0,0.0,0.5204969554641288,0.1601529093735781,0.0,0.0,0.0,0.0,0.0,0.0,-0.3000559870510862,-0.09232491909264194,0.0,0.0,-0.34935452675775974,-0.3503729308531222,0.0,0.0,0.5465846900671654,0.23130183270399987,0.0,0.0,0.4424639072263287,0.2205279421931117
2022-11-07,45,2022,11,0,1,12.381494207634779,0.8507243893406279,4.666539477303364,-0.4032396147283283,-0.5740835146832655,-0.27761290386964627,-0.34176769064521567,-0.1890946682470883,1.7051785225615677,0.0,0.0,0.0,0.0,-0.0,-0.1890946682470883,0.0,0.0,0.0,0.0,0.0,1.7051785225615677,-0.9128195635563732,-0.3227392057968739,-0.509223903963459,0.027044962832322102,-0.3630181347887484,-0.2528974539412196,0.0,0.0,0.5204969554641288,0.1601529093735781,0.0,0.0,0.0,0.0,-0.0,-0.0,-0.04727366706177196,-0.10687066280395642,0.0,0.0,-0.34935452675775974,-0.3503729308531222,0.0,0.0,0.22081307562169855,0.23130183270399987,0.0,0.0,0.8687585378667206,0.35169552085169387
2022-11-14,46,2022,11,0,1,1.8384548680667296,-6.6920791931830275,4.580373551992067,-0.33985795362290594,-0.8081350902267004,-0.6417236228480573,-1.9051135008939881,-1.532234246373231,1.0077891344045269,0.0,0.0,0.0,0.0,-0.0,-1.532234246373231,0.0,0.0,0.0,1.0077891344045269,0.0,0.0,-0.5772874154641776,-0.3907886736182725,-0.6021869908357561,-0.07903351060876386,-0.0847662972785228,-0.34198477478379846,0.0,0.0,0.5204969554641288,0.1601529093735781,0.0,0.0,0.0,0.0,-0.0,-0.0,-0.4303322286550797,-0.22473483560189725,0.0,0.0,0.0,-0.3503729308531222,0.0,0.0,0.4727603592228303,0.3088240738120404,0.0,0.0,0.4262946306403919,0.35169552085169387
2022-11-21,47,2022,11,0,1,10.842360274557553,-3.5176348185573443,3.2382599498556317,-0.6078418423185669,-0.9302412483452667,-0.7074563628177534,0.5709295874998921,-0.6116952088807914,-1.222340122051738,0.0,0.0,0.0,0.0,-0.0,-0.6116952088807914,0.0,0.0,0.0,0.0,0.0,0.0,-0.4766960517179529,-0.45866344747572996,-0.720270406143058,-0.18234262172731033,-0.33006249350052885,-0.40403281468443975,0.0,0.0,0.4016565560984581,0.1601529093735781,0.0,0.0,0.0,0.0,-0.0,-0.0,-0.5832560308752776,-0.27178831320811203,0.0,0.0,0.0,-0.3503729308531222,0.0,0.0,0.4727603592228303,0.3088240738120404,0.0,0.0,0.4262946306403919,0.35169552085169387
2022-11-28,48,2022,11,0,1,6.987585223874404,-6.027657685571848,5.0625706612628845,-0.6205596687351659,-1.072965467663174,-0.6156140997272418,-0.11047599056198638,-1.1267342642299456,1.5546191721501172,0.0,0.0,0.0,0.0,0.0,0.0,-0.0,-1.1267342642299456,0.0,0.0,0.0,1.5546191721501172,-0.49287476985124146,-0.5299402830319859,-0.8463563302296013,-0.2978688337845504,-0.5606017473156751,-0.4619779539925331,0.0,0.0,0.0,0.1601529093735781,0.0,0.0,0.0,0.0,0.0,0.0,-0.5832560308752776,-0.27178831320811203,-0.0,-0.0,-0.2816835660574864,-0.43704479733234886,0.0,0.0,0.2519472836011317,0.3088240738120404,0.0,0.0,0.8149494236779212,0.4712816110170875
2022-12-05,49,2022,12,0,0,6.123834794205142,-2.619144913451863,2.8183859189853417,-1.0449014621395485,-1.2501828285203187,-0.1743416261751901,0.4635686725011311,0.9796305251145012,-1.7190961200225794,0.0,0.0,0.0,0.0,0.0,0.0,0.0,0.0,0.0,0.0,0.0,0.0,-0.6532902317040464,-0.623934385708713,-1.0153811586888646,-0.4209433323511086,-0.5347839278920611,-0.4968670967882727,0.0,0.0,0.0,0.1601529093735781,0.0,0.0,0.0,0.0,0.0,0.0,-0.5359823638135055,-0.27178831320811203,0.0,0.0,-0.2816835660574864,-0.43704479733234886,0.0,0.0,0.2519472836011317,0.3088240738120404,0.0,0.0,0.3886547930375293,0.4712816110170875
2022-12-12,50,2022,12,0,0,2.913970050198983,-3.7749144908299535,5.497056325681181,-0.39873266387414613,-1.0282058539208898,0.6937404310020573,-0.27203617016981807,0.49969864234920797,2.5833179636341996,0.0,0.0,0.0,0.0,0.0,0.0,0.0,0.0,0.0,0.0,0.0,0.0,-0.6680089092668565,-0.67386439633532,-1.070398849612412,-0.5298383584224642,-0.20091791442953244,-0.458312878194539,0.0,0.0,0.0,0.1601529093735781,0.0,0.0,0.0,0.0,0.0,0.0,-0.15292380222019775,-0.27178831320811203,0.0,0.0,-0.2816835660574864,-0.43704479733234886,0.0,0.0,0.0,0.3088240738120404,0.0,0.0,0.3886547930375293,0.4712816110170875
2022-12-19,51,2022,12,0,0,-5.852488616158794,-16.000627601357067,5.332542384683467,-0.25738969140031664,-1.0656770327511993,-0.5263473945457627,-2.883149208522638,-2.9981620900779555,2.3427171265650104,0.0,0.0,0.0,0.0,0.0,0.0,-0.0,-0.0,0.0,0.0,0.0,0.0,-0.5803958715372939,-0.6982892195056019,-1.1042577957138953,-0.6379947832928863,-0.15564067236153478,-0.4884233179665029,0.0,0.0,0.0,0.1601529093735781,0.0,0.0,0.0,0.0,0.0,0.0,0.0,-0.27178831320811203,-0.0,-0.0,-0.2816835660574864,-0.43704479733234886,0.0,0.0,0.0,0.2457021457440914,0.0,0.0,0.3886547930375293,0.4712816110170875
2022-12-26,52,2022,12,0,0,4.321092181077245,-6.4328271962704004,4.023718303088184,-0.5321959309866452,-1.050014725974713,-0.7735741522900248,-0.03920216509601349,-0.2715353894403238,-0.3199742552985354,0.0,0.0,0.0,0.0,0.0,0.0,0.0,0.0,0.0,0.0,0.0,0.0,-0.5583049371001637,-0.7116333626186375,-1.0985201102917799,-0.7385712045832276,-0.19513068550223053,-0.4390731214292008,0.0,0.0,0.0,0.1601529093735781,0.0,0.0,0.0,0.0,0.0,0.0,0.0,-0.27178831320811203,0.0,0.0,0.0,-0.30677194456107115,0.0,0.0,0.0,0.2457021457440914,0.0,0.0,0.0,0.38689640950899995
2023-01-02,1,2023,1,0,0,5.096566182720855,-3.3904783996653998,3.3587667467593407,-0.1186778671068549,-0.7995820674543774,0.37518139789988275,1.0151675127790352,1.2349303585898863,-0.9644420026906246,0.0,0.0,0.0,0.0,0.0,0.0,0.0,0.0,0.0,0.0,0.0,0.0,-0.32674903834199037,-0.6666649422380213,-0.9858699200252946,-0.7913408487274254,-0.05774992948346232,-0.31762729848309973,0.0,0.0,0.0,0.1601529093735781,0.0,0.0,0.0,0.0,0.0,0.0,0.0,-0.27178831320811203,0.0,0.0,0.0,-0.19416556702007573,0.0,0.0,0.0,0.2457021457440914,0.0,0.0,0.0,0.38689640950899995
2023-01-09,2,2023,1,0,0,5.054172795444098,-4.552208174934031,3.8946429359555004,-0.8933463549484736,-0.8529326122474413,-1.1773654090363412,0.9875435731117994,1.181073460217148,-0.6447160179591526,0.0,0.0,0.0,0.0,0.0,0.0,0.0,0.0,0.0,0.0,0.0,0.0,-0.45040246111057225,-0.6511370530275475,-0.9420516096069325,-0.8380640417659936,-0.525526389493062,-0.3845825675148787,0.0,0.0,0.0,0.1601529093735781,0.0,0.0,0.0,0.0,0.0,0.0,0.0,-0.17946339411547005,0.0,0.0,0.0,-0.19416556702007573,0.0,0.0,0.0,0.145464725914717,0.0,0.0,0.0,0.38689640950899995
2023-01-16,3,2023,1,0,0,4.855088561998036,-2.5580365541047985,4.0097834793267895,-0.3990016060557031,-0.5853539198988712,0.4780818668716358,1.0418058650875943,1.4720035675916625,-0.414113839178338,0.0,0.0,0.0,0.0,0.0,0.0,0.0,0.0,0.0,0.0,0.0,0.0,-0.4858054397744188,-0.5524459038017026,-0.8219708313938505,-0.8495310553937905,-0.2744190741387123,-0.21282773368714059,0.0,0.0,0.0,0.1601529093735781,0.0,0.0,0.0,0.0,0.0,0.0,0.0,-0.17946339411547005,0.0,0.0,0.0,-0.08667186647922659,0.0,0.0,0.0,0.145464725914717,0.0,0.0,0.0,0.25075366882397576
2023-01-23,4,2023,1,0,0,1.690347798966111,-7.911538930535669,4.446897708392756,-0.1900382453965413,-0.6690255510799151,-0.08881311869835547,-0.004268667588716345,0.13641813972934244,0.41542229965631267,0.0,0.0,0.0,0.0,0.0,0.0,0.0,0.0,0.0,0.0,0.0,0.0,-0.4002660183768929,-0.48935597673193904,-0.726723537670151,-0.8657708987756256,-0.10322881574079497,-0.24071554451549648,0.0,0.0,0.0,0.1235866326456794,0.0,0.0,0.0,0.0,0.0,0.0,0.0,-0.17946339411547005,0.0,0.0,0.0,-0.08667186647922659,0.0,0.0,0.0,0.145464725914717,0.0,0.0,0.0,0.25075366882397576
2023-01-30,5,2023,1,0,0,-1.4767524899347906,-13.027291360717337,3.8446426478245685,-0.759756144282681,-0.9175812920464116,-1.5921030712190198,-1.014861777212663,-1.0306865210542588,-0.5739862609207237,0.0,0.0,0.0,0.0,-0.0,-0.0,0.0,0.0,0.0,0.0,0.0,0.0,-0.5605355876708494,-0.5050414650458367,-0.7562233438181595,-0.8926139388317341,-0.5950499330205206,-0.38676523580413974,0.0,0.0,0.0,0.0,0.0,0.0,0.0,0.0,-0.0,-0.0,-0.0,-0.17946339411547005,0.0,0.0,0.0,-0.08667186647922659,0.0,0.0,0.0,0.07752224110804053,0.0,0.0,0.0,0.25075366882397576
2023-02-06,6,2023,2,0,0,8.130055467472602,-4.377664901254995,4.087217094405017,-0.5098177340904847,-0.8892428991062536,-0.16817738753317735,1.220763759278943,1.1032593822478947,-0.1004363851636266,0.0,0.0,0.0,0.0,0.0,0.0,0.0,0.0,0.0,0.0,0.0,0.0,-0.46465343245635227,-0.5132397819198488,-0.7653009155328626,-0.9168569684027331,-0.34275292764472964,-0.378347119162873,0.0,0.0,0.0,0.0,0.0,0.0,0.0,0.0,0.0,0.0,0.0,-0.16491765040415554,0.0,0.0,0.0,-0.08667186647922659,0.0,0.0,0.0,0.07752224110804053,0.0,0.0,0.0,0.11958609016539364
2023-02-13,7,2023,2,0,0,7.704979666298276,-4.800780380005426,5.024934987129849,-0.6710146167973408,-0.7573411602542185,0.12628706945897536,0.7423848827187978,0.597403446750668,1.2883193518431653,0.0,0.0,0.0,0.0,0.0,0.0,0.0,0.0,0.0,0.0,0.0,0.0,-0.5326566851417617,-0.5387133713948052,-0.8082977256216994,-0.9129497430202347,-0.43070162699789477,-0.3192693736007935,0.0,0.0,0.0,0.0,0.0,0.0,0.0,0.0,0.0,0.0,0.0,-0.04705347760621473,0.0,0.0,0.0,-0.08667186647922659,0.0,0.0,0.0,0.0,0.0,0.0,0.0,0.11958609016539364
2023-02-20,8,2023,2,0,0,5.855286016428918,-6.167035319775593,4.417891622187929,-0.5424556609197674,-0.6698730969298535,0.0903442300218763,0.25235983264119466,0.1825154139270267,0.027191853152111728,0.0,0.0,0.0,0.0,0.0,0.0,0.0,0.0,0.0,0.0,0.0,0.0,-0.6207610390225682,-0.5336836651333592,-0.808509612084184,-0.8929214236805875,-0.3859122898178368,-0.2579000972285143,0.0,0.0,0.0,0.0,0.0,0.0,0.0,0.0,0.0,0.0,0.0,0.0,0.0,0.0,0.0,-0.08667186647922659,0.0,0.0,0.0,0.0,0.0,0.0,0.0,0.11958609016539364
2023-02-27,9,2023,2,0,0,10.387847359535021,-1.5514978855830597,4.194167044951072,0.08360307151304315,-0.36940774337898835,0.755145939861881,0.6502055914074676,0.9462861617800034,-0.1711494770147361,0.0,0.0,0.0,0.0,0.0,0.0,0.0,0.0,0.0,0.0,0.0,0.0,-0.4099212350736371,-0.4795173004988815,-0.6714662249173282,-0.8388015987356502,0.2008999629523884,-0.15245701726012023,0.0,0.0,0.0,0.0,0.0,0.0,0.0,0.0,0.0,0.0,0.0,0.0,0.0,0.0,0.0,0.0,0.0,0.0,0.0,0.0,0.0,0.0,0.0,0.0
2023-03-06,10,2023,3,1,0,7.311450235353188,-1.1816882770694237,4.620461838913283,0.11719710072608161,-0.348494581797347,0.016958823321873064,-0.23184658955096524,0.4578804039725082,0.11101694308420579,0.0,0.0,0.0,0.0,0.0,0.0,0.0,0.0,0.0,0.0,0.0,0.0,-0.25316752636949547,-0.39012510335537154,-0.5362791455901016,-0.7694409643723445,0.247184015666151,-0.13774159806803846,0.0,0.0,0.0,0.0,0.0,0.0,0.0,0.0,0.0,0.0,0.0,0.0,0.0,0.0,0.0,0.0,0.0,0.0,0.0,0.0,0.0,0.0,0.0,0.0
2023-03-13,11,2023,3,1,0,5.3705077228123645,-6.1876347053940295,5.577748823199521,-0.052128031923766485,-0.5705636755083079,-0.23807463882333502,-1.469486693467987,-1.5674062052632456,2.302643205201549,0.0,0.0,0.0,0.0,0.0,0.0,-1.5674062052632456,-0.0,0.0,0.0,2.302643205201549,0.0,-0.09844588015110195,-0.36346320858995773,-0.4895847744036239,-0.734237719879069,0.1560935885955734,-0.20941968036229938,0.0,0.0,0.0,0.0,0.0,0.0,0.0,0.0,0.0,0.0,0.0,0.0,-0.3918515513158114,-0.12056970809717274,-0.0,-0.0,0.0,0.0,0.0,0.0,0.5756608013003872,0.17712640040011915,0.0,0.0
2023-03-20,12,2023,3,1,0,10.564885155078898,-1.6212707349618285,4.284148175058188,0.1529623185131778,-0.35895594693947924,0.42455616074652175,-0.3678666556463255,-0.4064632186481306,-0.30460261489640017,0.0,0.0,0.0,0.0,-0.4064632186481306,-0.0,0.0,0.0,0.0,0.0,0.0,0.0,0.07540861470713435,-0.33189766936584275,-0.41185548690603035,-0.6798745594320136,0.23964657127673478,-0.13627325303212368,0.0,0.0,0.0,0.0,0.0,0.0,0.0,0.0,-0.10161580466203271,-0.03126640143447158,-0.0,-0.0,-0.3918515513158114,-0.12056970809717274,0.0,0.0,0.0,0.0,0.0,0.0,0.5756608013003872,0.17712640040011915,0.0,0.0
2023-03-27,13,2023,3,1,0,11.939036765833826,-1.9491079751453084,4.7390820385059405,0.04775966753566879,-0.20948112414751047,0.19813411081439966,-0.269145612197189,-0.83282005643315,0.3507006897562572,0.0,0.0,0.0,0.0,-0.83282005643315,-0.0,0.0,0.0,0.0,0.0,0.0,0.0,0.06644776371279076,-0.28728570024874167,-0.3718738320981609,-0.6152181285222288,0.10039361401486444,-0.06152646356255254,0.0,0.0,0.0,0.0,0.0,0.0,0.0,0.0,-0.3098208187703202,-0.09532948269856006,-0.0,-0.0,-0.3918515513158114,-0.12056970809717274,0.0,0.0,0.0,0.0,0.0,0.0,0.5756608013003872,0.17712640040011915,0.0,0.0
2023-04-03,14,2023,4,1,0,15.820256114151666,1.5723084051498266,4.852554027023711,-0.019198486329394887,-0.2691158132940019,-0.025134891373340622,0.2939833826933568,-0.0637649634030471,0.14714676675873403,0.0,0.0,0.0,0.0,0.0,0.0,0.0,0.0,0.0,0.0,0.0,0.0,0.03234886694892163,-0.27963344018893704,-0.3520291399723246,-0.5744130320483538,0.08987018534106102,-0.09232002427587742,0.0,0.0,0.0,0.0,0.0,0.0,0.0,0.0,-0.3098208187703202,-0.09532948269856006,0.0,0.0,-0.3918515513158114,-0.12056970809717274,0.0,0.0,0.0,0.0,0.0,0.0,0.5756608013003872,0.17712640040011915,0.0,0.0
2023-04-10,15,2023,4,1,0,23.062769438783462,6.742641987160826,4.7523315025494925,-0.11788313485055338,-0.23606802082427525,-0.34262550008771653,1.8850036370039527,1.4492341544022433,0.1650951362793798,0.0,0.0,1.8850036370039527,0.0,0.0,0.0,0.0,0.0,0.0,0.0,0.0,0.0,0.015910091217224913,-0.2199824232583278,-0.26840522630131647,-0.5269619096311872,0.06373247002496563,-0.02810926204906013,0.0,0.0,0.0,0.0,0.47125090925098817,0.14500027976953483,0.0,0.0,-0.3098208187703202,-0.09532948269856006,0.0,0.0,0.0,-0.12056970809717274,0.0,0.0,0.0,0.0,0.0,0.0,0.0,0.17712640040011915,0.0,0.0
2023-04-17,16,2023,4,1,0,15.530178711380016,2.5370468178778514,5.026432896137391,0.054847176420935985,-0.2670356019938168,0.40481846004332384,-0.29479607728996743,-0.4293338897695954,0.8816422293150715,0.0,0.0,0.0,0.0,0.0,0.0,0.0,0.0,0.8816422293150715,0.0,0.0,0.0,-0.008618694305835539,-0.1850709784524325,-0.24542514006490085,-0.5024758851769522,0.05879804484916616,-0.033744908728161056,0.0,0.0,0.0,0.0,0.47125090925098817,0.14500027976953483,0.0,0.0,-0.20820501410828757,-0.09532948269856006,0.0,0.0,0.0,-0.12056970809717274,0.0,0.0,0.22041055732876788,0.06781863302423627,0.0,0.0,0.0,0.17712640040011915,0.0,0.0
2023-04-24,17,2023,4,1,0,15.912034772310422,2.805845010905867,4.034099929284224,-0.08542874949783497,-0.254224593923996,-0.11257630197909055,-1.2799157489326043,-1.5260047833215489,-1.1804717362996904,0.0,0.0,0.0,0.0,0.0,0.0,-1.5260047833215489,-0.0,0.0,0.0,0.0,0.0,-0.04191579856421148,-0.177024094152532,-0.2566110075090222,-0.47056811924188147,-0.01887955834920639,-0.03557284590360221,0.0,0.0,0.0,0.0,0.47125090925098817,0.14500027976953483,0.0,0.0,0.0,-0.09532948269856006,0.0,0.0,-0.3815011958303872,-0.23795469142959957,-0.0,-0.0,0.22041055732876788,0.06781863302423627,0.0,0.0,0.0,0.17712640040011915,0.0,0.0
2023-05-01,18,2023,5,1,0,19.818571924856276,6.221286459149614,4.361491109350033,-0.2984671628655964,-0.10172179136912236,0.11759450379713719,0.0076991812043528726,-0.48301863255846694,0.4735914794900765,0.0,0.0,0.0,0.0,0.0,0.0,0.0,0.0,0.0,0.0,0.0,0.0,-0.11173296769826185,-0.1415403263512178,-0.21476250202780234,-0.4078096961128593,0.01680279044341306,0.09594235217456372,0.0,0.0,0.0,0.0,0.47125090925098817,0.14500027976953483,0.0,0.0,0.0,-0.09532948269856006,0.0,0.0,-0.3815011958303872,-0.23795469142959957,0.0,0.0,0.22041055732876788,0.06781863302423627,0.0,0.0,0.0,0.17712640040011915,0.0,0.0
2023-05-08,19,2023,5,1,0,24.662855552493234,12.770599556730748,3.6472611778054875,0.4226954662982833,0.1175177343785111,0.9016483732033455,1.0061644657574547,1.4503562619030461,-0.43943378369410246,0.0,0.0,1.0061644657574547,0.0,0.0,0.0,0.0,0.0,0.0,0.0,0.0,0.0,0.02341168258894731,-0.06980854170592797,-0.12636606322710575,-0.3303665704601851,0.32787125876617856,0.17823664146198853,0.0,0.0,0.0,0.0,0.25154111643936367,0.2223975463662621,0.0,0.0,0.0,-0.09532948269856006,0.0,0.0,-0.3815011958303872,-0.23795469142959957,0.0,0.0,0.22041055732876788,0.06781863302423627,0.0,0.0,0.0,0.17712640040011915,0.0,0.0
2023-05-15,20,2023,5,1,0,22.870837196734012,9.459120196016418,3.106223580534259,0.20800766486359568,0.11227092092896318,0.013131060950587555,0.025425144657985153,-0.35976451976959956,-1.456160447432485,0.0,0.0,0.0,0.0,0.0,0.0,0.0,0.0,0.0,0.0,0.0,0.0,0.06170180469961224,-0.002191443116625169,-0.03153943249641074,-0.26347333344609414,0.22994940899299451,0.16953233311518948,0.0,0.0,0.0,0.0,0.25154111643936367,0.2223975463662621,0.0,0.0,0.0,-0.09532948269856006,0.0,0.0,-0.3815011958303872,-0.23795469142959957,0.0,0.0,0.0,0.06781863302423627,0.0,0.0,0.0,0.17712640040011915,0.0,0.0
2023-05-22,21,2023,5,1,0,25.87083745437428,10.55471857692645,3.3619419884337742,0.025271992662518276,-0.11297696526749228,-1.6536132791695657,0.677667364636574,-0.5562515630768256,-1.109176668885673,0.677667364636574,0.0,0.0,0.0,-0.5562515630768256,-0.0,0.0,0.0,0.0,0.0,0.0,0.0,0.08937699023970055,0.04147991485124296,0.0037724746677151866,-0.22063516947206635,-0.15530983530462428,0.035381755485078555,0.16941684115914338,0.052128258818197964,0.0,0.0,0.25154111643936367,0.2223975463662621,0.0,0.0,-0.13906289076920644,-0.13811806447370048,-0.0,-0.0,0.0,-0.23795469142959957,0.0,0.0,0.0,0.06781863302423627,0.0,0.0,0.0,0.17712640040011915,0.0,0.0
2023-05-29,22,2023,5,1,0,29.532468340417285,14.963232294875239,2.8786566099103763,-0.10204727468693851,-0.27154640161161747,-0.24613386027328332,1.5868406686370284,0.7914592737941006,-1.344026071724784,0.0,0.0,1.5868406686370284,0.0,0.0,0.0,0.0,0.0,0.0,0.0,0.0,0.0,0.13848196228436502,0.027199118989705902,-0.038683677892908594,-0.21310737395149934,-0.2462419263222294,-0.041639767602241785,0.16941684115914338,0.052128258818197964,0.0,0.0,0.6482512835986207,0.34446221318449505,0.0,0.0,-0.13906289076920644,-0.13811806447370048,0.0,0.0,0.0,-0.23795469142959957,0.0,0.0,0.0,0.06781863302423627,0.0,0.0,0.0,0.17712640040011915,0.0,0.0
2023-06-05,23,2023,6,0,0,27.508459002534916,13.016608789219278,2.6696950312185677,-0.6465656713213609,-0.302943365738587,-0.20488004362096535,0.19116747250438068,-0.8276137803645754,-2.0341089541623343,0.0,0.0,0.0,0.0,-0.0,-0.0,0.0,0.0,0.0,0.0,0.0,0.0,-0.12883332212054605,-0.03155186347548199,-0.14379895292218312,-0.20960343425467165,-0.522874030528307,-0.058704295828613966,0.16941684115914338,0.052128258818197964,0.0,0.0,0.3967101671592571,0.34446221318449505,0.0,0.0,-0.13906289076920644,-0.13811806447370048,-0.0,-0.0,0.0,-0.23795469142959957,0.0,0.0,0.0,0.06781863302423627,0.0,0.0,0.0,0.17712640040011915,0.0,0.0
2023-06-12,24,2023,6,0,0,25.97986641918469,12.43768069452478,2.8958041396926473,-0.7207259859473317,-0.19078291509185957,0.16352619212097771,-0.8358469235548652,-1.5261807307831565,-1.4199498042732097,0.0,0.0,0.0,0.0,0.0,0.0,-0.0,-0.0,0.0,0.0,0.0,0.0,-0.3610167348232779,-0.08298247532344855,-0.2195624119273888,-0.18038952960725257,-0.48527524773570957,-0.02781192421751299,0.16941684115914338,0.052128258818197964,0.0,0.0,0.3967101671592571,0.34446221318449505,0.0,0.0,-0.13906289076920644,-0.13811806447370048,0.0,0.0,-0.0,-0.11738498333242683,-0.0,-0.0,0.0,0.06781863302423627,0.0,0.0,0.0,0.0,0.0,0.0
2023-06-19,25,2023,6,0,0,29.411922433710544,16.62827931528543,3.515934953880469,-0.30206219356811664,-0.3063193487534469,0.3819554240199621,0.46060489911476127,-0.20139413622877914,-0.3319135154092351,0.0,0.0,0.0,0.0,0.0,0.0,0.0,0.0,0.0,0.0,0.0,0.0,-0.4428502813809366,-0.11798436086816351,-0.26789800779887746,-0.1763405605160193,0.02361692806167237,-0.031088903965709888,0.0,0.052128258818197964,0.0,0.0,0.3967101671592571,0.34446221318449505,0.0,0.0,0.0,-0.1068516630392289,0.0,0.0,0.0,-0.11738498333242683,0.0,0.0,0.0,0.06781863302423627,0.0,0.0,0.0,0.0,0.0,0.0
2023-06-26,26,2023,6,0,0,28.892541378669193,17.05531816744348,3.0488237755734224,0.2709274341007394,-0.13653410096592045,0.8084990902711493,-0.23995115764587785,0.029863821579497497,-0.7027666010333088,0.0,0.0,0.0,0.0,0.0,0.0,0.0,0.0,0.0,0.0,0.0,0.0,-0.3496066041840171,-0.10081760959392728,-0.23414493263745317,-0.1707292510405124,0.28727516569778055,0.015862248300193928,0.0,0.052128258818197964,0.0,0.0,0.0,0.34446221318449505,0.0,0.0,0.0,-0.04278858177514043,0.0,0.0,0.0,-0.11738498333242683,0.0,0.0,0.0,0.06781863302423627,0.0,0.0,0.0,0.0,0.0,0.0
2023-07-03,27,2023,7,0,0,28.212675608883554,16.213557381374116,2.6704812271128033,0.6645989483669279,0.0023781976500616064,0.7115149872280913,-0.6192235496941992,-0.8644761782391827,-0.8896177209322184,0.0,0.0,0.0,0.0,-0.0,-0.0,0.0,0.0,0.0,0.0,0.0,0.0,-0.021815449261944952,-0.04821780692497939,-0.15781454179029106,-0.1498450963525075,0.5163739234100446,0.07252762357722715,0.0,0.052128258818197964,0.0,0.0,0.0,0.34446221318449505,0.0,0.0,-0.0,-0.04278858177514043,-0.0,-0.0,0.0,-0.11738498333242683,0.0,0.0,0.0,0.06781863302423627,0.0,0.0,0.0,0.0,0.0,0.0
2023-07-10,28,2023,7,0,0,29.23609786231023,16.753637776880165,2.9497493447335414,0.8012826373330902,0.1747400439924612,0.686132569399604,-0.4647563570271811,-1.1292387869890885,-0.015560564501158796,0.0,0.0,0.0,0.0,-0.0,-0.0,0.0,0.0,0.0,0.0,0.0,0.0,0.35868670655816054,0.022487252473762428,-0.06643380201921086,-0.11824447598198931,0.6470255177297013,0.15166285969163645,0.0,0.052128258818197964,0.0,0.0,0.0,0.1994619334149602,0.0,0.0,-0.0,-0.04278858177514043,-0.0,-0.0,0.0,-0.11738498333242683,0.0,0.0,0.0,0.06781863302423627,0.0,0.0,0.0,0.0,0.0,0.0
2023-07-17,29,2023,7,0,0,28.49772114168812,16.068530045364255,2.4884992813755105,0.8384942126424907,0.16794003194575707,0.1606497735336476,-0.8266972738077751,-1.1109325383529254,-1.7295947472576958,0.0,0.0,0.0,0.0,-0.0,-0.0,0.0,0.0,0.0,0.0,0.0,0.0,0.6438258081108124,0.08276779372157433,0.05213104315559014,-0.08478481183279132,0.5916991051081226,0.13288065303704594,0.0,0.052128258818197964,0.0,0.0,0.0,0.1994619334149602,0.0,0.0,-0.0,-0.04278858177514043,-0.0,-0.0,0.0,-0.11738498333242683,0.0,0.0,0.0,0.0,0.0,0.0,0.0,0.0,0.0,0.0
2023-07-24,30,2023,7,0,0,32.13773046340287,18.963573143495815,2.8940841409086455,0.7721740952949034,0.24614406317481216,0.4256809449161626,1.4265872460352762,0.8151714314092844,0.18617777080220282,0.0,0.0,0.0,0.0,0.0,0.0,0.0,0.0,0.0,0.0,0.0,0.0,0.7691374734093535,0.14873724332101573,0.1478005841907733,-0.046294915132883,0.495994568769376,0.17428505664437313,0.0,0.052128258818197964,0.0,0.0,0.0,0.1994619334149602,0.0,0.0,0.0,-0.04278858177514043,0.0,0.0,0.0,0.0,0.0,0.0,0.0,0.0,0.0,0.0,0.0,0.0,0.0,0.0
2023-07-31,31,2023,7,0,0,29.25702406171665,17.779923679441445,2.7110286902869096,0.683915791692861,0.295336275569511,0.6183405459520475,-0.0652338601231092,0.3293305489581924,-0.18113039789946297,0.0,0.0,0.0,0.0,0.0,0.0,0.0,0.0,0.0,0.0,0.0,0.0,0.7739666842408367,0.22430516290243555,0.22104010367063562,-0.015751986906834284,0.47270095845036497,0.2128039829639816,0.0,0.052128258818197964,0.0,0.0,0.0,0.1994619334149602,0.0,0.0,0.0,-0.04278858177514043,0.0,0.0,0.0,0.0,0.0,0.0,0.0,0.0,0.0,0.0,0.0,0.0,0.0,0.0
2023-08-07,32,2023,8,0,0,28.30232158502366,16.786121551498322,2.7431233126220187,0.7309100751141566,0.34282082093684235,0.834966328695294,-0.431525395146624,-0.020134962120439078,-0.09831154817343388,0.0,0.0,0.0,0.0,0.0,0.0,0.0,0.0,0.0,0.0,0.0,0.0,0.7563735436861032,0.24801397896519506,0.2630602979067309,0.0015790197514988864,0.5099093982742875,0.2076745949249007,0.0,0.052128258818197964,0.0,0.0,0.0,0.12206466681823296,0.0,0.0,0.0,-0.04278858177514043,0.0,0.0,0.0,0.0,0.0,0.0,0.0,0.0,0.0,0.0,0.0,0.0,0.0,0.0
2023-08-14,33,2023,8,0,0,27.997750325237764,15.075310163513075,3.363517619434273,0.6493258099906518,0.42534991160727265,0.18483397961720802,-0.48599007717551984,-0.9332367594990147,2.430733734312527,0.0,0.0,0.0,0.0,-0.0,-0.0,0.0,0.0,0.0,0.0,0.0,0.0,0.7090814430231435,0.28196152859035317,0.3274127678221098,0.025662019034445767,0.5159554497951776,0.22088251174540996,0.0,0.052128258818197964,0.0,0.0,0.0,0.12206466681823296,0.0,0.0,-0.0,-0.04278858177514043,-0.0,-0.0,0.0,0.0,0.0,0.0,0.0,0.0,0.0,0.0,0.0,0.0,0.0,0.0
2023-08-21,34,2023,8,0,0,31.790606528597433,19.28653858724423,3.035103130995536,0.6208720349055525,0.5032738321251832,-0.19315187426735891,1.9297329238285028,2.0025394190705716,0.17055466540641628,0.0,0.0,0.0,0.0,0.0,0.0,0.0,0.0,0.0,0.0,0.0,0.0,0.6712559279258058,0.32777691645520196,0.39169521005970254,0.07306592652619003,0.3612472449992972,0.33322569673788743,0.0,0.0,0.0,0.0,0.0,0.12206466681823296,0.0,0.0,0.0,0.0,0.0,0.0,0.0,0.0,0.0,0.0,0.0,0.0,0.0,0.0,0.0,0.0,0.0,0.0
2023-08-28,35,2023,8,0,0,28.968729184195748,14.168743313166777,3.079007341603805,0.22210818924737816,0.44291876655815654,-1.45663216317721,0.3033610766407318,-0.721486888109242,0.18178096158463655,0.0,0.0,0.0,0.0,-0.0,-0.0,0.0,0.0,0.0,0.0,0.0,0.0,0.5558040273144351,0.35271195214245715,0.42859083280686394,0.12802478561617264,-0.15749593228301711,0.24011044266835463,0.0,0.0,0.0,0.0,0.0,0.0,0.0,0.0,-0.0,-0.0,-0.0,-0.0,0.0,0.0,0.0,0.0,0.0,0.0,0.0,0.0,0.0,0.0,0.0,0.0
2023-09-04,36,2023,9,0,1,28.480666515427306,15.231321932982915,3.1604709066972076,-0.5629225936405776,0.3920674668489224,-0.25029333663425446,0.7867418040978502,0.6278173427042634,0.33119828874132506,0.0,0.7867418040978502,0.0,0.0,0.0,0.0,0.0,0.0,0.0,0.0,0.0,0.0,0.2323458601257515,0.359146035040979,0.440902494284884,0.18148715735367338,-0.4288108486154042,0.23661711243656314,0.0,0.0,0.19668545102446255,0.060518600315219245,0.0,0.0,0.0,0.0,0.0,0.0,0.0,0.0,0.0,0.0,0.0,0.0,0.0,0.0,0.0,0.0,0.0,0.0,0.0,0.0
2023-09-11,37,2023,9,0,1,24.380999256298207,10.856686847544912,2.2454109743822612,-0.810096496715061,0.40198125130004486,0.18972158830674035,-0.6472947877461196,-1.0472228630914535,-2.042446004607211,0.0,0.0,0.0,0.0,-0.0,-1.0472228630914535,0.0,0.0,0.0,0.0,0.0,0.0,-0.13250971655067667,0.3522713803665382,0.435060329208077,0.2270844009222814,-0.42758894644302115,0.23863214291239102,0.0,0.0,0.19668545102446255,0.060518600315219245,0.0,0.0,0.0,0.0,-0.0,-0.0,-0.26180571577286327,-0.08055560485318873,0.0,0.0,0.0,0.0,0.0,0.0,0.0,0.0,0.0,0.0,0.0,0.0
2023-09-18,38,2023,9,0,1,25.823948069735522,12.637250069676636,3.0275390381361844,-0.3814385984002159,0.3948885782822858,0.3480436752699778,0.014870220967315145,0.08750312468364371,-0.399829508584267,0.0,0.0,0.0,0.0,0.0,0.0,0.0,0.0,0.0,0.0,0.0,0.0,-0.38308737487711875,0.3461655030717613,0.4079640157473527,0.2810234722327224,-0.29229005905868694,0.23602354685469995,0.0,0.0,0.19668545102446255,0.060518600315219245,0.0,0.0,0.0,0.0,0.0,0.0,-0.26180571577286327,-0.08055560485318873,0.0,0.0,0.0,0.0,0.0,0.0,0.0,0.0,0.0,0.0,0.0,0.0
2023-09-25,39,2023,9,0,1,26.215615668762357,13.680459241209217,2.931305608459683,-0.2706370428934838,0.2046061022461905,-0.20922421933618512,1.089891424460338,1.2931991998732189,-0.13973828662292362,0.0,1.089891424460338,0.0,0.0,0.0,0.0,0.0,0.0,0.0,0.0,0.0,0.0,-0.5062736829123342,0.30450669714912876,0.3483858496693612,0.3072650263259617,0.019561926901569257,0.1577371384233665,0.0,0.0,0.46915830713954704,0.1443564021967837,0.0,0.0,0.0,0.0,0.0,0.0,-0.26180571577286327,-0.08055560485318873,0.0,0.0,0.0,0.0,0.0,0.0,0.0,0.0,0.0,0.0,0.0,0.0
2023-10-02,40,2023,10,0,1,23.499360396240014,10.068206612768957,3.520965314986807,-0.1050553915158188,0.09626743661775994,0.025233539271178582,0.3921883114807652,0.32256564212442174,0.07305706131804887,0.0,0.0,0.0,0.0,0.0,0.0,0.0,0.0,0.0,0.0,0.0,0.0,-0.3918068823811446,0.24530251715814827,0.2744358421115705,0.3144872754773231,0.08844364587792752,0.10494625781129631,0.0,0.0,0.2724728561150845,0.1443564021967837,0.0,0.0,0.0,0.0,0.0,0.0,-0.26180571577286327,-0.08055560485318873,0.0,0.0,0.0,0.0,0.0,0.0,0.0,0.0,0.0,0.0,0.0,0.0
2023-10-09,41,2023,10,0,1,17.578388813454733,5.821679656307554,3.9504304974496876,0.19442212092601882,0.08809528065630287,0.6592179654992322,-0.8143683610465134,-0.380514717637759,0.7997921974733853,0.0,0.0,0.0,0.0,0.0,0.0,0.0,0.0,0.0,0.0,0.0,0.0,-0.14067722797087462,0.1986209389729889,0.19596434945063507,0.30782229368223396,0.20581774017605048,0.10287590366511387,0.0,0.0,0.2724728561150845,0.1443564021967837,0.0,0.0,0.0,0.0,0.0,0.0,0.0,-0.08055560485318873,0.0,0.0,0.0,0.0,0.0,0.0,0.0,0.0,0.0,0.0,0.0,0.0
2023-10-16,42,2023,10,0,1,18.579061507630257,5.135036257682018,3.2547632557090336,-0.022872843860268555,-0.024310427919764177,-0.86276123564988,0.25074598739453147,0.2858721083180187,-1.1906167704066009,0.0,0.0,0.0,0.0,0.0,0.0,0.0,0.0,0.0,0.0,0.0,0.0,-0.051035789335887774,0.13236193462662282,0.09116459790012256,0.2930337967695016,-0.09688348755391399,0.02415197988176558,0.0,0.0,0.2724728561150845,0.1443564021967837,0.0,0.0,0.0,0.0,0.0,0.0,0.0,-0.08055560485318873,0.0,0.0,0.0,0.0,0.0,0.0,0.0,0.0,0.0,0.0,0.0,0.0
2023-10-23,43,2023,10,0,1,17.30062131980088,6.675761473477183,4.083987610015316,0.023512749525184073,-0.020263032077867792,0.42457437286009125,0.36118749716169735,1.3915175804209385,0.3122122571358992,0.0,0.0,0.0,0.0,0.0,0.0,0.0,0.0,0.0,0.0,0.0,0.0,0.02250165876877919,0.07477260033664442,0.03494731431910799,0.27254094328852624,0.061566160495155106,0.024066858954375478,0.0,0.0,0.0,0.1443564021967837,0.0,0.0,0.0,0.0,0.0,0.0,0.0,-0.08055560485318873,0.0,0.0,0.0,0.0,0.0,0.0,0.0,0.0,0.0,0.0,0.0,0.0
2023-10-30,44,2023,10,0,1,10.806634264759401,-2.000037585575936,3.5320773341123477,-0.16814332936517676,-0.3372291758006744,-1.0160109746048624,-0.9066787293433008,-1.4817248077937126,-0.5709332860065695,0.0,0.0,0.0,0.0,0.0,0.0,-0.0,-1.4817248077937126,0.0,0.0,0.0,0.0,0.006729674306439705,0.009229591024487664,-0.0734268387855006,0.22388206241389658,-0.19874496797385516,-0.10165248878077143,0.0,0.0,0.0,0.1443564021967837,0.0,0.0,0.0,0.0,0.0,0.0,0.0,-0.08055560485318873,-0.0,-0.0,-0.37043120194842816,-0.11397883136874712,0.0,0.0,0.0,0.0,0.0,0.0,0.0,0.0
2023-11-06,45,2023,11,0,1,15.452327797581042,2.336271458159324,3.7942803603936834,-0.5827248918768925,-0.6911779029111123,-1.3707257953798226,0.492638008062865,0.4043889031364644,-0.3308377046056938,0.0,0.0,0.0,0.0,0.0,0.0,0.0,0.0,0.0,0.0,0.0,0.0,-0.18755707889428813,-0.09181925259020841,-0.2682451346773544,0.14434369904097696,-0.7062309081936189,-0.2713211137096266,0.0,0.0,0.0,0.1443564021967837,0.0,0.0,0.0,0.0,0.0,0.0,0.0,-0.08055560485318873,0.0,0.0,-0.37043120194842816,-0.11397883136874712,0.0,0.0,0.0,0.0,0.0,0.0,0.0,0.0
2023-11-13,46,2023,11,0,1,16.381241851208483,0.19233292397480561,3.182066587496549,-1.0790191551750317,-0.8062479611020487,-1.6412970714464281,1.3108436208384864,0.5640214100790579,-1.5850522113813323,0.0,0.0,0.0,1.3108436208384864,0.0,0.0,0.0,0.0,0.0,0.0,0.0,0.0,-0.4515936567229789,-0.224768865295261,-0.4637295179729255,0.04960540114025996,-0.9008648671427559,-0.411792733022214,0.0,0.0,0.0,0.1443564021967837,0.0,0.0,0.3277109052096216,0.10083412467988356,0.0,0.0,0.0,-0.08055560485318873,0.0,0.0,-0.37043120194842816,-0.11397883136874712,0.0,0.0,0.0,0.0,0.0,0.0,0.0,0.0
2023-11-20,47,2023,11,0,1,7.347558891090408,-2.289226656464506,3.9740368322246002,-1.2450491026606527,-0.7874854644527545,0.003081506509460328,-0.7965520846284964,-0.15196554406723026,-0.10819732558492823,0.0,0.0,0.0,0.0,0.0,0.0,0.0,0.0,0.0,0.0,0.0,0.0,-0.7687341197694382,-0.3683012604926614,-0.6555351260666472,-0.04968377551958139,-1.0062380837304135,-0.39669785757784326,0.0,0.0,0.0,0.1443564021967837,0.0,0.0,0.3277109052096216,0.10083412467988356,0.0,0.0,0.0,-0.08055560485318873,0.0,0.0,-0.37043120194842816,-0.11397883136874712,0.0,0.0,0.0,0.0,0.0,0.0,0.0,0.0
2023-11-27,48,2023,11,0,1,5.782171238999061,-4.622267146689187,3.5240798654043055,-1.2624922351655747,-0.6608547642706952,-0.3588274335400574,-0.530606800561814,-0.5561480453309565,-0.8635857483431386,0.0,0.0,0.0,0.0,0.0,0.0,0.0,0.0,0.0,0.0,0.0,0.0,-1.0423213462195378,-0.48250129313981166,-0.7364415231841523,-0.13458943173718538,-0.8419421984642124,-0.3122513399134469,0.0,0.0,0.0,0.1443564021967837,0.0,0.0,0.3277109052096216,0.10083412467988356,0.0,0.0,0.0,-0.08055560485318873,0.0,0.0,0.0,-0.11397883136874712,0.0,0.0,0.0,0.0,0.0,0.0,0.0,0.0
2023-12-04,49,2023,12,0,0,9.199642995687505,-1.1533677536091982,4.134020661520235,-1.1345212821098198,-0.7489991243959718,-0.6305498177945331,1.4327775008579344,1.4938485019071266,0.38317178518653455,0.0,0.0,0.0,0.0,0.0,0.0,0.0,0.0,0.0,0.0,0.0,0.0,-1.1802704437777694,-0.5264704230220609,-0.7508968285553673,-0.22236378490986952,-0.6568982040678899,-0.34150183846423754,0.0,0.0,0.0,0.08383780188156445,0.0,0.0,0.3277109052096216,0.10083412467988356,0.0,0.0,0.0,-0.08055560485318873,0.0,0.0,0.0,-0.11397883136874712,0.0,0.0,0.0,0.0,0.0,0.0,0.0,0.0
2023-12-11,50,2023,12,0,0,7.833106722247437,-3.1819068335756344,3.110522442235244,-0.7597070189339808,-0.7772511119024053,-0.1851602891844802,0.8275463274785105,0.6347456404615196,-1.3538269827399836,0.0,0.0,0.0,0.0,0.0,0.0,0.0,0.0,0.0,0.0,0.0,0.0,-1.1004424097175067,-0.5225943093465933,-0.7436476162554564,-0.3130739666946734,-0.29286400850240296,-0.3703389059635622,0.0,0.0,0.0,0.08383780188156445,0.0,0.0,0.0,0.10083412467988356,0.0,0.0,0.0,0.0,0.0,0.0,0.0,-0.11397883136874712,0.0,0.0,0.0,0.0,0.0,0.0,0.0,0.0
2023-12-18,51,2023,12,0,0,8.09977473958925,-1.5755155420891338,3.5738730356292177,-0.8111216534716399,-0.925893351017412,-0.2083183103017135,1.257469312302863,1.3112718494619948,-0.6696545465043059,0.0,0.0,0.0,0.0,0.0,0.0,0.0,0.0,0.0,0.0,0.0,0.0,-0.9919605474202535,-0.5556468520443951,-0.7782495878966208,-0.414672576640804,-0.3457139627051964,-0.4131359817767692,0.0,0.0,0.0,0.08383780188156445,0.0,0.0,0.0,0.10083412467988356,0.0,0.0,0.0,0.0,0.0,0.0,0.0,-0.11397883136874712,0.0,0.0,0.0,0.0,0.0,0.0,0.0,0.0
2023-12-25,52,2023,12,0,0,6.489182259625691,-0.754305580732525,4.066514716711823,-0.24338950061859688,-0.7720100458526296,0.6495740912481941,0.44908174285837493,0.9877429413469395,-0.24258261771321252,0.0,0.0,0.0,0.0,0.0,0.0,0.0,0.0,0.0,0.0,0.0,0.0,-0.737184863783509,-0.5535508872540192,-0.8060384082921044,-0.48979689572532864,-0.09361358150813354,-0.3470745732702785,0.0,0.0,0.0,0.0,0.0,0.0,0.0,0.10083412467988356,0.0,0.0,0.0,0.0,0.0,0.0,0.0,-0.11397883136874712,0.0,0.0,0.0,0.0,0.0,0.0,0.0,0.0
2024-01-01,1,2024,1,0,0,2.4114749080169946,-4.739780486753938,3.084150535955102,-0.4490059500843969,-0.8856444728300294,-0.7918520634115876,0.373819983128,0.9546772046735733,-1.3331844281563334,0.0,0.0,0.0,0.0,0.0,0.0,0.0,0.0,0.0,0.0,0.0,0.0,-0.5658060307771533,-0.5800086225285253,-0.8401997454006187,-0.5653285810674663,-0.1339391429123972,-0.40992731193818355,0.0,0.0,0.0,0.0,0.0,0.0,0.0,0.10083412467988356,0.0,0.0,0.0,0.0,0.0,0.0,0.0,-0.11397883136874712,0.0,0.0,0.0,0.0,0.0,0.0,0.0,0.0
2024-01-08,2,2024,1,0,0,-0.8699035220282534,-9.4683779747185,5.796786275806511,0.30332886571610684,-0.7551376415889979,0.955333957665962,-0.7329780899222156,-0.22417592378565498,2.603881367489187,0.0,0.0,0.0,0.0,0.0,0.0,0.0,0.0,0.0,0.0,0.0,0.0,-0.30004705961463146,-0.5716311806215955,-0.8346713778222669,-0.6301926520094125,0.15118441880021333,-0.387149158694589,0.0,0.0,0.0,0.0,0.0,0.0,0.0,0.10083412467988356,0.0,0.0,0.0,0.0,0.0,0.0,0.0,-0.11397883136874712,0.0,0.0,0.0,0.0,0.0,0.0,0.0,0.0
2024-01-15,3,2024,1,0,0,-8.37575167586668,-18.177229375235743,4.4063901109081245,0.12361963781813418,-0.7911537296261079,-0.966330695060652,-2.477513665386895,-1.8935548359922267,0.2894294902218094,0.0,0.0,0.0,0.0,0.0,0.0,-0.0,-0.0,0.0,0.0,0.0,0.0,-0.06636173679218792,-0.5603625281847952,-0.8009864724744409,-0.6891805982945158,-0.03831867738952127,-0.39511604018772534,0.0,0.0,0.0,0.0,0.0,0.0,0.0,0.10083412467988356,0.0,0.0,0.0,0.0,-0.0,-0.0,-0.0,-0.11397883136874712,0.0,0.0,0.0,0.0,0.0,0.0,0.0,0.0
2024-01-22,4,2024,1,0,0,4.619966187081413,-1.8232640150253632,2.813247046329924,0.02395361697616922,-0.7300479835560745,0.35483017024429225,0.8998361621814853,1.4517721453893928,-2.0387958456873503,0.0,0.0,0.0,0.0,0.0,0.0,0.0,0.0,0.0,0.0,0.0,0.0,0.0004740426065036069,-0.5603286153039502,-0.790495956900302,-0.7437794407159164,-0.1120046576404967,-0.4004809788504791,0.0,0.0,0.0,0.0,0.0,0.0,0.0,0.10083412467988356,0.0,0.0,0.0,0.0,0.0,0.0,0.0,-0.11397883136874712,0.0,0.0,0.0,0.0,0.0,0.0,0.0,0.0
2024-01-29,5,2024,1,0,0,8.851487301320681,-0.7968932742586176,3.538644211946499,0.08958570193472702,-0.7283577621620089,-1.2401543001240558,1.6496998105210725,1.713783299190246,-1.1027566999797433,0.0,0.0,0.0,0.0,0.0,0.0,0.0,0.0,0.0,0.0,0.0,0.0,0.1351219556112846,-0.5405033052039576,-0.7511742792332969,-0.7738662550514035,-0.22408021681861373,-0.4177227731211862,0.0,0.0,0.0,0.0,0.0,0.0,0.0,0.10083412467988356,0.0,0.0,0.0,0.0,0.0,0.0,0.0,0.0,0.0,0.0,0.0,0.0,0.0,0.0,0.0,0.0
2024-02-05,6,2024,2,0,0,10.290219410498985,-0.7454246310147566,3.93836730215088,-0.6045169990117338,-0.707166025913598,-0.9931495775973652,1.6437990633811375,1.9313491869170605,-0.5163112922071565,0.0,0.0,0.0,0.0,0.0,0.0,0.0,0.0,0.0,0.0,0.0,0.0,-0.09183951057067558,-0.542179621137407,-0.7391813753144469,-0.7750961106669794,-0.7112011006344455,-0.38867844867638185,0.0,0.0,0.0,0.0,0.0,0.0,0.0,0.10083412467988356,0.0,0.0,0.0,0.0,0.0,0.0,0.0,0.0,0.0,0.0,0.0,0.0,0.0,0.0,0.0,0.0
2024-02-12,7,2024,2,0,0,5.827256080715067,-5.886013474850542,4.034171670586523,-0.7518387902273518,-0.63993463740763,-0.526618112074022,0.345927610661262,0.357350269169013,-0.3428325648031563,0.0,0.0,0.0,0.0,0.0,0.0,0.0,0.0,0.0,0.0,0.0,0.0,-0.3107041175820471,-0.5170119007568161,-0.7013766022598276,-0.7623027780751012,-0.601272954887788,-0.30293391334004294,0.0,0.0,0.0,0.0,0.0,0.0,0.0,0.0,0.0,0.0,0.0,0.0,0.0,0.0,0.0,0.0,0.0,0.0,0.0,0.0,0.0,0.0,0.0,0.0
2024-02-19,8,2024,2,0,0,12.532321275426233,-3.0370415033589184,3.5505343123014477,-1.540681906033254,-0.7817969359267045,-1.3762729133845462,1.6059709138658769,0.8954375616328061,-1.9390521564100989,0.0,0.0,0.0,0.0,0.0,0.0,0.0,0.0,0.0,0.0,0.0,0.0,-0.7018629983344029,-0.5397528856316316,-0.7143138403524851,-0.7618651989577127,-1.0340487257949977,-0.4090380994857358,0.0,0.0,0.0,0.0,0.0,0.0,0.0,0.0,0.0,0.0,0.0,0.0,0.0,0.0,0.0,0.0,0.0,0.0,0.0,0.0,0.0,0.0,0.0,0.0
2024-02-26,9,2024,2,0,0,13.922610217131908,-2.6974705490782287,5.194609845626762,-1.663281523098254,-0.8644642046153734,-0.9653444951897704,1.3202309008171578,0.6778322434006504,1.5606760938744721,0.0,0.0,0.0,0.0,0.0,0.0,0.0,0.0,0.0,0.0,0.0,0.0,-1.1400798045926481,-0.5705828308572223,-0.7483404509658262,-0.777527463599611,-0.9653462745614263,-0.45569325807417516,0.0,0.0,0.0,0.0,0.0,0.0,0.0,0.0,0.0,0.0,0.0,0.0,0.0,0.0,0.0,0.0,0.0,0.0,0.0,0.0,0.0,0.0,0.0,0.0
2024-03-04,10,2024,3,1,0,12.80673227704128,0.6695440139084335,4.259600766386839,-0.947009470619158,-0.6498351273265203,0.3232821313638285,0.9075550392379762,0.8715739685032717,-0.6733488592724114,0.9075550392379762,0.0,0.0,0.0,0.0,0.0,0.0,0.0,0.0,0.0,0.0,0.0,-1.2257029224945042,-0.5561588453579407,-0.7340077263190568,-0.7698994638250377,-0.6362383473211278,-0.3823215696773782,0.22688875980949394,0.0698119260952289,0.0,0.0,0.0,0.0,0.0,0.0,0.0,0.0,0.0,0.0,0.0,0.0,0.0,0.0,0.0,0.0,0.0,0.0,0.0,0.0,0.0,0.0
2024-03-11,11,2024,3,1,0,16.506955428665318,1.580401216705905,4.633674653278467,-0.791012374077546,-0.6138242540668991,-0.14072980380508254,0.9572351048390851,0.7021435411122023,0.47689516006648003,0.9572351048390851,0.0,0.0,0.0,0.0,0.0,0.0,0.0,0.0,0.0,0.0,0.0,-1.2354963184570527,-0.5585669495997534,-0.727480130483874,-0.7573281670684604,-0.539766270253893,-0.3789038400328091,0.4661975360192652,0.14344539569823545,0.0,0.0,0.0,0.0,0.0,0.0,0.0,0.0,0.0,0.0,0.0,0.0,0.0,0.0,0.0,0.0,0.0,0.0,0.0,0.0,0.0,0.0
2024-03-18,12,2024,3,1,0,8.724723431600193,-3.3459507072666765,4.789335240856843,-0.6498615086375533,-0.670113351362384,-0.6748065408786096,-0.8364518861413609,-0.9003090070461764,0.49929930491179253,0.0,0.0,0.0,0.0,-0.9003090070461764,-0.0,0.0,0.0,0.49929930491179253,0.0,0.0,0.0,-1.0127912191081276,-0.5461623230740544,-0.6995592343427939,-0.737652782479612,-0.36439967712740884,-0.4147875500771857,0.4661975360192652,0.14344539569823545,0.0,0.0,0.0,0.0,0.0,0.0,-0.22507725176154417,-0.06925453900355204,-0.0,-0.0,0.0,0.0,0.0,0.0,0.12482482622794813,0.03840763883936866,0.0,0.0,0.0,0.0,0.0,0.0
2024-03-25,13,2024,3,1,0,12.075394458935945,-0.23802763216954817,4.769361545421253,-0.08273976793772571,-0.6745248268044525,0.5168042290538813,-0.2308009860575906,-0.24965114227048646,0.4079579462371352,0.0,0.0,0.0,0.0,0.0,0.0,0.0,0.0,0.0,0.0,0.0,0.0,-0.6176557803179955,-0.533804651329372,-0.6520743898900637,-0.730153919475906,0.006137503933504096,-0.42500061639982517,0.4661975360192652,0.14344539569823545,0.0,0.0,0.0,0.0,0.0,0.0,-0.22507725176154417,-0.06925453900355204,0.0,0.0,0.0,0.0,0.0,0.0,0.12482482622794813,0.03840763883936866,0.0,0.0,0.0,0.0,0.0,0.0
2024-04-01,14,2024,4,1,0,13.382311802910564,2.1613676026445123,5.511195276633899,0.2673950175233957,-0.3417391991042683,0.7373442291330812,-0.4188958650727018,0.13660364589573487,1.2981575357032054,0.0,0.0,0.0,0.0,0.0,0.0,0.0,0.0,0.0,0.0,1.2981575357032054,0.0,-0.31405465828235707,-0.47869688459031107,-0.5750504078345007,-0.6883150522662322,0.10965302837581727,-0.30737013235792754,0.23930877620977117,0.14344539569823545,0.0,0.0,0.0,0.0,0.0,0.0,-0.22507725176154417,-0.06925453900355204,0.0,0.0,0.0,0.0,0.0,0.0,0.12482482622794813,0.03840763883936866,0.0,0.0,0.32453938392580134,0.09985827197716965,0.0,0.0
2024-04-08,15,2024,4,1,0,19.5404398479599,5.339697274921549,4.4535173539184765,0.2499048753672142,-0.5396085994403577,0.1277136528926764,0.7894408887797112,0.8203456509396819,-0.49050240742155315,0.7894408887797112,0.0,0.0,0.0,0.0,0.0,0.0,0.0,0.0,0.0,0.0,0.0,-0.05382534592116701,-0.4828064223094567,-0.5564964941778654,-0.6717358951778754,0.17676389255025698,-0.3710332327251034,0.1973602221949277,0.2041716179120594,0.0,0.0,0.0,0.0,0.0,0.0,-0.22507725176154417,-0.06925453900355204,0.0,0.0,0.0,0.0,0.0,0.0,0.12482482622794813,0.03840763883936866,0.0,0.0,0.32453938392580134,0.09985827197716965,0.0,0.0
2024-04-15,16,2024,4,1,0,18.93292225626259,6.198191671409123,4.9771969305342,0.6380322600006677,-0.29631960315801614,0.47501107067381004,0.7537508368016934,0.8500398405371471,0.8038494245921445,0.0,0.0,0.0,0.0,0.0,0.0,0.0,0.0,0.0,0.0,0.0,0.0,0.26814809623838826,-0.4432362206031079,-0.4630480571267734,-0.6336717316034066,0.4642182954383619,-0.26016078920706787,0.1973602221949277,0.2041716179120594,0.0,0.0,0.0,0.0,0.0,0.0,0.0,-0.06925453900355204,0.0,0.0,0.0,0.0,0.0,0.0,0.0,0.03840763883936866,0.0,0.0,0.32453938392580134,0.09985827197716965,0.0,0.0
2024-04-22,17,2024,4,1,0,18.839754884607803,5.941549757536745,4.983309136068373,0.7092948522480542,-0.31471246909692585,0.598356420042427,0.25024604088692526,0.2937277107170668,0.8025529177594608,0.0,0.0,0.0,0.0,0.0,0.0,0.0,0.0,0.0,0.0,0.0,0.0,0.46615675128483325,-0.3905176640437321,-0.3730949676998917,-0.6017228458757798,0.48460634318549833,-0.24142800076105747,0.1973602221949277,0.2041716179120594,0.0,0.0,0.0,0.0,0.0,0.0,0.0,-0.06925453900355204,0.0,0.0,0.0,0.0,0.0,0.0,0.0,0.03840763883936866,0.0,0.0,0.32453938392580134,0.09985827197716965,0.0,0.0
2024-04-29,18,2024,4,1,0,21.621168118547875,9.256792108117613,3.6437891438829717,0.75149266727554,0.05021012855479394,1.0730809041992053,0.7832444790248443,1.0898655935479609,-0.9681793550343205,0.7832444790248443,0.0,0.0,0.0,0.0,0.0,0.0,0.0,0.0,0.0,0.0,0.0,0.5871811637228693,-0.3396017436329004,-0.27510763578512615,-0.5418330081283335,0.5685405119520294,-0.0634868311977297,0.3931713419511388,0.2644211932216628,0.0,0.0,0.0,0.0,0.0,0.0,0.0,-0.06925453900355204,0.0,0.0,0.0,0.0,0.0,0.0,0.0,0.03840763883936866,0.0,0.0,0.0,0.09985827197716965,0.0,0.0
2024-05-06,19,2024,5,1,0,22.623489519369432,9.951592903359513,3.966511876738841,0.8548249331368317,0.2916859807726127,0.723718767635925,0.3012164810351178,0.34431879937082754,0.17116178705597526,0.0,0.0,0.0,0.0,0.0,0.0,0.0,0.0,0.0,0.0,0.0,0.0,0.7384111781652737,-0.22734467192916455,-0.06728399073188356,-0.46499823838324034,0.7175417906378415,0.06857996458944647,0.19581111975621096,0.2644211932216628,0.0,0.0,0.0,0.0,0.0,0.0,0.0,-0.06925453900355204,0.0,0.0,0.0,0.0,0.0,0.0,0.0,0.03840763883936866,0.0,0.0,0.0,0.09985827197716965,0.0,0.0
2024-05-13,20,2024,5,1,0,24.516002479342134,11.925897438454474,3.223179924395663,0.9015476419562225,0.45931495986886517,0.5133085184024979,0.6541049423530294,0.7589683851898588,-1.2465255608884855,0.0,0.0,0.0,0.0,0.0,0.0,0.0,0.0,0.0,0.0,0.0,0.0,0.8042900236541625,-0.10016110022273575,0.12162465002483677,-0.38044057705427914,0.7271161525700135,0.148574320779948,0.19581111975621096,0.2644211932216628,0.0,0.0,0.0,0.0,0.0,0.0,0.0,-0.06925453900355204,0.0,0.0,0.0,0.0,0.0,0.0,0.0,0.03840763883936866,0.0,0.0,0.0,0.09985827197716965,0.0,0.0
2024-05-20,21,2024,5,1,0,25.595403052989884,13.090852041718446,4.108073881121854,1.3043837785383234,0.7573256979133929,0.9853041847970344,0.5804605976702318,0.7202666208691376,0.5780349544374552,0.0,0.0,0.0,0.0,0.0,0.0,0.0,0.0,0.0,0.0,0.0,0.0,0.9530622552267296,0.11869010628277019,0.3896341917774164,-0.26204652829734865,0.8238530937586653,0.33023409756314653,0.19581111975621096,0.2644211932216628,0.0,0.0,0.0,0.0,0.0,0.0,0.0,-0.06925453900355204,0.0,0.0,0.0,0.0,0.0,0.0,0.0,0.03840763883936866,0.0,0.0,0.0,0.09985827197716965,0.0,0.0
2024-05-27,22,2024,5,1,0,24.403147854854076,12.232429860584839,3.395454077864495,1.0853388514549196,0.9473509319315904,0.7839883248909356,-0.87089929187876,-0.9061374420801624,-0.21944422742188655,0.0,0.0,0.0,0.0,-0.9061374420801624,-0.0,0.0,0.0,0.0,0.0,0.0,0.0,1.0365238012715747,0.3301224427868605,0.6139193926216155,-0.12267613317835141,0.751579948931598,0.4647981606462777,0.0,0.2644211932216628,0.0,0.0,0.0,0.0,0.0,0.0,-0.22653436052004067,-0.13895741916356455,-0.0,-0.0,0.0,0.0,0.0,0.0,0.0,0.03840763883936866,0.0,0.0,0.0,0.09985827197716965,0.0,0.0
2024-06-03,23,2024,6,0,0,27.223632752607607,14.589766541039383,4.1403338118219954,0.8644852594534239,0.9299597713818956,0.5496319998265831,0.055376532676568495,0.10245390022970309,1.7297541239122758,0.0,0.0,0.0,0.0,0.0,0.0,0.0,0.0,0.0,0.0,0.0,0.0,1.0389388828507227,0.46946819125398215,0.7734878402739362,-0.0011534486623194016,0.7080582569792624,0.48220968898956657,0.0,0.19460926712643384,0.0,0.0,0.0,0.0,0.0,0.0,-0.22653436052004067,-0.13895741916356455,0.0,0.0,0.0,0.0,0.0,0.0,0.0,0.03840763883936866,0.0,0.0,0.0,0.09985827197716965,0.0,0.0
2024-06-10,24,2024,6,0,0,28.540063232883163,14.585351448905714,3.548297958681011,0.6514023540233865,0.9026517837944912,-0.09205694161449574,0.3174325083402121,-0.3846728363270402,-0.10199152312718872,0.0,0.0,0.0,0.0,-0.0,-0.0,0.0,0.0,0.0,0.0,0.0,0.0,0.9764025608675136,0.5804231703386693,0.8843220462553427,0.11549855425009524,0.556716891975014,0.48595375531191937,0.0,0.12097579752342733,0.0,0.0,0.0,0.0,0.0,0.0,-0.22653436052004067,-0.13895741916356455,-0.0,-0.0,0.0,0.0,0.0,0.0,0.0,0.03840763883936866,0.0,0.0,0.0,0.09985827197716965,0.0,0.0
2024-06-17,25,2024,6,0,0,29.978363551789943,18.705587773437564,3.8947427809932167,0.7422443041089715,1.070690575059517,0.8640537285554384,0.7997373249114262,1.6708308280657198,0.7713511432164186,0.0,0.0,0.0,0.0,0.0,0.0,0.0,0.0,0.0,0.0,0.0,0.0,0.8358676922601755,0.6875082328576329,0.9626632655418739,0.24940654859024144,0.526404277914615,0.6043276221914615,0.0,0.12097579752342733,0.0,0.0,0.0,0.0,0.0,0.0,-0.22653436052004067,-0.0697028801600125,0.0,0.0,0.0,0.0,0.0,0.0,0.0,0.0,0.0,0.0,0.0,0.09985827197716965,0.0,0.0
2024-06-24,26,2024,6,0,0,29.455746043806954,17.436145851907547,3.7766556554316493,0.6882280624351199,1.1024021307555703,0.7168549699738854,0.14244591571474355,0.3088765104081723,1.5326960945239416,0.0,0.0,0.0,0.0,0.0,0.0,0.0,0.0,0.0,0.0,0.0,0.0,0.7365899950052257,0.7468134505786208,1.0014260652478688,0.38609323763332015,0.5096209391853525,0.6197161407237696,0.0,0.12097579752342733,0.0,0.0,0.0,0.0,0.0,0.0,0.0,-0.0697028801600125,0.0,0.0,0.0,0.0,0.0,0.0,0.0,0.0,0.0,0.0,0.0,0.09985827197716965,0.0,0.0
2024-07-01,27,2024,7,0,0,27.801395029318655,16.23653190626352,3.1576366667831746,0.731641031687034,1.091005675128732,0.9250975427929514,-0.8190330098962246,-0.8499927044395453,0.6082686870115572,0.0,0.0,0.0,0.0,-0.0,-0.0,0.0,0.0,0.0,0.0,0.0,0.0,0.7033789380636282,0.7825246824373623,1.0416875411845778,0.49630438180508946,0.6034873249269446,0.6341587033129904,0.0,0.12097579752342733,0.0,0.0,0.0,0.0,0.0,0.0,-0.0,-0.0697028801600125,-0.0,-0.0,0.0,0.0,0.0,0.0,0.0,0.0,0.0,0.0,0.0,0.0,0.0,0.0
2024-07-08,28,2024,7,0,0,30.001428530894945,17.929579021060963,2.6717359276376142,1.1326235940330214,1.1840372445534935,0.6678687185349784,0.11407534256605614,0.1305224620183423,-0.9578587668584253,0.0,0.0,0.0,0.0,0.0,0.0,0.0,0.0,0.0,0.0,0.0,0.0,0.8236842480660369,0.850426122334732,1.1120339063743285,0.6288925236507702,0.793468739964313,0.6757090929777827,0.0,0.06024957530960337,0.0,0.0,0.0,0.0,0.0,0.0,0.0,-0.0697028801600125,0.0,0.0,0.0,0.0,0.0,0.0,0.0,0.0,0.0,0.0,0.0,0.0,0.0,0.0
2024-07-15,29,2024,7,0,0,28.881720320573788,16.926303573470527,2.594498024232037,1.1494748596976105,1.2363041964763457,0.5603282295096441,-0.6518362978219927,-0.6982266210441522,-1.4047702038298857,0.0,0.0,0.0,0.0,-0.0,-0.0,0.0,0.0,0.0,0.0,0.0,0.0,0.9254918869631967,0.8897678607729584,1.1534373117285357,0.7467866620841827,0.7175373652028645,0.6822719513497699,0.0,0.06024957530960337,0.0,0.0,0.0,0.0,0.0,0.0,-0.0,-0.0697028801600125,-0.0,-0.0,0.0,0.0,0.0,0.0,0.0,0.0,0.0,0.0,0.0,0.0,0.0,0.0
2024-07-22,30,2024,7,0,0,29.182478339764007,17.44742048202798,2.6428878515702614,0.8473792077799895,1.111574567998833,0.14285222069480336,-0.28650162577904836,-0.11535150450135263,-0.6814453989799858,0.0,0.0,0.0,0.0,0.0,0.0,0.0,0.0,0.0,0.0,0.0,0.0,0.965279673299414,0.9003897342754149,1.1557304210393513,0.8565010495530871,0.574036677883094,0.6472331667845682,0.0,0.06024957530960337,0.0,0.0,0.0,0.0,0.0,0.0,0.0,-0.0697028801600125,0.0,0.0,0.0,0.0,0.0,0.0,0.0,0.0,0.0,0.0,0.0,0.0,0.0,0.0
2024-07-29,31,2024,7,0,0,31.429840415124954,19.385910625871688,2.7799071167463336,0.7680540344300366,1.135170721281795,0.827618504221219,1.1078918640079798,1.222011583537863,0.028161934896195166,0.0,0.0,0.0,0.0,0.0,0.0,0.0,0.0,0.0,0.0,0.0,0.0,0.9743829239851647,0.9016636855949915,1.166771682577617,0.9399595566859335,0.5496669182401608,0.6283514437093385,0.0,0.0,0.0,0.0,0.0,0.0,0.0,0.0,0.0,-0.0697028801600125,0.0,0.0,0.0,0.0,0.0,0.0,0.0,0.0,0.0,0.0,0.0,0.0,0.0,0.0
2024-08-05,32,2024,8,0,0,27.30929760925401,15.608556584313481,3.2817615749430415,0.5027073626825515,1.0261118294814653,-0.21025341561885233,-1.1262344894677865,-0.8454596557503207,1.6037556057622542,0.0,0.0,0.0,0.0,-0.0,-0.0,0.0,0.0,0.0,0.0,0.0,0.0,0.8169038661475473,0.8745777186369701,1.12729032880961,0.9964538527404605,0.3301363847017032,0.5565074296128172,0.0,0.0,0.0,0.0,0.0,0.0,0.0,0.0,-0.0,-0.0697028801600125,-0.0,-0.0,0.0,0.0,0.0,0.0,0.0,0.0,0.0,0.0,0.0,0.0,0.0,0.0
2024-08-12,33,2024,8,0,0,28.033369555194323,16.775581443763162,2.892611105528828,0.5133288086095921,1.0298999996472884,0.7075392012339125,-0.4575704101263409,0.21952513910902557,0.6239679453681161,0.0,0.0,0.0,0.0,0.0,0.0,0.0,0.0,0.0,0.0,0.0,0.0,0.6578673533755426,0.8447147314564601,1.0756892796023458,1.0403450096464932,0.36693912763277026,0.5714482513690798,0.0,0.0,0.0,0.0,0.0,0.0,0.0,0.0,0.0,-0.0697028801600125,0.0,0.0,0.0,0.0,0.0,0.0,0.0,0.0,0.0,0.0,0.0,0.0,0.0,0.0
2024-08-19,34,2024,8,0,0,27.638795758457707,14.953875303371483,3.0007858677955856,0.27536152946314535,0.7160764598777889,-0.9302488623904325,-0.6483883394273938,-0.7970003426318406,0.06746083226904216,0.0,0.0,0.0,0.0,-0.0,-0.0,0.0,0.0,0.0,0.0,0.0,0.0,0.5148629337963316,0.7655591738352926,0.9768147525720847,1.037171991336062,0.09866385686146131,0.4240980169700439,0.0,0.0,0.0,0.0,0.0,0.0,0.0,0.0,-0.0,-0.0697028801600125,-0.0,-0.0,0.0,0.0,0.0,0.0,0.0,0.0,0.0,0.0,0.0,0.0,0.0,0.0
2024-08-26,35,2024,8,0,0,30.961432417638598,17.688345478880567,2.7657086202110004,0.037115358873470776,0.7018856220849846,0.5050927497586917,1.1702526254536314,1.0392555938831531,-0.7178215472240386,0.0,0.0,0.0,0.0,0.0,0.0,0.0,0.0,0.0,0.0,0.0,0.0,0.3321282649071901,0.6849265974828733,0.8684934777728822,1.0182900444247847,0.01803241824582949,0.4026445111906405,0.0,0.0,0.0,0.0,0.0,0.0,0.0,0.0,0.0,0.0,0.0,0.0,0.0,0.0,0.0,0.0,0.0,0.0,0.0,0.0,0.0,0.0,0.0,0.0
2024-09-02,36,2024,9,0,1,25.96280778850192,11.337593975490186,2.998617885011459,-0.23998216532912192,0.5683530544213181,-1.028263414317097,-0.479517810635969,-0.9976012484932492,-0.09030241805346656,0.0,0.0,0.0,0.0,-0.0,-0.9976012484932492,0.0,0.0,0.0,0.0,0.0,0.0,0.1464558829042718,0.5999675648072929,0.7540537840078454,0.9904741431201249,-0.18647008142873167,0.2812679408718959,0.0,0.0,0.0,0.0,0.0,0.0,0.0,0.0,-0.0,-0.0,-0.24940031212331218,-0.07673855757640378,0.0,0.0,0.0,0.0,0.0,0.0,0.0,0.0,0.0,0.0,0.0,0.0
2024-09-09,37,2024,9,0,1,28.33362242663497,13.086321153157996,2.921223319968855,-0.7747788002184733,0.4930227143264996,-1.2712001316433712,1.118764527033729,0.18503055924020484,-0.10332444967368684,0.0,0.0,0.0,1.118764527033729,0.0,0.0,0.0,0.0,0.0,0.0,0.0,0.0,-0.17557101930274457,0.4902613221733037,0.6198344626776482,0.9589642146995102,-0.6811549146480526,0.1905646185619824,0.0,0.0,0.0,0.0,0.0,0.0,0.27969113175843224,0.08605880977182531,0.0,0.0,-0.24940031212331218,-0.07673855757640378,0.0,0.0,0.0,0.0,0.0,0.0,0.0,0.0,0.0,0.0,0.0,0.0
2024-09-16,38,2024,9,0,1,29.64068229494898,15.006416190448094,2.8972990117606696,-0.7946218137314998,0.3014104718521419,-0.21442297863816362,1.588596265574087,0.9796543760138698,-0.6965286339623546,0.0,0.0,0.0,1.588596265574087,0.0,0.0,0.0,0.0,0.0,0.0,0.0,0.0,-0.44306685510140587,0.3720408515701905,0.5161679656712364,0.8997888221450966,-0.5021984437099853,0.10760487185478224,0.0,0.0,0.0,0.0,0.0,0.0,0.6768401981519541,0.20825852250829355,0.0,0.0,-0.24940031212331218,-0.07673855757640378,0.0,0.0,0.0,0.0,0.0,0.0,0.0,0.0,0.0,0.0,0.0,0.0
2024-09-23,39,2024,9,0,1,25.273643918385286,12.479921717868168,2.8597070928039727,-0.5887511020289333,0.3590202859477191,0.18444381494903017,0.617864072610818,0.7857694667902285,-0.3215114376960155,0.0,0.0,0.0,0.0,0.0,0.0,0.0,0.0,0.0,0.0,0.0,0.0,-0.5995334703270069,0.27381168507295567,0.43045163163692,0.8426056033137235,-0.5823606774124008,0.06665016762210108,0.0,0.0,0.0,0.0,0.0,0.0,0.6768401981519541,0.20825852250829355,0.0,0.0,-0.24940031212331218,-0.07673855757640378,0.0,0.0,0.0,0.0,0.0,0.0,0.0,0.0,0.0,0.0,0.0,0.0
2024-09-30,40,2024,9,0,1,25.354791016592042,9.783686969003867,3.4378772071463097,-0.6925933073801434,0.02294795761090876,-1.4736056094190986,1.0333378075213013,0.2174969433123722,-0.09674816536152339,0.0,1.0333378075213013,0.0,0.0,0.0,0.0,0.0,0.0,0.0,0.0,0.0,0.0,-0.7126862558397622,0.16425519745240358,0.29410035743431767,0.760447317350814,-0.6936962261879012,-0.11786545947113354,0.0,0.0,0.25833445188032533,0.07948752365548471,0.0,0.0,0.6768401981519541,0.20825852250829355,0.0,0.0,0.0,-0.07673855757640378,0.0,0.0,0.0,0.0,0.0,0.0,0.0,0.0,0.0,0.0,0.0,0.0
2024-10-07,41,2024,10,0,1,24.192842159348682,6.8036503875999585,2.8202947574801,-0.7684866584945268,-0.3512051055783501,-3.0473835291901037,1.485260805392959,0.12683312015389145,-1.6757988312842313,0.0,0.0,0.0,1.485260805392959,0.0,0.0,0.0,0.0,0.0,0.0,0.0,0.0,-0.7111132204087757,0.018015947257976762,0.08304340245810526,0.6423517519560568,-1.1377420755745842,-0.4036540939115245,0.0,0.0,0.25833445188032533,0.07948752365548471,0.0,0.0,0.7684642677417615,0.32250935369236733,0.0,0.0,0.0,-0.07673855757640378,0.0,0.0,0.0,0.0,0.0,0.0,0.0,0.0,0.0,0.0,0.0,0.0
2024-10-14,42,2024,10,0,1,18.56032058993333,3.2087392050815096,3.4453086550488736,-1.0019328121385418,-0.5782035805242737,-1.479407489147983,0.24438927784265949,-0.595187831199769,-0.7148076457033228,0.0,0.0,0.0,0.0,-0.0,-0.595187831199769,0.0,0.0,0.0,0.0,0.0,0.0,-0.7629409700105362,-0.14747695057557342,-0.13686011063599862,0.5027742306483168,-1.453988203202039,-0.5605568415005727,0.0,0.0,0.25833445188032533,0.07948752365548471,0.0,0.0,0.37131520134823975,0.32250935369236733,-0.0,-0.0,-0.14879695779994215,-0.12252223689946294,0.0,0.0,0.0,0.0,0.0,0.0,0.0,0.0,0.0,0.0,0.0,0.0
2024-10-21,43,2024,10,0,1,21.415636016072067,4.932959644214681,3.303888529759193,-1.7657511239513037,-0.7961994024555998,-0.712130773986256,1.8839867426784016,0.46765632407713137,-0.9498139869360569,0.0,0.0,0.0,1.8839867426784016,0.0,0.0,0.0,0.0,0.0,0.0,0.0,0.0,-1.0571909754911286,-0.34848697609336526,-0.42566503273682843,0.35602238676720666,-1.6781318504358607,-0.6263247641683466,0.0,0.0,0.25833445188032533,0.07948752365548471,0.0,0.0,0.8423118870178401,0.4674314108214751,0.0,0.0,-0.14879695779994215,-0.12252223689946294,0.0,0.0,0.0,0.0,0.0,0.0,0.0,0.0,0.0,0.0,0.0,0.0
2024-10-28,44,2024,10,0,1,19.102853790915127,6.16099724428213,4.555095718237665,-1.370282966007752,-0.857000701635515,0.24786190756393753,1.6153246737671632,1.5766150381242894,1.5967521733619097,0.0,0.0,0.0,1.6153246737671632,0.0,0.0,0.0,0.0,0.0,0.0,0.0,1.5967521733619097,-1.226613390148031,-0.5129744376655029,-0.6456521975484343,0.20277843115818284,-1.2477649711901015,-0.6709214254496758,0.0,0.0,0.0,0.07948752365548471,0.0,0.0,1.2461430554596309,0.5916871549574108,0.0,0.0,-0.14879695779994215,-0.12252223689946294,0.0,0.0,0.0,0.0,0.0,0.0,0.0,0.0,0.0,0.0,0.3991880433404774,0.12282709025860844
2024-11-04,45,2024,11,0,1,15.675138563795226,6.1047635992803775,3.4886736910328815,-0.15374183074737593,-0.558295437792102,1.0015421063344112,0.5531800620742915,1.9099205834095538,-1.0441809370084585,0.0,0.0,0.0,0.0,0.0,0.0,0.0,0.0,0.0,0.0,0.0,0.0,-1.0729271832112433,-0.5634705294678048,-0.6974247806018723,0.08090094906021611,-0.23553356230897277,-0.5777063852994248,0.0,0.0,0.0,0.07948752365548471,0.0,0.0,0.8748278541113912,0.5916871549574108,0.0,0.0,-0.14879695779994215,-0.12252223689946294,0.0,0.0,0.0,0.0,0.0,0.0,0.0,0.0,0.0,0.0,0.3991880433404774,0.12282709025860844
2024-11-11,46,2024,11,0,1,13.444042477256602,2.7471424875038237,3.7966162365412357,0.16930588363355248,-0.7129988008103506,-0.021940689308643707,0.661318378148858,1.3419431712354906,-0.44551005108312386,0.0,0.0,0.0,0.0,0.0,0.0,0.0,0.0,0.0,0.0,0.0,0.0,-0.7801175092682195,-0.5899338313890387,-0.7311235856733915,-0.05316818943652535,0.12883313765086205,-0.6338202230334675,0.0,0.0,0.0,0.07948752365548471,0.0,0.0,0.8748278541113912,0.5916871549574108,0.0,0.0,0.0,-0.12252223689946294,0.0,0.0,0.0,0.0,0.0,0.0,0.0,0.0,0.0,0.0,0.3991880433404774,0.12282709025860844
2024-11-18,47,2024,11,0,1,10.814982087949092,1.0276993968152806,4.71786802617411,0.5094811773775197,-0.4903574503190323,0.4418266408454959,0.5602167702907955,1.089388388397474,1.0181416317602543,0.0,0.0,0.0,0.0,0.0,0.0,0.0,0.0,0.0,1.0181416317602543,0.0,0.0,-0.2113094339360137,-0.5719246277033176,-0.6546630976392496,-0.14597079791320391,0.4173224913588,-0.5282759535537808,0.0,0.0,0.0,0.07948752365548471,0.0,0.0,0.4038311684417908,0.5916871549574108,0.0,0.0,0.0,-0.12252223689946294,0.0,0.0,0.0,0.0,0.0,0.0,0.2545354079400636,0.0783185870584811,0.0,0.0,0.3991880433404774,0.12282709025860844
2024-11-25,48,2024,11,0,1,4.238434619502362,-5.590702811137464,3.888969705250602,0.32260725884777114,-0.7116967495600218,-1.0853883736939918,-1.068655408354112,-0.9493313127121299,-0.290050691435707,0.0,0.0,0.0,0.0,-0.0,-0.9493313127121299,0.0,0.0,0.0,0.0,0.0,0.0,0.21191312227786707,-0.5499637123206791,-0.6183371096203764,-0.25470790342435823,0.0840099210443177,-0.6506206553578333,0.0,0.0,0.0,0.07948752365548471,0.0,0.0,0.0,0.5916871549574108,-0.0,-0.0,-0.23733282817803236,-0.1955477224927037,0.0,0.0,0.0,0.0,0.0,0.0,0.2545354079400636,0.0783185870584811,0.0,0.0,0.0,0.12282709025860844
2024-12-02,49,2024,12,0,0,4.24120491816497,-7.736499806964082,4.367116535674063,-0.5501167304328367,-0.7475755416788872,-1.5929818190894016,-0.12966126150679166,-0.8156190885130915,0.7556383666984309,0.0,0.0,0.0,0.0,-0.0,-0.0,0.0,0.0,0.0,0.0,0.0,0.0,0.11281939735650187,-0.5738202173286572,-0.6656571355920726,-0.35593318004745095,-0.5646210603116355,-0.6940605326480107,0.0,0.0,0.0,0.07948752365548471,0.0,0.0,0.0,0.5916871549574108,-0.0,-0.0,-0.23733282817803236,-0.11880916491629992,0.0,0.0,0.0,0.0,0.0,0.0,0.2545354079400636,0.0783185870584811,0.0,0.0,0.0,0.12282709025860844
2024-12-09,50,2024,12,0,0,4.235156966509113,-5.875831219312606,4.16657576906484,-0.7608258363310428,-0.5986044738350815,0.04916365042561303,0.023290856938705348,0.021252042217293016,0.3883795904284867,0.0,0.0,0.0,0.0,0.0,0.0,0.0,0.0,0.0,0.0,0.0,0.0,-0.11971353263464696,-0.5727469124142395,-0.6370585538482554,-0.4399045022137265,-0.5468449753780713,-0.5924940878734735,0.0,0.0,0.0,0.07948752365548471,0.0,0.0,0.0,0.5056283451855854,0.0,0.0,-0.23733282817803236,-0.11880916491629992,0.0,0.0,0.0,0.0,0.0,0.0,0.2545354079400636,0.0783185870584811,0.0,0.0,0.0,0.12282709025860844
2024-12-16,51,2024,12,0,0,5.086097530365203,-4.841658065389068,3.9330028138641433,-1.3117121582094438,-0.665377916085757,-0.5355155321535789,0.3630991767820253,0.3355272324737161,-0.054511983468038365,0.0,0.0,0.0,0.0,0.0,0.0,0.0,0.0,0.0,0.0,0.0,0.0,-0.5750118665313878,-0.6125230927586967,-0.6808136702899366,-0.514272839747411,-0.79118051862784,-0.617193515066967,0.0,0.0,0.0,0.07948752365548471,0.0,0.0,0.0,0.3834286324491172,0.0,0.0,-0.23733282817803236,-0.11880916491629992,0.0,0.0,0.0,0.0,0.0,0.0,0.0,0.0783185870584811,0.0,0.0,0.0,0.12282709025860844
2024-12-23,52,2024,12,0,0,7.5372831840439405,-0.13425387746200446,3.1948006895391137,-0.8679592541690581,-0.8055555418565332,0.059687012189324,0.6851285844398762,1.125246630997391,-1.8189618129953136,0.0,0.0,0.0,0.0,0.0,0.0,0.0,0.0,0.0,0.0,0.0,0.0,-0.8726534947855952,-0.6340006429233216,-0.7042783683640643,-0.6038555957323535,-0.5049116721570112,-0.626790192202329,0.0,0.0,0.0,0.07948752365548471,0.0,0.0,0.0,0.3834286324491172,0.0,0.0,0.0,-0.11880916491629992,0.0,0.0,0.0,0.0,0.0,0.0,0.0,0.0783185870584811,0.0,0.0,0.0,0.12282709025860844
2024-12-30,1,2024,12,0,0,1.186375498233086,-6.699175472241024,4.309869025497818,-0.626261630281908,-0.717215325525586,-0.14640965710922352,0.08119883931660091,0.5477063493661126,0.31265580628757444,0.0,0.0,0.0,0.0,0.0,0.0,0.0,0.0,0.0,0.0,0.0,0.0,-0.8916897197478629,-0.6288982062234574,-0.6966883143257391,-0.6607912328966992,-0.14326863166196657,-0.5246981958708001,0.0,0.0,0.0,0.0,0.0,0.0,0.0,0.3834286324491172,0.0,0.0,0.0,-0.11880916491629992,0.0,0.0,0.0,0.0,0.0,0.0,0.0,0.0783185870584811,0.0,0.0,0.0,0.12282709025860844
2025-01-06,2,2025,1,0,0,-1.8001099643810319,-10.961244491531708,3.9115770023938574,-0.5626505687121122,-0.6009415077146297,-0.5031458316901045,-1.0031367187773925,-0.6509003532880989,-0.615794977780885,0.0,0.0,0.0,0.0,-0.0,-0.0,0.0,0.0,0.0,0.0,0.0,0.0,-0.8421459028431303,-0.6130646608555794,-0.6972725727956262,-0.6800017253687206,-0.28134600219089595,-0.32898760375541547,0.0,0.0,0.0,0.0,0.0,0.0,0.0,0.2691778012650434,-0.0,-0.0,-0.0,-0.11880916491629992,0.0,0.0,0.0,0.0,0.0,0.0,0.0,0.0783185870584811,0.0,0.0,0.0,0.12282709025860844
2025-01-13,3,2025,1,0,0,0.5248273594228907,-11.909396896864083,4.721905373415733,-1.0062674761141885,-0.6027348529543037,-1.2850883584298305,-0.11001613172446344,-0.5429884839781177,0.8491242622837367,0.0,0.0,0.0,0.0,-0.0,-0.0,0.0,0.0,0.0,0.0,0.0,0.0,-0.7657847323193164,-0.6133980965460137,-0.6816118070127628,-0.6818887463248768,-0.46873920875995884,-0.31403997831555763,0.0,0.0,0.0,0.0,0.0,0.0,0.0,0.2691778012650434,-0.0,-0.0,-0.0,-0.07302548559324076,0.0,0.0,0.0,0.0,0.0,0.0,0.0,0.0783185870584811,0.0,0.0,0.0,0.12282709025860844
2025-01-20,4,2025,1,0,0,-3.6401296801795033,-15.961574316991626,4.327607222482211,-1.1023824463904073,-0.6608122974515873,-1.5677740339763409,-1.649298768924619,-1.6027684834477218,0.2362133158220061,0.0,0.0,0.0,0.0,0.0,0.0,-0.0,-0.0,0.0,0.0,0.0,0.0,-0.8243905303746537,-0.562369736733637,-0.6454259959115264,-0.6714743536322605,-0.875604470301375,-0.3798586906224873,0.0,0.0,0.0,0.0,0.0,0.0,0.0,0.12425574413593563,0.0,0.0,0.0,-0.07302548559324076,-0.0,-0.0,-0.0,-0.0,0.0,0.0,0.0,0.0783185870584811,0.0,0.0,0.0,0.12282709025860844
2025-01-27,5,2025,1,0,0,8.259068740433841,-4.5899354032058115,4.163918205594012,-1.5610181576688786,-0.8164156836928513,-0.2704265899329536,1.4968629503102884,0.8626344178355838,-0.022272732130554737,0.0,0.0,0.0,0.0,0.0,0.0,0.0,0.0,0.0,0.0,0.0,0.0,-1.0580796622213964,-0.5770416745537237,-0.6702260854533427,-0.6683524291751326,-0.9066087035073075,-0.4197270365837865,0.0,0.0,0.0,0.0,0.0,0.0,0.0,0.0,0.0,0.0,0.0,-0.07302548559324076,0.0,0.0,0.0,0.0,0.0,0.0,0.0,0.0783185870584811,0.0,0.0,0.0,0.0
2025-02-03,6,2025,2,0,0,4.608640043687794,-5.957968449649656,4.253169275374235,-1.6923863436666133,-1.3627066328933526,-0.9214885647556322,0.5311480245658075,0.7429767028695367,0.3632212846866074,0.0,0.0,0.0,0.0,0.0,0.0,0.0,0.0,0.0,0.0,0.0,0.0,-1.3405136059600218,-0.6953989447782803,-0.8606673667480235,-0.7302302134136902,-1.0111943867736894,-0.5676524728214821,0.0,0.0,0.0,0.0,0.0,0.0,0.0,0.0,0.0,0.0,0.0,-0.07302548559324076,0.0,0.0,0.0,0.0,0.0,0.0,0.0,0.0783185870584811,0.0,0.0,0.0,0.0
2025-02-10,7,2025,2,0,0,-1.5191766129998066,-11.955890126612234,4.486960621886758,-0.9967764173547083,-1.253719703748153,0.2320697137841439,-1.2051775080401543,-0.9853043040331123,0.4026205150771571,0.0,0.0,0.0,0.0,-0.0,-0.0,0.0,0.0,0.0,0.0,0.0,0.0,-1.3381408412701516,-0.7850975833158389,-1.0234135794464856,-0.7718241290242904,-0.6319048687201958,-0.5481132110451139,0.0,0.0,0.0,0.0,0.0,0.0,0.0,0.0,-0.0,-0.0,-0.0,-0.07302548559324076,0.0,0.0,0.0,0.0,0.0,0.0,0.0,0.0783185870584811,0.0,0.0,0.0,0.0
2025-02-17,8,2025,2,0,0,-4.5875168176237295,-15.908226006431747,3.960943470654363,-0.9782095170876668,-1.6190240598382704,-1.1642216748498426,-1.864671617233296,-2.0362463449997006,-1.008680624536455,0.0,0.0,0.0,0.0,0.0,0.0,-0.0,-0.0,0.0,0.0,0.0,0.0,-1.3070976089444666,-0.8995353290439302,-1.2629665200431566,-0.8586446374488473,-0.5310167789385714,-0.6716553891755246,0.0,0.0,0.0,0.0,0.0,0.0,0.0,0.0,0.0,0.0,0.0,-0.07302548559324076,-0.0,-0.0,-0.0,-0.0,0.0,0.0,0.0,0.0,0.0,0.0,0.0,0.0
2025-02-24,9,2025,2,0,0,12.462234102833227,-2.1806642108724934,4.340525985197596,-1.2240923454025219,-1.6722890171223759,-1.552080942144235,1.0434120597074825,0.7988985575930566,0.08220649203815236,0.0,0.0,0.0,0.0,0.0,0.0,0.0,0.0,0.0,0.0,0.0,0.0,-1.2228661558778775,-1.018512221678568,-1.4769348534005378,-0.9325363503382591,-0.8514303669913916,-0.7075548175178509,0.0,0.0,0.0,0.0,0.0,0.0,0.0,0.0,0.0,0.0,0.0,0.0,0.0,0.0,0.0,0.0,0.0,0.0,0.0,0.0,0.0,0.0,0.0,0.0
2025-03-03,10,2025,3,1,0,9.75499152124887,-2.5042088781913225,4.9562977395564625,-0.5716387826806458,-1.2635104842303364,0.45419739327535524,0.27480164070207114,0.16233766505750796,0.840988158388513,0.0,0.0,0.0,0.0,0.0,0.0,0.0,0.0,0.840988158388513,0.0,0.0,0.0,-0.9426792656313855,-1.0201677641591689,-1.4521358162347835,-0.9722236536114474,-0.5075088774836448,-0.5500794934897928,0.0,0.0,0.0,0.0,0.0,0.0,0.0,0.0,0.0,0.0,0.0,0.0,0.0,0.0,0.0,0.0,0.21024703959712826,0.06469139679911638,0.0,0.0,0.0,0.0,0.0,0.0
2025-03-10,11,2025,3,1,0,18.396056244685663,1.0688000835208982,4.764086244689461,-0.5248093170333137,-1.309589578062952,-0.20038071091755466,1.3688854129554588,0.5526714951910318,0.7290985522019591,0.0,0.0,1.3688854129554588,0.0,0.0,0.0,0.0,0.0,0.0,0.0,0.0,0.0,-0.8246874905510369,-1.0020126472901127,-1.4661032848134832,-1.0269148154751297,-0.6156214836590694,-0.5692752135931133,0.0,0.0,0.0,0.0,0.3422213532388647,0.10529887791965067,0.0,0.0,0.0,0.0,0.0,0.0,0.0,0.0,0.0,0.0,0.21024703959712826,0.06469139679911638,0.0,0.0,0.0,0.0,0.0,0.0
2025-03-17,12,2025,3,1,0,14.01137080084699,-1.0514462521064978,5.77777277485109,-0.6278908023086558,-1.271445341828826,-0.22412467868268282,0.5097585281158244,-0.24329937057019896,2.072195534810806,0.0,0.0,0.0,0.0,0.0,0.0,0.0,0.0,0.0,0.0,2.072195534810806,0.0,-0.737107811856284,-0.9494110045285138,-1.3792086053111223,-1.0735353866861352,-0.3805972346172795,-0.545322071018429,0.0,0.0,0.0,0.0,0.3422213532388647,0.10529887791965067,0.0,0.0,0.0,0.0,0.0,0.0,0.0,0.0,0.0,0.0,0.21024703959712826,0.06469139679911638,0.0,0.0,0.5180488837027015,0.15939965652390817,0.0,0.0
2025-03-24,13,2025,3,1,0,16.692100339051947,3.174326963653325,4.55984409069133,-0.24473949200044473,-1.2874051628539738,0.10285293206536084,1.0674452437092847,0.9133445829467195,0.01176937301353029,1.0674452437092847,0.0,0.0,0.0,0.0,0.0,0.0,0.0,0.0,0.0,0.0,0.0,-0.4922695985057648,-0.9014710228232358,-1.2829876417440218,-1.1106007421474768,0.03313623393511943,-0.5420016156433493,0.26686131092732107,0.08211117259302186,0.0,0.0,0.3422213532388647,0.10529887791965067,0.0,0.0,0.0,0.0,0.0,0.0,0.0,0.0,0.0,0.0,0.21024703959712826,0.06469139679911638,0.0,0.0,0.5180488837027015,0.15939965652390817,0.0,0.0
2025-03-31,14,2025,3,1,0,13.030863658550054,2.2786959959753337,4.803918653830885,0.403590575772029,-0.7065656367892243,1.3185292319971795,-0.5216628100046612,0.1765129234402371,0.062153853955736645,0.0,0.0,0.0,0.0,0.0,0.0,0.0,0.0,0.0,0.0,0.0,0.0,-0.2484622588925961,-0.8222516223575482,-1.1437514298837437,-1.1097815353216027,0.24921919361557549,-0.4293140087890105,0.26686131092732107,0.08211117259302186,0.0,0.0,0.3422213532388647,0.10529887791965067,0.0,0.0,0.0,0.0,0.0,0.0,0.0,0.0,0.0,0.0,0.0,0.06469139679911638,0.0,0.0,0.5180488837027015,0.15939965652390817,0.0,0.0
2025-04-07,15,2025,4,1,0,15.283781655317977,0.9393823407722801,4.132304344916316,0.48158259644908097,-0.7020502180708237,-1.1329040782537714,-0.5345227062033605,-1.1521536568086046,-1.1952429984256283,0.0,0.0,0.0,0.0,-1.1521536568086046,-0.0,0.0,0.0,0.0,0.0,0.0,0.0,0.003135719478002591,-0.7419259942682258,-0.9918665898857115,-1.1175591284259254,0.016088351781521293,-0.4777569508323695,0.26686131092732107,0.08211117259302186,0.0,0.0,0.0,0.10529887791965067,0.0,0.0,-0.2880384142021512,-0.08862720436989266,-0.0,-0.0,0.0,0.0,0.0,0.0,0.0,0.06469139679911638,0.0,0.0,0.5180488837027015,0.15939965652390817,0.0,0.0
2025-04-14,16,2025,4,1,0,18.950437483738668,5.051991772557441,5.29550331008445,0.28111793105164334,-0.5765779457617127,-0.2955491267175111,0.7591481103479987,0.4495044618681801,1.3067733689701093,0.7591481103479987,0.0,0.0,0.0,0.0,0.0,0.0,0.0,0.0,0.0,1.3067733689701093,0.0,0.23038790281807736,-0.6428963475631618,-0.8181497408689333,-1.1155470586418799,-0.0017677602271857634,-0.4016385483929604,0.45664833851432074,0.14050718108132945,0.0,0.0,0.0,0.10529887791965067,0.0,0.0,-0.2880384142021512,-0.08862720436989266,0.0,0.0,0.0,0.0,0.0,0.0,0.0,0.06469139679911638,0.0,0.0,0.32669334224252733,0.2599206849062243,0.0,0.0
2025-04-21,17,2025,4,1,0,20.141939925703614,7.573564354155034,3.9513733602931214,0.7218864835095838,-0.22944629335460678,0.7138958530418589,0.9308281036291959,1.2408289948550348,-1.353298574348246,0.9308281036291959,0.0,0.0,0.0,0.0,0.0,0.0,0.0,0.0,0.0,0.0,0.0,0.4720443966955845,-0.5025679683400855,-0.5536600234940916,-1.0823650583267275,0.15099297001693873,-0.22612548016079115,0.4224940534942985,0.2121093428989599,0.0,0.0,0.0,0.10529887791965067,0.0,0.0,-0.2880384142021512,-0.08862720436989266,0.0,0.0,0.0,0.0,0.0,0.0,0.0,0.06469139679911638,0.0,0.0,0.32669334224252733,0.2599206849062243,0.0,0.0
2025-04-28,18,2025,4,1,0,20.83377212649971,7.962732784926264,4.220199379577174,0.4196635060757127,-0.05836441871319953,0.6328839851391659,0.4444768386111248,0.41933299289685577,0.18975458764954617,0.4444768386111248,0.0,0.0,0.0,0.0,0.0,0.0,0.0,0.0,0.0,0.0,0.0,0.47606262927150544,-0.3502078403597324,-0.39160971897508534,-1.024053422559062,-0.02041834169756468,-0.15664005130908965,0.5336132631470797,0.2462998689459695,0.0,0.0,0.0,0.10529887791965067,0.0,0.0,-0.2880384142021512,-0.08862720436989266,0.0,0.0,0.0,0.0,0.0,0.0,0.0,0.06469139679911638,0.0,0.0,0.32669334224252733,0.2599206849062243,0.0,0.0
2025-05-05,19,2025,5,1,0,23.158931775435228,8.144963008083732,3.244580655851595,0.14667918546130357,0.016259144222798422,-0.5617187845786492,0.48630289182062597,-0.36451256954986533,-1.2095963673747878,0.0,0.0,0.0,0.0,0.0,0.0,0.0,0.0,0.0,0.0,0.0,0.0,0.3923367765245611,-0.20874126119604644,-0.21203237840167982,-0.9179791320116658,0.12237798172121586,-0.12896545283393712,0.5336132631470797,0.2462998689459695,0.0,0.0,0.0,0.10529887791965067,0.0,0.0,0.0,-0.08862720436989266,0.0,0.0,0.0,0.0,0.0,0.0,0.0,0.06469139679911638,0.0,0.0,0.32669334224252733,0.2599206849062243,0.0,0.0
2025-05-12,20,2025,5,1,0,25.846162009217526,12.369683590950123,4.746823018556773,0.3968870008672831,-0.05121831102247375,-0.05117816615293204,1.1624091431434065,0.9602342972555713,1.484482750695866,0.0,0.0,1.1624091431434065,0.0,0.0,0.0,0.0,0.0,0.0,0.0,1.484482750695866,0.0,0.42127904397847105,-0.10153638287127788,-0.08069246971687008,-0.8254790248789211,0.18347072186236063,-0.15075375129063526,0.3438262355600801,0.2462998689459695,0.0,0.0,0.2906022857858516,0.1947149658537589,0.0,0.0,0.0,-0.08862720436989266,0.0,0.0,0.0,0.0,0.0,0.0,0.0,0.06469139679911638,0.0,0.0,0.3711206876739665,0.3741116657289832,0.0,0.0
2025-05-19,21,2025,5,1,0,19.58417442236134,8.670133618323902,4.04781341309186,0.5868002364631453,0.345885005686068,1.12415185597246,-1.5410322069392466,-1.5048242633091107,0.441769284676571,0.0,0.0,0.0,0.0,0.0,0.0,-1.5048242633091107,-0.0,0.0,0.0,0.0,0.0,0.3875074822168614,0.0188489827864769,0.06314035504329862,-0.6743321736847414,0.2860347225950109,0.02527498184954186,0.11111920965278109,0.2462998689459695,0.0,0.0,0.2906022857858516,0.1947149658537589,0.0,0.0,0.0,-0.08862720436989266,0.0,0.0,-0.37620606582727767,-0.11575571256223928,-0.0,-0.0,0.0,0.06469139679911638,0.0,0.0,0.3711206876739665,0.3741116657289832,0.0,0.0
2025-05-26,22,2025,5,1,0,22.28951008672452,10.832048237957787,2.94378388657652,0.45532474572449166,0.513303231513272,0.11535494046877136,-1.8836595628363704,-1.776681284319007,-1.2023052672526162,0.0,0.0,0.0,0.0,0.0,0.0,-1.776681284319007,-0.0,0.0,0.0,0.0,0.0,0.39642279212905607,0.14803491287317025,0.2060572675999165,-0.5062096930204608,0.15665246142741227,0.1535392805120808,0.0,0.2462998689459695,0.0,0.0,0.2906022857858516,0.1947149658537589,0.0,0.0,0.0,-0.08862720436989266,0.0,0.0,-0.8203763869070294,-0.25242350366370137,-0.0,-0.0,0.0,0.06469139679911638,0.0,0.0,0.3711206876739665,0.3741116657289832,0.0,0.0
2025-06-02,23,2025,6,0,0,25.759613333122534,13.499976145629367,3.236013943697635,0.7876971845474612,0.6318671393315163,0.9711561536566623,-0.6425948549633761,-0.5418418318545268,-0.584706916620037,0.0,0.0,0.0,0.0,-0.0,-0.0,0.0,0.0,0.0,0.0,0.0,0.0,0.5566772919005956,0.2525992180445631,0.35995926637709597,-0.3604114142849336,0.5398711959862401,0.1933053390029506,0.0,0.2462998689459695,0.0,0.0,0.2906022857858516,0.1947149658537589,0.0,0.0,-0.0,-0.08862720436989266,-0.0,-0.0,-0.8203763869070294,-0.25242350366370137,0.0,0.0,0.0,0.0,0.0,0.0,0.3711206876739665,0.3741116657289832,0.0,0.0
2025-06-09,24,2025,6,0,0,26.904282220982683,14.7147099131592,3.2640153142093826,0.9279152795006173,0.6916668382434766,0.4539453445183374,-0.419429824280254,-0.31591755442041536,-0.6762079441323268,0.0,0.0,0.0,0.0,0.0,0.0,0.0,0.0,0.0,0.0,0.0,0.0,0.6894343615589291,0.36434726393178857,0.5456805536935836,-0.206468613030593,0.6661520736540575,0.24363811249801917,0.0,0.2462998689459695,0.0,0.0,0.0,0.08941608793410818,0.0,0.0,0.0,-0.08862720436989266,0.0,0.0,-0.8203763869070294,-0.25242350366370137,0.0,0.0,0.0,0.0,0.0,0.0,0.0,0.3741116657289832,0.0,0.0
2025-06-16,25,2025,6,0,0,29.921645457772286,18.44736746422891,4.188374356971426,0.7703241592640454,0.84473308887041,0.8134013492189428,0.765779788643596,1.4381034700794468,1.6265429245015797,0.0,0.0,0.0,0.0,0.0,0.0,0.0,0.0,0.0,0.0,0.0,0.0,0.7353153422591541,0.4719022609758425,0.670392574489669,-0.04368565682295943,0.5884644469656782,0.32344780695199044,0.0,0.2462998689459695,0.0,0.0,0.0,0.08941608793410818,0.0,0.0,0.0,-0.08862720436989266,0.0,0.0,-0.44417032107975174,-0.25242350366370137,0.0,0.0,0.0,0.0,0.0,0.0,0.0,0.21471200920507505,0.0,0.0
2025-06-23,26,2025,6,0,0,30.753028247565798,19.53480249687342,3.1217377433399993,1.0405312723108977,0.9936863751798037,0.9412344400697085,1.0232570111250736,1.8464533655785997,-0.47881865448417404,0.0,0.0,0.0,0.0,0.0,0.0,0.0,0.0,0.0,0.0,0.0,0.0,0.8816169739057557,0.5707692428459458,0.790488360406302,0.1317829230257927,0.7949343218659125,0.38793869218309407,0.0,0.16418869635294764,0.0,0.0,0.0,0.08941608793410818,0.0,0.0,0.0,-0.08862720436989266,0.0,0.0,0.0,-0.25242350366370137,0.0,0.0,0.0,0.0,0.0,0.0,0.0,0.21471200920507505,0.0,0.0
2025-06-30,27,2025,6,0,0,30.682575561741672,18.686421765141002,2.9861588127492533,0.9387972167092398,0.7207452524780344,0.5633036964564615,0.5807100257147849,0.6944534050604712,0.08101531795429033,0.0,0.0,0.0,0.0,0.0,0.0,0.0,0.0,0.0,0.0,0.0,0.0,0.9193919819462002,0.6119389844565005,0.8127078886929315,0.24157606835404338,0.6929712075658623,0.3298444202184234,0.0,0.16418869635294764,0.0,0.0,0.0,0.08941608793410818,0.0,0.0,0.0,-0.08862720436989266,0.0,0.0,0.0,-0.25242350366370137,0.0,0.0,0.0,0.0,0.0,0.0,0.0,0.21471200920507505,0.0,0.0
2025-07-07,28,2025,7,0,0,29.972678665516042,18.331388977134896,2.6424946023930183,1.1387136321162208,0.9833873941965268,0.942753011570175,0.09233136427870917,0.5609730603217845,-1.0569692648349296,0.0,0.0,0.0,0.0,0.0,0.0,0.0,0.0,0.0,0.0,0.0,0.0,0.9720915701001012,0.662487525661665,0.885638027681194,0.37122511545153186,0.8151731243288217,0.4895103502048809,0.0,0.16418869635294764,0.0,0.0,0.0,0.08941608793410818,0.0,0.0,0.0,0.0,0.0,0.0,0.0,-0.25242350366370137,0.0,0.0,0.0,0.0,0.0,0.0,0.0,0.21471200920507505,0.0,0.0
2025-07-14,29,2025,7,0,0,29.052960683461833,18.232244447007506,3.0043657173317784,1.098139694489713,1.110070214689704,1.0321064039154504,-0.5738588993555269,-0.06989115893914162,-0.14876392782020886,0.0,0.0,0.0,0.0,0.0,0.0,0.0,0.0,0.0,0.0,0.0,0.0,1.054045453906518,0.7253353536184396,0.9519723091360175,0.5009672816401024,0.8698493880029486,0.5916376987151086,0.0,0.10579268786464002,0.0,0.0,0.0,0.08941608793410818,0.0,0.0,0.0,0.0,0.0,0.0,0.0,-0.25242350366370137,0.0,0.0,0.0,0.0,0.0,0.0,0.0,0.11419098082275893,0.0,0.0
2025-07-21,30,2025,7,0,0,30.725109063593237,20.064642042187177,2.9660671876196236,1.1431345190585045,1.2132734832991217,0.8670404898993294,0.607724455702205,1.4909410226180353,0.43480468851047666,0.0,0.0,0.0,0.0,0.0,0.0,0.0,0.0,0.0,0.0,0.0,0.0,1.0796962655934197,0.7577390486606643,1.006869086165847,0.6119457259980815,0.8513009004603539,0.6034180553964525,0.0,0.03419052604700957,0.0,0.0,0.0,0.08941608793410818,0.0,0.0,0.0,0.0,0.0,0.0,0.0,-0.25242350366370137,0.0,0.0,0.0,0.0,0.0,0.0,0.0,0.11419098082275893,0.0,0.0
2025-07-28,31,2025,7,0,0,28.852362374509998,17.42477869316201,2.9284961939339516,1.268465963293646,1.21277030416243,0.7922476736726928,-0.2837148348671374,0.13192471419571233,0.47966113705742197,0.0,0.0,0.0,0.0,0.0,0.0,0.0,0.0,0.0,0.0,0.0,0.0,1.1621134522395211,0.8230315453697361,1.129875349086946,0.7097253200654376,0.9085368947644117,0.6156768006682624,0.0,0.0,0.0,0.0,0.0,0.08941608793410818,0.0,0.0,0.0,0.0,0.0,0.0,0.0,-0.25242350366370137,0.0,0.0,0.0,0.0,0.0,0.0,0.0,0.11419098082275893,0.0,0.0
2025-08-04,32,2025,8,0,0,29.390734312386666,18.080182950612432,3.077991532812106,1.0102899286553713,1.2406840730891273,0.07555126225836953,0.3299166631762254,0.8868390541967963,0.9598535291206034,0.0,0.0,0.0,0.0,0.0,0.0,0.0,0.0,0.0,0.0,0.0,0.0,1.1300075263743088,0.889463141000049,1.194199518810096,0.8039118530551552,0.6917364574364604,0.6646975735018792,0.0,0.0,0.0,0.0,0.0,0.08941608793410818,0.0,0.0,0.0,0.0,0.0,0.0,0.0,-0.25242350366370137,0.0,0.0,0.0,0.0,0.0,0.0,0.0,0.11419098082275893,0.0,0.0
2025-08-11,33,2025,8,0,0,30.657207335837995,18.70567923589412,2.6176763386329105,0.8789809971044669,1.2750519047124553,0.616956951995604,1.6359222399925042,1.5281064350471718,-0.4308969085903336,0.0,0.0,0.0,0.0,0.0,0.0,0.0,0.0,0.0,0.0,0.0,0.0,1.0752178520279974,0.9265472945567554,1.235444941315784,0.905932638880919,0.5879490944564987,0.7160925825902281,0.0,0.0,0.0,0.0,0.0,0.0,0.0,0.0,0.0,0.0,0.0,0.0,0.0,-0.25242350366370137,0.0,0.0,0.0,0.0,0.0,0.0,0.0,0.0,0.0,0.0
2025-08-18,34,2025,8,0,0,28.833407044452827,17.223934545715572,2.794841062848737,0.575837128835708,1.1321610470988839,0.30953898354221804,0.09342118134848641,0.6697928729909094,-0.5512260144352766,0.0,0.0,0.0,0.0,0.0,0.0,0.0,0.0,0.0,0.0,0.0,0.0,0.9333935044722983,0.9257039785854142,1.2151668322657245,0.9664154112972896,0.44857371786722083,0.6534300539417479,0.0,0.0,0.0,0.0,0.0,0.0,0.0,0.0,0.0,0.0,0.0,0.0,0.0,-0.13666779110146207,0.0,0.0,0.0,0.0,0.0,0.0,0.0,0.0,0.0,0.0
2025-08-25,35,2025,8,0,0,24.99446819878493,12.109813307045778,2.33369604774114,-0.039063120788250416,1.0657241344197277,-0.44853295121947834,-1.4255733693966761,-1.7515025996977391,-1.958297704621154,0.0,0.0,0.0,0.0,0.0,0.0,-0.0,-0.0,0.0,0.0,0.0,0.0,0.6065112334518241,0.8876741426998186,1.178405289830049,1.0089093269054783,0.1383785616441781,0.6100540622734211,0.0,0.0,0.0,0.0,0.0,0.0,0.0,0.0,0.0,0.0,0.0,0.0,-0.0,-0.0,-0.0,-0.0,0.0,0.0,0.0,0.0,0.0,0.0,0.0,0.0
2025-09-01,36,2025,9,0,1,23.806977358509936,10.44671388274531,2.889269373360603,0.0021634249271778702,0.8285299039385731,-0.06905073147527847,-1.5637093026052435,-1.3694949917345525,-0.3750698846583407,0.0,0.0,0.0,0.0,0.0,0.0,-0.0,-1.3694949917345525,0.0,0.0,0.0,0.0,0.3544796075197758,0.8272484688828736,1.0753667475424102,1.0240372318752518,0.10222806321076608,0.5300381480325025,0.0,0.0,0.0,0.0,0.0,0.0,0.0,0.0,0.0,0.0,0.0,0.0,-0.0,-0.0,-0.3423737479336381,-0.10534576859496557,0.0,0.0,0.0,0.0,0.0,0.0,0.0,0.0
2025-09-08,37,2025,9,0,1,27.477434214360876,12.79227520300404,2.658685570786503,-0.4685971152446577,0.6696122726815966,-0.723211177055911,0.7362137241039011,0.02251999529355621,-0.8566291380947687,0.0,0.7362137241039011,0.0,0.0,0.0,0.0,0.0,0.0,0.0,0.0,0.0,0.0,0.01758507943249467,0.7198244385178525,0.9240068395346956,1.0223407268320304,-0.23281396905211266,0.4394876463729449,0.0,0.0,0.18405343102597527,0.056631824931069316,0.0,0.0,0.0,0.0,0.0,0.0,0.0,0.0,0.0,0.0,-0.3423737479336381,-0.10534576859496557,0.0,0.0,0.0,0.0,0.0,0.0,0.0,0.0
2025-09-15,38,2025,9,0,1,28.21368685566454,14.892880006610488,2.2676026486664247,-0.8648659844292274,0.535383218610461,0.05145337493118392,1.0002136966485788,0.9369003252979174,-2.13103663724812,0.0,1.0002136966485788,0.0,0.0,0.0,0.0,0.0,0.0,0.0,0.0,0.0,0.0,-0.34259069888373916,0.5940405813106776,0.7748123824125899,0.9985445829658806,-0.2973353712048712,0.38087626373542505,0.0,0.0,0.43410685518812,0.13357134005788307,0.0,0.0,0.0,0.0,0.0,0.0,0.0,0.0,0.0,0.0,-0.3423737479336381,-0.10534576859496557,0.0,0.0,0.0,0.0,0.0,0.0,0.0,0.0
2025-09-22,39,2025,9,0,1,26.64989935881411,13.296868927777215,2.312586463910036,-0.2946853586369115,0.4486279911839057,0.40485080391579675,1.3075134286069672,1.1310675491970021,-1.7105324225634677,0.0,0.0,0.0,1.3075134286069672,0.0,0.0,0.0,0.0,0.0,0.0,0.0,0.0,-0.40649625834590447,0.4913316096993078,0.6205383466036345,0.9566170149661961,-0.08398943242105243,0.33961598403127796,0.0,0.0,0.43410685518812,0.13357134005788307,0.0,0.0,0.3268783571517418,0.10057795604668979,0.0,0.0,0.0,0.0,0.0,0.0,-0.3423737479336381,-0.10534576859496557,0.0,0.0,0.0,0.0,0.0,0.0,0.0,0.0
2025-09-29,40,2025,9,0,1,28.863317476826342,13.39548286727693,3.1358302439195267,-0.6444751444864756,0.242775241909439,-1.7732756601921034,2.2457194224141914,1.5512772418690723,-0.7140344941952363,0.0,0.0,0.0,2.2457194224141914,0.0,0.0,0.0,0.0,0.0,0.0,0.0,0.0,-0.5681559006993178,0.36954142806886814,0.4740996810963509,0.9198500910763041,-0.5100456646002587,0.1598791104429268,0.0,0.0,0.43410685518812,0.13357134005788307,0.0,0.0,0.8883082127552897,0.2733256039247045,0.0,0.0,0.0,0.0,0.0,0.0,0.0,-0.10534576859496557,0.0,0.0,0.0,0.0,0.0,0.0,0.0,0.0
2025-10-06,41,2025,10,0,1,22.31128854202253,8.504907713918959,3.314750364822127,-0.2650602191312343,0.08139848762861927,0.22001619226357683,0.8311061307199713,1.005809650237589,-0.5926812708328112,0.0,0.8311061307199713,0.0,0.0,0.0,0.0,0.0,0.0,0.0,0.0,0.0,0.0,-0.517271676670962,0.2615588241267562,0.3270462348331066,0.8504663290326188,-0.2742388222703867,0.10428397049626542,0.0,0.0,0.45782995684213756,0.19750258088249625,0.0,0.0,0.8883082127552896,0.2733256039247045,0.0,0.0,0.0,0.0,0.0,0.0,0.0,-0.10534576859496557,0.0,0.0,0.0,0.0,0.0,0.0,0.0,0.0
2025-10-13,42,2025,10,0,1,21.72044612164761,9.443627816630546,3.6202814458368953,-0.14334654568159433,-0.12285114161441738,0.26052300625976177,1.3162684930134296,2.256558515800838,-0.2778847353618642,0.0,0.0,0.0,1.3162684930134296,0.0,0.0,0.0,0.0,0.0,0.0,0.0,0.0,-0.33689181698405374,0.1660598825751172,0.16248764477688699,0.7556262247015326,-0.22197141443824223,0.04493140144582782,0.0,0.0,0.20777653267999283,0.19750258088249625,0.0,0.0,1.217375336008647,0.3745770264641991,0.0,0.0,0.0,0.0,0.0,0.0,0.0,-0.10534576859496557,0.0,0.0,0.0,0.0,0.0,0.0,0.0,0.0
2025-10-20,43,2025,10,0,1,16.173387168903602,3.57776740787351,3.923925526927495,-0.6767924217452173,-0.37754879337051767,-0.6299720694160945,-0.05595592545171017,-0.2507326407676772,0.05326752222948908,0.0,0.0,0.0,0.0,0.0,0.0,0.0,0.0,0.0,0.0,0.0,0.0,-0.4324185827611302,0.026065502513292434,-0.04405655136171886,0.6332552803423296,-0.48067713277121504,-0.07022341080920479,0.0,0.0,0.20777653267999283,0.19750258088249625,0.0,0.0,0.8904969788569053,0.3745770264641991,0.0,0.0,0.0,0.0,0.0,0.0,0.0,-0.10534576859496557,0.0,0.0,0.0,0.0,0.0,0.0,0.0,0.0
2025-10-27,44,2025,10,0,1,13.233279243847742,2.877825677625435,3.8044622532304886,-0.23739222226939866,-0.45812755051987125,0.10327466703427805,-0.16899250056078166,0.3462496944359043,0.006226262331836022,0.0,0.0,0.0,0.0,0.0,0.0,0.0,0.0,0.0,0.0,0.0,0.0,-0.330647852206861,-0.0897697425300187,-0.21928224946904643,0.5047246761359987,-0.011539550964619661,-0.12322133439677513,0.0,0.0,0.20777653267999283,0.19750258088249625,0.0,0.0,0.3290671232533573,0.3745770264641991,0.0,0.0,0.0,0.0,0.0,0.0,0.0,-0.10534576859496557,0.0,0.0,0.0,0.0,0.0,0.0,0.0,0.0
2025-11-03,45,2025,11,0,1,15.222732633889166,1.3744270356639066,4.148310905845024,-0.5239696852706432,-0.6132940875810526,-0.6745484458195499,0.43025250022957723,0.020127189078584764,0.49553592850182243,0.0,0.0,0.0,0.0,0.0,0.0,0.0,0.0,0.0,0.0,0.0,0.0,-0.3953752187417132,-0.2077897128320198,-0.3929553932714644,0.3621109714690618,-0.23518071048540135,-0.18092131194123048,0.0,0.0,0.0,0.19750258088249625,0.0,0.0,0.3290671232533573,0.3745770264641991,0.0,0.0,0.0,0.0,0.0,0.0,0.0,-0.10534576859496557,0.0,0.0,0.0,0.0,0.0,0.0,0.0,0.0
2025-11-10,46,2025,11,0,1,13.842624650927126,-0.1830846206041629,3.936328766738825,-0.7528495522873765,-0.9470396668201917,-1.9374961092112124,0.7494598864785368,0.449709376173687,-0.18644502886794923,0.0,0.7494598864785368,0.0,0.0,0.0,0.0,0.0,0.0,0.0,0.0,0.0,0.0,-0.5477509703931588,-0.3333151397083155,-0.599002524572908,0.1911808505819351,-0.7846854893531449,-0.37741770126483176,0.0,0.0,0.1873649716196342,0.2551533413808452,0.0,0.0,0.0,0.3745770264641991,0.0,0.0,0.0,0.0,0.0,0.0,0.0,-0.10534576859496557,0.0,0.0,0.0,0.0,0.0,0.0,0.0,0.0
2025-11-17,47,2025,11,0,1,11.509621148143083,1.9068785679575846,2.8534191151223958,-0.8822828510385211,-0.9539707371825153,-0.05706219796742465,0.8320222548752676,1.418419697479389,-1.8050815129253042,0.0,0.8320222548752676,0.0,0.0,0.0,0.0,0.0,0.0,0.0,0.0,0.0,0.0,-0.5991235777164847,-0.4454782150832562,-0.7431080105259074,0.03070917486798131,-0.6414580214909775,-0.40561779215018884,0.0,0.0,0.3953705353384511,0.31915505329432736,0.0,0.0,0.0,0.3745770264641991,0.0,0.0,0.0,0.0,0.0,0.0,0.0,-0.10534576859496557,0.0,0.0,0.0,0.0,0.0,0.0,0.0,0.0
2025-11-24,48,2025,11,0,1,6.073252226657112,-3.0113264338432035,4.807403114974491,-0.8231170582085079,-0.8267104015102869,0.33447064235537055,-0.4291544425713155,0.09789120196895436,1.1535459790924816,0.0,0.0,0.0,0.0,0.0,0.0,0.0,0.0,0.0,1.1535459790924816,0.0,0.0,-0.745554786701262,-0.5057900564232759,-0.8352537232735113,-0.11486271251125056,-0.5836590276607043,-0.3453867464905851,0.0,0.0,0.3953705353384511,0.31915505329432736,0.0,0.0,0.0,0.3745770264641991,0.0,0.0,0.0,0.0,0.0,0.0,0.0,-0.10534576859496557,0.0,0.0,0.2883864947731204,0.08873430608403704,0.0,0.0,0.0,0.0
2025-12-01,49,2025,12,0,0,0.16205292157082976,-9.511467931450868,3.4893406651249053,-0.6287161587435025,-0.8423855796887447,-0.4584201535901881,-1.4150307866296319,-1.438306180965103,-0.6469698048272178,0.0,0.0,0.0,0.0,0.0,0.0,-0.0,-0.0,0.0,0.0,0.0,0.0,-0.7717414050694769,-0.5543192551671745,-0.8925265963004344,-0.243394672790275,-0.5296269546033638,-0.3753382404994243,0.0,0.0,0.3953705353384511,0.31915505329432736,0.0,0.0,0.0,0.3745770264641991,0.0,0.0,0.0,0.0,-0.0,-0.0,-0.0,-0.0,0.0,0.0,0.2883864947731204,0.08873430608403704,0.0,0.0,0.0,0.0
2025-12-08,50,2025,12,0,0,1.1331495900264958,-9.103364119829973,4.345921999892909,-0.6282646161643999,-0.8412584792943597,-0.6702007240944128,-0.6701058193800895,-0.7137614507647457,0.6842530792793661,0.0,0.0,0.0,0.0,-0.0,-0.0,0.0,0.0,0.0,0.0,0.0,0.0,-0.7405951710387327,-0.5666013706225392,-0.8660812994189764,-0.3596154998653486,-0.212803108324164,-0.3712605133485398,0.0,0.0,0.2080055637188169,0.26252322836325803,0.0,0.0,0.0,0.3745770264641991,-0.0,-0.0,-0.0,-0.0,0.0,0.0,0.0,0.0,0.0,0.0,0.2883864947731204,0.08873430608403704,0.0,0.0,0.0,0.0
2025-12-15,51,2025,12,0,0,5.766307248263435,-8.07513151490719,4.718012475492453,-0.7650103072426241,-1.0276605959716603,-0.5663802084792381,0.5649652743578407,-0.6304576533769299,1.2901073840364468,0.0,0.0,0.0,0.0,-0.0,-0.0,0.0,0.0,0.0,0.0,0.0,0.0,-0.7112770350897585,-0.5589201646851082,-0.8845037641162625,-0.47984963944858866,-0.34013261095211733,-0.41878617361088,0.0,0.0,0.0,0.18558371323644426,0.0,0.0,0.0,0.3745770264641991,-0.0,-0.0,-0.0,-0.0,0.0,0.0,0.0,0.0,0.0,0.0,0.2883864947731204,0.08873430608403704,0.0,0.0,0.0,0.0
2025-12-22,52,2025,12,0,0,10.701145069224749,0.00833830758119447,3.835750709095263,-1.0519889474065791,-1.248914045922422,-0.9946951220747151,1.397674092031665,1.1568681094246593,-0.6598887172909733,0.0,0.0,0.0,0.0,0.0,0.0,0.0,0.0,0.0,0.0,0.0,0.0,-0.7684950073892762,-0.6171742868981596,-0.9900546752192962,-0.6104297961490754,-0.6724240520596387,-0.526443552533227,0.0,0.0,0.0,0.18558371323644426,0.0,0.0,0.0,0.2739990704175093,0.0,0.0,0.0,0.0,0.0,0.0,0.0,0.0,0.0,0.0,0.0,0.08873430608403704,0.0,0.0,0.0,0.0
2025-12-29,1,2025,12,0,0,2.4813552880434777,-10.283344170848924,5.829816633118098,-1.2459584632346925,-1.1378718916063109,-0.3342805795975727,0.3905112626845966,-0.1967337516051974,2.353573805167967,0.0,0.0,0.0,0.0,0.0,0.0,0.0,0.0,0.0,0.0,0.0,0.0,-0.9228055835120736,-0.6634422344941763,-1.0639262531986877,-0.7166334218041333,-0.6413891585614849,-0.4157516232567247,0.0,0.0,0.0,0.18558371323644426,0.0,0.0,0.0,0.10125142253949455,0.0,0.0,0.0,0.0,0.0,0.0,0.0,0.0,0.0,0.0,0.0,0.08873430608403704,0.0,0.0,0.0,0.0
