n_selected,selection_method,selection_reused,test_dates,test_end,test_end_date,test_start,test_start_date,train_end,train_end_date,train_start,train_start_date,window_id,selected_feature
8,lasso,False,2016-03-07T00:00:00,313,2016-03-07T00:00:00,312,2016-03-07T00:00:00,312,2016-02-29T00:00:00,0,2009-04-20T00:00:00,0,DJIA_Index
8,lasso,False,2016-03-07T00:00:00,313,2016-03-07T00:00:00,312,2016-03-07T00:00:00,312,2016-02-29T00:00:00,0,2009-04-20T00:00:00,0,corn_weekly_rv
8,lasso,False,2016-03-07T00:00:00,313,2016-03-07T00:00:00,312,2016-03-07T00:00:00,312,2016-02-29T00:00:00,0,2009-04-20T00:00:00,0,soybeans_monthly_rv
8,lasso,False,2016-03-07T00:00:00,313,2016-03-07T00:00:00,312,2016-03-07T00:00:00,312,2016-02-29T00:00:00,0,2009-04-20T00:00:00,0,soybeans_seasonal_rv
8,lasso,False,2016-03-07T00:00:00,313,2016-03-07T00:00:00,312,2016-03-07T00:00:00,312,2016-02-29T00:00:00,0,2009-04-20T00:00:00,0,soybeans_weekly_rv
8,lasso,False,2016-03-07T00:00:00,313,2016-03-07T00:00:00,312,2016-03-07T00:00:00,312,2016-02-29T00:00:00,0,2009-04-20T00:00:00,0,soybeans_weekly_rvg
8,lasso,False,2016-03-07T00:00:00,313,2016-03-07T00:00:00,312,2016-03-07T00:00:00,312,2016-02-29T00:00:00,0,2009-04-20T00:00:00,0,ssta_elino
8,lasso,False,2016-03-07T00:00:00,313,2016-03-07T00:00:00,312,2016-03-07T00:00:00,312,2016-02-29T00:00:00,0,2009-04-20T00:00:00,0,tmin_very_cold_in_harvesting
8,lasso,True,2016-05-02T00:00:00,321,2016-05-02T00:00:00,320,2016-05-02T00:00:00,320,2016-04-25T00:00:00,0,2009-04-20T00:00:00,1,DJIA_Index
8,lasso,True,2016-05-02T00:00:00,321,2016-05-02T00:00:00,320,2016-05-02T00:00:00,320,2016-04-25T00:00:00,0,2009-04-20T00:00:00,1,corn_weekly_rv
8,lasso,True,2016-05-02T00:00:00,321,2016-05-02T00:00:00,320,2016-05-02T00:00:00,320,2016-04-25T00:00:00,0,2009-04-20T00:00:00,1,soybeans_monthly_rv
8,lasso,True,2016-05-02T00:00:00,321,2016-05-02T00:00:00,320,2016-05-02T00:00:00,320,2016-04-25T00:00:00,0,2009-04-20T00:00:00,1,soybeans_seasonal_rv
8,lasso,True,2016-05-02T00:00:00,321,2016-05-02T00:00:00,320,2016-05-02T00:00:00,320,2016-04-25T00:00:00,0,2009-04-20T00:00:00,1,soybeans_weekly_rv
8,lasso,True,2016-05-02T00:00:00,321,2016-05-02T00:00:00,320,2016-05-02T00:00:00,320,2016-04-25T00:00:00,0,2009-04-20T00:00:00,1,soybeans_weekly_rvg
8,lasso,True,2016-05-02T00:00:00,321,2016-05-02T00:00:00,320,2016-05-02T00:00:00,320,2016-04-25T00:00:00,0,2009-04-20T00:00:00,1,ssta_elino
8,lasso,True,2016-05-02T00:00:00,321,2016-05-02T00:00:00,320,2016-05-02T00:00:00,320,2016-04-25T00:00:00,0,2009-04-20T00:00:00,1,tmin_very_cold_in_harvesting
8,lasso,True,2016-07-11T00:00:00,329,2016-07-11T00:00:00,328,2016-07-11T00:00:00,328,2016-06-27T00:00:00,0,2009-04-20T00:00:00,2,DJIA_Index
8,lasso,True,2016-07-11T00:00:00,329,2016-07-11T00:00:00,328,2016-07-11T00:00:00,328,2016-06-27T00:00:00,0,2009-04-20T00:00:00,2,corn_weekly_rv
8,lasso,True,2016-07-11T00:00:00,329,2016-07-11T00:00:00,328,2016-07-11T00:00:00,328,2016-06-27T00:00:00,0,2009-04-20T00:00:00,2,soybeans_monthly_rv
8,lasso,True,2016-07-11T00:00:00,329,2016-07-11T00:00:00,328,2016-07-11T00:00:00,328,2016-06-27T00:00:00,0,2009-04-20T00:00:00,2,soybeans_seasonal_rv
8,lasso,True,2016-07-11T00:00:00,329,2016-07-11T00:00:00,328,2016-07-11T00:00:00,328,2016-06-27T00:00:00,0,2009-04-20T00:00:00,2,soybeans_weekly_rv
8,lasso,True,2016-07-11T00:00:00,329,2016-07-11T00:00:00,328,2016-07-11T00:00:00,328,2016-06-27T00:00:00,0,2009-04-20T00:00:00,2,soybeans_weekly_rvg
8,lasso,True,2016-07-11T00:00:00,329,2016-07-11T00:00:00,328,2016-07-11T00:00:00,328,2016-06-27T00:00:00,0,2009-04-20T00:00:00,2,ssta_elino
8,lasso,True,2016-07-11T00:00:00,329,2016-07-11T00:00:00,328,2016-07-11T00:00:00,328,2016-06-27T00:00:00,0,2009-04-20T00:00:00,2,tmin_very_cold_in_harvesting
8,lasso,True,2016-09-12T00:00:00,337,2016-09-12T00:00:00,336,2016-09-12T00:00:00,336,2016-08-29T00:00:00,0,2009-04-20T00:00:00,3,DJIA_Index
8,lasso,True,2016-09-12T00:00:00,337,2016-09-12T00:00:00,336,2016-09-12T00:00:00,336,2016-08-29T00:00:00,0,2009-04-20T00:00:00,3,corn_weekly_rv
8,lasso,True,2016-09-12T00:00:00,337,2016-09-12T00:00:00,336,2016-09-12T00:00:00,336,2016-08-29T00:00:00,0,2009-04-20T00:00:00,3,soybeans_monthly_rv
8,lasso,True,2016-09-12T00:00:00,337,2016-09-12T00:00:00,336,2016-09-12T00:00:00,336,2016-08-29T00:00:00,0,2009-04-20T00:00:00,3,soybeans_seasonal_rv
8,lasso,True,2016-09-12T00:00:00,337,2016-09-12T00:00:00,336,2016-09-12T00:00:00,336,2016-08-29T00:00:00,0,2009-04-20T00:00:00,3,soybeans_weekly_rv
8,lasso,True,2016-09-12T00:00:00,337,2016-09-12T00:00:00,336,2016-09-12T00:00:00,336,2016-08-29T00:00:00,0,2009-04-20T00:00:00,3,soybeans_weekly_rvg
8,lasso,True,2016-09-12T00:00:00,337,2016-09-12T00:00:00,336,2016-09-12T00:00:00,336,2016-08-29T00:00:00,0,2009-04-20T00:00:00,3,ssta_elino
8,lasso,True,2016-09-12T00:00:00,337,2016-09-12T00:00:00,336,2016-09-12T00:00:00,336,2016-08-29T00:00:00,0,2009-04-20T00:00:00,3,tmin_very_cold_in_harvesting
6,lasso,False,2016-11-14T00:00:00,345,2016-11-14T00:00:00,344,2016-11-14T00:00:00,344,2016-11-07T00:00:00,0,2009-04-20T00:00:00,4,DJIA_Index
6,lasso,False,2016-11-14T00:00:00,345,2016-11-14T00:00:00,344,2016-11-14T00:00:00,344,2016-11-07T00:00:00,0,2009-04-20T00:00:00,4,soybeans_monthly_rv
6,lasso,False,2016-11-14T00:00:00,345,2016-11-14T00:00:00,344,2016-11-14T00:00:00,344,2016-11-07T00:00:00,0,2009-04-20T00:00:00,4,soybeans_seasonal_rv
6,lasso,False,2016-11-14T00:00:00,345,2016-11-14T00:00:00,344,2016-11-14T00:00:00,344,2016-11-07T00:00:00,0,2009-04-20T00:00:00,4,soybeans_weekly_rv
6,lasso,False,2016-11-14T00:00:00,345,2016-11-14T00:00:00,344,2016-11-14T00:00:00,344,2016-11-07T00:00:00,0,2009-04-20T00:00:00,4,soybeans_weekly_rvg
6,lasso,False,2016-11-14T00:00:00,345,2016-11-14T00:00:00,344,2016-11-14T00:00:00,344,2016-11-07T00:00:00,0,2009-04-20T00:00:00,4,ssta_elino
6,lasso,True,2017-01-30T00:00:00,353,2017-01-30T00:00:00,352,2017-01-30T00:00:00,352,2017-01-23T00:00:00,0,2009-04-20T00:00:00,5,DJIA_Index
6,lasso,True,2017-01-30T00:00:00,353,2017-01-30T00:00:00,352,2017-01-30T00:00:00,352,2017-01-23T00:00:00,0,2009-04-20T00:00:00,5,soybeans_monthly_rv
6,lasso,True,2017-01-30T00:00:00,353,2017-01-30T00:00:00,352,2017-01-30T00:00:00,352,2017-01-23T00:00:00,0,2009-04-20T00:00:00,5,soybeans_seasonal_rv
6,lasso,True,2017-01-30T00:00:00,353,2017-01-30T00:00:00,352,2017-01-30T00:00:00,352,2017-01-23T00:00:00,0,2009-04-20T00:00:00,5,soybeans_weekly_rv
6,lasso,True,2017-01-30T00:00:00,353,2017-01-30T00:00:00,352,2017-01-30T00:00:00,352,2017-01-23T00:00:00,0,2009-04-20T00:00:00,5,soybeans_weekly_rvg
6,lasso,True,2017-01-30T00:00:00,353,2017-01-30T00:00:00,352,2017-01-30T00:00:00,352,2017-01-23T00:00:00,0,2009-04-20T00:00:00,5,ssta_elino
6,lasso,True,2017-04-03T00:00:00,361,2017-04-03T00:00:00,360,2017-04-03T00:00:00,360,2017-03-27T00:00:00,0,2009-04-20T00:00:00,6,DJIA_Index
6,lasso,True,2017-04-03T00:00:00,361,2017-04-03T00:00:00,360,2017-04-03T00:00:00,360,2017-03-27T00:00:00,0,2009-04-20T00:00:00,6,soybeans_monthly_rv
6,lasso,True,2017-04-03T00:00:00,361,2017-04-03T00:00:00,360,2017-04-03T00:00:00,360,2017-03-27T00:00:00,0,2009-04-20T00:00:00,6,soybeans_seasonal_rv
6,lasso,True,2017-04-03T00:00:00,361,2017-04-03T00:00:00,360,2017-04-03T00:00:00,360,2017-03-27T00:00:00,0,2009-04-20T00:00:00,6,soybeans_weekly_rv
6,lasso,True,2017-04-03T00:00:00,361,2017-04-03T00:00:00,360,2017-04-03T00:00:00,360,2017-03-27T00:00:00,0,2009-04-20T00:00:00,6,soybeans_weekly_rvg
6,lasso,True,2017-04-03T00:00:00,361,2017-04-03T00:00:00,360,2017-04-03T00:00:00,360,2017-03-27T00:00:00,0,2009-04-20T00:00:00,6,ssta_elino
6,lasso,True,2017-06-05T00:00:00,369,2017-06-05T00:00:00,368,2017-06-05T00:00:00,368,2017-05-22T00:00:00,0,2009-04-20T00:00:00,7,DJIA_Index
6,lasso,True,2017-06-05T00:00:00,369,2017-06-05T00:00:00,368,2017-06-05T00:00:00,368,2017-05-22T00:00:00,0,2009-04-20T00:00:00,7,soybeans_monthly_rv
6,lasso,True,2017-06-05T00:00:00,369,2017-06-05T00:00:00,368,2017-06-05T00:00:00,368,2017-05-22T00:00:00,0,2009-04-20T00:00:00,7,soybeans_seasonal_rv
6,lasso,True,2017-06-05T00:00:00,369,2017-06-05T00:00:00,368,2017-06-05T00:00:00,368,2017-05-22T00:00:00,0,2009-04-20T00:00:00,7,soybeans_weekly_rv
6,lasso,True,2017-06-05T00:00:00,369,2017-06-05T00:00:00,368,2017-06-05T00:00:00,368,2017-05-22T00:00:00,0,2009-04-20T00:00:00,7,soybeans_weekly_rvg
6,lasso,True,2017-06-05T00:00:00,369,2017-06-05T00:00:00,368,2017-06-05T00:00:00,368,2017-05-22T00:00:00,0,2009-04-20T00:00:00,7,ssta_elino
6,lasso,False,2017-07-31T00:00:00,377,2017-07-31T00:00:00,376,2017-07-31T00:00:00,376,2017-07-24T00:00:00,0,2009-04-20T00:00:00,8,DJIA_Index
6,lasso,False,2017-07-31T00:00:00,377,2017-07-31T00:00:00,376,2017-07-31T00:00:00,376,2017-07-24T00:00:00,0,2009-04-20T00:00:00,8,corn_weekly_rv
6,lasso,False,2017-07-31T00:00:00,377,2017-07-31T00:00:00,376,2017-07-31T00:00:00,376,2017-07-24T00:00:00,0,2009-04-20T00:00:00,8,soybeans_monthly_rv
6,lasso,False,2017-07-31T00:00:00,377,2017-07-31T00:00:00,376,2017-07-31T00:00:00,376,2017-07-24T00:00:00,0,2009-04-20T00:00:00,8,soybeans_seasonal_rv
6,lasso,False,2017-07-31T00:00:00,377,2017-07-31T00:00:00,376,2017-07-31T00:00:00,376,2017-07-24T00:00:00,0,2009-04-20T00:00:00,8,soybeans_weekly_rv
6,lasso,False,2017-07-31T00:00:00,377,2017-07-31T00:00:00,376,2017-07-31T00:00:00,376,2017-07-24T00:00:00,0,2009-04-20T00:00:00,8,soybeans_weekly_rvg
6,lasso,True,2017-10-02T00:00:00,385,2017-10-02T00:00:00,384,2017-10-02T00:00:00,384,2017-09-25T00:00:00,0,2009-04-20T00:00:00,9,DJIA_Index
6,lasso,True,2017-10-02T00:00:00,385,2017-10-02T00:00:00,384,2017-10-02T00:00:00,384,2017-09-25T00:00:00,0,2009-04-20T00:00:00,9,corn_weekly_rv
6,lasso,True,2017-10-02T00:00:00,385,2017-10-02T00:00:00,384,2017-10-02T00:00:00,384,2017-09-25T00:00:00,0,2009-04-20T00:00:00,9,soybeans_monthly_rv
6,lasso,True,2017-10-02T00:00:00,385,2017-10-02T00:00:00,384,2017-10-02T00:00:00,384,2017-09-25T00:00:00,0,2009-04-20T00:00:00,9,soybeans_seasonal_rv
6,lasso,True,2017-10-02T00:00:00,385,2017-10-02T00:00:00,384,2017-10-02T00:00:00,384,2017-09-25T00:00:00,0,2009-04-20T00:00:00,9,soybeans_weekly_rv
6,lasso,True,2017-10-02T00:00:00,385,2017-10-02T00:00:00,384,2017-10-02T00:00:00,384,2017-09-25T00:00:00,0,2009-04-20T00:00:00,9,soybeans_weekly_rvg
6,lasso,True,2017-12-04T00:00:00,393,2017-12-04T00:00:00,392,2017-12-04T00:00:00,392,2017-11-27T00:00:00,0,2009-04-20T00:00:00,10,DJIA_Index
6,lasso,True,2017-12-04T00:00:00,393,2017-12-04T00:00:00,392,2017-12-04T00:00:00,392,2017-11-27T00:00:00,0,2009-04-20T00:00:00,10,corn_weekly_rv
6,lasso,True,2017-12-04T00:00:00,393,2017-12-04T00:00:00,392,2017-12-04T00:00:00,392,2017-11-27T00:00:00,0,2009-04-20T00:00:00,10,soybeans_monthly_rv
6,lasso,True,2017-12-04T00:00:00,393,2017-12-04T00:00:00,392,2017-12-04T00:00:00,392,2017-11-27T00:00:00,0,2009-04-20T00:00:00,10,soybeans_seasonal_rv
6,lasso,True,2017-12-04T00:00:00,393,2017-12-04T00:00:00,392,2017-12-04T00:00:00,392,2017-11-27T00:00:00,0,2009-04-20T00:00:00,10,soybeans_weekly_rv
6,lasso,True,2017-12-04T00:00:00,393,2017-12-04T00:00:00,392,2017-12-04T00:00:00,392,2017-11-27T00:00:00,0,2009-04-20T00:00:00,10,soybeans_weekly_rvg
6,lasso,True,2018-02-26T00:00:00,401,2018-02-26T00:00:00,400,2018-02-26T00:00:00,400,2018-02-12T00:00:00,0,2009-04-20T00:00:00,11,DJIA_Index
6,lasso,True,2018-02-26T00:00:00,401,2018-02-26T00:00:00,400,2018-02-26T00:00:00,400,2018-02-12T00:00:00,0,2009-04-20T00:00:00,11,corn_weekly_rv
6,lasso,True,2018-02-26T00:00:00,401,2018-02-26T00:00:00,400,2018-02-26T00:00:00,400,2018-02-12T00:00:00,0,2009-04-20T00:00:00,11,soybeans_monthly_rv
6,lasso,True,2018-02-26T00:00:00,401,2018-02-26T00:00:00,400,2018-02-26T00:00:00,400,2018-02-12T00:00:00,0,2009-04-20T00:00:00,11,soybeans_seasonal_rv
6,lasso,True,2018-02-26T00:00:00,401,2018-02-26T00:00:00,400,2018-02-26T00:00:00,400,2018-02-12T00:00:00,0,2009-04-20T00:00:00,11,soybeans_weekly_rv
6,lasso,True,2018-02-26T00:00:00,401,2018-02-26T00:00:00,400,2018-02-26T00:00:00,400,2018-02-12T00:00:00,0,2009-04-20T00:00:00,11,soybeans_weekly_rvg
8,lasso,False,2018-04-23T00:00:00,409,2018-04-23T00:00:00,408,2018-04-23T00:00:00,408,2018-04-16T00:00:00,0,2009-04-20T00:00:00,12,DJIA_Index
8,lasso,False,2018-04-23T00:00:00,409,2018-04-23T00:00:00,408,2018-04-23T00:00:00,408,2018-04-16T00:00:00,0,2009-04-20T00:00:00,12,soybeans_monthly_rv
8,lasso,False,2018-04-23T00:00:00,409,2018-04-23T00:00:00,408,2018-04-23T00:00:00,408,2018-04-16T00:00:00,0,2009-04-20T00:00:00,12,soybeans_seasonal_rv
8,lasso,False,2018-04-23T00:00:00,409,2018-04-23T00:00:00,408,2018-04-23T00:00:00,408,2018-04-16T00:00:00,0,2009-04-20T00:00:00,12,soybeans_weekly_rv
8,lasso,False,2018-04-23T00:00:00,409,2018-04-23T00:00:00,408,2018-04-23T00:00:00,408,2018-04-16T00:00:00,0,2009-04-20T00:00:00,12,soybeans_weekly_rvg
8,lasso,False,2018-04-23T00:00:00,409,2018-04-23T00:00:00,408,2018-04-23T00:00:00,408,2018-04-16T00:00:00,0,2009-04-20T00:00:00,12,tmax_hot_in_planting
8,lasso,False,2018-04-23T00:00:00,409,2018-04-23T00:00:00,408,2018-04-23T00:00:00,408,2018-04-16T00:00:00,0,2009-04-20T00:00:00,12,tmin_very_cold_in_harvesting
8,lasso,False,2018-04-23T00:00:00,409,2018-04-23T00:00:00,408,2018-04-23T00:00:00,408,2018-04-16T00:00:00,0,2009-04-20T00:00:00,12,tmin_very_cold_in_planting
8,lasso,True,2018-06-25T00:00:00,417,2018-06-25T00:00:00,416,2018-06-25T00:00:00,416,2018-06-18T00:00:00,0,2009-04-20T00:00:00,13,DJIA_Index
8,lasso,True,2018-06-25T00:00:00,417,2018-06-25T00:00:00,416,2018-06-25T00:00:00,416,2018-06-18T00:00:00,0,2009-04-20T00:00:00,13,soybeans_monthly_rv
8,lasso,True,2018-06-25T00:00:00,417,2018-06-25T00:00:00,416,2018-06-25T00:00:00,416,2018-06-18T00:00:00,0,2009-04-20T00:00:00,13,soybeans_seasonal_rv
8,lasso,True,2018-06-25T00:00:00,417,2018-06-25T00:00:00,416,2018-06-25T00:00:00,416,2018-06-18T00:00:00,0,2009-04-20T00:00:00,13,soybeans_weekly_rv
8,lasso,True,2018-06-25T00:00:00,417,2018-06-25T00:00:00,416,2018-06-25T00:00:00,416,2018-06-18T00:00:00,0,2009-04-20T00:00:00,13,soybeans_weekly_rvg
8,lasso,True,2018-06-25T00:00:00,417,2018-06-25T00:00:00,416,2018-06-25T00:00:00,416,2018-06-18T00:00:00,0,2009-04-20T00:00:00,13,tmax_hot_in_planting
8,lasso,True,2018-06-25T00:00:00,417,2018-06-25T00:00:00,416,2018-06-25T00:00:00,416,2018-06-18T00:00:00,0,2009-04-20T00:00:00,13,tmin_very_cold_in_harvesting
8,lasso,True,2018-06-25T00:00:00,417,2018-06-25T00:00:00,416,2018-06-25T00:00:00,416,2018-06-18T00:00:00,0,2009-04-20T00:00:00,13,tmin_very_cold_in_planting
8,lasso,True,2018-08-20T00:00:00,425,2018-08-20T00:00:00,424,2018-08-20T00:00:00,424,2018-08-13T00:00:00,0,2009-04-20T00:00:00,14,DJIA_Index
8,lasso,True,2018-08-20T00:00:00,425,2018-08-20T00:00:00,424,2018-08-20T00:00:00,424,2018-08-13T00:00:00,0,2009-04-20T00:00:00,14,soybeans_monthly_rv
8,lasso,True,2018-08-20T00:00:00,425,2018-08-20T00:00:00,424,2018-08-20T00:00:00,424,2018-08-13T00:00:00,0,2009-04-20T00:00:00,14,soybeans_seasonal_rv
8,lasso,True,2018-08-20T00:00:00,425,2018-08-20T00:00:00,424,2018-08-20T00:00:00,424,2018-08-13T00:00:00,0,2009-04-20T00:00:00,14,soybeans_weekly_rv
8,lasso,True,2018-08-20T00:00:00,425,2018-08-20T00:00:00,424,2018-08-20T00:00:00,424,2018-08-13T00:00:00,0,2009-04-20T00:00:00,14,soybeans_weekly_rvg
8,lasso,True,2018-08-20T00:00:00,425,2018-08-20T00:00:00,424,2018-08-20T00:00:00,424,2018-08-13T00:00:00,0,2009-04-20T00:00:00,14,tmax_hot_in_planting
8,lasso,True,2018-08-20T00:00:00,425,2018-08-20T00:00:00,424,2018-08-20T00:00:00,424,2018-08-13T00:00:00,0,2009-04-20T00:00:00,14,tmin_very_cold_in_harvesting
8,lasso,True,2018-08-20T00:00:00,425,2018-08-20T00:00:00,424,2018-08-20T00:00:00,424,2018-08-13T00:00:00,0,2009-04-20T00:00:00,14,tmin_very_cold_in_planting
8,lasso,True,2018-10-29T00:00:00,433,2018-10-29T00:00:00,432,2018-10-29T00:00:00,432,2018-10-22T00:00:00,0,2009-04-20T00:00:00,15,DJIA_Index
8,lasso,True,2018-10-29T00:00:00,433,2018-10-29T00:00:00,432,2018-10-29T00:00:00,432,2018-10-22T00:00:00,0,2009-04-20T00:00:00,15,soybeans_monthly_rv
8,lasso,True,2018-10-29T00:00:00,433,2018-10-29T00:00:00,432,2018-10-29T00:00:00,432,2018-10-22T00:00:00,0,2009-04-20T00:00:00,15,soybeans_seasonal_rv
8,lasso,True,2018-10-29T00:00:00,433,2018-10-29T00:00:00,432,2018-10-29T00:00:00,432,2018-10-22T00:00:00,0,2009-04-20T00:00:00,15,soybeans_weekly_rv
8,lasso,True,2018-10-29T00:00:00,433,2018-10-29T00:00:00,432,2018-10-29T00:00:00,432,2018-10-22T00:00:00,0,2009-04-20T00:00:00,15,soybeans_weekly_rvg
8,lasso,True,2018-10-29T00:00:00,433,2018-10-29T00:00:00,432,2018-10-29T00:00:00,432,2018-10-22T00:00:00,0,2009-04-20T00:00:00,15,tmax_hot_in_planting
8,lasso,True,2018-10-29T00:00:00,433,2018-10-29T00:00:00,432,2018-10-29T00:00:00,432,2018-10-22T00:00:00,0,2009-04-20T00:00:00,15,tmin_very_cold_in_harvesting
8,lasso,True,2018-10-29T00:00:00,433,2018-10-29T00:00:00,432,2018-10-29T00:00:00,432,2018-10-22T00:00:00,0,2009-04-20T00:00:00,15,tmin_very_cold_in_planting
22,lasso,False,2018-12-31T00:00:00,441,2018-12-31T00:00:00,440,2018-12-31T00:00:00,440,2018-12-24T00:00:00,0,2009-04-20T00:00:00,16,DJIA_Index
22,lasso,False,2018-12-31T00:00:00,441,2018-12-31T00:00:00,440,2018-12-31T00:00:00,440,2018-12-24T00:00:00,0,2009-04-20T00:00:00,16,SOI_index
22,lasso,False,2018-12-31T00:00:00,441,2018-12-31T00:00:00,440,2018-12-31T00:00:00,440,2018-12-24T00:00:00,0,2009-04-20T00:00:00,16,Stock_Uncertainty
22,lasso,False,2018-12-31T00:00:00,441,2018-12-31T00:00:00,440,2018-12-31T00:00:00,440,2018-12-24T00:00:00,0,2009-04-20T00:00:00,16,co2_extreme_in_planting
22,lasso,False,2018-12-31T00:00:00,441,2018-12-31T00:00:00,440,2018-12-31T00:00:00,440,2018-12-24T00:00:00,0,2009-04-20T00:00:00,16,corn_weekly_rv
22,lasso,False,2018-12-31T00:00:00,441,2018-12-31T00:00:00,440,2018-12-31T00:00:00,440,2018-12-24T00:00:00,0,2009-04-20T00:00:00,16,pdsi_extreme_wet_in_harvesting
22,lasso,False,2018-12-31T00:00:00,441,2018-12-31T00:00:00,440,2018-12-31T00:00:00,440,2018-12-24T00:00:00,0,2009-04-20T00:00:00,16,pdsi_extreme_wet_in_planting
22,lasso,False,2018-12-31T00:00:00,441,2018-12-31T00:00:00,440,2018-12-31T00:00:00,440,2018-12-24T00:00:00,0,2009-04-20T00:00:00,16,pdsi_severe_drought_in_planting
22,lasso,False,2018-12-31T00:00:00,441,2018-12-31T00:00:00,440,2018-12-31T00:00:00,440,2018-12-24T00:00:00,0,2009-04-20T00:00:00,16,soybeans_monthly_rv
22,lasso,False,2018-12-31T00:00:00,441,2018-12-31T00:00:00,440,2018-12-31T00:00:00,440,2018-12-24T00:00:00,0,2009-04-20T00:00:00,16,soybeans_seasonal_rv
22,lasso,False,2018-12-31T00:00:00,441,2018-12-31T00:00:00,440,2018-12-31T00:00:00,440,2018-12-24T00:00:00,0,2009-04-20T00:00:00,16,soybeans_weekly_rv
22,lasso,False,2018-12-31T00:00:00,441,2018-12-31T00:00:00,440,2018-12-31T00:00:00,440,2018-12-24T00:00:00,0,2009-04-20T00:00:00,16,soybeans_weekly_rvg
22,lasso,False,2018-12-31T00:00:00,441,2018-12-31T00:00:00,440,2018-12-31T00:00:00,440,2018-12-24T00:00:00,0,2009-04-20T00:00:00,16,spi_7d_extreme_wet_in_harvesting
22,lasso,False,2018-12-31T00:00:00,441,2018-12-31T00:00:00,440,2018-12-31T00:00:00,440,2018-12-24T00:00:00,0,2009-04-20T00:00:00,16,spi_7d_very_dry_in_harvesting
22,lasso,False,2018-12-31T00:00:00,441,2018-12-31T00:00:00,440,2018-12-31T00:00:00,440,2018-12-24T00:00:00,0,2009-04-20T00:00:00,16,spi_7d_very_wet_in_planting
22,lasso,False,2018-12-31T00:00:00,441,2018-12-31T00:00:00,440,2018-12-31T00:00:00,440,2018-12-24T00:00:00,0,2009-04-20T00:00:00,16,ssta_elino
22,lasso,False,2018-12-31T00:00:00,441,2018-12-31T00:00:00,440,2018-12-31T00:00:00,440,2018-12-24T00:00:00,0,2009-04-20T00:00:00,16,tmax_hot_in_harvesting
22,lasso,False,2018-12-31T00:00:00,441,2018-12-31T00:00:00,440,2018-12-31T00:00:00,440,2018-12-24T00:00:00,0,2009-04-20T00:00:00,16,tmax_hot_in_planting
22,lasso,False,2018-12-31T00:00:00,441,2018-12-31T00:00:00,440,2018-12-31T00:00:00,440,2018-12-24T00:00:00,0,2009-04-20T00:00:00,16,tmax_very_hot_in_planting
22,lasso,False,2018-12-31T00:00:00,441,2018-12-31T00:00:00,440,2018-12-31T00:00:00,440,2018-12-24T00:00:00,0,2009-04-20T00:00:00,16,tmin_cold_in_harvesting
22,lasso,False,2018-12-31T00:00:00,441,2018-12-31T00:00:00,440,2018-12-31T00:00:00,440,2018-12-24T00:00:00,0,2009-04-20T00:00:00,16,tmin_very_cold_in_harvesting
22,lasso,False,2018-12-31T00:00:00,441,2018-12-31T00:00:00,440,2018-12-31T00:00:00,440,2018-12-24T00:00:00,0,2009-04-20T00:00:00,16,tmin_very_cold_in_planting
22,lasso,True,2019-03-18T00:00:00,449,2019-03-18T00:00:00,448,2019-03-18T00:00:00,448,2019-03-11T00:00:00,0,2009-04-20T00:00:00,17,DJIA_Index
22,lasso,True,2019-03-18T00:00:00,449,2019-03-18T00:00:00,448,2019-03-18T00:00:00,448,2019-03-11T00:00:00,0,2009-04-20T00:00:00,17,SOI_index
22,lasso,True,2019-03-18T00:00:00,449,2019-03-18T00:00:00,448,2019-03-18T00:00:00,448,2019-03-11T00:00:00,0,2009-04-20T00:00:00,17,Stock_Uncertainty
22,lasso,True,2019-03-18T00:00:00,449,2019-03-18T00:00:00,448,2019-03-18T00:00:00,448,2019-03-11T00:00:00,0,2009-04-20T00:00:00,17,co2_extreme_in_planting
22,lasso,True,2019-03-18T00:00:00,449,2019-03-18T00:00:00,448,2019-03-18T00:00:00,448,2019-03-11T00:00:00,0,2009-04-20T00:00:00,17,corn_weekly_rv
22,lasso,True,2019-03-18T00:00:00,449,2019-03-18T00:00:00,448,2019-03-18T00:00:00,448,2019-03-11T00:00:00,0,2009-04-20T00:00:00,17,pdsi_extreme_wet_in_harvesting
22,lasso,True,2019-03-18T00:00:00,449,2019-03-18T00:00:00,448,2019-03-18T00:00:00,448,2019-03-11T00:00:00,0,2009-04-20T00:00:00,17,pdsi_extreme_wet_in_planting
22,lasso,True,2019-03-18T00:00:00,449,2019-03-18T00:00:00,448,2019-03-18T00:00:00,448,2019-03-11T00:00:00,0,2009-04-20T00:00:00,17,pdsi_severe_drought_in_planting
22,lasso,True,2019-03-18T00:00:00,449,2019-03-18T00:00:00,448,2019-03-18T00:00:00,448,2019-03-11T00:00:00,0,2009-04-20T00:00:00,17,soybeans_monthly_rv
22,lasso,True,2019-03-18T00:00:00,449,2019-03-18T00:00:00,448,2019-03-18T00:00:00,448,2019-03-11T00:00:00,0,2009-04-20T00:00:00,17,soybeans_seasonal_rv
22,lasso,True,2019-03-18T00:00:00,449,2019-03-18T00:00:00,448,2019-03-18T00:00:00,448,2019-03-11T00:00:00,0,2009-04-20T00:00:00,17,soybeans_weekly_rv
22,lasso,True,2019-03-18T00:00:00,449,2019-03-18T00:00:00,448,2019-03-18T00:00:00,448,2019-03-11T00:00:00,0,2009-04-20T00:00:00,17,soybeans_weekly_rvg
22,lasso,True,2019-03-18T00:00:00,449,2019-03-18T00:00:00,448,2019-03-18T00:00:00,448,2019-03-11T00:00:00,0,2009-04-20T00:00:00,17,spi_7d_extreme_wet_in_harvesting
22,lasso,True,2019-03-18T00:00:00,449,2019-03-18T00:00:00,448,2019-03-18T00:00:00,448,2019-03-11T00:00:00,0,2009-04-20T00:00:00,17,spi_7d_very_dry_in_harvesting
22,lasso,True,2019-03-18T00:00:00,449,2019-03-18T00:00:00,448,2019-03-18T00:00:00,448,2019-03-11T00:00:00,0,2009-04-20T00:00:00,17,spi_7d_very_wet_in_planting
22,lasso,True,2019-03-18T00:00:00,449,2019-03-18T00:00:00,448,2019-03-18T00:00:00,448,2019-03-11T00:00:00,0,2009-04-20T00:00:00,17,ssta_elino
22,lasso,True,2019-03-18T00:00:00,449,2019-03-18T00:00:00,448,2019-03-18T00:00:00,448,2019-03-11T00:00:00,0,2009-04-20T00:00:00,17,tmax_hot_in_harvesting
22,lasso,True,2019-03-18T00:00:00,449,2019-03-18T00:00:00,448,2019-03-18T00:00:00,448,2019-03-11T00:00:00,0,2009-04-20T00:00:00,17,tmax_hot_in_planting
22,lasso,True,2019-03-18T00:00:00,449,2019-03-18T00:00:00,448,2019-03-18T00:00:00,448,2019-03-11T00:00:00,0,2009-04-20T00:00:00,17,tmax_very_hot_in_planting
22,lasso,True,2019-03-18T00:00:00,449,2019-03-18T00:00:00,448,2019-03-18T00:00:00,448,2019-03-11T00:00:00,0,2009-04-20T00:00:00,17,tmin_cold_in_harvesting
22,lasso,True,2019-03-18T00:00:00,449,2019-03-18T00:00:00,448,2019-03-18T00:00:00,448,2019-03-11T00:00:00,0,2009-04-20T00:00:00,17,tmin_very_cold_in_harvesting
22,lasso,True,2019-03-18T00:00:00,449,2019-03-18T00:00:00,448,2019-03-18T00:00:00,448,2019-03-11T00:00:00,0,2009-04-20T00:00:00,17,tmin_very_cold_in_planting
22,lasso,True,2019-05-13T00:00:00,457,2019-05-13T00:00:00,456,2019-05-13T00:00:00,456,2019-05-06T00:00:00,0,2009-04-20T00:00:00,18,DJIA_Index
22,lasso,True,2019-05-13T00:00:00,457,2019-05-13T00:00:00,456,2019-05-13T00:00:00,456,2019-05-06T00:00:00,0,2009-04-20T00:00:00,18,SOI_index
22,lasso,True,2019-05-13T00:00:00,457,2019-05-13T00:00:00,456,2019-05-13T00:00:00,456,2019-05-06T00:00:00,0,2009-04-20T00:00:00,18,Stock_Uncertainty
22,lasso,True,2019-05-13T00:00:00,457,2019-05-13T00:00:00,456,2019-05-13T00:00:00,456,2019-05-06T00:00:00,0,2009-04-20T00:00:00,18,co2_extreme_in_planting
22,lasso,True,2019-05-13T00:00:00,457,2019-05-13T00:00:00,456,2019-05-13T00:00:00,456,2019-05-06T00:00:00,0,2009-04-20T00:00:00,18,corn_weekly_rv
22,lasso,True,2019-05-13T00:00:00,457,2019-05-13T00:00:00,456,2019-05-13T00:00:00,456,2019-05-06T00:00:00,0,2009-04-20T00:00:00,18,pdsi_extreme_wet_in_harvesting
22,lasso,True,2019-05-13T00:00:00,457,2019-05-13T00:00:00,456,2019-05-13T00:00:00,456,2019-05-06T00:00:00,0,2009-04-20T00:00:00,18,pdsi_extreme_wet_in_planting
22,lasso,True,2019-05-13T00:00:00,457,2019-05-13T00:00:00,456,2019-05-13T00:00:00,456,2019-05-06T00:00:00,0,2009-04-20T00:00:00,18,pdsi_severe_drought_in_planting
22,lasso,True,2019-05-13T00:00:00,457,2019-05-13T00:00:00,456,2019-05-13T00:00:00,456,2019-05-06T00:00:00,0,2009-04-20T00:00:00,18,soybeans_monthly_rv
22,lasso,True,2019-05-13T00:00:00,457,2019-05-13T00:00:00,456,2019-05-13T00:00:00,456,2019-05-06T00:00:00,0,2009-04-20T00:00:00,18,soybeans_seasonal_rv
22,lasso,True,2019-05-13T00:00:00,457,2019-05-13T00:00:00,456,2019-05-13T00:00:00,456,2019-05-06T00:00:00,0,2009-04-20T00:00:00,18,soybeans_weekly_rv
22,lasso,True,2019-05-13T00:00:00,457,2019-05-13T00:00:00,456,2019-05-13T00:00:00,456,2019-05-06T00:00:00,0,2009-04-20T00:00:00,18,soybeans_weekly_rvg
22,lasso,True,2019-05-13T00:00:00,457,2019-05-13T00:00:00,456,2019-05-13T00:00:00,456,2019-05-06T00:00:00,0,2009-04-20T00:00:00,18,spi_7d_extreme_wet_in_harvesting
22,lasso,True,2019-05-13T00:00:00,457,2019-05-13T00:00:00,456,2019-05-13T00:00:00,456,2019-05-06T00:00:00,0,2009-04-20T00:00:00,18,spi_7d_very_dry_in_harvesting
22,lasso,True,2019-05-13T00:00:00,457,2019-05-13T00:00:00,456,2019-05-13T00:00:00,456,2019-05-06T00:00:00,0,2009-04-20T00:00:00,18,spi_7d_very_wet_in_planting
22,lasso,True,2019-05-13T00:00:00,457,2019-05-13T00:00:00,456,2019-05-13T00:00:00,456,2019-05-06T00:00:00,0,2009-04-20T00:00:00,18,ssta_elino
22,lasso,True,2019-05-13T00:00:00,457,2019-05-13T00:00:00,456,2019-05-13T00:00:00,456,2019-05-06T00:00:00,0,2009-04-20T00:00:00,18,tmax_hot_in_harvesting
22,lasso,True,2019-05-13T00:00:00,457,2019-05-13T00:00:00,456,2019-05-13T00:00:00,456,2019-05-06T00:00:00,0,2009-04-20T00:00:00,18,tmax_hot_in_planting
22,lasso,True,2019-05-13T00:00:00,457,2019-05-13T00:00:00,456,2019-05-13T00:00:00,456,2019-05-06T00:00:00,0,2009-04-20T00:00:00,18,tmax_very_hot_in_planting
22,lasso,True,2019-05-13T00:00:00,457,2019-05-13T00:00:00,456,2019-05-13T00:00:00,456,2019-05-06T00:00:00,0,2009-04-20T00:00:00,18,tmin_cold_in_harvesting
22,lasso,True,2019-05-13T00:00:00,457,2019-05-13T00:00:00,456,2019-05-13T00:00:00,456,2019-05-06T00:00:00,0,2009-04-20T00:00:00,18,tmin_very_cold_in_harvesting
22,lasso,True,2019-05-13T00:00:00,457,2019-05-13T00:00:00,456,2019-05-13T00:00:00,456,2019-05-06T00:00:00,0,2009-04-20T00:00:00,18,tmin_very_cold_in_planting
22,lasso,True,2019-07-15T00:00:00,465,2019-07-15T00:00:00,464,2019-07-15T00:00:00,464,2019-07-08T00:00:00,0,2009-04-20T00:00:00,19,DJIA_Index
22,lasso,True,2019-07-15T00:00:00,465,2019-07-15T00:00:00,464,2019-07-15T00:00:00,464,2019-07-08T00:00:00,0,2009-04-20T00:00:00,19,SOI_index
22,lasso,True,2019-07-15T00:00:00,465,2019-07-15T00:00:00,464,2019-07-15T00:00:00,464,2019-07-08T00:00:00,0,2009-04-20T00:00:00,19,Stock_Uncertainty
22,lasso,True,2019-07-15T00:00:00,465,2019-07-15T00:00:00,464,2019-07-15T00:00:00,464,2019-07-08T00:00:00,0,2009-04-20T00:00:00,19,co2_extreme_in_planting
22,lasso,True,2019-07-15T00:00:00,465,2019-07-15T00:00:00,464,2019-07-15T00:00:00,464,2019-07-08T00:00:00,0,2009-04-20T00:00:00,19,corn_weekly_rv
22,lasso,True,2019-07-15T00:00:00,465,2019-07-15T00:00:00,464,2019-07-15T00:00:00,464,2019-07-08T00:00:00,0,2009-04-20T00:00:00,19,pdsi_extreme_wet_in_harvesting
22,lasso,True,2019-07-15T00:00:00,465,2019-07-15T00:00:00,464,2019-07-15T00:00:00,464,2019-07-08T00:00:00,0,2009-04-20T00:00:00,19,pdsi_extreme_wet_in_planting
22,lasso,True,2019-07-15T00:00:00,465,2019-07-15T00:00:00,464,2019-07-15T00:00:00,464,2019-07-08T00:00:00,0,2009-04-20T00:00:00,19,pdsi_severe_drought_in_planting
22,lasso,True,2019-07-15T00:00:00,465,2019-07-15T00:00:00,464,2019-07-15T00:00:00,464,2019-07-08T00:00:00,0,2009-04-20T00:00:00,19,soybeans_monthly_rv
22,lasso,True,2019-07-15T00:00:00,465,2019-07-15T00:00:00,464,2019-07-15T00:00:00,464,2019-07-08T00:00:00,0,2009-04-20T00:00:00,19,soybeans_seasonal_rv
22,lasso,True,2019-07-15T00:00:00,465,2019-07-15T00:00:00,464,2019-07-15T00:00:00,464,2019-07-08T00:00:00,0,2009-04-20T00:00:00,19,soybeans_weekly_rv
22,lasso,True,2019-07-15T00:00:00,465,2019-07-15T00:00:00,464,2019-07-15T00:00:00,464,2019-07-08T00:00:00,0,2009-04-20T00:00:00,19,soybeans_weekly_rvg
22,lasso,True,2019-07-15T00:00:00,465,2019-07-15T00:00:00,464,2019-07-15T00:00:00,464,2019-07-08T00:00:00,0,2009-04-20T00:00:00,19,spi_7d_extreme_wet_in_harvesting
22,lasso,True,2019-07-15T00:00:00,465,2019-07-15T00:00:00,464,2019-07-15T00:00:00,464,2019-07-08T00:00:00,0,2009-04-20T00:00:00,19,spi_7d_very_dry_in_harvesting
22,lasso,True,2019-07-15T00:00:00,465,2019-07-15T00:00:00,464,2019-07-15T00:00:00,464,2019-07-08T00:00:00,0,2009-04-20T00:00:00,19,spi_7d_very_wet_in_planting
22,lasso,True,2019-07-15T00:00:00,465,2019-07-15T00:00:00,464,2019-07-15T00:00:00,464,2019-07-08T00:00:00,0,2009-04-20T00:00:00,19,ssta_elino
22,lasso,True,2019-07-15T00:00:00,465,2019-07-15T00:00:00,464,2019-07-15T00:00:00,464,2019-07-08T00:00:00,0,2009-04-20T00:00:00,19,tmax_hot_in_harvesting
22,lasso,True,2019-07-15T00:00:00,465,2019-07-15T00:00:00,464,2019-07-15T00:00:00,464,2019-07-08T00:00:00,0,2009-04-20T00:00:00,19,tmax_hot_in_planting
22,lasso,True,2019-07-15T00:00:00,465,2019-07-15T00:00:00,464,2019-07-15T00:00:00,464,2019-07-08T00:00:00,0,2009-04-20T00:00:00,19,tmax_very_hot_in_planting
22,lasso,True,2019-07-15T00:00:00,465,2019-07-15T00:00:00,464,2019-07-15T00:00:00,464,2019-07-08T00:00:00,0,2009-04-20T00:00:00,19,tmin_cold_in_harvesting
22,lasso,True,2019-07-15T00:00:00,465,2019-07-15T00:00:00,464,2019-07-15T00:00:00,464,2019-07-08T00:00:00,0,2009-04-20T00:00:00,19,tmin_very_cold_in_harvesting
22,lasso,True,2019-07-15T00:00:00,465,2019-07-15T00:00:00,464,2019-07-15T00:00:00,464,2019-07-08T00:00:00,0,2009-04-20T00:00:00,19,tmin_very_cold_in_planting
13,lasso,False,2019-09-16T00:00:00,473,2019-09-16T00:00:00,472,2019-09-16T00:00:00,472,2019-09-09T00:00:00,0,2009-04-20T00:00:00,20,DJIA_Index
13,lasso,False,2019-09-16T00:00:00,473,2019-09-16T00:00:00,472,2019-09-16T00:00:00,472,2019-09-09T00:00:00,0,2009-04-20T00:00:00,20,corn_weekly_rv
13,lasso,False,2019-09-16T00:00:00,473,2019-09-16T00:00:00,472,2019-09-16T00:00:00,472,2019-09-09T00:00:00,0,2009-04-20T00:00:00,20,pdsi_very_wet_in_planting
13,lasso,False,2019-09-16T00:00:00,473,2019-09-16T00:00:00,472,2019-09-16T00:00:00,472,2019-09-09T00:00:00,0,2009-04-20T00:00:00,20,soybeans_monthly_rv
13,lasso,False,2019-09-16T00:00:00,473,2019-09-16T00:00:00,472,2019-09-16T00:00:00,472,2019-09-09T00:00:00,0,2009-04-20T00:00:00,20,soybeans_seasonal_rv
13,lasso,False,2019-09-16T00:00:00,473,2019-09-16T00:00:00,472,2019-09-16T00:00:00,472,2019-09-09T00:00:00,0,2009-04-20T00:00:00,20,soybeans_weekly_rv
13,lasso,False,2019-09-16T00:00:00,473,2019-09-16T00:00:00,472,2019-09-16T00:00:00,472,2019-09-09T00:00:00,0,2009-04-20T00:00:00,20,soybeans_weekly_rvb
13,lasso,False,2019-09-16T00:00:00,473,2019-09-16T00:00:00,472,2019-09-16T00:00:00,472,2019-09-09T00:00:00,0,2009-04-20T00:00:00,20,soybeans_weekly_rvg
13,lasso,False,2019-09-16T00:00:00,473,2019-09-16T00:00:00,472,2019-09-16T00:00:00,472,2019-09-09T00:00:00,0,2009-04-20T00:00:00,20,ssta_elino
13,lasso,False,2019-09-16T00:00:00,473,2019-09-16T00:00:00,472,2019-09-16T00:00:00,472,2019-09-09T00:00:00,0,2009-04-20T00:00:00,20,tmax_hot_in_planting
13,lasso,False,2019-09-16T00:00:00,473,2019-09-16T00:00:00,472,2019-09-16T00:00:00,472,2019-09-09T00:00:00,0,2009-04-20T00:00:00,20,tmax_very_hot_in_planting
13,lasso,False,2019-09-16T00:00:00,473,2019-09-16T00:00:00,472,2019-09-16T00:00:00,472,2019-09-09T00:00:00,0,2009-04-20T00:00:00,20,tmin_very_cold_in_harvesting
13,lasso,False,2019-09-16T00:00:00,473,2019-09-16T00:00:00,472,2019-09-16T00:00:00,472,2019-09-09T00:00:00,0,2009-04-20T00:00:00,20,tmin_very_cold_in_planting
13,lasso,True,2019-11-25T00:00:00,481,2019-11-25T00:00:00,480,2019-11-25T00:00:00,480,2019-11-18T00:00:00,0,2009-04-20T00:00:00,21,DJIA_Index
13,lasso,True,2019-11-25T00:00:00,481,2019-11-25T00:00:00,480,2019-11-25T00:00:00,480,2019-11-18T00:00:00,0,2009-04-20T00:00:00,21,corn_weekly_rv
13,lasso,True,2019-11-25T00:00:00,481,2019-11-25T00:00:00,480,2019-11-25T00:00:00,480,2019-11-18T00:00:00,0,2009-04-20T00:00:00,21,pdsi_very_wet_in_planting
13,lasso,True,2019-11-25T00:00:00,481,2019-11-25T00:00:00,480,2019-11-25T00:00:00,480,2019-11-18T00:00:00,0,2009-04-20T00:00:00,21,soybeans_monthly_rv
13,lasso,True,2019-11-25T00:00:00,481,2019-11-25T00:00:00,480,2019-11-25T00:00:00,480,2019-11-18T00:00:00,0,2009-04-20T00:00:00,21,soybeans_seasonal_rv
13,lasso,True,2019-11-25T00:00:00,481,2019-11-25T00:00:00,480,2019-11-25T00:00:00,480,2019-11-18T00:00:00,0,2009-04-20T00:00:00,21,soybeans_weekly_rv
13,lasso,True,2019-11-25T00:00:00,481,2019-11-25T00:00:00,480,2019-11-25T00:00:00,480,2019-11-18T00:00:00,0,2009-04-20T00:00:00,21,soybeans_weekly_rvb
13,lasso,True,2019-11-25T00:00:00,481,2019-11-25T00:00:00,480,2019-11-25T00:00:00,480,2019-11-18T00:00:00,0,2009-04-20T00:00:00,21,soybeans_weekly_rvg
13,lasso,True,2019-11-25T00:00:00,481,2019-11-25T00:00:00,480,2019-11-25T00:00:00,480,2019-11-18T00:00:00,0,2009-04-20T00:00:00,21,ssta_elino
13,lasso,True,2019-11-25T00:00:00,481,2019-11-25T00:00:00,480,2019-11-25T00:00:00,480,2019-11-18T00:00:00,0,2009-04-20T00:00:00,21,tmax_hot_in_planting
13,lasso,True,2019-11-25T00:00:00,481,2019-11-25T00:00:00,480,2019-11-25T00:00:00,480,2019-11-18T00:00:00,0,2009-04-20T00:00:00,21,tmax_very_hot_in_planting
13,lasso,True,2019-11-25T00:00:00,481,2019-11-25T00:00:00,480,2019-11-25T00:00:00,480,2019-11-18T00:00:00,0,2009-04-20T00:00:00,21,tmin_very_cold_in_harvesting
13,lasso,True,2019-11-25T00:00:00,481,2019-11-25T00:00:00,480,2019-11-25T00:00:00,480,2019-11-18T00:00:00,0,2009-04-20T00:00:00,21,tmin_very_cold_in_planting
13,lasso,True,2020-01-27T00:00:00,489,2020-01-27T00:00:00,488,2020-01-27T00:00:00,488,2020-01-13T00:00:00,0,2009-04-20T00:00:00,22,DJIA_Index
13,lasso,True,2020-01-27T00:00:00,489,2020-01-27T00:00:00,488,2020-01-27T00:00:00,488,2020-01-13T00:00:00,0,2009-04-20T00:00:00,22,corn_weekly_rv
13,lasso,True,2020-01-27T00:00:00,489,2020-01-27T00:00:00,488,2020-01-27T00:00:00,488,2020-01-13T00:00:00,0,2009-04-20T00:00:00,22,pdsi_very_wet_in_planting
13,lasso,True,2020-01-27T00:00:00,489,2020-01-27T00:00:00,488,2020-01-27T00:00:00,488,2020-01-13T00:00:00,0,2009-04-20T00:00:00,22,soybeans_monthly_rv
13,lasso,True,2020-01-27T00:00:00,489,2020-01-27T00:00:00,488,2020-01-27T00:00:00,488,2020-01-13T00:00:00,0,2009-04-20T00:00:00,22,soybeans_seasonal_rv
13,lasso,True,2020-01-27T00:00:00,489,2020-01-27T00:00:00,488,2020-01-27T00:00:00,488,2020-01-13T00:00:00,0,2009-04-20T00:00:00,22,soybeans_weekly_rv
13,lasso,True,2020-01-27T00:00:00,489,2020-01-27T00:00:00,488,2020-01-27T00:00:00,488,2020-01-13T00:00:00,0,2009-04-20T00:00:00,22,soybeans_weekly_rvb
13,lasso,True,2020-01-27T00:00:00,489,2020-01-27T00:00:00,488,2020-01-27T00:00:00,488,2020-01-13T00:00:00,0,2009-04-20T00:00:00,22,soybeans_weekly_rvg
13,lasso,True,2020-01-27T00:00:00,489,2020-01-27T00:00:00,488,2020-01-27T00:00:00,488,2020-01-13T00:00:00,0,2009-04-20T00:00:00,22,ssta_elino
13,lasso,True,2020-01-27T00:00:00,489,2020-01-27T00:00:00,488,2020-01-27T00:00:00,488,2020-01-13T00:00:00,0,2009-04-20T00:00:00,22,tmax_hot_in_planting
13,lasso,True,2020-01-27T00:00:00,489,2020-01-27T00:00:00,488,2020-01-27T00:00:00,488,2020-01-13T00:00:00,0,2009-04-20T00:00:00,22,tmax_very_hot_in_planting
13,lasso,True,2020-01-27T00:00:00,489,2020-01-27T00:00:00,488,2020-01-27T00:00:00,488,2020-01-13T00:00:00,0,2009-04-20T00:00:00,22,tmin_very_cold_in_harvesting
13,lasso,True,2020-01-27T00:00:00,489,2020-01-27T00:00:00,488,2020-01-27T00:00:00,488,2020-01-13T00:00:00,0,2009-04-20T00:00:00,22,tmin_very_cold_in_planting
13,lasso,True,2020-03-30T00:00:00,497,2020-03-30T00:00:00,496,2020-03-30T00:00:00,496,2020-03-23T00:00:00,0,2009-04-20T00:00:00,23,DJIA_Index
13,lasso,True,2020-03-30T00:00:00,497,2020-03-30T00:00:00,496,2020-03-30T00:00:00,496,2020-03-23T00:00:00,0,2009-04-20T00:00:00,23,corn_weekly_rv
13,lasso,True,2020-03-30T00:00:00,497,2020-03-30T00:00:00,496,2020-03-30T00:00:00,496,2020-03-23T00:00:00,0,2009-04-20T00:00:00,23,pdsi_very_wet_in_planting
13,lasso,True,2020-03-30T00:00:00,497,2020-03-30T00:00:00,496,2020-03-30T00:00:00,496,2020-03-23T00:00:00,0,2009-04-20T00:00:00,23,soybeans_monthly_rv
13,lasso,True,2020-03-30T00:00:00,497,2020-03-30T00:00:00,496,2020-03-30T00:00:00,496,2020-03-23T00:00:00,0,2009-04-20T00:00:00,23,soybeans_seasonal_rv
13,lasso,True,2020-03-30T00:00:00,497,2020-03-30T00:00:00,496,2020-03-30T00:00:00,496,2020-03-23T00:00:00,0,2009-04-20T00:00:00,23,soybeans_weekly_rv
13,lasso,True,2020-03-30T00:00:00,497,2020-03-30T00:00:00,496,2020-03-30T00:00:00,496,2020-03-23T00:00:00,0,2009-04-20T00:00:00,23,soybeans_weekly_rvb
13,lasso,True,2020-03-30T00:00:00,497,2020-03-30T00:00:00,496,2020-03-30T00:00:00,496,2020-03-23T00:00:00,0,2009-04-20T00:00:00,23,soybeans_weekly_rvg
13,lasso,True,2020-03-30T00:00:00,497,2020-03-30T00:00:00,496,2020-03-30T00:00:00,496,2020-03-23T00:00:00,0,2009-04-20T00:00:00,23,ssta_elino
13,lasso,True,2020-03-30T00:00:00,497,2020-03-30T00:00:00,496,2020-03-30T00:00:00,496,2020-03-23T00:00:00,0,2009-04-20T00:00:00,23,tmax_hot_in_planting
13,lasso,True,2020-03-30T00:00:00,497,2020-03-30T00:00:00,496,2020-03-30T00:00:00,496,2020-03-23T00:00:00,0,2009-04-20T00:00:00,23,tmax_very_hot_in_planting
13,lasso,True,2020-03-30T00:00:00,497,2020-03-30T00:00:00,496,2020-03-30T00:00:00,496,2020-03-23T00:00:00,0,2009-04-20T00:00:00,23,tmin_very_cold_in_harvesting
13,lasso,True,2020-03-30T00:00:00,497,2020-03-30T00:00:00,496,2020-03-30T00:00:00,496,2020-03-23T00:00:00,0,2009-04-20T00:00:00,23,tmin_very_cold_in_planting
11,lasso,False,2020-06-01T00:00:00,505,2020-06-01T00:00:00,504,2020-06-01T00:00:00,504,2020-05-18T00:00:00,0,2009-04-20T00:00:00,24,DJIA_Index
11,lasso,False,2020-06-01T00:00:00,505,2020-06-01T00:00:00,504,2020-06-01T00:00:00,504,2020-05-18T00:00:00,0,2009-04-20T00:00:00,24,WTI_Index
11,lasso,False,2020-06-01T00:00:00,505,2020-06-01T00:00:00,504,2020-06-01T00:00:00,504,2020-05-18T00:00:00,0,2009-04-20T00:00:00,24,soybeans_monthly_rv
11,lasso,False,2020-06-01T00:00:00,505,2020-06-01T00:00:00,504,2020-06-01T00:00:00,504,2020-05-18T00:00:00,0,2009-04-20T00:00:00,24,soybeans_seasonal_rv
11,lasso,False,2020-06-01T00:00:00,505,2020-06-01T00:00:00,504,2020-06-01T00:00:00,504,2020-05-18T00:00:00,0,2009-04-20T00:00:00,24,soybeans_weekly_rv
11,lasso,False,2020-06-01T00:00:00,505,2020-06-01T00:00:00,504,2020-06-01T00:00:00,504,2020-05-18T00:00:00,0,2009-04-20T00:00:00,24,soybeans_weekly_rvb
11,lasso,False,2020-06-01T00:00:00,505,2020-06-01T00:00:00,504,2020-06-01T00:00:00,504,2020-05-18T00:00:00,0,2009-04-20T00:00:00,24,soybeans_weekly_rvg
11,lasso,False,2020-06-01T00:00:00,505,2020-06-01T00:00:00,504,2020-06-01T00:00:00,504,2020-05-18T00:00:00,0,2009-04-20T00:00:00,24,tmax_hot_in_planting
11,lasso,False,2020-06-01T00:00:00,505,2020-06-01T00:00:00,504,2020-06-01T00:00:00,504,2020-05-18T00:00:00,0,2009-04-20T00:00:00,24,tmax_very_hot_in_planting
11,lasso,False,2020-06-01T00:00:00,505,2020-06-01T00:00:00,504,2020-06-01T00:00:00,504,2020-05-18T00:00:00,0,2009-04-20T00:00:00,24,tmin_very_cold_in_harvesting
11,lasso,False,2020-06-01T00:00:00,505,2020-06-01T00:00:00,504,2020-06-01T00:00:00,504,2020-05-18T00:00:00,0,2009-04-20T00:00:00,24,tmin_very_cold_in_planting
11,lasso,True,2020-07-27T00:00:00,513,2020-07-27T00:00:00,512,2020-07-27T00:00:00,512,2020-07-20T00:00:00,0,2009-04-20T00:00:00,25,DJIA_Index
11,lasso,True,2020-07-27T00:00:00,513,2020-07-27T00:00:00,512,2020-07-27T00:00:00,512,2020-07-20T00:00:00,0,2009-04-20T00:00:00,25,WTI_Index
11,lasso,True,2020-07-27T00:00:00,513,2020-07-27T00:00:00,512,2020-07-27T00:00:00,512,2020-07-20T00:00:00,0,2009-04-20T00:00:00,25,soybeans_monthly_rv
11,lasso,True,2020-07-27T00:00:00,513,2020-07-27T00:00:00,512,2020-07-27T00:00:00,512,2020-07-20T00:00:00,0,2009-04-20T00:00:00,25,soybeans_seasonal_rv
11,lasso,True,2020-07-27T00:00:00,513,2020-07-27T00:00:00,512,2020-07-27T00:00:00,512,2020-07-20T00:00:00,0,2009-04-20T00:00:00,25,soybeans_weekly_rv
11,lasso,True,2020-07-27T00:00:00,513,2020-07-27T00:00:00,512,2020-07-27T00:00:00,512,2020-07-20T00:00:00,0,2009-04-20T00:00:00,25,soybeans_weekly_rvb
11,lasso,True,2020-07-27T00:00:00,513,2020-07-27T00:00:00,512,2020-07-27T00:00:00,512,2020-07-20T00:00:00,0,2009-04-20T00:00:00,25,soybeans_weekly_rvg
11,lasso,True,2020-07-27T00:00:00,513,2020-07-27T00:00:00,512,2020-07-27T00:00:00,512,2020-07-20T00:00:00,0,2009-04-20T00:00:00,25,tmax_hot_in_planting
11,lasso,True,2020-07-27T00:00:00,513,2020-07-27T00:00:00,512,2020-07-27T00:00:00,512,2020-07-20T00:00:00,0,2009-04-20T00:00:00,25,tmax_very_hot_in_planting
11,lasso,True,2020-07-27T00:00:00,513,2020-07-27T00:00:00,512,2020-07-27T00:00:00,512,2020-07-20T00:00:00,0,2009-04-20T00:00:00,25,tmin_very_cold_in_harvesting
11,lasso,True,2020-07-27T00:00:00,513,2020-07-27T00:00:00,512,2020-07-27T00:00:00,512,2020-07-20T00:00:00,0,2009-04-20T00:00:00,25,tmin_very_cold_in_planting
11,lasso,True,2020-09-28T00:00:00,521,2020-09-28T00:00:00,520,2020-09-28T00:00:00,520,2020-09-21T00:00:00,0,2009-04-20T00:00:00,26,DJIA_Index
11,lasso,True,2020-09-28T00:00:00,521,2020-09-28T00:00:00,520,2020-09-28T00:00:00,520,2020-09-21T00:00:00,0,2009-04-20T00:00:00,26,WTI_Index
11,lasso,True,2020-09-28T00:00:00,521,2020-09-28T00:00:00,520,2020-09-28T00:00:00,520,2020-09-21T00:00:00,0,2009-04-20T00:00:00,26,soybeans_monthly_rv
11,lasso,True,2020-09-28T00:00:00,521,2020-09-28T00:00:00,520,2020-09-28T00:00:00,520,2020-09-21T00:00:00,0,2009-04-20T00:00:00,26,soybeans_seasonal_rv
11,lasso,True,2020-09-28T00:00:00,521,2020-09-28T00:00:00,520,2020-09-28T00:00:00,520,2020-09-21T00:00:00,0,2009-04-20T00:00:00,26,soybeans_weekly_rv
11,lasso,True,2020-09-28T00:00:00,521,2020-09-28T00:00:00,520,2020-09-28T00:00:00,520,2020-09-21T00:00:00,0,2009-04-20T00:00:00,26,soybeans_weekly_rvb
11,lasso,True,2020-09-28T00:00:00,521,2020-09-28T00:00:00,520,2020-09-28T00:00:00,520,2020-09-21T00:00:00,0,2009-04-20T00:00:00,26,soybeans_weekly_rvg
11,lasso,True,2020-09-28T00:00:00,521,2020-09-28T00:00:00,520,2020-09-28T00:00:00,520,2020-09-21T00:00:00,0,2009-04-20T00:00:00,26,tmax_hot_in_planting
11,lasso,True,2020-09-28T00:00:00,521,2020-09-28T00:00:00,520,2020-09-28T00:00:00,520,2020-09-21T00:00:00,0,2009-04-20T00:00:00,26,tmax_very_hot_in_planting
11,lasso,True,2020-09-28T00:00:00,521,2020-09-28T00:00:00,520,2020-09-28T00:00:00,520,2020-09-21T00:00:00,0,2009-04-20T00:00:00,26,tmin_very_cold_in_harvesting
11,lasso,True,2020-09-28T00:00:00,521,2020-09-28T00:00:00,520,2020-09-28T00:00:00,520,2020-09-21T00:00:00,0,2009-04-20T00:00:00,26,tmin_very_cold_in_planting
11,lasso,True,2020-11-30T00:00:00,529,2020-11-30T00:00:00,528,2020-11-30T00:00:00,528,2020-11-23T00:00:00,0,2009-04-20T00:00:00,27,DJIA_Index
11,lasso,True,2020-11-30T00:00:00,529,2020-11-30T00:00:00,528,2020-11-30T00:00:00,528,2020-11-23T00:00:00,0,2009-04-20T00:00:00,27,WTI_Index
11,lasso,True,2020-11-30T00:00:00,529,2020-11-30T00:00:00,528,2020-11-30T00:00:00,528,2020-11-23T00:00:00,0,2009-04-20T00:00:00,27,soybeans_monthly_rv
11,lasso,True,2020-11-30T00:00:00,529,2020-11-30T00:00:00,528,2020-11-30T00:00:00,528,2020-11-23T00:00:00,0,2009-04-20T00:00:00,27,soybeans_seasonal_rv
11,lasso,True,2020-11-30T00:00:00,529,2020-11-30T00:00:00,528,2020-11-30T00:00:00,528,2020-11-23T00:00:00,0,2009-04-20T00:00:00,27,soybeans_weekly_rv
11,lasso,True,2020-11-30T00:00:00,529,2020-11-30T00:00:00,528,2020-11-30T00:00:00,528,2020-11-23T00:00:00,0,2009-04-20T00:00:00,27,soybeans_weekly_rvb
11,lasso,True,2020-11-30T00:00:00,529,2020-11-30T00:00:00,528,2020-11-30T00:00:00,528,2020-11-23T00:00:00,0,2009-04-20T00:00:00,27,soybeans_weekly_rvg
11,lasso,True,2020-11-30T00:00:00,529,2020-11-30T00:00:00,528,2020-11-30T00:00:00,528,2020-11-23T00:00:00,0,2009-04-20T00:00:00,27,tmax_hot_in_planting
11,lasso,True,2020-11-30T00:00:00,529,2020-11-30T00:00:00,528,2020-11-30T00:00:00,528,2020-11-23T00:00:00,0,2009-04-20T00:00:00,27,tmax_very_hot_in_planting
11,lasso,True,2020-11-30T00:00:00,529,2020-11-30T00:00:00,528,2020-11-30T00:00:00,528,2020-11-23T00:00:00,0,2009-04-20T00:00:00,27,tmin_very_cold_in_harvesting
11,lasso,True,2020-11-30T00:00:00,529,2020-11-30T00:00:00,528,2020-11-30T00:00:00,528,2020-11-23T00:00:00,0,2009-04-20T00:00:00,27,tmin_very_cold_in_planting
13,lasso,False,2021-02-01T00:00:00,537,2021-02-01T00:00:00,536,2021-02-01T00:00:00,536,2021-01-25T00:00:00,0,2009-04-20T00:00:00,28,Broad_Dollar_index
13,lasso,False,2021-02-01T00:00:00,537,2021-02-01T00:00:00,536,2021-02-01T00:00:00,536,2021-01-25T00:00:00,0,2009-04-20T00:00:00,28,DJIA_Index
13,lasso,False,2021-02-01T00:00:00,537,2021-02-01T00:00:00,536,2021-02-01T00:00:00,536,2021-01-25T00:00:00,0,2009-04-20T00:00:00,28,WTI_Index
13,lasso,False,2021-02-01T00:00:00,537,2021-02-01T00:00:00,536,2021-02-01T00:00:00,536,2021-01-25T00:00:00,0,2009-04-20T00:00:00,28,soybeans_monthly_rv
13,lasso,False,2021-02-01T00:00:00,537,2021-02-01T00:00:00,536,2021-02-01T00:00:00,536,2021-01-25T00:00:00,0,2009-04-20T00:00:00,28,soybeans_seasonal_rv
13,lasso,False,2021-02-01T00:00:00,537,2021-02-01T00:00:00,536,2021-02-01T00:00:00,536,2021-01-25T00:00:00,0,2009-04-20T00:00:00,28,soybeans_weekly_rv
13,lasso,False,2021-02-01T00:00:00,537,2021-02-01T00:00:00,536,2021-02-01T00:00:00,536,2021-01-25T00:00:00,0,2009-04-20T00:00:00,28,soybeans_weekly_rvb
13,lasso,False,2021-02-01T00:00:00,537,2021-02-01T00:00:00,536,2021-02-01T00:00:00,536,2021-01-25T00:00:00,0,2009-04-20T00:00:00,28,soybeans_weekly_rvg
13,lasso,False,2021-02-01T00:00:00,537,2021-02-01T00:00:00,536,2021-02-01T00:00:00,536,2021-01-25T00:00:00,0,2009-04-20T00:00:00,28,ssta_lanina
13,lasso,False,2021-02-01T00:00:00,537,2021-02-01T00:00:00,536,2021-02-01T00:00:00,536,2021-01-25T00:00:00,0,2009-04-20T00:00:00,28,tmax_hot_in_planting
13,lasso,False,2021-02-01T00:00:00,537,2021-02-01T00:00:00,536,2021-02-01T00:00:00,536,2021-01-25T00:00:00,0,2009-04-20T00:00:00,28,tmax_very_hot_in_planting
13,lasso,False,2021-02-01T00:00:00,537,2021-02-01T00:00:00,536,2021-02-01T00:00:00,536,2021-01-25T00:00:00,0,2009-04-20T00:00:00,28,tmin_very_cold_in_harvesting
13,lasso,False,2021-02-01T00:00:00,537,2021-02-01T00:00:00,536,2021-02-01T00:00:00,536,2021-01-25T00:00:00,0,2009-04-20T00:00:00,28,tmin_very_cold_in_planting
13,lasso,True,2021-04-05T00:00:00,545,2021-04-05T00:00:00,544,2021-04-05T00:00:00,544,2021-03-29T00:00:00,0,2009-04-20T00:00:00,29,Broad_Dollar_index
13,lasso,True,2021-04-05T00:00:00,545,2021-04-05T00:00:00,544,2021-04-05T00:00:00,544,2021-03-29T00:00:00,0,2009-04-20T00:00:00,29,DJIA_Index
13,lasso,True,2021-04-05T00:00:00,545,2021-04-05T00:00:00,544,2021-04-05T00:00:00,544,2021-03-29T00:00:00,0,2009-04-20T00:00:00,29,WTI_Index
13,lasso,True,2021-04-05T00:00:00,545,2021-04-05T00:00:00,544,2021-04-05T00:00:00,544,2021-03-29T00:00:00,0,2009-04-20T00:00:00,29,soybeans_monthly_rv
13,lasso,True,2021-04-05T00:00:00,545,2021-04-05T00:00:00,544,2021-04-05T00:00:00,544,2021-03-29T00:00:00,0,2009-04-20T00:00:00,29,soybeans_seasonal_rv
13,lasso,True,2021-04-05T00:00:00,545,2021-04-05T00:00:00,544,2021-04-05T00:00:00,544,2021-03-29T00:00:00,0,2009-04-20T00:00:00,29,soybeans_weekly_rv
13,lasso,True,2021-04-05T00:00:00,545,2021-04-05T00:00:00,544,2021-04-05T00:00:00,544,2021-03-29T00:00:00,0,2009-04-20T00:00:00,29,soybeans_weekly_rvb
13,lasso,True,2021-04-05T00:00:00,545,2021-04-05T00:00:00,544,2021-04-05T00:00:00,544,2021-03-29T00:00:00,0,2009-04-20T00:00:00,29,soybeans_weekly_rvg
13,lasso,True,2021-04-05T00:00:00,545,2021-04-05T00:00:00,544,2021-04-05T00:00:00,544,2021-03-29T00:00:00,0,2009-04-20T00:00:00,29,ssta_lanina
13,lasso,True,2021-04-05T00:00:00,545,2021-04-05T00:00:00,544,2021-04-05T00:00:00,544,2021-03-29T00:00:00,0,2009-04-20T00:00:00,29,tmax_hot_in_planting
13,lasso,True,2021-04-05T00:00:00,545,2021-04-05T00:00:00,544,2021-04-05T00:00:00,544,2021-03-29T00:00:00,0,2009-04-20T00:00:00,29,tmax_very_hot_in_planting
13,lasso,True,2021-04-05T00:00:00,545,2021-04-05T00:00:00,544,2021-04-05T00:00:00,544,2021-03-29T00:00:00,0,2009-04-20T00:00:00,29,tmin_very_cold_in_harvesting
13,lasso,True,2021-04-05T00:00:00,545,2021-04-05T00:00:00,544,2021-04-05T00:00:00,544,2021-03-29T00:00:00,0,2009-04-20T00:00:00,29,tmin_very_cold_in_planting
13,lasso,True,2021-06-07T00:00:00,553,2021-06-07T00:00:00,552,2021-06-07T00:00:00,552,2021-05-24T00:00:00,0,2009-04-20T00:00:00,30,Broad_Dollar_index
13,lasso,True,2021-06-07T00:00:00,553,2021-06-07T00:00:00,552,2021-06-07T00:00:00,552,2021-05-24T00:00:00,0,2009-04-20T00:00:00,30,DJIA_Index
13,lasso,True,2021-06-07T00:00:00,553,2021-06-07T00:00:00,552,2021-06-07T00:00:00,552,2021-05-24T00:00:00,0,2009-04-20T00:00:00,30,WTI_Index
13,lasso,True,2021-06-07T00:00:00,553,2021-06-07T00:00:00,552,2021-06-07T00:00:00,552,2021-05-24T00:00:00,0,2009-04-20T00:00:00,30,soybeans_monthly_rv
13,lasso,True,2021-06-07T00:00:00,553,2021-06-07T00:00:00,552,2021-06-07T00:00:00,552,2021-05-24T00:00:00,0,2009-04-20T00:00:00,30,soybeans_seasonal_rv
13,lasso,True,2021-06-07T00:00:00,553,2021-06-07T00:00:00,552,2021-06-07T00:00:00,552,2021-05-24T00:00:00,0,2009-04-20T00:00:00,30,soybeans_weekly_rv
13,lasso,True,2021-06-07T00:00:00,553,2021-06-07T00:00:00,552,2021-06-07T00:00:00,552,2021-05-24T00:00:00,0,2009-04-20T00:00:00,30,soybeans_weekly_rvb
13,lasso,True,2021-06-07T00:00:00,553,2021-06-07T00:00:00,552,2021-06-07T00:00:00,552,2021-05-24T00:00:00,0,2009-04-20T00:00:00,30,soybeans_weekly_rvg
13,lasso,True,2021-06-07T00:00:00,553,2021-06-07T00:00:00,552,2021-06-07T00:00:00,552,2021-05-24T00:00:00,0,2009-04-20T00:00:00,30,ssta_lanina
13,lasso,True,2021-06-07T00:00:00,553,2021-06-07T00:00:00,552,2021-06-07T00:00:00,552,2021-05-24T00:00:00,0,2009-04-20T00:00:00,30,tmax_hot_in_planting
13,lasso,True,2021-06-07T00:00:00,553,2021-06-07T00:00:00,552,2021-06-07T00:00:00,552,2021-05-24T00:00:00,0,2009-04-20T00:00:00,30,tmax_very_hot_in_planting
13,lasso,True,2021-06-07T00:00:00,553,2021-06-07T00:00:00,552,2021-06-07T00:00:00,552,2021-05-24T00:00:00,0,2009-04-20T00:00:00,30,tmin_very_cold_in_harvesting
13,lasso,True,2021-06-07T00:00:00,553,2021-06-07T00:00:00,552,2021-06-07T00:00:00,552,2021-05-24T00:00:00,0,2009-04-20T00:00:00,30,tmin_very_cold_in_planting
13,lasso,True,2021-08-09T00:00:00,561,2021-08-09T00:00:00,560,2021-08-09T00:00:00,560,2021-08-02T00:00:00,0,2009-04-20T00:00:00,31,Broad_Dollar_index
13,lasso,True,2021-08-09T00:00:00,561,2021-08-09T00:00:00,560,2021-08-09T00:00:00,560,2021-08-02T00:00:00,0,2009-04-20T00:00:00,31,DJIA_Index
13,lasso,True,2021-08-09T00:00:00,561,2021-08-09T00:00:00,560,2021-08-09T00:00:00,560,2021-08-02T00:00:00,0,2009-04-20T00:00:00,31,WTI_Index
13,lasso,True,2021-08-09T00:00:00,561,2021-08-09T00:00:00,560,2021-08-09T00:00:00,560,2021-08-02T00:00:00,0,2009-04-20T00:00:00,31,soybeans_monthly_rv
13,lasso,True,2021-08-09T00:00:00,561,2021-08-09T00:00:00,560,2021-08-09T00:00:00,560,2021-08-02T00:00:00,0,2009-04-20T00:00:00,31,soybeans_seasonal_rv
13,lasso,True,2021-08-09T00:00:00,561,2021-08-09T00:00:00,560,2021-08-09T00:00:00,560,2021-08-02T00:00:00,0,2009-04-20T00:00:00,31,soybeans_weekly_rv
13,lasso,True,2021-08-09T00:00:00,561,2021-08-09T00:00:00,560,2021-08-09T00:00:00,560,2021-08-02T00:00:00,0,2009-04-20T00:00:00,31,soybeans_weekly_rvb
13,lasso,True,2021-08-09T00:00:00,561,2021-08-09T00:00:00,560,2021-08-09T00:00:00,560,2021-08-02T00:00:00,0,2009-04-20T00:00:00,31,soybeans_weekly_rvg
13,lasso,True,2021-08-09T00:00:00,561,2021-08-09T00:00:00,560,2021-08-09T00:00:00,560,2021-08-02T00:00:00,0,2009-04-20T00:00:00,31,ssta_lanina
13,lasso,True,2021-08-09T00:00:00,561,2021-08-09T00:00:00,560,2021-08-09T00:00:00,560,2021-08-02T00:00:00,0,2009-04-20T00:00:00,31,tmax_hot_in_planting
13,lasso,True,2021-08-09T00:00:00,561,2021-08-09T00:00:00,560,2021-08-09T00:00:00,560,2021-08-02T00:00:00,0,2009-04-20T00:00:00,31,tmax_very_hot_in_planting
13,lasso,True,2021-08-09T00:00:00,561,2021-08-09T00:00:00,560,2021-08-09T00:00:00,560,2021-08-02T00:00:00,0,2009-04-20T00:00:00,31,tmin_very_cold_in_harvesting
13,lasso,True,2021-08-09T00:00:00,561,2021-08-09T00:00:00,560,2021-08-09T00:00:00,560,2021-08-02T00:00:00,0,2009-04-20T00:00:00,31,tmin_very_cold_in_planting
18,lasso,False,2021-10-18T00:00:00,569,2021-10-18T00:00:00,568,2021-10-18T00:00:00,568,2021-10-04T00:00:00,0,2009-04-20T00:00:00,32,Broad_Dollar_index
18,lasso,False,2021-10-18T00:00:00,569,2021-10-18T00:00:00,568,2021-10-18T00:00:00,568,2021-10-04T00:00:00,0,2009-04-20T00:00:00,32,NAO_index
18,lasso,False,2021-10-18T00:00:00,569,2021-10-18T00:00:00,568,2021-10-18T00:00:00,568,2021-10-04T00:00:00,0,2009-04-20T00:00:00,32,WTI_Index
18,lasso,False,2021-10-18T00:00:00,569,2021-10-18T00:00:00,568,2021-10-18T00:00:00,568,2021-10-04T00:00:00,0,2009-04-20T00:00:00,32,corn_weekly_rv
18,lasso,False,2021-10-18T00:00:00,569,2021-10-18T00:00:00,568,2021-10-18T00:00:00,568,2021-10-04T00:00:00,0,2009-04-20T00:00:00,32,pdsi_extreme_drought_in_planting
18,lasso,False,2021-10-18T00:00:00,569,2021-10-18T00:00:00,568,2021-10-18T00:00:00,568,2021-10-04T00:00:00,0,2009-04-20T00:00:00,32,pdsi_extreme_wet_in_harvesting
18,lasso,False,2021-10-18T00:00:00,569,2021-10-18T00:00:00,568,2021-10-18T00:00:00,568,2021-10-04T00:00:00,0,2009-04-20T00:00:00,32,soybeans_monthly_rv
18,lasso,False,2021-10-18T00:00:00,569,2021-10-18T00:00:00,568,2021-10-18T00:00:00,568,2021-10-04T00:00:00,0,2009-04-20T00:00:00,32,soybeans_seasonal_rv
18,lasso,False,2021-10-18T00:00:00,569,2021-10-18T00:00:00,568,2021-10-18T00:00:00,568,2021-10-04T00:00:00,0,2009-04-20T00:00:00,32,soybeans_weekly_rv
18,lasso,False,2021-10-18T00:00:00,569,2021-10-18T00:00:00,568,2021-10-18T00:00:00,568,2021-10-04T00:00:00,0,2009-04-20T00:00:00,32,soybeans_weekly_rvb
18,lasso,False,2021-10-18T00:00:00,569,2021-10-18T00:00:00,568,2021-10-18T00:00:00,568,2021-10-04T00:00:00,0,2009-04-20T00:00:00,32,soybeans_weekly_rvg
18,lasso,False,2021-10-18T00:00:00,569,2021-10-18T00:00:00,568,2021-10-18T00:00:00,568,2021-10-04T00:00:00,0,2009-04-20T00:00:00,32,ssta_lanina
18,lasso,False,2021-10-18T00:00:00,569,2021-10-18T00:00:00,568,2021-10-18T00:00:00,568,2021-10-04T00:00:00,0,2009-04-20T00:00:00,32,tmax_hot_in_harvesting
18,lasso,False,2021-10-18T00:00:00,569,2021-10-18T00:00:00,568,2021-10-18T00:00:00,568,2021-10-04T00:00:00,0,2009-04-20T00:00:00,32,tmax_hot_in_planting
18,lasso,False,2021-10-18T00:00:00,569,2021-10-18T00:00:00,568,2021-10-18T00:00:00,568,2021-10-04T00:00:00,0,2009-04-20T00:00:00,32,tmax_very_hot_in_planting
18,lasso,False,2021-10-18T00:00:00,569,2021-10-18T00:00:00,568,2021-10-18T00:00:00,568,2021-10-04T00:00:00,0,2009-04-20T00:00:00,32,tmin_cold_in_harvesting
18,lasso,False,2021-10-18T00:00:00,569,2021-10-18T00:00:00,568,2021-10-18T00:00:00,568,2021-10-04T00:00:00,0,2009-04-20T00:00:00,32,tmin_very_cold_in_harvesting
18,lasso,False,2021-10-18T00:00:00,569,2021-10-18T00:00:00,568,2021-10-18T00:00:00,568,2021-10-04T00:00:00,0,2009-04-20T00:00:00,32,tmin_very_cold_in_planting
18,lasso,True,2021-12-13T00:00:00,577,2021-12-13T00:00:00,576,2021-12-13T00:00:00,576,2021-12-06T00:00:00,0,2009-04-20T00:00:00,33,Broad_Dollar_index
18,lasso,True,2021-12-13T00:00:00,577,2021-12-13T00:00:00,576,2021-12-13T00:00:00,576,2021-12-06T00:00:00,0,2009-04-20T00:00:00,33,NAO_index
18,lasso,True,2021-12-13T00:00:00,577,2021-12-13T00:00:00,576,2021-12-13T00:00:00,576,2021-12-06T00:00:00,0,2009-04-20T00:00:00,33,WTI_Index
18,lasso,True,2021-12-13T00:00:00,577,2021-12-13T00:00:00,576,2021-12-13T00:00:00,576,2021-12-06T00:00:00,0,2009-04-20T00:00:00,33,corn_weekly_rv
18,lasso,True,2021-12-13T00:00:00,577,2021-12-13T00:00:00,576,2021-12-13T00:00:00,576,2021-12-06T00:00:00,0,2009-04-20T00:00:00,33,pdsi_extreme_drought_in_planting
18,lasso,True,2021-12-13T00:00:00,577,2021-12-13T00:00:00,576,2021-12-13T00:00:00,576,2021-12-06T00:00:00,0,2009-04-20T00:00:00,33,pdsi_extreme_wet_in_harvesting
18,lasso,True,2021-12-13T00:00:00,577,2021-12-13T00:00:00,576,2021-12-13T00:00:00,576,2021-12-06T00:00:00,0,2009-04-20T00:00:00,33,soybeans_monthly_rv
18,lasso,True,2021-12-13T00:00:00,577,2021-12-13T00:00:00,576,2021-12-13T00:00:00,576,2021-12-06T00:00:00,0,2009-04-20T00:00:00,33,soybeans_seasonal_rv
18,lasso,True,2021-12-13T00:00:00,577,2021-12-13T00:00:00,576,2021-12-13T00:00:00,576,2021-12-06T00:00:00,0,2009-04-20T00:00:00,33,soybeans_weekly_rv
18,lasso,True,2021-12-13T00:00:00,577,2021-12-13T00:00:00,576,2021-12-13T00:00:00,576,2021-12-06T00:00:00,0,2009-04-20T00:00:00,33,soybeans_weekly_rvb
18,lasso,True,2021-12-13T00:00:00,577,2021-12-13T00:00:00,576,2021-12-13T00:00:00,576,2021-12-06T00:00:00,0,2009-04-20T00:00:00,33,soybeans_weekly_rvg
18,lasso,True,2021-12-13T00:00:00,577,2021-12-13T00:00:00,576,2021-12-13T00:00:00,576,2021-12-06T00:00:00,0,2009-04-20T00:00:00,33,ssta_lanina
18,lasso,True,2021-12-13T00:00:00,577,2021-12-13T00:00:00,576,2021-12-13T00:00:00,576,2021-12-06T00:00:00,0,2009-04-20T00:00:00,33,tmax_hot_in_harvesting
18,lasso,True,2021-12-13T00:00:00,577,2021-12-13T00:00:00,576,2021-12-13T00:00:00,576,2021-12-06T00:00:00,0,2009-04-20T00:00:00,33,tmax_hot_in_planting
18,lasso,True,2021-12-13T00:00:00,577,2021-12-13T00:00:00,576,2021-12-13T00:00:00,576,2021-12-06T00:00:00,0,2009-04-20T00:00:00,33,tmax_very_hot_in_planting
18,lasso,True,2021-12-13T00:00:00,577,2021-12-13T00:00:00,576,2021-12-13T00:00:00,576,2021-12-06T00:00:00,0,2009-04-20T00:00:00,33,tmin_cold_in_harvesting
18,lasso,True,2021-12-13T00:00:00,577,2021-12-13T00:00:00,576,2021-12-13T00:00:00,576,2021-12-06T00:00:00,0,2009-04-20T00:00:00,33,tmin_very_cold_in_harvesting
18,lasso,True,2021-12-13T00:00:00,577,2021-12-13T00:00:00,576,2021-12-13T00:00:00,576,2021-12-06T00:00:00,0,2009-04-20T00:00:00,33,tmin_very_cold_in_planting
18,lasso,True,2022-02-14T00:00:00,585,2022-02-14T00:00:00,584,2022-02-14T00:00:00,584,2022-02-07T00:00:00,0,2009-04-20T00:00:00,34,Broad_Dollar_index
18,lasso,True,2022-02-14T00:00:00,585,2022-02-14T00:00:00,584,2022-02-14T00:00:00,584,2022-02-07T00:00:00,0,2009-04-20T00:00:00,34,NAO_index
18,lasso,True,2022-02-14T00:00:00,585,2022-02-14T00:00:00,584,2022-02-14T00:00:00,584,2022-02-07T00:00:00,0,2009-04-20T00:00:00,34,WTI_Index
18,lasso,True,2022-02-14T00:00:00,585,2022-02-14T00:00:00,584,2022-02-14T00:00:00,584,2022-02-07T00:00:00,0,2009-04-20T00:00:00,34,corn_weekly_rv
18,lasso,True,2022-02-14T00:00:00,585,2022-02-14T00:00:00,584,2022-02-14T00:00:00,584,2022-02-07T00:00:00,0,2009-04-20T00:00:00,34,pdsi_extreme_drought_in_planting
18,lasso,True,2022-02-14T00:00:00,585,2022-02-14T00:00:00,584,2022-02-14T00:00:00,584,2022-02-07T00:00:00,0,2009-04-20T00:00:00,34,pdsi_extreme_wet_in_harvesting
18,lasso,True,2022-02-14T00:00:00,585,2022-02-14T00:00:00,584,2022-02-14T00:00:00,584,2022-02-07T00:00:00,0,2009-04-20T00:00:00,34,soybeans_monthly_rv
18,lasso,True,2022-02-14T00:00:00,585,2022-02-14T00:00:00,584,2022-02-14T00:00:00,584,2022-02-07T00:00:00,0,2009-04-20T00:00:00,34,soybeans_seasonal_rv
18,lasso,True,2022-02-14T00:00:00,585,2022-02-14T00:00:00,584,2022-02-14T00:00:00,584,2022-02-07T00:00:00,0,2009-04-20T00:00:00,34,soybeans_weekly_rv
18,lasso,True,2022-02-14T00:00:00,585,2022-02-14T00:00:00,584,2022-02-14T00:00:00,584,2022-02-07T00:00:00,0,2009-04-20T00:00:00,34,soybeans_weekly_rvb
18,lasso,True,2022-02-14T00:00:00,585,2022-02-14T00:00:00,584,2022-02-14T00:00:00,584,2022-02-07T00:00:00,0,2009-04-20T00:00:00,34,soybeans_weekly_rvg
18,lasso,True,2022-02-14T00:00:00,585,2022-02-14T00:00:00,584,2022-02-14T00:00:00,584,2022-02-07T00:00:00,0,2009-04-20T00:00:00,34,ssta_lanina
18,lasso,True,2022-02-14T00:00:00,585,2022-02-14T00:00:00,584,2022-02-14T00:00:00,584,2022-02-07T00:00:00,0,2009-04-20T00:00:00,34,tmax_hot_in_harvesting
18,lasso,True,2022-02-14T00:00:00,585,2022-02-14T00:00:00,584,2022-02-14T00:00:00,584,2022-02-07T00:00:00,0,2009-04-20T00:00:00,34,tmax_hot_in_planting
18,lasso,True,2022-02-14T00:00:00,585,2022-02-14T00:00:00,584,2022-02-14T00:00:00,584,2022-02-07T00:00:00,0,2009-04-20T00:00:00,34,tmax_very_hot_in_planting
18,lasso,True,2022-02-14T00:00:00,585,2022-02-14T00:00:00,584,2022-02-14T00:00:00,584,2022-02-07T00:00:00,0,2009-04-20T00:00:00,34,tmin_cold_in_harvesting
18,lasso,True,2022-02-14T00:00:00,585,2022-02-14T00:00:00,584,2022-02-14T00:00:00,584,2022-02-07T00:00:00,0,2009-04-20T00:00:00,34,tmin_very_cold_in_harvesting
18,lasso,True,2022-02-14T00:00:00,585,2022-02-14T00:00:00,584,2022-02-14T00:00:00,584,2022-02-07T00:00:00,0,2009-04-20T00:00:00,34,tmin_very_cold_in_planting
18,lasso,True,2022-04-18T00:00:00,593,2022-04-18T00:00:00,592,2022-04-18T00:00:00,592,2022-04-11T00:00:00,0,2009-04-20T00:00:00,35,Broad_Dollar_index
18,lasso,True,2022-04-18T00:00:00,593,2022-04-18T00:00:00,592,2022-04-18T00:00:00,592,2022-04-11T00:00:00,0,2009-04-20T00:00:00,35,NAO_index
18,lasso,True,2022-04-18T00:00:00,593,2022-04-18T00:00:00,592,2022-04-18T00:00:00,592,2022-04-11T00:00:00,0,2009-04-20T00:00:00,35,WTI_Index
18,lasso,True,2022-04-18T00:00:00,593,2022-04-18T00:00:00,592,2022-04-18T00:00:00,592,2022-04-11T00:00:00,0,2009-04-20T00:00:00,35,corn_weekly_rv
18,lasso,True,2022-04-18T00:00:00,593,2022-04-18T00:00:00,592,2022-04-18T00:00:00,592,2022-04-11T00:00:00,0,2009-04-20T00:00:00,35,pdsi_extreme_drought_in_planting
18,lasso,True,2022-04-18T00:00:00,593,2022-04-18T00:00:00,592,2022-04-18T00:00:00,592,2022-04-11T00:00:00,0,2009-04-20T00:00:00,35,pdsi_extreme_wet_in_harvesting
18,lasso,True,2022-04-18T00:00:00,593,2022-04-18T00:00:00,592,2022-04-18T00:00:00,592,2022-04-11T00:00:00,0,2009-04-20T00:00:00,35,soybeans_monthly_rv
18,lasso,True,2022-04-18T00:00:00,593,2022-04-18T00:00:00,592,2022-04-18T00:00:00,592,2022-04-11T00:00:00,0,2009-04-20T00:00:00,35,soybeans_seasonal_rv
18,lasso,True,2022-04-18T00:00:00,593,2022-04-18T00:00:00,592,2022-04-18T00:00:00,592,2022-04-11T00:00:00,0,2009-04-20T00:00:00,35,soybeans_weekly_rv
18,lasso,True,2022-04-18T00:00:00,593,2022-04-18T00:00:00,592,2022-04-18T00:00:00,592,2022-04-11T00:00:00,0,2009-04-20T00:00:00,35,soybeans_weekly_rvb
18,lasso,True,2022-04-18T00:00:00,593,2022-04-18T00:00:00,592,2022-04-18T00:00:00,592,2022-04-11T00:00:00,0,2009-04-20T00:00:00,35,soybeans_weekly_rvg
18,lasso,True,2022-04-18T00:00:00,593,2022-04-18T00:00:00,592,2022-04-18T00:00:00,592,2022-04-11T00:00:00,0,2009-04-20T00:00:00,35,ssta_lanina
18,lasso,True,2022-04-18T00:00:00,593,2022-04-18T00:00:00,592,2022-04-18T00:00:00,592,2022-04-11T00:00:00,0,2009-04-20T00:00:00,35,tmax_hot_in_harvesting
18,lasso,True,2022-04-18T00:00:00,593,2022-04-18T00:00:00,592,2022-04-18T00:00:00,592,2022-04-11T00:00:00,0,2009-04-20T00:00:00,35,tmax_hot_in_planting
18,lasso,True,2022-04-18T00:00:00,593,2022-04-18T00:00:00,592,2022-04-18T00:00:00,592,2022-04-11T00:00:00,0,2009-04-20T00:00:00,35,tmax_very_hot_in_planting
18,lasso,True,2022-04-18T00:00:00,593,2022-04-18T00:00:00,592,2022-04-18T00:00:00,592,2022-04-11T00:00:00,0,2009-04-20T00:00:00,35,tmin_cold_in_harvesting
18,lasso,True,2022-04-18T00:00:00,593,2022-04-18T00:00:00,592,2022-04-18T00:00:00,592,2022-04-11T00:00:00,0,2009-04-20T00:00:00,35,tmin_very_cold_in_harvesting
18,lasso,True,2022-04-18T00:00:00,593,2022-04-18T00:00:00,592,2022-04-18T00:00:00,592,2022-04-11T00:00:00,0,2009-04-20T00:00:00,35,tmin_very_cold_in_planting
16,lasso,False,2022-06-27T00:00:00,601,2022-06-27T00:00:00,600,2022-06-27T00:00:00,600,2022-06-13T00:00:00,0,2009-04-20T00:00:00,36,Broad_Dollar_index
16,lasso,False,2022-06-27T00:00:00,601,2022-06-27T00:00:00,600,2022-06-27T00:00:00,600,2022-06-13T00:00:00,0,2009-04-20T00:00:00,36,WTI_Index
16,lasso,False,2022-06-27T00:00:00,601,2022-06-27T00:00:00,600,2022-06-27T00:00:00,600,2022-06-13T00:00:00,0,2009-04-20T00:00:00,36,corn_weekly_rv
16,lasso,False,2022-06-27T00:00:00,601,2022-06-27T00:00:00,600,2022-06-27T00:00:00,600,2022-06-13T00:00:00,0,2009-04-20T00:00:00,36,pdsi_extreme_drought_in_planting
16,lasso,False,2022-06-27T00:00:00,601,2022-06-27T00:00:00,600,2022-06-27T00:00:00,600,2022-06-13T00:00:00,0,2009-04-20T00:00:00,36,pdsi_extreme_wet_in_harvesting
16,lasso,False,2022-06-27T00:00:00,601,2022-06-27T00:00:00,600,2022-06-27T00:00:00,600,2022-06-13T00:00:00,0,2009-04-20T00:00:00,36,soybeans_monthly_rv
16,lasso,False,2022-06-27T00:00:00,601,2022-06-27T00:00:00,600,2022-06-27T00:00:00,600,2022-06-13T00:00:00,0,2009-04-20T00:00:00,36,soybeans_seasonal_rv
16,lasso,False,2022-06-27T00:00:00,601,2022-06-27T00:00:00,600,2022-06-27T00:00:00,600,2022-06-13T00:00:00,0,2009-04-20T00:00:00,36,soybeans_weekly_rv
16,lasso,False,2022-06-27T00:00:00,601,2022-06-27T00:00:00,600,2022-06-27T00:00:00,600,2022-06-13T00:00:00,0,2009-04-20T00:00:00,36,soybeans_weekly_rvg
16,lasso,False,2022-06-27T00:00:00,601,2022-06-27T00:00:00,600,2022-06-27T00:00:00,600,2022-06-13T00:00:00,0,2009-04-20T00:00:00,36,ssta_lanina
16,lasso,False,2022-06-27T00:00:00,601,2022-06-27T00:00:00,600,2022-06-27T00:00:00,600,2022-06-13T00:00:00,0,2009-04-20T00:00:00,36,tmax_hot_in_harvesting
16,lasso,False,2022-06-27T00:00:00,601,2022-06-27T00:00:00,600,2022-06-27T00:00:00,600,2022-06-13T00:00:00,0,2009-04-20T00:00:00,36,tmax_hot_in_planting
16,lasso,False,2022-06-27T00:00:00,601,2022-06-27T00:00:00,600,2022-06-27T00:00:00,600,2022-06-13T00:00:00,0,2009-04-20T00:00:00,36,tmax_very_hot_in_planting
16,lasso,False,2022-06-27T00:00:00,601,2022-06-27T00:00:00,600,2022-06-27T00:00:00,600,2022-06-13T00:00:00,0,2009-04-20T00:00:00,36,tmin_cold_in_harvesting
16,lasso,False,2022-06-27T00:00:00,601,2022-06-27T00:00:00,600,2022-06-27T00:00:00,600,2022-06-13T00:00:00,0,2009-04-20T00:00:00,36,tmin_very_cold_in_harvesting
16,lasso,False,2022-06-27T00:00:00,601,2022-06-27T00:00:00,600,2022-06-27T00:00:00,600,2022-06-13T00:00:00,0,2009-04-20T00:00:00,36,tmin_very_cold_in_planting
16,lasso,True,2022-08-29T00:00:00,609,2022-08-29T00:00:00,608,2022-08-29T00:00:00,608,2022-08-22T00:00:00,0,2009-04-20T00:00:00,37,Broad_Dollar_index
16,lasso,True,2022-08-29T00:00:00,609,2022-08-29T00:00:00,608,2022-08-29T00:00:00,608,2022-08-22T00:00:00,0,2009-04-20T00:00:00,37,WTI_Index
16,lasso,True,2022-08-29T00:00:00,609,2022-08-29T00:00:00,608,2022-08-29T00:00:00,608,2022-08-22T00:00:00,0,2009-04-20T00:00:00,37,corn_weekly_rv
16,lasso,True,2022-08-29T00:00:00,609,2022-08-29T00:00:00,608,2022-08-29T00:00:00,608,2022-08-22T00:00:00,0,2009-04-20T00:00:00,37,pdsi_extreme_drought_in_planting
16,lasso,True,2022-08-29T00:00:00,609,2022-08-29T00:00:00,608,2022-08-29T00:00:00,608,2022-08-22T00:00:00,0,2009-04-20T00:00:00,37,pdsi_extreme_wet_in_harvesting
16,lasso,True,2022-08-29T00:00:00,609,2022-08-29T00:00:00,608,2022-08-29T00:00:00,608,2022-08-22T00:00:00,0,2009-04-20T00:00:00,37,soybeans_monthly_rv
16,lasso,True,2022-08-29T00:00:00,609,2022-08-29T00:00:00,608,2022-08-29T00:00:00,608,2022-08-22T00:00:00,0,2009-04-20T00:00:00,37,soybeans_seasonal_rv
16,lasso,True,2022-08-29T00:00:00,609,2022-08-29T00:00:00,608,2022-08-29T00:00:00,608,2022-08-22T00:00:00,0,2009-04-20T00:00:00,37,soybeans_weekly_rv
16,lasso,True,2022-08-29T00:00:00,609,2022-08-29T00:00:00,608,2022-08-29T00:00:00,608,2022-08-22T00:00:00,0,2009-04-20T00:00:00,37,soybeans_weekly_rvg
16,lasso,True,2022-08-29T00:00:00,609,2022-08-29T00:00:00,608,2022-08-29T00:00:00,608,2022-08-22T00:00:00,0,2009-04-20T00:00:00,37,ssta_lanina
16,lasso,True,2022-08-29T00:00:00,609,2022-08-29T00:00:00,608,2022-08-29T00:00:00,608,2022-08-22T00:00:00,0,2009-04-20T00:00:00,37,tmax_hot_in_harvesting
16,lasso,True,2022-08-29T00:00:00,609,2022-08-29T00:00:00,608,2022-08-29T00:00:00,608,2022-08-22T00:00:00,0,2009-04-20T00:00:00,37,tmax_hot_in_planting
16,lasso,True,2022-08-29T00:00:00,609,2022-08-29T00:00:00,608,2022-08-29T00:00:00,608,2022-08-22T00:00:00,0,2009-04-20T00:00:00,37,tmax_very_hot_in_planting
16,lasso,True,2022-08-29T00:00:00,609,2022-08-29T00:00:00,608,2022-08-29T00:00:00,608,2022-08-22T00:00:00,0,2009-04-20T00:00:00,37,tmin_cold_in_harvesting
16,lasso,True,2022-08-29T00:00:00,609,2022-08-29T00:00:00,608,2022-08-29T00:00:00,608,2022-08-22T00:00:00,0,2009-04-20T00:00:00,37,tmin_very_cold_in_harvesting
16,lasso,True,2022-08-29T00:00:00,609,2022-08-29T00:00:00,608,2022-08-29T00:00:00,608,2022-08-22T00:00:00,0,2009-04-20T00:00:00,37,tmin_very_cold_in_planting
16,lasso,True,2022-11-07T00:00:00,617,2022-11-07T00:00:00,616,2022-11-07T00:00:00,616,2022-10-31T00:00:00,0,2009-04-20T00:00:00,38,Broad_Dollar_index
16,lasso,True,2022-11-07T00:00:00,617,2022-11-07T00:00:00,616,2022-11-07T00:00:00,616,2022-10-31T00:00:00,0,2009-04-20T00:00:00,38,WTI_Index
16,lasso,True,2022-11-07T00:00:00,617,2022-11-07T00:00:00,616,2022-11-07T00:00:00,616,2022-10-31T00:00:00,0,2009-04-20T00:00:00,38,corn_weekly_rv
16,lasso,True,2022-11-07T00:00:00,617,2022-11-07T00:00:00,616,2022-11-07T00:00:00,616,2022-10-31T00:00:00,0,2009-04-20T00:00:00,38,pdsi_extreme_drought_in_planting
16,lasso,True,2022-11-07T00:00:00,617,2022-11-07T00:00:00,616,2022-11-07T00:00:00,616,2022-10-31T00:00:00,0,2009-04-20T00:00:00,38,pdsi_extreme_wet_in_harvesting
16,lasso,True,2022-11-07T00:00:00,617,2022-11-07T00:00:00,616,2022-11-07T00:00:00,616,2022-10-31T00:00:00,0,2009-04-20T00:00:00,38,soybeans_monthly_rv
16,lasso,True,2022-11-07T00:00:00,617,2022-11-07T00:00:00,616,2022-11-07T00:00:00,616,2022-10-31T00:00:00,0,2009-04-20T00:00:00,38,soybeans_seasonal_rv
16,lasso,True,2022-11-07T00:00:00,617,2022-11-07T00:00:00,616,2022-11-07T00:00:00,616,2022-10-31T00:00:00,0,2009-04-20T00:00:00,38,soybeans_weekly_rv
16,lasso,True,2022-11-07T00:00:00,617,2022-11-07T00:00:00,616,2022-11-07T00:00:00,616,2022-10-31T00:00:00,0,2009-04-20T00:00:00,38,soybeans_weekly_rvg
16,lasso,True,2022-11-07T00:00:00,617,2022-11-07T00:00:00,616,2022-11-07T00:00:00,616,2022-10-31T00:00:00,0,2009-04-20T00:00:00,38,ssta_lanina
16,lasso,True,2022-11-07T00:00:00,617,2022-11-07T00:00:00,616,2022-11-07T00:00:00,616,2022-10-31T00:00:00,0,2009-04-20T00:00:00,38,tmax_hot_in_harvesting
16,lasso,True,2022-11-07T00:00:00,617,2022-11-07T00:00:00,616,2022-11-07T00:00:00,616,2022-10-31T00:00:00,0,2009-04-20T00:00:00,38,tmax_hot_in_planting
16,lasso,True,2022-11-07T00:00:00,617,2022-11-07T00:00:00,616,2022-11-07T00:00:00,616,2022-10-31T00:00:00,0,2009-04-20T00:00:00,38,tmax_very_hot_in_planting
16,lasso,True,2022-11-07T00:00:00,617,2022-11-07T00:00:00,616,2022-11-07T00:00:00,616,2022-10-31T00:00:00,0,2009-04-20T00:00:00,38,tmin_cold_in_harvesting
16,lasso,True,2022-11-07T00:00:00,617,2022-11-07T00:00:00,616,2022-11-07T00:00:00,616,2022-10-31T00:00:00,0,2009-04-20T00:00:00,38,tmin_very_cold_in_harvesting
16,lasso,True,2022-11-07T00:00:00,617,2022-11-07T00:00:00,616,2022-11-07T00:00:00,616,2022-10-31T00:00:00,0,2009-04-20T00:00:00,38,tmin_very_cold_in_planting
16,lasso,True,2023-01-23T00:00:00,625,2023-01-23T00:00:00,624,2023-01-23T00:00:00,624,2023-01-09T00:00:00,0,2009-04-20T00:00:00,39,Broad_Dollar_index
16,lasso,True,2023-01-23T00:00:00,625,2023-01-23T00:00:00,624,2023-01-23T00:00:00,624,2023-01-09T00:00:00,0,2009-04-20T00:00:00,39,WTI_Index
16,lasso,True,2023-01-23T00:00:00,625,2023-01-23T00:00:00,624,2023-01-23T00:00:00,624,2023-01-09T00:00:00,0,2009-04-20T00:00:00,39,corn_weekly_rv
16,lasso,True,2023-01-23T00:00:00,625,2023-01-23T00:00:00,624,2023-01-23T00:00:00,624,2023-01-09T00:00:00,0,2009-04-20T00:00:00,39,pdsi_extreme_drought_in_planting
16,lasso,True,2023-01-23T00:00:00,625,2023-01-23T00:00:00,624,2023-01-23T00:00:00,624,2023-01-09T00:00:00,0,2009-04-20T00:00:00,39,pdsi_extreme_wet_in_harvesting
16,lasso,True,2023-01-23T00:00:00,625,2023-01-23T00:00:00,624,2023-01-23T00:00:00,624,2023-01-09T00:00:00,0,2009-04-20T00:00:00,39,soybeans_monthly_rv
16,lasso,True,2023-01-23T00:00:00,625,2023-01-23T00:00:00,624,2023-01-23T00:00:00,624,2023-01-09T00:00:00,0,2009-04-20T00:00:00,39,soybeans_seasonal_rv
16,lasso,True,2023-01-23T00:00:00,625,2023-01-23T00:00:00,624,2023-01-23T00:00:00,624,2023-01-09T00:00:00,0,2009-04-20T00:00:00,39,soybeans_weekly_rv
16,lasso,True,2023-01-23T00:00:00,625,2023-01-23T00:00:00,624,2023-01-23T00:00:00,624,2023-01-09T00:00:00,0,2009-04-20T00:00:00,39,soybeans_weekly_rvg
16,lasso,True,2023-01-23T00:00:00,625,2023-01-23T00:00:00,624,2023-01-23T00:00:00,624,2023-01-09T00:00:00,0,2009-04-20T00:00:00,39,ssta_lanina
16,lasso,True,2023-01-23T00:00:00,625,2023-01-23T00:00:00,624,2023-01-23T00:00:00,624,2023-01-09T00:00:00,0,2009-04-20T00:00:00,39,tmax_hot_in_harvesting
16,lasso,True,2023-01-23T00:00:00,625,2023-01-23T00:00:00,624,2023-01-23T00:00:00,624,2023-01-09T00:00:00,0,2009-04-20T00:00:00,39,tmax_hot_in_planting
16,lasso,True,2023-01-23T00:00:00,625,2023-01-23T00:00:00,624,2023-01-23T00:00:00,624,2023-01-09T00:00:00,0,2009-04-20T00:00:00,39,tmax_very_hot_in_planting
16,lasso,True,2023-01-23T00:00:00,625,2023-01-23T00:00:00,624,2023-01-23T00:00:00,624,2023-01-09T00:00:00,0,2009-04-20T00:00:00,39,tmin_cold_in_harvesting
16,lasso,True,2023-01-23T00:00:00,625,2023-01-23T00:00:00,624,2023-01-23T00:00:00,624,2023-01-09T00:00:00,0,2009-04-20T00:00:00,39,tmin_very_cold_in_harvesting
16,lasso,True,2023-01-23T00:00:00,625,2023-01-23T00:00:00,624,2023-01-23T00:00:00,624,2023-01-09T00:00:00,0,2009-04-20T00:00:00,39,tmin_very_cold_in_planting
18,lasso,False,2023-03-27T00:00:00,633,2023-03-27T00:00:00,632,2023-03-27T00:00:00,632,2023-03-20T00:00:00,0,2009-04-20T00:00:00,40,Broad_Dollar_index
18,lasso,False,2023-03-27T00:00:00,633,2023-03-27T00:00:00,632,2023-03-27T00:00:00,632,2023-03-20T00:00:00,0,2009-04-20T00:00:00,40,WTI_Index
18,lasso,False,2023-03-27T00:00:00,633,2023-03-27T00:00:00,632,2023-03-27T00:00:00,632,2023-03-20T00:00:00,0,2009-04-20T00:00:00,40,corn_weekly_rv
18,lasso,False,2023-03-27T00:00:00,633,2023-03-27T00:00:00,632,2023-03-27T00:00:00,632,2023-03-20T00:00:00,0,2009-04-20T00:00:00,40,pdsi_extreme_drought_in_planting
18,lasso,False,2023-03-27T00:00:00,633,2023-03-27T00:00:00,632,2023-03-27T00:00:00,632,2023-03-20T00:00:00,0,2009-04-20T00:00:00,40,pdsi_extreme_wet_in_harvesting
18,lasso,False,2023-03-27T00:00:00,633,2023-03-27T00:00:00,632,2023-03-27T00:00:00,632,2023-03-20T00:00:00,0,2009-04-20T00:00:00,40,pdsi_extreme_wet_in_planting
18,lasso,False,2023-03-27T00:00:00,633,2023-03-27T00:00:00,632,2023-03-27T00:00:00,632,2023-03-20T00:00:00,0,2009-04-20T00:00:00,40,soybeans_monthly_rv
18,lasso,False,2023-03-27T00:00:00,633,2023-03-27T00:00:00,632,2023-03-27T00:00:00,632,2023-03-20T00:00:00,0,2009-04-20T00:00:00,40,soybeans_seasonal_rv
18,lasso,False,2023-03-27T00:00:00,633,2023-03-27T00:00:00,632,2023-03-27T00:00:00,632,2023-03-20T00:00:00,0,2009-04-20T00:00:00,40,soybeans_weekly_rv
18,lasso,False,2023-03-27T00:00:00,633,2023-03-27T00:00:00,632,2023-03-27T00:00:00,632,2023-03-20T00:00:00,0,2009-04-20T00:00:00,40,soybeans_weekly_rvb
18,lasso,False,2023-03-27T00:00:00,633,2023-03-27T00:00:00,632,2023-03-27T00:00:00,632,2023-03-20T00:00:00,0,2009-04-20T00:00:00,40,soybeans_weekly_rvg
18,lasso,False,2023-03-27T00:00:00,633,2023-03-27T00:00:00,632,2023-03-27T00:00:00,632,2023-03-20T00:00:00,0,2009-04-20T00:00:00,40,ssta_lanina
18,lasso,False,2023-03-27T00:00:00,633,2023-03-27T00:00:00,632,2023-03-27T00:00:00,632,2023-03-20T00:00:00,0,2009-04-20T00:00:00,40,tmax_hot_in_harvesting
18,lasso,False,2023-03-27T00:00:00,633,2023-03-27T00:00:00,632,2023-03-27T00:00:00,632,2023-03-20T00:00:00,0,2009-04-20T00:00:00,40,tmax_hot_in_planting
18,lasso,False,2023-03-27T00:00:00,633,2023-03-27T00:00:00,632,2023-03-27T00:00:00,632,2023-03-20T00:00:00,0,2009-04-20T00:00:00,40,tmax_very_hot_in_planting
18,lasso,False,2023-03-27T00:00:00,633,2023-03-27T00:00:00,632,2023-03-27T00:00:00,632,2023-03-20T00:00:00,0,2009-04-20T00:00:00,40,tmin_cold_in_harvesting
18,lasso,False,2023-03-27T00:00:00,633,2023-03-27T00:00:00,632,2023-03-27T00:00:00,632,2023-03-20T00:00:00,0,2009-04-20T00:00:00,40,tmin_very_cold_in_harvesting
18,lasso,False,2023-03-27T00:00:00,633,2023-03-27T00:00:00,632,2023-03-27T00:00:00,632,2023-03-20T00:00:00,0,2009-04-20T00:00:00,40,tmin_very_cold_in_planting
18,lasso,True,2023-05-22T00:00:00,641,2023-05-22T00:00:00,640,2023-05-22T00:00:00,640,2023-05-15T00:00:00,0,2009-04-20T00:00:00,41,Broad_Dollar_index
18,lasso,True,2023-05-22T00:00:00,641,2023-05-22T00:00:00,640,2023-05-22T00:00:00,640,2023-05-15T00:00:00,0,2009-04-20T00:00:00,41,WTI_Index
18,lasso,True,2023-05-22T00:00:00,641,2023-05-22T00:00:00,640,2023-05-22T00:00:00,640,2023-05-15T00:00:00,0,2009-04-20T00:00:00,41,corn_weekly_rv
18,lasso,True,2023-05-22T00:00:00,641,2023-05-22T00:00:00,640,2023-05-22T00:00:00,640,2023-05-15T00:00:00,0,2009-04-20T00:00:00,41,pdsi_extreme_drought_in_planting
18,lasso,True,2023-05-22T00:00:00,641,2023-05-22T00:00:00,640,2023-05-22T00:00:00,640,2023-05-15T00:00:00,0,2009-04-20T00:00:00,41,pdsi_extreme_wet_in_harvesting
18,lasso,True,2023-05-22T00:00:00,641,2023-05-22T00:00:00,640,2023-05-22T00:00:00,640,2023-05-15T00:00:00,0,2009-04-20T00:00:00,41,pdsi_extreme_wet_in_planting
18,lasso,True,2023-05-22T00:00:00,641,2023-05-22T00:00:00,640,2023-05-22T00:00:00,640,2023-05-15T00:00:00,0,2009-04-20T00:00:00,41,soybeans_monthly_rv
18,lasso,True,2023-05-22T00:00:00,641,2023-05-22T00:00:00,640,2023-05-22T00:00:00,640,2023-05-15T00:00:00,0,2009-04-20T00:00:00,41,soybeans_seasonal_rv
18,lasso,True,2023-05-22T00:00:00,641,2023-05-22T00:00:00,640,2023-05-22T00:00:00,640,2023-05-15T00:00:00,0,2009-04-20T00:00:00,41,soybeans_weekly_rv
18,lasso,True,2023-05-22T00:00:00,641,2023-05-22T00:00:00,640,2023-05-22T00:00:00,640,2023-05-15T00:00:00,0,2009-04-20T00:00:00,41,soybeans_weekly_rvb
18,lasso,True,2023-05-22T00:00:00,641,2023-05-22T00:00:00,640,2023-05-22T00:00:00,640,2023-05-15T00:00:00,0,2009-04-20T00:00:00,41,soybeans_weekly_rvg
18,lasso,True,2023-05-22T00:00:00,641,2023-05-22T00:00:00,640,2023-05-22T00:00:00,640,2023-05-15T00:00:00,0,2009-04-20T00:00:00,41,ssta_lanina
18,lasso,True,2023-05-22T00:00:00,641,2023-05-22T00:00:00,640,2023-05-22T00:00:00,640,2023-05-15T00:00:00,0,2009-04-20T00:00:00,41,tmax_hot_in_harvesting
18,lasso,True,2023-05-22T00:00:00,641,2023-05-22T00:00:00,640,2023-05-22T00:00:00,640,2023-05-15T00:00:00,0,2009-04-20T00:00:00,41,tmax_hot_in_planting
18,lasso,True,2023-05-22T00:00:00,641,2023-05-22T00:00:00,640,2023-05-22T00:00:00,640,2023-05-15T00:00:00,0,2009-04-20T00:00:00,41,tmax_very_hot_in_planting
18,lasso,True,2023-05-22T00:00:00,641,2023-05-22T00:00:00,640,2023-05-22T00:00:00,640,2023-05-15T00:00:00,0,2009-04-20T00:00:00,41,tmin_cold_in_harvesting
18,lasso,True,2023-05-22T00:00:00,641,2023-05-22T00:00:00,640,2023-05-22T00:00:00,640,2023-05-15T00:00:00,0,2009-04-20T00:00:00,41,tmin_very_cold_in_harvesting
18,lasso,True,2023-05-22T00:00:00,641,2023-05-22T00:00:00,640,2023-05-22T00:00:00,640,2023-05-15T00:00:00,0,2009-04-20T00:00:00,41,tmin_very_cold_in_planting
18,lasso,True,2023-07-31T00:00:00,649,2023-07-31T00:00:00,648,2023-07-31T00:00:00,648,2023-07-24T00:00:00,0,2009-04-20T00:00:00,42,Broad_Dollar_index
18,lasso,True,2023-07-31T00:00:00,649,2023-07-31T00:00:00,648,2023-07-31T00:00:00,648,2023-07-24T00:00:00,0,2009-04-20T00:00:00,42,WTI_Index
18,lasso,True,2023-07-31T00:00:00,649,2023-07-31T00:00:00,648,2023-07-31T00:00:00,648,2023-07-24T00:00:00,0,2009-04-20T00:00:00,42,corn_weekly_rv
18,lasso,True,2023-07-31T00:00:00,649,2023-07-31T00:00:00,648,2023-07-31T00:00:00,648,2023-07-24T00:00:00,0,2009-04-20T00:00:00,42,pdsi_extreme_drought_in_planting
18,lasso,True,2023-07-31T00:00:00,649,2023-07-31T00:00:00,648,2023-07-31T00:00:00,648,2023-07-24T00:00:00,0,2009-04-20T00:00:00,42,pdsi_extreme_wet_in_harvesting
18,lasso,True,2023-07-31T00:00:00,649,2023-07-31T00:00:00,648,2023-07-31T00:00:00,648,2023-07-24T00:00:00,0,2009-04-20T00:00:00,42,pdsi_extreme_wet_in_planting
18,lasso,True,2023-07-31T00:00:00,649,2023-07-31T00:00:00,648,2023-07-31T00:00:00,648,2023-07-24T00:00:00,0,2009-04-20T00:00:00,42,soybeans_monthly_rv
18,lasso,True,2023-07-31T00:00:00,649,2023-07-31T00:00:00,648,2023-07-31T00:00:00,648,2023-07-24T00:00:00,0,2009-04-20T00:00:00,42,soybeans_seasonal_rv
18,lasso,True,2023-07-31T00:00:00,649,2023-07-31T00:00:00,648,2023-07-31T00:00:00,648,2023-07-24T00:00:00,0,2009-04-20T00:00:00,42,soybeans_weekly_rv
18,lasso,True,2023-07-31T00:00:00,649,2023-07-31T00:00:00,648,2023-07-31T00:00:00,648,2023-07-24T00:00:00,0,2009-04-20T00:00:00,42,soybeans_weekly_rvb
18,lasso,True,2023-07-31T00:00:00,649,2023-07-31T00:00:00,648,2023-07-31T00:00:00,648,2023-07-24T00:00:00,0,2009-04-20T00:00:00,42,soybeans_weekly_rvg
18,lasso,True,2023-07-31T00:00:00,649,2023-07-31T00:00:00,648,2023-07-31T00:00:00,648,2023-07-24T00:00:00,0,2009-04-20T00:00:00,42,ssta_lanina
18,lasso,True,2023-07-31T00:00:00,649,2023-07-31T00:00:00,648,2023-07-31T00:00:00,648,2023-07-24T00:00:00,0,2009-04-20T00:00:00,42,tmax_hot_in_harvesting
18,lasso,True,2023-07-31T00:00:00,649,2023-07-31T00:00:00,648,2023-07-31T00:00:00,648,2023-07-24T00:00:00,0,2009-04-20T00:00:00,42,tmax_hot_in_planting
18,lasso,True,2023-07-31T00:00:00,649,2023-07-31T00:00:00,648,2023-07-31T00:00:00,648,2023-07-24T00:00:00,0,2009-04-20T00:00:00,42,tmax_very_hot_in_planting
18,lasso,True,2023-07-31T00:00:00,649,2023-07-31T00:00:00,648,2023-07-31T00:00:00,648,2023-07-24T00:00:00,0,2009-04-20T00:00:00,42,tmin_cold_in_harvesting
18,lasso,True,2023-07-31T00:00:00,649,2023-07-31T00:00:00,648,2023-07-31T00:00:00,648,2023-07-24T00:00:00,0,2009-04-20T00:00:00,42,tmin_very_cold_in_harvesting
18,lasso,True,2023-07-31T00:00:00,649,2023-07-31T00:00:00,648,2023-07-31T00:00:00,648,2023-07-24T00:00:00,0,2009-04-20T00:00:00,42,tmin_very_cold_in_planting
18,lasso,True,2023-10-02T00:00:00,657,2023-10-02T00:00:00,656,2023-10-02T00:00:00,656,2023-09-25T00:00:00,0,2009-04-20T00:00:00,43,Broad_Dollar_index
18,lasso,True,2023-10-02T00:00:00,657,2023-10-02T00:00:00,656,2023-10-02T00:00:00,656,2023-09-25T00:00:00,0,2009-04-20T00:00:00,43,WTI_Index
18,lasso,True,2023-10-02T00:00:00,657,2023-10-02T00:00:00,656,2023-10-02T00:00:00,656,2023-09-25T00:00:00,0,2009-04-20T00:00:00,43,corn_weekly_rv
18,lasso,True,2023-10-02T00:00:00,657,2023-10-02T00:00:00,656,2023-10-02T00:00:00,656,2023-09-25T00:00:00,0,2009-04-20T00:00:00,43,pdsi_extreme_drought_in_planting
18,lasso,True,2023-10-02T00:00:00,657,2023-10-02T00:00:00,656,2023-10-02T00:00:00,656,2023-09-25T00:00:00,0,2009-04-20T00:00:00,43,pdsi_extreme_wet_in_harvesting
18,lasso,True,2023-10-02T00:00:00,657,2023-10-02T00:00:00,656,2023-10-02T00:00:00,656,2023-09-25T00:00:00,0,2009-04-20T00:00:00,43,pdsi_extreme_wet_in_planting
18,lasso,True,2023-10-02T00:00:00,657,2023-10-02T00:00:00,656,2023-10-02T00:00:00,656,2023-09-25T00:00:00,0,2009-04-20T00:00:00,43,soybeans_monthly_rv
18,lasso,True,2023-10-02T00:00:00,657,2023-10-02T00:00:00,656,2023-10-02T00:00:00,656,2023-09-25T00:00:00,0,2009-04-20T00:00:00,43,soybeans_seasonal_rv
18,lasso,True,2023-10-02T00:00:00,657,2023-10-02T00:00:00,656,2023-10-02T00:00:00,656,2023-09-25T00:00:00,0,2009-04-20T00:00:00,43,soybeans_weekly_rv
18,lasso,True,2023-10-02T00:00:00,657,2023-10-02T00:00:00,656,2023-10-02T00:00:00,656,2023-09-25T00:00:00,0,2009-04-20T00:00:00,43,soybeans_weekly_rvb
18,lasso,True,2023-10-02T00:00:00,657,2023-10-02T00:00:00,656,2023-10-02T00:00:00,656,2023-09-25T00:00:00,0,2009-04-20T00:00:00,43,soybeans_weekly_rvg
18,lasso,True,2023-10-02T00:00:00,657,2023-10-02T00:00:00,656,2023-10-02T00:00:00,656,2023-09-25T00:00:00,0,2009-04-20T00:00:00,43,ssta_lanina
18,lasso,True,2023-10-02T00:00:00,657,2023-10-02T00:00:00,656,2023-10-02T00:00:00,656,2023-09-25T00:00:00,0,2009-04-20T00:00:00,43,tmax_hot_in_harvesting
18,lasso,True,2023-10-02T00:00:00,657,2023-10-02T00:00:00,656,2023-10-02T00:00:00,656,2023-09-25T00:00:00,0,2009-04-20T00:00:00,43,tmax_hot_in_planting
18,lasso,True,2023-10-02T00:00:00,657,2023-10-02T00:00:00,656,2023-10-02T00:00:00,656,2023-09-25T00:00:00,0,2009-04-20T00:00:00,43,tmax_very_hot_in_planting
18,lasso,True,2023-10-02T00:00:00,657,2023-10-02T00:00:00,656,2023-10-02T00:00:00,656,2023-09-25T00:00:00,0,2009-04-20T00:00:00,43,tmin_cold_in_harvesting
18,lasso,True,2023-10-02T00:00:00,657,2023-10-02T00:00:00,656,2023-10-02T00:00:00,656,2023-09-25T00:00:00,0,2009-04-20T00:00:00,43,tmin_very_cold_in_harvesting
18,lasso,True,2023-10-02T00:00:00,657,2023-10-02T00:00:00,656,2023-10-02T00:00:00,656,2023-09-25T00:00:00,0,2009-04-20T00:00:00,43,tmin_very_cold_in_planting
20,lasso,False,2023-12-04T00:00:00,665,2023-12-04T00:00:00,664,2023-12-04T00:00:00,664,2023-11-27T00:00:00,0,2009-04-20T00:00:00,44,Broad_Dollar_index
20,lasso,False,2023-12-04T00:00:00,665,2023-12-04T00:00:00,664,2023-12-04T00:00:00,664,2023-11-27T00:00:00,0,2009-04-20T00:00:00,44,WTI_Index
20,lasso,False,2023-12-04T00:00:00,665,2023-12-04T00:00:00,664,2023-12-04T00:00:00,664,2023-11-27T00:00:00,0,2009-04-20T00:00:00,44,co2_extreme_in_planting
20,lasso,False,2023-12-04T00:00:00,665,2023-12-04T00:00:00,664,2023-12-04T00:00:00,664,2023-11-27T00:00:00,0,2009-04-20T00:00:00,44,corn_weekly_rv
20,lasso,False,2023-12-04T00:00:00,665,2023-12-04T00:00:00,664,2023-12-04T00:00:00,664,2023-11-27T00:00:00,0,2009-04-20T00:00:00,44,pdsi_extreme_drought_in_planting
20,lasso,False,2023-12-04T00:00:00,665,2023-12-04T00:00:00,664,2023-12-04T00:00:00,664,2023-11-27T00:00:00,0,2009-04-20T00:00:00,44,pdsi_extreme_wet_in_harvesting
20,lasso,False,2023-12-04T00:00:00,665,2023-12-04T00:00:00,664,2023-12-04T00:00:00,664,2023-11-27T00:00:00,0,2009-04-20T00:00:00,44,pdsi_extreme_wet_in_planting
20,lasso,False,2023-12-04T00:00:00,665,2023-12-04T00:00:00,664,2023-12-04T00:00:00,664,2023-11-27T00:00:00,0,2009-04-20T00:00:00,44,soybeans_monthly_rv
20,lasso,False,2023-12-04T00:00:00,665,2023-12-04T00:00:00,664,2023-12-04T00:00:00,664,2023-11-27T00:00:00,0,2009-04-20T00:00:00,44,soybeans_seasonal_rv
20,lasso,False,2023-12-04T00:00:00,665,2023-12-04T00:00:00,664,2023-12-04T00:00:00,664,2023-11-27T00:00:00,0,2009-04-20T00:00:00,44,soybeans_weekly_rv
20,lasso,False,2023-12-04T00:00:00,665,2023-12-04T00:00:00,664,2023-12-04T00:00:00,664,2023-11-27T00:00:00,0,2009-04-20T00:00:00,44,soybeans_weekly_rvb
20,lasso,False,2023-12-04T00:00:00,665,2023-12-04T00:00:00,664,2023-12-04T00:00:00,664,2023-11-27T00:00:00,0,2009-04-20T00:00:00,44,soybeans_weekly_rvg
20,lasso,False,2023-12-04T00:00:00,665,2023-12-04T00:00:00,664,2023-12-04T00:00:00,664,2023-11-27T00:00:00,0,2009-04-20T00:00:00,44,spi_7d_extreme_wet_in_harvesting
20,lasso,False,2023-12-04T00:00:00,665,2023-12-04T00:00:00,664,2023-12-04T00:00:00,664,2023-11-27T00:00:00,0,2009-04-20T00:00:00,44,ssta_lanina
20,lasso,False,2023-12-04T00:00:00,665,2023-12-04T00:00:00,664,2023-12-04T00:00:00,664,2023-11-27T00:00:00,0,2009-04-20T00:00:00,44,tmax_hot_in_harvesting
20,lasso,False,2023-12-04T00:00:00,665,2023-12-04T00:00:00,664,2023-12-04T00:00:00,664,2023-11-27T00:00:00,0,2009-04-20T00:00:00,44,tmax_hot_in_planting
20,lasso,False,2023-12-04T00:00:00,665,2023-12-04T00:00:00,664,2023-12-04T00:00:00,664,2023-11-27T00:00:00,0,2009-04-20T00:00:00,44,tmax_very_hot_in_planting
20,lasso,False,2023-12-04T00:00:00,665,2023-12-04T00:00:00,664,2023-12-04T00:00:00,664,2023-11-27T00:00:00,0,2009-04-20T00:00:00,44,tmin_cold_in_harvesting
20,lasso,False,2023-12-04T00:00:00,665,2023-12-04T00:00:00,664,2023-12-04T00:00:00,664,2023-11-27T00:00:00,0,2009-04-20T00:00:00,44,tmin_very_cold_in_harvesting
20,lasso,False,2023-12-04T00:00:00,665,2023-12-04T00:00:00,664,2023-12-04T00:00:00,664,2023-11-27T00:00:00,0,2009-04-20T00:00:00,44,tmin_very_cold_in_planting
20,lasso,True,2024-02-26T00:00:00,673,2024-02-26T00:00:00,672,2024-02-26T00:00:00,672,2024-02-12T00:00:00,0,2009-04-20T00:00:00,45,Broad_Dollar_index
20,lasso,True,2024-02-26T00:00:00,673,2024-02-26T00:00:00,672,2024-02-26T00:00:00,672,2024-02-12T00:00:00,0,2009-04-20T00:00:00,45,WTI_Index
20,lasso,True,2024-02-26T00:00:00,673,2024-02-26T00:00:00,672,2024-02-26T00:00:00,672,2024-02-12T00:00:00,0,2009-04-20T00:00:00,45,co2_extreme_in_planting
20,lasso,True,2024-02-26T00:00:00,673,2024-02-26T00:00:00,672,2024-02-26T00:00:00,672,2024-02-12T00:00:00,0,2009-04-20T00:00:00,45,corn_weekly_rv
20,lasso,True,2024-02-26T00:00:00,673,2024-02-26T00:00:00,672,2024-02-26T00:00:00,672,2024-02-12T00:00:00,0,2009-04-20T00:00:00,45,pdsi_extreme_drought_in_planting
20,lasso,True,2024-02-26T00:00:00,673,2024-02-26T00:00:00,672,2024-02-26T00:00:00,672,2024-02-12T00:00:00,0,2009-04-20T00:00:00,45,pdsi_extreme_wet_in_harvesting
20,lasso,True,2024-02-26T00:00:00,673,2024-02-26T00:00:00,672,2024-02-26T00:00:00,672,2024-02-12T00:00:00,0,2009-04-20T00:00:00,45,pdsi_extreme_wet_in_planting
20,lasso,True,2024-02-26T00:00:00,673,2024-02-26T00:00:00,672,2024-02-26T00:00:00,672,2024-02-12T00:00:00,0,2009-04-20T00:00:00,45,soybeans_monthly_rv
20,lasso,True,2024-02-26T00:00:00,673,2024-02-26T00:00:00,672,2024-02-26T00:00:00,672,2024-02-12T00:00:00,0,2009-04-20T00:00:00,45,soybeans_seasonal_rv
20,lasso,True,2024-02-26T00:00:00,673,2024-02-26T00:00:00,672,2024-02-26T00:00:00,672,2024-02-12T00:00:00,0,2009-04-20T00:00:00,45,soybeans_weekly_rv
20,lasso,True,2024-02-26T00:00:00,673,2024-02-26T00:00:00,672,2024-02-26T00:00:00,672,2024-02-12T00:00:00,0,2009-04-20T00:00:00,45,soybeans_weekly_rvb
20,lasso,True,2024-02-26T00:00:00,673,2024-02-26T00:00:00,672,2024-02-26T00:00:00,672,2024-02-12T00:00:00,0,2009-04-20T00:00:00,45,soybeans_weekly_rvg
20,lasso,True,2024-02-26T00:00:00,673,2024-02-26T00:00:00,672,2024-02-26T00:00:00,672,2024-02-12T00:00:00,0,2009-04-20T00:00:00,45,spi_7d_extreme_wet_in_harvesting
20,lasso,True,2024-02-26T00:00:00,673,2024-02-26T00:00:00,672,2024-02-26T00:00:00,672,2024-02-12T00:00:00,0,2009-04-20T00:00:00,45,ssta_lanina
20,lasso,True,2024-02-26T00:00:00,673,2024-02-26T00:00:00,672,2024-02-26T00:00:00,672,2024-02-12T00:00:00,0,2009-04-20T00:00:00,45,tmax_hot_in_harvesting
20,lasso,True,2024-02-26T00:00:00,673,2024-02-26T00:00:00,672,2024-02-26T00:00:00,672,2024-02-12T00:00:00,0,2009-04-20T00:00:00,45,tmax_hot_in_planting
20,lasso,True,2024-02-26T00:00:00,673,2024-02-26T00:00:00,672,2024-02-26T00:00:00,672,2024-02-12T00:00:00,0,2009-04-20T00:00:00,45,tmax_very_hot_in_planting
20,lasso,True,2024-02-26T00:00:00,673,2024-02-26T00:00:00,672,2024-02-26T00:00:00,672,2024-02-12T00:00:00,0,2009-04-20T00:00:00,45,tmin_cold_in_harvesting
20,lasso,True,2024-02-26T00:00:00,673,2024-02-26T00:00:00,672,2024-02-26T00:00:00,672,2024-02-12T00:00:00,0,2009-04-20T00:00:00,45,tmin_very_cold_in_harvesting
20,lasso,True,2024-02-26T00:00:00,673,2024-02-26T00:00:00,672,2024-02-26T00:00:00,672,2024-02-12T00:00:00,0,2009-04-20T00:00:00,45,tmin_very_cold_in_planting
20,lasso,True,2024-04-22T00:00:00,681,2024-04-22T00:00:00,680,2024-04-22T00:00:00,680,2024-04-15T00:00:00,0,2009-04-20T00:00:00,46,Broad_Dollar_index
20,lasso,True,2024-04-22T00:00:00,681,2024-04-22T00:00:00,680,2024-04-22T00:00:00,680,2024-04-15T00:00:00,0,2009-04-20T00:00:00,46,WTI_Index
20,lasso,True,2024-04-22T00:00:00,681,2024-04-22T00:00:00,680,2024-04-22T00:00:00,680,2024-04-15T00:00:00,0,2009-04-20T00:00:00,46,co2_extreme_in_planting
20,lasso,True,2024-04-22T00:00:00,681,2024-04-22T00:00:00,680,2024-04-22T00:00:00,680,2024-04-15T00:00:00,0,2009-04-20T00:00:00,46,corn_weekly_rv
20,lasso,True,2024-04-22T00:00:00,681,2024-04-22T00:00:00,680,2024-04-22T00:00:00,680,2024-04-15T00:00:00,0,2009-04-20T00:00:00,46,pdsi_extreme_drought_in_planting
20,lasso,True,2024-04-22T00:00:00,681,2024-04-22T00:00:00,680,2024-04-22T00:00:00,680,2024-04-15T00:00:00,0,2009-04-20T00:00:00,46,pdsi_extreme_wet_in_harvesting
20,lasso,True,2024-04-22T00:00:00,681,2024-04-22T00:00:00,680,2024-04-22T00:00:00,680,2024-04-15T00:00:00,0,2009-04-20T00:00:00,46,pdsi_extreme_wet_in_planting
20,lasso,True,2024-04-22T00:00:00,681,2024-04-22T00:00:00,680,2024-04-22T00:00:00,680,2024-04-15T00:00:00,0,2009-04-20T00:00:00,46,soybeans_monthly_rv
20,lasso,True,2024-04-22T00:00:00,681,2024-04-22T00:00:00,680,2024-04-22T00:00:00,680,2024-04-15T00:00:00,0,2009-04-20T00:00:00,46,soybeans_seasonal_rv
20,lasso,True,2024-04-22T00:00:00,681,2024-04-22T00:00:00,680,2024-04-22T00:00:00,680,2024-04-15T00:00:00,0,2009-04-20T00:00:00,46,soybeans_weekly_rv
20,lasso,True,2024-04-22T00:00:00,681,2024-04-22T00:00:00,680,2024-04-22T00:00:00,680,2024-04-15T00:00:00,0,2009-04-20T00:00:00,46,soybeans_weekly_rvb
20,lasso,True,2024-04-22T00:00:00,681,2024-04-22T00:00:00,680,2024-04-22T00:00:00,680,2024-04-15T00:00:00,0,2009-04-20T00:00:00,46,soybeans_weekly_rvg
20,lasso,True,2024-04-22T00:00:00,681,2024-04-22T00:00:00,680,2024-04-22T00:00:00,680,2024-04-15T00:00:00,0,2009-04-20T00:00:00,46,spi_7d_extreme_wet_in_harvesting
20,lasso,True,2024-04-22T00:00:00,681,2024-04-22T00:00:00,680,2024-04-22T00:00:00,680,2024-04-15T00:00:00,0,2009-04-20T00:00:00,46,ssta_lanina
20,lasso,True,2024-04-22T00:00:00,681,2024-04-22T00:00:00,680,2024-04-22T00:00:00,680,2024-04-15T00:00:00,0,2009-04-20T00:00:00,46,tmax_hot_in_harvesting
20,lasso,True,2024-04-22T00:00:00,681,2024-04-22T00:00:00,680,2024-04-22T00:00:00,680,2024-04-15T00:00:00,0,2009-04-20T00:00:00,46,tmax_hot_in_planting
20,lasso,True,2024-04-22T00:00:00,681,2024-04-22T00:00:00,680,2024-04-22T00:00:00,680,2024-04-15T00:00:00,0,2009-04-20T00:00:00,46,tmax_very_hot_in_planting
20,lasso,True,2024-04-22T00:00:00,681,2024-04-22T00:00:00,680,2024-04-22T00:00:00,680,2024-04-15T00:00:00,0,2009-04-20T00:00:00,46,tmin_cold_in_harvesting
20,lasso,True,2024-04-22T00:00:00,681,2024-04-22T00:00:00,680,2024-04-22T00:00:00,680,2024-04-15T00:00:00,0,2009-04-20T00:00:00,46,tmin_very_cold_in_harvesting
20,lasso,True,2024-04-22T00:00:00,681,2024-04-22T00:00:00,680,2024-04-22T00:00:00,680,2024-04-15T00:00:00,0,2009-04-20T00:00:00,46,tmin_very_cold_in_planting
20,lasso,True,2024-06-24T00:00:00,689,2024-06-24T00:00:00,688,2024-06-24T00:00:00,688,2024-06-17T00:00:00,0,2009-04-20T00:00:00,47,Broad_Dollar_index
20,lasso,True,2024-06-24T00:00:00,689,2024-06-24T00:00:00,688,2024-06-24T00:00:00,688,2024-06-17T00:00:00,0,2009-04-20T00:00:00,47,WTI_Index
20,lasso,True,2024-06-24T00:00:00,689,2024-06-24T00:00:00,688,2024-06-24T00:00:00,688,2024-06-17T00:00:00,0,2009-04-20T00:00:00,47,co2_extreme_in_planting
20,lasso,True,2024-06-24T00:00:00,689,2024-06-24T00:00:00,688,2024-06-24T00:00:00,688,2024-06-17T00:00:00,0,2009-04-20T00:00:00,47,corn_weekly_rv
20,lasso,True,2024-06-24T00:00:00,689,2024-06-24T00:00:00,688,2024-06-24T00:00:00,688,2024-06-17T00:00:00,0,2009-04-20T00:00:00,47,pdsi_extreme_drought_in_planting
20,lasso,True,2024-06-24T00:00:00,689,2024-06-24T00:00:00,688,2024-06-24T00:00:00,688,2024-06-17T00:00:00,0,2009-04-20T00:00:00,47,pdsi_extreme_wet_in_harvesting
20,lasso,True,2024-06-24T00:00:00,689,2024-06-24T00:00:00,688,2024-06-24T00:00:00,688,2024-06-17T00:00:00,0,2009-04-20T00:00:00,47,pdsi_extreme_wet_in_planting
20,lasso,True,2024-06-24T00:00:00,689,2024-06-24T00:00:00,688,2024-06-24T00:00:00,688,2024-06-17T00:00:00,0,2009-04-20T00:00:00,47,soybeans_monthly_rv
20,lasso,True,2024-06-24T00:00:00,689,2024-06-24T00:00:00,688,2024-06-24T00:00:00,688,2024-06-17T00:00:00,0,2009-04-20T00:00:00,47,soybeans_seasonal_rv
20,lasso,True,2024-06-24T00:00:00,689,2024-06-24T00:00:00,688,2024-06-24T00:00:00,688,2024-06-17T00:00:00,0,2009-04-20T00:00:00,47,soybeans_weekly_rv
20,lasso,True,2024-06-24T00:00:00,689,2024-06-24T00:00:00,688,2024-06-24T00:00:00,688,2024-06-17T00:00:00,0,2009-04-20T00:00:00,47,soybeans_weekly_rvb
20,lasso,True,2024-06-24T00:00:00,689,2024-06-24T00:00:00,688,2024-06-24T00:00:00,688,2024-06-17T00:00:00,0,2009-04-20T00:00:00,47,soybeans_weekly_rvg
20,lasso,True,2024-06-24T00:00:00,689,2024-06-24T00:00:00,688,2024-06-24T00:00:00,688,2024-06-17T00:00:00,0,2009-04-20T00:00:00,47,spi_7d_extreme_wet_in_harvesting
20,lasso,True,2024-06-24T00:00:00,689,2024-06-24T00:00:00,688,2024-06-24T00:00:00,688,2024-06-17T00:00:00,0,2009-04-20T00:00:00,47,ssta_lanina
20,lasso,True,2024-06-24T00:00:00,689,2024-06-24T00:00:00,688,2024-06-24T00:00:00,688,2024-06-17T00:00:00,0,2009-04-20T00:00:00,47,tmax_hot_in_harvesting
20,lasso,True,2024-06-24T00:00:00,689,2024-06-24T00:00:00,688,2024-06-24T00:00:00,688,2024-06-17T00:00:00,0,2009-04-20T00:00:00,47,tmax_hot_in_planting
20,lasso,True,2024-06-24T00:00:00,689,2024-06-24T00:00:00,688,2024-06-24T00:00:00,688,2024-06-17T00:00:00,0,2009-04-20T00:00:00,47,tmax_very_hot_in_planting
20,lasso,True,2024-06-24T00:00:00,689,2024-06-24T00:00:00,688,2024-06-24T00:00:00,688,2024-06-17T00:00:00,0,2009-04-20T00:00:00,47,tmin_cold_in_harvesting
20,lasso,True,2024-06-24T00:00:00,689,2024-06-24T00:00:00,688,2024-06-24T00:00:00,688,2024-06-17T00:00:00,0,2009-04-20T00:00:00,47,tmin_very_cold_in_harvesting
20,lasso,True,2024-06-24T00:00:00,689,2024-06-24T00:00:00,688,2024-06-24T00:00:00,688,2024-06-17T00:00:00,0,2009-04-20T00:00:00,47,tmin_very_cold_in_planting
20,lasso,False,2024-08-19T00:00:00,697,2024-08-19T00:00:00,696,2024-08-19T00:00:00,696,2024-08-12T00:00:00,0,2009-04-20T00:00:00,48,Broad_Dollar_index
20,lasso,False,2024-08-19T00:00:00,697,2024-08-19T00:00:00,696,2024-08-19T00:00:00,696,2024-08-12T00:00:00,0,2009-04-20T00:00:00,48,WTI_Index
20,lasso,False,2024-08-19T00:00:00,697,2024-08-19T00:00:00,696,2024-08-19T00:00:00,696,2024-08-12T00:00:00,0,2009-04-20T00:00:00,48,co2_extreme_in_planting
20,lasso,False,2024-08-19T00:00:00,697,2024-08-19T00:00:00,696,2024-08-19T00:00:00,696,2024-08-12T00:00:00,0,2009-04-20T00:00:00,48,corn_weekly_rv
20,lasso,False,2024-08-19T00:00:00,697,2024-08-19T00:00:00,696,2024-08-19T00:00:00,696,2024-08-12T00:00:00,0,2009-04-20T00:00:00,48,pdsi_extreme_drought_in_planting
20,lasso,False,2024-08-19T00:00:00,697,2024-08-19T00:00:00,696,2024-08-19T00:00:00,696,2024-08-12T00:00:00,0,2009-04-20T00:00:00,48,pdsi_extreme_wet_in_harvesting
20,lasso,False,2024-08-19T00:00:00,697,2024-08-19T00:00:00,696,2024-08-19T00:00:00,696,2024-08-12T00:00:00,0,2009-04-20T00:00:00,48,pdsi_extreme_wet_in_planting
20,lasso,False,2024-08-19T00:00:00,697,2024-08-19T00:00:00,696,2024-08-19T00:00:00,696,2024-08-12T00:00:00,0,2009-04-20T00:00:00,48,soybeans_monthly_rv
20,lasso,False,2024-08-19T00:00:00,697,2024-08-19T00:00:00,696,2024-08-19T00:00:00,696,2024-08-12T00:00:00,0,2009-04-20T00:00:00,48,soybeans_seasonal_rv
20,lasso,False,2024-08-19T00:00:00,697,2024-08-19T00:00:00,696,2024-08-19T00:00:00,696,2024-08-12T00:00:00,0,2009-04-20T00:00:00,48,soybeans_weekly_rv
20,lasso,False,2024-08-19T00:00:00,697,2024-08-19T00:00:00,696,2024-08-19T00:00:00,696,2024-08-12T00:00:00,0,2009-04-20T00:00:00,48,soybeans_weekly_rvb
20,lasso,False,2024-08-19T00:00:00,697,2024-08-19T00:00:00,696,2024-08-19T00:00:00,696,2024-08-12T00:00:00,0,2009-04-20T00:00:00,48,soybeans_weekly_rvg
20,lasso,False,2024-08-19T00:00:00,697,2024-08-19T00:00:00,696,2024-08-19T00:00:00,696,2024-08-12T00:00:00,0,2009-04-20T00:00:00,48,spi_7d_extreme_wet_in_harvesting
20,lasso,False,2024-08-19T00:00:00,697,2024-08-19T00:00:00,696,2024-08-19T00:00:00,696,2024-08-12T00:00:00,0,2009-04-20T00:00:00,48,ssta_lanina
20,lasso,False,2024-08-19T00:00:00,697,2024-08-19T00:00:00,696,2024-08-19T00:00:00,696,2024-08-12T00:00:00,0,2009-04-20T00:00:00,48,tmax_hot_in_harvesting
20,lasso,False,2024-08-19T00:00:00,697,2024-08-19T00:00:00,696,2024-08-19T00:00:00,696,2024-08-12T00:00:00,0,2009-04-20T00:00:00,48,tmax_hot_in_planting
20,lasso,False,2024-08-19T00:00:00,697,2024-08-19T00:00:00,696,2024-08-19T00:00:00,696,2024-08-12T00:00:00,0,2009-04-20T00:00:00,48,tmax_very_hot_in_planting
20,lasso,False,2024-08-19T00:00:00,697,2024-08-19T00:00:00,696,2024-08-19T00:00:00,696,2024-08-12T00:00:00,0,2009-04-20T00:00:00,48,tmin_cold_in_harvesting
20,lasso,False,2024-08-19T00:00:00,697,2024-08-19T00:00:00,696,2024-08-19T00:00:00,696,2024-08-12T00:00:00,0,2009-04-20T00:00:00,48,tmin_very_cold_in_harvesting
20,lasso,False,2024-08-19T00:00:00,697,2024-08-19T00:00:00,696,2024-08-19T00:00:00,696,2024-08-12T00:00:00,0,2009-04-20T00:00:00,48,tmin_very_cold_in_planting
20,lasso,True,2024-10-28T00:00:00,705,2024-10-28T00:00:00,704,2024-10-28T00:00:00,704,2024-10-21T00:00:00,0,2009-04-20T00:00:00,49,Broad_Dollar_index
20,lasso,True,2024-10-28T00:00:00,705,2024-10-28T00:00:00,704,2024-10-28T00:00:00,704,2024-10-21T00:00:00,0,2009-04-20T00:00:00,49,WTI_Index
20,lasso,True,2024-10-28T00:00:00,705,2024-10-28T00:00:00,704,2024-10-28T00:00:00,704,2024-10-21T00:00:00,0,2009-04-20T00:00:00,49,co2_extreme_in_planting
20,lasso,True,2024-10-28T00:00:00,705,2024-10-28T00:00:00,704,2024-10-28T00:00:00,704,2024-10-21T00:00:00,0,2009-04-20T00:00:00,49,corn_weekly_rv
20,lasso,True,2024-10-28T00:00:00,705,2024-10-28T00:00:00,704,2024-10-28T00:00:00,704,2024-10-21T00:00:00,0,2009-04-20T00:00:00,49,pdsi_extreme_drought_in_planting
20,lasso,True,2024-10-28T00:00:00,705,2024-10-28T00:00:00,704,2024-10-28T00:00:00,704,2024-10-21T00:00:00,0,2009-04-20T00:00:00,49,pdsi_extreme_wet_in_harvesting
20,lasso,True,2024-10-28T00:00:00,705,2024-10-28T00:00:00,704,2024-10-28T00:00:00,704,2024-10-21T00:00:00,0,2009-04-20T00:00:00,49,pdsi_extreme_wet_in_planting
20,lasso,True,2024-10-28T00:00:00,705,2024-10-28T00:00:00,704,2024-10-28T00:00:00,704,2024-10-21T00:00:00,0,2009-04-20T00:00:00,49,soybeans_monthly_rv
20,lasso,True,2024-10-28T00:00:00,705,2024-10-28T00:00:00,704,2024-10-28T00:00:00,704,2024-10-21T00:00:00,0,2009-04-20T00:00:00,49,soybeans_seasonal_rv
20,lasso,True,2024-10-28T00:00:00,705,2024-10-28T00:00:00,704,2024-10-28T00:00:00,704,2024-10-21T00:00:00,0,2009-04-20T00:00:00,49,soybeans_weekly_rv
20,lasso,True,2024-10-28T00:00:00,705,2024-10-28T00:00:00,704,2024-10-28T00:00:00,704,2024-10-21T00:00:00,0,2009-04-20T00:00:00,49,soybeans_weekly_rvb
20,lasso,True,2024-10-28T00:00:00,705,2024-10-28T00:00:00,704,2024-10-28T00:00:00,704,2024-10-21T00:00:00,0,2009-04-20T00:00:00,49,soybeans_weekly_rvg
20,lasso,True,2024-10-28T00:00:00,705,2024-10-28T00:00:00,704,2024-10-28T00:00:00,704,2024-10-21T00:00:00,0,2009-04-20T00:00:00,49,spi_7d_extreme_wet_in_harvesting
20,lasso,True,2024-10-28T00:00:00,705,2024-10-28T00:00:00,704,2024-10-28T00:00:00,704,2024-10-21T00:00:00,0,2009-04-20T00:00:00,49,ssta_lanina
20,lasso,True,2024-10-28T00:00:00,705,2024-10-28T00:00:00,704,2024-10-28T00:00:00,704,2024-10-21T00:00:00,0,2009-04-20T00:00:00,49,tmax_hot_in_harvesting
20,lasso,True,2024-10-28T00:00:00,705,2024-10-28T00:00:00,704,2024-10-28T00:00:00,704,2024-10-21T00:00:00,0,2009-04-20T00:00:00,49,tmax_hot_in_planting
20,lasso,True,2024-10-28T00:00:00,705,2024-10-28T00:00:00,704,2024-10-28T00:00:00,704,2024-10-21T00:00:00,0,2009-04-20T00:00:00,49,tmax_very_hot_in_planting
20,lasso,True,2024-10-28T00:00:00,705,2024-10-28T00:00:00,704,2024-10-28T00:00:00,704,2024-10-21T00:00:00,0,2009-04-20T00:00:00,49,tmin_cold_in_harvesting
20,lasso,True,2024-10-28T00:00:00,705,2024-10-28T00:00:00,704,2024-10-28T00:00:00,704,2024-10-21T00:00:00,0,2009-04-20T00:00:00,49,tmin_very_cold_in_harvesting
20,lasso,True,2024-10-28T00:00:00,705,2024-10-28T00:00:00,704,2024-10-28T00:00:00,704,2024-10-21T00:00:00,0,2009-04-20T00:00:00,49,tmin_very_cold_in_planting
20,lasso,True,2024-12-30T00:00:00,713,2024-12-30T00:00:00,712,2024-12-30T00:00:00,712,2024-12-23T00:00:00,0,2009-04-20T00:00:00,50,Broad_Dollar_index
20,lasso,True,2024-12-30T00:00:00,713,2024-12-30T00:00:00,712,2024-12-30T00:00:00,712,2024-12-23T00:00:00,0,2009-04-20T00:00:00,50,WTI_Index
20,lasso,True,2024-12-30T00:00:00,713,2024-12-30T00:00:00,712,2024-12-30T00:00:00,712,2024-12-23T00:00:00,0,2009-04-20T00:00:00,50,co2_extreme_in_planting
20,lasso,True,2024-12-30T00:00:00,713,2024-12-30T00:00:00,712,2024-12-30T00:00:00,712,2024-12-23T00:00:00,0,2009-04-20T00:00:00,50,corn_weekly_rv
20,lasso,True,2024-12-30T00:00:00,713,2024-12-30T00:00:00,712,2024-12-30T00:00:00,712,2024-12-23T00:00:00,0,2009-04-20T00:00:00,50,pdsi_extreme_drought_in_planting
20,lasso,True,2024-12-30T00:00:00,713,2024-12-30T00:00:00,712,2024-12-30T00:00:00,712,2024-12-23T00:00:00,0,2009-04-20T00:00:00,50,pdsi_extreme_wet_in_harvesting
20,lasso,True,2024-12-30T00:00:00,713,2024-12-30T00:00:00,712,2024-12-30T00:00:00,712,2024-12-23T00:00:00,0,2009-04-20T00:00:00,50,pdsi_extreme_wet_in_planting
20,lasso,True,2024-12-30T00:00:00,713,2024-12-30T00:00:00,712,2024-12-30T00:00:00,712,2024-12-23T00:00:00,0,2009-04-20T00:00:00,50,soybeans_monthly_rv
20,lasso,True,2024-12-30T00:00:00,713,2024-12-30T00:00:00,712,2024-12-30T00:00:00,712,2024-12-23T00:00:00,0,2009-04-20T00:00:00,50,soybeans_seasonal_rv
20,lasso,True,2024-12-30T00:00:00,713,2024-12-30T00:00:00,712,2024-12-30T00:00:00,712,2024-12-23T00:00:00,0,2009-04-20T00:00:00,50,soybeans_weekly_rv
20,lasso,True,2024-12-30T00:00:00,713,2024-12-30T00:00:00,712,2024-12-30T00:00:00,712,2024-12-23T00:00:00,0,2009-04-20T00:00:00,50,soybeans_weekly_rvb
20,lasso,True,2024-12-30T00:00:00,713,2024-12-30T00:00:00,712,2024-12-30T00:00:00,712,2024-12-23T00:00:00,0,2009-04-20T00:00:00,50,soybeans_weekly_rvg
20,lasso,True,2024-12-30T00:00:00,713,2024-12-30T00:00:00,712,2024-12-30T00:00:00,712,2024-12-23T00:00:00,0,2009-04-20T00:00:00,50,spi_7d_extreme_wet_in_harvesting
20,lasso,True,2024-12-30T00:00:00,713,2024-12-30T00:00:00,712,2024-12-30T00:00:00,712,2024-12-23T00:00:00,0,2009-04-20T00:00:00,50,ssta_lanina
20,lasso,True,2024-12-30T00:00:00,713,2024-12-30T00:00:00,712,2024-12-30T00:00:00,712,2024-12-23T00:00:00,0,2009-04-20T00:00:00,50,tmax_hot_in_harvesting
20,lasso,True,2024-12-30T00:00:00,713,2024-12-30T00:00:00,712,2024-12-30T00:00:00,712,2024-12-23T00:00:00,0,2009-04-20T00:00:00,50,tmax_hot_in_planting
20,lasso,True,2024-12-30T00:00:00,713,2024-12-30T00:00:00,712,2024-12-30T00:00:00,712,2024-12-23T00:00:00,0,2009-04-20T00:00:00,50,tmax_very_hot_in_planting
20,lasso,True,2024-12-30T00:00:00,713,2024-12-30T00:00:00,712,2024-12-30T00:00:00,712,2024-12-23T00:00:00,0,2009-04-20T00:00:00,50,tmin_cold_in_harvesting
20,lasso,True,2024-12-30T00:00:00,713,2024-12-30T00:00:00,712,2024-12-30T00:00:00,712,2024-12-23T00:00:00,0,2009-04-20T00:00:00,50,tmin_very_cold_in_harvesting
20,lasso,True,2024-12-30T00:00:00,713,2024-12-30T00:00:00,712,2024-12-30T00:00:00,712,2024-12-23T00:00:00,0,2009-04-20T00:00:00,50,tmin_very_cold_in_planting
