n_selected,selection_method,selection_reused,test_dates,test_end,test_end_date,test_start,test_start_date,train_end,train_end_date,train_start,train_start_date,window_id,selected_feature
8,lasso,False,2015-04-06T00:00:00,313,2015-04-06T00:00:00,312,2015-04-06T00:00:00,312,2015-03-30T00:00:00,0,2009-04-13T00:00:00,0,corn_weekly_rv
8,lasso,False,2015-04-06T00:00:00,313,2015-04-06T00:00:00,312,2015-04-06T00:00:00,312,2015-03-30T00:00:00,0,2009-04-13T00:00:00,0,pdsi_extreme_wet_in_harvesting
8,lasso,False,2015-04-06T00:00:00,313,2015-04-06T00:00:00,312,2015-04-06T00:00:00,312,2015-03-30T00:00:00,0,2009-04-13T00:00:00,0,soybeans_monthly_rv
8,lasso,False,2015-04-06T00:00:00,313,2015-04-06T00:00:00,312,2015-04-06T00:00:00,312,2015-03-30T00:00:00,0,2009-04-13T00:00:00,0,soybeans_seasonal_rv
8,lasso,False,2015-04-06T00:00:00,313,2015-04-06T00:00:00,312,2015-04-06T00:00:00,312,2015-03-30T00:00:00,0,2009-04-13T00:00:00,0,soybeans_weekly_rv
8,lasso,False,2015-04-06T00:00:00,313,2015-04-06T00:00:00,312,2015-04-06T00:00:00,312,2015-03-30T00:00:00,0,2009-04-13T00:00:00,0,soybeans_weekly_rvg
8,lasso,False,2015-04-06T00:00:00,313,2015-04-06T00:00:00,312,2015-04-06T00:00:00,312,2015-03-30T00:00:00,0,2009-04-13T00:00:00,0,spi_7d_very_dry_in_harvesting
8,lasso,False,2015-04-06T00:00:00,313,2015-04-06T00:00:00,312,2015-04-06T00:00:00,312,2015-03-30T00:00:00,0,2009-04-13T00:00:00,0,tmin_very_cold_in_harvesting
8,lasso,True,2015-06-01T00:00:00,321,2015-06-01T00:00:00,320,2015-06-01T00:00:00,320,2015-05-25T00:00:00,0,2009-04-13T00:00:00,1,corn_weekly_rv
8,lasso,True,2015-06-01T00:00:00,321,2015-06-01T00:00:00,320,2015-06-01T00:00:00,320,2015-05-25T00:00:00,0,2009-04-13T00:00:00,1,pdsi_extreme_wet_in_harvesting
8,lasso,True,2015-06-01T00:00:00,321,2015-06-01T00:00:00,320,2015-06-01T00:00:00,320,2015-05-25T00:00:00,0,2009-04-13T00:00:00,1,soybeans_monthly_rv
8,lasso,True,2015-06-01T00:00:00,321,2015-06-01T00:00:00,320,2015-06-01T00:00:00,320,2015-05-25T00:00:00,0,2009-04-13T00:00:00,1,soybeans_seasonal_rv
8,lasso,True,2015-06-01T00:00:00,321,2015-06-01T00:00:00,320,2015-06-01T00:00:00,320,2015-05-25T00:00:00,0,2009-04-13T00:00:00,1,soybeans_weekly_rv
8,lasso,True,2015-06-01T00:00:00,321,2015-06-01T00:00:00,320,2015-06-01T00:00:00,320,2015-05-25T00:00:00,0,2009-04-13T00:00:00,1,soybeans_weekly_rvg
8,lasso,True,2015-06-01T00:00:00,321,2015-06-01T00:00:00,320,2015-06-01T00:00:00,320,2015-05-25T00:00:00,0,2009-04-13T00:00:00,1,spi_7d_very_dry_in_harvesting
8,lasso,True,2015-06-01T00:00:00,321,2015-06-01T00:00:00,320,2015-06-01T00:00:00,320,2015-05-25T00:00:00,0,2009-04-13T00:00:00,1,tmin_very_cold_in_harvesting
8,lasso,True,2015-07-27T00:00:00,329,2015-07-27T00:00:00,328,2015-07-27T00:00:00,328,2015-07-20T00:00:00,0,2009-04-13T00:00:00,2,corn_weekly_rv
8,lasso,True,2015-07-27T00:00:00,329,2015-07-27T00:00:00,328,2015-07-27T00:00:00,328,2015-07-20T00:00:00,0,2009-04-13T00:00:00,2,pdsi_extreme_wet_in_harvesting
8,lasso,True,2015-07-27T00:00:00,329,2015-07-27T00:00:00,328,2015-07-27T00:00:00,328,2015-07-20T00:00:00,0,2009-04-13T00:00:00,2,soybeans_monthly_rv
8,lasso,True,2015-07-27T00:00:00,329,2015-07-27T00:00:00,328,2015-07-27T00:00:00,328,2015-07-20T00:00:00,0,2009-04-13T00:00:00,2,soybeans_seasonal_rv
8,lasso,True,2015-07-27T00:00:00,329,2015-07-27T00:00:00,328,2015-07-27T00:00:00,328,2015-07-20T00:00:00,0,2009-04-13T00:00:00,2,soybeans_weekly_rv
8,lasso,True,2015-07-27T00:00:00,329,2015-07-27T00:00:00,328,2015-07-27T00:00:00,328,2015-07-20T00:00:00,0,2009-04-13T00:00:00,2,soybeans_weekly_rvg
8,lasso,True,2015-07-27T00:00:00,329,2015-07-27T00:00:00,328,2015-07-27T00:00:00,328,2015-07-20T00:00:00,0,2009-04-13T00:00:00,2,spi_7d_very_dry_in_harvesting
8,lasso,True,2015-07-27T00:00:00,329,2015-07-27T00:00:00,328,2015-07-27T00:00:00,328,2015-07-20T00:00:00,0,2009-04-13T00:00:00,2,tmin_very_cold_in_harvesting
8,lasso,True,2015-09-21T00:00:00,337,2015-09-21T00:00:00,336,2015-09-21T00:00:00,336,2015-09-14T00:00:00,0,2009-04-13T00:00:00,3,corn_weekly_rv
8,lasso,True,2015-09-21T00:00:00,337,2015-09-21T00:00:00,336,2015-09-21T00:00:00,336,2015-09-14T00:00:00,0,2009-04-13T00:00:00,3,pdsi_extreme_wet_in_harvesting
8,lasso,True,2015-09-21T00:00:00,337,2015-09-21T00:00:00,336,2015-09-21T00:00:00,336,2015-09-14T00:00:00,0,2009-04-13T00:00:00,3,soybeans_monthly_rv
8,lasso,True,2015-09-21T00:00:00,337,2015-09-21T00:00:00,336,2015-09-21T00:00:00,336,2015-09-14T00:00:00,0,2009-04-13T00:00:00,3,soybeans_seasonal_rv
8,lasso,True,2015-09-21T00:00:00,337,2015-09-21T00:00:00,336,2015-09-21T00:00:00,336,2015-09-14T00:00:00,0,2009-04-13T00:00:00,3,soybeans_weekly_rv
8,lasso,True,2015-09-21T00:00:00,337,2015-09-21T00:00:00,336,2015-09-21T00:00:00,336,2015-09-14T00:00:00,0,2009-04-13T00:00:00,3,soybeans_weekly_rvg
8,lasso,True,2015-09-21T00:00:00,337,2015-09-21T00:00:00,336,2015-09-21T00:00:00,336,2015-09-14T00:00:00,0,2009-04-13T00:00:00,3,spi_7d_very_dry_in_harvesting
8,lasso,True,2015-09-21T00:00:00,337,2015-09-21T00:00:00,336,2015-09-21T00:00:00,336,2015-09-14T00:00:00,0,2009-04-13T00:00:00,3,tmin_very_cold_in_harvesting
8,lasso,False,2015-11-16T00:00:00,345,2015-11-16T00:00:00,344,2015-11-16T00:00:00,344,2015-11-09T00:00:00,0,2009-04-13T00:00:00,4,corn_weekly_rv
8,lasso,False,2015-11-16T00:00:00,345,2015-11-16T00:00:00,344,2015-11-16T00:00:00,344,2015-11-09T00:00:00,0,2009-04-13T00:00:00,4,pdsi_extreme_wet_in_harvesting
8,lasso,False,2015-11-16T00:00:00,345,2015-11-16T00:00:00,344,2015-11-16T00:00:00,344,2015-11-09T00:00:00,0,2009-04-13T00:00:00,4,soybeans_monthly_rv
8,lasso,False,2015-11-16T00:00:00,345,2015-11-16T00:00:00,344,2015-11-16T00:00:00,344,2015-11-09T00:00:00,0,2009-04-13T00:00:00,4,soybeans_seasonal_rv
8,lasso,False,2015-11-16T00:00:00,345,2015-11-16T00:00:00,344,2015-11-16T00:00:00,344,2015-11-09T00:00:00,0,2009-04-13T00:00:00,4,soybeans_weekly_rv
8,lasso,False,2015-11-16T00:00:00,345,2015-11-16T00:00:00,344,2015-11-16T00:00:00,344,2015-11-09T00:00:00,0,2009-04-13T00:00:00,4,soybeans_weekly_rvg
8,lasso,False,2015-11-16T00:00:00,345,2015-11-16T00:00:00,344,2015-11-16T00:00:00,344,2015-11-09T00:00:00,0,2009-04-13T00:00:00,4,spi_7d_very_dry_in_harvesting
8,lasso,False,2015-11-16T00:00:00,345,2015-11-16T00:00:00,344,2015-11-16T00:00:00,344,2015-11-09T00:00:00,0,2009-04-13T00:00:00,4,tmin_very_cold_in_harvesting
8,lasso,True,2016-01-11T00:00:00,353,2016-01-11T00:00:00,352,2016-01-11T00:00:00,352,2016-01-04T00:00:00,0,2009-04-13T00:00:00,5,corn_weekly_rv
8,lasso,True,2016-01-11T00:00:00,353,2016-01-11T00:00:00,352,2016-01-11T00:00:00,352,2016-01-04T00:00:00,0,2009-04-13T00:00:00,5,pdsi_extreme_wet_in_harvesting
8,lasso,True,2016-01-11T00:00:00,353,2016-01-11T00:00:00,352,2016-01-11T00:00:00,352,2016-01-04T00:00:00,0,2009-04-13T00:00:00,5,soybeans_monthly_rv
8,lasso,True,2016-01-11T00:00:00,353,2016-01-11T00:00:00,352,2016-01-11T00:00:00,352,2016-01-04T00:00:00,0,2009-04-13T00:00:00,5,soybeans_seasonal_rv
8,lasso,True,2016-01-11T00:00:00,353,2016-01-11T00:00:00,352,2016-01-11T00:00:00,352,2016-01-04T00:00:00,0,2009-04-13T00:00:00,5,soybeans_weekly_rv
8,lasso,True,2016-01-11T00:00:00,353,2016-01-11T00:00:00,352,2016-01-11T00:00:00,352,2016-01-04T00:00:00,0,2009-04-13T00:00:00,5,soybeans_weekly_rvg
8,lasso,True,2016-01-11T00:00:00,353,2016-01-11T00:00:00,352,2016-01-11T00:00:00,352,2016-01-04T00:00:00,0,2009-04-13T00:00:00,5,spi_7d_very_dry_in_harvesting
8,lasso,True,2016-01-11T00:00:00,353,2016-01-11T00:00:00,352,2016-01-11T00:00:00,352,2016-01-04T00:00:00,0,2009-04-13T00:00:00,5,tmin_very_cold_in_harvesting
8,lasso,True,2016-03-07T00:00:00,361,2016-03-07T00:00:00,360,2016-03-07T00:00:00,360,2016-02-29T00:00:00,0,2009-04-13T00:00:00,6,corn_weekly_rv
8,lasso,True,2016-03-07T00:00:00,361,2016-03-07T00:00:00,360,2016-03-07T00:00:00,360,2016-02-29T00:00:00,0,2009-04-13T00:00:00,6,pdsi_extreme_wet_in_harvesting
8,lasso,True,2016-03-07T00:00:00,361,2016-03-07T00:00:00,360,2016-03-07T00:00:00,360,2016-02-29T00:00:00,0,2009-04-13T00:00:00,6,soybeans_monthly_rv
8,lasso,True,2016-03-07T00:00:00,361,2016-03-07T00:00:00,360,2016-03-07T00:00:00,360,2016-02-29T00:00:00,0,2009-04-13T00:00:00,6,soybeans_seasonal_rv
8,lasso,True,2016-03-07T00:00:00,361,2016-03-07T00:00:00,360,2016-03-07T00:00:00,360,2016-02-29T00:00:00,0,2009-04-13T00:00:00,6,soybeans_weekly_rv
8,lasso,True,2016-03-07T00:00:00,361,2016-03-07T00:00:00,360,2016-03-07T00:00:00,360,2016-02-29T00:00:00,0,2009-04-13T00:00:00,6,soybeans_weekly_rvg
8,lasso,True,2016-03-07T00:00:00,361,2016-03-07T00:00:00,360,2016-03-07T00:00:00,360,2016-02-29T00:00:00,0,2009-04-13T00:00:00,6,spi_7d_very_dry_in_harvesting
8,lasso,True,2016-03-07T00:00:00,361,2016-03-07T00:00:00,360,2016-03-07T00:00:00,360,2016-02-29T00:00:00,0,2009-04-13T00:00:00,6,tmin_very_cold_in_harvesting
8,lasso,True,2016-05-02T00:00:00,369,2016-05-02T00:00:00,368,2016-05-02T00:00:00,368,2016-04-25T00:00:00,0,2009-04-13T00:00:00,7,corn_weekly_rv
8,lasso,True,2016-05-02T00:00:00,369,2016-05-02T00:00:00,368,2016-05-02T00:00:00,368,2016-04-25T00:00:00,0,2009-04-13T00:00:00,7,pdsi_extreme_wet_in_harvesting
8,lasso,True,2016-05-02T00:00:00,369,2016-05-02T00:00:00,368,2016-05-02T00:00:00,368,2016-04-25T00:00:00,0,2009-04-13T00:00:00,7,soybeans_monthly_rv
8,lasso,True,2016-05-02T00:00:00,369,2016-05-02T00:00:00,368,2016-05-02T00:00:00,368,2016-04-25T00:00:00,0,2009-04-13T00:00:00,7,soybeans_seasonal_rv
8,lasso,True,2016-05-02T00:00:00,369,2016-05-02T00:00:00,368,2016-05-02T00:00:00,368,2016-04-25T00:00:00,0,2009-04-13T00:00:00,7,soybeans_weekly_rv
8,lasso,True,2016-05-02T00:00:00,369,2016-05-02T00:00:00,368,2016-05-02T00:00:00,368,2016-04-25T00:00:00,0,2009-04-13T00:00:00,7,soybeans_weekly_rvg
8,lasso,True,2016-05-02T00:00:00,369,2016-05-02T00:00:00,368,2016-05-02T00:00:00,368,2016-04-25T00:00:00,0,2009-04-13T00:00:00,7,spi_7d_very_dry_in_harvesting
8,lasso,True,2016-05-02T00:00:00,369,2016-05-02T00:00:00,368,2016-05-02T00:00:00,368,2016-04-25T00:00:00,0,2009-04-13T00:00:00,7,tmin_very_cold_in_harvesting
10,lasso,False,2016-06-27T00:00:00,377,2016-06-27T00:00:00,376,2016-06-27T00:00:00,376,2016-06-20T00:00:00,0,2009-04-13T00:00:00,8,NAO_index
10,lasso,False,2016-06-27T00:00:00,377,2016-06-27T00:00:00,376,2016-06-27T00:00:00,376,2016-06-20T00:00:00,0,2009-04-13T00:00:00,8,corn_weekly_rv
10,lasso,False,2016-06-27T00:00:00,377,2016-06-27T00:00:00,376,2016-06-27T00:00:00,376,2016-06-20T00:00:00,0,2009-04-13T00:00:00,8,pdsi_extreme_wet_in_harvesting
10,lasso,False,2016-06-27T00:00:00,377,2016-06-27T00:00:00,376,2016-06-27T00:00:00,376,2016-06-20T00:00:00,0,2009-04-13T00:00:00,8,soybeans_monthly_rv
10,lasso,False,2016-06-27T00:00:00,377,2016-06-27T00:00:00,376,2016-06-27T00:00:00,376,2016-06-20T00:00:00,0,2009-04-13T00:00:00,8,soybeans_seasonal_rv
10,lasso,False,2016-06-27T00:00:00,377,2016-06-27T00:00:00,376,2016-06-27T00:00:00,376,2016-06-20T00:00:00,0,2009-04-13T00:00:00,8,soybeans_weekly_rv
10,lasso,False,2016-06-27T00:00:00,377,2016-06-27T00:00:00,376,2016-06-27T00:00:00,376,2016-06-20T00:00:00,0,2009-04-13T00:00:00,8,soybeans_weekly_rvg
10,lasso,False,2016-06-27T00:00:00,377,2016-06-27T00:00:00,376,2016-06-27T00:00:00,376,2016-06-20T00:00:00,0,2009-04-13T00:00:00,8,spi_7d_very_dry_in_harvesting
10,lasso,False,2016-06-27T00:00:00,377,2016-06-27T00:00:00,376,2016-06-27T00:00:00,376,2016-06-20T00:00:00,0,2009-04-13T00:00:00,8,ssta_elino
10,lasso,False,2016-06-27T00:00:00,377,2016-06-27T00:00:00,376,2016-06-27T00:00:00,376,2016-06-20T00:00:00,0,2009-04-13T00:00:00,8,tmin_very_cold_in_harvesting
10,lasso,True,2016-08-22T00:00:00,385,2016-08-22T00:00:00,384,2016-08-22T00:00:00,384,2016-08-15T00:00:00,0,2009-04-13T00:00:00,9,NAO_index
10,lasso,True,2016-08-22T00:00:00,385,2016-08-22T00:00:00,384,2016-08-22T00:00:00,384,2016-08-15T00:00:00,0,2009-04-13T00:00:00,9,corn_weekly_rv
10,lasso,True,2016-08-22T00:00:00,385,2016-08-22T00:00:00,384,2016-08-22T00:00:00,384,2016-08-15T00:00:00,0,2009-04-13T00:00:00,9,pdsi_extreme_wet_in_harvesting
10,lasso,True,2016-08-22T00:00:00,385,2016-08-22T00:00:00,384,2016-08-22T00:00:00,384,2016-08-15T00:00:00,0,2009-04-13T00:00:00,9,soybeans_monthly_rv
10,lasso,True,2016-08-22T00:00:00,385,2016-08-22T00:00:00,384,2016-08-22T00:00:00,384,2016-08-15T00:00:00,0,2009-04-13T00:00:00,9,soybeans_seasonal_rv
10,lasso,True,2016-08-22T00:00:00,385,2016-08-22T00:00:00,384,2016-08-22T00:00:00,384,2016-08-15T00:00:00,0,2009-04-13T00:00:00,9,soybeans_weekly_rv
10,lasso,True,2016-08-22T00:00:00,385,2016-08-22T00:00:00,384,2016-08-22T00:00:00,384,2016-08-15T00:00:00,0,2009-04-13T00:00:00,9,soybeans_weekly_rvg
10,lasso,True,2016-08-22T00:00:00,385,2016-08-22T00:00:00,384,2016-08-22T00:00:00,384,2016-08-15T00:00:00,0,2009-04-13T00:00:00,9,spi_7d_very_dry_in_harvesting
10,lasso,True,2016-08-22T00:00:00,385,2016-08-22T00:00:00,384,2016-08-22T00:00:00,384,2016-08-15T00:00:00,0,2009-04-13T00:00:00,9,ssta_elino
10,lasso,True,2016-08-22T00:00:00,385,2016-08-22T00:00:00,384,2016-08-22T00:00:00,384,2016-08-15T00:00:00,0,2009-04-13T00:00:00,9,tmin_very_cold_in_harvesting
10,lasso,True,2016-10-17T00:00:00,393,2016-10-17T00:00:00,392,2016-10-17T00:00:00,392,2016-10-10T00:00:00,0,2009-04-13T00:00:00,10,NAO_index
10,lasso,True,2016-10-17T00:00:00,393,2016-10-17T00:00:00,392,2016-10-17T00:00:00,392,2016-10-10T00:00:00,0,2009-04-13T00:00:00,10,corn_weekly_rv
10,lasso,True,2016-10-17T00:00:00,393,2016-10-17T00:00:00,392,2016-10-17T00:00:00,392,2016-10-10T00:00:00,0,2009-04-13T00:00:00,10,pdsi_extreme_wet_in_harvesting
10,lasso,True,2016-10-17T00:00:00,393,2016-10-17T00:00:00,392,2016-10-17T00:00:00,392,2016-10-10T00:00:00,0,2009-04-13T00:00:00,10,soybeans_monthly_rv
10,lasso,True,2016-10-17T00:00:00,393,2016-10-17T00:00:00,392,2016-10-17T00:00:00,392,2016-10-10T00:00:00,0,2009-04-13T00:00:00,10,soybeans_seasonal_rv
10,lasso,True,2016-10-17T00:00:00,393,2016-10-17T00:00:00,392,2016-10-17T00:00:00,392,2016-10-10T00:00:00,0,2009-04-13T00:00:00,10,soybeans_weekly_rv
10,lasso,True,2016-10-17T00:00:00,393,2016-10-17T00:00:00,392,2016-10-17T00:00:00,392,2016-10-10T00:00:00,0,2009-04-13T00:00:00,10,soybeans_weekly_rvg
10,lasso,True,2016-10-17T00:00:00,393,2016-10-17T00:00:00,392,2016-10-17T00:00:00,392,2016-10-10T00:00:00,0,2009-04-13T00:00:00,10,spi_7d_very_dry_in_harvesting
10,lasso,True,2016-10-17T00:00:00,393,2016-10-17T00:00:00,392,2016-10-17T00:00:00,392,2016-10-10T00:00:00,0,2009-04-13T00:00:00,10,ssta_elino
10,lasso,True,2016-10-17T00:00:00,393,2016-10-17T00:00:00,392,2016-10-17T00:00:00,392,2016-10-10T00:00:00,0,2009-04-13T00:00:00,10,tmin_very_cold_in_harvesting
10,lasso,True,2016-12-12T00:00:00,401,2016-12-12T00:00:00,400,2016-12-12T00:00:00,400,2016-12-05T00:00:00,0,2009-04-13T00:00:00,11,NAO_index
10,lasso,True,2016-12-12T00:00:00,401,2016-12-12T00:00:00,400,2016-12-12T00:00:00,400,2016-12-05T00:00:00,0,2009-04-13T00:00:00,11,corn_weekly_rv
10,lasso,True,2016-12-12T00:00:00,401,2016-12-12T00:00:00,400,2016-12-12T00:00:00,400,2016-12-05T00:00:00,0,2009-04-13T00:00:00,11,pdsi_extreme_wet_in_harvesting
10,lasso,True,2016-12-12T00:00:00,401,2016-12-12T00:00:00,400,2016-12-12T00:00:00,400,2016-12-05T00:00:00,0,2009-04-13T00:00:00,11,soybeans_monthly_rv
10,lasso,True,2016-12-12T00:00:00,401,2016-12-12T00:00:00,400,2016-12-12T00:00:00,400,2016-12-05T00:00:00,0,2009-04-13T00:00:00,11,soybeans_seasonal_rv
10,lasso,True,2016-12-12T00:00:00,401,2016-12-12T00:00:00,400,2016-12-12T00:00:00,400,2016-12-05T00:00:00,0,2009-04-13T00:00:00,11,soybeans_weekly_rv
10,lasso,True,2016-12-12T00:00:00,401,2016-12-12T00:00:00,400,2016-12-12T00:00:00,400,2016-12-05T00:00:00,0,2009-04-13T00:00:00,11,soybeans_weekly_rvg
10,lasso,True,2016-12-12T00:00:00,401,2016-12-12T00:00:00,400,2016-12-12T00:00:00,400,2016-12-05T00:00:00,0,2009-04-13T00:00:00,11,spi_7d_very_dry_in_harvesting
10,lasso,True,2016-12-12T00:00:00,401,2016-12-12T00:00:00,400,2016-12-12T00:00:00,400,2016-12-05T00:00:00,0,2009-04-13T00:00:00,11,ssta_elino
10,lasso,True,2016-12-12T00:00:00,401,2016-12-12T00:00:00,400,2016-12-12T00:00:00,400,2016-12-05T00:00:00,0,2009-04-13T00:00:00,11,tmin_very_cold_in_harvesting
12,lasso,False,2017-02-06T00:00:00,409,2017-02-06T00:00:00,408,2017-02-06T00:00:00,408,2017-01-30T00:00:00,0,2009-04-13T00:00:00,12,NAO_index
12,lasso,False,2017-02-06T00:00:00,409,2017-02-06T00:00:00,408,2017-02-06T00:00:00,408,2017-01-30T00:00:00,0,2009-04-13T00:00:00,12,corn_weekly_rv
12,lasso,False,2017-02-06T00:00:00,409,2017-02-06T00:00:00,408,2017-02-06T00:00:00,408,2017-01-30T00:00:00,0,2009-04-13T00:00:00,12,pdsi_extreme_wet_in_harvesting
12,lasso,False,2017-02-06T00:00:00,409,2017-02-06T00:00:00,408,2017-02-06T00:00:00,408,2017-01-30T00:00:00,0,2009-04-13T00:00:00,12,soybeans_monthly_rv
12,lasso,False,2017-02-06T00:00:00,409,2017-02-06T00:00:00,408,2017-02-06T00:00:00,408,2017-01-30T00:00:00,0,2009-04-13T00:00:00,12,soybeans_seasonal_rv
12,lasso,False,2017-02-06T00:00:00,409,2017-02-06T00:00:00,408,2017-02-06T00:00:00,408,2017-01-30T00:00:00,0,2009-04-13T00:00:00,12,soybeans_weekly_rv
12,lasso,False,2017-02-06T00:00:00,409,2017-02-06T00:00:00,408,2017-02-06T00:00:00,408,2017-01-30T00:00:00,0,2009-04-13T00:00:00,12,soybeans_weekly_rvg
12,lasso,False,2017-02-06T00:00:00,409,2017-02-06T00:00:00,408,2017-02-06T00:00:00,408,2017-01-30T00:00:00,0,2009-04-13T00:00:00,12,spi_7d_very_dry_in_harvesting
12,lasso,False,2017-02-06T00:00:00,409,2017-02-06T00:00:00,408,2017-02-06T00:00:00,408,2017-01-30T00:00:00,0,2009-04-13T00:00:00,12,ssta_elino
12,lasso,False,2017-02-06T00:00:00,409,2017-02-06T00:00:00,408,2017-02-06T00:00:00,408,2017-01-30T00:00:00,0,2009-04-13T00:00:00,12,tmax_hot_in_planting
12,lasso,False,2017-02-06T00:00:00,409,2017-02-06T00:00:00,408,2017-02-06T00:00:00,408,2017-01-30T00:00:00,0,2009-04-13T00:00:00,12,tmin_very_cold_in_harvesting
12,lasso,False,2017-02-06T00:00:00,409,2017-02-06T00:00:00,408,2017-02-06T00:00:00,408,2017-01-30T00:00:00,0,2009-04-13T00:00:00,12,tmin_very_cold_in_planting
12,lasso,True,2017-04-03T00:00:00,417,2017-04-03T00:00:00,416,2017-04-03T00:00:00,416,2017-03-27T00:00:00,0,2009-04-13T00:00:00,13,NAO_index
12,lasso,True,2017-04-03T00:00:00,417,2017-04-03T00:00:00,416,2017-04-03T00:00:00,416,2017-03-27T00:00:00,0,2009-04-13T00:00:00,13,corn_weekly_rv
12,lasso,True,2017-04-03T00:00:00,417,2017-04-03T00:00:00,416,2017-04-03T00:00:00,416,2017-03-27T00:00:00,0,2009-04-13T00:00:00,13,pdsi_extreme_wet_in_harvesting
12,lasso,True,2017-04-03T00:00:00,417,2017-04-03T00:00:00,416,2017-04-03T00:00:00,416,2017-03-27T00:00:00,0,2009-04-13T00:00:00,13,soybeans_monthly_rv
12,lasso,True,2017-04-03T00:00:00,417,2017-04-03T00:00:00,416,2017-04-03T00:00:00,416,2017-03-27T00:00:00,0,2009-04-13T00:00:00,13,soybeans_seasonal_rv
12,lasso,True,2017-04-03T00:00:00,417,2017-04-03T00:00:00,416,2017-04-03T00:00:00,416,2017-03-27T00:00:00,0,2009-04-13T00:00:00,13,soybeans_weekly_rv
12,lasso,True,2017-04-03T00:00:00,417,2017-04-03T00:00:00,416,2017-04-03T00:00:00,416,2017-03-27T00:00:00,0,2009-04-13T00:00:00,13,soybeans_weekly_rvg
12,lasso,True,2017-04-03T00:00:00,417,2017-04-03T00:00:00,416,2017-04-03T00:00:00,416,2017-03-27T00:00:00,0,2009-04-13T00:00:00,13,spi_7d_very_dry_in_harvesting
12,lasso,True,2017-04-03T00:00:00,417,2017-04-03T00:00:00,416,2017-04-03T00:00:00,416,2017-03-27T00:00:00,0,2009-04-13T00:00:00,13,ssta_elino
12,lasso,True,2017-04-03T00:00:00,417,2017-04-03T00:00:00,416,2017-04-03T00:00:00,416,2017-03-27T00:00:00,0,2009-04-13T00:00:00,13,tmax_hot_in_planting
12,lasso,True,2017-04-03T00:00:00,417,2017-04-03T00:00:00,416,2017-04-03T00:00:00,416,2017-03-27T00:00:00,0,2009-04-13T00:00:00,13,tmin_very_cold_in_harvesting
12,lasso,True,2017-04-03T00:00:00,417,2017-04-03T00:00:00,416,2017-04-03T00:00:00,416,2017-03-27T00:00:00,0,2009-04-13T00:00:00,13,tmin_very_cold_in_planting
12,lasso,True,2017-05-29T00:00:00,425,2017-05-29T00:00:00,424,2017-05-29T00:00:00,424,2017-05-22T00:00:00,0,2009-04-13T00:00:00,14,NAO_index
12,lasso,True,2017-05-29T00:00:00,425,2017-05-29T00:00:00,424,2017-05-29T00:00:00,424,2017-05-22T00:00:00,0,2009-04-13T00:00:00,14,corn_weekly_rv
12,lasso,True,2017-05-29T00:00:00,425,2017-05-29T00:00:00,424,2017-05-29T00:00:00,424,2017-05-22T00:00:00,0,2009-04-13T00:00:00,14,pdsi_extreme_wet_in_harvesting
12,lasso,True,2017-05-29T00:00:00,425,2017-05-29T00:00:00,424,2017-05-29T00:00:00,424,2017-05-22T00:00:00,0,2009-04-13T00:00:00,14,soybeans_monthly_rv
12,lasso,True,2017-05-29T00:00:00,425,2017-05-29T00:00:00,424,2017-05-29T00:00:00,424,2017-05-22T00:00:00,0,2009-04-13T00:00:00,14,soybeans_seasonal_rv
12,lasso,True,2017-05-29T00:00:00,425,2017-05-29T00:00:00,424,2017-05-29T00:00:00,424,2017-05-22T00:00:00,0,2009-04-13T00:00:00,14,soybeans_weekly_rv
12,lasso,True,2017-05-29T00:00:00,425,2017-05-29T00:00:00,424,2017-05-29T00:00:00,424,2017-05-22T00:00:00,0,2009-04-13T00:00:00,14,soybeans_weekly_rvg
12,lasso,True,2017-05-29T00:00:00,425,2017-05-29T00:00:00,424,2017-05-29T00:00:00,424,2017-05-22T00:00:00,0,2009-04-13T00:00:00,14,spi_7d_very_dry_in_harvesting
12,lasso,True,2017-05-29T00:00:00,425,2017-05-29T00:00:00,424,2017-05-29T00:00:00,424,2017-05-22T00:00:00,0,2009-04-13T00:00:00,14,ssta_elino
12,lasso,True,2017-05-29T00:00:00,425,2017-05-29T00:00:00,424,2017-05-29T00:00:00,424,2017-05-22T00:00:00,0,2009-04-13T00:00:00,14,tmax_hot_in_planting
12,lasso,True,2017-05-29T00:00:00,425,2017-05-29T00:00:00,424,2017-05-29T00:00:00,424,2017-05-22T00:00:00,0,2009-04-13T00:00:00,14,tmin_very_cold_in_harvesting
12,lasso,True,2017-05-29T00:00:00,425,2017-05-29T00:00:00,424,2017-05-29T00:00:00,424,2017-05-22T00:00:00,0,2009-04-13T00:00:00,14,tmin_very_cold_in_planting
12,lasso,True,2017-07-24T00:00:00,433,2017-07-24T00:00:00,432,2017-07-24T00:00:00,432,2017-07-17T00:00:00,0,2009-04-13T00:00:00,15,NAO_index
12,lasso,True,2017-07-24T00:00:00,433,2017-07-24T00:00:00,432,2017-07-24T00:00:00,432,2017-07-17T00:00:00,0,2009-04-13T00:00:00,15,corn_weekly_rv
12,lasso,True,2017-07-24T00:00:00,433,2017-07-24T00:00:00,432,2017-07-24T00:00:00,432,2017-07-17T00:00:00,0,2009-04-13T00:00:00,15,pdsi_extreme_wet_in_harvesting
12,lasso,True,2017-07-24T00:00:00,433,2017-07-24T00:00:00,432,2017-07-24T00:00:00,432,2017-07-17T00:00:00,0,2009-04-13T00:00:00,15,soybeans_monthly_rv
12,lasso,True,2017-07-24T00:00:00,433,2017-07-24T00:00:00,432,2017-07-24T00:00:00,432,2017-07-17T00:00:00,0,2009-04-13T00:00:00,15,soybeans_seasonal_rv
12,lasso,True,2017-07-24T00:00:00,433,2017-07-24T00:00:00,432,2017-07-24T00:00:00,432,2017-07-17T00:00:00,0,2009-04-13T00:00:00,15,soybeans_weekly_rv
12,lasso,True,2017-07-24T00:00:00,433,2017-07-24T00:00:00,432,2017-07-24T00:00:00,432,2017-07-17T00:00:00,0,2009-04-13T00:00:00,15,soybeans_weekly_rvg
12,lasso,True,2017-07-24T00:00:00,433,2017-07-24T00:00:00,432,2017-07-24T00:00:00,432,2017-07-17T00:00:00,0,2009-04-13T00:00:00,15,spi_7d_very_dry_in_harvesting
12,lasso,True,2017-07-24T00:00:00,433,2017-07-24T00:00:00,432,2017-07-24T00:00:00,432,2017-07-17T00:00:00,0,2009-04-13T00:00:00,15,ssta_elino
12,lasso,True,2017-07-24T00:00:00,433,2017-07-24T00:00:00,432,2017-07-24T00:00:00,432,2017-07-17T00:00:00,0,2009-04-13T00:00:00,15,tmax_hot_in_planting
12,lasso,True,2017-07-24T00:00:00,433,2017-07-24T00:00:00,432,2017-07-24T00:00:00,432,2017-07-17T00:00:00,0,2009-04-13T00:00:00,15,tmin_very_cold_in_harvesting
12,lasso,True,2017-07-24T00:00:00,433,2017-07-24T00:00:00,432,2017-07-24T00:00:00,432,2017-07-17T00:00:00,0,2009-04-13T00:00:00,15,tmin_very_cold_in_planting
12,lasso,False,2017-09-18T00:00:00,441,2017-09-18T00:00:00,440,2017-09-18T00:00:00,440,2017-09-11T00:00:00,0,2009-04-13T00:00:00,16,NAO_index
12,lasso,False,2017-09-18T00:00:00,441,2017-09-18T00:00:00,440,2017-09-18T00:00:00,440,2017-09-11T00:00:00,0,2009-04-13T00:00:00,16,corn_weekly_rv
12,lasso,False,2017-09-18T00:00:00,441,2017-09-18T00:00:00,440,2017-09-18T00:00:00,440,2017-09-11T00:00:00,0,2009-04-13T00:00:00,16,pdsi_extreme_wet_in_harvesting
12,lasso,False,2017-09-18T00:00:00,441,2017-09-18T00:00:00,440,2017-09-18T00:00:00,440,2017-09-11T00:00:00,0,2009-04-13T00:00:00,16,soybeans_monthly_rv
12,lasso,False,2017-09-18T00:00:00,441,2017-09-18T00:00:00,440,2017-09-18T00:00:00,440,2017-09-11T00:00:00,0,2009-04-13T00:00:00,16,soybeans_seasonal_rv
12,lasso,False,2017-09-18T00:00:00,441,2017-09-18T00:00:00,440,2017-09-18T00:00:00,440,2017-09-11T00:00:00,0,2009-04-13T00:00:00,16,soybeans_weekly_rv
12,lasso,False,2017-09-18T00:00:00,441,2017-09-18T00:00:00,440,2017-09-18T00:00:00,440,2017-09-11T00:00:00,0,2009-04-13T00:00:00,16,soybeans_weekly_rvg
12,lasso,False,2017-09-18T00:00:00,441,2017-09-18T00:00:00,440,2017-09-18T00:00:00,440,2017-09-11T00:00:00,0,2009-04-13T00:00:00,16,spi_7d_very_dry_in_harvesting
12,lasso,False,2017-09-18T00:00:00,441,2017-09-18T00:00:00,440,2017-09-18T00:00:00,440,2017-09-11T00:00:00,0,2009-04-13T00:00:00,16,ssta_elino
12,lasso,False,2017-09-18T00:00:00,441,2017-09-18T00:00:00,440,2017-09-18T00:00:00,440,2017-09-11T00:00:00,0,2009-04-13T00:00:00,16,tmax_hot_in_planting
12,lasso,False,2017-09-18T00:00:00,441,2017-09-18T00:00:00,440,2017-09-18T00:00:00,440,2017-09-11T00:00:00,0,2009-04-13T00:00:00,16,tmin_very_cold_in_harvesting
12,lasso,False,2017-09-18T00:00:00,441,2017-09-18T00:00:00,440,2017-09-18T00:00:00,440,2017-09-11T00:00:00,0,2009-04-13T00:00:00,16,tmin_very_cold_in_planting
12,lasso,True,2017-11-13T00:00:00,449,2017-11-13T00:00:00,448,2017-11-13T00:00:00,448,2017-11-06T00:00:00,0,2009-04-13T00:00:00,17,NAO_index
12,lasso,True,2017-11-13T00:00:00,449,2017-11-13T00:00:00,448,2017-11-13T00:00:00,448,2017-11-06T00:00:00,0,2009-04-13T00:00:00,17,corn_weekly_rv
12,lasso,True,2017-11-13T00:00:00,449,2017-11-13T00:00:00,448,2017-11-13T00:00:00,448,2017-11-06T00:00:00,0,2009-04-13T00:00:00,17,pdsi_extreme_wet_in_harvesting
12,lasso,True,2017-11-13T00:00:00,449,2017-11-13T00:00:00,448,2017-11-13T00:00:00,448,2017-11-06T00:00:00,0,2009-04-13T00:00:00,17,soybeans_monthly_rv
12,lasso,True,2017-11-13T00:00:00,449,2017-11-13T00:00:00,448,2017-11-13T00:00:00,448,2017-11-06T00:00:00,0,2009-04-13T00:00:00,17,soybeans_seasonal_rv
12,lasso,True,2017-11-13T00:00:00,449,2017-11-13T00:00:00,448,2017-11-13T00:00:00,448,2017-11-06T00:00:00,0,2009-04-13T00:00:00,17,soybeans_weekly_rv
12,lasso,True,2017-11-13T00:00:00,449,2017-11-13T00:00:00,448,2017-11-13T00:00:00,448,2017-11-06T00:00:00,0,2009-04-13T00:00:00,17,soybeans_weekly_rvg
12,lasso,True,2017-11-13T00:00:00,449,2017-11-13T00:00:00,448,2017-11-13T00:00:00,448,2017-11-06T00:00:00,0,2009-04-13T00:00:00,17,spi_7d_very_dry_in_harvesting
12,lasso,True,2017-11-13T00:00:00,449,2017-11-13T00:00:00,448,2017-11-13T00:00:00,448,2017-11-06T00:00:00,0,2009-04-13T00:00:00,17,ssta_elino
12,lasso,True,2017-11-13T00:00:00,449,2017-11-13T00:00:00,448,2017-11-13T00:00:00,448,2017-11-06T00:00:00,0,2009-04-13T00:00:00,17,tmax_hot_in_planting
12,lasso,True,2017-11-13T00:00:00,449,2017-11-13T00:00:00,448,2017-11-13T00:00:00,448,2017-11-06T00:00:00,0,2009-04-13T00:00:00,17,tmin_very_cold_in_harvesting
12,lasso,True,2017-11-13T00:00:00,449,2017-11-13T00:00:00,448,2017-11-13T00:00:00,448,2017-11-06T00:00:00,0,2009-04-13T00:00:00,17,tmin_very_cold_in_planting
12,lasso,True,2018-01-08T00:00:00,457,2018-01-08T00:00:00,456,2018-01-08T00:00:00,456,2018-01-01T00:00:00,0,2009-04-13T00:00:00,18,NAO_index
12,lasso,True,2018-01-08T00:00:00,457,2018-01-08T00:00:00,456,2018-01-08T00:00:00,456,2018-01-01T00:00:00,0,2009-04-13T00:00:00,18,corn_weekly_rv
12,lasso,True,2018-01-08T00:00:00,457,2018-01-08T00:00:00,456,2018-01-08T00:00:00,456,2018-01-01T00:00:00,0,2009-04-13T00:00:00,18,pdsi_extreme_wet_in_harvesting
12,lasso,True,2018-01-08T00:00:00,457,2018-01-08T00:00:00,456,2018-01-08T00:00:00,456,2018-01-01T00:00:00,0,2009-04-13T00:00:00,18,soybeans_monthly_rv
12,lasso,True,2018-01-08T00:00:00,457,2018-01-08T00:00:00,456,2018-01-08T00:00:00,456,2018-01-01T00:00:00,0,2009-04-13T00:00:00,18,soybeans_seasonal_rv
12,lasso,True,2018-01-08T00:00:00,457,2018-01-08T00:00:00,456,2018-01-08T00:00:00,456,2018-01-01T00:00:00,0,2009-04-13T00:00:00,18,soybeans_weekly_rv
12,lasso,True,2018-01-08T00:00:00,457,2018-01-08T00:00:00,456,2018-01-08T00:00:00,456,2018-01-01T00:00:00,0,2009-04-13T00:00:00,18,soybeans_weekly_rvg
12,lasso,True,2018-01-08T00:00:00,457,2018-01-08T00:00:00,456,2018-01-08T00:00:00,456,2018-01-01T00:00:00,0,2009-04-13T00:00:00,18,spi_7d_very_dry_in_harvesting
12,lasso,True,2018-01-08T00:00:00,457,2018-01-08T00:00:00,456,2018-01-08T00:00:00,456,2018-01-01T00:00:00,0,2009-04-13T00:00:00,18,ssta_elino
12,lasso,True,2018-01-08T00:00:00,457,2018-01-08T00:00:00,456,2018-01-08T00:00:00,456,2018-01-01T00:00:00,0,2009-04-13T00:00:00,18,tmax_hot_in_planting
12,lasso,True,2018-01-08T00:00:00,457,2018-01-08T00:00:00,456,2018-01-08T00:00:00,456,2018-01-01T00:00:00,0,2009-04-13T00:00:00,18,tmin_very_cold_in_harvesting
12,lasso,True,2018-01-08T00:00:00,457,2018-01-08T00:00:00,456,2018-01-08T00:00:00,456,2018-01-01T00:00:00,0,2009-04-13T00:00:00,18,tmin_very_cold_in_planting
12,lasso,True,2018-03-05T00:00:00,465,2018-03-05T00:00:00,464,2018-03-05T00:00:00,464,2018-02-26T00:00:00,0,2009-04-13T00:00:00,19,NAO_index
12,lasso,True,2018-03-05T00:00:00,465,2018-03-05T00:00:00,464,2018-03-05T00:00:00,464,2018-02-26T00:00:00,0,2009-04-13T00:00:00,19,corn_weekly_rv
12,lasso,True,2018-03-05T00:00:00,465,2018-03-05T00:00:00,464,2018-03-05T00:00:00,464,2018-02-26T00:00:00,0,2009-04-13T00:00:00,19,pdsi_extreme_wet_in_harvesting
12,lasso,True,2018-03-05T00:00:00,465,2018-03-05T00:00:00,464,2018-03-05T00:00:00,464,2018-02-26T00:00:00,0,2009-04-13T00:00:00,19,soybeans_monthly_rv
12,lasso,True,2018-03-05T00:00:00,465,2018-03-05T00:00:00,464,2018-03-05T00:00:00,464,2018-02-26T00:00:00,0,2009-04-13T00:00:00,19,soybeans_seasonal_rv
12,lasso,True,2018-03-05T00:00:00,465,2018-03-05T00:00:00,464,2018-03-05T00:00:00,464,2018-02-26T00:00:00,0,2009-04-13T00:00:00,19,soybeans_weekly_rv
12,lasso,True,2018-03-05T00:00:00,465,2018-03-05T00:00:00,464,2018-03-05T00:00:00,464,2018-02-26T00:00:00,0,2009-04-13T00:00:00,19,soybeans_weekly_rvg
12,lasso,True,2018-03-05T00:00:00,465,2018-03-05T00:00:00,464,2018-03-05T00:00:00,464,2018-02-26T00:00:00,0,2009-04-13T00:00:00,19,spi_7d_very_dry_in_harvesting
12,lasso,True,2018-03-05T00:00:00,465,2018-03-05T00:00:00,464,2018-03-05T00:00:00,464,2018-02-26T00:00:00,0,2009-04-13T00:00:00,19,ssta_elino
12,lasso,True,2018-03-05T00:00:00,465,2018-03-05T00:00:00,464,2018-03-05T00:00:00,464,2018-02-26T00:00:00,0,2009-04-13T00:00:00,19,tmax_hot_in_planting
12,lasso,True,2018-03-05T00:00:00,465,2018-03-05T00:00:00,464,2018-03-05T00:00:00,464,2018-02-26T00:00:00,0,2009-04-13T00:00:00,19,tmin_very_cold_in_harvesting
12,lasso,True,2018-03-05T00:00:00,465,2018-03-05T00:00:00,464,2018-03-05T00:00:00,464,2018-02-26T00:00:00,0,2009-04-13T00:00:00,19,tmin_very_cold_in_planting
11,lasso,False,2018-04-30T00:00:00,473,2018-04-30T00:00:00,472,2018-04-30T00:00:00,472,2018-04-23T00:00:00,0,2009-04-13T00:00:00,20,NAO_index
11,lasso,False,2018-04-30T00:00:00,473,2018-04-30T00:00:00,472,2018-04-30T00:00:00,472,2018-04-23T00:00:00,0,2009-04-13T00:00:00,20,corn_weekly_rv
11,lasso,False,2018-04-30T00:00:00,473,2018-04-30T00:00:00,472,2018-04-30T00:00:00,472,2018-04-23T00:00:00,0,2009-04-13T00:00:00,20,pdsi_extreme_wet_in_harvesting
11,lasso,False,2018-04-30T00:00:00,473,2018-04-30T00:00:00,472,2018-04-30T00:00:00,472,2018-04-23T00:00:00,0,2009-04-13T00:00:00,20,soybeans_monthly_rv
11,lasso,False,2018-04-30T00:00:00,473,2018-04-30T00:00:00,472,2018-04-30T00:00:00,472,2018-04-23T00:00:00,0,2009-04-13T00:00:00,20,soybeans_seasonal_rv
11,lasso,False,2018-04-30T00:00:00,473,2018-04-30T00:00:00,472,2018-04-30T00:00:00,472,2018-04-23T00:00:00,0,2009-04-13T00:00:00,20,soybeans_weekly_rv
11,lasso,False,2018-04-30T00:00:00,473,2018-04-30T00:00:00,472,2018-04-30T00:00:00,472,2018-04-23T00:00:00,0,2009-04-13T00:00:00,20,soybeans_weekly_rvg
11,lasso,False,2018-04-30T00:00:00,473,2018-04-30T00:00:00,472,2018-04-30T00:00:00,472,2018-04-23T00:00:00,0,2009-04-13T00:00:00,20,spi_7d_very_dry_in_harvesting
11,lasso,False,2018-04-30T00:00:00,473,2018-04-30T00:00:00,472,2018-04-30T00:00:00,472,2018-04-23T00:00:00,0,2009-04-13T00:00:00,20,tmax_hot_in_planting
11,lasso,False,2018-04-30T00:00:00,473,2018-04-30T00:00:00,472,2018-04-30T00:00:00,472,2018-04-23T00:00:00,0,2009-04-13T00:00:00,20,tmin_very_cold_in_harvesting
11,lasso,False,2018-04-30T00:00:00,473,2018-04-30T00:00:00,472,2018-04-30T00:00:00,472,2018-04-23T00:00:00,0,2009-04-13T00:00:00,20,tmin_very_cold_in_planting
11,lasso,True,2018-06-25T00:00:00,481,2018-06-25T00:00:00,480,2018-06-25T00:00:00,480,2018-06-18T00:00:00,0,2009-04-13T00:00:00,21,NAO_index
11,lasso,True,2018-06-25T00:00:00,481,2018-06-25T00:00:00,480,2018-06-25T00:00:00,480,2018-06-18T00:00:00,0,2009-04-13T00:00:00,21,corn_weekly_rv
11,lasso,True,2018-06-25T00:00:00,481,2018-06-25T00:00:00,480,2018-06-25T00:00:00,480,2018-06-18T00:00:00,0,2009-04-13T00:00:00,21,pdsi_extreme_wet_in_harvesting
11,lasso,True,2018-06-25T00:00:00,481,2018-06-25T00:00:00,480,2018-06-25T00:00:00,480,2018-06-18T00:00:00,0,2009-04-13T00:00:00,21,soybeans_monthly_rv
11,lasso,True,2018-06-25T00:00:00,481,2018-06-25T00:00:00,480,2018-06-25T00:00:00,480,2018-06-18T00:00:00,0,2009-04-13T00:00:00,21,soybeans_seasonal_rv
11,lasso,True,2018-06-25T00:00:00,481,2018-06-25T00:00:00,480,2018-06-25T00:00:00,480,2018-06-18T00:00:00,0,2009-04-13T00:00:00,21,soybeans_weekly_rv
11,lasso,True,2018-06-25T00:00:00,481,2018-06-25T00:00:00,480,2018-06-25T00:00:00,480,2018-06-18T00:00:00,0,2009-04-13T00:00:00,21,soybeans_weekly_rvg
11,lasso,True,2018-06-25T00:00:00,481,2018-06-25T00:00:00,480,2018-06-25T00:00:00,480,2018-06-18T00:00:00,0,2009-04-13T00:00:00,21,spi_7d_very_dry_in_harvesting
11,lasso,True,2018-06-25T00:00:00,481,2018-06-25T00:00:00,480,2018-06-25T00:00:00,480,2018-06-18T00:00:00,0,2009-04-13T00:00:00,21,tmax_hot_in_planting
11,lasso,True,2018-06-25T00:00:00,481,2018-06-25T00:00:00,480,2018-06-25T00:00:00,480,2018-06-18T00:00:00,0,2009-04-13T00:00:00,21,tmin_very_cold_in_harvesting
11,lasso,True,2018-06-25T00:00:00,481,2018-06-25T00:00:00,480,2018-06-25T00:00:00,480,2018-06-18T00:00:00,0,2009-04-13T00:00:00,21,tmin_very_cold_in_planting
11,lasso,True,2018-08-20T00:00:00,489,2018-08-20T00:00:00,488,2018-08-20T00:00:00,488,2018-08-13T00:00:00,0,2009-04-13T00:00:00,22,NAO_index
11,lasso,True,2018-08-20T00:00:00,489,2018-08-20T00:00:00,488,2018-08-20T00:00:00,488,2018-08-13T00:00:00,0,2009-04-13T00:00:00,22,corn_weekly_rv
11,lasso,True,2018-08-20T00:00:00,489,2018-08-20T00:00:00,488,2018-08-20T00:00:00,488,2018-08-13T00:00:00,0,2009-04-13T00:00:00,22,pdsi_extreme_wet_in_harvesting
11,lasso,True,2018-08-20T00:00:00,489,2018-08-20T00:00:00,488,2018-08-20T00:00:00,488,2018-08-13T00:00:00,0,2009-04-13T00:00:00,22,soybeans_monthly_rv
11,lasso,True,2018-08-20T00:00:00,489,2018-08-20T00:00:00,488,2018-08-20T00:00:00,488,2018-08-13T00:00:00,0,2009-04-13T00:00:00,22,soybeans_seasonal_rv
11,lasso,True,2018-08-20T00:00:00,489,2018-08-20T00:00:00,488,2018-08-20T00:00:00,488,2018-08-13T00:00:00,0,2009-04-13T00:00:00,22,soybeans_weekly_rv
11,lasso,True,2018-08-20T00:00:00,489,2018-08-20T00:00:00,488,2018-08-20T00:00:00,488,2018-08-13T00:00:00,0,2009-04-13T00:00:00,22,soybeans_weekly_rvg
11,lasso,True,2018-08-20T00:00:00,489,2018-08-20T00:00:00,488,2018-08-20T00:00:00,488,2018-08-13T00:00:00,0,2009-04-13T00:00:00,22,spi_7d_very_dry_in_harvesting
11,lasso,True,2018-08-20T00:00:00,489,2018-08-20T00:00:00,488,2018-08-20T00:00:00,488,2018-08-13T00:00:00,0,2009-04-13T00:00:00,22,tmax_hot_in_planting
11,lasso,True,2018-08-20T00:00:00,489,2018-08-20T00:00:00,488,2018-08-20T00:00:00,488,2018-08-13T00:00:00,0,2009-04-13T00:00:00,22,tmin_very_cold_in_harvesting
11,lasso,True,2018-08-20T00:00:00,489,2018-08-20T00:00:00,488,2018-08-20T00:00:00,488,2018-08-13T00:00:00,0,2009-04-13T00:00:00,22,tmin_very_cold_in_planting
11,lasso,True,2018-10-15T00:00:00,497,2018-10-15T00:00:00,496,2018-10-15T00:00:00,496,2018-10-08T00:00:00,0,2009-04-13T00:00:00,23,NAO_index
11,lasso,True,2018-10-15T00:00:00,497,2018-10-15T00:00:00,496,2018-10-15T00:00:00,496,2018-10-08T00:00:00,0,2009-04-13T00:00:00,23,corn_weekly_rv
11,lasso,True,2018-10-15T00:00:00,497,2018-10-15T00:00:00,496,2018-10-15T00:00:00,496,2018-10-08T00:00:00,0,2009-04-13T00:00:00,23,pdsi_extreme_wet_in_harvesting
11,lasso,True,2018-10-15T00:00:00,497,2018-10-15T00:00:00,496,2018-10-15T00:00:00,496,2018-10-08T00:00:00,0,2009-04-13T00:00:00,23,soybeans_monthly_rv
11,lasso,True,2018-10-15T00:00:00,497,2018-10-15T00:00:00,496,2018-10-15T00:00:00,496,2018-10-08T00:00:00,0,2009-04-13T00:00:00,23,soybeans_seasonal_rv
11,lasso,True,2018-10-15T00:00:00,497,2018-10-15T00:00:00,496,2018-10-15T00:00:00,496,2018-10-08T00:00:00,0,2009-04-13T00:00:00,23,soybeans_weekly_rv
11,lasso,True,2018-10-15T00:00:00,497,2018-10-15T00:00:00,496,2018-10-15T00:00:00,496,2018-10-08T00:00:00,0,2009-04-13T00:00:00,23,soybeans_weekly_rvg
11,lasso,True,2018-10-15T00:00:00,497,2018-10-15T00:00:00,496,2018-10-15T00:00:00,496,2018-10-08T00:00:00,0,2009-04-13T00:00:00,23,spi_7d_very_dry_in_harvesting
11,lasso,True,2018-10-15T00:00:00,497,2018-10-15T00:00:00,496,2018-10-15T00:00:00,496,2018-10-08T00:00:00,0,2009-04-13T00:00:00,23,tmax_hot_in_planting
11,lasso,True,2018-10-15T00:00:00,497,2018-10-15T00:00:00,496,2018-10-15T00:00:00,496,2018-10-08T00:00:00,0,2009-04-13T00:00:00,23,tmin_very_cold_in_harvesting
11,lasso,True,2018-10-15T00:00:00,497,2018-10-15T00:00:00,496,2018-10-15T00:00:00,496,2018-10-08T00:00:00,0,2009-04-13T00:00:00,23,tmin_very_cold_in_planting
8,lasso,False,2018-12-10T00:00:00,505,2018-12-10T00:00:00,504,2018-12-10T00:00:00,504,2018-12-03T00:00:00,0,2009-04-13T00:00:00,24,corn_weekly_rv
8,lasso,False,2018-12-10T00:00:00,505,2018-12-10T00:00:00,504,2018-12-10T00:00:00,504,2018-12-03T00:00:00,0,2009-04-13T00:00:00,24,soybeans_monthly_rv
8,lasso,False,2018-12-10T00:00:00,505,2018-12-10T00:00:00,504,2018-12-10T00:00:00,504,2018-12-03T00:00:00,0,2009-04-13T00:00:00,24,soybeans_seasonal_rv
8,lasso,False,2018-12-10T00:00:00,505,2018-12-10T00:00:00,504,2018-12-10T00:00:00,504,2018-12-03T00:00:00,0,2009-04-13T00:00:00,24,soybeans_weekly_rv
8,lasso,False,2018-12-10T00:00:00,505,2018-12-10T00:00:00,504,2018-12-10T00:00:00,504,2018-12-03T00:00:00,0,2009-04-13T00:00:00,24,soybeans_weekly_rvg
8,lasso,False,2018-12-10T00:00:00,505,2018-12-10T00:00:00,504,2018-12-10T00:00:00,504,2018-12-03T00:00:00,0,2009-04-13T00:00:00,24,tmax_hot_in_planting
8,lasso,False,2018-12-10T00:00:00,505,2018-12-10T00:00:00,504,2018-12-10T00:00:00,504,2018-12-03T00:00:00,0,2009-04-13T00:00:00,24,tmin_very_cold_in_harvesting
8,lasso,False,2018-12-10T00:00:00,505,2018-12-10T00:00:00,504,2018-12-10T00:00:00,504,2018-12-03T00:00:00,0,2009-04-13T00:00:00,24,tmin_very_cold_in_planting
8,lasso,True,2019-02-04T00:00:00,513,2019-02-04T00:00:00,512,2019-02-04T00:00:00,512,2019-01-28T00:00:00,0,2009-04-13T00:00:00,25,corn_weekly_rv
8,lasso,True,2019-02-04T00:00:00,513,2019-02-04T00:00:00,512,2019-02-04T00:00:00,512,2019-01-28T00:00:00,0,2009-04-13T00:00:00,25,soybeans_monthly_rv
8,lasso,True,2019-02-04T00:00:00,513,2019-02-04T00:00:00,512,2019-02-04T00:00:00,512,2019-01-28T00:00:00,0,2009-04-13T00:00:00,25,soybeans_seasonal_rv
8,lasso,True,2019-02-04T00:00:00,513,2019-02-04T00:00:00,512,2019-02-04T00:00:00,512,2019-01-28T00:00:00,0,2009-04-13T00:00:00,25,soybeans_weekly_rv
8,lasso,True,2019-02-04T00:00:00,513,2019-02-04T00:00:00,512,2019-02-04T00:00:00,512,2019-01-28T00:00:00,0,2009-04-13T00:00:00,25,soybeans_weekly_rvg
8,lasso,True,2019-02-04T00:00:00,513,2019-02-04T00:00:00,512,2019-02-04T00:00:00,512,2019-01-28T00:00:00,0,2009-04-13T00:00:00,25,tmax_hot_in_planting
8,lasso,True,2019-02-04T00:00:00,513,2019-02-04T00:00:00,512,2019-02-04T00:00:00,512,2019-01-28T00:00:00,0,2009-04-13T00:00:00,25,tmin_very_cold_in_harvesting
8,lasso,True,2019-02-04T00:00:00,513,2019-02-04T00:00:00,512,2019-02-04T00:00:00,512,2019-01-28T00:00:00,0,2009-04-13T00:00:00,25,tmin_very_cold_in_planting
8,lasso,True,2019-04-01T00:00:00,521,2019-04-01T00:00:00,520,2019-04-01T00:00:00,520,2019-03-25T00:00:00,0,2009-04-13T00:00:00,26,corn_weekly_rv
8,lasso,True,2019-04-01T00:00:00,521,2019-04-01T00:00:00,520,2019-04-01T00:00:00,520,2019-03-25T00:00:00,0,2009-04-13T00:00:00,26,soybeans_monthly_rv
8,lasso,True,2019-04-01T00:00:00,521,2019-04-01T00:00:00,520,2019-04-01T00:00:00,520,2019-03-25T00:00:00,0,2009-04-13T00:00:00,26,soybeans_seasonal_rv
8,lasso,True,2019-04-01T00:00:00,521,2019-04-01T00:00:00,520,2019-04-01T00:00:00,520,2019-03-25T00:00:00,0,2009-04-13T00:00:00,26,soybeans_weekly_rv
8,lasso,True,2019-04-01T00:00:00,521,2019-04-01T00:00:00,520,2019-04-01T00:00:00,520,2019-03-25T00:00:00,0,2009-04-13T00:00:00,26,soybeans_weekly_rvg
8,lasso,True,2019-04-01T00:00:00,521,2019-04-01T00:00:00,520,2019-04-01T00:00:00,520,2019-03-25T00:00:00,0,2009-04-13T00:00:00,26,tmax_hot_in_planting
8,lasso,True,2019-04-01T00:00:00,521,2019-04-01T00:00:00,520,2019-04-01T00:00:00,520,2019-03-25T00:00:00,0,2009-04-13T00:00:00,26,tmin_very_cold_in_harvesting
8,lasso,True,2019-04-01T00:00:00,521,2019-04-01T00:00:00,520,2019-04-01T00:00:00,520,2019-03-25T00:00:00,0,2009-04-13T00:00:00,26,tmin_very_cold_in_planting
8,lasso,True,2019-05-27T00:00:00,529,2019-05-27T00:00:00,528,2019-05-27T00:00:00,528,2019-05-20T00:00:00,0,2009-04-13T00:00:00,27,corn_weekly_rv
8,lasso,True,2019-05-27T00:00:00,529,2019-05-27T00:00:00,528,2019-05-27T00:00:00,528,2019-05-20T00:00:00,0,2009-04-13T00:00:00,27,soybeans_monthly_rv
8,lasso,True,2019-05-27T00:00:00,529,2019-05-27T00:00:00,528,2019-05-27T00:00:00,528,2019-05-20T00:00:00,0,2009-04-13T00:00:00,27,soybeans_seasonal_rv
8,lasso,True,2019-05-27T00:00:00,529,2019-05-27T00:00:00,528,2019-05-27T00:00:00,528,2019-05-20T00:00:00,0,2009-04-13T00:00:00,27,soybeans_weekly_rv
8,lasso,True,2019-05-27T00:00:00,529,2019-05-27T00:00:00,528,2019-05-27T00:00:00,528,2019-05-20T00:00:00,0,2009-04-13T00:00:00,27,soybeans_weekly_rvg
8,lasso,True,2019-05-27T00:00:00,529,2019-05-27T00:00:00,528,2019-05-27T00:00:00,528,2019-05-20T00:00:00,0,2009-04-13T00:00:00,27,tmax_hot_in_planting
8,lasso,True,2019-05-27T00:00:00,529,2019-05-27T00:00:00,528,2019-05-27T00:00:00,528,2019-05-20T00:00:00,0,2009-04-13T00:00:00,27,tmin_very_cold_in_harvesting
8,lasso,True,2019-05-27T00:00:00,529,2019-05-27T00:00:00,528,2019-05-27T00:00:00,528,2019-05-20T00:00:00,0,2009-04-13T00:00:00,27,tmin_very_cold_in_planting
10,lasso,False,2019-07-22T00:00:00,537,2019-07-22T00:00:00,536,2019-07-22T00:00:00,536,2019-07-15T00:00:00,0,2009-04-13T00:00:00,28,NAO_index
10,lasso,False,2019-07-22T00:00:00,537,2019-07-22T00:00:00,536,2019-07-22T00:00:00,536,2019-07-15T00:00:00,0,2009-04-13T00:00:00,28,corn_weekly_rv
10,lasso,False,2019-07-22T00:00:00,537,2019-07-22T00:00:00,536,2019-07-22T00:00:00,536,2019-07-15T00:00:00,0,2009-04-13T00:00:00,28,soybeans_monthly_rv
10,lasso,False,2019-07-22T00:00:00,537,2019-07-22T00:00:00,536,2019-07-22T00:00:00,536,2019-07-15T00:00:00,0,2009-04-13T00:00:00,28,soybeans_seasonal_rv
10,lasso,False,2019-07-22T00:00:00,537,2019-07-22T00:00:00,536,2019-07-22T00:00:00,536,2019-07-15T00:00:00,0,2009-04-13T00:00:00,28,soybeans_weekly_rv
10,lasso,False,2019-07-22T00:00:00,537,2019-07-22T00:00:00,536,2019-07-22T00:00:00,536,2019-07-15T00:00:00,0,2009-04-13T00:00:00,28,soybeans_weekly_rvg
10,lasso,False,2019-07-22T00:00:00,537,2019-07-22T00:00:00,536,2019-07-22T00:00:00,536,2019-07-15T00:00:00,0,2009-04-13T00:00:00,28,ssta_elino
10,lasso,False,2019-07-22T00:00:00,537,2019-07-22T00:00:00,536,2019-07-22T00:00:00,536,2019-07-15T00:00:00,0,2009-04-13T00:00:00,28,tmax_hot_in_planting
10,lasso,False,2019-07-22T00:00:00,537,2019-07-22T00:00:00,536,2019-07-22T00:00:00,536,2019-07-15T00:00:00,0,2009-04-13T00:00:00,28,tmin_very_cold_in_harvesting
10,lasso,False,2019-07-22T00:00:00,537,2019-07-22T00:00:00,536,2019-07-22T00:00:00,536,2019-07-15T00:00:00,0,2009-04-13T00:00:00,28,tmin_very_cold_in_planting
10,lasso,True,2019-09-16T00:00:00,545,2019-09-16T00:00:00,544,2019-09-16T00:00:00,544,2019-09-09T00:00:00,0,2009-04-13T00:00:00,29,NAO_index
10,lasso,True,2019-09-16T00:00:00,545,2019-09-16T00:00:00,544,2019-09-16T00:00:00,544,2019-09-09T00:00:00,0,2009-04-13T00:00:00,29,corn_weekly_rv
10,lasso,True,2019-09-16T00:00:00,545,2019-09-16T00:00:00,544,2019-09-16T00:00:00,544,2019-09-09T00:00:00,0,2009-04-13T00:00:00,29,soybeans_monthly_rv
10,lasso,True,2019-09-16T00:00:00,545,2019-09-16T00:00:00,544,2019-09-16T00:00:00,544,2019-09-09T00:00:00,0,2009-04-13T00:00:00,29,soybeans_seasonal_rv
10,lasso,True,2019-09-16T00:00:00,545,2019-09-16T00:00:00,544,2019-09-16T00:00:00,544,2019-09-09T00:00:00,0,2009-04-13T00:00:00,29,soybeans_weekly_rv
10,lasso,True,2019-09-16T00:00:00,545,2019-09-16T00:00:00,544,2019-09-16T00:00:00,544,2019-09-09T00:00:00,0,2009-04-13T00:00:00,29,soybeans_weekly_rvg
10,lasso,True,2019-09-16T00:00:00,545,2019-09-16T00:00:00,544,2019-09-16T00:00:00,544,2019-09-09T00:00:00,0,2009-04-13T00:00:00,29,ssta_elino
10,lasso,True,2019-09-16T00:00:00,545,2019-09-16T00:00:00,544,2019-09-16T00:00:00,544,2019-09-09T00:00:00,0,2009-04-13T00:00:00,29,tmax_hot_in_planting
10,lasso,True,2019-09-16T00:00:00,545,2019-09-16T00:00:00,544,2019-09-16T00:00:00,544,2019-09-09T00:00:00,0,2009-04-13T00:00:00,29,tmin_very_cold_in_harvesting
10,lasso,True,2019-09-16T00:00:00,545,2019-09-16T00:00:00,544,2019-09-16T00:00:00,544,2019-09-09T00:00:00,0,2009-04-13T00:00:00,29,tmin_very_cold_in_planting
10,lasso,True,2019-11-11T00:00:00,553,2019-11-11T00:00:00,552,2019-11-11T00:00:00,552,2019-11-04T00:00:00,0,2009-04-13T00:00:00,30,NAO_index
10,lasso,True,2019-11-11T00:00:00,553,2019-11-11T00:00:00,552,2019-11-11T00:00:00,552,2019-11-04T00:00:00,0,2009-04-13T00:00:00,30,corn_weekly_rv
10,lasso,True,2019-11-11T00:00:00,553,2019-11-11T00:00:00,552,2019-11-11T00:00:00,552,2019-11-04T00:00:00,0,2009-04-13T00:00:00,30,soybeans_monthly_rv
10,lasso,True,2019-11-11T00:00:00,553,2019-11-11T00:00:00,552,2019-11-11T00:00:00,552,2019-11-04T00:00:00,0,2009-04-13T00:00:00,30,soybeans_seasonal_rv
10,lasso,True,2019-11-11T00:00:00,553,2019-11-11T00:00:00,552,2019-11-11T00:00:00,552,2019-11-04T00:00:00,0,2009-04-13T00:00:00,30,soybeans_weekly_rv
10,lasso,True,2019-11-11T00:00:00,553,2019-11-11T00:00:00,552,2019-11-11T00:00:00,552,2019-11-04T00:00:00,0,2009-04-13T00:00:00,30,soybeans_weekly_rvg
10,lasso,True,2019-11-11T00:00:00,553,2019-11-11T00:00:00,552,2019-11-11T00:00:00,552,2019-11-04T00:00:00,0,2009-04-13T00:00:00,30,ssta_elino
10,lasso,True,2019-11-11T00:00:00,553,2019-11-11T00:00:00,552,2019-11-11T00:00:00,552,2019-11-04T00:00:00,0,2009-04-13T00:00:00,30,tmax_hot_in_planting
10,lasso,True,2019-11-11T00:00:00,553,2019-11-11T00:00:00,552,2019-11-11T00:00:00,552,2019-11-04T00:00:00,0,2009-04-13T00:00:00,30,tmin_very_cold_in_harvesting
10,lasso,True,2019-11-11T00:00:00,553,2019-11-11T00:00:00,552,2019-11-11T00:00:00,552,2019-11-04T00:00:00,0,2009-04-13T00:00:00,30,tmin_very_cold_in_planting
10,lasso,True,2020-01-06T00:00:00,561,2020-01-06T00:00:00,560,2020-01-06T00:00:00,560,2019-12-30T00:00:00,0,2009-04-13T00:00:00,31,NAO_index
10,lasso,True,2020-01-06T00:00:00,561,2020-01-06T00:00:00,560,2020-01-06T00:00:00,560,2019-12-30T00:00:00,0,2009-04-13T00:00:00,31,corn_weekly_rv
10,lasso,True,2020-01-06T00:00:00,561,2020-01-06T00:00:00,560,2020-01-06T00:00:00,560,2019-12-30T00:00:00,0,2009-04-13T00:00:00,31,soybeans_monthly_rv
10,lasso,True,2020-01-06T00:00:00,561,2020-01-06T00:00:00,560,2020-01-06T00:00:00,560,2019-12-30T00:00:00,0,2009-04-13T00:00:00,31,soybeans_seasonal_rv
10,lasso,True,2020-01-06T00:00:00,561,2020-01-06T00:00:00,560,2020-01-06T00:00:00,560,2019-12-30T00:00:00,0,2009-04-13T00:00:00,31,soybeans_weekly_rv
10,lasso,True,2020-01-06T00:00:00,561,2020-01-06T00:00:00,560,2020-01-06T00:00:00,560,2019-12-30T00:00:00,0,2009-04-13T00:00:00,31,soybeans_weekly_rvg
10,lasso,True,2020-01-06T00:00:00,561,2020-01-06T00:00:00,560,2020-01-06T00:00:00,560,2019-12-30T00:00:00,0,2009-04-13T00:00:00,31,ssta_elino
10,lasso,True,2020-01-06T00:00:00,561,2020-01-06T00:00:00,560,2020-01-06T00:00:00,560,2019-12-30T00:00:00,0,2009-04-13T00:00:00,31,tmax_hot_in_planting
10,lasso,True,2020-01-06T00:00:00,561,2020-01-06T00:00:00,560,2020-01-06T00:00:00,560,2019-12-30T00:00:00,0,2009-04-13T00:00:00,31,tmin_very_cold_in_harvesting
10,lasso,True,2020-01-06T00:00:00,561,2020-01-06T00:00:00,560,2020-01-06T00:00:00,560,2019-12-30T00:00:00,0,2009-04-13T00:00:00,31,tmin_very_cold_in_planting
14,lasso,False,2020-03-02T00:00:00,569,2020-03-02T00:00:00,568,2020-03-02T00:00:00,568,2020-02-24T00:00:00,0,2009-04-13T00:00:00,32,NAO_index
14,lasso,False,2020-03-02T00:00:00,569,2020-03-02T00:00:00,568,2020-03-02T00:00:00,568,2020-02-24T00:00:00,0,2009-04-13T00:00:00,32,corn_weekly_rv
14,lasso,False,2020-03-02T00:00:00,569,2020-03-02T00:00:00,568,2020-03-02T00:00:00,568,2020-02-24T00:00:00,0,2009-04-13T00:00:00,32,pdsi_very_wet_in_planting
14,lasso,False,2020-03-02T00:00:00,569,2020-03-02T00:00:00,568,2020-03-02T00:00:00,568,2020-02-24T00:00:00,0,2009-04-13T00:00:00,32,soybeans_monthly_rv
14,lasso,False,2020-03-02T00:00:00,569,2020-03-02T00:00:00,568,2020-03-02T00:00:00,568,2020-02-24T00:00:00,0,2009-04-13T00:00:00,32,soybeans_seasonal_rv
14,lasso,False,2020-03-02T00:00:00,569,2020-03-02T00:00:00,568,2020-03-02T00:00:00,568,2020-02-24T00:00:00,0,2009-04-13T00:00:00,32,soybeans_weekly_rv
14,lasso,False,2020-03-02T00:00:00,569,2020-03-02T00:00:00,568,2020-03-02T00:00:00,568,2020-02-24T00:00:00,0,2009-04-13T00:00:00,32,soybeans_weekly_rvg
14,lasso,False,2020-03-02T00:00:00,569,2020-03-02T00:00:00,568,2020-03-02T00:00:00,568,2020-02-24T00:00:00,0,2009-04-13T00:00:00,32,spi_7d_very_dry_in_harvesting
14,lasso,False,2020-03-02T00:00:00,569,2020-03-02T00:00:00,568,2020-03-02T00:00:00,568,2020-02-24T00:00:00,0,2009-04-13T00:00:00,32,spi_7d_very_wet_in_planting
14,lasso,False,2020-03-02T00:00:00,569,2020-03-02T00:00:00,568,2020-03-02T00:00:00,568,2020-02-24T00:00:00,0,2009-04-13T00:00:00,32,ssta_elino
14,lasso,False,2020-03-02T00:00:00,569,2020-03-02T00:00:00,568,2020-03-02T00:00:00,568,2020-02-24T00:00:00,0,2009-04-13T00:00:00,32,tmax_hot_in_planting
14,lasso,False,2020-03-02T00:00:00,569,2020-03-02T00:00:00,568,2020-03-02T00:00:00,568,2020-02-24T00:00:00,0,2009-04-13T00:00:00,32,tmax_very_hot_in_planting
14,lasso,False,2020-03-02T00:00:00,569,2020-03-02T00:00:00,568,2020-03-02T00:00:00,568,2020-02-24T00:00:00,0,2009-04-13T00:00:00,32,tmin_very_cold_in_harvesting
14,lasso,False,2020-03-02T00:00:00,569,2020-03-02T00:00:00,568,2020-03-02T00:00:00,568,2020-02-24T00:00:00,0,2009-04-13T00:00:00,32,tmin_very_cold_in_planting
14,lasso,True,2020-04-27T00:00:00,577,2020-04-27T00:00:00,576,2020-04-27T00:00:00,576,2020-04-20T00:00:00,0,2009-04-13T00:00:00,33,NAO_index
14,lasso,True,2020-04-27T00:00:00,577,2020-04-27T00:00:00,576,2020-04-27T00:00:00,576,2020-04-20T00:00:00,0,2009-04-13T00:00:00,33,corn_weekly_rv
14,lasso,True,2020-04-27T00:00:00,577,2020-04-27T00:00:00,576,2020-04-27T00:00:00,576,2020-04-20T00:00:00,0,2009-04-13T00:00:00,33,pdsi_very_wet_in_planting
14,lasso,True,2020-04-27T00:00:00,577,2020-04-27T00:00:00,576,2020-04-27T00:00:00,576,2020-04-20T00:00:00,0,2009-04-13T00:00:00,33,soybeans_monthly_rv
14,lasso,True,2020-04-27T00:00:00,577,2020-04-27T00:00:00,576,2020-04-27T00:00:00,576,2020-04-20T00:00:00,0,2009-04-13T00:00:00,33,soybeans_seasonal_rv
14,lasso,True,2020-04-27T00:00:00,577,2020-04-27T00:00:00,576,2020-04-27T00:00:00,576,2020-04-20T00:00:00,0,2009-04-13T00:00:00,33,soybeans_weekly_rv
14,lasso,True,2020-04-27T00:00:00,577,2020-04-27T00:00:00,576,2020-04-27T00:00:00,576,2020-04-20T00:00:00,0,2009-04-13T00:00:00,33,soybeans_weekly_rvg
14,lasso,True,2020-04-27T00:00:00,577,2020-04-27T00:00:00,576,2020-04-27T00:00:00,576,2020-04-20T00:00:00,0,2009-04-13T00:00:00,33,spi_7d_very_dry_in_harvesting
14,lasso,True,2020-04-27T00:00:00,577,2020-04-27T00:00:00,576,2020-04-27T00:00:00,576,2020-04-20T00:00:00,0,2009-04-13T00:00:00,33,spi_7d_very_wet_in_planting
14,lasso,True,2020-04-27T00:00:00,577,2020-04-27T00:00:00,576,2020-04-27T00:00:00,576,2020-04-20T00:00:00,0,2009-04-13T00:00:00,33,ssta_elino
14,lasso,True,2020-04-27T00:00:00,577,2020-04-27T00:00:00,576,2020-04-27T00:00:00,576,2020-04-20T00:00:00,0,2009-04-13T00:00:00,33,tmax_hot_in_planting
14,lasso,True,2020-04-27T00:00:00,577,2020-04-27T00:00:00,576,2020-04-27T00:00:00,576,2020-04-20T00:00:00,0,2009-04-13T00:00:00,33,tmax_very_hot_in_planting
14,lasso,True,2020-04-27T00:00:00,577,2020-04-27T00:00:00,576,2020-04-27T00:00:00,576,2020-04-20T00:00:00,0,2009-04-13T00:00:00,33,tmin_very_cold_in_harvesting
14,lasso,True,2020-04-27T00:00:00,577,2020-04-27T00:00:00,576,2020-04-27T00:00:00,576,2020-04-20T00:00:00,0,2009-04-13T00:00:00,33,tmin_very_cold_in_planting
14,lasso,True,2020-06-22T00:00:00,585,2020-06-22T00:00:00,584,2020-06-22T00:00:00,584,2020-06-15T00:00:00,0,2009-04-13T00:00:00,34,NAO_index
14,lasso,True,2020-06-22T00:00:00,585,2020-06-22T00:00:00,584,2020-06-22T00:00:00,584,2020-06-15T00:00:00,0,2009-04-13T00:00:00,34,corn_weekly_rv
14,lasso,True,2020-06-22T00:00:00,585,2020-06-22T00:00:00,584,2020-06-22T00:00:00,584,2020-06-15T00:00:00,0,2009-04-13T00:00:00,34,pdsi_very_wet_in_planting
14,lasso,True,2020-06-22T00:00:00,585,2020-06-22T00:00:00,584,2020-06-22T00:00:00,584,2020-06-15T00:00:00,0,2009-04-13T00:00:00,34,soybeans_monthly_rv
14,lasso,True,2020-06-22T00:00:00,585,2020-06-22T00:00:00,584,2020-06-22T00:00:00,584,2020-06-15T00:00:00,0,2009-04-13T00:00:00,34,soybeans_seasonal_rv
14,lasso,True,2020-06-22T00:00:00,585,2020-06-22T00:00:00,584,2020-06-22T00:00:00,584,2020-06-15T00:00:00,0,2009-04-13T00:00:00,34,soybeans_weekly_rv
14,lasso,True,2020-06-22T00:00:00,585,2020-06-22T00:00:00,584,2020-06-22T00:00:00,584,2020-06-15T00:00:00,0,2009-04-13T00:00:00,34,soybeans_weekly_rvg
14,lasso,True,2020-06-22T00:00:00,585,2020-06-22T00:00:00,584,2020-06-22T00:00:00,584,2020-06-15T00:00:00,0,2009-04-13T00:00:00,34,spi_7d_very_dry_in_harvesting
14,lasso,True,2020-06-22T00:00:00,585,2020-06-22T00:00:00,584,2020-06-22T00:00:00,584,2020-06-15T00:00:00,0,2009-04-13T00:00:00,34,spi_7d_very_wet_in_planting
14,lasso,True,2020-06-22T00:00:00,585,2020-06-22T00:00:00,584,2020-06-22T00:00:00,584,2020-06-15T00:00:00,0,2009-04-13T00:00:00,34,ssta_elino
14,lasso,True,2020-06-22T00:00:00,585,2020-06-22T00:00:00,584,2020-06-22T00:00:00,584,2020-06-15T00:00:00,0,2009-04-13T00:00:00,34,tmax_hot_in_planting
14,lasso,True,2020-06-22T00:00:00,585,2020-06-22T00:00:00,584,2020-06-22T00:00:00,584,2020-06-15T00:00:00,0,2009-04-13T00:00:00,34,tmax_very_hot_in_planting
14,lasso,True,2020-06-22T00:00:00,585,2020-06-22T00:00:00,584,2020-06-22T00:00:00,584,2020-06-15T00:00:00,0,2009-04-13T00:00:00,34,tmin_very_cold_in_harvesting
14,lasso,True,2020-06-22T00:00:00,585,2020-06-22T00:00:00,584,2020-06-22T00:00:00,584,2020-06-15T00:00:00,0,2009-04-13T00:00:00,34,tmin_very_cold_in_planting
14,lasso,True,2020-08-17T00:00:00,593,2020-08-17T00:00:00,592,2020-08-17T00:00:00,592,2020-08-10T00:00:00,0,2009-04-13T00:00:00,35,NAO_index
14,lasso,True,2020-08-17T00:00:00,593,2020-08-17T00:00:00,592,2020-08-17T00:00:00,592,2020-08-10T00:00:00,0,2009-04-13T00:00:00,35,corn_weekly_rv
14,lasso,True,2020-08-17T00:00:00,593,2020-08-17T00:00:00,592,2020-08-17T00:00:00,592,2020-08-10T00:00:00,0,2009-04-13T00:00:00,35,pdsi_very_wet_in_planting
14,lasso,True,2020-08-17T00:00:00,593,2020-08-17T00:00:00,592,2020-08-17T00:00:00,592,2020-08-10T00:00:00,0,2009-04-13T00:00:00,35,soybeans_monthly_rv
14,lasso,True,2020-08-17T00:00:00,593,2020-08-17T00:00:00,592,2020-08-17T00:00:00,592,2020-08-10T00:00:00,0,2009-04-13T00:00:00,35,soybeans_seasonal_rv
14,lasso,True,2020-08-17T00:00:00,593,2020-08-17T00:00:00,592,2020-08-17T00:00:00,592,2020-08-10T00:00:00,0,2009-04-13T00:00:00,35,soybeans_weekly_rv
14,lasso,True,2020-08-17T00:00:00,593,2020-08-17T00:00:00,592,2020-08-17T00:00:00,592,2020-08-10T00:00:00,0,2009-04-13T00:00:00,35,soybeans_weekly_rvg
14,lasso,True,2020-08-17T00:00:00,593,2020-08-17T00:00:00,592,2020-08-17T00:00:00,592,2020-08-10T00:00:00,0,2009-04-13T00:00:00,35,spi_7d_very_dry_in_harvesting
14,lasso,True,2020-08-17T00:00:00,593,2020-08-17T00:00:00,592,2020-08-17T00:00:00,592,2020-08-10T00:00:00,0,2009-04-13T00:00:00,35,spi_7d_very_wet_in_planting
14,lasso,True,2020-08-17T00:00:00,593,2020-08-17T00:00:00,592,2020-08-17T00:00:00,592,2020-08-10T00:00:00,0,2009-04-13T00:00:00,35,ssta_elino
14,lasso,True,2020-08-17T00:00:00,593,2020-08-17T00:00:00,592,2020-08-17T00:00:00,592,2020-08-10T00:00:00,0,2009-04-13T00:00:00,35,tmax_hot_in_planting
14,lasso,True,2020-08-17T00:00:00,593,2020-08-17T00:00:00,592,2020-08-17T00:00:00,592,2020-08-10T00:00:00,0,2009-04-13T00:00:00,35,tmax_very_hot_in_planting
14,lasso,True,2020-08-17T00:00:00,593,2020-08-17T00:00:00,592,2020-08-17T00:00:00,592,2020-08-10T00:00:00,0,2009-04-13T00:00:00,35,tmin_very_cold_in_harvesting
14,lasso,True,2020-08-17T00:00:00,593,2020-08-17T00:00:00,592,2020-08-17T00:00:00,592,2020-08-10T00:00:00,0,2009-04-13T00:00:00,35,tmin_very_cold_in_planting
13,lasso,False,2020-10-12T00:00:00,601,2020-10-12T00:00:00,600,2020-10-12T00:00:00,600,2020-10-05T00:00:00,0,2009-04-13T00:00:00,36,NAO_index
13,lasso,False,2020-10-12T00:00:00,601,2020-10-12T00:00:00,600,2020-10-12T00:00:00,600,2020-10-05T00:00:00,0,2009-04-13T00:00:00,36,corn_weekly_rv
13,lasso,False,2020-10-12T00:00:00,601,2020-10-12T00:00:00,600,2020-10-12T00:00:00,600,2020-10-05T00:00:00,0,2009-04-13T00:00:00,36,soybeans_monthly_rv
13,lasso,False,2020-10-12T00:00:00,601,2020-10-12T00:00:00,600,2020-10-12T00:00:00,600,2020-10-05T00:00:00,0,2009-04-13T00:00:00,36,soybeans_seasonal_rv
13,lasso,False,2020-10-12T00:00:00,601,2020-10-12T00:00:00,600,2020-10-12T00:00:00,600,2020-10-05T00:00:00,0,2009-04-13T00:00:00,36,soybeans_weekly_rv
13,lasso,False,2020-10-12T00:00:00,601,2020-10-12T00:00:00,600,2020-10-12T00:00:00,600,2020-10-05T00:00:00,0,2009-04-13T00:00:00,36,soybeans_weekly_rvg
13,lasso,False,2020-10-12T00:00:00,601,2020-10-12T00:00:00,600,2020-10-12T00:00:00,600,2020-10-05T00:00:00,0,2009-04-13T00:00:00,36,spi_7d_very_dry_in_harvesting
13,lasso,False,2020-10-12T00:00:00,601,2020-10-12T00:00:00,600,2020-10-12T00:00:00,600,2020-10-05T00:00:00,0,2009-04-13T00:00:00,36,spi_7d_very_wet_in_planting
13,lasso,False,2020-10-12T00:00:00,601,2020-10-12T00:00:00,600,2020-10-12T00:00:00,600,2020-10-05T00:00:00,0,2009-04-13T00:00:00,36,ssta_elino
13,lasso,False,2020-10-12T00:00:00,601,2020-10-12T00:00:00,600,2020-10-12T00:00:00,600,2020-10-05T00:00:00,0,2009-04-13T00:00:00,36,tmax_hot_in_planting
13,lasso,False,2020-10-12T00:00:00,601,2020-10-12T00:00:00,600,2020-10-12T00:00:00,600,2020-10-05T00:00:00,0,2009-04-13T00:00:00,36,tmax_very_hot_in_planting
13,lasso,False,2020-10-12T00:00:00,601,2020-10-12T00:00:00,600,2020-10-12T00:00:00,600,2020-10-05T00:00:00,0,2009-04-13T00:00:00,36,tmin_very_cold_in_harvesting
13,lasso,False,2020-10-12T00:00:00,601,2020-10-12T00:00:00,600,2020-10-12T00:00:00,600,2020-10-05T00:00:00,0,2009-04-13T00:00:00,36,tmin_very_cold_in_planting
13,lasso,True,2020-12-07T00:00:00,609,2020-12-07T00:00:00,608,2020-12-07T00:00:00,608,2020-11-30T00:00:00,0,2009-04-13T00:00:00,37,NAO_index
13,lasso,True,2020-12-07T00:00:00,609,2020-12-07T00:00:00,608,2020-12-07T00:00:00,608,2020-11-30T00:00:00,0,2009-04-13T00:00:00,37,corn_weekly_rv
13,lasso,True,2020-12-07T00:00:00,609,2020-12-07T00:00:00,608,2020-12-07T00:00:00,608,2020-11-30T00:00:00,0,2009-04-13T00:00:00,37,soybeans_monthly_rv
13,lasso,True,2020-12-07T00:00:00,609,2020-12-07T00:00:00,608,2020-12-07T00:00:00,608,2020-11-30T00:00:00,0,2009-04-13T00:00:00,37,soybeans_seasonal_rv
13,lasso,True,2020-12-07T00:00:00,609,2020-12-07T00:00:00,608,2020-12-07T00:00:00,608,2020-11-30T00:00:00,0,2009-04-13T00:00:00,37,soybeans_weekly_rv
13,lasso,True,2020-12-07T00:00:00,609,2020-12-07T00:00:00,608,2020-12-07T00:00:00,608,2020-11-30T00:00:00,0,2009-04-13T00:00:00,37,soybeans_weekly_rvg
13,lasso,True,2020-12-07T00:00:00,609,2020-12-07T00:00:00,608,2020-12-07T00:00:00,608,2020-11-30T00:00:00,0,2009-04-13T00:00:00,37,spi_7d_very_dry_in_harvesting
13,lasso,True,2020-12-07T00:00:00,609,2020-12-07T00:00:00,608,2020-12-07T00:00:00,608,2020-11-30T00:00:00,0,2009-04-13T00:00:00,37,spi_7d_very_wet_in_planting
13,lasso,True,2020-12-07T00:00:00,609,2020-12-07T00:00:00,608,2020-12-07T00:00:00,608,2020-11-30T00:00:00,0,2009-04-13T00:00:00,37,ssta_elino
13,lasso,True,2020-12-07T00:00:00,609,2020-12-07T00:00:00,608,2020-12-07T00:00:00,608,2020-11-30T00:00:00,0,2009-04-13T00:00:00,37,tmax_hot_in_planting
13,lasso,True,2020-12-07T00:00:00,609,2020-12-07T00:00:00,608,2020-12-07T00:00:00,608,2020-11-30T00:00:00,0,2009-04-13T00:00:00,37,tmax_very_hot_in_planting
13,lasso,True,2020-12-07T00:00:00,609,2020-12-07T00:00:00,608,2020-12-07T00:00:00,608,2020-11-30T00:00:00,0,2009-04-13T00:00:00,37,tmin_very_cold_in_harvesting
13,lasso,True,2020-12-07T00:00:00,609,2020-12-07T00:00:00,608,2020-12-07T00:00:00,608,2020-11-30T00:00:00,0,2009-04-13T00:00:00,37,tmin_very_cold_in_planting
13,lasso,True,2021-02-01T00:00:00,617,2021-02-01T00:00:00,616,2021-02-01T00:00:00,616,2021-01-25T00:00:00,0,2009-04-13T00:00:00,38,NAO_index
13,lasso,True,2021-02-01T00:00:00,617,2021-02-01T00:00:00,616,2021-02-01T00:00:00,616,2021-01-25T00:00:00,0,2009-04-13T00:00:00,38,corn_weekly_rv
13,lasso,True,2021-02-01T00:00:00,617,2021-02-01T00:00:00,616,2021-02-01T00:00:00,616,2021-01-25T00:00:00,0,2009-04-13T00:00:00,38,soybeans_monthly_rv
13,lasso,True,2021-02-01T00:00:00,617,2021-02-01T00:00:00,616,2021-02-01T00:00:00,616,2021-01-25T00:00:00,0,2009-04-13T00:00:00,38,soybeans_seasonal_rv
13,lasso,True,2021-02-01T00:00:00,617,2021-02-01T00:00:00,616,2021-02-01T00:00:00,616,2021-01-25T00:00:00,0,2009-04-13T00:00:00,38,soybeans_weekly_rv
13,lasso,True,2021-02-01T00:00:00,617,2021-02-01T00:00:00,616,2021-02-01T00:00:00,616,2021-01-25T00:00:00,0,2009-04-13T00:00:00,38,soybeans_weekly_rvg
13,lasso,True,2021-02-01T00:00:00,617,2021-02-01T00:00:00,616,2021-02-01T00:00:00,616,2021-01-25T00:00:00,0,2009-04-13T00:00:00,38,spi_7d_very_dry_in_harvesting
13,lasso,True,2021-02-01T00:00:00,617,2021-02-01T00:00:00,616,2021-02-01T00:00:00,616,2021-01-25T00:00:00,0,2009-04-13T00:00:00,38,spi_7d_very_wet_in_planting
13,lasso,True,2021-02-01T00:00:00,617,2021-02-01T00:00:00,616,2021-02-01T00:00:00,616,2021-01-25T00:00:00,0,2009-04-13T00:00:00,38,ssta_elino
13,lasso,True,2021-02-01T00:00:00,617,2021-02-01T00:00:00,616,2021-02-01T00:00:00,616,2021-01-25T00:00:00,0,2009-04-13T00:00:00,38,tmax_hot_in_planting
13,lasso,True,2021-02-01T00:00:00,617,2021-02-01T00:00:00,616,2021-02-01T00:00:00,616,2021-01-25T00:00:00,0,2009-04-13T00:00:00,38,tmax_very_hot_in_planting
13,lasso,True,2021-02-01T00:00:00,617,2021-02-01T00:00:00,616,2021-02-01T00:00:00,616,2021-01-25T00:00:00,0,2009-04-13T00:00:00,38,tmin_very_cold_in_harvesting
13,lasso,True,2021-02-01T00:00:00,617,2021-02-01T00:00:00,616,2021-02-01T00:00:00,616,2021-01-25T00:00:00,0,2009-04-13T00:00:00,38,tmin_very_cold_in_planting
13,lasso,True,2021-03-29T00:00:00,625,2021-03-29T00:00:00,624,2021-03-29T00:00:00,624,2021-03-22T00:00:00,0,2009-04-13T00:00:00,39,NAO_index
13,lasso,True,2021-03-29T00:00:00,625,2021-03-29T00:00:00,624,2021-03-29T00:00:00,624,2021-03-22T00:00:00,0,2009-04-13T00:00:00,39,corn_weekly_rv
13,lasso,True,2021-03-29T00:00:00,625,2021-03-29T00:00:00,624,2021-03-29T00:00:00,624,2021-03-22T00:00:00,0,2009-04-13T00:00:00,39,soybeans_monthly_rv
13,lasso,True,2021-03-29T00:00:00,625,2021-03-29T00:00:00,624,2021-03-29T00:00:00,624,2021-03-22T00:00:00,0,2009-04-13T00:00:00,39,soybeans_seasonal_rv
13,lasso,True,2021-03-29T00:00:00,625,2021-03-29T00:00:00,624,2021-03-29T00:00:00,624,2021-03-22T00:00:00,0,2009-04-13T00:00:00,39,soybeans_weekly_rv
13,lasso,True,2021-03-29T00:00:00,625,2021-03-29T00:00:00,624,2021-03-29T00:00:00,624,2021-03-22T00:00:00,0,2009-04-13T00:00:00,39,soybeans_weekly_rvg
13,lasso,True,2021-03-29T00:00:00,625,2021-03-29T00:00:00,624,2021-03-29T00:00:00,624,2021-03-22T00:00:00,0,2009-04-13T00:00:00,39,spi_7d_very_dry_in_harvesting
13,lasso,True,2021-03-29T00:00:00,625,2021-03-29T00:00:00,624,2021-03-29T00:00:00,624,2021-03-22T00:00:00,0,2009-04-13T00:00:00,39,spi_7d_very_wet_in_planting
13,lasso,True,2021-03-29T00:00:00,625,2021-03-29T00:00:00,624,2021-03-29T00:00:00,624,2021-03-22T00:00:00,0,2009-04-13T00:00:00,39,ssta_elino
13,lasso,True,2021-03-29T00:00:00,625,2021-03-29T00:00:00,624,2021-03-29T00:00:00,624,2021-03-22T00:00:00,0,2009-04-13T00:00:00,39,tmax_hot_in_planting
13,lasso,True,2021-03-29T00:00:00,625,2021-03-29T00:00:00,624,2021-03-29T00:00:00,624,2021-03-22T00:00:00,0,2009-04-13T00:00:00,39,tmax_very_hot_in_planting
13,lasso,True,2021-03-29T00:00:00,625,2021-03-29T00:00:00,624,2021-03-29T00:00:00,624,2021-03-22T00:00:00,0,2009-04-13T00:00:00,39,tmin_very_cold_in_harvesting
13,lasso,True,2021-03-29T00:00:00,625,2021-03-29T00:00:00,624,2021-03-29T00:00:00,624,2021-03-22T00:00:00,0,2009-04-13T00:00:00,39,tmin_very_cold_in_planting
14,lasso,False,2021-05-24T00:00:00,633,2021-05-24T00:00:00,632,2021-05-24T00:00:00,632,2021-05-17T00:00:00,0,2009-04-13T00:00:00,40,NAO_index
14,lasso,False,2021-05-24T00:00:00,633,2021-05-24T00:00:00,632,2021-05-24T00:00:00,632,2021-05-17T00:00:00,0,2009-04-13T00:00:00,40,corn_weekly_rv
14,lasso,False,2021-05-24T00:00:00,633,2021-05-24T00:00:00,632,2021-05-24T00:00:00,632,2021-05-17T00:00:00,0,2009-04-13T00:00:00,40,soybeans_monthly_rv
14,lasso,False,2021-05-24T00:00:00,633,2021-05-24T00:00:00,632,2021-05-24T00:00:00,632,2021-05-17T00:00:00,0,2009-04-13T00:00:00,40,soybeans_seasonal_rv
14,lasso,False,2021-05-24T00:00:00,633,2021-05-24T00:00:00,632,2021-05-24T00:00:00,632,2021-05-17T00:00:00,0,2009-04-13T00:00:00,40,soybeans_weekly_rv
14,lasso,False,2021-05-24T00:00:00,633,2021-05-24T00:00:00,632,2021-05-24T00:00:00,632,2021-05-17T00:00:00,0,2009-04-13T00:00:00,40,soybeans_weekly_rvg
14,lasso,False,2021-05-24T00:00:00,633,2021-05-24T00:00:00,632,2021-05-24T00:00:00,632,2021-05-17T00:00:00,0,2009-04-13T00:00:00,40,spi_7d_very_dry_in_harvesting
14,lasso,False,2021-05-24T00:00:00,633,2021-05-24T00:00:00,632,2021-05-24T00:00:00,632,2021-05-17T00:00:00,0,2009-04-13T00:00:00,40,spi_7d_very_wet_in_planting
14,lasso,False,2021-05-24T00:00:00,633,2021-05-24T00:00:00,632,2021-05-24T00:00:00,632,2021-05-17T00:00:00,0,2009-04-13T00:00:00,40,ssta_elino
14,lasso,False,2021-05-24T00:00:00,633,2021-05-24T00:00:00,632,2021-05-24T00:00:00,632,2021-05-17T00:00:00,0,2009-04-13T00:00:00,40,ssta_lanina
14,lasso,False,2021-05-24T00:00:00,633,2021-05-24T00:00:00,632,2021-05-24T00:00:00,632,2021-05-17T00:00:00,0,2009-04-13T00:00:00,40,tmax_hot_in_planting
14,lasso,False,2021-05-24T00:00:00,633,2021-05-24T00:00:00,632,2021-05-24T00:00:00,632,2021-05-17T00:00:00,0,2009-04-13T00:00:00,40,tmax_very_hot_in_planting
14,lasso,False,2021-05-24T00:00:00,633,2021-05-24T00:00:00,632,2021-05-24T00:00:00,632,2021-05-17T00:00:00,0,2009-04-13T00:00:00,40,tmin_very_cold_in_harvesting
14,lasso,False,2021-05-24T00:00:00,633,2021-05-24T00:00:00,632,2021-05-24T00:00:00,632,2021-05-17T00:00:00,0,2009-04-13T00:00:00,40,tmin_very_cold_in_planting
14,lasso,True,2021-07-19T00:00:00,641,2021-07-19T00:00:00,640,2021-07-19T00:00:00,640,2021-07-12T00:00:00,0,2009-04-13T00:00:00,41,NAO_index
14,lasso,True,2021-07-19T00:00:00,641,2021-07-19T00:00:00,640,2021-07-19T00:00:00,640,2021-07-12T00:00:00,0,2009-04-13T00:00:00,41,corn_weekly_rv
14,lasso,True,2021-07-19T00:00:00,641,2021-07-19T00:00:00,640,2021-07-19T00:00:00,640,2021-07-12T00:00:00,0,2009-04-13T00:00:00,41,soybeans_monthly_rv
14,lasso,True,2021-07-19T00:00:00,641,2021-07-19T00:00:00,640,2021-07-19T00:00:00,640,2021-07-12T00:00:00,0,2009-04-13T00:00:00,41,soybeans_seasonal_rv
14,lasso,True,2021-07-19T00:00:00,641,2021-07-19T00:00:00,640,2021-07-19T00:00:00,640,2021-07-12T00:00:00,0,2009-04-13T00:00:00,41,soybeans_weekly_rv
14,lasso,True,2021-07-19T00:00:00,641,2021-07-19T00:00:00,640,2021-07-19T00:00:00,640,2021-07-12T00:00:00,0,2009-04-13T00:00:00,41,soybeans_weekly_rvg
14,lasso,True,2021-07-19T00:00:00,641,2021-07-19T00:00:00,640,2021-07-19T00:00:00,640,2021-07-12T00:00:00,0,2009-04-13T00:00:00,41,spi_7d_very_dry_in_harvesting
14,lasso,True,2021-07-19T00:00:00,641,2021-07-19T00:00:00,640,2021-07-19T00:00:00,640,2021-07-12T00:00:00,0,2009-04-13T00:00:00,41,spi_7d_very_wet_in_planting
14,lasso,True,2021-07-19T00:00:00,641,2021-07-19T00:00:00,640,2021-07-19T00:00:00,640,2021-07-12T00:00:00,0,2009-04-13T00:00:00,41,ssta_elino
14,lasso,True,2021-07-19T00:00:00,641,2021-07-19T00:00:00,640,2021-07-19T00:00:00,640,2021-07-12T00:00:00,0,2009-04-13T00:00:00,41,ssta_lanina
14,lasso,True,2021-07-19T00:00:00,641,2021-07-19T00:00:00,640,2021-07-19T00:00:00,640,2021-07-12T00:00:00,0,2009-04-13T00:00:00,41,tmax_hot_in_planting
14,lasso,True,2021-07-19T00:00:00,641,2021-07-19T00:00:00,640,2021-07-19T00:00:00,640,2021-07-12T00:00:00,0,2009-04-13T00:00:00,41,tmax_very_hot_in_planting
14,lasso,True,2021-07-19T00:00:00,641,2021-07-19T00:00:00,640,2021-07-19T00:00:00,640,2021-07-12T00:00:00,0,2009-04-13T00:00:00,41,tmin_very_cold_in_harvesting
14,lasso,True,2021-07-19T00:00:00,641,2021-07-19T00:00:00,640,2021-07-19T00:00:00,640,2021-07-12T00:00:00,0,2009-04-13T00:00:00,41,tmin_very_cold_in_planting
14,lasso,True,2021-09-13T00:00:00,649,2021-09-13T00:00:00,648,2021-09-13T00:00:00,648,2021-09-06T00:00:00,0,2009-04-13T00:00:00,42,NAO_index
14,lasso,True,2021-09-13T00:00:00,649,2021-09-13T00:00:00,648,2021-09-13T00:00:00,648,2021-09-06T00:00:00,0,2009-04-13T00:00:00,42,corn_weekly_rv
14,lasso,True,2021-09-13T00:00:00,649,2021-09-13T00:00:00,648,2021-09-13T00:00:00,648,2021-09-06T00:00:00,0,2009-04-13T00:00:00,42,soybeans_monthly_rv
14,lasso,True,2021-09-13T00:00:00,649,2021-09-13T00:00:00,648,2021-09-13T00:00:00,648,2021-09-06T00:00:00,0,2009-04-13T00:00:00,42,soybeans_seasonal_rv
14,lasso,True,2021-09-13T00:00:00,649,2021-09-13T00:00:00,648,2021-09-13T00:00:00,648,2021-09-06T00:00:00,0,2009-04-13T00:00:00,42,soybeans_weekly_rv
14,lasso,True,2021-09-13T00:00:00,649,2021-09-13T00:00:00,648,2021-09-13T00:00:00,648,2021-09-06T00:00:00,0,2009-04-13T00:00:00,42,soybeans_weekly_rvg
14,lasso,True,2021-09-13T00:00:00,649,2021-09-13T00:00:00,648,2021-09-13T00:00:00,648,2021-09-06T00:00:00,0,2009-04-13T00:00:00,42,spi_7d_very_dry_in_harvesting
14,lasso,True,2021-09-13T00:00:00,649,2021-09-13T00:00:00,648,2021-09-13T00:00:00,648,2021-09-06T00:00:00,0,2009-04-13T00:00:00,42,spi_7d_very_wet_in_planting
14,lasso,True,2021-09-13T00:00:00,649,2021-09-13T00:00:00,648,2021-09-13T00:00:00,648,2021-09-06T00:00:00,0,2009-04-13T00:00:00,42,ssta_elino
14,lasso,True,2021-09-13T00:00:00,649,2021-09-13T00:00:00,648,2021-09-13T00:00:00,648,2021-09-06T00:00:00,0,2009-04-13T00:00:00,42,ssta_lanina
14,lasso,True,2021-09-13T00:00:00,649,2021-09-13T00:00:00,648,2021-09-13T00:00:00,648,2021-09-06T00:00:00,0,2009-04-13T00:00:00,42,tmax_hot_in_planting
14,lasso,True,2021-09-13T00:00:00,649,2021-09-13T00:00:00,648,2021-09-13T00:00:00,648,2021-09-06T00:00:00,0,2009-04-13T00:00:00,42,tmax_very_hot_in_planting
14,lasso,True,2021-09-13T00:00:00,649,2021-09-13T00:00:00,648,2021-09-13T00:00:00,648,2021-09-06T00:00:00,0,2009-04-13T00:00:00,42,tmin_very_cold_in_harvesting
14,lasso,True,2021-09-13T00:00:00,649,2021-09-13T00:00:00,648,2021-09-13T00:00:00,648,2021-09-06T00:00:00,0,2009-04-13T00:00:00,42,tmin_very_cold_in_planting
14,lasso,True,2021-11-08T00:00:00,657,2021-11-08T00:00:00,656,2021-11-08T00:00:00,656,2021-11-01T00:00:00,0,2009-04-13T00:00:00,43,NAO_index
14,lasso,True,2021-11-08T00:00:00,657,2021-11-08T00:00:00,656,2021-11-08T00:00:00,656,2021-11-01T00:00:00,0,2009-04-13T00:00:00,43,corn_weekly_rv
14,lasso,True,2021-11-08T00:00:00,657,2021-11-08T00:00:00,656,2021-11-08T00:00:00,656,2021-11-01T00:00:00,0,2009-04-13T00:00:00,43,soybeans_monthly_rv
14,lasso,True,2021-11-08T00:00:00,657,2021-11-08T00:00:00,656,2021-11-08T00:00:00,656,2021-11-01T00:00:00,0,2009-04-13T00:00:00,43,soybeans_seasonal_rv
14,lasso,True,2021-11-08T00:00:00,657,2021-11-08T00:00:00,656,2021-11-08T00:00:00,656,2021-11-01T00:00:00,0,2009-04-13T00:00:00,43,soybeans_weekly_rv
14,lasso,True,2021-11-08T00:00:00,657,2021-11-08T00:00:00,656,2021-11-08T00:00:00,656,2021-11-01T00:00:00,0,2009-04-13T00:00:00,43,soybeans_weekly_rvg
14,lasso,True,2021-11-08T00:00:00,657,2021-11-08T00:00:00,656,2021-11-08T00:00:00,656,2021-11-01T00:00:00,0,2009-04-13T00:00:00,43,spi_7d_very_dry_in_harvesting
14,lasso,True,2021-11-08T00:00:00,657,2021-11-08T00:00:00,656,2021-11-08T00:00:00,656,2021-11-01T00:00:00,0,2009-04-13T00:00:00,43,spi_7d_very_wet_in_planting
14,lasso,True,2021-11-08T00:00:00,657,2021-11-08T00:00:00,656,2021-11-08T00:00:00,656,2021-11-01T00:00:00,0,2009-04-13T00:00:00,43,ssta_elino
14,lasso,True,2021-11-08T00:00:00,657,2021-11-08T00:00:00,656,2021-11-08T00:00:00,656,2021-11-01T00:00:00,0,2009-04-13T00:00:00,43,ssta_lanina
14,lasso,True,2021-11-08T00:00:00,657,2021-11-08T00:00:00,656,2021-11-08T00:00:00,656,2021-11-01T00:00:00,0,2009-04-13T00:00:00,43,tmax_hot_in_planting
14,lasso,True,2021-11-08T00:00:00,657,2021-11-08T00:00:00,656,2021-11-08T00:00:00,656,2021-11-01T00:00:00,0,2009-04-13T00:00:00,43,tmax_very_hot_in_planting
14,lasso,True,2021-11-08T00:00:00,657,2021-11-08T00:00:00,656,2021-11-08T00:00:00,656,2021-11-01T00:00:00,0,2009-04-13T00:00:00,43,tmin_very_cold_in_harvesting
14,lasso,True,2021-11-08T00:00:00,657,2021-11-08T00:00:00,656,2021-11-08T00:00:00,656,2021-11-01T00:00:00,0,2009-04-13T00:00:00,43,tmin_very_cold_in_planting
15,lasso,False,2022-01-03T00:00:00,665,2022-01-03T00:00:00,664,2022-01-03T00:00:00,664,2021-12-27T00:00:00,0,2009-04-13T00:00:00,44,NAO_index
15,lasso,False,2022-01-03T00:00:00,665,2022-01-03T00:00:00,664,2022-01-03T00:00:00,664,2021-12-27T00:00:00,0,2009-04-13T00:00:00,44,corn_weekly_rv
15,lasso,False,2022-01-03T00:00:00,665,2022-01-03T00:00:00,664,2022-01-03T00:00:00,664,2021-12-27T00:00:00,0,2009-04-13T00:00:00,44,pdsi_extreme_drought_in_planting
15,lasso,False,2022-01-03T00:00:00,665,2022-01-03T00:00:00,664,2022-01-03T00:00:00,664,2021-12-27T00:00:00,0,2009-04-13T00:00:00,44,soybeans_monthly_rv
15,lasso,False,2022-01-03T00:00:00,665,2022-01-03T00:00:00,664,2022-01-03T00:00:00,664,2021-12-27T00:00:00,0,2009-04-13T00:00:00,44,soybeans_seasonal_rv
15,lasso,False,2022-01-03T00:00:00,665,2022-01-03T00:00:00,664,2022-01-03T00:00:00,664,2021-12-27T00:00:00,0,2009-04-13T00:00:00,44,soybeans_weekly_rv
15,lasso,False,2022-01-03T00:00:00,665,2022-01-03T00:00:00,664,2022-01-03T00:00:00,664,2021-12-27T00:00:00,0,2009-04-13T00:00:00,44,spi_7d_very_dry_in_harvesting
15,lasso,False,2022-01-03T00:00:00,665,2022-01-03T00:00:00,664,2022-01-03T00:00:00,664,2021-12-27T00:00:00,0,2009-04-13T00:00:00,44,spi_7d_very_wet_in_planting
15,lasso,False,2022-01-03T00:00:00,665,2022-01-03T00:00:00,664,2022-01-03T00:00:00,664,2021-12-27T00:00:00,0,2009-04-13T00:00:00,44,ssta_elino
15,lasso,False,2022-01-03T00:00:00,665,2022-01-03T00:00:00,664,2022-01-03T00:00:00,664,2021-12-27T00:00:00,0,2009-04-13T00:00:00,44,ssta_lanina
15,lasso,False,2022-01-03T00:00:00,665,2022-01-03T00:00:00,664,2022-01-03T00:00:00,664,2021-12-27T00:00:00,0,2009-04-13T00:00:00,44,tmax_hot_in_planting
15,lasso,False,2022-01-03T00:00:00,665,2022-01-03T00:00:00,664,2022-01-03T00:00:00,664,2021-12-27T00:00:00,0,2009-04-13T00:00:00,44,tmax_very_hot_in_planting
15,lasso,False,2022-01-03T00:00:00,665,2022-01-03T00:00:00,664,2022-01-03T00:00:00,664,2021-12-27T00:00:00,0,2009-04-13T00:00:00,44,tmin_cold_in_harvesting
15,lasso,False,2022-01-03T00:00:00,665,2022-01-03T00:00:00,664,2022-01-03T00:00:00,664,2021-12-27T00:00:00,0,2009-04-13T00:00:00,44,tmin_very_cold_in_harvesting
15,lasso,False,2022-01-03T00:00:00,665,2022-01-03T00:00:00,664,2022-01-03T00:00:00,664,2021-12-27T00:00:00,0,2009-04-13T00:00:00,44,tmin_very_cold_in_planting
15,lasso,True,2022-02-28T00:00:00,673,2022-02-28T00:00:00,672,2022-02-28T00:00:00,672,2022-02-21T00:00:00,0,2009-04-13T00:00:00,45,NAO_index
15,lasso,True,2022-02-28T00:00:00,673,2022-02-28T00:00:00,672,2022-02-28T00:00:00,672,2022-02-21T00:00:00,0,2009-04-13T00:00:00,45,corn_weekly_rv
15,lasso,True,2022-02-28T00:00:00,673,2022-02-28T00:00:00,672,2022-02-28T00:00:00,672,2022-02-21T00:00:00,0,2009-04-13T00:00:00,45,pdsi_extreme_drought_in_planting
15,lasso,True,2022-02-28T00:00:00,673,2022-02-28T00:00:00,672,2022-02-28T00:00:00,672,2022-02-21T00:00:00,0,2009-04-13T00:00:00,45,soybeans_monthly_rv
15,lasso,True,2022-02-28T00:00:00,673,2022-02-28T00:00:00,672,2022-02-28T00:00:00,672,2022-02-21T00:00:00,0,2009-04-13T00:00:00,45,soybeans_seasonal_rv
15,lasso,True,2022-02-28T00:00:00,673,2022-02-28T00:00:00,672,2022-02-28T00:00:00,672,2022-02-21T00:00:00,0,2009-04-13T00:00:00,45,soybeans_weekly_rv
15,lasso,True,2022-02-28T00:00:00,673,2022-02-28T00:00:00,672,2022-02-28T00:00:00,672,2022-02-21T00:00:00,0,2009-04-13T00:00:00,45,spi_7d_very_dry_in_harvesting
15,lasso,True,2022-02-28T00:00:00,673,2022-02-28T00:00:00,672,2022-02-28T00:00:00,672,2022-02-21T00:00:00,0,2009-04-13T00:00:00,45,spi_7d_very_wet_in_planting
15,lasso,True,2022-02-28T00:00:00,673,2022-02-28T00:00:00,672,2022-02-28T00:00:00,672,2022-02-21T00:00:00,0,2009-04-13T00:00:00,45,ssta_elino
15,lasso,True,2022-02-28T00:00:00,673,2022-02-28T00:00:00,672,2022-02-28T00:00:00,672,2022-02-21T00:00:00,0,2009-04-13T00:00:00,45,ssta_lanina
15,lasso,True,2022-02-28T00:00:00,673,2022-02-28T00:00:00,672,2022-02-28T00:00:00,672,2022-02-21T00:00:00,0,2009-04-13T00:00:00,45,tmax_hot_in_planting
15,lasso,True,2022-02-28T00:00:00,673,2022-02-28T00:00:00,672,2022-02-28T00:00:00,672,2022-02-21T00:00:00,0,2009-04-13T00:00:00,45,tmax_very_hot_in_planting
15,lasso,True,2022-02-28T00:00:00,673,2022-02-28T00:00:00,672,2022-02-28T00:00:00,672,2022-02-21T00:00:00,0,2009-04-13T00:00:00,45,tmin_cold_in_harvesting
15,lasso,True,2022-02-28T00:00:00,673,2022-02-28T00:00:00,672,2022-02-28T00:00:00,672,2022-02-21T00:00:00,0,2009-04-13T00:00:00,45,tmin_very_cold_in_harvesting
15,lasso,True,2022-02-28T00:00:00,673,2022-02-28T00:00:00,672,2022-02-28T00:00:00,672,2022-02-21T00:00:00,0,2009-04-13T00:00:00,45,tmin_very_cold_in_planting
15,lasso,True,2022-04-25T00:00:00,681,2022-04-25T00:00:00,680,2022-04-25T00:00:00,680,2022-04-18T00:00:00,0,2009-04-13T00:00:00,46,NAO_index
15,lasso,True,2022-04-25T00:00:00,681,2022-04-25T00:00:00,680,2022-04-25T00:00:00,680,2022-04-18T00:00:00,0,2009-04-13T00:00:00,46,corn_weekly_rv
15,lasso,True,2022-04-25T00:00:00,681,2022-04-25T00:00:00,680,2022-04-25T00:00:00,680,2022-04-18T00:00:00,0,2009-04-13T00:00:00,46,pdsi_extreme_drought_in_planting
15,lasso,True,2022-04-25T00:00:00,681,2022-04-25T00:00:00,680,2022-04-25T00:00:00,680,2022-04-18T00:00:00,0,2009-04-13T00:00:00,46,soybeans_monthly_rv
15,lasso,True,2022-04-25T00:00:00,681,2022-04-25T00:00:00,680,2022-04-25T00:00:00,680,2022-04-18T00:00:00,0,2009-04-13T00:00:00,46,soybeans_seasonal_rv
15,lasso,True,2022-04-25T00:00:00,681,2022-04-25T00:00:00,680,2022-04-25T00:00:00,680,2022-04-18T00:00:00,0,2009-04-13T00:00:00,46,soybeans_weekly_rv
15,lasso,True,2022-04-25T00:00:00,681,2022-04-25T00:00:00,680,2022-04-25T00:00:00,680,2022-04-18T00:00:00,0,2009-04-13T00:00:00,46,spi_7d_very_dry_in_harvesting
15,lasso,True,2022-04-25T00:00:00,681,2022-04-25T00:00:00,680,2022-04-25T00:00:00,680,2022-04-18T00:00:00,0,2009-04-13T00:00:00,46,spi_7d_very_wet_in_planting
15,lasso,True,2022-04-25T00:00:00,681,2022-04-25T00:00:00,680,2022-04-25T00:00:00,680,2022-04-18T00:00:00,0,2009-04-13T00:00:00,46,ssta_elino
15,lasso,True,2022-04-25T00:00:00,681,2022-04-25T00:00:00,680,2022-04-25T00:00:00,680,2022-04-18T00:00:00,0,2009-04-13T00:00:00,46,ssta_lanina
15,lasso,True,2022-04-25T00:00:00,681,2022-04-25T00:00:00,680,2022-04-25T00:00:00,680,2022-04-18T00:00:00,0,2009-04-13T00:00:00,46,tmax_hot_in_planting
15,lasso,True,2022-04-25T00:00:00,681,2022-04-25T00:00:00,680,2022-04-25T00:00:00,680,2022-04-18T00:00:00,0,2009-04-13T00:00:00,46,tmax_very_hot_in_planting
15,lasso,True,2022-04-25T00:00:00,681,2022-04-25T00:00:00,680,2022-04-25T00:00:00,680,2022-04-18T00:00:00,0,2009-04-13T00:00:00,46,tmin_cold_in_harvesting
15,lasso,True,2022-04-25T00:00:00,681,2022-04-25T00:00:00,680,2022-04-25T00:00:00,680,2022-04-18T00:00:00,0,2009-04-13T00:00:00,46,tmin_very_cold_in_harvesting
15,lasso,True,2022-04-25T00:00:00,681,2022-04-25T00:00:00,680,2022-04-25T00:00:00,680,2022-04-18T00:00:00,0,2009-04-13T00:00:00,46,tmin_very_cold_in_planting
15,lasso,True,2022-06-20T00:00:00,689,2022-06-20T00:00:00,688,2022-06-20T00:00:00,688,2022-06-13T00:00:00,0,2009-04-13T00:00:00,47,NAO_index
15,lasso,True,2022-06-20T00:00:00,689,2022-06-20T00:00:00,688,2022-06-20T00:00:00,688,2022-06-13T00:00:00,0,2009-04-13T00:00:00,47,corn_weekly_rv
15,lasso,True,2022-06-20T00:00:00,689,2022-06-20T00:00:00,688,2022-06-20T00:00:00,688,2022-06-13T00:00:00,0,2009-04-13T00:00:00,47,pdsi_extreme_drought_in_planting
15,lasso,True,2022-06-20T00:00:00,689,2022-06-20T00:00:00,688,2022-06-20T00:00:00,688,2022-06-13T00:00:00,0,2009-04-13T00:00:00,47,soybeans_monthly_rv
15,lasso,True,2022-06-20T00:00:00,689,2022-06-20T00:00:00,688,2022-06-20T00:00:00,688,2022-06-13T00:00:00,0,2009-04-13T00:00:00,47,soybeans_seasonal_rv
15,lasso,True,2022-06-20T00:00:00,689,2022-06-20T00:00:00,688,2022-06-20T00:00:00,688,2022-06-13T00:00:00,0,2009-04-13T00:00:00,47,soybeans_weekly_rv
15,lasso,True,2022-06-20T00:00:00,689,2022-06-20T00:00:00,688,2022-06-20T00:00:00,688,2022-06-13T00:00:00,0,2009-04-13T00:00:00,47,spi_7d_very_dry_in_harvesting
15,lasso,True,2022-06-20T00:00:00,689,2022-06-20T00:00:00,688,2022-06-20T00:00:00,688,2022-06-13T00:00:00,0,2009-04-13T00:00:00,47,spi_7d_very_wet_in_planting
15,lasso,True,2022-06-20T00:00:00,689,2022-06-20T00:00:00,688,2022-06-20T00:00:00,688,2022-06-13T00:00:00,0,2009-04-13T00:00:00,47,ssta_elino
15,lasso,True,2022-06-20T00:00:00,689,2022-06-20T00:00:00,688,2022-06-20T00:00:00,688,2022-06-13T00:00:00,0,2009-04-13T00:00:00,47,ssta_lanina
15,lasso,True,2022-06-20T00:00:00,689,2022-06-20T00:00:00,688,2022-06-20T00:00:00,688,2022-06-13T00:00:00,0,2009-04-13T00:00:00,47,tmax_hot_in_planting
15,lasso,True,2022-06-20T00:00:00,689,2022-06-20T00:00:00,688,2022-06-20T00:00:00,688,2022-06-13T00:00:00,0,2009-04-13T00:00:00,47,tmax_very_hot_in_planting
15,lasso,True,2022-06-20T00:00:00,689,2022-06-20T00:00:00,688,2022-06-20T00:00:00,688,2022-06-13T00:00:00,0,2009-04-13T00:00:00,47,tmin_cold_in_harvesting
15,lasso,True,2022-06-20T00:00:00,689,2022-06-20T00:00:00,688,2022-06-20T00:00:00,688,2022-06-13T00:00:00,0,2009-04-13T00:00:00,47,tmin_very_cold_in_harvesting
15,lasso,True,2022-06-20T00:00:00,689,2022-06-20T00:00:00,688,2022-06-20T00:00:00,688,2022-06-13T00:00:00,0,2009-04-13T00:00:00,47,tmin_very_cold_in_planting
19,lasso,False,2022-08-15T00:00:00,697,2022-08-15T00:00:00,696,2022-08-15T00:00:00,696,2022-08-08T00:00:00,0,2009-04-13T00:00:00,48,NAO_index
19,lasso,False,2022-08-15T00:00:00,697,2022-08-15T00:00:00,696,2022-08-15T00:00:00,696,2022-08-08T00:00:00,0,2009-04-13T00:00:00,48,co2_extreme_in_planting
19,lasso,False,2022-08-15T00:00:00,697,2022-08-15T00:00:00,696,2022-08-15T00:00:00,696,2022-08-08T00:00:00,0,2009-04-13T00:00:00,48,corn_weekly_rv
19,lasso,False,2022-08-15T00:00:00,697,2022-08-15T00:00:00,696,2022-08-15T00:00:00,696,2022-08-08T00:00:00,0,2009-04-13T00:00:00,48,pdsi_extreme_drought_in_planting
19,lasso,False,2022-08-15T00:00:00,697,2022-08-15T00:00:00,696,2022-08-15T00:00:00,696,2022-08-08T00:00:00,0,2009-04-13T00:00:00,48,soybeans_monthly_rv
19,lasso,False,2022-08-15T00:00:00,697,2022-08-15T00:00:00,696,2022-08-15T00:00:00,696,2022-08-08T00:00:00,0,2009-04-13T00:00:00,48,soybeans_seasonal_rv
19,lasso,False,2022-08-15T00:00:00,697,2022-08-15T00:00:00,696,2022-08-15T00:00:00,696,2022-08-08T00:00:00,0,2009-04-13T00:00:00,48,soybeans_weekly_jumps
19,lasso,False,2022-08-15T00:00:00,697,2022-08-15T00:00:00,696,2022-08-15T00:00:00,696,2022-08-08T00:00:00,0,2009-04-13T00:00:00,48,soybeans_weekly_rv
19,lasso,False,2022-08-15T00:00:00,697,2022-08-15T00:00:00,696,2022-08-15T00:00:00,696,2022-08-08T00:00:00,0,2009-04-13T00:00:00,48,spi_7d_extreme_wet_in_planting
19,lasso,False,2022-08-15T00:00:00,697,2022-08-15T00:00:00,696,2022-08-15T00:00:00,696,2022-08-08T00:00:00,0,2009-04-13T00:00:00,48,spi_7d_very_dry_in_harvesting
19,lasso,False,2022-08-15T00:00:00,697,2022-08-15T00:00:00,696,2022-08-15T00:00:00,696,2022-08-08T00:00:00,0,2009-04-13T00:00:00,48,spi_7d_very_wet_in_planting
19,lasso,False,2022-08-15T00:00:00,697,2022-08-15T00:00:00,696,2022-08-15T00:00:00,696,2022-08-08T00:00:00,0,2009-04-13T00:00:00,48,ssta_elino
19,lasso,False,2022-08-15T00:00:00,697,2022-08-15T00:00:00,696,2022-08-15T00:00:00,696,2022-08-08T00:00:00,0,2009-04-13T00:00:00,48,ssta_lanina
19,lasso,False,2022-08-15T00:00:00,697,2022-08-15T00:00:00,696,2022-08-15T00:00:00,696,2022-08-08T00:00:00,0,2009-04-13T00:00:00,48,tmax_hot_in_harvesting
19,lasso,False,2022-08-15T00:00:00,697,2022-08-15T00:00:00,696,2022-08-15T00:00:00,696,2022-08-08T00:00:00,0,2009-04-13T00:00:00,48,tmax_hot_in_planting
19,lasso,False,2022-08-15T00:00:00,697,2022-08-15T00:00:00,696,2022-08-15T00:00:00,696,2022-08-08T00:00:00,0,2009-04-13T00:00:00,48,tmax_very_hot_in_planting
19,lasso,False,2022-08-15T00:00:00,697,2022-08-15T00:00:00,696,2022-08-15T00:00:00,696,2022-08-08T00:00:00,0,2009-04-13T00:00:00,48,tmin_cold_in_harvesting
19,lasso,False,2022-08-15T00:00:00,697,2022-08-15T00:00:00,696,2022-08-15T00:00:00,696,2022-08-08T00:00:00,0,2009-04-13T00:00:00,48,tmin_very_cold_in_harvesting
19,lasso,False,2022-08-15T00:00:00,697,2022-08-15T00:00:00,696,2022-08-15T00:00:00,696,2022-08-08T00:00:00,0,2009-04-13T00:00:00,48,tmin_very_cold_in_planting
19,lasso,True,2022-10-10T00:00:00,705,2022-10-10T00:00:00,704,2022-10-10T00:00:00,704,2022-10-03T00:00:00,0,2009-04-13T00:00:00,49,NAO_index
19,lasso,True,2022-10-10T00:00:00,705,2022-10-10T00:00:00,704,2022-10-10T00:00:00,704,2022-10-03T00:00:00,0,2009-04-13T00:00:00,49,co2_extreme_in_planting
19,lasso,True,2022-10-10T00:00:00,705,2022-10-10T00:00:00,704,2022-10-10T00:00:00,704,2022-10-03T00:00:00,0,2009-04-13T00:00:00,49,corn_weekly_rv
19,lasso,True,2022-10-10T00:00:00,705,2022-10-10T00:00:00,704,2022-10-10T00:00:00,704,2022-10-03T00:00:00,0,2009-04-13T00:00:00,49,pdsi_extreme_drought_in_planting
19,lasso,True,2022-10-10T00:00:00,705,2022-10-10T00:00:00,704,2022-10-10T00:00:00,704,2022-10-03T00:00:00,0,2009-04-13T00:00:00,49,soybeans_monthly_rv
19,lasso,True,2022-10-10T00:00:00,705,2022-10-10T00:00:00,704,2022-10-10T00:00:00,704,2022-10-03T00:00:00,0,2009-04-13T00:00:00,49,soybeans_seasonal_rv
19,lasso,True,2022-10-10T00:00:00,705,2022-10-10T00:00:00,704,2022-10-10T00:00:00,704,2022-10-03T00:00:00,0,2009-04-13T00:00:00,49,soybeans_weekly_jumps
19,lasso,True,2022-10-10T00:00:00,705,2022-10-10T00:00:00,704,2022-10-10T00:00:00,704,2022-10-03T00:00:00,0,2009-04-13T00:00:00,49,soybeans_weekly_rv
19,lasso,True,2022-10-10T00:00:00,705,2022-10-10T00:00:00,704,2022-10-10T00:00:00,704,2022-10-03T00:00:00,0,2009-04-13T00:00:00,49,spi_7d_extreme_wet_in_planting
19,lasso,True,2022-10-10T00:00:00,705,2022-10-10T00:00:00,704,2022-10-10T00:00:00,704,2022-10-03T00:00:00,0,2009-04-13T00:00:00,49,spi_7d_very_dry_in_harvesting
19,lasso,True,2022-10-10T00:00:00,705,2022-10-10T00:00:00,704,2022-10-10T00:00:00,704,2022-10-03T00:00:00,0,2009-04-13T00:00:00,49,spi_7d_very_wet_in_planting
19,lasso,True,2022-10-10T00:00:00,705,2022-10-10T00:00:00,704,2022-10-10T00:00:00,704,2022-10-03T00:00:00,0,2009-04-13T00:00:00,49,ssta_elino
19,lasso,True,2022-10-10T00:00:00,705,2022-10-10T00:00:00,704,2022-10-10T00:00:00,704,2022-10-03T00:00:00,0,2009-04-13T00:00:00,49,ssta_lanina
19,lasso,True,2022-10-10T00:00:00,705,2022-10-10T00:00:00,704,2022-10-10T00:00:00,704,2022-10-03T00:00:00,0,2009-04-13T00:00:00,49,tmax_hot_in_harvesting
19,lasso,True,2022-10-10T00:00:00,705,2022-10-10T00:00:00,704,2022-10-10T00:00:00,704,2022-10-03T00:00:00,0,2009-04-13T00:00:00,49,tmax_hot_in_planting
19,lasso,True,2022-10-10T00:00:00,705,2022-10-10T00:00:00,704,2022-10-10T00:00:00,704,2022-10-03T00:00:00,0,2009-04-13T00:00:00,49,tmax_very_hot_in_planting
19,lasso,True,2022-10-10T00:00:00,705,2022-10-10T00:00:00,704,2022-10-10T00:00:00,704,2022-10-03T00:00:00,0,2009-04-13T00:00:00,49,tmin_cold_in_harvesting
19,lasso,True,2022-10-10T00:00:00,705,2022-10-10T00:00:00,704,2022-10-10T00:00:00,704,2022-10-03T00:00:00,0,2009-04-13T00:00:00,49,tmin_very_cold_in_harvesting
19,lasso,True,2022-10-10T00:00:00,705,2022-10-10T00:00:00,704,2022-10-10T00:00:00,704,2022-10-03T00:00:00,0,2009-04-13T00:00:00,49,tmin_very_cold_in_planting
19,lasso,True,2022-12-05T00:00:00,713,2022-12-05T00:00:00,712,2022-12-05T00:00:00,712,2022-11-28T00:00:00,0,2009-04-13T00:00:00,50,NAO_index
19,lasso,True,2022-12-05T00:00:00,713,2022-12-05T00:00:00,712,2022-12-05T00:00:00,712,2022-11-28T00:00:00,0,2009-04-13T00:00:00,50,co2_extreme_in_planting
19,lasso,True,2022-12-05T00:00:00,713,2022-12-05T00:00:00,712,2022-12-05T00:00:00,712,2022-11-28T00:00:00,0,2009-04-13T00:00:00,50,corn_weekly_rv
19,lasso,True,2022-12-05T00:00:00,713,2022-12-05T00:00:00,712,2022-12-05T00:00:00,712,2022-11-28T00:00:00,0,2009-04-13T00:00:00,50,pdsi_extreme_drought_in_planting
19,lasso,True,2022-12-05T00:00:00,713,2022-12-05T00:00:00,712,2022-12-05T00:00:00,712,2022-11-28T00:00:00,0,2009-04-13T00:00:00,50,soybeans_monthly_rv
19,lasso,True,2022-12-05T00:00:00,713,2022-12-05T00:00:00,712,2022-12-05T00:00:00,712,2022-11-28T00:00:00,0,2009-04-13T00:00:00,50,soybeans_seasonal_rv
19,lasso,True,2022-12-05T00:00:00,713,2022-12-05T00:00:00,712,2022-12-05T00:00:00,712,2022-11-28T00:00:00,0,2009-04-13T00:00:00,50,soybeans_weekly_jumps
19,lasso,True,2022-12-05T00:00:00,713,2022-12-05T00:00:00,712,2022-12-05T00:00:00,712,2022-11-28T00:00:00,0,2009-04-13T00:00:00,50,soybeans_weekly_rv
19,lasso,True,2022-12-05T00:00:00,713,2022-12-05T00:00:00,712,2022-12-05T00:00:00,712,2022-11-28T00:00:00,0,2009-04-13T00:00:00,50,spi_7d_extreme_wet_in_planting
19,lasso,True,2022-12-05T00:00:00,713,2022-12-05T00:00:00,712,2022-12-05T00:00:00,712,2022-11-28T00:00:00,0,2009-04-13T00:00:00,50,spi_7d_very_dry_in_harvesting
19,lasso,True,2022-12-05T00:00:00,713,2022-12-05T00:00:00,712,2022-12-05T00:00:00,712,2022-11-28T00:00:00,0,2009-04-13T00:00:00,50,spi_7d_very_wet_in_planting
19,lasso,True,2022-12-05T00:00:00,713,2022-12-05T00:00:00,712,2022-12-05T00:00:00,712,2022-11-28T00:00:00,0,2009-04-13T00:00:00,50,ssta_elino
19,lasso,True,2022-12-05T00:00:00,713,2022-12-05T00:00:00,712,2022-12-05T00:00:00,712,2022-11-28T00:00:00,0,2009-04-13T00:00:00,50,ssta_lanina
19,lasso,True,2022-12-05T00:00:00,713,2022-12-05T00:00:00,712,2022-12-05T00:00:00,712,2022-11-28T00:00:00,0,2009-04-13T00:00:00,50,tmax_hot_in_harvesting
19,lasso,True,2022-12-05T00:00:00,713,2022-12-05T00:00:00,712,2022-12-05T00:00:00,712,2022-11-28T00:00:00,0,2009-04-13T00:00:00,50,tmax_hot_in_planting
19,lasso,True,2022-12-05T00:00:00,713,2022-12-05T00:00:00,712,2022-12-05T00:00:00,712,2022-11-28T00:00:00,0,2009-04-13T00:00:00,50,tmax_very_hot_in_planting
19,lasso,True,2022-12-05T00:00:00,713,2022-12-05T00:00:00,712,2022-12-05T00:00:00,712,2022-11-28T00:00:00,0,2009-04-13T00:00:00,50,tmin_cold_in_harvesting
19,lasso,True,2022-12-05T00:00:00,713,2022-12-05T00:00:00,712,2022-12-05T00:00:00,712,2022-11-28T00:00:00,0,2009-04-13T00:00:00,50,tmin_very_cold_in_harvesting
19,lasso,True,2022-12-05T00:00:00,713,2022-12-05T00:00:00,712,2022-12-05T00:00:00,712,2022-11-28T00:00:00,0,2009-04-13T00:00:00,50,tmin_very_cold_in_planting
19,lasso,True,2023-01-30T00:00:00,721,2023-01-30T00:00:00,720,2023-01-30T00:00:00,720,2023-01-23T00:00:00,0,2009-04-13T00:00:00,51,NAO_index
19,lasso,True,2023-01-30T00:00:00,721,2023-01-30T00:00:00,720,2023-01-30T00:00:00,720,2023-01-23T00:00:00,0,2009-04-13T00:00:00,51,co2_extreme_in_planting
19,lasso,True,2023-01-30T00:00:00,721,2023-01-30T00:00:00,720,2023-01-30T00:00:00,720,2023-01-23T00:00:00,0,2009-04-13T00:00:00,51,corn_weekly_rv
19,lasso,True,2023-01-30T00:00:00,721,2023-01-30T00:00:00,720,2023-01-30T00:00:00,720,2023-01-23T00:00:00,0,2009-04-13T00:00:00,51,pdsi_extreme_drought_in_planting
19,lasso,True,2023-01-30T00:00:00,721,2023-01-30T00:00:00,720,2023-01-30T00:00:00,720,2023-01-23T00:00:00,0,2009-04-13T00:00:00,51,soybeans_monthly_rv
19,lasso,True,2023-01-30T00:00:00,721,2023-01-30T00:00:00,720,2023-01-30T00:00:00,720,2023-01-23T00:00:00,0,2009-04-13T00:00:00,51,soybeans_seasonal_rv
19,lasso,True,2023-01-30T00:00:00,721,2023-01-30T00:00:00,720,2023-01-30T00:00:00,720,2023-01-23T00:00:00,0,2009-04-13T00:00:00,51,soybeans_weekly_jumps
19,lasso,True,2023-01-30T00:00:00,721,2023-01-30T00:00:00,720,2023-01-30T00:00:00,720,2023-01-23T00:00:00,0,2009-04-13T00:00:00,51,soybeans_weekly_rv
19,lasso,True,2023-01-30T00:00:00,721,2023-01-30T00:00:00,720,2023-01-30T00:00:00,720,2023-01-23T00:00:00,0,2009-04-13T00:00:00,51,spi_7d_extreme_wet_in_planting
19,lasso,True,2023-01-30T00:00:00,721,2023-01-30T00:00:00,720,2023-01-30T00:00:00,720,2023-01-23T00:00:00,0,2009-04-13T00:00:00,51,spi_7d_very_dry_in_harvesting
19,lasso,True,2023-01-30T00:00:00,721,2023-01-30T00:00:00,720,2023-01-30T00:00:00,720,2023-01-23T00:00:00,0,2009-04-13T00:00:00,51,spi_7d_very_wet_in_planting
19,lasso,True,2023-01-30T00:00:00,721,2023-01-30T00:00:00,720,2023-01-30T00:00:00,720,2023-01-23T00:00:00,0,2009-04-13T00:00:00,51,ssta_elino
19,lasso,True,2023-01-30T00:00:00,721,2023-01-30T00:00:00,720,2023-01-30T00:00:00,720,2023-01-23T00:00:00,0,2009-04-13T00:00:00,51,ssta_lanina
19,lasso,True,2023-01-30T00:00:00,721,2023-01-30T00:00:00,720,2023-01-30T00:00:00,720,2023-01-23T00:00:00,0,2009-04-13T00:00:00,51,tmax_hot_in_harvesting
19,lasso,True,2023-01-30T00:00:00,721,2023-01-30T00:00:00,720,2023-01-30T00:00:00,720,2023-01-23T00:00:00,0,2009-04-13T00:00:00,51,tmax_hot_in_planting
19,lasso,True,2023-01-30T00:00:00,721,2023-01-30T00:00:00,720,2023-01-30T00:00:00,720,2023-01-23T00:00:00,0,2009-04-13T00:00:00,51,tmax_very_hot_in_planting
19,lasso,True,2023-01-30T00:00:00,721,2023-01-30T00:00:00,720,2023-01-30T00:00:00,720,2023-01-23T00:00:00,0,2009-04-13T00:00:00,51,tmin_cold_in_harvesting
19,lasso,True,2023-01-30T00:00:00,721,2023-01-30T00:00:00,720,2023-01-30T00:00:00,720,2023-01-23T00:00:00,0,2009-04-13T00:00:00,51,tmin_very_cold_in_harvesting
19,lasso,True,2023-01-30T00:00:00,721,2023-01-30T00:00:00,720,2023-01-30T00:00:00,720,2023-01-23T00:00:00,0,2009-04-13T00:00:00,51,tmin_very_cold_in_planting
11,lasso,False,2023-03-27T00:00:00,729,2023-03-27T00:00:00,728,2023-03-27T00:00:00,728,2023-03-20T00:00:00,0,2009-04-13T00:00:00,52,corn_weekly_rv
11,lasso,False,2023-03-27T00:00:00,729,2023-03-27T00:00:00,728,2023-03-27T00:00:00,728,2023-03-20T00:00:00,0,2009-04-13T00:00:00,52,pdsi_extreme_drought_in_planting
11,lasso,False,2023-03-27T00:00:00,729,2023-03-27T00:00:00,728,2023-03-27T00:00:00,728,2023-03-20T00:00:00,0,2009-04-13T00:00:00,52,soybeans_monthly_rv
11,lasso,False,2023-03-27T00:00:00,729,2023-03-27T00:00:00,728,2023-03-27T00:00:00,728,2023-03-20T00:00:00,0,2009-04-13T00:00:00,52,soybeans_seasonal_rv
11,lasso,False,2023-03-27T00:00:00,729,2023-03-27T00:00:00,728,2023-03-27T00:00:00,728,2023-03-20T00:00:00,0,2009-04-13T00:00:00,52,soybeans_weekly_rv
11,lasso,False,2023-03-27T00:00:00,729,2023-03-27T00:00:00,728,2023-03-27T00:00:00,728,2023-03-20T00:00:00,0,2009-04-13T00:00:00,52,ssta_elino
11,lasso,False,2023-03-27T00:00:00,729,2023-03-27T00:00:00,728,2023-03-27T00:00:00,728,2023-03-20T00:00:00,0,2009-04-13T00:00:00,52,ssta_lanina
11,lasso,False,2023-03-27T00:00:00,729,2023-03-27T00:00:00,728,2023-03-27T00:00:00,728,2023-03-20T00:00:00,0,2009-04-13T00:00:00,52,tmax_hot_in_planting
11,lasso,False,2023-03-27T00:00:00,729,2023-03-27T00:00:00,728,2023-03-27T00:00:00,728,2023-03-20T00:00:00,0,2009-04-13T00:00:00,52,tmax_very_hot_in_planting
11,lasso,False,2023-03-27T00:00:00,729,2023-03-27T00:00:00,728,2023-03-27T00:00:00,728,2023-03-20T00:00:00,0,2009-04-13T00:00:00,52,tmin_very_cold_in_harvesting
11,lasso,False,2023-03-27T00:00:00,729,2023-03-27T00:00:00,728,2023-03-27T00:00:00,728,2023-03-20T00:00:00,0,2009-04-13T00:00:00,52,tmin_very_cold_in_planting
11,lasso,True,2023-05-22T00:00:00,737,2023-05-22T00:00:00,736,2023-05-22T00:00:00,736,2023-05-15T00:00:00,0,2009-04-13T00:00:00,53,corn_weekly_rv
11,lasso,True,2023-05-22T00:00:00,737,2023-05-22T00:00:00,736,2023-05-22T00:00:00,736,2023-05-15T00:00:00,0,2009-04-13T00:00:00,53,pdsi_extreme_drought_in_planting
11,lasso,True,2023-05-22T00:00:00,737,2023-05-22T00:00:00,736,2023-05-22T00:00:00,736,2023-05-15T00:00:00,0,2009-04-13T00:00:00,53,soybeans_monthly_rv
11,lasso,True,2023-05-22T00:00:00,737,2023-05-22T00:00:00,736,2023-05-22T00:00:00,736,2023-05-15T00:00:00,0,2009-04-13T00:00:00,53,soybeans_seasonal_rv
11,lasso,True,2023-05-22T00:00:00,737,2023-05-22T00:00:00,736,2023-05-22T00:00:00,736,2023-05-15T00:00:00,0,2009-04-13T00:00:00,53,soybeans_weekly_rv
11,lasso,True,2023-05-22T00:00:00,737,2023-05-22T00:00:00,736,2023-05-22T00:00:00,736,2023-05-15T00:00:00,0,2009-04-13T00:00:00,53,ssta_elino
11,lasso,True,2023-05-22T00:00:00,737,2023-05-22T00:00:00,736,2023-05-22T00:00:00,736,2023-05-15T00:00:00,0,2009-04-13T00:00:00,53,ssta_lanina
11,lasso,True,2023-05-22T00:00:00,737,2023-05-22T00:00:00,736,2023-05-22T00:00:00,736,2023-05-15T00:00:00,0,2009-04-13T00:00:00,53,tmax_hot_in_planting
11,lasso,True,2023-05-22T00:00:00,737,2023-05-22T00:00:00,736,2023-05-22T00:00:00,736,2023-05-15T00:00:00,0,2009-04-13T00:00:00,53,tmax_very_hot_in_planting
11,lasso,True,2023-05-22T00:00:00,737,2023-05-22T00:00:00,736,2023-05-22T00:00:00,736,2023-05-15T00:00:00,0,2009-04-13T00:00:00,53,tmin_very_cold_in_harvesting
11,lasso,True,2023-05-22T00:00:00,737,2023-05-22T00:00:00,736,2023-05-22T00:00:00,736,2023-05-15T00:00:00,0,2009-04-13T00:00:00,53,tmin_very_cold_in_planting
11,lasso,True,2023-07-17T00:00:00,745,2023-07-17T00:00:00,744,2023-07-17T00:00:00,744,2023-07-10T00:00:00,0,2009-04-13T00:00:00,54,corn_weekly_rv
11,lasso,True,2023-07-17T00:00:00,745,2023-07-17T00:00:00,744,2023-07-17T00:00:00,744,2023-07-10T00:00:00,0,2009-04-13T00:00:00,54,pdsi_extreme_drought_in_planting
11,lasso,True,2023-07-17T00:00:00,745,2023-07-17T00:00:00,744,2023-07-17T00:00:00,744,2023-07-10T00:00:00,0,2009-04-13T00:00:00,54,soybeans_monthly_rv
11,lasso,True,2023-07-17T00:00:00,745,2023-07-17T00:00:00,744,2023-07-17T00:00:00,744,2023-07-10T00:00:00,0,2009-04-13T00:00:00,54,soybeans_seasonal_rv
11,lasso,True,2023-07-17T00:00:00,745,2023-07-17T00:00:00,744,2023-07-17T00:00:00,744,2023-07-10T00:00:00,0,2009-04-13T00:00:00,54,soybeans_weekly_rv
11,lasso,True,2023-07-17T00:00:00,745,2023-07-17T00:00:00,744,2023-07-17T00:00:00,744,2023-07-10T00:00:00,0,2009-04-13T00:00:00,54,ssta_elino
11,lasso,True,2023-07-17T00:00:00,745,2023-07-17T00:00:00,744,2023-07-17T00:00:00,744,2023-07-10T00:00:00,0,2009-04-13T00:00:00,54,ssta_lanina
11,lasso,True,2023-07-17T00:00:00,745,2023-07-17T00:00:00,744,2023-07-17T00:00:00,744,2023-07-10T00:00:00,0,2009-04-13T00:00:00,54,tmax_hot_in_planting
11,lasso,True,2023-07-17T00:00:00,745,2023-07-17T00:00:00,744,2023-07-17T00:00:00,744,2023-07-10T00:00:00,0,2009-04-13T00:00:00,54,tmax_very_hot_in_planting
11,lasso,True,2023-07-17T00:00:00,745,2023-07-17T00:00:00,744,2023-07-17T00:00:00,744,2023-07-10T00:00:00,0,2009-04-13T00:00:00,54,tmin_very_cold_in_harvesting
11,lasso,True,2023-07-17T00:00:00,745,2023-07-17T00:00:00,744,2023-07-17T00:00:00,744,2023-07-10T00:00:00,0,2009-04-13T00:00:00,54,tmin_very_cold_in_planting
11,lasso,True,2023-09-11T00:00:00,753,2023-09-11T00:00:00,752,2023-09-11T00:00:00,752,2023-09-04T00:00:00,0,2009-04-13T00:00:00,55,corn_weekly_rv
11,lasso,True,2023-09-11T00:00:00,753,2023-09-11T00:00:00,752,2023-09-11T00:00:00,752,2023-09-04T00:00:00,0,2009-04-13T00:00:00,55,pdsi_extreme_drought_in_planting
11,lasso,True,2023-09-11T00:00:00,753,2023-09-11T00:00:00,752,2023-09-11T00:00:00,752,2023-09-04T00:00:00,0,2009-04-13T00:00:00,55,soybeans_monthly_rv
11,lasso,True,2023-09-11T00:00:00,753,2023-09-11T00:00:00,752,2023-09-11T00:00:00,752,2023-09-04T00:00:00,0,2009-04-13T00:00:00,55,soybeans_seasonal_rv
11,lasso,True,2023-09-11T00:00:00,753,2023-09-11T00:00:00,752,2023-09-11T00:00:00,752,2023-09-04T00:00:00,0,2009-04-13T00:00:00,55,soybeans_weekly_rv
11,lasso,True,2023-09-11T00:00:00,753,2023-09-11T00:00:00,752,2023-09-11T00:00:00,752,2023-09-04T00:00:00,0,2009-04-13T00:00:00,55,ssta_elino
11,lasso,True,2023-09-11T00:00:00,753,2023-09-11T00:00:00,752,2023-09-11T00:00:00,752,2023-09-04T00:00:00,0,2009-04-13T00:00:00,55,ssta_lanina
11,lasso,True,2023-09-11T00:00:00,753,2023-09-11T00:00:00,752,2023-09-11T00:00:00,752,2023-09-04T00:00:00,0,2009-04-13T00:00:00,55,tmax_hot_in_planting
11,lasso,True,2023-09-11T00:00:00,753,2023-09-11T00:00:00,752,2023-09-11T00:00:00,752,2023-09-04T00:00:00,0,2009-04-13T00:00:00,55,tmax_very_hot_in_planting
11,lasso,True,2023-09-11T00:00:00,753,2023-09-11T00:00:00,752,2023-09-11T00:00:00,752,2023-09-04T00:00:00,0,2009-04-13T00:00:00,55,tmin_very_cold_in_harvesting
11,lasso,True,2023-09-11T00:00:00,753,2023-09-11T00:00:00,752,2023-09-11T00:00:00,752,2023-09-04T00:00:00,0,2009-04-13T00:00:00,55,tmin_very_cold_in_planting
11,lasso,False,2023-11-06T00:00:00,761,2023-11-06T00:00:00,760,2023-11-06T00:00:00,760,2023-10-30T00:00:00,0,2009-04-13T00:00:00,56,corn_weekly_rv
11,lasso,False,2023-11-06T00:00:00,761,2023-11-06T00:00:00,760,2023-11-06T00:00:00,760,2023-10-30T00:00:00,0,2009-04-13T00:00:00,56,pdsi_extreme_drought_in_planting
11,lasso,False,2023-11-06T00:00:00,761,2023-11-06T00:00:00,760,2023-11-06T00:00:00,760,2023-10-30T00:00:00,0,2009-04-13T00:00:00,56,soybeans_monthly_rv
11,lasso,False,2023-11-06T00:00:00,761,2023-11-06T00:00:00,760,2023-11-06T00:00:00,760,2023-10-30T00:00:00,0,2009-04-13T00:00:00,56,soybeans_seasonal_rv
11,lasso,False,2023-11-06T00:00:00,761,2023-11-06T00:00:00,760,2023-11-06T00:00:00,760,2023-10-30T00:00:00,0,2009-04-13T00:00:00,56,soybeans_weekly_rv
11,lasso,False,2023-11-06T00:00:00,761,2023-11-06T00:00:00,760,2023-11-06T00:00:00,760,2023-10-30T00:00:00,0,2009-04-13T00:00:00,56,ssta_elino
11,lasso,False,2023-11-06T00:00:00,761,2023-11-06T00:00:00,760,2023-11-06T00:00:00,760,2023-10-30T00:00:00,0,2009-04-13T00:00:00,56,ssta_lanina
11,lasso,False,2023-11-06T00:00:00,761,2023-11-06T00:00:00,760,2023-11-06T00:00:00,760,2023-10-30T00:00:00,0,2009-04-13T00:00:00,56,tmax_hot_in_planting
11,lasso,False,2023-11-06T00:00:00,761,2023-11-06T00:00:00,760,2023-11-06T00:00:00,760,2023-10-30T00:00:00,0,2009-04-13T00:00:00,56,tmax_very_hot_in_planting
11,lasso,False,2023-11-06T00:00:00,761,2023-11-06T00:00:00,760,2023-11-06T00:00:00,760,2023-10-30T00:00:00,0,2009-04-13T00:00:00,56,tmin_very_cold_in_harvesting
11,lasso,False,2023-11-06T00:00:00,761,2023-11-06T00:00:00,760,2023-11-06T00:00:00,760,2023-10-30T00:00:00,0,2009-04-13T00:00:00,56,tmin_very_cold_in_planting
11,lasso,True,2024-01-01T00:00:00,769,2024-01-01T00:00:00,768,2024-01-01T00:00:00,768,2023-12-25T00:00:00,0,2009-04-13T00:00:00,57,corn_weekly_rv
11,lasso,True,2024-01-01T00:00:00,769,2024-01-01T00:00:00,768,2024-01-01T00:00:00,768,2023-12-25T00:00:00,0,2009-04-13T00:00:00,57,pdsi_extreme_drought_in_planting
11,lasso,True,2024-01-01T00:00:00,769,2024-01-01T00:00:00,768,2024-01-01T00:00:00,768,2023-12-25T00:00:00,0,2009-04-13T00:00:00,57,soybeans_monthly_rv
11,lasso,True,2024-01-01T00:00:00,769,2024-01-01T00:00:00,768,2024-01-01T00:00:00,768,2023-12-25T00:00:00,0,2009-04-13T00:00:00,57,soybeans_seasonal_rv
11,lasso,True,2024-01-01T00:00:00,769,2024-01-01T00:00:00,768,2024-01-01T00:00:00,768,2023-12-25T00:00:00,0,2009-04-13T00:00:00,57,soybeans_weekly_rv
11,lasso,True,2024-01-01T00:00:00,769,2024-01-01T00:00:00,768,2024-01-01T00:00:00,768,2023-12-25T00:00:00,0,2009-04-13T00:00:00,57,ssta_elino
11,lasso,True,2024-01-01T00:00:00,769,2024-01-01T00:00:00,768,2024-01-01T00:00:00,768,2023-12-25T00:00:00,0,2009-04-13T00:00:00,57,ssta_lanina
11,lasso,True,2024-01-01T00:00:00,769,2024-01-01T00:00:00,768,2024-01-01T00:00:00,768,2023-12-25T00:00:00,0,2009-04-13T00:00:00,57,tmax_hot_in_planting
11,lasso,True,2024-01-01T00:00:00,769,2024-01-01T00:00:00,768,2024-01-01T00:00:00,768,2023-12-25T00:00:00,0,2009-04-13T00:00:00,57,tmax_very_hot_in_planting
11,lasso,True,2024-01-01T00:00:00,769,2024-01-01T00:00:00,768,2024-01-01T00:00:00,768,2023-12-25T00:00:00,0,2009-04-13T00:00:00,57,tmin_very_cold_in_harvesting
11,lasso,True,2024-01-01T00:00:00,769,2024-01-01T00:00:00,768,2024-01-01T00:00:00,768,2023-12-25T00:00:00,0,2009-04-13T00:00:00,57,tmin_very_cold_in_planting
11,lasso,True,2024-02-26T00:00:00,777,2024-02-26T00:00:00,776,2024-02-26T00:00:00,776,2024-02-19T00:00:00,0,2009-04-13T00:00:00,58,corn_weekly_rv
11,lasso,True,2024-02-26T00:00:00,777,2024-02-26T00:00:00,776,2024-02-26T00:00:00,776,2024-02-19T00:00:00,0,2009-04-13T00:00:00,58,pdsi_extreme_drought_in_planting
11,lasso,True,2024-02-26T00:00:00,777,2024-02-26T00:00:00,776,2024-02-26T00:00:00,776,2024-02-19T00:00:00,0,2009-04-13T00:00:00,58,soybeans_monthly_rv
11,lasso,True,2024-02-26T00:00:00,777,2024-02-26T00:00:00,776,2024-02-26T00:00:00,776,2024-02-19T00:00:00,0,2009-04-13T00:00:00,58,soybeans_seasonal_rv
11,lasso,True,2024-02-26T00:00:00,777,2024-02-26T00:00:00,776,2024-02-26T00:00:00,776,2024-02-19T00:00:00,0,2009-04-13T00:00:00,58,soybeans_weekly_rv
11,lasso,True,2024-02-26T00:00:00,777,2024-02-26T00:00:00,776,2024-02-26T00:00:00,776,2024-02-19T00:00:00,0,2009-04-13T00:00:00,58,ssta_elino
11,lasso,True,2024-02-26T00:00:00,777,2024-02-26T00:00:00,776,2024-02-26T00:00:00,776,2024-02-19T00:00:00,0,2009-04-13T00:00:00,58,ssta_lanina
11,lasso,True,2024-02-26T00:00:00,777,2024-02-26T00:00:00,776,2024-02-26T00:00:00,776,2024-02-19T00:00:00,0,2009-04-13T00:00:00,58,tmax_hot_in_planting
11,lasso,True,2024-02-26T00:00:00,777,2024-02-26T00:00:00,776,2024-02-26T00:00:00,776,2024-02-19T00:00:00,0,2009-04-13T00:00:00,58,tmax_very_hot_in_planting
11,lasso,True,2024-02-26T00:00:00,777,2024-02-26T00:00:00,776,2024-02-26T00:00:00,776,2024-02-19T00:00:00,0,2009-04-13T00:00:00,58,tmin_very_cold_in_harvesting
11,lasso,True,2024-02-26T00:00:00,777,2024-02-26T00:00:00,776,2024-02-26T00:00:00,776,2024-02-19T00:00:00,0,2009-04-13T00:00:00,58,tmin_very_cold_in_planting
11,lasso,True,2024-04-22T00:00:00,785,2024-04-22T00:00:00,784,2024-04-22T00:00:00,784,2024-04-15T00:00:00,0,2009-04-13T00:00:00,59,corn_weekly_rv
11,lasso,True,2024-04-22T00:00:00,785,2024-04-22T00:00:00,784,2024-04-22T00:00:00,784,2024-04-15T00:00:00,0,2009-04-13T00:00:00,59,pdsi_extreme_drought_in_planting
11,lasso,True,2024-04-22T00:00:00,785,2024-04-22T00:00:00,784,2024-04-22T00:00:00,784,2024-04-15T00:00:00,0,2009-04-13T00:00:00,59,soybeans_monthly_rv
11,lasso,True,2024-04-22T00:00:00,785,2024-04-22T00:00:00,784,2024-04-22T00:00:00,784,2024-04-15T00:00:00,0,2009-04-13T00:00:00,59,soybeans_seasonal_rv
11,lasso,True,2024-04-22T00:00:00,785,2024-04-22T00:00:00,784,2024-04-22T00:00:00,784,2024-04-15T00:00:00,0,2009-04-13T00:00:00,59,soybeans_weekly_rv
11,lasso,True,2024-04-22T00:00:00,785,2024-04-22T00:00:00,784,2024-04-22T00:00:00,784,2024-04-15T00:00:00,0,2009-04-13T00:00:00,59,ssta_elino
11,lasso,True,2024-04-22T00:00:00,785,2024-04-22T00:00:00,784,2024-04-22T00:00:00,784,2024-04-15T00:00:00,0,2009-04-13T00:00:00,59,ssta_lanina
11,lasso,True,2024-04-22T00:00:00,785,2024-04-22T00:00:00,784,2024-04-22T00:00:00,784,2024-04-15T00:00:00,0,2009-04-13T00:00:00,59,tmax_hot_in_planting
11,lasso,True,2024-04-22T00:00:00,785,2024-04-22T00:00:00,784,2024-04-22T00:00:00,784,2024-04-15T00:00:00,0,2009-04-13T00:00:00,59,tmax_very_hot_in_planting
11,lasso,True,2024-04-22T00:00:00,785,2024-04-22T00:00:00,784,2024-04-22T00:00:00,784,2024-04-15T00:00:00,0,2009-04-13T00:00:00,59,tmin_very_cold_in_harvesting
11,lasso,True,2024-04-22T00:00:00,785,2024-04-22T00:00:00,784,2024-04-22T00:00:00,784,2024-04-15T00:00:00,0,2009-04-13T00:00:00,59,tmin_very_cold_in_planting
9,lasso,False,2024-06-17T00:00:00,793,2024-06-17T00:00:00,792,2024-06-17T00:00:00,792,2024-06-10T00:00:00,0,2009-04-13T00:00:00,60,corn_weekly_rv
9,lasso,False,2024-06-17T00:00:00,793,2024-06-17T00:00:00,792,2024-06-17T00:00:00,792,2024-06-10T00:00:00,0,2009-04-13T00:00:00,60,pdsi_extreme_drought_in_planting
9,lasso,False,2024-06-17T00:00:00,793,2024-06-17T00:00:00,792,2024-06-17T00:00:00,792,2024-06-10T00:00:00,0,2009-04-13T00:00:00,60,soybeans_monthly_rv
9,lasso,False,2024-06-17T00:00:00,793,2024-06-17T00:00:00,792,2024-06-17T00:00:00,792,2024-06-10T00:00:00,0,2009-04-13T00:00:00,60,soybeans_seasonal_rv
9,lasso,False,2024-06-17T00:00:00,793,2024-06-17T00:00:00,792,2024-06-17T00:00:00,792,2024-06-10T00:00:00,0,2009-04-13T00:00:00,60,soybeans_weekly_rv
9,lasso,False,2024-06-17T00:00:00,793,2024-06-17T00:00:00,792,2024-06-17T00:00:00,792,2024-06-10T00:00:00,0,2009-04-13T00:00:00,60,tmax_hot_in_planting
9,lasso,False,2024-06-17T00:00:00,793,2024-06-17T00:00:00,792,2024-06-17T00:00:00,792,2024-06-10T00:00:00,0,2009-04-13T00:00:00,60,tmax_very_hot_in_planting
9,lasso,False,2024-06-17T00:00:00,793,2024-06-17T00:00:00,792,2024-06-17T00:00:00,792,2024-06-10T00:00:00,0,2009-04-13T00:00:00,60,tmin_very_cold_in_harvesting
9,lasso,False,2024-06-17T00:00:00,793,2024-06-17T00:00:00,792,2024-06-17T00:00:00,792,2024-06-10T00:00:00,0,2009-04-13T00:00:00,60,tmin_very_cold_in_planting
9,lasso,True,2024-08-12T00:00:00,801,2024-08-12T00:00:00,800,2024-08-12T00:00:00,800,2024-08-05T00:00:00,0,2009-04-13T00:00:00,61,corn_weekly_rv
9,lasso,True,2024-08-12T00:00:00,801,2024-08-12T00:00:00,800,2024-08-12T00:00:00,800,2024-08-05T00:00:00,0,2009-04-13T00:00:00,61,pdsi_extreme_drought_in_planting
9,lasso,True,2024-08-12T00:00:00,801,2024-08-12T00:00:00,800,2024-08-12T00:00:00,800,2024-08-05T00:00:00,0,2009-04-13T00:00:00,61,soybeans_monthly_rv
9,lasso,True,2024-08-12T00:00:00,801,2024-08-12T00:00:00,800,2024-08-12T00:00:00,800,2024-08-05T00:00:00,0,2009-04-13T00:00:00,61,soybeans_seasonal_rv
9,lasso,True,2024-08-12T00:00:00,801,2024-08-12T00:00:00,800,2024-08-12T00:00:00,800,2024-08-05T00:00:00,0,2009-04-13T00:00:00,61,soybeans_weekly_rv
9,lasso,True,2024-08-12T00:00:00,801,2024-08-12T00:00:00,800,2024-08-12T00:00:00,800,2024-08-05T00:00:00,0,2009-04-13T00:00:00,61,tmax_hot_in_planting
9,lasso,True,2024-08-12T00:00:00,801,2024-08-12T00:00:00,800,2024-08-12T00:00:00,800,2024-08-05T00:00:00,0,2009-04-13T00:00:00,61,tmax_very_hot_in_planting
9,lasso,True,2024-08-12T00:00:00,801,2024-08-12T00:00:00,800,2024-08-12T00:00:00,800,2024-08-05T00:00:00,0,2009-04-13T00:00:00,61,tmin_very_cold_in_harvesting
9,lasso,True,2024-08-12T00:00:00,801,2024-08-12T00:00:00,800,2024-08-12T00:00:00,800,2024-08-05T00:00:00,0,2009-04-13T00:00:00,61,tmin_very_cold_in_planting
9,lasso,True,2024-10-07T00:00:00,809,2024-10-07T00:00:00,808,2024-10-07T00:00:00,808,2024-09-30T00:00:00,0,2009-04-13T00:00:00,62,corn_weekly_rv
9,lasso,True,2024-10-07T00:00:00,809,2024-10-07T00:00:00,808,2024-10-07T00:00:00,808,2024-09-30T00:00:00,0,2009-04-13T00:00:00,62,pdsi_extreme_drought_in_planting
9,lasso,True,2024-10-07T00:00:00,809,2024-10-07T00:00:00,808,2024-10-07T00:00:00,808,2024-09-30T00:00:00,0,2009-04-13T00:00:00,62,soybeans_monthly_rv
9,lasso,True,2024-10-07T00:00:00,809,2024-10-07T00:00:00,808,2024-10-07T00:00:00,808,2024-09-30T00:00:00,0,2009-04-13T00:00:00,62,soybeans_seasonal_rv
9,lasso,True,2024-10-07T00:00:00,809,2024-10-07T00:00:00,808,2024-10-07T00:00:00,808,2024-09-30T00:00:00,0,2009-04-13T00:00:00,62,soybeans_weekly_rv
9,lasso,True,2024-10-07T00:00:00,809,2024-10-07T00:00:00,808,2024-10-07T00:00:00,808,2024-09-30T00:00:00,0,2009-04-13T00:00:00,62,tmax_hot_in_planting
9,lasso,True,2024-10-07T00:00:00,809,2024-10-07T00:00:00,808,2024-10-07T00:00:00,808,2024-09-30T00:00:00,0,2009-04-13T00:00:00,62,tmax_very_hot_in_planting
9,lasso,True,2024-10-07T00:00:00,809,2024-10-07T00:00:00,808,2024-10-07T00:00:00,808,2024-09-30T00:00:00,0,2009-04-13T00:00:00,62,tmin_very_cold_in_harvesting
9,lasso,True,2024-10-07T00:00:00,809,2024-10-07T00:00:00,808,2024-10-07T00:00:00,808,2024-09-30T00:00:00,0,2009-04-13T00:00:00,62,tmin_very_cold_in_planting
9,lasso,True,2024-12-02T00:00:00,817,2024-12-02T00:00:00,816,2024-12-02T00:00:00,816,2024-11-25T00:00:00,0,2009-04-13T00:00:00,63,corn_weekly_rv
9,lasso,True,2024-12-02T00:00:00,817,2024-12-02T00:00:00,816,2024-12-02T00:00:00,816,2024-11-25T00:00:00,0,2009-04-13T00:00:00,63,pdsi_extreme_drought_in_planting
9,lasso,True,2024-12-02T00:00:00,817,2024-12-02T00:00:00,816,2024-12-02T00:00:00,816,2024-11-25T00:00:00,0,2009-04-13T00:00:00,63,soybeans_monthly_rv
9,lasso,True,2024-12-02T00:00:00,817,2024-12-02T00:00:00,816,2024-12-02T00:00:00,816,2024-11-25T00:00:00,0,2009-04-13T00:00:00,63,soybeans_seasonal_rv
9,lasso,True,2024-12-02T00:00:00,817,2024-12-02T00:00:00,816,2024-12-02T00:00:00,816,2024-11-25T00:00:00,0,2009-04-13T00:00:00,63,soybeans_weekly_rv
9,lasso,True,2024-12-02T00:00:00,817,2024-12-02T00:00:00,816,2024-12-02T00:00:00,816,2024-11-25T00:00:00,0,2009-04-13T00:00:00,63,tmax_hot_in_planting
9,lasso,True,2024-12-02T00:00:00,817,2024-12-02T00:00:00,816,2024-12-02T00:00:00,816,2024-11-25T00:00:00,0,2009-04-13T00:00:00,63,tmax_very_hot_in_planting
9,lasso,True,2024-12-02T00:00:00,817,2024-12-02T00:00:00,816,2024-12-02T00:00:00,816,2024-11-25T00:00:00,0,2009-04-13T00:00:00,63,tmin_very_cold_in_harvesting
9,lasso,True,2024-12-02T00:00:00,817,2024-12-02T00:00:00,816,2024-12-02T00:00:00,816,2024-11-25T00:00:00,0,2009-04-13T00:00:00,63,tmin_very_cold_in_planting
9,lasso,False,2025-01-27T00:00:00,825,2025-01-27T00:00:00,824,2025-01-27T00:00:00,824,2025-01-20T00:00:00,0,2009-04-13T00:00:00,64,corn_weekly_rv
9,lasso,False,2025-01-27T00:00:00,825,2025-01-27T00:00:00,824,2025-01-27T00:00:00,824,2025-01-20T00:00:00,0,2009-04-13T00:00:00,64,pdsi_extreme_drought_in_planting
9,lasso,False,2025-01-27T00:00:00,825,2025-01-27T00:00:00,824,2025-01-27T00:00:00,824,2025-01-20T00:00:00,0,2009-04-13T00:00:00,64,soybeans_monthly_rv
9,lasso,False,2025-01-27T00:00:00,825,2025-01-27T00:00:00,824,2025-01-27T00:00:00,824,2025-01-20T00:00:00,0,2009-04-13T00:00:00,64,soybeans_seasonal_rv
9,lasso,False,2025-01-27T00:00:00,825,2025-01-27T00:00:00,824,2025-01-27T00:00:00,824,2025-01-20T00:00:00,0,2009-04-13T00:00:00,64,soybeans_weekly_rv
9,lasso,False,2025-01-27T00:00:00,825,2025-01-27T00:00:00,824,2025-01-27T00:00:00,824,2025-01-20T00:00:00,0,2009-04-13T00:00:00,64,tmax_hot_in_planting
9,lasso,False,2025-01-27T00:00:00,825,2025-01-27T00:00:00,824,2025-01-27T00:00:00,824,2025-01-20T00:00:00,0,2009-04-13T00:00:00,64,tmax_very_hot_in_planting
9,lasso,False,2025-01-27T00:00:00,825,2025-01-27T00:00:00,824,2025-01-27T00:00:00,824,2025-01-20T00:00:00,0,2009-04-13T00:00:00,64,tmin_very_cold_in_harvesting
9,lasso,False,2025-01-27T00:00:00,825,2025-01-27T00:00:00,824,2025-01-27T00:00:00,824,2025-01-20T00:00:00,0,2009-04-13T00:00:00,64,tmin_very_cold_in_planting
