model_type,feature_set,n_selected,selected_features,train_mse,train_mae,train_qlike,train_r2,train_r2log,test_mse,test_mae,test_qlike,test_r2,test_r2log,target_col_raw,target_col_model,target_horizon,core_columns,extra_feature_cols,window_type,initial_train_size,window_test_size,window_step,rolling_window_size,n_windows,selection_method,model_add_constant,model_standardize_features,model_target_transform,model_prediction_floor,model_log_transform_rv_features,model_feature_floor,lasso_best_alpha,bsr_alpha,bsr_window_type,bsr_window_size,bsr_step,grid_search_best_candidate_idx,grid_search_n_candidates,grid_search_metric,grid_search_metric_value,train_adjusted_r2
bsr_expanding,har_endo_exo_climate_macro,89,"wheat_weekly_rv,wheat_monthly_rv,wheat_seasonal_rv,wheat_monthly_lev,wheat_monthly_rsk,wheat_monthly_trd,wheat_monthly_tru,wheat_seasonal_jumps,wheat_seasonal_lev,wheat_seasonal_rku,wheat_seasonal_rsk,wheat_seasonal_rvg,wheat_seasonal_tru,wheat_weekly_rku,wheat_weekly_rvg,wheat_weekly_tru,corn_monthly_rvb,corn_seasonal_rku,corn_seasonal_rv,corn_seasonal_rvb,corn_seasonal_rvg,corn_seasonal_trd,corn_seasonal_tru,corn_weekly_rvb,soybeans_monthly_rku,soybeans_monthly_rsk,soybeans_monthly_rv,soybeans_monthly_rvg,soybeans_monthly_tru,soybeans_seasonal_jumps,soybeans_seasonal_rvg,soybeans_seasonal_trd,soybeans_seasonal_tru,soybeans_weekly_jumps,soybeans_weekly_rku,soybeans_weekly_rvb,soybeans_weekly_trd,ssta_elino,SOI_index,NAO_index,awnd_extreme_high_wind_in_planting,awnd_extreme_high_wind_in_harvesting,DJIA_Index,WTI_Index,wheat_monthly_rvb,wheat_seasonal_rvb,corn_monthly_jumps,corn_seasonal_jumps,corn_seasonal_lev,corn_seasonal_rsk,corn_weekly_lev,corn_weekly_rku,corn_weekly_rv,corn_weekly_trd,soybeans_seasonal_rku,soybeans_weekly_rsk,soybeans_weekly_rvg,pdsi_extreme_wet_in_planting,pdsi_extreme_wet_in_harvesting,Stock_Uncertainty,wheat_monthly_rvg,wheat_weekly_jumps,wheat_weekly_rvb,wheat_weekly_trd,corn_monthly_lev,corn_monthly_rvg,corn_weekly_rvg,corn_weekly_tru,soybeans_weekly_tru,tmax_very_hot_in_harvesting,Broad_Dollar_index,corn_monthly_rv,soybeans_monthly_rvb,soybeans_seasonal_lev,soybeans_seasonal_rv,corn_monthly_rku,soybeans_seasonal_rsk,wheat_monthly_jumps,corn_monthly_rsk,corn_monthly_tru,soybeans_monthly_jumps,soybeans_weekly_lev,ssta_lanina,tmax_very_hot_in_planting,tmin_very_cold_in_planting,tmin_very_cold_in_harvesting,awnd_moderate_high_wind_in_harvesting,soybeans_seasonal_rvb,soybeans_weekly_rv",2.2756043105448506e-06,0.0011009915406146502,-3.192145659669394,0.7828307151555773,0.7996232352735824,5.863850225980256e-06,0.00195698781298664,-3.1911339962541234,0.4263199035906784,0.41491260370344296,wheat_weekly_rv,RV_target,16,"wheat_weekly_rv,wheat_monthly_rv,wheat_seasonal_rv","wheat_monthly_jumps,wheat_monthly_lev,wheat_monthly_rku,wheat_monthly_rsk,wheat_monthly_rvb,wheat_monthly_rvg,wheat_monthly_trd,wheat_monthly_tru,wheat_seasonal_jumps,wheat_seasonal_lev,wheat_seasonal_rku,wheat_seasonal_rsk,wheat_seasonal_rvb,wheat_seasonal_rvg,wheat_seasonal_trd,wheat_seasonal_tru,wheat_weekly_jumps,wheat_weekly_lev,wheat_weekly_rku,wheat_weekly_rsk,wheat_weekly_rvb,wheat_weekly_rvg,wheat_weekly_trd,wheat_weekly_tru,corn_monthly_jumps,corn_monthly_lev,corn_monthly_rku,corn_monthly_rsk,corn_monthly_rv,corn_monthly_rvb,corn_monthly_rvg,corn_monthly_trd,corn_monthly_tru,corn_seasonal_jumps,corn_seasonal_lev,corn_seasonal_rku,corn_seasonal_rsk,corn_seasonal_rv,corn_seasonal_rvb,corn_seasonal_rvg,corn_seasonal_trd,corn_seasonal_tru,corn_weekly_jumps,corn_weekly_lev,corn_weekly_rku,corn_weekly_rsk,corn_weekly_rv,corn_weekly_rvb,corn_weekly_rvg,corn_weekly_trd,corn_weekly_tru,soybeans_monthly_jumps,soybeans_monthly_lev,soybeans_monthly_rku,soybeans_monthly_rsk,soybeans_monthly_rv,soybeans_monthly_rvb,soybeans_monthly_rvg,soybeans_monthly_trd,soybeans_monthly_tru,soybeans_seasonal_jumps,soybeans_seasonal_lev,soybeans_seasonal_rku,soybeans_seasonal_rsk,soybeans_seasonal_rv,soybeans_seasonal_rvb,soybeans_seasonal_rvg,soybeans_seasonal_trd,soybeans_seasonal_tru,soybeans_weekly_jumps,soybeans_weekly_lev,soybeans_weekly_rku,soybeans_weekly_rsk,soybeans_weekly_rv,soybeans_weekly_rvb,soybeans_weekly_rvg,soybeans_weekly_trd,soybeans_weekly_tru,ssta_elino,ssta_lanina,SOI_index,NAO_index,tmax_hot_in_planting,tmax_hot_in_harvesting,tmax_very_hot_in_planting,tmax_very_hot_in_harvesting,tmin_cold_in_planting,tmin_cold_in_harvesting,tmin_very_cold_in_planting,tmin_very_cold_in_harvesting,awnd_moderate_high_wind_in_planting,awnd_moderate_high_wind_in_harvesting,awnd_extreme_high_wind_in_planting,awnd_extreme_high_wind_in_harvesting,pdsi_extreme_wet_in_planting,pdsi_extreme_wet_in_harvesting,co2_extreme_in_planting,co2_extreme_in_harvesting,DJIA_Index,WTI_Index,Broad_Dollar_index,Stock_Uncertainty",expanding,260,1,8,,56,bsr,True,False,log,1e-10,True,1e-10,,0.05,full,,1.0,7,18,test_r2,0.4263199035906784,0.751145360481555
bsr_expanding,har_endo_exo_climate_news,91,"wheat_weekly_rv,wheat_monthly_rv,wheat_seasonal_rv,wheat_monthly_lev,wheat_monthly_rsk,wheat_monthly_rvg,wheat_monthly_trd,wheat_monthly_tru,wheat_seasonal_lev,wheat_seasonal_rku,wheat_seasonal_rsk,wheat_seasonal_rvb,wheat_seasonal_rvg,wheat_weekly_rvb,corn_monthly_rv,corn_monthly_rvb,corn_monthly_tru,corn_seasonal_rku,corn_seasonal_rsk,corn_seasonal_rv,corn_seasonal_rvg,corn_seasonal_tru,corn_weekly_rsk,corn_weekly_rv,corn_weekly_rvb,soybeans_monthly_lev,soybeans_monthly_rku,soybeans_monthly_rvb,soybeans_monthly_rvg,soybeans_monthly_tru,soybeans_seasonal_jumps,soybeans_seasonal_lev,soybeans_seasonal_rv,soybeans_seasonal_rvb,soybeans_seasonal_rvg,soybeans_seasonal_trd,soybeans_seasonal_tru,soybeans_weekly_jumps,soybeans_weekly_rku,soybeans_weekly_rv,ssta_elino,ssta_lanina,SOI_index,awnd_moderate_high_wind_in_planting,awnd_moderate_high_wind_in_harvesting,awnd_extreme_high_wind_in_harvesting,pdsi_extreme_wet_in_planting,pdsi_extreme_wet_in_harvesting,frbsf_sentiment,Text_Climate_Anomaly,epu_index,wheat_monthly_jumps,wheat_monthly_rku,wheat_seasonal_jumps,wheat_seasonal_tru,corn_seasonal_rvb,corn_seasonal_trd,corn_weekly_rku,corn_weekly_rvg,corn_weekly_trd,corn_weekly_tru,soybeans_monthly_rsk,soybeans_monthly_rv,soybeans_seasonal_rku,soybeans_seasonal_rsk,soybeans_weekly_trd,tmax_very_hot_in_harvesting,wheat_monthly_rvb,wheat_seasonal_trd,corn_monthly_jumps,corn_monthly_lev,corn_monthly_rsk,corn_monthly_trd,corn_weekly_jumps,soybeans_monthly_trd,wheat_weekly_lev,wheat_weekly_rsk,corn_seasonal_jumps,soybeans_weekly_lev,soybeans_weekly_rvb,soybeans_weekly_rvg,soybeans_weekly_tru,tmin_very_cold_in_planting,awnd_extreme_high_wind_in_planting,corn_monthly_rvg,corn_seasonal_lev,soybeans_monthly_jumps,tmin_very_cold_in_harvesting,wheat_weekly_jumps,wheat_weekly_trd,tmax_very_hot_in_planting",2.5341287133177596e-06,0.0011733932189216636,-3.195259199436933,0.7612305606031822,0.778789346915632,6.119424122460188e-06,0.0018913535704664511,-3.1930800777962065,0.46351955399024514,0.4336639130975163,wheat_weekly_rv,RV_target,16,"wheat_weekly_rv,wheat_monthly_rv,wheat_seasonal_rv","wheat_monthly_jumps,wheat_monthly_lev,wheat_monthly_rku,wheat_monthly_rsk,wheat_monthly_rvb,wheat_monthly_rvg,wheat_monthly_trd,wheat_monthly_tru,wheat_seasonal_jumps,wheat_seasonal_lev,wheat_seasonal_rku,wheat_seasonal_rsk,wheat_seasonal_rvb,wheat_seasonal_rvg,wheat_seasonal_trd,wheat_seasonal_tru,wheat_weekly_jumps,wheat_weekly_lev,wheat_weekly_rku,wheat_weekly_rsk,wheat_weekly_rvb,wheat_weekly_rvg,wheat_weekly_trd,wheat_weekly_tru,corn_monthly_jumps,corn_monthly_lev,corn_monthly_rku,corn_monthly_rsk,corn_monthly_rv,corn_monthly_rvb,corn_monthly_rvg,corn_monthly_trd,corn_monthly_tru,corn_seasonal_jumps,corn_seasonal_lev,corn_seasonal_rku,corn_seasonal_rsk,corn_seasonal_rv,corn_seasonal_rvb,corn_seasonal_rvg,corn_seasonal_trd,corn_seasonal_tru,corn_weekly_jumps,corn_weekly_lev,corn_weekly_rku,corn_weekly_rsk,corn_weekly_rv,corn_weekly_rvb,corn_weekly_rvg,corn_weekly_trd,corn_weekly_tru,soybeans_monthly_jumps,soybeans_monthly_lev,soybeans_monthly_rku,soybeans_monthly_rsk,soybeans_monthly_rv,soybeans_monthly_rvb,soybeans_monthly_rvg,soybeans_monthly_trd,soybeans_monthly_tru,soybeans_seasonal_jumps,soybeans_seasonal_lev,soybeans_seasonal_rku,soybeans_seasonal_rsk,soybeans_seasonal_rv,soybeans_seasonal_rvb,soybeans_seasonal_rvg,soybeans_seasonal_trd,soybeans_seasonal_tru,soybeans_weekly_jumps,soybeans_weekly_lev,soybeans_weekly_rku,soybeans_weekly_rsk,soybeans_weekly_rv,soybeans_weekly_rvb,soybeans_weekly_rvg,soybeans_weekly_trd,soybeans_weekly_tru,ssta_elino,ssta_lanina,SOI_index,NAO_index,tmax_hot_in_planting,tmax_hot_in_harvesting,tmax_very_hot_in_planting,tmax_very_hot_in_harvesting,tmin_cold_in_planting,tmin_cold_in_harvesting,tmin_very_cold_in_planting,tmin_very_cold_in_harvesting,awnd_moderate_high_wind_in_planting,awnd_moderate_high_wind_in_harvesting,awnd_extreme_high_wind_in_planting,awnd_extreme_high_wind_in_harvesting,pdsi_extreme_wet_in_planting,pdsi_extreme_wet_in_harvesting,co2_extreme_in_planting,co2_extreme_in_harvesting,frbsf_sentiment,Text_Climate_Anomaly,epu_index",expanding,312,1,8,,63,bsr,True,False,log,1e-10,True,1e-10,,0.05,full,,1.0,13,18,test_r2,0.46351955399024514,0.730884165372581
bsr_expanding,har_endo_exo_climate,87,"wheat_weekly_rv,wheat_monthly_rv,wheat_seasonal_rv,wheat_monthly_lev,wheat_monthly_rsk,wheat_monthly_rvg,wheat_monthly_trd,wheat_monthly_tru,wheat_seasonal_lev,wheat_seasonal_rku,wheat_seasonal_rsk,wheat_seasonal_trd,wheat_seasonal_tru,wheat_weekly_lev,wheat_weekly_tru,corn_monthly_jumps,corn_monthly_rv,corn_monthly_rvb,corn_monthly_tru,corn_seasonal_jumps,corn_seasonal_lev,corn_seasonal_rku,corn_seasonal_rv,corn_seasonal_rvg,corn_seasonal_trd,corn_seasonal_tru,corn_weekly_rsk,corn_weekly_rv,corn_weekly_rvb,soybeans_monthly_lev,soybeans_monthly_rku,soybeans_monthly_rsk,soybeans_monthly_rv,soybeans_monthly_rvg,soybeans_monthly_tru,soybeans_seasonal_jumps,soybeans_seasonal_lev,soybeans_seasonal_rv,soybeans_seasonal_rvb,soybeans_seasonal_rvg,soybeans_seasonal_trd,soybeans_weekly_jumps,soybeans_weekly_rku,soybeans_weekly_rv,soybeans_weekly_trd,ssta_elino,ssta_lanina,SOI_index,tmax_very_hot_in_harvesting,tmin_very_cold_in_planting,awnd_extreme_high_wind_in_planting,awnd_extreme_high_wind_in_harvesting,pdsi_extreme_wet_in_planting,pdsi_extreme_wet_in_harvesting,wheat_monthly_jumps,wheat_seasonal_jumps,wheat_seasonal_rvb,wheat_seasonal_rvg,wheat_weekly_rvb,corn_seasonal_rsk,corn_weekly_lev,corn_weekly_trd,soybeans_monthly_rvb,soybeans_seasonal_rku,soybeans_seasonal_tru,corn_monthly_lev,corn_weekly_jumps,corn_weekly_rku,soybeans_monthly_trd,soybeans_seasonal_rsk,soybeans_weekly_rvb,soybeans_weekly_tru,wheat_weekly_rsk,corn_seasonal_rvb,soybeans_weekly_lev,soybeans_weekly_rvg,NAO_index,corn_monthly_rsk,corn_monthly_rvg,wheat_monthly_rvb,corn_monthly_trd,soybeans_monthly_jumps,tmax_very_hot_in_planting,awnd_moderate_high_wind_in_planting,wheat_weekly_jumps,wheat_weekly_trd,tmin_very_cold_in_harvesting",2.5845537195984416e-06,0.0011846591270887692,-3.1951243232842885,0.7564794402603419,0.7725948109553198,6.449103692823251e-06,0.0019323723847721602,-3.192376468558778,0.4346170560738931,0.40351740880706577,wheat_weekly_rv,RV_target,16,"wheat_weekly_rv,wheat_monthly_rv,wheat_seasonal_rv","wheat_monthly_jumps,wheat_monthly_lev,wheat_monthly_rku,wheat_monthly_rsk,wheat_monthly_rvb,wheat_monthly_rvg,wheat_monthly_trd,wheat_monthly_tru,wheat_seasonal_jumps,wheat_seasonal_lev,wheat_seasonal_rku,wheat_seasonal_rsk,wheat_seasonal_rvb,wheat_seasonal_rvg,wheat_seasonal_trd,wheat_seasonal_tru,wheat_weekly_jumps,wheat_weekly_lev,wheat_weekly_rku,wheat_weekly_rsk,wheat_weekly_rvb,wheat_weekly_rvg,wheat_weekly_trd,wheat_weekly_tru,corn_monthly_jumps,corn_monthly_lev,corn_monthly_rku,corn_monthly_rsk,corn_monthly_rv,corn_monthly_rvb,corn_monthly_rvg,corn_monthly_trd,corn_monthly_tru,corn_seasonal_jumps,corn_seasonal_lev,corn_seasonal_rku,corn_seasonal_rsk,corn_seasonal_rv,corn_seasonal_rvb,corn_seasonal_rvg,corn_seasonal_trd,corn_seasonal_tru,corn_weekly_jumps,corn_weekly_lev,corn_weekly_rku,corn_weekly_rsk,corn_weekly_rv,corn_weekly_rvb,corn_weekly_rvg,corn_weekly_trd,corn_weekly_tru,soybeans_monthly_jumps,soybeans_monthly_lev,soybeans_monthly_rku,soybeans_monthly_rsk,soybeans_monthly_rv,soybeans_monthly_rvb,soybeans_monthly_rvg,soybeans_monthly_trd,soybeans_monthly_tru,soybeans_seasonal_jumps,soybeans_seasonal_lev,soybeans_seasonal_rku,soybeans_seasonal_rsk,soybeans_seasonal_rv,soybeans_seasonal_rvb,soybeans_seasonal_rvg,soybeans_seasonal_trd,soybeans_seasonal_tru,soybeans_weekly_jumps,soybeans_weekly_lev,soybeans_weekly_rku,soybeans_weekly_rsk,soybeans_weekly_rv,soybeans_weekly_rvb,soybeans_weekly_rvg,soybeans_weekly_trd,soybeans_weekly_tru,ssta_elino,ssta_lanina,SOI_index,NAO_index,tmax_hot_in_planting,tmax_hot_in_harvesting,tmax_very_hot_in_planting,tmax_very_hot_in_harvesting,tmin_cold_in_planting,tmin_cold_in_harvesting,tmin_very_cold_in_planting,tmin_very_cold_in_harvesting,awnd_moderate_high_wind_in_planting,awnd_moderate_high_wind_in_harvesting,awnd_extreme_high_wind_in_planting,awnd_extreme_high_wind_in_harvesting,pdsi_extreme_wet_in_planting,pdsi_extreme_wet_in_harvesting,co2_extreme_in_planting,co2_extreme_in_harvesting",expanding,312,1,8,,63,bsr,True,False,log,1e-10,True,1e-10,,0.05,full,,1.0,13,18,test_r2,0.4346170560738931,0.7270540392917999
bsr_expanding,har,3,"wheat_weekly_rv,wheat_monthly_rv,wheat_seasonal_rv",6.334369350842381e-06,0.0019452310216120225,-3.1881858611212492,0.4021511571396592,0.42330261429480665,6.669364588076507e-06,0.001965814755163073,-3.2185165620746514,0.3872522533631697,0.38883628312381757,wheat_weekly_rv,RV_target,16,"wheat_weekly_rv,wheat_monthly_rv,wheat_seasonal_rv",,expanding,208,2,4,,152,bsr,True,False,log,1e-10,True,1e-10,,0.05,full,,1.0,2,18,test_r2,0.3872522533631697,0.39993142133696
bsr_expanding,har_endo,18,"wheat_weekly_rv,wheat_monthly_rv,wheat_seasonal_rv,wheat_monthly_jumps,wheat_monthly_rsk,wheat_monthly_trd,wheat_monthly_tru,wheat_seasonal_jumps,wheat_seasonal_lev,wheat_seasonal_rsk,wheat_seasonal_rvb,wheat_seasonal_rvg,wheat_seasonal_tru,wheat_seasonal_trd,wheat_seasonal_rku,wheat_monthly_rvg,wheat_monthly_lev,wheat_monthly_rvb",5.282415301638968e-06,0.0017213074229574005,-3.1893322083422055,0.5022828423808816,0.5202793906503076,6.772861174699333e-06,0.0019686856789514,-3.191747576343731,0.39924747245894443,0.38086498825681847,wheat_weekly_rv,RV_target,16,"wheat_weekly_rv,wheat_monthly_rv,wheat_seasonal_rv","wheat_monthly_jumps,wheat_monthly_lev,wheat_monthly_rku,wheat_monthly_rsk,wheat_monthly_rvb,wheat_monthly_rvg,wheat_monthly_trd,wheat_monthly_tru,wheat_seasonal_jumps,wheat_seasonal_lev,wheat_seasonal_rku,wheat_seasonal_rsk,wheat_seasonal_rvb,wheat_seasonal_rvg,wheat_seasonal_trd,wheat_seasonal_tru,wheat_weekly_jumps,wheat_weekly_lev,wheat_weekly_rku,wheat_weekly_rsk,wheat_weekly_rvb,wheat_weekly_rvg,wheat_weekly_trd,wheat_weekly_tru",expanding,312,2,8,,63,bsr,True,False,log,1e-10,True,1e-10,,0.05,full,,1.0,15,18,test_r2,0.39924747245894443,0.4909280783287344
bsr_expanding,har_endo_exo,63,"wheat_weekly_rv,wheat_monthly_rv,wheat_seasonal_rv,wheat_monthly_lev,wheat_monthly_rsk,wheat_monthly_rvg,wheat_monthly_trd,wheat_monthly_tru,wheat_seasonal_jumps,wheat_seasonal_lev,wheat_seasonal_rku,wheat_seasonal_rsk,wheat_seasonal_rvb,wheat_seasonal_rvg,wheat_seasonal_tru,corn_monthly_rku,corn_monthly_rv,corn_monthly_rvb,corn_monthly_tru,corn_seasonal_jumps,corn_seasonal_lev,corn_seasonal_rku,corn_seasonal_rvb,corn_seasonal_trd,corn_seasonal_tru,corn_weekly_lev,corn_weekly_rvb,soybeans_monthly_lev,soybeans_monthly_rku,soybeans_monthly_rsk,soybeans_monthly_tru,soybeans_seasonal_jumps,soybeans_seasonal_lev,soybeans_seasonal_rv,soybeans_seasonal_rvb,soybeans_seasonal_rvg,soybeans_seasonal_trd,soybeans_seasonal_tru,soybeans_weekly_lev,soybeans_weekly_rku,soybeans_weekly_rsk,soybeans_weekly_rv,soybeans_weekly_rvg,soybeans_weekly_trd,soybeans_weekly_tru,wheat_monthly_jumps,corn_monthly_rsk,corn_monthly_rvg,corn_seasonal_rsk,corn_seasonal_rv,corn_seasonal_rvg,corn_weekly_trd,soybeans_monthly_rv,soybeans_monthly_rvg,soybeans_seasonal_rku,soybeans_weekly_rvb,wheat_seasonal_trd,soybeans_seasonal_rsk,soybeans_weekly_jumps,corn_weekly_jumps,soybeans_monthly_rvb,soybeans_monthly_trd,soybeans_monthly_jumps",3.2149453912130757e-06,0.0013283517157252178,-3.194012975349158,0.6970829837027798,0.7232842668339743,6.93052535708727e-06,0.0019180455559445722,-3.191352249698636,0.39241156353168205,0.3674220327919002,wheat_weekly_rv,RV_target,16,"wheat_weekly_rv,wheat_monthly_rv,wheat_seasonal_rv","wheat_monthly_jumps,wheat_monthly_lev,wheat_monthly_rku,wheat_monthly_rsk,wheat_monthly_rvb,wheat_monthly_rvg,wheat_monthly_trd,wheat_monthly_tru,wheat_seasonal_jumps,wheat_seasonal_lev,wheat_seasonal_rku,wheat_seasonal_rsk,wheat_seasonal_rvb,wheat_seasonal_rvg,wheat_seasonal_trd,wheat_seasonal_tru,wheat_weekly_jumps,wheat_weekly_lev,wheat_weekly_rku,wheat_weekly_rsk,wheat_weekly_rvb,wheat_weekly_rvg,wheat_weekly_trd,wheat_weekly_tru,corn_monthly_jumps,corn_monthly_lev,corn_monthly_rku,corn_monthly_rsk,corn_monthly_rv,corn_monthly_rvb,corn_monthly_rvg,corn_monthly_trd,corn_monthly_tru,corn_seasonal_jumps,corn_seasonal_lev,corn_seasonal_rku,corn_seasonal_rsk,corn_seasonal_rv,corn_seasonal_rvb,corn_seasonal_rvg,corn_seasonal_trd,corn_seasonal_tru,corn_weekly_jumps,corn_weekly_lev,corn_weekly_rku,corn_weekly_rsk,corn_weekly_rv,corn_weekly_rvb,corn_weekly_rvg,corn_weekly_trd,corn_weekly_tru,soybeans_monthly_jumps,soybeans_monthly_lev,soybeans_monthly_rku,soybeans_monthly_rsk,soybeans_monthly_rv,soybeans_monthly_rvb,soybeans_monthly_rvg,soybeans_monthly_trd,soybeans_monthly_tru,soybeans_seasonal_jumps,soybeans_seasonal_lev,soybeans_seasonal_rku,soybeans_seasonal_rsk,soybeans_seasonal_rv,soybeans_seasonal_rvb,soybeans_seasonal_rvg,soybeans_seasonal_trd,soybeans_seasonal_tru,soybeans_weekly_jumps,soybeans_weekly_lev,soybeans_weekly_rku,soybeans_weekly_rsk,soybeans_weekly_rv,soybeans_weekly_rvb,soybeans_weekly_rvg,soybeans_weekly_trd,soybeans_weekly_tru",expanding,312,1,8,,63,bsr,True,False,log,1e-10,True,1e-10,,0.05,full,,1.0,13,18,test_r2,0.39241156353168205,0.6714327524840635
bsr_expanding,har_endo_exo_climate_news_macro,95,"wheat_weekly_rv,wheat_monthly_rv,wheat_seasonal_rv,wheat_monthly_rsk,wheat_monthly_rvb,wheat_seasonal_rku,wheat_seasonal_rsk,wheat_seasonal_rvb,wheat_seasonal_rvg,wheat_seasonal_trd,wheat_seasonal_tru,wheat_weekly_rku,wheat_weekly_rvb,corn_monthly_jumps,corn_monthly_lev,corn_monthly_rku,corn_monthly_rv,corn_monthly_rvb,corn_monthly_tru,corn_seasonal_jumps,corn_seasonal_rku,corn_seasonal_rv,corn_seasonal_rvg,corn_seasonal_trd,corn_seasonal_tru,corn_weekly_rku,corn_weekly_rsk,corn_weekly_rv,corn_weekly_rvb,corn_weekly_trd,corn_weekly_tru,soybeans_monthly_rku,soybeans_monthly_rsk,soybeans_monthly_tru,soybeans_seasonal_jumps,soybeans_seasonal_rv,soybeans_seasonal_trd,soybeans_seasonal_tru,soybeans_weekly_jumps,soybeans_weekly_rku,soybeans_weekly_rvb,soybeans_weekly_trd,ssta_elino,SOI_index,awnd_extreme_high_wind_in_planting,awnd_extreme_high_wind_in_harvesting,pdsi_extreme_wet_in_planting,pdsi_extreme_wet_in_harvesting,frbsf_sentiment,Text_Climate_Anomaly,DJIA_Index,WTI_Index,Broad_Dollar_index,wheat_monthly_lev,wheat_seasonal_jumps,wheat_weekly_jumps,wheat_weekly_trd,corn_seasonal_rsk,corn_weekly_rvg,soybeans_monthly_lev,soybeans_monthly_rv,soybeans_monthly_rvg,soybeans_seasonal_rku,soybeans_seasonal_rvb,soybeans_seasonal_rvg,ssta_lanina,NAO_index,tmax_very_hot_in_harvesting,awnd_moderate_high_wind_in_planting,corn_monthly_rvg,soybeans_monthly_rvb,soybeans_monthly_trd,soybeans_seasonal_rsk,wheat_monthly_rku,wheat_monthly_rvg,wheat_monthly_tru,wheat_monthly_trd,wheat_weekly_rvg,wheat_weekly_tru,corn_seasonal_rvb,corn_weekly_jumps,soybeans_seasonal_lev,soybeans_weekly_lev,soybeans_weekly_rvg,soybeans_weekly_tru,wheat_monthly_jumps,corn_monthly_rsk,corn_seasonal_lev,tmin_very_cold_in_planting,soybeans_monthly_jumps,soybeans_weekly_rv,tmin_very_cold_in_harvesting,awnd_moderate_high_wind_in_harvesting,tmax_very_hot_in_planting,corn_monthly_trd",2.0437319071160505e-06,0.0010615974055483974,-3.1935425505443775,0.8046144372191734,0.8176000890649273,7.993143527239621e-06,0.0020939919766590253,-3.1747922519346807,0.29627576041157255,0.2799680565689876,wheat_weekly_rv,RV_target,16,"wheat_weekly_rv,wheat_monthly_rv,wheat_seasonal_rv","wheat_monthly_jumps,wheat_monthly_lev,wheat_monthly_rku,wheat_monthly_rsk,wheat_monthly_rvb,wheat_monthly_rvg,wheat_monthly_trd,wheat_monthly_tru,wheat_seasonal_jumps,wheat_seasonal_lev,wheat_seasonal_rku,wheat_seasonal_rsk,wheat_seasonal_rvb,wheat_seasonal_rvg,wheat_seasonal_trd,wheat_seasonal_tru,wheat_weekly_jumps,wheat_weekly_lev,wheat_weekly_rku,wheat_weekly_rsk,wheat_weekly_rvb,wheat_weekly_rvg,wheat_weekly_trd,wheat_weekly_tru,corn_monthly_jumps,corn_monthly_lev,corn_monthly_rku,corn_monthly_rsk,corn_monthly_rv,corn_monthly_rvb,corn_monthly_rvg,corn_monthly_trd,corn_monthly_tru,corn_seasonal_jumps,corn_seasonal_lev,corn_seasonal_rku,corn_seasonal_rsk,corn_seasonal_rv,corn_seasonal_rvb,corn_seasonal_rvg,corn_seasonal_trd,corn_seasonal_tru,corn_weekly_jumps,corn_weekly_lev,corn_weekly_rku,corn_weekly_rsk,corn_weekly_rv,corn_weekly_rvb,corn_weekly_rvg,corn_weekly_trd,corn_weekly_tru,soybeans_monthly_jumps,soybeans_monthly_lev,soybeans_monthly_rku,soybeans_monthly_rsk,soybeans_monthly_rv,soybeans_monthly_rvb,soybeans_monthly_rvg,soybeans_monthly_trd,soybeans_monthly_tru,soybeans_seasonal_jumps,soybeans_seasonal_lev,soybeans_seasonal_rku,soybeans_seasonal_rsk,soybeans_seasonal_rv,soybeans_seasonal_rvb,soybeans_seasonal_rvg,soybeans_seasonal_trd,soybeans_seasonal_tru,soybeans_weekly_jumps,soybeans_weekly_lev,soybeans_weekly_rku,soybeans_weekly_rsk,soybeans_weekly_rv,soybeans_weekly_rvb,soybeans_weekly_rvg,soybeans_weekly_trd,soybeans_weekly_tru,ssta_elino,ssta_lanina,SOI_index,NAO_index,tmax_hot_in_planting,tmax_hot_in_harvesting,tmax_very_hot_in_planting,tmax_very_hot_in_harvesting,tmin_cold_in_planting,tmin_cold_in_harvesting,tmin_very_cold_in_planting,tmin_very_cold_in_harvesting,awnd_moderate_high_wind_in_planting,awnd_moderate_high_wind_in_harvesting,awnd_extreme_high_wind_in_planting,awnd_extreme_high_wind_in_harvesting,pdsi_extreme_wet_in_planting,pdsi_extreme_wet_in_harvesting,co2_extreme_in_planting,co2_extreme_in_harvesting,frbsf_sentiment,Text_Climate_Anomaly,epu_index,DJIA_Index,WTI_Index,Broad_Dollar_index,Stock_Uncertainty",expanding,312,1,4,,99,bsr,True,False,log,1e-10,True,1e-10,,0.05,full,,1.0,12,18,test_r2,0.29627576041157255,0.7740854430346692
bsr_expanding,har_endo_exo_news,69,"wheat_weekly_rv,wheat_monthly_rv,wheat_seasonal_rv,wheat_monthly_jumps,wheat_monthly_lev,wheat_monthly_rku,wheat_monthly_rsk,wheat_monthly_trd,wheat_seasonal_jumps,wheat_seasonal_rsk,wheat_seasonal_rvb,wheat_seasonal_rvg,wheat_seasonal_tru,corn_monthly_lev,corn_monthly_rku,corn_monthly_rvb,corn_monthly_rvg,corn_monthly_tru,corn_seasonal_jumps,corn_seasonal_lev,corn_seasonal_rku,corn_seasonal_rvb,corn_seasonal_trd,corn_seasonal_tru,corn_weekly_lev,corn_weekly_rvb,corn_weekly_tru,soybeans_monthly_lev,soybeans_monthly_rku,soybeans_monthly_rsk,soybeans_monthly_rvb,soybeans_seasonal_jumps,soybeans_seasonal_lev,soybeans_seasonal_rv,soybeans_seasonal_rvb,soybeans_seasonal_rvg,soybeans_seasonal_trd,soybeans_seasonal_tru,soybeans_weekly_lev,soybeans_weekly_rku,soybeans_weekly_rsk,soybeans_weekly_rv,soybeans_weekly_rvg,soybeans_weekly_trd,soybeans_weekly_tru,frbsf_sentiment,epu_index,wheat_monthly_tru,corn_monthly_rsk,corn_seasonal_rsk,corn_seasonal_rv,corn_seasonal_rvg,corn_weekly_rvg,corn_weekly_trd,soybeans_monthly_rv,soybeans_monthly_rvg,soybeans_seasonal_rku,soybeans_weekly_jumps,wheat_monthly_rvg,wheat_seasonal_trd,corn_monthly_rv,soybeans_weekly_rvb,Text_Climate_Anomaly,wheat_seasonal_rku,corn_weekly_rv,soybeans_seasonal_rsk,soybeans_monthly_jumps,soybeans_monthly_trd,corn_weekly_jumps",3.090666911346675e-06,0.001301717857525164,-3.194242830004566,0.7087926900057162,0.7342047589746552,8.004030397286544e-06,0.002122929434899055,-3.189407815680642,0.2982990373797455,0.2913152863673393,wheat_weekly_rv,RV_target,16,"wheat_weekly_rv,wheat_monthly_rv,wheat_seasonal_rv","wheat_monthly_jumps,wheat_monthly_lev,wheat_monthly_rku,wheat_monthly_rsk,wheat_monthly_rvb,wheat_monthly_rvg,wheat_monthly_trd,wheat_monthly_tru,wheat_seasonal_jumps,wheat_seasonal_lev,wheat_seasonal_rku,wheat_seasonal_rsk,wheat_seasonal_rvb,wheat_seasonal_rvg,wheat_seasonal_trd,wheat_seasonal_tru,wheat_weekly_jumps,wheat_weekly_lev,wheat_weekly_rku,wheat_weekly_rsk,wheat_weekly_rvb,wheat_weekly_rvg,wheat_weekly_trd,wheat_weekly_tru,corn_monthly_jumps,corn_monthly_lev,corn_monthly_rku,corn_monthly_rsk,corn_monthly_rv,corn_monthly_rvb,corn_monthly_rvg,corn_monthly_trd,corn_monthly_tru,corn_seasonal_jumps,corn_seasonal_lev,corn_seasonal_rku,corn_seasonal_rsk,corn_seasonal_rv,corn_seasonal_rvb,corn_seasonal_rvg,corn_seasonal_trd,corn_seasonal_tru,corn_weekly_jumps,corn_weekly_lev,corn_weekly_rku,corn_weekly_rsk,corn_weekly_rv,corn_weekly_rvb,corn_weekly_rvg,corn_weekly_trd,corn_weekly_tru,soybeans_monthly_jumps,soybeans_monthly_lev,soybeans_monthly_rku,soybeans_monthly_rsk,soybeans_monthly_rv,soybeans_monthly_rvb,soybeans_monthly_rvg,soybeans_monthly_trd,soybeans_monthly_tru,soybeans_seasonal_jumps,soybeans_seasonal_lev,soybeans_seasonal_rku,soybeans_seasonal_rsk,soybeans_seasonal_rv,soybeans_seasonal_rvb,soybeans_seasonal_rvg,soybeans_seasonal_trd,soybeans_seasonal_tru,soybeans_weekly_jumps,soybeans_weekly_lev,soybeans_weekly_rku,soybeans_weekly_rsk,soybeans_weekly_rv,soybeans_weekly_rvb,soybeans_weekly_rvg,soybeans_weekly_trd,soybeans_weekly_tru,frbsf_sentiment,Text_Climate_Anomaly,epu_index",expanding,312,1,8,,63,bsr,True,False,log,1e-10,True,1e-10,,0.05,full,,1.0,13,18,test_r2,0.2982990373797455,0.6815659902908036
bsr_expanding,har_endo_exo_news_macro,81,"wheat_weekly_rv,wheat_monthly_rv,wheat_seasonal_rv,wheat_monthly_jumps,wheat_monthly_rsk,wheat_monthly_trd,wheat_seasonal_jumps,wheat_seasonal_rku,wheat_seasonal_rsk,wheat_seasonal_rvb,wheat_seasonal_rvg,wheat_seasonal_tru,wheat_weekly_trd,corn_monthly_jumps,corn_monthly_lev,corn_monthly_rsk,corn_monthly_rvb,corn_monthly_rvg,corn_monthly_tru,corn_seasonal_jumps,corn_seasonal_rku,corn_seasonal_rvb,corn_seasonal_trd,corn_seasonal_tru,corn_weekly_lev,corn_weekly_rku,corn_weekly_rv,corn_weekly_rvb,corn_weekly_trd,corn_weekly_tru,soybeans_monthly_lev,soybeans_monthly_rsk,soybeans_monthly_rvb,soybeans_monthly_trd,soybeans_seasonal_jumps,soybeans_seasonal_rv,soybeans_seasonal_rvb,soybeans_seasonal_rvg,soybeans_seasonal_trd,soybeans_weekly_jumps,soybeans_weekly_rku,soybeans_weekly_rsk,soybeans_weekly_rv,soybeans_weekly_trd,frbsf_sentiment,DJIA_Index,WTI_Index,Broad_Dollar_index,wheat_seasonal_lev,wheat_seasonal_trd,wheat_weekly_jumps,corn_monthly_rv,corn_seasonal_lev,corn_seasonal_rvg,soybeans_monthly_rku,soybeans_monthly_rv,soybeans_monthly_rvg,soybeans_monthly_tru,soybeans_seasonal_rku,soybeans_seasonal_tru,soybeans_weekly_rvg,wheat_monthly_lev,wheat_weekly_rvg,wheat_weekly_tru,corn_seasonal_rsk,corn_seasonal_rv,epu_index,Stock_Uncertainty,corn_weekly_rsk,soybeans_seasonal_rsk,soybeans_weekly_tru,Text_Climate_Anomaly,wheat_monthly_rvg,wheat_monthly_tru,wheat_weekly_lev,wheat_weekly_rvb,soybeans_monthly_jumps,soybeans_weekly_lev,corn_weekly_rvg,soybeans_seasonal_lev,wheat_weekly_rku",2.674543195369794e-06,0.0012167336320434141,-3.192360731120638,0.7443073988376674,0.7647004711795022,8.329673032075398e-06,0.0020671357062193104,-3.1744585214597385,0.30256334806489915,0.27106318755984715,wheat_weekly_rv,RV_target,16,"wheat_weekly_rv,wheat_monthly_rv,wheat_seasonal_rv","wheat_monthly_jumps,wheat_monthly_lev,wheat_monthly_rku,wheat_monthly_rsk,wheat_monthly_rvb,wheat_monthly_rvg,wheat_monthly_trd,wheat_monthly_tru,wheat_seasonal_jumps,wheat_seasonal_lev,wheat_seasonal_rku,wheat_seasonal_rsk,wheat_seasonal_rvb,wheat_seasonal_rvg,wheat_seasonal_trd,wheat_seasonal_tru,wheat_weekly_jumps,wheat_weekly_lev,wheat_weekly_rku,wheat_weekly_rsk,wheat_weekly_rvb,wheat_weekly_rvg,wheat_weekly_trd,wheat_weekly_tru,corn_monthly_jumps,corn_monthly_lev,corn_monthly_rku,corn_monthly_rsk,corn_monthly_rv,corn_monthly_rvb,corn_monthly_rvg,corn_monthly_trd,corn_monthly_tru,corn_seasonal_jumps,corn_seasonal_lev,corn_seasonal_rku,corn_seasonal_rsk,corn_seasonal_rv,corn_seasonal_rvb,corn_seasonal_rvg,corn_seasonal_trd,corn_seasonal_tru,corn_weekly_jumps,corn_weekly_lev,corn_weekly_rku,corn_weekly_rsk,corn_weekly_rv,corn_weekly_rvb,corn_weekly_rvg,corn_weekly_trd,corn_weekly_tru,soybeans_monthly_jumps,soybeans_monthly_lev,soybeans_monthly_rku,soybeans_monthly_rsk,soybeans_monthly_rv,soybeans_monthly_rvb,soybeans_monthly_rvg,soybeans_monthly_trd,soybeans_monthly_tru,soybeans_seasonal_jumps,soybeans_seasonal_lev,soybeans_seasonal_rku,soybeans_seasonal_rsk,soybeans_seasonal_rv,soybeans_seasonal_rvb,soybeans_seasonal_rvg,soybeans_seasonal_trd,soybeans_seasonal_tru,soybeans_weekly_jumps,soybeans_weekly_lev,soybeans_weekly_rku,soybeans_weekly_rsk,soybeans_weekly_rv,soybeans_weekly_rvb,soybeans_weekly_rvg,soybeans_weekly_trd,soybeans_weekly_tru,frbsf_sentiment,Text_Climate_Anomaly,epu_index,DJIA_Index,WTI_Index,Broad_Dollar_index,Stock_Uncertainty",expanding,312,1,8,,50,bsr,True,False,log,1e-10,True,1e-10,,0.05,full,,1.0,13,18,test_r2,0.30256334806489915,0.711009809297235
bsr_expanding,har_endo_exo_macro,79,"wheat_weekly_rv,wheat_monthly_rv,wheat_seasonal_rv,wheat_monthly_rsk,wheat_monthly_trd,wheat_monthly_tru,wheat_seasonal_jumps,wheat_seasonal_rku,wheat_seasonal_rsk,wheat_seasonal_rvb,wheat_seasonal_rvg,wheat_seasonal_tru,wheat_weekly_tru,corn_monthly_lev,corn_monthly_rvb,corn_seasonal_jumps,corn_seasonal_rvb,corn_seasonal_trd,corn_seasonal_tru,corn_weekly_lev,corn_weekly_rv,corn_weekly_rvb,corn_weekly_trd,soybeans_monthly_rku,soybeans_monthly_rsk,soybeans_monthly_tru,soybeans_seasonal_jumps,soybeans_seasonal_rv,soybeans_seasonal_rvg,soybeans_seasonal_trd,soybeans_weekly_jumps,soybeans_weekly_rku,soybeans_weekly_rsk,soybeans_weekly_rv,soybeans_weekly_trd,DJIA_Index,WTI_Index,Broad_Dollar_index,Stock_Uncertainty,wheat_seasonal_trd,wheat_weekly_jumps,corn_monthly_rv,corn_seasonal_lev,corn_seasonal_rsk,corn_seasonal_rvg,corn_weekly_rku,soybeans_monthly_rv,soybeans_monthly_rvg,soybeans_seasonal_rku,soybeans_seasonal_rsk,soybeans_seasonal_rvb,soybeans_seasonal_tru,soybeans_weekly_lev,soybeans_weekly_rvb,wheat_monthly_lev,wheat_weekly_rvg,corn_seasonal_rku,corn_seasonal_rv,soybeans_monthly_rvb,soybeans_weekly_rvg,wheat_monthly_jumps,corn_monthly_rsk,corn_monthly_rvg,corn_weekly_rsk,soybeans_monthly_lev,wheat_monthly_rvg,wheat_weekly_lev,wheat_weekly_rvb,wheat_weekly_trd,corn_monthly_tru,soybeans_monthly_jumps,soybeans_weekly_tru,corn_weekly_rvg,corn_weekly_tru,soybeans_monthly_trd,soybeans_seasonal_lev,wheat_monthly_rku,wheat_weekly_rku,corn_monthly_trd",2.8666782322520946e-06,0.0012511546602267888,-3.1919409536495067,0.7259388387635933,0.7455114123022737,9.586701864221621e-06,0.0021737023914785154,-3.172176145061461,0.1973133608562757,0.19019970453890833,wheat_weekly_rv,RV_target,16,"wheat_weekly_rv,wheat_monthly_rv,wheat_seasonal_rv","wheat_monthly_jumps,wheat_monthly_lev,wheat_monthly_rku,wheat_monthly_rsk,wheat_monthly_rvb,wheat_monthly_rvg,wheat_monthly_trd,wheat_monthly_tru,wheat_seasonal_jumps,wheat_seasonal_lev,wheat_seasonal_rku,wheat_seasonal_rsk,wheat_seasonal_rvb,wheat_seasonal_rvg,wheat_seasonal_trd,wheat_seasonal_tru,wheat_weekly_jumps,wheat_weekly_lev,wheat_weekly_rku,wheat_weekly_rsk,wheat_weekly_rvb,wheat_weekly_rvg,wheat_weekly_trd,wheat_weekly_tru,corn_monthly_jumps,corn_monthly_lev,corn_monthly_rku,corn_monthly_rsk,corn_monthly_rv,corn_monthly_rvb,corn_monthly_rvg,corn_monthly_trd,corn_monthly_tru,corn_seasonal_jumps,corn_seasonal_lev,corn_seasonal_rku,corn_seasonal_rsk,corn_seasonal_rv,corn_seasonal_rvb,corn_seasonal_rvg,corn_seasonal_trd,corn_seasonal_tru,corn_weekly_jumps,corn_weekly_lev,corn_weekly_rku,corn_weekly_rsk,corn_weekly_rv,corn_weekly_rvb,corn_weekly_rvg,corn_weekly_trd,corn_weekly_tru,soybeans_monthly_jumps,soybeans_monthly_lev,soybeans_monthly_rku,soybeans_monthly_rsk,soybeans_monthly_rv,soybeans_monthly_rvb,soybeans_monthly_rvg,soybeans_monthly_trd,soybeans_monthly_tru,soybeans_seasonal_jumps,soybeans_seasonal_lev,soybeans_seasonal_rku,soybeans_seasonal_rsk,soybeans_seasonal_rv,soybeans_seasonal_rvb,soybeans_seasonal_rvg,soybeans_seasonal_trd,soybeans_seasonal_tru,soybeans_weekly_jumps,soybeans_weekly_lev,soybeans_weekly_rku,soybeans_weekly_rsk,soybeans_weekly_rv,soybeans_weekly_rvb,soybeans_weekly_rvg,soybeans_weekly_trd,soybeans_weekly_tru,DJIA_Index,WTI_Index,Broad_Dollar_index,Stock_Uncertainty",expanding,312,1,8,,50,bsr,True,False,log,1e-10,True,1e-10,,0.05,full,,1.0,13,18,test_r2,0.1973133608562757,0.691241993030138
bsr_rolling,har_endo_exo_climate_news_macro,98,"wheat_weekly_rv,wheat_monthly_rv,wheat_seasonal_rv,wheat_monthly_lev,wheat_monthly_rsk,wheat_monthly_rvg,wheat_monthly_trd,wheat_monthly_tru,wheat_seasonal_jumps,wheat_seasonal_lev,wheat_seasonal_rku,wheat_seasonal_rsk,wheat_seasonal_rvb,wheat_weekly_rku,wheat_weekly_rvb,corn_monthly_jumps,corn_monthly_lev,corn_monthly_rvb,corn_monthly_rvg,corn_monthly_tru,corn_seasonal_jumps,corn_seasonal_rku,corn_seasonal_rv,corn_seasonal_rvg,corn_seasonal_tru,corn_weekly_jumps,corn_weekly_rku,corn_weekly_rsk,corn_weekly_rv,corn_weekly_rvb,soybeans_monthly_lev,soybeans_monthly_rku,soybeans_monthly_rsk,soybeans_monthly_rv,soybeans_monthly_rvg,soybeans_monthly_tru,soybeans_seasonal_jumps,soybeans_seasonal_rvg,soybeans_seasonal_trd,soybeans_seasonal_tru,soybeans_weekly_jumps,soybeans_weekly_rku,soybeans_weekly_rsk,soybeans_weekly_rv,soybeans_weekly_trd,SOI_index,tmax_very_hot_in_planting,awnd_extreme_high_wind_in_harvesting,pdsi_extreme_wet_in_planting,frbsf_sentiment,DJIA_Index,WTI_Index,wheat_monthly_rvb,wheat_seasonal_trd,corn_seasonal_trd,corn_weekly_rvg,corn_weekly_trd,corn_weekly_tru,soybeans_seasonal_lev,soybeans_weekly_rvg,ssta_elino,awnd_moderate_high_wind_in_harvesting,Text_Climate_Anomaly,Broad_Dollar_index,wheat_monthly_rku,wheat_seasonal_rvg,wheat_seasonal_tru,corn_monthly_rku,corn_seasonal_rsk,corn_seasonal_rvb,soybeans_monthly_rvb,soybeans_monthly_trd,soybeans_seasonal_rku,soybeans_weekly_lev,soybeans_weekly_rvb,soybeans_weekly_tru,NAO_index,tmin_cold_in_harvesting,Stock_Uncertainty,wheat_weekly_lev,wheat_weekly_trd,corn_monthly_rsk,corn_monthly_rv,soybeans_seasonal_rsk,soybeans_seasonal_rvb,ssta_lanina,wheat_weekly_rsk,corn_weekly_lev,wheat_monthly_jumps,wheat_weekly_rvg,wheat_weekly_tru,soybeans_monthly_jumps,tmax_hot_in_planting,tmin_very_cold_in_planting,corn_monthly_trd,soybeans_seasonal_rv,tmin_cold_in_planting,pdsi_extreme_wet_in_harvesting",7.556277629211783e-07,0.0006530028864450981,-3.195155329476296,0.9278876647746844,0.9355709508298556,4.260337052085143e-06,0.0016851505062636647,-3.1947500075181696,0.5831969650336974,0.5648160533902646,wheat_weekly_rv,RV_target,16,"wheat_weekly_rv,wheat_monthly_rv,wheat_seasonal_rv","wheat_monthly_jumps,wheat_monthly_lev,wheat_monthly_rku,wheat_monthly_rsk,wheat_monthly_rvb,wheat_monthly_rvg,wheat_monthly_trd,wheat_monthly_tru,wheat_seasonal_jumps,wheat_seasonal_lev,wheat_seasonal_rku,wheat_seasonal_rsk,wheat_seasonal_rvb,wheat_seasonal_rvg,wheat_seasonal_trd,wheat_seasonal_tru,wheat_weekly_jumps,wheat_weekly_lev,wheat_weekly_rku,wheat_weekly_rsk,wheat_weekly_rvb,wheat_weekly_rvg,wheat_weekly_trd,wheat_weekly_tru,corn_monthly_jumps,corn_monthly_lev,corn_monthly_rku,corn_monthly_rsk,corn_monthly_rv,corn_monthly_rvb,corn_monthly_rvg,corn_monthly_trd,corn_monthly_tru,corn_seasonal_jumps,corn_seasonal_lev,corn_seasonal_rku,corn_seasonal_rsk,corn_seasonal_rv,corn_seasonal_rvb,corn_seasonal_rvg,corn_seasonal_trd,corn_seasonal_tru,corn_weekly_jumps,corn_weekly_lev,corn_weekly_rku,corn_weekly_rsk,corn_weekly_rv,corn_weekly_rvb,corn_weekly_rvg,corn_weekly_trd,corn_weekly_tru,soybeans_monthly_jumps,soybeans_monthly_lev,soybeans_monthly_rku,soybeans_monthly_rsk,soybeans_monthly_rv,soybeans_monthly_rvb,soybeans_monthly_rvg,soybeans_monthly_trd,soybeans_monthly_tru,soybeans_seasonal_jumps,soybeans_seasonal_lev,soybeans_seasonal_rku,soybeans_seasonal_rsk,soybeans_seasonal_rv,soybeans_seasonal_rvb,soybeans_seasonal_rvg,soybeans_seasonal_trd,soybeans_seasonal_tru,soybeans_weekly_jumps,soybeans_weekly_lev,soybeans_weekly_rku,soybeans_weekly_rsk,soybeans_weekly_rv,soybeans_weekly_rvb,soybeans_weekly_rvg,soybeans_weekly_trd,soybeans_weekly_tru,ssta_elino,ssta_lanina,SOI_index,NAO_index,tmax_hot_in_planting,tmax_hot_in_harvesting,tmax_very_hot_in_planting,tmax_very_hot_in_harvesting,tmin_cold_in_planting,tmin_cold_in_harvesting,tmin_very_cold_in_planting,tmin_very_cold_in_harvesting,awnd_moderate_high_wind_in_planting,awnd_moderate_high_wind_in_harvesting,awnd_extreme_high_wind_in_planting,awnd_extreme_high_wind_in_harvesting,pdsi_extreme_wet_in_planting,pdsi_extreme_wet_in_harvesting,co2_extreme_in_planting,co2_extreme_in_harvesting,frbsf_sentiment,Text_Climate_Anomaly,epu_index,DJIA_Index,WTI_Index,Broad_Dollar_index,Stock_Uncertainty",rolling,260,1,8,260.0,56,bsr,True,False,log,1e-10,True,1e-10,,0.05,full,104.0,1.0,7,18,test_r2,0.5831969650336974,0.9161289146048326
bsr_rolling,har_endo_exo_news_macro,87,"wheat_weekly_rv,wheat_monthly_rv,wheat_seasonal_rv,wheat_monthly_lev,wheat_monthly_rsk,wheat_monthly_trd,wheat_monthly_tru,wheat_seasonal_jumps,wheat_seasonal_rku,wheat_seasonal_rsk,wheat_seasonal_rvb,wheat_seasonal_tru,wheat_weekly_rku,wheat_weekly_rvb,wheat_weekly_rvg,wheat_weekly_tru,corn_monthly_lev,corn_monthly_rku,corn_monthly_rvb,corn_monthly_rvg,corn_seasonal_rku,corn_seasonal_rv,corn_seasonal_trd,corn_weekly_jumps,corn_weekly_rku,corn_weekly_rv,corn_weekly_rvb,soybeans_monthly_lev,soybeans_monthly_rku,soybeans_monthly_rsk,soybeans_monthly_rv,soybeans_monthly_rvg,soybeans_monthly_tru,soybeans_seasonal_jumps,soybeans_seasonal_rvg,soybeans_seasonal_trd,soybeans_seasonal_tru,soybeans_weekly_jumps,soybeans_weekly_rku,soybeans_weekly_rsk,soybeans_weekly_rv,frbsf_sentiment,DJIA_Index,WTI_Index,wheat_monthly_jumps,wheat_monthly_rvb,wheat_seasonal_lev,wheat_seasonal_rvg,wheat_seasonal_trd,corn_monthly_trd,corn_monthly_tru,corn_seasonal_lev,corn_seasonal_tru,corn_weekly_lev,corn_weekly_trd,corn_weekly_tru,soybeans_monthly_rvb,soybeans_monthly_trd,soybeans_seasonal_rsk,soybeans_seasonal_rv,soybeans_seasonal_rvb,soybeans_weekly_rvg,soybeans_weekly_tru,Text_Climate_Anomaly,corn_seasonal_jumps,corn_seasonal_rvb,corn_seasonal_rvg,corn_weekly_rvg,soybeans_seasonal_lev,soybeans_seasonal_rku,epu_index,Broad_Dollar_index,wheat_monthly_rku,wheat_weekly_rsk,corn_monthly_rsk,corn_monthly_rv,corn_seasonal_rsk,corn_weekly_rsk,soybeans_monthly_jumps,soybeans_weekly_lev,wheat_monthly_rvg,wheat_weekly_lev,wheat_weekly_trd,wheat_weekly_jumps,soybeans_weekly_rvb,soybeans_weekly_trd,corn_monthly_jumps",9.500217631752866e-07,0.0007289299900900617,-3.1947947768342795,0.9093359307066806,0.9189531639096451,4.589846183476905e-06,0.001646654882539037,-3.195113099390095,0.5509599837023782,0.5864090124660806,wheat_weekly_rv,RV_target,16,"wheat_weekly_rv,wheat_monthly_rv,wheat_seasonal_rv","wheat_monthly_jumps,wheat_monthly_lev,wheat_monthly_rku,wheat_monthly_rsk,wheat_monthly_rvb,wheat_monthly_rvg,wheat_monthly_trd,wheat_monthly_tru,wheat_seasonal_jumps,wheat_seasonal_lev,wheat_seasonal_rku,wheat_seasonal_rsk,wheat_seasonal_rvb,wheat_seasonal_rvg,wheat_seasonal_trd,wheat_seasonal_tru,wheat_weekly_jumps,wheat_weekly_lev,wheat_weekly_rku,wheat_weekly_rsk,wheat_weekly_rvb,wheat_weekly_rvg,wheat_weekly_trd,wheat_weekly_tru,corn_monthly_jumps,corn_monthly_lev,corn_monthly_rku,corn_monthly_rsk,corn_monthly_rv,corn_monthly_rvb,corn_monthly_rvg,corn_monthly_trd,corn_monthly_tru,corn_seasonal_jumps,corn_seasonal_lev,corn_seasonal_rku,corn_seasonal_rsk,corn_seasonal_rv,corn_seasonal_rvb,corn_seasonal_rvg,corn_seasonal_trd,corn_seasonal_tru,corn_weekly_jumps,corn_weekly_lev,corn_weekly_rku,corn_weekly_rsk,corn_weekly_rv,corn_weekly_rvb,corn_weekly_rvg,corn_weekly_trd,corn_weekly_tru,soybeans_monthly_jumps,soybeans_monthly_lev,soybeans_monthly_rku,soybeans_monthly_rsk,soybeans_monthly_rv,soybeans_monthly_rvb,soybeans_monthly_rvg,soybeans_monthly_trd,soybeans_monthly_tru,soybeans_seasonal_jumps,soybeans_seasonal_lev,soybeans_seasonal_rku,soybeans_seasonal_rsk,soybeans_seasonal_rv,soybeans_seasonal_rvb,soybeans_seasonal_rvg,soybeans_seasonal_trd,soybeans_seasonal_tru,soybeans_weekly_jumps,soybeans_weekly_lev,soybeans_weekly_rku,soybeans_weekly_rsk,soybeans_weekly_rv,soybeans_weekly_rvb,soybeans_weekly_rvg,soybeans_weekly_trd,soybeans_weekly_tru,frbsf_sentiment,Text_Climate_Anomaly,epu_index,DJIA_Index,WTI_Index,Broad_Dollar_index,Stock_Uncertainty",rolling,260,1,8,260.0,56,bsr,True,False,log,1e-10,True,1e-10,,0.05,full,104.0,1.0,7,18,test_r2,0.5509599837023782,0.8964474110522381
bsr_rolling,har_endo_exo_macro,79,"wheat_weekly_rv,wheat_monthly_rv,wheat_seasonal_rv,wheat_monthly_rsk,wheat_monthly_trd,wheat_monthly_tru,wheat_seasonal_jumps,wheat_seasonal_rku,wheat_seasonal_rsk,wheat_seasonal_rvb,wheat_seasonal_rvg,wheat_seasonal_tru,wheat_weekly_tru,corn_monthly_lev,corn_monthly_rvb,corn_seasonal_jumps,corn_seasonal_rvb,corn_seasonal_trd,corn_seasonal_tru,corn_weekly_lev,corn_weekly_rv,corn_weekly_rvb,corn_weekly_trd,soybeans_monthly_rku,soybeans_monthly_rsk,soybeans_monthly_tru,soybeans_seasonal_jumps,soybeans_seasonal_rv,soybeans_seasonal_rvg,soybeans_seasonal_trd,soybeans_weekly_jumps,soybeans_weekly_rku,soybeans_weekly_rsk,soybeans_weekly_rv,soybeans_weekly_trd,DJIA_Index,WTI_Index,Broad_Dollar_index,Stock_Uncertainty,wheat_monthly_jumps,wheat_weekly_jumps,wheat_weekly_lev,wheat_weekly_rvb,wheat_weekly_trd,corn_monthly_rku,corn_monthly_rsk,corn_monthly_tru,corn_seasonal_lev,corn_seasonal_rku,corn_seasonal_rsk,corn_seasonal_rv,corn_weekly_rku,corn_weekly_rsk,corn_weekly_rvg,corn_weekly_tru,soybeans_monthly_rv,soybeans_monthly_rvb,soybeans_monthly_trd,soybeans_seasonal_lev,soybeans_seasonal_rku,soybeans_seasonal_rvb,soybeans_seasonal_tru,soybeans_weekly_rvg,wheat_monthly_lev,wheat_monthly_rvb,wheat_seasonal_trd,corn_seasonal_rvg,soybeans_monthly_lev,soybeans_monthly_rvg,soybeans_seasonal_rsk,soybeans_weekly_lev,soybeans_weekly_rvb,wheat_monthly_rku,corn_monthly_rv,corn_monthly_rvg,wheat_monthly_rvg,wheat_weekly_rvg,soybeans_monthly_jumps,wheat_seasonal_lev",1.2831331524872875e-06,0.0008520073507383474,-3.195133147350546,0.8773294617319741,0.8895000145661587,5.212420850978947e-06,0.0017573755012165954,-3.1823826951130165,0.5635683018067161,0.5676249201460579,wheat_weekly_rv,RV_target,16,"wheat_weekly_rv,wheat_monthly_rv,wheat_seasonal_rv","wheat_monthly_jumps,wheat_monthly_lev,wheat_monthly_rku,wheat_monthly_rsk,wheat_monthly_rvb,wheat_monthly_rvg,wheat_monthly_trd,wheat_monthly_tru,wheat_seasonal_jumps,wheat_seasonal_lev,wheat_seasonal_rku,wheat_seasonal_rsk,wheat_seasonal_rvb,wheat_seasonal_rvg,wheat_seasonal_trd,wheat_seasonal_tru,wheat_weekly_jumps,wheat_weekly_lev,wheat_weekly_rku,wheat_weekly_rsk,wheat_weekly_rvb,wheat_weekly_rvg,wheat_weekly_trd,wheat_weekly_tru,corn_monthly_jumps,corn_monthly_lev,corn_monthly_rku,corn_monthly_rsk,corn_monthly_rv,corn_monthly_rvb,corn_monthly_rvg,corn_monthly_trd,corn_monthly_tru,corn_seasonal_jumps,corn_seasonal_lev,corn_seasonal_rku,corn_seasonal_rsk,corn_seasonal_rv,corn_seasonal_rvb,corn_seasonal_rvg,corn_seasonal_trd,corn_seasonal_tru,corn_weekly_jumps,corn_weekly_lev,corn_weekly_rku,corn_weekly_rsk,corn_weekly_rv,corn_weekly_rvb,corn_weekly_rvg,corn_weekly_trd,corn_weekly_tru,soybeans_monthly_jumps,soybeans_monthly_lev,soybeans_monthly_rku,soybeans_monthly_rsk,soybeans_monthly_rv,soybeans_monthly_rvb,soybeans_monthly_rvg,soybeans_monthly_trd,soybeans_monthly_tru,soybeans_seasonal_jumps,soybeans_seasonal_lev,soybeans_seasonal_rku,soybeans_seasonal_rsk,soybeans_seasonal_rv,soybeans_seasonal_rvb,soybeans_seasonal_rvg,soybeans_seasonal_trd,soybeans_seasonal_tru,soybeans_weekly_jumps,soybeans_weekly_lev,soybeans_weekly_rku,soybeans_weekly_rsk,soybeans_weekly_rv,soybeans_weekly_rvb,soybeans_weekly_rvg,soybeans_weekly_trd,soybeans_weekly_tru,DJIA_Index,WTI_Index,Broad_Dollar_index,Stock_Uncertainty",rolling,312,1,8,312.0,50,bsr,True,False,log,1e-10,True,1e-10,,0.05,full,104.0,1.0,13,18,test_r2,0.5635683018067161,0.8617990570474003
bsr_rolling,har_endo_exo_news,84,"wheat_weekly_rv,wheat_monthly_rv,wheat_seasonal_rv,wheat_monthly_jumps,wheat_monthly_lev,wheat_monthly_rsk,wheat_monthly_rvb,wheat_monthly_rvg,wheat_monthly_trd,wheat_monthly_tru,wheat_seasonal_jumps,wheat_seasonal_lev,wheat_seasonal_rku,wheat_seasonal_rsk,wheat_seasonal_rvb,wheat_seasonal_trd,wheat_weekly_lev,wheat_weekly_rvb,wheat_weekly_trd,corn_monthly_rku,corn_monthly_rv,corn_monthly_rvg,corn_seasonal_lev,corn_seasonal_rvb,corn_seasonal_rvg,corn_seasonal_tru,corn_weekly_rv,corn_weekly_rvg,soybeans_monthly_rvb,soybeans_monthly_trd,soybeans_seasonal_lev,soybeans_seasonal_rku,soybeans_seasonal_rv,soybeans_seasonal_rvb,soybeans_seasonal_rvg,soybeans_seasonal_trd,soybeans_seasonal_tru,soybeans_weekly_rku,soybeans_weekly_rv,soybeans_weekly_rvg,wheat_weekly_jumps,wheat_weekly_rsk,wheat_weekly_rvg,wheat_weekly_tru,corn_monthly_rsk,corn_monthly_trd,corn_seasonal_rku,corn_seasonal_rsk,corn_seasonal_rv,corn_seasonal_trd,corn_weekly_lev,corn_weekly_rvb,soybeans_monthly_rku,soybeans_monthly_rvg,soybeans_seasonal_rsk,soybeans_weekly_lev,soybeans_weekly_rsk,soybeans_weekly_tru,epu_index,wheat_monthly_rku,wheat_seasonal_rvg,corn_monthly_rvb,corn_seasonal_jumps,corn_weekly_jumps,corn_weekly_rku,corn_weekly_trd,corn_weekly_tru,soybeans_monthly_lev,soybeans_monthly_tru,soybeans_seasonal_jumps,soybeans_weekly_jumps,soybeans_weekly_rvb,soybeans_weekly_trd,Text_Climate_Anomaly,corn_monthly_jumps,corn_monthly_lev,soybeans_monthly_rsk,soybeans_monthly_rv,frbsf_sentiment,wheat_seasonal_tru,soybeans_monthly_jumps,wheat_weekly_rku,corn_weekly_rsk,corn_monthly_tru",5.736392683059345e-07,0.0005704007037376497,-3.1991191240525785,0.9459508407013444,0.951502667998384,5.7720096876777145e-06,0.0018682824585456806,-3.2217628453417526,0.47436981278901347,0.4952370551596481,wheat_weekly_rv,RV_target,16,"wheat_weekly_rv,wheat_monthly_rv,wheat_seasonal_rv","wheat_monthly_jumps,wheat_monthly_lev,wheat_monthly_rku,wheat_monthly_rsk,wheat_monthly_rvb,wheat_monthly_rvg,wheat_monthly_trd,wheat_monthly_tru,wheat_seasonal_jumps,wheat_seasonal_lev,wheat_seasonal_rku,wheat_seasonal_rsk,wheat_seasonal_rvb,wheat_seasonal_rvg,wheat_seasonal_trd,wheat_seasonal_tru,wheat_weekly_jumps,wheat_weekly_lev,wheat_weekly_rku,wheat_weekly_rsk,wheat_weekly_rvb,wheat_weekly_rvg,wheat_weekly_trd,wheat_weekly_tru,corn_monthly_jumps,corn_monthly_lev,corn_monthly_rku,corn_monthly_rsk,corn_monthly_rv,corn_monthly_rvb,corn_monthly_rvg,corn_monthly_trd,corn_monthly_tru,corn_seasonal_jumps,corn_seasonal_lev,corn_seasonal_rku,corn_seasonal_rsk,corn_seasonal_rv,corn_seasonal_rvb,corn_seasonal_rvg,corn_seasonal_trd,corn_seasonal_tru,corn_weekly_jumps,corn_weekly_lev,corn_weekly_rku,corn_weekly_rsk,corn_weekly_rv,corn_weekly_rvb,corn_weekly_rvg,corn_weekly_trd,corn_weekly_tru,soybeans_monthly_jumps,soybeans_monthly_lev,soybeans_monthly_rku,soybeans_monthly_rsk,soybeans_monthly_rv,soybeans_monthly_rvb,soybeans_monthly_rvg,soybeans_monthly_trd,soybeans_monthly_tru,soybeans_seasonal_jumps,soybeans_seasonal_lev,soybeans_seasonal_rku,soybeans_seasonal_rsk,soybeans_seasonal_rv,soybeans_seasonal_rvb,soybeans_seasonal_rvg,soybeans_seasonal_trd,soybeans_seasonal_tru,soybeans_weekly_jumps,soybeans_weekly_lev,soybeans_weekly_rku,soybeans_weekly_rsk,soybeans_weekly_rv,soybeans_weekly_rvb,soybeans_weekly_rvg,soybeans_weekly_trd,soybeans_weekly_tru,frbsf_sentiment,Text_Climate_Anomaly,epu_index",rolling,208,1,8,208.0,76,bsr,True,False,log,1e-10,True,1e-10,,0.05,full,104.0,1.0,1,18,test_r2,0.47436981278901347,0.9396712703263969
bsr_rolling,har_endo_exo_climate_news,104,"wheat_weekly_rv,wheat_monthly_rv,wheat_seasonal_rv,wheat_monthly_jumps,wheat_monthly_lev,wheat_monthly_rsk,wheat_monthly_rvb,wheat_monthly_trd,wheat_monthly_tru,wheat_seasonal_jumps,wheat_seasonal_lev,wheat_seasonal_rku,wheat_seasonal_rsk,wheat_seasonal_rvb,wheat_seasonal_trd,wheat_weekly_jumps,wheat_weekly_rku,wheat_weekly_trd,corn_monthly_jumps,corn_monthly_rv,corn_monthly_rvg,corn_seasonal_lev,corn_seasonal_rvb,corn_seasonal_rvg,corn_seasonal_tru,corn_weekly_jumps,corn_weekly_lev,corn_weekly_rv,corn_weekly_rvb,corn_weekly_rvg,corn_weekly_tru,soybeans_monthly_rku,soybeans_monthly_rsk,soybeans_monthly_rv,soybeans_monthly_rvb,soybeans_monthly_trd,soybeans_seasonal_lev,soybeans_seasonal_rku,soybeans_seasonal_rv,soybeans_seasonal_rvg,soybeans_seasonal_tru,soybeans_weekly_rku,soybeans_weekly_rv,soybeans_weekly_rvg,SOI_index,awnd_extreme_high_wind_in_planting,awnd_extreme_high_wind_in_harvesting,pdsi_extreme_wet_in_harvesting,wheat_monthly_rvg,wheat_seasonal_rvg,wheat_seasonal_tru,wheat_weekly_lev,wheat_weekly_rvb,wheat_weekly_rvg,wheat_weekly_tru,corn_monthly_rku,corn_monthly_trd,corn_monthly_tru,corn_seasonal_rsk,corn_seasonal_rv,corn_weekly_rku,soybeans_monthly_lev,soybeans_seasonal_jumps,soybeans_seasonal_rsk,NAO_index,tmax_very_hot_in_planting,tmax_very_hot_in_harvesting,tmin_cold_in_planting,Text_Climate_Anomaly,corn_seasonal_jumps,corn_seasonal_rku,soybeans_monthly_jumps,soybeans_monthly_tru,soybeans_seasonal_trd,soybeans_weekly_jumps,soybeans_weekly_rvb,ssta_lanina,wheat_monthly_rku,corn_monthly_lev,corn_monthly_rvb,corn_seasonal_trd,soybeans_monthly_rvg,soybeans_weekly_lev,soybeans_weekly_rsk,soybeans_weekly_trd,ssta_elino,tmax_hot_in_harvesting,tmin_very_cold_in_planting,awnd_moderate_high_wind_in_planting,awnd_moderate_high_wind_in_harvesting,pdsi_extreme_wet_in_planting,frbsf_sentiment,corn_weekly_rsk,corn_weekly_trd,soybeans_weekly_tru,co2_extreme_in_planting,soybeans_seasonal_rvb,epu_index,corn_monthly_rsk,tmin_very_cold_in_harvesting,wheat_weekly_rsk,tmin_cold_in_harvesting,co2_extreme_in_harvesting,tmax_hot_in_planting",3.5259776744899837e-07,0.0004379180560215788,-3.200353036989542,0.966721206865449,0.9702462536958926,6.037457836029459e-06,0.0019520472531894613,-3.2207521316654177,0.4478981469791684,0.4686144425994986,wheat_weekly_rv,RV_target,16,"wheat_weekly_rv,wheat_monthly_rv,wheat_seasonal_rv","wheat_monthly_jumps,wheat_monthly_lev,wheat_monthly_rku,wheat_monthly_rsk,wheat_monthly_rvb,wheat_monthly_rvg,wheat_monthly_trd,wheat_monthly_tru,wheat_seasonal_jumps,wheat_seasonal_lev,wheat_seasonal_rku,wheat_seasonal_rsk,wheat_seasonal_rvb,wheat_seasonal_rvg,wheat_seasonal_trd,wheat_seasonal_tru,wheat_weekly_jumps,wheat_weekly_lev,wheat_weekly_rku,wheat_weekly_rsk,wheat_weekly_rvb,wheat_weekly_rvg,wheat_weekly_trd,wheat_weekly_tru,corn_monthly_jumps,corn_monthly_lev,corn_monthly_rku,corn_monthly_rsk,corn_monthly_rv,corn_monthly_rvb,corn_monthly_rvg,corn_monthly_trd,corn_monthly_tru,corn_seasonal_jumps,corn_seasonal_lev,corn_seasonal_rku,corn_seasonal_rsk,corn_seasonal_rv,corn_seasonal_rvb,corn_seasonal_rvg,corn_seasonal_trd,corn_seasonal_tru,corn_weekly_jumps,corn_weekly_lev,corn_weekly_rku,corn_weekly_rsk,corn_weekly_rv,corn_weekly_rvb,corn_weekly_rvg,corn_weekly_trd,corn_weekly_tru,soybeans_monthly_jumps,soybeans_monthly_lev,soybeans_monthly_rku,soybeans_monthly_rsk,soybeans_monthly_rv,soybeans_monthly_rvb,soybeans_monthly_rvg,soybeans_monthly_trd,soybeans_monthly_tru,soybeans_seasonal_jumps,soybeans_seasonal_lev,soybeans_seasonal_rku,soybeans_seasonal_rsk,soybeans_seasonal_rv,soybeans_seasonal_rvb,soybeans_seasonal_rvg,soybeans_seasonal_trd,soybeans_seasonal_tru,soybeans_weekly_jumps,soybeans_weekly_lev,soybeans_weekly_rku,soybeans_weekly_rsk,soybeans_weekly_rv,soybeans_weekly_rvb,soybeans_weekly_rvg,soybeans_weekly_trd,soybeans_weekly_tru,ssta_elino,ssta_lanina,SOI_index,NAO_index,tmax_hot_in_planting,tmax_hot_in_harvesting,tmax_very_hot_in_planting,tmax_very_hot_in_harvesting,tmin_cold_in_planting,tmin_cold_in_harvesting,tmin_very_cold_in_planting,tmin_very_cold_in_harvesting,awnd_moderate_high_wind_in_planting,awnd_moderate_high_wind_in_harvesting,awnd_extreme_high_wind_in_planting,awnd_extreme_high_wind_in_harvesting,pdsi_extreme_wet_in_planting,pdsi_extreme_wet_in_harvesting,co2_extreme_in_planting,co2_extreme_in_harvesting,frbsf_sentiment,Text_Climate_Anomaly,epu_index",rolling,208,1,4,208.0,152,bsr,True,False,log,1e-10,True,1e-10,,0.05,full,104.0,1.0,0,18,test_r2,0.4478981469791684,0.9618258822742279
bsr_rolling,har_endo_exo_climate_macro,100,"wheat_weekly_rv,wheat_monthly_rv,wheat_seasonal_rv,wheat_monthly_rsk,wheat_monthly_rvb,wheat_seasonal_jumps,wheat_seasonal_lev,wheat_seasonal_rku,wheat_seasonal_rsk,wheat_seasonal_rvb,wheat_seasonal_rvg,wheat_seasonal_tru,wheat_weekly_rvg,wheat_weekly_tru,corn_monthly_jumps,corn_monthly_rku,corn_monthly_rvb,corn_monthly_tru,corn_seasonal_jumps,corn_seasonal_lev,corn_seasonal_rku,corn_seasonal_rsk,corn_seasonal_rv,corn_seasonal_rvb,corn_seasonal_trd,corn_seasonal_tru,corn_weekly_lev,corn_weekly_rku,corn_weekly_rv,corn_weekly_rvb,corn_weekly_trd,soybeans_monthly_rku,soybeans_monthly_rsk,soybeans_monthly_tru,soybeans_seasonal_jumps,soybeans_seasonal_rv,soybeans_seasonal_trd,soybeans_seasonal_tru,soybeans_weekly_jumps,soybeans_weekly_rku,soybeans_weekly_rsk,soybeans_weekly_rvg,soybeans_weekly_trd,ssta_elino,SOI_index,awnd_extreme_high_wind_in_planting,awnd_extreme_high_wind_in_harvesting,pdsi_extreme_wet_in_planting,pdsi_extreme_wet_in_harvesting,DJIA_Index,WTI_Index,Broad_Dollar_index,wheat_weekly_jumps,wheat_weekly_rvb,wheat_weekly_trd,corn_seasonal_rvg,corn_weekly_rvg,corn_weekly_tru,soybeans_monthly_lev,soybeans_monthly_rv,soybeans_monthly_rvg,soybeans_seasonal_lev,soybeans_seasonal_rku,soybeans_seasonal_rsk,soybeans_seasonal_rvg,soybeans_weekly_rvb,wheat_monthly_jumps,wheat_monthly_rvg,wheat_monthly_trd,wheat_monthly_tru,corn_monthly_lev,corn_monthly_rvg,soybeans_monthly_rvb,soybeans_monthly_trd,soybeans_seasonal_rvb,wheat_weekly_lev,wheat_weekly_rsk,soybeans_weekly_lev,soybeans_weekly_tru,ssta_lanina,NAO_index,tmax_very_hot_in_harvesting,wheat_monthly_lev,wheat_seasonal_trd,corn_monthly_trd,soybeans_weekly_rv,tmax_hot_in_harvesting,corn_monthly_rsk,corn_monthly_rv,tmin_cold_in_harvesting,tmin_very_cold_in_planting,wheat_monthly_rku,corn_weekly_rsk,soybeans_monthly_jumps,co2_extreme_in_planting,Stock_Uncertainty,tmax_hot_in_planting,wheat_weekly_rku,tmin_cold_in_planting,tmin_very_cold_in_harvesting",9.84218599888893e-07,0.0007421226849510596,-3.1957231057956945,0.9059063939017277,0.9165800983736034,6.287188693503971e-06,0.0018953628329521726,-3.1801684371691588,0.44646970651695606,0.4642791966006966,wheat_weekly_rv,RV_target,16,"wheat_weekly_rv,wheat_monthly_rv,wheat_seasonal_rv","wheat_monthly_jumps,wheat_monthly_lev,wheat_monthly_rku,wheat_monthly_rsk,wheat_monthly_rvb,wheat_monthly_rvg,wheat_monthly_trd,wheat_monthly_tru,wheat_seasonal_jumps,wheat_seasonal_lev,wheat_seasonal_rku,wheat_seasonal_rsk,wheat_seasonal_rvb,wheat_seasonal_rvg,wheat_seasonal_trd,wheat_seasonal_tru,wheat_weekly_jumps,wheat_weekly_lev,wheat_weekly_rku,wheat_weekly_rsk,wheat_weekly_rvb,wheat_weekly_rvg,wheat_weekly_trd,wheat_weekly_tru,corn_monthly_jumps,corn_monthly_lev,corn_monthly_rku,corn_monthly_rsk,corn_monthly_rv,corn_monthly_rvb,corn_monthly_rvg,corn_monthly_trd,corn_monthly_tru,corn_seasonal_jumps,corn_seasonal_lev,corn_seasonal_rku,corn_seasonal_rsk,corn_seasonal_rv,corn_seasonal_rvb,corn_seasonal_rvg,corn_seasonal_trd,corn_seasonal_tru,corn_weekly_jumps,corn_weekly_lev,corn_weekly_rku,corn_weekly_rsk,corn_weekly_rv,corn_weekly_rvb,corn_weekly_rvg,corn_weekly_trd,corn_weekly_tru,soybeans_monthly_jumps,soybeans_monthly_lev,soybeans_monthly_rku,soybeans_monthly_rsk,soybeans_monthly_rv,soybeans_monthly_rvb,soybeans_monthly_rvg,soybeans_monthly_trd,soybeans_monthly_tru,soybeans_seasonal_jumps,soybeans_seasonal_lev,soybeans_seasonal_rku,soybeans_seasonal_rsk,soybeans_seasonal_rv,soybeans_seasonal_rvb,soybeans_seasonal_rvg,soybeans_seasonal_trd,soybeans_seasonal_tru,soybeans_weekly_jumps,soybeans_weekly_lev,soybeans_weekly_rku,soybeans_weekly_rsk,soybeans_weekly_rv,soybeans_weekly_rvb,soybeans_weekly_rvg,soybeans_weekly_trd,soybeans_weekly_tru,ssta_elino,ssta_lanina,SOI_index,NAO_index,tmax_hot_in_planting,tmax_hot_in_harvesting,tmax_very_hot_in_planting,tmax_very_hot_in_harvesting,tmin_cold_in_planting,tmin_cold_in_harvesting,tmin_very_cold_in_planting,tmin_very_cold_in_harvesting,awnd_moderate_high_wind_in_planting,awnd_moderate_high_wind_in_harvesting,awnd_extreme_high_wind_in_planting,awnd_extreme_high_wind_in_harvesting,pdsi_extreme_wet_in_planting,pdsi_extreme_wet_in_harvesting,co2_extreme_in_planting,co2_extreme_in_harvesting,DJIA_Index,WTI_Index,Broad_Dollar_index,Stock_Uncertainty",rolling,312,1,4,312.0,99,bsr,True,False,log,1e-10,True,1e-10,,0.05,full,104.0,1.0,12,18,test_r2,0.44646970651695606,0.8903021474509363
bsr_rolling,har_endo_exo_climate,96,"wheat_weekly_rv,wheat_monthly_rv,wheat_seasonal_rv,wheat_monthly_lev,wheat_monthly_rsk,wheat_monthly_rvg,wheat_monthly_trd,wheat_monthly_tru,wheat_seasonal_lev,wheat_seasonal_rku,wheat_seasonal_rsk,wheat_seasonal_trd,wheat_seasonal_tru,wheat_weekly_lev,wheat_weekly_tru,corn_monthly_jumps,corn_monthly_rv,corn_monthly_rvb,corn_monthly_tru,corn_seasonal_jumps,corn_seasonal_lev,corn_seasonal_rku,corn_seasonal_rv,corn_seasonal_rvg,corn_seasonal_trd,corn_seasonal_tru,corn_weekly_rsk,corn_weekly_rv,corn_weekly_rvb,soybeans_monthly_lev,soybeans_monthly_rku,soybeans_monthly_rsk,soybeans_monthly_rv,soybeans_monthly_rvg,soybeans_monthly_tru,soybeans_seasonal_jumps,soybeans_seasonal_lev,soybeans_seasonal_rv,soybeans_seasonal_rvb,soybeans_seasonal_rvg,soybeans_seasonal_trd,soybeans_weekly_jumps,soybeans_weekly_rku,soybeans_weekly_rv,soybeans_weekly_trd,ssta_elino,ssta_lanina,SOI_index,tmax_very_hot_in_harvesting,tmin_very_cold_in_planting,awnd_extreme_high_wind_in_planting,awnd_extreme_high_wind_in_harvesting,pdsi_extreme_wet_in_planting,pdsi_extreme_wet_in_harvesting,wheat_monthly_rku,wheat_monthly_rvb,wheat_seasonal_jumps,wheat_seasonal_rvb,wheat_weekly_jumps,wheat_weekly_rvb,wheat_weekly_rvg,wheat_weekly_trd,corn_monthly_rku,corn_monthly_rvg,corn_seasonal_rsk,corn_weekly_rku,corn_weekly_rvg,corn_weekly_trd,corn_weekly_tru,soybeans_monthly_rvb,soybeans_monthly_trd,soybeans_seasonal_rku,soybeans_seasonal_tru,soybeans_weekly_rvg,awnd_moderate_high_wind_in_planting,awnd_moderate_high_wind_in_harvesting,wheat_monthly_jumps,wheat_seasonal_rvg,corn_monthly_lev,corn_monthly_rsk,corn_seasonal_rvb,soybeans_weekly_lev,soybeans_weekly_rsk,soybeans_weekly_rvb,soybeans_weekly_tru,NAO_index,tmin_cold_in_planting,tmin_cold_in_harvesting,corn_monthly_trd,corn_weekly_jumps,soybeans_seasonal_rsk,soybeans_monthly_jumps,wheat_weekly_rku,tmax_hot_in_harvesting,corn_weekly_lev,tmax_very_hot_in_planting",1.0931610466552756e-06,0.0007686207921626747,-3.1981806305993317,0.8970007131411285,0.9090036031702311,6.3067330556705454e-06,0.0019551028206611213,-3.194366947697657,0.44709846958436406,0.46761864131624875,wheat_weekly_rv,RV_target,16,"wheat_weekly_rv,wheat_monthly_rv,wheat_seasonal_rv","wheat_monthly_jumps,wheat_monthly_lev,wheat_monthly_rku,wheat_monthly_rsk,wheat_monthly_rvb,wheat_monthly_rvg,wheat_monthly_trd,wheat_monthly_tru,wheat_seasonal_jumps,wheat_seasonal_lev,wheat_seasonal_rku,wheat_seasonal_rsk,wheat_seasonal_rvb,wheat_seasonal_rvg,wheat_seasonal_trd,wheat_seasonal_tru,wheat_weekly_jumps,wheat_weekly_lev,wheat_weekly_rku,wheat_weekly_rsk,wheat_weekly_rvb,wheat_weekly_rvg,wheat_weekly_trd,wheat_weekly_tru,corn_monthly_jumps,corn_monthly_lev,corn_monthly_rku,corn_monthly_rsk,corn_monthly_rv,corn_monthly_rvb,corn_monthly_rvg,corn_monthly_trd,corn_monthly_tru,corn_seasonal_jumps,corn_seasonal_lev,corn_seasonal_rku,corn_seasonal_rsk,corn_seasonal_rv,corn_seasonal_rvb,corn_seasonal_rvg,corn_seasonal_trd,corn_seasonal_tru,corn_weekly_jumps,corn_weekly_lev,corn_weekly_rku,corn_weekly_rsk,corn_weekly_rv,corn_weekly_rvb,corn_weekly_rvg,corn_weekly_trd,corn_weekly_tru,soybeans_monthly_jumps,soybeans_monthly_lev,soybeans_monthly_rku,soybeans_monthly_rsk,soybeans_monthly_rv,soybeans_monthly_rvb,soybeans_monthly_rvg,soybeans_monthly_trd,soybeans_monthly_tru,soybeans_seasonal_jumps,soybeans_seasonal_lev,soybeans_seasonal_rku,soybeans_seasonal_rsk,soybeans_seasonal_rv,soybeans_seasonal_rvb,soybeans_seasonal_rvg,soybeans_seasonal_trd,soybeans_seasonal_tru,soybeans_weekly_jumps,soybeans_weekly_lev,soybeans_weekly_rku,soybeans_weekly_rsk,soybeans_weekly_rv,soybeans_weekly_rvb,soybeans_weekly_rvg,soybeans_weekly_trd,soybeans_weekly_tru,ssta_elino,ssta_lanina,SOI_index,NAO_index,tmax_hot_in_planting,tmax_hot_in_harvesting,tmax_very_hot_in_planting,tmax_very_hot_in_harvesting,tmin_cold_in_planting,tmin_cold_in_harvesting,tmin_very_cold_in_planting,tmin_very_cold_in_harvesting,awnd_moderate_high_wind_in_planting,awnd_moderate_high_wind_in_harvesting,awnd_extreme_high_wind_in_planting,awnd_extreme_high_wind_in_harvesting,pdsi_extreme_wet_in_planting,pdsi_extreme_wet_in_harvesting,co2_extreme_in_planting,co2_extreme_in_harvesting",rolling,312,1,8,312.0,63,bsr,True,False,log,1e-10,True,1e-10,,0.05,full,104.0,1.0,13,18,test_r2,0.44709846958436406,0.8830936364344455
bsr_rolling,har_endo,25,"wheat_weekly_rv,wheat_monthly_rv,wheat_seasonal_rv,wheat_monthly_jumps,wheat_monthly_rsk,wheat_monthly_trd,wheat_seasonal_jumps,wheat_seasonal_rvb,wheat_seasonal_rvg,wheat_seasonal_trd,wheat_weekly_rsk,wheat_monthly_tru,wheat_seasonal_lev,wheat_seasonal_rku,wheat_seasonal_rsk,wheat_seasonal_tru,wheat_weekly_jumps,wheat_weekly_rvg,wheat_weekly_tru,wheat_monthly_lev,wheat_monthly_rvb,wheat_monthly_rku,wheat_monthly_rvg,wheat_weekly_trd,wheat_weekly_lev",3.055735521518413e-06,0.0012896939539284522,-3.1951210406698265,0.711594344370829,0.7348731467175297,6.672348893679083e-06,0.0019212450868300386,-3.218782268614189,0.3898398484511184,0.402966506301914,wheat_weekly_rv,RV_target,16,"wheat_weekly_rv,wheat_monthly_rv,wheat_seasonal_rv","wheat_monthly_jumps,wheat_monthly_lev,wheat_monthly_rku,wheat_monthly_rsk,wheat_monthly_rvb,wheat_monthly_rvg,wheat_monthly_trd,wheat_monthly_tru,wheat_seasonal_jumps,wheat_seasonal_lev,wheat_seasonal_rku,wheat_seasonal_rsk,wheat_seasonal_rvb,wheat_seasonal_rvg,wheat_seasonal_trd,wheat_seasonal_tru,wheat_weekly_jumps,wheat_weekly_lev,wheat_weekly_rku,wheat_weekly_rsk,wheat_weekly_rvb,wheat_weekly_rvg,wheat_weekly_trd,wheat_weekly_tru",rolling,208,1,4,208.0,152,bsr,True,False,log,1e-10,True,1e-10,,0.05,full,104.0,1.0,0,18,test_r2,0.3898398484511184,0.7024211364945832
bsr_rolling,har_endo_exo,81,"wheat_weekly_rv,wheat_monthly_rv,wheat_seasonal_rv,wheat_monthly_jumps,wheat_monthly_lev,wheat_monthly_rsk,wheat_monthly_rvb,wheat_monthly_rvg,wheat_monthly_trd,wheat_monthly_tru,wheat_seasonal_jumps,wheat_seasonal_lev,wheat_seasonal_rku,wheat_seasonal_rsk,wheat_seasonal_rvb,wheat_seasonal_trd,wheat_weekly_lev,wheat_weekly_rvb,wheat_weekly_trd,corn_monthly_rku,corn_monthly_rsk,corn_monthly_rv,corn_monthly_rvg,corn_seasonal_jumps,corn_seasonal_lev,corn_seasonal_rvb,corn_seasonal_rvg,corn_seasonal_tru,corn_weekly_lev,corn_weekly_rku,corn_weekly_rv,corn_weekly_rvg,corn_weekly_tru,soybeans_monthly_jumps,soybeans_monthly_rvb,soybeans_monthly_trd,soybeans_seasonal_lev,soybeans_seasonal_rku,soybeans_seasonal_rv,soybeans_seasonal_rvb,soybeans_seasonal_rvg,soybeans_seasonal_trd,soybeans_seasonal_tru,soybeans_weekly_rku,soybeans_weekly_rv,soybeans_weekly_rvg,soybeans_weekly_trd,wheat_weekly_jumps,wheat_weekly_rku,wheat_weekly_rvg,wheat_weekly_tru,corn_monthly_trd,corn_seasonal_rku,corn_seasonal_rsk,corn_weekly_rvb,soybeans_monthly_rku,soybeans_monthly_rv,soybeans_monthly_rvg,soybeans_seasonal_rsk,soybeans_weekly_rsk,soybeans_weekly_tru,wheat_monthly_rku,wheat_seasonal_rvg,corn_monthly_rvb,corn_seasonal_rv,corn_seasonal_trd,corn_weekly_jumps,corn_weekly_trd,soybeans_monthly_lev,soybeans_monthly_tru,soybeans_seasonal_jumps,soybeans_weekly_jumps,soybeans_weekly_rvb,corn_monthly_lev,soybeans_weekly_lev,wheat_seasonal_tru,wheat_weekly_rsk,corn_monthly_jumps,corn_weekly_rsk,soybeans_monthly_rsk,corn_monthly_tru",6.605211046997553e-07,0.0005971681070718059,-3.1989899133934867,0.9377647026963971,0.9457537013127817,6.685924029031234e-06,0.002004866713582472,-3.220242495199463,0.39114386683019264,0.42760578495437385,wheat_weekly_rv,RV_target,16,"wheat_weekly_rv,wheat_monthly_rv,wheat_seasonal_rv","wheat_monthly_jumps,wheat_monthly_lev,wheat_monthly_rku,wheat_monthly_rsk,wheat_monthly_rvb,wheat_monthly_rvg,wheat_monthly_trd,wheat_monthly_tru,wheat_seasonal_jumps,wheat_seasonal_lev,wheat_seasonal_rku,wheat_seasonal_rsk,wheat_seasonal_rvb,wheat_seasonal_rvg,wheat_seasonal_trd,wheat_seasonal_tru,wheat_weekly_jumps,wheat_weekly_lev,wheat_weekly_rku,wheat_weekly_rsk,wheat_weekly_rvb,wheat_weekly_rvg,wheat_weekly_trd,wheat_weekly_tru,corn_monthly_jumps,corn_monthly_lev,corn_monthly_rku,corn_monthly_rsk,corn_monthly_rv,corn_monthly_rvb,corn_monthly_rvg,corn_monthly_trd,corn_monthly_tru,corn_seasonal_jumps,corn_seasonal_lev,corn_seasonal_rku,corn_seasonal_rsk,corn_seasonal_rv,corn_seasonal_rvb,corn_seasonal_rvg,corn_seasonal_trd,corn_seasonal_tru,corn_weekly_jumps,corn_weekly_lev,corn_weekly_rku,corn_weekly_rsk,corn_weekly_rv,corn_weekly_rvb,corn_weekly_rvg,corn_weekly_trd,corn_weekly_tru,soybeans_monthly_jumps,soybeans_monthly_lev,soybeans_monthly_rku,soybeans_monthly_rsk,soybeans_monthly_rv,soybeans_monthly_rvb,soybeans_monthly_rvg,soybeans_monthly_trd,soybeans_monthly_tru,soybeans_seasonal_jumps,soybeans_seasonal_lev,soybeans_seasonal_rku,soybeans_seasonal_rsk,soybeans_seasonal_rv,soybeans_seasonal_rvb,soybeans_seasonal_rvg,soybeans_seasonal_trd,soybeans_seasonal_tru,soybeans_weekly_jumps,soybeans_weekly_lev,soybeans_weekly_rku,soybeans_weekly_rsk,soybeans_weekly_rv,soybeans_weekly_rvb,soybeans_weekly_rvg,soybeans_weekly_trd,soybeans_weekly_tru",rolling,208,1,8,208.0,76,bsr,True,False,log,1e-10,True,1e-10,,0.05,full,104.0,1.0,1,18,test_r2,0.39114386683019264,0.9308210951459951
bsr_rolling,har,3,"wheat_weekly_rv,wheat_monthly_rv,wheat_seasonal_rv",5.174668437199853e-06,0.0017366906121470485,-3.1908373297231876,0.5116057548879043,0.5436554491281478,6.959720541660563e-06,0.0018788432484320226,-3.2182759521935034,0.36356083770434233,0.3968993279977271,wheat_weekly_rv,RV_target,16,"wheat_weekly_rv,wheat_monthly_rv,wheat_seasonal_rv",,rolling,208,1,4,208.0,152,bsr,True,False,log,1e-10,True,1e-10,,0.05,full,104.0,1.0,0,18,test_r2,0.36356083770434233,0.5097924099184288
lasso_expanding,har_endo_exo_climate_news,38,"SOI_index,awnd_extreme_high_wind_in_harvesting,corn_seasonal_jumps,corn_seasonal_lev,corn_seasonal_tru,epu_index,frbsf_sentiment,pdsi_extreme_wet_in_harvesting,soybeans_monthly_rku,soybeans_seasonal_lev,soybeans_seasonal_tru,soybeans_weekly_rku,ssta_lanina,tmin_cold_in_harvesting,tmin_cold_in_planting,tmin_very_cold_in_harvesting,wheat_monthly_jumps,wheat_monthly_lev,wheat_monthly_rku,wheat_monthly_rv,wheat_seasonal_rsk,wheat_seasonal_rv,wheat_seasonal_rvb,wheat_weekly_rv,Text_Climate_Anomaly,awnd_moderate_high_wind_in_planting,corn_seasonal_rku,co2_extreme_in_planting,ssta_elino,tmax_hot_in_planting,wheat_seasonal_jumps,soybeans_monthly_tru,awnd_moderate_high_wind_in_harvesting,corn_seasonal_rv,soybeans_monthly_trd,tmin_very_cold_in_planting,wheat_monthly_rvb,wheat_seasonal_lev",5.1206756233775126e-06,0.0017618525870763367,-3.1907641836615506,0.5167016909596093,0.538309474533321,5.984163139817343e-06,0.0018373599146013573,-3.1975460587061963,0.41987786665687743,0.4320342465075201,wheat_weekly_rv,RV_target,16,"wheat_weekly_rv,wheat_monthly_rv,wheat_seasonal_rv","wheat_monthly_jumps,wheat_monthly_lev,wheat_monthly_rku,wheat_monthly_rsk,wheat_monthly_rvb,wheat_monthly_rvg,wheat_monthly_trd,wheat_monthly_tru,wheat_seasonal_jumps,wheat_seasonal_lev,wheat_seasonal_rku,wheat_seasonal_rsk,wheat_seasonal_rvb,wheat_seasonal_rvg,wheat_seasonal_trd,wheat_seasonal_tru,wheat_weekly_jumps,wheat_weekly_lev,wheat_weekly_rku,wheat_weekly_rsk,wheat_weekly_rvb,wheat_weekly_rvg,wheat_weekly_trd,wheat_weekly_tru,corn_monthly_jumps,corn_monthly_lev,corn_monthly_rku,corn_monthly_rsk,corn_monthly_rv,corn_monthly_rvb,corn_monthly_rvg,corn_monthly_trd,corn_monthly_tru,corn_seasonal_jumps,corn_seasonal_lev,corn_seasonal_rku,corn_seasonal_rsk,corn_seasonal_rv,corn_seasonal_rvb,corn_seasonal_rvg,corn_seasonal_trd,corn_seasonal_tru,corn_weekly_jumps,corn_weekly_lev,corn_weekly_rku,corn_weekly_rsk,corn_weekly_rv,corn_weekly_rvb,corn_weekly_rvg,corn_weekly_trd,corn_weekly_tru,soybeans_monthly_jumps,soybeans_monthly_lev,soybeans_monthly_rku,soybeans_monthly_rsk,soybeans_monthly_rv,soybeans_monthly_rvb,soybeans_monthly_rvg,soybeans_monthly_trd,soybeans_monthly_tru,soybeans_seasonal_jumps,soybeans_seasonal_lev,soybeans_seasonal_rku,soybeans_seasonal_rsk,soybeans_seasonal_rv,soybeans_seasonal_rvb,soybeans_seasonal_rvg,soybeans_seasonal_trd,soybeans_seasonal_tru,soybeans_weekly_jumps,soybeans_weekly_lev,soybeans_weekly_rku,soybeans_weekly_rsk,soybeans_weekly_rv,soybeans_weekly_rvb,soybeans_weekly_rvg,soybeans_weekly_trd,soybeans_weekly_tru,ssta_elino,ssta_lanina,SOI_index,NAO_index,tmax_hot_in_planting,tmax_hot_in_harvesting,tmax_very_hot_in_planting,tmax_very_hot_in_harvesting,tmin_cold_in_planting,tmin_cold_in_harvesting,tmin_very_cold_in_planting,tmin_very_cold_in_harvesting,awnd_moderate_high_wind_in_planting,awnd_moderate_high_wind_in_harvesting,awnd_extreme_high_wind_in_planting,awnd_extreme_high_wind_in_harvesting,pdsi_extreme_wet_in_planting,pdsi_extreme_wet_in_harvesting,co2_extreme_in_planting,co2_extreme_in_harvesting,frbsf_sentiment,Text_Climate_Anomaly,epu_index",expanding,260,1,8,,70,lasso,True,True,log,1e-10,True,1e-10,0.034091458620266496,,,,,7,18,test_r2,0.41987786665687743,0.4929431712396418
lasso_expanding,har_endo_exo,47,"corn_seasonal_rku,corn_seasonal_tru,soybeans_monthly_rku,soybeans_seasonal_lev,soybeans_weekly_rku,wheat_monthly_rv,wheat_seasonal_rv,wheat_seasonal_rvb,wheat_weekly_rv,corn_seasonal_jumps,corn_seasonal_lev,soybeans_seasonal_tru,wheat_monthly_jumps,wheat_seasonal_jumps,wheat_seasonal_rsk,wheat_monthly_rvb,corn_weekly_rvb,soybeans_monthly_trd,soybeans_monthly_tru,soybeans_weekly_lev,soybeans_weekly_tru,wheat_monthly_rku,corn_monthly_rsk,corn_seasonal_rv,corn_weekly_jumps,corn_weekly_rku,soybeans_monthly_lev,soybeans_monthly_rsk,soybeans_monthly_rv,soybeans_seasonal_jumps,soybeans_seasonal_rku,soybeans_seasonal_rsk,soybeans_seasonal_rv,soybeans_seasonal_trd,soybeans_weekly_rsk,soybeans_weekly_rv,wheat_monthly_lev,wheat_seasonal_rvg,wheat_seasonal_trd,wheat_weekly_jumps,wheat_weekly_rku,wheat_weekly_trd,corn_weekly_rvg,wheat_seasonal_lev,corn_seasonal_rsk,wheat_monthly_tru,wheat_seasonal_tru",5.468864978067372e-06,0.0017859040826189508,-3.190057769357716,0.4838389715209428,0.511609414956555,6.14383484421445e-06,0.0018762726618755479,-3.197301729596098,0.40439882846471176,0.4184827566641339,wheat_weekly_rv,RV_target,16,"wheat_weekly_rv,wheat_monthly_rv,wheat_seasonal_rv","wheat_monthly_jumps,wheat_monthly_lev,wheat_monthly_rku,wheat_monthly_rsk,wheat_monthly_rvb,wheat_monthly_rvg,wheat_monthly_trd,wheat_monthly_tru,wheat_seasonal_jumps,wheat_seasonal_lev,wheat_seasonal_rku,wheat_seasonal_rsk,wheat_seasonal_rvb,wheat_seasonal_rvg,wheat_seasonal_trd,wheat_seasonal_tru,wheat_weekly_jumps,wheat_weekly_lev,wheat_weekly_rku,wheat_weekly_rsk,wheat_weekly_rvb,wheat_weekly_rvg,wheat_weekly_trd,wheat_weekly_tru,corn_monthly_jumps,corn_monthly_lev,corn_monthly_rku,corn_monthly_rsk,corn_monthly_rv,corn_monthly_rvb,corn_monthly_rvg,corn_monthly_trd,corn_monthly_tru,corn_seasonal_jumps,corn_seasonal_lev,corn_seasonal_rku,corn_seasonal_rsk,corn_seasonal_rv,corn_seasonal_rvb,corn_seasonal_rvg,corn_seasonal_trd,corn_seasonal_tru,corn_weekly_jumps,corn_weekly_lev,corn_weekly_rku,corn_weekly_rsk,corn_weekly_rv,corn_weekly_rvb,corn_weekly_rvg,corn_weekly_trd,corn_weekly_tru,soybeans_monthly_jumps,soybeans_monthly_lev,soybeans_monthly_rku,soybeans_monthly_rsk,soybeans_monthly_rv,soybeans_monthly_rvb,soybeans_monthly_rvg,soybeans_monthly_trd,soybeans_monthly_tru,soybeans_seasonal_jumps,soybeans_seasonal_lev,soybeans_seasonal_rku,soybeans_seasonal_rsk,soybeans_seasonal_rv,soybeans_seasonal_rvb,soybeans_seasonal_rvg,soybeans_seasonal_trd,soybeans_seasonal_tru,soybeans_weekly_jumps,soybeans_weekly_lev,soybeans_weekly_rku,soybeans_weekly_rsk,soybeans_weekly_rv,soybeans_weekly_rvb,soybeans_weekly_rvg,soybeans_weekly_trd,soybeans_weekly_tru",expanding,260,1,8,,70,lasso,True,True,log,1e-10,True,1e-10,0.03919689303196386,,,,,7,18,test_r2,0.40439882846471176,0.45208560982131496
lasso_expanding,har_endo_exo_news,54,"Text_Climate_Anomaly,corn_seasonal_rku,corn_seasonal_tru,frbsf_sentiment,soybeans_monthly_rku,soybeans_seasonal_lev,soybeans_weekly_rku,wheat_monthly_rv,wheat_seasonal_rv,wheat_seasonal_rvb,wheat_weekly_rv,wheat_monthly_jumps,wheat_monthly_rvb,wheat_seasonal_jumps,corn_monthly_rku,corn_seasonal_jumps,corn_seasonal_lev,corn_seasonal_rv,corn_weekly_jumps,corn_weekly_rku,corn_weekly_rvb,epu_index,soybeans_monthly_trd,soybeans_seasonal_jumps,soybeans_seasonal_rv,soybeans_seasonal_trd,soybeans_seasonal_tru,wheat_monthly_lev,wheat_monthly_rku,wheat_monthly_tru,wheat_seasonal_rku,wheat_seasonal_rsk,wheat_seasonal_trd,wheat_weekly_jumps,wheat_weekly_lev,wheat_weekly_trd,wheat_weekly_tru,corn_monthly_jumps,corn_monthly_lev,corn_monthly_tru,corn_seasonal_rsk,soybeans_monthly_lev,soybeans_seasonal_rsk,soybeans_weekly_jumps,soybeans_weekly_lev,soybeans_weekly_rv,wheat_monthly_rsk,corn_monthly_rsk,soybeans_monthly_tru,wheat_seasonal_lev,soybeans_monthly_rv,soybeans_seasonal_rku,soybeans_weekly_trd,wheat_seasonal_tru",5.426347336758209e-06,0.001770179507199745,-3.1901214142016485,0.48785186076846576,0.5139124823886003,6.244369319501869e-06,0.0018325393294948782,-3.197097199412519,0.3946527248048358,0.40405829546056604,wheat_weekly_rv,RV_target,16,"wheat_weekly_rv,wheat_monthly_rv,wheat_seasonal_rv","wheat_monthly_jumps,wheat_monthly_lev,wheat_monthly_rku,wheat_monthly_rsk,wheat_monthly_rvb,wheat_monthly_rvg,wheat_monthly_trd,wheat_monthly_tru,wheat_seasonal_jumps,wheat_seasonal_lev,wheat_seasonal_rku,wheat_seasonal_rsk,wheat_seasonal_rvb,wheat_seasonal_rvg,wheat_seasonal_trd,wheat_seasonal_tru,wheat_weekly_jumps,wheat_weekly_lev,wheat_weekly_rku,wheat_weekly_rsk,wheat_weekly_rvb,wheat_weekly_rvg,wheat_weekly_trd,wheat_weekly_tru,corn_monthly_jumps,corn_monthly_lev,corn_monthly_rku,corn_monthly_rsk,corn_monthly_rv,corn_monthly_rvb,corn_monthly_rvg,corn_monthly_trd,corn_monthly_tru,corn_seasonal_jumps,corn_seasonal_lev,corn_seasonal_rku,corn_seasonal_rsk,corn_seasonal_rv,corn_seasonal_rvb,corn_seasonal_rvg,corn_seasonal_trd,corn_seasonal_tru,corn_weekly_jumps,corn_weekly_lev,corn_weekly_rku,corn_weekly_rsk,corn_weekly_rv,corn_weekly_rvb,corn_weekly_rvg,corn_weekly_trd,corn_weekly_tru,soybeans_monthly_jumps,soybeans_monthly_lev,soybeans_monthly_rku,soybeans_monthly_rsk,soybeans_monthly_rv,soybeans_monthly_rvb,soybeans_monthly_rvg,soybeans_monthly_trd,soybeans_monthly_tru,soybeans_seasonal_jumps,soybeans_seasonal_lev,soybeans_seasonal_rku,soybeans_seasonal_rsk,soybeans_seasonal_rv,soybeans_seasonal_rvb,soybeans_seasonal_rvg,soybeans_seasonal_trd,soybeans_seasonal_tru,soybeans_weekly_jumps,soybeans_weekly_lev,soybeans_weekly_rku,soybeans_weekly_rsk,soybeans_weekly_rv,soybeans_weekly_rvb,soybeans_weekly_rvg,soybeans_weekly_trd,soybeans_weekly_tru,frbsf_sentiment,Text_Climate_Anomaly,epu_index",expanding,260,1,8,,70,lasso,True,True,log,1e-10,True,1e-10,0.04202954360281968,,,,,7,18,test_r2,0.3946527248048358,0.45131817580346856
lasso_expanding,har_endo_exo_news_macro,41,"DJIA_Index,wheat_monthly_rv,wheat_seasonal_rv,wheat_weekly_rv,Text_Climate_Anomaly,WTI_Index,corn_seasonal_jumps,corn_seasonal_tru,epu_index,soybeans_monthly_rku,soybeans_seasonal_lev,soybeans_seasonal_rku,soybeans_weekly_rku,wheat_monthly_rvb,corn_seasonal_lev,corn_seasonal_rv,corn_weekly_jumps,soybeans_monthly_lev,soybeans_seasonal_tru,soybeans_weekly_lev,soybeans_weekly_rsk,wheat_monthly_jumps,wheat_monthly_tru,wheat_seasonal_rvb,corn_seasonal_rku,corn_weekly_rku,corn_weekly_rvb,frbsf_sentiment,soybeans_monthly_rsk,soybeans_monthly_rv,soybeans_monthly_trd,soybeans_seasonal_jumps,soybeans_seasonal_rv,soybeans_seasonal_trd,soybeans_weekly_rv,wheat_seasonal_jumps,wheat_seasonal_lev,wheat_seasonal_rku,wheat_weekly_trd,wheat_seasonal_trd,wheat_seasonal_tru",5.111375726440655e-06,0.001730531449085896,-3.1861801290145286,0.5122026241827244,0.5316332024688608,6.283811327267239e-06,0.0017865612807059,-3.190281656236455,0.38523370326328066,0.40163962513987117,wheat_weekly_rv,RV_target,16,"wheat_weekly_rv,wheat_monthly_rv,wheat_seasonal_rv","wheat_monthly_jumps,wheat_monthly_lev,wheat_monthly_rku,wheat_monthly_rsk,wheat_monthly_rvb,wheat_monthly_rvg,wheat_monthly_trd,wheat_monthly_tru,wheat_seasonal_jumps,wheat_seasonal_lev,wheat_seasonal_rku,wheat_seasonal_rsk,wheat_seasonal_rvb,wheat_seasonal_rvg,wheat_seasonal_trd,wheat_seasonal_tru,wheat_weekly_jumps,wheat_weekly_lev,wheat_weekly_rku,wheat_weekly_rsk,wheat_weekly_rvb,wheat_weekly_rvg,wheat_weekly_trd,wheat_weekly_tru,corn_monthly_jumps,corn_monthly_lev,corn_monthly_rku,corn_monthly_rsk,corn_monthly_rv,corn_monthly_rvb,corn_monthly_rvg,corn_monthly_trd,corn_monthly_tru,corn_seasonal_jumps,corn_seasonal_lev,corn_seasonal_rku,corn_seasonal_rsk,corn_seasonal_rv,corn_seasonal_rvb,corn_seasonal_rvg,corn_seasonal_trd,corn_seasonal_tru,corn_weekly_jumps,corn_weekly_lev,corn_weekly_rku,corn_weekly_rsk,corn_weekly_rv,corn_weekly_rvb,corn_weekly_rvg,corn_weekly_trd,corn_weekly_tru,soybeans_monthly_jumps,soybeans_monthly_lev,soybeans_monthly_rku,soybeans_monthly_rsk,soybeans_monthly_rv,soybeans_monthly_rvb,soybeans_monthly_rvg,soybeans_monthly_trd,soybeans_monthly_tru,soybeans_seasonal_jumps,soybeans_seasonal_lev,soybeans_seasonal_rku,soybeans_seasonal_rsk,soybeans_seasonal_rv,soybeans_seasonal_rvb,soybeans_seasonal_rvg,soybeans_seasonal_trd,soybeans_seasonal_tru,soybeans_weekly_jumps,soybeans_weekly_lev,soybeans_weekly_rku,soybeans_weekly_rsk,soybeans_weekly_rv,soybeans_weekly_rvb,soybeans_weekly_rvg,soybeans_weekly_trd,soybeans_weekly_tru,frbsf_sentiment,Text_Climate_Anomaly,epu_index,DJIA_Index,WTI_Index,Broad_Dollar_index,Stock_Uncertainty",expanding,260,1,8,,56,lasso,True,True,log,1e-10,True,1e-10,0.04211985218295135,,,,,7,18,test_r2,0.38523370326328066,0.48180795486888206
lasso_expanding,har,3,"wheat_monthly_rv,wheat_seasonal_rv,wheat_weekly_rv",6.3343693508423385e-06,0.0019452310216120225,-3.1881858611212492,0.4021511571396632,0.4233026142948084,6.669364588076432e-06,0.0019658147551630673,-3.2185165620746514,0.3872522533631766,0.3888362831238228,wheat_weekly_rv,RV_target,16,"wheat_weekly_rv,wheat_monthly_rv,wheat_seasonal_rv",,expanding,208,2,4,,152,lasso,True,True,log,1e-10,True,1e-10,0.009079779552651077,,,,,2,18,test_r2,0.3872522533631766,0.399931421336964
lasso_expanding,har_endo_exo_macro,70,"DJIA_Index,wheat_monthly_rv,wheat_seasonal_rv,wheat_weekly_rv,Stock_Uncertainty,WTI_Index,corn_seasonal_jumps,corn_seasonal_tru,soybeans_monthly_rku,soybeans_seasonal_lev,soybeans_seasonal_rku,soybeans_weekly_rku,wheat_monthly_rvb,soybeans_monthly_lev,soybeans_seasonal_tru,soybeans_weekly_lev,wheat_monthly_jumps,wheat_monthly_tru,wheat_seasonal_rvb,corn_monthly_jumps,corn_monthly_lev,corn_monthly_rku,corn_monthly_rsk,corn_monthly_rvb,corn_monthly_rvg,corn_seasonal_lev,corn_seasonal_rku,corn_seasonal_rsk,corn_seasonal_rv,corn_seasonal_trd,corn_weekly_jumps,corn_weekly_lev,corn_weekly_rku,corn_weekly_rsk,corn_weekly_rv,corn_weekly_rvb,corn_weekly_trd,soybeans_monthly_jumps,soybeans_monthly_rsk,soybeans_monthly_rvg,soybeans_monthly_trd,soybeans_monthly_tru,soybeans_seasonal_jumps,soybeans_seasonal_rsk,soybeans_seasonal_rv,soybeans_seasonal_rvg,soybeans_seasonal_trd,soybeans_weekly_jumps,soybeans_weekly_rsk,soybeans_weekly_rv,soybeans_weekly_rvg,soybeans_weekly_trd,wheat_monthly_lev,wheat_monthly_rku,wheat_monthly_rsk,wheat_monthly_trd,wheat_seasonal_jumps,wheat_seasonal_lev,wheat_seasonal_rku,wheat_seasonal_rsk,wheat_seasonal_rvg,wheat_seasonal_trd,wheat_weekly_jumps,wheat_weekly_rku,wheat_weekly_rsk,wheat_weekly_rvg,wheat_weekly_trd,wheat_weekly_tru,soybeans_monthly_rv,wheat_seasonal_tru",4.979903156015963e-06,0.0016977725404287423,-3.186551502607042,0.5247495348927644,0.5496115758505411,6.686664396073712e-06,0.0018796051121704124,-3.188974707317675,0.345821239021315,0.34272830108814245,wheat_weekly_rv,RV_target,16,"wheat_weekly_rv,wheat_monthly_rv,wheat_seasonal_rv","wheat_monthly_jumps,wheat_monthly_lev,wheat_monthly_rku,wheat_monthly_rsk,wheat_monthly_rvb,wheat_monthly_rvg,wheat_monthly_trd,wheat_monthly_tru,wheat_seasonal_jumps,wheat_seasonal_lev,wheat_seasonal_rku,wheat_seasonal_rsk,wheat_seasonal_rvb,wheat_seasonal_rvg,wheat_seasonal_trd,wheat_seasonal_tru,wheat_weekly_jumps,wheat_weekly_lev,wheat_weekly_rku,wheat_weekly_rsk,wheat_weekly_rvb,wheat_weekly_rvg,wheat_weekly_trd,wheat_weekly_tru,corn_monthly_jumps,corn_monthly_lev,corn_monthly_rku,corn_monthly_rsk,corn_monthly_rv,corn_monthly_rvb,corn_monthly_rvg,corn_monthly_trd,corn_monthly_tru,corn_seasonal_jumps,corn_seasonal_lev,corn_seasonal_rku,corn_seasonal_rsk,corn_seasonal_rv,corn_seasonal_rvb,corn_seasonal_rvg,corn_seasonal_trd,corn_seasonal_tru,corn_weekly_jumps,corn_weekly_lev,corn_weekly_rku,corn_weekly_rsk,corn_weekly_rv,corn_weekly_rvb,corn_weekly_rvg,corn_weekly_trd,corn_weekly_tru,soybeans_monthly_jumps,soybeans_monthly_lev,soybeans_monthly_rku,soybeans_monthly_rsk,soybeans_monthly_rv,soybeans_monthly_rvb,soybeans_monthly_rvg,soybeans_monthly_trd,soybeans_monthly_tru,soybeans_seasonal_jumps,soybeans_seasonal_lev,soybeans_seasonal_rku,soybeans_seasonal_rsk,soybeans_seasonal_rv,soybeans_seasonal_rvb,soybeans_seasonal_rvg,soybeans_seasonal_trd,soybeans_seasonal_tru,soybeans_weekly_jumps,soybeans_weekly_lev,soybeans_weekly_rku,soybeans_weekly_rsk,soybeans_weekly_rv,soybeans_weekly_rvb,soybeans_weekly_rvg,soybeans_weekly_trd,soybeans_weekly_tru,DJIA_Index,WTI_Index,Broad_Dollar_index,Stock_Uncertainty",expanding,260,1,8,,56,lasso,True,True,log,1e-10,True,1e-10,0.04211985218295135,,,,,7,18,test_r2,0.345821239021315,0.4718599759778097
lasso_expanding,har_endo_exo_climate,84,"SOI_index,awnd_extreme_high_wind_in_harvesting,awnd_extreme_high_wind_in_planting,awnd_moderate_high_wind_in_harvesting,awnd_moderate_high_wind_in_planting,co2_extreme_in_harvesting,co2_extreme_in_planting,corn_monthly_jumps,corn_monthly_rv,corn_monthly_trd,corn_monthly_tru,corn_seasonal_jumps,corn_seasonal_lev,corn_seasonal_rku,corn_seasonal_rsk,corn_seasonal_rvg,corn_weekly_jumps,corn_weekly_rku,corn_weekly_rv,corn_weekly_rvb,corn_weekly_tru,pdsi_extreme_wet_in_harvesting,pdsi_extreme_wet_in_planting,soybeans_monthly_jumps,soybeans_monthly_rku,soybeans_monthly_rv,soybeans_monthly_rvb,soybeans_monthly_trd,soybeans_seasonal_jumps,soybeans_seasonal_lev,soybeans_seasonal_rv,soybeans_seasonal_trd,soybeans_seasonal_tru,soybeans_weekly_jumps,soybeans_weekly_lev,soybeans_weekly_rku,soybeans_weekly_rv,soybeans_weekly_trd,soybeans_weekly_tru,ssta_elino,ssta_lanina,tmax_hot_in_harvesting,tmax_very_hot_in_planting,tmin_cold_in_harvesting,tmin_cold_in_planting,tmin_very_cold_in_harvesting,tmin_very_cold_in_planting,wheat_monthly_jumps,wheat_monthly_rku,wheat_monthly_rsk,wheat_monthly_rv,wheat_monthly_trd,wheat_monthly_tru,wheat_seasonal_lev,wheat_seasonal_rku,wheat_seasonal_rsk,wheat_seasonal_rv,wheat_seasonal_rvb,wheat_weekly_jumps,wheat_weekly_rku,wheat_weekly_rsk,wheat_weekly_rv,wheat_weekly_trd,corn_monthly_lev,corn_seasonal_rv,corn_seasonal_trd,corn_seasonal_tru,corn_weekly_lev,corn_weekly_rsk,wheat_monthly_lev,wheat_weekly_lev,soybeans_seasonal_rku,wheat_seasonal_jumps,NAO_index,corn_monthly_rku,corn_monthly_rvb,corn_weekly_trd,soybeans_monthly_lev,soybeans_monthly_tru,soybeans_weekly_rsk,tmax_hot_in_planting,tmax_very_hot_in_harvesting,wheat_monthly_rvb,soybeans_seasonal_rsk",5.019150396721479e-06,0.0017348975423945136,-3.1910598735358153,0.5262838191740575,0.552405876294112,6.704686131209515e-06,0.0019838401085874265,-3.2181957207377185,0.38688273483691094,0.3814965779497512,wheat_weekly_rv,RV_target,16,"wheat_weekly_rv,wheat_monthly_rv,wheat_seasonal_rv","wheat_monthly_jumps,wheat_monthly_lev,wheat_monthly_rku,wheat_monthly_rsk,wheat_monthly_rvb,wheat_monthly_rvg,wheat_monthly_trd,wheat_monthly_tru,wheat_seasonal_jumps,wheat_seasonal_lev,wheat_seasonal_rku,wheat_seasonal_rsk,wheat_seasonal_rvb,wheat_seasonal_rvg,wheat_seasonal_trd,wheat_seasonal_tru,wheat_weekly_jumps,wheat_weekly_lev,wheat_weekly_rku,wheat_weekly_rsk,wheat_weekly_rvb,wheat_weekly_rvg,wheat_weekly_trd,wheat_weekly_tru,corn_monthly_jumps,corn_monthly_lev,corn_monthly_rku,corn_monthly_rsk,corn_monthly_rv,corn_monthly_rvb,corn_monthly_rvg,corn_monthly_trd,corn_monthly_tru,corn_seasonal_jumps,corn_seasonal_lev,corn_seasonal_rku,corn_seasonal_rsk,corn_seasonal_rv,corn_seasonal_rvb,corn_seasonal_rvg,corn_seasonal_trd,corn_seasonal_tru,corn_weekly_jumps,corn_weekly_lev,corn_weekly_rku,corn_weekly_rsk,corn_weekly_rv,corn_weekly_rvb,corn_weekly_rvg,corn_weekly_trd,corn_weekly_tru,soybeans_monthly_jumps,soybeans_monthly_lev,soybeans_monthly_rku,soybeans_monthly_rsk,soybeans_monthly_rv,soybeans_monthly_rvb,soybeans_monthly_rvg,soybeans_monthly_trd,soybeans_monthly_tru,soybeans_seasonal_jumps,soybeans_seasonal_lev,soybeans_seasonal_rku,soybeans_seasonal_rsk,soybeans_seasonal_rv,soybeans_seasonal_rvb,soybeans_seasonal_rvg,soybeans_seasonal_trd,soybeans_seasonal_tru,soybeans_weekly_jumps,soybeans_weekly_lev,soybeans_weekly_rku,soybeans_weekly_rsk,soybeans_weekly_rv,soybeans_weekly_rvb,soybeans_weekly_rvg,soybeans_weekly_trd,soybeans_weekly_tru,ssta_elino,ssta_lanina,SOI_index,NAO_index,tmax_hot_in_planting,tmax_hot_in_harvesting,tmax_very_hot_in_planting,tmax_very_hot_in_harvesting,tmin_cold_in_planting,tmin_cold_in_harvesting,tmin_very_cold_in_planting,tmin_very_cold_in_harvesting,awnd_moderate_high_wind_in_planting,awnd_moderate_high_wind_in_harvesting,awnd_extreme_high_wind_in_planting,awnd_extreme_high_wind_in_harvesting,pdsi_extreme_wet_in_planting,pdsi_extreme_wet_in_harvesting,co2_extreme_in_planting,co2_extreme_in_harvesting",expanding,208,1,4,,152,lasso,True,True,log,1e-10,True,1e-10,0.029732184533247902,,,,,0,18,test_r2,0.38688273483691094,0.4715490747595057
lasso_expanding,har_endo_exo_climate_news_macro,55,"DJIA_Index,wheat_monthly_rv,wheat_seasonal_rv,wheat_weekly_rv,Text_Climate_Anomaly,WTI_Index,awnd_extreme_high_wind_in_harvesting,awnd_moderate_high_wind_in_planting,co2_extreme_in_planting,corn_seasonal_jumps,corn_seasonal_tru,epu_index,pdsi_extreme_wet_in_harvesting,soybeans_monthly_rku,soybeans_seasonal_lev,soybeans_seasonal_rku,soybeans_seasonal_rsk,soybeans_weekly_rku,ssta_elino,ssta_lanina,tmax_hot_in_planting,tmin_cold_in_harvesting,wheat_monthly_rvb,wheat_monthly_tru,wheat_seasonal_rku,wheat_seasonal_rsk,wheat_seasonal_rvb,frbsf_sentiment,wheat_monthly_jumps,NAO_index,awnd_moderate_high_wind_in_harvesting,corn_seasonal_lev,corn_seasonal_rku,corn_seasonal_rv,corn_weekly_rku,corn_weekly_rvb,pdsi_extreme_wet_in_planting,soybeans_monthly_rsk,soybeans_monthly_rv,soybeans_monthly_trd,soybeans_monthly_tru,soybeans_seasonal_jumps,soybeans_seasonal_rv,soybeans_seasonal_trd,soybeans_seasonal_tru,soybeans_weekly_rsk,soybeans_weekly_rv,tmax_very_hot_in_harvesting,tmax_very_hot_in_planting,tmin_cold_in_planting,tmin_very_cold_in_harvesting,tmin_very_cold_in_planting,wheat_weekly_lev,wheat_weekly_trd,wheat_seasonal_tru",4.919992925412155e-06,0.0017268967701479488,-3.1866780805320714,0.5304669884389734,0.5510666097614181,6.741989429940402e-06,0.0018557190704553024,-3.189186982607796,0.3404086057617085,0.3534777018656814,wheat_weekly_rv,RV_target,16,"wheat_weekly_rv,wheat_monthly_rv,wheat_seasonal_rv","wheat_monthly_jumps,wheat_monthly_lev,wheat_monthly_rku,wheat_monthly_rsk,wheat_monthly_rvb,wheat_monthly_rvg,wheat_monthly_trd,wheat_monthly_tru,wheat_seasonal_jumps,wheat_seasonal_lev,wheat_seasonal_rku,wheat_seasonal_rsk,wheat_seasonal_rvb,wheat_seasonal_rvg,wheat_seasonal_trd,wheat_seasonal_tru,wheat_weekly_jumps,wheat_weekly_lev,wheat_weekly_rku,wheat_weekly_rsk,wheat_weekly_rvb,wheat_weekly_rvg,wheat_weekly_trd,wheat_weekly_tru,corn_monthly_jumps,corn_monthly_lev,corn_monthly_rku,corn_monthly_rsk,corn_monthly_rv,corn_monthly_rvb,corn_monthly_rvg,corn_monthly_trd,corn_monthly_tru,corn_seasonal_jumps,corn_seasonal_lev,corn_seasonal_rku,corn_seasonal_rsk,corn_seasonal_rv,corn_seasonal_rvb,corn_seasonal_rvg,corn_seasonal_trd,corn_seasonal_tru,corn_weekly_jumps,corn_weekly_lev,corn_weekly_rku,corn_weekly_rsk,corn_weekly_rv,corn_weekly_rvb,corn_weekly_rvg,corn_weekly_trd,corn_weekly_tru,soybeans_monthly_jumps,soybeans_monthly_lev,soybeans_monthly_rku,soybeans_monthly_rsk,soybeans_monthly_rv,soybeans_monthly_rvb,soybeans_monthly_rvg,soybeans_monthly_trd,soybeans_monthly_tru,soybeans_seasonal_jumps,soybeans_seasonal_lev,soybeans_seasonal_rku,soybeans_seasonal_rsk,soybeans_seasonal_rv,soybeans_seasonal_rvb,soybeans_seasonal_rvg,soybeans_seasonal_trd,soybeans_seasonal_tru,soybeans_weekly_jumps,soybeans_weekly_lev,soybeans_weekly_rku,soybeans_weekly_rsk,soybeans_weekly_rv,soybeans_weekly_rvb,soybeans_weekly_rvg,soybeans_weekly_trd,soybeans_weekly_tru,ssta_elino,ssta_lanina,SOI_index,NAO_index,tmax_hot_in_planting,tmax_hot_in_harvesting,tmax_very_hot_in_planting,tmax_very_hot_in_harvesting,tmin_cold_in_planting,tmin_cold_in_harvesting,tmin_very_cold_in_planting,tmin_very_cold_in_harvesting,awnd_moderate_high_wind_in_planting,awnd_moderate_high_wind_in_harvesting,awnd_extreme_high_wind_in_planting,awnd_extreme_high_wind_in_harvesting,pdsi_extreme_wet_in_planting,pdsi_extreme_wet_in_harvesting,co2_extreme_in_planting,co2_extreme_in_harvesting,frbsf_sentiment,Text_Climate_Anomaly,epu_index,DJIA_Index,WTI_Index,Broad_Dollar_index,Stock_Uncertainty",expanding,260,1,8,,56,lasso,True,True,log,1e-10,True,1e-10,0.034164710693896136,,,,,7,18,test_r2,0.3404086057617085,0.4903671194391963
lasso_expanding,har_endo_exo_climate_macro,14,"DJIA_Index,wheat_monthly_rv,wheat_seasonal_rv,wheat_weekly_rv,SOI_index,corn_seasonal_jumps,corn_seasonal_tru,pdsi_extreme_wet_in_harvesting,soybeans_seasonal_lev,soybeans_weekly_rku,ssta_lanina,wheat_monthly_jumps,wheat_monthly_rvb,wheat_seasonal_tru",5.236652677772464e-06,0.0017916055456596476,-3.185946871113741,0.5002469841788151,0.5171939092843019,6.7788505901899346e-06,0.001902090314295987,-3.1890959099299563,0.3368023550645096,0.3474667863137332,wheat_weekly_rv,RV_target,16,"wheat_weekly_rv,wheat_monthly_rv,wheat_seasonal_rv","wheat_monthly_jumps,wheat_monthly_lev,wheat_monthly_rku,wheat_monthly_rsk,wheat_monthly_rvb,wheat_monthly_rvg,wheat_monthly_trd,wheat_monthly_tru,wheat_seasonal_jumps,wheat_seasonal_lev,wheat_seasonal_rku,wheat_seasonal_rsk,wheat_seasonal_rvb,wheat_seasonal_rvg,wheat_seasonal_trd,wheat_seasonal_tru,wheat_weekly_jumps,wheat_weekly_lev,wheat_weekly_rku,wheat_weekly_rsk,wheat_weekly_rvb,wheat_weekly_rvg,wheat_weekly_trd,wheat_weekly_tru,corn_monthly_jumps,corn_monthly_lev,corn_monthly_rku,corn_monthly_rsk,corn_monthly_rv,corn_monthly_rvb,corn_monthly_rvg,corn_monthly_trd,corn_monthly_tru,corn_seasonal_jumps,corn_seasonal_lev,corn_seasonal_rku,corn_seasonal_rsk,corn_seasonal_rv,corn_seasonal_rvb,corn_seasonal_rvg,corn_seasonal_trd,corn_seasonal_tru,corn_weekly_jumps,corn_weekly_lev,corn_weekly_rku,corn_weekly_rsk,corn_weekly_rv,corn_weekly_rvb,corn_weekly_rvg,corn_weekly_trd,corn_weekly_tru,soybeans_monthly_jumps,soybeans_monthly_lev,soybeans_monthly_rku,soybeans_monthly_rsk,soybeans_monthly_rv,soybeans_monthly_rvb,soybeans_monthly_rvg,soybeans_monthly_trd,soybeans_monthly_tru,soybeans_seasonal_jumps,soybeans_seasonal_lev,soybeans_seasonal_rku,soybeans_seasonal_rsk,soybeans_seasonal_rv,soybeans_seasonal_rvb,soybeans_seasonal_rvg,soybeans_seasonal_trd,soybeans_seasonal_tru,soybeans_weekly_jumps,soybeans_weekly_lev,soybeans_weekly_rku,soybeans_weekly_rsk,soybeans_weekly_rv,soybeans_weekly_rvb,soybeans_weekly_rvg,soybeans_weekly_trd,soybeans_weekly_tru,ssta_elino,ssta_lanina,SOI_index,NAO_index,tmax_hot_in_planting,tmax_hot_in_harvesting,tmax_very_hot_in_planting,tmax_very_hot_in_harvesting,tmin_cold_in_planting,tmin_cold_in_harvesting,tmin_very_cold_in_planting,tmin_very_cold_in_harvesting,awnd_moderate_high_wind_in_planting,awnd_moderate_high_wind_in_harvesting,awnd_extreme_high_wind_in_planting,awnd_extreme_high_wind_in_harvesting,pdsi_extreme_wet_in_planting,pdsi_extreme_wet_in_harvesting,co2_extreme_in_planting,co2_extreme_in_harvesting,DJIA_Index,WTI_Index,Broad_Dollar_index,Stock_Uncertainty",expanding,260,1,8,,56,lasso,True,True,log,1e-10,True,1e-10,0.034164710693896136,,,,,7,18,test_r2,0.3368023550645096,0.4900330539284551
lasso_expanding,har_endo,21,"wheat_monthly_jumps,wheat_monthly_rku,wheat_monthly_rv,wheat_seasonal_rv,wheat_seasonal_rvb,wheat_weekly_rv,wheat_seasonal_jumps,wheat_monthly_rvb,wheat_seasonal_rku,wheat_monthly_lev,wheat_monthly_rsk,wheat_monthly_trd,wheat_seasonal_rsk,wheat_seasonal_rvg,wheat_seasonal_trd,wheat_weekly_jumps,wheat_weekly_rsk,wheat_weekly_trd,wheat_weekly_tru,wheat_monthly_tru,wheat_seasonal_tru",5.995994178285049e-06,0.001885635362204542,-3.1887568948532348,0.4340875969273338,0.45092284411400796,7.2251458472102645e-06,0.001996079905541215,-3.19261437288243,0.3612001162434806,0.3791126541039418,wheat_weekly_rv,RV_target,16,"wheat_weekly_rv,wheat_monthly_rv,wheat_seasonal_rv","wheat_monthly_jumps,wheat_monthly_lev,wheat_monthly_rku,wheat_monthly_rsk,wheat_monthly_rvb,wheat_monthly_rvg,wheat_monthly_trd,wheat_monthly_tru,wheat_seasonal_jumps,wheat_seasonal_lev,wheat_seasonal_rku,wheat_seasonal_rsk,wheat_seasonal_rvb,wheat_seasonal_rvg,wheat_seasonal_trd,wheat_seasonal_tru,wheat_weekly_jumps,wheat_weekly_lev,wheat_weekly_rku,wheat_weekly_rsk,wheat_weekly_rvb,wheat_weekly_rvg,wheat_weekly_trd,wheat_weekly_tru",expanding,312,2,4,,126,lasso,True,True,log,1e-10,True,1e-10,0.01947868520485177,,,,,14,18,test_r2,0.3612001162434806,0.41904435583299715
lasso_rolling,har_endo_exo_climate_news_macro,92,"Broad_Dollar_index,DJIA_Index,NAO_index,SOI_index,Stock_Uncertainty,Text_Climate_Anomaly,WTI_Index,awnd_extreme_high_wind_in_harvesting,awnd_extreme_high_wind_in_planting,awnd_moderate_high_wind_in_harvesting,awnd_moderate_high_wind_in_planting,co2_extreme_in_harvesting,co2_extreme_in_planting,corn_monthly_jumps,corn_monthly_rku,corn_monthly_rsk,corn_monthly_rvb,corn_monthly_trd,corn_monthly_tru,corn_seasonal_jumps,corn_seasonal_lev,corn_seasonal_rku,corn_seasonal_rsk,corn_seasonal_rv,corn_seasonal_trd,corn_weekly_jumps,corn_weekly_rku,corn_weekly_rv,corn_weekly_rvb,corn_weekly_rvg,corn_weekly_trd,corn_weekly_tru,epu_index,pdsi_extreme_wet_in_harvesting,pdsi_extreme_wet_in_planting,soybeans_monthly_jumps,soybeans_monthly_lev,soybeans_monthly_rsk,soybeans_monthly_rv,soybeans_monthly_rvb,soybeans_seasonal_jumps,soybeans_seasonal_lev,soybeans_seasonal_rku,soybeans_seasonal_rv,soybeans_seasonal_trd,soybeans_seasonal_tru,soybeans_weekly_jumps,soybeans_weekly_lev,soybeans_weekly_rku,soybeans_weekly_rsk,soybeans_weekly_rv,soybeans_weekly_rvb,soybeans_weekly_rvg,soybeans_weekly_trd,ssta_elino,ssta_lanina,tmax_hot_in_harvesting,tmax_very_hot_in_harvesting,tmax_very_hot_in_planting,tmin_cold_in_harvesting,tmin_cold_in_planting,tmin_very_cold_in_harvesting,tmin_very_cold_in_planting,wheat_monthly_jumps,wheat_monthly_lev,wheat_monthly_rku,wheat_monthly_rsk,wheat_monthly_rv,wheat_monthly_trd,wheat_monthly_tru,wheat_seasonal_jumps,wheat_seasonal_lev,wheat_seasonal_rku,wheat_seasonal_rsk,wheat_seasonal_rv,wheat_seasonal_trd,wheat_seasonal_tru,wheat_weekly_jumps,wheat_weekly_lev,wheat_weekly_rku,wheat_weekly_rsk,wheat_weekly_rv,wheat_weekly_rvg,wheat_weekly_trd,wheat_weekly_tru,soybeans_monthly_rku,soybeans_seasonal_rsk,wheat_monthly_rvb,frbsf_sentiment,soybeans_monthly_tru,wheat_weekly_rvb,tmax_hot_in_planting",2.1338424875516784e-06,0.0011312150923138476,-3.1929784270951114,0.7959996544242193,0.7881306072906176,4.623582186124874e-06,0.0017016452103035878,-3.2008186202066837,0.5380517745433441,0.5020631608936417,wheat_weekly_rv,RV_target,16,"wheat_weekly_rv,wheat_monthly_rv,wheat_seasonal_rv","wheat_monthly_jumps,wheat_monthly_lev,wheat_monthly_rku,wheat_monthly_rsk,wheat_monthly_rvb,wheat_monthly_rvg,wheat_monthly_trd,wheat_monthly_tru,wheat_seasonal_jumps,wheat_seasonal_lev,wheat_seasonal_rku,wheat_seasonal_rsk,wheat_seasonal_rvb,wheat_seasonal_rvg,wheat_seasonal_trd,wheat_seasonal_tru,wheat_weekly_jumps,wheat_weekly_lev,wheat_weekly_rku,wheat_weekly_rsk,wheat_weekly_rvb,wheat_weekly_rvg,wheat_weekly_trd,wheat_weekly_tru,corn_monthly_jumps,corn_monthly_lev,corn_monthly_rku,corn_monthly_rsk,corn_monthly_rv,corn_monthly_rvb,corn_monthly_rvg,corn_monthly_trd,corn_monthly_tru,corn_seasonal_jumps,corn_seasonal_lev,corn_seasonal_rku,corn_seasonal_rsk,corn_seasonal_rv,corn_seasonal_rvb,corn_seasonal_rvg,corn_seasonal_trd,corn_seasonal_tru,corn_weekly_jumps,corn_weekly_lev,corn_weekly_rku,corn_weekly_rsk,corn_weekly_rv,corn_weekly_rvb,corn_weekly_rvg,corn_weekly_trd,corn_weekly_tru,soybeans_monthly_jumps,soybeans_monthly_lev,soybeans_monthly_rku,soybeans_monthly_rsk,soybeans_monthly_rv,soybeans_monthly_rvb,soybeans_monthly_rvg,soybeans_monthly_trd,soybeans_monthly_tru,soybeans_seasonal_jumps,soybeans_seasonal_lev,soybeans_seasonal_rku,soybeans_seasonal_rsk,soybeans_seasonal_rv,soybeans_seasonal_rvb,soybeans_seasonal_rvg,soybeans_seasonal_trd,soybeans_seasonal_tru,soybeans_weekly_jumps,soybeans_weekly_lev,soybeans_weekly_rku,soybeans_weekly_rsk,soybeans_weekly_rv,soybeans_weekly_rvb,soybeans_weekly_rvg,soybeans_weekly_trd,soybeans_weekly_tru,ssta_elino,ssta_lanina,SOI_index,NAO_index,tmax_hot_in_planting,tmax_hot_in_harvesting,tmax_very_hot_in_planting,tmax_very_hot_in_harvesting,tmin_cold_in_planting,tmin_cold_in_harvesting,tmin_very_cold_in_planting,tmin_very_cold_in_harvesting,awnd_moderate_high_wind_in_planting,awnd_moderate_high_wind_in_harvesting,awnd_extreme_high_wind_in_planting,awnd_extreme_high_wind_in_harvesting,pdsi_extreme_wet_in_planting,pdsi_extreme_wet_in_harvesting,co2_extreme_in_planting,co2_extreme_in_harvesting,frbsf_sentiment,Text_Climate_Anomaly,epu_index,DJIA_Index,WTI_Index,Broad_Dollar_index,Stock_Uncertainty",rolling,208,1,4,208.0,125,lasso,True,True,log,1e-10,True,1e-10,0.015653143562248322,,,,,0,18,test_r2,0.5380517745433441,0.7652827447794208
lasso_rolling,har_endo_exo_news_macro,82,"Broad_Dollar_index,DJIA_Index,Stock_Uncertainty,Text_Climate_Anomaly,WTI_Index,corn_monthly_jumps,corn_monthly_lev,corn_monthly_rku,corn_monthly_rsk,corn_monthly_trd,corn_seasonal_lev,corn_seasonal_rku,corn_seasonal_rsk,corn_seasonal_rv,corn_seasonal_rvg,corn_seasonal_trd,corn_weekly_jumps,corn_weekly_rku,corn_weekly_rsk,corn_weekly_rvg,corn_weekly_trd,corn_weekly_tru,frbsf_sentiment,soybeans_monthly_jumps,soybeans_monthly_lev,soybeans_monthly_rku,soybeans_monthly_rsk,soybeans_monthly_rv,soybeans_monthly_rvg,soybeans_seasonal_jumps,soybeans_seasonal_lev,soybeans_seasonal_rku,soybeans_seasonal_rv,soybeans_seasonal_trd,soybeans_weekly_jumps,soybeans_weekly_lev,soybeans_weekly_rku,soybeans_weekly_rsk,soybeans_weekly_rv,soybeans_weekly_rvb,soybeans_weekly_trd,soybeans_weekly_tru,wheat_monthly_jumps,wheat_monthly_lev,wheat_monthly_rsk,wheat_monthly_rv,wheat_monthly_trd,wheat_monthly_tru,wheat_seasonal_jumps,wheat_seasonal_rku,wheat_seasonal_rsk,wheat_seasonal_rv,wheat_seasonal_trd,wheat_seasonal_tru,wheat_weekly_jumps,wheat_weekly_lev,wheat_weekly_rku,wheat_weekly_rv,wheat_weekly_rvg,wheat_weekly_trd,corn_monthly_tru,corn_weekly_lev,epu_index,soybeans_monthly_trd,soybeans_monthly_tru,soybeans_seasonal_rsk,soybeans_seasonal_tru,soybeans_weekly_rvg,wheat_monthly_rku,wheat_monthly_rvb,wheat_seasonal_lev,wheat_seasonal_rvb,wheat_weekly_rsk,wheat_weekly_rvb,wheat_weekly_tru,corn_seasonal_jumps,corn_seasonal_tru,corn_monthly_rv,corn_monthly_rvg,wheat_monthly_rvg,soybeans_seasonal_rvg,corn_weekly_rv",1.9764119560312983e-06,0.0010984914345881648,-3.193446847121872,0.8110503824051704,0.8098031441427508,4.6367997085206386e-06,0.0017401687264303259,-3.2011146014584466,0.5367311943590056,0.5082067868655991,wheat_weekly_rv,RV_target,16,"wheat_weekly_rv,wheat_monthly_rv,wheat_seasonal_rv","wheat_monthly_jumps,wheat_monthly_lev,wheat_monthly_rku,wheat_monthly_rsk,wheat_monthly_rvb,wheat_monthly_rvg,wheat_monthly_trd,wheat_monthly_tru,wheat_seasonal_jumps,wheat_seasonal_lev,wheat_seasonal_rku,wheat_seasonal_rsk,wheat_seasonal_rvb,wheat_seasonal_rvg,wheat_seasonal_trd,wheat_seasonal_tru,wheat_weekly_jumps,wheat_weekly_lev,wheat_weekly_rku,wheat_weekly_rsk,wheat_weekly_rvb,wheat_weekly_rvg,wheat_weekly_trd,wheat_weekly_tru,corn_monthly_jumps,corn_monthly_lev,corn_monthly_rku,corn_monthly_rsk,corn_monthly_rv,corn_monthly_rvb,corn_monthly_rvg,corn_monthly_trd,corn_monthly_tru,corn_seasonal_jumps,corn_seasonal_lev,corn_seasonal_rku,corn_seasonal_rsk,corn_seasonal_rv,corn_seasonal_rvb,corn_seasonal_rvg,corn_seasonal_trd,corn_seasonal_tru,corn_weekly_jumps,corn_weekly_lev,corn_weekly_rku,corn_weekly_rsk,corn_weekly_rv,corn_weekly_rvb,corn_weekly_rvg,corn_weekly_trd,corn_weekly_tru,soybeans_monthly_jumps,soybeans_monthly_lev,soybeans_monthly_rku,soybeans_monthly_rsk,soybeans_monthly_rv,soybeans_monthly_rvb,soybeans_monthly_rvg,soybeans_monthly_trd,soybeans_monthly_tru,soybeans_seasonal_jumps,soybeans_seasonal_lev,soybeans_seasonal_rku,soybeans_seasonal_rsk,soybeans_seasonal_rv,soybeans_seasonal_rvb,soybeans_seasonal_rvg,soybeans_seasonal_trd,soybeans_seasonal_tru,soybeans_weekly_jumps,soybeans_weekly_lev,soybeans_weekly_rku,soybeans_weekly_rsk,soybeans_weekly_rv,soybeans_weekly_rvb,soybeans_weekly_rvg,soybeans_weekly_trd,soybeans_weekly_tru,frbsf_sentiment,Text_Climate_Anomaly,epu_index,DJIA_Index,WTI_Index,Broad_Dollar_index,Stock_Uncertainty",rolling,208,1,4,208.0,125,lasso,True,True,log,1e-10,True,1e-10,0.015653143562248322,,,,,0,18,test_r2,0.5367311943590056,0.7861005134151928
lasso_rolling,har_endo_exo_macro,71,"Broad_Dollar_index,DJIA_Index,Stock_Uncertainty,corn_monthly_rku,corn_monthly_rsk,corn_seasonal_tru,corn_weekly_jumps,corn_weekly_rku,corn_weekly_rvb,corn_weekly_rvg,soybeans_monthly_rku,soybeans_monthly_rsk,soybeans_monthly_rv,soybeans_seasonal_rsk,soybeans_weekly_rku,soybeans_weekly_rvb,wheat_monthly_rsk,wheat_monthly_rv,wheat_monthly_trd,wheat_seasonal_jumps,wheat_seasonal_lev,wheat_seasonal_rsk,wheat_seasonal_rv,wheat_weekly_lev,wheat_weekly_rv,wheat_weekly_trd,WTI_Index,corn_monthly_jumps,corn_monthly_lev,corn_monthly_trd,corn_monthly_tru,corn_seasonal_lev,corn_seasonal_rku,corn_seasonal_rsk,corn_seasonal_rv,corn_seasonal_trd,corn_weekly_rv,corn_weekly_trd,corn_weekly_tru,soybeans_monthly_trd,soybeans_monthly_tru,soybeans_seasonal_jumps,soybeans_seasonal_lev,soybeans_seasonal_rku,soybeans_seasonal_rv,soybeans_seasonal_trd,soybeans_seasonal_tru,soybeans_weekly_jumps,soybeans_weekly_rsk,soybeans_weekly_rv,soybeans_weekly_rvg,soybeans_weekly_trd,wheat_monthly_jumps,wheat_monthly_lev,wheat_monthly_rku,wheat_monthly_rvb,wheat_monthly_rvg,wheat_monthly_tru,wheat_seasonal_rku,wheat_seasonal_rvb,wheat_seasonal_trd,wheat_seasonal_tru,wheat_weekly_jumps,wheat_weekly_rku,wheat_weekly_rsk,wheat_weekly_rvg,wheat_weekly_tru,corn_seasonal_jumps,wheat_weekly_rvb,soybeans_monthly_lev,soybeans_weekly_lev",2.2943346332002423e-06,0.0012029333173318934,-3.1927588865557066,0.7806562289532646,0.7778847188910886,5.03483707559867e-06,0.001775631111097368,-3.199421978203905,0.49696275335693396,0.43170829202221117,wheat_weekly_rv,RV_target,16,"wheat_weekly_rv,wheat_monthly_rv,wheat_seasonal_rv","wheat_monthly_jumps,wheat_monthly_lev,wheat_monthly_rku,wheat_monthly_rsk,wheat_monthly_rvb,wheat_monthly_rvg,wheat_monthly_trd,wheat_monthly_tru,wheat_seasonal_jumps,wheat_seasonal_lev,wheat_seasonal_rku,wheat_seasonal_rsk,wheat_seasonal_rvb,wheat_seasonal_rvg,wheat_seasonal_trd,wheat_seasonal_tru,wheat_weekly_jumps,wheat_weekly_lev,wheat_weekly_rku,wheat_weekly_rsk,wheat_weekly_rvb,wheat_weekly_rvg,wheat_weekly_trd,wheat_weekly_tru,corn_monthly_jumps,corn_monthly_lev,corn_monthly_rku,corn_monthly_rsk,corn_monthly_rv,corn_monthly_rvb,corn_monthly_rvg,corn_monthly_trd,corn_monthly_tru,corn_seasonal_jumps,corn_seasonal_lev,corn_seasonal_rku,corn_seasonal_rsk,corn_seasonal_rv,corn_seasonal_rvb,corn_seasonal_rvg,corn_seasonal_trd,corn_seasonal_tru,corn_weekly_jumps,corn_weekly_lev,corn_weekly_rku,corn_weekly_rsk,corn_weekly_rv,corn_weekly_rvb,corn_weekly_rvg,corn_weekly_trd,corn_weekly_tru,soybeans_monthly_jumps,soybeans_monthly_lev,soybeans_monthly_rku,soybeans_monthly_rsk,soybeans_monthly_rv,soybeans_monthly_rvb,soybeans_monthly_rvg,soybeans_monthly_trd,soybeans_monthly_tru,soybeans_seasonal_jumps,soybeans_seasonal_lev,soybeans_seasonal_rku,soybeans_seasonal_rsk,soybeans_seasonal_rv,soybeans_seasonal_rvb,soybeans_seasonal_rvg,soybeans_seasonal_trd,soybeans_seasonal_tru,soybeans_weekly_jumps,soybeans_weekly_lev,soybeans_weekly_rku,soybeans_weekly_rsk,soybeans_weekly_rv,soybeans_weekly_rvb,soybeans_weekly_rvg,soybeans_weekly_trd,soybeans_weekly_tru,DJIA_Index,WTI_Index,Broad_Dollar_index,Stock_Uncertainty",rolling,208,1,4,208.0,125,lasso,True,True,log,1e-10,True,1e-10,0.013614306001098456,,,,,0,18,test_r2,0.49696275335693396,0.756014761003394
lasso_rolling,har_endo_exo_climate,47,"SOI_index,awnd_extreme_high_wind_in_harvesting,pdsi_extreme_wet_in_harvesting,soybeans_monthly_rku,soybeans_seasonal_lev,soybeans_seasonal_tru,soybeans_weekly_rku,ssta_lanina,wheat_monthly_jumps,wheat_monthly_rv,wheat_seasonal_rsk,wheat_seasonal_rv,wheat_seasonal_rvb,wheat_weekly_rv,corn_seasonal_jumps,soybeans_monthly_rv,soybeans_seasonal_rku,wheat_monthly_rku,wheat_seasonal_jumps,wheat_seasonal_lev,wheat_seasonal_rku,wheat_monthly_tru,wheat_monthly_rvb,corn_seasonal_rku,corn_seasonal_rsk,soybeans_seasonal_rsk,corn_seasonal_lev,pdsi_extreme_wet_in_planting,soybeans_monthly_lev,tmin_very_cold_in_planting,wheat_monthly_lev,wheat_seasonal_tru,corn_monthly_jumps,corn_monthly_lev,corn_weekly_jumps,corn_weekly_lev,soybeans_monthly_rsk,soybeans_weekly_lev,soybeans_weekly_rvg,tmax_very_hot_in_harvesting,tmin_very_cold_in_harvesting,wheat_weekly_lev,wheat_weekly_rku,tmin_cold_in_planting,corn_weekly_rvg,soybeans_weekly_rv,wheat_weekly_rvb",3.4820935092209415e-06,0.0014470937431050974,-3.193972806221436,0.6713539328201001,0.6799149673542986,5.158133470826998e-06,0.0017209915546342652,-3.1979154657908215,0.5017757864674204,0.48810873368854213,wheat_weekly_rv,RV_target,16,"wheat_weekly_rv,wheat_monthly_rv,wheat_seasonal_rv","wheat_monthly_jumps,wheat_monthly_lev,wheat_monthly_rku,wheat_monthly_rsk,wheat_monthly_rvb,wheat_monthly_rvg,wheat_monthly_trd,wheat_monthly_tru,wheat_seasonal_jumps,wheat_seasonal_lev,wheat_seasonal_rku,wheat_seasonal_rsk,wheat_seasonal_rvb,wheat_seasonal_rvg,wheat_seasonal_trd,wheat_seasonal_tru,wheat_weekly_jumps,wheat_weekly_lev,wheat_weekly_rku,wheat_weekly_rsk,wheat_weekly_rvb,wheat_weekly_rvg,wheat_weekly_trd,wheat_weekly_tru,corn_monthly_jumps,corn_monthly_lev,corn_monthly_rku,corn_monthly_rsk,corn_monthly_rv,corn_monthly_rvb,corn_monthly_rvg,corn_monthly_trd,corn_monthly_tru,corn_seasonal_jumps,corn_seasonal_lev,corn_seasonal_rku,corn_seasonal_rsk,corn_seasonal_rv,corn_seasonal_rvb,corn_seasonal_rvg,corn_seasonal_trd,corn_seasonal_tru,corn_weekly_jumps,corn_weekly_lev,corn_weekly_rku,corn_weekly_rsk,corn_weekly_rv,corn_weekly_rvb,corn_weekly_rvg,corn_weekly_trd,corn_weekly_tru,soybeans_monthly_jumps,soybeans_monthly_lev,soybeans_monthly_rku,soybeans_monthly_rsk,soybeans_monthly_rv,soybeans_monthly_rvb,soybeans_monthly_rvg,soybeans_monthly_trd,soybeans_monthly_tru,soybeans_seasonal_jumps,soybeans_seasonal_lev,soybeans_seasonal_rku,soybeans_seasonal_rsk,soybeans_seasonal_rv,soybeans_seasonal_rvb,soybeans_seasonal_rvg,soybeans_seasonal_trd,soybeans_seasonal_tru,soybeans_weekly_jumps,soybeans_weekly_lev,soybeans_weekly_rku,soybeans_weekly_rsk,soybeans_weekly_rv,soybeans_weekly_rvb,soybeans_weekly_rvg,soybeans_weekly_trd,soybeans_weekly_tru,ssta_elino,ssta_lanina,SOI_index,NAO_index,tmax_hot_in_planting,tmax_hot_in_harvesting,tmax_very_hot_in_planting,tmax_very_hot_in_harvesting,tmin_cold_in_planting,tmin_cold_in_harvesting,tmin_very_cold_in_planting,tmin_very_cold_in_harvesting,awnd_moderate_high_wind_in_planting,awnd_moderate_high_wind_in_harvesting,awnd_extreme_high_wind_in_planting,awnd_extreme_high_wind_in_harvesting,pdsi_extreme_wet_in_planting,pdsi_extreme_wet_in_harvesting,co2_extreme_in_planting,co2_extreme_in_harvesting",rolling,260,2,4,260.0,139,lasso,True,True,log,1e-10,True,1e-10,0.029265550618171227,,,,,8,18,test_r2,0.5017757864674204,0.6511361773784048
lasso_rolling,har_endo_exo_climate_macro,83,"Broad_Dollar_index,DJIA_Index,NAO_index,SOI_index,Stock_Uncertainty,WTI_Index,awnd_extreme_high_wind_in_harvesting,awnd_extreme_high_wind_in_planting,awnd_moderate_high_wind_in_harvesting,awnd_moderate_high_wind_in_planting,co2_extreme_in_harvesting,co2_extreme_in_planting,corn_monthly_jumps,corn_monthly_rku,corn_monthly_rsk,corn_monthly_rvb,corn_monthly_trd,corn_monthly_tru,corn_seasonal_jumps,corn_seasonal_lev,corn_seasonal_rku,corn_seasonal_rsk,corn_seasonal_rv,corn_seasonal_trd,corn_weekly_jumps,corn_weekly_rku,corn_weekly_rvb,corn_weekly_rvg,corn_weekly_trd,corn_weekly_tru,pdsi_extreme_wet_in_harvesting,pdsi_extreme_wet_in_planting,soybeans_monthly_jumps,soybeans_monthly_lev,soybeans_monthly_rku,soybeans_monthly_rsk,soybeans_monthly_rv,soybeans_monthly_rvb,soybeans_seasonal_jumps,soybeans_seasonal_rku,soybeans_seasonal_rsk,soybeans_seasonal_rv,soybeans_seasonal_trd,soybeans_seasonal_tru,soybeans_weekly_jumps,soybeans_weekly_rku,soybeans_weekly_rsk,soybeans_weekly_rv,soybeans_weekly_rvb,soybeans_weekly_rvg,soybeans_weekly_trd,ssta_elino,ssta_lanina,tmax_hot_in_harvesting,tmax_hot_in_planting,tmax_very_hot_in_planting,tmin_cold_in_harvesting,tmin_cold_in_planting,tmin_very_cold_in_harvesting,tmin_very_cold_in_planting,wheat_monthly_jumps,wheat_monthly_rku,wheat_monthly_rsk,wheat_monthly_rv,wheat_monthly_trd,wheat_monthly_tru,wheat_seasonal_jumps,wheat_seasonal_lev,wheat_seasonal_rku,wheat_seasonal_rsk,wheat_seasonal_rv,wheat_seasonal_trd,wheat_seasonal_tru,wheat_weekly_jumps,wheat_weekly_lev,wheat_weekly_rku,wheat_weekly_rsk,wheat_weekly_rv,wheat_weekly_rvg,wheat_weekly_trd,wheat_monthly_rvb,wheat_monthly_lev,corn_weekly_rv",2.3073229175239775e-06,0.0011810453128603719,-3.19254208091423,0.7794145185149658,0.768470652920461,5.208921080809428e-06,0.0017903075942586333,-3.2008071448460593,0.5069951899902473,0.452830337111642,wheat_weekly_rv,RV_target,16,"wheat_weekly_rv,wheat_monthly_rv,wheat_seasonal_rv","wheat_monthly_jumps,wheat_monthly_lev,wheat_monthly_rku,wheat_monthly_rsk,wheat_monthly_rvb,wheat_monthly_rvg,wheat_monthly_trd,wheat_monthly_tru,wheat_seasonal_jumps,wheat_seasonal_lev,wheat_seasonal_rku,wheat_seasonal_rsk,wheat_seasonal_rvb,wheat_seasonal_rvg,wheat_seasonal_trd,wheat_seasonal_tru,wheat_weekly_jumps,wheat_weekly_lev,wheat_weekly_rku,wheat_weekly_rsk,wheat_weekly_rvb,wheat_weekly_rvg,wheat_weekly_trd,wheat_weekly_tru,corn_monthly_jumps,corn_monthly_lev,corn_monthly_rku,corn_monthly_rsk,corn_monthly_rv,corn_monthly_rvb,corn_monthly_rvg,corn_monthly_trd,corn_monthly_tru,corn_seasonal_jumps,corn_seasonal_lev,corn_seasonal_rku,corn_seasonal_rsk,corn_seasonal_rv,corn_seasonal_rvb,corn_seasonal_rvg,corn_seasonal_trd,corn_seasonal_tru,corn_weekly_jumps,corn_weekly_lev,corn_weekly_rku,corn_weekly_rsk,corn_weekly_rv,corn_weekly_rvb,corn_weekly_rvg,corn_weekly_trd,corn_weekly_tru,soybeans_monthly_jumps,soybeans_monthly_lev,soybeans_monthly_rku,soybeans_monthly_rsk,soybeans_monthly_rv,soybeans_monthly_rvb,soybeans_monthly_rvg,soybeans_monthly_trd,soybeans_monthly_tru,soybeans_seasonal_jumps,soybeans_seasonal_lev,soybeans_seasonal_rku,soybeans_seasonal_rsk,soybeans_seasonal_rv,soybeans_seasonal_rvb,soybeans_seasonal_rvg,soybeans_seasonal_trd,soybeans_seasonal_tru,soybeans_weekly_jumps,soybeans_weekly_lev,soybeans_weekly_rku,soybeans_weekly_rsk,soybeans_weekly_rv,soybeans_weekly_rvb,soybeans_weekly_rvg,soybeans_weekly_trd,soybeans_weekly_tru,ssta_elino,ssta_lanina,SOI_index,NAO_index,tmax_hot_in_planting,tmax_hot_in_harvesting,tmax_very_hot_in_planting,tmax_very_hot_in_harvesting,tmin_cold_in_planting,tmin_cold_in_harvesting,tmin_very_cold_in_planting,tmin_very_cold_in_harvesting,awnd_moderate_high_wind_in_planting,awnd_moderate_high_wind_in_harvesting,awnd_extreme_high_wind_in_planting,awnd_extreme_high_wind_in_harvesting,pdsi_extreme_wet_in_planting,pdsi_extreme_wet_in_harvesting,co2_extreme_in_planting,co2_extreme_in_harvesting,DJIA_Index,WTI_Index,Broad_Dollar_index,Stock_Uncertainty",rolling,208,1,8,208.0,63,lasso,True,True,log,1e-10,True,1e-10,0.0183205730153395,,,,,1,18,test_r2,0.5069951899902473,0.7498845266387435
lasso_rolling,har_endo_exo_climate_news,53,"SOI_index,awnd_extreme_high_wind_in_harvesting,corn_seasonal_jumps,corn_seasonal_lev,corn_seasonal_tru,epu_index,frbsf_sentiment,pdsi_extreme_wet_in_harvesting,soybeans_monthly_rku,soybeans_seasonal_lev,soybeans_seasonal_tru,soybeans_weekly_rku,ssta_lanina,tmin_cold_in_harvesting,tmin_cold_in_planting,tmin_very_cold_in_harvesting,wheat_monthly_jumps,wheat_monthly_lev,wheat_monthly_rku,wheat_monthly_rv,wheat_seasonal_rsk,wheat_seasonal_rv,wheat_seasonal_rvb,wheat_weekly_rv,Text_Climate_Anomaly,soybeans_monthly_rv,soybeans_seasonal_rku,wheat_seasonal_jumps,wheat_seasonal_lev,wheat_seasonal_rku,wheat_monthly_rvb,corn_seasonal_rku,corn_seasonal_rsk,soybeans_seasonal_rsk,pdsi_extreme_wet_in_planting,awnd_moderate_high_wind_in_planting,corn_monthly_jumps,corn_weekly_jumps,corn_weekly_lev,corn_weekly_rku,soybeans_monthly_lev,soybeans_monthly_rsk,soybeans_weekly_lev,soybeans_weekly_rv,tmax_very_hot_in_planting,tmin_very_cold_in_planting,wheat_weekly_lev,wheat_weekly_rku,NAO_index,corn_weekly_rv,ssta_elino,tmax_hot_in_planting,wheat_seasonal_tru",3.0218586638843154e-06,0.0013549707917463404,-3.1948019783243904,0.7147917013632179,0.7163127854559844,5.891662286237499e-06,0.0018156493161000423,-3.1976136647758775,0.4288451677248821,0.4342293206633181,wheat_weekly_rv,RV_target,16,"wheat_weekly_rv,wheat_monthly_rv,wheat_seasonal_rv","wheat_monthly_jumps,wheat_monthly_lev,wheat_monthly_rku,wheat_monthly_rsk,wheat_monthly_rvb,wheat_monthly_rvg,wheat_monthly_trd,wheat_monthly_tru,wheat_seasonal_jumps,wheat_seasonal_lev,wheat_seasonal_rku,wheat_seasonal_rsk,wheat_seasonal_rvb,wheat_seasonal_rvg,wheat_seasonal_trd,wheat_seasonal_tru,wheat_weekly_jumps,wheat_weekly_lev,wheat_weekly_rku,wheat_weekly_rsk,wheat_weekly_rvb,wheat_weekly_rvg,wheat_weekly_trd,wheat_weekly_tru,corn_monthly_jumps,corn_monthly_lev,corn_monthly_rku,corn_monthly_rsk,corn_monthly_rv,corn_monthly_rvb,corn_monthly_rvg,corn_monthly_trd,corn_monthly_tru,corn_seasonal_jumps,corn_seasonal_lev,corn_seasonal_rku,corn_seasonal_rsk,corn_seasonal_rv,corn_seasonal_rvb,corn_seasonal_rvg,corn_seasonal_trd,corn_seasonal_tru,corn_weekly_jumps,corn_weekly_lev,corn_weekly_rku,corn_weekly_rsk,corn_weekly_rv,corn_weekly_rvb,corn_weekly_rvg,corn_weekly_trd,corn_weekly_tru,soybeans_monthly_jumps,soybeans_monthly_lev,soybeans_monthly_rku,soybeans_monthly_rsk,soybeans_monthly_rv,soybeans_monthly_rvb,soybeans_monthly_rvg,soybeans_monthly_trd,soybeans_monthly_tru,soybeans_seasonal_jumps,soybeans_seasonal_lev,soybeans_seasonal_rku,soybeans_seasonal_rsk,soybeans_seasonal_rv,soybeans_seasonal_rvb,soybeans_seasonal_rvg,soybeans_seasonal_trd,soybeans_seasonal_tru,soybeans_weekly_jumps,soybeans_weekly_lev,soybeans_weekly_rku,soybeans_weekly_rsk,soybeans_weekly_rv,soybeans_weekly_rvb,soybeans_weekly_rvg,soybeans_weekly_trd,soybeans_weekly_tru,ssta_elino,ssta_lanina,SOI_index,NAO_index,tmax_hot_in_planting,tmax_hot_in_harvesting,tmax_very_hot_in_planting,tmax_very_hot_in_harvesting,tmin_cold_in_planting,tmin_cold_in_harvesting,tmin_very_cold_in_planting,tmin_very_cold_in_harvesting,awnd_moderate_high_wind_in_planting,awnd_moderate_high_wind_in_harvesting,awnd_extreme_high_wind_in_planting,awnd_extreme_high_wind_in_harvesting,pdsi_extreme_wet_in_planting,pdsi_extreme_wet_in_harvesting,co2_extreme_in_planting,co2_extreme_in_harvesting,frbsf_sentiment,Text_Climate_Anomaly,epu_index",rolling,260,1,8,260.0,70,lasso,True,True,log,1e-10,True,1e-10,0.023738190386434863,,,,,7,18,test_r2,0.4288451677248821,0.6948496963134165
lasso_rolling,har_endo_exo,42,"corn_seasonal_rku,corn_seasonal_tru,soybeans_monthly_rku,soybeans_seasonal_lev,soybeans_weekly_rku,wheat_monthly_rv,wheat_seasonal_rv,wheat_seasonal_rvb,wheat_weekly_rv,corn_seasonal_jumps,corn_seasonal_lev,soybeans_monthly_rv,soybeans_seasonal_rku,soybeans_weekly_rv,wheat_monthly_rku,wheat_seasonal_lev,wheat_seasonal_rsk,wheat_weekly_rvg,wheat_monthly_tru,wheat_seasonal_jumps,wheat_monthly_rvb,wheat_seasonal_trd,corn_seasonal_rsk,corn_seasonal_rv,soybeans_seasonal_rsk,wheat_seasonal_rku,corn_weekly_lev,corn_weekly_jumps,soybeans_monthly_lev,soybeans_seasonal_rvg,soybeans_seasonal_tru,soybeans_weekly_lev,wheat_monthly_lev,corn_monthly_jumps,soybeans_monthly_rsk,soybeans_weekly_rvg,wheat_weekly_lev,wheat_weekly_rku,corn_weekly_rku,wheat_seasonal_tru,corn_weekly_rv,soybeans_seasonal_jumps",3.8116333641903876e-06,0.0015189984591937268,-3.1933837724238896,0.6402513857380221,0.654534733908215,6.214488974929983e-06,0.0018758283089378683,-3.196202038543506,0.3997423875220186,0.40576539995239713,wheat_weekly_rv,RV_target,16,"wheat_weekly_rv,wheat_monthly_rv,wheat_seasonal_rv","wheat_monthly_jumps,wheat_monthly_lev,wheat_monthly_rku,wheat_monthly_rsk,wheat_monthly_rvb,wheat_monthly_rvg,wheat_monthly_trd,wheat_monthly_tru,wheat_seasonal_jumps,wheat_seasonal_lev,wheat_seasonal_rku,wheat_seasonal_rsk,wheat_seasonal_rvb,wheat_seasonal_rvg,wheat_seasonal_trd,wheat_seasonal_tru,wheat_weekly_jumps,wheat_weekly_lev,wheat_weekly_rku,wheat_weekly_rsk,wheat_weekly_rvb,wheat_weekly_rvg,wheat_weekly_trd,wheat_weekly_tru,corn_monthly_jumps,corn_monthly_lev,corn_monthly_rku,corn_monthly_rsk,corn_monthly_rv,corn_monthly_rvb,corn_monthly_rvg,corn_monthly_trd,corn_monthly_tru,corn_seasonal_jumps,corn_seasonal_lev,corn_seasonal_rku,corn_seasonal_rsk,corn_seasonal_rv,corn_seasonal_rvb,corn_seasonal_rvg,corn_seasonal_trd,corn_seasonal_tru,corn_weekly_jumps,corn_weekly_lev,corn_weekly_rku,corn_weekly_rsk,corn_weekly_rv,corn_weekly_rvb,corn_weekly_rvg,corn_weekly_trd,corn_weekly_tru,soybeans_monthly_jumps,soybeans_monthly_lev,soybeans_monthly_rku,soybeans_monthly_rsk,soybeans_monthly_rv,soybeans_monthly_rvb,soybeans_monthly_rvg,soybeans_monthly_trd,soybeans_monthly_tru,soybeans_seasonal_jumps,soybeans_seasonal_lev,soybeans_seasonal_rku,soybeans_seasonal_rsk,soybeans_seasonal_rv,soybeans_seasonal_rvb,soybeans_seasonal_rvg,soybeans_seasonal_trd,soybeans_seasonal_tru,soybeans_weekly_jumps,soybeans_weekly_lev,soybeans_weekly_rku,soybeans_weekly_rsk,soybeans_weekly_rv,soybeans_weekly_rvb,soybeans_weekly_rvg,soybeans_weekly_trd,soybeans_weekly_tru",rolling,260,2,4,260.0,139,lasso,True,True,log,1e-10,True,1e-10,0.04148316186508429,,,,,8,18,test_r2,0.3997423875220186,0.6206032169486813
lasso_rolling,har_endo_exo_news,48,"soybeans_seasonal_rku,wheat_monthly_rv,wheat_seasonal_rv,wheat_weekly_rv,Text_Climate_Anomaly,corn_seasonal_jumps,corn_seasonal_lev,corn_seasonal_tru,corn_weekly_jumps,soybeans_monthly_jumps,soybeans_monthly_rvb,soybeans_weekly_jumps,soybeans_weekly_rku,soybeans_weekly_rvb,wheat_monthly_rku,wheat_seasonal_rku,wheat_seasonal_rsk,wheat_weekly_lev,corn_monthly_rku,soybeans_monthly_rku,soybeans_seasonal_jumps,wheat_monthly_rvg,wheat_monthly_tru,wheat_seasonal_rvb,wheat_seasonal_trd,wheat_weekly_rvg,wheat_monthly_rvb,corn_seasonal_rku,corn_seasonal_rsk,corn_seasonal_rv,frbsf_sentiment,soybeans_monthly_tru,wheat_seasonal_jumps,wheat_seasonal_lev,corn_monthly_jumps,corn_weekly_lev,corn_weekly_trd,soybeans_monthly_lev,soybeans_monthly_trd,soybeans_seasonal_rvg,soybeans_seasonal_tru,soybeans_weekly_lev,soybeans_weekly_rv,wheat_monthly_jumps,wheat_monthly_lev,wheat_seasonal_tru,wheat_weekly_rku,epu_index",3.088700377470561e-06,0.0013877950644209456,-3.1939394441816793,0.708977979801253,0.7152857835246706,6.328325950513041e-06,0.0019179573656139942,-3.2189453043161533,0.42370866750249225,0.3981894856130812,wheat_weekly_rv,RV_target,16,"wheat_weekly_rv,wheat_monthly_rv,wheat_seasonal_rv","wheat_monthly_jumps,wheat_monthly_lev,wheat_monthly_rku,wheat_monthly_rsk,wheat_monthly_rvb,wheat_monthly_rvg,wheat_monthly_trd,wheat_monthly_tru,wheat_seasonal_jumps,wheat_seasonal_lev,wheat_seasonal_rku,wheat_seasonal_rsk,wheat_seasonal_rvb,wheat_seasonal_rvg,wheat_seasonal_trd,wheat_seasonal_tru,wheat_weekly_jumps,wheat_weekly_lev,wheat_weekly_rku,wheat_weekly_rsk,wheat_weekly_rvb,wheat_weekly_rvg,wheat_weekly_trd,wheat_weekly_tru,corn_monthly_jumps,corn_monthly_lev,corn_monthly_rku,corn_monthly_rsk,corn_monthly_rv,corn_monthly_rvb,corn_monthly_rvg,corn_monthly_trd,corn_monthly_tru,corn_seasonal_jumps,corn_seasonal_lev,corn_seasonal_rku,corn_seasonal_rsk,corn_seasonal_rv,corn_seasonal_rvb,corn_seasonal_rvg,corn_seasonal_trd,corn_seasonal_tru,corn_weekly_jumps,corn_weekly_lev,corn_weekly_rku,corn_weekly_rsk,corn_weekly_rv,corn_weekly_rvb,corn_weekly_rvg,corn_weekly_trd,corn_weekly_tru,soybeans_monthly_jumps,soybeans_monthly_lev,soybeans_monthly_rku,soybeans_monthly_rsk,soybeans_monthly_rv,soybeans_monthly_rvb,soybeans_monthly_rvg,soybeans_monthly_trd,soybeans_monthly_tru,soybeans_seasonal_jumps,soybeans_seasonal_lev,soybeans_seasonal_rku,soybeans_seasonal_rsk,soybeans_seasonal_rv,soybeans_seasonal_rvb,soybeans_seasonal_rvg,soybeans_seasonal_trd,soybeans_seasonal_tru,soybeans_weekly_jumps,soybeans_weekly_lev,soybeans_weekly_rku,soybeans_weekly_rsk,soybeans_weekly_rv,soybeans_weekly_rvb,soybeans_weekly_rvg,soybeans_weekly_trd,soybeans_weekly_tru,frbsf_sentiment,Text_Climate_Anomaly,epu_index",rolling,208,1,8,208.0,76,lasso,True,True,log,1e-10,True,1e-10,0.021992659403421287,,,,,1,18,test_r2,0.42370866750249225,0.6905734251641781
lasso_rolling,har,3,"wheat_monthly_rv,wheat_seasonal_rv,wheat_weekly_rv",5.174668437199871e-06,0.0017366906121470576,-3.1908373297231876,0.5116057548879026,0.5436554491281442,6.959720541660434e-06,0.0018788432484320096,-3.2182759521935043,0.3635608377043542,0.3968993279977385,wheat_weekly_rv,RV_target,16,"wheat_weekly_rv,wheat_monthly_rv,wheat_seasonal_rv",,rolling,208,1,4,208.0,152,lasso,True,True,log,1e-10,True,1e-10,0.08487454136505944,,,,,0,18,test_r2,0.3635608377043542,0.509792409918427
lasso_rolling,har_endo,20,"wheat_monthly_jumps,wheat_monthly_rku,wheat_monthly_rv,wheat_seasonal_rku,wheat_seasonal_rsk,wheat_seasonal_rv,wheat_weekly_rv,wheat_monthly_rvb,wheat_monthly_tru,wheat_seasonal_lev,wheat_seasonal_rvb,wheat_seasonal_trd,wheat_monthly_lev,wheat_seasonal_jumps,wheat_weekly_rku,wheat_weekly_rsk,wheat_seasonal_tru,wheat_weekly_lev,wheat_weekly_rvb,wheat_weekly_jumps",4.3019235047859e-06,0.0015720652954409307,-3.1916378865282824,0.5946662621485697,0.6159512480832232,7.162231334612453e-06,0.0018160551008913387,-3.218348341904239,0.34776876669183054,0.39132294625460295,wheat_weekly_rv,RV_target,16,"wheat_weekly_rv,wheat_monthly_rv,wheat_seasonal_rv","wheat_monthly_jumps,wheat_monthly_lev,wheat_monthly_rku,wheat_monthly_rsk,wheat_monthly_rvb,wheat_monthly_rvg,wheat_monthly_trd,wheat_monthly_tru,wheat_seasonal_jumps,wheat_seasonal_lev,wheat_seasonal_rku,wheat_seasonal_rsk,wheat_seasonal_rvb,wheat_seasonal_rvg,wheat_seasonal_trd,wheat_seasonal_tru,wheat_weekly_jumps,wheat_weekly_lev,wheat_weekly_rku,wheat_weekly_rsk,wheat_weekly_rvb,wheat_weekly_rvg,wheat_weekly_trd,wheat_weekly_tru",rolling,208,1,8,208.0,76,lasso,True,True,log,1e-10,True,1e-10,0.017838924093171737,,,,,1,18,test_r2,0.34776876669183054,0.5843655318346832
ols_expanding,har_endo_exo_climate,101,"wheat_weekly_rv,wheat_monthly_rv,wheat_seasonal_rv,wheat_monthly_jumps,wheat_monthly_lev,wheat_monthly_rku,wheat_monthly_rsk,wheat_monthly_rvb,wheat_monthly_rvg,wheat_monthly_trd,wheat_monthly_tru,wheat_seasonal_jumps,wheat_seasonal_lev,wheat_seasonal_rku,wheat_seasonal_rsk,wheat_seasonal_rvb,wheat_seasonal_rvg,wheat_seasonal_trd,wheat_seasonal_tru,wheat_weekly_jumps,wheat_weekly_lev,wheat_weekly_rku,wheat_weekly_rsk,wheat_weekly_rvb,wheat_weekly_rvg,wheat_weekly_trd,wheat_weekly_tru,corn_monthly_jumps,corn_monthly_lev,corn_monthly_rku,corn_monthly_rsk,corn_monthly_rv,corn_monthly_rvb,corn_monthly_rvg,corn_monthly_trd,corn_monthly_tru,corn_seasonal_jumps,corn_seasonal_lev,corn_seasonal_rku,corn_seasonal_rsk,corn_seasonal_rv,corn_seasonal_rvb,corn_seasonal_rvg,corn_seasonal_trd,corn_seasonal_tru,corn_weekly_jumps,corn_weekly_lev,corn_weekly_rku,corn_weekly_rsk,corn_weekly_rv,corn_weekly_rvb,corn_weekly_rvg,corn_weekly_trd,corn_weekly_tru,soybeans_monthly_jumps,soybeans_monthly_lev,soybeans_monthly_rku,soybeans_monthly_rsk,soybeans_monthly_rv,soybeans_monthly_rvb,soybeans_monthly_rvg,soybeans_monthly_trd,soybeans_monthly_tru,soybeans_seasonal_jumps,soybeans_seasonal_lev,soybeans_seasonal_rku,soybeans_seasonal_rsk,soybeans_seasonal_rv,soybeans_seasonal_rvb,soybeans_seasonal_rvg,soybeans_seasonal_trd,soybeans_seasonal_tru,soybeans_weekly_jumps,soybeans_weekly_lev,soybeans_weekly_rku,soybeans_weekly_rsk,soybeans_weekly_rv,soybeans_weekly_rvb,soybeans_weekly_rvg,soybeans_weekly_trd,soybeans_weekly_tru,ssta_elino,ssta_lanina,SOI_index,NAO_index,tmax_hot_in_planting,tmax_hot_in_harvesting,tmax_very_hot_in_planting,tmax_very_hot_in_harvesting,tmin_cold_in_planting,tmin_cold_in_harvesting,tmin_very_cold_in_planting,tmin_very_cold_in_harvesting,awnd_moderate_high_wind_in_planting,awnd_moderate_high_wind_in_harvesting,awnd_extreme_high_wind_in_planting,awnd_extreme_high_wind_in_harvesting,pdsi_extreme_wet_in_planting,pdsi_extreme_wet_in_harvesting,co2_extreme_in_planting,co2_extreme_in_harvesting",2.1226326883430303e-06,0.0010774090100955974,-3.1960103621233142,0.8000023383273687,0.8117949488551595,5.017662993517287e-06,0.0016634410797083266,-3.2225302305214023,0.543064672210336,0.5456484815027691,wheat_weekly_rv,RV_target,16,"wheat_weekly_rv,wheat_monthly_rv,wheat_seasonal_rv","wheat_monthly_jumps,wheat_monthly_lev,wheat_monthly_rku,wheat_monthly_rsk,wheat_monthly_rvb,wheat_monthly_rvg,wheat_monthly_trd,wheat_monthly_tru,wheat_seasonal_jumps,wheat_seasonal_lev,wheat_seasonal_rku,wheat_seasonal_rsk,wheat_seasonal_rvb,wheat_seasonal_rvg,wheat_seasonal_trd,wheat_seasonal_tru,wheat_weekly_jumps,wheat_weekly_lev,wheat_weekly_rku,wheat_weekly_rsk,wheat_weekly_rvb,wheat_weekly_rvg,wheat_weekly_trd,wheat_weekly_tru,corn_monthly_jumps,corn_monthly_lev,corn_monthly_rku,corn_monthly_rsk,corn_monthly_rv,corn_monthly_rvb,corn_monthly_rvg,corn_monthly_trd,corn_monthly_tru,corn_seasonal_jumps,corn_seasonal_lev,corn_seasonal_rku,corn_seasonal_rsk,corn_seasonal_rv,corn_seasonal_rvb,corn_seasonal_rvg,corn_seasonal_trd,corn_seasonal_tru,corn_weekly_jumps,corn_weekly_lev,corn_weekly_rku,corn_weekly_rsk,corn_weekly_rv,corn_weekly_rvb,corn_weekly_rvg,corn_weekly_trd,corn_weekly_tru,soybeans_monthly_jumps,soybeans_monthly_lev,soybeans_monthly_rku,soybeans_monthly_rsk,soybeans_monthly_rv,soybeans_monthly_rvb,soybeans_monthly_rvg,soybeans_monthly_trd,soybeans_monthly_tru,soybeans_seasonal_jumps,soybeans_seasonal_lev,soybeans_seasonal_rku,soybeans_seasonal_rsk,soybeans_seasonal_rv,soybeans_seasonal_rvb,soybeans_seasonal_rvg,soybeans_seasonal_trd,soybeans_seasonal_tru,soybeans_weekly_jumps,soybeans_weekly_lev,soybeans_weekly_rku,soybeans_weekly_rsk,soybeans_weekly_rv,soybeans_weekly_rvb,soybeans_weekly_rvg,soybeans_weekly_trd,soybeans_weekly_tru,ssta_elino,ssta_lanina,SOI_index,NAO_index,tmax_hot_in_planting,tmax_hot_in_harvesting,tmax_very_hot_in_planting,tmax_very_hot_in_harvesting,tmin_cold_in_planting,tmin_cold_in_harvesting,tmin_very_cold_in_planting,tmin_very_cold_in_harvesting,awnd_moderate_high_wind_in_planting,awnd_moderate_high_wind_in_harvesting,awnd_extreme_high_wind_in_planting,awnd_extreme_high_wind_in_harvesting,pdsi_extreme_wet_in_planting,pdsi_extreme_wet_in_harvesting,co2_extreme_in_planting,co2_extreme_in_harvesting",expanding,208,1,8,,76,none,True,False,log,1e-10,True,1e-10,,,,,,1,18,test_r2,0.543064672210336,0.7713907748302925
ols_expanding,har_endo_exo_climate_news,104,"wheat_weekly_rv,wheat_monthly_rv,wheat_seasonal_rv,wheat_monthly_jumps,wheat_monthly_lev,wheat_monthly_rku,wheat_monthly_rsk,wheat_monthly_rvb,wheat_monthly_rvg,wheat_monthly_trd,wheat_monthly_tru,wheat_seasonal_jumps,wheat_seasonal_lev,wheat_seasonal_rku,wheat_seasonal_rsk,wheat_seasonal_rvb,wheat_seasonal_rvg,wheat_seasonal_trd,wheat_seasonal_tru,wheat_weekly_jumps,wheat_weekly_lev,wheat_weekly_rku,wheat_weekly_rsk,wheat_weekly_rvb,wheat_weekly_rvg,wheat_weekly_trd,wheat_weekly_tru,corn_monthly_jumps,corn_monthly_lev,corn_monthly_rku,corn_monthly_rsk,corn_monthly_rv,corn_monthly_rvb,corn_monthly_rvg,corn_monthly_trd,corn_monthly_tru,corn_seasonal_jumps,corn_seasonal_lev,corn_seasonal_rku,corn_seasonal_rsk,corn_seasonal_rv,corn_seasonal_rvb,corn_seasonal_rvg,corn_seasonal_trd,corn_seasonal_tru,corn_weekly_jumps,corn_weekly_lev,corn_weekly_rku,corn_weekly_rsk,corn_weekly_rv,corn_weekly_rvb,corn_weekly_rvg,corn_weekly_trd,corn_weekly_tru,soybeans_monthly_jumps,soybeans_monthly_lev,soybeans_monthly_rku,soybeans_monthly_rsk,soybeans_monthly_rv,soybeans_monthly_rvb,soybeans_monthly_rvg,soybeans_monthly_trd,soybeans_monthly_tru,soybeans_seasonal_jumps,soybeans_seasonal_lev,soybeans_seasonal_rku,soybeans_seasonal_rsk,soybeans_seasonal_rv,soybeans_seasonal_rvb,soybeans_seasonal_rvg,soybeans_seasonal_trd,soybeans_seasonal_tru,soybeans_weekly_jumps,soybeans_weekly_lev,soybeans_weekly_rku,soybeans_weekly_rsk,soybeans_weekly_rv,soybeans_weekly_rvb,soybeans_weekly_rvg,soybeans_weekly_trd,soybeans_weekly_tru,ssta_elino,ssta_lanina,SOI_index,NAO_index,tmax_hot_in_planting,tmax_hot_in_harvesting,tmax_very_hot_in_planting,tmax_very_hot_in_harvesting,tmin_cold_in_planting,tmin_cold_in_harvesting,tmin_very_cold_in_planting,tmin_very_cold_in_harvesting,awnd_moderate_high_wind_in_planting,awnd_moderate_high_wind_in_harvesting,awnd_extreme_high_wind_in_planting,awnd_extreme_high_wind_in_harvesting,pdsi_extreme_wet_in_planting,pdsi_extreme_wet_in_harvesting,co2_extreme_in_planting,co2_extreme_in_harvesting,frbsf_sentiment,Text_Climate_Anomaly,epu_index",2.062202161149181e-06,0.0010606522364527801,-3.1969740786026097,0.8053657582150344,0.81781270149495,5.169558762971283e-06,0.0016923310230279604,-3.2219804364825144,0.5272641151538805,0.5359804154988955,wheat_weekly_rv,RV_target,16,"wheat_weekly_rv,wheat_monthly_rv,wheat_seasonal_rv","wheat_monthly_jumps,wheat_monthly_lev,wheat_monthly_rku,wheat_monthly_rsk,wheat_monthly_rvb,wheat_monthly_rvg,wheat_monthly_trd,wheat_monthly_tru,wheat_seasonal_jumps,wheat_seasonal_lev,wheat_seasonal_rku,wheat_seasonal_rsk,wheat_seasonal_rvb,wheat_seasonal_rvg,wheat_seasonal_trd,wheat_seasonal_tru,wheat_weekly_jumps,wheat_weekly_lev,wheat_weekly_rku,wheat_weekly_rsk,wheat_weekly_rvb,wheat_weekly_rvg,wheat_weekly_trd,wheat_weekly_tru,corn_monthly_jumps,corn_monthly_lev,corn_monthly_rku,corn_monthly_rsk,corn_monthly_rv,corn_monthly_rvb,corn_monthly_rvg,corn_monthly_trd,corn_monthly_tru,corn_seasonal_jumps,corn_seasonal_lev,corn_seasonal_rku,corn_seasonal_rsk,corn_seasonal_rv,corn_seasonal_rvb,corn_seasonal_rvg,corn_seasonal_trd,corn_seasonal_tru,corn_weekly_jumps,corn_weekly_lev,corn_weekly_rku,corn_weekly_rsk,corn_weekly_rv,corn_weekly_rvb,corn_weekly_rvg,corn_weekly_trd,corn_weekly_tru,soybeans_monthly_jumps,soybeans_monthly_lev,soybeans_monthly_rku,soybeans_monthly_rsk,soybeans_monthly_rv,soybeans_monthly_rvb,soybeans_monthly_rvg,soybeans_monthly_trd,soybeans_monthly_tru,soybeans_seasonal_jumps,soybeans_seasonal_lev,soybeans_seasonal_rku,soybeans_seasonal_rsk,soybeans_seasonal_rv,soybeans_seasonal_rvb,soybeans_seasonal_rvg,soybeans_seasonal_trd,soybeans_seasonal_tru,soybeans_weekly_jumps,soybeans_weekly_lev,soybeans_weekly_rku,soybeans_weekly_rsk,soybeans_weekly_rv,soybeans_weekly_rvb,soybeans_weekly_rvg,soybeans_weekly_trd,soybeans_weekly_tru,ssta_elino,ssta_lanina,SOI_index,NAO_index,tmax_hot_in_planting,tmax_hot_in_harvesting,tmax_very_hot_in_planting,tmax_very_hot_in_harvesting,tmin_cold_in_planting,tmin_cold_in_harvesting,tmin_very_cold_in_planting,tmin_very_cold_in_harvesting,awnd_moderate_high_wind_in_planting,awnd_moderate_high_wind_in_harvesting,awnd_extreme_high_wind_in_planting,awnd_extreme_high_wind_in_harvesting,pdsi_extreme_wet_in_planting,pdsi_extreme_wet_in_harvesting,co2_extreme_in_planting,co2_extreme_in_harvesting,frbsf_sentiment,Text_Climate_Anomaly,epu_index",expanding,208,1,4,,152,none,True,False,log,1e-10,True,1e-10,,,,,,0,18,test_r2,0.5272641151538805,0.7767349786596788
ols_expanding,har_endo_exo,81,"wheat_weekly_rv,wheat_monthly_rv,wheat_seasonal_rv,wheat_monthly_jumps,wheat_monthly_lev,wheat_monthly_rku,wheat_monthly_rsk,wheat_monthly_rvb,wheat_monthly_rvg,wheat_monthly_trd,wheat_monthly_tru,wheat_seasonal_jumps,wheat_seasonal_lev,wheat_seasonal_rku,wheat_seasonal_rsk,wheat_seasonal_rvb,wheat_seasonal_rvg,wheat_seasonal_trd,wheat_seasonal_tru,wheat_weekly_jumps,wheat_weekly_lev,wheat_weekly_rku,wheat_weekly_rsk,wheat_weekly_rvb,wheat_weekly_rvg,wheat_weekly_trd,wheat_weekly_tru,corn_monthly_jumps,corn_monthly_lev,corn_monthly_rku,corn_monthly_rsk,corn_monthly_rv,corn_monthly_rvb,corn_monthly_rvg,corn_monthly_trd,corn_monthly_tru,corn_seasonal_jumps,corn_seasonal_lev,corn_seasonal_rku,corn_seasonal_rsk,corn_seasonal_rv,corn_seasonal_rvb,corn_seasonal_rvg,corn_seasonal_trd,corn_seasonal_tru,corn_weekly_jumps,corn_weekly_lev,corn_weekly_rku,corn_weekly_rsk,corn_weekly_rv,corn_weekly_rvb,corn_weekly_rvg,corn_weekly_trd,corn_weekly_tru,soybeans_monthly_jumps,soybeans_monthly_lev,soybeans_monthly_rku,soybeans_monthly_rsk,soybeans_monthly_rv,soybeans_monthly_rvb,soybeans_monthly_rvg,soybeans_monthly_trd,soybeans_monthly_tru,soybeans_seasonal_jumps,soybeans_seasonal_lev,soybeans_seasonal_rku,soybeans_seasonal_rsk,soybeans_seasonal_rv,soybeans_seasonal_rvb,soybeans_seasonal_rvg,soybeans_seasonal_trd,soybeans_seasonal_tru,soybeans_weekly_jumps,soybeans_weekly_lev,soybeans_weekly_rku,soybeans_weekly_rsk,soybeans_weekly_rv,soybeans_weekly_rvb,soybeans_weekly_rvg,soybeans_weekly_trd,soybeans_weekly_tru",2.7154835018295907e-06,0.0012279044497543567,-3.19577532842145,0.7437079242688506,0.7640625505891121,5.980154209718617e-06,0.001870717412318534,-3.196926328310397,0.42026650396955734,0.4040149413712322,wheat_weekly_rv,RV_target,16,"wheat_weekly_rv,wheat_monthly_rv,wheat_seasonal_rv","wheat_monthly_jumps,wheat_monthly_lev,wheat_monthly_rku,wheat_monthly_rsk,wheat_monthly_rvb,wheat_monthly_rvg,wheat_monthly_trd,wheat_monthly_tru,wheat_seasonal_jumps,wheat_seasonal_lev,wheat_seasonal_rku,wheat_seasonal_rsk,wheat_seasonal_rvb,wheat_seasonal_rvg,wheat_seasonal_trd,wheat_seasonal_tru,wheat_weekly_jumps,wheat_weekly_lev,wheat_weekly_rku,wheat_weekly_rsk,wheat_weekly_rvb,wheat_weekly_rvg,wheat_weekly_trd,wheat_weekly_tru,corn_monthly_jumps,corn_monthly_lev,corn_monthly_rku,corn_monthly_rsk,corn_monthly_rv,corn_monthly_rvb,corn_monthly_rvg,corn_monthly_trd,corn_monthly_tru,corn_seasonal_jumps,corn_seasonal_lev,corn_seasonal_rku,corn_seasonal_rsk,corn_seasonal_rv,corn_seasonal_rvb,corn_seasonal_rvg,corn_seasonal_trd,corn_seasonal_tru,corn_weekly_jumps,corn_weekly_lev,corn_weekly_rku,corn_weekly_rsk,corn_weekly_rv,corn_weekly_rvb,corn_weekly_rvg,corn_weekly_trd,corn_weekly_tru,soybeans_monthly_jumps,soybeans_monthly_lev,soybeans_monthly_rku,soybeans_monthly_rsk,soybeans_monthly_rv,soybeans_monthly_rvb,soybeans_monthly_rvg,soybeans_monthly_trd,soybeans_monthly_tru,soybeans_seasonal_jumps,soybeans_seasonal_lev,soybeans_seasonal_rku,soybeans_seasonal_rsk,soybeans_seasonal_rv,soybeans_seasonal_rvb,soybeans_seasonal_rvg,soybeans_seasonal_trd,soybeans_seasonal_tru,soybeans_weekly_jumps,soybeans_weekly_lev,soybeans_weekly_rku,soybeans_weekly_rsk,soybeans_weekly_rv,soybeans_weekly_rvb,soybeans_weekly_rvg,soybeans_weekly_trd,soybeans_weekly_tru",expanding,260,1,8,,70,none,True,False,log,1e-10,True,1e-10,,,,,,7,18,test_r2,0.42026650396955734,0.7152700364137504
ols_expanding,har_endo_exo_news,84,"wheat_weekly_rv,wheat_monthly_rv,wheat_seasonal_rv,wheat_monthly_jumps,wheat_monthly_lev,wheat_monthly_rku,wheat_monthly_rsk,wheat_monthly_rvb,wheat_monthly_rvg,wheat_monthly_trd,wheat_monthly_tru,wheat_seasonal_jumps,wheat_seasonal_lev,wheat_seasonal_rku,wheat_seasonal_rsk,wheat_seasonal_rvb,wheat_seasonal_rvg,wheat_seasonal_trd,wheat_seasonal_tru,wheat_weekly_jumps,wheat_weekly_lev,wheat_weekly_rku,wheat_weekly_rsk,wheat_weekly_rvb,wheat_weekly_rvg,wheat_weekly_trd,wheat_weekly_tru,corn_monthly_jumps,corn_monthly_lev,corn_monthly_rku,corn_monthly_rsk,corn_monthly_rv,corn_monthly_rvb,corn_monthly_rvg,corn_monthly_trd,corn_monthly_tru,corn_seasonal_jumps,corn_seasonal_lev,corn_seasonal_rku,corn_seasonal_rsk,corn_seasonal_rv,corn_seasonal_rvb,corn_seasonal_rvg,corn_seasonal_trd,corn_seasonal_tru,corn_weekly_jumps,corn_weekly_lev,corn_weekly_rku,corn_weekly_rsk,corn_weekly_rv,corn_weekly_rvb,corn_weekly_rvg,corn_weekly_trd,corn_weekly_tru,soybeans_monthly_jumps,soybeans_monthly_lev,soybeans_monthly_rku,soybeans_monthly_rsk,soybeans_monthly_rv,soybeans_monthly_rvb,soybeans_monthly_rvg,soybeans_monthly_trd,soybeans_monthly_tru,soybeans_seasonal_jumps,soybeans_seasonal_lev,soybeans_seasonal_rku,soybeans_seasonal_rsk,soybeans_seasonal_rv,soybeans_seasonal_rvb,soybeans_seasonal_rvg,soybeans_seasonal_trd,soybeans_seasonal_tru,soybeans_weekly_jumps,soybeans_weekly_lev,soybeans_weekly_rku,soybeans_weekly_rsk,soybeans_weekly_rv,soybeans_weekly_rvb,soybeans_weekly_rvg,soybeans_weekly_trd,soybeans_weekly_tru,frbsf_sentiment,Text_Climate_Anomaly,epu_index",2.663311099816137e-06,0.0012127370174840567,-3.195904082786488,0.7486320466945251,0.77024473955597,6.027323231494188e-06,0.0018339595429025773,-3.1969279130637016,0.41569380217303054,0.40297785706469247,wheat_weekly_rv,RV_target,16,"wheat_weekly_rv,wheat_monthly_rv,wheat_seasonal_rv","wheat_monthly_jumps,wheat_monthly_lev,wheat_monthly_rku,wheat_monthly_rsk,wheat_monthly_rvb,wheat_monthly_rvg,wheat_monthly_trd,wheat_monthly_tru,wheat_seasonal_jumps,wheat_seasonal_lev,wheat_seasonal_rku,wheat_seasonal_rsk,wheat_seasonal_rvb,wheat_seasonal_rvg,wheat_seasonal_trd,wheat_seasonal_tru,wheat_weekly_jumps,wheat_weekly_lev,wheat_weekly_rku,wheat_weekly_rsk,wheat_weekly_rvb,wheat_weekly_rvg,wheat_weekly_trd,wheat_weekly_tru,corn_monthly_jumps,corn_monthly_lev,corn_monthly_rku,corn_monthly_rsk,corn_monthly_rv,corn_monthly_rvb,corn_monthly_rvg,corn_monthly_trd,corn_monthly_tru,corn_seasonal_jumps,corn_seasonal_lev,corn_seasonal_rku,corn_seasonal_rsk,corn_seasonal_rv,corn_seasonal_rvb,corn_seasonal_rvg,corn_seasonal_trd,corn_seasonal_tru,corn_weekly_jumps,corn_weekly_lev,corn_weekly_rku,corn_weekly_rsk,corn_weekly_rv,corn_weekly_rvb,corn_weekly_rvg,corn_weekly_trd,corn_weekly_tru,soybeans_monthly_jumps,soybeans_monthly_lev,soybeans_monthly_rku,soybeans_monthly_rsk,soybeans_monthly_rv,soybeans_monthly_rvb,soybeans_monthly_rvg,soybeans_monthly_trd,soybeans_monthly_tru,soybeans_seasonal_jumps,soybeans_seasonal_lev,soybeans_seasonal_rku,soybeans_seasonal_rsk,soybeans_seasonal_rv,soybeans_seasonal_rvb,soybeans_seasonal_rvg,soybeans_seasonal_trd,soybeans_seasonal_tru,soybeans_weekly_jumps,soybeans_weekly_lev,soybeans_weekly_rku,soybeans_weekly_rsk,soybeans_weekly_rv,soybeans_weekly_rvb,soybeans_weekly_rvg,soybeans_weekly_trd,soybeans_weekly_tru,frbsf_sentiment,Text_Climate_Anomaly,epu_index",expanding,260,1,8,,70,none,True,False,log,1e-10,True,1e-10,,,,,,7,18,test_r2,0.41569380217303054,0.7195881566289681
ols_expanding,har_endo,27,"wheat_weekly_rv,wheat_monthly_rv,wheat_seasonal_rv,wheat_monthly_jumps,wheat_monthly_lev,wheat_monthly_rku,wheat_monthly_rsk,wheat_monthly_rvb,wheat_monthly_rvg,wheat_monthly_trd,wheat_monthly_tru,wheat_seasonal_jumps,wheat_seasonal_lev,wheat_seasonal_rku,wheat_seasonal_rsk,wheat_seasonal_rvb,wheat_seasonal_rvg,wheat_seasonal_trd,wheat_seasonal_tru,wheat_weekly_jumps,wheat_weekly_lev,wheat_weekly_rku,wheat_weekly_rsk,wheat_weekly_rvb,wheat_weekly_rvg,wheat_weekly_trd,wheat_weekly_tru",5.114235885050467e-06,0.0016921896977451518,-3.190533323563255,0.5173094847104797,0.5351205262285615,6.487129264183887e-06,0.0018437766911488034,-3.1953696441689665,0.3711188715811269,0.33866797913851665,wheat_weekly_rv,RV_target,16,"wheat_weekly_rv,wheat_monthly_rv,wheat_seasonal_rv","wheat_monthly_jumps,wheat_monthly_lev,wheat_monthly_rku,wheat_monthly_rsk,wheat_monthly_rvb,wheat_monthly_rvg,wheat_monthly_trd,wheat_monthly_tru,wheat_seasonal_jumps,wheat_seasonal_lev,wheat_seasonal_rku,wheat_seasonal_rsk,wheat_seasonal_rvb,wheat_seasonal_rvg,wheat_seasonal_trd,wheat_seasonal_tru,wheat_weekly_jumps,wheat_weekly_lev,wheat_weekly_rku,wheat_weekly_rsk,wheat_weekly_rvb,wheat_weekly_rvg,wheat_weekly_trd,wheat_weekly_tru",expanding,260,1,8,,70,none,True,False,log,1e-10,True,1e-10,,,,,,7,18,test_r2,0.3711188715811269,0.5006862144135191
ols_expanding,har,3,"wheat_weekly_rv,wheat_monthly_rv,wheat_seasonal_rv",6.334369350842394e-06,0.001945231021612023,-3.1881858611212492,0.402151157139658,0.423302614294806,6.669364588076586e-06,0.0019658147551630824,-3.218516562074651,0.3872522533631625,0.3888362831238099,wheat_weekly_rv,RV_target,16,"wheat_weekly_rv,wheat_monthly_rv,wheat_seasonal_rv",,expanding,208,2,4,,152,none,True,False,log,1e-10,True,1e-10,,,,,,2,18,test_r2,0.3872522533631625,0.3999314213369588
ols_expanding,har_endo_exo_climate_macro,105,"wheat_weekly_rv,wheat_monthly_rv,wheat_seasonal_rv,wheat_monthly_jumps,wheat_monthly_lev,wheat_monthly_rku,wheat_monthly_rsk,wheat_monthly_rvb,wheat_monthly_rvg,wheat_monthly_trd,wheat_monthly_tru,wheat_seasonal_jumps,wheat_seasonal_lev,wheat_seasonal_rku,wheat_seasonal_rsk,wheat_seasonal_rvb,wheat_seasonal_rvg,wheat_seasonal_trd,wheat_seasonal_tru,wheat_weekly_jumps,wheat_weekly_lev,wheat_weekly_rku,wheat_weekly_rsk,wheat_weekly_rvb,wheat_weekly_rvg,wheat_weekly_trd,wheat_weekly_tru,corn_monthly_jumps,corn_monthly_lev,corn_monthly_rku,corn_monthly_rsk,corn_monthly_rv,corn_monthly_rvb,corn_monthly_rvg,corn_monthly_trd,corn_monthly_tru,corn_seasonal_jumps,corn_seasonal_lev,corn_seasonal_rku,corn_seasonal_rsk,corn_seasonal_rv,corn_seasonal_rvb,corn_seasonal_rvg,corn_seasonal_trd,corn_seasonal_tru,corn_weekly_jumps,corn_weekly_lev,corn_weekly_rku,corn_weekly_rsk,corn_weekly_rv,corn_weekly_rvb,corn_weekly_rvg,corn_weekly_trd,corn_weekly_tru,soybeans_monthly_jumps,soybeans_monthly_lev,soybeans_monthly_rku,soybeans_monthly_rsk,soybeans_monthly_rv,soybeans_monthly_rvb,soybeans_monthly_rvg,soybeans_monthly_trd,soybeans_monthly_tru,soybeans_seasonal_jumps,soybeans_seasonal_lev,soybeans_seasonal_rku,soybeans_seasonal_rsk,soybeans_seasonal_rv,soybeans_seasonal_rvb,soybeans_seasonal_rvg,soybeans_seasonal_trd,soybeans_seasonal_tru,soybeans_weekly_jumps,soybeans_weekly_lev,soybeans_weekly_rku,soybeans_weekly_rsk,soybeans_weekly_rv,soybeans_weekly_rvb,soybeans_weekly_rvg,soybeans_weekly_trd,soybeans_weekly_tru,ssta_elino,ssta_lanina,SOI_index,NAO_index,tmax_hot_in_planting,tmax_hot_in_harvesting,tmax_very_hot_in_planting,tmax_very_hot_in_harvesting,tmin_cold_in_planting,tmin_cold_in_harvesting,tmin_very_cold_in_planting,tmin_very_cold_in_harvesting,awnd_moderate_high_wind_in_planting,awnd_moderate_high_wind_in_harvesting,awnd_extreme_high_wind_in_planting,awnd_extreme_high_wind_in_harvesting,pdsi_extreme_wet_in_planting,pdsi_extreme_wet_in_harvesting,co2_extreme_in_planting,co2_extreme_in_harvesting,DJIA_Index,WTI_Index,Broad_Dollar_index,Stock_Uncertainty",1.8532499700885826e-06,0.001030979976314588,-3.1938305028775718,0.8228249570706797,0.8300679961609171,7.244198596223739e-06,0.0018830983484186535,-3.175752153333182,0.39344922718480224,0.3179931958380272,wheat_weekly_rv,RV_target,16,"wheat_weekly_rv,wheat_monthly_rv,wheat_seasonal_rv","wheat_monthly_jumps,wheat_monthly_lev,wheat_monthly_rku,wheat_monthly_rsk,wheat_monthly_rvb,wheat_monthly_rvg,wheat_monthly_trd,wheat_monthly_tru,wheat_seasonal_jumps,wheat_seasonal_lev,wheat_seasonal_rku,wheat_seasonal_rsk,wheat_seasonal_rvb,wheat_seasonal_rvg,wheat_seasonal_trd,wheat_seasonal_tru,wheat_weekly_jumps,wheat_weekly_lev,wheat_weekly_rku,wheat_weekly_rsk,wheat_weekly_rvb,wheat_weekly_rvg,wheat_weekly_trd,wheat_weekly_tru,corn_monthly_jumps,corn_monthly_lev,corn_monthly_rku,corn_monthly_rsk,corn_monthly_rv,corn_monthly_rvb,corn_monthly_rvg,corn_monthly_trd,corn_monthly_tru,corn_seasonal_jumps,corn_seasonal_lev,corn_seasonal_rku,corn_seasonal_rsk,corn_seasonal_rv,corn_seasonal_rvb,corn_seasonal_rvg,corn_seasonal_trd,corn_seasonal_tru,corn_weekly_jumps,corn_weekly_lev,corn_weekly_rku,corn_weekly_rsk,corn_weekly_rv,corn_weekly_rvb,corn_weekly_rvg,corn_weekly_trd,corn_weekly_tru,soybeans_monthly_jumps,soybeans_monthly_lev,soybeans_monthly_rku,soybeans_monthly_rsk,soybeans_monthly_rv,soybeans_monthly_rvb,soybeans_monthly_rvg,soybeans_monthly_trd,soybeans_monthly_tru,soybeans_seasonal_jumps,soybeans_seasonal_lev,soybeans_seasonal_rku,soybeans_seasonal_rsk,soybeans_seasonal_rv,soybeans_seasonal_rvb,soybeans_seasonal_rvg,soybeans_seasonal_trd,soybeans_seasonal_tru,soybeans_weekly_jumps,soybeans_weekly_lev,soybeans_weekly_rku,soybeans_weekly_rsk,soybeans_weekly_rv,soybeans_weekly_rvb,soybeans_weekly_rvg,soybeans_weekly_trd,soybeans_weekly_tru,ssta_elino,ssta_lanina,SOI_index,NAO_index,tmax_hot_in_planting,tmax_hot_in_harvesting,tmax_very_hot_in_planting,tmax_very_hot_in_harvesting,tmin_cold_in_planting,tmin_cold_in_harvesting,tmin_very_cold_in_planting,tmin_very_cold_in_harvesting,awnd_moderate_high_wind_in_planting,awnd_moderate_high_wind_in_harvesting,awnd_extreme_high_wind_in_planting,awnd_extreme_high_wind_in_harvesting,pdsi_extreme_wet_in_planting,pdsi_extreme_wet_in_harvesting,co2_extreme_in_planting,co2_extreme_in_harvesting,DJIA_Index,WTI_Index,Broad_Dollar_index,Stock_Uncertainty",expanding,312,1,8,,50,none,True,False,log,1e-10,True,1e-10,,,,,,13,18,test_r2,0.39344922718480224,0.7917156267904479
ols_expanding,har_endo_exo_climate_news_macro,108,"wheat_weekly_rv,wheat_monthly_rv,wheat_seasonal_rv,wheat_monthly_jumps,wheat_monthly_lev,wheat_monthly_rku,wheat_monthly_rsk,wheat_monthly_rvb,wheat_monthly_rvg,wheat_monthly_trd,wheat_monthly_tru,wheat_seasonal_jumps,wheat_seasonal_lev,wheat_seasonal_rku,wheat_seasonal_rsk,wheat_seasonal_rvb,wheat_seasonal_rvg,wheat_seasonal_trd,wheat_seasonal_tru,wheat_weekly_jumps,wheat_weekly_lev,wheat_weekly_rku,wheat_weekly_rsk,wheat_weekly_rvb,wheat_weekly_rvg,wheat_weekly_trd,wheat_weekly_tru,corn_monthly_jumps,corn_monthly_lev,corn_monthly_rku,corn_monthly_rsk,corn_monthly_rv,corn_monthly_rvb,corn_monthly_rvg,corn_monthly_trd,corn_monthly_tru,corn_seasonal_jumps,corn_seasonal_lev,corn_seasonal_rku,corn_seasonal_rsk,corn_seasonal_rv,corn_seasonal_rvb,corn_seasonal_rvg,corn_seasonal_trd,corn_seasonal_tru,corn_weekly_jumps,corn_weekly_lev,corn_weekly_rku,corn_weekly_rsk,corn_weekly_rv,corn_weekly_rvb,corn_weekly_rvg,corn_weekly_trd,corn_weekly_tru,soybeans_monthly_jumps,soybeans_monthly_lev,soybeans_monthly_rku,soybeans_monthly_rsk,soybeans_monthly_rv,soybeans_monthly_rvb,soybeans_monthly_rvg,soybeans_monthly_trd,soybeans_monthly_tru,soybeans_seasonal_jumps,soybeans_seasonal_lev,soybeans_seasonal_rku,soybeans_seasonal_rsk,soybeans_seasonal_rv,soybeans_seasonal_rvb,soybeans_seasonal_rvg,soybeans_seasonal_trd,soybeans_seasonal_tru,soybeans_weekly_jumps,soybeans_weekly_lev,soybeans_weekly_rku,soybeans_weekly_rsk,soybeans_weekly_rv,soybeans_weekly_rvb,soybeans_weekly_rvg,soybeans_weekly_trd,soybeans_weekly_tru,ssta_elino,ssta_lanina,SOI_index,NAO_index,tmax_hot_in_planting,tmax_hot_in_harvesting,tmax_very_hot_in_planting,tmax_very_hot_in_harvesting,tmin_cold_in_planting,tmin_cold_in_harvesting,tmin_very_cold_in_planting,tmin_very_cold_in_harvesting,awnd_moderate_high_wind_in_planting,awnd_moderate_high_wind_in_harvesting,awnd_extreme_high_wind_in_planting,awnd_extreme_high_wind_in_harvesting,pdsi_extreme_wet_in_planting,pdsi_extreme_wet_in_harvesting,co2_extreme_in_planting,co2_extreme_in_harvesting,frbsf_sentiment,Text_Climate_Anomaly,epu_index,DJIA_Index,WTI_Index,Broad_Dollar_index,Stock_Uncertainty",1.7184393631916148e-06,0.000993184115165971,-3.194103340573648,0.8357131672149143,0.8426188541985915,7.381001946149972e-06,0.002085532758856367,-3.175234598082712,0.3819947955428096,0.2954637380934152,wheat_weekly_rv,RV_target,16,"wheat_weekly_rv,wheat_monthly_rv,wheat_seasonal_rv","wheat_monthly_jumps,wheat_monthly_lev,wheat_monthly_rku,wheat_monthly_rsk,wheat_monthly_rvb,wheat_monthly_rvg,wheat_monthly_trd,wheat_monthly_tru,wheat_seasonal_jumps,wheat_seasonal_lev,wheat_seasonal_rku,wheat_seasonal_rsk,wheat_seasonal_rvb,wheat_seasonal_rvg,wheat_seasonal_trd,wheat_seasonal_tru,wheat_weekly_jumps,wheat_weekly_lev,wheat_weekly_rku,wheat_weekly_rsk,wheat_weekly_rvb,wheat_weekly_rvg,wheat_weekly_trd,wheat_weekly_tru,corn_monthly_jumps,corn_monthly_lev,corn_monthly_rku,corn_monthly_rsk,corn_monthly_rv,corn_monthly_rvb,corn_monthly_rvg,corn_monthly_trd,corn_monthly_tru,corn_seasonal_jumps,corn_seasonal_lev,corn_seasonal_rku,corn_seasonal_rsk,corn_seasonal_rv,corn_seasonal_rvb,corn_seasonal_rvg,corn_seasonal_trd,corn_seasonal_tru,corn_weekly_jumps,corn_weekly_lev,corn_weekly_rku,corn_weekly_rsk,corn_weekly_rv,corn_weekly_rvb,corn_weekly_rvg,corn_weekly_trd,corn_weekly_tru,soybeans_monthly_jumps,soybeans_monthly_lev,soybeans_monthly_rku,soybeans_monthly_rsk,soybeans_monthly_rv,soybeans_monthly_rvb,soybeans_monthly_rvg,soybeans_monthly_trd,soybeans_monthly_tru,soybeans_seasonal_jumps,soybeans_seasonal_lev,soybeans_seasonal_rku,soybeans_seasonal_rsk,soybeans_seasonal_rv,soybeans_seasonal_rvb,soybeans_seasonal_rvg,soybeans_seasonal_trd,soybeans_seasonal_tru,soybeans_weekly_jumps,soybeans_weekly_lev,soybeans_weekly_rku,soybeans_weekly_rsk,soybeans_weekly_rv,soybeans_weekly_rvb,soybeans_weekly_rvg,soybeans_weekly_trd,soybeans_weekly_tru,ssta_elino,ssta_lanina,SOI_index,NAO_index,tmax_hot_in_planting,tmax_hot_in_harvesting,tmax_very_hot_in_planting,tmax_very_hot_in_harvesting,tmin_cold_in_planting,tmin_cold_in_harvesting,tmin_very_cold_in_planting,tmin_very_cold_in_harvesting,awnd_moderate_high_wind_in_planting,awnd_moderate_high_wind_in_harvesting,awnd_extreme_high_wind_in_planting,awnd_extreme_high_wind_in_harvesting,pdsi_extreme_wet_in_planting,pdsi_extreme_wet_in_harvesting,co2_extreme_in_planting,co2_extreme_in_harvesting,frbsf_sentiment,Text_Climate_Anomaly,epu_index,DJIA_Index,WTI_Index,Broad_Dollar_index,Stock_Uncertainty",expanding,312,1,8,,50,none,True,False,log,1e-10,True,1e-10,,,,,,13,18,test_r2,0.3819947955428096,0.8058930362219912
ols_expanding,har_endo_exo_macro,85,"wheat_weekly_rv,wheat_monthly_rv,wheat_seasonal_rv,wheat_monthly_jumps,wheat_monthly_lev,wheat_monthly_rku,wheat_monthly_rsk,wheat_monthly_rvb,wheat_monthly_rvg,wheat_monthly_trd,wheat_monthly_tru,wheat_seasonal_jumps,wheat_seasonal_lev,wheat_seasonal_rku,wheat_seasonal_rsk,wheat_seasonal_rvb,wheat_seasonal_rvg,wheat_seasonal_trd,wheat_seasonal_tru,wheat_weekly_jumps,wheat_weekly_lev,wheat_weekly_rku,wheat_weekly_rsk,wheat_weekly_rvb,wheat_weekly_rvg,wheat_weekly_trd,wheat_weekly_tru,corn_monthly_jumps,corn_monthly_lev,corn_monthly_rku,corn_monthly_rsk,corn_monthly_rv,corn_monthly_rvb,corn_monthly_rvg,corn_monthly_trd,corn_monthly_tru,corn_seasonal_jumps,corn_seasonal_lev,corn_seasonal_rku,corn_seasonal_rsk,corn_seasonal_rv,corn_seasonal_rvb,corn_seasonal_rvg,corn_seasonal_trd,corn_seasonal_tru,corn_weekly_jumps,corn_weekly_lev,corn_weekly_rku,corn_weekly_rsk,corn_weekly_rv,corn_weekly_rvb,corn_weekly_rvg,corn_weekly_trd,corn_weekly_tru,soybeans_monthly_jumps,soybeans_monthly_lev,soybeans_monthly_rku,soybeans_monthly_rsk,soybeans_monthly_rv,soybeans_monthly_rvb,soybeans_monthly_rvg,soybeans_monthly_trd,soybeans_monthly_tru,soybeans_seasonal_jumps,soybeans_seasonal_lev,soybeans_seasonal_rku,soybeans_seasonal_rsk,soybeans_seasonal_rv,soybeans_seasonal_rvb,soybeans_seasonal_rvg,soybeans_seasonal_trd,soybeans_seasonal_tru,soybeans_weekly_jumps,soybeans_weekly_lev,soybeans_weekly_rku,soybeans_weekly_rsk,soybeans_weekly_rv,soybeans_weekly_rvb,soybeans_weekly_rvg,soybeans_weekly_trd,soybeans_weekly_tru,DJIA_Index,WTI_Index,Broad_Dollar_index,Stock_Uncertainty",2.246592959366731e-06,0.001135919732294713,-3.193073571944373,0.7852204449238526,0.7950854971460094,7.903817947101955e-06,0.0020149964787551235,-3.173345542700415,0.33821984304732144,0.23995788418938924,wheat_weekly_rv,RV_target,16,"wheat_weekly_rv,wheat_monthly_rv,wheat_seasonal_rv","wheat_monthly_jumps,wheat_monthly_lev,wheat_monthly_rku,wheat_monthly_rsk,wheat_monthly_rvb,wheat_monthly_rvg,wheat_monthly_trd,wheat_monthly_tru,wheat_seasonal_jumps,wheat_seasonal_lev,wheat_seasonal_rku,wheat_seasonal_rsk,wheat_seasonal_rvb,wheat_seasonal_rvg,wheat_seasonal_trd,wheat_seasonal_tru,wheat_weekly_jumps,wheat_weekly_lev,wheat_weekly_rku,wheat_weekly_rsk,wheat_weekly_rvb,wheat_weekly_rvg,wheat_weekly_trd,wheat_weekly_tru,corn_monthly_jumps,corn_monthly_lev,corn_monthly_rku,corn_monthly_rsk,corn_monthly_rv,corn_monthly_rvb,corn_monthly_rvg,corn_monthly_trd,corn_monthly_tru,corn_seasonal_jumps,corn_seasonal_lev,corn_seasonal_rku,corn_seasonal_rsk,corn_seasonal_rv,corn_seasonal_rvb,corn_seasonal_rvg,corn_seasonal_trd,corn_seasonal_tru,corn_weekly_jumps,corn_weekly_lev,corn_weekly_rku,corn_weekly_rsk,corn_weekly_rv,corn_weekly_rvb,corn_weekly_rvg,corn_weekly_trd,corn_weekly_tru,soybeans_monthly_jumps,soybeans_monthly_lev,soybeans_monthly_rku,soybeans_monthly_rsk,soybeans_monthly_rv,soybeans_monthly_rvb,soybeans_monthly_rvg,soybeans_monthly_trd,soybeans_monthly_tru,soybeans_seasonal_jumps,soybeans_seasonal_lev,soybeans_seasonal_rku,soybeans_seasonal_rsk,soybeans_seasonal_rv,soybeans_seasonal_rvb,soybeans_seasonal_rvg,soybeans_seasonal_trd,soybeans_seasonal_tru,soybeans_weekly_jumps,soybeans_weekly_lev,soybeans_weekly_rku,soybeans_weekly_rsk,soybeans_weekly_rv,soybeans_weekly_rvb,soybeans_weekly_rvg,soybeans_weekly_trd,soybeans_weekly_tru,DJIA_Index,WTI_Index,Broad_Dollar_index,Stock_Uncertainty",expanding,312,1,8,,50,none,True,False,log,1e-10,True,1e-10,,,,,,13,18,test_r2,0.33821984304732144,0.755679567607554
ols_expanding,har_endo_exo_news_macro,88,"wheat_weekly_rv,wheat_monthly_rv,wheat_seasonal_rv,wheat_monthly_jumps,wheat_monthly_lev,wheat_monthly_rku,wheat_monthly_rsk,wheat_monthly_rvb,wheat_monthly_rvg,wheat_monthly_trd,wheat_monthly_tru,wheat_seasonal_jumps,wheat_seasonal_lev,wheat_seasonal_rku,wheat_seasonal_rsk,wheat_seasonal_rvb,wheat_seasonal_rvg,wheat_seasonal_trd,wheat_seasonal_tru,wheat_weekly_jumps,wheat_weekly_lev,wheat_weekly_rku,wheat_weekly_rsk,wheat_weekly_rvb,wheat_weekly_rvg,wheat_weekly_trd,wheat_weekly_tru,corn_monthly_jumps,corn_monthly_lev,corn_monthly_rku,corn_monthly_rsk,corn_monthly_rv,corn_monthly_rvb,corn_monthly_rvg,corn_monthly_trd,corn_monthly_tru,corn_seasonal_jumps,corn_seasonal_lev,corn_seasonal_rku,corn_seasonal_rsk,corn_seasonal_rv,corn_seasonal_rvb,corn_seasonal_rvg,corn_seasonal_trd,corn_seasonal_tru,corn_weekly_jumps,corn_weekly_lev,corn_weekly_rku,corn_weekly_rsk,corn_weekly_rv,corn_weekly_rvb,corn_weekly_rvg,corn_weekly_trd,corn_weekly_tru,soybeans_monthly_jumps,soybeans_monthly_lev,soybeans_monthly_rku,soybeans_monthly_rsk,soybeans_monthly_rv,soybeans_monthly_rvb,soybeans_monthly_rvg,soybeans_monthly_trd,soybeans_monthly_tru,soybeans_seasonal_jumps,soybeans_seasonal_lev,soybeans_seasonal_rku,soybeans_seasonal_rsk,soybeans_seasonal_rv,soybeans_seasonal_rvb,soybeans_seasonal_rvg,soybeans_seasonal_trd,soybeans_seasonal_tru,soybeans_weekly_jumps,soybeans_weekly_lev,soybeans_weekly_rku,soybeans_weekly_rsk,soybeans_weekly_rv,soybeans_weekly_rvb,soybeans_weekly_rvg,soybeans_weekly_trd,soybeans_weekly_tru,frbsf_sentiment,Text_Climate_Anomaly,epu_index,DJIA_Index,WTI_Index,Broad_Dollar_index,Stock_Uncertainty",2.1416844012558237e-06,0.0011174006036838626,-3.193288043055321,0.7952499490851637,0.8049870486881932,7.994676235199693e-06,0.0020473729624374956,-3.172778029738653,0.33061235353273566,0.21738179813059533,wheat_weekly_rv,RV_target,16,"wheat_weekly_rv,wheat_monthly_rv,wheat_seasonal_rv","wheat_monthly_jumps,wheat_monthly_lev,wheat_monthly_rku,wheat_monthly_rsk,wheat_monthly_rvb,wheat_monthly_rvg,wheat_monthly_trd,wheat_monthly_tru,wheat_seasonal_jumps,wheat_seasonal_lev,wheat_seasonal_rku,wheat_seasonal_rsk,wheat_seasonal_rvb,wheat_seasonal_rvg,wheat_seasonal_trd,wheat_seasonal_tru,wheat_weekly_jumps,wheat_weekly_lev,wheat_weekly_rku,wheat_weekly_rsk,wheat_weekly_rvb,wheat_weekly_rvg,wheat_weekly_trd,wheat_weekly_tru,corn_monthly_jumps,corn_monthly_lev,corn_monthly_rku,corn_monthly_rsk,corn_monthly_rv,corn_monthly_rvb,corn_monthly_rvg,corn_monthly_trd,corn_monthly_tru,corn_seasonal_jumps,corn_seasonal_lev,corn_seasonal_rku,corn_seasonal_rsk,corn_seasonal_rv,corn_seasonal_rvb,corn_seasonal_rvg,corn_seasonal_trd,corn_seasonal_tru,corn_weekly_jumps,corn_weekly_lev,corn_weekly_rku,corn_weekly_rsk,corn_weekly_rv,corn_weekly_rvb,corn_weekly_rvg,corn_weekly_trd,corn_weekly_tru,soybeans_monthly_jumps,soybeans_monthly_lev,soybeans_monthly_rku,soybeans_monthly_rsk,soybeans_monthly_rv,soybeans_monthly_rvb,soybeans_monthly_rvg,soybeans_monthly_trd,soybeans_monthly_tru,soybeans_seasonal_jumps,soybeans_seasonal_lev,soybeans_seasonal_rku,soybeans_seasonal_rsk,soybeans_seasonal_rv,soybeans_seasonal_rvb,soybeans_seasonal_rvg,soybeans_seasonal_trd,soybeans_seasonal_tru,soybeans_weekly_jumps,soybeans_weekly_lev,soybeans_weekly_rku,soybeans_weekly_rsk,soybeans_weekly_rv,soybeans_weekly_rvb,soybeans_weekly_rvg,soybeans_weekly_trd,soybeans_weekly_tru,frbsf_sentiment,Text_Climate_Anomaly,epu_index,DJIA_Index,WTI_Index,Broad_Dollar_index,Stock_Uncertainty",expanding,312,1,8,,50,none,True,False,log,1e-10,True,1e-10,,,,,,13,18,test_r2,0.33061235353273566,0.7659523808241789
ols_rolling,har_endo_exo_climate,101,"wheat_weekly_rv,wheat_monthly_rv,wheat_seasonal_rv,wheat_monthly_jumps,wheat_monthly_lev,wheat_monthly_rku,wheat_monthly_rsk,wheat_monthly_rvb,wheat_monthly_rvg,wheat_monthly_trd,wheat_monthly_tru,wheat_seasonal_jumps,wheat_seasonal_lev,wheat_seasonal_rku,wheat_seasonal_rsk,wheat_seasonal_rvb,wheat_seasonal_rvg,wheat_seasonal_trd,wheat_seasonal_tru,wheat_weekly_jumps,wheat_weekly_lev,wheat_weekly_rku,wheat_weekly_rsk,wheat_weekly_rvb,wheat_weekly_rvg,wheat_weekly_trd,wheat_weekly_tru,corn_monthly_jumps,corn_monthly_lev,corn_monthly_rku,corn_monthly_rsk,corn_monthly_rv,corn_monthly_rvb,corn_monthly_rvg,corn_monthly_trd,corn_monthly_tru,corn_seasonal_jumps,corn_seasonal_lev,corn_seasonal_rku,corn_seasonal_rsk,corn_seasonal_rv,corn_seasonal_rvb,corn_seasonal_rvg,corn_seasonal_trd,corn_seasonal_tru,corn_weekly_jumps,corn_weekly_lev,corn_weekly_rku,corn_weekly_rsk,corn_weekly_rv,corn_weekly_rvb,corn_weekly_rvg,corn_weekly_trd,corn_weekly_tru,soybeans_monthly_jumps,soybeans_monthly_lev,soybeans_monthly_rku,soybeans_monthly_rsk,soybeans_monthly_rv,soybeans_monthly_rvb,soybeans_monthly_rvg,soybeans_monthly_trd,soybeans_monthly_tru,soybeans_seasonal_jumps,soybeans_seasonal_lev,soybeans_seasonal_rku,soybeans_seasonal_rsk,soybeans_seasonal_rv,soybeans_seasonal_rvb,soybeans_seasonal_rvg,soybeans_seasonal_trd,soybeans_seasonal_tru,soybeans_weekly_jumps,soybeans_weekly_lev,soybeans_weekly_rku,soybeans_weekly_rsk,soybeans_weekly_rv,soybeans_weekly_rvb,soybeans_weekly_rvg,soybeans_weekly_trd,soybeans_weekly_tru,ssta_elino,ssta_lanina,SOI_index,NAO_index,tmax_hot_in_planting,tmax_hot_in_harvesting,tmax_very_hot_in_planting,tmax_very_hot_in_harvesting,tmin_cold_in_planting,tmin_cold_in_harvesting,tmin_very_cold_in_planting,tmin_very_cold_in_harvesting,awnd_moderate_high_wind_in_planting,awnd_moderate_high_wind_in_harvesting,awnd_extreme_high_wind_in_planting,awnd_extreme_high_wind_in_harvesting,pdsi_extreme_wet_in_planting,pdsi_extreme_wet_in_harvesting,co2_extreme_in_planting,co2_extreme_in_harvesting",1.8502237165833986e-07,0.0003227617735559402,-3.200648865249948,0.9825372654051971,0.9839659064877563,3.999635654469425e-06,0.0015276542613248314,-3.2242204748514482,0.6342489974732501,0.6237224757248727,wheat_weekly_rv,RV_target,16,"wheat_weekly_rv,wheat_monthly_rv,wheat_seasonal_rv","wheat_monthly_jumps,wheat_monthly_lev,wheat_monthly_rku,wheat_monthly_rsk,wheat_monthly_rvb,wheat_monthly_rvg,wheat_monthly_trd,wheat_monthly_tru,wheat_seasonal_jumps,wheat_seasonal_lev,wheat_seasonal_rku,wheat_seasonal_rsk,wheat_seasonal_rvb,wheat_seasonal_rvg,wheat_seasonal_trd,wheat_seasonal_tru,wheat_weekly_jumps,wheat_weekly_lev,wheat_weekly_rku,wheat_weekly_rsk,wheat_weekly_rvb,wheat_weekly_rvg,wheat_weekly_trd,wheat_weekly_tru,corn_monthly_jumps,corn_monthly_lev,corn_monthly_rku,corn_monthly_rsk,corn_monthly_rv,corn_monthly_rvb,corn_monthly_rvg,corn_monthly_trd,corn_monthly_tru,corn_seasonal_jumps,corn_seasonal_lev,corn_seasonal_rku,corn_seasonal_rsk,corn_seasonal_rv,corn_seasonal_rvb,corn_seasonal_rvg,corn_seasonal_trd,corn_seasonal_tru,corn_weekly_jumps,corn_weekly_lev,corn_weekly_rku,corn_weekly_rsk,corn_weekly_rv,corn_weekly_rvb,corn_weekly_rvg,corn_weekly_trd,corn_weekly_tru,soybeans_monthly_jumps,soybeans_monthly_lev,soybeans_monthly_rku,soybeans_monthly_rsk,soybeans_monthly_rv,soybeans_monthly_rvb,soybeans_monthly_rvg,soybeans_monthly_trd,soybeans_monthly_tru,soybeans_seasonal_jumps,soybeans_seasonal_lev,soybeans_seasonal_rku,soybeans_seasonal_rsk,soybeans_seasonal_rv,soybeans_seasonal_rvb,soybeans_seasonal_rvg,soybeans_seasonal_trd,soybeans_seasonal_tru,soybeans_weekly_jumps,soybeans_weekly_lev,soybeans_weekly_rku,soybeans_weekly_rsk,soybeans_weekly_rv,soybeans_weekly_rvb,soybeans_weekly_rvg,soybeans_weekly_trd,soybeans_weekly_tru,ssta_elino,ssta_lanina,SOI_index,NAO_index,tmax_hot_in_planting,tmax_hot_in_harvesting,tmax_very_hot_in_planting,tmax_very_hot_in_harvesting,tmin_cold_in_planting,tmin_cold_in_harvesting,tmin_very_cold_in_planting,tmin_very_cold_in_harvesting,awnd_moderate_high_wind_in_planting,awnd_moderate_high_wind_in_harvesting,awnd_extreme_high_wind_in_planting,awnd_extreme_high_wind_in_harvesting,pdsi_extreme_wet_in_planting,pdsi_extreme_wet_in_harvesting,co2_extreme_in_planting,co2_extreme_in_harvesting",rolling,208,1,4,208.0,152,none,True,False,log,1e-10,True,1e-10,,,,,,0,18,test_r2,0.6342489974732501,0.9800531299205844
ols_rolling,har_endo_exo_climate_news,104,"wheat_weekly_rv,wheat_monthly_rv,wheat_seasonal_rv,wheat_monthly_jumps,wheat_monthly_lev,wheat_monthly_rku,wheat_monthly_rsk,wheat_monthly_rvb,wheat_monthly_rvg,wheat_monthly_trd,wheat_monthly_tru,wheat_seasonal_jumps,wheat_seasonal_lev,wheat_seasonal_rku,wheat_seasonal_rsk,wheat_seasonal_rvb,wheat_seasonal_rvg,wheat_seasonal_trd,wheat_seasonal_tru,wheat_weekly_jumps,wheat_weekly_lev,wheat_weekly_rku,wheat_weekly_rsk,wheat_weekly_rvb,wheat_weekly_rvg,wheat_weekly_trd,wheat_weekly_tru,corn_monthly_jumps,corn_monthly_lev,corn_monthly_rku,corn_monthly_rsk,corn_monthly_rv,corn_monthly_rvb,corn_monthly_rvg,corn_monthly_trd,corn_monthly_tru,corn_seasonal_jumps,corn_seasonal_lev,corn_seasonal_rku,corn_seasonal_rsk,corn_seasonal_rv,corn_seasonal_rvb,corn_seasonal_rvg,corn_seasonal_trd,corn_seasonal_tru,corn_weekly_jumps,corn_weekly_lev,corn_weekly_rku,corn_weekly_rsk,corn_weekly_rv,corn_weekly_rvb,corn_weekly_rvg,corn_weekly_trd,corn_weekly_tru,soybeans_monthly_jumps,soybeans_monthly_lev,soybeans_monthly_rku,soybeans_monthly_rsk,soybeans_monthly_rv,soybeans_monthly_rvb,soybeans_monthly_rvg,soybeans_monthly_trd,soybeans_monthly_tru,soybeans_seasonal_jumps,soybeans_seasonal_lev,soybeans_seasonal_rku,soybeans_seasonal_rsk,soybeans_seasonal_rv,soybeans_seasonal_rvb,soybeans_seasonal_rvg,soybeans_seasonal_trd,soybeans_seasonal_tru,soybeans_weekly_jumps,soybeans_weekly_lev,soybeans_weekly_rku,soybeans_weekly_rsk,soybeans_weekly_rv,soybeans_weekly_rvb,soybeans_weekly_rvg,soybeans_weekly_trd,soybeans_weekly_tru,ssta_elino,ssta_lanina,SOI_index,NAO_index,tmax_hot_in_planting,tmax_hot_in_harvesting,tmax_very_hot_in_planting,tmax_very_hot_in_harvesting,tmin_cold_in_planting,tmin_cold_in_harvesting,tmin_very_cold_in_planting,tmin_very_cold_in_harvesting,awnd_moderate_high_wind_in_planting,awnd_moderate_high_wind_in_harvesting,awnd_extreme_high_wind_in_planting,awnd_extreme_high_wind_in_harvesting,pdsi_extreme_wet_in_planting,pdsi_extreme_wet_in_harvesting,co2_extreme_in_planting,co2_extreme_in_harvesting,frbsf_sentiment,Text_Climate_Anomaly,epu_index",1.6555156866434953e-07,0.0003055172876870002,-3.2006856846595895,0.9843749537992234,0.9856730878484513,4.182905830730722e-06,0.0015484963223995388,-3.2240587560032004,0.6174896582504589,0.6136568638560258,wheat_weekly_rv,RV_target,16,"wheat_weekly_rv,wheat_monthly_rv,wheat_seasonal_rv","wheat_monthly_jumps,wheat_monthly_lev,wheat_monthly_rku,wheat_monthly_rsk,wheat_monthly_rvb,wheat_monthly_rvg,wheat_monthly_trd,wheat_monthly_tru,wheat_seasonal_jumps,wheat_seasonal_lev,wheat_seasonal_rku,wheat_seasonal_rsk,wheat_seasonal_rvb,wheat_seasonal_rvg,wheat_seasonal_trd,wheat_seasonal_tru,wheat_weekly_jumps,wheat_weekly_lev,wheat_weekly_rku,wheat_weekly_rsk,wheat_weekly_rvb,wheat_weekly_rvg,wheat_weekly_trd,wheat_weekly_tru,corn_monthly_jumps,corn_monthly_lev,corn_monthly_rku,corn_monthly_rsk,corn_monthly_rv,corn_monthly_rvb,corn_monthly_rvg,corn_monthly_trd,corn_monthly_tru,corn_seasonal_jumps,corn_seasonal_lev,corn_seasonal_rku,corn_seasonal_rsk,corn_seasonal_rv,corn_seasonal_rvb,corn_seasonal_rvg,corn_seasonal_trd,corn_seasonal_tru,corn_weekly_jumps,corn_weekly_lev,corn_weekly_rku,corn_weekly_rsk,corn_weekly_rv,corn_weekly_rvb,corn_weekly_rvg,corn_weekly_trd,corn_weekly_tru,soybeans_monthly_jumps,soybeans_monthly_lev,soybeans_monthly_rku,soybeans_monthly_rsk,soybeans_monthly_rv,soybeans_monthly_rvb,soybeans_monthly_rvg,soybeans_monthly_trd,soybeans_monthly_tru,soybeans_seasonal_jumps,soybeans_seasonal_lev,soybeans_seasonal_rku,soybeans_seasonal_rsk,soybeans_seasonal_rv,soybeans_seasonal_rvb,soybeans_seasonal_rvg,soybeans_seasonal_trd,soybeans_seasonal_tru,soybeans_weekly_jumps,soybeans_weekly_lev,soybeans_weekly_rku,soybeans_weekly_rsk,soybeans_weekly_rv,soybeans_weekly_rvb,soybeans_weekly_rvg,soybeans_weekly_trd,soybeans_weekly_tru,ssta_elino,ssta_lanina,SOI_index,NAO_index,tmax_hot_in_planting,tmax_hot_in_harvesting,tmax_very_hot_in_planting,tmax_very_hot_in_harvesting,tmin_cold_in_planting,tmin_cold_in_harvesting,tmin_very_cold_in_planting,tmin_very_cold_in_harvesting,awnd_moderate_high_wind_in_planting,awnd_moderate_high_wind_in_harvesting,awnd_extreme_high_wind_in_planting,awnd_extreme_high_wind_in_harvesting,pdsi_extreme_wet_in_planting,pdsi_extreme_wet_in_harvesting,co2_extreme_in_planting,co2_extreme_in_harvesting,frbsf_sentiment,Text_Climate_Anomaly,epu_index",rolling,208,1,4,208.0,152,none,True,False,log,1e-10,True,1e-10,,,,,,0,18,test_r2,0.6174896582504589,0.9820765028729422
ols_rolling,har_endo_exo,81,"wheat_weekly_rv,wheat_monthly_rv,wheat_seasonal_rv,wheat_monthly_jumps,wheat_monthly_lev,wheat_monthly_rku,wheat_monthly_rsk,wheat_monthly_rvb,wheat_monthly_rvg,wheat_monthly_trd,wheat_monthly_tru,wheat_seasonal_jumps,wheat_seasonal_lev,wheat_seasonal_rku,wheat_seasonal_rsk,wheat_seasonal_rvb,wheat_seasonal_rvg,wheat_seasonal_trd,wheat_seasonal_tru,wheat_weekly_jumps,wheat_weekly_lev,wheat_weekly_rku,wheat_weekly_rsk,wheat_weekly_rvb,wheat_weekly_rvg,wheat_weekly_trd,wheat_weekly_tru,corn_monthly_jumps,corn_monthly_lev,corn_monthly_rku,corn_monthly_rsk,corn_monthly_rv,corn_monthly_rvb,corn_monthly_rvg,corn_monthly_trd,corn_monthly_tru,corn_seasonal_jumps,corn_seasonal_lev,corn_seasonal_rku,corn_seasonal_rsk,corn_seasonal_rv,corn_seasonal_rvb,corn_seasonal_rvg,corn_seasonal_trd,corn_seasonal_tru,corn_weekly_jumps,corn_weekly_lev,corn_weekly_rku,corn_weekly_rsk,corn_weekly_rv,corn_weekly_rvb,corn_weekly_rvg,corn_weekly_trd,corn_weekly_tru,soybeans_monthly_jumps,soybeans_monthly_lev,soybeans_monthly_rku,soybeans_monthly_rsk,soybeans_monthly_rv,soybeans_monthly_rvb,soybeans_monthly_rvg,soybeans_monthly_trd,soybeans_monthly_tru,soybeans_seasonal_jumps,soybeans_seasonal_lev,soybeans_seasonal_rku,soybeans_seasonal_rsk,soybeans_seasonal_rv,soybeans_seasonal_rvb,soybeans_seasonal_rvg,soybeans_seasonal_trd,soybeans_seasonal_tru,soybeans_weekly_jumps,soybeans_weekly_lev,soybeans_weekly_rku,soybeans_weekly_rsk,soybeans_weekly_rv,soybeans_weekly_rvb,soybeans_weekly_rvg,soybeans_weekly_trd,soybeans_weekly_tru",1.0074122010726718e-06,0.0007553565114258896,-3.1982755958461224,0.9050800990385707,0.9131169755944195,4.7389372844356974e-06,0.0017098365875246513,-3.1966969160100542,0.5845446994538072,0.5895977299978599,wheat_weekly_rv,RV_target,16,"wheat_weekly_rv,wheat_monthly_rv,wheat_seasonal_rv","wheat_monthly_jumps,wheat_monthly_lev,wheat_monthly_rku,wheat_monthly_rsk,wheat_monthly_rvb,wheat_monthly_rvg,wheat_monthly_trd,wheat_monthly_tru,wheat_seasonal_jumps,wheat_seasonal_lev,wheat_seasonal_rku,wheat_seasonal_rsk,wheat_seasonal_rvb,wheat_seasonal_rvg,wheat_seasonal_trd,wheat_seasonal_tru,wheat_weekly_jumps,wheat_weekly_lev,wheat_weekly_rku,wheat_weekly_rsk,wheat_weekly_rvb,wheat_weekly_rvg,wheat_weekly_trd,wheat_weekly_tru,corn_monthly_jumps,corn_monthly_lev,corn_monthly_rku,corn_monthly_rsk,corn_monthly_rv,corn_monthly_rvb,corn_monthly_rvg,corn_monthly_trd,corn_monthly_tru,corn_seasonal_jumps,corn_seasonal_lev,corn_seasonal_rku,corn_seasonal_rsk,corn_seasonal_rv,corn_seasonal_rvb,corn_seasonal_rvg,corn_seasonal_trd,corn_seasonal_tru,corn_weekly_jumps,corn_weekly_lev,corn_weekly_rku,corn_weekly_rsk,corn_weekly_rv,corn_weekly_rvb,corn_weekly_rvg,corn_weekly_trd,corn_weekly_tru,soybeans_monthly_jumps,soybeans_monthly_lev,soybeans_monthly_rku,soybeans_monthly_rsk,soybeans_monthly_rv,soybeans_monthly_rvb,soybeans_monthly_rvg,soybeans_monthly_trd,soybeans_monthly_tru,soybeans_seasonal_jumps,soybeans_seasonal_lev,soybeans_seasonal_rku,soybeans_seasonal_rsk,soybeans_seasonal_rv,soybeans_seasonal_rvb,soybeans_seasonal_rvg,soybeans_seasonal_trd,soybeans_seasonal_tru,soybeans_weekly_jumps,soybeans_weekly_lev,soybeans_weekly_rku,soybeans_weekly_rsk,soybeans_weekly_rv,soybeans_weekly_rvb,soybeans_weekly_rvg,soybeans_weekly_trd,soybeans_weekly_tru",rolling,312,1,8,312.0,63,none,True,False,log,1e-10,True,1e-10,,,,,,13,18,test_r2,0.5845446994538072,0.8944898621544443
ols_rolling,har_endo_exo_news,84,"wheat_weekly_rv,wheat_monthly_rv,wheat_seasonal_rv,wheat_monthly_jumps,wheat_monthly_lev,wheat_monthly_rku,wheat_monthly_rsk,wheat_monthly_rvb,wheat_monthly_rvg,wheat_monthly_trd,wheat_monthly_tru,wheat_seasonal_jumps,wheat_seasonal_lev,wheat_seasonal_rku,wheat_seasonal_rsk,wheat_seasonal_rvb,wheat_seasonal_rvg,wheat_seasonal_trd,wheat_seasonal_tru,wheat_weekly_jumps,wheat_weekly_lev,wheat_weekly_rku,wheat_weekly_rsk,wheat_weekly_rvb,wheat_weekly_rvg,wheat_weekly_trd,wheat_weekly_tru,corn_monthly_jumps,corn_monthly_lev,corn_monthly_rku,corn_monthly_rsk,corn_monthly_rv,corn_monthly_rvb,corn_monthly_rvg,corn_monthly_trd,corn_monthly_tru,corn_seasonal_jumps,corn_seasonal_lev,corn_seasonal_rku,corn_seasonal_rsk,corn_seasonal_rv,corn_seasonal_rvb,corn_seasonal_rvg,corn_seasonal_trd,corn_seasonal_tru,corn_weekly_jumps,corn_weekly_lev,corn_weekly_rku,corn_weekly_rsk,corn_weekly_rv,corn_weekly_rvb,corn_weekly_rvg,corn_weekly_trd,corn_weekly_tru,soybeans_monthly_jumps,soybeans_monthly_lev,soybeans_monthly_rku,soybeans_monthly_rsk,soybeans_monthly_rv,soybeans_monthly_rvb,soybeans_monthly_rvg,soybeans_monthly_trd,soybeans_monthly_tru,soybeans_seasonal_jumps,soybeans_seasonal_lev,soybeans_seasonal_rku,soybeans_seasonal_rsk,soybeans_seasonal_rv,soybeans_seasonal_rvb,soybeans_seasonal_rvg,soybeans_seasonal_trd,soybeans_seasonal_tru,soybeans_weekly_jumps,soybeans_weekly_lev,soybeans_weekly_rku,soybeans_weekly_rsk,soybeans_weekly_rv,soybeans_weekly_rvb,soybeans_weekly_rvg,soybeans_weekly_trd,soybeans_weekly_tru,frbsf_sentiment,Text_Climate_Anomaly,epu_index",9.523324677193338e-07,0.0007347790988362037,-3.1983765036163665,0.9102697948049252,0.9176792187869457,4.807208867267261e-06,0.0017364519065863596,-3.1966457462749127,0.5785594354037409,0.5872543810776618,wheat_weekly_rv,RV_target,16,"wheat_weekly_rv,wheat_monthly_rv,wheat_seasonal_rv","wheat_monthly_jumps,wheat_monthly_lev,wheat_monthly_rku,wheat_monthly_rsk,wheat_monthly_rvb,wheat_monthly_rvg,wheat_monthly_trd,wheat_monthly_tru,wheat_seasonal_jumps,wheat_seasonal_lev,wheat_seasonal_rku,wheat_seasonal_rsk,wheat_seasonal_rvb,wheat_seasonal_rvg,wheat_seasonal_trd,wheat_seasonal_tru,wheat_weekly_jumps,wheat_weekly_lev,wheat_weekly_rku,wheat_weekly_rsk,wheat_weekly_rvb,wheat_weekly_rvg,wheat_weekly_trd,wheat_weekly_tru,corn_monthly_jumps,corn_monthly_lev,corn_monthly_rku,corn_monthly_rsk,corn_monthly_rv,corn_monthly_rvb,corn_monthly_rvg,corn_monthly_trd,corn_monthly_tru,corn_seasonal_jumps,corn_seasonal_lev,corn_seasonal_rku,corn_seasonal_rsk,corn_seasonal_rv,corn_seasonal_rvb,corn_seasonal_rvg,corn_seasonal_trd,corn_seasonal_tru,corn_weekly_jumps,corn_weekly_lev,corn_weekly_rku,corn_weekly_rsk,corn_weekly_rv,corn_weekly_rvb,corn_weekly_rvg,corn_weekly_trd,corn_weekly_tru,soybeans_monthly_jumps,soybeans_monthly_lev,soybeans_monthly_rku,soybeans_monthly_rsk,soybeans_monthly_rv,soybeans_monthly_rvb,soybeans_monthly_rvg,soybeans_monthly_trd,soybeans_monthly_tru,soybeans_seasonal_jumps,soybeans_seasonal_lev,soybeans_seasonal_rku,soybeans_seasonal_rsk,soybeans_seasonal_rv,soybeans_seasonal_rvb,soybeans_seasonal_rvg,soybeans_seasonal_trd,soybeans_seasonal_tru,soybeans_weekly_jumps,soybeans_weekly_lev,soybeans_weekly_rku,soybeans_weekly_rsk,soybeans_weekly_rv,soybeans_weekly_rvb,soybeans_weekly_rvg,soybeans_weekly_trd,soybeans_weekly_tru,frbsf_sentiment,Text_Climate_Anomaly,epu_index",rolling,312,1,8,312.0,63,none,True,False,log,1e-10,True,1e-10,,,,,,13,18,test_r2,0.5785594354037409,0.8998447087241697
ols_rolling,har_endo,27,"wheat_weekly_rv,wheat_monthly_rv,wheat_seasonal_rv,wheat_monthly_jumps,wheat_monthly_lev,wheat_monthly_rku,wheat_monthly_rsk,wheat_monthly_rvb,wheat_monthly_rvg,wheat_monthly_trd,wheat_monthly_tru,wheat_seasonal_jumps,wheat_seasonal_lev,wheat_seasonal_rku,wheat_seasonal_rsk,wheat_seasonal_rvb,wheat_seasonal_rvg,wheat_seasonal_trd,wheat_seasonal_tru,wheat_weekly_jumps,wheat_weekly_lev,wheat_weekly_rku,wheat_weekly_rsk,wheat_weekly_rvb,wheat_weekly_rvg,wheat_weekly_trd,wheat_weekly_tru",2.729985225241357e-06,0.0012137956333235595,-3.195021702637801,0.7427766638818163,0.7682198565443201,5.838612727218374e-06,0.001799638953731544,-3.220994966049696,0.4683045824729043,0.48613047388666053,wheat_weekly_rv,RV_target,16,"wheat_weekly_rv,wheat_monthly_rv,wheat_seasonal_rv","wheat_monthly_jumps,wheat_monthly_lev,wheat_monthly_rku,wheat_monthly_rsk,wheat_monthly_rvb,wheat_monthly_rvg,wheat_monthly_trd,wheat_monthly_tru,wheat_seasonal_jumps,wheat_seasonal_lev,wheat_seasonal_rku,wheat_seasonal_rsk,wheat_seasonal_rvb,wheat_seasonal_rvg,wheat_seasonal_trd,wheat_seasonal_tru,wheat_weekly_jumps,wheat_weekly_lev,wheat_weekly_rku,wheat_weekly_rsk,wheat_weekly_rvb,wheat_weekly_rvg,wheat_weekly_trd,wheat_weekly_tru",rolling,208,1,8,208.0,76,none,True,False,log,1e-10,True,1e-10,,,,,,1,18,test_r2,0.4683045824729043,0.733872779170033
ols_rolling,har_endo_exo_climate_macro,105,"wheat_weekly_rv,wheat_monthly_rv,wheat_seasonal_rv,wheat_monthly_jumps,wheat_monthly_lev,wheat_monthly_rku,wheat_monthly_rsk,wheat_monthly_rvb,wheat_monthly_rvg,wheat_monthly_trd,wheat_monthly_tru,wheat_seasonal_jumps,wheat_seasonal_lev,wheat_seasonal_rku,wheat_seasonal_rsk,wheat_seasonal_rvb,wheat_seasonal_rvg,wheat_seasonal_trd,wheat_seasonal_tru,wheat_weekly_jumps,wheat_weekly_lev,wheat_weekly_rku,wheat_weekly_rsk,wheat_weekly_rvb,wheat_weekly_rvg,wheat_weekly_trd,wheat_weekly_tru,corn_monthly_jumps,corn_monthly_lev,corn_monthly_rku,corn_monthly_rsk,corn_monthly_rv,corn_monthly_rvb,corn_monthly_rvg,corn_monthly_trd,corn_monthly_tru,corn_seasonal_jumps,corn_seasonal_lev,corn_seasonal_rku,corn_seasonal_rsk,corn_seasonal_rv,corn_seasonal_rvb,corn_seasonal_rvg,corn_seasonal_trd,corn_seasonal_tru,corn_weekly_jumps,corn_weekly_lev,corn_weekly_rku,corn_weekly_rsk,corn_weekly_rv,corn_weekly_rvb,corn_weekly_rvg,corn_weekly_trd,corn_weekly_tru,soybeans_monthly_jumps,soybeans_monthly_lev,soybeans_monthly_rku,soybeans_monthly_rsk,soybeans_monthly_rv,soybeans_monthly_rvb,soybeans_monthly_rvg,soybeans_monthly_trd,soybeans_monthly_tru,soybeans_seasonal_jumps,soybeans_seasonal_lev,soybeans_seasonal_rku,soybeans_seasonal_rsk,soybeans_seasonal_rv,soybeans_seasonal_rvb,soybeans_seasonal_rvg,soybeans_seasonal_trd,soybeans_seasonal_tru,soybeans_weekly_jumps,soybeans_weekly_lev,soybeans_weekly_rku,soybeans_weekly_rsk,soybeans_weekly_rv,soybeans_weekly_rvb,soybeans_weekly_rvg,soybeans_weekly_trd,soybeans_weekly_tru,ssta_elino,ssta_lanina,SOI_index,NAO_index,tmax_hot_in_planting,tmax_hot_in_harvesting,tmax_very_hot_in_planting,tmax_very_hot_in_harvesting,tmin_cold_in_planting,tmin_cold_in_harvesting,tmin_very_cold_in_planting,tmin_very_cold_in_harvesting,awnd_moderate_high_wind_in_planting,awnd_moderate_high_wind_in_harvesting,awnd_extreme_high_wind_in_planting,awnd_extreme_high_wind_in_harvesting,pdsi_extreme_wet_in_planting,pdsi_extreme_wet_in_harvesting,co2_extreme_in_planting,co2_extreme_in_harvesting,DJIA_Index,WTI_Index,Broad_Dollar_index,Stock_Uncertainty",4.948010563948829e-07,0.000515182755889865,-3.1956578630680297,0.9527793162196052,0.9590675971894018,6.368765596663557e-06,0.0015834269353119195,-3.193371355681482,0.3769223427101528,0.46466402235403703,wheat_weekly_rv,RV_target,16,"wheat_weekly_rv,wheat_monthly_rv,wheat_seasonal_rv","wheat_monthly_jumps,wheat_monthly_lev,wheat_monthly_rku,wheat_monthly_rsk,wheat_monthly_rvb,wheat_monthly_rvg,wheat_monthly_trd,wheat_monthly_tru,wheat_seasonal_jumps,wheat_seasonal_lev,wheat_seasonal_rku,wheat_seasonal_rsk,wheat_seasonal_rvb,wheat_seasonal_rvg,wheat_seasonal_trd,wheat_seasonal_tru,wheat_weekly_jumps,wheat_weekly_lev,wheat_weekly_rku,wheat_weekly_rsk,wheat_weekly_rvb,wheat_weekly_rvg,wheat_weekly_trd,wheat_weekly_tru,corn_monthly_jumps,corn_monthly_lev,corn_monthly_rku,corn_monthly_rsk,corn_monthly_rv,corn_monthly_rvb,corn_monthly_rvg,corn_monthly_trd,corn_monthly_tru,corn_seasonal_jumps,corn_seasonal_lev,corn_seasonal_rku,corn_seasonal_rsk,corn_seasonal_rv,corn_seasonal_rvb,corn_seasonal_rvg,corn_seasonal_trd,corn_seasonal_tru,corn_weekly_jumps,corn_weekly_lev,corn_weekly_rku,corn_weekly_rsk,corn_weekly_rv,corn_weekly_rvb,corn_weekly_rvg,corn_weekly_trd,corn_weekly_tru,soybeans_monthly_jumps,soybeans_monthly_lev,soybeans_monthly_rku,soybeans_monthly_rsk,soybeans_monthly_rv,soybeans_monthly_rvb,soybeans_monthly_rvg,soybeans_monthly_trd,soybeans_monthly_tru,soybeans_seasonal_jumps,soybeans_seasonal_lev,soybeans_seasonal_rku,soybeans_seasonal_rsk,soybeans_seasonal_rv,soybeans_seasonal_rvb,soybeans_seasonal_rvg,soybeans_seasonal_trd,soybeans_seasonal_tru,soybeans_weekly_jumps,soybeans_weekly_lev,soybeans_weekly_rku,soybeans_weekly_rsk,soybeans_weekly_rv,soybeans_weekly_rvb,soybeans_weekly_rvg,soybeans_weekly_trd,soybeans_weekly_tru,ssta_elino,ssta_lanina,SOI_index,NAO_index,tmax_hot_in_planting,tmax_hot_in_harvesting,tmax_very_hot_in_planting,tmax_very_hot_in_harvesting,tmin_cold_in_planting,tmin_cold_in_harvesting,tmin_very_cold_in_planting,tmin_very_cold_in_harvesting,awnd_moderate_high_wind_in_planting,awnd_moderate_high_wind_in_harvesting,awnd_extreme_high_wind_in_planting,awnd_extreme_high_wind_in_harvesting,pdsi_extreme_wet_in_planting,pdsi_extreme_wet_in_harvesting,co2_extreme_in_planting,co2_extreme_in_harvesting,DJIA_Index,WTI_Index,Broad_Dollar_index,Stock_Uncertainty",rolling,260,1,8,260.0,56,none,True,False,log,1e-10,True,1e-10,,,,,,7,18,test_r2,0.3769223427101528,0.9444322256523637
ols_rolling,har_endo_exo_macro,85,"wheat_weekly_rv,wheat_monthly_rv,wheat_seasonal_rv,wheat_monthly_jumps,wheat_monthly_lev,wheat_monthly_rku,wheat_monthly_rsk,wheat_monthly_rvb,wheat_monthly_rvg,wheat_monthly_trd,wheat_monthly_tru,wheat_seasonal_jumps,wheat_seasonal_lev,wheat_seasonal_rku,wheat_seasonal_rsk,wheat_seasonal_rvb,wheat_seasonal_rvg,wheat_seasonal_trd,wheat_seasonal_tru,wheat_weekly_jumps,wheat_weekly_lev,wheat_weekly_rku,wheat_weekly_rsk,wheat_weekly_rvb,wheat_weekly_rvg,wheat_weekly_trd,wheat_weekly_tru,corn_monthly_jumps,corn_monthly_lev,corn_monthly_rku,corn_monthly_rsk,corn_monthly_rv,corn_monthly_rvb,corn_monthly_rvg,corn_monthly_trd,corn_monthly_tru,corn_seasonal_jumps,corn_seasonal_lev,corn_seasonal_rku,corn_seasonal_rsk,corn_seasonal_rv,corn_seasonal_rvb,corn_seasonal_rvg,corn_seasonal_trd,corn_seasonal_tru,corn_weekly_jumps,corn_weekly_lev,corn_weekly_rku,corn_weekly_rsk,corn_weekly_rv,corn_weekly_rvb,corn_weekly_rvg,corn_weekly_trd,corn_weekly_tru,soybeans_monthly_jumps,soybeans_monthly_lev,soybeans_monthly_rku,soybeans_monthly_rsk,soybeans_monthly_rv,soybeans_monthly_rvb,soybeans_monthly_rvg,soybeans_monthly_trd,soybeans_monthly_tru,soybeans_seasonal_jumps,soybeans_seasonal_lev,soybeans_seasonal_rku,soybeans_seasonal_rsk,soybeans_seasonal_rv,soybeans_seasonal_rvb,soybeans_seasonal_rvg,soybeans_seasonal_trd,soybeans_seasonal_tru,soybeans_weekly_jumps,soybeans_weekly_lev,soybeans_weekly_rku,soybeans_weekly_rsk,soybeans_weekly_rv,soybeans_weekly_rvb,soybeans_weekly_rvg,soybeans_weekly_trd,soybeans_weekly_tru,DJIA_Index,WTI_Index,Broad_Dollar_index,Stock_Uncertainty",9.806987877361404e-07,0.0007428405393575068,-3.1956639108824834,0.9062428961973339,0.913865683301968,6.790579111187435e-06,0.001584864388364697,-3.1725597138873796,0.4021507176619251,0.30767791560402424,wheat_weekly_rv,RV_target,16,"wheat_weekly_rv,wheat_monthly_rv,wheat_seasonal_rv","wheat_monthly_jumps,wheat_monthly_lev,wheat_monthly_rku,wheat_monthly_rsk,wheat_monthly_rvb,wheat_monthly_rvg,wheat_monthly_trd,wheat_monthly_tru,wheat_seasonal_jumps,wheat_seasonal_lev,wheat_seasonal_rku,wheat_seasonal_rsk,wheat_seasonal_rvb,wheat_seasonal_rvg,wheat_seasonal_trd,wheat_seasonal_tru,wheat_weekly_jumps,wheat_weekly_lev,wheat_weekly_rku,wheat_weekly_rsk,wheat_weekly_rvb,wheat_weekly_rvg,wheat_weekly_trd,wheat_weekly_tru,corn_monthly_jumps,corn_monthly_lev,corn_monthly_rku,corn_monthly_rsk,corn_monthly_rv,corn_monthly_rvb,corn_monthly_rvg,corn_monthly_trd,corn_monthly_tru,corn_seasonal_jumps,corn_seasonal_lev,corn_seasonal_rku,corn_seasonal_rsk,corn_seasonal_rv,corn_seasonal_rvb,corn_seasonal_rvg,corn_seasonal_trd,corn_seasonal_tru,corn_weekly_jumps,corn_weekly_lev,corn_weekly_rku,corn_weekly_rsk,corn_weekly_rv,corn_weekly_rvb,corn_weekly_rvg,corn_weekly_trd,corn_weekly_tru,soybeans_monthly_jumps,soybeans_monthly_lev,soybeans_monthly_rku,soybeans_monthly_rsk,soybeans_monthly_rv,soybeans_monthly_rvb,soybeans_monthly_rvg,soybeans_monthly_trd,soybeans_monthly_tru,soybeans_seasonal_jumps,soybeans_seasonal_lev,soybeans_seasonal_rku,soybeans_seasonal_rsk,soybeans_seasonal_rv,soybeans_seasonal_rvb,soybeans_seasonal_rvg,soybeans_seasonal_trd,soybeans_seasonal_tru,soybeans_weekly_jumps,soybeans_weekly_lev,soybeans_weekly_rku,soybeans_weekly_rsk,soybeans_weekly_rv,soybeans_weekly_rvb,soybeans_weekly_rvg,soybeans_weekly_trd,soybeans_weekly_tru,DJIA_Index,WTI_Index,Broad_Dollar_index,Stock_Uncertainty",rolling,312,1,4,312.0,99,none,True,False,log,1e-10,True,1e-10,,,,,,12,18,test_r2,0.4021507176619251,0.8933475016613684
ols_rolling,har,3,"wheat_weekly_rv,wheat_monthly_rv,wheat_seasonal_rv",5.174668437199891e-06,0.0017366906121470537,-3.1908373297231876,0.5116057548879008,0.5436554491281445,6.959720541660478e-06,0.0018788432484320038,-3.2182759521935043,0.36356083770435,0.39689932799773453,wheat_weekly_rv,RV_target,16,"wheat_weekly_rv,wheat_monthly_rv,wheat_seasonal_rv",,rolling,208,1,4,208.0,152,none,True,False,log,1e-10,True,1e-10,,,,,,0,18,test_r2,0.36356083770435,0.5097924099184252
ols_rolling,har_endo_exo_news_macro,88,"wheat_weekly_rv,wheat_monthly_rv,wheat_seasonal_rv,wheat_monthly_jumps,wheat_monthly_lev,wheat_monthly_rku,wheat_monthly_rsk,wheat_monthly_rvb,wheat_monthly_rvg,wheat_monthly_trd,wheat_monthly_tru,wheat_seasonal_jumps,wheat_seasonal_lev,wheat_seasonal_rku,wheat_seasonal_rsk,wheat_seasonal_rvb,wheat_seasonal_rvg,wheat_seasonal_trd,wheat_seasonal_tru,wheat_weekly_jumps,wheat_weekly_lev,wheat_weekly_rku,wheat_weekly_rsk,wheat_weekly_rvb,wheat_weekly_rvg,wheat_weekly_trd,wheat_weekly_tru,corn_monthly_jumps,corn_monthly_lev,corn_monthly_rku,corn_monthly_rsk,corn_monthly_rv,corn_monthly_rvb,corn_monthly_rvg,corn_monthly_trd,corn_monthly_tru,corn_seasonal_jumps,corn_seasonal_lev,corn_seasonal_rku,corn_seasonal_rsk,corn_seasonal_rv,corn_seasonal_rvb,corn_seasonal_rvg,corn_seasonal_trd,corn_seasonal_tru,corn_weekly_jumps,corn_weekly_lev,corn_weekly_rku,corn_weekly_rsk,corn_weekly_rv,corn_weekly_rvb,corn_weekly_rvg,corn_weekly_trd,corn_weekly_tru,soybeans_monthly_jumps,soybeans_monthly_lev,soybeans_monthly_rku,soybeans_monthly_rsk,soybeans_monthly_rv,soybeans_monthly_rvb,soybeans_monthly_rvg,soybeans_monthly_trd,soybeans_monthly_tru,soybeans_seasonal_jumps,soybeans_seasonal_lev,soybeans_seasonal_rku,soybeans_seasonal_rsk,soybeans_seasonal_rv,soybeans_seasonal_rvb,soybeans_seasonal_rvg,soybeans_seasonal_trd,soybeans_seasonal_tru,soybeans_weekly_jumps,soybeans_weekly_lev,soybeans_weekly_rku,soybeans_weekly_rsk,soybeans_weekly_rv,soybeans_weekly_rvb,soybeans_weekly_rvg,soybeans_weekly_trd,soybeans_weekly_tru,frbsf_sentiment,Text_Climate_Anomaly,epu_index,DJIA_Index,WTI_Index,Broad_Dollar_index,Stock_Uncertainty",9.196078497920235e-07,0.0007140876953721805,-3.195775874271004,0.9120833331203271,0.9190487732808136,7.708168688402935e-06,0.0017248634589488063,-3.1726138935183044,0.32136522628676356,0.28316826741023815,wheat_weekly_rv,RV_target,16,"wheat_weekly_rv,wheat_monthly_rv,wheat_seasonal_rv","wheat_monthly_jumps,wheat_monthly_lev,wheat_monthly_rku,wheat_monthly_rsk,wheat_monthly_rvb,wheat_monthly_rvg,wheat_monthly_trd,wheat_monthly_tru,wheat_seasonal_jumps,wheat_seasonal_lev,wheat_seasonal_rku,wheat_seasonal_rsk,wheat_seasonal_rvb,wheat_seasonal_rvg,wheat_seasonal_trd,wheat_seasonal_tru,wheat_weekly_jumps,wheat_weekly_lev,wheat_weekly_rku,wheat_weekly_rsk,wheat_weekly_rvb,wheat_weekly_rvg,wheat_weekly_trd,wheat_weekly_tru,corn_monthly_jumps,corn_monthly_lev,corn_monthly_rku,corn_monthly_rsk,corn_monthly_rv,corn_monthly_rvb,corn_monthly_rvg,corn_monthly_trd,corn_monthly_tru,corn_seasonal_jumps,corn_seasonal_lev,corn_seasonal_rku,corn_seasonal_rsk,corn_seasonal_rv,corn_seasonal_rvb,corn_seasonal_rvg,corn_seasonal_trd,corn_seasonal_tru,corn_weekly_jumps,corn_weekly_lev,corn_weekly_rku,corn_weekly_rsk,corn_weekly_rv,corn_weekly_rvb,corn_weekly_rvg,corn_weekly_trd,corn_weekly_tru,soybeans_monthly_jumps,soybeans_monthly_lev,soybeans_monthly_rku,soybeans_monthly_rsk,soybeans_monthly_rv,soybeans_monthly_rvb,soybeans_monthly_rvg,soybeans_monthly_trd,soybeans_monthly_tru,soybeans_seasonal_jumps,soybeans_seasonal_lev,soybeans_seasonal_rku,soybeans_seasonal_rsk,soybeans_seasonal_rv,soybeans_seasonal_rvb,soybeans_seasonal_rvg,soybeans_seasonal_trd,soybeans_seasonal_tru,soybeans_weekly_jumps,soybeans_weekly_lev,soybeans_weekly_rku,soybeans_weekly_rsk,soybeans_weekly_rv,soybeans_weekly_rvb,soybeans_weekly_rvg,soybeans_weekly_trd,soybeans_weekly_tru,frbsf_sentiment,Text_Climate_Anomaly,epu_index,DJIA_Index,WTI_Index,Broad_Dollar_index,Stock_Uncertainty",rolling,312,1,4,312.0,99,none,True,False,log,1e-10,True,1e-10,,,,,,12,18,test_r2,0.32136522628676356,0.8995033872903901
ols_rolling,har_endo_exo_climate_news_macro,108,"wheat_weekly_rv,wheat_monthly_rv,wheat_seasonal_rv,wheat_monthly_jumps,wheat_monthly_lev,wheat_monthly_rku,wheat_monthly_rsk,wheat_monthly_rvb,wheat_monthly_rvg,wheat_monthly_trd,wheat_monthly_tru,wheat_seasonal_jumps,wheat_seasonal_lev,wheat_seasonal_rku,wheat_seasonal_rsk,wheat_seasonal_rvb,wheat_seasonal_rvg,wheat_seasonal_trd,wheat_seasonal_tru,wheat_weekly_jumps,wheat_weekly_lev,wheat_weekly_rku,wheat_weekly_rsk,wheat_weekly_rvb,wheat_weekly_rvg,wheat_weekly_trd,wheat_weekly_tru,corn_monthly_jumps,corn_monthly_lev,corn_monthly_rku,corn_monthly_rsk,corn_monthly_rv,corn_monthly_rvb,corn_monthly_rvg,corn_monthly_trd,corn_monthly_tru,corn_seasonal_jumps,corn_seasonal_lev,corn_seasonal_rku,corn_seasonal_rsk,corn_seasonal_rv,corn_seasonal_rvb,corn_seasonal_rvg,corn_seasonal_trd,corn_seasonal_tru,corn_weekly_jumps,corn_weekly_lev,corn_weekly_rku,corn_weekly_rsk,corn_weekly_rv,corn_weekly_rvb,corn_weekly_rvg,corn_weekly_trd,corn_weekly_tru,soybeans_monthly_jumps,soybeans_monthly_lev,soybeans_monthly_rku,soybeans_monthly_rsk,soybeans_monthly_rv,soybeans_monthly_rvb,soybeans_monthly_rvg,soybeans_monthly_trd,soybeans_monthly_tru,soybeans_seasonal_jumps,soybeans_seasonal_lev,soybeans_seasonal_rku,soybeans_seasonal_rsk,soybeans_seasonal_rv,soybeans_seasonal_rvb,soybeans_seasonal_rvg,soybeans_seasonal_trd,soybeans_seasonal_tru,soybeans_weekly_jumps,soybeans_weekly_lev,soybeans_weekly_rku,soybeans_weekly_rsk,soybeans_weekly_rv,soybeans_weekly_rvb,soybeans_weekly_rvg,soybeans_weekly_trd,soybeans_weekly_tru,ssta_elino,ssta_lanina,SOI_index,NAO_index,tmax_hot_in_planting,tmax_hot_in_harvesting,tmax_very_hot_in_planting,tmax_very_hot_in_harvesting,tmin_cold_in_planting,tmin_cold_in_harvesting,tmin_very_cold_in_planting,tmin_very_cold_in_harvesting,awnd_moderate_high_wind_in_planting,awnd_moderate_high_wind_in_harvesting,awnd_extreme_high_wind_in_planting,awnd_extreme_high_wind_in_harvesting,pdsi_extreme_wet_in_planting,pdsi_extreme_wet_in_harvesting,co2_extreme_in_planting,co2_extreme_in_harvesting,frbsf_sentiment,Text_Climate_Anomaly,epu_index,DJIA_Index,WTI_Index,Broad_Dollar_index,Stock_Uncertainty",6.542207671527048e-07,0.0005977783363343458,-3.1963012578290697,0.9374549605415653,0.9435355167212343,8.825921385584269e-06,0.001845693628096562,-3.1722295077951785,0.222957176413613,0.24892570403325653,wheat_weekly_rv,RV_target,16,"wheat_weekly_rv,wheat_monthly_rv,wheat_seasonal_rv","wheat_monthly_jumps,wheat_monthly_lev,wheat_monthly_rku,wheat_monthly_rsk,wheat_monthly_rvb,wheat_monthly_rvg,wheat_monthly_trd,wheat_monthly_tru,wheat_seasonal_jumps,wheat_seasonal_lev,wheat_seasonal_rku,wheat_seasonal_rsk,wheat_seasonal_rvb,wheat_seasonal_rvg,wheat_seasonal_trd,wheat_seasonal_tru,wheat_weekly_jumps,wheat_weekly_lev,wheat_weekly_rku,wheat_weekly_rsk,wheat_weekly_rvb,wheat_weekly_rvg,wheat_weekly_trd,wheat_weekly_tru,corn_monthly_jumps,corn_monthly_lev,corn_monthly_rku,corn_monthly_rsk,corn_monthly_rv,corn_monthly_rvb,corn_monthly_rvg,corn_monthly_trd,corn_monthly_tru,corn_seasonal_jumps,corn_seasonal_lev,corn_seasonal_rku,corn_seasonal_rsk,corn_seasonal_rv,corn_seasonal_rvb,corn_seasonal_rvg,corn_seasonal_trd,corn_seasonal_tru,corn_weekly_jumps,corn_weekly_lev,corn_weekly_rku,corn_weekly_rsk,corn_weekly_rv,corn_weekly_rvb,corn_weekly_rvg,corn_weekly_trd,corn_weekly_tru,soybeans_monthly_jumps,soybeans_monthly_lev,soybeans_monthly_rku,soybeans_monthly_rsk,soybeans_monthly_rv,soybeans_monthly_rvb,soybeans_monthly_rvg,soybeans_monthly_trd,soybeans_monthly_tru,soybeans_seasonal_jumps,soybeans_seasonal_lev,soybeans_seasonal_rku,soybeans_seasonal_rsk,soybeans_seasonal_rv,soybeans_seasonal_rvb,soybeans_seasonal_rvg,soybeans_seasonal_trd,soybeans_seasonal_tru,soybeans_weekly_jumps,soybeans_weekly_lev,soybeans_weekly_rku,soybeans_weekly_rsk,soybeans_weekly_rv,soybeans_weekly_rvb,soybeans_weekly_rvg,soybeans_weekly_trd,soybeans_weekly_tru,ssta_elino,ssta_lanina,SOI_index,NAO_index,tmax_hot_in_planting,tmax_hot_in_harvesting,tmax_very_hot_in_planting,tmax_very_hot_in_harvesting,tmin_cold_in_planting,tmin_cold_in_harvesting,tmin_very_cold_in_planting,tmin_very_cold_in_harvesting,awnd_moderate_high_wind_in_planting,awnd_moderate_high_wind_in_harvesting,awnd_extreme_high_wind_in_planting,awnd_extreme_high_wind_in_harvesting,pdsi_extreme_wet_in_planting,pdsi_extreme_wet_in_harvesting,co2_extreme_in_planting,co2_extreme_in_harvesting,frbsf_sentiment,Text_Climate_Anomaly,epu_index,DJIA_Index,WTI_Index,Broad_Dollar_index,Stock_Uncertainty",rolling,312,1,4,312.0,99,none,True,False,log,1e-10,True,1e-10,,,,,,12,18,test_r2,0.222957176413613,0.9261022474970091
