model_type,feature_set,n_selected,selected_features,train_mse,train_mae,train_qlike,train_r2,train_r2log,test_mse,test_mae,test_qlike,test_r2,test_r2log,target_col_raw,target_col_model,target_horizon,core_columns,extra_feature_cols,window_type,initial_train_size,window_test_size,window_step,rolling_window_size,n_windows,selection_method,model_add_constant,model_standardize_features,model_target_transform,model_prediction_floor,model_log_transform_rv_features,model_feature_floor,lasso_best_alpha,bsr_alpha,bsr_window_type,bsr_window_size,bsr_step,grid_search_best_candidate_idx,grid_search_n_candidates,grid_search_metric,grid_search_metric_value,train_adjusted_r2
bsr_expanding,har,3,"wheat_weekly_rv,wheat_monthly_rv,wheat_seasonal_rv",9.349341746645947e-06,0.001993230474340755,-3.186972103096781,0.5809860053706299,0.6398135897919861,5.277380812311849e-06,0.001801841568923838,-3.186183971086701,0.7018932944780079,0.6653456797081952,wheat_weekly_rv,RV_target,1,"wheat_weekly_rv,wheat_monthly_rv,wheat_seasonal_rv",,expanding,260,1,8,,72,bsr,True,False,log,1e-10,True,1e-10,,0.05,full,,1.0,7,18,test_r2,0.7018932944780079,0.5794604689824162
bsr_expanding,har_endo_exo_macro,68,"wheat_weekly_rv,wheat_monthly_rv,wheat_seasonal_rv,wheat_monthly_lev,wheat_monthly_rvg,wheat_seasonal_lev,wheat_seasonal_rvg,wheat_seasonal_trd,wheat_weekly_rvg,wheat_weekly_tru,corn_monthly_jumps,corn_monthly_rv,corn_monthly_rvb,corn_monthly_tru,corn_seasonal_jumps,corn_seasonal_lev,corn_seasonal_rvb,corn_seasonal_trd,corn_seasonal_tru,corn_weekly_trd,soybeans_monthly_rv,soybeans_monthly_rvb,soybeans_monthly_tru,soybeans_seasonal_jumps,soybeans_seasonal_lev,soybeans_seasonal_rku,soybeans_seasonal_rv,soybeans_seasonal_rvb,soybeans_seasonal_rvg,soybeans_seasonal_trd,soybeans_seasonal_tru,soybeans_weekly_trd,Broad_Dollar_index,wheat_monthly_rvb,corn_weekly_jumps,soybeans_monthly_lev,soybeans_monthly_rku,soybeans_monthly_rvg,wheat_monthly_rku,wheat_monthly_trd,wheat_monthly_tru,wheat_seasonal_jumps,wheat_seasonal_rku,wheat_seasonal_rvb,wheat_weekly_lev,corn_monthly_rvg,corn_seasonal_rv,corn_weekly_rvb,soybeans_seasonal_rsk,wheat_seasonal_rsk,DJIA_Index,soybeans_weekly_jumps,soybeans_weekly_rvg,soybeans_weekly_rsk,soybeans_weekly_rv,soybeans_weekly_tru,soybeans_weekly_lev,wheat_monthly_rsk,wheat_monthly_jumps,wheat_weekly_jumps,wheat_weekly_rku,wheat_weekly_rvb,corn_seasonal_rku,corn_weekly_rv,corn_weekly_rvg,WTI_Index,corn_weekly_rku,soybeans_weekly_rku",7.065333150780105e-06,0.0018334532654329235,-3.1852936704078463,0.6877946489436204,0.6924820324681001,5.484611045242409e-06,0.0018182919533737654,-3.195107925694974,0.6515032582100019,0.6075757741168206,wheat_weekly_rv,RV_target,1,"wheat_weekly_rv,wheat_monthly_rv,wheat_seasonal_rv","wheat_monthly_jumps,wheat_monthly_lev,wheat_monthly_rku,wheat_monthly_rsk,wheat_monthly_rvb,wheat_monthly_rvg,wheat_monthly_trd,wheat_monthly_tru,wheat_seasonal_jumps,wheat_seasonal_lev,wheat_seasonal_rku,wheat_seasonal_rsk,wheat_seasonal_rvb,wheat_seasonal_rvg,wheat_seasonal_trd,wheat_seasonal_tru,wheat_weekly_jumps,wheat_weekly_lev,wheat_weekly_rku,wheat_weekly_rsk,wheat_weekly_rvb,wheat_weekly_rvg,wheat_weekly_trd,wheat_weekly_tru,corn_monthly_jumps,corn_monthly_lev,corn_monthly_rku,corn_monthly_rsk,corn_monthly_rv,corn_monthly_rvb,corn_monthly_rvg,corn_monthly_trd,corn_monthly_tru,corn_seasonal_jumps,corn_seasonal_lev,corn_seasonal_rku,corn_seasonal_rsk,corn_seasonal_rv,corn_seasonal_rvb,corn_seasonal_rvg,corn_seasonal_trd,corn_seasonal_tru,corn_weekly_jumps,corn_weekly_lev,corn_weekly_rku,corn_weekly_rsk,corn_weekly_rv,corn_weekly_rvb,corn_weekly_rvg,corn_weekly_trd,corn_weekly_tru,soybeans_monthly_jumps,soybeans_monthly_lev,soybeans_monthly_rku,soybeans_monthly_rsk,soybeans_monthly_rv,soybeans_monthly_rvb,soybeans_monthly_rvg,soybeans_monthly_trd,soybeans_monthly_tru,soybeans_seasonal_jumps,soybeans_seasonal_lev,soybeans_seasonal_rku,soybeans_seasonal_rsk,soybeans_seasonal_rv,soybeans_seasonal_rvb,soybeans_seasonal_rvg,soybeans_seasonal_trd,soybeans_seasonal_tru,soybeans_weekly_jumps,soybeans_weekly_lev,soybeans_weekly_rku,soybeans_weekly_rsk,soybeans_weekly_rv,soybeans_weekly_rvb,soybeans_weekly_rvg,soybeans_weekly_trd,soybeans_weekly_tru,DJIA_Index,WTI_Index,Broad_Dollar_index,Stock_Uncertainty",expanding,312,1,4,,103,bsr,True,False,log,1e-10,True,1e-10,,0.05,full,,1.0,12,18,test_r2,0.6515032582100019,0.6551833373125393
bsr_expanding,har_endo_exo_climate_macro,74,"wheat_weekly_rv,wheat_monthly_rv,wheat_seasonal_rv,wheat_monthly_rvb,wheat_seasonal_rvb,wheat_seasonal_trd,wheat_weekly_rvg,wheat_weekly_tru,corn_monthly_rv,corn_monthly_rvb,corn_monthly_rvg,corn_seasonal_jumps,corn_seasonal_lev,corn_seasonal_rvb,corn_seasonal_trd,corn_seasonal_tru,corn_weekly_jumps,corn_weekly_trd,soybeans_monthly_rku,soybeans_monthly_rv,soybeans_monthly_trd,soybeans_monthly_tru,soybeans_seasonal_jumps,soybeans_seasonal_lev,soybeans_seasonal_rv,soybeans_seasonal_rvb,soybeans_seasonal_rvg,soybeans_seasonal_trd,soybeans_weekly_trd,tmin_cold_in_harvesting,pdsi_extreme_wet_in_harvesting,Broad_Dollar_index,wheat_monthly_rku,wheat_monthly_rvg,wheat_monthly_trd,wheat_monthly_tru,wheat_seasonal_jumps,wheat_seasonal_rku,wheat_seasonal_rvg,wheat_weekly_lev,soybeans_monthly_rvg,soybeans_seasonal_rsk,soybeans_weekly_jumps,soybeans_weekly_lev,soybeans_weekly_rvb,soybeans_weekly_rvg,ssta_elino,soybeans_monthly_lev,soybeans_monthly_rvb,wheat_seasonal_lev,wheat_seasonal_rsk,corn_weekly_rvb,soybeans_seasonal_tru,DJIA_Index,corn_monthly_jumps,corn_weekly_rku,soybeans_weekly_rsk,soybeans_weekly_rv,soybeans_weekly_tru,wheat_monthly_lev,wheat_monthly_rsk,corn_seasonal_rvg,NAO_index,wheat_monthly_jumps,wheat_weekly_jumps,wheat_weekly_rku,wheat_weekly_rvb,corn_weekly_rsk,SOI_index,corn_seasonal_rku,WTI_Index,soybeans_seasonal_rku,wheat_seasonal_tru,ssta_lanina",6.93226553730346e-06,0.0018158588251203645,-3.1855251056224865,0.6936746860336087,0.6984784529845527,5.984141788423959e-06,0.0018322553965843566,-3.1951257518481886,0.619762659836355,0.6047568185419726,wheat_weekly_rv,RV_target,1,"wheat_weekly_rv,wheat_monthly_rv,wheat_seasonal_rv","wheat_monthly_jumps,wheat_monthly_lev,wheat_monthly_rku,wheat_monthly_rsk,wheat_monthly_rvb,wheat_monthly_rvg,wheat_monthly_trd,wheat_monthly_tru,wheat_seasonal_jumps,wheat_seasonal_lev,wheat_seasonal_rku,wheat_seasonal_rsk,wheat_seasonal_rvb,wheat_seasonal_rvg,wheat_seasonal_trd,wheat_seasonal_tru,wheat_weekly_jumps,wheat_weekly_lev,wheat_weekly_rku,wheat_weekly_rsk,wheat_weekly_rvb,wheat_weekly_rvg,wheat_weekly_trd,wheat_weekly_tru,corn_monthly_jumps,corn_monthly_lev,corn_monthly_rku,corn_monthly_rsk,corn_monthly_rv,corn_monthly_rvb,corn_monthly_rvg,corn_monthly_trd,corn_monthly_tru,corn_seasonal_jumps,corn_seasonal_lev,corn_seasonal_rku,corn_seasonal_rsk,corn_seasonal_rv,corn_seasonal_rvb,corn_seasonal_rvg,corn_seasonal_trd,corn_seasonal_tru,corn_weekly_jumps,corn_weekly_lev,corn_weekly_rku,corn_weekly_rsk,corn_weekly_rv,corn_weekly_rvb,corn_weekly_rvg,corn_weekly_trd,corn_weekly_tru,soybeans_monthly_jumps,soybeans_monthly_lev,soybeans_monthly_rku,soybeans_monthly_rsk,soybeans_monthly_rv,soybeans_monthly_rvb,soybeans_monthly_rvg,soybeans_monthly_trd,soybeans_monthly_tru,soybeans_seasonal_jumps,soybeans_seasonal_lev,soybeans_seasonal_rku,soybeans_seasonal_rsk,soybeans_seasonal_rv,soybeans_seasonal_rvb,soybeans_seasonal_rvg,soybeans_seasonal_trd,soybeans_seasonal_tru,soybeans_weekly_jumps,soybeans_weekly_lev,soybeans_weekly_rku,soybeans_weekly_rsk,soybeans_weekly_rv,soybeans_weekly_rvb,soybeans_weekly_rvg,soybeans_weekly_trd,soybeans_weekly_tru,ssta_elino,ssta_lanina,SOI_index,NAO_index,tmax_hot_in_planting,tmax_hot_in_harvesting,tmax_very_hot_in_planting,tmax_very_hot_in_harvesting,tmin_cold_in_planting,tmin_cold_in_harvesting,tmin_very_cold_in_planting,tmin_very_cold_in_harvesting,awnd_moderate_high_wind_in_planting,awnd_moderate_high_wind_in_harvesting,awnd_extreme_high_wind_in_planting,awnd_extreme_high_wind_in_harvesting,pdsi_extreme_wet_in_planting,pdsi_extreme_wet_in_harvesting,co2_extreme_in_planting,co2_extreme_in_harvesting,DJIA_Index,WTI_Index,Broad_Dollar_index,Stock_Uncertainty",expanding,312,1,4,,103,bsr,True,False,log,1e-10,True,1e-10,,0.05,full,,1.0,12,18,test_r2,0.619762659836355,0.6585303864467669
bsr_expanding,har_endo,23,"wheat_weekly_rv,wheat_monthly_rv,wheat_seasonal_rv,wheat_seasonal_lev,wheat_seasonal_rsk,wheat_seasonal_rvb,wheat_seasonal_rvg,wheat_seasonal_trd,wheat_seasonal_tru,wheat_weekly_rku,wheat_monthly_rsk,wheat_monthly_rvb,wheat_monthly_tru,wheat_weekly_rvg,wheat_weekly_tru,wheat_monthly_jumps,wheat_weekly_lev,wheat_monthly_lev,wheat_monthly_rvg,wheat_monthly_trd,wheat_weekly_rvb,wheat_monthly_rku,wheat_weekly_jumps",8.439059848891685e-06,0.0019218353083662687,-3.1880645609526117,0.6217825517535506,0.6645666114000135,6.023184828556795e-06,0.001853592131745631,-3.185504375670639,0.6597645972785999,0.6371107537597207,wheat_weekly_rv,RV_target,1,"wheat_weekly_rv,wheat_monthly_rv,wheat_seasonal_rv","wheat_monthly_jumps,wheat_monthly_lev,wheat_monthly_rku,wheat_monthly_rsk,wheat_monthly_rvb,wheat_monthly_rvg,wheat_monthly_trd,wheat_monthly_tru,wheat_seasonal_jumps,wheat_seasonal_lev,wheat_seasonal_rku,wheat_seasonal_rsk,wheat_seasonal_rvb,wheat_seasonal_rvg,wheat_seasonal_trd,wheat_seasonal_tru,wheat_weekly_jumps,wheat_weekly_lev,wheat_weekly_rku,wheat_weekly_rsk,wheat_weekly_rvb,wheat_weekly_rvg,wheat_weekly_trd,wheat_weekly_tru",expanding,260,1,8,,72,bsr,True,False,log,1e-10,True,1e-10,,0.05,full,,1.0,7,18,test_r2,0.6597645972785999,0.6109628983833163
bsr_expanding,har_endo_exo_climate_news_macro,78,"wheat_weekly_rv,wheat_monthly_rv,wheat_seasonal_rv,wheat_monthly_rku,wheat_monthly_rvb,wheat_monthly_rvg,wheat_monthly_trd,wheat_seasonal_rvb,wheat_seasonal_trd,wheat_weekly_rvg,wheat_weekly_tru,corn_monthly_jumps,corn_monthly_rv,corn_monthly_rvb,corn_monthly_rvg,corn_monthly_tru,corn_seasonal_jumps,corn_seasonal_rsk,corn_seasonal_rvb,corn_seasonal_trd,corn_seasonal_tru,corn_weekly_jumps,corn_weekly_trd,soybeans_monthly_rku,soybeans_monthly_rv,soybeans_monthly_trd,soybeans_monthly_tru,soybeans_seasonal_jumps,soybeans_seasonal_lev,soybeans_seasonal_rku,soybeans_seasonal_rv,soybeans_seasonal_rvb,soybeans_seasonal_rvg,soybeans_seasonal_trd,soybeans_seasonal_tru,soybeans_weekly_trd,pdsi_extreme_wet_in_harvesting,frbsf_sentiment,epu_index,Broad_Dollar_index,wheat_monthly_tru,wheat_seasonal_jumps,wheat_seasonal_lev,wheat_seasonal_rku,wheat_seasonal_rsk,wheat_seasonal_rvg,soybeans_monthly_rvg,soybeans_seasonal_rsk,ssta_elino,tmin_cold_in_harvesting,Text_Climate_Anomaly,DJIA_Index,wheat_weekly_lev,soybeans_monthly_lev,soybeans_monthly_rvb,ssta_lanina,corn_weekly_rvb,soybeans_weekly_jumps,soybeans_weekly_rvg,Stock_Uncertainty,soybeans_weekly_lev,soybeans_weekly_rv,soybeans_weekly_tru,corn_weekly_rku,soybeans_weekly_rsk,soybeans_weekly_rvb,wheat_seasonal_tru,wheat_monthly_rsk,corn_seasonal_rvg,NAO_index,wheat_monthly_jumps,wheat_weekly_jumps,wheat_weekly_rku,wheat_weekly_rvb,corn_weekly_rsk,SOI_index,corn_seasonal_rku,WTI_Index",6.841300378075615e-06,0.0018047909493577124,-3.1856911457464725,0.6976942855152684,0.7025489121381291,6.667006269670226e-06,0.001965600367653821,-3.193209795625164,0.5763728834537851,0.5364780586902395,wheat_weekly_rv,RV_target,1,"wheat_weekly_rv,wheat_monthly_rv,wheat_seasonal_rv","wheat_monthly_jumps,wheat_monthly_lev,wheat_monthly_rku,wheat_monthly_rsk,wheat_monthly_rvb,wheat_monthly_rvg,wheat_monthly_trd,wheat_monthly_tru,wheat_seasonal_jumps,wheat_seasonal_lev,wheat_seasonal_rku,wheat_seasonal_rsk,wheat_seasonal_rvb,wheat_seasonal_rvg,wheat_seasonal_trd,wheat_seasonal_tru,wheat_weekly_jumps,wheat_weekly_lev,wheat_weekly_rku,wheat_weekly_rsk,wheat_weekly_rvb,wheat_weekly_rvg,wheat_weekly_trd,wheat_weekly_tru,corn_monthly_jumps,corn_monthly_lev,corn_monthly_rku,corn_monthly_rsk,corn_monthly_rv,corn_monthly_rvb,corn_monthly_rvg,corn_monthly_trd,corn_monthly_tru,corn_seasonal_jumps,corn_seasonal_lev,corn_seasonal_rku,corn_seasonal_rsk,corn_seasonal_rv,corn_seasonal_rvb,corn_seasonal_rvg,corn_seasonal_trd,corn_seasonal_tru,corn_weekly_jumps,corn_weekly_lev,corn_weekly_rku,corn_weekly_rsk,corn_weekly_rv,corn_weekly_rvb,corn_weekly_rvg,corn_weekly_trd,corn_weekly_tru,soybeans_monthly_jumps,soybeans_monthly_lev,soybeans_monthly_rku,soybeans_monthly_rsk,soybeans_monthly_rv,soybeans_monthly_rvb,soybeans_monthly_rvg,soybeans_monthly_trd,soybeans_monthly_tru,soybeans_seasonal_jumps,soybeans_seasonal_lev,soybeans_seasonal_rku,soybeans_seasonal_rsk,soybeans_seasonal_rv,soybeans_seasonal_rvb,soybeans_seasonal_rvg,soybeans_seasonal_trd,soybeans_seasonal_tru,soybeans_weekly_jumps,soybeans_weekly_lev,soybeans_weekly_rku,soybeans_weekly_rsk,soybeans_weekly_rv,soybeans_weekly_rvb,soybeans_weekly_rvg,soybeans_weekly_trd,soybeans_weekly_tru,ssta_elino,ssta_lanina,SOI_index,NAO_index,tmax_hot_in_planting,tmax_hot_in_harvesting,tmax_very_hot_in_planting,tmax_very_hot_in_harvesting,tmin_cold_in_planting,tmin_cold_in_harvesting,tmin_very_cold_in_planting,tmin_very_cold_in_harvesting,awnd_moderate_high_wind_in_planting,awnd_moderate_high_wind_in_harvesting,awnd_extreme_high_wind_in_planting,awnd_extreme_high_wind_in_harvesting,pdsi_extreme_wet_in_planting,pdsi_extreme_wet_in_harvesting,co2_extreme_in_planting,co2_extreme_in_harvesting,frbsf_sentiment,Text_Climate_Anomaly,epu_index,DJIA_Index,WTI_Index,Broad_Dollar_index,Stock_Uncertainty",expanding,312,1,4,,103,bsr,True,False,log,1e-10,True,1e-10,,0.05,full,,1.0,12,18,test_r2,0.5763728834537851,0.660908254735535
bsr_expanding,har_endo_exo_news_macro,67,"wheat_weekly_rv,wheat_monthly_rv,wheat_seasonal_rv,wheat_monthly_lev,wheat_seasonal_rsk,wheat_seasonal_rvb,wheat_seasonal_rvg,wheat_seasonal_tru,wheat_weekly_rvg,wheat_weekly_tru,corn_monthly_rv,corn_monthly_rvb,corn_monthly_tru,corn_seasonal_rv,corn_seasonal_rvg,corn_seasonal_tru,corn_weekly_jumps,corn_weekly_trd,soybeans_monthly_rku,soybeans_monthly_rv,soybeans_monthly_trd,soybeans_monthly_tru,soybeans_seasonal_lev,soybeans_seasonal_rku,soybeans_seasonal_rv,soybeans_seasonal_rvg,soybeans_weekly_rku,soybeans_weekly_trd,epu_index,wheat_monthly_jumps,wheat_monthly_rvb,wheat_monthly_rvg,wheat_monthly_trd,wheat_monthly_tru,wheat_seasonal_trd,corn_monthly_jumps,corn_monthly_rvg,corn_seasonal_jumps,soybeans_monthly_rvb,soybeans_monthly_rvg,soybeans_seasonal_rsk,soybeans_seasonal_rvb,soybeans_weekly_jumps,Broad_Dollar_index,Stock_Uncertainty,wheat_seasonal_lev,corn_weekly_rvb,soybeans_monthly_lev,soybeans_seasonal_jumps,corn_seasonal_trd,soybeans_seasonal_tru,soybeans_weekly_lev,soybeans_weekly_rv,soybeans_weekly_rvg,soybeans_weekly_tru,frbsf_sentiment,DJIA_Index,wheat_weekly_lev,corn_weekly_rku,soybeans_monthly_rsk,WTI_Index,wheat_weekly_jumps,wheat_weekly_rku,wheat_weekly_rvb,corn_seasonal_rku,corn_weekly_rv,corn_weekly_rvg",7.196967524265487e-06,0.0018196920045300896,-3.1854355716833482,0.6835625156178816,0.6996278133762692,6.9365861729594885e-06,0.0020211015293684787,-3.1976538356705535,0.5793742078519211,0.5225095051221738,wheat_weekly_rv,RV_target,1,"wheat_weekly_rv,wheat_monthly_rv,wheat_seasonal_rv","wheat_monthly_jumps,wheat_monthly_lev,wheat_monthly_rku,wheat_monthly_rsk,wheat_monthly_rvb,wheat_monthly_rvg,wheat_monthly_trd,wheat_monthly_tru,wheat_seasonal_jumps,wheat_seasonal_lev,wheat_seasonal_rku,wheat_seasonal_rsk,wheat_seasonal_rvb,wheat_seasonal_rvg,wheat_seasonal_trd,wheat_seasonal_tru,wheat_weekly_jumps,wheat_weekly_lev,wheat_weekly_rku,wheat_weekly_rsk,wheat_weekly_rvb,wheat_weekly_rvg,wheat_weekly_trd,wheat_weekly_tru,corn_monthly_jumps,corn_monthly_lev,corn_monthly_rku,corn_monthly_rsk,corn_monthly_rv,corn_monthly_rvb,corn_monthly_rvg,corn_monthly_trd,corn_monthly_tru,corn_seasonal_jumps,corn_seasonal_lev,corn_seasonal_rku,corn_seasonal_rsk,corn_seasonal_rv,corn_seasonal_rvb,corn_seasonal_rvg,corn_seasonal_trd,corn_seasonal_tru,corn_weekly_jumps,corn_weekly_lev,corn_weekly_rku,corn_weekly_rsk,corn_weekly_rv,corn_weekly_rvb,corn_weekly_rvg,corn_weekly_trd,corn_weekly_tru,soybeans_monthly_jumps,soybeans_monthly_lev,soybeans_monthly_rku,soybeans_monthly_rsk,soybeans_monthly_rv,soybeans_monthly_rvb,soybeans_monthly_rvg,soybeans_monthly_trd,soybeans_monthly_tru,soybeans_seasonal_jumps,soybeans_seasonal_lev,soybeans_seasonal_rku,soybeans_seasonal_rsk,soybeans_seasonal_rv,soybeans_seasonal_rvb,soybeans_seasonal_rvg,soybeans_seasonal_trd,soybeans_seasonal_tru,soybeans_weekly_jumps,soybeans_weekly_lev,soybeans_weekly_rku,soybeans_weekly_rsk,soybeans_weekly_rv,soybeans_weekly_rvb,soybeans_weekly_rvg,soybeans_weekly_trd,soybeans_weekly_tru,frbsf_sentiment,Text_Climate_Anomaly,epu_index,DJIA_Index,WTI_Index,Broad_Dollar_index,Stock_Uncertainty",expanding,260,2,8,,58,bsr,True,False,log,1e-10,True,1e-10,,0.05,full,,1.0,9,18,test_r2,0.5793742078519211,0.6508444423870144
bsr_expanding,har_endo_exo,62,"wheat_weekly_rv,wheat_monthly_rv,wheat_seasonal_rv,wheat_monthly_rvb,wheat_seasonal_jumps,wheat_seasonal_lev,wheat_seasonal_rsk,wheat_weekly_rku,wheat_weekly_rvg,wheat_weekly_tru,corn_monthly_rv,corn_monthly_rvb,corn_monthly_tru,corn_seasonal_tru,corn_weekly_trd,soybeans_monthly_lev,soybeans_monthly_rv,soybeans_monthly_rvb,soybeans_seasonal_lev,soybeans_seasonal_rku,soybeans_seasonal_rv,soybeans_seasonal_rvg,soybeans_seasonal_tru,soybeans_weekly_rku,soybeans_weekly_rv,soybeans_weekly_rvb,soybeans_weekly_trd,wheat_monthly_trd,wheat_seasonal_rvg,wheat_seasonal_trd,wheat_seasonal_tru,corn_monthly_jumps,corn_seasonal_jumps,corn_seasonal_rsk,soybeans_monthly_tru,soybeans_seasonal_jumps,wheat_monthly_lev,wheat_monthly_rsk,wheat_monthly_rvg,wheat_monthly_tru,wheat_seasonal_rvb,corn_monthly_rku,corn_seasonal_rvg,soybeans_monthly_rku,soybeans_monthly_rvg,corn_monthly_trd,corn_weekly_rku,corn_weekly_rvb,soybeans_seasonal_rsk,soybeans_weekly_lev,soybeans_weekly_rvg,soybeans_weekly_tru,corn_seasonal_trd,corn_weekly_jumps,soybeans_seasonal_rvb,wheat_monthly_jumps,wheat_weekly_jumps,corn_seasonal_rvb,corn_weekly_rv,corn_weekly_rvg,soybeans_weekly_rsk,corn_weekly_lev",7.393600958747862e-06,0.0018230779369586107,-3.1893478333465186,0.6686373911262908,0.6964065911775917,7.30212996330193e-06,0.002062931750981239,-3.18701645228336,0.5884401103138066,0.5543210148508673,wheat_weekly_rv,RV_target,1,"wheat_weekly_rv,wheat_monthly_rv,wheat_seasonal_rv","wheat_monthly_jumps,wheat_monthly_lev,wheat_monthly_rku,wheat_monthly_rsk,wheat_monthly_rvb,wheat_monthly_rvg,wheat_monthly_trd,wheat_monthly_tru,wheat_seasonal_jumps,wheat_seasonal_lev,wheat_seasonal_rku,wheat_seasonal_rsk,wheat_seasonal_rvb,wheat_seasonal_rvg,wheat_seasonal_trd,wheat_seasonal_tru,wheat_weekly_jumps,wheat_weekly_lev,wheat_weekly_rku,wheat_weekly_rsk,wheat_weekly_rvb,wheat_weekly_rvg,wheat_weekly_trd,wheat_weekly_tru,corn_monthly_jumps,corn_monthly_lev,corn_monthly_rku,corn_monthly_rsk,corn_monthly_rv,corn_monthly_rvb,corn_monthly_rvg,corn_monthly_trd,corn_monthly_tru,corn_seasonal_jumps,corn_seasonal_lev,corn_seasonal_rku,corn_seasonal_rsk,corn_seasonal_rv,corn_seasonal_rvb,corn_seasonal_rvg,corn_seasonal_trd,corn_seasonal_tru,corn_weekly_jumps,corn_weekly_lev,corn_weekly_rku,corn_weekly_rsk,corn_weekly_rv,corn_weekly_rvb,corn_weekly_rvg,corn_weekly_trd,corn_weekly_tru,soybeans_monthly_jumps,soybeans_monthly_lev,soybeans_monthly_rku,soybeans_monthly_rsk,soybeans_monthly_rv,soybeans_monthly_rvb,soybeans_monthly_rvg,soybeans_monthly_trd,soybeans_monthly_tru,soybeans_seasonal_jumps,soybeans_seasonal_lev,soybeans_seasonal_rku,soybeans_seasonal_rsk,soybeans_seasonal_rv,soybeans_seasonal_rvb,soybeans_seasonal_rvg,soybeans_seasonal_trd,soybeans_seasonal_tru,soybeans_weekly_jumps,soybeans_weekly_lev,soybeans_weekly_rku,soybeans_weekly_rsk,soybeans_weekly_rv,soybeans_weekly_rvb,soybeans_weekly_rvg,soybeans_weekly_trd,soybeans_weekly_tru",expanding,260,2,8,,72,bsr,True,False,log,1e-10,True,1e-10,,0.05,full,,1.0,9,18,test_r2,0.5884401103138066,0.6417818594267223
bsr_expanding,har_endo_exo_news,65,"wheat_weekly_rv,wheat_monthly_rv,wheat_seasonal_rv,wheat_monthly_rvb,wheat_seasonal_jumps,wheat_seasonal_lev,wheat_seasonal_rsk,wheat_seasonal_trd,wheat_weekly_rku,wheat_weekly_rvg,wheat_weekly_tru,corn_monthly_rv,corn_monthly_rvb,corn_monthly_tru,corn_seasonal_tru,corn_weekly_trd,soybeans_monthly_rku,soybeans_monthly_rv,soybeans_monthly_rvb,soybeans_monthly_tru,soybeans_seasonal_lev,soybeans_seasonal_rku,soybeans_seasonal_rv,soybeans_seasonal_rvg,soybeans_seasonal_tru,soybeans_weekly_rku,soybeans_weekly_rvg,epu_index,wheat_monthly_trd,wheat_seasonal_rvg,wheat_seasonal_tru,corn_monthly_jumps,corn_seasonal_jumps,corn_seasonal_rv,corn_seasonal_rvg,corn_weekly_jumps,soybeans_monthly_trd,soybeans_seasonal_jumps,soybeans_seasonal_rvb,soybeans_seasonal_trd,soybeans_weekly_trd,Text_Climate_Anomaly,wheat_seasonal_rvb,soybeans_monthly_lev,soybeans_monthly_rvg,soybeans_seasonal_rsk,wheat_seasonal_rku,wheat_monthly_rsk,corn_monthly_trd,corn_weekly_rvb,wheat_monthly_lev,wheat_monthly_rvg,wheat_monthly_tru,corn_monthly_rku,corn_seasonal_trd,corn_weekly_rku,soybeans_weekly_lev,soybeans_weekly_rv,soybeans_weekly_tru,wheat_monthly_jumps,wheat_weekly_jumps,corn_seasonal_rvb,corn_weekly_rv,corn_weekly_rvg,corn_weekly_lev",7.3566872102509295e-06,0.0018154938160545226,-3.18944326963436,0.6702917725398265,0.6984484199729852,7.824801225365646e-06,0.0020201448780695973,-3.1809045758072036,0.5579955668129333,0.48613495241936977,wheat_weekly_rv,RV_target,1,"wheat_weekly_rv,wheat_monthly_rv,wheat_seasonal_rv","wheat_monthly_jumps,wheat_monthly_lev,wheat_monthly_rku,wheat_monthly_rsk,wheat_monthly_rvb,wheat_monthly_rvg,wheat_monthly_trd,wheat_monthly_tru,wheat_seasonal_jumps,wheat_seasonal_lev,wheat_seasonal_rku,wheat_seasonal_rsk,wheat_seasonal_rvb,wheat_seasonal_rvg,wheat_seasonal_trd,wheat_seasonal_tru,wheat_weekly_jumps,wheat_weekly_lev,wheat_weekly_rku,wheat_weekly_rsk,wheat_weekly_rvb,wheat_weekly_rvg,wheat_weekly_trd,wheat_weekly_tru,corn_monthly_jumps,corn_monthly_lev,corn_monthly_rku,corn_monthly_rsk,corn_monthly_rv,corn_monthly_rvb,corn_monthly_rvg,corn_monthly_trd,corn_monthly_tru,corn_seasonal_jumps,corn_seasonal_lev,corn_seasonal_rku,corn_seasonal_rsk,corn_seasonal_rv,corn_seasonal_rvb,corn_seasonal_rvg,corn_seasonal_trd,corn_seasonal_tru,corn_weekly_jumps,corn_weekly_lev,corn_weekly_rku,corn_weekly_rsk,corn_weekly_rv,corn_weekly_rvb,corn_weekly_rvg,corn_weekly_trd,corn_weekly_tru,soybeans_monthly_jumps,soybeans_monthly_lev,soybeans_monthly_rku,soybeans_monthly_rsk,soybeans_monthly_rv,soybeans_monthly_rvb,soybeans_monthly_rvg,soybeans_monthly_trd,soybeans_monthly_tru,soybeans_seasonal_jumps,soybeans_seasonal_lev,soybeans_seasonal_rku,soybeans_seasonal_rsk,soybeans_seasonal_rv,soybeans_seasonal_rvb,soybeans_seasonal_rvg,soybeans_seasonal_trd,soybeans_seasonal_tru,soybeans_weekly_jumps,soybeans_weekly_lev,soybeans_weekly_rku,soybeans_weekly_rsk,soybeans_weekly_rv,soybeans_weekly_rvb,soybeans_weekly_rvg,soybeans_weekly_trd,soybeans_weekly_tru,frbsf_sentiment,Text_Climate_Anomaly,epu_index",expanding,260,1,8,,72,bsr,True,False,log,1e-10,True,1e-10,,0.05,full,,1.0,7,18,test_r2,0.5579955668129333,0.6421670549743261
bsr_expanding,har_endo_exo_climate,72,"wheat_weekly_rv,wheat_monthly_rv,wheat_seasonal_rv,wheat_monthly_lev,wheat_seasonal_jumps,wheat_seasonal_lev,wheat_seasonal_rsk,wheat_seasonal_trd,wheat_weekly_rku,corn_monthly_rv,corn_monthly_rvb,corn_monthly_tru,corn_seasonal_tru,soybeans_monthly_lev,soybeans_monthly_rv,soybeans_monthly_rvb,soybeans_seasonal_lev,soybeans_seasonal_rku,soybeans_seasonal_rv,soybeans_seasonal_rvg,soybeans_seasonal_tru,soybeans_weekly_rku,wheat_monthly_rvb,wheat_monthly_trd,wheat_seasonal_rvg,wheat_seasonal_tru,wheat_weekly_rvg,wheat_weekly_tru,corn_seasonal_rsk,corn_weekly_trd,soybeans_monthly_rku,soybeans_monthly_trd,soybeans_monthly_tru,soybeans_weekly_trd,wheat_monthly_rku,wheat_monthly_rvg,wheat_monthly_tru,wheat_seasonal_rku,wheat_seasonal_rvb,corn_monthly_jumps,corn_seasonal_jumps,corn_seasonal_lev,soybeans_monthly_rvg,soybeans_seasonal_jumps,soybeans_seasonal_rsk,ssta_elino,tmin_cold_in_harvesting,pdsi_extreme_wet_in_harvesting,wheat_monthly_rsk,corn_seasonal_rku,ssta_lanina,wheat_weekly_lev,corn_weekly_rv,soybeans_monthly_rsk,soybeans_weekly_lev,soybeans_weekly_rvb,soybeans_weekly_rvg,soybeans_weekly_tru,corn_monthly_trd,corn_seasonal_rvb,corn_seasonal_rvg,corn_weekly_jumps,corn_weekly_rvb,soybeans_seasonal_rvb,soybeans_weekly_rv,SOI_index,corn_monthly_rku,NAO_index,wheat_monthly_jumps,wheat_weekly_jumps,corn_weekly_rku,corn_weekly_rvg",7.2423492056167465e-06,0.00181074586108699,-3.1895476676937213,0.6754161144836759,0.7013798656596623,8.617518315725518e-06,0.002291167669458657,-3.1844785186130684,0.5143026890492364,0.4700096403121261,wheat_weekly_rv,RV_target,1,"wheat_weekly_rv,wheat_monthly_rv,wheat_seasonal_rv","wheat_monthly_jumps,wheat_monthly_lev,wheat_monthly_rku,wheat_monthly_rsk,wheat_monthly_rvb,wheat_monthly_rvg,wheat_monthly_trd,wheat_monthly_tru,wheat_seasonal_jumps,wheat_seasonal_lev,wheat_seasonal_rku,wheat_seasonal_rsk,wheat_seasonal_rvb,wheat_seasonal_rvg,wheat_seasonal_trd,wheat_seasonal_tru,wheat_weekly_jumps,wheat_weekly_lev,wheat_weekly_rku,wheat_weekly_rsk,wheat_weekly_rvb,wheat_weekly_rvg,wheat_weekly_trd,wheat_weekly_tru,corn_monthly_jumps,corn_monthly_lev,corn_monthly_rku,corn_monthly_rsk,corn_monthly_rv,corn_monthly_rvb,corn_monthly_rvg,corn_monthly_trd,corn_monthly_tru,corn_seasonal_jumps,corn_seasonal_lev,corn_seasonal_rku,corn_seasonal_rsk,corn_seasonal_rv,corn_seasonal_rvb,corn_seasonal_rvg,corn_seasonal_trd,corn_seasonal_tru,corn_weekly_jumps,corn_weekly_lev,corn_weekly_rku,corn_weekly_rsk,corn_weekly_rv,corn_weekly_rvb,corn_weekly_rvg,corn_weekly_trd,corn_weekly_tru,soybeans_monthly_jumps,soybeans_monthly_lev,soybeans_monthly_rku,soybeans_monthly_rsk,soybeans_monthly_rv,soybeans_monthly_rvb,soybeans_monthly_rvg,soybeans_monthly_trd,soybeans_monthly_tru,soybeans_seasonal_jumps,soybeans_seasonal_lev,soybeans_seasonal_rku,soybeans_seasonal_rsk,soybeans_seasonal_rv,soybeans_seasonal_rvb,soybeans_seasonal_rvg,soybeans_seasonal_trd,soybeans_seasonal_tru,soybeans_weekly_jumps,soybeans_weekly_lev,soybeans_weekly_rku,soybeans_weekly_rsk,soybeans_weekly_rv,soybeans_weekly_rvb,soybeans_weekly_rvg,soybeans_weekly_trd,soybeans_weekly_tru,ssta_elino,ssta_lanina,SOI_index,NAO_index,tmax_hot_in_planting,tmax_hot_in_harvesting,tmax_very_hot_in_planting,tmax_very_hot_in_harvesting,tmin_cold_in_planting,tmin_cold_in_harvesting,tmin_very_cold_in_planting,tmin_very_cold_in_harvesting,awnd_moderate_high_wind_in_planting,awnd_moderate_high_wind_in_harvesting,awnd_extreme_high_wind_in_planting,awnd_extreme_high_wind_in_harvesting,pdsi_extreme_wet_in_planting,pdsi_extreme_wet_in_harvesting,co2_extreme_in_planting,co2_extreme_in_harvesting",expanding,260,2,8,,72,bsr,True,False,log,1e-10,True,1e-10,,0.05,full,,1.0,9,18,test_r2,0.5143026890492364,0.6444624194410595
bsr_expanding,har_endo_exo_climate_news,74,"wheat_weekly_rv,wheat_monthly_rv,wheat_seasonal_rv,wheat_monthly_rvb,wheat_seasonal_lev,wheat_seasonal_rsk,wheat_seasonal_rvb,wheat_seasonal_trd,wheat_weekly_rku,wheat_weekly_rvg,wheat_weekly_tru,corn_monthly_rv,corn_monthly_rvb,corn_monthly_tru,corn_seasonal_tru,corn_weekly_trd,soybeans_monthly_rv,soybeans_monthly_rvb,soybeans_monthly_tru,soybeans_seasonal_lev,soybeans_seasonal_rku,soybeans_seasonal_rv,soybeans_seasonal_rvb,soybeans_seasonal_rvg,soybeans_seasonal_trd,soybeans_seasonal_tru,soybeans_weekly_rku,soybeans_weekly_rvg,ssta_lanina,SOI_index,epu_index,wheat_monthly_trd,wheat_seasonal_tru,corn_seasonal_jumps,corn_seasonal_rv,corn_seasonal_rvg,soybeans_monthly_trd,soybeans_seasonal_jumps,soybeans_weekly_trd,wheat_monthly_rvg,wheat_seasonal_rvg,corn_monthly_jumps,corn_weekly_jumps,soybeans_monthly_lev,soybeans_monthly_rku,soybeans_monthly_rvg,soybeans_seasonal_rsk,ssta_elino,tmin_cold_in_harvesting,awnd_extreme_high_wind_in_harvesting,frbsf_sentiment,Text_Climate_Anomaly,wheat_seasonal_rku,pdsi_extreme_wet_in_harvesting,wheat_monthly_rsk,wheat_seasonal_jumps,wheat_weekly_lev,corn_weekly_rv,soybeans_monthly_rsk,soybeans_weekly_lev,soybeans_weekly_rvb,soybeans_weekly_tru,wheat_monthly_lev,wheat_monthly_tru,corn_seasonal_rvb,corn_weekly_rvb,corn_monthly_rku,soybeans_weekly_rv,NAO_index,wheat_monthly_jumps,wheat_weekly_jumps,corn_weekly_rku,corn_weekly_rsk,corn_weekly_lev",7.261877759012719e-06,0.001810413671067482,-3.189583551590932,0.6745408938115132,0.701821669013078,9.268278437698069e-06,0.002424879758591519,-3.182726028581783,0.4776247929617654,0.409249376946756,wheat_weekly_rv,RV_target,1,"wheat_weekly_rv,wheat_monthly_rv,wheat_seasonal_rv","wheat_monthly_jumps,wheat_monthly_lev,wheat_monthly_rku,wheat_monthly_rsk,wheat_monthly_rvb,wheat_monthly_rvg,wheat_monthly_trd,wheat_monthly_tru,wheat_seasonal_jumps,wheat_seasonal_lev,wheat_seasonal_rku,wheat_seasonal_rsk,wheat_seasonal_rvb,wheat_seasonal_rvg,wheat_seasonal_trd,wheat_seasonal_tru,wheat_weekly_jumps,wheat_weekly_lev,wheat_weekly_rku,wheat_weekly_rsk,wheat_weekly_rvb,wheat_weekly_rvg,wheat_weekly_trd,wheat_weekly_tru,corn_monthly_jumps,corn_monthly_lev,corn_monthly_rku,corn_monthly_rsk,corn_monthly_rv,corn_monthly_rvb,corn_monthly_rvg,corn_monthly_trd,corn_monthly_tru,corn_seasonal_jumps,corn_seasonal_lev,corn_seasonal_rku,corn_seasonal_rsk,corn_seasonal_rv,corn_seasonal_rvb,corn_seasonal_rvg,corn_seasonal_trd,corn_seasonal_tru,corn_weekly_jumps,corn_weekly_lev,corn_weekly_rku,corn_weekly_rsk,corn_weekly_rv,corn_weekly_rvb,corn_weekly_rvg,corn_weekly_trd,corn_weekly_tru,soybeans_monthly_jumps,soybeans_monthly_lev,soybeans_monthly_rku,soybeans_monthly_rsk,soybeans_monthly_rv,soybeans_monthly_rvb,soybeans_monthly_rvg,soybeans_monthly_trd,soybeans_monthly_tru,soybeans_seasonal_jumps,soybeans_seasonal_lev,soybeans_seasonal_rku,soybeans_seasonal_rsk,soybeans_seasonal_rv,soybeans_seasonal_rvb,soybeans_seasonal_rvg,soybeans_seasonal_trd,soybeans_seasonal_tru,soybeans_weekly_jumps,soybeans_weekly_lev,soybeans_weekly_rku,soybeans_weekly_rsk,soybeans_weekly_rv,soybeans_weekly_rvb,soybeans_weekly_rvg,soybeans_weekly_trd,soybeans_weekly_tru,ssta_elino,ssta_lanina,SOI_index,NAO_index,tmax_hot_in_planting,tmax_hot_in_harvesting,tmax_very_hot_in_planting,tmax_very_hot_in_harvesting,tmin_cold_in_planting,tmin_cold_in_harvesting,tmin_very_cold_in_planting,tmin_very_cold_in_harvesting,awnd_moderate_high_wind_in_planting,awnd_moderate_high_wind_in_harvesting,awnd_extreme_high_wind_in_planting,awnd_extreme_high_wind_in_harvesting,pdsi_extreme_wet_in_planting,pdsi_extreme_wet_in_harvesting,co2_extreme_in_planting,co2_extreme_in_harvesting,frbsf_sentiment,Text_Climate_Anomaly,epu_index",expanding,260,2,8,,72,bsr,True,False,log,1e-10,True,1e-10,,0.05,full,,1.0,9,18,test_r2,0.4776247929617654,0.6425568647836938
bsr_rolling,har,3,"wheat_weekly_rv,wheat_monthly_rv,wheat_seasonal_rv",8.93739317563739e-06,0.001966212200481683,-3.187389388943559,0.59944850476339,0.6495907060110362,5.081573678185231e-06,0.001725997087501721,-3.1866088495849905,0.7129539743395049,0.6811221517510413,wheat_weekly_rv,RV_target,1,"wheat_weekly_rv,wheat_monthly_rv,wheat_seasonal_rv",,rolling,260,1,8,260.0,72,bsr,True,False,log,1e-10,True,1e-10,,0.05,full,104.0,1.0,7,18,test_r2,0.7129539743395049,0.5979901862127712
bsr_rolling,har_endo,23,"wheat_weekly_rv,wheat_monthly_rv,wheat_seasonal_rv,wheat_seasonal_lev,wheat_seasonal_rsk,wheat_seasonal_rvb,wheat_seasonal_rvg,wheat_seasonal_trd,wheat_seasonal_tru,wheat_weekly_rku,wheat_monthly_tru,wheat_weekly_rvg,wheat_weekly_tru,wheat_monthly_jumps,wheat_monthly_trd,wheat_seasonal_jumps,wheat_seasonal_rku,wheat_weekly_lev,wheat_monthly_rsk,wheat_weekly_rvb,wheat_weekly_trd,wheat_monthly_rku,wheat_weekly_jumps",7.38773857164314e-06,0.0018715469479561675,-3.188794677317769,0.6689001285794056,0.6827991571753522,5.252066239692622e-06,0.0017673277801894978,-3.186654480126534,0.7033232545497936,0.6765405167295588,wheat_weekly_rv,RV_target,1,"wheat_weekly_rv,wheat_monthly_rv,wheat_seasonal_rv","wheat_monthly_jumps,wheat_monthly_lev,wheat_monthly_rku,wheat_monthly_rsk,wheat_monthly_rvb,wheat_monthly_rvg,wheat_monthly_trd,wheat_monthly_tru,wheat_seasonal_jumps,wheat_seasonal_lev,wheat_seasonal_rku,wheat_seasonal_rsk,wheat_seasonal_rvb,wheat_seasonal_rvg,wheat_seasonal_trd,wheat_seasonal_tru,wheat_weekly_jumps,wheat_weekly_lev,wheat_weekly_rku,wheat_weekly_rsk,wheat_weekly_rvb,wheat_weekly_rvg,wheat_weekly_trd,wheat_weekly_tru",rolling,260,1,8,260.0,72,bsr,True,False,log,1e-10,True,1e-10,,0.05,full,104.0,1.0,7,18,test_r2,0.7033232545497936,0.659428366088518
bsr_rolling,har_endo_exo_climate_news_macro,83,"wheat_weekly_rv,wheat_monthly_rv,wheat_seasonal_rv,wheat_monthly_rku,wheat_monthly_rvb,wheat_monthly_rvg,wheat_monthly_trd,wheat_seasonal_rvb,wheat_seasonal_trd,wheat_weekly_rvg,wheat_weekly_tru,corn_monthly_jumps,corn_monthly_rv,corn_monthly_rvb,corn_monthly_rvg,corn_monthly_tru,corn_seasonal_jumps,corn_seasonal_rsk,corn_seasonal_rvb,corn_seasonal_trd,corn_seasonal_tru,corn_weekly_jumps,corn_weekly_trd,soybeans_monthly_rku,soybeans_monthly_rv,soybeans_monthly_trd,soybeans_monthly_tru,soybeans_seasonal_jumps,soybeans_seasonal_lev,soybeans_seasonal_rku,soybeans_seasonal_rv,soybeans_seasonal_rvb,soybeans_seasonal_rvg,soybeans_seasonal_trd,soybeans_seasonal_tru,soybeans_weekly_trd,pdsi_extreme_wet_in_harvesting,frbsf_sentiment,epu_index,Broad_Dollar_index,wheat_seasonal_rvg,wheat_seasonal_tru,corn_seasonal_lev,corn_seasonal_rku,corn_seasonal_rv,corn_weekly_lev,corn_weekly_rsk,corn_weekly_rvg,corn_weekly_tru,soybeans_monthly_lev,soybeans_monthly_rsk,soybeans_seasonal_rsk,tmin_cold_in_planting,WTI_Index,wheat_monthly_tru,wheat_seasonal_rku,wheat_weekly_lev,wheat_weekly_rku,wheat_weekly_rsk,soybeans_weekly_lev,soybeans_weekly_rvb,soybeans_weekly_rvg,tmax_hot_in_planting,tmax_hot_in_harvesting,tmin_cold_in_harvesting,corn_seasonal_rvg,corn_weekly_rv,corn_weekly_rvb,soybeans_weekly_rv,tmax_very_hot_in_harvesting,DJIA_Index,wheat_seasonal_rsk,wheat_weekly_trd,corn_monthly_rku,soybeans_weekly_rsk,NAO_index,pdsi_extreme_wet_in_planting,wheat_weekly_jumps,wheat_weekly_rvb,corn_weekly_rku,wheat_seasonal_lev,soybeans_monthly_rvg,awnd_extreme_high_wind_in_harvesting",5.460280575604071e-06,0.001658166542289038,-3.1876016897920625,0.758719259574536,0.7518426692858924,5.772082391186506e-06,0.0019779187422163435,-3.1970079938918072,0.589861940418229,0.5679452684852686,wheat_weekly_rv,RV_target,1,"wheat_weekly_rv,wheat_monthly_rv,wheat_seasonal_rv","wheat_monthly_jumps,wheat_monthly_lev,wheat_monthly_rku,wheat_monthly_rsk,wheat_monthly_rvb,wheat_monthly_rvg,wheat_monthly_trd,wheat_monthly_tru,wheat_seasonal_jumps,wheat_seasonal_lev,wheat_seasonal_rku,wheat_seasonal_rsk,wheat_seasonal_rvb,wheat_seasonal_rvg,wheat_seasonal_trd,wheat_seasonal_tru,wheat_weekly_jumps,wheat_weekly_lev,wheat_weekly_rku,wheat_weekly_rsk,wheat_weekly_rvb,wheat_weekly_rvg,wheat_weekly_trd,wheat_weekly_tru,corn_monthly_jumps,corn_monthly_lev,corn_monthly_rku,corn_monthly_rsk,corn_monthly_rv,corn_monthly_rvb,corn_monthly_rvg,corn_monthly_trd,corn_monthly_tru,corn_seasonal_jumps,corn_seasonal_lev,corn_seasonal_rku,corn_seasonal_rsk,corn_seasonal_rv,corn_seasonal_rvb,corn_seasonal_rvg,corn_seasonal_trd,corn_seasonal_tru,corn_weekly_jumps,corn_weekly_lev,corn_weekly_rku,corn_weekly_rsk,corn_weekly_rv,corn_weekly_rvb,corn_weekly_rvg,corn_weekly_trd,corn_weekly_tru,soybeans_monthly_jumps,soybeans_monthly_lev,soybeans_monthly_rku,soybeans_monthly_rsk,soybeans_monthly_rv,soybeans_monthly_rvb,soybeans_monthly_rvg,soybeans_monthly_trd,soybeans_monthly_tru,soybeans_seasonal_jumps,soybeans_seasonal_lev,soybeans_seasonal_rku,soybeans_seasonal_rsk,soybeans_seasonal_rv,soybeans_seasonal_rvb,soybeans_seasonal_rvg,soybeans_seasonal_trd,soybeans_seasonal_tru,soybeans_weekly_jumps,soybeans_weekly_lev,soybeans_weekly_rku,soybeans_weekly_rsk,soybeans_weekly_rv,soybeans_weekly_rvb,soybeans_weekly_rvg,soybeans_weekly_trd,soybeans_weekly_tru,ssta_elino,ssta_lanina,SOI_index,NAO_index,tmax_hot_in_planting,tmax_hot_in_harvesting,tmax_very_hot_in_planting,tmax_very_hot_in_harvesting,tmin_cold_in_planting,tmin_cold_in_harvesting,tmin_very_cold_in_planting,tmin_very_cold_in_harvesting,awnd_moderate_high_wind_in_planting,awnd_moderate_high_wind_in_harvesting,awnd_extreme_high_wind_in_planting,awnd_extreme_high_wind_in_harvesting,pdsi_extreme_wet_in_planting,pdsi_extreme_wet_in_harvesting,co2_extreme_in_planting,co2_extreme_in_harvesting,frbsf_sentiment,Text_Climate_Anomaly,epu_index,DJIA_Index,WTI_Index,Broad_Dollar_index,Stock_Uncertainty",rolling,312,1,8,312.0,52,bsr,True,False,log,1e-10,True,1e-10,,0.05,full,104.0,1.0,13,18,test_r2,0.589861940418229,0.7272313642045463
bsr_rolling,har_endo_exo_climate_macro,80,"wheat_weekly_rv,wheat_monthly_rv,wheat_seasonal_rv,wheat_monthly_rvb,wheat_seasonal_rvb,wheat_seasonal_trd,wheat_weekly_rvg,wheat_weekly_tru,corn_monthly_rv,corn_monthly_rvb,corn_monthly_rvg,corn_seasonal_jumps,corn_seasonal_lev,corn_seasonal_rvb,corn_seasonal_trd,corn_seasonal_tru,corn_weekly_jumps,corn_weekly_trd,soybeans_monthly_rku,soybeans_monthly_rv,soybeans_monthly_trd,soybeans_monthly_tru,soybeans_seasonal_jumps,soybeans_seasonal_lev,soybeans_seasonal_rv,soybeans_seasonal_rvb,soybeans_seasonal_rvg,soybeans_seasonal_trd,soybeans_weekly_trd,tmin_cold_in_harvesting,pdsi_extreme_wet_in_harvesting,Broad_Dollar_index,wheat_monthly_rvg,wheat_seasonal_rvg,wheat_seasonal_tru,corn_seasonal_rku,corn_seasonal_rv,corn_weekly_rvg,soybeans_seasonal_rku,ssta_elino,WTI_Index,wheat_monthly_tru,wheat_weekly_lev,wheat_weekly_rku,wheat_weekly_rsk,corn_monthly_rku,corn_monthly_rsk,corn_monthly_tru,corn_seasonal_rsk,corn_weekly_rsk,corn_weekly_rvb,corn_weekly_tru,soybeans_monthly_rvg,soybeans_seasonal_rsk,tmax_hot_in_planting,tmax_hot_in_harvesting,wheat_monthly_lev,wheat_monthly_rsk,wheat_monthly_trd,corn_monthly_trd,corn_weekly_rv,soybeans_seasonal_tru,soybeans_weekly_rsk,soybeans_weekly_rv,soybeans_weekly_rvg,tmax_very_hot_in_harvesting,DJIA_Index,wheat_weekly_trd,corn_weekly_lev,NAO_index,wheat_weekly_jumps,wheat_weekly_rvb,corn_seasonal_rvg,corn_weekly_rku,awnd_extreme_high_wind_in_harvesting,wheat_monthly_rku,wheat_seasonal_lev,soybeans_monthly_lev,soybeans_monthly_rsk,pdsi_extreme_wet_in_planting",5.751269044585844e-06,0.0016930452896479656,-3.1870147542845877,0.7458609618590515,0.7373901838250336,6.401566509672736e-06,0.0020694965518194093,-3.196357635653137,0.5451336469885136,0.542277717519114,wheat_weekly_rv,RV_target,1,"wheat_weekly_rv,wheat_monthly_rv,wheat_seasonal_rv","wheat_monthly_jumps,wheat_monthly_lev,wheat_monthly_rku,wheat_monthly_rsk,wheat_monthly_rvb,wheat_monthly_rvg,wheat_monthly_trd,wheat_monthly_tru,wheat_seasonal_jumps,wheat_seasonal_lev,wheat_seasonal_rku,wheat_seasonal_rsk,wheat_seasonal_rvb,wheat_seasonal_rvg,wheat_seasonal_trd,wheat_seasonal_tru,wheat_weekly_jumps,wheat_weekly_lev,wheat_weekly_rku,wheat_weekly_rsk,wheat_weekly_rvb,wheat_weekly_rvg,wheat_weekly_trd,wheat_weekly_tru,corn_monthly_jumps,corn_monthly_lev,corn_monthly_rku,corn_monthly_rsk,corn_monthly_rv,corn_monthly_rvb,corn_monthly_rvg,corn_monthly_trd,corn_monthly_tru,corn_seasonal_jumps,corn_seasonal_lev,corn_seasonal_rku,corn_seasonal_rsk,corn_seasonal_rv,corn_seasonal_rvb,corn_seasonal_rvg,corn_seasonal_trd,corn_seasonal_tru,corn_weekly_jumps,corn_weekly_lev,corn_weekly_rku,corn_weekly_rsk,corn_weekly_rv,corn_weekly_rvb,corn_weekly_rvg,corn_weekly_trd,corn_weekly_tru,soybeans_monthly_jumps,soybeans_monthly_lev,soybeans_monthly_rku,soybeans_monthly_rsk,soybeans_monthly_rv,soybeans_monthly_rvb,soybeans_monthly_rvg,soybeans_monthly_trd,soybeans_monthly_tru,soybeans_seasonal_jumps,soybeans_seasonal_lev,soybeans_seasonal_rku,soybeans_seasonal_rsk,soybeans_seasonal_rv,soybeans_seasonal_rvb,soybeans_seasonal_rvg,soybeans_seasonal_trd,soybeans_seasonal_tru,soybeans_weekly_jumps,soybeans_weekly_lev,soybeans_weekly_rku,soybeans_weekly_rsk,soybeans_weekly_rv,soybeans_weekly_rvb,soybeans_weekly_rvg,soybeans_weekly_trd,soybeans_weekly_tru,ssta_elino,ssta_lanina,SOI_index,NAO_index,tmax_hot_in_planting,tmax_hot_in_harvesting,tmax_very_hot_in_planting,tmax_very_hot_in_harvesting,tmin_cold_in_planting,tmin_cold_in_harvesting,tmin_very_cold_in_planting,tmin_very_cold_in_harvesting,awnd_moderate_high_wind_in_planting,awnd_moderate_high_wind_in_harvesting,awnd_extreme_high_wind_in_planting,awnd_extreme_high_wind_in_harvesting,pdsi_extreme_wet_in_planting,pdsi_extreme_wet_in_harvesting,co2_extreme_in_planting,co2_extreme_in_harvesting,DJIA_Index,WTI_Index,Broad_Dollar_index,Stock_Uncertainty",rolling,312,1,8,312.0,52,bsr,True,False,log,1e-10,True,1e-10,,0.05,full,104.0,1.0,13,18,test_r2,0.5451336469885136,0.714043867882094
bsr_rolling,har_endo_exo_news_macro,79,"wheat_weekly_rv,wheat_monthly_rv,wheat_seasonal_rv,wheat_monthly_lev,wheat_seasonal_rsk,wheat_seasonal_rvb,wheat_seasonal_rvg,wheat_seasonal_tru,wheat_weekly_rvg,wheat_weekly_tru,corn_monthly_rv,corn_monthly_rvb,corn_monthly_tru,corn_seasonal_rv,corn_seasonal_rvg,corn_seasonal_tru,corn_weekly_jumps,corn_weekly_trd,soybeans_monthly_rku,soybeans_monthly_rv,soybeans_monthly_trd,soybeans_monthly_tru,soybeans_seasonal_lev,soybeans_seasonal_rku,soybeans_seasonal_rv,soybeans_seasonal_rvg,soybeans_weekly_rku,soybeans_weekly_trd,epu_index,wheat_monthly_rvb,wheat_monthly_rvg,wheat_monthly_trd,wheat_seasonal_lev,wheat_seasonal_rku,wheat_seasonal_trd,corn_monthly_jumps,corn_monthly_lev,corn_seasonal_jumps,corn_seasonal_rvb,soybeans_seasonal_jumps,soybeans_seasonal_rvb,soybeans_seasonal_trd,soybeans_weekly_rsk,soybeans_weekly_rvb,soybeans_weekly_rvg,frbsf_sentiment,WTI_Index,Broad_Dollar_index,corn_seasonal_lev,corn_seasonal_rsk,corn_seasonal_trd,corn_weekly_rvg,corn_weekly_tru,soybeans_seasonal_tru,soybeans_weekly_rv,corn_seasonal_rku,corn_weekly_rvb,wheat_monthly_tru,wheat_weekly_lev,wheat_weekly_rsk,wheat_weekly_rvb,wheat_weekly_trd,corn_monthly_rvg,corn_weekly_rsk,soybeans_monthly_jumps,soybeans_monthly_lev,soybeans_monthly_rvb,soybeans_seasonal_rsk,corn_weekly_rv,soybeans_weekly_lev,soybeans_weekly_tru,wheat_monthly_rku,corn_monthly_rku,DJIA_Index,corn_weekly_rku,soybeans_monthly_rvg,soybeans_weekly_jumps,Stock_Uncertainty,wheat_weekly_jumps",5.5425228176886615e-06,0.0016527296658010514,-3.1878055364320326,0.7550851113307483,0.7568379501174323,6.977840315881297e-06,0.0021073014808324388,-3.207216947428026,0.5434796774477753,0.503589738372368,wheat_weekly_rv,RV_target,1,"wheat_weekly_rv,wheat_monthly_rv,wheat_seasonal_rv","wheat_monthly_jumps,wheat_monthly_lev,wheat_monthly_rku,wheat_monthly_rsk,wheat_monthly_rvb,wheat_monthly_rvg,wheat_monthly_trd,wheat_monthly_tru,wheat_seasonal_jumps,wheat_seasonal_lev,wheat_seasonal_rku,wheat_seasonal_rsk,wheat_seasonal_rvb,wheat_seasonal_rvg,wheat_seasonal_trd,wheat_seasonal_tru,wheat_weekly_jumps,wheat_weekly_lev,wheat_weekly_rku,wheat_weekly_rsk,wheat_weekly_rvb,wheat_weekly_rvg,wheat_weekly_trd,wheat_weekly_tru,corn_monthly_jumps,corn_monthly_lev,corn_monthly_rku,corn_monthly_rsk,corn_monthly_rv,corn_monthly_rvb,corn_monthly_rvg,corn_monthly_trd,corn_monthly_tru,corn_seasonal_jumps,corn_seasonal_lev,corn_seasonal_rku,corn_seasonal_rsk,corn_seasonal_rv,corn_seasonal_rvb,corn_seasonal_rvg,corn_seasonal_trd,corn_seasonal_tru,corn_weekly_jumps,corn_weekly_lev,corn_weekly_rku,corn_weekly_rsk,corn_weekly_rv,corn_weekly_rvb,corn_weekly_rvg,corn_weekly_trd,corn_weekly_tru,soybeans_monthly_jumps,soybeans_monthly_lev,soybeans_monthly_rku,soybeans_monthly_rsk,soybeans_monthly_rv,soybeans_monthly_rvb,soybeans_monthly_rvg,soybeans_monthly_trd,soybeans_monthly_tru,soybeans_seasonal_jumps,soybeans_seasonal_lev,soybeans_seasonal_rku,soybeans_seasonal_rsk,soybeans_seasonal_rv,soybeans_seasonal_rvb,soybeans_seasonal_rvg,soybeans_seasonal_trd,soybeans_seasonal_tru,soybeans_weekly_jumps,soybeans_weekly_lev,soybeans_weekly_rku,soybeans_weekly_rsk,soybeans_weekly_rv,soybeans_weekly_rvb,soybeans_weekly_rvg,soybeans_weekly_trd,soybeans_weekly_tru,frbsf_sentiment,Text_Climate_Anomaly,epu_index,DJIA_Index,WTI_Index,Broad_Dollar_index,Stock_Uncertainty",rolling,260,1,4,260.0,116,bsr,True,False,log,1e-10,True,1e-10,,0.05,full,104.0,1.0,6,18,test_r2,0.5434796774477753,0.7248534297606375
bsr_rolling,har_endo_exo,76,"wheat_weekly_rv,wheat_monthly_rv,wheat_seasonal_rv,wheat_monthly_rvb,wheat_seasonal_rvg,wheat_seasonal_trd,wheat_seasonal_tru,wheat_weekly_rvg,wheat_weekly_tru,corn_monthly_rv,corn_monthly_rvb,corn_monthly_tru,corn_seasonal_rsk,corn_seasonal_tru,corn_weekly_trd,soybeans_monthly_rku,soybeans_monthly_rv,soybeans_monthly_trd,soybeans_monthly_tru,soybeans_seasonal_lev,soybeans_seasonal_rku,soybeans_seasonal_rv,soybeans_seasonal_rvb,soybeans_seasonal_rvg,soybeans_seasonal_trd,soybeans_seasonal_tru,soybeans_weekly_rku,soybeans_weekly_trd,wheat_monthly_lev,wheat_monthly_rvg,wheat_seasonal_rvb,corn_seasonal_lev,corn_seasonal_rv,corn_seasonal_rvb,corn_seasonal_trd,soybeans_seasonal_jumps,wheat_monthly_rsk,wheat_monthly_tru,corn_weekly_rvg,corn_weekly_tru,soybeans_monthly_lev,soybeans_monthly_rvb,soybeans_monthly_rvg,wheat_monthly_trd,wheat_seasonal_jumps,corn_monthly_lev,corn_monthly_rsk,corn_monthly_trd,corn_seasonal_rku,soybeans_weekly_lev,soybeans_weekly_rvb,soybeans_weekly_rvg,soybeans_weekly_tru,wheat_seasonal_rku,wheat_weekly_jumps,wheat_weekly_lev,corn_seasonal_rvg,corn_weekly_rvb,corn_monthly_rvg,corn_weekly_rsk,soybeans_seasonal_rsk,corn_monthly_rku,soybeans_weekly_rv,wheat_monthly_rku,wheat_seasonal_rsk,wheat_weekly_rsk,corn_weekly_rv,soybeans_monthly_jumps,corn_weekly_rku,soybeans_monthly_rsk,wheat_monthly_jumps,wheat_seasonal_lev,wheat_weekly_rvb,corn_seasonal_jumps,corn_weekly_jumps,wheat_weekly_trd",5.871363012950892e-06,0.0017032861783978282,-3.1909703986502342,0.7368602692421344,0.7364863160602388,9.507456300145933e-06,0.0021659510020741227,-3.186995672534328,0.6770056831798767,0.5918121725111584,wheat_weekly_rv,RV_target,1,"wheat_weekly_rv,wheat_monthly_rv,wheat_seasonal_rv","wheat_monthly_jumps,wheat_monthly_lev,wheat_monthly_rku,wheat_monthly_rsk,wheat_monthly_rvb,wheat_monthly_rvg,wheat_monthly_trd,wheat_monthly_tru,wheat_seasonal_jumps,wheat_seasonal_lev,wheat_seasonal_rku,wheat_seasonal_rsk,wheat_seasonal_rvb,wheat_seasonal_rvg,wheat_seasonal_trd,wheat_seasonal_tru,wheat_weekly_jumps,wheat_weekly_lev,wheat_weekly_rku,wheat_weekly_rsk,wheat_weekly_rvb,wheat_weekly_rvg,wheat_weekly_trd,wheat_weekly_tru,corn_monthly_jumps,corn_monthly_lev,corn_monthly_rku,corn_monthly_rsk,corn_monthly_rv,corn_monthly_rvb,corn_monthly_rvg,corn_monthly_trd,corn_monthly_tru,corn_seasonal_jumps,corn_seasonal_lev,corn_seasonal_rku,corn_seasonal_rsk,corn_seasonal_rv,corn_seasonal_rvb,corn_seasonal_rvg,corn_seasonal_trd,corn_seasonal_tru,corn_weekly_jumps,corn_weekly_lev,corn_weekly_rku,corn_weekly_rsk,corn_weekly_rv,corn_weekly_rvb,corn_weekly_rvg,corn_weekly_trd,corn_weekly_tru,soybeans_monthly_jumps,soybeans_monthly_lev,soybeans_monthly_rku,soybeans_monthly_rsk,soybeans_monthly_rv,soybeans_monthly_rvb,soybeans_monthly_rvg,soybeans_monthly_trd,soybeans_monthly_tru,soybeans_seasonal_jumps,soybeans_seasonal_lev,soybeans_seasonal_rku,soybeans_seasonal_rsk,soybeans_seasonal_rv,soybeans_seasonal_rvb,soybeans_seasonal_rvg,soybeans_seasonal_trd,soybeans_seasonal_tru,soybeans_weekly_jumps,soybeans_weekly_lev,soybeans_weekly_rku,soybeans_weekly_rsk,soybeans_weekly_rv,soybeans_weekly_rvb,soybeans_weekly_rvg,soybeans_weekly_trd,soybeans_weekly_tru",rolling,312,2,4,312.0,130,bsr,True,False,log,1e-10,True,1e-10,,0.05,full,104.0,1.0,14,18,test_r2,0.6770056831798767,0.7102309489523904
bsr_rolling,har_endo_exo_climate,88,"wheat_weekly_rv,wheat_monthly_rv,wheat_seasonal_rv,wheat_monthly_rvb,wheat_seasonal_rvg,wheat_seasonal_trd,wheat_seasonal_tru,wheat_weekly_rku,wheat_weekly_rvg,wheat_weekly_tru,corn_monthly_rv,corn_monthly_rvb,corn_monthly_tru,corn_seasonal_rsk,corn_seasonal_tru,corn_weekly_trd,soybeans_monthly_rku,soybeans_monthly_trd,soybeans_seasonal_lev,soybeans_seasonal_rku,soybeans_seasonal_rv,soybeans_seasonal_rvb,soybeans_seasonal_rvg,soybeans_seasonal_trd,soybeans_seasonal_tru,soybeans_weekly_rku,soybeans_weekly_trd,tmin_cold_in_harvesting,wheat_monthly_rvg,wheat_monthly_tru,corn_monthly_lev,corn_weekly_rvg,corn_weekly_tru,soybeans_monthly_lev,soybeans_monthly_rvb,soybeans_monthly_rvg,soybeans_seasonal_jumps,soybeans_seasonal_rsk,soybeans_weekly_rvg,ssta_elino,NAO_index,wheat_seasonal_rsk,wheat_weekly_jumps,wheat_weekly_lev,corn_seasonal_lev,corn_seasonal_rku,corn_seasonal_rv,corn_seasonal_rvg,wheat_weekly_rsk,wheat_weekly_rvb,wheat_weekly_trd,corn_monthly_jumps,corn_monthly_trd,corn_seasonal_jumps,corn_seasonal_rvb,corn_seasonal_trd,corn_weekly_rv,corn_weekly_rvb,soybeans_monthly_rv,soybeans_monthly_tru,soybeans_weekly_lev,soybeans_weekly_rsk,soybeans_weekly_rv,soybeans_weekly_tru,pdsi_extreme_wet_in_harvesting,wheat_monthly_rku,wheat_seasonal_jumps,wheat_seasonal_rvb,corn_monthly_rku,soybeans_monthly_rsk,tmax_very_hot_in_harvesting,wheat_monthly_rsk,wheat_seasonal_rku,corn_weekly_rku,tmax_hot_in_planting,tmax_hot_in_harvesting,tmax_very_hot_in_planting,wheat_seasonal_lev,corn_weekly_jumps,corn_weekly_rsk,awnd_extreme_high_wind_in_harvesting,wheat_monthly_trd,ssta_lanina,tmin_very_cold_in_harvesting,awnd_moderate_high_wind_in_harvesting,wheat_monthly_lev,soybeans_monthly_jumps,SOI_index",5.5466855248847075e-06,0.0016494505698156795,-3.1912733235606145,0.7524099413745922,0.7533707143185154,1.0478971127033177e-05,0.0024445676855332395,-3.1898010866031568,0.7361203440536115,0.5860966693744136,wheat_weekly_rv,RV_target,1,"wheat_weekly_rv,wheat_monthly_rv,wheat_seasonal_rv","wheat_monthly_jumps,wheat_monthly_lev,wheat_monthly_rku,wheat_monthly_rsk,wheat_monthly_rvb,wheat_monthly_rvg,wheat_monthly_trd,wheat_monthly_tru,wheat_seasonal_jumps,wheat_seasonal_lev,wheat_seasonal_rku,wheat_seasonal_rsk,wheat_seasonal_rvb,wheat_seasonal_rvg,wheat_seasonal_trd,wheat_seasonal_tru,wheat_weekly_jumps,wheat_weekly_lev,wheat_weekly_rku,wheat_weekly_rsk,wheat_weekly_rvb,wheat_weekly_rvg,wheat_weekly_trd,wheat_weekly_tru,corn_monthly_jumps,corn_monthly_lev,corn_monthly_rku,corn_monthly_rsk,corn_monthly_rv,corn_monthly_rvb,corn_monthly_rvg,corn_monthly_trd,corn_monthly_tru,corn_seasonal_jumps,corn_seasonal_lev,corn_seasonal_rku,corn_seasonal_rsk,corn_seasonal_rv,corn_seasonal_rvb,corn_seasonal_rvg,corn_seasonal_trd,corn_seasonal_tru,corn_weekly_jumps,corn_weekly_lev,corn_weekly_rku,corn_weekly_rsk,corn_weekly_rv,corn_weekly_rvb,corn_weekly_rvg,corn_weekly_trd,corn_weekly_tru,soybeans_monthly_jumps,soybeans_monthly_lev,soybeans_monthly_rku,soybeans_monthly_rsk,soybeans_monthly_rv,soybeans_monthly_rvb,soybeans_monthly_rvg,soybeans_monthly_trd,soybeans_monthly_tru,soybeans_seasonal_jumps,soybeans_seasonal_lev,soybeans_seasonal_rku,soybeans_seasonal_rsk,soybeans_seasonal_rv,soybeans_seasonal_rvb,soybeans_seasonal_rvg,soybeans_seasonal_trd,soybeans_seasonal_tru,soybeans_weekly_jumps,soybeans_weekly_lev,soybeans_weekly_rku,soybeans_weekly_rsk,soybeans_weekly_rv,soybeans_weekly_rvb,soybeans_weekly_rvg,soybeans_weekly_trd,soybeans_weekly_tru,ssta_elino,ssta_lanina,SOI_index,NAO_index,tmax_hot_in_planting,tmax_hot_in_harvesting,tmax_very_hot_in_planting,tmax_very_hot_in_harvesting,tmin_cold_in_planting,tmin_cold_in_harvesting,tmin_very_cold_in_planting,tmin_very_cold_in_harvesting,awnd_moderate_high_wind_in_planting,awnd_moderate_high_wind_in_harvesting,awnd_extreme_high_wind_in_planting,awnd_extreme_high_wind_in_harvesting,pdsi_extreme_wet_in_planting,pdsi_extreme_wet_in_harvesting,co2_extreme_in_planting,co2_extreme_in_harvesting",rolling,312,2,8,312.0,65,bsr,True,False,log,1e-10,True,1e-10,,0.05,full,104.0,1.0,15,18,test_r2,0.7361203440536115,0.7227665057840671
bsr_rolling,har_endo_exo_macro,71,"wheat_weekly_rv,wheat_monthly_rv,wheat_seasonal_rv,wheat_seasonal_jumps,wheat_seasonal_lev,wheat_seasonal_rsk,wheat_seasonal_trd,wheat_weekly_rvg,wheat_weekly_tru,corn_monthly_rv,corn_monthly_rvb,corn_monthly_tru,corn_seasonal_jumps,corn_weekly_lev,corn_weekly_rvg,soybeans_monthly_rku,soybeans_monthly_rvg,soybeans_monthly_tru,soybeans_seasonal_lev,soybeans_seasonal_rvb,soybeans_seasonal_rvg,soybeans_seasonal_trd,soybeans_weekly_rvg,DJIA_Index,Broad_Dollar_index,wheat_monthly_lev,wheat_monthly_rvg,wheat_seasonal_rvb,wheat_seasonal_rvg,wheat_seasonal_tru,corn_monthly_jumps,corn_monthly_rku,corn_seasonal_rv,corn_seasonal_rvg,corn_seasonal_tru,corn_weekly_tru,soybeans_monthly_trd,soybeans_seasonal_jumps,soybeans_seasonal_rku,soybeans_weekly_rsk,soybeans_weekly_rvb,soybeans_weekly_trd,WTI_Index,wheat_monthly_rvb,soybeans_seasonal_rsk,soybeans_seasonal_tru,wheat_monthly_trd,wheat_weekly_rvb,corn_monthly_lev,corn_monthly_rvg,corn_seasonal_lev,corn_weekly_rsk,corn_weekly_rvb,corn_weekly_trd,soybeans_monthly_rv,soybeans_seasonal_rv,wheat_monthly_rsk,corn_weekly_rv,soybeans_weekly_rv,wheat_monthly_rku,wheat_monthly_tru,corn_seasonal_rsk,corn_seasonal_rvb,corn_seasonal_trd,corn_weekly_jumps,corn_weekly_rku,soybeans_weekly_tru,wheat_monthly_jumps,wheat_weekly_jumps,wheat_weekly_lev,wheat_weekly_rsk",5.260712580108778e-06,0.0016442593327537234,-3.1869684949464507,0.7694052619386604,0.7616301863747378,1.185764597438349e-05,0.0024310990671100765,-3.199854851169709,0.4100878883512731,0.4276596205708789,wheat_weekly_rv,RV_target,1,"wheat_weekly_rv,wheat_monthly_rv,wheat_seasonal_rv","wheat_monthly_jumps,wheat_monthly_lev,wheat_monthly_rku,wheat_monthly_rsk,wheat_monthly_rvb,wheat_monthly_rvg,wheat_monthly_trd,wheat_monthly_tru,wheat_seasonal_jumps,wheat_seasonal_lev,wheat_seasonal_rku,wheat_seasonal_rsk,wheat_seasonal_rvb,wheat_seasonal_rvg,wheat_seasonal_trd,wheat_seasonal_tru,wheat_weekly_jumps,wheat_weekly_lev,wheat_weekly_rku,wheat_weekly_rsk,wheat_weekly_rvb,wheat_weekly_rvg,wheat_weekly_trd,wheat_weekly_tru,corn_monthly_jumps,corn_monthly_lev,corn_monthly_rku,corn_monthly_rsk,corn_monthly_rv,corn_monthly_rvb,corn_monthly_rvg,corn_monthly_trd,corn_monthly_tru,corn_seasonal_jumps,corn_seasonal_lev,corn_seasonal_rku,corn_seasonal_rsk,corn_seasonal_rv,corn_seasonal_rvb,corn_seasonal_rvg,corn_seasonal_trd,corn_seasonal_tru,corn_weekly_jumps,corn_weekly_lev,corn_weekly_rku,corn_weekly_rsk,corn_weekly_rv,corn_weekly_rvb,corn_weekly_rvg,corn_weekly_trd,corn_weekly_tru,soybeans_monthly_jumps,soybeans_monthly_lev,soybeans_monthly_rku,soybeans_monthly_rsk,soybeans_monthly_rv,soybeans_monthly_rvb,soybeans_monthly_rvg,soybeans_monthly_trd,soybeans_monthly_tru,soybeans_seasonal_jumps,soybeans_seasonal_lev,soybeans_seasonal_rku,soybeans_seasonal_rsk,soybeans_seasonal_rv,soybeans_seasonal_rvb,soybeans_seasonal_rvg,soybeans_seasonal_trd,soybeans_seasonal_tru,soybeans_weekly_jumps,soybeans_weekly_lev,soybeans_weekly_rku,soybeans_weekly_rsk,soybeans_weekly_rv,soybeans_weekly_rvb,soybeans_weekly_rvg,soybeans_weekly_trd,soybeans_weekly_tru,DJIA_Index,WTI_Index,Broad_Dollar_index,Stock_Uncertainty",rolling,208,2,8,208.0,64,bsr,True,False,log,1e-10,True,1e-10,,0.05,full,104.0,1.0,3,18,test_r2,0.4100878883512731,0.7438236581849806
bsr_rolling,har_endo_exo_news,73,"wheat_weekly_rv,wheat_monthly_rv,wheat_seasonal_rv,wheat_monthly_jumps,wheat_monthly_rvb,wheat_monthly_trd,wheat_seasonal_rvg,wheat_seasonal_trd,wheat_seasonal_tru,wheat_weekly_rvg,wheat_weekly_tru,corn_monthly_rv,corn_monthly_rvb,corn_monthly_tru,corn_seasonal_jumps,corn_seasonal_rv,corn_seasonal_rvg,corn_seasonal_tru,corn_weekly_trd,soybeans_monthly_rku,soybeans_monthly_rv,soybeans_monthly_trd,soybeans_monthly_tru,soybeans_seasonal_jumps,soybeans_seasonal_lev,soybeans_seasonal_rku,soybeans_seasonal_rv,soybeans_seasonal_rvb,soybeans_seasonal_rvg,soybeans_seasonal_trd,soybeans_seasonal_tru,soybeans_weekly_rku,soybeans_weekly_trd,epu_index,wheat_monthly_rvg,wheat_seasonal_rvb,wheat_weekly_rsk,corn_monthly_jumps,corn_seasonal_lev,corn_seasonal_rku,corn_seasonal_rvb,corn_seasonal_trd,corn_weekly_rku,soybeans_monthly_rvb,soybeans_monthly_rvg,soybeans_seasonal_rsk,soybeans_weekly_lev,soybeans_weekly_rvb,soybeans_weekly_rvg,Text_Climate_Anomaly,wheat_monthly_tru,wheat_weekly_jumps,wheat_weekly_lev,corn_monthly_trd,wheat_seasonal_lev,corn_monthly_lev,corn_monthly_rvg,corn_weekly_rsk,corn_weekly_rvb,corn_weekly_tru,corn_weekly_rv,corn_weekly_rvg,soybeans_weekly_rv,soybeans_weekly_tru,wheat_monthly_rku,wheat_monthly_rsk,soybeans_monthly_rsk,wheat_seasonal_rsk,wheat_weekly_rvb,corn_weekly_jumps,frbsf_sentiment,soybeans_monthly_lev,soybeans_monthly_jumps",5.672887010906962e-06,0.001684640173117847,-3.1910664482842725,0.7467766251927608,0.7471295008257826,1.5925308969028843e-05,0.0023767954151646315,-3.1898868977783135,0.5989715974361075,0.5883379762974532,wheat_weekly_rv,RV_target,1,"wheat_weekly_rv,wheat_monthly_rv,wheat_seasonal_rv","wheat_monthly_jumps,wheat_monthly_lev,wheat_monthly_rku,wheat_monthly_rsk,wheat_monthly_rvb,wheat_monthly_rvg,wheat_monthly_trd,wheat_monthly_tru,wheat_seasonal_jumps,wheat_seasonal_lev,wheat_seasonal_rku,wheat_seasonal_rsk,wheat_seasonal_rvb,wheat_seasonal_rvg,wheat_seasonal_trd,wheat_seasonal_tru,wheat_weekly_jumps,wheat_weekly_lev,wheat_weekly_rku,wheat_weekly_rsk,wheat_weekly_rvb,wheat_weekly_rvg,wheat_weekly_trd,wheat_weekly_tru,corn_monthly_jumps,corn_monthly_lev,corn_monthly_rku,corn_monthly_rsk,corn_monthly_rv,corn_monthly_rvb,corn_monthly_rvg,corn_monthly_trd,corn_monthly_tru,corn_seasonal_jumps,corn_seasonal_lev,corn_seasonal_rku,corn_seasonal_rsk,corn_seasonal_rv,corn_seasonal_rvb,corn_seasonal_rvg,corn_seasonal_trd,corn_seasonal_tru,corn_weekly_jumps,corn_weekly_lev,corn_weekly_rku,corn_weekly_rsk,corn_weekly_rv,corn_weekly_rvb,corn_weekly_rvg,corn_weekly_trd,corn_weekly_tru,soybeans_monthly_jumps,soybeans_monthly_lev,soybeans_monthly_rku,soybeans_monthly_rsk,soybeans_monthly_rv,soybeans_monthly_rvb,soybeans_monthly_rvg,soybeans_monthly_trd,soybeans_monthly_tru,soybeans_seasonal_jumps,soybeans_seasonal_lev,soybeans_seasonal_rku,soybeans_seasonal_rsk,soybeans_seasonal_rv,soybeans_seasonal_rvb,soybeans_seasonal_rvg,soybeans_seasonal_trd,soybeans_seasonal_tru,soybeans_weekly_jumps,soybeans_weekly_lev,soybeans_weekly_rku,soybeans_weekly_rsk,soybeans_weekly_rv,soybeans_weekly_rvb,soybeans_weekly_rvg,soybeans_weekly_trd,soybeans_weekly_tru,frbsf_sentiment,Text_Climate_Anomaly,epu_index",rolling,312,2,8,312.0,65,bsr,True,False,log,1e-10,True,1e-10,,0.05,full,104.0,1.0,15,18,test_r2,0.5989715974361075,0.7221295500448561
bsr_rolling,har_endo_exo_climate_news,86,"wheat_weekly_rv,wheat_monthly_rv,wheat_seasonal_rv,wheat_monthly_jumps,wheat_monthly_rvb,wheat_monthly_trd,wheat_seasonal_rvg,wheat_seasonal_trd,wheat_seasonal_tru,wheat_weekly_rvg,wheat_weekly_tru,corn_monthly_rv,corn_monthly_rvb,corn_monthly_tru,corn_seasonal_jumps,corn_seasonal_rv,corn_seasonal_rvg,corn_seasonal_tru,corn_weekly_trd,soybeans_monthly_rku,soybeans_monthly_rv,soybeans_monthly_trd,soybeans_monthly_tru,soybeans_seasonal_jumps,soybeans_seasonal_lev,soybeans_seasonal_rku,soybeans_seasonal_rv,soybeans_seasonal_rvb,soybeans_seasonal_rvg,soybeans_seasonal_trd,soybeans_seasonal_tru,soybeans_weekly_rku,soybeans_weekly_trd,tmin_cold_in_harvesting,epu_index,wheat_monthly_rvg,wheat_seasonal_lev,corn_monthly_jumps,corn_seasonal_lev,corn_seasonal_rsk,corn_seasonal_rvb,corn_seasonal_trd,corn_weekly_rvg,corn_weekly_tru,soybeans_seasonal_rsk,soybeans_weekly_lev,soybeans_weekly_rvb,soybeans_weekly_rvg,soybeans_weekly_tru,ssta_elino,NAO_index,wheat_monthly_tru,wheat_weekly_jumps,wheat_weekly_lev,corn_monthly_trd,corn_seasonal_rku,soybeans_monthly_lev,soybeans_monthly_rvb,soybeans_weekly_jumps,soybeans_weekly_rv,tmax_hot_in_harvesting,Text_Climate_Anomaly,wheat_seasonal_rvb,corn_weekly_rku,corn_weekly_rvb,wheat_seasonal_rsk,wheat_weekly_rsk,corn_monthly_lev,corn_weekly_rv,tmax_very_hot_in_harvesting,wheat_monthly_rku,wheat_monthly_rsk,soybeans_monthly_rsk,tmax_very_hot_in_planting,wheat_weekly_rvb,corn_weekly_jumps,corn_weekly_rsk,awnd_extreme_high_wind_in_harvesting,frbsf_sentiment,wheat_weekly_trd,corn_monthly_rku,soybeans_monthly_rvg,wheat_monthly_lev,soybeans_monthly_jumps,SOI_index,tmin_very_cold_in_harvesting",5.245931561748122e-06,0.001623041601686208,-3.191669397770833,0.765834840087659,0.7631997459400451,1.7730082602578126e-05,0.0025768753679140306,-3.1879870391052156,0.553524096941187,0.5465631007593261,wheat_weekly_rv,RV_target,1,"wheat_weekly_rv,wheat_monthly_rv,wheat_seasonal_rv","wheat_monthly_jumps,wheat_monthly_lev,wheat_monthly_rku,wheat_monthly_rsk,wheat_monthly_rvb,wheat_monthly_rvg,wheat_monthly_trd,wheat_monthly_tru,wheat_seasonal_jumps,wheat_seasonal_lev,wheat_seasonal_rku,wheat_seasonal_rsk,wheat_seasonal_rvb,wheat_seasonal_rvg,wheat_seasonal_trd,wheat_seasonal_tru,wheat_weekly_jumps,wheat_weekly_lev,wheat_weekly_rku,wheat_weekly_rsk,wheat_weekly_rvb,wheat_weekly_rvg,wheat_weekly_trd,wheat_weekly_tru,corn_monthly_jumps,corn_monthly_lev,corn_monthly_rku,corn_monthly_rsk,corn_monthly_rv,corn_monthly_rvb,corn_monthly_rvg,corn_monthly_trd,corn_monthly_tru,corn_seasonal_jumps,corn_seasonal_lev,corn_seasonal_rku,corn_seasonal_rsk,corn_seasonal_rv,corn_seasonal_rvb,corn_seasonal_rvg,corn_seasonal_trd,corn_seasonal_tru,corn_weekly_jumps,corn_weekly_lev,corn_weekly_rku,corn_weekly_rsk,corn_weekly_rv,corn_weekly_rvb,corn_weekly_rvg,corn_weekly_trd,corn_weekly_tru,soybeans_monthly_jumps,soybeans_monthly_lev,soybeans_monthly_rku,soybeans_monthly_rsk,soybeans_monthly_rv,soybeans_monthly_rvb,soybeans_monthly_rvg,soybeans_monthly_trd,soybeans_monthly_tru,soybeans_seasonal_jumps,soybeans_seasonal_lev,soybeans_seasonal_rku,soybeans_seasonal_rsk,soybeans_seasonal_rv,soybeans_seasonal_rvb,soybeans_seasonal_rvg,soybeans_seasonal_trd,soybeans_seasonal_tru,soybeans_weekly_jumps,soybeans_weekly_lev,soybeans_weekly_rku,soybeans_weekly_rsk,soybeans_weekly_rv,soybeans_weekly_rvb,soybeans_weekly_rvg,soybeans_weekly_trd,soybeans_weekly_tru,ssta_elino,ssta_lanina,SOI_index,NAO_index,tmax_hot_in_planting,tmax_hot_in_harvesting,tmax_very_hot_in_planting,tmax_very_hot_in_harvesting,tmin_cold_in_planting,tmin_cold_in_harvesting,tmin_very_cold_in_planting,tmin_very_cold_in_harvesting,awnd_moderate_high_wind_in_planting,awnd_moderate_high_wind_in_harvesting,awnd_extreme_high_wind_in_planting,awnd_extreme_high_wind_in_harvesting,pdsi_extreme_wet_in_planting,pdsi_extreme_wet_in_harvesting,co2_extreme_in_planting,co2_extreme_in_harvesting,frbsf_sentiment,Text_Climate_Anomaly,epu_index",rolling,312,2,8,312.0,65,bsr,True,False,log,1e-10,True,1e-10,,0.05,full,104.0,1.0,15,18,test_r2,0.553524096941187,0.7385102759730575
lasso_expanding,har_endo_exo_climate_macro,19,"DJIA_Index,corn_weekly_rvb,soybeans_monthly_rku,ssta_lanina,tmin_cold_in_harvesting,wheat_monthly_rv,wheat_monthly_tru,wheat_seasonal_rv,wheat_weekly_rv,wheat_weekly_rvg,wheat_monthly_jumps,wheat_seasonal_rvb,wheat_seasonal_tru,wheat_monthly_rku,corn_weekly_rku,wheat_weekly_jumps,wheat_weekly_rku,WTI_Index,corn_seasonal_jumps",8.824068825044814e-06,0.001987266082271243,-3.1831686680660076,0.6120218506478767,0.6449423990080141,4.408383569949636e-06,0.0016253307214781918,-3.2127968744477853,0.7333938059697067,0.711206516507743,wheat_weekly_rv,RV_target,1,"wheat_weekly_rv,wheat_monthly_rv,wheat_seasonal_rv","wheat_monthly_jumps,wheat_monthly_lev,wheat_monthly_rku,wheat_monthly_rsk,wheat_monthly_rvb,wheat_monthly_rvg,wheat_monthly_trd,wheat_monthly_tru,wheat_seasonal_jumps,wheat_seasonal_lev,wheat_seasonal_rku,wheat_seasonal_rsk,wheat_seasonal_rvb,wheat_seasonal_rvg,wheat_seasonal_trd,wheat_seasonal_tru,wheat_weekly_jumps,wheat_weekly_lev,wheat_weekly_rku,wheat_weekly_rsk,wheat_weekly_rvb,wheat_weekly_rvg,wheat_weekly_trd,wheat_weekly_tru,corn_monthly_jumps,corn_monthly_lev,corn_monthly_rku,corn_monthly_rsk,corn_monthly_rv,corn_monthly_rvb,corn_monthly_rvg,corn_monthly_trd,corn_monthly_tru,corn_seasonal_jumps,corn_seasonal_lev,corn_seasonal_rku,corn_seasonal_rsk,corn_seasonal_rv,corn_seasonal_rvb,corn_seasonal_rvg,corn_seasonal_trd,corn_seasonal_tru,corn_weekly_jumps,corn_weekly_lev,corn_weekly_rku,corn_weekly_rsk,corn_weekly_rv,corn_weekly_rvb,corn_weekly_rvg,corn_weekly_trd,corn_weekly_tru,soybeans_monthly_jumps,soybeans_monthly_lev,soybeans_monthly_rku,soybeans_monthly_rsk,soybeans_monthly_rv,soybeans_monthly_rvb,soybeans_monthly_rvg,soybeans_monthly_trd,soybeans_monthly_tru,soybeans_seasonal_jumps,soybeans_seasonal_lev,soybeans_seasonal_rku,soybeans_seasonal_rsk,soybeans_seasonal_rv,soybeans_seasonal_rvb,soybeans_seasonal_rvg,soybeans_seasonal_trd,soybeans_seasonal_tru,soybeans_weekly_jumps,soybeans_weekly_lev,soybeans_weekly_rku,soybeans_weekly_rsk,soybeans_weekly_rv,soybeans_weekly_rvb,soybeans_weekly_rvg,soybeans_weekly_trd,soybeans_weekly_tru,ssta_elino,ssta_lanina,SOI_index,NAO_index,tmax_hot_in_planting,tmax_hot_in_harvesting,tmax_very_hot_in_planting,tmax_very_hot_in_harvesting,tmin_cold_in_planting,tmin_cold_in_harvesting,tmin_very_cold_in_planting,tmin_very_cold_in_harvesting,awnd_moderate_high_wind_in_planting,awnd_moderate_high_wind_in_harvesting,awnd_extreme_high_wind_in_planting,awnd_extreme_high_wind_in_harvesting,pdsi_extreme_wet_in_planting,pdsi_extreme_wet_in_harvesting,co2_extreme_in_planting,co2_extreme_in_harvesting,DJIA_Index,WTI_Index,Broad_Dollar_index,Stock_Uncertainty",expanding,260,1,8,,58,lasso,True,True,log,1e-10,True,1e-10,0.00021578046545730797,,,,,7,18,test_r2,0.7333938059697067,0.6014304931224596
lasso_expanding,har_endo_exo_climate_news_macro,20,"DJIA_Index,corn_weekly_rvb,soybeans_monthly_rku,ssta_lanina,tmin_cold_in_harvesting,wheat_monthly_rv,wheat_monthly_tru,wheat_seasonal_rv,wheat_weekly_rv,wheat_weekly_rvg,wheat_monthly_jumps,wheat_seasonal_rvb,frbsf_sentiment,wheat_seasonal_tru,wheat_monthly_rku,corn_weekly_rku,wheat_weekly_jumps,wheat_weekly_rku,WTI_Index,corn_seasonal_jumps",8.819997671488795e-06,0.001986706576516714,-3.183174751147625,0.6122008518154458,0.6450712935702223,4.4161750293388285e-06,0.001629988055159552,-3.212789960339232,0.7329226012070689,0.7106593848863654,wheat_weekly_rv,RV_target,1,"wheat_weekly_rv,wheat_monthly_rv,wheat_seasonal_rv","wheat_monthly_jumps,wheat_monthly_lev,wheat_monthly_rku,wheat_monthly_rsk,wheat_monthly_rvb,wheat_monthly_rvg,wheat_monthly_trd,wheat_monthly_tru,wheat_seasonal_jumps,wheat_seasonal_lev,wheat_seasonal_rku,wheat_seasonal_rsk,wheat_seasonal_rvb,wheat_seasonal_rvg,wheat_seasonal_trd,wheat_seasonal_tru,wheat_weekly_jumps,wheat_weekly_lev,wheat_weekly_rku,wheat_weekly_rsk,wheat_weekly_rvb,wheat_weekly_rvg,wheat_weekly_trd,wheat_weekly_tru,corn_monthly_jumps,corn_monthly_lev,corn_monthly_rku,corn_monthly_rsk,corn_monthly_rv,corn_monthly_rvb,corn_monthly_rvg,corn_monthly_trd,corn_monthly_tru,corn_seasonal_jumps,corn_seasonal_lev,corn_seasonal_rku,corn_seasonal_rsk,corn_seasonal_rv,corn_seasonal_rvb,corn_seasonal_rvg,corn_seasonal_trd,corn_seasonal_tru,corn_weekly_jumps,corn_weekly_lev,corn_weekly_rku,corn_weekly_rsk,corn_weekly_rv,corn_weekly_rvb,corn_weekly_rvg,corn_weekly_trd,corn_weekly_tru,soybeans_monthly_jumps,soybeans_monthly_lev,soybeans_monthly_rku,soybeans_monthly_rsk,soybeans_monthly_rv,soybeans_monthly_rvb,soybeans_monthly_rvg,soybeans_monthly_trd,soybeans_monthly_tru,soybeans_seasonal_jumps,soybeans_seasonal_lev,soybeans_seasonal_rku,soybeans_seasonal_rsk,soybeans_seasonal_rv,soybeans_seasonal_rvb,soybeans_seasonal_rvg,soybeans_seasonal_trd,soybeans_seasonal_tru,soybeans_weekly_jumps,soybeans_weekly_lev,soybeans_weekly_rku,soybeans_weekly_rsk,soybeans_weekly_rv,soybeans_weekly_rvb,soybeans_weekly_rvg,soybeans_weekly_trd,soybeans_weekly_tru,ssta_elino,ssta_lanina,SOI_index,NAO_index,tmax_hot_in_planting,tmax_hot_in_harvesting,tmax_very_hot_in_planting,tmax_very_hot_in_harvesting,tmin_cold_in_planting,tmin_cold_in_harvesting,tmin_very_cold_in_planting,tmin_very_cold_in_harvesting,awnd_moderate_high_wind_in_planting,awnd_moderate_high_wind_in_harvesting,awnd_extreme_high_wind_in_planting,awnd_extreme_high_wind_in_harvesting,pdsi_extreme_wet_in_planting,pdsi_extreme_wet_in_harvesting,co2_extreme_in_planting,co2_extreme_in_harvesting,frbsf_sentiment,Text_Climate_Anomaly,epu_index,DJIA_Index,WTI_Index,Broad_Dollar_index,Stock_Uncertainty",expanding,260,1,8,,58,lasso,True,True,log,1e-10,True,1e-10,0.00021578046545730797,,,,,7,18,test_r2,0.7329226012070689,0.6010411640979046
lasso_expanding,har_endo_exo_macro,18,"DJIA_Index,corn_weekly_rvb,soybeans_monthly_rku,wheat_monthly_rku,wheat_monthly_rv,wheat_monthly_tru,wheat_seasonal_rv,wheat_weekly_rku,wheat_weekly_rv,wheat_weekly_rvg,wheat_seasonal_rvb,wheat_monthly_jumps,wheat_seasonal_tru,WTI_Index,corn_weekly_rku,wheat_weekly_jumps,corn_seasonal_jumps,corn_weekly_rvg",8.775606834504611e-06,0.001977623389569275,-3.1832134658375693,0.6141526356379419,0.6460157547741837,4.731806169909501e-06,0.0016700815401537862,-3.2122629669430007,0.7138341494492404,0.6972584931358042,wheat_weekly_rv,RV_target,1,"wheat_weekly_rv,wheat_monthly_rv,wheat_seasonal_rv","wheat_monthly_jumps,wheat_monthly_lev,wheat_monthly_rku,wheat_monthly_rsk,wheat_monthly_rvb,wheat_monthly_rvg,wheat_monthly_trd,wheat_monthly_tru,wheat_seasonal_jumps,wheat_seasonal_lev,wheat_seasonal_rku,wheat_seasonal_rsk,wheat_seasonal_rvb,wheat_seasonal_rvg,wheat_seasonal_trd,wheat_seasonal_tru,wheat_weekly_jumps,wheat_weekly_lev,wheat_weekly_rku,wheat_weekly_rsk,wheat_weekly_rvb,wheat_weekly_rvg,wheat_weekly_trd,wheat_weekly_tru,corn_monthly_jumps,corn_monthly_lev,corn_monthly_rku,corn_monthly_rsk,corn_monthly_rv,corn_monthly_rvb,corn_monthly_rvg,corn_monthly_trd,corn_monthly_tru,corn_seasonal_jumps,corn_seasonal_lev,corn_seasonal_rku,corn_seasonal_rsk,corn_seasonal_rv,corn_seasonal_rvb,corn_seasonal_rvg,corn_seasonal_trd,corn_seasonal_tru,corn_weekly_jumps,corn_weekly_lev,corn_weekly_rku,corn_weekly_rsk,corn_weekly_rv,corn_weekly_rvb,corn_weekly_rvg,corn_weekly_trd,corn_weekly_tru,soybeans_monthly_jumps,soybeans_monthly_lev,soybeans_monthly_rku,soybeans_monthly_rsk,soybeans_monthly_rv,soybeans_monthly_rvb,soybeans_monthly_rvg,soybeans_monthly_trd,soybeans_monthly_tru,soybeans_seasonal_jumps,soybeans_seasonal_lev,soybeans_seasonal_rku,soybeans_seasonal_rsk,soybeans_seasonal_rv,soybeans_seasonal_rvb,soybeans_seasonal_rvg,soybeans_seasonal_trd,soybeans_seasonal_tru,soybeans_weekly_jumps,soybeans_weekly_lev,soybeans_weekly_rku,soybeans_weekly_rsk,soybeans_weekly_rv,soybeans_weekly_rvb,soybeans_weekly_rvg,soybeans_weekly_trd,soybeans_weekly_tru,DJIA_Index,WTI_Index,Broad_Dollar_index,Stock_Uncertainty",expanding,260,1,8,,58,lasso,True,True,log,1e-10,True,1e-10,0.00021578046545730797,,,,,7,18,test_r2,0.7138341494492404,0.6041881412928671
lasso_expanding,har_endo_exo_news_macro,19,"DJIA_Index,corn_weekly_rvb,soybeans_monthly_rku,wheat_monthly_rku,wheat_monthly_rv,wheat_monthly_tru,wheat_seasonal_rv,wheat_weekly_rku,wheat_weekly_rv,wheat_weekly_rvg,wheat_seasonal_rvb,frbsf_sentiment,wheat_monthly_jumps,wheat_seasonal_tru,WTI_Index,corn_weekly_rku,wheat_weekly_jumps,corn_seasonal_jumps,corn_weekly_rvg",8.77167167399873e-06,0.0019771263810483414,-3.1832189791030103,0.6143256574400999,0.646129482246605,4.7320369023638625e-06,0.0016751215295954566,-3.2122700320524693,0.7138201954226634,0.6969911430304809,wheat_weekly_rv,RV_target,1,"wheat_weekly_rv,wheat_monthly_rv,wheat_seasonal_rv","wheat_monthly_jumps,wheat_monthly_lev,wheat_monthly_rku,wheat_monthly_rsk,wheat_monthly_rvb,wheat_monthly_rvg,wheat_monthly_trd,wheat_monthly_tru,wheat_seasonal_jumps,wheat_seasonal_lev,wheat_seasonal_rku,wheat_seasonal_rsk,wheat_seasonal_rvb,wheat_seasonal_rvg,wheat_seasonal_trd,wheat_seasonal_tru,wheat_weekly_jumps,wheat_weekly_lev,wheat_weekly_rku,wheat_weekly_rsk,wheat_weekly_rvb,wheat_weekly_rvg,wheat_weekly_trd,wheat_weekly_tru,corn_monthly_jumps,corn_monthly_lev,corn_monthly_rku,corn_monthly_rsk,corn_monthly_rv,corn_monthly_rvb,corn_monthly_rvg,corn_monthly_trd,corn_monthly_tru,corn_seasonal_jumps,corn_seasonal_lev,corn_seasonal_rku,corn_seasonal_rsk,corn_seasonal_rv,corn_seasonal_rvb,corn_seasonal_rvg,corn_seasonal_trd,corn_seasonal_tru,corn_weekly_jumps,corn_weekly_lev,corn_weekly_rku,corn_weekly_rsk,corn_weekly_rv,corn_weekly_rvb,corn_weekly_rvg,corn_weekly_trd,corn_weekly_tru,soybeans_monthly_jumps,soybeans_monthly_lev,soybeans_monthly_rku,soybeans_monthly_rsk,soybeans_monthly_rv,soybeans_monthly_rvb,soybeans_monthly_rvg,soybeans_monthly_trd,soybeans_monthly_tru,soybeans_seasonal_jumps,soybeans_seasonal_lev,soybeans_seasonal_rku,soybeans_seasonal_rsk,soybeans_seasonal_rv,soybeans_seasonal_rvb,soybeans_seasonal_rvg,soybeans_seasonal_trd,soybeans_seasonal_tru,soybeans_weekly_jumps,soybeans_weekly_lev,soybeans_weekly_rku,soybeans_weekly_rsk,soybeans_weekly_rv,soybeans_weekly_rvb,soybeans_weekly_rvg,soybeans_weekly_trd,soybeans_weekly_tru,frbsf_sentiment,Text_Climate_Anomaly,epu_index,DJIA_Index,WTI_Index,Broad_Dollar_index,Stock_Uncertainty",expanding,260,1,8,,58,lasso,True,True,log,1e-10,True,1e-10,0.00021578046545730797,,,,,7,18,test_r2,0.7138201954226634,0.6037971911920567
lasso_expanding,har_endo,15,"wheat_monthly_rku,wheat_monthly_rv,wheat_monthly_tru,wheat_seasonal_rsk,wheat_seasonal_rv,wheat_seasonal_rvb,wheat_weekly_rku,wheat_weekly_rv,wheat_weekly_rvb,wheat_weekly_rvg,wheat_monthly_jumps,wheat_seasonal_rku,wheat_seasonal_jumps,wheat_seasonal_tru,wheat_weekly_jumps",8.696565163939439e-06,0.0019574360705388663,-3.187563273410043,0.6102418108521752,0.6531212695683947,5.272716886033214e-06,0.0017230552857630803,-3.1861671240246197,0.7021567485942007,0.6667110363486871,wheat_weekly_rv,RV_target,1,"wheat_weekly_rv,wheat_monthly_rv,wheat_seasonal_rv","wheat_monthly_jumps,wheat_monthly_lev,wheat_monthly_rku,wheat_monthly_rsk,wheat_monthly_rvb,wheat_monthly_rvg,wheat_monthly_trd,wheat_monthly_tru,wheat_seasonal_jumps,wheat_seasonal_lev,wheat_seasonal_rku,wheat_seasonal_rsk,wheat_seasonal_rvb,wheat_seasonal_rvg,wheat_seasonal_trd,wheat_seasonal_tru,wheat_weekly_jumps,wheat_weekly_lev,wheat_weekly_rku,wheat_weekly_rsk,wheat_weekly_rvb,wheat_weekly_rvg,wheat_weekly_trd,wheat_weekly_tru",expanding,260,1,8,,72,lasso,True,True,log,1e-10,True,1e-10,0.00021749763986591357,,,,,7,18,test_r2,0.7021567485942007,0.603041844303878
lasso_expanding,har,3,"wheat_monthly_rv,wheat_seasonal_rv,wheat_weekly_rv",9.349341746645803e-06,0.00199323047434077,-3.186972103096781,0.5809860053706365,0.6398135897919872,5.2773808123115725e-06,0.0018018415689238024,-3.1861839710867015,0.7018932944780234,0.6653456797082061,wheat_weekly_rv,RV_target,1,"wheat_weekly_rv,wheat_monthly_rv,wheat_seasonal_rv",,expanding,260,1,8,,72,lasso,True,True,log,1e-10,True,1e-10,3.082972850074918e-05,,,,,7,18,test_r2,0.7018932944780234,0.5794604689824228
lasso_expanding,har_endo_exo_climate,24,"corn_weekly_rvb,pdsi_extreme_wet_in_harvesting,soybeans_monthly_rku,soybeans_weekly_rku,ssta_lanina,tmin_cold_in_harvesting,wheat_monthly_rv,wheat_monthly_tru,wheat_seasonal_rv,wheat_weekly_rku,wheat_weekly_rv,wheat_weekly_rvg,wheat_monthly_rku,NAO_index,corn_monthly_rsk,ssta_elino,wheat_monthly_jumps,wheat_seasonal_jumps,wheat_seasonal_tru,corn_weekly_rku,wheat_weekly_jumps,corn_seasonal_jumps,wheat_seasonal_rvb,wheat_weekly_rvb",7.960426124204412e-06,0.0019107540321120187,-3.1881082696767513,0.6432337121004805,0.666376721373288,5.604733044313141e-06,0.0017703711108264322,-3.185567594154234,0.6834019445266241,0.6495978045618618,wheat_weekly_rv,RV_target,1,"wheat_weekly_rv,wheat_monthly_rv,wheat_seasonal_rv","wheat_monthly_jumps,wheat_monthly_lev,wheat_monthly_rku,wheat_monthly_rsk,wheat_monthly_rvb,wheat_monthly_rvg,wheat_monthly_trd,wheat_monthly_tru,wheat_seasonal_jumps,wheat_seasonal_lev,wheat_seasonal_rku,wheat_seasonal_rsk,wheat_seasonal_rvb,wheat_seasonal_rvg,wheat_seasonal_trd,wheat_seasonal_tru,wheat_weekly_jumps,wheat_weekly_lev,wheat_weekly_rku,wheat_weekly_rsk,wheat_weekly_rvb,wheat_weekly_rvg,wheat_weekly_trd,wheat_weekly_tru,corn_monthly_jumps,corn_monthly_lev,corn_monthly_rku,corn_monthly_rsk,corn_monthly_rv,corn_monthly_rvb,corn_monthly_rvg,corn_monthly_trd,corn_monthly_tru,corn_seasonal_jumps,corn_seasonal_lev,corn_seasonal_rku,corn_seasonal_rsk,corn_seasonal_rv,corn_seasonal_rvb,corn_seasonal_rvg,corn_seasonal_trd,corn_seasonal_tru,corn_weekly_jumps,corn_weekly_lev,corn_weekly_rku,corn_weekly_rsk,corn_weekly_rv,corn_weekly_rvb,corn_weekly_rvg,corn_weekly_trd,corn_weekly_tru,soybeans_monthly_jumps,soybeans_monthly_lev,soybeans_monthly_rku,soybeans_monthly_rsk,soybeans_monthly_rv,soybeans_monthly_rvb,soybeans_monthly_rvg,soybeans_monthly_trd,soybeans_monthly_tru,soybeans_seasonal_jumps,soybeans_seasonal_lev,soybeans_seasonal_rku,soybeans_seasonal_rsk,soybeans_seasonal_rv,soybeans_seasonal_rvb,soybeans_seasonal_rvg,soybeans_seasonal_trd,soybeans_seasonal_tru,soybeans_weekly_jumps,soybeans_weekly_lev,soybeans_weekly_rku,soybeans_weekly_rsk,soybeans_weekly_rv,soybeans_weekly_rvb,soybeans_weekly_rvg,soybeans_weekly_trd,soybeans_weekly_tru,ssta_elino,ssta_lanina,SOI_index,NAO_index,tmax_hot_in_planting,tmax_hot_in_harvesting,tmax_very_hot_in_planting,tmax_very_hot_in_harvesting,tmin_cold_in_planting,tmin_cold_in_harvesting,tmin_very_cold_in_planting,tmin_very_cold_in_harvesting,awnd_moderate_high_wind_in_planting,awnd_moderate_high_wind_in_harvesting,awnd_extreme_high_wind_in_planting,awnd_extreme_high_wind_in_harvesting,pdsi_extreme_wet_in_planting,pdsi_extreme_wet_in_harvesting,co2_extreme_in_planting,co2_extreme_in_harvesting",expanding,260,1,8,,72,lasso,True,True,log,1e-10,True,1e-10,0.00023321559009282486,,,,,7,18,test_r2,0.6834019445266241,0.6325707097224127
lasso_expanding,har_endo_exo_climate_news,24,"corn_weekly_rvb,frbsf_sentiment,pdsi_extreme_wet_in_harvesting,soybeans_monthly_rku,soybeans_weekly_rku,ssta_lanina,tmin_cold_in_harvesting,wheat_monthly_rv,wheat_monthly_tru,wheat_seasonal_rv,wheat_weekly_rku,wheat_weekly_rv,wheat_weekly_rvg,wheat_monthly_rku,NAO_index,ssta_elino,wheat_monthly_jumps,wheat_seasonal_jumps,wheat_seasonal_tru,corn_weekly_rku,wheat_weekly_jumps,corn_seasonal_jumps,wheat_seasonal_rvb,wheat_weekly_rvb",7.9551312474128e-06,0.001910155061858937,-3.188114944111177,0.6434710151679739,0.6665083666038656,5.6099351160100545e-06,0.001783036958563108,-3.1855235837104967,0.683108091854132,0.6483039684246219,wheat_weekly_rv,RV_target,1,"wheat_weekly_rv,wheat_monthly_rv,wheat_seasonal_rv","wheat_monthly_jumps,wheat_monthly_lev,wheat_monthly_rku,wheat_monthly_rsk,wheat_monthly_rvb,wheat_monthly_rvg,wheat_monthly_trd,wheat_monthly_tru,wheat_seasonal_jumps,wheat_seasonal_lev,wheat_seasonal_rku,wheat_seasonal_rsk,wheat_seasonal_rvb,wheat_seasonal_rvg,wheat_seasonal_trd,wheat_seasonal_tru,wheat_weekly_jumps,wheat_weekly_lev,wheat_weekly_rku,wheat_weekly_rsk,wheat_weekly_rvb,wheat_weekly_rvg,wheat_weekly_trd,wheat_weekly_tru,corn_monthly_jumps,corn_monthly_lev,corn_monthly_rku,corn_monthly_rsk,corn_monthly_rv,corn_monthly_rvb,corn_monthly_rvg,corn_monthly_trd,corn_monthly_tru,corn_seasonal_jumps,corn_seasonal_lev,corn_seasonal_rku,corn_seasonal_rsk,corn_seasonal_rv,corn_seasonal_rvb,corn_seasonal_rvg,corn_seasonal_trd,corn_seasonal_tru,corn_weekly_jumps,corn_weekly_lev,corn_weekly_rku,corn_weekly_rsk,corn_weekly_rv,corn_weekly_rvb,corn_weekly_rvg,corn_weekly_trd,corn_weekly_tru,soybeans_monthly_jumps,soybeans_monthly_lev,soybeans_monthly_rku,soybeans_monthly_rsk,soybeans_monthly_rv,soybeans_monthly_rvb,soybeans_monthly_rvg,soybeans_monthly_trd,soybeans_monthly_tru,soybeans_seasonal_jumps,soybeans_seasonal_lev,soybeans_seasonal_rku,soybeans_seasonal_rsk,soybeans_seasonal_rv,soybeans_seasonal_rvb,soybeans_seasonal_rvg,soybeans_seasonal_trd,soybeans_seasonal_tru,soybeans_weekly_jumps,soybeans_weekly_lev,soybeans_weekly_rku,soybeans_weekly_rsk,soybeans_weekly_rv,soybeans_weekly_rvb,soybeans_weekly_rvg,soybeans_weekly_trd,soybeans_weekly_tru,ssta_elino,ssta_lanina,SOI_index,NAO_index,tmax_hot_in_planting,tmax_hot_in_harvesting,tmax_very_hot_in_planting,tmax_very_hot_in_harvesting,tmin_cold_in_planting,tmin_cold_in_harvesting,tmin_very_cold_in_planting,tmin_very_cold_in_harvesting,awnd_moderate_high_wind_in_planting,awnd_moderate_high_wind_in_harvesting,awnd_extreme_high_wind_in_planting,awnd_extreme_high_wind_in_harvesting,pdsi_extreme_wet_in_planting,pdsi_extreme_wet_in_harvesting,co2_extreme_in_planting,co2_extreme_in_harvesting,frbsf_sentiment,Text_Climate_Anomaly,epu_index",expanding,260,1,8,,72,lasso,True,True,log,1e-10,True,1e-10,0.00023321559009282486,,,,,7,18,test_r2,0.683108091854132,0.632815105285074
lasso_expanding,har_endo_exo,17,"corn_weekly_rvb,soybeans_monthly_rku,soybeans_weekly_rku,wheat_monthly_rku,wheat_monthly_rv,wheat_monthly_tru,wheat_seasonal_rv,wheat_weekly_rku,wheat_weekly_rv,wheat_weekly_rvg,wheat_monthly_jumps,wheat_seasonal_rvb,wheat_seasonal_tru,corn_weekly_rku,wheat_weekly_jumps,corn_seasonal_jumps,wheat_weekly_rvb",8.071923626199302e-06,0.0019155703137024634,-3.1879222822249518,0.6382366743444443,0.6619183357741611,5.857116486073057e-06,0.0018304203210122438,-3.184902805841369,0.6691454034455209,0.6279464075177144,wheat_weekly_rv,RV_target,1,"wheat_weekly_rv,wheat_monthly_rv,wheat_seasonal_rv","wheat_monthly_jumps,wheat_monthly_lev,wheat_monthly_rku,wheat_monthly_rsk,wheat_monthly_rvb,wheat_monthly_rvg,wheat_monthly_trd,wheat_monthly_tru,wheat_seasonal_jumps,wheat_seasonal_lev,wheat_seasonal_rku,wheat_seasonal_rsk,wheat_seasonal_rvb,wheat_seasonal_rvg,wheat_seasonal_trd,wheat_seasonal_tru,wheat_weekly_jumps,wheat_weekly_lev,wheat_weekly_rku,wheat_weekly_rsk,wheat_weekly_rvb,wheat_weekly_rvg,wheat_weekly_trd,wheat_weekly_tru,corn_monthly_jumps,corn_monthly_lev,corn_monthly_rku,corn_monthly_rsk,corn_monthly_rv,corn_monthly_rvb,corn_monthly_rvg,corn_monthly_trd,corn_monthly_tru,corn_seasonal_jumps,corn_seasonal_lev,corn_seasonal_rku,corn_seasonal_rsk,corn_seasonal_rv,corn_seasonal_rvb,corn_seasonal_rvg,corn_seasonal_trd,corn_seasonal_tru,corn_weekly_jumps,corn_weekly_lev,corn_weekly_rku,corn_weekly_rsk,corn_weekly_rv,corn_weekly_rvb,corn_weekly_rvg,corn_weekly_trd,corn_weekly_tru,soybeans_monthly_jumps,soybeans_monthly_lev,soybeans_monthly_rku,soybeans_monthly_rsk,soybeans_monthly_rv,soybeans_monthly_rvb,soybeans_monthly_rvg,soybeans_monthly_trd,soybeans_monthly_tru,soybeans_seasonal_jumps,soybeans_seasonal_lev,soybeans_seasonal_rku,soybeans_seasonal_rsk,soybeans_seasonal_rv,soybeans_seasonal_rvb,soybeans_seasonal_rvg,soybeans_seasonal_trd,soybeans_seasonal_tru,soybeans_weekly_jumps,soybeans_weekly_lev,soybeans_weekly_rku,soybeans_weekly_rsk,soybeans_weekly_rv,soybeans_weekly_rvb,soybeans_weekly_rvg,soybeans_weekly_trd,soybeans_weekly_tru",expanding,260,1,8,,72,lasso,True,True,log,1e-10,True,1e-10,0.00023321559009282486,,,,,7,18,test_r2,0.6691454034455209,0.6306441107195746
lasso_expanding,har_endo_exo_news,18,"corn_weekly_rku,corn_weekly_rvb,frbsf_sentiment,soybeans_monthly_rku,soybeans_weekly_rku,wheat_monthly_rku,wheat_monthly_rv,wheat_monthly_tru,wheat_seasonal_rv,wheat_weekly_rku,wheat_weekly_rv,wheat_weekly_rvg,wheat_monthly_jumps,wheat_seasonal_rvb,wheat_seasonal_tru,wheat_weekly_jumps,corn_seasonal_jumps,wheat_weekly_rvb",8.062720016813478e-06,0.001913871079273114,-3.1879380953943373,0.6386491569810049,0.6622914242982605,5.863062503653227e-06,0.0018406050355782863,-3.184862215046026,0.6688095270373478,0.6269316558639142,wheat_weekly_rv,RV_target,1,"wheat_weekly_rv,wheat_monthly_rv,wheat_seasonal_rv","wheat_monthly_jumps,wheat_monthly_lev,wheat_monthly_rku,wheat_monthly_rsk,wheat_monthly_rvb,wheat_monthly_rvg,wheat_monthly_trd,wheat_monthly_tru,wheat_seasonal_jumps,wheat_seasonal_lev,wheat_seasonal_rku,wheat_seasonal_rsk,wheat_seasonal_rvb,wheat_seasonal_rvg,wheat_seasonal_trd,wheat_seasonal_tru,wheat_weekly_jumps,wheat_weekly_lev,wheat_weekly_rku,wheat_weekly_rsk,wheat_weekly_rvb,wheat_weekly_rvg,wheat_weekly_trd,wheat_weekly_tru,corn_monthly_jumps,corn_monthly_lev,corn_monthly_rku,corn_monthly_rsk,corn_monthly_rv,corn_monthly_rvb,corn_monthly_rvg,corn_monthly_trd,corn_monthly_tru,corn_seasonal_jumps,corn_seasonal_lev,corn_seasonal_rku,corn_seasonal_rsk,corn_seasonal_rv,corn_seasonal_rvb,corn_seasonal_rvg,corn_seasonal_trd,corn_seasonal_tru,corn_weekly_jumps,corn_weekly_lev,corn_weekly_rku,corn_weekly_rsk,corn_weekly_rv,corn_weekly_rvb,corn_weekly_rvg,corn_weekly_trd,corn_weekly_tru,soybeans_monthly_jumps,soybeans_monthly_lev,soybeans_monthly_rku,soybeans_monthly_rsk,soybeans_monthly_rv,soybeans_monthly_rvb,soybeans_monthly_rvg,soybeans_monthly_trd,soybeans_monthly_tru,soybeans_seasonal_jumps,soybeans_seasonal_lev,soybeans_seasonal_rku,soybeans_seasonal_rsk,soybeans_seasonal_rv,soybeans_seasonal_rvb,soybeans_seasonal_rvg,soybeans_seasonal_trd,soybeans_seasonal_tru,soybeans_weekly_jumps,soybeans_weekly_lev,soybeans_weekly_rku,soybeans_weekly_rsk,soybeans_weekly_rv,soybeans_weekly_rvb,soybeans_weekly_rvg,soybeans_weekly_trd,soybeans_weekly_tru,frbsf_sentiment,Text_Climate_Anomaly,epu_index",expanding,260,1,8,,72,lasso,True,True,log,1e-10,True,1e-10,0.00023321559009282486,,,,,7,18,test_r2,0.6688095270373478,0.6306092123897293
lasso_rolling,har_endo_exo_climate_news_macro,53,"DJIA_Index,corn_weekly_rvb,soybeans_monthly_rku,ssta_lanina,tmin_cold_in_harvesting,wheat_monthly_rv,wheat_monthly_tru,wheat_seasonal_rv,wheat_weekly_rv,wheat_weekly_rvg,wheat_seasonal_tru,wheat_monthly_rvb,wheat_seasonal_rvb,corn_weekly_rvg,awnd_moderate_high_wind_in_planting,corn_monthly_rsk,corn_weekly_rku,pdsi_extreme_wet_in_planting,soybeans_seasonal_jumps,soybeans_seasonal_rku,tmax_hot_in_planting,tmax_very_hot_in_harvesting,wheat_monthly_jumps,soybeans_monthly_lev,soybeans_weekly_rv,wheat_weekly_rvb,soybeans_weekly_rvb,SOI_index,WTI_Index,awnd_extreme_high_wind_in_harvesting,awnd_extreme_high_wind_in_planting,awnd_moderate_high_wind_in_harvesting,co2_extreme_in_planting,corn_monthly_lev,corn_monthly_trd,corn_monthly_tru,corn_seasonal_tru,corn_weekly_trd,frbsf_sentiment,pdsi_extreme_wet_in_harvesting,soybeans_weekly_rku,soybeans_weekly_trd,tmax_hot_in_harvesting,wheat_monthly_rku,wheat_seasonal_lev,wheat_weekly_jumps,wheat_weekly_rku,wheat_weekly_rsk,corn_seasonal_jumps,soybeans_monthly_rvg,tmin_very_cold_in_harvesting,tmin_very_cold_in_planting,wheat_seasonal_rvg",7.346849771102121e-06,0.001869125841819254,-3.184451458085496,0.6769724676591249,0.6773847721309338,4.070349643352168e-06,0.0015263076354729132,-3.213981814306309,0.7538371129536078,0.7463580869900146,wheat_weekly_rv,RV_target,1,"wheat_weekly_rv,wheat_monthly_rv,wheat_seasonal_rv","wheat_monthly_jumps,wheat_monthly_lev,wheat_monthly_rku,wheat_monthly_rsk,wheat_monthly_rvb,wheat_monthly_rvg,wheat_monthly_trd,wheat_monthly_tru,wheat_seasonal_jumps,wheat_seasonal_lev,wheat_seasonal_rku,wheat_seasonal_rsk,wheat_seasonal_rvb,wheat_seasonal_rvg,wheat_seasonal_trd,wheat_seasonal_tru,wheat_weekly_jumps,wheat_weekly_lev,wheat_weekly_rku,wheat_weekly_rsk,wheat_weekly_rvb,wheat_weekly_rvg,wheat_weekly_trd,wheat_weekly_tru,corn_monthly_jumps,corn_monthly_lev,corn_monthly_rku,corn_monthly_rsk,corn_monthly_rv,corn_monthly_rvb,corn_monthly_rvg,corn_monthly_trd,corn_monthly_tru,corn_seasonal_jumps,corn_seasonal_lev,corn_seasonal_rku,corn_seasonal_rsk,corn_seasonal_rv,corn_seasonal_rvb,corn_seasonal_rvg,corn_seasonal_trd,corn_seasonal_tru,corn_weekly_jumps,corn_weekly_lev,corn_weekly_rku,corn_weekly_rsk,corn_weekly_rv,corn_weekly_rvb,corn_weekly_rvg,corn_weekly_trd,corn_weekly_tru,soybeans_monthly_jumps,soybeans_monthly_lev,soybeans_monthly_rku,soybeans_monthly_rsk,soybeans_monthly_rv,soybeans_monthly_rvb,soybeans_monthly_rvg,soybeans_monthly_trd,soybeans_monthly_tru,soybeans_seasonal_jumps,soybeans_seasonal_lev,soybeans_seasonal_rku,soybeans_seasonal_rsk,soybeans_seasonal_rv,soybeans_seasonal_rvb,soybeans_seasonal_rvg,soybeans_seasonal_trd,soybeans_seasonal_tru,soybeans_weekly_jumps,soybeans_weekly_lev,soybeans_weekly_rku,soybeans_weekly_rsk,soybeans_weekly_rv,soybeans_weekly_rvb,soybeans_weekly_rvg,soybeans_weekly_trd,soybeans_weekly_tru,ssta_elino,ssta_lanina,SOI_index,NAO_index,tmax_hot_in_planting,tmax_hot_in_harvesting,tmax_very_hot_in_planting,tmax_very_hot_in_harvesting,tmin_cold_in_planting,tmin_cold_in_harvesting,tmin_very_cold_in_planting,tmin_very_cold_in_harvesting,awnd_moderate_high_wind_in_planting,awnd_moderate_high_wind_in_harvesting,awnd_extreme_high_wind_in_planting,awnd_extreme_high_wind_in_harvesting,pdsi_extreme_wet_in_planting,pdsi_extreme_wet_in_harvesting,co2_extreme_in_planting,co2_extreme_in_harvesting,frbsf_sentiment,Text_Climate_Anomaly,epu_index,DJIA_Index,WTI_Index,Broad_Dollar_index,Stock_Uncertainty",rolling,260,1,8,260.0,58,lasso,True,True,log,1e-10,True,1e-10,0.0002449582164794883,,,,,7,18,test_r2,0.7538371129536078,0.6511107467919551
lasso_rolling,har_endo_exo_climate_macro,53,"DJIA_Index,corn_weekly_rvb,soybeans_monthly_rku,ssta_lanina,tmin_cold_in_harvesting,wheat_monthly_rv,wheat_monthly_tru,wheat_seasonal_rv,wheat_weekly_rv,wheat_weekly_rvg,wheat_seasonal_tru,wheat_monthly_rvb,wheat_seasonal_rvb,corn_weekly_rvg,tmax_very_hot_in_harvesting,SOI_index,awnd_extreme_high_wind_in_harvesting,awnd_moderate_high_wind_in_planting,corn_monthly_rsk,corn_weekly_rku,corn_weekly_rsk,pdsi_extreme_wet_in_planting,soybeans_seasonal_jumps,soybeans_seasonal_rku,tmax_hot_in_harvesting,tmax_hot_in_planting,wheat_monthly_jumps,wheat_monthly_rku,soybeans_weekly_rv,wheat_weekly_rvb,soybeans_weekly_rvb,WTI_Index,awnd_extreme_high_wind_in_planting,awnd_moderate_high_wind_in_harvesting,co2_extreme_in_planting,corn_monthly_lev,corn_monthly_trd,corn_monthly_tru,corn_seasonal_tru,corn_weekly_trd,pdsi_extreme_wet_in_harvesting,soybeans_weekly_rku,soybeans_weekly_trd,wheat_seasonal_lev,wheat_weekly_jumps,wheat_weekly_rku,wheat_weekly_rsk,corn_seasonal_jumps,soybeans_monthly_lev,soybeans_monthly_rvg,tmin_very_cold_in_harvesting,tmin_very_cold_in_planting,wheat_seasonal_rvg",7.342146615402061e-06,0.0018691734015132033,-3.184461008570235,0.6771792568037704,0.677610073868792,4.142560832841946e-06,0.0015386900105011912,-3.213869729827485,0.7494699906080153,0.7428933184321579,wheat_weekly_rv,RV_target,1,"wheat_weekly_rv,wheat_monthly_rv,wheat_seasonal_rv","wheat_monthly_jumps,wheat_monthly_lev,wheat_monthly_rku,wheat_monthly_rsk,wheat_monthly_rvb,wheat_monthly_rvg,wheat_monthly_trd,wheat_monthly_tru,wheat_seasonal_jumps,wheat_seasonal_lev,wheat_seasonal_rku,wheat_seasonal_rsk,wheat_seasonal_rvb,wheat_seasonal_rvg,wheat_seasonal_trd,wheat_seasonal_tru,wheat_weekly_jumps,wheat_weekly_lev,wheat_weekly_rku,wheat_weekly_rsk,wheat_weekly_rvb,wheat_weekly_rvg,wheat_weekly_trd,wheat_weekly_tru,corn_monthly_jumps,corn_monthly_lev,corn_monthly_rku,corn_monthly_rsk,corn_monthly_rv,corn_monthly_rvb,corn_monthly_rvg,corn_monthly_trd,corn_monthly_tru,corn_seasonal_jumps,corn_seasonal_lev,corn_seasonal_rku,corn_seasonal_rsk,corn_seasonal_rv,corn_seasonal_rvb,corn_seasonal_rvg,corn_seasonal_trd,corn_seasonal_tru,corn_weekly_jumps,corn_weekly_lev,corn_weekly_rku,corn_weekly_rsk,corn_weekly_rv,corn_weekly_rvb,corn_weekly_rvg,corn_weekly_trd,corn_weekly_tru,soybeans_monthly_jumps,soybeans_monthly_lev,soybeans_monthly_rku,soybeans_monthly_rsk,soybeans_monthly_rv,soybeans_monthly_rvb,soybeans_monthly_rvg,soybeans_monthly_trd,soybeans_monthly_tru,soybeans_seasonal_jumps,soybeans_seasonal_lev,soybeans_seasonal_rku,soybeans_seasonal_rsk,soybeans_seasonal_rv,soybeans_seasonal_rvb,soybeans_seasonal_rvg,soybeans_seasonal_trd,soybeans_seasonal_tru,soybeans_weekly_jumps,soybeans_weekly_lev,soybeans_weekly_rku,soybeans_weekly_rsk,soybeans_weekly_rv,soybeans_weekly_rvb,soybeans_weekly_rvg,soybeans_weekly_trd,soybeans_weekly_tru,ssta_elino,ssta_lanina,SOI_index,NAO_index,tmax_hot_in_planting,tmax_hot_in_harvesting,tmax_very_hot_in_planting,tmax_very_hot_in_harvesting,tmin_cold_in_planting,tmin_cold_in_harvesting,tmin_very_cold_in_planting,tmin_very_cold_in_harvesting,awnd_moderate_high_wind_in_planting,awnd_moderate_high_wind_in_harvesting,awnd_extreme_high_wind_in_planting,awnd_extreme_high_wind_in_harvesting,pdsi_extreme_wet_in_planting,pdsi_extreme_wet_in_harvesting,co2_extreme_in_planting,co2_extreme_in_harvesting,DJIA_Index,WTI_Index,Broad_Dollar_index,Stock_Uncertainty",rolling,260,1,8,260.0,58,lasso,True,True,log,1e-10,True,1e-10,0.00022844885253531507,,,,,7,18,test_r2,0.7494699906080153,0.6513340915629846
lasso_rolling,har_endo_exo_macro,44,"DJIA_Index,corn_weekly_rvb,soybeans_monthly_rku,wheat_monthly_rku,wheat_monthly_rv,wheat_monthly_tru,wheat_seasonal_rv,wheat_weekly_rku,wheat_weekly_rv,wheat_weekly_rvg,wheat_seasonal_tru,wheat_monthly_rvb,wheat_seasonal_rvb,corn_weekly_rvg,corn_monthly_rsk,corn_weekly_rku,soybeans_seasonal_jumps,soybeans_seasonal_rku,wheat_monthly_jumps,soybeans_monthly_lev,soybeans_weekly_rv,soybeans_weekly_rvb,wheat_weekly_rvb,WTI_Index,corn_monthly_lev,corn_monthly_trd,corn_monthly_tru,corn_seasonal_rku,corn_seasonal_tru,corn_weekly_trd,soybeans_weekly_rku,soybeans_weekly_trd,wheat_seasonal_lev,wheat_weekly_jumps,wheat_weekly_rsk,corn_seasonal_jumps,Stock_Uncertainty,corn_monthly_jumps,soybeans_monthly_rvg,soybeans_seasonal_lev,soybeans_weekly_jumps,soybeans_weekly_rsk,wheat_monthly_trd,wheat_seasonal_rvg",7.595667880412079e-06,0.0018974490547389428,-3.1841659517762633,0.6660323909791493,0.6696641859948016,4.295521003609504e-06,0.0016196357454407188,-3.2134005580270246,0.7402194051452289,0.7274242219442077,wheat_weekly_rv,RV_target,1,"wheat_weekly_rv,wheat_monthly_rv,wheat_seasonal_rv","wheat_monthly_jumps,wheat_monthly_lev,wheat_monthly_rku,wheat_monthly_rsk,wheat_monthly_rvb,wheat_monthly_rvg,wheat_monthly_trd,wheat_monthly_tru,wheat_seasonal_jumps,wheat_seasonal_lev,wheat_seasonal_rku,wheat_seasonal_rsk,wheat_seasonal_rvb,wheat_seasonal_rvg,wheat_seasonal_trd,wheat_seasonal_tru,wheat_weekly_jumps,wheat_weekly_lev,wheat_weekly_rku,wheat_weekly_rsk,wheat_weekly_rvb,wheat_weekly_rvg,wheat_weekly_trd,wheat_weekly_tru,corn_monthly_jumps,corn_monthly_lev,corn_monthly_rku,corn_monthly_rsk,corn_monthly_rv,corn_monthly_rvb,corn_monthly_rvg,corn_monthly_trd,corn_monthly_tru,corn_seasonal_jumps,corn_seasonal_lev,corn_seasonal_rku,corn_seasonal_rsk,corn_seasonal_rv,corn_seasonal_rvb,corn_seasonal_rvg,corn_seasonal_trd,corn_seasonal_tru,corn_weekly_jumps,corn_weekly_lev,corn_weekly_rku,corn_weekly_rsk,corn_weekly_rv,corn_weekly_rvb,corn_weekly_rvg,corn_weekly_trd,corn_weekly_tru,soybeans_monthly_jumps,soybeans_monthly_lev,soybeans_monthly_rku,soybeans_monthly_rsk,soybeans_monthly_rv,soybeans_monthly_rvb,soybeans_monthly_rvg,soybeans_monthly_trd,soybeans_monthly_tru,soybeans_seasonal_jumps,soybeans_seasonal_lev,soybeans_seasonal_rku,soybeans_seasonal_rsk,soybeans_seasonal_rv,soybeans_seasonal_rvb,soybeans_seasonal_rvg,soybeans_seasonal_trd,soybeans_seasonal_tru,soybeans_weekly_jumps,soybeans_weekly_lev,soybeans_weekly_rku,soybeans_weekly_rsk,soybeans_weekly_rv,soybeans_weekly_rvb,soybeans_weekly_rvg,soybeans_weekly_trd,soybeans_weekly_tru,DJIA_Index,WTI_Index,Broad_Dollar_index,Stock_Uncertainty",rolling,260,1,8,260.0,58,lasso,True,True,log,1e-10,True,1e-10,0.00014017409758743338,,,,,7,18,test_r2,0.7402194051452289,0.6441328756335198
lasso_rolling,har_endo_exo_news_macro,48,"DJIA_Index,corn_weekly_rvb,soybeans_monthly_rku,wheat_monthly_rku,wheat_monthly_rv,wheat_monthly_tru,wheat_seasonal_rv,wheat_weekly_rku,wheat_weekly_rv,wheat_weekly_rvg,wheat_seasonal_tru,wheat_monthly_rvb,wheat_seasonal_rvb,corn_weekly_rvg,corn_monthly_lev,corn_monthly_rsk,corn_weekly_rku,corn_weekly_rsk,soybeans_seasonal_jumps,soybeans_seasonal_rku,wheat_monthly_jumps,Text_Climate_Anomaly,soybeans_monthly_lev,soybeans_weekly_rv,soybeans_weekly_rvb,wheat_weekly_rvb,WTI_Index,corn_monthly_trd,corn_monthly_tru,corn_seasonal_rku,corn_seasonal_trd,corn_seasonal_tru,corn_weekly_trd,frbsf_sentiment,soybeans_monthly_rvg,soybeans_weekly_rku,soybeans_weekly_trd,wheat_monthly_rsk,wheat_seasonal_lev,wheat_weekly_jumps,wheat_weekly_rsk,corn_seasonal_jumps,corn_monthly_jumps,soybeans_seasonal_lev,soybeans_weekly_jumps,soybeans_weekly_rsk,wheat_monthly_trd,wheat_seasonal_rvg",7.550327284597929e-06,0.0018925927233729507,-3.1842188894643817,0.6680259339583892,0.6711466542055624,4.451909153503294e-06,0.0016388744980457821,-3.213171788551418,0.7307615054926588,0.7191110748374936,wheat_weekly_rv,RV_target,1,"wheat_weekly_rv,wheat_monthly_rv,wheat_seasonal_rv","wheat_monthly_jumps,wheat_monthly_lev,wheat_monthly_rku,wheat_monthly_rsk,wheat_monthly_rvb,wheat_monthly_rvg,wheat_monthly_trd,wheat_monthly_tru,wheat_seasonal_jumps,wheat_seasonal_lev,wheat_seasonal_rku,wheat_seasonal_rsk,wheat_seasonal_rvb,wheat_seasonal_rvg,wheat_seasonal_trd,wheat_seasonal_tru,wheat_weekly_jumps,wheat_weekly_lev,wheat_weekly_rku,wheat_weekly_rsk,wheat_weekly_rvb,wheat_weekly_rvg,wheat_weekly_trd,wheat_weekly_tru,corn_monthly_jumps,corn_monthly_lev,corn_monthly_rku,corn_monthly_rsk,corn_monthly_rv,corn_monthly_rvb,corn_monthly_rvg,corn_monthly_trd,corn_monthly_tru,corn_seasonal_jumps,corn_seasonal_lev,corn_seasonal_rku,corn_seasonal_rsk,corn_seasonal_rv,corn_seasonal_rvb,corn_seasonal_rvg,corn_seasonal_trd,corn_seasonal_tru,corn_weekly_jumps,corn_weekly_lev,corn_weekly_rku,corn_weekly_rsk,corn_weekly_rv,corn_weekly_rvb,corn_weekly_rvg,corn_weekly_trd,corn_weekly_tru,soybeans_monthly_jumps,soybeans_monthly_lev,soybeans_monthly_rku,soybeans_monthly_rsk,soybeans_monthly_rv,soybeans_monthly_rvb,soybeans_monthly_rvg,soybeans_monthly_trd,soybeans_monthly_tru,soybeans_seasonal_jumps,soybeans_seasonal_lev,soybeans_seasonal_rku,soybeans_seasonal_rsk,soybeans_seasonal_rv,soybeans_seasonal_rvb,soybeans_seasonal_rvg,soybeans_seasonal_trd,soybeans_seasonal_tru,soybeans_weekly_jumps,soybeans_weekly_lev,soybeans_weekly_rku,soybeans_weekly_rsk,soybeans_weekly_rv,soybeans_weekly_rvb,soybeans_weekly_rvg,soybeans_weekly_trd,soybeans_weekly_tru,frbsf_sentiment,Text_Climate_Anomaly,epu_index,DJIA_Index,WTI_Index,Broad_Dollar_index,Stock_Uncertainty",rolling,260,1,8,260.0,58,lasso,True,True,log,1e-10,True,1e-10,0.00014017409758743338,,,,,7,18,test_r2,0.7307615054926588,0.6441357462972237
lasso_rolling,har,3,"wheat_monthly_rv,wheat_seasonal_rv,wheat_weekly_rv",8.937393175637307e-06,0.001966212200481692,-3.187389388943559,0.5994485047633937,0.6495907060110369,5.081573678185183e-06,0.001725997087501706,-3.1866088495849905,0.7129539743395077,0.6811221517510448,wheat_weekly_rv,RV_target,1,"wheat_weekly_rv,wheat_monthly_rv,wheat_seasonal_rv",,rolling,260,1,8,260.0,72,lasso,True,True,log,1e-10,True,1e-10,4.43931016644201e-06,,,,,7,18,test_r2,0.7129539743395077,0.597990186212775
lasso_rolling,har_endo_exo_climate_news,62,"corn_weekly_rvb,frbsf_sentiment,soybeans_monthly_rku,ssta_lanina,tmin_cold_in_harvesting,wheat_monthly_rv,wheat_monthly_tru,wheat_seasonal_rv,wheat_weekly_rku,wheat_weekly_rv,wheat_weekly_rvg,wheat_seasonal_tru,NAO_index,corn_weekly_rvg,wheat_monthly_rvb,wheat_seasonal_rvb,wheat_seasonal_trd,tmax_very_hot_in_harvesting,SOI_index,Text_Climate_Anomaly,awnd_extreme_high_wind_in_harvesting,awnd_extreme_high_wind_in_planting,awnd_moderate_high_wind_in_planting,co2_extreme_in_harvesting,corn_monthly_jumps,corn_monthly_rku,corn_monthly_rsk,corn_seasonal_rv,corn_weekly_lev,corn_weekly_rku,epu_index,pdsi_extreme_wet_in_planting,soybeans_monthly_lev,soybeans_monthly_rsk,soybeans_seasonal_jumps,soybeans_seasonal_lev,soybeans_seasonal_rku,soybeans_weekly_rvb,soybeans_weekly_trd,ssta_elino,tmax_hot_in_harvesting,tmax_hot_in_planting,tmin_very_cold_in_planting,wheat_monthly_jumps,wheat_monthly_rku,wheat_monthly_rsk,soybeans_weekly_rv,wheat_weekly_rvb,corn_seasonal_jumps,corn_weekly_trd,soybeans_seasonal_rsk,soybeans_weekly_rku,wheat_seasonal_lev,wheat_weekly_jumps,wheat_weekly_rsk,corn_monthly_lev,corn_weekly_rsk,awnd_moderate_high_wind_in_harvesting,soybeans_monthly_rvg,tmin_very_cold_in_harvesting,tmax_very_hot_in_planting,tmin_cold_in_planting",7.1227554360571005e-06,0.0018276534554560163,-3.1886756684372246,0.6820581538152959,0.6898929984831423,8.27056087364578e-06,0.0018102178269423744,-3.1961474299960013,0.6477299759294057,0.6898677756087419,wheat_weekly_rv,RV_target,1,"wheat_weekly_rv,wheat_monthly_rv,wheat_seasonal_rv","wheat_monthly_jumps,wheat_monthly_lev,wheat_monthly_rku,wheat_monthly_rsk,wheat_monthly_rvb,wheat_monthly_rvg,wheat_monthly_trd,wheat_monthly_tru,wheat_seasonal_jumps,wheat_seasonal_lev,wheat_seasonal_rku,wheat_seasonal_rsk,wheat_seasonal_rvb,wheat_seasonal_rvg,wheat_seasonal_trd,wheat_seasonal_tru,wheat_weekly_jumps,wheat_weekly_lev,wheat_weekly_rku,wheat_weekly_rsk,wheat_weekly_rvb,wheat_weekly_rvg,wheat_weekly_trd,wheat_weekly_tru,corn_monthly_jumps,corn_monthly_lev,corn_monthly_rku,corn_monthly_rsk,corn_monthly_rv,corn_monthly_rvb,corn_monthly_rvg,corn_monthly_trd,corn_monthly_tru,corn_seasonal_jumps,corn_seasonal_lev,corn_seasonal_rku,corn_seasonal_rsk,corn_seasonal_rv,corn_seasonal_rvb,corn_seasonal_rvg,corn_seasonal_trd,corn_seasonal_tru,corn_weekly_jumps,corn_weekly_lev,corn_weekly_rku,corn_weekly_rsk,corn_weekly_rv,corn_weekly_rvb,corn_weekly_rvg,corn_weekly_trd,corn_weekly_tru,soybeans_monthly_jumps,soybeans_monthly_lev,soybeans_monthly_rku,soybeans_monthly_rsk,soybeans_monthly_rv,soybeans_monthly_rvb,soybeans_monthly_rvg,soybeans_monthly_trd,soybeans_monthly_tru,soybeans_seasonal_jumps,soybeans_seasonal_lev,soybeans_seasonal_rku,soybeans_seasonal_rsk,soybeans_seasonal_rv,soybeans_seasonal_rvb,soybeans_seasonal_rvg,soybeans_seasonal_trd,soybeans_seasonal_tru,soybeans_weekly_jumps,soybeans_weekly_lev,soybeans_weekly_rku,soybeans_weekly_rsk,soybeans_weekly_rv,soybeans_weekly_rvb,soybeans_weekly_rvg,soybeans_weekly_trd,soybeans_weekly_tru,ssta_elino,ssta_lanina,SOI_index,NAO_index,tmax_hot_in_planting,tmax_hot_in_harvesting,tmax_very_hot_in_planting,tmax_very_hot_in_harvesting,tmin_cold_in_planting,tmin_cold_in_harvesting,tmin_very_cold_in_planting,tmin_very_cold_in_harvesting,awnd_moderate_high_wind_in_planting,awnd_moderate_high_wind_in_harvesting,awnd_extreme_high_wind_in_planting,awnd_extreme_high_wind_in_harvesting,pdsi_extreme_wet_in_planting,pdsi_extreme_wet_in_harvesting,co2_extreme_in_planting,co2_extreme_in_harvesting,frbsf_sentiment,Text_Climate_Anomaly,epu_index",rolling,312,4,4,312.0,129,lasso,True,True,log,1e-10,True,1e-10,0.0001977602359656271,,,,,16,18,test_r2,0.6477299759294057,0.6561548759395381
lasso_rolling,har_endo_exo,50,"corn_weekly_rvb,soybeans_monthly_rku,wheat_monthly_rku,wheat_monthly_rv,wheat_monthly_tru,wheat_seasonal_rv,wheat_weekly_rku,wheat_weekly_rv,wheat_weekly_rvg,wheat_seasonal_tru,wheat_monthly_jumps,wheat_monthly_rvb,wheat_seasonal_rvb,wheat_seasonal_trd,wheat_weekly_rvb,corn_monthly_rku,corn_monthly_tru,corn_seasonal_lev,corn_seasonal_rv,corn_weekly_jumps,corn_weekly_lev,corn_weekly_rku,soybeans_monthly_rsk,soybeans_seasonal_jumps,soybeans_seasonal_rku,soybeans_seasonal_rsk,soybeans_weekly_lev,soybeans_weekly_rku,soybeans_weekly_rv,soybeans_weekly_rvb,soybeans_weekly_trd,wheat_monthly_rsk,wheat_seasonal_jumps,wheat_seasonal_rsk,corn_weekly_rvg,corn_monthly_lev,corn_seasonal_jumps,corn_weekly_trd,soybeans_seasonal_lev,wheat_seasonal_lev,wheat_weekly_jumps,wheat_weekly_rsk,corn_weekly_rsk,soybeans_monthly_rvg,wheat_monthly_lev,corn_monthly_jumps,corn_seasonal_rsk,soybeans_monthly_lev,soybeans_monthly_tru,wheat_seasonal_rvg",7.342347081217559e-06,0.0018630186328625934,-3.188301135132781,0.6722561363663153,0.6799374227582101,8.427114799394645e-06,0.0018335782053869553,-3.195824623303485,0.6410618362428179,0.6810122756451227,wheat_weekly_rv,RV_target,1,"wheat_weekly_rv,wheat_monthly_rv,wheat_seasonal_rv","wheat_monthly_jumps,wheat_monthly_lev,wheat_monthly_rku,wheat_monthly_rsk,wheat_monthly_rvb,wheat_monthly_rvg,wheat_monthly_trd,wheat_monthly_tru,wheat_seasonal_jumps,wheat_seasonal_lev,wheat_seasonal_rku,wheat_seasonal_rsk,wheat_seasonal_rvb,wheat_seasonal_rvg,wheat_seasonal_trd,wheat_seasonal_tru,wheat_weekly_jumps,wheat_weekly_lev,wheat_weekly_rku,wheat_weekly_rsk,wheat_weekly_rvb,wheat_weekly_rvg,wheat_weekly_trd,wheat_weekly_tru,corn_monthly_jumps,corn_monthly_lev,corn_monthly_rku,corn_monthly_rsk,corn_monthly_rv,corn_monthly_rvb,corn_monthly_rvg,corn_monthly_trd,corn_monthly_tru,corn_seasonal_jumps,corn_seasonal_lev,corn_seasonal_rku,corn_seasonal_rsk,corn_seasonal_rv,corn_seasonal_rvb,corn_seasonal_rvg,corn_seasonal_trd,corn_seasonal_tru,corn_weekly_jumps,corn_weekly_lev,corn_weekly_rku,corn_weekly_rsk,corn_weekly_rv,corn_weekly_rvb,corn_weekly_rvg,corn_weekly_trd,corn_weekly_tru,soybeans_monthly_jumps,soybeans_monthly_lev,soybeans_monthly_rku,soybeans_monthly_rsk,soybeans_monthly_rv,soybeans_monthly_rvb,soybeans_monthly_rvg,soybeans_monthly_trd,soybeans_monthly_tru,soybeans_seasonal_jumps,soybeans_seasonal_lev,soybeans_seasonal_rku,soybeans_seasonal_rsk,soybeans_seasonal_rv,soybeans_seasonal_rvb,soybeans_seasonal_rvg,soybeans_seasonal_trd,soybeans_seasonal_tru,soybeans_weekly_jumps,soybeans_weekly_lev,soybeans_weekly_rku,soybeans_weekly_rsk,soybeans_weekly_rv,soybeans_weekly_rvb,soybeans_weekly_rvg,soybeans_weekly_trd,soybeans_weekly_tru",rolling,312,4,4,312.0,129,lasso,True,True,log,1e-10,True,1e-10,6.94374105878943e-05,,,,,16,18,test_r2,0.6410618362428179,0.6510566626513292
lasso_rolling,har_endo,26,"wheat_monthly_jumps,wheat_monthly_rku,wheat_monthly_rv,wheat_monthly_tru,wheat_seasonal_rku,wheat_seasonal_rsk,wheat_seasonal_rv,wheat_weekly_rku,wheat_weekly_rv,wheat_weekly_rvb,wheat_weekly_rvg,wheat_seasonal_tru,wheat_monthly_trd,wheat_seasonal_rvb,wheat_seasonal_trd,wheat_monthly_rsk,wheat_monthly_rvb,wheat_seasonal_lev,wheat_weekly_jumps,wheat_seasonal_jumps,wheat_weekly_trd,wheat_weekly_tru,wheat_weekly_rsk,wheat_seasonal_rvg,wheat_monthly_lev,wheat_weekly_lev",7.293528040205172e-06,0.0018729636688902703,-3.1885830390021765,0.673122407771215,0.6784598221923216,9.435370517387954e-06,0.0019316271557147096,-3.2206158996508227,0.6544934681880916,0.6881270532027632,wheat_weekly_rv,RV_target,1,"wheat_weekly_rv,wheat_monthly_rv,wheat_seasonal_rv","wheat_monthly_jumps,wheat_monthly_lev,wheat_monthly_rku,wheat_monthly_rsk,wheat_monthly_rvb,wheat_monthly_rvg,wheat_monthly_trd,wheat_monthly_tru,wheat_seasonal_jumps,wheat_seasonal_lev,wheat_seasonal_rku,wheat_seasonal_rsk,wheat_seasonal_rvb,wheat_seasonal_rvg,wheat_seasonal_trd,wheat_seasonal_tru,wheat_weekly_jumps,wheat_weekly_lev,wheat_weekly_rku,wheat_weekly_rsk,wheat_weekly_rvb,wheat_weekly_rvg,wheat_weekly_trd,wheat_weekly_tru",rolling,208,2,4,208.0,156,lasso,True,True,log,1e-10,True,1e-10,0.00030822707654085677,,,,,2,18,test_r2,0.6544934681880916,0.6625121488474341
lasso_rolling,har_endo_exo_climate,58,"corn_weekly_rvb,soybeans_monthly_rku,ssta_lanina,tmin_cold_in_harvesting,wheat_monthly_rv,wheat_monthly_tru,wheat_seasonal_rv,wheat_weekly_rku,wheat_weekly_rv,wheat_weekly_rvg,wheat_seasonal_tru,NAO_index,corn_weekly_rvg,wheat_monthly_rvb,wheat_seasonal_rvb,wheat_seasonal_trd,tmax_very_hot_in_harvesting,SOI_index,awnd_extreme_high_wind_in_harvesting,awnd_extreme_high_wind_in_planting,awnd_moderate_high_wind_in_planting,co2_extreme_in_harvesting,corn_monthly_jumps,corn_monthly_rsk,corn_seasonal_rv,corn_weekly_lev,corn_weekly_rku,pdsi_extreme_wet_in_planting,soybeans_monthly_lev,soybeans_monthly_rsk,soybeans_seasonal_jumps,soybeans_seasonal_rku,soybeans_seasonal_rsk,soybeans_weekly_lev,soybeans_weekly_rku,soybeans_weekly_rvb,ssta_elino,tmax_hot_in_harvesting,tmax_hot_in_planting,tmin_very_cold_in_planting,wheat_monthly_jumps,wheat_monthly_rku,wheat_monthly_rsk,soybeans_weekly_rv,wheat_weekly_rvb,corn_monthly_lev,corn_seasonal_jumps,corn_weekly_rsk,corn_weekly_trd,soybeans_seasonal_lev,wheat_seasonal_lev,wheat_weekly_jumps,wheat_weekly_rsk,soybeans_weekly_trd,awnd_moderate_high_wind_in_harvesting,soybeans_monthly_rvg,tmin_very_cold_in_harvesting,tmin_cold_in_planting",7.093785733254658e-06,0.0018259590671440052,-3.1889690723892854,0.6820743558548163,0.6888539364932692,1.0458658866483621e-05,0.0019492003939537257,-3.190082607109692,0.644690728120123,0.685556790420798,wheat_weekly_rv,RV_target,1,"wheat_weekly_rv,wheat_monthly_rv,wheat_seasonal_rv","wheat_monthly_jumps,wheat_monthly_lev,wheat_monthly_rku,wheat_monthly_rsk,wheat_monthly_rvb,wheat_monthly_rvg,wheat_monthly_trd,wheat_monthly_tru,wheat_seasonal_jumps,wheat_seasonal_lev,wheat_seasonal_rku,wheat_seasonal_rsk,wheat_seasonal_rvb,wheat_seasonal_rvg,wheat_seasonal_trd,wheat_seasonal_tru,wheat_weekly_jumps,wheat_weekly_lev,wheat_weekly_rku,wheat_weekly_rsk,wheat_weekly_rvb,wheat_weekly_rvg,wheat_weekly_trd,wheat_weekly_tru,corn_monthly_jumps,corn_monthly_lev,corn_monthly_rku,corn_monthly_rsk,corn_monthly_rv,corn_monthly_rvb,corn_monthly_rvg,corn_monthly_trd,corn_monthly_tru,corn_seasonal_jumps,corn_seasonal_lev,corn_seasonal_rku,corn_seasonal_rsk,corn_seasonal_rv,corn_seasonal_rvb,corn_seasonal_rvg,corn_seasonal_trd,corn_seasonal_tru,corn_weekly_jumps,corn_weekly_lev,corn_weekly_rku,corn_weekly_rsk,corn_weekly_rv,corn_weekly_rvb,corn_weekly_rvg,corn_weekly_trd,corn_weekly_tru,soybeans_monthly_jumps,soybeans_monthly_lev,soybeans_monthly_rku,soybeans_monthly_rsk,soybeans_monthly_rv,soybeans_monthly_rvb,soybeans_monthly_rvg,soybeans_monthly_trd,soybeans_monthly_tru,soybeans_seasonal_jumps,soybeans_seasonal_lev,soybeans_seasonal_rku,soybeans_seasonal_rsk,soybeans_seasonal_rv,soybeans_seasonal_rvb,soybeans_seasonal_rvg,soybeans_seasonal_trd,soybeans_seasonal_tru,soybeans_weekly_jumps,soybeans_weekly_lev,soybeans_weekly_rku,soybeans_weekly_rsk,soybeans_weekly_rv,soybeans_weekly_rvb,soybeans_weekly_rvg,soybeans_weekly_trd,soybeans_weekly_tru,ssta_elino,ssta_lanina,SOI_index,NAO_index,tmax_hot_in_planting,tmax_hot_in_harvesting,tmax_very_hot_in_planting,tmax_very_hot_in_harvesting,tmin_cold_in_planting,tmin_cold_in_harvesting,tmin_very_cold_in_planting,tmin_very_cold_in_harvesting,awnd_moderate_high_wind_in_planting,awnd_moderate_high_wind_in_harvesting,awnd_extreme_high_wind_in_planting,awnd_extreme_high_wind_in_harvesting,pdsi_extreme_wet_in_planting,pdsi_extreme_wet_in_harvesting,co2_extreme_in_planting,co2_extreme_in_harvesting",rolling,312,2,4,312.0,130,lasso,True,True,log,1e-10,True,1e-10,0.0001977602359656271,,,,,14,18,test_r2,0.644690728120123,0.6580955686501081
lasso_rolling,har_endo_exo_news,52,"corn_weekly_rvb,frbsf_sentiment,soybeans_monthly_rku,wheat_monthly_rku,wheat_monthly_rv,wheat_monthly_tru,wheat_seasonal_rv,wheat_weekly_rku,wheat_weekly_rv,wheat_weekly_rvg,wheat_seasonal_tru,wheat_monthly_jumps,wheat_monthly_rvb,wheat_seasonal_rvb,wheat_seasonal_trd,Text_Climate_Anomaly,corn_monthly_rku,corn_seasonal_lev,corn_seasonal_rv,corn_weekly_jumps,corn_weekly_lev,corn_weekly_rku,epu_index,soybeans_monthly_rsk,soybeans_seasonal_jumps,soybeans_seasonal_rku,soybeans_seasonal_rsk,soybeans_weekly_lev,soybeans_weekly_rku,soybeans_weekly_rv,soybeans_weekly_rvb,soybeans_weekly_trd,wheat_monthly_rsk,wheat_seasonal_rsk,corn_weekly_rvg,wheat_weekly_rvb,corn_monthly_lev,corn_seasonal_jumps,corn_weekly_rsk,corn_weekly_trd,soybeans_seasonal_lev,wheat_seasonal_lev,wheat_weekly_jumps,wheat_weekly_rsk,corn_monthly_jumps,corn_monthly_trd,soybeans_monthly_rvg,wheat_monthly_lev,corn_seasonal_rsk,soybeans_monthly_lev,corn_monthly_tru,wheat_seasonal_rvg",7.298458923945238e-06,0.0018551297091664006,-3.1886828667222744,0.672901417957283,0.6809244752739448,1.0616570680535334e-05,0.0019456101822917717,-3.189876180399615,0.6393260315191324,0.6811216562867886,wheat_weekly_rv,RV_target,1,"wheat_weekly_rv,wheat_monthly_rv,wheat_seasonal_rv","wheat_monthly_jumps,wheat_monthly_lev,wheat_monthly_rku,wheat_monthly_rsk,wheat_monthly_rvb,wheat_monthly_rvg,wheat_monthly_trd,wheat_monthly_tru,wheat_seasonal_jumps,wheat_seasonal_lev,wheat_seasonal_rku,wheat_seasonal_rsk,wheat_seasonal_rvb,wheat_seasonal_rvg,wheat_seasonal_trd,wheat_seasonal_tru,wheat_weekly_jumps,wheat_weekly_lev,wheat_weekly_rku,wheat_weekly_rsk,wheat_weekly_rvb,wheat_weekly_rvg,wheat_weekly_trd,wheat_weekly_tru,corn_monthly_jumps,corn_monthly_lev,corn_monthly_rku,corn_monthly_rsk,corn_monthly_rv,corn_monthly_rvb,corn_monthly_rvg,corn_monthly_trd,corn_monthly_tru,corn_seasonal_jumps,corn_seasonal_lev,corn_seasonal_rku,corn_seasonal_rsk,corn_seasonal_rv,corn_seasonal_rvb,corn_seasonal_rvg,corn_seasonal_trd,corn_seasonal_tru,corn_weekly_jumps,corn_weekly_lev,corn_weekly_rku,corn_weekly_rsk,corn_weekly_rv,corn_weekly_rvb,corn_weekly_rvg,corn_weekly_trd,corn_weekly_tru,soybeans_monthly_jumps,soybeans_monthly_lev,soybeans_monthly_rku,soybeans_monthly_rsk,soybeans_monthly_rv,soybeans_monthly_rvb,soybeans_monthly_rvg,soybeans_monthly_trd,soybeans_monthly_tru,soybeans_seasonal_jumps,soybeans_seasonal_lev,soybeans_seasonal_rku,soybeans_seasonal_rsk,soybeans_seasonal_rv,soybeans_seasonal_rvb,soybeans_seasonal_rvg,soybeans_seasonal_trd,soybeans_seasonal_tru,soybeans_weekly_jumps,soybeans_weekly_lev,soybeans_weekly_rku,soybeans_weekly_rsk,soybeans_weekly_rv,soybeans_weekly_rvb,soybeans_weekly_rvg,soybeans_weekly_trd,soybeans_weekly_tru,frbsf_sentiment,Text_Climate_Anomaly,epu_index",rolling,312,2,4,312.0,130,lasso,True,True,log,1e-10,True,1e-10,0.00013011302975790662,,,,,14,18,test_r2,0.6393260315191324,0.6509541582589329
