n_selected,selection_method,selection_reused,test_dates,test_end,test_end_date,test_start,test_start_date,train_end,train_end_date,train_start,train_start_date,window_id,selected_feature
12,lasso,False,2013-11-25T00:00:00|2013-12-02T00:00:00,210,2013-12-02T00:00:00,208,2013-11-25T00:00:00,208,2013-11-18T00:00:00,0,2009-04-20T00:00:00,0,DJIA_Index
12,lasso,False,2013-11-25T00:00:00|2013-12-02T00:00:00,210,2013-12-02T00:00:00,208,2013-11-25T00:00:00,208,2013-11-18T00:00:00,0,2009-04-20T00:00:00,0,co2_extreme_in_harvesting
12,lasso,False,2013-11-25T00:00:00|2013-12-02T00:00:00,210,2013-12-02T00:00:00,208,2013-11-25T00:00:00,208,2013-11-18T00:00:00,0,2009-04-20T00:00:00,0,corn_weekly_rv
12,lasso,False,2013-11-25T00:00:00|2013-12-02T00:00:00,210,2013-12-02T00:00:00,208,2013-11-25T00:00:00,208,2013-11-18T00:00:00,0,2009-04-20T00:00:00,0,pdsi_extreme_wet_in_harvesting
12,lasso,False,2013-11-25T00:00:00|2013-12-02T00:00:00,210,2013-12-02T00:00:00,208,2013-11-25T00:00:00,208,2013-11-18T00:00:00,0,2009-04-20T00:00:00,0,pdsi_severe_drought_in_harvesting
12,lasso,False,2013-11-25T00:00:00|2013-12-02T00:00:00,210,2013-12-02T00:00:00,208,2013-11-25T00:00:00,208,2013-11-18T00:00:00,0,2009-04-20T00:00:00,0,spi_7d_very_dry_in_planting
12,lasso,False,2013-11-25T00:00:00|2013-12-02T00:00:00,210,2013-12-02T00:00:00,208,2013-11-25T00:00:00,208,2013-11-18T00:00:00,0,2009-04-20T00:00:00,0,spi_7d_very_wet_in_harvesting
12,lasso,False,2013-11-25T00:00:00|2013-12-02T00:00:00,210,2013-12-02T00:00:00,208,2013-11-25T00:00:00,208,2013-11-18T00:00:00,0,2009-04-20T00:00:00,0,ssta_lanina
12,lasso,False,2013-11-25T00:00:00|2013-12-02T00:00:00,210,2013-12-02T00:00:00,208,2013-11-25T00:00:00,208,2013-11-18T00:00:00,0,2009-04-20T00:00:00,0,tmin_cold_in_harvesting
12,lasso,False,2013-11-25T00:00:00|2013-12-02T00:00:00,210,2013-12-02T00:00:00,208,2013-11-25T00:00:00,208,2013-11-18T00:00:00,0,2009-04-20T00:00:00,0,wheat_monthly_rv
12,lasso,False,2013-11-25T00:00:00|2013-12-02T00:00:00,210,2013-12-02T00:00:00,208,2013-11-25T00:00:00,208,2013-11-18T00:00:00,0,2009-04-20T00:00:00,0,wheat_seasonal_rv
12,lasso,False,2013-11-25T00:00:00|2013-12-02T00:00:00,210,2013-12-02T00:00:00,208,2013-11-25T00:00:00,208,2013-11-18T00:00:00,0,2009-04-20T00:00:00,0,wheat_weekly_rv
12,lasso,True,2013-12-23T00:00:00|2013-12-30T00:00:00,214,2013-12-30T00:00:00,212,2013-12-23T00:00:00,212,2013-12-16T00:00:00,4,2009-05-18T00:00:00,1,DJIA_Index
12,lasso,True,2013-12-23T00:00:00|2013-12-30T00:00:00,214,2013-12-30T00:00:00,212,2013-12-23T00:00:00,212,2013-12-16T00:00:00,4,2009-05-18T00:00:00,1,co2_extreme_in_harvesting
12,lasso,True,2013-12-23T00:00:00|2013-12-30T00:00:00,214,2013-12-30T00:00:00,212,2013-12-23T00:00:00,212,2013-12-16T00:00:00,4,2009-05-18T00:00:00,1,corn_weekly_rv
12,lasso,True,2013-12-23T00:00:00|2013-12-30T00:00:00,214,2013-12-30T00:00:00,212,2013-12-23T00:00:00,212,2013-12-16T00:00:00,4,2009-05-18T00:00:00,1,pdsi_extreme_wet_in_harvesting
12,lasso,True,2013-12-23T00:00:00|2013-12-30T00:00:00,214,2013-12-30T00:00:00,212,2013-12-23T00:00:00,212,2013-12-16T00:00:00,4,2009-05-18T00:00:00,1,pdsi_severe_drought_in_harvesting
12,lasso,True,2013-12-23T00:00:00|2013-12-30T00:00:00,214,2013-12-30T00:00:00,212,2013-12-23T00:00:00,212,2013-12-16T00:00:00,4,2009-05-18T00:00:00,1,spi_7d_very_dry_in_planting
12,lasso,True,2013-12-23T00:00:00|2013-12-30T00:00:00,214,2013-12-30T00:00:00,212,2013-12-23T00:00:00,212,2013-12-16T00:00:00,4,2009-05-18T00:00:00,1,spi_7d_very_wet_in_harvesting
12,lasso,True,2013-12-23T00:00:00|2013-12-30T00:00:00,214,2013-12-30T00:00:00,212,2013-12-23T00:00:00,212,2013-12-16T00:00:00,4,2009-05-18T00:00:00,1,ssta_lanina
12,lasso,True,2013-12-23T00:00:00|2013-12-30T00:00:00,214,2013-12-30T00:00:00,212,2013-12-23T00:00:00,212,2013-12-16T00:00:00,4,2009-05-18T00:00:00,1,tmin_cold_in_harvesting
12,lasso,True,2013-12-23T00:00:00|2013-12-30T00:00:00,214,2013-12-30T00:00:00,212,2013-12-23T00:00:00,212,2013-12-16T00:00:00,4,2009-05-18T00:00:00,1,wheat_monthly_rv
12,lasso,True,2013-12-23T00:00:00|2013-12-30T00:00:00,214,2013-12-30T00:00:00,212,2013-12-23T00:00:00,212,2013-12-16T00:00:00,4,2009-05-18T00:00:00,1,wheat_seasonal_rv
12,lasso,True,2013-12-23T00:00:00|2013-12-30T00:00:00,214,2013-12-30T00:00:00,212,2013-12-23T00:00:00,212,2013-12-16T00:00:00,4,2009-05-18T00:00:00,1,wheat_weekly_rv
12,lasso,True,2014-01-27T00:00:00|2014-02-03T00:00:00,218,2014-02-03T00:00:00,216,2014-01-27T00:00:00,216,2014-01-13T00:00:00,8,2009-06-22T00:00:00,2,DJIA_Index
12,lasso,True,2014-01-27T00:00:00|2014-02-03T00:00:00,218,2014-02-03T00:00:00,216,2014-01-27T00:00:00,216,2014-01-13T00:00:00,8,2009-06-22T00:00:00,2,co2_extreme_in_harvesting
12,lasso,True,2014-01-27T00:00:00|2014-02-03T00:00:00,218,2014-02-03T00:00:00,216,2014-01-27T00:00:00,216,2014-01-13T00:00:00,8,2009-06-22T00:00:00,2,corn_weekly_rv
12,lasso,True,2014-01-27T00:00:00|2014-02-03T00:00:00,218,2014-02-03T00:00:00,216,2014-01-27T00:00:00,216,2014-01-13T00:00:00,8,2009-06-22T00:00:00,2,pdsi_extreme_wet_in_harvesting
12,lasso,True,2014-01-27T00:00:00|2014-02-03T00:00:00,218,2014-02-03T00:00:00,216,2014-01-27T00:00:00,216,2014-01-13T00:00:00,8,2009-06-22T00:00:00,2,pdsi_severe_drought_in_harvesting
12,lasso,True,2014-01-27T00:00:00|2014-02-03T00:00:00,218,2014-02-03T00:00:00,216,2014-01-27T00:00:00,216,2014-01-13T00:00:00,8,2009-06-22T00:00:00,2,spi_7d_very_dry_in_planting
12,lasso,True,2014-01-27T00:00:00|2014-02-03T00:00:00,218,2014-02-03T00:00:00,216,2014-01-27T00:00:00,216,2014-01-13T00:00:00,8,2009-06-22T00:00:00,2,spi_7d_very_wet_in_harvesting
12,lasso,True,2014-01-27T00:00:00|2014-02-03T00:00:00,218,2014-02-03T00:00:00,216,2014-01-27T00:00:00,216,2014-01-13T00:00:00,8,2009-06-22T00:00:00,2,ssta_lanina
12,lasso,True,2014-01-27T00:00:00|2014-02-03T00:00:00,218,2014-02-03T00:00:00,216,2014-01-27T00:00:00,216,2014-01-13T00:00:00,8,2009-06-22T00:00:00,2,tmin_cold_in_harvesting
12,lasso,True,2014-01-27T00:00:00|2014-02-03T00:00:00,218,2014-02-03T00:00:00,216,2014-01-27T00:00:00,216,2014-01-13T00:00:00,8,2009-06-22T00:00:00,2,wheat_monthly_rv
12,lasso,True,2014-01-27T00:00:00|2014-02-03T00:00:00,218,2014-02-03T00:00:00,216,2014-01-27T00:00:00,216,2014-01-13T00:00:00,8,2009-06-22T00:00:00,2,wheat_seasonal_rv
12,lasso,True,2014-01-27T00:00:00|2014-02-03T00:00:00,218,2014-02-03T00:00:00,216,2014-01-27T00:00:00,216,2014-01-13T00:00:00,8,2009-06-22T00:00:00,2,wheat_weekly_rv
12,lasso,True,2014-03-10T00:00:00|2014-03-24T00:00:00,222,2014-03-24T00:00:00,220,2014-03-10T00:00:00,220,2014-02-24T00:00:00,12,2009-07-20T00:00:00,3,DJIA_Index
12,lasso,True,2014-03-10T00:00:00|2014-03-24T00:00:00,222,2014-03-24T00:00:00,220,2014-03-10T00:00:00,220,2014-02-24T00:00:00,12,2009-07-20T00:00:00,3,co2_extreme_in_harvesting
12,lasso,True,2014-03-10T00:00:00|2014-03-24T00:00:00,222,2014-03-24T00:00:00,220,2014-03-10T00:00:00,220,2014-02-24T00:00:00,12,2009-07-20T00:00:00,3,corn_weekly_rv
12,lasso,True,2014-03-10T00:00:00|2014-03-24T00:00:00,222,2014-03-24T00:00:00,220,2014-03-10T00:00:00,220,2014-02-24T00:00:00,12,2009-07-20T00:00:00,3,pdsi_extreme_wet_in_harvesting
12,lasso,True,2014-03-10T00:00:00|2014-03-24T00:00:00,222,2014-03-24T00:00:00,220,2014-03-10T00:00:00,220,2014-02-24T00:00:00,12,2009-07-20T00:00:00,3,pdsi_severe_drought_in_harvesting
12,lasso,True,2014-03-10T00:00:00|2014-03-24T00:00:00,222,2014-03-24T00:00:00,220,2014-03-10T00:00:00,220,2014-02-24T00:00:00,12,2009-07-20T00:00:00,3,spi_7d_very_dry_in_planting
12,lasso,True,2014-03-10T00:00:00|2014-03-24T00:00:00,222,2014-03-24T00:00:00,220,2014-03-10T00:00:00,220,2014-02-24T00:00:00,12,2009-07-20T00:00:00,3,spi_7d_very_wet_in_harvesting
12,lasso,True,2014-03-10T00:00:00|2014-03-24T00:00:00,222,2014-03-24T00:00:00,220,2014-03-10T00:00:00,220,2014-02-24T00:00:00,12,2009-07-20T00:00:00,3,ssta_lanina
12,lasso,True,2014-03-10T00:00:00|2014-03-24T00:00:00,222,2014-03-24T00:00:00,220,2014-03-10T00:00:00,220,2014-02-24T00:00:00,12,2009-07-20T00:00:00,3,tmin_cold_in_harvesting
12,lasso,True,2014-03-10T00:00:00|2014-03-24T00:00:00,222,2014-03-24T00:00:00,220,2014-03-10T00:00:00,220,2014-02-24T00:00:00,12,2009-07-20T00:00:00,3,wheat_monthly_rv
12,lasso,True,2014-03-10T00:00:00|2014-03-24T00:00:00,222,2014-03-24T00:00:00,220,2014-03-10T00:00:00,220,2014-02-24T00:00:00,12,2009-07-20T00:00:00,3,wheat_seasonal_rv
12,lasso,True,2014-03-10T00:00:00|2014-03-24T00:00:00,222,2014-03-24T00:00:00,220,2014-03-10T00:00:00,220,2014-02-24T00:00:00,12,2009-07-20T00:00:00,3,wheat_weekly_rv
10,lasso,False,2014-04-14T00:00:00|2014-04-21T00:00:00,226,2014-04-21T00:00:00,224,2014-04-14T00:00:00,224,2014-04-07T00:00:00,16,2009-08-17T00:00:00,4,DJIA_Index
10,lasso,False,2014-04-14T00:00:00|2014-04-21T00:00:00,226,2014-04-21T00:00:00,224,2014-04-14T00:00:00,224,2014-04-07T00:00:00,16,2009-08-17T00:00:00,4,corn_weekly_rv
10,lasso,False,2014-04-14T00:00:00|2014-04-21T00:00:00,226,2014-04-21T00:00:00,224,2014-04-14T00:00:00,224,2014-04-07T00:00:00,16,2009-08-17T00:00:00,4,pdsi_extreme_wet_in_harvesting
10,lasso,False,2014-04-14T00:00:00|2014-04-21T00:00:00,226,2014-04-21T00:00:00,224,2014-04-14T00:00:00,224,2014-04-07T00:00:00,16,2009-08-17T00:00:00,4,pdsi_severe_drought_in_harvesting
10,lasso,False,2014-04-14T00:00:00|2014-04-21T00:00:00,226,2014-04-21T00:00:00,224,2014-04-14T00:00:00,224,2014-04-07T00:00:00,16,2009-08-17T00:00:00,4,spi_7d_very_dry_in_planting
10,lasso,False,2014-04-14T00:00:00|2014-04-21T00:00:00,226,2014-04-21T00:00:00,224,2014-04-14T00:00:00,224,2014-04-07T00:00:00,16,2009-08-17T00:00:00,4,ssta_lanina
10,lasso,False,2014-04-14T00:00:00|2014-04-21T00:00:00,226,2014-04-21T00:00:00,224,2014-04-14T00:00:00,224,2014-04-07T00:00:00,16,2009-08-17T00:00:00,4,tmin_cold_in_harvesting
10,lasso,False,2014-04-14T00:00:00|2014-04-21T00:00:00,226,2014-04-21T00:00:00,224,2014-04-14T00:00:00,224,2014-04-07T00:00:00,16,2009-08-17T00:00:00,4,wheat_monthly_rv
10,lasso,False,2014-04-14T00:00:00|2014-04-21T00:00:00,226,2014-04-21T00:00:00,224,2014-04-14T00:00:00,224,2014-04-07T00:00:00,16,2009-08-17T00:00:00,4,wheat_seasonal_rv
10,lasso,False,2014-04-14T00:00:00|2014-04-21T00:00:00,226,2014-04-21T00:00:00,224,2014-04-14T00:00:00,224,2014-04-07T00:00:00,16,2009-08-17T00:00:00,4,wheat_weekly_rv
10,lasso,True,2014-05-12T00:00:00|2014-05-19T00:00:00,230,2014-05-19T00:00:00,228,2014-05-12T00:00:00,228,2014-05-05T00:00:00,20,2009-09-21T00:00:00,5,DJIA_Index
10,lasso,True,2014-05-12T00:00:00|2014-05-19T00:00:00,230,2014-05-19T00:00:00,228,2014-05-12T00:00:00,228,2014-05-05T00:00:00,20,2009-09-21T00:00:00,5,corn_weekly_rv
10,lasso,True,2014-05-12T00:00:00|2014-05-19T00:00:00,230,2014-05-19T00:00:00,228,2014-05-12T00:00:00,228,2014-05-05T00:00:00,20,2009-09-21T00:00:00,5,pdsi_extreme_wet_in_harvesting
10,lasso,True,2014-05-12T00:00:00|2014-05-19T00:00:00,230,2014-05-19T00:00:00,228,2014-05-12T00:00:00,228,2014-05-05T00:00:00,20,2009-09-21T00:00:00,5,pdsi_severe_drought_in_harvesting
10,lasso,True,2014-05-12T00:00:00|2014-05-19T00:00:00,230,2014-05-19T00:00:00,228,2014-05-12T00:00:00,228,2014-05-05T00:00:00,20,2009-09-21T00:00:00,5,spi_7d_very_dry_in_planting
10,lasso,True,2014-05-12T00:00:00|2014-05-19T00:00:00,230,2014-05-19T00:00:00,228,2014-05-12T00:00:00,228,2014-05-05T00:00:00,20,2009-09-21T00:00:00,5,ssta_lanina
10,lasso,True,2014-05-12T00:00:00|2014-05-19T00:00:00,230,2014-05-19T00:00:00,228,2014-05-12T00:00:00,228,2014-05-05T00:00:00,20,2009-09-21T00:00:00,5,tmin_cold_in_harvesting
10,lasso,True,2014-05-12T00:00:00|2014-05-19T00:00:00,230,2014-05-19T00:00:00,228,2014-05-12T00:00:00,228,2014-05-05T00:00:00,20,2009-09-21T00:00:00,5,wheat_monthly_rv
10,lasso,True,2014-05-12T00:00:00|2014-05-19T00:00:00,230,2014-05-19T00:00:00,228,2014-05-12T00:00:00,228,2014-05-05T00:00:00,20,2009-09-21T00:00:00,5,wheat_seasonal_rv
10,lasso,True,2014-05-12T00:00:00|2014-05-19T00:00:00,230,2014-05-19T00:00:00,228,2014-05-12T00:00:00,228,2014-05-05T00:00:00,20,2009-09-21T00:00:00,5,wheat_weekly_rv
10,lasso,True,2014-06-16T00:00:00|2014-06-23T00:00:00,234,2014-06-23T00:00:00,232,2014-06-16T00:00:00,232,2014-06-09T00:00:00,24,2009-10-26T00:00:00,6,DJIA_Index
10,lasso,True,2014-06-16T00:00:00|2014-06-23T00:00:00,234,2014-06-23T00:00:00,232,2014-06-16T00:00:00,232,2014-06-09T00:00:00,24,2009-10-26T00:00:00,6,corn_weekly_rv
10,lasso,True,2014-06-16T00:00:00|2014-06-23T00:00:00,234,2014-06-23T00:00:00,232,2014-06-16T00:00:00,232,2014-06-09T00:00:00,24,2009-10-26T00:00:00,6,pdsi_extreme_wet_in_harvesting
10,lasso,True,2014-06-16T00:00:00|2014-06-23T00:00:00,234,2014-06-23T00:00:00,232,2014-06-16T00:00:00,232,2014-06-09T00:00:00,24,2009-10-26T00:00:00,6,pdsi_severe_drought_in_harvesting
10,lasso,True,2014-06-16T00:00:00|2014-06-23T00:00:00,234,2014-06-23T00:00:00,232,2014-06-16T00:00:00,232,2014-06-09T00:00:00,24,2009-10-26T00:00:00,6,spi_7d_very_dry_in_planting
10,lasso,True,2014-06-16T00:00:00|2014-06-23T00:00:00,234,2014-06-23T00:00:00,232,2014-06-16T00:00:00,232,2014-06-09T00:00:00,24,2009-10-26T00:00:00,6,ssta_lanina
10,lasso,True,2014-06-16T00:00:00|2014-06-23T00:00:00,234,2014-06-23T00:00:00,232,2014-06-16T00:00:00,232,2014-06-09T00:00:00,24,2009-10-26T00:00:00,6,tmin_cold_in_harvesting
10,lasso,True,2014-06-16T00:00:00|2014-06-23T00:00:00,234,2014-06-23T00:00:00,232,2014-06-16T00:00:00,232,2014-06-09T00:00:00,24,2009-10-26T00:00:00,6,wheat_monthly_rv
10,lasso,True,2014-06-16T00:00:00|2014-06-23T00:00:00,234,2014-06-23T00:00:00,232,2014-06-16T00:00:00,232,2014-06-09T00:00:00,24,2009-10-26T00:00:00,6,wheat_seasonal_rv
10,lasso,True,2014-06-16T00:00:00|2014-06-23T00:00:00,234,2014-06-23T00:00:00,232,2014-06-16T00:00:00,232,2014-06-09T00:00:00,24,2009-10-26T00:00:00,6,wheat_weekly_rv
10,lasso,True,2014-07-14T00:00:00|2014-07-21T00:00:00,238,2014-07-21T00:00:00,236,2014-07-14T00:00:00,236,2014-07-07T00:00:00,28,2009-11-23T00:00:00,7,DJIA_Index
10,lasso,True,2014-07-14T00:00:00|2014-07-21T00:00:00,238,2014-07-21T00:00:00,236,2014-07-14T00:00:00,236,2014-07-07T00:00:00,28,2009-11-23T00:00:00,7,corn_weekly_rv
10,lasso,True,2014-07-14T00:00:00|2014-07-21T00:00:00,238,2014-07-21T00:00:00,236,2014-07-14T00:00:00,236,2014-07-07T00:00:00,28,2009-11-23T00:00:00,7,pdsi_extreme_wet_in_harvesting
10,lasso,True,2014-07-14T00:00:00|2014-07-21T00:00:00,238,2014-07-21T00:00:00,236,2014-07-14T00:00:00,236,2014-07-07T00:00:00,28,2009-11-23T00:00:00,7,pdsi_severe_drought_in_harvesting
10,lasso,True,2014-07-14T00:00:00|2014-07-21T00:00:00,238,2014-07-21T00:00:00,236,2014-07-14T00:00:00,236,2014-07-07T00:00:00,28,2009-11-23T00:00:00,7,spi_7d_very_dry_in_planting
10,lasso,True,2014-07-14T00:00:00|2014-07-21T00:00:00,238,2014-07-21T00:00:00,236,2014-07-14T00:00:00,236,2014-07-07T00:00:00,28,2009-11-23T00:00:00,7,ssta_lanina
10,lasso,True,2014-07-14T00:00:00|2014-07-21T00:00:00,238,2014-07-21T00:00:00,236,2014-07-14T00:00:00,236,2014-07-07T00:00:00,28,2009-11-23T00:00:00,7,tmin_cold_in_harvesting
10,lasso,True,2014-07-14T00:00:00|2014-07-21T00:00:00,238,2014-07-21T00:00:00,236,2014-07-14T00:00:00,236,2014-07-07T00:00:00,28,2009-11-23T00:00:00,7,wheat_monthly_rv
10,lasso,True,2014-07-14T00:00:00|2014-07-21T00:00:00,238,2014-07-21T00:00:00,236,2014-07-14T00:00:00,236,2014-07-07T00:00:00,28,2009-11-23T00:00:00,7,wheat_seasonal_rv
10,lasso,True,2014-07-14T00:00:00|2014-07-21T00:00:00,238,2014-07-21T00:00:00,236,2014-07-14T00:00:00,236,2014-07-07T00:00:00,28,2009-11-23T00:00:00,7,wheat_weekly_rv
9,lasso,False,2014-08-11T00:00:00|2014-08-18T00:00:00,242,2014-08-18T00:00:00,240,2014-08-11T00:00:00,240,2014-08-04T00:00:00,32,2009-12-28T00:00:00,8,DJIA_Index
9,lasso,False,2014-08-11T00:00:00|2014-08-18T00:00:00,242,2014-08-18T00:00:00,240,2014-08-11T00:00:00,240,2014-08-04T00:00:00,32,2009-12-28T00:00:00,8,pdsi_extreme_wet_in_harvesting
9,lasso,False,2014-08-11T00:00:00|2014-08-18T00:00:00,242,2014-08-18T00:00:00,240,2014-08-11T00:00:00,240,2014-08-04T00:00:00,32,2009-12-28T00:00:00,8,pdsi_severe_drought_in_harvesting
9,lasso,False,2014-08-11T00:00:00|2014-08-18T00:00:00,242,2014-08-18T00:00:00,240,2014-08-11T00:00:00,240,2014-08-04T00:00:00,32,2009-12-28T00:00:00,8,ssta_lanina
9,lasso,False,2014-08-11T00:00:00|2014-08-18T00:00:00,242,2014-08-18T00:00:00,240,2014-08-11T00:00:00,240,2014-08-04T00:00:00,32,2009-12-28T00:00:00,8,tmin_cold_in_harvesting
9,lasso,False,2014-08-11T00:00:00|2014-08-18T00:00:00,242,2014-08-18T00:00:00,240,2014-08-11T00:00:00,240,2014-08-04T00:00:00,32,2009-12-28T00:00:00,8,tmin_cold_in_planting
9,lasso,False,2014-08-11T00:00:00|2014-08-18T00:00:00,242,2014-08-18T00:00:00,240,2014-08-11T00:00:00,240,2014-08-04T00:00:00,32,2009-12-28T00:00:00,8,wheat_monthly_rv
9,lasso,False,2014-08-11T00:00:00|2014-08-18T00:00:00,242,2014-08-18T00:00:00,240,2014-08-11T00:00:00,240,2014-08-04T00:00:00,32,2009-12-28T00:00:00,8,wheat_seasonal_rv
9,lasso,False,2014-08-11T00:00:00|2014-08-18T00:00:00,242,2014-08-18T00:00:00,240,2014-08-11T00:00:00,240,2014-08-04T00:00:00,32,2009-12-28T00:00:00,8,wheat_weekly_rv
9,lasso,True,2014-09-15T00:00:00|2014-09-22T00:00:00,246,2014-09-22T00:00:00,244,2014-09-15T00:00:00,244,2014-09-08T00:00:00,36,2010-02-01T00:00:00,9,DJIA_Index
9,lasso,True,2014-09-15T00:00:00|2014-09-22T00:00:00,246,2014-09-22T00:00:00,244,2014-09-15T00:00:00,244,2014-09-08T00:00:00,36,2010-02-01T00:00:00,9,pdsi_extreme_wet_in_harvesting
9,lasso,True,2014-09-15T00:00:00|2014-09-22T00:00:00,246,2014-09-22T00:00:00,244,2014-09-15T00:00:00,244,2014-09-08T00:00:00,36,2010-02-01T00:00:00,9,pdsi_severe_drought_in_harvesting
9,lasso,True,2014-09-15T00:00:00|2014-09-22T00:00:00,246,2014-09-22T00:00:00,244,2014-09-15T00:00:00,244,2014-09-08T00:00:00,36,2010-02-01T00:00:00,9,ssta_lanina
9,lasso,True,2014-09-15T00:00:00|2014-09-22T00:00:00,246,2014-09-22T00:00:00,244,2014-09-15T00:00:00,244,2014-09-08T00:00:00,36,2010-02-01T00:00:00,9,tmin_cold_in_harvesting
9,lasso,True,2014-09-15T00:00:00|2014-09-22T00:00:00,246,2014-09-22T00:00:00,244,2014-09-15T00:00:00,244,2014-09-08T00:00:00,36,2010-02-01T00:00:00,9,tmin_cold_in_planting
9,lasso,True,2014-09-15T00:00:00|2014-09-22T00:00:00,246,2014-09-22T00:00:00,244,2014-09-15T00:00:00,244,2014-09-08T00:00:00,36,2010-02-01T00:00:00,9,wheat_monthly_rv
9,lasso,True,2014-09-15T00:00:00|2014-09-22T00:00:00,246,2014-09-22T00:00:00,244,2014-09-15T00:00:00,244,2014-09-08T00:00:00,36,2010-02-01T00:00:00,9,wheat_seasonal_rv
9,lasso,True,2014-09-15T00:00:00|2014-09-22T00:00:00,246,2014-09-22T00:00:00,244,2014-09-15T00:00:00,244,2014-09-08T00:00:00,36,2010-02-01T00:00:00,9,wheat_weekly_rv
9,lasso,True,2014-10-20T00:00:00|2014-10-27T00:00:00,250,2014-10-27T00:00:00,248,2014-10-20T00:00:00,248,2014-10-06T00:00:00,40,2010-03-15T00:00:00,10,DJIA_Index
9,lasso,True,2014-10-20T00:00:00|2014-10-27T00:00:00,250,2014-10-27T00:00:00,248,2014-10-20T00:00:00,248,2014-10-06T00:00:00,40,2010-03-15T00:00:00,10,pdsi_extreme_wet_in_harvesting
9,lasso,True,2014-10-20T00:00:00|2014-10-27T00:00:00,250,2014-10-27T00:00:00,248,2014-10-20T00:00:00,248,2014-10-06T00:00:00,40,2010-03-15T00:00:00,10,pdsi_severe_drought_in_harvesting
9,lasso,True,2014-10-20T00:00:00|2014-10-27T00:00:00,250,2014-10-27T00:00:00,248,2014-10-20T00:00:00,248,2014-10-06T00:00:00,40,2010-03-15T00:00:00,10,ssta_lanina
9,lasso,True,2014-10-20T00:00:00|2014-10-27T00:00:00,250,2014-10-27T00:00:00,248,2014-10-20T00:00:00,248,2014-10-06T00:00:00,40,2010-03-15T00:00:00,10,tmin_cold_in_harvesting
9,lasso,True,2014-10-20T00:00:00|2014-10-27T00:00:00,250,2014-10-27T00:00:00,248,2014-10-20T00:00:00,248,2014-10-06T00:00:00,40,2010-03-15T00:00:00,10,tmin_cold_in_planting
9,lasso,True,2014-10-20T00:00:00|2014-10-27T00:00:00,250,2014-10-27T00:00:00,248,2014-10-20T00:00:00,248,2014-10-06T00:00:00,40,2010-03-15T00:00:00,10,wheat_monthly_rv
9,lasso,True,2014-10-20T00:00:00|2014-10-27T00:00:00,250,2014-10-27T00:00:00,248,2014-10-20T00:00:00,248,2014-10-06T00:00:00,40,2010-03-15T00:00:00,10,wheat_seasonal_rv
9,lasso,True,2014-10-20T00:00:00|2014-10-27T00:00:00,250,2014-10-27T00:00:00,248,2014-10-20T00:00:00,248,2014-10-06T00:00:00,40,2010-03-15T00:00:00,10,wheat_weekly_rv
9,lasso,True,2014-11-17T00:00:00|2014-11-24T00:00:00,254,2014-11-24T00:00:00,252,2014-11-17T00:00:00,252,2014-11-10T00:00:00,44,2010-04-12T00:00:00,11,DJIA_Index
9,lasso,True,2014-11-17T00:00:00|2014-11-24T00:00:00,254,2014-11-24T00:00:00,252,2014-11-17T00:00:00,252,2014-11-10T00:00:00,44,2010-04-12T00:00:00,11,pdsi_extreme_wet_in_harvesting
9,lasso,True,2014-11-17T00:00:00|2014-11-24T00:00:00,254,2014-11-24T00:00:00,252,2014-11-17T00:00:00,252,2014-11-10T00:00:00,44,2010-04-12T00:00:00,11,pdsi_severe_drought_in_harvesting
9,lasso,True,2014-11-17T00:00:00|2014-11-24T00:00:00,254,2014-11-24T00:00:00,252,2014-11-17T00:00:00,252,2014-11-10T00:00:00,44,2010-04-12T00:00:00,11,ssta_lanina
9,lasso,True,2014-11-17T00:00:00|2014-11-24T00:00:00,254,2014-11-24T00:00:00,252,2014-11-17T00:00:00,252,2014-11-10T00:00:00,44,2010-04-12T00:00:00,11,tmin_cold_in_harvesting
9,lasso,True,2014-11-17T00:00:00|2014-11-24T00:00:00,254,2014-11-24T00:00:00,252,2014-11-17T00:00:00,252,2014-11-10T00:00:00,44,2010-04-12T00:00:00,11,tmin_cold_in_planting
9,lasso,True,2014-11-17T00:00:00|2014-11-24T00:00:00,254,2014-11-24T00:00:00,252,2014-11-17T00:00:00,252,2014-11-10T00:00:00,44,2010-04-12T00:00:00,11,wheat_monthly_rv
9,lasso,True,2014-11-17T00:00:00|2014-11-24T00:00:00,254,2014-11-24T00:00:00,252,2014-11-17T00:00:00,252,2014-11-10T00:00:00,44,2010-04-12T00:00:00,11,wheat_seasonal_rv
9,lasso,True,2014-11-17T00:00:00|2014-11-24T00:00:00,254,2014-11-24T00:00:00,252,2014-11-17T00:00:00,252,2014-11-10T00:00:00,44,2010-04-12T00:00:00,11,wheat_weekly_rv
5,lasso,False,2014-12-15T00:00:00|2014-12-22T00:00:00,258,2014-12-22T00:00:00,256,2014-12-15T00:00:00,256,2014-12-08T00:00:00,48,2010-05-10T00:00:00,12,DJIA_Index
5,lasso,False,2014-12-15T00:00:00|2014-12-22T00:00:00,258,2014-12-22T00:00:00,256,2014-12-15T00:00:00,256,2014-12-08T00:00:00,48,2010-05-10T00:00:00,12,tmin_cold_in_harvesting
5,lasso,False,2014-12-15T00:00:00|2014-12-22T00:00:00,258,2014-12-22T00:00:00,256,2014-12-15T00:00:00,256,2014-12-08T00:00:00,48,2010-05-10T00:00:00,12,wheat_monthly_rv
5,lasso,False,2014-12-15T00:00:00|2014-12-22T00:00:00,258,2014-12-22T00:00:00,256,2014-12-15T00:00:00,256,2014-12-08T00:00:00,48,2010-05-10T00:00:00,12,wheat_seasonal_rv
5,lasso,False,2014-12-15T00:00:00|2014-12-22T00:00:00,258,2014-12-22T00:00:00,256,2014-12-15T00:00:00,256,2014-12-08T00:00:00,48,2010-05-10T00:00:00,12,wheat_weekly_rv
5,lasso,True,2015-01-12T00:00:00|2015-01-26T00:00:00,262,2015-01-26T00:00:00,260,2015-01-12T00:00:00,260,2015-01-05T00:00:00,52,2010-06-14T00:00:00,13,DJIA_Index
5,lasso,True,2015-01-12T00:00:00|2015-01-26T00:00:00,262,2015-01-26T00:00:00,260,2015-01-12T00:00:00,260,2015-01-05T00:00:00,52,2010-06-14T00:00:00,13,tmin_cold_in_harvesting
5,lasso,True,2015-01-12T00:00:00|2015-01-26T00:00:00,262,2015-01-26T00:00:00,260,2015-01-12T00:00:00,260,2015-01-05T00:00:00,52,2010-06-14T00:00:00,13,wheat_monthly_rv
5,lasso,True,2015-01-12T00:00:00|2015-01-26T00:00:00,262,2015-01-26T00:00:00,260,2015-01-12T00:00:00,260,2015-01-05T00:00:00,52,2010-06-14T00:00:00,13,wheat_seasonal_rv
5,lasso,True,2015-01-12T00:00:00|2015-01-26T00:00:00,262,2015-01-26T00:00:00,260,2015-01-12T00:00:00,260,2015-01-05T00:00:00,52,2010-06-14T00:00:00,13,wheat_weekly_rv
5,lasso,True,2015-02-23T00:00:00|2015-03-02T00:00:00,266,2015-03-02T00:00:00,264,2015-02-23T00:00:00,264,2015-02-09T00:00:00,56,2010-07-19T00:00:00,14,DJIA_Index
5,lasso,True,2015-02-23T00:00:00|2015-03-02T00:00:00,266,2015-03-02T00:00:00,264,2015-02-23T00:00:00,264,2015-02-09T00:00:00,56,2010-07-19T00:00:00,14,tmin_cold_in_harvesting
5,lasso,True,2015-02-23T00:00:00|2015-03-02T00:00:00,266,2015-03-02T00:00:00,264,2015-02-23T00:00:00,264,2015-02-09T00:00:00,56,2010-07-19T00:00:00,14,wheat_monthly_rv
5,lasso,True,2015-02-23T00:00:00|2015-03-02T00:00:00,266,2015-03-02T00:00:00,264,2015-02-23T00:00:00,264,2015-02-09T00:00:00,56,2010-07-19T00:00:00,14,wheat_seasonal_rv
5,lasso,True,2015-02-23T00:00:00|2015-03-02T00:00:00,266,2015-03-02T00:00:00,264,2015-02-23T00:00:00,264,2015-02-09T00:00:00,56,2010-07-19T00:00:00,14,wheat_weekly_rv
5,lasso,True,2015-03-23T00:00:00|2015-03-30T00:00:00,270,2015-03-30T00:00:00,268,2015-03-23T00:00:00,268,2015-03-16T00:00:00,60,2010-08-16T00:00:00,15,DJIA_Index
5,lasso,True,2015-03-23T00:00:00|2015-03-30T00:00:00,270,2015-03-30T00:00:00,268,2015-03-23T00:00:00,268,2015-03-16T00:00:00,60,2010-08-16T00:00:00,15,tmin_cold_in_harvesting
5,lasso,True,2015-03-23T00:00:00|2015-03-30T00:00:00,270,2015-03-30T00:00:00,268,2015-03-23T00:00:00,268,2015-03-16T00:00:00,60,2010-08-16T00:00:00,15,wheat_monthly_rv
5,lasso,True,2015-03-23T00:00:00|2015-03-30T00:00:00,270,2015-03-30T00:00:00,268,2015-03-23T00:00:00,268,2015-03-16T00:00:00,60,2010-08-16T00:00:00,15,wheat_seasonal_rv
5,lasso,True,2015-03-23T00:00:00|2015-03-30T00:00:00,270,2015-03-30T00:00:00,268,2015-03-23T00:00:00,268,2015-03-16T00:00:00,60,2010-08-16T00:00:00,15,wheat_weekly_rv
4,lasso,False,2015-04-20T00:00:00|2015-04-27T00:00:00,274,2015-04-27T00:00:00,272,2015-04-20T00:00:00,272,2015-04-13T00:00:00,64,2010-09-20T00:00:00,16,tmin_cold_in_harvesting
4,lasso,False,2015-04-20T00:00:00|2015-04-27T00:00:00,274,2015-04-27T00:00:00,272,2015-04-20T00:00:00,272,2015-04-13T00:00:00,64,2010-09-20T00:00:00,16,wheat_monthly_rv
4,lasso,False,2015-04-20T00:00:00|2015-04-27T00:00:00,274,2015-04-27T00:00:00,272,2015-04-20T00:00:00,272,2015-04-13T00:00:00,64,2010-09-20T00:00:00,16,wheat_seasonal_rv
4,lasso,False,2015-04-20T00:00:00|2015-04-27T00:00:00,274,2015-04-27T00:00:00,272,2015-04-20T00:00:00,272,2015-04-13T00:00:00,64,2010-09-20T00:00:00,16,wheat_weekly_rv
4,lasso,True,2015-05-18T00:00:00|2015-06-01T00:00:00,278,2015-06-01T00:00:00,276,2015-05-18T00:00:00,276,2015-05-11T00:00:00,68,2010-10-25T00:00:00,17,tmin_cold_in_harvesting
4,lasso,True,2015-05-18T00:00:00|2015-06-01T00:00:00,278,2015-06-01T00:00:00,276,2015-05-18T00:00:00,276,2015-05-11T00:00:00,68,2010-10-25T00:00:00,17,wheat_monthly_rv
4,lasso,True,2015-05-18T00:00:00|2015-06-01T00:00:00,278,2015-06-01T00:00:00,276,2015-05-18T00:00:00,276,2015-05-11T00:00:00,68,2010-10-25T00:00:00,17,wheat_seasonal_rv
4,lasso,True,2015-05-18T00:00:00|2015-06-01T00:00:00,278,2015-06-01T00:00:00,276,2015-05-18T00:00:00,276,2015-05-11T00:00:00,68,2010-10-25T00:00:00,17,wheat_weekly_rv
4,lasso,True,2015-06-22T00:00:00|2015-06-29T00:00:00,282,2015-06-29T00:00:00,280,2015-06-22T00:00:00,280,2015-06-15T00:00:00,72,2010-11-22T00:00:00,18,tmin_cold_in_harvesting
4,lasso,True,2015-06-22T00:00:00|2015-06-29T00:00:00,282,2015-06-29T00:00:00,280,2015-06-22T00:00:00,280,2015-06-15T00:00:00,72,2010-11-22T00:00:00,18,wheat_monthly_rv
4,lasso,True,2015-06-22T00:00:00|2015-06-29T00:00:00,282,2015-06-29T00:00:00,280,2015-06-22T00:00:00,280,2015-06-15T00:00:00,72,2010-11-22T00:00:00,18,wheat_seasonal_rv
4,lasso,True,2015-06-22T00:00:00|2015-06-29T00:00:00,282,2015-06-29T00:00:00,280,2015-06-22T00:00:00,280,2015-06-15T00:00:00,72,2010-11-22T00:00:00,18,wheat_weekly_rv
4,lasso,True,2015-07-20T00:00:00|2015-07-27T00:00:00,286,2015-07-27T00:00:00,284,2015-07-20T00:00:00,284,2015-07-13T00:00:00,76,2010-12-20T00:00:00,19,tmin_cold_in_harvesting
4,lasso,True,2015-07-20T00:00:00|2015-07-27T00:00:00,286,2015-07-27T00:00:00,284,2015-07-20T00:00:00,284,2015-07-13T00:00:00,76,2010-12-20T00:00:00,19,wheat_monthly_rv
4,lasso,True,2015-07-20T00:00:00|2015-07-27T00:00:00,286,2015-07-27T00:00:00,284,2015-07-20T00:00:00,284,2015-07-13T00:00:00,76,2010-12-20T00:00:00,19,wheat_seasonal_rv
4,lasso,True,2015-07-20T00:00:00|2015-07-27T00:00:00,286,2015-07-27T00:00:00,284,2015-07-20T00:00:00,284,2015-07-13T00:00:00,76,2010-12-20T00:00:00,19,wheat_weekly_rv
5,lasso,False,2015-08-17T00:00:00|2015-08-24T00:00:00,290,2015-08-24T00:00:00,288,2015-08-17T00:00:00,288,2015-08-10T00:00:00,80,2011-01-24T00:00:00,20,pdsi_severe_drought_in_harvesting
5,lasso,False,2015-08-17T00:00:00|2015-08-24T00:00:00,290,2015-08-24T00:00:00,288,2015-08-17T00:00:00,288,2015-08-10T00:00:00,80,2011-01-24T00:00:00,20,tmin_cold_in_harvesting
5,lasso,False,2015-08-17T00:00:00|2015-08-24T00:00:00,290,2015-08-24T00:00:00,288,2015-08-17T00:00:00,288,2015-08-10T00:00:00,80,2011-01-24T00:00:00,20,wheat_monthly_rv
5,lasso,False,2015-08-17T00:00:00|2015-08-24T00:00:00,290,2015-08-24T00:00:00,288,2015-08-17T00:00:00,288,2015-08-10T00:00:00,80,2011-01-24T00:00:00,20,wheat_seasonal_rv
5,lasso,False,2015-08-17T00:00:00|2015-08-24T00:00:00,290,2015-08-24T00:00:00,288,2015-08-17T00:00:00,288,2015-08-10T00:00:00,80,2011-01-24T00:00:00,20,wheat_weekly_rv
5,lasso,True,2015-09-21T00:00:00|2015-09-28T00:00:00,294,2015-09-28T00:00:00,292,2015-09-21T00:00:00,292,2015-09-14T00:00:00,84,2011-02-28T00:00:00,21,pdsi_severe_drought_in_harvesting
5,lasso,True,2015-09-21T00:00:00|2015-09-28T00:00:00,294,2015-09-28T00:00:00,292,2015-09-21T00:00:00,292,2015-09-14T00:00:00,84,2011-02-28T00:00:00,21,tmin_cold_in_harvesting
5,lasso,True,2015-09-21T00:00:00|2015-09-28T00:00:00,294,2015-09-28T00:00:00,292,2015-09-21T00:00:00,292,2015-09-14T00:00:00,84,2011-02-28T00:00:00,21,wheat_monthly_rv
5,lasso,True,2015-09-21T00:00:00|2015-09-28T00:00:00,294,2015-09-28T00:00:00,292,2015-09-21T00:00:00,292,2015-09-14T00:00:00,84,2011-02-28T00:00:00,21,wheat_seasonal_rv
5,lasso,True,2015-09-21T00:00:00|2015-09-28T00:00:00,294,2015-09-28T00:00:00,292,2015-09-21T00:00:00,292,2015-09-14T00:00:00,84,2011-02-28T00:00:00,21,wheat_weekly_rv
5,lasso,True,2015-10-26T00:00:00|2015-11-02T00:00:00,298,2015-11-02T00:00:00,296,2015-10-26T00:00:00,296,2015-10-19T00:00:00,88,2011-03-28T00:00:00,22,pdsi_severe_drought_in_harvesting
5,lasso,True,2015-10-26T00:00:00|2015-11-02T00:00:00,298,2015-11-02T00:00:00,296,2015-10-26T00:00:00,296,2015-10-19T00:00:00,88,2011-03-28T00:00:00,22,tmin_cold_in_harvesting
5,lasso,True,2015-10-26T00:00:00|2015-11-02T00:00:00,298,2015-11-02T00:00:00,296,2015-10-26T00:00:00,296,2015-10-19T00:00:00,88,2011-03-28T00:00:00,22,wheat_monthly_rv
5,lasso,True,2015-10-26T00:00:00|2015-11-02T00:00:00,298,2015-11-02T00:00:00,296,2015-10-26T00:00:00,296,2015-10-19T00:00:00,88,2011-03-28T00:00:00,22,wheat_seasonal_rv
5,lasso,True,2015-10-26T00:00:00|2015-11-02T00:00:00,298,2015-11-02T00:00:00,296,2015-10-26T00:00:00,296,2015-10-19T00:00:00,88,2011-03-28T00:00:00,22,wheat_weekly_rv
5,lasso,True,2015-11-23T00:00:00|2015-11-30T00:00:00,302,2015-11-30T00:00:00,300,2015-11-23T00:00:00,300,2015-11-16T00:00:00,92,2011-04-25T00:00:00,23,pdsi_severe_drought_in_harvesting
5,lasso,True,2015-11-23T00:00:00|2015-11-30T00:00:00,302,2015-11-30T00:00:00,300,2015-11-23T00:00:00,300,2015-11-16T00:00:00,92,2011-04-25T00:00:00,23,tmin_cold_in_harvesting
5,lasso,True,2015-11-23T00:00:00|2015-11-30T00:00:00,302,2015-11-30T00:00:00,300,2015-11-23T00:00:00,300,2015-11-16T00:00:00,92,2011-04-25T00:00:00,23,wheat_monthly_rv
5,lasso,True,2015-11-23T00:00:00|2015-11-30T00:00:00,302,2015-11-30T00:00:00,300,2015-11-23T00:00:00,300,2015-11-16T00:00:00,92,2011-04-25T00:00:00,23,wheat_seasonal_rv
5,lasso,True,2015-11-23T00:00:00|2015-11-30T00:00:00,302,2015-11-30T00:00:00,300,2015-11-23T00:00:00,300,2015-11-16T00:00:00,92,2011-04-25T00:00:00,23,wheat_weekly_rv
14,lasso,False,2015-12-21T00:00:00|2015-12-28T00:00:00,306,2015-12-28T00:00:00,304,2015-12-21T00:00:00,304,2015-12-14T00:00:00,96,2011-05-23T00:00:00,24,NAO_index
14,lasso,False,2015-12-21T00:00:00|2015-12-28T00:00:00,306,2015-12-28T00:00:00,304,2015-12-21T00:00:00,304,2015-12-14T00:00:00,96,2011-05-23T00:00:00,24,awnd_moderate_high_wind_in_planting
14,lasso,False,2015-12-21T00:00:00|2015-12-28T00:00:00,306,2015-12-28T00:00:00,304,2015-12-21T00:00:00,304,2015-12-14T00:00:00,96,2011-05-23T00:00:00,24,pdsi_extreme_drought_in_planting
14,lasso,False,2015-12-21T00:00:00|2015-12-28T00:00:00,306,2015-12-28T00:00:00,304,2015-12-21T00:00:00,304,2015-12-14T00:00:00,96,2011-05-23T00:00:00,24,pdsi_extreme_wet_in_planting
14,lasso,False,2015-12-21T00:00:00|2015-12-28T00:00:00,306,2015-12-28T00:00:00,304,2015-12-21T00:00:00,304,2015-12-14T00:00:00,96,2011-05-23T00:00:00,24,pdsi_severe_drought_in_harvesting
14,lasso,False,2015-12-21T00:00:00|2015-12-28T00:00:00,306,2015-12-28T00:00:00,304,2015-12-21T00:00:00,304,2015-12-14T00:00:00,96,2011-05-23T00:00:00,24,spi_7d_extreme_dry_in_harvesting
14,lasso,False,2015-12-21T00:00:00|2015-12-28T00:00:00,306,2015-12-28T00:00:00,304,2015-12-21T00:00:00,304,2015-12-14T00:00:00,96,2011-05-23T00:00:00,24,spi_7d_very_dry_in_harvesting
14,lasso,False,2015-12-21T00:00:00|2015-12-28T00:00:00,306,2015-12-28T00:00:00,304,2015-12-21T00:00:00,304,2015-12-14T00:00:00,96,2011-05-23T00:00:00,24,tmin_cold_in_harvesting
14,lasso,False,2015-12-21T00:00:00|2015-12-28T00:00:00,306,2015-12-28T00:00:00,304,2015-12-21T00:00:00,304,2015-12-14T00:00:00,96,2011-05-23T00:00:00,24,tmin_very_cold_in_harvesting
14,lasso,False,2015-12-21T00:00:00|2015-12-28T00:00:00,306,2015-12-28T00:00:00,304,2015-12-21T00:00:00,304,2015-12-14T00:00:00,96,2011-05-23T00:00:00,24,tmin_very_cold_in_planting
14,lasso,False,2015-12-21T00:00:00|2015-12-28T00:00:00,306,2015-12-28T00:00:00,304,2015-12-21T00:00:00,304,2015-12-14T00:00:00,96,2011-05-23T00:00:00,24,wheat_monthly_rv
14,lasso,False,2015-12-21T00:00:00|2015-12-28T00:00:00,306,2015-12-28T00:00:00,304,2015-12-21T00:00:00,304,2015-12-14T00:00:00,96,2011-05-23T00:00:00,24,wheat_seasonal_rv
14,lasso,False,2015-12-21T00:00:00|2015-12-28T00:00:00,306,2015-12-28T00:00:00,304,2015-12-21T00:00:00,304,2015-12-14T00:00:00,96,2011-05-23T00:00:00,24,wheat_weekly_rv
14,lasso,False,2015-12-21T00:00:00|2015-12-28T00:00:00,306,2015-12-28T00:00:00,304,2015-12-21T00:00:00,304,2015-12-14T00:00:00,96,2011-05-23T00:00:00,24,wheat_weekly_rvg
14,lasso,True,2016-02-01T00:00:00|2016-02-08T00:00:00,310,2016-02-08T00:00:00,308,2016-02-01T00:00:00,308,2016-01-11T00:00:00,100,2011-06-27T00:00:00,25,NAO_index
14,lasso,True,2016-02-01T00:00:00|2016-02-08T00:00:00,310,2016-02-08T00:00:00,308,2016-02-01T00:00:00,308,2016-01-11T00:00:00,100,2011-06-27T00:00:00,25,awnd_moderate_high_wind_in_planting
14,lasso,True,2016-02-01T00:00:00|2016-02-08T00:00:00,310,2016-02-08T00:00:00,308,2016-02-01T00:00:00,308,2016-01-11T00:00:00,100,2011-06-27T00:00:00,25,pdsi_extreme_drought_in_planting
14,lasso,True,2016-02-01T00:00:00|2016-02-08T00:00:00,310,2016-02-08T00:00:00,308,2016-02-01T00:00:00,308,2016-01-11T00:00:00,100,2011-06-27T00:00:00,25,pdsi_extreme_wet_in_planting
14,lasso,True,2016-02-01T00:00:00|2016-02-08T00:00:00,310,2016-02-08T00:00:00,308,2016-02-01T00:00:00,308,2016-01-11T00:00:00,100,2011-06-27T00:00:00,25,pdsi_severe_drought_in_harvesting
14,lasso,True,2016-02-01T00:00:00|2016-02-08T00:00:00,310,2016-02-08T00:00:00,308,2016-02-01T00:00:00,308,2016-01-11T00:00:00,100,2011-06-27T00:00:00,25,spi_7d_extreme_dry_in_harvesting
14,lasso,True,2016-02-01T00:00:00|2016-02-08T00:00:00,310,2016-02-08T00:00:00,308,2016-02-01T00:00:00,308,2016-01-11T00:00:00,100,2011-06-27T00:00:00,25,spi_7d_very_dry_in_harvesting
14,lasso,True,2016-02-01T00:00:00|2016-02-08T00:00:00,310,2016-02-08T00:00:00,308,2016-02-01T00:00:00,308,2016-01-11T00:00:00,100,2011-06-27T00:00:00,25,tmin_cold_in_harvesting
14,lasso,True,2016-02-01T00:00:00|2016-02-08T00:00:00,310,2016-02-08T00:00:00,308,2016-02-01T00:00:00,308,2016-01-11T00:00:00,100,2011-06-27T00:00:00,25,tmin_very_cold_in_harvesting
14,lasso,True,2016-02-01T00:00:00|2016-02-08T00:00:00,310,2016-02-08T00:00:00,308,2016-02-01T00:00:00,308,2016-01-11T00:00:00,100,2011-06-27T00:00:00,25,tmin_very_cold_in_planting
14,lasso,True,2016-02-01T00:00:00|2016-02-08T00:00:00,310,2016-02-08T00:00:00,308,2016-02-01T00:00:00,308,2016-01-11T00:00:00,100,2011-06-27T00:00:00,25,wheat_monthly_rv
14,lasso,True,2016-02-01T00:00:00|2016-02-08T00:00:00,310,2016-02-08T00:00:00,308,2016-02-01T00:00:00,308,2016-01-11T00:00:00,100,2011-06-27T00:00:00,25,wheat_seasonal_rv
14,lasso,True,2016-02-01T00:00:00|2016-02-08T00:00:00,310,2016-02-08T00:00:00,308,2016-02-01T00:00:00,308,2016-01-11T00:00:00,100,2011-06-27T00:00:00,25,wheat_weekly_rv
14,lasso,True,2016-02-01T00:00:00|2016-02-08T00:00:00,310,2016-02-08T00:00:00,308,2016-02-01T00:00:00,308,2016-01-11T00:00:00,100,2011-06-27T00:00:00,25,wheat_weekly_rvg
14,lasso,True,2016-03-07T00:00:00|2016-03-14T00:00:00,314,2016-03-14T00:00:00,312,2016-03-07T00:00:00,312,2016-02-29T00:00:00,104,2011-08-01T00:00:00,26,NAO_index
14,lasso,True,2016-03-07T00:00:00|2016-03-14T00:00:00,314,2016-03-14T00:00:00,312,2016-03-07T00:00:00,312,2016-02-29T00:00:00,104,2011-08-01T00:00:00,26,awnd_moderate_high_wind_in_planting
14,lasso,True,2016-03-07T00:00:00|2016-03-14T00:00:00,314,2016-03-14T00:00:00,312,2016-03-07T00:00:00,312,2016-02-29T00:00:00,104,2011-08-01T00:00:00,26,pdsi_extreme_drought_in_planting
14,lasso,True,2016-03-07T00:00:00|2016-03-14T00:00:00,314,2016-03-14T00:00:00,312,2016-03-07T00:00:00,312,2016-02-29T00:00:00,104,2011-08-01T00:00:00,26,pdsi_extreme_wet_in_planting
14,lasso,True,2016-03-07T00:00:00|2016-03-14T00:00:00,314,2016-03-14T00:00:00,312,2016-03-07T00:00:00,312,2016-02-29T00:00:00,104,2011-08-01T00:00:00,26,pdsi_severe_drought_in_harvesting
14,lasso,True,2016-03-07T00:00:00|2016-03-14T00:00:00,314,2016-03-14T00:00:00,312,2016-03-07T00:00:00,312,2016-02-29T00:00:00,104,2011-08-01T00:00:00,26,spi_7d_extreme_dry_in_harvesting
14,lasso,True,2016-03-07T00:00:00|2016-03-14T00:00:00,314,2016-03-14T00:00:00,312,2016-03-07T00:00:00,312,2016-02-29T00:00:00,104,2011-08-01T00:00:00,26,spi_7d_very_dry_in_harvesting
14,lasso,True,2016-03-07T00:00:00|2016-03-14T00:00:00,314,2016-03-14T00:00:00,312,2016-03-07T00:00:00,312,2016-02-29T00:00:00,104,2011-08-01T00:00:00,26,tmin_cold_in_harvesting
14,lasso,True,2016-03-07T00:00:00|2016-03-14T00:00:00,314,2016-03-14T00:00:00,312,2016-03-07T00:00:00,312,2016-02-29T00:00:00,104,2011-08-01T00:00:00,26,tmin_very_cold_in_harvesting
14,lasso,True,2016-03-07T00:00:00|2016-03-14T00:00:00,314,2016-03-14T00:00:00,312,2016-03-07T00:00:00,312,2016-02-29T00:00:00,104,2011-08-01T00:00:00,26,tmin_very_cold_in_planting
14,lasso,True,2016-03-07T00:00:00|2016-03-14T00:00:00,314,2016-03-14T00:00:00,312,2016-03-07T00:00:00,312,2016-02-29T00:00:00,104,2011-08-01T00:00:00,26,wheat_monthly_rv
14,lasso,True,2016-03-07T00:00:00|2016-03-14T00:00:00,314,2016-03-14T00:00:00,312,2016-03-07T00:00:00,312,2016-02-29T00:00:00,104,2011-08-01T00:00:00,26,wheat_seasonal_rv
14,lasso,True,2016-03-07T00:00:00|2016-03-14T00:00:00,314,2016-03-14T00:00:00,312,2016-03-07T00:00:00,312,2016-02-29T00:00:00,104,2011-08-01T00:00:00,26,wheat_weekly_rv
14,lasso,True,2016-03-07T00:00:00|2016-03-14T00:00:00,314,2016-03-14T00:00:00,312,2016-03-07T00:00:00,312,2016-02-29T00:00:00,104,2011-08-01T00:00:00,26,wheat_weekly_rvg
14,lasso,True,2016-04-04T00:00:00|2016-04-11T00:00:00,318,2016-04-11T00:00:00,316,2016-04-04T00:00:00,316,2016-03-28T00:00:00,108,2011-08-29T00:00:00,27,NAO_index
14,lasso,True,2016-04-04T00:00:00|2016-04-11T00:00:00,318,2016-04-11T00:00:00,316,2016-04-04T00:00:00,316,2016-03-28T00:00:00,108,2011-08-29T00:00:00,27,awnd_moderate_high_wind_in_planting
14,lasso,True,2016-04-04T00:00:00|2016-04-11T00:00:00,318,2016-04-11T00:00:00,316,2016-04-04T00:00:00,316,2016-03-28T00:00:00,108,2011-08-29T00:00:00,27,pdsi_extreme_drought_in_planting
14,lasso,True,2016-04-04T00:00:00|2016-04-11T00:00:00,318,2016-04-11T00:00:00,316,2016-04-04T00:00:00,316,2016-03-28T00:00:00,108,2011-08-29T00:00:00,27,pdsi_extreme_wet_in_planting
14,lasso,True,2016-04-04T00:00:00|2016-04-11T00:00:00,318,2016-04-11T00:00:00,316,2016-04-04T00:00:00,316,2016-03-28T00:00:00,108,2011-08-29T00:00:00,27,pdsi_severe_drought_in_harvesting
14,lasso,True,2016-04-04T00:00:00|2016-04-11T00:00:00,318,2016-04-11T00:00:00,316,2016-04-04T00:00:00,316,2016-03-28T00:00:00,108,2011-08-29T00:00:00,27,spi_7d_extreme_dry_in_harvesting
14,lasso,True,2016-04-04T00:00:00|2016-04-11T00:00:00,318,2016-04-11T00:00:00,316,2016-04-04T00:00:00,316,2016-03-28T00:00:00,108,2011-08-29T00:00:00,27,spi_7d_very_dry_in_harvesting
14,lasso,True,2016-04-04T00:00:00|2016-04-11T00:00:00,318,2016-04-11T00:00:00,316,2016-04-04T00:00:00,316,2016-03-28T00:00:00,108,2011-08-29T00:00:00,27,tmin_cold_in_harvesting
14,lasso,True,2016-04-04T00:00:00|2016-04-11T00:00:00,318,2016-04-11T00:00:00,316,2016-04-04T00:00:00,316,2016-03-28T00:00:00,108,2011-08-29T00:00:00,27,tmin_very_cold_in_harvesting
14,lasso,True,2016-04-04T00:00:00|2016-04-11T00:00:00,318,2016-04-11T00:00:00,316,2016-04-04T00:00:00,316,2016-03-28T00:00:00,108,2011-08-29T00:00:00,27,tmin_very_cold_in_planting
14,lasso,True,2016-04-04T00:00:00|2016-04-11T00:00:00,318,2016-04-11T00:00:00,316,2016-04-04T00:00:00,316,2016-03-28T00:00:00,108,2011-08-29T00:00:00,27,wheat_monthly_rv
14,lasso,True,2016-04-04T00:00:00|2016-04-11T00:00:00,318,2016-04-11T00:00:00,316,2016-04-04T00:00:00,316,2016-03-28T00:00:00,108,2011-08-29T00:00:00,27,wheat_seasonal_rv
14,lasso,True,2016-04-04T00:00:00|2016-04-11T00:00:00,318,2016-04-11T00:00:00,316,2016-04-04T00:00:00,316,2016-03-28T00:00:00,108,2011-08-29T00:00:00,27,wheat_weekly_rv
14,lasso,True,2016-04-04T00:00:00|2016-04-11T00:00:00,318,2016-04-11T00:00:00,316,2016-04-04T00:00:00,316,2016-03-28T00:00:00,108,2011-08-29T00:00:00,27,wheat_weekly_rvg
18,lasso,False,2016-05-02T00:00:00|2016-05-09T00:00:00,322,2016-05-09T00:00:00,320,2016-05-02T00:00:00,320,2016-04-25T00:00:00,112,2011-10-03T00:00:00,28,NAO_index
18,lasso,False,2016-05-02T00:00:00|2016-05-09T00:00:00,322,2016-05-09T00:00:00,320,2016-05-02T00:00:00,320,2016-04-25T00:00:00,112,2011-10-03T00:00:00,28,SOI_index
18,lasso,False,2016-05-02T00:00:00|2016-05-09T00:00:00,322,2016-05-09T00:00:00,320,2016-05-02T00:00:00,320,2016-04-25T00:00:00,112,2011-10-03T00:00:00,28,awnd_moderate_high_wind_in_planting
18,lasso,False,2016-05-02T00:00:00|2016-05-09T00:00:00,322,2016-05-09T00:00:00,320,2016-05-02T00:00:00,320,2016-04-25T00:00:00,112,2011-10-03T00:00:00,28,co2_extreme_in_planting
18,lasso,False,2016-05-02T00:00:00|2016-05-09T00:00:00,322,2016-05-09T00:00:00,320,2016-05-02T00:00:00,320,2016-04-25T00:00:00,112,2011-10-03T00:00:00,28,pdsi_extreme_drought_in_planting
18,lasso,False,2016-05-02T00:00:00|2016-05-09T00:00:00,322,2016-05-09T00:00:00,320,2016-05-02T00:00:00,320,2016-04-25T00:00:00,112,2011-10-03T00:00:00,28,pdsi_extreme_wet_in_harvesting
18,lasso,False,2016-05-02T00:00:00|2016-05-09T00:00:00,322,2016-05-09T00:00:00,320,2016-05-02T00:00:00,320,2016-04-25T00:00:00,112,2011-10-03T00:00:00,28,pdsi_extreme_wet_in_planting
18,lasso,False,2016-05-02T00:00:00|2016-05-09T00:00:00,322,2016-05-09T00:00:00,320,2016-05-02T00:00:00,320,2016-04-25T00:00:00,112,2011-10-03T00:00:00,28,spi_7d_extreme_dry_in_harvesting
18,lasso,False,2016-05-02T00:00:00|2016-05-09T00:00:00,322,2016-05-09T00:00:00,320,2016-05-02T00:00:00,320,2016-04-25T00:00:00,112,2011-10-03T00:00:00,28,ssta_lanina
18,lasso,False,2016-05-02T00:00:00|2016-05-09T00:00:00,322,2016-05-09T00:00:00,320,2016-05-02T00:00:00,320,2016-04-25T00:00:00,112,2011-10-03T00:00:00,28,tmax_hot_in_harvesting
18,lasso,False,2016-05-02T00:00:00|2016-05-09T00:00:00,322,2016-05-09T00:00:00,320,2016-05-02T00:00:00,320,2016-04-25T00:00:00,112,2011-10-03T00:00:00,28,tmax_very_hot_in_planting
18,lasso,False,2016-05-02T00:00:00|2016-05-09T00:00:00,322,2016-05-09T00:00:00,320,2016-05-02T00:00:00,320,2016-04-25T00:00:00,112,2011-10-03T00:00:00,28,tmin_cold_in_harvesting
18,lasso,False,2016-05-02T00:00:00|2016-05-09T00:00:00,322,2016-05-09T00:00:00,320,2016-05-02T00:00:00,320,2016-04-25T00:00:00,112,2011-10-03T00:00:00,28,tmin_very_cold_in_harvesting
18,lasso,False,2016-05-02T00:00:00|2016-05-09T00:00:00,322,2016-05-09T00:00:00,320,2016-05-02T00:00:00,320,2016-04-25T00:00:00,112,2011-10-03T00:00:00,28,tmin_very_cold_in_planting
18,lasso,False,2016-05-02T00:00:00|2016-05-09T00:00:00,322,2016-05-09T00:00:00,320,2016-05-02T00:00:00,320,2016-04-25T00:00:00,112,2011-10-03T00:00:00,28,wheat_monthly_rv
18,lasso,False,2016-05-02T00:00:00|2016-05-09T00:00:00,322,2016-05-09T00:00:00,320,2016-05-02T00:00:00,320,2016-04-25T00:00:00,112,2011-10-03T00:00:00,28,wheat_seasonal_rv
18,lasso,False,2016-05-02T00:00:00|2016-05-09T00:00:00,322,2016-05-09T00:00:00,320,2016-05-02T00:00:00,320,2016-04-25T00:00:00,112,2011-10-03T00:00:00,28,wheat_weekly_rv
18,lasso,False,2016-05-02T00:00:00|2016-05-09T00:00:00,322,2016-05-09T00:00:00,320,2016-05-02T00:00:00,320,2016-04-25T00:00:00,112,2011-10-03T00:00:00,28,wheat_weekly_rvg
18,lasso,True,2016-06-06T00:00:00|2016-06-13T00:00:00,326,2016-06-13T00:00:00,324,2016-06-06T00:00:00,324,2016-05-23T00:00:00,116,2011-11-07T00:00:00,29,NAO_index
18,lasso,True,2016-06-06T00:00:00|2016-06-13T00:00:00,326,2016-06-13T00:00:00,324,2016-06-06T00:00:00,324,2016-05-23T00:00:00,116,2011-11-07T00:00:00,29,SOI_index
18,lasso,True,2016-06-06T00:00:00|2016-06-13T00:00:00,326,2016-06-13T00:00:00,324,2016-06-06T00:00:00,324,2016-05-23T00:00:00,116,2011-11-07T00:00:00,29,awnd_moderate_high_wind_in_planting
18,lasso,True,2016-06-06T00:00:00|2016-06-13T00:00:00,326,2016-06-13T00:00:00,324,2016-06-06T00:00:00,324,2016-05-23T00:00:00,116,2011-11-07T00:00:00,29,co2_extreme_in_planting
18,lasso,True,2016-06-06T00:00:00|2016-06-13T00:00:00,326,2016-06-13T00:00:00,324,2016-06-06T00:00:00,324,2016-05-23T00:00:00,116,2011-11-07T00:00:00,29,pdsi_extreme_drought_in_planting
18,lasso,True,2016-06-06T00:00:00|2016-06-13T00:00:00,326,2016-06-13T00:00:00,324,2016-06-06T00:00:00,324,2016-05-23T00:00:00,116,2011-11-07T00:00:00,29,pdsi_extreme_wet_in_harvesting
18,lasso,True,2016-06-06T00:00:00|2016-06-13T00:00:00,326,2016-06-13T00:00:00,324,2016-06-06T00:00:00,324,2016-05-23T00:00:00,116,2011-11-07T00:00:00,29,pdsi_extreme_wet_in_planting
18,lasso,True,2016-06-06T00:00:00|2016-06-13T00:00:00,326,2016-06-13T00:00:00,324,2016-06-06T00:00:00,324,2016-05-23T00:00:00,116,2011-11-07T00:00:00,29,spi_7d_extreme_dry_in_harvesting
18,lasso,True,2016-06-06T00:00:00|2016-06-13T00:00:00,326,2016-06-13T00:00:00,324,2016-06-06T00:00:00,324,2016-05-23T00:00:00,116,2011-11-07T00:00:00,29,ssta_lanina
18,lasso,True,2016-06-06T00:00:00|2016-06-13T00:00:00,326,2016-06-13T00:00:00,324,2016-06-06T00:00:00,324,2016-05-23T00:00:00,116,2011-11-07T00:00:00,29,tmax_hot_in_harvesting
18,lasso,True,2016-06-06T00:00:00|2016-06-13T00:00:00,326,2016-06-13T00:00:00,324,2016-06-06T00:00:00,324,2016-05-23T00:00:00,116,2011-11-07T00:00:00,29,tmax_very_hot_in_planting
18,lasso,True,2016-06-06T00:00:00|2016-06-13T00:00:00,326,2016-06-13T00:00:00,324,2016-06-06T00:00:00,324,2016-05-23T00:00:00,116,2011-11-07T00:00:00,29,tmin_cold_in_harvesting
18,lasso,True,2016-06-06T00:00:00|2016-06-13T00:00:00,326,2016-06-13T00:00:00,324,2016-06-06T00:00:00,324,2016-05-23T00:00:00,116,2011-11-07T00:00:00,29,tmin_very_cold_in_harvesting
18,lasso,True,2016-06-06T00:00:00|2016-06-13T00:00:00,326,2016-06-13T00:00:00,324,2016-06-06T00:00:00,324,2016-05-23T00:00:00,116,2011-11-07T00:00:00,29,tmin_very_cold_in_planting
18,lasso,True,2016-06-06T00:00:00|2016-06-13T00:00:00,326,2016-06-13T00:00:00,324,2016-06-06T00:00:00,324,2016-05-23T00:00:00,116,2011-11-07T00:00:00,29,wheat_monthly_rv
18,lasso,True,2016-06-06T00:00:00|2016-06-13T00:00:00,326,2016-06-13T00:00:00,324,2016-06-06T00:00:00,324,2016-05-23T00:00:00,116,2011-11-07T00:00:00,29,wheat_seasonal_rv
18,lasso,True,2016-06-06T00:00:00|2016-06-13T00:00:00,326,2016-06-13T00:00:00,324,2016-06-06T00:00:00,324,2016-05-23T00:00:00,116,2011-11-07T00:00:00,29,wheat_weekly_rv
18,lasso,True,2016-06-06T00:00:00|2016-06-13T00:00:00,326,2016-06-13T00:00:00,324,2016-06-06T00:00:00,324,2016-05-23T00:00:00,116,2011-11-07T00:00:00,29,wheat_weekly_rvg
18,lasso,True,2016-07-11T00:00:00|2016-07-18T00:00:00,330,2016-07-18T00:00:00,328,2016-07-11T00:00:00,328,2016-06-27T00:00:00,120,2011-12-05T00:00:00,30,NAO_index
18,lasso,True,2016-07-11T00:00:00|2016-07-18T00:00:00,330,2016-07-18T00:00:00,328,2016-07-11T00:00:00,328,2016-06-27T00:00:00,120,2011-12-05T00:00:00,30,SOI_index
18,lasso,True,2016-07-11T00:00:00|2016-07-18T00:00:00,330,2016-07-18T00:00:00,328,2016-07-11T00:00:00,328,2016-06-27T00:00:00,120,2011-12-05T00:00:00,30,awnd_moderate_high_wind_in_planting
18,lasso,True,2016-07-11T00:00:00|2016-07-18T00:00:00,330,2016-07-18T00:00:00,328,2016-07-11T00:00:00,328,2016-06-27T00:00:00,120,2011-12-05T00:00:00,30,co2_extreme_in_planting
18,lasso,True,2016-07-11T00:00:00|2016-07-18T00:00:00,330,2016-07-18T00:00:00,328,2016-07-11T00:00:00,328,2016-06-27T00:00:00,120,2011-12-05T00:00:00,30,pdsi_extreme_drought_in_planting
18,lasso,True,2016-07-11T00:00:00|2016-07-18T00:00:00,330,2016-07-18T00:00:00,328,2016-07-11T00:00:00,328,2016-06-27T00:00:00,120,2011-12-05T00:00:00,30,pdsi_extreme_wet_in_harvesting
18,lasso,True,2016-07-11T00:00:00|2016-07-18T00:00:00,330,2016-07-18T00:00:00,328,2016-07-11T00:00:00,328,2016-06-27T00:00:00,120,2011-12-05T00:00:00,30,pdsi_extreme_wet_in_planting
18,lasso,True,2016-07-11T00:00:00|2016-07-18T00:00:00,330,2016-07-18T00:00:00,328,2016-07-11T00:00:00,328,2016-06-27T00:00:00,120,2011-12-05T00:00:00,30,spi_7d_extreme_dry_in_harvesting
18,lasso,True,2016-07-11T00:00:00|2016-07-18T00:00:00,330,2016-07-18T00:00:00,328,2016-07-11T00:00:00,328,2016-06-27T00:00:00,120,2011-12-05T00:00:00,30,ssta_lanina
18,lasso,True,2016-07-11T00:00:00|2016-07-18T00:00:00,330,2016-07-18T00:00:00,328,2016-07-11T00:00:00,328,2016-06-27T00:00:00,120,2011-12-05T00:00:00,30,tmax_hot_in_harvesting
18,lasso,True,2016-07-11T00:00:00|2016-07-18T00:00:00,330,2016-07-18T00:00:00,328,2016-07-11T00:00:00,328,2016-06-27T00:00:00,120,2011-12-05T00:00:00,30,tmax_very_hot_in_planting
18,lasso,True,2016-07-11T00:00:00|2016-07-18T00:00:00,330,2016-07-18T00:00:00,328,2016-07-11T00:00:00,328,2016-06-27T00:00:00,120,2011-12-05T00:00:00,30,tmin_cold_in_harvesting
18,lasso,True,2016-07-11T00:00:00|2016-07-18T00:00:00,330,2016-07-18T00:00:00,328,2016-07-11T00:00:00,328,2016-06-27T00:00:00,120,2011-12-05T00:00:00,30,tmin_very_cold_in_harvesting
18,lasso,True,2016-07-11T00:00:00|2016-07-18T00:00:00,330,2016-07-18T00:00:00,328,2016-07-11T00:00:00,328,2016-06-27T00:00:00,120,2011-12-05T00:00:00,30,tmin_very_cold_in_planting
18,lasso,True,2016-07-11T00:00:00|2016-07-18T00:00:00,330,2016-07-18T00:00:00,328,2016-07-11T00:00:00,328,2016-06-27T00:00:00,120,2011-12-05T00:00:00,30,wheat_monthly_rv
18,lasso,True,2016-07-11T00:00:00|2016-07-18T00:00:00,330,2016-07-18T00:00:00,328,2016-07-11T00:00:00,328,2016-06-27T00:00:00,120,2011-12-05T00:00:00,30,wheat_seasonal_rv
18,lasso,True,2016-07-11T00:00:00|2016-07-18T00:00:00,330,2016-07-18T00:00:00,328,2016-07-11T00:00:00,328,2016-06-27T00:00:00,120,2011-12-05T00:00:00,30,wheat_weekly_rv
18,lasso,True,2016-07-11T00:00:00|2016-07-18T00:00:00,330,2016-07-18T00:00:00,328,2016-07-11T00:00:00,328,2016-06-27T00:00:00,120,2011-12-05T00:00:00,30,wheat_weekly_rvg
18,lasso,True,2016-08-08T00:00:00|2016-08-15T00:00:00,334,2016-08-15T00:00:00,332,2016-08-08T00:00:00,332,2016-08-01T00:00:00,124,2012-01-23T00:00:00,31,NAO_index
18,lasso,True,2016-08-08T00:00:00|2016-08-15T00:00:00,334,2016-08-15T00:00:00,332,2016-08-08T00:00:00,332,2016-08-01T00:00:00,124,2012-01-23T00:00:00,31,SOI_index
18,lasso,True,2016-08-08T00:00:00|2016-08-15T00:00:00,334,2016-08-15T00:00:00,332,2016-08-08T00:00:00,332,2016-08-01T00:00:00,124,2012-01-23T00:00:00,31,awnd_moderate_high_wind_in_planting
18,lasso,True,2016-08-08T00:00:00|2016-08-15T00:00:00,334,2016-08-15T00:00:00,332,2016-08-08T00:00:00,332,2016-08-01T00:00:00,124,2012-01-23T00:00:00,31,co2_extreme_in_planting
18,lasso,True,2016-08-08T00:00:00|2016-08-15T00:00:00,334,2016-08-15T00:00:00,332,2016-08-08T00:00:00,332,2016-08-01T00:00:00,124,2012-01-23T00:00:00,31,pdsi_extreme_drought_in_planting
18,lasso,True,2016-08-08T00:00:00|2016-08-15T00:00:00,334,2016-08-15T00:00:00,332,2016-08-08T00:00:00,332,2016-08-01T00:00:00,124,2012-01-23T00:00:00,31,pdsi_extreme_wet_in_harvesting
18,lasso,True,2016-08-08T00:00:00|2016-08-15T00:00:00,334,2016-08-15T00:00:00,332,2016-08-08T00:00:00,332,2016-08-01T00:00:00,124,2012-01-23T00:00:00,31,pdsi_extreme_wet_in_planting
18,lasso,True,2016-08-08T00:00:00|2016-08-15T00:00:00,334,2016-08-15T00:00:00,332,2016-08-08T00:00:00,332,2016-08-01T00:00:00,124,2012-01-23T00:00:00,31,spi_7d_extreme_dry_in_harvesting
18,lasso,True,2016-08-08T00:00:00|2016-08-15T00:00:00,334,2016-08-15T00:00:00,332,2016-08-08T00:00:00,332,2016-08-01T00:00:00,124,2012-01-23T00:00:00,31,ssta_lanina
18,lasso,True,2016-08-08T00:00:00|2016-08-15T00:00:00,334,2016-08-15T00:00:00,332,2016-08-08T00:00:00,332,2016-08-01T00:00:00,124,2012-01-23T00:00:00,31,tmax_hot_in_harvesting
18,lasso,True,2016-08-08T00:00:00|2016-08-15T00:00:00,334,2016-08-15T00:00:00,332,2016-08-08T00:00:00,332,2016-08-01T00:00:00,124,2012-01-23T00:00:00,31,tmax_very_hot_in_planting
18,lasso,True,2016-08-08T00:00:00|2016-08-15T00:00:00,334,2016-08-15T00:00:00,332,2016-08-08T00:00:00,332,2016-08-01T00:00:00,124,2012-01-23T00:00:00,31,tmin_cold_in_harvesting
18,lasso,True,2016-08-08T00:00:00|2016-08-15T00:00:00,334,2016-08-15T00:00:00,332,2016-08-08T00:00:00,332,2016-08-01T00:00:00,124,2012-01-23T00:00:00,31,tmin_very_cold_in_harvesting
18,lasso,True,2016-08-08T00:00:00|2016-08-15T00:00:00,334,2016-08-15T00:00:00,332,2016-08-08T00:00:00,332,2016-08-01T00:00:00,124,2012-01-23T00:00:00,31,tmin_very_cold_in_planting
18,lasso,True,2016-08-08T00:00:00|2016-08-15T00:00:00,334,2016-08-15T00:00:00,332,2016-08-08T00:00:00,332,2016-08-01T00:00:00,124,2012-01-23T00:00:00,31,wheat_monthly_rv
18,lasso,True,2016-08-08T00:00:00|2016-08-15T00:00:00,334,2016-08-15T00:00:00,332,2016-08-08T00:00:00,332,2016-08-01T00:00:00,124,2012-01-23T00:00:00,31,wheat_seasonal_rv
18,lasso,True,2016-08-08T00:00:00|2016-08-15T00:00:00,334,2016-08-15T00:00:00,332,2016-08-08T00:00:00,332,2016-08-01T00:00:00,124,2012-01-23T00:00:00,31,wheat_weekly_rv
18,lasso,True,2016-08-08T00:00:00|2016-08-15T00:00:00,334,2016-08-15T00:00:00,332,2016-08-08T00:00:00,332,2016-08-01T00:00:00,124,2012-01-23T00:00:00,31,wheat_weekly_rvg
8,lasso,False,2016-09-12T00:00:00|2016-09-19T00:00:00,338,2016-09-19T00:00:00,336,2016-09-12T00:00:00,336,2016-08-29T00:00:00,128,2012-02-27T00:00:00,32,NAO_index
8,lasso,False,2016-09-12T00:00:00|2016-09-19T00:00:00,338,2016-09-19T00:00:00,336,2016-09-12T00:00:00,336,2016-08-29T00:00:00,128,2012-02-27T00:00:00,32,pdsi_extreme_wet_in_planting
8,lasso,False,2016-09-12T00:00:00|2016-09-19T00:00:00,338,2016-09-19T00:00:00,336,2016-09-12T00:00:00,336,2016-08-29T00:00:00,128,2012-02-27T00:00:00,32,spi_7d_extreme_dry_in_harvesting
8,lasso,False,2016-09-12T00:00:00|2016-09-19T00:00:00,338,2016-09-19T00:00:00,336,2016-09-12T00:00:00,336,2016-08-29T00:00:00,128,2012-02-27T00:00:00,32,tmin_very_cold_in_planting
8,lasso,False,2016-09-12T00:00:00|2016-09-19T00:00:00,338,2016-09-19T00:00:00,336,2016-09-12T00:00:00,336,2016-08-29T00:00:00,128,2012-02-27T00:00:00,32,wheat_monthly_rv
8,lasso,False,2016-09-12T00:00:00|2016-09-19T00:00:00,338,2016-09-19T00:00:00,336,2016-09-12T00:00:00,336,2016-08-29T00:00:00,128,2012-02-27T00:00:00,32,wheat_seasonal_rv
8,lasso,False,2016-09-12T00:00:00|2016-09-19T00:00:00,338,2016-09-19T00:00:00,336,2016-09-12T00:00:00,336,2016-08-29T00:00:00,128,2012-02-27T00:00:00,32,wheat_weekly_rv
8,lasso,False,2016-09-12T00:00:00|2016-09-19T00:00:00,338,2016-09-19T00:00:00,336,2016-09-12T00:00:00,336,2016-08-29T00:00:00,128,2012-02-27T00:00:00,32,wheat_weekly_rvg
8,lasso,True,2016-10-17T00:00:00|2016-10-24T00:00:00,342,2016-10-24T00:00:00,340,2016-10-17T00:00:00,340,2016-10-03T00:00:00,132,2012-03-26T00:00:00,33,NAO_index
8,lasso,True,2016-10-17T00:00:00|2016-10-24T00:00:00,342,2016-10-24T00:00:00,340,2016-10-17T00:00:00,340,2016-10-03T00:00:00,132,2012-03-26T00:00:00,33,pdsi_extreme_wet_in_planting
8,lasso,True,2016-10-17T00:00:00|2016-10-24T00:00:00,342,2016-10-24T00:00:00,340,2016-10-17T00:00:00,340,2016-10-03T00:00:00,132,2012-03-26T00:00:00,33,spi_7d_extreme_dry_in_harvesting
8,lasso,True,2016-10-17T00:00:00|2016-10-24T00:00:00,342,2016-10-24T00:00:00,340,2016-10-17T00:00:00,340,2016-10-03T00:00:00,132,2012-03-26T00:00:00,33,tmin_very_cold_in_planting
8,lasso,True,2016-10-17T00:00:00|2016-10-24T00:00:00,342,2016-10-24T00:00:00,340,2016-10-17T00:00:00,340,2016-10-03T00:00:00,132,2012-03-26T00:00:00,33,wheat_monthly_rv
8,lasso,True,2016-10-17T00:00:00|2016-10-24T00:00:00,342,2016-10-24T00:00:00,340,2016-10-17T00:00:00,340,2016-10-03T00:00:00,132,2012-03-26T00:00:00,33,wheat_seasonal_rv
8,lasso,True,2016-10-17T00:00:00|2016-10-24T00:00:00,342,2016-10-24T00:00:00,340,2016-10-17T00:00:00,340,2016-10-03T00:00:00,132,2012-03-26T00:00:00,33,wheat_weekly_rv
8,lasso,True,2016-10-17T00:00:00|2016-10-24T00:00:00,342,2016-10-24T00:00:00,340,2016-10-17T00:00:00,340,2016-10-03T00:00:00,132,2012-03-26T00:00:00,33,wheat_weekly_rvg
8,lasso,True,2016-11-14T00:00:00|2016-11-21T00:00:00,346,2016-11-21T00:00:00,344,2016-11-14T00:00:00,344,2016-11-07T00:00:00,136,2012-04-23T00:00:00,34,NAO_index
8,lasso,True,2016-11-14T00:00:00|2016-11-21T00:00:00,346,2016-11-21T00:00:00,344,2016-11-14T00:00:00,344,2016-11-07T00:00:00,136,2012-04-23T00:00:00,34,pdsi_extreme_wet_in_planting
8,lasso,True,2016-11-14T00:00:00|2016-11-21T00:00:00,346,2016-11-21T00:00:00,344,2016-11-14T00:00:00,344,2016-11-07T00:00:00,136,2012-04-23T00:00:00,34,spi_7d_extreme_dry_in_harvesting
8,lasso,True,2016-11-14T00:00:00|2016-11-21T00:00:00,346,2016-11-21T00:00:00,344,2016-11-14T00:00:00,344,2016-11-07T00:00:00,136,2012-04-23T00:00:00,34,tmin_very_cold_in_planting
8,lasso,True,2016-11-14T00:00:00|2016-11-21T00:00:00,346,2016-11-21T00:00:00,344,2016-11-14T00:00:00,344,2016-11-07T00:00:00,136,2012-04-23T00:00:00,34,wheat_monthly_rv
8,lasso,True,2016-11-14T00:00:00|2016-11-21T00:00:00,346,2016-11-21T00:00:00,344,2016-11-14T00:00:00,344,2016-11-07T00:00:00,136,2012-04-23T00:00:00,34,wheat_seasonal_rv
8,lasso,True,2016-11-14T00:00:00|2016-11-21T00:00:00,346,2016-11-21T00:00:00,344,2016-11-14T00:00:00,344,2016-11-07T00:00:00,136,2012-04-23T00:00:00,34,wheat_weekly_rv
8,lasso,True,2016-11-14T00:00:00|2016-11-21T00:00:00,346,2016-11-21T00:00:00,344,2016-11-14T00:00:00,344,2016-11-07T00:00:00,136,2012-04-23T00:00:00,34,wheat_weekly_rvg
8,lasso,True,2016-12-12T00:00:00|2016-12-19T00:00:00,350,2016-12-19T00:00:00,348,2016-12-12T00:00:00,348,2016-12-05T00:00:00,140,2012-05-21T00:00:00,35,NAO_index
8,lasso,True,2016-12-12T00:00:00|2016-12-19T00:00:00,350,2016-12-19T00:00:00,348,2016-12-12T00:00:00,348,2016-12-05T00:00:00,140,2012-05-21T00:00:00,35,pdsi_extreme_wet_in_planting
8,lasso,True,2016-12-12T00:00:00|2016-12-19T00:00:00,350,2016-12-19T00:00:00,348,2016-12-12T00:00:00,348,2016-12-05T00:00:00,140,2012-05-21T00:00:00,35,spi_7d_extreme_dry_in_harvesting
8,lasso,True,2016-12-12T00:00:00|2016-12-19T00:00:00,350,2016-12-19T00:00:00,348,2016-12-12T00:00:00,348,2016-12-05T00:00:00,140,2012-05-21T00:00:00,35,tmin_very_cold_in_planting
8,lasso,True,2016-12-12T00:00:00|2016-12-19T00:00:00,350,2016-12-19T00:00:00,348,2016-12-12T00:00:00,348,2016-12-05T00:00:00,140,2012-05-21T00:00:00,35,wheat_monthly_rv
8,lasso,True,2016-12-12T00:00:00|2016-12-19T00:00:00,350,2016-12-19T00:00:00,348,2016-12-12T00:00:00,348,2016-12-05T00:00:00,140,2012-05-21T00:00:00,35,wheat_seasonal_rv
8,lasso,True,2016-12-12T00:00:00|2016-12-19T00:00:00,350,2016-12-19T00:00:00,348,2016-12-12T00:00:00,348,2016-12-05T00:00:00,140,2012-05-21T00:00:00,35,wheat_weekly_rv
8,lasso,True,2016-12-12T00:00:00|2016-12-19T00:00:00,350,2016-12-19T00:00:00,348,2016-12-12T00:00:00,348,2016-12-05T00:00:00,140,2012-05-21T00:00:00,35,wheat_weekly_rvg
14,lasso,False,2017-01-30T00:00:00|2017-02-06T00:00:00,354,2017-02-06T00:00:00,352,2017-01-30T00:00:00,352,2017-01-23T00:00:00,144,2012-06-25T00:00:00,36,NAO_index
14,lasso,False,2017-01-30T00:00:00|2017-02-06T00:00:00,354,2017-02-06T00:00:00,352,2017-01-30T00:00:00,352,2017-01-23T00:00:00,144,2012-06-25T00:00:00,36,SOI_index
14,lasso,False,2017-01-30T00:00:00|2017-02-06T00:00:00,354,2017-02-06T00:00:00,352,2017-01-30T00:00:00,352,2017-01-23T00:00:00,144,2012-06-25T00:00:00,36,Stock_Uncertainty
14,lasso,False,2017-01-30T00:00:00|2017-02-06T00:00:00,354,2017-02-06T00:00:00,352,2017-01-30T00:00:00,352,2017-01-23T00:00:00,144,2012-06-25T00:00:00,36,pdsi_extreme_drought_in_planting
14,lasso,False,2017-01-30T00:00:00|2017-02-06T00:00:00,354,2017-02-06T00:00:00,352,2017-01-30T00:00:00,352,2017-01-23T00:00:00,144,2012-06-25T00:00:00,36,pdsi_extreme_wet_in_planting
14,lasso,False,2017-01-30T00:00:00|2017-02-06T00:00:00,354,2017-02-06T00:00:00,352,2017-01-30T00:00:00,352,2017-01-23T00:00:00,144,2012-06-25T00:00:00,36,spi_7d_extreme_dry_in_harvesting
14,lasso,False,2017-01-30T00:00:00|2017-02-06T00:00:00,354,2017-02-06T00:00:00,352,2017-01-30T00:00:00,352,2017-01-23T00:00:00,144,2012-06-25T00:00:00,36,spi_7d_very_dry_in_harvesting
14,lasso,False,2017-01-30T00:00:00|2017-02-06T00:00:00,354,2017-02-06T00:00:00,352,2017-01-30T00:00:00,352,2017-01-23T00:00:00,144,2012-06-25T00:00:00,36,tmax_hot_in_planting
14,lasso,False,2017-01-30T00:00:00|2017-02-06T00:00:00,354,2017-02-06T00:00:00,352,2017-01-30T00:00:00,352,2017-01-23T00:00:00,144,2012-06-25T00:00:00,36,tmin_cold_in_harvesting
14,lasso,False,2017-01-30T00:00:00|2017-02-06T00:00:00,354,2017-02-06T00:00:00,352,2017-01-30T00:00:00,352,2017-01-23T00:00:00,144,2012-06-25T00:00:00,36,tmin_very_cold_in_planting
14,lasso,False,2017-01-30T00:00:00|2017-02-06T00:00:00,354,2017-02-06T00:00:00,352,2017-01-30T00:00:00,352,2017-01-23T00:00:00,144,2012-06-25T00:00:00,36,wheat_monthly_rv
14,lasso,False,2017-01-30T00:00:00|2017-02-06T00:00:00,354,2017-02-06T00:00:00,352,2017-01-30T00:00:00,352,2017-01-23T00:00:00,144,2012-06-25T00:00:00,36,wheat_seasonal_rv
14,lasso,False,2017-01-30T00:00:00|2017-02-06T00:00:00,354,2017-02-06T00:00:00,352,2017-01-30T00:00:00,352,2017-01-23T00:00:00,144,2012-06-25T00:00:00,36,wheat_weekly_rv
14,lasso,False,2017-01-30T00:00:00|2017-02-06T00:00:00,354,2017-02-06T00:00:00,352,2017-01-30T00:00:00,352,2017-01-23T00:00:00,144,2012-06-25T00:00:00,36,wheat_weekly_rvg
14,lasso,True,2017-03-06T00:00:00|2017-03-13T00:00:00,358,2017-03-13T00:00:00,356,2017-03-06T00:00:00,356,2017-02-27T00:00:00,148,2012-07-23T00:00:00,37,NAO_index
14,lasso,True,2017-03-06T00:00:00|2017-03-13T00:00:00,358,2017-03-13T00:00:00,356,2017-03-06T00:00:00,356,2017-02-27T00:00:00,148,2012-07-23T00:00:00,37,SOI_index
14,lasso,True,2017-03-06T00:00:00|2017-03-13T00:00:00,358,2017-03-13T00:00:00,356,2017-03-06T00:00:00,356,2017-02-27T00:00:00,148,2012-07-23T00:00:00,37,Stock_Uncertainty
14,lasso,True,2017-03-06T00:00:00|2017-03-13T00:00:00,358,2017-03-13T00:00:00,356,2017-03-06T00:00:00,356,2017-02-27T00:00:00,148,2012-07-23T00:00:00,37,pdsi_extreme_drought_in_planting
14,lasso,True,2017-03-06T00:00:00|2017-03-13T00:00:00,358,2017-03-13T00:00:00,356,2017-03-06T00:00:00,356,2017-02-27T00:00:00,148,2012-07-23T00:00:00,37,pdsi_extreme_wet_in_planting
14,lasso,True,2017-03-06T00:00:00|2017-03-13T00:00:00,358,2017-03-13T00:00:00,356,2017-03-06T00:00:00,356,2017-02-27T00:00:00,148,2012-07-23T00:00:00,37,spi_7d_extreme_dry_in_harvesting
14,lasso,True,2017-03-06T00:00:00|2017-03-13T00:00:00,358,2017-03-13T00:00:00,356,2017-03-06T00:00:00,356,2017-02-27T00:00:00,148,2012-07-23T00:00:00,37,spi_7d_very_dry_in_harvesting
14,lasso,True,2017-03-06T00:00:00|2017-03-13T00:00:00,358,2017-03-13T00:00:00,356,2017-03-06T00:00:00,356,2017-02-27T00:00:00,148,2012-07-23T00:00:00,37,tmax_hot_in_planting
14,lasso,True,2017-03-06T00:00:00|2017-03-13T00:00:00,358,2017-03-13T00:00:00,356,2017-03-06T00:00:00,356,2017-02-27T00:00:00,148,2012-07-23T00:00:00,37,tmin_cold_in_harvesting
14,lasso,True,2017-03-06T00:00:00|2017-03-13T00:00:00,358,2017-03-13T00:00:00,356,2017-03-06T00:00:00,356,2017-02-27T00:00:00,148,2012-07-23T00:00:00,37,tmin_very_cold_in_planting
14,lasso,True,2017-03-06T00:00:00|2017-03-13T00:00:00,358,2017-03-13T00:00:00,356,2017-03-06T00:00:00,356,2017-02-27T00:00:00,148,2012-07-23T00:00:00,37,wheat_monthly_rv
14,lasso,True,2017-03-06T00:00:00|2017-03-13T00:00:00,358,2017-03-13T00:00:00,356,2017-03-06T00:00:00,356,2017-02-27T00:00:00,148,2012-07-23T00:00:00,37,wheat_seasonal_rv
14,lasso,True,2017-03-06T00:00:00|2017-03-13T00:00:00,358,2017-03-13T00:00:00,356,2017-03-06T00:00:00,356,2017-02-27T00:00:00,148,2012-07-23T00:00:00,37,wheat_weekly_rv
14,lasso,True,2017-03-06T00:00:00|2017-03-13T00:00:00,358,2017-03-13T00:00:00,356,2017-03-06T00:00:00,356,2017-02-27T00:00:00,148,2012-07-23T00:00:00,37,wheat_weekly_rvg
14,lasso,True,2017-04-03T00:00:00|2017-04-10T00:00:00,362,2017-04-10T00:00:00,360,2017-04-03T00:00:00,360,2017-03-27T00:00:00,152,2012-08-20T00:00:00,38,NAO_index
14,lasso,True,2017-04-03T00:00:00|2017-04-10T00:00:00,362,2017-04-10T00:00:00,360,2017-04-03T00:00:00,360,2017-03-27T00:00:00,152,2012-08-20T00:00:00,38,SOI_index
14,lasso,True,2017-04-03T00:00:00|2017-04-10T00:00:00,362,2017-04-10T00:00:00,360,2017-04-03T00:00:00,360,2017-03-27T00:00:00,152,2012-08-20T00:00:00,38,Stock_Uncertainty
14,lasso,True,2017-04-03T00:00:00|2017-04-10T00:00:00,362,2017-04-10T00:00:00,360,2017-04-03T00:00:00,360,2017-03-27T00:00:00,152,2012-08-20T00:00:00,38,pdsi_extreme_drought_in_planting
14,lasso,True,2017-04-03T00:00:00|2017-04-10T00:00:00,362,2017-04-10T00:00:00,360,2017-04-03T00:00:00,360,2017-03-27T00:00:00,152,2012-08-20T00:00:00,38,pdsi_extreme_wet_in_planting
14,lasso,True,2017-04-03T00:00:00|2017-04-10T00:00:00,362,2017-04-10T00:00:00,360,2017-04-03T00:00:00,360,2017-03-27T00:00:00,152,2012-08-20T00:00:00,38,spi_7d_extreme_dry_in_harvesting
14,lasso,True,2017-04-03T00:00:00|2017-04-10T00:00:00,362,2017-04-10T00:00:00,360,2017-04-03T00:00:00,360,2017-03-27T00:00:00,152,2012-08-20T00:00:00,38,spi_7d_very_dry_in_harvesting
14,lasso,True,2017-04-03T00:00:00|2017-04-10T00:00:00,362,2017-04-10T00:00:00,360,2017-04-03T00:00:00,360,2017-03-27T00:00:00,152,2012-08-20T00:00:00,38,tmax_hot_in_planting
14,lasso,True,2017-04-03T00:00:00|2017-04-10T00:00:00,362,2017-04-10T00:00:00,360,2017-04-03T00:00:00,360,2017-03-27T00:00:00,152,2012-08-20T00:00:00,38,tmin_cold_in_harvesting
14,lasso,True,2017-04-03T00:00:00|2017-04-10T00:00:00,362,2017-04-10T00:00:00,360,2017-04-03T00:00:00,360,2017-03-27T00:00:00,152,2012-08-20T00:00:00,38,tmin_very_cold_in_planting
14,lasso,True,2017-04-03T00:00:00|2017-04-10T00:00:00,362,2017-04-10T00:00:00,360,2017-04-03T00:00:00,360,2017-03-27T00:00:00,152,2012-08-20T00:00:00,38,wheat_monthly_rv
14,lasso,True,2017-04-03T00:00:00|2017-04-10T00:00:00,362,2017-04-10T00:00:00,360,2017-04-03T00:00:00,360,2017-03-27T00:00:00,152,2012-08-20T00:00:00,38,wheat_seasonal_rv
14,lasso,True,2017-04-03T00:00:00|2017-04-10T00:00:00,362,2017-04-10T00:00:00,360,2017-04-03T00:00:00,360,2017-03-27T00:00:00,152,2012-08-20T00:00:00,38,wheat_weekly_rv
14,lasso,True,2017-04-03T00:00:00|2017-04-10T00:00:00,362,2017-04-10T00:00:00,360,2017-04-03T00:00:00,360,2017-03-27T00:00:00,152,2012-08-20T00:00:00,38,wheat_weekly_rvg
14,lasso,True,2017-05-01T00:00:00|2017-05-08T00:00:00,366,2017-05-08T00:00:00,364,2017-05-01T00:00:00,364,2017-04-24T00:00:00,156,2012-09-24T00:00:00,39,NAO_index
14,lasso,True,2017-05-01T00:00:00|2017-05-08T00:00:00,366,2017-05-08T00:00:00,364,2017-05-01T00:00:00,364,2017-04-24T00:00:00,156,2012-09-24T00:00:00,39,SOI_index
14,lasso,True,2017-05-01T00:00:00|2017-05-08T00:00:00,366,2017-05-08T00:00:00,364,2017-05-01T00:00:00,364,2017-04-24T00:00:00,156,2012-09-24T00:00:00,39,Stock_Uncertainty
14,lasso,True,2017-05-01T00:00:00|2017-05-08T00:00:00,366,2017-05-08T00:00:00,364,2017-05-01T00:00:00,364,2017-04-24T00:00:00,156,2012-09-24T00:00:00,39,pdsi_extreme_drought_in_planting
14,lasso,True,2017-05-01T00:00:00|2017-05-08T00:00:00,366,2017-05-08T00:00:00,364,2017-05-01T00:00:00,364,2017-04-24T00:00:00,156,2012-09-24T00:00:00,39,pdsi_extreme_wet_in_planting
14,lasso,True,2017-05-01T00:00:00|2017-05-08T00:00:00,366,2017-05-08T00:00:00,364,2017-05-01T00:00:00,364,2017-04-24T00:00:00,156,2012-09-24T00:00:00,39,spi_7d_extreme_dry_in_harvesting
14,lasso,True,2017-05-01T00:00:00|2017-05-08T00:00:00,366,2017-05-08T00:00:00,364,2017-05-01T00:00:00,364,2017-04-24T00:00:00,156,2012-09-24T00:00:00,39,spi_7d_very_dry_in_harvesting
14,lasso,True,2017-05-01T00:00:00|2017-05-08T00:00:00,366,2017-05-08T00:00:00,364,2017-05-01T00:00:00,364,2017-04-24T00:00:00,156,2012-09-24T00:00:00,39,tmax_hot_in_planting
14,lasso,True,2017-05-01T00:00:00|2017-05-08T00:00:00,366,2017-05-08T00:00:00,364,2017-05-01T00:00:00,364,2017-04-24T00:00:00,156,2012-09-24T00:00:00,39,tmin_cold_in_harvesting
14,lasso,True,2017-05-01T00:00:00|2017-05-08T00:00:00,366,2017-05-08T00:00:00,364,2017-05-01T00:00:00,364,2017-04-24T00:00:00,156,2012-09-24T00:00:00,39,tmin_very_cold_in_planting
14,lasso,True,2017-05-01T00:00:00|2017-05-08T00:00:00,366,2017-05-08T00:00:00,364,2017-05-01T00:00:00,364,2017-04-24T00:00:00,156,2012-09-24T00:00:00,39,wheat_monthly_rv
14,lasso,True,2017-05-01T00:00:00|2017-05-08T00:00:00,366,2017-05-08T00:00:00,364,2017-05-01T00:00:00,364,2017-04-24T00:00:00,156,2012-09-24T00:00:00,39,wheat_seasonal_rv
14,lasso,True,2017-05-01T00:00:00|2017-05-08T00:00:00,366,2017-05-08T00:00:00,364,2017-05-01T00:00:00,364,2017-04-24T00:00:00,156,2012-09-24T00:00:00,39,wheat_weekly_rv
14,lasso,True,2017-05-01T00:00:00|2017-05-08T00:00:00,366,2017-05-08T00:00:00,364,2017-05-01T00:00:00,364,2017-04-24T00:00:00,156,2012-09-24T00:00:00,39,wheat_weekly_rvg
6,lasso,False,2017-06-05T00:00:00|2017-06-12T00:00:00,370,2017-06-12T00:00:00,368,2017-06-05T00:00:00,368,2017-05-22T00:00:00,160,2012-11-05T00:00:00,40,pdsi_extreme_drought_in_planting
6,lasso,False,2017-06-05T00:00:00|2017-06-12T00:00:00,370,2017-06-12T00:00:00,368,2017-06-05T00:00:00,368,2017-05-22T00:00:00,160,2012-11-05T00:00:00,40,pdsi_extreme_wet_in_planting
6,lasso,False,2017-06-05T00:00:00|2017-06-12T00:00:00,370,2017-06-12T00:00:00,368,2017-06-05T00:00:00,368,2017-05-22T00:00:00,160,2012-11-05T00:00:00,40,wheat_monthly_rv
6,lasso,False,2017-06-05T00:00:00|2017-06-12T00:00:00,370,2017-06-12T00:00:00,368,2017-06-05T00:00:00,368,2017-05-22T00:00:00,160,2012-11-05T00:00:00,40,wheat_seasonal_rv
6,lasso,False,2017-06-05T00:00:00|2017-06-12T00:00:00,370,2017-06-12T00:00:00,368,2017-06-05T00:00:00,368,2017-05-22T00:00:00,160,2012-11-05T00:00:00,40,wheat_weekly_rv
6,lasso,False,2017-06-05T00:00:00|2017-06-12T00:00:00,370,2017-06-12T00:00:00,368,2017-06-05T00:00:00,368,2017-05-22T00:00:00,160,2012-11-05T00:00:00,40,wheat_weekly_rvg
6,lasso,True,2017-07-03T00:00:00|2017-07-10T00:00:00,374,2017-07-10T00:00:00,372,2017-07-03T00:00:00,372,2017-06-26T00:00:00,164,2012-12-10T00:00:00,41,pdsi_extreme_drought_in_planting
6,lasso,True,2017-07-03T00:00:00|2017-07-10T00:00:00,374,2017-07-10T00:00:00,372,2017-07-03T00:00:00,372,2017-06-26T00:00:00,164,2012-12-10T00:00:00,41,pdsi_extreme_wet_in_planting
6,lasso,True,2017-07-03T00:00:00|2017-07-10T00:00:00,374,2017-07-10T00:00:00,372,2017-07-03T00:00:00,372,2017-06-26T00:00:00,164,2012-12-10T00:00:00,41,wheat_monthly_rv
6,lasso,True,2017-07-03T00:00:00|2017-07-10T00:00:00,374,2017-07-10T00:00:00,372,2017-07-03T00:00:00,372,2017-06-26T00:00:00,164,2012-12-10T00:00:00,41,wheat_seasonal_rv
6,lasso,True,2017-07-03T00:00:00|2017-07-10T00:00:00,374,2017-07-10T00:00:00,372,2017-07-03T00:00:00,372,2017-06-26T00:00:00,164,2012-12-10T00:00:00,41,wheat_weekly_rv
6,lasso,True,2017-07-03T00:00:00|2017-07-10T00:00:00,374,2017-07-10T00:00:00,372,2017-07-03T00:00:00,372,2017-06-26T00:00:00,164,2012-12-10T00:00:00,41,wheat_weekly_rvg
6,lasso,True,2017-07-31T00:00:00|2017-08-07T00:00:00,378,2017-08-07T00:00:00,376,2017-07-31T00:00:00,376,2017-07-24T00:00:00,168,2013-01-07T00:00:00,42,pdsi_extreme_drought_in_planting
6,lasso,True,2017-07-31T00:00:00|2017-08-07T00:00:00,378,2017-08-07T00:00:00,376,2017-07-31T00:00:00,376,2017-07-24T00:00:00,168,2013-01-07T00:00:00,42,pdsi_extreme_wet_in_planting
6,lasso,True,2017-07-31T00:00:00|2017-08-07T00:00:00,378,2017-08-07T00:00:00,376,2017-07-31T00:00:00,376,2017-07-24T00:00:00,168,2013-01-07T00:00:00,42,wheat_monthly_rv
6,lasso,True,2017-07-31T00:00:00|2017-08-07T00:00:00,378,2017-08-07T00:00:00,376,2017-07-31T00:00:00,376,2017-07-24T00:00:00,168,2013-01-07T00:00:00,42,wheat_seasonal_rv
6,lasso,True,2017-07-31T00:00:00|2017-08-07T00:00:00,378,2017-08-07T00:00:00,376,2017-07-31T00:00:00,376,2017-07-24T00:00:00,168,2013-01-07T00:00:00,42,wheat_weekly_rv
6,lasso,True,2017-07-31T00:00:00|2017-08-07T00:00:00,378,2017-08-07T00:00:00,376,2017-07-31T00:00:00,376,2017-07-24T00:00:00,168,2013-01-07T00:00:00,42,wheat_weekly_rvg
6,lasso,True,2017-08-28T00:00:00|2017-09-11T00:00:00,382,2017-09-11T00:00:00,380,2017-08-28T00:00:00,380,2017-08-21T00:00:00,172,2013-02-11T00:00:00,43,pdsi_extreme_drought_in_planting
6,lasso,True,2017-08-28T00:00:00|2017-09-11T00:00:00,382,2017-09-11T00:00:00,380,2017-08-28T00:00:00,380,2017-08-21T00:00:00,172,2013-02-11T00:00:00,43,pdsi_extreme_wet_in_planting
6,lasso,True,2017-08-28T00:00:00|2017-09-11T00:00:00,382,2017-09-11T00:00:00,380,2017-08-28T00:00:00,380,2017-08-21T00:00:00,172,2013-02-11T00:00:00,43,wheat_monthly_rv
6,lasso,True,2017-08-28T00:00:00|2017-09-11T00:00:00,382,2017-09-11T00:00:00,380,2017-08-28T00:00:00,380,2017-08-21T00:00:00,172,2013-02-11T00:00:00,43,wheat_seasonal_rv
6,lasso,True,2017-08-28T00:00:00|2017-09-11T00:00:00,382,2017-09-11T00:00:00,380,2017-08-28T00:00:00,380,2017-08-21T00:00:00,172,2013-02-11T00:00:00,43,wheat_weekly_rv
6,lasso,True,2017-08-28T00:00:00|2017-09-11T00:00:00,382,2017-09-11T00:00:00,380,2017-08-28T00:00:00,380,2017-08-21T00:00:00,172,2013-02-11T00:00:00,43,wheat_weekly_rvg
5,lasso,False,2017-10-02T00:00:00|2017-10-16T00:00:00,386,2017-10-16T00:00:00,384,2017-10-02T00:00:00,384,2017-09-25T00:00:00,176,2013-03-18T00:00:00,44,pdsi_extreme_wet_in_planting
5,lasso,False,2017-10-02T00:00:00|2017-10-16T00:00:00,386,2017-10-16T00:00:00,384,2017-10-02T00:00:00,384,2017-09-25T00:00:00,176,2013-03-18T00:00:00,44,wheat_monthly_rv
5,lasso,False,2017-10-02T00:00:00|2017-10-16T00:00:00,386,2017-10-16T00:00:00,384,2017-10-02T00:00:00,384,2017-09-25T00:00:00,176,2013-03-18T00:00:00,44,wheat_seasonal_rv
5,lasso,False,2017-10-02T00:00:00|2017-10-16T00:00:00,386,2017-10-16T00:00:00,384,2017-10-02T00:00:00,384,2017-09-25T00:00:00,176,2013-03-18T00:00:00,44,wheat_weekly_rv
5,lasso,False,2017-10-02T00:00:00|2017-10-16T00:00:00,386,2017-10-16T00:00:00,384,2017-10-02T00:00:00,384,2017-09-25T00:00:00,176,2013-03-18T00:00:00,44,wheat_weekly_rvg
5,lasso,True,2017-11-06T00:00:00|2017-11-13T00:00:00,390,2017-11-13T00:00:00,388,2017-11-06T00:00:00,388,2017-10-30T00:00:00,180,2013-04-15T00:00:00,45,pdsi_extreme_wet_in_planting
5,lasso,True,2017-11-06T00:00:00|2017-11-13T00:00:00,390,2017-11-13T00:00:00,388,2017-11-06T00:00:00,388,2017-10-30T00:00:00,180,2013-04-15T00:00:00,45,wheat_monthly_rv
5,lasso,True,2017-11-06T00:00:00|2017-11-13T00:00:00,390,2017-11-13T00:00:00,388,2017-11-06T00:00:00,388,2017-10-30T00:00:00,180,2013-04-15T00:00:00,45,wheat_seasonal_rv
5,lasso,True,2017-11-06T00:00:00|2017-11-13T00:00:00,390,2017-11-13T00:00:00,388,2017-11-06T00:00:00,388,2017-10-30T00:00:00,180,2013-04-15T00:00:00,45,wheat_weekly_rv
5,lasso,True,2017-11-06T00:00:00|2017-11-13T00:00:00,390,2017-11-13T00:00:00,388,2017-11-06T00:00:00,388,2017-10-30T00:00:00,180,2013-04-15T00:00:00,45,wheat_weekly_rvg
5,lasso,True,2017-12-04T00:00:00|2017-12-11T00:00:00,394,2017-12-11T00:00:00,392,2017-12-04T00:00:00,392,2017-11-27T00:00:00,184,2013-05-13T00:00:00,46,pdsi_extreme_wet_in_planting
5,lasso,True,2017-12-04T00:00:00|2017-12-11T00:00:00,394,2017-12-11T00:00:00,392,2017-12-04T00:00:00,392,2017-11-27T00:00:00,184,2013-05-13T00:00:00,46,wheat_monthly_rv
5,lasso,True,2017-12-04T00:00:00|2017-12-11T00:00:00,394,2017-12-11T00:00:00,392,2017-12-04T00:00:00,392,2017-11-27T00:00:00,184,2013-05-13T00:00:00,46,wheat_seasonal_rv
5,lasso,True,2017-12-04T00:00:00|2017-12-11T00:00:00,394,2017-12-11T00:00:00,392,2017-12-04T00:00:00,392,2017-11-27T00:00:00,184,2013-05-13T00:00:00,46,wheat_weekly_rv
5,lasso,True,2017-12-04T00:00:00|2017-12-11T00:00:00,394,2017-12-11T00:00:00,392,2017-12-04T00:00:00,392,2017-11-27T00:00:00,184,2013-05-13T00:00:00,46,wheat_weekly_rvg
5,lasso,True,2018-01-22T00:00:00|2018-01-29T00:00:00,398,2018-01-29T00:00:00,396,2018-01-22T00:00:00,396,2018-01-08T00:00:00,188,2013-06-17T00:00:00,47,pdsi_extreme_wet_in_planting
5,lasso,True,2018-01-22T00:00:00|2018-01-29T00:00:00,398,2018-01-29T00:00:00,396,2018-01-22T00:00:00,396,2018-01-08T00:00:00,188,2013-06-17T00:00:00,47,wheat_monthly_rv
5,lasso,True,2018-01-22T00:00:00|2018-01-29T00:00:00,398,2018-01-29T00:00:00,396,2018-01-22T00:00:00,396,2018-01-08T00:00:00,188,2013-06-17T00:00:00,47,wheat_seasonal_rv
5,lasso,True,2018-01-22T00:00:00|2018-01-29T00:00:00,398,2018-01-29T00:00:00,396,2018-01-22T00:00:00,396,2018-01-08T00:00:00,188,2013-06-17T00:00:00,47,wheat_weekly_rv
5,lasso,True,2018-01-22T00:00:00|2018-01-29T00:00:00,398,2018-01-29T00:00:00,396,2018-01-22T00:00:00,396,2018-01-08T00:00:00,188,2013-06-17T00:00:00,47,wheat_weekly_rvg
14,lasso,False,2018-02-26T00:00:00|2018-03-05T00:00:00,402,2018-03-05T00:00:00,400,2018-02-26T00:00:00,400,2018-02-12T00:00:00,192,2013-07-15T00:00:00,48,SOI_index
14,lasso,False,2018-02-26T00:00:00|2018-03-05T00:00:00,402,2018-03-05T00:00:00,400,2018-02-26T00:00:00,400,2018-02-12T00:00:00,192,2013-07-15T00:00:00,48,awnd_moderate_high_wind_in_planting
14,lasso,False,2018-02-26T00:00:00|2018-03-05T00:00:00,402,2018-03-05T00:00:00,400,2018-02-26T00:00:00,400,2018-02-12T00:00:00,192,2013-07-15T00:00:00,48,pdsi_extreme_wet_in_planting
14,lasso,False,2018-02-26T00:00:00|2018-03-05T00:00:00,402,2018-03-05T00:00:00,400,2018-02-26T00:00:00,400,2018-02-12T00:00:00,192,2013-07-15T00:00:00,48,pdsi_severe_drought_in_planting
14,lasso,False,2018-02-26T00:00:00|2018-03-05T00:00:00,402,2018-03-05T00:00:00,400,2018-02-26T00:00:00,400,2018-02-12T00:00:00,192,2013-07-15T00:00:00,48,spi_7d_extreme_dry_in_harvesting
14,lasso,False,2018-02-26T00:00:00|2018-03-05T00:00:00,402,2018-03-05T00:00:00,400,2018-02-26T00:00:00,400,2018-02-12T00:00:00,192,2013-07-15T00:00:00,48,spi_7d_very_dry_in_harvesting
14,lasso,False,2018-02-26T00:00:00|2018-03-05T00:00:00,402,2018-03-05T00:00:00,400,2018-02-26T00:00:00,400,2018-02-12T00:00:00,192,2013-07-15T00:00:00,48,spi_7d_very_dry_in_planting
14,lasso,False,2018-02-26T00:00:00|2018-03-05T00:00:00,402,2018-03-05T00:00:00,400,2018-02-26T00:00:00,400,2018-02-12T00:00:00,192,2013-07-15T00:00:00,48,tmax_hot_in_planting
14,lasso,False,2018-02-26T00:00:00|2018-03-05T00:00:00,402,2018-03-05T00:00:00,400,2018-02-26T00:00:00,400,2018-02-12T00:00:00,192,2013-07-15T00:00:00,48,tmax_very_hot_in_harvesting
14,lasso,False,2018-02-26T00:00:00|2018-03-05T00:00:00,402,2018-03-05T00:00:00,400,2018-02-26T00:00:00,400,2018-02-12T00:00:00,192,2013-07-15T00:00:00,48,tmin_very_cold_in_planting
14,lasso,False,2018-02-26T00:00:00|2018-03-05T00:00:00,402,2018-03-05T00:00:00,400,2018-02-26T00:00:00,400,2018-02-12T00:00:00,192,2013-07-15T00:00:00,48,wheat_monthly_rv
14,lasso,False,2018-02-26T00:00:00|2018-03-05T00:00:00,402,2018-03-05T00:00:00,400,2018-02-26T00:00:00,400,2018-02-12T00:00:00,192,2013-07-15T00:00:00,48,wheat_seasonal_rv
14,lasso,False,2018-02-26T00:00:00|2018-03-05T00:00:00,402,2018-03-05T00:00:00,400,2018-02-26T00:00:00,400,2018-02-12T00:00:00,192,2013-07-15T00:00:00,48,wheat_weekly_rv
14,lasso,False,2018-02-26T00:00:00|2018-03-05T00:00:00,402,2018-03-05T00:00:00,400,2018-02-26T00:00:00,400,2018-02-12T00:00:00,192,2013-07-15T00:00:00,48,wheat_weekly_rvg
14,lasso,True,2018-03-26T00:00:00|2018-04-02T00:00:00,406,2018-04-02T00:00:00,404,2018-03-26T00:00:00,404,2018-03-19T00:00:00,196,2013-08-12T00:00:00,49,SOI_index
14,lasso,True,2018-03-26T00:00:00|2018-04-02T00:00:00,406,2018-04-02T00:00:00,404,2018-03-26T00:00:00,404,2018-03-19T00:00:00,196,2013-08-12T00:00:00,49,awnd_moderate_high_wind_in_planting
14,lasso,True,2018-03-26T00:00:00|2018-04-02T00:00:00,406,2018-04-02T00:00:00,404,2018-03-26T00:00:00,404,2018-03-19T00:00:00,196,2013-08-12T00:00:00,49,pdsi_extreme_wet_in_planting
14,lasso,True,2018-03-26T00:00:00|2018-04-02T00:00:00,406,2018-04-02T00:00:00,404,2018-03-26T00:00:00,404,2018-03-19T00:00:00,196,2013-08-12T00:00:00,49,pdsi_severe_drought_in_planting
14,lasso,True,2018-03-26T00:00:00|2018-04-02T00:00:00,406,2018-04-02T00:00:00,404,2018-03-26T00:00:00,404,2018-03-19T00:00:00,196,2013-08-12T00:00:00,49,spi_7d_extreme_dry_in_harvesting
14,lasso,True,2018-03-26T00:00:00|2018-04-02T00:00:00,406,2018-04-02T00:00:00,404,2018-03-26T00:00:00,404,2018-03-19T00:00:00,196,2013-08-12T00:00:00,49,spi_7d_very_dry_in_harvesting
14,lasso,True,2018-03-26T00:00:00|2018-04-02T00:00:00,406,2018-04-02T00:00:00,404,2018-03-26T00:00:00,404,2018-03-19T00:00:00,196,2013-08-12T00:00:00,49,spi_7d_very_dry_in_planting
14,lasso,True,2018-03-26T00:00:00|2018-04-02T00:00:00,406,2018-04-02T00:00:00,404,2018-03-26T00:00:00,404,2018-03-19T00:00:00,196,2013-08-12T00:00:00,49,tmax_hot_in_planting
14,lasso,True,2018-03-26T00:00:00|2018-04-02T00:00:00,406,2018-04-02T00:00:00,404,2018-03-26T00:00:00,404,2018-03-19T00:00:00,196,2013-08-12T00:00:00,49,tmax_very_hot_in_harvesting
14,lasso,True,2018-03-26T00:00:00|2018-04-02T00:00:00,406,2018-04-02T00:00:00,404,2018-03-26T00:00:00,404,2018-03-19T00:00:00,196,2013-08-12T00:00:00,49,tmin_very_cold_in_planting
14,lasso,True,2018-03-26T00:00:00|2018-04-02T00:00:00,406,2018-04-02T00:00:00,404,2018-03-26T00:00:00,404,2018-03-19T00:00:00,196,2013-08-12T00:00:00,49,wheat_monthly_rv
14,lasso,True,2018-03-26T00:00:00|2018-04-02T00:00:00,406,2018-04-02T00:00:00,404,2018-03-26T00:00:00,404,2018-03-19T00:00:00,196,2013-08-12T00:00:00,49,wheat_seasonal_rv
14,lasso,True,2018-03-26T00:00:00|2018-04-02T00:00:00,406,2018-04-02T00:00:00,404,2018-03-26T00:00:00,404,2018-03-19T00:00:00,196,2013-08-12T00:00:00,49,wheat_weekly_rv
14,lasso,True,2018-03-26T00:00:00|2018-04-02T00:00:00,406,2018-04-02T00:00:00,404,2018-03-26T00:00:00,404,2018-03-19T00:00:00,196,2013-08-12T00:00:00,49,wheat_weekly_rvg
14,lasso,True,2018-04-23T00:00:00|2018-04-30T00:00:00,410,2018-04-30T00:00:00,408,2018-04-23T00:00:00,408,2018-04-16T00:00:00,200,2013-09-16T00:00:00,50,SOI_index
14,lasso,True,2018-04-23T00:00:00|2018-04-30T00:00:00,410,2018-04-30T00:00:00,408,2018-04-23T00:00:00,408,2018-04-16T00:00:00,200,2013-09-16T00:00:00,50,awnd_moderate_high_wind_in_planting
14,lasso,True,2018-04-23T00:00:00|2018-04-30T00:00:00,410,2018-04-30T00:00:00,408,2018-04-23T00:00:00,408,2018-04-16T00:00:00,200,2013-09-16T00:00:00,50,pdsi_extreme_wet_in_planting
14,lasso,True,2018-04-23T00:00:00|2018-04-30T00:00:00,410,2018-04-30T00:00:00,408,2018-04-23T00:00:00,408,2018-04-16T00:00:00,200,2013-09-16T00:00:00,50,pdsi_severe_drought_in_planting
14,lasso,True,2018-04-23T00:00:00|2018-04-30T00:00:00,410,2018-04-30T00:00:00,408,2018-04-23T00:00:00,408,2018-04-16T00:00:00,200,2013-09-16T00:00:00,50,spi_7d_extreme_dry_in_harvesting
14,lasso,True,2018-04-23T00:00:00|2018-04-30T00:00:00,410,2018-04-30T00:00:00,408,2018-04-23T00:00:00,408,2018-04-16T00:00:00,200,2013-09-16T00:00:00,50,spi_7d_very_dry_in_harvesting
14,lasso,True,2018-04-23T00:00:00|2018-04-30T00:00:00,410,2018-04-30T00:00:00,408,2018-04-23T00:00:00,408,2018-04-16T00:00:00,200,2013-09-16T00:00:00,50,spi_7d_very_dry_in_planting
14,lasso,True,2018-04-23T00:00:00|2018-04-30T00:00:00,410,2018-04-30T00:00:00,408,2018-04-23T00:00:00,408,2018-04-16T00:00:00,200,2013-09-16T00:00:00,50,tmax_hot_in_planting
14,lasso,True,2018-04-23T00:00:00|2018-04-30T00:00:00,410,2018-04-30T00:00:00,408,2018-04-23T00:00:00,408,2018-04-16T00:00:00,200,2013-09-16T00:00:00,50,tmax_very_hot_in_harvesting
14,lasso,True,2018-04-23T00:00:00|2018-04-30T00:00:00,410,2018-04-30T00:00:00,408,2018-04-23T00:00:00,408,2018-04-16T00:00:00,200,2013-09-16T00:00:00,50,tmin_very_cold_in_planting
14,lasso,True,2018-04-23T00:00:00|2018-04-30T00:00:00,410,2018-04-30T00:00:00,408,2018-04-23T00:00:00,408,2018-04-16T00:00:00,200,2013-09-16T00:00:00,50,wheat_monthly_rv
14,lasso,True,2018-04-23T00:00:00|2018-04-30T00:00:00,410,2018-04-30T00:00:00,408,2018-04-23T00:00:00,408,2018-04-16T00:00:00,200,2013-09-16T00:00:00,50,wheat_seasonal_rv
14,lasso,True,2018-04-23T00:00:00|2018-04-30T00:00:00,410,2018-04-30T00:00:00,408,2018-04-23T00:00:00,408,2018-04-16T00:00:00,200,2013-09-16T00:00:00,50,wheat_weekly_rv
14,lasso,True,2018-04-23T00:00:00|2018-04-30T00:00:00,410,2018-04-30T00:00:00,408,2018-04-23T00:00:00,408,2018-04-16T00:00:00,200,2013-09-16T00:00:00,50,wheat_weekly_rvg
14,lasso,True,2018-05-21T00:00:00|2018-06-04T00:00:00,414,2018-06-04T00:00:00,412,2018-05-21T00:00:00,412,2018-05-14T00:00:00,204,2013-10-21T00:00:00,51,SOI_index
14,lasso,True,2018-05-21T00:00:00|2018-06-04T00:00:00,414,2018-06-04T00:00:00,412,2018-05-21T00:00:00,412,2018-05-14T00:00:00,204,2013-10-21T00:00:00,51,awnd_moderate_high_wind_in_planting
14,lasso,True,2018-05-21T00:00:00|2018-06-04T00:00:00,414,2018-06-04T00:00:00,412,2018-05-21T00:00:00,412,2018-05-14T00:00:00,204,2013-10-21T00:00:00,51,pdsi_extreme_wet_in_planting
14,lasso,True,2018-05-21T00:00:00|2018-06-04T00:00:00,414,2018-06-04T00:00:00,412,2018-05-21T00:00:00,412,2018-05-14T00:00:00,204,2013-10-21T00:00:00,51,pdsi_severe_drought_in_planting
14,lasso,True,2018-05-21T00:00:00|2018-06-04T00:00:00,414,2018-06-04T00:00:00,412,2018-05-21T00:00:00,412,2018-05-14T00:00:00,204,2013-10-21T00:00:00,51,spi_7d_extreme_dry_in_harvesting
14,lasso,True,2018-05-21T00:00:00|2018-06-04T00:00:00,414,2018-06-04T00:00:00,412,2018-05-21T00:00:00,412,2018-05-14T00:00:00,204,2013-10-21T00:00:00,51,spi_7d_very_dry_in_harvesting
14,lasso,True,2018-05-21T00:00:00|2018-06-04T00:00:00,414,2018-06-04T00:00:00,412,2018-05-21T00:00:00,412,2018-05-14T00:00:00,204,2013-10-21T00:00:00,51,spi_7d_very_dry_in_planting
14,lasso,True,2018-05-21T00:00:00|2018-06-04T00:00:00,414,2018-06-04T00:00:00,412,2018-05-21T00:00:00,412,2018-05-14T00:00:00,204,2013-10-21T00:00:00,51,tmax_hot_in_planting
14,lasso,True,2018-05-21T00:00:00|2018-06-04T00:00:00,414,2018-06-04T00:00:00,412,2018-05-21T00:00:00,412,2018-05-14T00:00:00,204,2013-10-21T00:00:00,51,tmax_very_hot_in_harvesting
14,lasso,True,2018-05-21T00:00:00|2018-06-04T00:00:00,414,2018-06-04T00:00:00,412,2018-05-21T00:00:00,412,2018-05-14T00:00:00,204,2013-10-21T00:00:00,51,tmin_very_cold_in_planting
14,lasso,True,2018-05-21T00:00:00|2018-06-04T00:00:00,414,2018-06-04T00:00:00,412,2018-05-21T00:00:00,412,2018-05-14T00:00:00,204,2013-10-21T00:00:00,51,wheat_monthly_rv
14,lasso,True,2018-05-21T00:00:00|2018-06-04T00:00:00,414,2018-06-04T00:00:00,412,2018-05-21T00:00:00,412,2018-05-14T00:00:00,204,2013-10-21T00:00:00,51,wheat_seasonal_rv
14,lasso,True,2018-05-21T00:00:00|2018-06-04T00:00:00,414,2018-06-04T00:00:00,412,2018-05-21T00:00:00,412,2018-05-14T00:00:00,204,2013-10-21T00:00:00,51,wheat_weekly_rv
14,lasso,True,2018-05-21T00:00:00|2018-06-04T00:00:00,414,2018-06-04T00:00:00,412,2018-05-21T00:00:00,412,2018-05-14T00:00:00,204,2013-10-21T00:00:00,51,wheat_weekly_rvg
5,lasso,False,2018-06-25T00:00:00|2018-07-02T00:00:00,418,2018-07-02T00:00:00,416,2018-06-25T00:00:00,416,2018-06-18T00:00:00,208,2013-11-25T00:00:00,52,tmax_very_hot_in_harvesting
5,lasso,False,2018-06-25T00:00:00|2018-07-02T00:00:00,418,2018-07-02T00:00:00,416,2018-06-25T00:00:00,416,2018-06-18T00:00:00,208,2013-11-25T00:00:00,52,wheat_monthly_rv
5,lasso,False,2018-06-25T00:00:00|2018-07-02T00:00:00,418,2018-07-02T00:00:00,416,2018-06-25T00:00:00,416,2018-06-18T00:00:00,208,2013-11-25T00:00:00,52,wheat_seasonal_rv
5,lasso,False,2018-06-25T00:00:00|2018-07-02T00:00:00,418,2018-07-02T00:00:00,416,2018-06-25T00:00:00,416,2018-06-18T00:00:00,208,2013-11-25T00:00:00,52,wheat_weekly_rv
5,lasso,False,2018-06-25T00:00:00|2018-07-02T00:00:00,418,2018-07-02T00:00:00,416,2018-06-25T00:00:00,416,2018-06-18T00:00:00,208,2013-11-25T00:00:00,52,wheat_weekly_rvg
5,lasso,True,2018-07-23T00:00:00|2018-07-30T00:00:00,422,2018-07-30T00:00:00,420,2018-07-23T00:00:00,420,2018-07-16T00:00:00,212,2013-12-23T00:00:00,53,tmax_very_hot_in_harvesting
5,lasso,True,2018-07-23T00:00:00|2018-07-30T00:00:00,422,2018-07-30T00:00:00,420,2018-07-23T00:00:00,420,2018-07-16T00:00:00,212,2013-12-23T00:00:00,53,wheat_monthly_rv
5,lasso,True,2018-07-23T00:00:00|2018-07-30T00:00:00,422,2018-07-30T00:00:00,420,2018-07-23T00:00:00,420,2018-07-16T00:00:00,212,2013-12-23T00:00:00,53,wheat_seasonal_rv
5,lasso,True,2018-07-23T00:00:00|2018-07-30T00:00:00,422,2018-07-30T00:00:00,420,2018-07-23T00:00:00,420,2018-07-16T00:00:00,212,2013-12-23T00:00:00,53,wheat_weekly_rv
5,lasso,True,2018-07-23T00:00:00|2018-07-30T00:00:00,422,2018-07-30T00:00:00,420,2018-07-23T00:00:00,420,2018-07-16T00:00:00,212,2013-12-23T00:00:00,53,wheat_weekly_rvg
5,lasso,True,2018-08-20T00:00:00|2018-08-27T00:00:00,426,2018-08-27T00:00:00,424,2018-08-20T00:00:00,424,2018-08-13T00:00:00,216,2014-01-27T00:00:00,54,tmax_very_hot_in_harvesting
5,lasso,True,2018-08-20T00:00:00|2018-08-27T00:00:00,426,2018-08-27T00:00:00,424,2018-08-20T00:00:00,424,2018-08-13T00:00:00,216,2014-01-27T00:00:00,54,wheat_monthly_rv
5,lasso,True,2018-08-20T00:00:00|2018-08-27T00:00:00,426,2018-08-27T00:00:00,424,2018-08-20T00:00:00,424,2018-08-13T00:00:00,216,2014-01-27T00:00:00,54,wheat_seasonal_rv
5,lasso,True,2018-08-20T00:00:00|2018-08-27T00:00:00,426,2018-08-27T00:00:00,424,2018-08-20T00:00:00,424,2018-08-13T00:00:00,216,2014-01-27T00:00:00,54,wheat_weekly_rv
5,lasso,True,2018-08-20T00:00:00|2018-08-27T00:00:00,426,2018-08-27T00:00:00,424,2018-08-20T00:00:00,424,2018-08-13T00:00:00,216,2014-01-27T00:00:00,54,wheat_weekly_rvg
5,lasso,True,2018-09-24T00:00:00|2018-10-01T00:00:00,430,2018-10-01T00:00:00,428,2018-09-24T00:00:00,428,2018-09-17T00:00:00,220,2014-03-10T00:00:00,55,tmax_very_hot_in_harvesting
5,lasso,True,2018-09-24T00:00:00|2018-10-01T00:00:00,430,2018-10-01T00:00:00,428,2018-09-24T00:00:00,428,2018-09-17T00:00:00,220,2014-03-10T00:00:00,55,wheat_monthly_rv
5,lasso,True,2018-09-24T00:00:00|2018-10-01T00:00:00,430,2018-10-01T00:00:00,428,2018-09-24T00:00:00,428,2018-09-17T00:00:00,220,2014-03-10T00:00:00,55,wheat_seasonal_rv
5,lasso,True,2018-09-24T00:00:00|2018-10-01T00:00:00,430,2018-10-01T00:00:00,428,2018-09-24T00:00:00,428,2018-09-17T00:00:00,220,2014-03-10T00:00:00,55,wheat_weekly_rv
5,lasso,True,2018-09-24T00:00:00|2018-10-01T00:00:00,430,2018-10-01T00:00:00,428,2018-09-24T00:00:00,428,2018-09-17T00:00:00,220,2014-03-10T00:00:00,55,wheat_weekly_rvg
6,lasso,False,2018-10-29T00:00:00|2018-11-05T00:00:00,434,2018-11-05T00:00:00,432,2018-10-29T00:00:00,432,2018-10-22T00:00:00,224,2014-04-14T00:00:00,56,spi_7d_very_dry_in_planting
6,lasso,False,2018-10-29T00:00:00|2018-11-05T00:00:00,434,2018-11-05T00:00:00,432,2018-10-29T00:00:00,432,2018-10-22T00:00:00,224,2014-04-14T00:00:00,56,tmax_very_hot_in_harvesting
6,lasso,False,2018-10-29T00:00:00|2018-11-05T00:00:00,434,2018-11-05T00:00:00,432,2018-10-29T00:00:00,432,2018-10-22T00:00:00,224,2014-04-14T00:00:00,56,wheat_monthly_rv
6,lasso,False,2018-10-29T00:00:00|2018-11-05T00:00:00,434,2018-11-05T00:00:00,432,2018-10-29T00:00:00,432,2018-10-22T00:00:00,224,2014-04-14T00:00:00,56,wheat_seasonal_rv
6,lasso,False,2018-10-29T00:00:00|2018-11-05T00:00:00,434,2018-11-05T00:00:00,432,2018-10-29T00:00:00,432,2018-10-22T00:00:00,224,2014-04-14T00:00:00,56,wheat_weekly_rv
6,lasso,False,2018-10-29T00:00:00|2018-11-05T00:00:00,434,2018-11-05T00:00:00,432,2018-10-29T00:00:00,432,2018-10-22T00:00:00,224,2014-04-14T00:00:00,56,wheat_weekly_rvg
6,lasso,True,2018-12-03T00:00:00|2018-12-10T00:00:00,438,2018-12-10T00:00:00,436,2018-12-03T00:00:00,436,2018-11-26T00:00:00,228,2014-05-12T00:00:00,57,spi_7d_very_dry_in_planting
6,lasso,True,2018-12-03T00:00:00|2018-12-10T00:00:00,438,2018-12-10T00:00:00,436,2018-12-03T00:00:00,436,2018-11-26T00:00:00,228,2014-05-12T00:00:00,57,tmax_very_hot_in_harvesting
6,lasso,True,2018-12-03T00:00:00|2018-12-10T00:00:00,438,2018-12-10T00:00:00,436,2018-12-03T00:00:00,436,2018-11-26T00:00:00,228,2014-05-12T00:00:00,57,wheat_monthly_rv
6,lasso,True,2018-12-03T00:00:00|2018-12-10T00:00:00,438,2018-12-10T00:00:00,436,2018-12-03T00:00:00,436,2018-11-26T00:00:00,228,2014-05-12T00:00:00,57,wheat_seasonal_rv
6,lasso,True,2018-12-03T00:00:00|2018-12-10T00:00:00,438,2018-12-10T00:00:00,436,2018-12-03T00:00:00,436,2018-11-26T00:00:00,228,2014-05-12T00:00:00,57,wheat_weekly_rv
6,lasso,True,2018-12-03T00:00:00|2018-12-10T00:00:00,438,2018-12-10T00:00:00,436,2018-12-03T00:00:00,436,2018-11-26T00:00:00,228,2014-05-12T00:00:00,57,wheat_weekly_rvg
6,lasso,True,2018-12-31T00:00:00|2019-01-07T00:00:00,442,2019-01-07T00:00:00,440,2018-12-31T00:00:00,440,2018-12-24T00:00:00,232,2014-06-16T00:00:00,58,spi_7d_very_dry_in_planting
6,lasso,True,2018-12-31T00:00:00|2019-01-07T00:00:00,442,2019-01-07T00:00:00,440,2018-12-31T00:00:00,440,2018-12-24T00:00:00,232,2014-06-16T00:00:00,58,tmax_very_hot_in_harvesting
6,lasso,True,2018-12-31T00:00:00|2019-01-07T00:00:00,442,2019-01-07T00:00:00,440,2018-12-31T00:00:00,440,2018-12-24T00:00:00,232,2014-06-16T00:00:00,58,wheat_monthly_rv
6,lasso,True,2018-12-31T00:00:00|2019-01-07T00:00:00,442,2019-01-07T00:00:00,440,2018-12-31T00:00:00,440,2018-12-24T00:00:00,232,2014-06-16T00:00:00,58,wheat_seasonal_rv
6,lasso,True,2018-12-31T00:00:00|2019-01-07T00:00:00,442,2019-01-07T00:00:00,440,2018-12-31T00:00:00,440,2018-12-24T00:00:00,232,2014-06-16T00:00:00,58,wheat_weekly_rv
6,lasso,True,2018-12-31T00:00:00|2019-01-07T00:00:00,442,2019-01-07T00:00:00,440,2018-12-31T00:00:00,440,2018-12-24T00:00:00,232,2014-06-16T00:00:00,58,wheat_weekly_rvg
6,lasso,True,2019-02-11T00:00:00|2019-02-25T00:00:00,446,2019-02-25T00:00:00,444,2019-02-11T00:00:00,444,2019-02-04T00:00:00,236,2014-07-14T00:00:00,59,spi_7d_very_dry_in_planting
6,lasso,True,2019-02-11T00:00:00|2019-02-25T00:00:00,446,2019-02-25T00:00:00,444,2019-02-11T00:00:00,444,2019-02-04T00:00:00,236,2014-07-14T00:00:00,59,tmax_very_hot_in_harvesting
6,lasso,True,2019-02-11T00:00:00|2019-02-25T00:00:00,446,2019-02-25T00:00:00,444,2019-02-11T00:00:00,444,2019-02-04T00:00:00,236,2014-07-14T00:00:00,59,wheat_monthly_rv
6,lasso,True,2019-02-11T00:00:00|2019-02-25T00:00:00,446,2019-02-25T00:00:00,444,2019-02-11T00:00:00,444,2019-02-04T00:00:00,236,2014-07-14T00:00:00,59,wheat_seasonal_rv
6,lasso,True,2019-02-11T00:00:00|2019-02-25T00:00:00,446,2019-02-25T00:00:00,444,2019-02-11T00:00:00,444,2019-02-04T00:00:00,236,2014-07-14T00:00:00,59,wheat_weekly_rv
6,lasso,True,2019-02-11T00:00:00|2019-02-25T00:00:00,446,2019-02-25T00:00:00,444,2019-02-11T00:00:00,444,2019-02-04T00:00:00,236,2014-07-14T00:00:00,59,wheat_weekly_rvg
15,lasso,False,2019-03-18T00:00:00|2019-03-25T00:00:00,450,2019-03-25T00:00:00,448,2019-03-18T00:00:00,448,2019-03-11T00:00:00,240,2014-08-11T00:00:00,60,Broad_Dollar_index
15,lasso,False,2019-03-18T00:00:00|2019-03-25T00:00:00,450,2019-03-25T00:00:00,448,2019-03-18T00:00:00,448,2019-03-11T00:00:00,240,2014-08-11T00:00:00,60,Stock_Uncertainty
15,lasso,False,2019-03-18T00:00:00|2019-03-25T00:00:00,450,2019-03-25T00:00:00,448,2019-03-18T00:00:00,448,2019-03-11T00:00:00,240,2014-08-11T00:00:00,60,WTI_Index
15,lasso,False,2019-03-18T00:00:00|2019-03-25T00:00:00,450,2019-03-25T00:00:00,448,2019-03-18T00:00:00,448,2019-03-11T00:00:00,240,2014-08-11T00:00:00,60,pdsi_extreme_wet_in_harvesting
15,lasso,False,2019-03-18T00:00:00|2019-03-25T00:00:00,450,2019-03-25T00:00:00,448,2019-03-18T00:00:00,448,2019-03-11T00:00:00,240,2014-08-11T00:00:00,60,pdsi_very_wet_in_planting
15,lasso,False,2019-03-18T00:00:00|2019-03-25T00:00:00,450,2019-03-25T00:00:00,448,2019-03-18T00:00:00,448,2019-03-11T00:00:00,240,2014-08-11T00:00:00,60,spi_7d_extreme_dry_in_harvesting
15,lasso,False,2019-03-18T00:00:00|2019-03-25T00:00:00,450,2019-03-25T00:00:00,448,2019-03-18T00:00:00,448,2019-03-11T00:00:00,240,2014-08-11T00:00:00,60,spi_7d_very_dry_in_harvesting
15,lasso,False,2019-03-18T00:00:00|2019-03-25T00:00:00,450,2019-03-25T00:00:00,448,2019-03-18T00:00:00,448,2019-03-11T00:00:00,240,2014-08-11T00:00:00,60,spi_7d_very_dry_in_planting
15,lasso,False,2019-03-18T00:00:00|2019-03-25T00:00:00,450,2019-03-25T00:00:00,448,2019-03-18T00:00:00,448,2019-03-11T00:00:00,240,2014-08-11T00:00:00,60,tmax_hot_in_harvesting
15,lasso,False,2019-03-18T00:00:00|2019-03-25T00:00:00,450,2019-03-25T00:00:00,448,2019-03-18T00:00:00,448,2019-03-11T00:00:00,240,2014-08-11T00:00:00,60,tmax_hot_in_planting
15,lasso,False,2019-03-18T00:00:00|2019-03-25T00:00:00,450,2019-03-25T00:00:00,448,2019-03-18T00:00:00,448,2019-03-11T00:00:00,240,2014-08-11T00:00:00,60,tmax_very_hot_in_harvesting
15,lasso,False,2019-03-18T00:00:00|2019-03-25T00:00:00,450,2019-03-25T00:00:00,448,2019-03-18T00:00:00,448,2019-03-11T00:00:00,240,2014-08-11T00:00:00,60,wheat_monthly_rv
15,lasso,False,2019-03-18T00:00:00|2019-03-25T00:00:00,450,2019-03-25T00:00:00,448,2019-03-18T00:00:00,448,2019-03-11T00:00:00,240,2014-08-11T00:00:00,60,wheat_seasonal_rv
15,lasso,False,2019-03-18T00:00:00|2019-03-25T00:00:00,450,2019-03-25T00:00:00,448,2019-03-18T00:00:00,448,2019-03-11T00:00:00,240,2014-08-11T00:00:00,60,wheat_weekly_rv
15,lasso,False,2019-03-18T00:00:00|2019-03-25T00:00:00,450,2019-03-25T00:00:00,448,2019-03-18T00:00:00,448,2019-03-11T00:00:00,240,2014-08-11T00:00:00,60,wheat_weekly_rvg
15,lasso,True,2019-04-15T00:00:00|2019-04-22T00:00:00,454,2019-04-22T00:00:00,452,2019-04-15T00:00:00,452,2019-04-08T00:00:00,244,2014-09-15T00:00:00,61,Broad_Dollar_index
15,lasso,True,2019-04-15T00:00:00|2019-04-22T00:00:00,454,2019-04-22T00:00:00,452,2019-04-15T00:00:00,452,2019-04-08T00:00:00,244,2014-09-15T00:00:00,61,Stock_Uncertainty
15,lasso,True,2019-04-15T00:00:00|2019-04-22T00:00:00,454,2019-04-22T00:00:00,452,2019-04-15T00:00:00,452,2019-04-08T00:00:00,244,2014-09-15T00:00:00,61,WTI_Index
15,lasso,True,2019-04-15T00:00:00|2019-04-22T00:00:00,454,2019-04-22T00:00:00,452,2019-04-15T00:00:00,452,2019-04-08T00:00:00,244,2014-09-15T00:00:00,61,pdsi_extreme_wet_in_harvesting
15,lasso,True,2019-04-15T00:00:00|2019-04-22T00:00:00,454,2019-04-22T00:00:00,452,2019-04-15T00:00:00,452,2019-04-08T00:00:00,244,2014-09-15T00:00:00,61,pdsi_very_wet_in_planting
15,lasso,True,2019-04-15T00:00:00|2019-04-22T00:00:00,454,2019-04-22T00:00:00,452,2019-04-15T00:00:00,452,2019-04-08T00:00:00,244,2014-09-15T00:00:00,61,spi_7d_extreme_dry_in_harvesting
15,lasso,True,2019-04-15T00:00:00|2019-04-22T00:00:00,454,2019-04-22T00:00:00,452,2019-04-15T00:00:00,452,2019-04-08T00:00:00,244,2014-09-15T00:00:00,61,spi_7d_very_dry_in_harvesting
15,lasso,True,2019-04-15T00:00:00|2019-04-22T00:00:00,454,2019-04-22T00:00:00,452,2019-04-15T00:00:00,452,2019-04-08T00:00:00,244,2014-09-15T00:00:00,61,spi_7d_very_dry_in_planting
15,lasso,True,2019-04-15T00:00:00|2019-04-22T00:00:00,454,2019-04-22T00:00:00,452,2019-04-15T00:00:00,452,2019-04-08T00:00:00,244,2014-09-15T00:00:00,61,tmax_hot_in_harvesting
15,lasso,True,2019-04-15T00:00:00|2019-04-22T00:00:00,454,2019-04-22T00:00:00,452,2019-04-15T00:00:00,452,2019-04-08T00:00:00,244,2014-09-15T00:00:00,61,tmax_hot_in_planting
15,lasso,True,2019-04-15T00:00:00|2019-04-22T00:00:00,454,2019-04-22T00:00:00,452,2019-04-15T00:00:00,452,2019-04-08T00:00:00,244,2014-09-15T00:00:00,61,tmax_very_hot_in_harvesting
15,lasso,True,2019-04-15T00:00:00|2019-04-22T00:00:00,454,2019-04-22T00:00:00,452,2019-04-15T00:00:00,452,2019-04-08T00:00:00,244,2014-09-15T00:00:00,61,wheat_monthly_rv
15,lasso,True,2019-04-15T00:00:00|2019-04-22T00:00:00,454,2019-04-22T00:00:00,452,2019-04-15T00:00:00,452,2019-04-08T00:00:00,244,2014-09-15T00:00:00,61,wheat_seasonal_rv
15,lasso,True,2019-04-15T00:00:00|2019-04-22T00:00:00,454,2019-04-22T00:00:00,452,2019-04-15T00:00:00,452,2019-04-08T00:00:00,244,2014-09-15T00:00:00,61,wheat_weekly_rv
15,lasso,True,2019-04-15T00:00:00|2019-04-22T00:00:00,454,2019-04-22T00:00:00,452,2019-04-15T00:00:00,452,2019-04-08T00:00:00,244,2014-09-15T00:00:00,61,wheat_weekly_rvg
15,lasso,True,2019-05-13T00:00:00|2019-05-20T00:00:00,458,2019-05-20T00:00:00,456,2019-05-13T00:00:00,456,2019-05-06T00:00:00,248,2014-10-20T00:00:00,62,Broad_Dollar_index
15,lasso,True,2019-05-13T00:00:00|2019-05-20T00:00:00,458,2019-05-20T00:00:00,456,2019-05-13T00:00:00,456,2019-05-06T00:00:00,248,2014-10-20T00:00:00,62,Stock_Uncertainty
15,lasso,True,2019-05-13T00:00:00|2019-05-20T00:00:00,458,2019-05-20T00:00:00,456,2019-05-13T00:00:00,456,2019-05-06T00:00:00,248,2014-10-20T00:00:00,62,WTI_Index
15,lasso,True,2019-05-13T00:00:00|2019-05-20T00:00:00,458,2019-05-20T00:00:00,456,2019-05-13T00:00:00,456,2019-05-06T00:00:00,248,2014-10-20T00:00:00,62,pdsi_extreme_wet_in_harvesting
15,lasso,True,2019-05-13T00:00:00|2019-05-20T00:00:00,458,2019-05-20T00:00:00,456,2019-05-13T00:00:00,456,2019-05-06T00:00:00,248,2014-10-20T00:00:00,62,pdsi_very_wet_in_planting
15,lasso,True,2019-05-13T00:00:00|2019-05-20T00:00:00,458,2019-05-20T00:00:00,456,2019-05-13T00:00:00,456,2019-05-06T00:00:00,248,2014-10-20T00:00:00,62,spi_7d_extreme_dry_in_harvesting
15,lasso,True,2019-05-13T00:00:00|2019-05-20T00:00:00,458,2019-05-20T00:00:00,456,2019-05-13T00:00:00,456,2019-05-06T00:00:00,248,2014-10-20T00:00:00,62,spi_7d_very_dry_in_harvesting
15,lasso,True,2019-05-13T00:00:00|2019-05-20T00:00:00,458,2019-05-20T00:00:00,456,2019-05-13T00:00:00,456,2019-05-06T00:00:00,248,2014-10-20T00:00:00,62,spi_7d_very_dry_in_planting
15,lasso,True,2019-05-13T00:00:00|2019-05-20T00:00:00,458,2019-05-20T00:00:00,456,2019-05-13T00:00:00,456,2019-05-06T00:00:00,248,2014-10-20T00:00:00,62,tmax_hot_in_harvesting
15,lasso,True,2019-05-13T00:00:00|2019-05-20T00:00:00,458,2019-05-20T00:00:00,456,2019-05-13T00:00:00,456,2019-05-06T00:00:00,248,2014-10-20T00:00:00,62,tmax_hot_in_planting
15,lasso,True,2019-05-13T00:00:00|2019-05-20T00:00:00,458,2019-05-20T00:00:00,456,2019-05-13T00:00:00,456,2019-05-06T00:00:00,248,2014-10-20T00:00:00,62,tmax_very_hot_in_harvesting
15,lasso,True,2019-05-13T00:00:00|2019-05-20T00:00:00,458,2019-05-20T00:00:00,456,2019-05-13T00:00:00,456,2019-05-06T00:00:00,248,2014-10-20T00:00:00,62,wheat_monthly_rv
15,lasso,True,2019-05-13T00:00:00|2019-05-20T00:00:00,458,2019-05-20T00:00:00,456,2019-05-13T00:00:00,456,2019-05-06T00:00:00,248,2014-10-20T00:00:00,62,wheat_seasonal_rv
15,lasso,True,2019-05-13T00:00:00|2019-05-20T00:00:00,458,2019-05-20T00:00:00,456,2019-05-13T00:00:00,456,2019-05-06T00:00:00,248,2014-10-20T00:00:00,62,wheat_weekly_rv
15,lasso,True,2019-05-13T00:00:00|2019-05-20T00:00:00,458,2019-05-20T00:00:00,456,2019-05-13T00:00:00,456,2019-05-06T00:00:00,248,2014-10-20T00:00:00,62,wheat_weekly_rvg
15,lasso,True,2019-06-17T00:00:00|2019-06-24T00:00:00,462,2019-06-24T00:00:00,460,2019-06-17T00:00:00,460,2019-06-10T00:00:00,252,2014-11-17T00:00:00,63,Broad_Dollar_index
15,lasso,True,2019-06-17T00:00:00|2019-06-24T00:00:00,462,2019-06-24T00:00:00,460,2019-06-17T00:00:00,460,2019-06-10T00:00:00,252,2014-11-17T00:00:00,63,Stock_Uncertainty
15,lasso,True,2019-06-17T00:00:00|2019-06-24T00:00:00,462,2019-06-24T00:00:00,460,2019-06-17T00:00:00,460,2019-06-10T00:00:00,252,2014-11-17T00:00:00,63,WTI_Index
15,lasso,True,2019-06-17T00:00:00|2019-06-24T00:00:00,462,2019-06-24T00:00:00,460,2019-06-17T00:00:00,460,2019-06-10T00:00:00,252,2014-11-17T00:00:00,63,pdsi_extreme_wet_in_harvesting
15,lasso,True,2019-06-17T00:00:00|2019-06-24T00:00:00,462,2019-06-24T00:00:00,460,2019-06-17T00:00:00,460,2019-06-10T00:00:00,252,2014-11-17T00:00:00,63,pdsi_very_wet_in_planting
15,lasso,True,2019-06-17T00:00:00|2019-06-24T00:00:00,462,2019-06-24T00:00:00,460,2019-06-17T00:00:00,460,2019-06-10T00:00:00,252,2014-11-17T00:00:00,63,spi_7d_extreme_dry_in_harvesting
15,lasso,True,2019-06-17T00:00:00|2019-06-24T00:00:00,462,2019-06-24T00:00:00,460,2019-06-17T00:00:00,460,2019-06-10T00:00:00,252,2014-11-17T00:00:00,63,spi_7d_very_dry_in_harvesting
15,lasso,True,2019-06-17T00:00:00|2019-06-24T00:00:00,462,2019-06-24T00:00:00,460,2019-06-17T00:00:00,460,2019-06-10T00:00:00,252,2014-11-17T00:00:00,63,spi_7d_very_dry_in_planting
15,lasso,True,2019-06-17T00:00:00|2019-06-24T00:00:00,462,2019-06-24T00:00:00,460,2019-06-17T00:00:00,460,2019-06-10T00:00:00,252,2014-11-17T00:00:00,63,tmax_hot_in_harvesting
15,lasso,True,2019-06-17T00:00:00|2019-06-24T00:00:00,462,2019-06-24T00:00:00,460,2019-06-17T00:00:00,460,2019-06-10T00:00:00,252,2014-11-17T00:00:00,63,tmax_hot_in_planting
15,lasso,True,2019-06-17T00:00:00|2019-06-24T00:00:00,462,2019-06-24T00:00:00,460,2019-06-17T00:00:00,460,2019-06-10T00:00:00,252,2014-11-17T00:00:00,63,tmax_very_hot_in_harvesting
15,lasso,True,2019-06-17T00:00:00|2019-06-24T00:00:00,462,2019-06-24T00:00:00,460,2019-06-17T00:00:00,460,2019-06-10T00:00:00,252,2014-11-17T00:00:00,63,wheat_monthly_rv
15,lasso,True,2019-06-17T00:00:00|2019-06-24T00:00:00,462,2019-06-24T00:00:00,460,2019-06-17T00:00:00,460,2019-06-10T00:00:00,252,2014-11-17T00:00:00,63,wheat_seasonal_rv
15,lasso,True,2019-06-17T00:00:00|2019-06-24T00:00:00,462,2019-06-24T00:00:00,460,2019-06-17T00:00:00,460,2019-06-10T00:00:00,252,2014-11-17T00:00:00,63,wheat_weekly_rv
15,lasso,True,2019-06-17T00:00:00|2019-06-24T00:00:00,462,2019-06-24T00:00:00,460,2019-06-17T00:00:00,460,2019-06-10T00:00:00,252,2014-11-17T00:00:00,63,wheat_weekly_rvg
19,lasso,False,2019-07-15T00:00:00|2019-07-22T00:00:00,466,2019-07-22T00:00:00,464,2019-07-15T00:00:00,464,2019-07-08T00:00:00,256,2014-12-15T00:00:00,64,Broad_Dollar_index
19,lasso,False,2019-07-15T00:00:00|2019-07-22T00:00:00,466,2019-07-22T00:00:00,464,2019-07-15T00:00:00,464,2019-07-08T00:00:00,256,2014-12-15T00:00:00,64,WTI_Index
19,lasso,False,2019-07-15T00:00:00|2019-07-22T00:00:00,466,2019-07-22T00:00:00,464,2019-07-15T00:00:00,464,2019-07-08T00:00:00,256,2014-12-15T00:00:00,64,awnd_moderate_high_wind_in_planting
19,lasso,False,2019-07-15T00:00:00|2019-07-22T00:00:00,466,2019-07-22T00:00:00,464,2019-07-15T00:00:00,464,2019-07-08T00:00:00,256,2014-12-15T00:00:00,64,corn_weekly_rv
19,lasso,False,2019-07-15T00:00:00|2019-07-22T00:00:00,466,2019-07-22T00:00:00,464,2019-07-15T00:00:00,464,2019-07-08T00:00:00,256,2014-12-15T00:00:00,64,pdsi_severe_drought_in_harvesting
19,lasso,False,2019-07-15T00:00:00|2019-07-22T00:00:00,466,2019-07-22T00:00:00,464,2019-07-15T00:00:00,464,2019-07-08T00:00:00,256,2014-12-15T00:00:00,64,pdsi_very_wet_in_harvesting
19,lasso,False,2019-07-15T00:00:00|2019-07-22T00:00:00,466,2019-07-22T00:00:00,464,2019-07-15T00:00:00,464,2019-07-08T00:00:00,256,2014-12-15T00:00:00,64,soybeans_weekly_rv
19,lasso,False,2019-07-15T00:00:00|2019-07-22T00:00:00,466,2019-07-22T00:00:00,464,2019-07-15T00:00:00,464,2019-07-08T00:00:00,256,2014-12-15T00:00:00,64,spi_7d_extreme_dry_in_harvesting
19,lasso,False,2019-07-15T00:00:00|2019-07-22T00:00:00,466,2019-07-22T00:00:00,464,2019-07-15T00:00:00,464,2019-07-08T00:00:00,256,2014-12-15T00:00:00,64,spi_7d_extreme_wet_in_harvesting
19,lasso,False,2019-07-15T00:00:00|2019-07-22T00:00:00,466,2019-07-22T00:00:00,464,2019-07-15T00:00:00,464,2019-07-08T00:00:00,256,2014-12-15T00:00:00,64,spi_7d_extreme_wet_in_planting
19,lasso,False,2019-07-15T00:00:00|2019-07-22T00:00:00,466,2019-07-22T00:00:00,464,2019-07-15T00:00:00,464,2019-07-08T00:00:00,256,2014-12-15T00:00:00,64,spi_7d_very_dry_in_harvesting
19,lasso,False,2019-07-15T00:00:00|2019-07-22T00:00:00,466,2019-07-22T00:00:00,464,2019-07-15T00:00:00,464,2019-07-08T00:00:00,256,2014-12-15T00:00:00,64,spi_7d_very_dry_in_planting
19,lasso,False,2019-07-15T00:00:00|2019-07-22T00:00:00,466,2019-07-22T00:00:00,464,2019-07-15T00:00:00,464,2019-07-08T00:00:00,256,2014-12-15T00:00:00,64,tmax_hot_in_harvesting
19,lasso,False,2019-07-15T00:00:00|2019-07-22T00:00:00,466,2019-07-22T00:00:00,464,2019-07-15T00:00:00,464,2019-07-08T00:00:00,256,2014-12-15T00:00:00,64,tmax_very_hot_in_harvesting
19,lasso,False,2019-07-15T00:00:00|2019-07-22T00:00:00,466,2019-07-22T00:00:00,464,2019-07-15T00:00:00,464,2019-07-08T00:00:00,256,2014-12-15T00:00:00,64,tmax_very_hot_in_planting
19,lasso,False,2019-07-15T00:00:00|2019-07-22T00:00:00,466,2019-07-22T00:00:00,464,2019-07-15T00:00:00,464,2019-07-08T00:00:00,256,2014-12-15T00:00:00,64,wheat_monthly_rv
19,lasso,False,2019-07-15T00:00:00|2019-07-22T00:00:00,466,2019-07-22T00:00:00,464,2019-07-15T00:00:00,464,2019-07-08T00:00:00,256,2014-12-15T00:00:00,64,wheat_seasonal_rv
19,lasso,False,2019-07-15T00:00:00|2019-07-22T00:00:00,466,2019-07-22T00:00:00,464,2019-07-15T00:00:00,464,2019-07-08T00:00:00,256,2014-12-15T00:00:00,64,wheat_weekly_rv
19,lasso,False,2019-07-15T00:00:00|2019-07-22T00:00:00,466,2019-07-22T00:00:00,464,2019-07-15T00:00:00,464,2019-07-08T00:00:00,256,2014-12-15T00:00:00,64,wheat_weekly_rvg
19,lasso,True,2019-08-12T00:00:00|2019-08-19T00:00:00,470,2019-08-19T00:00:00,468,2019-08-12T00:00:00,468,2019-08-05T00:00:00,260,2015-01-12T00:00:00,65,Broad_Dollar_index
19,lasso,True,2019-08-12T00:00:00|2019-08-19T00:00:00,470,2019-08-19T00:00:00,468,2019-08-12T00:00:00,468,2019-08-05T00:00:00,260,2015-01-12T00:00:00,65,WTI_Index
19,lasso,True,2019-08-12T00:00:00|2019-08-19T00:00:00,470,2019-08-19T00:00:00,468,2019-08-12T00:00:00,468,2019-08-05T00:00:00,260,2015-01-12T00:00:00,65,awnd_moderate_high_wind_in_planting
19,lasso,True,2019-08-12T00:00:00|2019-08-19T00:00:00,470,2019-08-19T00:00:00,468,2019-08-12T00:00:00,468,2019-08-05T00:00:00,260,2015-01-12T00:00:00,65,corn_weekly_rv
19,lasso,True,2019-08-12T00:00:00|2019-08-19T00:00:00,470,2019-08-19T00:00:00,468,2019-08-12T00:00:00,468,2019-08-05T00:00:00,260,2015-01-12T00:00:00,65,pdsi_severe_drought_in_harvesting
19,lasso,True,2019-08-12T00:00:00|2019-08-19T00:00:00,470,2019-08-19T00:00:00,468,2019-08-12T00:00:00,468,2019-08-05T00:00:00,260,2015-01-12T00:00:00,65,pdsi_very_wet_in_harvesting
19,lasso,True,2019-08-12T00:00:00|2019-08-19T00:00:00,470,2019-08-19T00:00:00,468,2019-08-12T00:00:00,468,2019-08-05T00:00:00,260,2015-01-12T00:00:00,65,soybeans_weekly_rv
19,lasso,True,2019-08-12T00:00:00|2019-08-19T00:00:00,470,2019-08-19T00:00:00,468,2019-08-12T00:00:00,468,2019-08-05T00:00:00,260,2015-01-12T00:00:00,65,spi_7d_extreme_dry_in_harvesting
19,lasso,True,2019-08-12T00:00:00|2019-08-19T00:00:00,470,2019-08-19T00:00:00,468,2019-08-12T00:00:00,468,2019-08-05T00:00:00,260,2015-01-12T00:00:00,65,spi_7d_extreme_wet_in_harvesting
19,lasso,True,2019-08-12T00:00:00|2019-08-19T00:00:00,470,2019-08-19T00:00:00,468,2019-08-12T00:00:00,468,2019-08-05T00:00:00,260,2015-01-12T00:00:00,65,spi_7d_extreme_wet_in_planting
19,lasso,True,2019-08-12T00:00:00|2019-08-19T00:00:00,470,2019-08-19T00:00:00,468,2019-08-12T00:00:00,468,2019-08-05T00:00:00,260,2015-01-12T00:00:00,65,spi_7d_very_dry_in_harvesting
19,lasso,True,2019-08-12T00:00:00|2019-08-19T00:00:00,470,2019-08-19T00:00:00,468,2019-08-12T00:00:00,468,2019-08-05T00:00:00,260,2015-01-12T00:00:00,65,spi_7d_very_dry_in_planting
19,lasso,True,2019-08-12T00:00:00|2019-08-19T00:00:00,470,2019-08-19T00:00:00,468,2019-08-12T00:00:00,468,2019-08-05T00:00:00,260,2015-01-12T00:00:00,65,tmax_hot_in_harvesting
19,lasso,True,2019-08-12T00:00:00|2019-08-19T00:00:00,470,2019-08-19T00:00:00,468,2019-08-12T00:00:00,468,2019-08-05T00:00:00,260,2015-01-12T00:00:00,65,tmax_very_hot_in_harvesting
19,lasso,True,2019-08-12T00:00:00|2019-08-19T00:00:00,470,2019-08-19T00:00:00,468,2019-08-12T00:00:00,468,2019-08-05T00:00:00,260,2015-01-12T00:00:00,65,tmax_very_hot_in_planting
19,lasso,True,2019-08-12T00:00:00|2019-08-19T00:00:00,470,2019-08-19T00:00:00,468,2019-08-12T00:00:00,468,2019-08-05T00:00:00,260,2015-01-12T00:00:00,65,wheat_monthly_rv
19,lasso,True,2019-08-12T00:00:00|2019-08-19T00:00:00,470,2019-08-19T00:00:00,468,2019-08-12T00:00:00,468,2019-08-05T00:00:00,260,2015-01-12T00:00:00,65,wheat_seasonal_rv
19,lasso,True,2019-08-12T00:00:00|2019-08-19T00:00:00,470,2019-08-19T00:00:00,468,2019-08-12T00:00:00,468,2019-08-05T00:00:00,260,2015-01-12T00:00:00,65,wheat_weekly_rv
19,lasso,True,2019-08-12T00:00:00|2019-08-19T00:00:00,470,2019-08-19T00:00:00,468,2019-08-12T00:00:00,468,2019-08-05T00:00:00,260,2015-01-12T00:00:00,65,wheat_weekly_rvg
19,lasso,True,2019-09-16T00:00:00|2019-09-23T00:00:00,474,2019-09-23T00:00:00,472,2019-09-16T00:00:00,472,2019-09-09T00:00:00,264,2015-02-23T00:00:00,66,Broad_Dollar_index
19,lasso,True,2019-09-16T00:00:00|2019-09-23T00:00:00,474,2019-09-23T00:00:00,472,2019-09-16T00:00:00,472,2019-09-09T00:00:00,264,2015-02-23T00:00:00,66,WTI_Index
19,lasso,True,2019-09-16T00:00:00|2019-09-23T00:00:00,474,2019-09-23T00:00:00,472,2019-09-16T00:00:00,472,2019-09-09T00:00:00,264,2015-02-23T00:00:00,66,awnd_moderate_high_wind_in_planting
19,lasso,True,2019-09-16T00:00:00|2019-09-23T00:00:00,474,2019-09-23T00:00:00,472,2019-09-16T00:00:00,472,2019-09-09T00:00:00,264,2015-02-23T00:00:00,66,corn_weekly_rv
19,lasso,True,2019-09-16T00:00:00|2019-09-23T00:00:00,474,2019-09-23T00:00:00,472,2019-09-16T00:00:00,472,2019-09-09T00:00:00,264,2015-02-23T00:00:00,66,pdsi_severe_drought_in_harvesting
19,lasso,True,2019-09-16T00:00:00|2019-09-23T00:00:00,474,2019-09-23T00:00:00,472,2019-09-16T00:00:00,472,2019-09-09T00:00:00,264,2015-02-23T00:00:00,66,pdsi_very_wet_in_harvesting
19,lasso,True,2019-09-16T00:00:00|2019-09-23T00:00:00,474,2019-09-23T00:00:00,472,2019-09-16T00:00:00,472,2019-09-09T00:00:00,264,2015-02-23T00:00:00,66,soybeans_weekly_rv
19,lasso,True,2019-09-16T00:00:00|2019-09-23T00:00:00,474,2019-09-23T00:00:00,472,2019-09-16T00:00:00,472,2019-09-09T00:00:00,264,2015-02-23T00:00:00,66,spi_7d_extreme_dry_in_harvesting
19,lasso,True,2019-09-16T00:00:00|2019-09-23T00:00:00,474,2019-09-23T00:00:00,472,2019-09-16T00:00:00,472,2019-09-09T00:00:00,264,2015-02-23T00:00:00,66,spi_7d_extreme_wet_in_harvesting
19,lasso,True,2019-09-16T00:00:00|2019-09-23T00:00:00,474,2019-09-23T00:00:00,472,2019-09-16T00:00:00,472,2019-09-09T00:00:00,264,2015-02-23T00:00:00,66,spi_7d_extreme_wet_in_planting
19,lasso,True,2019-09-16T00:00:00|2019-09-23T00:00:00,474,2019-09-23T00:00:00,472,2019-09-16T00:00:00,472,2019-09-09T00:00:00,264,2015-02-23T00:00:00,66,spi_7d_very_dry_in_harvesting
19,lasso,True,2019-09-16T00:00:00|2019-09-23T00:00:00,474,2019-09-23T00:00:00,472,2019-09-16T00:00:00,472,2019-09-09T00:00:00,264,2015-02-23T00:00:00,66,spi_7d_very_dry_in_planting
19,lasso,True,2019-09-16T00:00:00|2019-09-23T00:00:00,474,2019-09-23T00:00:00,472,2019-09-16T00:00:00,472,2019-09-09T00:00:00,264,2015-02-23T00:00:00,66,tmax_hot_in_harvesting
19,lasso,True,2019-09-16T00:00:00|2019-09-23T00:00:00,474,2019-09-23T00:00:00,472,2019-09-16T00:00:00,472,2019-09-09T00:00:00,264,2015-02-23T00:00:00,66,tmax_very_hot_in_harvesting
19,lasso,True,2019-09-16T00:00:00|2019-09-23T00:00:00,474,2019-09-23T00:00:00,472,2019-09-16T00:00:00,472,2019-09-09T00:00:00,264,2015-02-23T00:00:00,66,tmax_very_hot_in_planting
19,lasso,True,2019-09-16T00:00:00|2019-09-23T00:00:00,474,2019-09-23T00:00:00,472,2019-09-16T00:00:00,472,2019-09-09T00:00:00,264,2015-02-23T00:00:00,66,wheat_monthly_rv
19,lasso,True,2019-09-16T00:00:00|2019-09-23T00:00:00,474,2019-09-23T00:00:00,472,2019-09-16T00:00:00,472,2019-09-09T00:00:00,264,2015-02-23T00:00:00,66,wheat_seasonal_rv
19,lasso,True,2019-09-16T00:00:00|2019-09-23T00:00:00,474,2019-09-23T00:00:00,472,2019-09-16T00:00:00,472,2019-09-09T00:00:00,264,2015-02-23T00:00:00,66,wheat_weekly_rv
19,lasso,True,2019-09-16T00:00:00|2019-09-23T00:00:00,474,2019-09-23T00:00:00,472,2019-09-16T00:00:00,472,2019-09-09T00:00:00,264,2015-02-23T00:00:00,66,wheat_weekly_rvg
19,lasso,True,2019-10-21T00:00:00|2019-10-28T00:00:00,478,2019-10-28T00:00:00,476,2019-10-21T00:00:00,476,2019-10-07T00:00:00,268,2015-03-23T00:00:00,67,Broad_Dollar_index
19,lasso,True,2019-10-21T00:00:00|2019-10-28T00:00:00,478,2019-10-28T00:00:00,476,2019-10-21T00:00:00,476,2019-10-07T00:00:00,268,2015-03-23T00:00:00,67,WTI_Index
19,lasso,True,2019-10-21T00:00:00|2019-10-28T00:00:00,478,2019-10-28T00:00:00,476,2019-10-21T00:00:00,476,2019-10-07T00:00:00,268,2015-03-23T00:00:00,67,awnd_moderate_high_wind_in_planting
19,lasso,True,2019-10-21T00:00:00|2019-10-28T00:00:00,478,2019-10-28T00:00:00,476,2019-10-21T00:00:00,476,2019-10-07T00:00:00,268,2015-03-23T00:00:00,67,corn_weekly_rv
19,lasso,True,2019-10-21T00:00:00|2019-10-28T00:00:00,478,2019-10-28T00:00:00,476,2019-10-21T00:00:00,476,2019-10-07T00:00:00,268,2015-03-23T00:00:00,67,pdsi_severe_drought_in_harvesting
19,lasso,True,2019-10-21T00:00:00|2019-10-28T00:00:00,478,2019-10-28T00:00:00,476,2019-10-21T00:00:00,476,2019-10-07T00:00:00,268,2015-03-23T00:00:00,67,pdsi_very_wet_in_harvesting
19,lasso,True,2019-10-21T00:00:00|2019-10-28T00:00:00,478,2019-10-28T00:00:00,476,2019-10-21T00:00:00,476,2019-10-07T00:00:00,268,2015-03-23T00:00:00,67,soybeans_weekly_rv
19,lasso,True,2019-10-21T00:00:00|2019-10-28T00:00:00,478,2019-10-28T00:00:00,476,2019-10-21T00:00:00,476,2019-10-07T00:00:00,268,2015-03-23T00:00:00,67,spi_7d_extreme_dry_in_harvesting
19,lasso,True,2019-10-21T00:00:00|2019-10-28T00:00:00,478,2019-10-28T00:00:00,476,2019-10-21T00:00:00,476,2019-10-07T00:00:00,268,2015-03-23T00:00:00,67,spi_7d_extreme_wet_in_harvesting
19,lasso,True,2019-10-21T00:00:00|2019-10-28T00:00:00,478,2019-10-28T00:00:00,476,2019-10-21T00:00:00,476,2019-10-07T00:00:00,268,2015-03-23T00:00:00,67,spi_7d_extreme_wet_in_planting
19,lasso,True,2019-10-21T00:00:00|2019-10-28T00:00:00,478,2019-10-28T00:00:00,476,2019-10-21T00:00:00,476,2019-10-07T00:00:00,268,2015-03-23T00:00:00,67,spi_7d_very_dry_in_harvesting
19,lasso,True,2019-10-21T00:00:00|2019-10-28T00:00:00,478,2019-10-28T00:00:00,476,2019-10-21T00:00:00,476,2019-10-07T00:00:00,268,2015-03-23T00:00:00,67,spi_7d_very_dry_in_planting
19,lasso,True,2019-10-21T00:00:00|2019-10-28T00:00:00,478,2019-10-28T00:00:00,476,2019-10-21T00:00:00,476,2019-10-07T00:00:00,268,2015-03-23T00:00:00,67,tmax_hot_in_harvesting
19,lasso,True,2019-10-21T00:00:00|2019-10-28T00:00:00,478,2019-10-28T00:00:00,476,2019-10-21T00:00:00,476,2019-10-07T00:00:00,268,2015-03-23T00:00:00,67,tmax_very_hot_in_harvesting
19,lasso,True,2019-10-21T00:00:00|2019-10-28T00:00:00,478,2019-10-28T00:00:00,476,2019-10-21T00:00:00,476,2019-10-07T00:00:00,268,2015-03-23T00:00:00,67,tmax_very_hot_in_planting
19,lasso,True,2019-10-21T00:00:00|2019-10-28T00:00:00,478,2019-10-28T00:00:00,476,2019-10-21T00:00:00,476,2019-10-07T00:00:00,268,2015-03-23T00:00:00,67,wheat_monthly_rv
19,lasso,True,2019-10-21T00:00:00|2019-10-28T00:00:00,478,2019-10-28T00:00:00,476,2019-10-21T00:00:00,476,2019-10-07T00:00:00,268,2015-03-23T00:00:00,67,wheat_seasonal_rv
19,lasso,True,2019-10-21T00:00:00|2019-10-28T00:00:00,478,2019-10-28T00:00:00,476,2019-10-21T00:00:00,476,2019-10-07T00:00:00,268,2015-03-23T00:00:00,67,wheat_weekly_rv
19,lasso,True,2019-10-21T00:00:00|2019-10-28T00:00:00,478,2019-10-28T00:00:00,476,2019-10-21T00:00:00,476,2019-10-07T00:00:00,268,2015-03-23T00:00:00,67,wheat_weekly_rvg
7,lasso,False,2019-11-25T00:00:00|2019-12-02T00:00:00,482,2019-12-02T00:00:00,480,2019-11-25T00:00:00,480,2019-11-18T00:00:00,272,2015-04-20T00:00:00,68,Broad_Dollar_index
7,lasso,False,2019-11-25T00:00:00|2019-12-02T00:00:00,482,2019-12-02T00:00:00,480,2019-11-25T00:00:00,480,2019-11-18T00:00:00,272,2015-04-20T00:00:00,68,spi_7d_very_dry_in_planting
7,lasso,False,2019-11-25T00:00:00|2019-12-02T00:00:00,482,2019-12-02T00:00:00,480,2019-11-25T00:00:00,480,2019-11-18T00:00:00,272,2015-04-20T00:00:00,68,tmax_very_hot_in_harvesting
7,lasso,False,2019-11-25T00:00:00|2019-12-02T00:00:00,482,2019-12-02T00:00:00,480,2019-11-25T00:00:00,480,2019-11-18T00:00:00,272,2015-04-20T00:00:00,68,wheat_monthly_rv
7,lasso,False,2019-11-25T00:00:00|2019-12-02T00:00:00,482,2019-12-02T00:00:00,480,2019-11-25T00:00:00,480,2019-11-18T00:00:00,272,2015-04-20T00:00:00,68,wheat_seasonal_rv
7,lasso,False,2019-11-25T00:00:00|2019-12-02T00:00:00,482,2019-12-02T00:00:00,480,2019-11-25T00:00:00,480,2019-11-18T00:00:00,272,2015-04-20T00:00:00,68,wheat_weekly_rv
7,lasso,False,2019-11-25T00:00:00|2019-12-02T00:00:00,482,2019-12-02T00:00:00,480,2019-11-25T00:00:00,480,2019-11-18T00:00:00,272,2015-04-20T00:00:00,68,wheat_weekly_rvg
7,lasso,True,2019-12-23T00:00:00|2019-12-30T00:00:00,486,2019-12-30T00:00:00,484,2019-12-23T00:00:00,484,2019-12-16T00:00:00,276,2015-05-18T00:00:00,69,Broad_Dollar_index
7,lasso,True,2019-12-23T00:00:00|2019-12-30T00:00:00,486,2019-12-30T00:00:00,484,2019-12-23T00:00:00,484,2019-12-16T00:00:00,276,2015-05-18T00:00:00,69,spi_7d_very_dry_in_planting
7,lasso,True,2019-12-23T00:00:00|2019-12-30T00:00:00,486,2019-12-30T00:00:00,484,2019-12-23T00:00:00,484,2019-12-16T00:00:00,276,2015-05-18T00:00:00,69,tmax_very_hot_in_harvesting
7,lasso,True,2019-12-23T00:00:00|2019-12-30T00:00:00,486,2019-12-30T00:00:00,484,2019-12-23T00:00:00,484,2019-12-16T00:00:00,276,2015-05-18T00:00:00,69,wheat_monthly_rv
7,lasso,True,2019-12-23T00:00:00|2019-12-30T00:00:00,486,2019-12-30T00:00:00,484,2019-12-23T00:00:00,484,2019-12-16T00:00:00,276,2015-05-18T00:00:00,69,wheat_seasonal_rv
7,lasso,True,2019-12-23T00:00:00|2019-12-30T00:00:00,486,2019-12-30T00:00:00,484,2019-12-23T00:00:00,484,2019-12-16T00:00:00,276,2015-05-18T00:00:00,69,wheat_weekly_rv
7,lasso,True,2019-12-23T00:00:00|2019-12-30T00:00:00,486,2019-12-30T00:00:00,484,2019-12-23T00:00:00,484,2019-12-16T00:00:00,276,2015-05-18T00:00:00,69,wheat_weekly_rvg
7,lasso,True,2020-01-27T00:00:00|2020-02-03T00:00:00,490,2020-02-03T00:00:00,488,2020-01-27T00:00:00,488,2020-01-13T00:00:00,280,2015-06-22T00:00:00,70,Broad_Dollar_index
7,lasso,True,2020-01-27T00:00:00|2020-02-03T00:00:00,490,2020-02-03T00:00:00,488,2020-01-27T00:00:00,488,2020-01-13T00:00:00,280,2015-06-22T00:00:00,70,spi_7d_very_dry_in_planting
7,lasso,True,2020-01-27T00:00:00|2020-02-03T00:00:00,490,2020-02-03T00:00:00,488,2020-01-27T00:00:00,488,2020-01-13T00:00:00,280,2015-06-22T00:00:00,70,tmax_very_hot_in_harvesting
7,lasso,True,2020-01-27T00:00:00|2020-02-03T00:00:00,490,2020-02-03T00:00:00,488,2020-01-27T00:00:00,488,2020-01-13T00:00:00,280,2015-06-22T00:00:00,70,wheat_monthly_rv
7,lasso,True,2020-01-27T00:00:00|2020-02-03T00:00:00,490,2020-02-03T00:00:00,488,2020-01-27T00:00:00,488,2020-01-13T00:00:00,280,2015-06-22T00:00:00,70,wheat_seasonal_rv
7,lasso,True,2020-01-27T00:00:00|2020-02-03T00:00:00,490,2020-02-03T00:00:00,488,2020-01-27T00:00:00,488,2020-01-13T00:00:00,280,2015-06-22T00:00:00,70,wheat_weekly_rv
7,lasso,True,2020-01-27T00:00:00|2020-02-03T00:00:00,490,2020-02-03T00:00:00,488,2020-01-27T00:00:00,488,2020-01-13T00:00:00,280,2015-06-22T00:00:00,70,wheat_weekly_rvg
7,lasso,True,2020-03-02T00:00:00|2020-03-09T00:00:00,494,2020-03-09T00:00:00,492,2020-03-02T00:00:00,492,2020-02-24T00:00:00,284,2015-07-20T00:00:00,71,Broad_Dollar_index
7,lasso,True,2020-03-02T00:00:00|2020-03-09T00:00:00,494,2020-03-09T00:00:00,492,2020-03-02T00:00:00,492,2020-02-24T00:00:00,284,2015-07-20T00:00:00,71,spi_7d_very_dry_in_planting
7,lasso,True,2020-03-02T00:00:00|2020-03-09T00:00:00,494,2020-03-09T00:00:00,492,2020-03-02T00:00:00,492,2020-02-24T00:00:00,284,2015-07-20T00:00:00,71,tmax_very_hot_in_harvesting
7,lasso,True,2020-03-02T00:00:00|2020-03-09T00:00:00,494,2020-03-09T00:00:00,492,2020-03-02T00:00:00,492,2020-02-24T00:00:00,284,2015-07-20T00:00:00,71,wheat_monthly_rv
7,lasso,True,2020-03-02T00:00:00|2020-03-09T00:00:00,494,2020-03-09T00:00:00,492,2020-03-02T00:00:00,492,2020-02-24T00:00:00,284,2015-07-20T00:00:00,71,wheat_seasonal_rv
7,lasso,True,2020-03-02T00:00:00|2020-03-09T00:00:00,494,2020-03-09T00:00:00,492,2020-03-02T00:00:00,492,2020-02-24T00:00:00,284,2015-07-20T00:00:00,71,wheat_weekly_rv
7,lasso,True,2020-03-02T00:00:00|2020-03-09T00:00:00,494,2020-03-09T00:00:00,492,2020-03-02T00:00:00,492,2020-02-24T00:00:00,284,2015-07-20T00:00:00,71,wheat_weekly_rvg
6,lasso,False,2020-03-30T00:00:00|2020-04-06T00:00:00,498,2020-04-06T00:00:00,496,2020-03-30T00:00:00,496,2020-03-23T00:00:00,288,2015-08-17T00:00:00,72,soybeans_weekly_rv
6,lasso,False,2020-03-30T00:00:00|2020-04-06T00:00:00,498,2020-04-06T00:00:00,496,2020-03-30T00:00:00,496,2020-03-23T00:00:00,288,2015-08-17T00:00:00,72,spi_7d_very_dry_in_planting
6,lasso,False,2020-03-30T00:00:00|2020-04-06T00:00:00,498,2020-04-06T00:00:00,496,2020-03-30T00:00:00,496,2020-03-23T00:00:00,288,2015-08-17T00:00:00,72,wheat_monthly_rv
6,lasso,False,2020-03-30T00:00:00|2020-04-06T00:00:00,498,2020-04-06T00:00:00,496,2020-03-30T00:00:00,496,2020-03-23T00:00:00,288,2015-08-17T00:00:00,72,wheat_seasonal_rv
6,lasso,False,2020-03-30T00:00:00|2020-04-06T00:00:00,498,2020-04-06T00:00:00,496,2020-03-30T00:00:00,496,2020-03-23T00:00:00,288,2015-08-17T00:00:00,72,wheat_weekly_rv
6,lasso,False,2020-03-30T00:00:00|2020-04-06T00:00:00,498,2020-04-06T00:00:00,496,2020-03-30T00:00:00,496,2020-03-23T00:00:00,288,2015-08-17T00:00:00,72,wheat_weekly_rvg
6,lasso,True,2020-04-27T00:00:00|2020-05-04T00:00:00,502,2020-05-04T00:00:00,500,2020-04-27T00:00:00,500,2020-04-20T00:00:00,292,2015-09-21T00:00:00,73,soybeans_weekly_rv
6,lasso,True,2020-04-27T00:00:00|2020-05-04T00:00:00,502,2020-05-04T00:00:00,500,2020-04-27T00:00:00,500,2020-04-20T00:00:00,292,2015-09-21T00:00:00,73,spi_7d_very_dry_in_planting
6,lasso,True,2020-04-27T00:00:00|2020-05-04T00:00:00,502,2020-05-04T00:00:00,500,2020-04-27T00:00:00,500,2020-04-20T00:00:00,292,2015-09-21T00:00:00,73,wheat_monthly_rv
6,lasso,True,2020-04-27T00:00:00|2020-05-04T00:00:00,502,2020-05-04T00:00:00,500,2020-04-27T00:00:00,500,2020-04-20T00:00:00,292,2015-09-21T00:00:00,73,wheat_seasonal_rv
6,lasso,True,2020-04-27T00:00:00|2020-05-04T00:00:00,502,2020-05-04T00:00:00,500,2020-04-27T00:00:00,500,2020-04-20T00:00:00,292,2015-09-21T00:00:00,73,wheat_weekly_rv
6,lasso,True,2020-04-27T00:00:00|2020-05-04T00:00:00,502,2020-05-04T00:00:00,500,2020-04-27T00:00:00,500,2020-04-20T00:00:00,292,2015-09-21T00:00:00,73,wheat_weekly_rvg
6,lasso,True,2020-06-01T00:00:00|2020-06-08T00:00:00,506,2020-06-08T00:00:00,504,2020-06-01T00:00:00,504,2020-05-18T00:00:00,296,2015-10-26T00:00:00,74,soybeans_weekly_rv
6,lasso,True,2020-06-01T00:00:00|2020-06-08T00:00:00,506,2020-06-08T00:00:00,504,2020-06-01T00:00:00,504,2020-05-18T00:00:00,296,2015-10-26T00:00:00,74,spi_7d_very_dry_in_planting
6,lasso,True,2020-06-01T00:00:00|2020-06-08T00:00:00,506,2020-06-08T00:00:00,504,2020-06-01T00:00:00,504,2020-05-18T00:00:00,296,2015-10-26T00:00:00,74,wheat_monthly_rv
6,lasso,True,2020-06-01T00:00:00|2020-06-08T00:00:00,506,2020-06-08T00:00:00,504,2020-06-01T00:00:00,504,2020-05-18T00:00:00,296,2015-10-26T00:00:00,74,wheat_seasonal_rv
6,lasso,True,2020-06-01T00:00:00|2020-06-08T00:00:00,506,2020-06-08T00:00:00,504,2020-06-01T00:00:00,504,2020-05-18T00:00:00,296,2015-10-26T00:00:00,74,wheat_weekly_rv
6,lasso,True,2020-06-01T00:00:00|2020-06-08T00:00:00,506,2020-06-08T00:00:00,504,2020-06-01T00:00:00,504,2020-05-18T00:00:00,296,2015-10-26T00:00:00,74,wheat_weekly_rvg
6,lasso,True,2020-06-29T00:00:00|2020-07-06T00:00:00,510,2020-07-06T00:00:00,508,2020-06-29T00:00:00,508,2020-06-22T00:00:00,300,2015-11-23T00:00:00,75,soybeans_weekly_rv
6,lasso,True,2020-06-29T00:00:00|2020-07-06T00:00:00,510,2020-07-06T00:00:00,508,2020-06-29T00:00:00,508,2020-06-22T00:00:00,300,2015-11-23T00:00:00,75,spi_7d_very_dry_in_planting
6,lasso,True,2020-06-29T00:00:00|2020-07-06T00:00:00,510,2020-07-06T00:00:00,508,2020-06-29T00:00:00,508,2020-06-22T00:00:00,300,2015-11-23T00:00:00,75,wheat_monthly_rv
6,lasso,True,2020-06-29T00:00:00|2020-07-06T00:00:00,510,2020-07-06T00:00:00,508,2020-06-29T00:00:00,508,2020-06-22T00:00:00,300,2015-11-23T00:00:00,75,wheat_seasonal_rv
6,lasso,True,2020-06-29T00:00:00|2020-07-06T00:00:00,510,2020-07-06T00:00:00,508,2020-06-29T00:00:00,508,2020-06-22T00:00:00,300,2015-11-23T00:00:00,75,wheat_weekly_rv
6,lasso,True,2020-06-29T00:00:00|2020-07-06T00:00:00,510,2020-07-06T00:00:00,508,2020-06-29T00:00:00,508,2020-06-22T00:00:00,300,2015-11-23T00:00:00,75,wheat_weekly_rvg
4,lasso,False,2020-07-27T00:00:00|2020-08-03T00:00:00,514,2020-08-03T00:00:00,512,2020-07-27T00:00:00,512,2020-07-20T00:00:00,304,2015-12-21T00:00:00,76,wheat_monthly_rv
4,lasso,False,2020-07-27T00:00:00|2020-08-03T00:00:00,514,2020-08-03T00:00:00,512,2020-07-27T00:00:00,512,2020-07-20T00:00:00,304,2015-12-21T00:00:00,76,wheat_seasonal_rv
4,lasso,False,2020-07-27T00:00:00|2020-08-03T00:00:00,514,2020-08-03T00:00:00,512,2020-07-27T00:00:00,512,2020-07-20T00:00:00,304,2015-12-21T00:00:00,76,wheat_weekly_rv
4,lasso,False,2020-07-27T00:00:00|2020-08-03T00:00:00,514,2020-08-03T00:00:00,512,2020-07-27T00:00:00,512,2020-07-20T00:00:00,304,2015-12-21T00:00:00,76,wheat_weekly_rvg
4,lasso,True,2020-08-24T00:00:00|2020-08-31T00:00:00,518,2020-08-31T00:00:00,516,2020-08-24T00:00:00,516,2020-08-17T00:00:00,308,2016-02-01T00:00:00,77,wheat_monthly_rv
4,lasso,True,2020-08-24T00:00:00|2020-08-31T00:00:00,518,2020-08-31T00:00:00,516,2020-08-24T00:00:00,516,2020-08-17T00:00:00,308,2016-02-01T00:00:00,77,wheat_seasonal_rv
4,lasso,True,2020-08-24T00:00:00|2020-08-31T00:00:00,518,2020-08-31T00:00:00,516,2020-08-24T00:00:00,516,2020-08-17T00:00:00,308,2016-02-01T00:00:00,77,wheat_weekly_rv
4,lasso,True,2020-08-24T00:00:00|2020-08-31T00:00:00,518,2020-08-31T00:00:00,516,2020-08-24T00:00:00,516,2020-08-17T00:00:00,308,2016-02-01T00:00:00,77,wheat_weekly_rvg
4,lasso,True,2020-09-28T00:00:00|2020-10-05T00:00:00,522,2020-10-05T00:00:00,520,2020-09-28T00:00:00,520,2020-09-21T00:00:00,312,2016-03-07T00:00:00,78,wheat_monthly_rv
4,lasso,True,2020-09-28T00:00:00|2020-10-05T00:00:00,522,2020-10-05T00:00:00,520,2020-09-28T00:00:00,520,2020-09-21T00:00:00,312,2016-03-07T00:00:00,78,wheat_seasonal_rv
4,lasso,True,2020-09-28T00:00:00|2020-10-05T00:00:00,522,2020-10-05T00:00:00,520,2020-09-28T00:00:00,520,2020-09-21T00:00:00,312,2016-03-07T00:00:00,78,wheat_weekly_rv
4,lasso,True,2020-09-28T00:00:00|2020-10-05T00:00:00,522,2020-10-05T00:00:00,520,2020-09-28T00:00:00,520,2020-09-21T00:00:00,312,2016-03-07T00:00:00,78,wheat_weekly_rvg
4,lasso,True,2020-11-02T00:00:00|2020-11-09T00:00:00,526,2020-11-09T00:00:00,524,2020-11-02T00:00:00,524,2020-10-26T00:00:00,316,2016-04-04T00:00:00,79,wheat_monthly_rv
4,lasso,True,2020-11-02T00:00:00|2020-11-09T00:00:00,526,2020-11-09T00:00:00,524,2020-11-02T00:00:00,524,2020-10-26T00:00:00,316,2016-04-04T00:00:00,79,wheat_seasonal_rv
4,lasso,True,2020-11-02T00:00:00|2020-11-09T00:00:00,526,2020-11-09T00:00:00,524,2020-11-02T00:00:00,524,2020-10-26T00:00:00,316,2016-04-04T00:00:00,79,wheat_weekly_rv
4,lasso,True,2020-11-02T00:00:00|2020-11-09T00:00:00,526,2020-11-09T00:00:00,524,2020-11-02T00:00:00,524,2020-10-26T00:00:00,316,2016-04-04T00:00:00,79,wheat_weekly_rvg
5,lasso,False,2020-11-30T00:00:00|2020-12-07T00:00:00,530,2020-12-07T00:00:00,528,2020-11-30T00:00:00,528,2020-11-23T00:00:00,320,2016-05-02T00:00:00,80,soybeans_weekly_rv
5,lasso,False,2020-11-30T00:00:00|2020-12-07T00:00:00,530,2020-12-07T00:00:00,528,2020-11-30T00:00:00,528,2020-11-23T00:00:00,320,2016-05-02T00:00:00,80,wheat_monthly_rv
5,lasso,False,2020-11-30T00:00:00|2020-12-07T00:00:00,530,2020-12-07T00:00:00,528,2020-11-30T00:00:00,528,2020-11-23T00:00:00,320,2016-05-02T00:00:00,80,wheat_seasonal_rv
5,lasso,False,2020-11-30T00:00:00|2020-12-07T00:00:00,530,2020-12-07T00:00:00,528,2020-11-30T00:00:00,528,2020-11-23T00:00:00,320,2016-05-02T00:00:00,80,wheat_weekly_rv
5,lasso,False,2020-11-30T00:00:00|2020-12-07T00:00:00,530,2020-12-07T00:00:00,528,2020-11-30T00:00:00,528,2020-11-23T00:00:00,320,2016-05-02T00:00:00,80,wheat_weekly_rvg
5,lasso,True,2020-12-28T00:00:00|2021-01-04T00:00:00,534,2021-01-04T00:00:00,532,2020-12-28T00:00:00,532,2020-12-21T00:00:00,324,2016-06-06T00:00:00,81,soybeans_weekly_rv
5,lasso,True,2020-12-28T00:00:00|2021-01-04T00:00:00,534,2021-01-04T00:00:00,532,2020-12-28T00:00:00,532,2020-12-21T00:00:00,324,2016-06-06T00:00:00,81,wheat_monthly_rv
5,lasso,True,2020-12-28T00:00:00|2021-01-04T00:00:00,534,2021-01-04T00:00:00,532,2020-12-28T00:00:00,532,2020-12-21T00:00:00,324,2016-06-06T00:00:00,81,wheat_seasonal_rv
5,lasso,True,2020-12-28T00:00:00|2021-01-04T00:00:00,534,2021-01-04T00:00:00,532,2020-12-28T00:00:00,532,2020-12-21T00:00:00,324,2016-06-06T00:00:00,81,wheat_weekly_rv
5,lasso,True,2020-12-28T00:00:00|2021-01-04T00:00:00,534,2021-01-04T00:00:00,532,2020-12-28T00:00:00,532,2020-12-21T00:00:00,324,2016-06-06T00:00:00,81,wheat_weekly_rvg
5,lasso,True,2021-02-01T00:00:00|2021-02-08T00:00:00,538,2021-02-08T00:00:00,536,2021-02-01T00:00:00,536,2021-01-25T00:00:00,328,2016-07-11T00:00:00,82,soybeans_weekly_rv
5,lasso,True,2021-02-01T00:00:00|2021-02-08T00:00:00,538,2021-02-08T00:00:00,536,2021-02-01T00:00:00,536,2021-01-25T00:00:00,328,2016-07-11T00:00:00,82,wheat_monthly_rv
5,lasso,True,2021-02-01T00:00:00|2021-02-08T00:00:00,538,2021-02-08T00:00:00,536,2021-02-01T00:00:00,536,2021-01-25T00:00:00,328,2016-07-11T00:00:00,82,wheat_seasonal_rv
5,lasso,True,2021-02-01T00:00:00|2021-02-08T00:00:00,538,2021-02-08T00:00:00,536,2021-02-01T00:00:00,536,2021-01-25T00:00:00,328,2016-07-11T00:00:00,82,wheat_weekly_rv
5,lasso,True,2021-02-01T00:00:00|2021-02-08T00:00:00,538,2021-02-08T00:00:00,536,2021-02-01T00:00:00,536,2021-01-25T00:00:00,328,2016-07-11T00:00:00,82,wheat_weekly_rvg
5,lasso,True,2021-03-08T00:00:00|2021-03-15T00:00:00,542,2021-03-15T00:00:00,540,2021-03-08T00:00:00,540,2021-03-01T00:00:00,332,2016-08-08T00:00:00,83,soybeans_weekly_rv
5,lasso,True,2021-03-08T00:00:00|2021-03-15T00:00:00,542,2021-03-15T00:00:00,540,2021-03-08T00:00:00,540,2021-03-01T00:00:00,332,2016-08-08T00:00:00,83,wheat_monthly_rv
5,lasso,True,2021-03-08T00:00:00|2021-03-15T00:00:00,542,2021-03-15T00:00:00,540,2021-03-08T00:00:00,540,2021-03-01T00:00:00,332,2016-08-08T00:00:00,83,wheat_seasonal_rv
5,lasso,True,2021-03-08T00:00:00|2021-03-15T00:00:00,542,2021-03-15T00:00:00,540,2021-03-08T00:00:00,540,2021-03-01T00:00:00,332,2016-08-08T00:00:00,83,wheat_weekly_rv
5,lasso,True,2021-03-08T00:00:00|2021-03-15T00:00:00,542,2021-03-15T00:00:00,540,2021-03-08T00:00:00,540,2021-03-01T00:00:00,332,2016-08-08T00:00:00,83,wheat_weekly_rvg
5,lasso,False,2021-04-05T00:00:00|2021-04-12T00:00:00,546,2021-04-12T00:00:00,544,2021-04-05T00:00:00,544,2021-03-29T00:00:00,336,2016-09-12T00:00:00,84,soybeans_weekly_rv
5,lasso,False,2021-04-05T00:00:00|2021-04-12T00:00:00,546,2021-04-12T00:00:00,544,2021-04-05T00:00:00,544,2021-03-29T00:00:00,336,2016-09-12T00:00:00,84,wheat_monthly_rv
5,lasso,False,2021-04-05T00:00:00|2021-04-12T00:00:00,546,2021-04-12T00:00:00,544,2021-04-05T00:00:00,544,2021-03-29T00:00:00,336,2016-09-12T00:00:00,84,wheat_seasonal_rv
5,lasso,False,2021-04-05T00:00:00|2021-04-12T00:00:00,546,2021-04-12T00:00:00,544,2021-04-05T00:00:00,544,2021-03-29T00:00:00,336,2016-09-12T00:00:00,84,wheat_weekly_rv
5,lasso,False,2021-04-05T00:00:00|2021-04-12T00:00:00,546,2021-04-12T00:00:00,544,2021-04-05T00:00:00,544,2021-03-29T00:00:00,336,2016-09-12T00:00:00,84,wheat_weekly_rvg
5,lasso,True,2021-05-03T00:00:00|2021-05-10T00:00:00,550,2021-05-10T00:00:00,548,2021-05-03T00:00:00,548,2021-04-26T00:00:00,340,2016-10-17T00:00:00,85,soybeans_weekly_rv
5,lasso,True,2021-05-03T00:00:00|2021-05-10T00:00:00,550,2021-05-10T00:00:00,548,2021-05-03T00:00:00,548,2021-04-26T00:00:00,340,2016-10-17T00:00:00,85,wheat_monthly_rv
5,lasso,True,2021-05-03T00:00:00|2021-05-10T00:00:00,550,2021-05-10T00:00:00,548,2021-05-03T00:00:00,548,2021-04-26T00:00:00,340,2016-10-17T00:00:00,85,wheat_seasonal_rv
5,lasso,True,2021-05-03T00:00:00|2021-05-10T00:00:00,550,2021-05-10T00:00:00,548,2021-05-03T00:00:00,548,2021-04-26T00:00:00,340,2016-10-17T00:00:00,85,wheat_weekly_rv
5,lasso,True,2021-05-03T00:00:00|2021-05-10T00:00:00,550,2021-05-10T00:00:00,548,2021-05-03T00:00:00,548,2021-04-26T00:00:00,340,2016-10-17T00:00:00,85,wheat_weekly_rvg
5,lasso,True,2021-06-07T00:00:00|2021-06-14T00:00:00,554,2021-06-14T00:00:00,552,2021-06-07T00:00:00,552,2021-05-24T00:00:00,344,2016-11-14T00:00:00,86,soybeans_weekly_rv
5,lasso,True,2021-06-07T00:00:00|2021-06-14T00:00:00,554,2021-06-14T00:00:00,552,2021-06-07T00:00:00,552,2021-05-24T00:00:00,344,2016-11-14T00:00:00,86,wheat_monthly_rv
5,lasso,True,2021-06-07T00:00:00|2021-06-14T00:00:00,554,2021-06-14T00:00:00,552,2021-06-07T00:00:00,552,2021-05-24T00:00:00,344,2016-11-14T00:00:00,86,wheat_seasonal_rv
5,lasso,True,2021-06-07T00:00:00|2021-06-14T00:00:00,554,2021-06-14T00:00:00,552,2021-06-07T00:00:00,552,2021-05-24T00:00:00,344,2016-11-14T00:00:00,86,wheat_weekly_rv
5,lasso,True,2021-06-07T00:00:00|2021-06-14T00:00:00,554,2021-06-14T00:00:00,552,2021-06-07T00:00:00,552,2021-05-24T00:00:00,344,2016-11-14T00:00:00,86,wheat_weekly_rvg
5,lasso,True,2021-07-12T00:00:00|2021-07-19T00:00:00,558,2021-07-19T00:00:00,556,2021-07-12T00:00:00,556,2021-06-28T00:00:00,348,2016-12-12T00:00:00,87,soybeans_weekly_rv
5,lasso,True,2021-07-12T00:00:00|2021-07-19T00:00:00,558,2021-07-19T00:00:00,556,2021-07-12T00:00:00,556,2021-06-28T00:00:00,348,2016-12-12T00:00:00,87,wheat_monthly_rv
5,lasso,True,2021-07-12T00:00:00|2021-07-19T00:00:00,558,2021-07-19T00:00:00,556,2021-07-12T00:00:00,556,2021-06-28T00:00:00,348,2016-12-12T00:00:00,87,wheat_seasonal_rv
5,lasso,True,2021-07-12T00:00:00|2021-07-19T00:00:00,558,2021-07-19T00:00:00,556,2021-07-12T00:00:00,556,2021-06-28T00:00:00,348,2016-12-12T00:00:00,87,wheat_weekly_rv
5,lasso,True,2021-07-12T00:00:00|2021-07-19T00:00:00,558,2021-07-19T00:00:00,556,2021-07-12T00:00:00,556,2021-06-28T00:00:00,348,2016-12-12T00:00:00,87,wheat_weekly_rvg
5,lasso,False,2021-08-09T00:00:00|2021-08-16T00:00:00,562,2021-08-16T00:00:00,560,2021-08-09T00:00:00,560,2021-08-02T00:00:00,352,2017-01-30T00:00:00,88,soybeans_weekly_rv
5,lasso,False,2021-08-09T00:00:00|2021-08-16T00:00:00,562,2021-08-16T00:00:00,560,2021-08-09T00:00:00,560,2021-08-02T00:00:00,352,2017-01-30T00:00:00,88,wheat_monthly_rv
5,lasso,False,2021-08-09T00:00:00|2021-08-16T00:00:00,562,2021-08-16T00:00:00,560,2021-08-09T00:00:00,560,2021-08-02T00:00:00,352,2017-01-30T00:00:00,88,wheat_seasonal_rv
5,lasso,False,2021-08-09T00:00:00|2021-08-16T00:00:00,562,2021-08-16T00:00:00,560,2021-08-09T00:00:00,560,2021-08-02T00:00:00,352,2017-01-30T00:00:00,88,wheat_weekly_rv
5,lasso,False,2021-08-09T00:00:00|2021-08-16T00:00:00,562,2021-08-16T00:00:00,560,2021-08-09T00:00:00,560,2021-08-02T00:00:00,352,2017-01-30T00:00:00,88,wheat_weekly_rvg
5,lasso,True,2021-09-13T00:00:00|2021-09-20T00:00:00,566,2021-09-20T00:00:00,564,2021-09-13T00:00:00,564,2021-08-30T00:00:00,356,2017-03-06T00:00:00,89,soybeans_weekly_rv
5,lasso,True,2021-09-13T00:00:00|2021-09-20T00:00:00,566,2021-09-20T00:00:00,564,2021-09-13T00:00:00,564,2021-08-30T00:00:00,356,2017-03-06T00:00:00,89,wheat_monthly_rv
5,lasso,True,2021-09-13T00:00:00|2021-09-20T00:00:00,566,2021-09-20T00:00:00,564,2021-09-13T00:00:00,564,2021-08-30T00:00:00,356,2017-03-06T00:00:00,89,wheat_seasonal_rv
5,lasso,True,2021-09-13T00:00:00|2021-09-20T00:00:00,566,2021-09-20T00:00:00,564,2021-09-13T00:00:00,564,2021-08-30T00:00:00,356,2017-03-06T00:00:00,89,wheat_weekly_rv
5,lasso,True,2021-09-13T00:00:00|2021-09-20T00:00:00,566,2021-09-20T00:00:00,564,2021-09-13T00:00:00,564,2021-08-30T00:00:00,356,2017-03-06T00:00:00,89,wheat_weekly_rvg
5,lasso,True,2021-10-18T00:00:00|2021-10-25T00:00:00,570,2021-10-25T00:00:00,568,2021-10-18T00:00:00,568,2021-10-04T00:00:00,360,2017-04-03T00:00:00,90,soybeans_weekly_rv
5,lasso,True,2021-10-18T00:00:00|2021-10-25T00:00:00,570,2021-10-25T00:00:00,568,2021-10-18T00:00:00,568,2021-10-04T00:00:00,360,2017-04-03T00:00:00,90,wheat_monthly_rv
5,lasso,True,2021-10-18T00:00:00|2021-10-25T00:00:00,570,2021-10-25T00:00:00,568,2021-10-18T00:00:00,568,2021-10-04T00:00:00,360,2017-04-03T00:00:00,90,wheat_seasonal_rv
5,lasso,True,2021-10-18T00:00:00|2021-10-25T00:00:00,570,2021-10-25T00:00:00,568,2021-10-18T00:00:00,568,2021-10-04T00:00:00,360,2017-04-03T00:00:00,90,wheat_weekly_rv
5,lasso,True,2021-10-18T00:00:00|2021-10-25T00:00:00,570,2021-10-25T00:00:00,568,2021-10-18T00:00:00,568,2021-10-04T00:00:00,360,2017-04-03T00:00:00,90,wheat_weekly_rvg
5,lasso,True,2021-11-15T00:00:00|2021-11-22T00:00:00,574,2021-11-22T00:00:00,572,2021-11-15T00:00:00,572,2021-11-08T00:00:00,364,2017-05-01T00:00:00,91,soybeans_weekly_rv
5,lasso,True,2021-11-15T00:00:00|2021-11-22T00:00:00,574,2021-11-22T00:00:00,572,2021-11-15T00:00:00,572,2021-11-08T00:00:00,364,2017-05-01T00:00:00,91,wheat_monthly_rv
5,lasso,True,2021-11-15T00:00:00|2021-11-22T00:00:00,574,2021-11-22T00:00:00,572,2021-11-15T00:00:00,572,2021-11-08T00:00:00,364,2017-05-01T00:00:00,91,wheat_seasonal_rv
5,lasso,True,2021-11-15T00:00:00|2021-11-22T00:00:00,574,2021-11-22T00:00:00,572,2021-11-15T00:00:00,572,2021-11-08T00:00:00,364,2017-05-01T00:00:00,91,wheat_weekly_rv
5,lasso,True,2021-11-15T00:00:00|2021-11-22T00:00:00,574,2021-11-22T00:00:00,572,2021-11-15T00:00:00,572,2021-11-08T00:00:00,364,2017-05-01T00:00:00,91,wheat_weekly_rvg
4,lasso,False,2021-12-13T00:00:00|2021-12-20T00:00:00,578,2021-12-20T00:00:00,576,2021-12-13T00:00:00,576,2021-12-06T00:00:00,368,2017-06-05T00:00:00,92,soybeans_weekly_rv
4,lasso,False,2021-12-13T00:00:00|2021-12-20T00:00:00,578,2021-12-20T00:00:00,576,2021-12-13T00:00:00,576,2021-12-06T00:00:00,368,2017-06-05T00:00:00,92,wheat_monthly_rv
4,lasso,False,2021-12-13T00:00:00|2021-12-20T00:00:00,578,2021-12-20T00:00:00,576,2021-12-13T00:00:00,576,2021-12-06T00:00:00,368,2017-06-05T00:00:00,92,wheat_seasonal_rv
4,lasso,False,2021-12-13T00:00:00|2021-12-20T00:00:00,578,2021-12-20T00:00:00,576,2021-12-13T00:00:00,576,2021-12-06T00:00:00,368,2017-06-05T00:00:00,92,wheat_weekly_rv
4,lasso,True,2022-01-10T00:00:00|2022-01-24T00:00:00,582,2022-01-24T00:00:00,580,2022-01-10T00:00:00,580,2022-01-03T00:00:00,372,2017-07-03T00:00:00,93,soybeans_weekly_rv
4,lasso,True,2022-01-10T00:00:00|2022-01-24T00:00:00,582,2022-01-24T00:00:00,580,2022-01-10T00:00:00,580,2022-01-03T00:00:00,372,2017-07-03T00:00:00,93,wheat_monthly_rv
4,lasso,True,2022-01-10T00:00:00|2022-01-24T00:00:00,582,2022-01-24T00:00:00,580,2022-01-10T00:00:00,580,2022-01-03T00:00:00,372,2017-07-03T00:00:00,93,wheat_seasonal_rv
4,lasso,True,2022-01-10T00:00:00|2022-01-24T00:00:00,582,2022-01-24T00:00:00,580,2022-01-10T00:00:00,580,2022-01-03T00:00:00,372,2017-07-03T00:00:00,93,wheat_weekly_rv
4,lasso,True,2022-02-14T00:00:00|2022-02-28T00:00:00,586,2022-02-28T00:00:00,584,2022-02-14T00:00:00,584,2022-02-07T00:00:00,376,2017-07-31T00:00:00,94,soybeans_weekly_rv
4,lasso,True,2022-02-14T00:00:00|2022-02-28T00:00:00,586,2022-02-28T00:00:00,584,2022-02-14T00:00:00,584,2022-02-07T00:00:00,376,2017-07-31T00:00:00,94,wheat_monthly_rv
4,lasso,True,2022-02-14T00:00:00|2022-02-28T00:00:00,586,2022-02-28T00:00:00,584,2022-02-14T00:00:00,584,2022-02-07T00:00:00,376,2017-07-31T00:00:00,94,wheat_seasonal_rv
4,lasso,True,2022-02-14T00:00:00|2022-02-28T00:00:00,586,2022-02-28T00:00:00,584,2022-02-14T00:00:00,584,2022-02-07T00:00:00,376,2017-07-31T00:00:00,94,wheat_weekly_rv
4,lasso,True,2022-03-21T00:00:00|2022-03-28T00:00:00,590,2022-03-28T00:00:00,588,2022-03-21T00:00:00,588,2022-03-14T00:00:00,380,2017-08-28T00:00:00,95,soybeans_weekly_rv
4,lasso,True,2022-03-21T00:00:00|2022-03-28T00:00:00,590,2022-03-28T00:00:00,588,2022-03-21T00:00:00,588,2022-03-14T00:00:00,380,2017-08-28T00:00:00,95,wheat_monthly_rv
4,lasso,True,2022-03-21T00:00:00|2022-03-28T00:00:00,590,2022-03-28T00:00:00,588,2022-03-21T00:00:00,588,2022-03-14T00:00:00,380,2017-08-28T00:00:00,95,wheat_seasonal_rv
4,lasso,True,2022-03-21T00:00:00|2022-03-28T00:00:00,590,2022-03-28T00:00:00,588,2022-03-21T00:00:00,588,2022-03-14T00:00:00,380,2017-08-28T00:00:00,95,wheat_weekly_rv
5,lasso,False,2022-04-18T00:00:00|2022-04-25T00:00:00,594,2022-04-25T00:00:00,592,2022-04-18T00:00:00,592,2022-04-11T00:00:00,384,2017-10-02T00:00:00,96,soybeans_weekly_rv
5,lasso,False,2022-04-18T00:00:00|2022-04-25T00:00:00,594,2022-04-25T00:00:00,592,2022-04-18T00:00:00,592,2022-04-11T00:00:00,384,2017-10-02T00:00:00,96,wheat_monthly_rv
5,lasso,False,2022-04-18T00:00:00|2022-04-25T00:00:00,594,2022-04-25T00:00:00,592,2022-04-18T00:00:00,592,2022-04-11T00:00:00,384,2017-10-02T00:00:00,96,wheat_seasonal_rv
5,lasso,False,2022-04-18T00:00:00|2022-04-25T00:00:00,594,2022-04-25T00:00:00,592,2022-04-18T00:00:00,592,2022-04-11T00:00:00,384,2017-10-02T00:00:00,96,wheat_weekly_jumps
5,lasso,False,2022-04-18T00:00:00|2022-04-25T00:00:00,594,2022-04-25T00:00:00,592,2022-04-18T00:00:00,592,2022-04-11T00:00:00,384,2017-10-02T00:00:00,96,wheat_weekly_rv
5,lasso,True,2022-05-16T00:00:00|2022-05-23T00:00:00,598,2022-05-23T00:00:00,596,2022-05-16T00:00:00,596,2022-05-09T00:00:00,388,2017-11-06T00:00:00,97,soybeans_weekly_rv
5,lasso,True,2022-05-16T00:00:00|2022-05-23T00:00:00,598,2022-05-23T00:00:00,596,2022-05-16T00:00:00,596,2022-05-09T00:00:00,388,2017-11-06T00:00:00,97,wheat_monthly_rv
5,lasso,True,2022-05-16T00:00:00|2022-05-23T00:00:00,598,2022-05-23T00:00:00,596,2022-05-16T00:00:00,596,2022-05-09T00:00:00,388,2017-11-06T00:00:00,97,wheat_seasonal_rv
5,lasso,True,2022-05-16T00:00:00|2022-05-23T00:00:00,598,2022-05-23T00:00:00,596,2022-05-16T00:00:00,596,2022-05-09T00:00:00,388,2017-11-06T00:00:00,97,wheat_weekly_jumps
5,lasso,True,2022-05-16T00:00:00|2022-05-23T00:00:00,598,2022-05-23T00:00:00,596,2022-05-16T00:00:00,596,2022-05-09T00:00:00,388,2017-11-06T00:00:00,97,wheat_weekly_rv
5,lasso,True,2022-06-27T00:00:00|2022-07-11T00:00:00,602,2022-07-11T00:00:00,600,2022-06-27T00:00:00,600,2022-06-13T00:00:00,392,2017-12-04T00:00:00,98,soybeans_weekly_rv
5,lasso,True,2022-06-27T00:00:00|2022-07-11T00:00:00,602,2022-07-11T00:00:00,600,2022-06-27T00:00:00,600,2022-06-13T00:00:00,392,2017-12-04T00:00:00,98,wheat_monthly_rv
5,lasso,True,2022-06-27T00:00:00|2022-07-11T00:00:00,602,2022-07-11T00:00:00,600,2022-06-27T00:00:00,600,2022-06-13T00:00:00,392,2017-12-04T00:00:00,98,wheat_seasonal_rv
5,lasso,True,2022-06-27T00:00:00|2022-07-11T00:00:00,602,2022-07-11T00:00:00,600,2022-06-27T00:00:00,600,2022-06-13T00:00:00,392,2017-12-04T00:00:00,98,wheat_weekly_jumps
5,lasso,True,2022-06-27T00:00:00|2022-07-11T00:00:00,602,2022-07-11T00:00:00,600,2022-06-27T00:00:00,600,2022-06-13T00:00:00,392,2017-12-04T00:00:00,98,wheat_weekly_rv
5,lasso,True,2022-08-01T00:00:00|2022-08-08T00:00:00,606,2022-08-08T00:00:00,604,2022-08-01T00:00:00,604,2022-07-25T00:00:00,396,2018-01-22T00:00:00,99,soybeans_weekly_rv
5,lasso,True,2022-08-01T00:00:00|2022-08-08T00:00:00,606,2022-08-08T00:00:00,604,2022-08-01T00:00:00,604,2022-07-25T00:00:00,396,2018-01-22T00:00:00,99,wheat_monthly_rv
5,lasso,True,2022-08-01T00:00:00|2022-08-08T00:00:00,606,2022-08-08T00:00:00,604,2022-08-01T00:00:00,604,2022-07-25T00:00:00,396,2018-01-22T00:00:00,99,wheat_seasonal_rv
5,lasso,True,2022-08-01T00:00:00|2022-08-08T00:00:00,606,2022-08-08T00:00:00,604,2022-08-01T00:00:00,604,2022-07-25T00:00:00,396,2018-01-22T00:00:00,99,wheat_weekly_jumps
5,lasso,True,2022-08-01T00:00:00|2022-08-08T00:00:00,606,2022-08-08T00:00:00,604,2022-08-01T00:00:00,604,2022-07-25T00:00:00,396,2018-01-22T00:00:00,99,wheat_weekly_rv
6,lasso,False,2022-08-29T00:00:00|2022-09-12T00:00:00,610,2022-09-12T00:00:00,608,2022-08-29T00:00:00,608,2022-08-22T00:00:00,400,2018-02-26T00:00:00,100,SOI_index
6,lasso,False,2022-08-29T00:00:00|2022-09-12T00:00:00,610,2022-09-12T00:00:00,608,2022-08-29T00:00:00,608,2022-08-22T00:00:00,400,2018-02-26T00:00:00,100,soybeans_weekly_rv
6,lasso,False,2022-08-29T00:00:00|2022-09-12T00:00:00,610,2022-09-12T00:00:00,608,2022-08-29T00:00:00,608,2022-08-22T00:00:00,400,2018-02-26T00:00:00,100,wheat_monthly_rv
6,lasso,False,2022-08-29T00:00:00|2022-09-12T00:00:00,610,2022-09-12T00:00:00,608,2022-08-29T00:00:00,608,2022-08-22T00:00:00,400,2018-02-26T00:00:00,100,wheat_seasonal_rv
6,lasso,False,2022-08-29T00:00:00|2022-09-12T00:00:00,610,2022-09-12T00:00:00,608,2022-08-29T00:00:00,608,2022-08-22T00:00:00,400,2018-02-26T00:00:00,100,wheat_weekly_jumps
6,lasso,False,2022-08-29T00:00:00|2022-09-12T00:00:00,610,2022-09-12T00:00:00,608,2022-08-29T00:00:00,608,2022-08-22T00:00:00,400,2018-02-26T00:00:00,100,wheat_weekly_rv
6,lasso,True,2022-10-03T00:00:00|2022-10-17T00:00:00,614,2022-10-17T00:00:00,612,2022-10-03T00:00:00,612,2022-09-26T00:00:00,404,2018-03-26T00:00:00,101,SOI_index
6,lasso,True,2022-10-03T00:00:00|2022-10-17T00:00:00,614,2022-10-17T00:00:00,612,2022-10-03T00:00:00,612,2022-09-26T00:00:00,404,2018-03-26T00:00:00,101,soybeans_weekly_rv
6,lasso,True,2022-10-03T00:00:00|2022-10-17T00:00:00,614,2022-10-17T00:00:00,612,2022-10-03T00:00:00,612,2022-09-26T00:00:00,404,2018-03-26T00:00:00,101,wheat_monthly_rv
6,lasso,True,2022-10-03T00:00:00|2022-10-17T00:00:00,614,2022-10-17T00:00:00,612,2022-10-03T00:00:00,612,2022-09-26T00:00:00,404,2018-03-26T00:00:00,101,wheat_seasonal_rv
6,lasso,True,2022-10-03T00:00:00|2022-10-17T00:00:00,614,2022-10-17T00:00:00,612,2022-10-03T00:00:00,612,2022-09-26T00:00:00,404,2018-03-26T00:00:00,101,wheat_weekly_jumps
6,lasso,True,2022-10-03T00:00:00|2022-10-17T00:00:00,614,2022-10-17T00:00:00,612,2022-10-03T00:00:00,612,2022-09-26T00:00:00,404,2018-03-26T00:00:00,101,wheat_weekly_rv
6,lasso,True,2022-11-07T00:00:00|2022-11-14T00:00:00,618,2022-11-14T00:00:00,616,2022-11-07T00:00:00,616,2022-10-31T00:00:00,408,2018-04-23T00:00:00,102,SOI_index
6,lasso,True,2022-11-07T00:00:00|2022-11-14T00:00:00,618,2022-11-14T00:00:00,616,2022-11-07T00:00:00,616,2022-10-31T00:00:00,408,2018-04-23T00:00:00,102,soybeans_weekly_rv
6,lasso,True,2022-11-07T00:00:00|2022-11-14T00:00:00,618,2022-11-14T00:00:00,616,2022-11-07T00:00:00,616,2022-10-31T00:00:00,408,2018-04-23T00:00:00,102,wheat_monthly_rv
6,lasso,True,2022-11-07T00:00:00|2022-11-14T00:00:00,618,2022-11-14T00:00:00,616,2022-11-07T00:00:00,616,2022-10-31T00:00:00,408,2018-04-23T00:00:00,102,wheat_seasonal_rv
6,lasso,True,2022-11-07T00:00:00|2022-11-14T00:00:00,618,2022-11-14T00:00:00,616,2022-11-07T00:00:00,616,2022-10-31T00:00:00,408,2018-04-23T00:00:00,102,wheat_weekly_jumps
6,lasso,True,2022-11-07T00:00:00|2022-11-14T00:00:00,618,2022-11-14T00:00:00,616,2022-11-07T00:00:00,616,2022-10-31T00:00:00,408,2018-04-23T00:00:00,102,wheat_weekly_rv
6,lasso,True,2022-12-05T00:00:00|2022-12-12T00:00:00,622,2022-12-12T00:00:00,620,2022-12-05T00:00:00,620,2022-11-28T00:00:00,412,2018-05-21T00:00:00,103,SOI_index
6,lasso,True,2022-12-05T00:00:00|2022-12-12T00:00:00,622,2022-12-12T00:00:00,620,2022-12-05T00:00:00,620,2022-11-28T00:00:00,412,2018-05-21T00:00:00,103,soybeans_weekly_rv
6,lasso,True,2022-12-05T00:00:00|2022-12-12T00:00:00,622,2022-12-12T00:00:00,620,2022-12-05T00:00:00,620,2022-11-28T00:00:00,412,2018-05-21T00:00:00,103,wheat_monthly_rv
6,lasso,True,2022-12-05T00:00:00|2022-12-12T00:00:00,622,2022-12-12T00:00:00,620,2022-12-05T00:00:00,620,2022-11-28T00:00:00,412,2018-05-21T00:00:00,103,wheat_seasonal_rv
6,lasso,True,2022-12-05T00:00:00|2022-12-12T00:00:00,622,2022-12-12T00:00:00,620,2022-12-05T00:00:00,620,2022-11-28T00:00:00,412,2018-05-21T00:00:00,103,wheat_weekly_jumps
6,lasso,True,2022-12-05T00:00:00|2022-12-12T00:00:00,622,2022-12-12T00:00:00,620,2022-12-05T00:00:00,620,2022-11-28T00:00:00,412,2018-05-21T00:00:00,103,wheat_weekly_rv
7,lasso,False,2023-01-23T00:00:00|2023-01-30T00:00:00,626,2023-01-30T00:00:00,624,2023-01-23T00:00:00,624,2023-01-09T00:00:00,416,2018-06-25T00:00:00,104,SOI_index
7,lasso,False,2023-01-23T00:00:00|2023-01-30T00:00:00,626,2023-01-30T00:00:00,624,2023-01-23T00:00:00,624,2023-01-09T00:00:00,416,2018-06-25T00:00:00,104,soybeans_weekly_rv
7,lasso,False,2023-01-23T00:00:00|2023-01-30T00:00:00,626,2023-01-30T00:00:00,624,2023-01-23T00:00:00,624,2023-01-09T00:00:00,416,2018-06-25T00:00:00,104,ssta_lanina
7,lasso,False,2023-01-23T00:00:00|2023-01-30T00:00:00,626,2023-01-30T00:00:00,624,2023-01-23T00:00:00,624,2023-01-09T00:00:00,416,2018-06-25T00:00:00,104,wheat_monthly_rv
7,lasso,False,2023-01-23T00:00:00|2023-01-30T00:00:00,626,2023-01-30T00:00:00,624,2023-01-23T00:00:00,624,2023-01-09T00:00:00,416,2018-06-25T00:00:00,104,wheat_seasonal_rv
7,lasso,False,2023-01-23T00:00:00|2023-01-30T00:00:00,626,2023-01-30T00:00:00,624,2023-01-23T00:00:00,624,2023-01-09T00:00:00,416,2018-06-25T00:00:00,104,wheat_weekly_jumps
7,lasso,False,2023-01-23T00:00:00|2023-01-30T00:00:00,626,2023-01-30T00:00:00,624,2023-01-23T00:00:00,624,2023-01-09T00:00:00,416,2018-06-25T00:00:00,104,wheat_weekly_rv
7,lasso,True,2023-02-27T00:00:00|2023-03-06T00:00:00,630,2023-03-06T00:00:00,628,2023-02-27T00:00:00,628,2023-02-13T00:00:00,420,2018-07-23T00:00:00,105,SOI_index
7,lasso,True,2023-02-27T00:00:00|2023-03-06T00:00:00,630,2023-03-06T00:00:00,628,2023-02-27T00:00:00,628,2023-02-13T00:00:00,420,2018-07-23T00:00:00,105,soybeans_weekly_rv
7,lasso,True,2023-02-27T00:00:00|2023-03-06T00:00:00,630,2023-03-06T00:00:00,628,2023-02-27T00:00:00,628,2023-02-13T00:00:00,420,2018-07-23T00:00:00,105,ssta_lanina
7,lasso,True,2023-02-27T00:00:00|2023-03-06T00:00:00,630,2023-03-06T00:00:00,628,2023-02-27T00:00:00,628,2023-02-13T00:00:00,420,2018-07-23T00:00:00,105,wheat_monthly_rv
7,lasso,True,2023-02-27T00:00:00|2023-03-06T00:00:00,630,2023-03-06T00:00:00,628,2023-02-27T00:00:00,628,2023-02-13T00:00:00,420,2018-07-23T00:00:00,105,wheat_seasonal_rv
7,lasso,True,2023-02-27T00:00:00|2023-03-06T00:00:00,630,2023-03-06T00:00:00,628,2023-02-27T00:00:00,628,2023-02-13T00:00:00,420,2018-07-23T00:00:00,105,wheat_weekly_jumps
7,lasso,True,2023-02-27T00:00:00|2023-03-06T00:00:00,630,2023-03-06T00:00:00,628,2023-02-27T00:00:00,628,2023-02-13T00:00:00,420,2018-07-23T00:00:00,105,wheat_weekly_rv
7,lasso,True,2023-03-27T00:00:00|2023-04-03T00:00:00,634,2023-04-03T00:00:00,632,2023-03-27T00:00:00,632,2023-03-20T00:00:00,424,2018-08-20T00:00:00,106,SOI_index
7,lasso,True,2023-03-27T00:00:00|2023-04-03T00:00:00,634,2023-04-03T00:00:00,632,2023-03-27T00:00:00,632,2023-03-20T00:00:00,424,2018-08-20T00:00:00,106,soybeans_weekly_rv
7,lasso,True,2023-03-27T00:00:00|2023-04-03T00:00:00,634,2023-04-03T00:00:00,632,2023-03-27T00:00:00,632,2023-03-20T00:00:00,424,2018-08-20T00:00:00,106,ssta_lanina
7,lasso,True,2023-03-27T00:00:00|2023-04-03T00:00:00,634,2023-04-03T00:00:00,632,2023-03-27T00:00:00,632,2023-03-20T00:00:00,424,2018-08-20T00:00:00,106,wheat_monthly_rv
7,lasso,True,2023-03-27T00:00:00|2023-04-03T00:00:00,634,2023-04-03T00:00:00,632,2023-03-27T00:00:00,632,2023-03-20T00:00:00,424,2018-08-20T00:00:00,106,wheat_seasonal_rv
7,lasso,True,2023-03-27T00:00:00|2023-04-03T00:00:00,634,2023-04-03T00:00:00,632,2023-03-27T00:00:00,632,2023-03-20T00:00:00,424,2018-08-20T00:00:00,106,wheat_weekly_jumps
7,lasso,True,2023-03-27T00:00:00|2023-04-03T00:00:00,634,2023-04-03T00:00:00,632,2023-03-27T00:00:00,632,2023-03-20T00:00:00,424,2018-08-20T00:00:00,106,wheat_weekly_rv
7,lasso,True,2023-04-24T00:00:00|2023-05-01T00:00:00,638,2023-05-01T00:00:00,636,2023-04-24T00:00:00,636,2023-04-17T00:00:00,428,2018-09-24T00:00:00,107,SOI_index
7,lasso,True,2023-04-24T00:00:00|2023-05-01T00:00:00,638,2023-05-01T00:00:00,636,2023-04-24T00:00:00,636,2023-04-17T00:00:00,428,2018-09-24T00:00:00,107,soybeans_weekly_rv
7,lasso,True,2023-04-24T00:00:00|2023-05-01T00:00:00,638,2023-05-01T00:00:00,636,2023-04-24T00:00:00,636,2023-04-17T00:00:00,428,2018-09-24T00:00:00,107,ssta_lanina
7,lasso,True,2023-04-24T00:00:00|2023-05-01T00:00:00,638,2023-05-01T00:00:00,636,2023-04-24T00:00:00,636,2023-04-17T00:00:00,428,2018-09-24T00:00:00,107,wheat_monthly_rv
7,lasso,True,2023-04-24T00:00:00|2023-05-01T00:00:00,638,2023-05-01T00:00:00,636,2023-04-24T00:00:00,636,2023-04-17T00:00:00,428,2018-09-24T00:00:00,107,wheat_seasonal_rv
7,lasso,True,2023-04-24T00:00:00|2023-05-01T00:00:00,638,2023-05-01T00:00:00,636,2023-04-24T00:00:00,636,2023-04-17T00:00:00,428,2018-09-24T00:00:00,107,wheat_weekly_jumps
7,lasso,True,2023-04-24T00:00:00|2023-05-01T00:00:00,638,2023-05-01T00:00:00,636,2023-04-24T00:00:00,636,2023-04-17T00:00:00,428,2018-09-24T00:00:00,107,wheat_weekly_rv
12,lasso,False,2023-05-22T00:00:00|2023-06-05T00:00:00,642,2023-06-05T00:00:00,640,2023-05-22T00:00:00,640,2023-05-15T00:00:00,432,2018-10-29T00:00:00,108,SOI_index
12,lasso,False,2023-05-22T00:00:00|2023-06-05T00:00:00,642,2023-06-05T00:00:00,640,2023-05-22T00:00:00,640,2023-05-15T00:00:00,432,2018-10-29T00:00:00,108,WTI_Index
12,lasso,False,2023-05-22T00:00:00|2023-06-05T00:00:00,642,2023-06-05T00:00:00,640,2023-05-22T00:00:00,640,2023-05-15T00:00:00,432,2018-10-29T00:00:00,108,pdsi_extreme_wet_in_planting
12,lasso,False,2023-05-22T00:00:00|2023-06-05T00:00:00,642,2023-06-05T00:00:00,640,2023-05-22T00:00:00,640,2023-05-15T00:00:00,432,2018-10-29T00:00:00,108,soybeans_weekly_rv
12,lasso,False,2023-05-22T00:00:00|2023-06-05T00:00:00,642,2023-06-05T00:00:00,640,2023-05-22T00:00:00,640,2023-05-15T00:00:00,432,2018-10-29T00:00:00,108,spi_7d_extreme_wet_in_planting
12,lasso,False,2023-05-22T00:00:00|2023-06-05T00:00:00,642,2023-06-05T00:00:00,640,2023-05-22T00:00:00,640,2023-05-15T00:00:00,432,2018-10-29T00:00:00,108,spi_7d_very_wet_in_harvesting
12,lasso,False,2023-05-22T00:00:00|2023-06-05T00:00:00,642,2023-06-05T00:00:00,640,2023-05-22T00:00:00,640,2023-05-15T00:00:00,432,2018-10-29T00:00:00,108,ssta_lanina
12,lasso,False,2023-05-22T00:00:00|2023-06-05T00:00:00,642,2023-06-05T00:00:00,640,2023-05-22T00:00:00,640,2023-05-15T00:00:00,432,2018-10-29T00:00:00,108,tmin_very_cold_in_planting
12,lasso,False,2023-05-22T00:00:00|2023-06-05T00:00:00,642,2023-06-05T00:00:00,640,2023-05-22T00:00:00,640,2023-05-15T00:00:00,432,2018-10-29T00:00:00,108,wheat_monthly_rv
12,lasso,False,2023-05-22T00:00:00|2023-06-05T00:00:00,642,2023-06-05T00:00:00,640,2023-05-22T00:00:00,640,2023-05-15T00:00:00,432,2018-10-29T00:00:00,108,wheat_seasonal_rv
12,lasso,False,2023-05-22T00:00:00|2023-06-05T00:00:00,642,2023-06-05T00:00:00,640,2023-05-22T00:00:00,640,2023-05-15T00:00:00,432,2018-10-29T00:00:00,108,wheat_weekly_jumps
12,lasso,False,2023-05-22T00:00:00|2023-06-05T00:00:00,642,2023-06-05T00:00:00,640,2023-05-22T00:00:00,640,2023-05-15T00:00:00,432,2018-10-29T00:00:00,108,wheat_weekly_rv
12,lasso,True,2023-07-03T00:00:00|2023-07-10T00:00:00,646,2023-07-10T00:00:00,644,2023-07-03T00:00:00,644,2023-06-26T00:00:00,436,2018-12-03T00:00:00,109,SOI_index
12,lasso,True,2023-07-03T00:00:00|2023-07-10T00:00:00,646,2023-07-10T00:00:00,644,2023-07-03T00:00:00,644,2023-06-26T00:00:00,436,2018-12-03T00:00:00,109,WTI_Index
12,lasso,True,2023-07-03T00:00:00|2023-07-10T00:00:00,646,2023-07-10T00:00:00,644,2023-07-03T00:00:00,644,2023-06-26T00:00:00,436,2018-12-03T00:00:00,109,pdsi_extreme_wet_in_planting
12,lasso,True,2023-07-03T00:00:00|2023-07-10T00:00:00,646,2023-07-10T00:00:00,644,2023-07-03T00:00:00,644,2023-06-26T00:00:00,436,2018-12-03T00:00:00,109,soybeans_weekly_rv
12,lasso,True,2023-07-03T00:00:00|2023-07-10T00:00:00,646,2023-07-10T00:00:00,644,2023-07-03T00:00:00,644,2023-06-26T00:00:00,436,2018-12-03T00:00:00,109,spi_7d_extreme_wet_in_planting
12,lasso,True,2023-07-03T00:00:00|2023-07-10T00:00:00,646,2023-07-10T00:00:00,644,2023-07-03T00:00:00,644,2023-06-26T00:00:00,436,2018-12-03T00:00:00,109,spi_7d_very_wet_in_harvesting
12,lasso,True,2023-07-03T00:00:00|2023-07-10T00:00:00,646,2023-07-10T00:00:00,644,2023-07-03T00:00:00,644,2023-06-26T00:00:00,436,2018-12-03T00:00:00,109,ssta_lanina
12,lasso,True,2023-07-03T00:00:00|2023-07-10T00:00:00,646,2023-07-10T00:00:00,644,2023-07-03T00:00:00,644,2023-06-26T00:00:00,436,2018-12-03T00:00:00,109,tmin_very_cold_in_planting
12,lasso,True,2023-07-03T00:00:00|2023-07-10T00:00:00,646,2023-07-10T00:00:00,644,2023-07-03T00:00:00,644,2023-06-26T00:00:00,436,2018-12-03T00:00:00,109,wheat_monthly_rv
12,lasso,True,2023-07-03T00:00:00|2023-07-10T00:00:00,646,2023-07-10T00:00:00,644,2023-07-03T00:00:00,644,2023-06-26T00:00:00,436,2018-12-03T00:00:00,109,wheat_seasonal_rv
12,lasso,True,2023-07-03T00:00:00|2023-07-10T00:00:00,646,2023-07-10T00:00:00,644,2023-07-03T00:00:00,644,2023-06-26T00:00:00,436,2018-12-03T00:00:00,109,wheat_weekly_jumps
12,lasso,True,2023-07-03T00:00:00|2023-07-10T00:00:00,646,2023-07-10T00:00:00,644,2023-07-03T00:00:00,644,2023-06-26T00:00:00,436,2018-12-03T00:00:00,109,wheat_weekly_rv
12,lasso,True,2023-07-31T00:00:00|2023-08-07T00:00:00,650,2023-08-07T00:00:00,648,2023-07-31T00:00:00,648,2023-07-24T00:00:00,440,2018-12-31T00:00:00,110,SOI_index
12,lasso,True,2023-07-31T00:00:00|2023-08-07T00:00:00,650,2023-08-07T00:00:00,648,2023-07-31T00:00:00,648,2023-07-24T00:00:00,440,2018-12-31T00:00:00,110,WTI_Index
12,lasso,True,2023-07-31T00:00:00|2023-08-07T00:00:00,650,2023-08-07T00:00:00,648,2023-07-31T00:00:00,648,2023-07-24T00:00:00,440,2018-12-31T00:00:00,110,pdsi_extreme_wet_in_planting
12,lasso,True,2023-07-31T00:00:00|2023-08-07T00:00:00,650,2023-08-07T00:00:00,648,2023-07-31T00:00:00,648,2023-07-24T00:00:00,440,2018-12-31T00:00:00,110,soybeans_weekly_rv
12,lasso,True,2023-07-31T00:00:00|2023-08-07T00:00:00,650,2023-08-07T00:00:00,648,2023-07-31T00:00:00,648,2023-07-24T00:00:00,440,2018-12-31T00:00:00,110,spi_7d_extreme_wet_in_planting
12,lasso,True,2023-07-31T00:00:00|2023-08-07T00:00:00,650,2023-08-07T00:00:00,648,2023-07-31T00:00:00,648,2023-07-24T00:00:00,440,2018-12-31T00:00:00,110,spi_7d_very_wet_in_harvesting
12,lasso,True,2023-07-31T00:00:00|2023-08-07T00:00:00,650,2023-08-07T00:00:00,648,2023-07-31T00:00:00,648,2023-07-24T00:00:00,440,2018-12-31T00:00:00,110,ssta_lanina
12,lasso,True,2023-07-31T00:00:00|2023-08-07T00:00:00,650,2023-08-07T00:00:00,648,2023-07-31T00:00:00,648,2023-07-24T00:00:00,440,2018-12-31T00:00:00,110,tmin_very_cold_in_planting
12,lasso,True,2023-07-31T00:00:00|2023-08-07T00:00:00,650,2023-08-07T00:00:00,648,2023-07-31T00:00:00,648,2023-07-24T00:00:00,440,2018-12-31T00:00:00,110,wheat_monthly_rv
12,lasso,True,2023-07-31T00:00:00|2023-08-07T00:00:00,650,2023-08-07T00:00:00,648,2023-07-31T00:00:00,648,2023-07-24T00:00:00,440,2018-12-31T00:00:00,110,wheat_seasonal_rv
12,lasso,True,2023-07-31T00:00:00|2023-08-07T00:00:00,650,2023-08-07T00:00:00,648,2023-07-31T00:00:00,648,2023-07-24T00:00:00,440,2018-12-31T00:00:00,110,wheat_weekly_jumps
12,lasso,True,2023-07-31T00:00:00|2023-08-07T00:00:00,650,2023-08-07T00:00:00,648,2023-07-31T00:00:00,648,2023-07-24T00:00:00,440,2018-12-31T00:00:00,110,wheat_weekly_rv
12,lasso,True,2023-08-28T00:00:00|2023-09-11T00:00:00,654,2023-09-11T00:00:00,652,2023-08-28T00:00:00,652,2023-08-21T00:00:00,444,2019-02-11T00:00:00,111,SOI_index
12,lasso,True,2023-08-28T00:00:00|2023-09-11T00:00:00,654,2023-09-11T00:00:00,652,2023-08-28T00:00:00,652,2023-08-21T00:00:00,444,2019-02-11T00:00:00,111,WTI_Index
12,lasso,True,2023-08-28T00:00:00|2023-09-11T00:00:00,654,2023-09-11T00:00:00,652,2023-08-28T00:00:00,652,2023-08-21T00:00:00,444,2019-02-11T00:00:00,111,pdsi_extreme_wet_in_planting
12,lasso,True,2023-08-28T00:00:00|2023-09-11T00:00:00,654,2023-09-11T00:00:00,652,2023-08-28T00:00:00,652,2023-08-21T00:00:00,444,2019-02-11T00:00:00,111,soybeans_weekly_rv
12,lasso,True,2023-08-28T00:00:00|2023-09-11T00:00:00,654,2023-09-11T00:00:00,652,2023-08-28T00:00:00,652,2023-08-21T00:00:00,444,2019-02-11T00:00:00,111,spi_7d_extreme_wet_in_planting
12,lasso,True,2023-08-28T00:00:00|2023-09-11T00:00:00,654,2023-09-11T00:00:00,652,2023-08-28T00:00:00,652,2023-08-21T00:00:00,444,2019-02-11T00:00:00,111,spi_7d_very_wet_in_harvesting
12,lasso,True,2023-08-28T00:00:00|2023-09-11T00:00:00,654,2023-09-11T00:00:00,652,2023-08-28T00:00:00,652,2023-08-21T00:00:00,444,2019-02-11T00:00:00,111,ssta_lanina
12,lasso,True,2023-08-28T00:00:00|2023-09-11T00:00:00,654,2023-09-11T00:00:00,652,2023-08-28T00:00:00,652,2023-08-21T00:00:00,444,2019-02-11T00:00:00,111,tmin_very_cold_in_planting
12,lasso,True,2023-08-28T00:00:00|2023-09-11T00:00:00,654,2023-09-11T00:00:00,652,2023-08-28T00:00:00,652,2023-08-21T00:00:00,444,2019-02-11T00:00:00,111,wheat_monthly_rv
12,lasso,True,2023-08-28T00:00:00|2023-09-11T00:00:00,654,2023-09-11T00:00:00,652,2023-08-28T00:00:00,652,2023-08-21T00:00:00,444,2019-02-11T00:00:00,111,wheat_seasonal_rv
12,lasso,True,2023-08-28T00:00:00|2023-09-11T00:00:00,654,2023-09-11T00:00:00,652,2023-08-28T00:00:00,652,2023-08-21T00:00:00,444,2019-02-11T00:00:00,111,wheat_weekly_jumps
12,lasso,True,2023-08-28T00:00:00|2023-09-11T00:00:00,654,2023-09-11T00:00:00,652,2023-08-28T00:00:00,652,2023-08-21T00:00:00,444,2019-02-11T00:00:00,111,wheat_weekly_rv
16,lasso,False,2023-10-02T00:00:00|2023-10-16T00:00:00,658,2023-10-16T00:00:00,656,2023-10-02T00:00:00,656,2023-09-25T00:00:00,448,2019-03-18T00:00:00,112,NAO_index
16,lasso,False,2023-10-02T00:00:00|2023-10-16T00:00:00,658,2023-10-16T00:00:00,656,2023-10-02T00:00:00,656,2023-09-25T00:00:00,448,2019-03-18T00:00:00,112,WTI_Index
16,lasso,False,2023-10-02T00:00:00|2023-10-16T00:00:00,658,2023-10-16T00:00:00,656,2023-10-02T00:00:00,656,2023-09-25T00:00:00,448,2019-03-18T00:00:00,112,awnd_extreme_high_wind_in_harvesting
16,lasso,False,2023-10-02T00:00:00|2023-10-16T00:00:00,658,2023-10-16T00:00:00,656,2023-10-02T00:00:00,656,2023-09-25T00:00:00,448,2019-03-18T00:00:00,112,awnd_extreme_high_wind_in_planting
16,lasso,False,2023-10-02T00:00:00|2023-10-16T00:00:00,658,2023-10-16T00:00:00,656,2023-10-02T00:00:00,656,2023-09-25T00:00:00,448,2019-03-18T00:00:00,112,pdsi_extreme_wet_in_harvesting
16,lasso,False,2023-10-02T00:00:00|2023-10-16T00:00:00,658,2023-10-16T00:00:00,656,2023-10-02T00:00:00,656,2023-09-25T00:00:00,448,2019-03-18T00:00:00,112,pdsi_extreme_wet_in_planting
16,lasso,False,2023-10-02T00:00:00|2023-10-16T00:00:00,658,2023-10-16T00:00:00,656,2023-10-02T00:00:00,656,2023-09-25T00:00:00,448,2019-03-18T00:00:00,112,pdsi_severe_drought_in_planting
16,lasso,False,2023-10-02T00:00:00|2023-10-16T00:00:00,658,2023-10-16T00:00:00,656,2023-10-02T00:00:00,656,2023-09-25T00:00:00,448,2019-03-18T00:00:00,112,soybeans_weekly_rv
16,lasso,False,2023-10-02T00:00:00|2023-10-16T00:00:00,658,2023-10-16T00:00:00,656,2023-10-02T00:00:00,656,2023-09-25T00:00:00,448,2019-03-18T00:00:00,112,spi_7d_extreme_wet_in_planting
16,lasso,False,2023-10-02T00:00:00|2023-10-16T00:00:00,658,2023-10-16T00:00:00,656,2023-10-02T00:00:00,656,2023-09-25T00:00:00,448,2019-03-18T00:00:00,112,spi_7d_very_wet_in_harvesting
16,lasso,False,2023-10-02T00:00:00|2023-10-16T00:00:00,658,2023-10-16T00:00:00,656,2023-10-02T00:00:00,656,2023-09-25T00:00:00,448,2019-03-18T00:00:00,112,tmin_very_cold_in_harvesting
16,lasso,False,2023-10-02T00:00:00|2023-10-16T00:00:00,658,2023-10-16T00:00:00,656,2023-10-02T00:00:00,656,2023-09-25T00:00:00,448,2019-03-18T00:00:00,112,tmin_very_cold_in_planting
16,lasso,False,2023-10-02T00:00:00|2023-10-16T00:00:00,658,2023-10-16T00:00:00,656,2023-10-02T00:00:00,656,2023-09-25T00:00:00,448,2019-03-18T00:00:00,112,wheat_monthly_rv
16,lasso,False,2023-10-02T00:00:00|2023-10-16T00:00:00,658,2023-10-16T00:00:00,656,2023-10-02T00:00:00,656,2023-09-25T00:00:00,448,2019-03-18T00:00:00,112,wheat_seasonal_rv
16,lasso,False,2023-10-02T00:00:00|2023-10-16T00:00:00,658,2023-10-16T00:00:00,656,2023-10-02T00:00:00,656,2023-09-25T00:00:00,448,2019-03-18T00:00:00,112,wheat_weekly_jumps
16,lasso,False,2023-10-02T00:00:00|2023-10-16T00:00:00,658,2023-10-16T00:00:00,656,2023-10-02T00:00:00,656,2023-09-25T00:00:00,448,2019-03-18T00:00:00,112,wheat_weekly_rv
16,lasso,True,2023-11-06T00:00:00|2023-11-13T00:00:00,662,2023-11-13T00:00:00,660,2023-11-06T00:00:00,660,2023-10-30T00:00:00,452,2019-04-15T00:00:00,113,NAO_index
16,lasso,True,2023-11-06T00:00:00|2023-11-13T00:00:00,662,2023-11-13T00:00:00,660,2023-11-06T00:00:00,660,2023-10-30T00:00:00,452,2019-04-15T00:00:00,113,WTI_Index
16,lasso,True,2023-11-06T00:00:00|2023-11-13T00:00:00,662,2023-11-13T00:00:00,660,2023-11-06T00:00:00,660,2023-10-30T00:00:00,452,2019-04-15T00:00:00,113,awnd_extreme_high_wind_in_harvesting
16,lasso,True,2023-11-06T00:00:00|2023-11-13T00:00:00,662,2023-11-13T00:00:00,660,2023-11-06T00:00:00,660,2023-10-30T00:00:00,452,2019-04-15T00:00:00,113,awnd_extreme_high_wind_in_planting
16,lasso,True,2023-11-06T00:00:00|2023-11-13T00:00:00,662,2023-11-13T00:00:00,660,2023-11-06T00:00:00,660,2023-10-30T00:00:00,452,2019-04-15T00:00:00,113,pdsi_extreme_wet_in_harvesting
16,lasso,True,2023-11-06T00:00:00|2023-11-13T00:00:00,662,2023-11-13T00:00:00,660,2023-11-06T00:00:00,660,2023-10-30T00:00:00,452,2019-04-15T00:00:00,113,pdsi_extreme_wet_in_planting
16,lasso,True,2023-11-06T00:00:00|2023-11-13T00:00:00,662,2023-11-13T00:00:00,660,2023-11-06T00:00:00,660,2023-10-30T00:00:00,452,2019-04-15T00:00:00,113,pdsi_severe_drought_in_planting
16,lasso,True,2023-11-06T00:00:00|2023-11-13T00:00:00,662,2023-11-13T00:00:00,660,2023-11-06T00:00:00,660,2023-10-30T00:00:00,452,2019-04-15T00:00:00,113,soybeans_weekly_rv
16,lasso,True,2023-11-06T00:00:00|2023-11-13T00:00:00,662,2023-11-13T00:00:00,660,2023-11-06T00:00:00,660,2023-10-30T00:00:00,452,2019-04-15T00:00:00,113,spi_7d_extreme_wet_in_planting
16,lasso,True,2023-11-06T00:00:00|2023-11-13T00:00:00,662,2023-11-13T00:00:00,660,2023-11-06T00:00:00,660,2023-10-30T00:00:00,452,2019-04-15T00:00:00,113,spi_7d_very_wet_in_harvesting
16,lasso,True,2023-11-06T00:00:00|2023-11-13T00:00:00,662,2023-11-13T00:00:00,660,2023-11-06T00:00:00,660,2023-10-30T00:00:00,452,2019-04-15T00:00:00,113,tmin_very_cold_in_harvesting
16,lasso,True,2023-11-06T00:00:00|2023-11-13T00:00:00,662,2023-11-13T00:00:00,660,2023-11-06T00:00:00,660,2023-10-30T00:00:00,452,2019-04-15T00:00:00,113,tmin_very_cold_in_planting
16,lasso,True,2023-11-06T00:00:00|2023-11-13T00:00:00,662,2023-11-13T00:00:00,660,2023-11-06T00:00:00,660,2023-10-30T00:00:00,452,2019-04-15T00:00:00,113,wheat_monthly_rv
16,lasso,True,2023-11-06T00:00:00|2023-11-13T00:00:00,662,2023-11-13T00:00:00,660,2023-11-06T00:00:00,660,2023-10-30T00:00:00,452,2019-04-15T00:00:00,113,wheat_seasonal_rv
16,lasso,True,2023-11-06T00:00:00|2023-11-13T00:00:00,662,2023-11-13T00:00:00,660,2023-11-06T00:00:00,660,2023-10-30T00:00:00,452,2019-04-15T00:00:00,113,wheat_weekly_jumps
16,lasso,True,2023-11-06T00:00:00|2023-11-13T00:00:00,662,2023-11-13T00:00:00,660,2023-11-06T00:00:00,660,2023-10-30T00:00:00,452,2019-04-15T00:00:00,113,wheat_weekly_rv
16,lasso,True,2023-12-04T00:00:00|2023-12-11T00:00:00,666,2023-12-11T00:00:00,664,2023-12-04T00:00:00,664,2023-11-27T00:00:00,456,2019-05-13T00:00:00,114,NAO_index
16,lasso,True,2023-12-04T00:00:00|2023-12-11T00:00:00,666,2023-12-11T00:00:00,664,2023-12-04T00:00:00,664,2023-11-27T00:00:00,456,2019-05-13T00:00:00,114,WTI_Index
16,lasso,True,2023-12-04T00:00:00|2023-12-11T00:00:00,666,2023-12-11T00:00:00,664,2023-12-04T00:00:00,664,2023-11-27T00:00:00,456,2019-05-13T00:00:00,114,awnd_extreme_high_wind_in_harvesting
16,lasso,True,2023-12-04T00:00:00|2023-12-11T00:00:00,666,2023-12-11T00:00:00,664,2023-12-04T00:00:00,664,2023-11-27T00:00:00,456,2019-05-13T00:00:00,114,awnd_extreme_high_wind_in_planting
16,lasso,True,2023-12-04T00:00:00|2023-12-11T00:00:00,666,2023-12-11T00:00:00,664,2023-12-04T00:00:00,664,2023-11-27T00:00:00,456,2019-05-13T00:00:00,114,pdsi_extreme_wet_in_harvesting
16,lasso,True,2023-12-04T00:00:00|2023-12-11T00:00:00,666,2023-12-11T00:00:00,664,2023-12-04T00:00:00,664,2023-11-27T00:00:00,456,2019-05-13T00:00:00,114,pdsi_extreme_wet_in_planting
16,lasso,True,2023-12-04T00:00:00|2023-12-11T00:00:00,666,2023-12-11T00:00:00,664,2023-12-04T00:00:00,664,2023-11-27T00:00:00,456,2019-05-13T00:00:00,114,pdsi_severe_drought_in_planting
16,lasso,True,2023-12-04T00:00:00|2023-12-11T00:00:00,666,2023-12-11T00:00:00,664,2023-12-04T00:00:00,664,2023-11-27T00:00:00,456,2019-05-13T00:00:00,114,soybeans_weekly_rv
16,lasso,True,2023-12-04T00:00:00|2023-12-11T00:00:00,666,2023-12-11T00:00:00,664,2023-12-04T00:00:00,664,2023-11-27T00:00:00,456,2019-05-13T00:00:00,114,spi_7d_extreme_wet_in_planting
16,lasso,True,2023-12-04T00:00:00|2023-12-11T00:00:00,666,2023-12-11T00:00:00,664,2023-12-04T00:00:00,664,2023-11-27T00:00:00,456,2019-05-13T00:00:00,114,spi_7d_very_wet_in_harvesting
16,lasso,True,2023-12-04T00:00:00|2023-12-11T00:00:00,666,2023-12-11T00:00:00,664,2023-12-04T00:00:00,664,2023-11-27T00:00:00,456,2019-05-13T00:00:00,114,tmin_very_cold_in_harvesting
16,lasso,True,2023-12-04T00:00:00|2023-12-11T00:00:00,666,2023-12-11T00:00:00,664,2023-12-04T00:00:00,664,2023-11-27T00:00:00,456,2019-05-13T00:00:00,114,tmin_very_cold_in_planting
16,lasso,True,2023-12-04T00:00:00|2023-12-11T00:00:00,666,2023-12-11T00:00:00,664,2023-12-04T00:00:00,664,2023-11-27T00:00:00,456,2019-05-13T00:00:00,114,wheat_monthly_rv
16,lasso,True,2023-12-04T00:00:00|2023-12-11T00:00:00,666,2023-12-11T00:00:00,664,2023-12-04T00:00:00,664,2023-11-27T00:00:00,456,2019-05-13T00:00:00,114,wheat_seasonal_rv
16,lasso,True,2023-12-04T00:00:00|2023-12-11T00:00:00,666,2023-12-11T00:00:00,664,2023-12-04T00:00:00,664,2023-11-27T00:00:00,456,2019-05-13T00:00:00,114,wheat_weekly_jumps
16,lasso,True,2023-12-04T00:00:00|2023-12-11T00:00:00,666,2023-12-11T00:00:00,664,2023-12-04T00:00:00,664,2023-11-27T00:00:00,456,2019-05-13T00:00:00,114,wheat_weekly_rv
16,lasso,True,2024-01-22T00:00:00|2024-01-29T00:00:00,670,2024-01-29T00:00:00,668,2024-01-22T00:00:00,668,2024-01-08T00:00:00,460,2019-06-17T00:00:00,115,NAO_index
16,lasso,True,2024-01-22T00:00:00|2024-01-29T00:00:00,670,2024-01-29T00:00:00,668,2024-01-22T00:00:00,668,2024-01-08T00:00:00,460,2019-06-17T00:00:00,115,WTI_Index
16,lasso,True,2024-01-22T00:00:00|2024-01-29T00:00:00,670,2024-01-29T00:00:00,668,2024-01-22T00:00:00,668,2024-01-08T00:00:00,460,2019-06-17T00:00:00,115,awnd_extreme_high_wind_in_harvesting
16,lasso,True,2024-01-22T00:00:00|2024-01-29T00:00:00,670,2024-01-29T00:00:00,668,2024-01-22T00:00:00,668,2024-01-08T00:00:00,460,2019-06-17T00:00:00,115,awnd_extreme_high_wind_in_planting
16,lasso,True,2024-01-22T00:00:00|2024-01-29T00:00:00,670,2024-01-29T00:00:00,668,2024-01-22T00:00:00,668,2024-01-08T00:00:00,460,2019-06-17T00:00:00,115,pdsi_extreme_wet_in_harvesting
16,lasso,True,2024-01-22T00:00:00|2024-01-29T00:00:00,670,2024-01-29T00:00:00,668,2024-01-22T00:00:00,668,2024-01-08T00:00:00,460,2019-06-17T00:00:00,115,pdsi_extreme_wet_in_planting
16,lasso,True,2024-01-22T00:00:00|2024-01-29T00:00:00,670,2024-01-29T00:00:00,668,2024-01-22T00:00:00,668,2024-01-08T00:00:00,460,2019-06-17T00:00:00,115,pdsi_severe_drought_in_planting
16,lasso,True,2024-01-22T00:00:00|2024-01-29T00:00:00,670,2024-01-29T00:00:00,668,2024-01-22T00:00:00,668,2024-01-08T00:00:00,460,2019-06-17T00:00:00,115,soybeans_weekly_rv
16,lasso,True,2024-01-22T00:00:00|2024-01-29T00:00:00,670,2024-01-29T00:00:00,668,2024-01-22T00:00:00,668,2024-01-08T00:00:00,460,2019-06-17T00:00:00,115,spi_7d_extreme_wet_in_planting
16,lasso,True,2024-01-22T00:00:00|2024-01-29T00:00:00,670,2024-01-29T00:00:00,668,2024-01-22T00:00:00,668,2024-01-08T00:00:00,460,2019-06-17T00:00:00,115,spi_7d_very_wet_in_harvesting
16,lasso,True,2024-01-22T00:00:00|2024-01-29T00:00:00,670,2024-01-29T00:00:00,668,2024-01-22T00:00:00,668,2024-01-08T00:00:00,460,2019-06-17T00:00:00,115,tmin_very_cold_in_harvesting
16,lasso,True,2024-01-22T00:00:00|2024-01-29T00:00:00,670,2024-01-29T00:00:00,668,2024-01-22T00:00:00,668,2024-01-08T00:00:00,460,2019-06-17T00:00:00,115,tmin_very_cold_in_planting
16,lasso,True,2024-01-22T00:00:00|2024-01-29T00:00:00,670,2024-01-29T00:00:00,668,2024-01-22T00:00:00,668,2024-01-08T00:00:00,460,2019-06-17T00:00:00,115,wheat_monthly_rv
16,lasso,True,2024-01-22T00:00:00|2024-01-29T00:00:00,670,2024-01-29T00:00:00,668,2024-01-22T00:00:00,668,2024-01-08T00:00:00,460,2019-06-17T00:00:00,115,wheat_seasonal_rv
16,lasso,True,2024-01-22T00:00:00|2024-01-29T00:00:00,670,2024-01-29T00:00:00,668,2024-01-22T00:00:00,668,2024-01-08T00:00:00,460,2019-06-17T00:00:00,115,wheat_weekly_jumps
16,lasso,True,2024-01-22T00:00:00|2024-01-29T00:00:00,670,2024-01-29T00:00:00,668,2024-01-22T00:00:00,668,2024-01-08T00:00:00,460,2019-06-17T00:00:00,115,wheat_weekly_rv
8,lasso,False,2024-02-26T00:00:00|2024-03-04T00:00:00,674,2024-03-04T00:00:00,672,2024-02-26T00:00:00,672,2024-02-12T00:00:00,464,2019-07-15T00:00:00,116,WTI_Index
8,lasso,False,2024-02-26T00:00:00|2024-03-04T00:00:00,674,2024-03-04T00:00:00,672,2024-02-26T00:00:00,672,2024-02-12T00:00:00,464,2019-07-15T00:00:00,116,pdsi_extreme_wet_in_planting
8,lasso,False,2024-02-26T00:00:00|2024-03-04T00:00:00,674,2024-03-04T00:00:00,672,2024-02-26T00:00:00,672,2024-02-12T00:00:00,464,2019-07-15T00:00:00,116,soybeans_weekly_rv
8,lasso,False,2024-02-26T00:00:00|2024-03-04T00:00:00,674,2024-03-04T00:00:00,672,2024-02-26T00:00:00,672,2024-02-12T00:00:00,464,2019-07-15T00:00:00,116,spi_7d_very_wet_in_harvesting
8,lasso,False,2024-02-26T00:00:00|2024-03-04T00:00:00,674,2024-03-04T00:00:00,672,2024-02-26T00:00:00,672,2024-02-12T00:00:00,464,2019-07-15T00:00:00,116,wheat_monthly_rv
8,lasso,False,2024-02-26T00:00:00|2024-03-04T00:00:00,674,2024-03-04T00:00:00,672,2024-02-26T00:00:00,672,2024-02-12T00:00:00,464,2019-07-15T00:00:00,116,wheat_seasonal_rv
8,lasso,False,2024-02-26T00:00:00|2024-03-04T00:00:00,674,2024-03-04T00:00:00,672,2024-02-26T00:00:00,672,2024-02-12T00:00:00,464,2019-07-15T00:00:00,116,wheat_weekly_jumps
8,lasso,False,2024-02-26T00:00:00|2024-03-04T00:00:00,674,2024-03-04T00:00:00,672,2024-02-26T00:00:00,672,2024-02-12T00:00:00,464,2019-07-15T00:00:00,116,wheat_weekly_rv
8,lasso,True,2024-03-25T00:00:00|2024-04-01T00:00:00,678,2024-04-01T00:00:00,676,2024-03-25T00:00:00,676,2024-03-18T00:00:00,468,2019-08-12T00:00:00,117,WTI_Index
8,lasso,True,2024-03-25T00:00:00|2024-04-01T00:00:00,678,2024-04-01T00:00:00,676,2024-03-25T00:00:00,676,2024-03-18T00:00:00,468,2019-08-12T00:00:00,117,pdsi_extreme_wet_in_planting
8,lasso,True,2024-03-25T00:00:00|2024-04-01T00:00:00,678,2024-04-01T00:00:00,676,2024-03-25T00:00:00,676,2024-03-18T00:00:00,468,2019-08-12T00:00:00,117,soybeans_weekly_rv
8,lasso,True,2024-03-25T00:00:00|2024-04-01T00:00:00,678,2024-04-01T00:00:00,676,2024-03-25T00:00:00,676,2024-03-18T00:00:00,468,2019-08-12T00:00:00,117,spi_7d_very_wet_in_harvesting
8,lasso,True,2024-03-25T00:00:00|2024-04-01T00:00:00,678,2024-04-01T00:00:00,676,2024-03-25T00:00:00,676,2024-03-18T00:00:00,468,2019-08-12T00:00:00,117,wheat_monthly_rv
8,lasso,True,2024-03-25T00:00:00|2024-04-01T00:00:00,678,2024-04-01T00:00:00,676,2024-03-25T00:00:00,676,2024-03-18T00:00:00,468,2019-08-12T00:00:00,117,wheat_seasonal_rv
8,lasso,True,2024-03-25T00:00:00|2024-04-01T00:00:00,678,2024-04-01T00:00:00,676,2024-03-25T00:00:00,676,2024-03-18T00:00:00,468,2019-08-12T00:00:00,117,wheat_weekly_jumps
8,lasso,True,2024-03-25T00:00:00|2024-04-01T00:00:00,678,2024-04-01T00:00:00,676,2024-03-25T00:00:00,676,2024-03-18T00:00:00,468,2019-08-12T00:00:00,117,wheat_weekly_rv
8,lasso,True,2024-04-22T00:00:00|2024-04-29T00:00:00,682,2024-04-29T00:00:00,680,2024-04-22T00:00:00,680,2024-04-15T00:00:00,472,2019-09-16T00:00:00,118,WTI_Index
8,lasso,True,2024-04-22T00:00:00|2024-04-29T00:00:00,682,2024-04-29T00:00:00,680,2024-04-22T00:00:00,680,2024-04-15T00:00:00,472,2019-09-16T00:00:00,118,pdsi_extreme_wet_in_planting
8,lasso,True,2024-04-22T00:00:00|2024-04-29T00:00:00,682,2024-04-29T00:00:00,680,2024-04-22T00:00:00,680,2024-04-15T00:00:00,472,2019-09-16T00:00:00,118,soybeans_weekly_rv
8,lasso,True,2024-04-22T00:00:00|2024-04-29T00:00:00,682,2024-04-29T00:00:00,680,2024-04-22T00:00:00,680,2024-04-15T00:00:00,472,2019-09-16T00:00:00,118,spi_7d_very_wet_in_harvesting
8,lasso,True,2024-04-22T00:00:00|2024-04-29T00:00:00,682,2024-04-29T00:00:00,680,2024-04-22T00:00:00,680,2024-04-15T00:00:00,472,2019-09-16T00:00:00,118,wheat_monthly_rv
8,lasso,True,2024-04-22T00:00:00|2024-04-29T00:00:00,682,2024-04-29T00:00:00,680,2024-04-22T00:00:00,680,2024-04-15T00:00:00,472,2019-09-16T00:00:00,118,wheat_seasonal_rv
8,lasso,True,2024-04-22T00:00:00|2024-04-29T00:00:00,682,2024-04-29T00:00:00,680,2024-04-22T00:00:00,680,2024-04-15T00:00:00,472,2019-09-16T00:00:00,118,wheat_weekly_jumps
8,lasso,True,2024-04-22T00:00:00|2024-04-29T00:00:00,682,2024-04-29T00:00:00,680,2024-04-22T00:00:00,680,2024-04-15T00:00:00,472,2019-09-16T00:00:00,118,wheat_weekly_rv
8,lasso,True,2024-05-20T00:00:00|2024-06-03T00:00:00,686,2024-06-03T00:00:00,684,2024-05-20T00:00:00,684,2024-05-13T00:00:00,476,2019-10-21T00:00:00,119,WTI_Index
8,lasso,True,2024-05-20T00:00:00|2024-06-03T00:00:00,686,2024-06-03T00:00:00,684,2024-05-20T00:00:00,684,2024-05-13T00:00:00,476,2019-10-21T00:00:00,119,pdsi_extreme_wet_in_planting
8,lasso,True,2024-05-20T00:00:00|2024-06-03T00:00:00,686,2024-06-03T00:00:00,684,2024-05-20T00:00:00,684,2024-05-13T00:00:00,476,2019-10-21T00:00:00,119,soybeans_weekly_rv
8,lasso,True,2024-05-20T00:00:00|2024-06-03T00:00:00,686,2024-06-03T00:00:00,684,2024-05-20T00:00:00,684,2024-05-13T00:00:00,476,2019-10-21T00:00:00,119,spi_7d_very_wet_in_harvesting
8,lasso,True,2024-05-20T00:00:00|2024-06-03T00:00:00,686,2024-06-03T00:00:00,684,2024-05-20T00:00:00,684,2024-05-13T00:00:00,476,2019-10-21T00:00:00,119,wheat_monthly_rv
8,lasso,True,2024-05-20T00:00:00|2024-06-03T00:00:00,686,2024-06-03T00:00:00,684,2024-05-20T00:00:00,684,2024-05-13T00:00:00,476,2019-10-21T00:00:00,119,wheat_seasonal_rv
8,lasso,True,2024-05-20T00:00:00|2024-06-03T00:00:00,686,2024-06-03T00:00:00,684,2024-05-20T00:00:00,684,2024-05-13T00:00:00,476,2019-10-21T00:00:00,119,wheat_weekly_jumps
8,lasso,True,2024-05-20T00:00:00|2024-06-03T00:00:00,686,2024-06-03T00:00:00,684,2024-05-20T00:00:00,684,2024-05-13T00:00:00,476,2019-10-21T00:00:00,119,wheat_weekly_rv
6,lasso,False,2024-06-24T00:00:00|2024-07-01T00:00:00,690,2024-07-01T00:00:00,688,2024-06-24T00:00:00,688,2024-06-17T00:00:00,480,2019-11-25T00:00:00,120,WTI_Index
6,lasso,False,2024-06-24T00:00:00|2024-07-01T00:00:00,690,2024-07-01T00:00:00,688,2024-06-24T00:00:00,688,2024-06-17T00:00:00,480,2019-11-25T00:00:00,120,soybeans_weekly_rv
6,lasso,False,2024-06-24T00:00:00|2024-07-01T00:00:00,690,2024-07-01T00:00:00,688,2024-06-24T00:00:00,688,2024-06-17T00:00:00,480,2019-11-25T00:00:00,120,wheat_monthly_rv
6,lasso,False,2024-06-24T00:00:00|2024-07-01T00:00:00,690,2024-07-01T00:00:00,688,2024-06-24T00:00:00,688,2024-06-17T00:00:00,480,2019-11-25T00:00:00,120,wheat_seasonal_rv
6,lasso,False,2024-06-24T00:00:00|2024-07-01T00:00:00,690,2024-07-01T00:00:00,688,2024-06-24T00:00:00,688,2024-06-17T00:00:00,480,2019-11-25T00:00:00,120,wheat_weekly_jumps
6,lasso,False,2024-06-24T00:00:00|2024-07-01T00:00:00,690,2024-07-01T00:00:00,688,2024-06-24T00:00:00,688,2024-06-17T00:00:00,480,2019-11-25T00:00:00,120,wheat_weekly_rv
6,lasso,True,2024-07-22T00:00:00|2024-07-29T00:00:00,694,2024-07-29T00:00:00,692,2024-07-22T00:00:00,692,2024-07-15T00:00:00,484,2019-12-23T00:00:00,121,WTI_Index
6,lasso,True,2024-07-22T00:00:00|2024-07-29T00:00:00,694,2024-07-29T00:00:00,692,2024-07-22T00:00:00,692,2024-07-15T00:00:00,484,2019-12-23T00:00:00,121,soybeans_weekly_rv
6,lasso,True,2024-07-22T00:00:00|2024-07-29T00:00:00,694,2024-07-29T00:00:00,692,2024-07-22T00:00:00,692,2024-07-15T00:00:00,484,2019-12-23T00:00:00,121,wheat_monthly_rv
6,lasso,True,2024-07-22T00:00:00|2024-07-29T00:00:00,694,2024-07-29T00:00:00,692,2024-07-22T00:00:00,692,2024-07-15T00:00:00,484,2019-12-23T00:00:00,121,wheat_seasonal_rv
6,lasso,True,2024-07-22T00:00:00|2024-07-29T00:00:00,694,2024-07-29T00:00:00,692,2024-07-22T00:00:00,692,2024-07-15T00:00:00,484,2019-12-23T00:00:00,121,wheat_weekly_jumps
6,lasso,True,2024-07-22T00:00:00|2024-07-29T00:00:00,694,2024-07-29T00:00:00,692,2024-07-22T00:00:00,692,2024-07-15T00:00:00,484,2019-12-23T00:00:00,121,wheat_weekly_rv
6,lasso,True,2024-08-19T00:00:00|2024-08-26T00:00:00,698,2024-08-26T00:00:00,696,2024-08-19T00:00:00,696,2024-08-12T00:00:00,488,2020-01-27T00:00:00,122,WTI_Index
6,lasso,True,2024-08-19T00:00:00|2024-08-26T00:00:00,698,2024-08-26T00:00:00,696,2024-08-19T00:00:00,696,2024-08-12T00:00:00,488,2020-01-27T00:00:00,122,soybeans_weekly_rv
6,lasso,True,2024-08-19T00:00:00|2024-08-26T00:00:00,698,2024-08-26T00:00:00,696,2024-08-19T00:00:00,696,2024-08-12T00:00:00,488,2020-01-27T00:00:00,122,wheat_monthly_rv
6,lasso,True,2024-08-19T00:00:00|2024-08-26T00:00:00,698,2024-08-26T00:00:00,696,2024-08-19T00:00:00,696,2024-08-12T00:00:00,488,2020-01-27T00:00:00,122,wheat_seasonal_rv
6,lasso,True,2024-08-19T00:00:00|2024-08-26T00:00:00,698,2024-08-26T00:00:00,696,2024-08-19T00:00:00,696,2024-08-12T00:00:00,488,2020-01-27T00:00:00,122,wheat_weekly_jumps
6,lasso,True,2024-08-19T00:00:00|2024-08-26T00:00:00,698,2024-08-26T00:00:00,696,2024-08-19T00:00:00,696,2024-08-12T00:00:00,488,2020-01-27T00:00:00,122,wheat_weekly_rv
6,lasso,True,2024-09-23T00:00:00|2024-09-30T00:00:00,702,2024-09-30T00:00:00,700,2024-09-23T00:00:00,700,2024-09-16T00:00:00,492,2020-03-02T00:00:00,123,WTI_Index
6,lasso,True,2024-09-23T00:00:00|2024-09-30T00:00:00,702,2024-09-30T00:00:00,700,2024-09-23T00:00:00,700,2024-09-16T00:00:00,492,2020-03-02T00:00:00,123,soybeans_weekly_rv
6,lasso,True,2024-09-23T00:00:00|2024-09-30T00:00:00,702,2024-09-30T00:00:00,700,2024-09-23T00:00:00,700,2024-09-16T00:00:00,492,2020-03-02T00:00:00,123,wheat_monthly_rv
6,lasso,True,2024-09-23T00:00:00|2024-09-30T00:00:00,702,2024-09-30T00:00:00,700,2024-09-23T00:00:00,700,2024-09-16T00:00:00,492,2020-03-02T00:00:00,123,wheat_seasonal_rv
6,lasso,True,2024-09-23T00:00:00|2024-09-30T00:00:00,702,2024-09-30T00:00:00,700,2024-09-23T00:00:00,700,2024-09-16T00:00:00,492,2020-03-02T00:00:00,123,wheat_weekly_jumps
6,lasso,True,2024-09-23T00:00:00|2024-09-30T00:00:00,702,2024-09-30T00:00:00,700,2024-09-23T00:00:00,700,2024-09-16T00:00:00,492,2020-03-02T00:00:00,123,wheat_weekly_rv
8,lasso,False,2024-10-28T00:00:00|2024-11-04T00:00:00,706,2024-11-04T00:00:00,704,2024-10-28T00:00:00,704,2024-10-21T00:00:00,496,2020-03-30T00:00:00,124,WTI_Index
8,lasso,False,2024-10-28T00:00:00|2024-11-04T00:00:00,706,2024-11-04T00:00:00,704,2024-10-28T00:00:00,704,2024-10-21T00:00:00,496,2020-03-30T00:00:00,124,awnd_extreme_high_wind_in_harvesting
8,lasso,False,2024-10-28T00:00:00|2024-11-04T00:00:00,706,2024-11-04T00:00:00,704,2024-10-28T00:00:00,704,2024-10-21T00:00:00,496,2020-03-30T00:00:00,124,corn_weekly_rv
8,lasso,False,2024-10-28T00:00:00|2024-11-04T00:00:00,706,2024-11-04T00:00:00,704,2024-10-28T00:00:00,704,2024-10-21T00:00:00,496,2020-03-30T00:00:00,124,tmin_very_cold_in_harvesting
8,lasso,False,2024-10-28T00:00:00|2024-11-04T00:00:00,706,2024-11-04T00:00:00,704,2024-10-28T00:00:00,704,2024-10-21T00:00:00,496,2020-03-30T00:00:00,124,wheat_monthly_rv
8,lasso,False,2024-10-28T00:00:00|2024-11-04T00:00:00,706,2024-11-04T00:00:00,704,2024-10-28T00:00:00,704,2024-10-21T00:00:00,496,2020-03-30T00:00:00,124,wheat_seasonal_rv
8,lasso,False,2024-10-28T00:00:00|2024-11-04T00:00:00,706,2024-11-04T00:00:00,704,2024-10-28T00:00:00,704,2024-10-21T00:00:00,496,2020-03-30T00:00:00,124,wheat_weekly_jumps
8,lasso,False,2024-10-28T00:00:00|2024-11-04T00:00:00,706,2024-11-04T00:00:00,704,2024-10-28T00:00:00,704,2024-10-21T00:00:00,496,2020-03-30T00:00:00,124,wheat_weekly_rv
8,lasso,True,2024-12-02T00:00:00|2024-12-09T00:00:00,710,2024-12-09T00:00:00,708,2024-12-02T00:00:00,708,2024-11-25T00:00:00,500,2020-04-27T00:00:00,125,WTI_Index
8,lasso,True,2024-12-02T00:00:00|2024-12-09T00:00:00,710,2024-12-09T00:00:00,708,2024-12-02T00:00:00,708,2024-11-25T00:00:00,500,2020-04-27T00:00:00,125,awnd_extreme_high_wind_in_harvesting
8,lasso,True,2024-12-02T00:00:00|2024-12-09T00:00:00,710,2024-12-09T00:00:00,708,2024-12-02T00:00:00,708,2024-11-25T00:00:00,500,2020-04-27T00:00:00,125,corn_weekly_rv
8,lasso,True,2024-12-02T00:00:00|2024-12-09T00:00:00,710,2024-12-09T00:00:00,708,2024-12-02T00:00:00,708,2024-11-25T00:00:00,500,2020-04-27T00:00:00,125,tmin_very_cold_in_harvesting
8,lasso,True,2024-12-02T00:00:00|2024-12-09T00:00:00,710,2024-12-09T00:00:00,708,2024-12-02T00:00:00,708,2024-11-25T00:00:00,500,2020-04-27T00:00:00,125,wheat_monthly_rv
8,lasso,True,2024-12-02T00:00:00|2024-12-09T00:00:00,710,2024-12-09T00:00:00,708,2024-12-02T00:00:00,708,2024-11-25T00:00:00,500,2020-04-27T00:00:00,125,wheat_seasonal_rv
8,lasso,True,2024-12-02T00:00:00|2024-12-09T00:00:00,710,2024-12-09T00:00:00,708,2024-12-02T00:00:00,708,2024-11-25T00:00:00,500,2020-04-27T00:00:00,125,wheat_weekly_jumps
8,lasso,True,2024-12-02T00:00:00|2024-12-09T00:00:00,710,2024-12-09T00:00:00,708,2024-12-02T00:00:00,708,2024-11-25T00:00:00,500,2020-04-27T00:00:00,125,wheat_weekly_rv
8,lasso,True,2024-12-30T00:00:00|2025-01-06T00:00:00,714,2025-01-06T00:00:00,712,2024-12-30T00:00:00,712,2024-12-23T00:00:00,504,2020-06-01T00:00:00,126,WTI_Index
8,lasso,True,2024-12-30T00:00:00|2025-01-06T00:00:00,714,2025-01-06T00:00:00,712,2024-12-30T00:00:00,712,2024-12-23T00:00:00,504,2020-06-01T00:00:00,126,awnd_extreme_high_wind_in_harvesting
8,lasso,True,2024-12-30T00:00:00|2025-01-06T00:00:00,714,2025-01-06T00:00:00,712,2024-12-30T00:00:00,712,2024-12-23T00:00:00,504,2020-06-01T00:00:00,126,corn_weekly_rv
8,lasso,True,2024-12-30T00:00:00|2025-01-06T00:00:00,714,2025-01-06T00:00:00,712,2024-12-30T00:00:00,712,2024-12-23T00:00:00,504,2020-06-01T00:00:00,126,tmin_very_cold_in_harvesting
8,lasso,True,2024-12-30T00:00:00|2025-01-06T00:00:00,714,2025-01-06T00:00:00,712,2024-12-30T00:00:00,712,2024-12-23T00:00:00,504,2020-06-01T00:00:00,126,wheat_monthly_rv
8,lasso,True,2024-12-30T00:00:00|2025-01-06T00:00:00,714,2025-01-06T00:00:00,712,2024-12-30T00:00:00,712,2024-12-23T00:00:00,504,2020-06-01T00:00:00,126,wheat_seasonal_rv
8,lasso,True,2024-12-30T00:00:00|2025-01-06T00:00:00,714,2025-01-06T00:00:00,712,2024-12-30T00:00:00,712,2024-12-23T00:00:00,504,2020-06-01T00:00:00,126,wheat_weekly_jumps
8,lasso,True,2024-12-30T00:00:00|2025-01-06T00:00:00,714,2025-01-06T00:00:00,712,2024-12-30T00:00:00,712,2024-12-23T00:00:00,504,2020-06-01T00:00:00,126,wheat_weekly_rv
8,lasso,True,2025-02-03T00:00:00|2025-02-10T00:00:00,718,2025-02-10T00:00:00,716,2025-02-03T00:00:00,716,2025-01-27T00:00:00,508,2020-06-29T00:00:00,127,WTI_Index
8,lasso,True,2025-02-03T00:00:00|2025-02-10T00:00:00,718,2025-02-10T00:00:00,716,2025-02-03T00:00:00,716,2025-01-27T00:00:00,508,2020-06-29T00:00:00,127,awnd_extreme_high_wind_in_harvesting
8,lasso,True,2025-02-03T00:00:00|2025-02-10T00:00:00,718,2025-02-10T00:00:00,716,2025-02-03T00:00:00,716,2025-01-27T00:00:00,508,2020-06-29T00:00:00,127,corn_weekly_rv
8,lasso,True,2025-02-03T00:00:00|2025-02-10T00:00:00,718,2025-02-10T00:00:00,716,2025-02-03T00:00:00,716,2025-01-27T00:00:00,508,2020-06-29T00:00:00,127,tmin_very_cold_in_harvesting
8,lasso,True,2025-02-03T00:00:00|2025-02-10T00:00:00,718,2025-02-10T00:00:00,716,2025-02-03T00:00:00,716,2025-01-27T00:00:00,508,2020-06-29T00:00:00,127,wheat_monthly_rv
8,lasso,True,2025-02-03T00:00:00|2025-02-10T00:00:00,718,2025-02-10T00:00:00,716,2025-02-03T00:00:00,716,2025-01-27T00:00:00,508,2020-06-29T00:00:00,127,wheat_seasonal_rv
8,lasso,True,2025-02-03T00:00:00|2025-02-10T00:00:00,718,2025-02-10T00:00:00,716,2025-02-03T00:00:00,716,2025-01-27T00:00:00,508,2020-06-29T00:00:00,127,wheat_weekly_jumps
8,lasso,True,2025-02-03T00:00:00|2025-02-10T00:00:00,718,2025-02-10T00:00:00,716,2025-02-03T00:00:00,716,2025-01-27T00:00:00,508,2020-06-29T00:00:00,127,wheat_weekly_rv
