n_selected,selection_method,selection_reused,test_dates,test_end,test_end_date,test_start,test_start_date,train_end,train_end_date,train_start,train_start_date,window_id,selected_feature
11,lasso,False,2016-03-07T00:00:00,313,2016-03-07T00:00:00,312,2016-03-07T00:00:00,312,2016-02-29T00:00:00,0,2009-04-20T00:00:00,0,DJIA_Index
11,lasso,False,2016-03-07T00:00:00,313,2016-03-07T00:00:00,312,2016-03-07T00:00:00,312,2016-02-29T00:00:00,0,2009-04-20T00:00:00,0,NAO_index
11,lasso,False,2016-03-07T00:00:00,313,2016-03-07T00:00:00,312,2016-03-07T00:00:00,312,2016-02-29T00:00:00,0,2009-04-20T00:00:00,0,corn_weekly_rv
11,lasso,False,2016-03-07T00:00:00,313,2016-03-07T00:00:00,312,2016-03-07T00:00:00,312,2016-02-29T00:00:00,0,2009-04-20T00:00:00,0,pdsi_extreme_drought_in_planting
11,lasso,False,2016-03-07T00:00:00,313,2016-03-07T00:00:00,312,2016-03-07T00:00:00,312,2016-02-29T00:00:00,0,2009-04-20T00:00:00,0,pdsi_severe_drought_in_harvesting
11,lasso,False,2016-03-07T00:00:00,313,2016-03-07T00:00:00,312,2016-03-07T00:00:00,312,2016-02-29T00:00:00,0,2009-04-20T00:00:00,0,ssta_lanina
11,lasso,False,2016-03-07T00:00:00,313,2016-03-07T00:00:00,312,2016-03-07T00:00:00,312,2016-02-29T00:00:00,0,2009-04-20T00:00:00,0,tmin_cold_in_harvesting
11,lasso,False,2016-03-07T00:00:00,313,2016-03-07T00:00:00,312,2016-03-07T00:00:00,312,2016-02-29T00:00:00,0,2009-04-20T00:00:00,0,wheat_monthly_rv
11,lasso,False,2016-03-07T00:00:00,313,2016-03-07T00:00:00,312,2016-03-07T00:00:00,312,2016-02-29T00:00:00,0,2009-04-20T00:00:00,0,wheat_seasonal_rv
11,lasso,False,2016-03-07T00:00:00,313,2016-03-07T00:00:00,312,2016-03-07T00:00:00,312,2016-02-29T00:00:00,0,2009-04-20T00:00:00,0,wheat_weekly_rv
11,lasso,False,2016-03-07T00:00:00,313,2016-03-07T00:00:00,312,2016-03-07T00:00:00,312,2016-02-29T00:00:00,0,2009-04-20T00:00:00,0,wheat_weekly_rvg
11,lasso,True,2016-04-04T00:00:00,317,2016-04-04T00:00:00,316,2016-04-04T00:00:00,316,2016-03-28T00:00:00,0,2009-04-20T00:00:00,1,DJIA_Index
11,lasso,True,2016-04-04T00:00:00,317,2016-04-04T00:00:00,316,2016-04-04T00:00:00,316,2016-03-28T00:00:00,0,2009-04-20T00:00:00,1,NAO_index
11,lasso,True,2016-04-04T00:00:00,317,2016-04-04T00:00:00,316,2016-04-04T00:00:00,316,2016-03-28T00:00:00,0,2009-04-20T00:00:00,1,corn_weekly_rv
11,lasso,True,2016-04-04T00:00:00,317,2016-04-04T00:00:00,316,2016-04-04T00:00:00,316,2016-03-28T00:00:00,0,2009-04-20T00:00:00,1,pdsi_extreme_drought_in_planting
11,lasso,True,2016-04-04T00:00:00,317,2016-04-04T00:00:00,316,2016-04-04T00:00:00,316,2016-03-28T00:00:00,0,2009-04-20T00:00:00,1,pdsi_severe_drought_in_harvesting
11,lasso,True,2016-04-04T00:00:00,317,2016-04-04T00:00:00,316,2016-04-04T00:00:00,316,2016-03-28T00:00:00,0,2009-04-20T00:00:00,1,ssta_lanina
11,lasso,True,2016-04-04T00:00:00,317,2016-04-04T00:00:00,316,2016-04-04T00:00:00,316,2016-03-28T00:00:00,0,2009-04-20T00:00:00,1,tmin_cold_in_harvesting
11,lasso,True,2016-04-04T00:00:00,317,2016-04-04T00:00:00,316,2016-04-04T00:00:00,316,2016-03-28T00:00:00,0,2009-04-20T00:00:00,1,wheat_monthly_rv
11,lasso,True,2016-04-04T00:00:00,317,2016-04-04T00:00:00,316,2016-04-04T00:00:00,316,2016-03-28T00:00:00,0,2009-04-20T00:00:00,1,wheat_seasonal_rv
11,lasso,True,2016-04-04T00:00:00,317,2016-04-04T00:00:00,316,2016-04-04T00:00:00,316,2016-03-28T00:00:00,0,2009-04-20T00:00:00,1,wheat_weekly_rv
11,lasso,True,2016-04-04T00:00:00,317,2016-04-04T00:00:00,316,2016-04-04T00:00:00,316,2016-03-28T00:00:00,0,2009-04-20T00:00:00,1,wheat_weekly_rvg
11,lasso,True,2016-05-02T00:00:00,321,2016-05-02T00:00:00,320,2016-05-02T00:00:00,320,2016-04-25T00:00:00,0,2009-04-20T00:00:00,2,DJIA_Index
11,lasso,True,2016-05-02T00:00:00,321,2016-05-02T00:00:00,320,2016-05-02T00:00:00,320,2016-04-25T00:00:00,0,2009-04-20T00:00:00,2,NAO_index
11,lasso,True,2016-05-02T00:00:00,321,2016-05-02T00:00:00,320,2016-05-02T00:00:00,320,2016-04-25T00:00:00,0,2009-04-20T00:00:00,2,corn_weekly_rv
11,lasso,True,2016-05-02T00:00:00,321,2016-05-02T00:00:00,320,2016-05-02T00:00:00,320,2016-04-25T00:00:00,0,2009-04-20T00:00:00,2,pdsi_extreme_drought_in_planting
11,lasso,True,2016-05-02T00:00:00,321,2016-05-02T00:00:00,320,2016-05-02T00:00:00,320,2016-04-25T00:00:00,0,2009-04-20T00:00:00,2,pdsi_severe_drought_in_harvesting
11,lasso,True,2016-05-02T00:00:00,321,2016-05-02T00:00:00,320,2016-05-02T00:00:00,320,2016-04-25T00:00:00,0,2009-04-20T00:00:00,2,ssta_lanina
11,lasso,True,2016-05-02T00:00:00,321,2016-05-02T00:00:00,320,2016-05-02T00:00:00,320,2016-04-25T00:00:00,0,2009-04-20T00:00:00,2,tmin_cold_in_harvesting
11,lasso,True,2016-05-02T00:00:00,321,2016-05-02T00:00:00,320,2016-05-02T00:00:00,320,2016-04-25T00:00:00,0,2009-04-20T00:00:00,2,wheat_monthly_rv
11,lasso,True,2016-05-02T00:00:00,321,2016-05-02T00:00:00,320,2016-05-02T00:00:00,320,2016-04-25T00:00:00,0,2009-04-20T00:00:00,2,wheat_seasonal_rv
11,lasso,True,2016-05-02T00:00:00,321,2016-05-02T00:00:00,320,2016-05-02T00:00:00,320,2016-04-25T00:00:00,0,2009-04-20T00:00:00,2,wheat_weekly_rv
11,lasso,True,2016-05-02T00:00:00,321,2016-05-02T00:00:00,320,2016-05-02T00:00:00,320,2016-04-25T00:00:00,0,2009-04-20T00:00:00,2,wheat_weekly_rvg
11,lasso,True,2016-06-06T00:00:00,325,2016-06-06T00:00:00,324,2016-06-06T00:00:00,324,2016-05-23T00:00:00,0,2009-04-20T00:00:00,3,DJIA_Index
11,lasso,True,2016-06-06T00:00:00,325,2016-06-06T00:00:00,324,2016-06-06T00:00:00,324,2016-05-23T00:00:00,0,2009-04-20T00:00:00,3,NAO_index
11,lasso,True,2016-06-06T00:00:00,325,2016-06-06T00:00:00,324,2016-06-06T00:00:00,324,2016-05-23T00:00:00,0,2009-04-20T00:00:00,3,corn_weekly_rv
11,lasso,True,2016-06-06T00:00:00,325,2016-06-06T00:00:00,324,2016-06-06T00:00:00,324,2016-05-23T00:00:00,0,2009-04-20T00:00:00,3,pdsi_extreme_drought_in_planting
11,lasso,True,2016-06-06T00:00:00,325,2016-06-06T00:00:00,324,2016-06-06T00:00:00,324,2016-05-23T00:00:00,0,2009-04-20T00:00:00,3,pdsi_severe_drought_in_harvesting
11,lasso,True,2016-06-06T00:00:00,325,2016-06-06T00:00:00,324,2016-06-06T00:00:00,324,2016-05-23T00:00:00,0,2009-04-20T00:00:00,3,ssta_lanina
11,lasso,True,2016-06-06T00:00:00,325,2016-06-06T00:00:00,324,2016-06-06T00:00:00,324,2016-05-23T00:00:00,0,2009-04-20T00:00:00,3,tmin_cold_in_harvesting
11,lasso,True,2016-06-06T00:00:00,325,2016-06-06T00:00:00,324,2016-06-06T00:00:00,324,2016-05-23T00:00:00,0,2009-04-20T00:00:00,3,wheat_monthly_rv
11,lasso,True,2016-06-06T00:00:00,325,2016-06-06T00:00:00,324,2016-06-06T00:00:00,324,2016-05-23T00:00:00,0,2009-04-20T00:00:00,3,wheat_seasonal_rv
11,lasso,True,2016-06-06T00:00:00,325,2016-06-06T00:00:00,324,2016-06-06T00:00:00,324,2016-05-23T00:00:00,0,2009-04-20T00:00:00,3,wheat_weekly_rv
11,lasso,True,2016-06-06T00:00:00,325,2016-06-06T00:00:00,324,2016-06-06T00:00:00,324,2016-05-23T00:00:00,0,2009-04-20T00:00:00,3,wheat_weekly_rvg
10,lasso,False,2016-07-11T00:00:00,329,2016-07-11T00:00:00,328,2016-07-11T00:00:00,328,2016-06-27T00:00:00,0,2009-04-20T00:00:00,4,DJIA_Index
10,lasso,False,2016-07-11T00:00:00,329,2016-07-11T00:00:00,328,2016-07-11T00:00:00,328,2016-06-27T00:00:00,0,2009-04-20T00:00:00,4,NAO_index
10,lasso,False,2016-07-11T00:00:00,329,2016-07-11T00:00:00,328,2016-07-11T00:00:00,328,2016-06-27T00:00:00,0,2009-04-20T00:00:00,4,corn_weekly_rv
10,lasso,False,2016-07-11T00:00:00,329,2016-07-11T00:00:00,328,2016-07-11T00:00:00,328,2016-06-27T00:00:00,0,2009-04-20T00:00:00,4,pdsi_extreme_drought_in_planting
10,lasso,False,2016-07-11T00:00:00,329,2016-07-11T00:00:00,328,2016-07-11T00:00:00,328,2016-06-27T00:00:00,0,2009-04-20T00:00:00,4,pdsi_severe_drought_in_harvesting
10,lasso,False,2016-07-11T00:00:00,329,2016-07-11T00:00:00,328,2016-07-11T00:00:00,328,2016-06-27T00:00:00,0,2009-04-20T00:00:00,4,tmin_cold_in_harvesting
10,lasso,False,2016-07-11T00:00:00,329,2016-07-11T00:00:00,328,2016-07-11T00:00:00,328,2016-06-27T00:00:00,0,2009-04-20T00:00:00,4,wheat_monthly_rv
10,lasso,False,2016-07-11T00:00:00,329,2016-07-11T00:00:00,328,2016-07-11T00:00:00,328,2016-06-27T00:00:00,0,2009-04-20T00:00:00,4,wheat_seasonal_rv
10,lasso,False,2016-07-11T00:00:00,329,2016-07-11T00:00:00,328,2016-07-11T00:00:00,328,2016-06-27T00:00:00,0,2009-04-20T00:00:00,4,wheat_weekly_rv
10,lasso,False,2016-07-11T00:00:00,329,2016-07-11T00:00:00,328,2016-07-11T00:00:00,328,2016-06-27T00:00:00,0,2009-04-20T00:00:00,4,wheat_weekly_rvg
10,lasso,True,2016-08-08T00:00:00,333,2016-08-08T00:00:00,332,2016-08-08T00:00:00,332,2016-08-01T00:00:00,0,2009-04-20T00:00:00,5,DJIA_Index
10,lasso,True,2016-08-08T00:00:00,333,2016-08-08T00:00:00,332,2016-08-08T00:00:00,332,2016-08-01T00:00:00,0,2009-04-20T00:00:00,5,NAO_index
10,lasso,True,2016-08-08T00:00:00,333,2016-08-08T00:00:00,332,2016-08-08T00:00:00,332,2016-08-01T00:00:00,0,2009-04-20T00:00:00,5,corn_weekly_rv
10,lasso,True,2016-08-08T00:00:00,333,2016-08-08T00:00:00,332,2016-08-08T00:00:00,332,2016-08-01T00:00:00,0,2009-04-20T00:00:00,5,pdsi_extreme_drought_in_planting
10,lasso,True,2016-08-08T00:00:00,333,2016-08-08T00:00:00,332,2016-08-08T00:00:00,332,2016-08-01T00:00:00,0,2009-04-20T00:00:00,5,pdsi_severe_drought_in_harvesting
10,lasso,True,2016-08-08T00:00:00,333,2016-08-08T00:00:00,332,2016-08-08T00:00:00,332,2016-08-01T00:00:00,0,2009-04-20T00:00:00,5,tmin_cold_in_harvesting
10,lasso,True,2016-08-08T00:00:00,333,2016-08-08T00:00:00,332,2016-08-08T00:00:00,332,2016-08-01T00:00:00,0,2009-04-20T00:00:00,5,wheat_monthly_rv
10,lasso,True,2016-08-08T00:00:00,333,2016-08-08T00:00:00,332,2016-08-08T00:00:00,332,2016-08-01T00:00:00,0,2009-04-20T00:00:00,5,wheat_seasonal_rv
10,lasso,True,2016-08-08T00:00:00,333,2016-08-08T00:00:00,332,2016-08-08T00:00:00,332,2016-08-01T00:00:00,0,2009-04-20T00:00:00,5,wheat_weekly_rv
10,lasso,True,2016-08-08T00:00:00,333,2016-08-08T00:00:00,332,2016-08-08T00:00:00,332,2016-08-01T00:00:00,0,2009-04-20T00:00:00,5,wheat_weekly_rvg
10,lasso,True,2016-09-12T00:00:00,337,2016-09-12T00:00:00,336,2016-09-12T00:00:00,336,2016-08-29T00:00:00,0,2009-04-20T00:00:00,6,DJIA_Index
10,lasso,True,2016-09-12T00:00:00,337,2016-09-12T00:00:00,336,2016-09-12T00:00:00,336,2016-08-29T00:00:00,0,2009-04-20T00:00:00,6,NAO_index
10,lasso,True,2016-09-12T00:00:00,337,2016-09-12T00:00:00,336,2016-09-12T00:00:00,336,2016-08-29T00:00:00,0,2009-04-20T00:00:00,6,corn_weekly_rv
10,lasso,True,2016-09-12T00:00:00,337,2016-09-12T00:00:00,336,2016-09-12T00:00:00,336,2016-08-29T00:00:00,0,2009-04-20T00:00:00,6,pdsi_extreme_drought_in_planting
10,lasso,True,2016-09-12T00:00:00,337,2016-09-12T00:00:00,336,2016-09-12T00:00:00,336,2016-08-29T00:00:00,0,2009-04-20T00:00:00,6,pdsi_severe_drought_in_harvesting
10,lasso,True,2016-09-12T00:00:00,337,2016-09-12T00:00:00,336,2016-09-12T00:00:00,336,2016-08-29T00:00:00,0,2009-04-20T00:00:00,6,tmin_cold_in_harvesting
10,lasso,True,2016-09-12T00:00:00,337,2016-09-12T00:00:00,336,2016-09-12T00:00:00,336,2016-08-29T00:00:00,0,2009-04-20T00:00:00,6,wheat_monthly_rv
10,lasso,True,2016-09-12T00:00:00,337,2016-09-12T00:00:00,336,2016-09-12T00:00:00,336,2016-08-29T00:00:00,0,2009-04-20T00:00:00,6,wheat_seasonal_rv
10,lasso,True,2016-09-12T00:00:00,337,2016-09-12T00:00:00,336,2016-09-12T00:00:00,336,2016-08-29T00:00:00,0,2009-04-20T00:00:00,6,wheat_weekly_rv
10,lasso,True,2016-09-12T00:00:00,337,2016-09-12T00:00:00,336,2016-09-12T00:00:00,336,2016-08-29T00:00:00,0,2009-04-20T00:00:00,6,wheat_weekly_rvg
10,lasso,True,2016-10-17T00:00:00,341,2016-10-17T00:00:00,340,2016-10-17T00:00:00,340,2016-10-03T00:00:00,0,2009-04-20T00:00:00,7,DJIA_Index
10,lasso,True,2016-10-17T00:00:00,341,2016-10-17T00:00:00,340,2016-10-17T00:00:00,340,2016-10-03T00:00:00,0,2009-04-20T00:00:00,7,NAO_index
10,lasso,True,2016-10-17T00:00:00,341,2016-10-17T00:00:00,340,2016-10-17T00:00:00,340,2016-10-03T00:00:00,0,2009-04-20T00:00:00,7,corn_weekly_rv
10,lasso,True,2016-10-17T00:00:00,341,2016-10-17T00:00:00,340,2016-10-17T00:00:00,340,2016-10-03T00:00:00,0,2009-04-20T00:00:00,7,pdsi_extreme_drought_in_planting
10,lasso,True,2016-10-17T00:00:00,341,2016-10-17T00:00:00,340,2016-10-17T00:00:00,340,2016-10-03T00:00:00,0,2009-04-20T00:00:00,7,pdsi_severe_drought_in_harvesting
10,lasso,True,2016-10-17T00:00:00,341,2016-10-17T00:00:00,340,2016-10-17T00:00:00,340,2016-10-03T00:00:00,0,2009-04-20T00:00:00,7,tmin_cold_in_harvesting
10,lasso,True,2016-10-17T00:00:00,341,2016-10-17T00:00:00,340,2016-10-17T00:00:00,340,2016-10-03T00:00:00,0,2009-04-20T00:00:00,7,wheat_monthly_rv
10,lasso,True,2016-10-17T00:00:00,341,2016-10-17T00:00:00,340,2016-10-17T00:00:00,340,2016-10-03T00:00:00,0,2009-04-20T00:00:00,7,wheat_seasonal_rv
10,lasso,True,2016-10-17T00:00:00,341,2016-10-17T00:00:00,340,2016-10-17T00:00:00,340,2016-10-03T00:00:00,0,2009-04-20T00:00:00,7,wheat_weekly_rv
10,lasso,True,2016-10-17T00:00:00,341,2016-10-17T00:00:00,340,2016-10-17T00:00:00,340,2016-10-03T00:00:00,0,2009-04-20T00:00:00,7,wheat_weekly_rvg
3,lasso,False,2016-11-14T00:00:00,345,2016-11-14T00:00:00,344,2016-11-14T00:00:00,344,2016-11-07T00:00:00,0,2009-04-20T00:00:00,8,wheat_monthly_rv
3,lasso,False,2016-11-14T00:00:00,345,2016-11-14T00:00:00,344,2016-11-14T00:00:00,344,2016-11-07T00:00:00,0,2009-04-20T00:00:00,8,wheat_seasonal_rv
3,lasso,False,2016-11-14T00:00:00,345,2016-11-14T00:00:00,344,2016-11-14T00:00:00,344,2016-11-07T00:00:00,0,2009-04-20T00:00:00,8,wheat_weekly_rv
3,lasso,True,2016-12-12T00:00:00,349,2016-12-12T00:00:00,348,2016-12-12T00:00:00,348,2016-12-05T00:00:00,0,2009-04-20T00:00:00,9,wheat_monthly_rv
3,lasso,True,2016-12-12T00:00:00,349,2016-12-12T00:00:00,348,2016-12-12T00:00:00,348,2016-12-05T00:00:00,0,2009-04-20T00:00:00,9,wheat_seasonal_rv
3,lasso,True,2016-12-12T00:00:00,349,2016-12-12T00:00:00,348,2016-12-12T00:00:00,348,2016-12-05T00:00:00,0,2009-04-20T00:00:00,9,wheat_weekly_rv
3,lasso,True,2017-01-30T00:00:00,353,2017-01-30T00:00:00,352,2017-01-30T00:00:00,352,2017-01-23T00:00:00,0,2009-04-20T00:00:00,10,wheat_monthly_rv
3,lasso,True,2017-01-30T00:00:00,353,2017-01-30T00:00:00,352,2017-01-30T00:00:00,352,2017-01-23T00:00:00,0,2009-04-20T00:00:00,10,wheat_seasonal_rv
3,lasso,True,2017-01-30T00:00:00,353,2017-01-30T00:00:00,352,2017-01-30T00:00:00,352,2017-01-23T00:00:00,0,2009-04-20T00:00:00,10,wheat_weekly_rv
3,lasso,True,2017-03-06T00:00:00,357,2017-03-06T00:00:00,356,2017-03-06T00:00:00,356,2017-02-27T00:00:00,0,2009-04-20T00:00:00,11,wheat_monthly_rv
3,lasso,True,2017-03-06T00:00:00,357,2017-03-06T00:00:00,356,2017-03-06T00:00:00,356,2017-02-27T00:00:00,0,2009-04-20T00:00:00,11,wheat_seasonal_rv
3,lasso,True,2017-03-06T00:00:00,357,2017-03-06T00:00:00,356,2017-03-06T00:00:00,356,2017-02-27T00:00:00,0,2009-04-20T00:00:00,11,wheat_weekly_rv
3,lasso,False,2017-04-03T00:00:00,361,2017-04-03T00:00:00,360,2017-04-03T00:00:00,360,2017-03-27T00:00:00,0,2009-04-20T00:00:00,12,wheat_monthly_rv
3,lasso,False,2017-04-03T00:00:00,361,2017-04-03T00:00:00,360,2017-04-03T00:00:00,360,2017-03-27T00:00:00,0,2009-04-20T00:00:00,12,wheat_seasonal_rv
3,lasso,False,2017-04-03T00:00:00,361,2017-04-03T00:00:00,360,2017-04-03T00:00:00,360,2017-03-27T00:00:00,0,2009-04-20T00:00:00,12,wheat_weekly_rv
3,lasso,True,2017-05-01T00:00:00,365,2017-05-01T00:00:00,364,2017-05-01T00:00:00,364,2017-04-24T00:00:00,0,2009-04-20T00:00:00,13,wheat_monthly_rv
3,lasso,True,2017-05-01T00:00:00,365,2017-05-01T00:00:00,364,2017-05-01T00:00:00,364,2017-04-24T00:00:00,0,2009-04-20T00:00:00,13,wheat_seasonal_rv
3,lasso,True,2017-05-01T00:00:00,365,2017-05-01T00:00:00,364,2017-05-01T00:00:00,364,2017-04-24T00:00:00,0,2009-04-20T00:00:00,13,wheat_weekly_rv
3,lasso,True,2017-06-05T00:00:00,369,2017-06-05T00:00:00,368,2017-06-05T00:00:00,368,2017-05-22T00:00:00,0,2009-04-20T00:00:00,14,wheat_monthly_rv
3,lasso,True,2017-06-05T00:00:00,369,2017-06-05T00:00:00,368,2017-06-05T00:00:00,368,2017-05-22T00:00:00,0,2009-04-20T00:00:00,14,wheat_seasonal_rv
3,lasso,True,2017-06-05T00:00:00,369,2017-06-05T00:00:00,368,2017-06-05T00:00:00,368,2017-05-22T00:00:00,0,2009-04-20T00:00:00,14,wheat_weekly_rv
3,lasso,True,2017-07-03T00:00:00,373,2017-07-03T00:00:00,372,2017-07-03T00:00:00,372,2017-06-26T00:00:00,0,2009-04-20T00:00:00,15,wheat_monthly_rv
3,lasso,True,2017-07-03T00:00:00,373,2017-07-03T00:00:00,372,2017-07-03T00:00:00,372,2017-06-26T00:00:00,0,2009-04-20T00:00:00,15,wheat_seasonal_rv
3,lasso,True,2017-07-03T00:00:00,373,2017-07-03T00:00:00,372,2017-07-03T00:00:00,372,2017-06-26T00:00:00,0,2009-04-20T00:00:00,15,wheat_weekly_rv
9,lasso,False,2017-07-31T00:00:00,377,2017-07-31T00:00:00,376,2017-07-31T00:00:00,376,2017-07-24T00:00:00,0,2009-04-20T00:00:00,16,DJIA_Index
9,lasso,False,2017-07-31T00:00:00,377,2017-07-31T00:00:00,376,2017-07-31T00:00:00,376,2017-07-24T00:00:00,0,2009-04-20T00:00:00,16,NAO_index
9,lasso,False,2017-07-31T00:00:00,377,2017-07-31T00:00:00,376,2017-07-31T00:00:00,376,2017-07-24T00:00:00,0,2009-04-20T00:00:00,16,corn_weekly_rv
9,lasso,False,2017-07-31T00:00:00,377,2017-07-31T00:00:00,376,2017-07-31T00:00:00,376,2017-07-24T00:00:00,0,2009-04-20T00:00:00,16,pdsi_severe_drought_in_harvesting
9,lasso,False,2017-07-31T00:00:00,377,2017-07-31T00:00:00,376,2017-07-31T00:00:00,376,2017-07-24T00:00:00,0,2009-04-20T00:00:00,16,tmin_cold_in_harvesting
9,lasso,False,2017-07-31T00:00:00,377,2017-07-31T00:00:00,376,2017-07-31T00:00:00,376,2017-07-24T00:00:00,0,2009-04-20T00:00:00,16,wheat_monthly_rv
9,lasso,False,2017-07-31T00:00:00,377,2017-07-31T00:00:00,376,2017-07-31T00:00:00,376,2017-07-24T00:00:00,0,2009-04-20T00:00:00,16,wheat_seasonal_rv
9,lasso,False,2017-07-31T00:00:00,377,2017-07-31T00:00:00,376,2017-07-31T00:00:00,376,2017-07-24T00:00:00,0,2009-04-20T00:00:00,16,wheat_weekly_rv
9,lasso,False,2017-07-31T00:00:00,377,2017-07-31T00:00:00,376,2017-07-31T00:00:00,376,2017-07-24T00:00:00,0,2009-04-20T00:00:00,16,wheat_weekly_rvg
9,lasso,True,2017-08-28T00:00:00,381,2017-08-28T00:00:00,380,2017-08-28T00:00:00,380,2017-08-21T00:00:00,0,2009-04-20T00:00:00,17,DJIA_Index
9,lasso,True,2017-08-28T00:00:00,381,2017-08-28T00:00:00,380,2017-08-28T00:00:00,380,2017-08-21T00:00:00,0,2009-04-20T00:00:00,17,NAO_index
9,lasso,True,2017-08-28T00:00:00,381,2017-08-28T00:00:00,380,2017-08-28T00:00:00,380,2017-08-21T00:00:00,0,2009-04-20T00:00:00,17,corn_weekly_rv
9,lasso,True,2017-08-28T00:00:00,381,2017-08-28T00:00:00,380,2017-08-28T00:00:00,380,2017-08-21T00:00:00,0,2009-04-20T00:00:00,17,pdsi_severe_drought_in_harvesting
9,lasso,True,2017-08-28T00:00:00,381,2017-08-28T00:00:00,380,2017-08-28T00:00:00,380,2017-08-21T00:00:00,0,2009-04-20T00:00:00,17,tmin_cold_in_harvesting
9,lasso,True,2017-08-28T00:00:00,381,2017-08-28T00:00:00,380,2017-08-28T00:00:00,380,2017-08-21T00:00:00,0,2009-04-20T00:00:00,17,wheat_monthly_rv
9,lasso,True,2017-08-28T00:00:00,381,2017-08-28T00:00:00,380,2017-08-28T00:00:00,380,2017-08-21T00:00:00,0,2009-04-20T00:00:00,17,wheat_seasonal_rv
9,lasso,True,2017-08-28T00:00:00,381,2017-08-28T00:00:00,380,2017-08-28T00:00:00,380,2017-08-21T00:00:00,0,2009-04-20T00:00:00,17,wheat_weekly_rv
9,lasso,True,2017-08-28T00:00:00,381,2017-08-28T00:00:00,380,2017-08-28T00:00:00,380,2017-08-21T00:00:00,0,2009-04-20T00:00:00,17,wheat_weekly_rvg
9,lasso,True,2017-10-02T00:00:00,385,2017-10-02T00:00:00,384,2017-10-02T00:00:00,384,2017-09-25T00:00:00,0,2009-04-20T00:00:00,18,DJIA_Index
9,lasso,True,2017-10-02T00:00:00,385,2017-10-02T00:00:00,384,2017-10-02T00:00:00,384,2017-09-25T00:00:00,0,2009-04-20T00:00:00,18,NAO_index
9,lasso,True,2017-10-02T00:00:00,385,2017-10-02T00:00:00,384,2017-10-02T00:00:00,384,2017-09-25T00:00:00,0,2009-04-20T00:00:00,18,corn_weekly_rv
9,lasso,True,2017-10-02T00:00:00,385,2017-10-02T00:00:00,384,2017-10-02T00:00:00,384,2017-09-25T00:00:00,0,2009-04-20T00:00:00,18,pdsi_severe_drought_in_harvesting
9,lasso,True,2017-10-02T00:00:00,385,2017-10-02T00:00:00,384,2017-10-02T00:00:00,384,2017-09-25T00:00:00,0,2009-04-20T00:00:00,18,tmin_cold_in_harvesting
9,lasso,True,2017-10-02T00:00:00,385,2017-10-02T00:00:00,384,2017-10-02T00:00:00,384,2017-09-25T00:00:00,0,2009-04-20T00:00:00,18,wheat_monthly_rv
9,lasso,True,2017-10-02T00:00:00,385,2017-10-02T00:00:00,384,2017-10-02T00:00:00,384,2017-09-25T00:00:00,0,2009-04-20T00:00:00,18,wheat_seasonal_rv
9,lasso,True,2017-10-02T00:00:00,385,2017-10-02T00:00:00,384,2017-10-02T00:00:00,384,2017-09-25T00:00:00,0,2009-04-20T00:00:00,18,wheat_weekly_rv
9,lasso,True,2017-10-02T00:00:00,385,2017-10-02T00:00:00,384,2017-10-02T00:00:00,384,2017-09-25T00:00:00,0,2009-04-20T00:00:00,18,wheat_weekly_rvg
9,lasso,True,2017-11-06T00:00:00,389,2017-11-06T00:00:00,388,2017-11-06T00:00:00,388,2017-10-30T00:00:00,0,2009-04-20T00:00:00,19,DJIA_Index
9,lasso,True,2017-11-06T00:00:00,389,2017-11-06T00:00:00,388,2017-11-06T00:00:00,388,2017-10-30T00:00:00,0,2009-04-20T00:00:00,19,NAO_index
9,lasso,True,2017-11-06T00:00:00,389,2017-11-06T00:00:00,388,2017-11-06T00:00:00,388,2017-10-30T00:00:00,0,2009-04-20T00:00:00,19,corn_weekly_rv
9,lasso,True,2017-11-06T00:00:00,389,2017-11-06T00:00:00,388,2017-11-06T00:00:00,388,2017-10-30T00:00:00,0,2009-04-20T00:00:00,19,pdsi_severe_drought_in_harvesting
9,lasso,True,2017-11-06T00:00:00,389,2017-11-06T00:00:00,388,2017-11-06T00:00:00,388,2017-10-30T00:00:00,0,2009-04-20T00:00:00,19,tmin_cold_in_harvesting
9,lasso,True,2017-11-06T00:00:00,389,2017-11-06T00:00:00,388,2017-11-06T00:00:00,388,2017-10-30T00:00:00,0,2009-04-20T00:00:00,19,wheat_monthly_rv
9,lasso,True,2017-11-06T00:00:00,389,2017-11-06T00:00:00,388,2017-11-06T00:00:00,388,2017-10-30T00:00:00,0,2009-04-20T00:00:00,19,wheat_seasonal_rv
9,lasso,True,2017-11-06T00:00:00,389,2017-11-06T00:00:00,388,2017-11-06T00:00:00,388,2017-10-30T00:00:00,0,2009-04-20T00:00:00,19,wheat_weekly_rv
9,lasso,True,2017-11-06T00:00:00,389,2017-11-06T00:00:00,388,2017-11-06T00:00:00,388,2017-10-30T00:00:00,0,2009-04-20T00:00:00,19,wheat_weekly_rvg
9,lasso,False,2017-12-04T00:00:00,393,2017-12-04T00:00:00,392,2017-12-04T00:00:00,392,2017-11-27T00:00:00,0,2009-04-20T00:00:00,20,DJIA_Index
9,lasso,False,2017-12-04T00:00:00,393,2017-12-04T00:00:00,392,2017-12-04T00:00:00,392,2017-11-27T00:00:00,0,2009-04-20T00:00:00,20,corn_weekly_rv
9,lasso,False,2017-12-04T00:00:00,393,2017-12-04T00:00:00,392,2017-12-04T00:00:00,392,2017-11-27T00:00:00,0,2009-04-20T00:00:00,20,pdsi_extreme_drought_in_planting
9,lasso,False,2017-12-04T00:00:00,393,2017-12-04T00:00:00,392,2017-12-04T00:00:00,392,2017-11-27T00:00:00,0,2009-04-20T00:00:00,20,pdsi_severe_drought_in_harvesting
9,lasso,False,2017-12-04T00:00:00,393,2017-12-04T00:00:00,392,2017-12-04T00:00:00,392,2017-11-27T00:00:00,0,2009-04-20T00:00:00,20,tmin_cold_in_harvesting
9,lasso,False,2017-12-04T00:00:00,393,2017-12-04T00:00:00,392,2017-12-04T00:00:00,392,2017-11-27T00:00:00,0,2009-04-20T00:00:00,20,wheat_monthly_rv
9,lasso,False,2017-12-04T00:00:00,393,2017-12-04T00:00:00,392,2017-12-04T00:00:00,392,2017-11-27T00:00:00,0,2009-04-20T00:00:00,20,wheat_seasonal_rv
9,lasso,False,2017-12-04T00:00:00,393,2017-12-04T00:00:00,392,2017-12-04T00:00:00,392,2017-11-27T00:00:00,0,2009-04-20T00:00:00,20,wheat_weekly_rv
9,lasso,False,2017-12-04T00:00:00,393,2017-12-04T00:00:00,392,2017-12-04T00:00:00,392,2017-11-27T00:00:00,0,2009-04-20T00:00:00,20,wheat_weekly_rvg
9,lasso,True,2018-01-22T00:00:00,397,2018-01-22T00:00:00,396,2018-01-22T00:00:00,396,2018-01-08T00:00:00,0,2009-04-20T00:00:00,21,DJIA_Index
9,lasso,True,2018-01-22T00:00:00,397,2018-01-22T00:00:00,396,2018-01-22T00:00:00,396,2018-01-08T00:00:00,0,2009-04-20T00:00:00,21,corn_weekly_rv
9,lasso,True,2018-01-22T00:00:00,397,2018-01-22T00:00:00,396,2018-01-22T00:00:00,396,2018-01-08T00:00:00,0,2009-04-20T00:00:00,21,pdsi_extreme_drought_in_planting
9,lasso,True,2018-01-22T00:00:00,397,2018-01-22T00:00:00,396,2018-01-22T00:00:00,396,2018-01-08T00:00:00,0,2009-04-20T00:00:00,21,pdsi_severe_drought_in_harvesting
9,lasso,True,2018-01-22T00:00:00,397,2018-01-22T00:00:00,396,2018-01-22T00:00:00,396,2018-01-08T00:00:00,0,2009-04-20T00:00:00,21,tmin_cold_in_harvesting
9,lasso,True,2018-01-22T00:00:00,397,2018-01-22T00:00:00,396,2018-01-22T00:00:00,396,2018-01-08T00:00:00,0,2009-04-20T00:00:00,21,wheat_monthly_rv
9,lasso,True,2018-01-22T00:00:00,397,2018-01-22T00:00:00,396,2018-01-22T00:00:00,396,2018-01-08T00:00:00,0,2009-04-20T00:00:00,21,wheat_seasonal_rv
9,lasso,True,2018-01-22T00:00:00,397,2018-01-22T00:00:00,396,2018-01-22T00:00:00,396,2018-01-08T00:00:00,0,2009-04-20T00:00:00,21,wheat_weekly_rv
9,lasso,True,2018-01-22T00:00:00,397,2018-01-22T00:00:00,396,2018-01-22T00:00:00,396,2018-01-08T00:00:00,0,2009-04-20T00:00:00,21,wheat_weekly_rvg
9,lasso,True,2018-02-26T00:00:00,401,2018-02-26T00:00:00,400,2018-02-26T00:00:00,400,2018-02-12T00:00:00,0,2009-04-20T00:00:00,22,DJIA_Index
9,lasso,True,2018-02-26T00:00:00,401,2018-02-26T00:00:00,400,2018-02-26T00:00:00,400,2018-02-12T00:00:00,0,2009-04-20T00:00:00,22,corn_weekly_rv
9,lasso,True,2018-02-26T00:00:00,401,2018-02-26T00:00:00,400,2018-02-26T00:00:00,400,2018-02-12T00:00:00,0,2009-04-20T00:00:00,22,pdsi_extreme_drought_in_planting
9,lasso,True,2018-02-26T00:00:00,401,2018-02-26T00:00:00,400,2018-02-26T00:00:00,400,2018-02-12T00:00:00,0,2009-04-20T00:00:00,22,pdsi_severe_drought_in_harvesting
9,lasso,True,2018-02-26T00:00:00,401,2018-02-26T00:00:00,400,2018-02-26T00:00:00,400,2018-02-12T00:00:00,0,2009-04-20T00:00:00,22,tmin_cold_in_harvesting
9,lasso,True,2018-02-26T00:00:00,401,2018-02-26T00:00:00,400,2018-02-26T00:00:00,400,2018-02-12T00:00:00,0,2009-04-20T00:00:00,22,wheat_monthly_rv
9,lasso,True,2018-02-26T00:00:00,401,2018-02-26T00:00:00,400,2018-02-26T00:00:00,400,2018-02-12T00:00:00,0,2009-04-20T00:00:00,22,wheat_seasonal_rv
9,lasso,True,2018-02-26T00:00:00,401,2018-02-26T00:00:00,400,2018-02-26T00:00:00,400,2018-02-12T00:00:00,0,2009-04-20T00:00:00,22,wheat_weekly_rv
9,lasso,True,2018-02-26T00:00:00,401,2018-02-26T00:00:00,400,2018-02-26T00:00:00,400,2018-02-12T00:00:00,0,2009-04-20T00:00:00,22,wheat_weekly_rvg
9,lasso,True,2018-03-26T00:00:00,405,2018-03-26T00:00:00,404,2018-03-26T00:00:00,404,2018-03-19T00:00:00,0,2009-04-20T00:00:00,23,DJIA_Index
9,lasso,True,2018-03-26T00:00:00,405,2018-03-26T00:00:00,404,2018-03-26T00:00:00,404,2018-03-19T00:00:00,0,2009-04-20T00:00:00,23,corn_weekly_rv
9,lasso,True,2018-03-26T00:00:00,405,2018-03-26T00:00:00,404,2018-03-26T00:00:00,404,2018-03-19T00:00:00,0,2009-04-20T00:00:00,23,pdsi_extreme_drought_in_planting
9,lasso,True,2018-03-26T00:00:00,405,2018-03-26T00:00:00,404,2018-03-26T00:00:00,404,2018-03-19T00:00:00,0,2009-04-20T00:00:00,23,pdsi_severe_drought_in_harvesting
9,lasso,True,2018-03-26T00:00:00,405,2018-03-26T00:00:00,404,2018-03-26T00:00:00,404,2018-03-19T00:00:00,0,2009-04-20T00:00:00,23,tmin_cold_in_harvesting
9,lasso,True,2018-03-26T00:00:00,405,2018-03-26T00:00:00,404,2018-03-26T00:00:00,404,2018-03-19T00:00:00,0,2009-04-20T00:00:00,23,wheat_monthly_rv
9,lasso,True,2018-03-26T00:00:00,405,2018-03-26T00:00:00,404,2018-03-26T00:00:00,404,2018-03-19T00:00:00,0,2009-04-20T00:00:00,23,wheat_seasonal_rv
9,lasso,True,2018-03-26T00:00:00,405,2018-03-26T00:00:00,404,2018-03-26T00:00:00,404,2018-03-19T00:00:00,0,2009-04-20T00:00:00,23,wheat_weekly_rv
9,lasso,True,2018-03-26T00:00:00,405,2018-03-26T00:00:00,404,2018-03-26T00:00:00,404,2018-03-19T00:00:00,0,2009-04-20T00:00:00,23,wheat_weekly_rvg
12,lasso,False,2018-04-23T00:00:00,409,2018-04-23T00:00:00,408,2018-04-23T00:00:00,408,2018-04-16T00:00:00,0,2009-04-20T00:00:00,24,DJIA_Index
12,lasso,False,2018-04-23T00:00:00,409,2018-04-23T00:00:00,408,2018-04-23T00:00:00,408,2018-04-16T00:00:00,0,2009-04-20T00:00:00,24,NAO_index
12,lasso,False,2018-04-23T00:00:00,409,2018-04-23T00:00:00,408,2018-04-23T00:00:00,408,2018-04-16T00:00:00,0,2009-04-20T00:00:00,24,awnd_moderate_high_wind_in_planting
12,lasso,False,2018-04-23T00:00:00,409,2018-04-23T00:00:00,408,2018-04-23T00:00:00,408,2018-04-16T00:00:00,0,2009-04-20T00:00:00,24,corn_weekly_rv
12,lasso,False,2018-04-23T00:00:00,409,2018-04-23T00:00:00,408,2018-04-23T00:00:00,408,2018-04-16T00:00:00,0,2009-04-20T00:00:00,24,pdsi_extreme_drought_in_planting
12,lasso,False,2018-04-23T00:00:00,409,2018-04-23T00:00:00,408,2018-04-23T00:00:00,408,2018-04-16T00:00:00,0,2009-04-20T00:00:00,24,pdsi_severe_drought_in_harvesting
12,lasso,False,2018-04-23T00:00:00,409,2018-04-23T00:00:00,408,2018-04-23T00:00:00,408,2018-04-16T00:00:00,0,2009-04-20T00:00:00,24,ssta_lanina
12,lasso,False,2018-04-23T00:00:00,409,2018-04-23T00:00:00,408,2018-04-23T00:00:00,408,2018-04-16T00:00:00,0,2009-04-20T00:00:00,24,tmin_cold_in_harvesting
12,lasso,False,2018-04-23T00:00:00,409,2018-04-23T00:00:00,408,2018-04-23T00:00:00,408,2018-04-16T00:00:00,0,2009-04-20T00:00:00,24,wheat_monthly_rv
12,lasso,False,2018-04-23T00:00:00,409,2018-04-23T00:00:00,408,2018-04-23T00:00:00,408,2018-04-16T00:00:00,0,2009-04-20T00:00:00,24,wheat_seasonal_rv
12,lasso,False,2018-04-23T00:00:00,409,2018-04-23T00:00:00,408,2018-04-23T00:00:00,408,2018-04-16T00:00:00,0,2009-04-20T00:00:00,24,wheat_weekly_rv
12,lasso,False,2018-04-23T00:00:00,409,2018-04-23T00:00:00,408,2018-04-23T00:00:00,408,2018-04-16T00:00:00,0,2009-04-20T00:00:00,24,wheat_weekly_rvg
12,lasso,True,2018-05-21T00:00:00,413,2018-05-21T00:00:00,412,2018-05-21T00:00:00,412,2018-05-14T00:00:00,0,2009-04-20T00:00:00,25,DJIA_Index
12,lasso,True,2018-05-21T00:00:00,413,2018-05-21T00:00:00,412,2018-05-21T00:00:00,412,2018-05-14T00:00:00,0,2009-04-20T00:00:00,25,NAO_index
12,lasso,True,2018-05-21T00:00:00,413,2018-05-21T00:00:00,412,2018-05-21T00:00:00,412,2018-05-14T00:00:00,0,2009-04-20T00:00:00,25,awnd_moderate_high_wind_in_planting
12,lasso,True,2018-05-21T00:00:00,413,2018-05-21T00:00:00,412,2018-05-21T00:00:00,412,2018-05-14T00:00:00,0,2009-04-20T00:00:00,25,corn_weekly_rv
12,lasso,True,2018-05-21T00:00:00,413,2018-05-21T00:00:00,412,2018-05-21T00:00:00,412,2018-05-14T00:00:00,0,2009-04-20T00:00:00,25,pdsi_extreme_drought_in_planting
12,lasso,True,2018-05-21T00:00:00,413,2018-05-21T00:00:00,412,2018-05-21T00:00:00,412,2018-05-14T00:00:00,0,2009-04-20T00:00:00,25,pdsi_severe_drought_in_harvesting
12,lasso,True,2018-05-21T00:00:00,413,2018-05-21T00:00:00,412,2018-05-21T00:00:00,412,2018-05-14T00:00:00,0,2009-04-20T00:00:00,25,ssta_lanina
12,lasso,True,2018-05-21T00:00:00,413,2018-05-21T00:00:00,412,2018-05-21T00:00:00,412,2018-05-14T00:00:00,0,2009-04-20T00:00:00,25,tmin_cold_in_harvesting
12,lasso,True,2018-05-21T00:00:00,413,2018-05-21T00:00:00,412,2018-05-21T00:00:00,412,2018-05-14T00:00:00,0,2009-04-20T00:00:00,25,wheat_monthly_rv
12,lasso,True,2018-05-21T00:00:00,413,2018-05-21T00:00:00,412,2018-05-21T00:00:00,412,2018-05-14T00:00:00,0,2009-04-20T00:00:00,25,wheat_seasonal_rv
12,lasso,True,2018-05-21T00:00:00,413,2018-05-21T00:00:00,412,2018-05-21T00:00:00,412,2018-05-14T00:00:00,0,2009-04-20T00:00:00,25,wheat_weekly_rv
12,lasso,True,2018-05-21T00:00:00,413,2018-05-21T00:00:00,412,2018-05-21T00:00:00,412,2018-05-14T00:00:00,0,2009-04-20T00:00:00,25,wheat_weekly_rvg
12,lasso,True,2018-06-25T00:00:00,417,2018-06-25T00:00:00,416,2018-06-25T00:00:00,416,2018-06-18T00:00:00,0,2009-04-20T00:00:00,26,DJIA_Index
12,lasso,True,2018-06-25T00:00:00,417,2018-06-25T00:00:00,416,2018-06-25T00:00:00,416,2018-06-18T00:00:00,0,2009-04-20T00:00:00,26,NAO_index
12,lasso,True,2018-06-25T00:00:00,417,2018-06-25T00:00:00,416,2018-06-25T00:00:00,416,2018-06-18T00:00:00,0,2009-04-20T00:00:00,26,awnd_moderate_high_wind_in_planting
12,lasso,True,2018-06-25T00:00:00,417,2018-06-25T00:00:00,416,2018-06-25T00:00:00,416,2018-06-18T00:00:00,0,2009-04-20T00:00:00,26,corn_weekly_rv
12,lasso,True,2018-06-25T00:00:00,417,2018-06-25T00:00:00,416,2018-06-25T00:00:00,416,2018-06-18T00:00:00,0,2009-04-20T00:00:00,26,pdsi_extreme_drought_in_planting
12,lasso,True,2018-06-25T00:00:00,417,2018-06-25T00:00:00,416,2018-06-25T00:00:00,416,2018-06-18T00:00:00,0,2009-04-20T00:00:00,26,pdsi_severe_drought_in_harvesting
12,lasso,True,2018-06-25T00:00:00,417,2018-06-25T00:00:00,416,2018-06-25T00:00:00,416,2018-06-18T00:00:00,0,2009-04-20T00:00:00,26,ssta_lanina
12,lasso,True,2018-06-25T00:00:00,417,2018-06-25T00:00:00,416,2018-06-25T00:00:00,416,2018-06-18T00:00:00,0,2009-04-20T00:00:00,26,tmin_cold_in_harvesting
12,lasso,True,2018-06-25T00:00:00,417,2018-06-25T00:00:00,416,2018-06-25T00:00:00,416,2018-06-18T00:00:00,0,2009-04-20T00:00:00,26,wheat_monthly_rv
12,lasso,True,2018-06-25T00:00:00,417,2018-06-25T00:00:00,416,2018-06-25T00:00:00,416,2018-06-18T00:00:00,0,2009-04-20T00:00:00,26,wheat_seasonal_rv
12,lasso,True,2018-06-25T00:00:00,417,2018-06-25T00:00:00,416,2018-06-25T00:00:00,416,2018-06-18T00:00:00,0,2009-04-20T00:00:00,26,wheat_weekly_rv
12,lasso,True,2018-06-25T00:00:00,417,2018-06-25T00:00:00,416,2018-06-25T00:00:00,416,2018-06-18T00:00:00,0,2009-04-20T00:00:00,26,wheat_weekly_rvg
12,lasso,True,2018-07-23T00:00:00,421,2018-07-23T00:00:00,420,2018-07-23T00:00:00,420,2018-07-16T00:00:00,0,2009-04-20T00:00:00,27,DJIA_Index
12,lasso,True,2018-07-23T00:00:00,421,2018-07-23T00:00:00,420,2018-07-23T00:00:00,420,2018-07-16T00:00:00,0,2009-04-20T00:00:00,27,NAO_index
12,lasso,True,2018-07-23T00:00:00,421,2018-07-23T00:00:00,420,2018-07-23T00:00:00,420,2018-07-16T00:00:00,0,2009-04-20T00:00:00,27,awnd_moderate_high_wind_in_planting
12,lasso,True,2018-07-23T00:00:00,421,2018-07-23T00:00:00,420,2018-07-23T00:00:00,420,2018-07-16T00:00:00,0,2009-04-20T00:00:00,27,corn_weekly_rv
12,lasso,True,2018-07-23T00:00:00,421,2018-07-23T00:00:00,420,2018-07-23T00:00:00,420,2018-07-16T00:00:00,0,2009-04-20T00:00:00,27,pdsi_extreme_drought_in_planting
12,lasso,True,2018-07-23T00:00:00,421,2018-07-23T00:00:00,420,2018-07-23T00:00:00,420,2018-07-16T00:00:00,0,2009-04-20T00:00:00,27,pdsi_severe_drought_in_harvesting
12,lasso,True,2018-07-23T00:00:00,421,2018-07-23T00:00:00,420,2018-07-23T00:00:00,420,2018-07-16T00:00:00,0,2009-04-20T00:00:00,27,ssta_lanina
12,lasso,True,2018-07-23T00:00:00,421,2018-07-23T00:00:00,420,2018-07-23T00:00:00,420,2018-07-16T00:00:00,0,2009-04-20T00:00:00,27,tmin_cold_in_harvesting
12,lasso,True,2018-07-23T00:00:00,421,2018-07-23T00:00:00,420,2018-07-23T00:00:00,420,2018-07-16T00:00:00,0,2009-04-20T00:00:00,27,wheat_monthly_rv
12,lasso,True,2018-07-23T00:00:00,421,2018-07-23T00:00:00,420,2018-07-23T00:00:00,420,2018-07-16T00:00:00,0,2009-04-20T00:00:00,27,wheat_seasonal_rv
12,lasso,True,2018-07-23T00:00:00,421,2018-07-23T00:00:00,420,2018-07-23T00:00:00,420,2018-07-16T00:00:00,0,2009-04-20T00:00:00,27,wheat_weekly_rv
12,lasso,True,2018-07-23T00:00:00,421,2018-07-23T00:00:00,420,2018-07-23T00:00:00,420,2018-07-16T00:00:00,0,2009-04-20T00:00:00,27,wheat_weekly_rvg
7,lasso,False,2018-08-20T00:00:00,425,2018-08-20T00:00:00,424,2018-08-20T00:00:00,424,2018-08-13T00:00:00,0,2009-04-20T00:00:00,28,DJIA_Index
7,lasso,False,2018-08-20T00:00:00,425,2018-08-20T00:00:00,424,2018-08-20T00:00:00,424,2018-08-13T00:00:00,0,2009-04-20T00:00:00,28,pdsi_severe_drought_in_harvesting
7,lasso,False,2018-08-20T00:00:00,425,2018-08-20T00:00:00,424,2018-08-20T00:00:00,424,2018-08-13T00:00:00,0,2009-04-20T00:00:00,28,tmin_cold_in_harvesting
7,lasso,False,2018-08-20T00:00:00,425,2018-08-20T00:00:00,424,2018-08-20T00:00:00,424,2018-08-13T00:00:00,0,2009-04-20T00:00:00,28,wheat_monthly_rv
7,lasso,False,2018-08-20T00:00:00,425,2018-08-20T00:00:00,424,2018-08-20T00:00:00,424,2018-08-13T00:00:00,0,2009-04-20T00:00:00,28,wheat_seasonal_rv
7,lasso,False,2018-08-20T00:00:00,425,2018-08-20T00:00:00,424,2018-08-20T00:00:00,424,2018-08-13T00:00:00,0,2009-04-20T00:00:00,28,wheat_weekly_rv
7,lasso,False,2018-08-20T00:00:00,425,2018-08-20T00:00:00,424,2018-08-20T00:00:00,424,2018-08-13T00:00:00,0,2009-04-20T00:00:00,28,wheat_weekly_rvg
7,lasso,True,2018-09-24T00:00:00,429,2018-09-24T00:00:00,428,2018-09-24T00:00:00,428,2018-09-17T00:00:00,0,2009-04-20T00:00:00,29,DJIA_Index
7,lasso,True,2018-09-24T00:00:00,429,2018-09-24T00:00:00,428,2018-09-24T00:00:00,428,2018-09-17T00:00:00,0,2009-04-20T00:00:00,29,pdsi_severe_drought_in_harvesting
7,lasso,True,2018-09-24T00:00:00,429,2018-09-24T00:00:00,428,2018-09-24T00:00:00,428,2018-09-17T00:00:00,0,2009-04-20T00:00:00,29,tmin_cold_in_harvesting
7,lasso,True,2018-09-24T00:00:00,429,2018-09-24T00:00:00,428,2018-09-24T00:00:00,428,2018-09-17T00:00:00,0,2009-04-20T00:00:00,29,wheat_monthly_rv
7,lasso,True,2018-09-24T00:00:00,429,2018-09-24T00:00:00,428,2018-09-24T00:00:00,428,2018-09-17T00:00:00,0,2009-04-20T00:00:00,29,wheat_seasonal_rv
7,lasso,True,2018-09-24T00:00:00,429,2018-09-24T00:00:00,428,2018-09-24T00:00:00,428,2018-09-17T00:00:00,0,2009-04-20T00:00:00,29,wheat_weekly_rv
7,lasso,True,2018-09-24T00:00:00,429,2018-09-24T00:00:00,428,2018-09-24T00:00:00,428,2018-09-17T00:00:00,0,2009-04-20T00:00:00,29,wheat_weekly_rvg
7,lasso,True,2018-10-29T00:00:00,433,2018-10-29T00:00:00,432,2018-10-29T00:00:00,432,2018-10-22T00:00:00,0,2009-04-20T00:00:00,30,DJIA_Index
7,lasso,True,2018-10-29T00:00:00,433,2018-10-29T00:00:00,432,2018-10-29T00:00:00,432,2018-10-22T00:00:00,0,2009-04-20T00:00:00,30,pdsi_severe_drought_in_harvesting
7,lasso,True,2018-10-29T00:00:00,433,2018-10-29T00:00:00,432,2018-10-29T00:00:00,432,2018-10-22T00:00:00,0,2009-04-20T00:00:00,30,tmin_cold_in_harvesting
7,lasso,True,2018-10-29T00:00:00,433,2018-10-29T00:00:00,432,2018-10-29T00:00:00,432,2018-10-22T00:00:00,0,2009-04-20T00:00:00,30,wheat_monthly_rv
7,lasso,True,2018-10-29T00:00:00,433,2018-10-29T00:00:00,432,2018-10-29T00:00:00,432,2018-10-22T00:00:00,0,2009-04-20T00:00:00,30,wheat_seasonal_rv
7,lasso,True,2018-10-29T00:00:00,433,2018-10-29T00:00:00,432,2018-10-29T00:00:00,432,2018-10-22T00:00:00,0,2009-04-20T00:00:00,30,wheat_weekly_rv
7,lasso,True,2018-10-29T00:00:00,433,2018-10-29T00:00:00,432,2018-10-29T00:00:00,432,2018-10-22T00:00:00,0,2009-04-20T00:00:00,30,wheat_weekly_rvg
7,lasso,True,2018-12-03T00:00:00,437,2018-12-03T00:00:00,436,2018-12-03T00:00:00,436,2018-11-26T00:00:00,0,2009-04-20T00:00:00,31,DJIA_Index
7,lasso,True,2018-12-03T00:00:00,437,2018-12-03T00:00:00,436,2018-12-03T00:00:00,436,2018-11-26T00:00:00,0,2009-04-20T00:00:00,31,pdsi_severe_drought_in_harvesting
7,lasso,True,2018-12-03T00:00:00,437,2018-12-03T00:00:00,436,2018-12-03T00:00:00,436,2018-11-26T00:00:00,0,2009-04-20T00:00:00,31,tmin_cold_in_harvesting
7,lasso,True,2018-12-03T00:00:00,437,2018-12-03T00:00:00,436,2018-12-03T00:00:00,436,2018-11-26T00:00:00,0,2009-04-20T00:00:00,31,wheat_monthly_rv
7,lasso,True,2018-12-03T00:00:00,437,2018-12-03T00:00:00,436,2018-12-03T00:00:00,436,2018-11-26T00:00:00,0,2009-04-20T00:00:00,31,wheat_seasonal_rv
7,lasso,True,2018-12-03T00:00:00,437,2018-12-03T00:00:00,436,2018-12-03T00:00:00,436,2018-11-26T00:00:00,0,2009-04-20T00:00:00,31,wheat_weekly_rv
7,lasso,True,2018-12-03T00:00:00,437,2018-12-03T00:00:00,436,2018-12-03T00:00:00,436,2018-11-26T00:00:00,0,2009-04-20T00:00:00,31,wheat_weekly_rvg
7,lasso,False,2018-12-31T00:00:00,441,2018-12-31T00:00:00,440,2018-12-31T00:00:00,440,2018-12-24T00:00:00,0,2009-04-20T00:00:00,32,DJIA_Index
7,lasso,False,2018-12-31T00:00:00,441,2018-12-31T00:00:00,440,2018-12-31T00:00:00,440,2018-12-24T00:00:00,0,2009-04-20T00:00:00,32,pdsi_severe_drought_in_harvesting
7,lasso,False,2018-12-31T00:00:00,441,2018-12-31T00:00:00,440,2018-12-31T00:00:00,440,2018-12-24T00:00:00,0,2009-04-20T00:00:00,32,tmin_cold_in_harvesting
7,lasso,False,2018-12-31T00:00:00,441,2018-12-31T00:00:00,440,2018-12-31T00:00:00,440,2018-12-24T00:00:00,0,2009-04-20T00:00:00,32,wheat_monthly_rv
7,lasso,False,2018-12-31T00:00:00,441,2018-12-31T00:00:00,440,2018-12-31T00:00:00,440,2018-12-24T00:00:00,0,2009-04-20T00:00:00,32,wheat_seasonal_rv
7,lasso,False,2018-12-31T00:00:00,441,2018-12-31T00:00:00,440,2018-12-31T00:00:00,440,2018-12-24T00:00:00,0,2009-04-20T00:00:00,32,wheat_weekly_rv
7,lasso,False,2018-12-31T00:00:00,441,2018-12-31T00:00:00,440,2018-12-31T00:00:00,440,2018-12-24T00:00:00,0,2009-04-20T00:00:00,32,wheat_weekly_rvg
7,lasso,True,2019-02-11T00:00:00,445,2019-02-11T00:00:00,444,2019-02-11T00:00:00,444,2019-02-04T00:00:00,0,2009-04-20T00:00:00,33,DJIA_Index
7,lasso,True,2019-02-11T00:00:00,445,2019-02-11T00:00:00,444,2019-02-11T00:00:00,444,2019-02-04T00:00:00,0,2009-04-20T00:00:00,33,pdsi_severe_drought_in_harvesting
7,lasso,True,2019-02-11T00:00:00,445,2019-02-11T00:00:00,444,2019-02-11T00:00:00,444,2019-02-04T00:00:00,0,2009-04-20T00:00:00,33,tmin_cold_in_harvesting
7,lasso,True,2019-02-11T00:00:00,445,2019-02-11T00:00:00,444,2019-02-11T00:00:00,444,2019-02-04T00:00:00,0,2009-04-20T00:00:00,33,wheat_monthly_rv
7,lasso,True,2019-02-11T00:00:00,445,2019-02-11T00:00:00,444,2019-02-11T00:00:00,444,2019-02-04T00:00:00,0,2009-04-20T00:00:00,33,wheat_seasonal_rv
7,lasso,True,2019-02-11T00:00:00,445,2019-02-11T00:00:00,444,2019-02-11T00:00:00,444,2019-02-04T00:00:00,0,2009-04-20T00:00:00,33,wheat_weekly_rv
7,lasso,True,2019-02-11T00:00:00,445,2019-02-11T00:00:00,444,2019-02-11T00:00:00,444,2019-02-04T00:00:00,0,2009-04-20T00:00:00,33,wheat_weekly_rvg
7,lasso,True,2019-03-18T00:00:00,449,2019-03-18T00:00:00,448,2019-03-18T00:00:00,448,2019-03-11T00:00:00,0,2009-04-20T00:00:00,34,DJIA_Index
7,lasso,True,2019-03-18T00:00:00,449,2019-03-18T00:00:00,448,2019-03-18T00:00:00,448,2019-03-11T00:00:00,0,2009-04-20T00:00:00,34,pdsi_severe_drought_in_harvesting
7,lasso,True,2019-03-18T00:00:00,449,2019-03-18T00:00:00,448,2019-03-18T00:00:00,448,2019-03-11T00:00:00,0,2009-04-20T00:00:00,34,tmin_cold_in_harvesting
7,lasso,True,2019-03-18T00:00:00,449,2019-03-18T00:00:00,448,2019-03-18T00:00:00,448,2019-03-11T00:00:00,0,2009-04-20T00:00:00,34,wheat_monthly_rv
7,lasso,True,2019-03-18T00:00:00,449,2019-03-18T00:00:00,448,2019-03-18T00:00:00,448,2019-03-11T00:00:00,0,2009-04-20T00:00:00,34,wheat_seasonal_rv
7,lasso,True,2019-03-18T00:00:00,449,2019-03-18T00:00:00,448,2019-03-18T00:00:00,448,2019-03-11T00:00:00,0,2009-04-20T00:00:00,34,wheat_weekly_rv
7,lasso,True,2019-03-18T00:00:00,449,2019-03-18T00:00:00,448,2019-03-18T00:00:00,448,2019-03-11T00:00:00,0,2009-04-20T00:00:00,34,wheat_weekly_rvg
7,lasso,True,2019-04-15T00:00:00,453,2019-04-15T00:00:00,452,2019-04-15T00:00:00,452,2019-04-08T00:00:00,0,2009-04-20T00:00:00,35,DJIA_Index
7,lasso,True,2019-04-15T00:00:00,453,2019-04-15T00:00:00,452,2019-04-15T00:00:00,452,2019-04-08T00:00:00,0,2009-04-20T00:00:00,35,pdsi_severe_drought_in_harvesting
7,lasso,True,2019-04-15T00:00:00,453,2019-04-15T00:00:00,452,2019-04-15T00:00:00,452,2019-04-08T00:00:00,0,2009-04-20T00:00:00,35,tmin_cold_in_harvesting
7,lasso,True,2019-04-15T00:00:00,453,2019-04-15T00:00:00,452,2019-04-15T00:00:00,452,2019-04-08T00:00:00,0,2009-04-20T00:00:00,35,wheat_monthly_rv
7,lasso,True,2019-04-15T00:00:00,453,2019-04-15T00:00:00,452,2019-04-15T00:00:00,452,2019-04-08T00:00:00,0,2009-04-20T00:00:00,35,wheat_seasonal_rv
7,lasso,True,2019-04-15T00:00:00,453,2019-04-15T00:00:00,452,2019-04-15T00:00:00,452,2019-04-08T00:00:00,0,2009-04-20T00:00:00,35,wheat_weekly_rv
7,lasso,True,2019-04-15T00:00:00,453,2019-04-15T00:00:00,452,2019-04-15T00:00:00,452,2019-04-08T00:00:00,0,2009-04-20T00:00:00,35,wheat_weekly_rvg
8,lasso,False,2019-05-13T00:00:00,457,2019-05-13T00:00:00,456,2019-05-13T00:00:00,456,2019-05-06T00:00:00,0,2009-04-20T00:00:00,36,DJIA_Index
8,lasso,False,2019-05-13T00:00:00,457,2019-05-13T00:00:00,456,2019-05-13T00:00:00,456,2019-05-06T00:00:00,0,2009-04-20T00:00:00,36,awnd_moderate_high_wind_in_planting
8,lasso,False,2019-05-13T00:00:00,457,2019-05-13T00:00:00,456,2019-05-13T00:00:00,456,2019-05-06T00:00:00,0,2009-04-20T00:00:00,36,pdsi_severe_drought_in_harvesting
8,lasso,False,2019-05-13T00:00:00,457,2019-05-13T00:00:00,456,2019-05-13T00:00:00,456,2019-05-06T00:00:00,0,2009-04-20T00:00:00,36,tmin_cold_in_harvesting
8,lasso,False,2019-05-13T00:00:00,457,2019-05-13T00:00:00,456,2019-05-13T00:00:00,456,2019-05-06T00:00:00,0,2009-04-20T00:00:00,36,wheat_monthly_rv
8,lasso,False,2019-05-13T00:00:00,457,2019-05-13T00:00:00,456,2019-05-13T00:00:00,456,2019-05-06T00:00:00,0,2009-04-20T00:00:00,36,wheat_seasonal_rv
8,lasso,False,2019-05-13T00:00:00,457,2019-05-13T00:00:00,456,2019-05-13T00:00:00,456,2019-05-06T00:00:00,0,2009-04-20T00:00:00,36,wheat_weekly_rv
8,lasso,False,2019-05-13T00:00:00,457,2019-05-13T00:00:00,456,2019-05-13T00:00:00,456,2019-05-06T00:00:00,0,2009-04-20T00:00:00,36,wheat_weekly_rvg
8,lasso,True,2019-06-17T00:00:00,461,2019-06-17T00:00:00,460,2019-06-17T00:00:00,460,2019-06-10T00:00:00,0,2009-04-20T00:00:00,37,DJIA_Index
8,lasso,True,2019-06-17T00:00:00,461,2019-06-17T00:00:00,460,2019-06-17T00:00:00,460,2019-06-10T00:00:00,0,2009-04-20T00:00:00,37,awnd_moderate_high_wind_in_planting
8,lasso,True,2019-06-17T00:00:00,461,2019-06-17T00:00:00,460,2019-06-17T00:00:00,460,2019-06-10T00:00:00,0,2009-04-20T00:00:00,37,pdsi_severe_drought_in_harvesting
8,lasso,True,2019-06-17T00:00:00,461,2019-06-17T00:00:00,460,2019-06-17T00:00:00,460,2019-06-10T00:00:00,0,2009-04-20T00:00:00,37,tmin_cold_in_harvesting
8,lasso,True,2019-06-17T00:00:00,461,2019-06-17T00:00:00,460,2019-06-17T00:00:00,460,2019-06-10T00:00:00,0,2009-04-20T00:00:00,37,wheat_monthly_rv
8,lasso,True,2019-06-17T00:00:00,461,2019-06-17T00:00:00,460,2019-06-17T00:00:00,460,2019-06-10T00:00:00,0,2009-04-20T00:00:00,37,wheat_seasonal_rv
8,lasso,True,2019-06-17T00:00:00,461,2019-06-17T00:00:00,460,2019-06-17T00:00:00,460,2019-06-10T00:00:00,0,2009-04-20T00:00:00,37,wheat_weekly_rv
8,lasso,True,2019-06-17T00:00:00,461,2019-06-17T00:00:00,460,2019-06-17T00:00:00,460,2019-06-10T00:00:00,0,2009-04-20T00:00:00,37,wheat_weekly_rvg
8,lasso,True,2019-07-15T00:00:00,465,2019-07-15T00:00:00,464,2019-07-15T00:00:00,464,2019-07-08T00:00:00,0,2009-04-20T00:00:00,38,DJIA_Index
8,lasso,True,2019-07-15T00:00:00,465,2019-07-15T00:00:00,464,2019-07-15T00:00:00,464,2019-07-08T00:00:00,0,2009-04-20T00:00:00,38,awnd_moderate_high_wind_in_planting
8,lasso,True,2019-07-15T00:00:00,465,2019-07-15T00:00:00,464,2019-07-15T00:00:00,464,2019-07-08T00:00:00,0,2009-04-20T00:00:00,38,pdsi_severe_drought_in_harvesting
8,lasso,True,2019-07-15T00:00:00,465,2019-07-15T00:00:00,464,2019-07-15T00:00:00,464,2019-07-08T00:00:00,0,2009-04-20T00:00:00,38,tmin_cold_in_harvesting
8,lasso,True,2019-07-15T00:00:00,465,2019-07-15T00:00:00,464,2019-07-15T00:00:00,464,2019-07-08T00:00:00,0,2009-04-20T00:00:00,38,wheat_monthly_rv
8,lasso,True,2019-07-15T00:00:00,465,2019-07-15T00:00:00,464,2019-07-15T00:00:00,464,2019-07-08T00:00:00,0,2009-04-20T00:00:00,38,wheat_seasonal_rv
8,lasso,True,2019-07-15T00:00:00,465,2019-07-15T00:00:00,464,2019-07-15T00:00:00,464,2019-07-08T00:00:00,0,2009-04-20T00:00:00,38,wheat_weekly_rv
8,lasso,True,2019-07-15T00:00:00,465,2019-07-15T00:00:00,464,2019-07-15T00:00:00,464,2019-07-08T00:00:00,0,2009-04-20T00:00:00,38,wheat_weekly_rvg
8,lasso,True,2019-08-12T00:00:00,469,2019-08-12T00:00:00,468,2019-08-12T00:00:00,468,2019-08-05T00:00:00,0,2009-04-20T00:00:00,39,DJIA_Index
8,lasso,True,2019-08-12T00:00:00,469,2019-08-12T00:00:00,468,2019-08-12T00:00:00,468,2019-08-05T00:00:00,0,2009-04-20T00:00:00,39,awnd_moderate_high_wind_in_planting
8,lasso,True,2019-08-12T00:00:00,469,2019-08-12T00:00:00,468,2019-08-12T00:00:00,468,2019-08-05T00:00:00,0,2009-04-20T00:00:00,39,pdsi_severe_drought_in_harvesting
8,lasso,True,2019-08-12T00:00:00,469,2019-08-12T00:00:00,468,2019-08-12T00:00:00,468,2019-08-05T00:00:00,0,2009-04-20T00:00:00,39,tmin_cold_in_harvesting
8,lasso,True,2019-08-12T00:00:00,469,2019-08-12T00:00:00,468,2019-08-12T00:00:00,468,2019-08-05T00:00:00,0,2009-04-20T00:00:00,39,wheat_monthly_rv
8,lasso,True,2019-08-12T00:00:00,469,2019-08-12T00:00:00,468,2019-08-12T00:00:00,468,2019-08-05T00:00:00,0,2009-04-20T00:00:00,39,wheat_seasonal_rv
8,lasso,True,2019-08-12T00:00:00,469,2019-08-12T00:00:00,468,2019-08-12T00:00:00,468,2019-08-05T00:00:00,0,2009-04-20T00:00:00,39,wheat_weekly_rv
8,lasso,True,2019-08-12T00:00:00,469,2019-08-12T00:00:00,468,2019-08-12T00:00:00,468,2019-08-05T00:00:00,0,2009-04-20T00:00:00,39,wheat_weekly_rvg
7,lasso,False,2019-09-16T00:00:00,473,2019-09-16T00:00:00,472,2019-09-16T00:00:00,472,2019-09-09T00:00:00,0,2009-04-20T00:00:00,40,DJIA_Index
7,lasso,False,2019-09-16T00:00:00,473,2019-09-16T00:00:00,472,2019-09-16T00:00:00,472,2019-09-09T00:00:00,0,2009-04-20T00:00:00,40,pdsi_severe_drought_in_harvesting
7,lasso,False,2019-09-16T00:00:00,473,2019-09-16T00:00:00,472,2019-09-16T00:00:00,472,2019-09-09T00:00:00,0,2009-04-20T00:00:00,40,tmin_cold_in_harvesting
7,lasso,False,2019-09-16T00:00:00,473,2019-09-16T00:00:00,472,2019-09-16T00:00:00,472,2019-09-09T00:00:00,0,2009-04-20T00:00:00,40,wheat_monthly_rv
7,lasso,False,2019-09-16T00:00:00,473,2019-09-16T00:00:00,472,2019-09-16T00:00:00,472,2019-09-09T00:00:00,0,2009-04-20T00:00:00,40,wheat_seasonal_rv
7,lasso,False,2019-09-16T00:00:00,473,2019-09-16T00:00:00,472,2019-09-16T00:00:00,472,2019-09-09T00:00:00,0,2009-04-20T00:00:00,40,wheat_weekly_rv
7,lasso,False,2019-09-16T00:00:00,473,2019-09-16T00:00:00,472,2019-09-16T00:00:00,472,2019-09-09T00:00:00,0,2009-04-20T00:00:00,40,wheat_weekly_rvg
7,lasso,True,2019-10-21T00:00:00,477,2019-10-21T00:00:00,476,2019-10-21T00:00:00,476,2019-10-07T00:00:00,0,2009-04-20T00:00:00,41,DJIA_Index
7,lasso,True,2019-10-21T00:00:00,477,2019-10-21T00:00:00,476,2019-10-21T00:00:00,476,2019-10-07T00:00:00,0,2009-04-20T00:00:00,41,pdsi_severe_drought_in_harvesting
7,lasso,True,2019-10-21T00:00:00,477,2019-10-21T00:00:00,476,2019-10-21T00:00:00,476,2019-10-07T00:00:00,0,2009-04-20T00:00:00,41,tmin_cold_in_harvesting
7,lasso,True,2019-10-21T00:00:00,477,2019-10-21T00:00:00,476,2019-10-21T00:00:00,476,2019-10-07T00:00:00,0,2009-04-20T00:00:00,41,wheat_monthly_rv
7,lasso,True,2019-10-21T00:00:00,477,2019-10-21T00:00:00,476,2019-10-21T00:00:00,476,2019-10-07T00:00:00,0,2009-04-20T00:00:00,41,wheat_seasonal_rv
7,lasso,True,2019-10-21T00:00:00,477,2019-10-21T00:00:00,476,2019-10-21T00:00:00,476,2019-10-07T00:00:00,0,2009-04-20T00:00:00,41,wheat_weekly_rv
7,lasso,True,2019-10-21T00:00:00,477,2019-10-21T00:00:00,476,2019-10-21T00:00:00,476,2019-10-07T00:00:00,0,2009-04-20T00:00:00,41,wheat_weekly_rvg
7,lasso,True,2019-11-25T00:00:00,481,2019-11-25T00:00:00,480,2019-11-25T00:00:00,480,2019-11-18T00:00:00,0,2009-04-20T00:00:00,42,DJIA_Index
7,lasso,True,2019-11-25T00:00:00,481,2019-11-25T00:00:00,480,2019-11-25T00:00:00,480,2019-11-18T00:00:00,0,2009-04-20T00:00:00,42,pdsi_severe_drought_in_harvesting
7,lasso,True,2019-11-25T00:00:00,481,2019-11-25T00:00:00,480,2019-11-25T00:00:00,480,2019-11-18T00:00:00,0,2009-04-20T00:00:00,42,tmin_cold_in_harvesting
7,lasso,True,2019-11-25T00:00:00,481,2019-11-25T00:00:00,480,2019-11-25T00:00:00,480,2019-11-18T00:00:00,0,2009-04-20T00:00:00,42,wheat_monthly_rv
7,lasso,True,2019-11-25T00:00:00,481,2019-11-25T00:00:00,480,2019-11-25T00:00:00,480,2019-11-18T00:00:00,0,2009-04-20T00:00:00,42,wheat_seasonal_rv
7,lasso,True,2019-11-25T00:00:00,481,2019-11-25T00:00:00,480,2019-11-25T00:00:00,480,2019-11-18T00:00:00,0,2009-04-20T00:00:00,42,wheat_weekly_rv
7,lasso,True,2019-11-25T00:00:00,481,2019-11-25T00:00:00,480,2019-11-25T00:00:00,480,2019-11-18T00:00:00,0,2009-04-20T00:00:00,42,wheat_weekly_rvg
7,lasso,True,2019-12-23T00:00:00,485,2019-12-23T00:00:00,484,2019-12-23T00:00:00,484,2019-12-16T00:00:00,0,2009-04-20T00:00:00,43,DJIA_Index
7,lasso,True,2019-12-23T00:00:00,485,2019-12-23T00:00:00,484,2019-12-23T00:00:00,484,2019-12-16T00:00:00,0,2009-04-20T00:00:00,43,pdsi_severe_drought_in_harvesting
7,lasso,True,2019-12-23T00:00:00,485,2019-12-23T00:00:00,484,2019-12-23T00:00:00,484,2019-12-16T00:00:00,0,2009-04-20T00:00:00,43,tmin_cold_in_harvesting
7,lasso,True,2019-12-23T00:00:00,485,2019-12-23T00:00:00,484,2019-12-23T00:00:00,484,2019-12-16T00:00:00,0,2009-04-20T00:00:00,43,wheat_monthly_rv
7,lasso,True,2019-12-23T00:00:00,485,2019-12-23T00:00:00,484,2019-12-23T00:00:00,484,2019-12-16T00:00:00,0,2009-04-20T00:00:00,43,wheat_seasonal_rv
7,lasso,True,2019-12-23T00:00:00,485,2019-12-23T00:00:00,484,2019-12-23T00:00:00,484,2019-12-16T00:00:00,0,2009-04-20T00:00:00,43,wheat_weekly_rv
7,lasso,True,2019-12-23T00:00:00,485,2019-12-23T00:00:00,484,2019-12-23T00:00:00,484,2019-12-16T00:00:00,0,2009-04-20T00:00:00,43,wheat_weekly_rvg
7,lasso,False,2020-01-27T00:00:00,489,2020-01-27T00:00:00,488,2020-01-27T00:00:00,488,2020-01-13T00:00:00,0,2009-04-20T00:00:00,44,DJIA_Index
7,lasso,False,2020-01-27T00:00:00,489,2020-01-27T00:00:00,488,2020-01-27T00:00:00,488,2020-01-13T00:00:00,0,2009-04-20T00:00:00,44,pdsi_severe_drought_in_harvesting
7,lasso,False,2020-01-27T00:00:00,489,2020-01-27T00:00:00,488,2020-01-27T00:00:00,488,2020-01-13T00:00:00,0,2009-04-20T00:00:00,44,tmin_cold_in_harvesting
7,lasso,False,2020-01-27T00:00:00,489,2020-01-27T00:00:00,488,2020-01-27T00:00:00,488,2020-01-13T00:00:00,0,2009-04-20T00:00:00,44,wheat_monthly_rv
7,lasso,False,2020-01-27T00:00:00,489,2020-01-27T00:00:00,488,2020-01-27T00:00:00,488,2020-01-13T00:00:00,0,2009-04-20T00:00:00,44,wheat_seasonal_rv
7,lasso,False,2020-01-27T00:00:00,489,2020-01-27T00:00:00,488,2020-01-27T00:00:00,488,2020-01-13T00:00:00,0,2009-04-20T00:00:00,44,wheat_weekly_rv
7,lasso,False,2020-01-27T00:00:00,489,2020-01-27T00:00:00,488,2020-01-27T00:00:00,488,2020-01-13T00:00:00,0,2009-04-20T00:00:00,44,wheat_weekly_rvg
7,lasso,True,2020-03-02T00:00:00,493,2020-03-02T00:00:00,492,2020-03-02T00:00:00,492,2020-02-24T00:00:00,0,2009-04-20T00:00:00,45,DJIA_Index
7,lasso,True,2020-03-02T00:00:00,493,2020-03-02T00:00:00,492,2020-03-02T00:00:00,492,2020-02-24T00:00:00,0,2009-04-20T00:00:00,45,pdsi_severe_drought_in_harvesting
7,lasso,True,2020-03-02T00:00:00,493,2020-03-02T00:00:00,492,2020-03-02T00:00:00,492,2020-02-24T00:00:00,0,2009-04-20T00:00:00,45,tmin_cold_in_harvesting
7,lasso,True,2020-03-02T00:00:00,493,2020-03-02T00:00:00,492,2020-03-02T00:00:00,492,2020-02-24T00:00:00,0,2009-04-20T00:00:00,45,wheat_monthly_rv
7,lasso,True,2020-03-02T00:00:00,493,2020-03-02T00:00:00,492,2020-03-02T00:00:00,492,2020-02-24T00:00:00,0,2009-04-20T00:00:00,45,wheat_seasonal_rv
7,lasso,True,2020-03-02T00:00:00,493,2020-03-02T00:00:00,492,2020-03-02T00:00:00,492,2020-02-24T00:00:00,0,2009-04-20T00:00:00,45,wheat_weekly_rv
7,lasso,True,2020-03-02T00:00:00,493,2020-03-02T00:00:00,492,2020-03-02T00:00:00,492,2020-02-24T00:00:00,0,2009-04-20T00:00:00,45,wheat_weekly_rvg
7,lasso,True,2020-03-30T00:00:00,497,2020-03-30T00:00:00,496,2020-03-30T00:00:00,496,2020-03-23T00:00:00,0,2009-04-20T00:00:00,46,DJIA_Index
7,lasso,True,2020-03-30T00:00:00,497,2020-03-30T00:00:00,496,2020-03-30T00:00:00,496,2020-03-23T00:00:00,0,2009-04-20T00:00:00,46,pdsi_severe_drought_in_harvesting
7,lasso,True,2020-03-30T00:00:00,497,2020-03-30T00:00:00,496,2020-03-30T00:00:00,496,2020-03-23T00:00:00,0,2009-04-20T00:00:00,46,tmin_cold_in_harvesting
7,lasso,True,2020-03-30T00:00:00,497,2020-03-30T00:00:00,496,2020-03-30T00:00:00,496,2020-03-23T00:00:00,0,2009-04-20T00:00:00,46,wheat_monthly_rv
7,lasso,True,2020-03-30T00:00:00,497,2020-03-30T00:00:00,496,2020-03-30T00:00:00,496,2020-03-23T00:00:00,0,2009-04-20T00:00:00,46,wheat_seasonal_rv
7,lasso,True,2020-03-30T00:00:00,497,2020-03-30T00:00:00,496,2020-03-30T00:00:00,496,2020-03-23T00:00:00,0,2009-04-20T00:00:00,46,wheat_weekly_rv
7,lasso,True,2020-03-30T00:00:00,497,2020-03-30T00:00:00,496,2020-03-30T00:00:00,496,2020-03-23T00:00:00,0,2009-04-20T00:00:00,46,wheat_weekly_rvg
7,lasso,True,2020-04-27T00:00:00,501,2020-04-27T00:00:00,500,2020-04-27T00:00:00,500,2020-04-20T00:00:00,0,2009-04-20T00:00:00,47,DJIA_Index
7,lasso,True,2020-04-27T00:00:00,501,2020-04-27T00:00:00,500,2020-04-27T00:00:00,500,2020-04-20T00:00:00,0,2009-04-20T00:00:00,47,pdsi_severe_drought_in_harvesting
7,lasso,True,2020-04-27T00:00:00,501,2020-04-27T00:00:00,500,2020-04-27T00:00:00,500,2020-04-20T00:00:00,0,2009-04-20T00:00:00,47,tmin_cold_in_harvesting
7,lasso,True,2020-04-27T00:00:00,501,2020-04-27T00:00:00,500,2020-04-27T00:00:00,500,2020-04-20T00:00:00,0,2009-04-20T00:00:00,47,wheat_monthly_rv
7,lasso,True,2020-04-27T00:00:00,501,2020-04-27T00:00:00,500,2020-04-27T00:00:00,500,2020-04-20T00:00:00,0,2009-04-20T00:00:00,47,wheat_seasonal_rv
7,lasso,True,2020-04-27T00:00:00,501,2020-04-27T00:00:00,500,2020-04-27T00:00:00,500,2020-04-20T00:00:00,0,2009-04-20T00:00:00,47,wheat_weekly_rv
7,lasso,True,2020-04-27T00:00:00,501,2020-04-27T00:00:00,500,2020-04-27T00:00:00,500,2020-04-20T00:00:00,0,2009-04-20T00:00:00,47,wheat_weekly_rvg
7,lasso,False,2020-06-01T00:00:00,505,2020-06-01T00:00:00,504,2020-06-01T00:00:00,504,2020-05-18T00:00:00,0,2009-04-20T00:00:00,48,DJIA_Index
7,lasso,False,2020-06-01T00:00:00,505,2020-06-01T00:00:00,504,2020-06-01T00:00:00,504,2020-05-18T00:00:00,0,2009-04-20T00:00:00,48,pdsi_severe_drought_in_harvesting
7,lasso,False,2020-06-01T00:00:00,505,2020-06-01T00:00:00,504,2020-06-01T00:00:00,504,2020-05-18T00:00:00,0,2009-04-20T00:00:00,48,tmin_cold_in_harvesting
7,lasso,False,2020-06-01T00:00:00,505,2020-06-01T00:00:00,504,2020-06-01T00:00:00,504,2020-05-18T00:00:00,0,2009-04-20T00:00:00,48,wheat_monthly_rv
7,lasso,False,2020-06-01T00:00:00,505,2020-06-01T00:00:00,504,2020-06-01T00:00:00,504,2020-05-18T00:00:00,0,2009-04-20T00:00:00,48,wheat_seasonal_rv
7,lasso,False,2020-06-01T00:00:00,505,2020-06-01T00:00:00,504,2020-06-01T00:00:00,504,2020-05-18T00:00:00,0,2009-04-20T00:00:00,48,wheat_weekly_rv
7,lasso,False,2020-06-01T00:00:00,505,2020-06-01T00:00:00,504,2020-06-01T00:00:00,504,2020-05-18T00:00:00,0,2009-04-20T00:00:00,48,wheat_weekly_rvg
7,lasso,True,2020-06-29T00:00:00,509,2020-06-29T00:00:00,508,2020-06-29T00:00:00,508,2020-06-22T00:00:00,0,2009-04-20T00:00:00,49,DJIA_Index
7,lasso,True,2020-06-29T00:00:00,509,2020-06-29T00:00:00,508,2020-06-29T00:00:00,508,2020-06-22T00:00:00,0,2009-04-20T00:00:00,49,pdsi_severe_drought_in_harvesting
7,lasso,True,2020-06-29T00:00:00,509,2020-06-29T00:00:00,508,2020-06-29T00:00:00,508,2020-06-22T00:00:00,0,2009-04-20T00:00:00,49,tmin_cold_in_harvesting
7,lasso,True,2020-06-29T00:00:00,509,2020-06-29T00:00:00,508,2020-06-29T00:00:00,508,2020-06-22T00:00:00,0,2009-04-20T00:00:00,49,wheat_monthly_rv
7,lasso,True,2020-06-29T00:00:00,509,2020-06-29T00:00:00,508,2020-06-29T00:00:00,508,2020-06-22T00:00:00,0,2009-04-20T00:00:00,49,wheat_seasonal_rv
7,lasso,True,2020-06-29T00:00:00,509,2020-06-29T00:00:00,508,2020-06-29T00:00:00,508,2020-06-22T00:00:00,0,2009-04-20T00:00:00,49,wheat_weekly_rv
7,lasso,True,2020-06-29T00:00:00,509,2020-06-29T00:00:00,508,2020-06-29T00:00:00,508,2020-06-22T00:00:00,0,2009-04-20T00:00:00,49,wheat_weekly_rvg
7,lasso,True,2020-07-27T00:00:00,513,2020-07-27T00:00:00,512,2020-07-27T00:00:00,512,2020-07-20T00:00:00,0,2009-04-20T00:00:00,50,DJIA_Index
7,lasso,True,2020-07-27T00:00:00,513,2020-07-27T00:00:00,512,2020-07-27T00:00:00,512,2020-07-20T00:00:00,0,2009-04-20T00:00:00,50,pdsi_severe_drought_in_harvesting
7,lasso,True,2020-07-27T00:00:00,513,2020-07-27T00:00:00,512,2020-07-27T00:00:00,512,2020-07-20T00:00:00,0,2009-04-20T00:00:00,50,tmin_cold_in_harvesting
7,lasso,True,2020-07-27T00:00:00,513,2020-07-27T00:00:00,512,2020-07-27T00:00:00,512,2020-07-20T00:00:00,0,2009-04-20T00:00:00,50,wheat_monthly_rv
7,lasso,True,2020-07-27T00:00:00,513,2020-07-27T00:00:00,512,2020-07-27T00:00:00,512,2020-07-20T00:00:00,0,2009-04-20T00:00:00,50,wheat_seasonal_rv
7,lasso,True,2020-07-27T00:00:00,513,2020-07-27T00:00:00,512,2020-07-27T00:00:00,512,2020-07-20T00:00:00,0,2009-04-20T00:00:00,50,wheat_weekly_rv
7,lasso,True,2020-07-27T00:00:00,513,2020-07-27T00:00:00,512,2020-07-27T00:00:00,512,2020-07-20T00:00:00,0,2009-04-20T00:00:00,50,wheat_weekly_rvg
7,lasso,True,2020-08-24T00:00:00,517,2020-08-24T00:00:00,516,2020-08-24T00:00:00,516,2020-08-17T00:00:00,0,2009-04-20T00:00:00,51,DJIA_Index
7,lasso,True,2020-08-24T00:00:00,517,2020-08-24T00:00:00,516,2020-08-24T00:00:00,516,2020-08-17T00:00:00,0,2009-04-20T00:00:00,51,pdsi_severe_drought_in_harvesting
7,lasso,True,2020-08-24T00:00:00,517,2020-08-24T00:00:00,516,2020-08-24T00:00:00,516,2020-08-17T00:00:00,0,2009-04-20T00:00:00,51,tmin_cold_in_harvesting
7,lasso,True,2020-08-24T00:00:00,517,2020-08-24T00:00:00,516,2020-08-24T00:00:00,516,2020-08-17T00:00:00,0,2009-04-20T00:00:00,51,wheat_monthly_rv
7,lasso,True,2020-08-24T00:00:00,517,2020-08-24T00:00:00,516,2020-08-24T00:00:00,516,2020-08-17T00:00:00,0,2009-04-20T00:00:00,51,wheat_seasonal_rv
7,lasso,True,2020-08-24T00:00:00,517,2020-08-24T00:00:00,516,2020-08-24T00:00:00,516,2020-08-17T00:00:00,0,2009-04-20T00:00:00,51,wheat_weekly_rv
7,lasso,True,2020-08-24T00:00:00,517,2020-08-24T00:00:00,516,2020-08-24T00:00:00,516,2020-08-17T00:00:00,0,2009-04-20T00:00:00,51,wheat_weekly_rvg
7,lasso,False,2020-09-28T00:00:00,521,2020-09-28T00:00:00,520,2020-09-28T00:00:00,520,2020-09-21T00:00:00,0,2009-04-20T00:00:00,52,DJIA_Index
7,lasso,False,2020-09-28T00:00:00,521,2020-09-28T00:00:00,520,2020-09-28T00:00:00,520,2020-09-21T00:00:00,0,2009-04-20T00:00:00,52,pdsi_severe_drought_in_harvesting
7,lasso,False,2020-09-28T00:00:00,521,2020-09-28T00:00:00,520,2020-09-28T00:00:00,520,2020-09-21T00:00:00,0,2009-04-20T00:00:00,52,tmin_cold_in_harvesting
7,lasso,False,2020-09-28T00:00:00,521,2020-09-28T00:00:00,520,2020-09-28T00:00:00,520,2020-09-21T00:00:00,0,2009-04-20T00:00:00,52,wheat_monthly_rv
7,lasso,False,2020-09-28T00:00:00,521,2020-09-28T00:00:00,520,2020-09-28T00:00:00,520,2020-09-21T00:00:00,0,2009-04-20T00:00:00,52,wheat_seasonal_rv
7,lasso,False,2020-09-28T00:00:00,521,2020-09-28T00:00:00,520,2020-09-28T00:00:00,520,2020-09-21T00:00:00,0,2009-04-20T00:00:00,52,wheat_weekly_rv
7,lasso,False,2020-09-28T00:00:00,521,2020-09-28T00:00:00,520,2020-09-28T00:00:00,520,2020-09-21T00:00:00,0,2009-04-20T00:00:00,52,wheat_weekly_rvg
7,lasso,True,2020-11-02T00:00:00,525,2020-11-02T00:00:00,524,2020-11-02T00:00:00,524,2020-10-26T00:00:00,0,2009-04-20T00:00:00,53,DJIA_Index
7,lasso,True,2020-11-02T00:00:00,525,2020-11-02T00:00:00,524,2020-11-02T00:00:00,524,2020-10-26T00:00:00,0,2009-04-20T00:00:00,53,pdsi_severe_drought_in_harvesting
7,lasso,True,2020-11-02T00:00:00,525,2020-11-02T00:00:00,524,2020-11-02T00:00:00,524,2020-10-26T00:00:00,0,2009-04-20T00:00:00,53,tmin_cold_in_harvesting
7,lasso,True,2020-11-02T00:00:00,525,2020-11-02T00:00:00,524,2020-11-02T00:00:00,524,2020-10-26T00:00:00,0,2009-04-20T00:00:00,53,wheat_monthly_rv
7,lasso,True,2020-11-02T00:00:00,525,2020-11-02T00:00:00,524,2020-11-02T00:00:00,524,2020-10-26T00:00:00,0,2009-04-20T00:00:00,53,wheat_seasonal_rv
7,lasso,True,2020-11-02T00:00:00,525,2020-11-02T00:00:00,524,2020-11-02T00:00:00,524,2020-10-26T00:00:00,0,2009-04-20T00:00:00,53,wheat_weekly_rv
7,lasso,True,2020-11-02T00:00:00,525,2020-11-02T00:00:00,524,2020-11-02T00:00:00,524,2020-10-26T00:00:00,0,2009-04-20T00:00:00,53,wheat_weekly_rvg
7,lasso,True,2020-11-30T00:00:00,529,2020-11-30T00:00:00,528,2020-11-30T00:00:00,528,2020-11-23T00:00:00,0,2009-04-20T00:00:00,54,DJIA_Index
7,lasso,True,2020-11-30T00:00:00,529,2020-11-30T00:00:00,528,2020-11-30T00:00:00,528,2020-11-23T00:00:00,0,2009-04-20T00:00:00,54,pdsi_severe_drought_in_harvesting
7,lasso,True,2020-11-30T00:00:00,529,2020-11-30T00:00:00,528,2020-11-30T00:00:00,528,2020-11-23T00:00:00,0,2009-04-20T00:00:00,54,tmin_cold_in_harvesting
7,lasso,True,2020-11-30T00:00:00,529,2020-11-30T00:00:00,528,2020-11-30T00:00:00,528,2020-11-23T00:00:00,0,2009-04-20T00:00:00,54,wheat_monthly_rv
7,lasso,True,2020-11-30T00:00:00,529,2020-11-30T00:00:00,528,2020-11-30T00:00:00,528,2020-11-23T00:00:00,0,2009-04-20T00:00:00,54,wheat_seasonal_rv
7,lasso,True,2020-11-30T00:00:00,529,2020-11-30T00:00:00,528,2020-11-30T00:00:00,528,2020-11-23T00:00:00,0,2009-04-20T00:00:00,54,wheat_weekly_rv
7,lasso,True,2020-11-30T00:00:00,529,2020-11-30T00:00:00,528,2020-11-30T00:00:00,528,2020-11-23T00:00:00,0,2009-04-20T00:00:00,54,wheat_weekly_rvg
7,lasso,True,2020-12-28T00:00:00,533,2020-12-28T00:00:00,532,2020-12-28T00:00:00,532,2020-12-21T00:00:00,0,2009-04-20T00:00:00,55,DJIA_Index
7,lasso,True,2020-12-28T00:00:00,533,2020-12-28T00:00:00,532,2020-12-28T00:00:00,532,2020-12-21T00:00:00,0,2009-04-20T00:00:00,55,pdsi_severe_drought_in_harvesting
7,lasso,True,2020-12-28T00:00:00,533,2020-12-28T00:00:00,532,2020-12-28T00:00:00,532,2020-12-21T00:00:00,0,2009-04-20T00:00:00,55,tmin_cold_in_harvesting
7,lasso,True,2020-12-28T00:00:00,533,2020-12-28T00:00:00,532,2020-12-28T00:00:00,532,2020-12-21T00:00:00,0,2009-04-20T00:00:00,55,wheat_monthly_rv
7,lasso,True,2020-12-28T00:00:00,533,2020-12-28T00:00:00,532,2020-12-28T00:00:00,532,2020-12-21T00:00:00,0,2009-04-20T00:00:00,55,wheat_seasonal_rv
7,lasso,True,2020-12-28T00:00:00,533,2020-12-28T00:00:00,532,2020-12-28T00:00:00,532,2020-12-21T00:00:00,0,2009-04-20T00:00:00,55,wheat_weekly_rv
7,lasso,True,2020-12-28T00:00:00,533,2020-12-28T00:00:00,532,2020-12-28T00:00:00,532,2020-12-21T00:00:00,0,2009-04-20T00:00:00,55,wheat_weekly_rvg
9,lasso,False,2021-02-01T00:00:00,537,2021-02-01T00:00:00,536,2021-02-01T00:00:00,536,2021-01-25T00:00:00,0,2009-04-20T00:00:00,56,DJIA_Index
9,lasso,False,2021-02-01T00:00:00,537,2021-02-01T00:00:00,536,2021-02-01T00:00:00,536,2021-01-25T00:00:00,0,2009-04-20T00:00:00,56,NAO_index
9,lasso,False,2021-02-01T00:00:00,537,2021-02-01T00:00:00,536,2021-02-01T00:00:00,536,2021-01-25T00:00:00,0,2009-04-20T00:00:00,56,pdsi_severe_drought_in_harvesting
9,lasso,False,2021-02-01T00:00:00,537,2021-02-01T00:00:00,536,2021-02-01T00:00:00,536,2021-01-25T00:00:00,0,2009-04-20T00:00:00,56,ssta_lanina
9,lasso,False,2021-02-01T00:00:00,537,2021-02-01T00:00:00,536,2021-02-01T00:00:00,536,2021-01-25T00:00:00,0,2009-04-20T00:00:00,56,tmin_cold_in_harvesting
9,lasso,False,2021-02-01T00:00:00,537,2021-02-01T00:00:00,536,2021-02-01T00:00:00,536,2021-01-25T00:00:00,0,2009-04-20T00:00:00,56,wheat_monthly_rv
9,lasso,False,2021-02-01T00:00:00,537,2021-02-01T00:00:00,536,2021-02-01T00:00:00,536,2021-01-25T00:00:00,0,2009-04-20T00:00:00,56,wheat_seasonal_rv
9,lasso,False,2021-02-01T00:00:00,537,2021-02-01T00:00:00,536,2021-02-01T00:00:00,536,2021-01-25T00:00:00,0,2009-04-20T00:00:00,56,wheat_weekly_rv
9,lasso,False,2021-02-01T00:00:00,537,2021-02-01T00:00:00,536,2021-02-01T00:00:00,536,2021-01-25T00:00:00,0,2009-04-20T00:00:00,56,wheat_weekly_rvg
9,lasso,True,2021-03-08T00:00:00,541,2021-03-08T00:00:00,540,2021-03-08T00:00:00,540,2021-03-01T00:00:00,0,2009-04-20T00:00:00,57,DJIA_Index
9,lasso,True,2021-03-08T00:00:00,541,2021-03-08T00:00:00,540,2021-03-08T00:00:00,540,2021-03-01T00:00:00,0,2009-04-20T00:00:00,57,NAO_index
9,lasso,True,2021-03-08T00:00:00,541,2021-03-08T00:00:00,540,2021-03-08T00:00:00,540,2021-03-01T00:00:00,0,2009-04-20T00:00:00,57,pdsi_severe_drought_in_harvesting
9,lasso,True,2021-03-08T00:00:00,541,2021-03-08T00:00:00,540,2021-03-08T00:00:00,540,2021-03-01T00:00:00,0,2009-04-20T00:00:00,57,ssta_lanina
9,lasso,True,2021-03-08T00:00:00,541,2021-03-08T00:00:00,540,2021-03-08T00:00:00,540,2021-03-01T00:00:00,0,2009-04-20T00:00:00,57,tmin_cold_in_harvesting
9,lasso,True,2021-03-08T00:00:00,541,2021-03-08T00:00:00,540,2021-03-08T00:00:00,540,2021-03-01T00:00:00,0,2009-04-20T00:00:00,57,wheat_monthly_rv
9,lasso,True,2021-03-08T00:00:00,541,2021-03-08T00:00:00,540,2021-03-08T00:00:00,540,2021-03-01T00:00:00,0,2009-04-20T00:00:00,57,wheat_seasonal_rv
9,lasso,True,2021-03-08T00:00:00,541,2021-03-08T00:00:00,540,2021-03-08T00:00:00,540,2021-03-01T00:00:00,0,2009-04-20T00:00:00,57,wheat_weekly_rv
9,lasso,True,2021-03-08T00:00:00,541,2021-03-08T00:00:00,540,2021-03-08T00:00:00,540,2021-03-01T00:00:00,0,2009-04-20T00:00:00,57,wheat_weekly_rvg
9,lasso,True,2021-04-05T00:00:00,545,2021-04-05T00:00:00,544,2021-04-05T00:00:00,544,2021-03-29T00:00:00,0,2009-04-20T00:00:00,58,DJIA_Index
9,lasso,True,2021-04-05T00:00:00,545,2021-04-05T00:00:00,544,2021-04-05T00:00:00,544,2021-03-29T00:00:00,0,2009-04-20T00:00:00,58,NAO_index
9,lasso,True,2021-04-05T00:00:00,545,2021-04-05T00:00:00,544,2021-04-05T00:00:00,544,2021-03-29T00:00:00,0,2009-04-20T00:00:00,58,pdsi_severe_drought_in_harvesting
9,lasso,True,2021-04-05T00:00:00,545,2021-04-05T00:00:00,544,2021-04-05T00:00:00,544,2021-03-29T00:00:00,0,2009-04-20T00:00:00,58,ssta_lanina
9,lasso,True,2021-04-05T00:00:00,545,2021-04-05T00:00:00,544,2021-04-05T00:00:00,544,2021-03-29T00:00:00,0,2009-04-20T00:00:00,58,tmin_cold_in_harvesting
9,lasso,True,2021-04-05T00:00:00,545,2021-04-05T00:00:00,544,2021-04-05T00:00:00,544,2021-03-29T00:00:00,0,2009-04-20T00:00:00,58,wheat_monthly_rv
9,lasso,True,2021-04-05T00:00:00,545,2021-04-05T00:00:00,544,2021-04-05T00:00:00,544,2021-03-29T00:00:00,0,2009-04-20T00:00:00,58,wheat_seasonal_rv
9,lasso,True,2021-04-05T00:00:00,545,2021-04-05T00:00:00,544,2021-04-05T00:00:00,544,2021-03-29T00:00:00,0,2009-04-20T00:00:00,58,wheat_weekly_rv
9,lasso,True,2021-04-05T00:00:00,545,2021-04-05T00:00:00,544,2021-04-05T00:00:00,544,2021-03-29T00:00:00,0,2009-04-20T00:00:00,58,wheat_weekly_rvg
9,lasso,True,2021-05-03T00:00:00,549,2021-05-03T00:00:00,548,2021-05-03T00:00:00,548,2021-04-26T00:00:00,0,2009-04-20T00:00:00,59,DJIA_Index
9,lasso,True,2021-05-03T00:00:00,549,2021-05-03T00:00:00,548,2021-05-03T00:00:00,548,2021-04-26T00:00:00,0,2009-04-20T00:00:00,59,NAO_index
9,lasso,True,2021-05-03T00:00:00,549,2021-05-03T00:00:00,548,2021-05-03T00:00:00,548,2021-04-26T00:00:00,0,2009-04-20T00:00:00,59,pdsi_severe_drought_in_harvesting
9,lasso,True,2021-05-03T00:00:00,549,2021-05-03T00:00:00,548,2021-05-03T00:00:00,548,2021-04-26T00:00:00,0,2009-04-20T00:00:00,59,ssta_lanina
9,lasso,True,2021-05-03T00:00:00,549,2021-05-03T00:00:00,548,2021-05-03T00:00:00,548,2021-04-26T00:00:00,0,2009-04-20T00:00:00,59,tmin_cold_in_harvesting
9,lasso,True,2021-05-03T00:00:00,549,2021-05-03T00:00:00,548,2021-05-03T00:00:00,548,2021-04-26T00:00:00,0,2009-04-20T00:00:00,59,wheat_monthly_rv
9,lasso,True,2021-05-03T00:00:00,549,2021-05-03T00:00:00,548,2021-05-03T00:00:00,548,2021-04-26T00:00:00,0,2009-04-20T00:00:00,59,wheat_seasonal_rv
9,lasso,True,2021-05-03T00:00:00,549,2021-05-03T00:00:00,548,2021-05-03T00:00:00,548,2021-04-26T00:00:00,0,2009-04-20T00:00:00,59,wheat_weekly_rv
9,lasso,True,2021-05-03T00:00:00,549,2021-05-03T00:00:00,548,2021-05-03T00:00:00,548,2021-04-26T00:00:00,0,2009-04-20T00:00:00,59,wheat_weekly_rvg
6,lasso,False,2021-06-07T00:00:00,553,2021-06-07T00:00:00,552,2021-06-07T00:00:00,552,2021-05-24T00:00:00,0,2009-04-20T00:00:00,60,NAO_index
6,lasso,False,2021-06-07T00:00:00,553,2021-06-07T00:00:00,552,2021-06-07T00:00:00,552,2021-05-24T00:00:00,0,2009-04-20T00:00:00,60,tmin_cold_in_harvesting
6,lasso,False,2021-06-07T00:00:00,553,2021-06-07T00:00:00,552,2021-06-07T00:00:00,552,2021-05-24T00:00:00,0,2009-04-20T00:00:00,60,wheat_monthly_rv
6,lasso,False,2021-06-07T00:00:00,553,2021-06-07T00:00:00,552,2021-06-07T00:00:00,552,2021-05-24T00:00:00,0,2009-04-20T00:00:00,60,wheat_seasonal_rv
6,lasso,False,2021-06-07T00:00:00,553,2021-06-07T00:00:00,552,2021-06-07T00:00:00,552,2021-05-24T00:00:00,0,2009-04-20T00:00:00,60,wheat_weekly_rv
6,lasso,False,2021-06-07T00:00:00,553,2021-06-07T00:00:00,552,2021-06-07T00:00:00,552,2021-05-24T00:00:00,0,2009-04-20T00:00:00,60,wheat_weekly_rvg
6,lasso,True,2021-07-12T00:00:00,557,2021-07-12T00:00:00,556,2021-07-12T00:00:00,556,2021-06-28T00:00:00,0,2009-04-20T00:00:00,61,NAO_index
6,lasso,True,2021-07-12T00:00:00,557,2021-07-12T00:00:00,556,2021-07-12T00:00:00,556,2021-06-28T00:00:00,0,2009-04-20T00:00:00,61,tmin_cold_in_harvesting
6,lasso,True,2021-07-12T00:00:00,557,2021-07-12T00:00:00,556,2021-07-12T00:00:00,556,2021-06-28T00:00:00,0,2009-04-20T00:00:00,61,wheat_monthly_rv
6,lasso,True,2021-07-12T00:00:00,557,2021-07-12T00:00:00,556,2021-07-12T00:00:00,556,2021-06-28T00:00:00,0,2009-04-20T00:00:00,61,wheat_seasonal_rv
6,lasso,True,2021-07-12T00:00:00,557,2021-07-12T00:00:00,556,2021-07-12T00:00:00,556,2021-06-28T00:00:00,0,2009-04-20T00:00:00,61,wheat_weekly_rv
6,lasso,True,2021-07-12T00:00:00,557,2021-07-12T00:00:00,556,2021-07-12T00:00:00,556,2021-06-28T00:00:00,0,2009-04-20T00:00:00,61,wheat_weekly_rvg
6,lasso,True,2021-08-09T00:00:00,561,2021-08-09T00:00:00,560,2021-08-09T00:00:00,560,2021-08-02T00:00:00,0,2009-04-20T00:00:00,62,NAO_index
6,lasso,True,2021-08-09T00:00:00,561,2021-08-09T00:00:00,560,2021-08-09T00:00:00,560,2021-08-02T00:00:00,0,2009-04-20T00:00:00,62,tmin_cold_in_harvesting
6,lasso,True,2021-08-09T00:00:00,561,2021-08-09T00:00:00,560,2021-08-09T00:00:00,560,2021-08-02T00:00:00,0,2009-04-20T00:00:00,62,wheat_monthly_rv
6,lasso,True,2021-08-09T00:00:00,561,2021-08-09T00:00:00,560,2021-08-09T00:00:00,560,2021-08-02T00:00:00,0,2009-04-20T00:00:00,62,wheat_seasonal_rv
6,lasso,True,2021-08-09T00:00:00,561,2021-08-09T00:00:00,560,2021-08-09T00:00:00,560,2021-08-02T00:00:00,0,2009-04-20T00:00:00,62,wheat_weekly_rv
6,lasso,True,2021-08-09T00:00:00,561,2021-08-09T00:00:00,560,2021-08-09T00:00:00,560,2021-08-02T00:00:00,0,2009-04-20T00:00:00,62,wheat_weekly_rvg
6,lasso,True,2021-09-13T00:00:00,565,2021-09-13T00:00:00,564,2021-09-13T00:00:00,564,2021-08-30T00:00:00,0,2009-04-20T00:00:00,63,NAO_index
6,lasso,True,2021-09-13T00:00:00,565,2021-09-13T00:00:00,564,2021-09-13T00:00:00,564,2021-08-30T00:00:00,0,2009-04-20T00:00:00,63,tmin_cold_in_harvesting
6,lasso,True,2021-09-13T00:00:00,565,2021-09-13T00:00:00,564,2021-09-13T00:00:00,564,2021-08-30T00:00:00,0,2009-04-20T00:00:00,63,wheat_monthly_rv
6,lasso,True,2021-09-13T00:00:00,565,2021-09-13T00:00:00,564,2021-09-13T00:00:00,564,2021-08-30T00:00:00,0,2009-04-20T00:00:00,63,wheat_seasonal_rv
6,lasso,True,2021-09-13T00:00:00,565,2021-09-13T00:00:00,564,2021-09-13T00:00:00,564,2021-08-30T00:00:00,0,2009-04-20T00:00:00,63,wheat_weekly_rv
6,lasso,True,2021-09-13T00:00:00,565,2021-09-13T00:00:00,564,2021-09-13T00:00:00,564,2021-08-30T00:00:00,0,2009-04-20T00:00:00,63,wheat_weekly_rvg
7,lasso,False,2021-10-18T00:00:00,569,2021-10-18T00:00:00,568,2021-10-18T00:00:00,568,2021-10-04T00:00:00,0,2009-04-20T00:00:00,64,DJIA_Index
7,lasso,False,2021-10-18T00:00:00,569,2021-10-18T00:00:00,568,2021-10-18T00:00:00,568,2021-10-04T00:00:00,0,2009-04-20T00:00:00,64,NAO_index
7,lasso,False,2021-10-18T00:00:00,569,2021-10-18T00:00:00,568,2021-10-18T00:00:00,568,2021-10-04T00:00:00,0,2009-04-20T00:00:00,64,tmin_cold_in_harvesting
7,lasso,False,2021-10-18T00:00:00,569,2021-10-18T00:00:00,568,2021-10-18T00:00:00,568,2021-10-04T00:00:00,0,2009-04-20T00:00:00,64,wheat_monthly_rv
7,lasso,False,2021-10-18T00:00:00,569,2021-10-18T00:00:00,568,2021-10-18T00:00:00,568,2021-10-04T00:00:00,0,2009-04-20T00:00:00,64,wheat_seasonal_rv
7,lasso,False,2021-10-18T00:00:00,569,2021-10-18T00:00:00,568,2021-10-18T00:00:00,568,2021-10-04T00:00:00,0,2009-04-20T00:00:00,64,wheat_weekly_rv
7,lasso,False,2021-10-18T00:00:00,569,2021-10-18T00:00:00,568,2021-10-18T00:00:00,568,2021-10-04T00:00:00,0,2009-04-20T00:00:00,64,wheat_weekly_rvg
7,lasso,True,2021-11-15T00:00:00,573,2021-11-15T00:00:00,572,2021-11-15T00:00:00,572,2021-11-08T00:00:00,0,2009-04-20T00:00:00,65,DJIA_Index
7,lasso,True,2021-11-15T00:00:00,573,2021-11-15T00:00:00,572,2021-11-15T00:00:00,572,2021-11-08T00:00:00,0,2009-04-20T00:00:00,65,NAO_index
7,lasso,True,2021-11-15T00:00:00,573,2021-11-15T00:00:00,572,2021-11-15T00:00:00,572,2021-11-08T00:00:00,0,2009-04-20T00:00:00,65,tmin_cold_in_harvesting
7,lasso,True,2021-11-15T00:00:00,573,2021-11-15T00:00:00,572,2021-11-15T00:00:00,572,2021-11-08T00:00:00,0,2009-04-20T00:00:00,65,wheat_monthly_rv
7,lasso,True,2021-11-15T00:00:00,573,2021-11-15T00:00:00,572,2021-11-15T00:00:00,572,2021-11-08T00:00:00,0,2009-04-20T00:00:00,65,wheat_seasonal_rv
7,lasso,True,2021-11-15T00:00:00,573,2021-11-15T00:00:00,572,2021-11-15T00:00:00,572,2021-11-08T00:00:00,0,2009-04-20T00:00:00,65,wheat_weekly_rv
7,lasso,True,2021-11-15T00:00:00,573,2021-11-15T00:00:00,572,2021-11-15T00:00:00,572,2021-11-08T00:00:00,0,2009-04-20T00:00:00,65,wheat_weekly_rvg
7,lasso,True,2021-12-13T00:00:00,577,2021-12-13T00:00:00,576,2021-12-13T00:00:00,576,2021-12-06T00:00:00,0,2009-04-20T00:00:00,66,DJIA_Index
7,lasso,True,2021-12-13T00:00:00,577,2021-12-13T00:00:00,576,2021-12-13T00:00:00,576,2021-12-06T00:00:00,0,2009-04-20T00:00:00,66,NAO_index
7,lasso,True,2021-12-13T00:00:00,577,2021-12-13T00:00:00,576,2021-12-13T00:00:00,576,2021-12-06T00:00:00,0,2009-04-20T00:00:00,66,tmin_cold_in_harvesting
7,lasso,True,2021-12-13T00:00:00,577,2021-12-13T00:00:00,576,2021-12-13T00:00:00,576,2021-12-06T00:00:00,0,2009-04-20T00:00:00,66,wheat_monthly_rv
7,lasso,True,2021-12-13T00:00:00,577,2021-12-13T00:00:00,576,2021-12-13T00:00:00,576,2021-12-06T00:00:00,0,2009-04-20T00:00:00,66,wheat_seasonal_rv
7,lasso,True,2021-12-13T00:00:00,577,2021-12-13T00:00:00,576,2021-12-13T00:00:00,576,2021-12-06T00:00:00,0,2009-04-20T00:00:00,66,wheat_weekly_rv
7,lasso,True,2021-12-13T00:00:00,577,2021-12-13T00:00:00,576,2021-12-13T00:00:00,576,2021-12-06T00:00:00,0,2009-04-20T00:00:00,66,wheat_weekly_rvg
7,lasso,True,2022-01-10T00:00:00,581,2022-01-10T00:00:00,580,2022-01-10T00:00:00,580,2022-01-03T00:00:00,0,2009-04-20T00:00:00,67,DJIA_Index
7,lasso,True,2022-01-10T00:00:00,581,2022-01-10T00:00:00,580,2022-01-10T00:00:00,580,2022-01-03T00:00:00,0,2009-04-20T00:00:00,67,NAO_index
7,lasso,True,2022-01-10T00:00:00,581,2022-01-10T00:00:00,580,2022-01-10T00:00:00,580,2022-01-03T00:00:00,0,2009-04-20T00:00:00,67,tmin_cold_in_harvesting
7,lasso,True,2022-01-10T00:00:00,581,2022-01-10T00:00:00,580,2022-01-10T00:00:00,580,2022-01-03T00:00:00,0,2009-04-20T00:00:00,67,wheat_monthly_rv
7,lasso,True,2022-01-10T00:00:00,581,2022-01-10T00:00:00,580,2022-01-10T00:00:00,580,2022-01-03T00:00:00,0,2009-04-20T00:00:00,67,wheat_seasonal_rv
7,lasso,True,2022-01-10T00:00:00,581,2022-01-10T00:00:00,580,2022-01-10T00:00:00,580,2022-01-03T00:00:00,0,2009-04-20T00:00:00,67,wheat_weekly_rv
7,lasso,True,2022-01-10T00:00:00,581,2022-01-10T00:00:00,580,2022-01-10T00:00:00,580,2022-01-03T00:00:00,0,2009-04-20T00:00:00,67,wheat_weekly_rvg
6,lasso,False,2022-02-14T00:00:00,585,2022-02-14T00:00:00,584,2022-02-14T00:00:00,584,2022-02-07T00:00:00,0,2009-04-20T00:00:00,68,NAO_index
6,lasso,False,2022-02-14T00:00:00,585,2022-02-14T00:00:00,584,2022-02-14T00:00:00,584,2022-02-07T00:00:00,0,2009-04-20T00:00:00,68,tmin_cold_in_harvesting
6,lasso,False,2022-02-14T00:00:00,585,2022-02-14T00:00:00,584,2022-02-14T00:00:00,584,2022-02-07T00:00:00,0,2009-04-20T00:00:00,68,wheat_monthly_rv
6,lasso,False,2022-02-14T00:00:00,585,2022-02-14T00:00:00,584,2022-02-14T00:00:00,584,2022-02-07T00:00:00,0,2009-04-20T00:00:00,68,wheat_seasonal_rv
6,lasso,False,2022-02-14T00:00:00,585,2022-02-14T00:00:00,584,2022-02-14T00:00:00,584,2022-02-07T00:00:00,0,2009-04-20T00:00:00,68,wheat_weekly_rv
6,lasso,False,2022-02-14T00:00:00,585,2022-02-14T00:00:00,584,2022-02-14T00:00:00,584,2022-02-07T00:00:00,0,2009-04-20T00:00:00,68,wheat_weekly_rvg
6,lasso,True,2022-03-21T00:00:00,589,2022-03-21T00:00:00,588,2022-03-21T00:00:00,588,2022-03-14T00:00:00,0,2009-04-20T00:00:00,69,NAO_index
6,lasso,True,2022-03-21T00:00:00,589,2022-03-21T00:00:00,588,2022-03-21T00:00:00,588,2022-03-14T00:00:00,0,2009-04-20T00:00:00,69,tmin_cold_in_harvesting
6,lasso,True,2022-03-21T00:00:00,589,2022-03-21T00:00:00,588,2022-03-21T00:00:00,588,2022-03-14T00:00:00,0,2009-04-20T00:00:00,69,wheat_monthly_rv
6,lasso,True,2022-03-21T00:00:00,589,2022-03-21T00:00:00,588,2022-03-21T00:00:00,588,2022-03-14T00:00:00,0,2009-04-20T00:00:00,69,wheat_seasonal_rv
6,lasso,True,2022-03-21T00:00:00,589,2022-03-21T00:00:00,588,2022-03-21T00:00:00,588,2022-03-14T00:00:00,0,2009-04-20T00:00:00,69,wheat_weekly_rv
6,lasso,True,2022-03-21T00:00:00,589,2022-03-21T00:00:00,588,2022-03-21T00:00:00,588,2022-03-14T00:00:00,0,2009-04-20T00:00:00,69,wheat_weekly_rvg
6,lasso,True,2022-04-18T00:00:00,593,2022-04-18T00:00:00,592,2022-04-18T00:00:00,592,2022-04-11T00:00:00,0,2009-04-20T00:00:00,70,NAO_index
6,lasso,True,2022-04-18T00:00:00,593,2022-04-18T00:00:00,592,2022-04-18T00:00:00,592,2022-04-11T00:00:00,0,2009-04-20T00:00:00,70,tmin_cold_in_harvesting
6,lasso,True,2022-04-18T00:00:00,593,2022-04-18T00:00:00,592,2022-04-18T00:00:00,592,2022-04-11T00:00:00,0,2009-04-20T00:00:00,70,wheat_monthly_rv
6,lasso,True,2022-04-18T00:00:00,593,2022-04-18T00:00:00,592,2022-04-18T00:00:00,592,2022-04-11T00:00:00,0,2009-04-20T00:00:00,70,wheat_seasonal_rv
6,lasso,True,2022-04-18T00:00:00,593,2022-04-18T00:00:00,592,2022-04-18T00:00:00,592,2022-04-11T00:00:00,0,2009-04-20T00:00:00,70,wheat_weekly_rv
6,lasso,True,2022-04-18T00:00:00,593,2022-04-18T00:00:00,592,2022-04-18T00:00:00,592,2022-04-11T00:00:00,0,2009-04-20T00:00:00,70,wheat_weekly_rvg
6,lasso,True,2022-05-16T00:00:00,597,2022-05-16T00:00:00,596,2022-05-16T00:00:00,596,2022-05-09T00:00:00,0,2009-04-20T00:00:00,71,NAO_index
6,lasso,True,2022-05-16T00:00:00,597,2022-05-16T00:00:00,596,2022-05-16T00:00:00,596,2022-05-09T00:00:00,0,2009-04-20T00:00:00,71,tmin_cold_in_harvesting
6,lasso,True,2022-05-16T00:00:00,597,2022-05-16T00:00:00,596,2022-05-16T00:00:00,596,2022-05-09T00:00:00,0,2009-04-20T00:00:00,71,wheat_monthly_rv
6,lasso,True,2022-05-16T00:00:00,597,2022-05-16T00:00:00,596,2022-05-16T00:00:00,596,2022-05-09T00:00:00,0,2009-04-20T00:00:00,71,wheat_seasonal_rv
6,lasso,True,2022-05-16T00:00:00,597,2022-05-16T00:00:00,596,2022-05-16T00:00:00,596,2022-05-09T00:00:00,0,2009-04-20T00:00:00,71,wheat_weekly_rv
6,lasso,True,2022-05-16T00:00:00,597,2022-05-16T00:00:00,596,2022-05-16T00:00:00,596,2022-05-09T00:00:00,0,2009-04-20T00:00:00,71,wheat_weekly_rvg
11,lasso,False,2022-06-27T00:00:00,601,2022-06-27T00:00:00,600,2022-06-27T00:00:00,600,2022-06-13T00:00:00,0,2009-04-20T00:00:00,72,NAO_index
11,lasso,False,2022-06-27T00:00:00,601,2022-06-27T00:00:00,600,2022-06-27T00:00:00,600,2022-06-13T00:00:00,0,2009-04-20T00:00:00,72,awnd_extreme_high_wind_in_planting
11,lasso,False,2022-06-27T00:00:00,601,2022-06-27T00:00:00,600,2022-06-27T00:00:00,600,2022-06-13T00:00:00,0,2009-04-20T00:00:00,72,corn_weekly_rv
11,lasso,False,2022-06-27T00:00:00,601,2022-06-27T00:00:00,600,2022-06-27T00:00:00,600,2022-06-13T00:00:00,0,2009-04-20T00:00:00,72,ssta_lanina
11,lasso,False,2022-06-27T00:00:00,601,2022-06-27T00:00:00,600,2022-06-27T00:00:00,600,2022-06-13T00:00:00,0,2009-04-20T00:00:00,72,tmin_cold_in_harvesting
11,lasso,False,2022-06-27T00:00:00,601,2022-06-27T00:00:00,600,2022-06-27T00:00:00,600,2022-06-13T00:00:00,0,2009-04-20T00:00:00,72,tmin_cold_in_planting
11,lasso,False,2022-06-27T00:00:00,601,2022-06-27T00:00:00,600,2022-06-27T00:00:00,600,2022-06-13T00:00:00,0,2009-04-20T00:00:00,72,wheat_monthly_rv
11,lasso,False,2022-06-27T00:00:00,601,2022-06-27T00:00:00,600,2022-06-27T00:00:00,600,2022-06-13T00:00:00,0,2009-04-20T00:00:00,72,wheat_seasonal_rv
11,lasso,False,2022-06-27T00:00:00,601,2022-06-27T00:00:00,600,2022-06-27T00:00:00,600,2022-06-13T00:00:00,0,2009-04-20T00:00:00,72,wheat_weekly_jumps
11,lasso,False,2022-06-27T00:00:00,601,2022-06-27T00:00:00,600,2022-06-27T00:00:00,600,2022-06-13T00:00:00,0,2009-04-20T00:00:00,72,wheat_weekly_rv
11,lasso,False,2022-06-27T00:00:00,601,2022-06-27T00:00:00,600,2022-06-27T00:00:00,600,2022-06-13T00:00:00,0,2009-04-20T00:00:00,72,wheat_weekly_rvg
11,lasso,True,2022-08-01T00:00:00,605,2022-08-01T00:00:00,604,2022-08-01T00:00:00,604,2022-07-25T00:00:00,0,2009-04-20T00:00:00,73,NAO_index
11,lasso,True,2022-08-01T00:00:00,605,2022-08-01T00:00:00,604,2022-08-01T00:00:00,604,2022-07-25T00:00:00,0,2009-04-20T00:00:00,73,awnd_extreme_high_wind_in_planting
11,lasso,True,2022-08-01T00:00:00,605,2022-08-01T00:00:00,604,2022-08-01T00:00:00,604,2022-07-25T00:00:00,0,2009-04-20T00:00:00,73,corn_weekly_rv
11,lasso,True,2022-08-01T00:00:00,605,2022-08-01T00:00:00,604,2022-08-01T00:00:00,604,2022-07-25T00:00:00,0,2009-04-20T00:00:00,73,ssta_lanina
11,lasso,True,2022-08-01T00:00:00,605,2022-08-01T00:00:00,604,2022-08-01T00:00:00,604,2022-07-25T00:00:00,0,2009-04-20T00:00:00,73,tmin_cold_in_harvesting
11,lasso,True,2022-08-01T00:00:00,605,2022-08-01T00:00:00,604,2022-08-01T00:00:00,604,2022-07-25T00:00:00,0,2009-04-20T00:00:00,73,tmin_cold_in_planting
11,lasso,True,2022-08-01T00:00:00,605,2022-08-01T00:00:00,604,2022-08-01T00:00:00,604,2022-07-25T00:00:00,0,2009-04-20T00:00:00,73,wheat_monthly_rv
11,lasso,True,2022-08-01T00:00:00,605,2022-08-01T00:00:00,604,2022-08-01T00:00:00,604,2022-07-25T00:00:00,0,2009-04-20T00:00:00,73,wheat_seasonal_rv
11,lasso,True,2022-08-01T00:00:00,605,2022-08-01T00:00:00,604,2022-08-01T00:00:00,604,2022-07-25T00:00:00,0,2009-04-20T00:00:00,73,wheat_weekly_jumps
11,lasso,True,2022-08-01T00:00:00,605,2022-08-01T00:00:00,604,2022-08-01T00:00:00,604,2022-07-25T00:00:00,0,2009-04-20T00:00:00,73,wheat_weekly_rv
11,lasso,True,2022-08-01T00:00:00,605,2022-08-01T00:00:00,604,2022-08-01T00:00:00,604,2022-07-25T00:00:00,0,2009-04-20T00:00:00,73,wheat_weekly_rvg
11,lasso,True,2022-08-29T00:00:00,609,2022-08-29T00:00:00,608,2022-08-29T00:00:00,608,2022-08-22T00:00:00,0,2009-04-20T00:00:00,74,NAO_index
11,lasso,True,2022-08-29T00:00:00,609,2022-08-29T00:00:00,608,2022-08-29T00:00:00,608,2022-08-22T00:00:00,0,2009-04-20T00:00:00,74,awnd_extreme_high_wind_in_planting
11,lasso,True,2022-08-29T00:00:00,609,2022-08-29T00:00:00,608,2022-08-29T00:00:00,608,2022-08-22T00:00:00,0,2009-04-20T00:00:00,74,corn_weekly_rv
11,lasso,True,2022-08-29T00:00:00,609,2022-08-29T00:00:00,608,2022-08-29T00:00:00,608,2022-08-22T00:00:00,0,2009-04-20T00:00:00,74,ssta_lanina
11,lasso,True,2022-08-29T00:00:00,609,2022-08-29T00:00:00,608,2022-08-29T00:00:00,608,2022-08-22T00:00:00,0,2009-04-20T00:00:00,74,tmin_cold_in_harvesting
11,lasso,True,2022-08-29T00:00:00,609,2022-08-29T00:00:00,608,2022-08-29T00:00:00,608,2022-08-22T00:00:00,0,2009-04-20T00:00:00,74,tmin_cold_in_planting
11,lasso,True,2022-08-29T00:00:00,609,2022-08-29T00:00:00,608,2022-08-29T00:00:00,608,2022-08-22T00:00:00,0,2009-04-20T00:00:00,74,wheat_monthly_rv
11,lasso,True,2022-08-29T00:00:00,609,2022-08-29T00:00:00,608,2022-08-29T00:00:00,608,2022-08-22T00:00:00,0,2009-04-20T00:00:00,74,wheat_seasonal_rv
11,lasso,True,2022-08-29T00:00:00,609,2022-08-29T00:00:00,608,2022-08-29T00:00:00,608,2022-08-22T00:00:00,0,2009-04-20T00:00:00,74,wheat_weekly_jumps
11,lasso,True,2022-08-29T00:00:00,609,2022-08-29T00:00:00,608,2022-08-29T00:00:00,608,2022-08-22T00:00:00,0,2009-04-20T00:00:00,74,wheat_weekly_rv
11,lasso,True,2022-08-29T00:00:00,609,2022-08-29T00:00:00,608,2022-08-29T00:00:00,608,2022-08-22T00:00:00,0,2009-04-20T00:00:00,74,wheat_weekly_rvg
11,lasso,True,2022-10-03T00:00:00,613,2022-10-03T00:00:00,612,2022-10-03T00:00:00,612,2022-09-26T00:00:00,0,2009-04-20T00:00:00,75,NAO_index
11,lasso,True,2022-10-03T00:00:00,613,2022-10-03T00:00:00,612,2022-10-03T00:00:00,612,2022-09-26T00:00:00,0,2009-04-20T00:00:00,75,awnd_extreme_high_wind_in_planting
11,lasso,True,2022-10-03T00:00:00,613,2022-10-03T00:00:00,612,2022-10-03T00:00:00,612,2022-09-26T00:00:00,0,2009-04-20T00:00:00,75,corn_weekly_rv
11,lasso,True,2022-10-03T00:00:00,613,2022-10-03T00:00:00,612,2022-10-03T00:00:00,612,2022-09-26T00:00:00,0,2009-04-20T00:00:00,75,ssta_lanina
11,lasso,True,2022-10-03T00:00:00,613,2022-10-03T00:00:00,612,2022-10-03T00:00:00,612,2022-09-26T00:00:00,0,2009-04-20T00:00:00,75,tmin_cold_in_harvesting
11,lasso,True,2022-10-03T00:00:00,613,2022-10-03T00:00:00,612,2022-10-03T00:00:00,612,2022-09-26T00:00:00,0,2009-04-20T00:00:00,75,tmin_cold_in_planting
11,lasso,True,2022-10-03T00:00:00,613,2022-10-03T00:00:00,612,2022-10-03T00:00:00,612,2022-09-26T00:00:00,0,2009-04-20T00:00:00,75,wheat_monthly_rv
11,lasso,True,2022-10-03T00:00:00,613,2022-10-03T00:00:00,612,2022-10-03T00:00:00,612,2022-09-26T00:00:00,0,2009-04-20T00:00:00,75,wheat_seasonal_rv
11,lasso,True,2022-10-03T00:00:00,613,2022-10-03T00:00:00,612,2022-10-03T00:00:00,612,2022-09-26T00:00:00,0,2009-04-20T00:00:00,75,wheat_weekly_jumps
11,lasso,True,2022-10-03T00:00:00,613,2022-10-03T00:00:00,612,2022-10-03T00:00:00,612,2022-09-26T00:00:00,0,2009-04-20T00:00:00,75,wheat_weekly_rv
11,lasso,True,2022-10-03T00:00:00,613,2022-10-03T00:00:00,612,2022-10-03T00:00:00,612,2022-09-26T00:00:00,0,2009-04-20T00:00:00,75,wheat_weekly_rvg
11,lasso,False,2022-11-07T00:00:00,617,2022-11-07T00:00:00,616,2022-11-07T00:00:00,616,2022-10-31T00:00:00,0,2009-04-20T00:00:00,76,NAO_index
11,lasso,False,2022-11-07T00:00:00,617,2022-11-07T00:00:00,616,2022-11-07T00:00:00,616,2022-10-31T00:00:00,0,2009-04-20T00:00:00,76,awnd_extreme_high_wind_in_planting
11,lasso,False,2022-11-07T00:00:00,617,2022-11-07T00:00:00,616,2022-11-07T00:00:00,616,2022-10-31T00:00:00,0,2009-04-20T00:00:00,76,corn_weekly_rv
11,lasso,False,2022-11-07T00:00:00,617,2022-11-07T00:00:00,616,2022-11-07T00:00:00,616,2022-10-31T00:00:00,0,2009-04-20T00:00:00,76,ssta_lanina
11,lasso,False,2022-11-07T00:00:00,617,2022-11-07T00:00:00,616,2022-11-07T00:00:00,616,2022-10-31T00:00:00,0,2009-04-20T00:00:00,76,tmin_cold_in_harvesting
11,lasso,False,2022-11-07T00:00:00,617,2022-11-07T00:00:00,616,2022-11-07T00:00:00,616,2022-10-31T00:00:00,0,2009-04-20T00:00:00,76,tmin_cold_in_planting
11,lasso,False,2022-11-07T00:00:00,617,2022-11-07T00:00:00,616,2022-11-07T00:00:00,616,2022-10-31T00:00:00,0,2009-04-20T00:00:00,76,wheat_monthly_rv
11,lasso,False,2022-11-07T00:00:00,617,2022-11-07T00:00:00,616,2022-11-07T00:00:00,616,2022-10-31T00:00:00,0,2009-04-20T00:00:00,76,wheat_seasonal_rv
11,lasso,False,2022-11-07T00:00:00,617,2022-11-07T00:00:00,616,2022-11-07T00:00:00,616,2022-10-31T00:00:00,0,2009-04-20T00:00:00,76,wheat_weekly_jumps
11,lasso,False,2022-11-07T00:00:00,617,2022-11-07T00:00:00,616,2022-11-07T00:00:00,616,2022-10-31T00:00:00,0,2009-04-20T00:00:00,76,wheat_weekly_rv
11,lasso,False,2022-11-07T00:00:00,617,2022-11-07T00:00:00,616,2022-11-07T00:00:00,616,2022-10-31T00:00:00,0,2009-04-20T00:00:00,76,wheat_weekly_rvg
11,lasso,True,2022-12-05T00:00:00,621,2022-12-05T00:00:00,620,2022-12-05T00:00:00,620,2022-11-28T00:00:00,0,2009-04-20T00:00:00,77,NAO_index
11,lasso,True,2022-12-05T00:00:00,621,2022-12-05T00:00:00,620,2022-12-05T00:00:00,620,2022-11-28T00:00:00,0,2009-04-20T00:00:00,77,awnd_extreme_high_wind_in_planting
11,lasso,True,2022-12-05T00:00:00,621,2022-12-05T00:00:00,620,2022-12-05T00:00:00,620,2022-11-28T00:00:00,0,2009-04-20T00:00:00,77,corn_weekly_rv
11,lasso,True,2022-12-05T00:00:00,621,2022-12-05T00:00:00,620,2022-12-05T00:00:00,620,2022-11-28T00:00:00,0,2009-04-20T00:00:00,77,ssta_lanina
11,lasso,True,2022-12-05T00:00:00,621,2022-12-05T00:00:00,620,2022-12-05T00:00:00,620,2022-11-28T00:00:00,0,2009-04-20T00:00:00,77,tmin_cold_in_harvesting
11,lasso,True,2022-12-05T00:00:00,621,2022-12-05T00:00:00,620,2022-12-05T00:00:00,620,2022-11-28T00:00:00,0,2009-04-20T00:00:00,77,tmin_cold_in_planting
11,lasso,True,2022-12-05T00:00:00,621,2022-12-05T00:00:00,620,2022-12-05T00:00:00,620,2022-11-28T00:00:00,0,2009-04-20T00:00:00,77,wheat_monthly_rv
11,lasso,True,2022-12-05T00:00:00,621,2022-12-05T00:00:00,620,2022-12-05T00:00:00,620,2022-11-28T00:00:00,0,2009-04-20T00:00:00,77,wheat_seasonal_rv
11,lasso,True,2022-12-05T00:00:00,621,2022-12-05T00:00:00,620,2022-12-05T00:00:00,620,2022-11-28T00:00:00,0,2009-04-20T00:00:00,77,wheat_weekly_jumps
11,lasso,True,2022-12-05T00:00:00,621,2022-12-05T00:00:00,620,2022-12-05T00:00:00,620,2022-11-28T00:00:00,0,2009-04-20T00:00:00,77,wheat_weekly_rv
11,lasso,True,2022-12-05T00:00:00,621,2022-12-05T00:00:00,620,2022-12-05T00:00:00,620,2022-11-28T00:00:00,0,2009-04-20T00:00:00,77,wheat_weekly_rvg
11,lasso,True,2023-01-23T00:00:00,625,2023-01-23T00:00:00,624,2023-01-23T00:00:00,624,2023-01-09T00:00:00,0,2009-04-20T00:00:00,78,NAO_index
11,lasso,True,2023-01-23T00:00:00,625,2023-01-23T00:00:00,624,2023-01-23T00:00:00,624,2023-01-09T00:00:00,0,2009-04-20T00:00:00,78,awnd_extreme_high_wind_in_planting
11,lasso,True,2023-01-23T00:00:00,625,2023-01-23T00:00:00,624,2023-01-23T00:00:00,624,2023-01-09T00:00:00,0,2009-04-20T00:00:00,78,corn_weekly_rv
11,lasso,True,2023-01-23T00:00:00,625,2023-01-23T00:00:00,624,2023-01-23T00:00:00,624,2023-01-09T00:00:00,0,2009-04-20T00:00:00,78,ssta_lanina
11,lasso,True,2023-01-23T00:00:00,625,2023-01-23T00:00:00,624,2023-01-23T00:00:00,624,2023-01-09T00:00:00,0,2009-04-20T00:00:00,78,tmin_cold_in_harvesting
11,lasso,True,2023-01-23T00:00:00,625,2023-01-23T00:00:00,624,2023-01-23T00:00:00,624,2023-01-09T00:00:00,0,2009-04-20T00:00:00,78,tmin_cold_in_planting
11,lasso,True,2023-01-23T00:00:00,625,2023-01-23T00:00:00,624,2023-01-23T00:00:00,624,2023-01-09T00:00:00,0,2009-04-20T00:00:00,78,wheat_monthly_rv
11,lasso,True,2023-01-23T00:00:00,625,2023-01-23T00:00:00,624,2023-01-23T00:00:00,624,2023-01-09T00:00:00,0,2009-04-20T00:00:00,78,wheat_seasonal_rv
11,lasso,True,2023-01-23T00:00:00,625,2023-01-23T00:00:00,624,2023-01-23T00:00:00,624,2023-01-09T00:00:00,0,2009-04-20T00:00:00,78,wheat_weekly_jumps
11,lasso,True,2023-01-23T00:00:00,625,2023-01-23T00:00:00,624,2023-01-23T00:00:00,624,2023-01-09T00:00:00,0,2009-04-20T00:00:00,78,wheat_weekly_rv
11,lasso,True,2023-01-23T00:00:00,625,2023-01-23T00:00:00,624,2023-01-23T00:00:00,624,2023-01-09T00:00:00,0,2009-04-20T00:00:00,78,wheat_weekly_rvg
11,lasso,True,2023-02-27T00:00:00,629,2023-02-27T00:00:00,628,2023-02-27T00:00:00,628,2023-02-13T00:00:00,0,2009-04-20T00:00:00,79,NAO_index
11,lasso,True,2023-02-27T00:00:00,629,2023-02-27T00:00:00,628,2023-02-27T00:00:00,628,2023-02-13T00:00:00,0,2009-04-20T00:00:00,79,awnd_extreme_high_wind_in_planting
11,lasso,True,2023-02-27T00:00:00,629,2023-02-27T00:00:00,628,2023-02-27T00:00:00,628,2023-02-13T00:00:00,0,2009-04-20T00:00:00,79,corn_weekly_rv
11,lasso,True,2023-02-27T00:00:00,629,2023-02-27T00:00:00,628,2023-02-27T00:00:00,628,2023-02-13T00:00:00,0,2009-04-20T00:00:00,79,ssta_lanina
11,lasso,True,2023-02-27T00:00:00,629,2023-02-27T00:00:00,628,2023-02-27T00:00:00,628,2023-02-13T00:00:00,0,2009-04-20T00:00:00,79,tmin_cold_in_harvesting
11,lasso,True,2023-02-27T00:00:00,629,2023-02-27T00:00:00,628,2023-02-27T00:00:00,628,2023-02-13T00:00:00,0,2009-04-20T00:00:00,79,tmin_cold_in_planting
11,lasso,True,2023-02-27T00:00:00,629,2023-02-27T00:00:00,628,2023-02-27T00:00:00,628,2023-02-13T00:00:00,0,2009-04-20T00:00:00,79,wheat_monthly_rv
11,lasso,True,2023-02-27T00:00:00,629,2023-02-27T00:00:00,628,2023-02-27T00:00:00,628,2023-02-13T00:00:00,0,2009-04-20T00:00:00,79,wheat_seasonal_rv
11,lasso,True,2023-02-27T00:00:00,629,2023-02-27T00:00:00,628,2023-02-27T00:00:00,628,2023-02-13T00:00:00,0,2009-04-20T00:00:00,79,wheat_weekly_jumps
11,lasso,True,2023-02-27T00:00:00,629,2023-02-27T00:00:00,628,2023-02-27T00:00:00,628,2023-02-13T00:00:00,0,2009-04-20T00:00:00,79,wheat_weekly_rv
11,lasso,True,2023-02-27T00:00:00,629,2023-02-27T00:00:00,628,2023-02-27T00:00:00,628,2023-02-13T00:00:00,0,2009-04-20T00:00:00,79,wheat_weekly_rvg
9,lasso,False,2023-03-27T00:00:00,633,2023-03-27T00:00:00,632,2023-03-27T00:00:00,632,2023-03-20T00:00:00,0,2009-04-20T00:00:00,80,NAO_index
9,lasso,False,2023-03-27T00:00:00,633,2023-03-27T00:00:00,632,2023-03-27T00:00:00,632,2023-03-20T00:00:00,0,2009-04-20T00:00:00,80,corn_weekly_rv
9,lasso,False,2023-03-27T00:00:00,633,2023-03-27T00:00:00,632,2023-03-27T00:00:00,632,2023-03-20T00:00:00,0,2009-04-20T00:00:00,80,ssta_lanina
9,lasso,False,2023-03-27T00:00:00,633,2023-03-27T00:00:00,632,2023-03-27T00:00:00,632,2023-03-20T00:00:00,0,2009-04-20T00:00:00,80,tmin_cold_in_harvesting
9,lasso,False,2023-03-27T00:00:00,633,2023-03-27T00:00:00,632,2023-03-27T00:00:00,632,2023-03-20T00:00:00,0,2009-04-20T00:00:00,80,wheat_monthly_rv
9,lasso,False,2023-03-27T00:00:00,633,2023-03-27T00:00:00,632,2023-03-27T00:00:00,632,2023-03-20T00:00:00,0,2009-04-20T00:00:00,80,wheat_seasonal_rv
9,lasso,False,2023-03-27T00:00:00,633,2023-03-27T00:00:00,632,2023-03-27T00:00:00,632,2023-03-20T00:00:00,0,2009-04-20T00:00:00,80,wheat_weekly_jumps
9,lasso,False,2023-03-27T00:00:00,633,2023-03-27T00:00:00,632,2023-03-27T00:00:00,632,2023-03-20T00:00:00,0,2009-04-20T00:00:00,80,wheat_weekly_rv
9,lasso,False,2023-03-27T00:00:00,633,2023-03-27T00:00:00,632,2023-03-27T00:00:00,632,2023-03-20T00:00:00,0,2009-04-20T00:00:00,80,wheat_weekly_rvg
9,lasso,True,2023-04-24T00:00:00,637,2023-04-24T00:00:00,636,2023-04-24T00:00:00,636,2023-04-17T00:00:00,0,2009-04-20T00:00:00,81,NAO_index
9,lasso,True,2023-04-24T00:00:00,637,2023-04-24T00:00:00,636,2023-04-24T00:00:00,636,2023-04-17T00:00:00,0,2009-04-20T00:00:00,81,corn_weekly_rv
9,lasso,True,2023-04-24T00:00:00,637,2023-04-24T00:00:00,636,2023-04-24T00:00:00,636,2023-04-17T00:00:00,0,2009-04-20T00:00:00,81,ssta_lanina
9,lasso,True,2023-04-24T00:00:00,637,2023-04-24T00:00:00,636,2023-04-24T00:00:00,636,2023-04-17T00:00:00,0,2009-04-20T00:00:00,81,tmin_cold_in_harvesting
9,lasso,True,2023-04-24T00:00:00,637,2023-04-24T00:00:00,636,2023-04-24T00:00:00,636,2023-04-17T00:00:00,0,2009-04-20T00:00:00,81,wheat_monthly_rv
9,lasso,True,2023-04-24T00:00:00,637,2023-04-24T00:00:00,636,2023-04-24T00:00:00,636,2023-04-17T00:00:00,0,2009-04-20T00:00:00,81,wheat_seasonal_rv
9,lasso,True,2023-04-24T00:00:00,637,2023-04-24T00:00:00,636,2023-04-24T00:00:00,636,2023-04-17T00:00:00,0,2009-04-20T00:00:00,81,wheat_weekly_jumps
9,lasso,True,2023-04-24T00:00:00,637,2023-04-24T00:00:00,636,2023-04-24T00:00:00,636,2023-04-17T00:00:00,0,2009-04-20T00:00:00,81,wheat_weekly_rv
9,lasso,True,2023-04-24T00:00:00,637,2023-04-24T00:00:00,636,2023-04-24T00:00:00,636,2023-04-17T00:00:00,0,2009-04-20T00:00:00,81,wheat_weekly_rvg
9,lasso,True,2023-05-22T00:00:00,641,2023-05-22T00:00:00,640,2023-05-22T00:00:00,640,2023-05-15T00:00:00,0,2009-04-20T00:00:00,82,NAO_index
9,lasso,True,2023-05-22T00:00:00,641,2023-05-22T00:00:00,640,2023-05-22T00:00:00,640,2023-05-15T00:00:00,0,2009-04-20T00:00:00,82,corn_weekly_rv
9,lasso,True,2023-05-22T00:00:00,641,2023-05-22T00:00:00,640,2023-05-22T00:00:00,640,2023-05-15T00:00:00,0,2009-04-20T00:00:00,82,ssta_lanina
9,lasso,True,2023-05-22T00:00:00,641,2023-05-22T00:00:00,640,2023-05-22T00:00:00,640,2023-05-15T00:00:00,0,2009-04-20T00:00:00,82,tmin_cold_in_harvesting
9,lasso,True,2023-05-22T00:00:00,641,2023-05-22T00:00:00,640,2023-05-22T00:00:00,640,2023-05-15T00:00:00,0,2009-04-20T00:00:00,82,wheat_monthly_rv
9,lasso,True,2023-05-22T00:00:00,641,2023-05-22T00:00:00,640,2023-05-22T00:00:00,640,2023-05-15T00:00:00,0,2009-04-20T00:00:00,82,wheat_seasonal_rv
9,lasso,True,2023-05-22T00:00:00,641,2023-05-22T00:00:00,640,2023-05-22T00:00:00,640,2023-05-15T00:00:00,0,2009-04-20T00:00:00,82,wheat_weekly_jumps
9,lasso,True,2023-05-22T00:00:00,641,2023-05-22T00:00:00,640,2023-05-22T00:00:00,640,2023-05-15T00:00:00,0,2009-04-20T00:00:00,82,wheat_weekly_rv
9,lasso,True,2023-05-22T00:00:00,641,2023-05-22T00:00:00,640,2023-05-22T00:00:00,640,2023-05-15T00:00:00,0,2009-04-20T00:00:00,82,wheat_weekly_rvg
9,lasso,True,2023-07-03T00:00:00,645,2023-07-03T00:00:00,644,2023-07-03T00:00:00,644,2023-06-26T00:00:00,0,2009-04-20T00:00:00,83,NAO_index
9,lasso,True,2023-07-03T00:00:00,645,2023-07-03T00:00:00,644,2023-07-03T00:00:00,644,2023-06-26T00:00:00,0,2009-04-20T00:00:00,83,corn_weekly_rv
9,lasso,True,2023-07-03T00:00:00,645,2023-07-03T00:00:00,644,2023-07-03T00:00:00,644,2023-06-26T00:00:00,0,2009-04-20T00:00:00,83,ssta_lanina
9,lasso,True,2023-07-03T00:00:00,645,2023-07-03T00:00:00,644,2023-07-03T00:00:00,644,2023-06-26T00:00:00,0,2009-04-20T00:00:00,83,tmin_cold_in_harvesting
9,lasso,True,2023-07-03T00:00:00,645,2023-07-03T00:00:00,644,2023-07-03T00:00:00,644,2023-06-26T00:00:00,0,2009-04-20T00:00:00,83,wheat_monthly_rv
9,lasso,True,2023-07-03T00:00:00,645,2023-07-03T00:00:00,644,2023-07-03T00:00:00,644,2023-06-26T00:00:00,0,2009-04-20T00:00:00,83,wheat_seasonal_rv
9,lasso,True,2023-07-03T00:00:00,645,2023-07-03T00:00:00,644,2023-07-03T00:00:00,644,2023-06-26T00:00:00,0,2009-04-20T00:00:00,83,wheat_weekly_jumps
9,lasso,True,2023-07-03T00:00:00,645,2023-07-03T00:00:00,644,2023-07-03T00:00:00,644,2023-06-26T00:00:00,0,2009-04-20T00:00:00,83,wheat_weekly_rv
9,lasso,True,2023-07-03T00:00:00,645,2023-07-03T00:00:00,644,2023-07-03T00:00:00,644,2023-06-26T00:00:00,0,2009-04-20T00:00:00,83,wheat_weekly_rvg
10,lasso,False,2023-07-31T00:00:00,649,2023-07-31T00:00:00,648,2023-07-31T00:00:00,648,2023-07-24T00:00:00,0,2009-04-20T00:00:00,84,NAO_index
10,lasso,False,2023-07-31T00:00:00,649,2023-07-31T00:00:00,648,2023-07-31T00:00:00,648,2023-07-24T00:00:00,0,2009-04-20T00:00:00,84,awnd_extreme_high_wind_in_planting
10,lasso,False,2023-07-31T00:00:00,649,2023-07-31T00:00:00,648,2023-07-31T00:00:00,648,2023-07-24T00:00:00,0,2009-04-20T00:00:00,84,corn_weekly_rv
10,lasso,False,2023-07-31T00:00:00,649,2023-07-31T00:00:00,648,2023-07-31T00:00:00,648,2023-07-24T00:00:00,0,2009-04-20T00:00:00,84,ssta_lanina
10,lasso,False,2023-07-31T00:00:00,649,2023-07-31T00:00:00,648,2023-07-31T00:00:00,648,2023-07-24T00:00:00,0,2009-04-20T00:00:00,84,tmin_cold_in_harvesting
10,lasso,False,2023-07-31T00:00:00,649,2023-07-31T00:00:00,648,2023-07-31T00:00:00,648,2023-07-24T00:00:00,0,2009-04-20T00:00:00,84,wheat_monthly_rv
10,lasso,False,2023-07-31T00:00:00,649,2023-07-31T00:00:00,648,2023-07-31T00:00:00,648,2023-07-24T00:00:00,0,2009-04-20T00:00:00,84,wheat_seasonal_rv
10,lasso,False,2023-07-31T00:00:00,649,2023-07-31T00:00:00,648,2023-07-31T00:00:00,648,2023-07-24T00:00:00,0,2009-04-20T00:00:00,84,wheat_weekly_jumps
10,lasso,False,2023-07-31T00:00:00,649,2023-07-31T00:00:00,648,2023-07-31T00:00:00,648,2023-07-24T00:00:00,0,2009-04-20T00:00:00,84,wheat_weekly_rv
10,lasso,False,2023-07-31T00:00:00,649,2023-07-31T00:00:00,648,2023-07-31T00:00:00,648,2023-07-24T00:00:00,0,2009-04-20T00:00:00,84,wheat_weekly_rvg
10,lasso,True,2023-08-28T00:00:00,653,2023-08-28T00:00:00,652,2023-08-28T00:00:00,652,2023-08-21T00:00:00,0,2009-04-20T00:00:00,85,NAO_index
10,lasso,True,2023-08-28T00:00:00,653,2023-08-28T00:00:00,652,2023-08-28T00:00:00,652,2023-08-21T00:00:00,0,2009-04-20T00:00:00,85,awnd_extreme_high_wind_in_planting
10,lasso,True,2023-08-28T00:00:00,653,2023-08-28T00:00:00,652,2023-08-28T00:00:00,652,2023-08-21T00:00:00,0,2009-04-20T00:00:00,85,corn_weekly_rv
10,lasso,True,2023-08-28T00:00:00,653,2023-08-28T00:00:00,652,2023-08-28T00:00:00,652,2023-08-21T00:00:00,0,2009-04-20T00:00:00,85,ssta_lanina
10,lasso,True,2023-08-28T00:00:00,653,2023-08-28T00:00:00,652,2023-08-28T00:00:00,652,2023-08-21T00:00:00,0,2009-04-20T00:00:00,85,tmin_cold_in_harvesting
10,lasso,True,2023-08-28T00:00:00,653,2023-08-28T00:00:00,652,2023-08-28T00:00:00,652,2023-08-21T00:00:00,0,2009-04-20T00:00:00,85,wheat_monthly_rv
10,lasso,True,2023-08-28T00:00:00,653,2023-08-28T00:00:00,652,2023-08-28T00:00:00,652,2023-08-21T00:00:00,0,2009-04-20T00:00:00,85,wheat_seasonal_rv
10,lasso,True,2023-08-28T00:00:00,653,2023-08-28T00:00:00,652,2023-08-28T00:00:00,652,2023-08-21T00:00:00,0,2009-04-20T00:00:00,85,wheat_weekly_jumps
10,lasso,True,2023-08-28T00:00:00,653,2023-08-28T00:00:00,652,2023-08-28T00:00:00,652,2023-08-21T00:00:00,0,2009-04-20T00:00:00,85,wheat_weekly_rv
10,lasso,True,2023-08-28T00:00:00,653,2023-08-28T00:00:00,652,2023-08-28T00:00:00,652,2023-08-21T00:00:00,0,2009-04-20T00:00:00,85,wheat_weekly_rvg
10,lasso,True,2023-10-02T00:00:00,657,2023-10-02T00:00:00,656,2023-10-02T00:00:00,656,2023-09-25T00:00:00,0,2009-04-20T00:00:00,86,NAO_index
10,lasso,True,2023-10-02T00:00:00,657,2023-10-02T00:00:00,656,2023-10-02T00:00:00,656,2023-09-25T00:00:00,0,2009-04-20T00:00:00,86,awnd_extreme_high_wind_in_planting
10,lasso,True,2023-10-02T00:00:00,657,2023-10-02T00:00:00,656,2023-10-02T00:00:00,656,2023-09-25T00:00:00,0,2009-04-20T00:00:00,86,corn_weekly_rv
10,lasso,True,2023-10-02T00:00:00,657,2023-10-02T00:00:00,656,2023-10-02T00:00:00,656,2023-09-25T00:00:00,0,2009-04-20T00:00:00,86,ssta_lanina
10,lasso,True,2023-10-02T00:00:00,657,2023-10-02T00:00:00,656,2023-10-02T00:00:00,656,2023-09-25T00:00:00,0,2009-04-20T00:00:00,86,tmin_cold_in_harvesting
10,lasso,True,2023-10-02T00:00:00,657,2023-10-02T00:00:00,656,2023-10-02T00:00:00,656,2023-09-25T00:00:00,0,2009-04-20T00:00:00,86,wheat_monthly_rv
10,lasso,True,2023-10-02T00:00:00,657,2023-10-02T00:00:00,656,2023-10-02T00:00:00,656,2023-09-25T00:00:00,0,2009-04-20T00:00:00,86,wheat_seasonal_rv
10,lasso,True,2023-10-02T00:00:00,657,2023-10-02T00:00:00,656,2023-10-02T00:00:00,656,2023-09-25T00:00:00,0,2009-04-20T00:00:00,86,wheat_weekly_jumps
10,lasso,True,2023-10-02T00:00:00,657,2023-10-02T00:00:00,656,2023-10-02T00:00:00,656,2023-09-25T00:00:00,0,2009-04-20T00:00:00,86,wheat_weekly_rv
10,lasso,True,2023-10-02T00:00:00,657,2023-10-02T00:00:00,656,2023-10-02T00:00:00,656,2023-09-25T00:00:00,0,2009-04-20T00:00:00,86,wheat_weekly_rvg
10,lasso,True,2023-11-06T00:00:00,661,2023-11-06T00:00:00,660,2023-11-06T00:00:00,660,2023-10-30T00:00:00,0,2009-04-20T00:00:00,87,NAO_index
10,lasso,True,2023-11-06T00:00:00,661,2023-11-06T00:00:00,660,2023-11-06T00:00:00,660,2023-10-30T00:00:00,0,2009-04-20T00:00:00,87,awnd_extreme_high_wind_in_planting
10,lasso,True,2023-11-06T00:00:00,661,2023-11-06T00:00:00,660,2023-11-06T00:00:00,660,2023-10-30T00:00:00,0,2009-04-20T00:00:00,87,corn_weekly_rv
10,lasso,True,2023-11-06T00:00:00,661,2023-11-06T00:00:00,660,2023-11-06T00:00:00,660,2023-10-30T00:00:00,0,2009-04-20T00:00:00,87,ssta_lanina
10,lasso,True,2023-11-06T00:00:00,661,2023-11-06T00:00:00,660,2023-11-06T00:00:00,660,2023-10-30T00:00:00,0,2009-04-20T00:00:00,87,tmin_cold_in_harvesting
10,lasso,True,2023-11-06T00:00:00,661,2023-11-06T00:00:00,660,2023-11-06T00:00:00,660,2023-10-30T00:00:00,0,2009-04-20T00:00:00,87,wheat_monthly_rv
10,lasso,True,2023-11-06T00:00:00,661,2023-11-06T00:00:00,660,2023-11-06T00:00:00,660,2023-10-30T00:00:00,0,2009-04-20T00:00:00,87,wheat_seasonal_rv
10,lasso,True,2023-11-06T00:00:00,661,2023-11-06T00:00:00,660,2023-11-06T00:00:00,660,2023-10-30T00:00:00,0,2009-04-20T00:00:00,87,wheat_weekly_jumps
10,lasso,True,2023-11-06T00:00:00,661,2023-11-06T00:00:00,660,2023-11-06T00:00:00,660,2023-10-30T00:00:00,0,2009-04-20T00:00:00,87,wheat_weekly_rv
10,lasso,True,2023-11-06T00:00:00,661,2023-11-06T00:00:00,660,2023-11-06T00:00:00,660,2023-10-30T00:00:00,0,2009-04-20T00:00:00,87,wheat_weekly_rvg
12,lasso,False,2023-12-04T00:00:00,665,2023-12-04T00:00:00,664,2023-12-04T00:00:00,664,2023-11-27T00:00:00,0,2009-04-20T00:00:00,88,NAO_index
12,lasso,False,2023-12-04T00:00:00,665,2023-12-04T00:00:00,664,2023-12-04T00:00:00,664,2023-11-27T00:00:00,0,2009-04-20T00:00:00,88,awnd_extreme_high_wind_in_planting
12,lasso,False,2023-12-04T00:00:00,665,2023-12-04T00:00:00,664,2023-12-04T00:00:00,664,2023-11-27T00:00:00,0,2009-04-20T00:00:00,88,corn_weekly_rv
12,lasso,False,2023-12-04T00:00:00,665,2023-12-04T00:00:00,664,2023-12-04T00:00:00,664,2023-11-27T00:00:00,0,2009-04-20T00:00:00,88,ssta_lanina
12,lasso,False,2023-12-04T00:00:00,665,2023-12-04T00:00:00,664,2023-12-04T00:00:00,664,2023-11-27T00:00:00,0,2009-04-20T00:00:00,88,tmax_very_hot_in_planting
12,lasso,False,2023-12-04T00:00:00,665,2023-12-04T00:00:00,664,2023-12-04T00:00:00,664,2023-11-27T00:00:00,0,2009-04-20T00:00:00,88,tmin_cold_in_harvesting
12,lasso,False,2023-12-04T00:00:00,665,2023-12-04T00:00:00,664,2023-12-04T00:00:00,664,2023-11-27T00:00:00,0,2009-04-20T00:00:00,88,tmin_cold_in_planting
12,lasso,False,2023-12-04T00:00:00,665,2023-12-04T00:00:00,664,2023-12-04T00:00:00,664,2023-11-27T00:00:00,0,2009-04-20T00:00:00,88,wheat_monthly_rv
12,lasso,False,2023-12-04T00:00:00,665,2023-12-04T00:00:00,664,2023-12-04T00:00:00,664,2023-11-27T00:00:00,0,2009-04-20T00:00:00,88,wheat_seasonal_rv
12,lasso,False,2023-12-04T00:00:00,665,2023-12-04T00:00:00,664,2023-12-04T00:00:00,664,2023-11-27T00:00:00,0,2009-04-20T00:00:00,88,wheat_weekly_jumps
12,lasso,False,2023-12-04T00:00:00,665,2023-12-04T00:00:00,664,2023-12-04T00:00:00,664,2023-11-27T00:00:00,0,2009-04-20T00:00:00,88,wheat_weekly_rv
12,lasso,False,2023-12-04T00:00:00,665,2023-12-04T00:00:00,664,2023-12-04T00:00:00,664,2023-11-27T00:00:00,0,2009-04-20T00:00:00,88,wheat_weekly_rvg
12,lasso,True,2024-01-22T00:00:00,669,2024-01-22T00:00:00,668,2024-01-22T00:00:00,668,2024-01-08T00:00:00,0,2009-04-20T00:00:00,89,NAO_index
12,lasso,True,2024-01-22T00:00:00,669,2024-01-22T00:00:00,668,2024-01-22T00:00:00,668,2024-01-08T00:00:00,0,2009-04-20T00:00:00,89,awnd_extreme_high_wind_in_planting
12,lasso,True,2024-01-22T00:00:00,669,2024-01-22T00:00:00,668,2024-01-22T00:00:00,668,2024-01-08T00:00:00,0,2009-04-20T00:00:00,89,corn_weekly_rv
12,lasso,True,2024-01-22T00:00:00,669,2024-01-22T00:00:00,668,2024-01-22T00:00:00,668,2024-01-08T00:00:00,0,2009-04-20T00:00:00,89,ssta_lanina
12,lasso,True,2024-01-22T00:00:00,669,2024-01-22T00:00:00,668,2024-01-22T00:00:00,668,2024-01-08T00:00:00,0,2009-04-20T00:00:00,89,tmax_very_hot_in_planting
12,lasso,True,2024-01-22T00:00:00,669,2024-01-22T00:00:00,668,2024-01-22T00:00:00,668,2024-01-08T00:00:00,0,2009-04-20T00:00:00,89,tmin_cold_in_harvesting
12,lasso,True,2024-01-22T00:00:00,669,2024-01-22T00:00:00,668,2024-01-22T00:00:00,668,2024-01-08T00:00:00,0,2009-04-20T00:00:00,89,tmin_cold_in_planting
12,lasso,True,2024-01-22T00:00:00,669,2024-01-22T00:00:00,668,2024-01-22T00:00:00,668,2024-01-08T00:00:00,0,2009-04-20T00:00:00,89,wheat_monthly_rv
12,lasso,True,2024-01-22T00:00:00,669,2024-01-22T00:00:00,668,2024-01-22T00:00:00,668,2024-01-08T00:00:00,0,2009-04-20T00:00:00,89,wheat_seasonal_rv
12,lasso,True,2024-01-22T00:00:00,669,2024-01-22T00:00:00,668,2024-01-22T00:00:00,668,2024-01-08T00:00:00,0,2009-04-20T00:00:00,89,wheat_weekly_jumps
12,lasso,True,2024-01-22T00:00:00,669,2024-01-22T00:00:00,668,2024-01-22T00:00:00,668,2024-01-08T00:00:00,0,2009-04-20T00:00:00,89,wheat_weekly_rv
12,lasso,True,2024-01-22T00:00:00,669,2024-01-22T00:00:00,668,2024-01-22T00:00:00,668,2024-01-08T00:00:00,0,2009-04-20T00:00:00,89,wheat_weekly_rvg
12,lasso,True,2024-02-26T00:00:00,673,2024-02-26T00:00:00,672,2024-02-26T00:00:00,672,2024-02-12T00:00:00,0,2009-04-20T00:00:00,90,NAO_index
12,lasso,True,2024-02-26T00:00:00,673,2024-02-26T00:00:00,672,2024-02-26T00:00:00,672,2024-02-12T00:00:00,0,2009-04-20T00:00:00,90,awnd_extreme_high_wind_in_planting
12,lasso,True,2024-02-26T00:00:00,673,2024-02-26T00:00:00,672,2024-02-26T00:00:00,672,2024-02-12T00:00:00,0,2009-04-20T00:00:00,90,corn_weekly_rv
12,lasso,True,2024-02-26T00:00:00,673,2024-02-26T00:00:00,672,2024-02-26T00:00:00,672,2024-02-12T00:00:00,0,2009-04-20T00:00:00,90,ssta_lanina
12,lasso,True,2024-02-26T00:00:00,673,2024-02-26T00:00:00,672,2024-02-26T00:00:00,672,2024-02-12T00:00:00,0,2009-04-20T00:00:00,90,tmax_very_hot_in_planting
12,lasso,True,2024-02-26T00:00:00,673,2024-02-26T00:00:00,672,2024-02-26T00:00:00,672,2024-02-12T00:00:00,0,2009-04-20T00:00:00,90,tmin_cold_in_harvesting
12,lasso,True,2024-02-26T00:00:00,673,2024-02-26T00:00:00,672,2024-02-26T00:00:00,672,2024-02-12T00:00:00,0,2009-04-20T00:00:00,90,tmin_cold_in_planting
12,lasso,True,2024-02-26T00:00:00,673,2024-02-26T00:00:00,672,2024-02-26T00:00:00,672,2024-02-12T00:00:00,0,2009-04-20T00:00:00,90,wheat_monthly_rv
12,lasso,True,2024-02-26T00:00:00,673,2024-02-26T00:00:00,672,2024-02-26T00:00:00,672,2024-02-12T00:00:00,0,2009-04-20T00:00:00,90,wheat_seasonal_rv
12,lasso,True,2024-02-26T00:00:00,673,2024-02-26T00:00:00,672,2024-02-26T00:00:00,672,2024-02-12T00:00:00,0,2009-04-20T00:00:00,90,wheat_weekly_jumps
12,lasso,True,2024-02-26T00:00:00,673,2024-02-26T00:00:00,672,2024-02-26T00:00:00,672,2024-02-12T00:00:00,0,2009-04-20T00:00:00,90,wheat_weekly_rv
12,lasso,True,2024-02-26T00:00:00,673,2024-02-26T00:00:00,672,2024-02-26T00:00:00,672,2024-02-12T00:00:00,0,2009-04-20T00:00:00,90,wheat_weekly_rvg
12,lasso,True,2024-03-25T00:00:00,677,2024-03-25T00:00:00,676,2024-03-25T00:00:00,676,2024-03-18T00:00:00,0,2009-04-20T00:00:00,91,NAO_index
12,lasso,True,2024-03-25T00:00:00,677,2024-03-25T00:00:00,676,2024-03-25T00:00:00,676,2024-03-18T00:00:00,0,2009-04-20T00:00:00,91,awnd_extreme_high_wind_in_planting
12,lasso,True,2024-03-25T00:00:00,677,2024-03-25T00:00:00,676,2024-03-25T00:00:00,676,2024-03-18T00:00:00,0,2009-04-20T00:00:00,91,corn_weekly_rv
12,lasso,True,2024-03-25T00:00:00,677,2024-03-25T00:00:00,676,2024-03-25T00:00:00,676,2024-03-18T00:00:00,0,2009-04-20T00:00:00,91,ssta_lanina
12,lasso,True,2024-03-25T00:00:00,677,2024-03-25T00:00:00,676,2024-03-25T00:00:00,676,2024-03-18T00:00:00,0,2009-04-20T00:00:00,91,tmax_very_hot_in_planting
12,lasso,True,2024-03-25T00:00:00,677,2024-03-25T00:00:00,676,2024-03-25T00:00:00,676,2024-03-18T00:00:00,0,2009-04-20T00:00:00,91,tmin_cold_in_harvesting
12,lasso,True,2024-03-25T00:00:00,677,2024-03-25T00:00:00,676,2024-03-25T00:00:00,676,2024-03-18T00:00:00,0,2009-04-20T00:00:00,91,tmin_cold_in_planting
12,lasso,True,2024-03-25T00:00:00,677,2024-03-25T00:00:00,676,2024-03-25T00:00:00,676,2024-03-18T00:00:00,0,2009-04-20T00:00:00,91,wheat_monthly_rv
12,lasso,True,2024-03-25T00:00:00,677,2024-03-25T00:00:00,676,2024-03-25T00:00:00,676,2024-03-18T00:00:00,0,2009-04-20T00:00:00,91,wheat_seasonal_rv
12,lasso,True,2024-03-25T00:00:00,677,2024-03-25T00:00:00,676,2024-03-25T00:00:00,676,2024-03-18T00:00:00,0,2009-04-20T00:00:00,91,wheat_weekly_jumps
12,lasso,True,2024-03-25T00:00:00,677,2024-03-25T00:00:00,676,2024-03-25T00:00:00,676,2024-03-18T00:00:00,0,2009-04-20T00:00:00,91,wheat_weekly_rv
12,lasso,True,2024-03-25T00:00:00,677,2024-03-25T00:00:00,676,2024-03-25T00:00:00,676,2024-03-18T00:00:00,0,2009-04-20T00:00:00,91,wheat_weekly_rvg
13,lasso,False,2024-04-22T00:00:00,681,2024-04-22T00:00:00,680,2024-04-22T00:00:00,680,2024-04-15T00:00:00,0,2009-04-20T00:00:00,92,NAO_index
13,lasso,False,2024-04-22T00:00:00,681,2024-04-22T00:00:00,680,2024-04-22T00:00:00,680,2024-04-15T00:00:00,0,2009-04-20T00:00:00,92,WTI_Index
13,lasso,False,2024-04-22T00:00:00,681,2024-04-22T00:00:00,680,2024-04-22T00:00:00,680,2024-04-15T00:00:00,0,2009-04-20T00:00:00,92,awnd_extreme_high_wind_in_planting
13,lasso,False,2024-04-22T00:00:00,681,2024-04-22T00:00:00,680,2024-04-22T00:00:00,680,2024-04-15T00:00:00,0,2009-04-20T00:00:00,92,corn_weekly_rv
13,lasso,False,2024-04-22T00:00:00,681,2024-04-22T00:00:00,680,2024-04-22T00:00:00,680,2024-04-15T00:00:00,0,2009-04-20T00:00:00,92,ssta_lanina
13,lasso,False,2024-04-22T00:00:00,681,2024-04-22T00:00:00,680,2024-04-22T00:00:00,680,2024-04-15T00:00:00,0,2009-04-20T00:00:00,92,tmax_very_hot_in_planting
13,lasso,False,2024-04-22T00:00:00,681,2024-04-22T00:00:00,680,2024-04-22T00:00:00,680,2024-04-15T00:00:00,0,2009-04-20T00:00:00,92,tmin_cold_in_harvesting
13,lasso,False,2024-04-22T00:00:00,681,2024-04-22T00:00:00,680,2024-04-22T00:00:00,680,2024-04-15T00:00:00,0,2009-04-20T00:00:00,92,tmin_cold_in_planting
13,lasso,False,2024-04-22T00:00:00,681,2024-04-22T00:00:00,680,2024-04-22T00:00:00,680,2024-04-15T00:00:00,0,2009-04-20T00:00:00,92,wheat_monthly_rv
13,lasso,False,2024-04-22T00:00:00,681,2024-04-22T00:00:00,680,2024-04-22T00:00:00,680,2024-04-15T00:00:00,0,2009-04-20T00:00:00,92,wheat_seasonal_rv
13,lasso,False,2024-04-22T00:00:00,681,2024-04-22T00:00:00,680,2024-04-22T00:00:00,680,2024-04-15T00:00:00,0,2009-04-20T00:00:00,92,wheat_weekly_jumps
13,lasso,False,2024-04-22T00:00:00,681,2024-04-22T00:00:00,680,2024-04-22T00:00:00,680,2024-04-15T00:00:00,0,2009-04-20T00:00:00,92,wheat_weekly_rv
13,lasso,False,2024-04-22T00:00:00,681,2024-04-22T00:00:00,680,2024-04-22T00:00:00,680,2024-04-15T00:00:00,0,2009-04-20T00:00:00,92,wheat_weekly_rvg
13,lasso,True,2024-05-20T00:00:00,685,2024-05-20T00:00:00,684,2024-05-20T00:00:00,684,2024-05-13T00:00:00,0,2009-04-20T00:00:00,93,NAO_index
13,lasso,True,2024-05-20T00:00:00,685,2024-05-20T00:00:00,684,2024-05-20T00:00:00,684,2024-05-13T00:00:00,0,2009-04-20T00:00:00,93,WTI_Index
13,lasso,True,2024-05-20T00:00:00,685,2024-05-20T00:00:00,684,2024-05-20T00:00:00,684,2024-05-13T00:00:00,0,2009-04-20T00:00:00,93,awnd_extreme_high_wind_in_planting
13,lasso,True,2024-05-20T00:00:00,685,2024-05-20T00:00:00,684,2024-05-20T00:00:00,684,2024-05-13T00:00:00,0,2009-04-20T00:00:00,93,corn_weekly_rv
13,lasso,True,2024-05-20T00:00:00,685,2024-05-20T00:00:00,684,2024-05-20T00:00:00,684,2024-05-13T00:00:00,0,2009-04-20T00:00:00,93,ssta_lanina
13,lasso,True,2024-05-20T00:00:00,685,2024-05-20T00:00:00,684,2024-05-20T00:00:00,684,2024-05-13T00:00:00,0,2009-04-20T00:00:00,93,tmax_very_hot_in_planting
13,lasso,True,2024-05-20T00:00:00,685,2024-05-20T00:00:00,684,2024-05-20T00:00:00,684,2024-05-13T00:00:00,0,2009-04-20T00:00:00,93,tmin_cold_in_harvesting
13,lasso,True,2024-05-20T00:00:00,685,2024-05-20T00:00:00,684,2024-05-20T00:00:00,684,2024-05-13T00:00:00,0,2009-04-20T00:00:00,93,tmin_cold_in_planting
13,lasso,True,2024-05-20T00:00:00,685,2024-05-20T00:00:00,684,2024-05-20T00:00:00,684,2024-05-13T00:00:00,0,2009-04-20T00:00:00,93,wheat_monthly_rv
13,lasso,True,2024-05-20T00:00:00,685,2024-05-20T00:00:00,684,2024-05-20T00:00:00,684,2024-05-13T00:00:00,0,2009-04-20T00:00:00,93,wheat_seasonal_rv
13,lasso,True,2024-05-20T00:00:00,685,2024-05-20T00:00:00,684,2024-05-20T00:00:00,684,2024-05-13T00:00:00,0,2009-04-20T00:00:00,93,wheat_weekly_jumps
13,lasso,True,2024-05-20T00:00:00,685,2024-05-20T00:00:00,684,2024-05-20T00:00:00,684,2024-05-13T00:00:00,0,2009-04-20T00:00:00,93,wheat_weekly_rv
13,lasso,True,2024-05-20T00:00:00,685,2024-05-20T00:00:00,684,2024-05-20T00:00:00,684,2024-05-13T00:00:00,0,2009-04-20T00:00:00,93,wheat_weekly_rvg
13,lasso,True,2024-06-24T00:00:00,689,2024-06-24T00:00:00,688,2024-06-24T00:00:00,688,2024-06-17T00:00:00,0,2009-04-20T00:00:00,94,NAO_index
13,lasso,True,2024-06-24T00:00:00,689,2024-06-24T00:00:00,688,2024-06-24T00:00:00,688,2024-06-17T00:00:00,0,2009-04-20T00:00:00,94,WTI_Index
13,lasso,True,2024-06-24T00:00:00,689,2024-06-24T00:00:00,688,2024-06-24T00:00:00,688,2024-06-17T00:00:00,0,2009-04-20T00:00:00,94,awnd_extreme_high_wind_in_planting
13,lasso,True,2024-06-24T00:00:00,689,2024-06-24T00:00:00,688,2024-06-24T00:00:00,688,2024-06-17T00:00:00,0,2009-04-20T00:00:00,94,corn_weekly_rv
13,lasso,True,2024-06-24T00:00:00,689,2024-06-24T00:00:00,688,2024-06-24T00:00:00,688,2024-06-17T00:00:00,0,2009-04-20T00:00:00,94,ssta_lanina
13,lasso,True,2024-06-24T00:00:00,689,2024-06-24T00:00:00,688,2024-06-24T00:00:00,688,2024-06-17T00:00:00,0,2009-04-20T00:00:00,94,tmax_very_hot_in_planting
13,lasso,True,2024-06-24T00:00:00,689,2024-06-24T00:00:00,688,2024-06-24T00:00:00,688,2024-06-17T00:00:00,0,2009-04-20T00:00:00,94,tmin_cold_in_harvesting
13,lasso,True,2024-06-24T00:00:00,689,2024-06-24T00:00:00,688,2024-06-24T00:00:00,688,2024-06-17T00:00:00,0,2009-04-20T00:00:00,94,tmin_cold_in_planting
13,lasso,True,2024-06-24T00:00:00,689,2024-06-24T00:00:00,688,2024-06-24T00:00:00,688,2024-06-17T00:00:00,0,2009-04-20T00:00:00,94,wheat_monthly_rv
13,lasso,True,2024-06-24T00:00:00,689,2024-06-24T00:00:00,688,2024-06-24T00:00:00,688,2024-06-17T00:00:00,0,2009-04-20T00:00:00,94,wheat_seasonal_rv
13,lasso,True,2024-06-24T00:00:00,689,2024-06-24T00:00:00,688,2024-06-24T00:00:00,688,2024-06-17T00:00:00,0,2009-04-20T00:00:00,94,wheat_weekly_jumps
13,lasso,True,2024-06-24T00:00:00,689,2024-06-24T00:00:00,688,2024-06-24T00:00:00,688,2024-06-17T00:00:00,0,2009-04-20T00:00:00,94,wheat_weekly_rv
13,lasso,True,2024-06-24T00:00:00,689,2024-06-24T00:00:00,688,2024-06-24T00:00:00,688,2024-06-17T00:00:00,0,2009-04-20T00:00:00,94,wheat_weekly_rvg
13,lasso,True,2024-07-22T00:00:00,693,2024-07-22T00:00:00,692,2024-07-22T00:00:00,692,2024-07-15T00:00:00,0,2009-04-20T00:00:00,95,NAO_index
13,lasso,True,2024-07-22T00:00:00,693,2024-07-22T00:00:00,692,2024-07-22T00:00:00,692,2024-07-15T00:00:00,0,2009-04-20T00:00:00,95,WTI_Index
13,lasso,True,2024-07-22T00:00:00,693,2024-07-22T00:00:00,692,2024-07-22T00:00:00,692,2024-07-15T00:00:00,0,2009-04-20T00:00:00,95,awnd_extreme_high_wind_in_planting
13,lasso,True,2024-07-22T00:00:00,693,2024-07-22T00:00:00,692,2024-07-22T00:00:00,692,2024-07-15T00:00:00,0,2009-04-20T00:00:00,95,corn_weekly_rv
13,lasso,True,2024-07-22T00:00:00,693,2024-07-22T00:00:00,692,2024-07-22T00:00:00,692,2024-07-15T00:00:00,0,2009-04-20T00:00:00,95,ssta_lanina
13,lasso,True,2024-07-22T00:00:00,693,2024-07-22T00:00:00,692,2024-07-22T00:00:00,692,2024-07-15T00:00:00,0,2009-04-20T00:00:00,95,tmax_very_hot_in_planting
13,lasso,True,2024-07-22T00:00:00,693,2024-07-22T00:00:00,692,2024-07-22T00:00:00,692,2024-07-15T00:00:00,0,2009-04-20T00:00:00,95,tmin_cold_in_harvesting
13,lasso,True,2024-07-22T00:00:00,693,2024-07-22T00:00:00,692,2024-07-22T00:00:00,692,2024-07-15T00:00:00,0,2009-04-20T00:00:00,95,tmin_cold_in_planting
13,lasso,True,2024-07-22T00:00:00,693,2024-07-22T00:00:00,692,2024-07-22T00:00:00,692,2024-07-15T00:00:00,0,2009-04-20T00:00:00,95,wheat_monthly_rv
13,lasso,True,2024-07-22T00:00:00,693,2024-07-22T00:00:00,692,2024-07-22T00:00:00,692,2024-07-15T00:00:00,0,2009-04-20T00:00:00,95,wheat_seasonal_rv
13,lasso,True,2024-07-22T00:00:00,693,2024-07-22T00:00:00,692,2024-07-22T00:00:00,692,2024-07-15T00:00:00,0,2009-04-20T00:00:00,95,wheat_weekly_jumps
13,lasso,True,2024-07-22T00:00:00,693,2024-07-22T00:00:00,692,2024-07-22T00:00:00,692,2024-07-15T00:00:00,0,2009-04-20T00:00:00,95,wheat_weekly_rv
13,lasso,True,2024-07-22T00:00:00,693,2024-07-22T00:00:00,692,2024-07-22T00:00:00,692,2024-07-15T00:00:00,0,2009-04-20T00:00:00,95,wheat_weekly_rvg
13,lasso,False,2024-08-19T00:00:00,697,2024-08-19T00:00:00,696,2024-08-19T00:00:00,696,2024-08-12T00:00:00,0,2009-04-20T00:00:00,96,NAO_index
13,lasso,False,2024-08-19T00:00:00,697,2024-08-19T00:00:00,696,2024-08-19T00:00:00,696,2024-08-12T00:00:00,0,2009-04-20T00:00:00,96,WTI_Index
13,lasso,False,2024-08-19T00:00:00,697,2024-08-19T00:00:00,696,2024-08-19T00:00:00,696,2024-08-12T00:00:00,0,2009-04-20T00:00:00,96,awnd_extreme_high_wind_in_planting
13,lasso,False,2024-08-19T00:00:00,697,2024-08-19T00:00:00,696,2024-08-19T00:00:00,696,2024-08-12T00:00:00,0,2009-04-20T00:00:00,96,corn_weekly_rv
13,lasso,False,2024-08-19T00:00:00,697,2024-08-19T00:00:00,696,2024-08-19T00:00:00,696,2024-08-12T00:00:00,0,2009-04-20T00:00:00,96,ssta_lanina
13,lasso,False,2024-08-19T00:00:00,697,2024-08-19T00:00:00,696,2024-08-19T00:00:00,696,2024-08-12T00:00:00,0,2009-04-20T00:00:00,96,tmax_very_hot_in_planting
13,lasso,False,2024-08-19T00:00:00,697,2024-08-19T00:00:00,696,2024-08-19T00:00:00,696,2024-08-12T00:00:00,0,2009-04-20T00:00:00,96,tmin_cold_in_harvesting
13,lasso,False,2024-08-19T00:00:00,697,2024-08-19T00:00:00,696,2024-08-19T00:00:00,696,2024-08-12T00:00:00,0,2009-04-20T00:00:00,96,tmin_cold_in_planting
13,lasso,False,2024-08-19T00:00:00,697,2024-08-19T00:00:00,696,2024-08-19T00:00:00,696,2024-08-12T00:00:00,0,2009-04-20T00:00:00,96,wheat_monthly_rv
13,lasso,False,2024-08-19T00:00:00,697,2024-08-19T00:00:00,696,2024-08-19T00:00:00,696,2024-08-12T00:00:00,0,2009-04-20T00:00:00,96,wheat_seasonal_rv
13,lasso,False,2024-08-19T00:00:00,697,2024-08-19T00:00:00,696,2024-08-19T00:00:00,696,2024-08-12T00:00:00,0,2009-04-20T00:00:00,96,wheat_weekly_jumps
13,lasso,False,2024-08-19T00:00:00,697,2024-08-19T00:00:00,696,2024-08-19T00:00:00,696,2024-08-12T00:00:00,0,2009-04-20T00:00:00,96,wheat_weekly_rv
13,lasso,False,2024-08-19T00:00:00,697,2024-08-19T00:00:00,696,2024-08-19T00:00:00,696,2024-08-12T00:00:00,0,2009-04-20T00:00:00,96,wheat_weekly_rvg
13,lasso,True,2024-09-23T00:00:00,701,2024-09-23T00:00:00,700,2024-09-23T00:00:00,700,2024-09-16T00:00:00,0,2009-04-20T00:00:00,97,NAO_index
13,lasso,True,2024-09-23T00:00:00,701,2024-09-23T00:00:00,700,2024-09-23T00:00:00,700,2024-09-16T00:00:00,0,2009-04-20T00:00:00,97,WTI_Index
13,lasso,True,2024-09-23T00:00:00,701,2024-09-23T00:00:00,700,2024-09-23T00:00:00,700,2024-09-16T00:00:00,0,2009-04-20T00:00:00,97,awnd_extreme_high_wind_in_planting
13,lasso,True,2024-09-23T00:00:00,701,2024-09-23T00:00:00,700,2024-09-23T00:00:00,700,2024-09-16T00:00:00,0,2009-04-20T00:00:00,97,corn_weekly_rv
13,lasso,True,2024-09-23T00:00:00,701,2024-09-23T00:00:00,700,2024-09-23T00:00:00,700,2024-09-16T00:00:00,0,2009-04-20T00:00:00,97,ssta_lanina
13,lasso,True,2024-09-23T00:00:00,701,2024-09-23T00:00:00,700,2024-09-23T00:00:00,700,2024-09-16T00:00:00,0,2009-04-20T00:00:00,97,tmax_very_hot_in_planting
13,lasso,True,2024-09-23T00:00:00,701,2024-09-23T00:00:00,700,2024-09-23T00:00:00,700,2024-09-16T00:00:00,0,2009-04-20T00:00:00,97,tmin_cold_in_harvesting
13,lasso,True,2024-09-23T00:00:00,701,2024-09-23T00:00:00,700,2024-09-23T00:00:00,700,2024-09-16T00:00:00,0,2009-04-20T00:00:00,97,tmin_cold_in_planting
13,lasso,True,2024-09-23T00:00:00,701,2024-09-23T00:00:00,700,2024-09-23T00:00:00,700,2024-09-16T00:00:00,0,2009-04-20T00:00:00,97,wheat_monthly_rv
13,lasso,True,2024-09-23T00:00:00,701,2024-09-23T00:00:00,700,2024-09-23T00:00:00,700,2024-09-16T00:00:00,0,2009-04-20T00:00:00,97,wheat_seasonal_rv
13,lasso,True,2024-09-23T00:00:00,701,2024-09-23T00:00:00,700,2024-09-23T00:00:00,700,2024-09-16T00:00:00,0,2009-04-20T00:00:00,97,wheat_weekly_jumps
13,lasso,True,2024-09-23T00:00:00,701,2024-09-23T00:00:00,700,2024-09-23T00:00:00,700,2024-09-16T00:00:00,0,2009-04-20T00:00:00,97,wheat_weekly_rv
13,lasso,True,2024-09-23T00:00:00,701,2024-09-23T00:00:00,700,2024-09-23T00:00:00,700,2024-09-16T00:00:00,0,2009-04-20T00:00:00,97,wheat_weekly_rvg
13,lasso,True,2024-10-28T00:00:00,705,2024-10-28T00:00:00,704,2024-10-28T00:00:00,704,2024-10-21T00:00:00,0,2009-04-20T00:00:00,98,NAO_index
13,lasso,True,2024-10-28T00:00:00,705,2024-10-28T00:00:00,704,2024-10-28T00:00:00,704,2024-10-21T00:00:00,0,2009-04-20T00:00:00,98,WTI_Index
13,lasso,True,2024-10-28T00:00:00,705,2024-10-28T00:00:00,704,2024-10-28T00:00:00,704,2024-10-21T00:00:00,0,2009-04-20T00:00:00,98,awnd_extreme_high_wind_in_planting
13,lasso,True,2024-10-28T00:00:00,705,2024-10-28T00:00:00,704,2024-10-28T00:00:00,704,2024-10-21T00:00:00,0,2009-04-20T00:00:00,98,corn_weekly_rv
13,lasso,True,2024-10-28T00:00:00,705,2024-10-28T00:00:00,704,2024-10-28T00:00:00,704,2024-10-21T00:00:00,0,2009-04-20T00:00:00,98,ssta_lanina
13,lasso,True,2024-10-28T00:00:00,705,2024-10-28T00:00:00,704,2024-10-28T00:00:00,704,2024-10-21T00:00:00,0,2009-04-20T00:00:00,98,tmax_very_hot_in_planting
13,lasso,True,2024-10-28T00:00:00,705,2024-10-28T00:00:00,704,2024-10-28T00:00:00,704,2024-10-21T00:00:00,0,2009-04-20T00:00:00,98,tmin_cold_in_harvesting
13,lasso,True,2024-10-28T00:00:00,705,2024-10-28T00:00:00,704,2024-10-28T00:00:00,704,2024-10-21T00:00:00,0,2009-04-20T00:00:00,98,tmin_cold_in_planting
13,lasso,True,2024-10-28T00:00:00,705,2024-10-28T00:00:00,704,2024-10-28T00:00:00,704,2024-10-21T00:00:00,0,2009-04-20T00:00:00,98,wheat_monthly_rv
13,lasso,True,2024-10-28T00:00:00,705,2024-10-28T00:00:00,704,2024-10-28T00:00:00,704,2024-10-21T00:00:00,0,2009-04-20T00:00:00,98,wheat_seasonal_rv
13,lasso,True,2024-10-28T00:00:00,705,2024-10-28T00:00:00,704,2024-10-28T00:00:00,704,2024-10-21T00:00:00,0,2009-04-20T00:00:00,98,wheat_weekly_jumps
13,lasso,True,2024-10-28T00:00:00,705,2024-10-28T00:00:00,704,2024-10-28T00:00:00,704,2024-10-21T00:00:00,0,2009-04-20T00:00:00,98,wheat_weekly_rv
13,lasso,True,2024-10-28T00:00:00,705,2024-10-28T00:00:00,704,2024-10-28T00:00:00,704,2024-10-21T00:00:00,0,2009-04-20T00:00:00,98,wheat_weekly_rvg
13,lasso,True,2024-12-02T00:00:00,709,2024-12-02T00:00:00,708,2024-12-02T00:00:00,708,2024-11-25T00:00:00,0,2009-04-20T00:00:00,99,NAO_index
13,lasso,True,2024-12-02T00:00:00,709,2024-12-02T00:00:00,708,2024-12-02T00:00:00,708,2024-11-25T00:00:00,0,2009-04-20T00:00:00,99,WTI_Index
13,lasso,True,2024-12-02T00:00:00,709,2024-12-02T00:00:00,708,2024-12-02T00:00:00,708,2024-11-25T00:00:00,0,2009-04-20T00:00:00,99,awnd_extreme_high_wind_in_planting
13,lasso,True,2024-12-02T00:00:00,709,2024-12-02T00:00:00,708,2024-12-02T00:00:00,708,2024-11-25T00:00:00,0,2009-04-20T00:00:00,99,corn_weekly_rv
13,lasso,True,2024-12-02T00:00:00,709,2024-12-02T00:00:00,708,2024-12-02T00:00:00,708,2024-11-25T00:00:00,0,2009-04-20T00:00:00,99,ssta_lanina
13,lasso,True,2024-12-02T00:00:00,709,2024-12-02T00:00:00,708,2024-12-02T00:00:00,708,2024-11-25T00:00:00,0,2009-04-20T00:00:00,99,tmax_very_hot_in_planting
13,lasso,True,2024-12-02T00:00:00,709,2024-12-02T00:00:00,708,2024-12-02T00:00:00,708,2024-11-25T00:00:00,0,2009-04-20T00:00:00,99,tmin_cold_in_harvesting
13,lasso,True,2024-12-02T00:00:00,709,2024-12-02T00:00:00,708,2024-12-02T00:00:00,708,2024-11-25T00:00:00,0,2009-04-20T00:00:00,99,tmin_cold_in_planting
13,lasso,True,2024-12-02T00:00:00,709,2024-12-02T00:00:00,708,2024-12-02T00:00:00,708,2024-11-25T00:00:00,0,2009-04-20T00:00:00,99,wheat_monthly_rv
13,lasso,True,2024-12-02T00:00:00,709,2024-12-02T00:00:00,708,2024-12-02T00:00:00,708,2024-11-25T00:00:00,0,2009-04-20T00:00:00,99,wheat_seasonal_rv
13,lasso,True,2024-12-02T00:00:00,709,2024-12-02T00:00:00,708,2024-12-02T00:00:00,708,2024-11-25T00:00:00,0,2009-04-20T00:00:00,99,wheat_weekly_jumps
13,lasso,True,2024-12-02T00:00:00,709,2024-12-02T00:00:00,708,2024-12-02T00:00:00,708,2024-11-25T00:00:00,0,2009-04-20T00:00:00,99,wheat_weekly_rv
13,lasso,True,2024-12-02T00:00:00,709,2024-12-02T00:00:00,708,2024-12-02T00:00:00,708,2024-11-25T00:00:00,0,2009-04-20T00:00:00,99,wheat_weekly_rvg
11,lasso,False,2024-12-30T00:00:00,713,2024-12-30T00:00:00,712,2024-12-30T00:00:00,712,2024-12-23T00:00:00,0,2009-04-20T00:00:00,100,NAO_index
11,lasso,False,2024-12-30T00:00:00,713,2024-12-30T00:00:00,712,2024-12-30T00:00:00,712,2024-12-23T00:00:00,0,2009-04-20T00:00:00,100,awnd_extreme_high_wind_in_planting
11,lasso,False,2024-12-30T00:00:00,713,2024-12-30T00:00:00,712,2024-12-30T00:00:00,712,2024-12-23T00:00:00,0,2009-04-20T00:00:00,100,corn_weekly_rv
11,lasso,False,2024-12-30T00:00:00,713,2024-12-30T00:00:00,712,2024-12-30T00:00:00,712,2024-12-23T00:00:00,0,2009-04-20T00:00:00,100,ssta_lanina
11,lasso,False,2024-12-30T00:00:00,713,2024-12-30T00:00:00,712,2024-12-30T00:00:00,712,2024-12-23T00:00:00,0,2009-04-20T00:00:00,100,tmin_cold_in_harvesting
11,lasso,False,2024-12-30T00:00:00,713,2024-12-30T00:00:00,712,2024-12-30T00:00:00,712,2024-12-23T00:00:00,0,2009-04-20T00:00:00,100,tmin_cold_in_planting
11,lasso,False,2024-12-30T00:00:00,713,2024-12-30T00:00:00,712,2024-12-30T00:00:00,712,2024-12-23T00:00:00,0,2009-04-20T00:00:00,100,wheat_monthly_rv
11,lasso,False,2024-12-30T00:00:00,713,2024-12-30T00:00:00,712,2024-12-30T00:00:00,712,2024-12-23T00:00:00,0,2009-04-20T00:00:00,100,wheat_seasonal_rv
11,lasso,False,2024-12-30T00:00:00,713,2024-12-30T00:00:00,712,2024-12-30T00:00:00,712,2024-12-23T00:00:00,0,2009-04-20T00:00:00,100,wheat_weekly_jumps
11,lasso,False,2024-12-30T00:00:00,713,2024-12-30T00:00:00,712,2024-12-30T00:00:00,712,2024-12-23T00:00:00,0,2009-04-20T00:00:00,100,wheat_weekly_rv
11,lasso,False,2024-12-30T00:00:00,713,2024-12-30T00:00:00,712,2024-12-30T00:00:00,712,2024-12-23T00:00:00,0,2009-04-20T00:00:00,100,wheat_weekly_rvg
11,lasso,True,2025-02-03T00:00:00,717,2025-02-03T00:00:00,716,2025-02-03T00:00:00,716,2025-01-27T00:00:00,0,2009-04-20T00:00:00,101,NAO_index
11,lasso,True,2025-02-03T00:00:00,717,2025-02-03T00:00:00,716,2025-02-03T00:00:00,716,2025-01-27T00:00:00,0,2009-04-20T00:00:00,101,awnd_extreme_high_wind_in_planting
11,lasso,True,2025-02-03T00:00:00,717,2025-02-03T00:00:00,716,2025-02-03T00:00:00,716,2025-01-27T00:00:00,0,2009-04-20T00:00:00,101,corn_weekly_rv
11,lasso,True,2025-02-03T00:00:00,717,2025-02-03T00:00:00,716,2025-02-03T00:00:00,716,2025-01-27T00:00:00,0,2009-04-20T00:00:00,101,ssta_lanina
11,lasso,True,2025-02-03T00:00:00,717,2025-02-03T00:00:00,716,2025-02-03T00:00:00,716,2025-01-27T00:00:00,0,2009-04-20T00:00:00,101,tmin_cold_in_harvesting
11,lasso,True,2025-02-03T00:00:00,717,2025-02-03T00:00:00,716,2025-02-03T00:00:00,716,2025-01-27T00:00:00,0,2009-04-20T00:00:00,101,tmin_cold_in_planting
11,lasso,True,2025-02-03T00:00:00,717,2025-02-03T00:00:00,716,2025-02-03T00:00:00,716,2025-01-27T00:00:00,0,2009-04-20T00:00:00,101,wheat_monthly_rv
11,lasso,True,2025-02-03T00:00:00,717,2025-02-03T00:00:00,716,2025-02-03T00:00:00,716,2025-01-27T00:00:00,0,2009-04-20T00:00:00,101,wheat_seasonal_rv
11,lasso,True,2025-02-03T00:00:00,717,2025-02-03T00:00:00,716,2025-02-03T00:00:00,716,2025-01-27T00:00:00,0,2009-04-20T00:00:00,101,wheat_weekly_jumps
11,lasso,True,2025-02-03T00:00:00,717,2025-02-03T00:00:00,716,2025-02-03T00:00:00,716,2025-01-27T00:00:00,0,2009-04-20T00:00:00,101,wheat_weekly_rv
11,lasso,True,2025-02-03T00:00:00,717,2025-02-03T00:00:00,716,2025-02-03T00:00:00,716,2025-01-27T00:00:00,0,2009-04-20T00:00:00,101,wheat_weekly_rvg
11,lasso,True,2025-03-10T00:00:00,721,2025-03-10T00:00:00,720,2025-03-10T00:00:00,720,2025-03-03T00:00:00,0,2009-04-20T00:00:00,102,NAO_index
11,lasso,True,2025-03-10T00:00:00,721,2025-03-10T00:00:00,720,2025-03-10T00:00:00,720,2025-03-03T00:00:00,0,2009-04-20T00:00:00,102,awnd_extreme_high_wind_in_planting
11,lasso,True,2025-03-10T00:00:00,721,2025-03-10T00:00:00,720,2025-03-10T00:00:00,720,2025-03-03T00:00:00,0,2009-04-20T00:00:00,102,corn_weekly_rv
11,lasso,True,2025-03-10T00:00:00,721,2025-03-10T00:00:00,720,2025-03-10T00:00:00,720,2025-03-03T00:00:00,0,2009-04-20T00:00:00,102,ssta_lanina
11,lasso,True,2025-03-10T00:00:00,721,2025-03-10T00:00:00,720,2025-03-10T00:00:00,720,2025-03-03T00:00:00,0,2009-04-20T00:00:00,102,tmin_cold_in_harvesting
11,lasso,True,2025-03-10T00:00:00,721,2025-03-10T00:00:00,720,2025-03-10T00:00:00,720,2025-03-03T00:00:00,0,2009-04-20T00:00:00,102,tmin_cold_in_planting
11,lasso,True,2025-03-10T00:00:00,721,2025-03-10T00:00:00,720,2025-03-10T00:00:00,720,2025-03-03T00:00:00,0,2009-04-20T00:00:00,102,wheat_monthly_rv
11,lasso,True,2025-03-10T00:00:00,721,2025-03-10T00:00:00,720,2025-03-10T00:00:00,720,2025-03-03T00:00:00,0,2009-04-20T00:00:00,102,wheat_seasonal_rv
11,lasso,True,2025-03-10T00:00:00,721,2025-03-10T00:00:00,720,2025-03-10T00:00:00,720,2025-03-03T00:00:00,0,2009-04-20T00:00:00,102,wheat_weekly_jumps
11,lasso,True,2025-03-10T00:00:00,721,2025-03-10T00:00:00,720,2025-03-10T00:00:00,720,2025-03-03T00:00:00,0,2009-04-20T00:00:00,102,wheat_weekly_rv
11,lasso,True,2025-03-10T00:00:00,721,2025-03-10T00:00:00,720,2025-03-10T00:00:00,720,2025-03-03T00:00:00,0,2009-04-20T00:00:00,102,wheat_weekly_rvg
