n_selected,selection_method,selection_reused,test_dates,test_end,test_end_date,test_start,test_start_date,train_end,train_end_date,train_start,train_start_date,window_id,selected_feature
3,lasso,False,2014-04-07T00:00:00|2014-04-14T00:00:00,262,2014-04-14T00:00:00,260,2014-04-07T00:00:00,260,2014-03-31T00:00:00,0,2009-04-13T00:00:00,0,corn_monthly_rv
3,lasso,False,2014-04-07T00:00:00|2014-04-14T00:00:00,262,2014-04-14T00:00:00,260,2014-04-07T00:00:00,260,2014-03-31T00:00:00,0,2009-04-13T00:00:00,0,corn_seasonal_rv
3,lasso,False,2014-04-07T00:00:00|2014-04-14T00:00:00,262,2014-04-14T00:00:00,260,2014-04-07T00:00:00,260,2014-03-31T00:00:00,0,2009-04-13T00:00:00,0,corn_weekly_rv
3,lasso,True,2014-06-02T00:00:00|2014-06-09T00:00:00,270,2014-06-09T00:00:00,268,2014-06-02T00:00:00,268,2014-05-26T00:00:00,8,2009-06-08T00:00:00,1,corn_monthly_rv
3,lasso,True,2014-06-02T00:00:00|2014-06-09T00:00:00,270,2014-06-09T00:00:00,268,2014-06-02T00:00:00,268,2014-05-26T00:00:00,8,2009-06-08T00:00:00,1,corn_seasonal_rv
3,lasso,True,2014-06-02T00:00:00|2014-06-09T00:00:00,270,2014-06-09T00:00:00,268,2014-06-02T00:00:00,268,2014-05-26T00:00:00,8,2009-06-08T00:00:00,1,corn_weekly_rv
3,lasso,True,2014-07-28T00:00:00|2014-08-04T00:00:00,278,2014-08-04T00:00:00,276,2014-07-28T00:00:00,276,2014-07-21T00:00:00,16,2009-08-03T00:00:00,2,corn_monthly_rv
3,lasso,True,2014-07-28T00:00:00|2014-08-04T00:00:00,278,2014-08-04T00:00:00,276,2014-07-28T00:00:00,276,2014-07-21T00:00:00,16,2009-08-03T00:00:00,2,corn_seasonal_rv
3,lasso,True,2014-07-28T00:00:00|2014-08-04T00:00:00,278,2014-08-04T00:00:00,276,2014-07-28T00:00:00,276,2014-07-21T00:00:00,16,2009-08-03T00:00:00,2,corn_weekly_rv
3,lasso,True,2014-09-22T00:00:00|2014-09-29T00:00:00,286,2014-09-29T00:00:00,284,2014-09-22T00:00:00,284,2014-09-15T00:00:00,24,2009-09-28T00:00:00,3,corn_monthly_rv
3,lasso,True,2014-09-22T00:00:00|2014-09-29T00:00:00,286,2014-09-29T00:00:00,284,2014-09-22T00:00:00,284,2014-09-15T00:00:00,24,2009-09-28T00:00:00,3,corn_seasonal_rv
3,lasso,True,2014-09-22T00:00:00|2014-09-29T00:00:00,286,2014-09-29T00:00:00,284,2014-09-22T00:00:00,284,2014-09-15T00:00:00,24,2009-09-28T00:00:00,3,corn_weekly_rv
3,lasso,False,2014-11-17T00:00:00|2014-11-24T00:00:00,294,2014-11-24T00:00:00,292,2014-11-17T00:00:00,292,2014-11-10T00:00:00,32,2009-11-23T00:00:00,4,corn_monthly_rv
3,lasso,False,2014-11-17T00:00:00|2014-11-24T00:00:00,294,2014-11-24T00:00:00,292,2014-11-17T00:00:00,292,2014-11-10T00:00:00,32,2009-11-23T00:00:00,4,corn_seasonal_rv
3,lasso,False,2014-11-17T00:00:00|2014-11-24T00:00:00,294,2014-11-24T00:00:00,292,2014-11-17T00:00:00,292,2014-11-10T00:00:00,32,2009-11-23T00:00:00,4,corn_weekly_rv
3,lasso,True,2015-01-12T00:00:00|2015-01-19T00:00:00,302,2015-01-19T00:00:00,300,2015-01-12T00:00:00,300,2015-01-05T00:00:00,40,2010-01-18T00:00:00,5,corn_monthly_rv
3,lasso,True,2015-01-12T00:00:00|2015-01-19T00:00:00,302,2015-01-19T00:00:00,300,2015-01-12T00:00:00,300,2015-01-05T00:00:00,40,2010-01-18T00:00:00,5,corn_seasonal_rv
3,lasso,True,2015-01-12T00:00:00|2015-01-19T00:00:00,302,2015-01-19T00:00:00,300,2015-01-12T00:00:00,300,2015-01-05T00:00:00,40,2010-01-18T00:00:00,5,corn_weekly_rv
3,lasso,True,2015-03-09T00:00:00|2015-03-16T00:00:00,310,2015-03-16T00:00:00,308,2015-03-09T00:00:00,308,2015-03-02T00:00:00,48,2010-03-15T00:00:00,6,corn_monthly_rv
3,lasso,True,2015-03-09T00:00:00|2015-03-16T00:00:00,310,2015-03-16T00:00:00,308,2015-03-09T00:00:00,308,2015-03-02T00:00:00,48,2010-03-15T00:00:00,6,corn_seasonal_rv
3,lasso,True,2015-03-09T00:00:00|2015-03-16T00:00:00,310,2015-03-16T00:00:00,308,2015-03-09T00:00:00,308,2015-03-02T00:00:00,48,2010-03-15T00:00:00,6,corn_weekly_rv
3,lasso,True,2015-05-04T00:00:00|2015-05-11T00:00:00,318,2015-05-11T00:00:00,316,2015-05-04T00:00:00,316,2015-04-27T00:00:00,56,2010-05-10T00:00:00,7,corn_monthly_rv
3,lasso,True,2015-05-04T00:00:00|2015-05-11T00:00:00,318,2015-05-11T00:00:00,316,2015-05-04T00:00:00,316,2015-04-27T00:00:00,56,2010-05-10T00:00:00,7,corn_seasonal_rv
3,lasso,True,2015-05-04T00:00:00|2015-05-11T00:00:00,318,2015-05-11T00:00:00,316,2015-05-04T00:00:00,316,2015-04-27T00:00:00,56,2010-05-10T00:00:00,7,corn_weekly_rv
17,lasso,False,2015-06-29T00:00:00|2015-07-06T00:00:00,326,2015-07-06T00:00:00,324,2015-06-29T00:00:00,324,2015-06-22T00:00:00,64,2010-07-05T00:00:00,8,NAO_index
17,lasso,False,2015-06-29T00:00:00|2015-07-06T00:00:00,326,2015-07-06T00:00:00,324,2015-06-29T00:00:00,324,2015-06-22T00:00:00,64,2010-07-05T00:00:00,8,SOI_index
17,lasso,False,2015-06-29T00:00:00|2015-07-06T00:00:00,326,2015-07-06T00:00:00,324,2015-06-29T00:00:00,324,2015-06-22T00:00:00,64,2010-07-05T00:00:00,8,corn_monthly_rv
17,lasso,False,2015-06-29T00:00:00|2015-07-06T00:00:00,326,2015-07-06T00:00:00,324,2015-06-29T00:00:00,324,2015-06-22T00:00:00,64,2010-07-05T00:00:00,8,corn_seasonal_rv
17,lasso,False,2015-06-29T00:00:00|2015-07-06T00:00:00,326,2015-07-06T00:00:00,324,2015-06-29T00:00:00,324,2015-06-22T00:00:00,64,2010-07-05T00:00:00,8,corn_weekly_rv
17,lasso,False,2015-06-29T00:00:00|2015-07-06T00:00:00,326,2015-07-06T00:00:00,324,2015-06-29T00:00:00,324,2015-06-22T00:00:00,64,2010-07-05T00:00:00,8,pdsi_extreme_drought_in_harvesting
17,lasso,False,2015-06-29T00:00:00|2015-07-06T00:00:00,326,2015-07-06T00:00:00,324,2015-06-29T00:00:00,324,2015-06-22T00:00:00,64,2010-07-05T00:00:00,8,pdsi_extreme_drought_in_planting
17,lasso,False,2015-06-29T00:00:00|2015-07-06T00:00:00,326,2015-07-06T00:00:00,324,2015-06-29T00:00:00,324,2015-06-22T00:00:00,64,2010-07-05T00:00:00,8,pdsi_extreme_wet_in_planting
17,lasso,False,2015-06-29T00:00:00|2015-07-06T00:00:00,326,2015-07-06T00:00:00,324,2015-06-29T00:00:00,324,2015-06-22T00:00:00,64,2010-07-05T00:00:00,8,pdsi_severe_drought_in_harvesting
17,lasso,False,2015-06-29T00:00:00|2015-07-06T00:00:00,326,2015-07-06T00:00:00,324,2015-06-29T00:00:00,324,2015-06-22T00:00:00,64,2010-07-05T00:00:00,8,soybeans_weekly_rv
17,lasso,False,2015-06-29T00:00:00|2015-07-06T00:00:00,326,2015-07-06T00:00:00,324,2015-06-29T00:00:00,324,2015-06-22T00:00:00,64,2010-07-05T00:00:00,8,spi_7d_extreme_wet_in_planting
17,lasso,False,2015-06-29T00:00:00|2015-07-06T00:00:00,326,2015-07-06T00:00:00,324,2015-06-29T00:00:00,324,2015-06-22T00:00:00,64,2010-07-05T00:00:00,8,spi_7d_very_dry_in_planting
17,lasso,False,2015-06-29T00:00:00|2015-07-06T00:00:00,326,2015-07-06T00:00:00,324,2015-06-29T00:00:00,324,2015-06-22T00:00:00,64,2010-07-05T00:00:00,8,ssta_lanina
17,lasso,False,2015-06-29T00:00:00|2015-07-06T00:00:00,326,2015-07-06T00:00:00,324,2015-06-29T00:00:00,324,2015-06-22T00:00:00,64,2010-07-05T00:00:00,8,tmax_hot_in_harvesting
17,lasso,False,2015-06-29T00:00:00|2015-07-06T00:00:00,326,2015-07-06T00:00:00,324,2015-06-29T00:00:00,324,2015-06-22T00:00:00,64,2010-07-05T00:00:00,8,tmax_very_hot_in_planting
17,lasso,False,2015-06-29T00:00:00|2015-07-06T00:00:00,326,2015-07-06T00:00:00,324,2015-06-29T00:00:00,324,2015-06-22T00:00:00,64,2010-07-05T00:00:00,8,tmin_very_cold_in_planting
17,lasso,False,2015-06-29T00:00:00|2015-07-06T00:00:00,326,2015-07-06T00:00:00,324,2015-06-29T00:00:00,324,2015-06-22T00:00:00,64,2010-07-05T00:00:00,8,wheat_weekly_rv
17,lasso,True,2015-08-24T00:00:00|2015-08-31T00:00:00,334,2015-08-31T00:00:00,332,2015-08-24T00:00:00,332,2015-08-17T00:00:00,72,2010-08-30T00:00:00,9,NAO_index
17,lasso,True,2015-08-24T00:00:00|2015-08-31T00:00:00,334,2015-08-31T00:00:00,332,2015-08-24T00:00:00,332,2015-08-17T00:00:00,72,2010-08-30T00:00:00,9,SOI_index
17,lasso,True,2015-08-24T00:00:00|2015-08-31T00:00:00,334,2015-08-31T00:00:00,332,2015-08-24T00:00:00,332,2015-08-17T00:00:00,72,2010-08-30T00:00:00,9,corn_monthly_rv
17,lasso,True,2015-08-24T00:00:00|2015-08-31T00:00:00,334,2015-08-31T00:00:00,332,2015-08-24T00:00:00,332,2015-08-17T00:00:00,72,2010-08-30T00:00:00,9,corn_seasonal_rv
17,lasso,True,2015-08-24T00:00:00|2015-08-31T00:00:00,334,2015-08-31T00:00:00,332,2015-08-24T00:00:00,332,2015-08-17T00:00:00,72,2010-08-30T00:00:00,9,corn_weekly_rv
17,lasso,True,2015-08-24T00:00:00|2015-08-31T00:00:00,334,2015-08-31T00:00:00,332,2015-08-24T00:00:00,332,2015-08-17T00:00:00,72,2010-08-30T00:00:00,9,pdsi_extreme_drought_in_harvesting
17,lasso,True,2015-08-24T00:00:00|2015-08-31T00:00:00,334,2015-08-31T00:00:00,332,2015-08-24T00:00:00,332,2015-08-17T00:00:00,72,2010-08-30T00:00:00,9,pdsi_extreme_drought_in_planting
17,lasso,True,2015-08-24T00:00:00|2015-08-31T00:00:00,334,2015-08-31T00:00:00,332,2015-08-24T00:00:00,332,2015-08-17T00:00:00,72,2010-08-30T00:00:00,9,pdsi_extreme_wet_in_planting
17,lasso,True,2015-08-24T00:00:00|2015-08-31T00:00:00,334,2015-08-31T00:00:00,332,2015-08-24T00:00:00,332,2015-08-17T00:00:00,72,2010-08-30T00:00:00,9,pdsi_severe_drought_in_harvesting
17,lasso,True,2015-08-24T00:00:00|2015-08-31T00:00:00,334,2015-08-31T00:00:00,332,2015-08-24T00:00:00,332,2015-08-17T00:00:00,72,2010-08-30T00:00:00,9,soybeans_weekly_rv
17,lasso,True,2015-08-24T00:00:00|2015-08-31T00:00:00,334,2015-08-31T00:00:00,332,2015-08-24T00:00:00,332,2015-08-17T00:00:00,72,2010-08-30T00:00:00,9,spi_7d_extreme_wet_in_planting
17,lasso,True,2015-08-24T00:00:00|2015-08-31T00:00:00,334,2015-08-31T00:00:00,332,2015-08-24T00:00:00,332,2015-08-17T00:00:00,72,2010-08-30T00:00:00,9,spi_7d_very_dry_in_planting
17,lasso,True,2015-08-24T00:00:00|2015-08-31T00:00:00,334,2015-08-31T00:00:00,332,2015-08-24T00:00:00,332,2015-08-17T00:00:00,72,2010-08-30T00:00:00,9,ssta_lanina
17,lasso,True,2015-08-24T00:00:00|2015-08-31T00:00:00,334,2015-08-31T00:00:00,332,2015-08-24T00:00:00,332,2015-08-17T00:00:00,72,2010-08-30T00:00:00,9,tmax_hot_in_harvesting
17,lasso,True,2015-08-24T00:00:00|2015-08-31T00:00:00,334,2015-08-31T00:00:00,332,2015-08-24T00:00:00,332,2015-08-17T00:00:00,72,2010-08-30T00:00:00,9,tmax_very_hot_in_planting
17,lasso,True,2015-08-24T00:00:00|2015-08-31T00:00:00,334,2015-08-31T00:00:00,332,2015-08-24T00:00:00,332,2015-08-17T00:00:00,72,2010-08-30T00:00:00,9,tmin_very_cold_in_planting
17,lasso,True,2015-08-24T00:00:00|2015-08-31T00:00:00,334,2015-08-31T00:00:00,332,2015-08-24T00:00:00,332,2015-08-17T00:00:00,72,2010-08-30T00:00:00,9,wheat_weekly_rv
17,lasso,True,2015-10-19T00:00:00|2015-10-26T00:00:00,342,2015-10-26T00:00:00,340,2015-10-19T00:00:00,340,2015-10-12T00:00:00,80,2010-10-25T00:00:00,10,NAO_index
17,lasso,True,2015-10-19T00:00:00|2015-10-26T00:00:00,342,2015-10-26T00:00:00,340,2015-10-19T00:00:00,340,2015-10-12T00:00:00,80,2010-10-25T00:00:00,10,SOI_index
17,lasso,True,2015-10-19T00:00:00|2015-10-26T00:00:00,342,2015-10-26T00:00:00,340,2015-10-19T00:00:00,340,2015-10-12T00:00:00,80,2010-10-25T00:00:00,10,corn_monthly_rv
17,lasso,True,2015-10-19T00:00:00|2015-10-26T00:00:00,342,2015-10-26T00:00:00,340,2015-10-19T00:00:00,340,2015-10-12T00:00:00,80,2010-10-25T00:00:00,10,corn_seasonal_rv
17,lasso,True,2015-10-19T00:00:00|2015-10-26T00:00:00,342,2015-10-26T00:00:00,340,2015-10-19T00:00:00,340,2015-10-12T00:00:00,80,2010-10-25T00:00:00,10,corn_weekly_rv
17,lasso,True,2015-10-19T00:00:00|2015-10-26T00:00:00,342,2015-10-26T00:00:00,340,2015-10-19T00:00:00,340,2015-10-12T00:00:00,80,2010-10-25T00:00:00,10,pdsi_extreme_drought_in_harvesting
17,lasso,True,2015-10-19T00:00:00|2015-10-26T00:00:00,342,2015-10-26T00:00:00,340,2015-10-19T00:00:00,340,2015-10-12T00:00:00,80,2010-10-25T00:00:00,10,pdsi_extreme_drought_in_planting
17,lasso,True,2015-10-19T00:00:00|2015-10-26T00:00:00,342,2015-10-26T00:00:00,340,2015-10-19T00:00:00,340,2015-10-12T00:00:00,80,2010-10-25T00:00:00,10,pdsi_extreme_wet_in_planting
17,lasso,True,2015-10-19T00:00:00|2015-10-26T00:00:00,342,2015-10-26T00:00:00,340,2015-10-19T00:00:00,340,2015-10-12T00:00:00,80,2010-10-25T00:00:00,10,pdsi_severe_drought_in_harvesting
17,lasso,True,2015-10-19T00:00:00|2015-10-26T00:00:00,342,2015-10-26T00:00:00,340,2015-10-19T00:00:00,340,2015-10-12T00:00:00,80,2010-10-25T00:00:00,10,soybeans_weekly_rv
17,lasso,True,2015-10-19T00:00:00|2015-10-26T00:00:00,342,2015-10-26T00:00:00,340,2015-10-19T00:00:00,340,2015-10-12T00:00:00,80,2010-10-25T00:00:00,10,spi_7d_extreme_wet_in_planting
17,lasso,True,2015-10-19T00:00:00|2015-10-26T00:00:00,342,2015-10-26T00:00:00,340,2015-10-19T00:00:00,340,2015-10-12T00:00:00,80,2010-10-25T00:00:00,10,spi_7d_very_dry_in_planting
17,lasso,True,2015-10-19T00:00:00|2015-10-26T00:00:00,342,2015-10-26T00:00:00,340,2015-10-19T00:00:00,340,2015-10-12T00:00:00,80,2010-10-25T00:00:00,10,ssta_lanina
17,lasso,True,2015-10-19T00:00:00|2015-10-26T00:00:00,342,2015-10-26T00:00:00,340,2015-10-19T00:00:00,340,2015-10-12T00:00:00,80,2010-10-25T00:00:00,10,tmax_hot_in_harvesting
17,lasso,True,2015-10-19T00:00:00|2015-10-26T00:00:00,342,2015-10-26T00:00:00,340,2015-10-19T00:00:00,340,2015-10-12T00:00:00,80,2010-10-25T00:00:00,10,tmax_very_hot_in_planting
17,lasso,True,2015-10-19T00:00:00|2015-10-26T00:00:00,342,2015-10-26T00:00:00,340,2015-10-19T00:00:00,340,2015-10-12T00:00:00,80,2010-10-25T00:00:00,10,tmin_very_cold_in_planting
17,lasso,True,2015-10-19T00:00:00|2015-10-26T00:00:00,342,2015-10-26T00:00:00,340,2015-10-19T00:00:00,340,2015-10-12T00:00:00,80,2010-10-25T00:00:00,10,wheat_weekly_rv
17,lasso,True,2015-12-14T00:00:00|2015-12-21T00:00:00,350,2015-12-21T00:00:00,348,2015-12-14T00:00:00,348,2015-12-07T00:00:00,88,2010-12-20T00:00:00,11,NAO_index
17,lasso,True,2015-12-14T00:00:00|2015-12-21T00:00:00,350,2015-12-21T00:00:00,348,2015-12-14T00:00:00,348,2015-12-07T00:00:00,88,2010-12-20T00:00:00,11,SOI_index
17,lasso,True,2015-12-14T00:00:00|2015-12-21T00:00:00,350,2015-12-21T00:00:00,348,2015-12-14T00:00:00,348,2015-12-07T00:00:00,88,2010-12-20T00:00:00,11,corn_monthly_rv
17,lasso,True,2015-12-14T00:00:00|2015-12-21T00:00:00,350,2015-12-21T00:00:00,348,2015-12-14T00:00:00,348,2015-12-07T00:00:00,88,2010-12-20T00:00:00,11,corn_seasonal_rv
17,lasso,True,2015-12-14T00:00:00|2015-12-21T00:00:00,350,2015-12-21T00:00:00,348,2015-12-14T00:00:00,348,2015-12-07T00:00:00,88,2010-12-20T00:00:00,11,corn_weekly_rv
17,lasso,True,2015-12-14T00:00:00|2015-12-21T00:00:00,350,2015-12-21T00:00:00,348,2015-12-14T00:00:00,348,2015-12-07T00:00:00,88,2010-12-20T00:00:00,11,pdsi_extreme_drought_in_harvesting
17,lasso,True,2015-12-14T00:00:00|2015-12-21T00:00:00,350,2015-12-21T00:00:00,348,2015-12-14T00:00:00,348,2015-12-07T00:00:00,88,2010-12-20T00:00:00,11,pdsi_extreme_drought_in_planting
17,lasso,True,2015-12-14T00:00:00|2015-12-21T00:00:00,350,2015-12-21T00:00:00,348,2015-12-14T00:00:00,348,2015-12-07T00:00:00,88,2010-12-20T00:00:00,11,pdsi_extreme_wet_in_planting
17,lasso,True,2015-12-14T00:00:00|2015-12-21T00:00:00,350,2015-12-21T00:00:00,348,2015-12-14T00:00:00,348,2015-12-07T00:00:00,88,2010-12-20T00:00:00,11,pdsi_severe_drought_in_harvesting
17,lasso,True,2015-12-14T00:00:00|2015-12-21T00:00:00,350,2015-12-21T00:00:00,348,2015-12-14T00:00:00,348,2015-12-07T00:00:00,88,2010-12-20T00:00:00,11,soybeans_weekly_rv
17,lasso,True,2015-12-14T00:00:00|2015-12-21T00:00:00,350,2015-12-21T00:00:00,348,2015-12-14T00:00:00,348,2015-12-07T00:00:00,88,2010-12-20T00:00:00,11,spi_7d_extreme_wet_in_planting
17,lasso,True,2015-12-14T00:00:00|2015-12-21T00:00:00,350,2015-12-21T00:00:00,348,2015-12-14T00:00:00,348,2015-12-07T00:00:00,88,2010-12-20T00:00:00,11,spi_7d_very_dry_in_planting
17,lasso,True,2015-12-14T00:00:00|2015-12-21T00:00:00,350,2015-12-21T00:00:00,348,2015-12-14T00:00:00,348,2015-12-07T00:00:00,88,2010-12-20T00:00:00,11,ssta_lanina
17,lasso,True,2015-12-14T00:00:00|2015-12-21T00:00:00,350,2015-12-21T00:00:00,348,2015-12-14T00:00:00,348,2015-12-07T00:00:00,88,2010-12-20T00:00:00,11,tmax_hot_in_harvesting
17,lasso,True,2015-12-14T00:00:00|2015-12-21T00:00:00,350,2015-12-21T00:00:00,348,2015-12-14T00:00:00,348,2015-12-07T00:00:00,88,2010-12-20T00:00:00,11,tmax_very_hot_in_planting
17,lasso,True,2015-12-14T00:00:00|2015-12-21T00:00:00,350,2015-12-21T00:00:00,348,2015-12-14T00:00:00,348,2015-12-07T00:00:00,88,2010-12-20T00:00:00,11,tmin_very_cold_in_planting
17,lasso,True,2015-12-14T00:00:00|2015-12-21T00:00:00,350,2015-12-21T00:00:00,348,2015-12-14T00:00:00,348,2015-12-07T00:00:00,88,2010-12-20T00:00:00,11,wheat_weekly_rv
26,lasso,False,2016-02-08T00:00:00|2016-02-15T00:00:00,358,2016-02-15T00:00:00,356,2016-02-08T00:00:00,356,2016-02-01T00:00:00,96,2011-02-14T00:00:00,12,NAO_index
26,lasso,False,2016-02-08T00:00:00|2016-02-15T00:00:00,358,2016-02-15T00:00:00,356,2016-02-08T00:00:00,356,2016-02-01T00:00:00,96,2011-02-14T00:00:00,12,SOI_index
26,lasso,False,2016-02-08T00:00:00|2016-02-15T00:00:00,358,2016-02-15T00:00:00,356,2016-02-08T00:00:00,356,2016-02-01T00:00:00,96,2011-02-14T00:00:00,12,awnd_moderate_high_wind_in_planting
26,lasso,False,2016-02-08T00:00:00|2016-02-15T00:00:00,358,2016-02-15T00:00:00,356,2016-02-08T00:00:00,356,2016-02-01T00:00:00,96,2011-02-14T00:00:00,12,corn_monthly_rv
26,lasso,False,2016-02-08T00:00:00|2016-02-15T00:00:00,358,2016-02-15T00:00:00,356,2016-02-08T00:00:00,356,2016-02-01T00:00:00,96,2011-02-14T00:00:00,12,corn_seasonal_rv
26,lasso,False,2016-02-08T00:00:00|2016-02-15T00:00:00,358,2016-02-15T00:00:00,356,2016-02-08T00:00:00,356,2016-02-01T00:00:00,96,2011-02-14T00:00:00,12,corn_weekly_jumps
26,lasso,False,2016-02-08T00:00:00|2016-02-15T00:00:00,358,2016-02-15T00:00:00,356,2016-02-08T00:00:00,356,2016-02-01T00:00:00,96,2011-02-14T00:00:00,12,corn_weekly_rv
26,lasso,False,2016-02-08T00:00:00|2016-02-15T00:00:00,358,2016-02-15T00:00:00,356,2016-02-08T00:00:00,356,2016-02-01T00:00:00,96,2011-02-14T00:00:00,12,corn_weekly_rvb
26,lasso,False,2016-02-08T00:00:00|2016-02-15T00:00:00,358,2016-02-15T00:00:00,356,2016-02-08T00:00:00,356,2016-02-01T00:00:00,96,2011-02-14T00:00:00,12,pdsi_extreme_drought_in_harvesting
26,lasso,False,2016-02-08T00:00:00|2016-02-15T00:00:00,358,2016-02-15T00:00:00,356,2016-02-08T00:00:00,356,2016-02-01T00:00:00,96,2011-02-14T00:00:00,12,pdsi_extreme_drought_in_planting
26,lasso,False,2016-02-08T00:00:00|2016-02-15T00:00:00,358,2016-02-15T00:00:00,356,2016-02-08T00:00:00,356,2016-02-01T00:00:00,96,2011-02-14T00:00:00,12,pdsi_extreme_wet_in_planting
26,lasso,False,2016-02-08T00:00:00|2016-02-15T00:00:00,358,2016-02-15T00:00:00,356,2016-02-08T00:00:00,356,2016-02-01T00:00:00,96,2011-02-14T00:00:00,12,pdsi_severe_drought_in_harvesting
26,lasso,False,2016-02-08T00:00:00|2016-02-15T00:00:00,358,2016-02-15T00:00:00,356,2016-02-08T00:00:00,356,2016-02-01T00:00:00,96,2011-02-14T00:00:00,12,pdsi_very_wet_in_harvesting
26,lasso,False,2016-02-08T00:00:00|2016-02-15T00:00:00,358,2016-02-15T00:00:00,356,2016-02-08T00:00:00,356,2016-02-01T00:00:00,96,2011-02-14T00:00:00,12,soybeans_weekly_rv
26,lasso,False,2016-02-08T00:00:00|2016-02-15T00:00:00,358,2016-02-15T00:00:00,356,2016-02-08T00:00:00,356,2016-02-01T00:00:00,96,2011-02-14T00:00:00,12,spi_7d_extreme_wet_in_harvesting
26,lasso,False,2016-02-08T00:00:00|2016-02-15T00:00:00,358,2016-02-15T00:00:00,356,2016-02-08T00:00:00,356,2016-02-01T00:00:00,96,2011-02-14T00:00:00,12,spi_7d_extreme_wet_in_planting
26,lasso,False,2016-02-08T00:00:00|2016-02-15T00:00:00,358,2016-02-15T00:00:00,356,2016-02-08T00:00:00,356,2016-02-01T00:00:00,96,2011-02-14T00:00:00,12,spi_7d_very_dry_in_planting
26,lasso,False,2016-02-08T00:00:00|2016-02-15T00:00:00,358,2016-02-15T00:00:00,356,2016-02-08T00:00:00,356,2016-02-01T00:00:00,96,2011-02-14T00:00:00,12,ssta_elino
26,lasso,False,2016-02-08T00:00:00|2016-02-15T00:00:00,358,2016-02-15T00:00:00,356,2016-02-08T00:00:00,356,2016-02-01T00:00:00,96,2011-02-14T00:00:00,12,ssta_lanina
26,lasso,False,2016-02-08T00:00:00|2016-02-15T00:00:00,358,2016-02-15T00:00:00,356,2016-02-08T00:00:00,356,2016-02-01T00:00:00,96,2011-02-14T00:00:00,12,tmax_hot_in_harvesting
26,lasso,False,2016-02-08T00:00:00|2016-02-15T00:00:00,358,2016-02-15T00:00:00,356,2016-02-08T00:00:00,356,2016-02-01T00:00:00,96,2011-02-14T00:00:00,12,tmax_hot_in_planting
26,lasso,False,2016-02-08T00:00:00|2016-02-15T00:00:00,358,2016-02-15T00:00:00,356,2016-02-08T00:00:00,356,2016-02-01T00:00:00,96,2011-02-14T00:00:00,12,tmax_very_hot_in_planting
26,lasso,False,2016-02-08T00:00:00|2016-02-15T00:00:00,358,2016-02-15T00:00:00,356,2016-02-08T00:00:00,356,2016-02-01T00:00:00,96,2011-02-14T00:00:00,12,tmin_cold_in_harvesting
26,lasso,False,2016-02-08T00:00:00|2016-02-15T00:00:00,358,2016-02-15T00:00:00,356,2016-02-08T00:00:00,356,2016-02-01T00:00:00,96,2011-02-14T00:00:00,12,tmin_very_cold_in_harvesting
26,lasso,False,2016-02-08T00:00:00|2016-02-15T00:00:00,358,2016-02-15T00:00:00,356,2016-02-08T00:00:00,356,2016-02-01T00:00:00,96,2011-02-14T00:00:00,12,tmin_very_cold_in_planting
26,lasso,False,2016-02-08T00:00:00|2016-02-15T00:00:00,358,2016-02-15T00:00:00,356,2016-02-08T00:00:00,356,2016-02-01T00:00:00,96,2011-02-14T00:00:00,12,wheat_weekly_rv
26,lasso,True,2016-04-04T00:00:00|2016-04-11T00:00:00,366,2016-04-11T00:00:00,364,2016-04-04T00:00:00,364,2016-03-28T00:00:00,104,2011-04-11T00:00:00,13,NAO_index
26,lasso,True,2016-04-04T00:00:00|2016-04-11T00:00:00,366,2016-04-11T00:00:00,364,2016-04-04T00:00:00,364,2016-03-28T00:00:00,104,2011-04-11T00:00:00,13,SOI_index
26,lasso,True,2016-04-04T00:00:00|2016-04-11T00:00:00,366,2016-04-11T00:00:00,364,2016-04-04T00:00:00,364,2016-03-28T00:00:00,104,2011-04-11T00:00:00,13,awnd_moderate_high_wind_in_planting
26,lasso,True,2016-04-04T00:00:00|2016-04-11T00:00:00,366,2016-04-11T00:00:00,364,2016-04-04T00:00:00,364,2016-03-28T00:00:00,104,2011-04-11T00:00:00,13,corn_monthly_rv
26,lasso,True,2016-04-04T00:00:00|2016-04-11T00:00:00,366,2016-04-11T00:00:00,364,2016-04-04T00:00:00,364,2016-03-28T00:00:00,104,2011-04-11T00:00:00,13,corn_seasonal_rv
26,lasso,True,2016-04-04T00:00:00|2016-04-11T00:00:00,366,2016-04-11T00:00:00,364,2016-04-04T00:00:00,364,2016-03-28T00:00:00,104,2011-04-11T00:00:00,13,corn_weekly_jumps
26,lasso,True,2016-04-04T00:00:00|2016-04-11T00:00:00,366,2016-04-11T00:00:00,364,2016-04-04T00:00:00,364,2016-03-28T00:00:00,104,2011-04-11T00:00:00,13,corn_weekly_rv
26,lasso,True,2016-04-04T00:00:00|2016-04-11T00:00:00,366,2016-04-11T00:00:00,364,2016-04-04T00:00:00,364,2016-03-28T00:00:00,104,2011-04-11T00:00:00,13,corn_weekly_rvb
26,lasso,True,2016-04-04T00:00:00|2016-04-11T00:00:00,366,2016-04-11T00:00:00,364,2016-04-04T00:00:00,364,2016-03-28T00:00:00,104,2011-04-11T00:00:00,13,pdsi_extreme_drought_in_harvesting
26,lasso,True,2016-04-04T00:00:00|2016-04-11T00:00:00,366,2016-04-11T00:00:00,364,2016-04-04T00:00:00,364,2016-03-28T00:00:00,104,2011-04-11T00:00:00,13,pdsi_extreme_drought_in_planting
26,lasso,True,2016-04-04T00:00:00|2016-04-11T00:00:00,366,2016-04-11T00:00:00,364,2016-04-04T00:00:00,364,2016-03-28T00:00:00,104,2011-04-11T00:00:00,13,pdsi_extreme_wet_in_planting
26,lasso,True,2016-04-04T00:00:00|2016-04-11T00:00:00,366,2016-04-11T00:00:00,364,2016-04-04T00:00:00,364,2016-03-28T00:00:00,104,2011-04-11T00:00:00,13,pdsi_severe_drought_in_harvesting
26,lasso,True,2016-04-04T00:00:00|2016-04-11T00:00:00,366,2016-04-11T00:00:00,364,2016-04-04T00:00:00,364,2016-03-28T00:00:00,104,2011-04-11T00:00:00,13,pdsi_very_wet_in_harvesting
26,lasso,True,2016-04-04T00:00:00|2016-04-11T00:00:00,366,2016-04-11T00:00:00,364,2016-04-04T00:00:00,364,2016-03-28T00:00:00,104,2011-04-11T00:00:00,13,soybeans_weekly_rv
26,lasso,True,2016-04-04T00:00:00|2016-04-11T00:00:00,366,2016-04-11T00:00:00,364,2016-04-04T00:00:00,364,2016-03-28T00:00:00,104,2011-04-11T00:00:00,13,spi_7d_extreme_wet_in_harvesting
26,lasso,True,2016-04-04T00:00:00|2016-04-11T00:00:00,366,2016-04-11T00:00:00,364,2016-04-04T00:00:00,364,2016-03-28T00:00:00,104,2011-04-11T00:00:00,13,spi_7d_extreme_wet_in_planting
26,lasso,True,2016-04-04T00:00:00|2016-04-11T00:00:00,366,2016-04-11T00:00:00,364,2016-04-04T00:00:00,364,2016-03-28T00:00:00,104,2011-04-11T00:00:00,13,spi_7d_very_dry_in_planting
26,lasso,True,2016-04-04T00:00:00|2016-04-11T00:00:00,366,2016-04-11T00:00:00,364,2016-04-04T00:00:00,364,2016-03-28T00:00:00,104,2011-04-11T00:00:00,13,ssta_elino
26,lasso,True,2016-04-04T00:00:00|2016-04-11T00:00:00,366,2016-04-11T00:00:00,364,2016-04-04T00:00:00,364,2016-03-28T00:00:00,104,2011-04-11T00:00:00,13,ssta_lanina
26,lasso,True,2016-04-04T00:00:00|2016-04-11T00:00:00,366,2016-04-11T00:00:00,364,2016-04-04T00:00:00,364,2016-03-28T00:00:00,104,2011-04-11T00:00:00,13,tmax_hot_in_harvesting
26,lasso,True,2016-04-04T00:00:00|2016-04-11T00:00:00,366,2016-04-11T00:00:00,364,2016-04-04T00:00:00,364,2016-03-28T00:00:00,104,2011-04-11T00:00:00,13,tmax_hot_in_planting
26,lasso,True,2016-04-04T00:00:00|2016-04-11T00:00:00,366,2016-04-11T00:00:00,364,2016-04-04T00:00:00,364,2016-03-28T00:00:00,104,2011-04-11T00:00:00,13,tmax_very_hot_in_planting
26,lasso,True,2016-04-04T00:00:00|2016-04-11T00:00:00,366,2016-04-11T00:00:00,364,2016-04-04T00:00:00,364,2016-03-28T00:00:00,104,2011-04-11T00:00:00,13,tmin_cold_in_harvesting
26,lasso,True,2016-04-04T00:00:00|2016-04-11T00:00:00,366,2016-04-11T00:00:00,364,2016-04-04T00:00:00,364,2016-03-28T00:00:00,104,2011-04-11T00:00:00,13,tmin_very_cold_in_harvesting
26,lasso,True,2016-04-04T00:00:00|2016-04-11T00:00:00,366,2016-04-11T00:00:00,364,2016-04-04T00:00:00,364,2016-03-28T00:00:00,104,2011-04-11T00:00:00,13,tmin_very_cold_in_planting
26,lasso,True,2016-04-04T00:00:00|2016-04-11T00:00:00,366,2016-04-11T00:00:00,364,2016-04-04T00:00:00,364,2016-03-28T00:00:00,104,2011-04-11T00:00:00,13,wheat_weekly_rv
26,lasso,True,2016-05-30T00:00:00|2016-06-06T00:00:00,374,2016-06-06T00:00:00,372,2016-05-30T00:00:00,372,2016-05-23T00:00:00,112,2011-06-06T00:00:00,14,NAO_index
26,lasso,True,2016-05-30T00:00:00|2016-06-06T00:00:00,374,2016-06-06T00:00:00,372,2016-05-30T00:00:00,372,2016-05-23T00:00:00,112,2011-06-06T00:00:00,14,SOI_index
26,lasso,True,2016-05-30T00:00:00|2016-06-06T00:00:00,374,2016-06-06T00:00:00,372,2016-05-30T00:00:00,372,2016-05-23T00:00:00,112,2011-06-06T00:00:00,14,awnd_moderate_high_wind_in_planting
26,lasso,True,2016-05-30T00:00:00|2016-06-06T00:00:00,374,2016-06-06T00:00:00,372,2016-05-30T00:00:00,372,2016-05-23T00:00:00,112,2011-06-06T00:00:00,14,corn_monthly_rv
26,lasso,True,2016-05-30T00:00:00|2016-06-06T00:00:00,374,2016-06-06T00:00:00,372,2016-05-30T00:00:00,372,2016-05-23T00:00:00,112,2011-06-06T00:00:00,14,corn_seasonal_rv
26,lasso,True,2016-05-30T00:00:00|2016-06-06T00:00:00,374,2016-06-06T00:00:00,372,2016-05-30T00:00:00,372,2016-05-23T00:00:00,112,2011-06-06T00:00:00,14,corn_weekly_jumps
26,lasso,True,2016-05-30T00:00:00|2016-06-06T00:00:00,374,2016-06-06T00:00:00,372,2016-05-30T00:00:00,372,2016-05-23T00:00:00,112,2011-06-06T00:00:00,14,corn_weekly_rv
26,lasso,True,2016-05-30T00:00:00|2016-06-06T00:00:00,374,2016-06-06T00:00:00,372,2016-05-30T00:00:00,372,2016-05-23T00:00:00,112,2011-06-06T00:00:00,14,corn_weekly_rvb
26,lasso,True,2016-05-30T00:00:00|2016-06-06T00:00:00,374,2016-06-06T00:00:00,372,2016-05-30T00:00:00,372,2016-05-23T00:00:00,112,2011-06-06T00:00:00,14,pdsi_extreme_drought_in_harvesting
26,lasso,True,2016-05-30T00:00:00|2016-06-06T00:00:00,374,2016-06-06T00:00:00,372,2016-05-30T00:00:00,372,2016-05-23T00:00:00,112,2011-06-06T00:00:00,14,pdsi_extreme_drought_in_planting
26,lasso,True,2016-05-30T00:00:00|2016-06-06T00:00:00,374,2016-06-06T00:00:00,372,2016-05-30T00:00:00,372,2016-05-23T00:00:00,112,2011-06-06T00:00:00,14,pdsi_extreme_wet_in_planting
26,lasso,True,2016-05-30T00:00:00|2016-06-06T00:00:00,374,2016-06-06T00:00:00,372,2016-05-30T00:00:00,372,2016-05-23T00:00:00,112,2011-06-06T00:00:00,14,pdsi_severe_drought_in_harvesting
26,lasso,True,2016-05-30T00:00:00|2016-06-06T00:00:00,374,2016-06-06T00:00:00,372,2016-05-30T00:00:00,372,2016-05-23T00:00:00,112,2011-06-06T00:00:00,14,pdsi_very_wet_in_harvesting
26,lasso,True,2016-05-30T00:00:00|2016-06-06T00:00:00,374,2016-06-06T00:00:00,372,2016-05-30T00:00:00,372,2016-05-23T00:00:00,112,2011-06-06T00:00:00,14,soybeans_weekly_rv
26,lasso,True,2016-05-30T00:00:00|2016-06-06T00:00:00,374,2016-06-06T00:00:00,372,2016-05-30T00:00:00,372,2016-05-23T00:00:00,112,2011-06-06T00:00:00,14,spi_7d_extreme_wet_in_harvesting
26,lasso,True,2016-05-30T00:00:00|2016-06-06T00:00:00,374,2016-06-06T00:00:00,372,2016-05-30T00:00:00,372,2016-05-23T00:00:00,112,2011-06-06T00:00:00,14,spi_7d_extreme_wet_in_planting
26,lasso,True,2016-05-30T00:00:00|2016-06-06T00:00:00,374,2016-06-06T00:00:00,372,2016-05-30T00:00:00,372,2016-05-23T00:00:00,112,2011-06-06T00:00:00,14,spi_7d_very_dry_in_planting
26,lasso,True,2016-05-30T00:00:00|2016-06-06T00:00:00,374,2016-06-06T00:00:00,372,2016-05-30T00:00:00,372,2016-05-23T00:00:00,112,2011-06-06T00:00:00,14,ssta_elino
26,lasso,True,2016-05-30T00:00:00|2016-06-06T00:00:00,374,2016-06-06T00:00:00,372,2016-05-30T00:00:00,372,2016-05-23T00:00:00,112,2011-06-06T00:00:00,14,ssta_lanina
26,lasso,True,2016-05-30T00:00:00|2016-06-06T00:00:00,374,2016-06-06T00:00:00,372,2016-05-30T00:00:00,372,2016-05-23T00:00:00,112,2011-06-06T00:00:00,14,tmax_hot_in_harvesting
26,lasso,True,2016-05-30T00:00:00|2016-06-06T00:00:00,374,2016-06-06T00:00:00,372,2016-05-30T00:00:00,372,2016-05-23T00:00:00,112,2011-06-06T00:00:00,14,tmax_hot_in_planting
26,lasso,True,2016-05-30T00:00:00|2016-06-06T00:00:00,374,2016-06-06T00:00:00,372,2016-05-30T00:00:00,372,2016-05-23T00:00:00,112,2011-06-06T00:00:00,14,tmax_very_hot_in_planting
26,lasso,True,2016-05-30T00:00:00|2016-06-06T00:00:00,374,2016-06-06T00:00:00,372,2016-05-30T00:00:00,372,2016-05-23T00:00:00,112,2011-06-06T00:00:00,14,tmin_cold_in_harvesting
26,lasso,True,2016-05-30T00:00:00|2016-06-06T00:00:00,374,2016-06-06T00:00:00,372,2016-05-30T00:00:00,372,2016-05-23T00:00:00,112,2011-06-06T00:00:00,14,tmin_very_cold_in_harvesting
26,lasso,True,2016-05-30T00:00:00|2016-06-06T00:00:00,374,2016-06-06T00:00:00,372,2016-05-30T00:00:00,372,2016-05-23T00:00:00,112,2011-06-06T00:00:00,14,tmin_very_cold_in_planting
26,lasso,True,2016-05-30T00:00:00|2016-06-06T00:00:00,374,2016-06-06T00:00:00,372,2016-05-30T00:00:00,372,2016-05-23T00:00:00,112,2011-06-06T00:00:00,14,wheat_weekly_rv
26,lasso,True,2016-07-25T00:00:00|2016-08-01T00:00:00,382,2016-08-01T00:00:00,380,2016-07-25T00:00:00,380,2016-07-18T00:00:00,120,2011-08-01T00:00:00,15,NAO_index
26,lasso,True,2016-07-25T00:00:00|2016-08-01T00:00:00,382,2016-08-01T00:00:00,380,2016-07-25T00:00:00,380,2016-07-18T00:00:00,120,2011-08-01T00:00:00,15,SOI_index
26,lasso,True,2016-07-25T00:00:00|2016-08-01T00:00:00,382,2016-08-01T00:00:00,380,2016-07-25T00:00:00,380,2016-07-18T00:00:00,120,2011-08-01T00:00:00,15,awnd_moderate_high_wind_in_planting
26,lasso,True,2016-07-25T00:00:00|2016-08-01T00:00:00,382,2016-08-01T00:00:00,380,2016-07-25T00:00:00,380,2016-07-18T00:00:00,120,2011-08-01T00:00:00,15,corn_monthly_rv
26,lasso,True,2016-07-25T00:00:00|2016-08-01T00:00:00,382,2016-08-01T00:00:00,380,2016-07-25T00:00:00,380,2016-07-18T00:00:00,120,2011-08-01T00:00:00,15,corn_seasonal_rv
26,lasso,True,2016-07-25T00:00:00|2016-08-01T00:00:00,382,2016-08-01T00:00:00,380,2016-07-25T00:00:00,380,2016-07-18T00:00:00,120,2011-08-01T00:00:00,15,corn_weekly_jumps
26,lasso,True,2016-07-25T00:00:00|2016-08-01T00:00:00,382,2016-08-01T00:00:00,380,2016-07-25T00:00:00,380,2016-07-18T00:00:00,120,2011-08-01T00:00:00,15,corn_weekly_rv
26,lasso,True,2016-07-25T00:00:00|2016-08-01T00:00:00,382,2016-08-01T00:00:00,380,2016-07-25T00:00:00,380,2016-07-18T00:00:00,120,2011-08-01T00:00:00,15,corn_weekly_rvb
26,lasso,True,2016-07-25T00:00:00|2016-08-01T00:00:00,382,2016-08-01T00:00:00,380,2016-07-25T00:00:00,380,2016-07-18T00:00:00,120,2011-08-01T00:00:00,15,pdsi_extreme_drought_in_harvesting
26,lasso,True,2016-07-25T00:00:00|2016-08-01T00:00:00,382,2016-08-01T00:00:00,380,2016-07-25T00:00:00,380,2016-07-18T00:00:00,120,2011-08-01T00:00:00,15,pdsi_extreme_drought_in_planting
26,lasso,True,2016-07-25T00:00:00|2016-08-01T00:00:00,382,2016-08-01T00:00:00,380,2016-07-25T00:00:00,380,2016-07-18T00:00:00,120,2011-08-01T00:00:00,15,pdsi_extreme_wet_in_planting
26,lasso,True,2016-07-25T00:00:00|2016-08-01T00:00:00,382,2016-08-01T00:00:00,380,2016-07-25T00:00:00,380,2016-07-18T00:00:00,120,2011-08-01T00:00:00,15,pdsi_severe_drought_in_harvesting
26,lasso,True,2016-07-25T00:00:00|2016-08-01T00:00:00,382,2016-08-01T00:00:00,380,2016-07-25T00:00:00,380,2016-07-18T00:00:00,120,2011-08-01T00:00:00,15,pdsi_very_wet_in_harvesting
26,lasso,True,2016-07-25T00:00:00|2016-08-01T00:00:00,382,2016-08-01T00:00:00,380,2016-07-25T00:00:00,380,2016-07-18T00:00:00,120,2011-08-01T00:00:00,15,soybeans_weekly_rv
26,lasso,True,2016-07-25T00:00:00|2016-08-01T00:00:00,382,2016-08-01T00:00:00,380,2016-07-25T00:00:00,380,2016-07-18T00:00:00,120,2011-08-01T00:00:00,15,spi_7d_extreme_wet_in_harvesting
26,lasso,True,2016-07-25T00:00:00|2016-08-01T00:00:00,382,2016-08-01T00:00:00,380,2016-07-25T00:00:00,380,2016-07-18T00:00:00,120,2011-08-01T00:00:00,15,spi_7d_extreme_wet_in_planting
26,lasso,True,2016-07-25T00:00:00|2016-08-01T00:00:00,382,2016-08-01T00:00:00,380,2016-07-25T00:00:00,380,2016-07-18T00:00:00,120,2011-08-01T00:00:00,15,spi_7d_very_dry_in_planting
26,lasso,True,2016-07-25T00:00:00|2016-08-01T00:00:00,382,2016-08-01T00:00:00,380,2016-07-25T00:00:00,380,2016-07-18T00:00:00,120,2011-08-01T00:00:00,15,ssta_elino
26,lasso,True,2016-07-25T00:00:00|2016-08-01T00:00:00,382,2016-08-01T00:00:00,380,2016-07-25T00:00:00,380,2016-07-18T00:00:00,120,2011-08-01T00:00:00,15,ssta_lanina
26,lasso,True,2016-07-25T00:00:00|2016-08-01T00:00:00,382,2016-08-01T00:00:00,380,2016-07-25T00:00:00,380,2016-07-18T00:00:00,120,2011-08-01T00:00:00,15,tmax_hot_in_harvesting
26,lasso,True,2016-07-25T00:00:00|2016-08-01T00:00:00,382,2016-08-01T00:00:00,380,2016-07-25T00:00:00,380,2016-07-18T00:00:00,120,2011-08-01T00:00:00,15,tmax_hot_in_planting
26,lasso,True,2016-07-25T00:00:00|2016-08-01T00:00:00,382,2016-08-01T00:00:00,380,2016-07-25T00:00:00,380,2016-07-18T00:00:00,120,2011-08-01T00:00:00,15,tmax_very_hot_in_planting
26,lasso,True,2016-07-25T00:00:00|2016-08-01T00:00:00,382,2016-08-01T00:00:00,380,2016-07-25T00:00:00,380,2016-07-18T00:00:00,120,2011-08-01T00:00:00,15,tmin_cold_in_harvesting
26,lasso,True,2016-07-25T00:00:00|2016-08-01T00:00:00,382,2016-08-01T00:00:00,380,2016-07-25T00:00:00,380,2016-07-18T00:00:00,120,2011-08-01T00:00:00,15,tmin_very_cold_in_harvesting
26,lasso,True,2016-07-25T00:00:00|2016-08-01T00:00:00,382,2016-08-01T00:00:00,380,2016-07-25T00:00:00,380,2016-07-18T00:00:00,120,2011-08-01T00:00:00,15,tmin_very_cold_in_planting
26,lasso,True,2016-07-25T00:00:00|2016-08-01T00:00:00,382,2016-08-01T00:00:00,380,2016-07-25T00:00:00,380,2016-07-18T00:00:00,120,2011-08-01T00:00:00,15,wheat_weekly_rv
8,lasso,False,2016-09-19T00:00:00|2016-09-26T00:00:00,390,2016-09-26T00:00:00,388,2016-09-19T00:00:00,388,2016-09-12T00:00:00,128,2011-09-26T00:00:00,16,NAO_index
8,lasso,False,2016-09-19T00:00:00|2016-09-26T00:00:00,390,2016-09-26T00:00:00,388,2016-09-19T00:00:00,388,2016-09-12T00:00:00,128,2011-09-26T00:00:00,16,corn_monthly_rv
8,lasso,False,2016-09-19T00:00:00|2016-09-26T00:00:00,390,2016-09-26T00:00:00,388,2016-09-19T00:00:00,388,2016-09-12T00:00:00,128,2011-09-26T00:00:00,16,corn_seasonal_rv
8,lasso,False,2016-09-19T00:00:00|2016-09-26T00:00:00,390,2016-09-26T00:00:00,388,2016-09-19T00:00:00,388,2016-09-12T00:00:00,128,2011-09-26T00:00:00,16,corn_weekly_rv
8,lasso,False,2016-09-19T00:00:00|2016-09-26T00:00:00,390,2016-09-26T00:00:00,388,2016-09-19T00:00:00,388,2016-09-12T00:00:00,128,2011-09-26T00:00:00,16,pdsi_extreme_drought_in_planting
8,lasso,False,2016-09-19T00:00:00|2016-09-26T00:00:00,390,2016-09-26T00:00:00,388,2016-09-19T00:00:00,388,2016-09-12T00:00:00,128,2011-09-26T00:00:00,16,ssta_elino
8,lasso,False,2016-09-19T00:00:00|2016-09-26T00:00:00,390,2016-09-26T00:00:00,388,2016-09-19T00:00:00,388,2016-09-12T00:00:00,128,2011-09-26T00:00:00,16,tmax_hot_in_planting
8,lasso,False,2016-09-19T00:00:00|2016-09-26T00:00:00,390,2016-09-26T00:00:00,388,2016-09-19T00:00:00,388,2016-09-12T00:00:00,128,2011-09-26T00:00:00,16,wheat_weekly_rv
8,lasso,True,2016-11-14T00:00:00|2016-11-21T00:00:00,398,2016-11-21T00:00:00,396,2016-11-14T00:00:00,396,2016-11-07T00:00:00,136,2011-11-21T00:00:00,17,NAO_index
8,lasso,True,2016-11-14T00:00:00|2016-11-21T00:00:00,398,2016-11-21T00:00:00,396,2016-11-14T00:00:00,396,2016-11-07T00:00:00,136,2011-11-21T00:00:00,17,corn_monthly_rv
8,lasso,True,2016-11-14T00:00:00|2016-11-21T00:00:00,398,2016-11-21T00:00:00,396,2016-11-14T00:00:00,396,2016-11-07T00:00:00,136,2011-11-21T00:00:00,17,corn_seasonal_rv
8,lasso,True,2016-11-14T00:00:00|2016-11-21T00:00:00,398,2016-11-21T00:00:00,396,2016-11-14T00:00:00,396,2016-11-07T00:00:00,136,2011-11-21T00:00:00,17,corn_weekly_rv
8,lasso,True,2016-11-14T00:00:00|2016-11-21T00:00:00,398,2016-11-21T00:00:00,396,2016-11-14T00:00:00,396,2016-11-07T00:00:00,136,2011-11-21T00:00:00,17,pdsi_extreme_drought_in_planting
8,lasso,True,2016-11-14T00:00:00|2016-11-21T00:00:00,398,2016-11-21T00:00:00,396,2016-11-14T00:00:00,396,2016-11-07T00:00:00,136,2011-11-21T00:00:00,17,ssta_elino
8,lasso,True,2016-11-14T00:00:00|2016-11-21T00:00:00,398,2016-11-21T00:00:00,396,2016-11-14T00:00:00,396,2016-11-07T00:00:00,136,2011-11-21T00:00:00,17,tmax_hot_in_planting
8,lasso,True,2016-11-14T00:00:00|2016-11-21T00:00:00,398,2016-11-21T00:00:00,396,2016-11-14T00:00:00,396,2016-11-07T00:00:00,136,2011-11-21T00:00:00,17,wheat_weekly_rv
8,lasso,True,2017-01-09T00:00:00|2017-01-16T00:00:00,406,2017-01-16T00:00:00,404,2017-01-09T00:00:00,404,2017-01-02T00:00:00,144,2012-01-16T00:00:00,18,NAO_index
8,lasso,True,2017-01-09T00:00:00|2017-01-16T00:00:00,406,2017-01-16T00:00:00,404,2017-01-09T00:00:00,404,2017-01-02T00:00:00,144,2012-01-16T00:00:00,18,corn_monthly_rv
8,lasso,True,2017-01-09T00:00:00|2017-01-16T00:00:00,406,2017-01-16T00:00:00,404,2017-01-09T00:00:00,404,2017-01-02T00:00:00,144,2012-01-16T00:00:00,18,corn_seasonal_rv
8,lasso,True,2017-01-09T00:00:00|2017-01-16T00:00:00,406,2017-01-16T00:00:00,404,2017-01-09T00:00:00,404,2017-01-02T00:00:00,144,2012-01-16T00:00:00,18,corn_weekly_rv
8,lasso,True,2017-01-09T00:00:00|2017-01-16T00:00:00,406,2017-01-16T00:00:00,404,2017-01-09T00:00:00,404,2017-01-02T00:00:00,144,2012-01-16T00:00:00,18,pdsi_extreme_drought_in_planting
8,lasso,True,2017-01-09T00:00:00|2017-01-16T00:00:00,406,2017-01-16T00:00:00,404,2017-01-09T00:00:00,404,2017-01-02T00:00:00,144,2012-01-16T00:00:00,18,ssta_elino
8,lasso,True,2017-01-09T00:00:00|2017-01-16T00:00:00,406,2017-01-16T00:00:00,404,2017-01-09T00:00:00,404,2017-01-02T00:00:00,144,2012-01-16T00:00:00,18,tmax_hot_in_planting
8,lasso,True,2017-01-09T00:00:00|2017-01-16T00:00:00,406,2017-01-16T00:00:00,404,2017-01-09T00:00:00,404,2017-01-02T00:00:00,144,2012-01-16T00:00:00,18,wheat_weekly_rv
8,lasso,True,2017-03-06T00:00:00|2017-03-13T00:00:00,414,2017-03-13T00:00:00,412,2017-03-06T00:00:00,412,2017-02-27T00:00:00,152,2012-03-12T00:00:00,19,NAO_index
8,lasso,True,2017-03-06T00:00:00|2017-03-13T00:00:00,414,2017-03-13T00:00:00,412,2017-03-06T00:00:00,412,2017-02-27T00:00:00,152,2012-03-12T00:00:00,19,corn_monthly_rv
8,lasso,True,2017-03-06T00:00:00|2017-03-13T00:00:00,414,2017-03-13T00:00:00,412,2017-03-06T00:00:00,412,2017-02-27T00:00:00,152,2012-03-12T00:00:00,19,corn_seasonal_rv
8,lasso,True,2017-03-06T00:00:00|2017-03-13T00:00:00,414,2017-03-13T00:00:00,412,2017-03-06T00:00:00,412,2017-02-27T00:00:00,152,2012-03-12T00:00:00,19,corn_weekly_rv
8,lasso,True,2017-03-06T00:00:00|2017-03-13T00:00:00,414,2017-03-13T00:00:00,412,2017-03-06T00:00:00,412,2017-02-27T00:00:00,152,2012-03-12T00:00:00,19,pdsi_extreme_drought_in_planting
8,lasso,True,2017-03-06T00:00:00|2017-03-13T00:00:00,414,2017-03-13T00:00:00,412,2017-03-06T00:00:00,412,2017-02-27T00:00:00,152,2012-03-12T00:00:00,19,ssta_elino
8,lasso,True,2017-03-06T00:00:00|2017-03-13T00:00:00,414,2017-03-13T00:00:00,412,2017-03-06T00:00:00,412,2017-02-27T00:00:00,152,2012-03-12T00:00:00,19,tmax_hot_in_planting
8,lasso,True,2017-03-06T00:00:00|2017-03-13T00:00:00,414,2017-03-13T00:00:00,412,2017-03-06T00:00:00,412,2017-02-27T00:00:00,152,2012-03-12T00:00:00,19,wheat_weekly_rv
6,lasso,False,2017-05-01T00:00:00|2017-05-08T00:00:00,422,2017-05-08T00:00:00,420,2017-05-01T00:00:00,420,2017-04-24T00:00:00,160,2012-05-07T00:00:00,20,NAO_index
6,lasso,False,2017-05-01T00:00:00|2017-05-08T00:00:00,422,2017-05-08T00:00:00,420,2017-05-01T00:00:00,420,2017-04-24T00:00:00,160,2012-05-07T00:00:00,20,corn_monthly_rv
6,lasso,False,2017-05-01T00:00:00|2017-05-08T00:00:00,422,2017-05-08T00:00:00,420,2017-05-01T00:00:00,420,2017-04-24T00:00:00,160,2012-05-07T00:00:00,20,corn_seasonal_rv
6,lasso,False,2017-05-01T00:00:00|2017-05-08T00:00:00,422,2017-05-08T00:00:00,420,2017-05-01T00:00:00,420,2017-04-24T00:00:00,160,2012-05-07T00:00:00,20,corn_weekly_rv
6,lasso,False,2017-05-01T00:00:00|2017-05-08T00:00:00,422,2017-05-08T00:00:00,420,2017-05-01T00:00:00,420,2017-04-24T00:00:00,160,2012-05-07T00:00:00,20,tmax_hot_in_planting
6,lasso,False,2017-05-01T00:00:00|2017-05-08T00:00:00,422,2017-05-08T00:00:00,420,2017-05-01T00:00:00,420,2017-04-24T00:00:00,160,2012-05-07T00:00:00,20,wheat_weekly_rv
6,lasso,True,2017-06-26T00:00:00|2017-07-03T00:00:00,430,2017-07-03T00:00:00,428,2017-06-26T00:00:00,428,2017-06-19T00:00:00,168,2012-07-02T00:00:00,21,NAO_index
6,lasso,True,2017-06-26T00:00:00|2017-07-03T00:00:00,430,2017-07-03T00:00:00,428,2017-06-26T00:00:00,428,2017-06-19T00:00:00,168,2012-07-02T00:00:00,21,corn_monthly_rv
6,lasso,True,2017-06-26T00:00:00|2017-07-03T00:00:00,430,2017-07-03T00:00:00,428,2017-06-26T00:00:00,428,2017-06-19T00:00:00,168,2012-07-02T00:00:00,21,corn_seasonal_rv
6,lasso,True,2017-06-26T00:00:00|2017-07-03T00:00:00,430,2017-07-03T00:00:00,428,2017-06-26T00:00:00,428,2017-06-19T00:00:00,168,2012-07-02T00:00:00,21,corn_weekly_rv
6,lasso,True,2017-06-26T00:00:00|2017-07-03T00:00:00,430,2017-07-03T00:00:00,428,2017-06-26T00:00:00,428,2017-06-19T00:00:00,168,2012-07-02T00:00:00,21,tmax_hot_in_planting
6,lasso,True,2017-06-26T00:00:00|2017-07-03T00:00:00,430,2017-07-03T00:00:00,428,2017-06-26T00:00:00,428,2017-06-19T00:00:00,168,2012-07-02T00:00:00,21,wheat_weekly_rv
6,lasso,True,2017-08-21T00:00:00|2017-08-28T00:00:00,438,2017-08-28T00:00:00,436,2017-08-21T00:00:00,436,2017-08-14T00:00:00,176,2012-08-27T00:00:00,22,NAO_index
6,lasso,True,2017-08-21T00:00:00|2017-08-28T00:00:00,438,2017-08-28T00:00:00,436,2017-08-21T00:00:00,436,2017-08-14T00:00:00,176,2012-08-27T00:00:00,22,corn_monthly_rv
6,lasso,True,2017-08-21T00:00:00|2017-08-28T00:00:00,438,2017-08-28T00:00:00,436,2017-08-21T00:00:00,436,2017-08-14T00:00:00,176,2012-08-27T00:00:00,22,corn_seasonal_rv
6,lasso,True,2017-08-21T00:00:00|2017-08-28T00:00:00,438,2017-08-28T00:00:00,436,2017-08-21T00:00:00,436,2017-08-14T00:00:00,176,2012-08-27T00:00:00,22,corn_weekly_rv
6,lasso,True,2017-08-21T00:00:00|2017-08-28T00:00:00,438,2017-08-28T00:00:00,436,2017-08-21T00:00:00,436,2017-08-14T00:00:00,176,2012-08-27T00:00:00,22,tmax_hot_in_planting
6,lasso,True,2017-08-21T00:00:00|2017-08-28T00:00:00,438,2017-08-28T00:00:00,436,2017-08-21T00:00:00,436,2017-08-14T00:00:00,176,2012-08-27T00:00:00,22,wheat_weekly_rv
6,lasso,True,2017-10-16T00:00:00|2017-10-23T00:00:00,446,2017-10-23T00:00:00,444,2017-10-16T00:00:00,444,2017-10-09T00:00:00,184,2012-10-22T00:00:00,23,NAO_index
6,lasso,True,2017-10-16T00:00:00|2017-10-23T00:00:00,446,2017-10-23T00:00:00,444,2017-10-16T00:00:00,444,2017-10-09T00:00:00,184,2012-10-22T00:00:00,23,corn_monthly_rv
6,lasso,True,2017-10-16T00:00:00|2017-10-23T00:00:00,446,2017-10-23T00:00:00,444,2017-10-16T00:00:00,444,2017-10-09T00:00:00,184,2012-10-22T00:00:00,23,corn_seasonal_rv
6,lasso,True,2017-10-16T00:00:00|2017-10-23T00:00:00,446,2017-10-23T00:00:00,444,2017-10-16T00:00:00,444,2017-10-09T00:00:00,184,2012-10-22T00:00:00,23,corn_weekly_rv
6,lasso,True,2017-10-16T00:00:00|2017-10-23T00:00:00,446,2017-10-23T00:00:00,444,2017-10-16T00:00:00,444,2017-10-09T00:00:00,184,2012-10-22T00:00:00,23,tmax_hot_in_planting
6,lasso,True,2017-10-16T00:00:00|2017-10-23T00:00:00,446,2017-10-23T00:00:00,444,2017-10-16T00:00:00,444,2017-10-09T00:00:00,184,2012-10-22T00:00:00,23,wheat_weekly_rv
3,lasso,False,2017-12-11T00:00:00|2017-12-18T00:00:00,454,2017-12-18T00:00:00,452,2017-12-11T00:00:00,452,2017-12-04T00:00:00,192,2012-12-17T00:00:00,24,corn_monthly_rv
3,lasso,False,2017-12-11T00:00:00|2017-12-18T00:00:00,454,2017-12-18T00:00:00,452,2017-12-11T00:00:00,452,2017-12-04T00:00:00,192,2012-12-17T00:00:00,24,corn_seasonal_rv
3,lasso,False,2017-12-11T00:00:00|2017-12-18T00:00:00,454,2017-12-18T00:00:00,452,2017-12-11T00:00:00,452,2017-12-04T00:00:00,192,2012-12-17T00:00:00,24,corn_weekly_rv
3,lasso,True,2018-02-05T00:00:00|2018-02-12T00:00:00,462,2018-02-12T00:00:00,460,2018-02-05T00:00:00,460,2018-01-29T00:00:00,200,2013-02-11T00:00:00,25,corn_monthly_rv
3,lasso,True,2018-02-05T00:00:00|2018-02-12T00:00:00,462,2018-02-12T00:00:00,460,2018-02-05T00:00:00,460,2018-01-29T00:00:00,200,2013-02-11T00:00:00,25,corn_seasonal_rv
3,lasso,True,2018-02-05T00:00:00|2018-02-12T00:00:00,462,2018-02-12T00:00:00,460,2018-02-05T00:00:00,460,2018-01-29T00:00:00,200,2013-02-11T00:00:00,25,corn_weekly_rv
3,lasso,True,2018-04-02T00:00:00|2018-04-09T00:00:00,470,2018-04-09T00:00:00,468,2018-04-02T00:00:00,468,2018-03-26T00:00:00,208,2013-04-08T00:00:00,26,corn_monthly_rv
3,lasso,True,2018-04-02T00:00:00|2018-04-09T00:00:00,470,2018-04-09T00:00:00,468,2018-04-02T00:00:00,468,2018-03-26T00:00:00,208,2013-04-08T00:00:00,26,corn_seasonal_rv
3,lasso,True,2018-04-02T00:00:00|2018-04-09T00:00:00,470,2018-04-09T00:00:00,468,2018-04-02T00:00:00,468,2018-03-26T00:00:00,208,2013-04-08T00:00:00,26,corn_weekly_rv
3,lasso,True,2018-05-28T00:00:00|2018-06-04T00:00:00,478,2018-06-04T00:00:00,476,2018-05-28T00:00:00,476,2018-05-21T00:00:00,216,2013-06-03T00:00:00,27,corn_monthly_rv
3,lasso,True,2018-05-28T00:00:00|2018-06-04T00:00:00,478,2018-06-04T00:00:00,476,2018-05-28T00:00:00,476,2018-05-21T00:00:00,216,2013-06-03T00:00:00,27,corn_seasonal_rv
3,lasso,True,2018-05-28T00:00:00|2018-06-04T00:00:00,478,2018-06-04T00:00:00,476,2018-05-28T00:00:00,476,2018-05-21T00:00:00,216,2013-06-03T00:00:00,27,corn_weekly_rv
10,lasso,False,2018-07-23T00:00:00|2018-07-30T00:00:00,486,2018-07-30T00:00:00,484,2018-07-23T00:00:00,484,2018-07-16T00:00:00,224,2013-07-29T00:00:00,28,corn_monthly_rv
10,lasso,False,2018-07-23T00:00:00|2018-07-30T00:00:00,486,2018-07-30T00:00:00,484,2018-07-23T00:00:00,484,2018-07-16T00:00:00,224,2013-07-29T00:00:00,28,corn_seasonal_rv
10,lasso,False,2018-07-23T00:00:00|2018-07-30T00:00:00,486,2018-07-30T00:00:00,484,2018-07-23T00:00:00,484,2018-07-16T00:00:00,224,2013-07-29T00:00:00,28,corn_weekly_rv
10,lasso,False,2018-07-23T00:00:00|2018-07-30T00:00:00,486,2018-07-30T00:00:00,484,2018-07-23T00:00:00,484,2018-07-16T00:00:00,224,2013-07-29T00:00:00,28,soybeans_weekly_rv
10,lasso,False,2018-07-23T00:00:00|2018-07-30T00:00:00,486,2018-07-30T00:00:00,484,2018-07-23T00:00:00,484,2018-07-16T00:00:00,224,2013-07-29T00:00:00,28,spi_7d_extreme_wet_in_harvesting
10,lasso,False,2018-07-23T00:00:00|2018-07-30T00:00:00,486,2018-07-30T00:00:00,484,2018-07-23T00:00:00,484,2018-07-16T00:00:00,224,2013-07-29T00:00:00,28,spi_7d_very_wet_in_planting
10,lasso,False,2018-07-23T00:00:00|2018-07-30T00:00:00,486,2018-07-30T00:00:00,484,2018-07-23T00:00:00,484,2018-07-16T00:00:00,224,2013-07-29T00:00:00,28,ssta_lanina
10,lasso,False,2018-07-23T00:00:00|2018-07-30T00:00:00,486,2018-07-30T00:00:00,484,2018-07-23T00:00:00,484,2018-07-16T00:00:00,224,2013-07-29T00:00:00,28,tmax_hot_in_harvesting
10,lasso,False,2018-07-23T00:00:00|2018-07-30T00:00:00,486,2018-07-30T00:00:00,484,2018-07-23T00:00:00,484,2018-07-16T00:00:00,224,2013-07-29T00:00:00,28,tmax_hot_in_planting
10,lasso,False,2018-07-23T00:00:00|2018-07-30T00:00:00,486,2018-07-30T00:00:00,484,2018-07-23T00:00:00,484,2018-07-16T00:00:00,224,2013-07-29T00:00:00,28,wheat_weekly_rv
10,lasso,True,2018-09-17T00:00:00|2018-09-24T00:00:00,494,2018-09-24T00:00:00,492,2018-09-17T00:00:00,492,2018-09-10T00:00:00,232,2013-09-23T00:00:00,29,corn_monthly_rv
10,lasso,True,2018-09-17T00:00:00|2018-09-24T00:00:00,494,2018-09-24T00:00:00,492,2018-09-17T00:00:00,492,2018-09-10T00:00:00,232,2013-09-23T00:00:00,29,corn_seasonal_rv
10,lasso,True,2018-09-17T00:00:00|2018-09-24T00:00:00,494,2018-09-24T00:00:00,492,2018-09-17T00:00:00,492,2018-09-10T00:00:00,232,2013-09-23T00:00:00,29,corn_weekly_rv
10,lasso,True,2018-09-17T00:00:00|2018-09-24T00:00:00,494,2018-09-24T00:00:00,492,2018-09-17T00:00:00,492,2018-09-10T00:00:00,232,2013-09-23T00:00:00,29,soybeans_weekly_rv
10,lasso,True,2018-09-17T00:00:00|2018-09-24T00:00:00,494,2018-09-24T00:00:00,492,2018-09-17T00:00:00,492,2018-09-10T00:00:00,232,2013-09-23T00:00:00,29,spi_7d_extreme_wet_in_harvesting
10,lasso,True,2018-09-17T00:00:00|2018-09-24T00:00:00,494,2018-09-24T00:00:00,492,2018-09-17T00:00:00,492,2018-09-10T00:00:00,232,2013-09-23T00:00:00,29,spi_7d_very_wet_in_planting
10,lasso,True,2018-09-17T00:00:00|2018-09-24T00:00:00,494,2018-09-24T00:00:00,492,2018-09-17T00:00:00,492,2018-09-10T00:00:00,232,2013-09-23T00:00:00,29,ssta_lanina
10,lasso,True,2018-09-17T00:00:00|2018-09-24T00:00:00,494,2018-09-24T00:00:00,492,2018-09-17T00:00:00,492,2018-09-10T00:00:00,232,2013-09-23T00:00:00,29,tmax_hot_in_harvesting
10,lasso,True,2018-09-17T00:00:00|2018-09-24T00:00:00,494,2018-09-24T00:00:00,492,2018-09-17T00:00:00,492,2018-09-10T00:00:00,232,2013-09-23T00:00:00,29,tmax_hot_in_planting
10,lasso,True,2018-09-17T00:00:00|2018-09-24T00:00:00,494,2018-09-24T00:00:00,492,2018-09-17T00:00:00,492,2018-09-10T00:00:00,232,2013-09-23T00:00:00,29,wheat_weekly_rv
10,lasso,True,2018-11-12T00:00:00|2018-11-19T00:00:00,502,2018-11-19T00:00:00,500,2018-11-12T00:00:00,500,2018-11-05T00:00:00,240,2013-11-18T00:00:00,30,corn_monthly_rv
10,lasso,True,2018-11-12T00:00:00|2018-11-19T00:00:00,502,2018-11-19T00:00:00,500,2018-11-12T00:00:00,500,2018-11-05T00:00:00,240,2013-11-18T00:00:00,30,corn_seasonal_rv
10,lasso,True,2018-11-12T00:00:00|2018-11-19T00:00:00,502,2018-11-19T00:00:00,500,2018-11-12T00:00:00,500,2018-11-05T00:00:00,240,2013-11-18T00:00:00,30,corn_weekly_rv
10,lasso,True,2018-11-12T00:00:00|2018-11-19T00:00:00,502,2018-11-19T00:00:00,500,2018-11-12T00:00:00,500,2018-11-05T00:00:00,240,2013-11-18T00:00:00,30,soybeans_weekly_rv
10,lasso,True,2018-11-12T00:00:00|2018-11-19T00:00:00,502,2018-11-19T00:00:00,500,2018-11-12T00:00:00,500,2018-11-05T00:00:00,240,2013-11-18T00:00:00,30,spi_7d_extreme_wet_in_harvesting
10,lasso,True,2018-11-12T00:00:00|2018-11-19T00:00:00,502,2018-11-19T00:00:00,500,2018-11-12T00:00:00,500,2018-11-05T00:00:00,240,2013-11-18T00:00:00,30,spi_7d_very_wet_in_planting
10,lasso,True,2018-11-12T00:00:00|2018-11-19T00:00:00,502,2018-11-19T00:00:00,500,2018-11-12T00:00:00,500,2018-11-05T00:00:00,240,2013-11-18T00:00:00,30,ssta_lanina
10,lasso,True,2018-11-12T00:00:00|2018-11-19T00:00:00,502,2018-11-19T00:00:00,500,2018-11-12T00:00:00,500,2018-11-05T00:00:00,240,2013-11-18T00:00:00,30,tmax_hot_in_harvesting
10,lasso,True,2018-11-12T00:00:00|2018-11-19T00:00:00,502,2018-11-19T00:00:00,500,2018-11-12T00:00:00,500,2018-11-05T00:00:00,240,2013-11-18T00:00:00,30,tmax_hot_in_planting
10,lasso,True,2018-11-12T00:00:00|2018-11-19T00:00:00,502,2018-11-19T00:00:00,500,2018-11-12T00:00:00,500,2018-11-05T00:00:00,240,2013-11-18T00:00:00,30,wheat_weekly_rv
10,lasso,True,2019-01-07T00:00:00|2019-01-14T00:00:00,510,2019-01-14T00:00:00,508,2019-01-07T00:00:00,508,2018-12-31T00:00:00,248,2014-01-13T00:00:00,31,corn_monthly_rv
10,lasso,True,2019-01-07T00:00:00|2019-01-14T00:00:00,510,2019-01-14T00:00:00,508,2019-01-07T00:00:00,508,2018-12-31T00:00:00,248,2014-01-13T00:00:00,31,corn_seasonal_rv
10,lasso,True,2019-01-07T00:00:00|2019-01-14T00:00:00,510,2019-01-14T00:00:00,508,2019-01-07T00:00:00,508,2018-12-31T00:00:00,248,2014-01-13T00:00:00,31,corn_weekly_rv
10,lasso,True,2019-01-07T00:00:00|2019-01-14T00:00:00,510,2019-01-14T00:00:00,508,2019-01-07T00:00:00,508,2018-12-31T00:00:00,248,2014-01-13T00:00:00,31,soybeans_weekly_rv
10,lasso,True,2019-01-07T00:00:00|2019-01-14T00:00:00,510,2019-01-14T00:00:00,508,2019-01-07T00:00:00,508,2018-12-31T00:00:00,248,2014-01-13T00:00:00,31,spi_7d_extreme_wet_in_harvesting
10,lasso,True,2019-01-07T00:00:00|2019-01-14T00:00:00,510,2019-01-14T00:00:00,508,2019-01-07T00:00:00,508,2018-12-31T00:00:00,248,2014-01-13T00:00:00,31,spi_7d_very_wet_in_planting
10,lasso,True,2019-01-07T00:00:00|2019-01-14T00:00:00,510,2019-01-14T00:00:00,508,2019-01-07T00:00:00,508,2018-12-31T00:00:00,248,2014-01-13T00:00:00,31,ssta_lanina
10,lasso,True,2019-01-07T00:00:00|2019-01-14T00:00:00,510,2019-01-14T00:00:00,508,2019-01-07T00:00:00,508,2018-12-31T00:00:00,248,2014-01-13T00:00:00,31,tmax_hot_in_harvesting
10,lasso,True,2019-01-07T00:00:00|2019-01-14T00:00:00,510,2019-01-14T00:00:00,508,2019-01-07T00:00:00,508,2018-12-31T00:00:00,248,2014-01-13T00:00:00,31,tmax_hot_in_planting
10,lasso,True,2019-01-07T00:00:00|2019-01-14T00:00:00,510,2019-01-14T00:00:00,508,2019-01-07T00:00:00,508,2018-12-31T00:00:00,248,2014-01-13T00:00:00,31,wheat_weekly_rv
26,lasso,False,2019-03-04T00:00:00|2019-03-11T00:00:00,518,2019-03-11T00:00:00,516,2019-03-04T00:00:00,516,2019-02-25T00:00:00,256,2014-03-10T00:00:00,32,NAO_index
26,lasso,False,2019-03-04T00:00:00|2019-03-11T00:00:00,518,2019-03-11T00:00:00,516,2019-03-04T00:00:00,516,2019-02-25T00:00:00,256,2014-03-10T00:00:00,32,SOI_index
26,lasso,False,2019-03-04T00:00:00|2019-03-11T00:00:00,518,2019-03-11T00:00:00,516,2019-03-04T00:00:00,516,2019-02-25T00:00:00,256,2014-03-10T00:00:00,32,awnd_moderate_high_wind_in_planting
26,lasso,False,2019-03-04T00:00:00|2019-03-11T00:00:00,518,2019-03-11T00:00:00,516,2019-03-04T00:00:00,516,2019-02-25T00:00:00,256,2014-03-10T00:00:00,32,co2_extreme_in_planting
26,lasso,False,2019-03-04T00:00:00|2019-03-11T00:00:00,518,2019-03-11T00:00:00,516,2019-03-04T00:00:00,516,2019-02-25T00:00:00,256,2014-03-10T00:00:00,32,corn_monthly_rv
26,lasso,False,2019-03-04T00:00:00|2019-03-11T00:00:00,518,2019-03-11T00:00:00,516,2019-03-04T00:00:00,516,2019-02-25T00:00:00,256,2014-03-10T00:00:00,32,corn_seasonal_rv
26,lasso,False,2019-03-04T00:00:00|2019-03-11T00:00:00,518,2019-03-11T00:00:00,516,2019-03-04T00:00:00,516,2019-02-25T00:00:00,256,2014-03-10T00:00:00,32,corn_weekly_rv
26,lasso,False,2019-03-04T00:00:00|2019-03-11T00:00:00,518,2019-03-11T00:00:00,516,2019-03-04T00:00:00,516,2019-02-25T00:00:00,256,2014-03-10T00:00:00,32,corn_weekly_rvg
26,lasso,False,2019-03-04T00:00:00|2019-03-11T00:00:00,518,2019-03-11T00:00:00,516,2019-03-04T00:00:00,516,2019-02-25T00:00:00,256,2014-03-10T00:00:00,32,pdsi_extreme_drought_in_harvesting
26,lasso,False,2019-03-04T00:00:00|2019-03-11T00:00:00,518,2019-03-11T00:00:00,516,2019-03-04T00:00:00,516,2019-02-25T00:00:00,256,2014-03-10T00:00:00,32,pdsi_extreme_wet_in_harvesting
26,lasso,False,2019-03-04T00:00:00|2019-03-11T00:00:00,518,2019-03-11T00:00:00,516,2019-03-04T00:00:00,516,2019-02-25T00:00:00,256,2014-03-10T00:00:00,32,pdsi_severe_drought_in_planting
26,lasso,False,2019-03-04T00:00:00|2019-03-11T00:00:00,518,2019-03-11T00:00:00,516,2019-03-04T00:00:00,516,2019-02-25T00:00:00,256,2014-03-10T00:00:00,32,pdsi_very_wet_in_harvesting
26,lasso,False,2019-03-04T00:00:00|2019-03-11T00:00:00,518,2019-03-11T00:00:00,516,2019-03-04T00:00:00,516,2019-02-25T00:00:00,256,2014-03-10T00:00:00,32,soybeans_weekly_rv
26,lasso,False,2019-03-04T00:00:00|2019-03-11T00:00:00,518,2019-03-11T00:00:00,516,2019-03-04T00:00:00,516,2019-02-25T00:00:00,256,2014-03-10T00:00:00,32,spi_7d_extreme_dry_in_harvesting
26,lasso,False,2019-03-04T00:00:00|2019-03-11T00:00:00,518,2019-03-11T00:00:00,516,2019-03-04T00:00:00,516,2019-02-25T00:00:00,256,2014-03-10T00:00:00,32,spi_7d_extreme_wet_in_harvesting
26,lasso,False,2019-03-04T00:00:00|2019-03-11T00:00:00,518,2019-03-11T00:00:00,516,2019-03-04T00:00:00,516,2019-02-25T00:00:00,256,2014-03-10T00:00:00,32,spi_7d_very_dry_in_planting
26,lasso,False,2019-03-04T00:00:00|2019-03-11T00:00:00,518,2019-03-11T00:00:00,516,2019-03-04T00:00:00,516,2019-02-25T00:00:00,256,2014-03-10T00:00:00,32,spi_7d_very_wet_in_planting
26,lasso,False,2019-03-04T00:00:00|2019-03-11T00:00:00,518,2019-03-11T00:00:00,516,2019-03-04T00:00:00,516,2019-02-25T00:00:00,256,2014-03-10T00:00:00,32,ssta_elino
26,lasso,False,2019-03-04T00:00:00|2019-03-11T00:00:00,518,2019-03-11T00:00:00,516,2019-03-04T00:00:00,516,2019-02-25T00:00:00,256,2014-03-10T00:00:00,32,ssta_lanina
26,lasso,False,2019-03-04T00:00:00|2019-03-11T00:00:00,518,2019-03-11T00:00:00,516,2019-03-04T00:00:00,516,2019-02-25T00:00:00,256,2014-03-10T00:00:00,32,tmax_hot_in_harvesting
26,lasso,False,2019-03-04T00:00:00|2019-03-11T00:00:00,518,2019-03-11T00:00:00,516,2019-03-04T00:00:00,516,2019-02-25T00:00:00,256,2014-03-10T00:00:00,32,tmax_hot_in_planting
26,lasso,False,2019-03-04T00:00:00|2019-03-11T00:00:00,518,2019-03-11T00:00:00,516,2019-03-04T00:00:00,516,2019-02-25T00:00:00,256,2014-03-10T00:00:00,32,tmax_very_hot_in_harvesting
26,lasso,False,2019-03-04T00:00:00|2019-03-11T00:00:00,518,2019-03-11T00:00:00,516,2019-03-04T00:00:00,516,2019-02-25T00:00:00,256,2014-03-10T00:00:00,32,tmax_very_hot_in_planting
26,lasso,False,2019-03-04T00:00:00|2019-03-11T00:00:00,518,2019-03-11T00:00:00,516,2019-03-04T00:00:00,516,2019-02-25T00:00:00,256,2014-03-10T00:00:00,32,tmin_very_cold_in_harvesting
26,lasso,False,2019-03-04T00:00:00|2019-03-11T00:00:00,518,2019-03-11T00:00:00,516,2019-03-04T00:00:00,516,2019-02-25T00:00:00,256,2014-03-10T00:00:00,32,tmin_very_cold_in_planting
26,lasso,False,2019-03-04T00:00:00|2019-03-11T00:00:00,518,2019-03-11T00:00:00,516,2019-03-04T00:00:00,516,2019-02-25T00:00:00,256,2014-03-10T00:00:00,32,wheat_weekly_rv
26,lasso,True,2019-04-29T00:00:00|2019-05-06T00:00:00,526,2019-05-06T00:00:00,524,2019-04-29T00:00:00,524,2019-04-22T00:00:00,264,2014-05-05T00:00:00,33,NAO_index
26,lasso,True,2019-04-29T00:00:00|2019-05-06T00:00:00,526,2019-05-06T00:00:00,524,2019-04-29T00:00:00,524,2019-04-22T00:00:00,264,2014-05-05T00:00:00,33,SOI_index
26,lasso,True,2019-04-29T00:00:00|2019-05-06T00:00:00,526,2019-05-06T00:00:00,524,2019-04-29T00:00:00,524,2019-04-22T00:00:00,264,2014-05-05T00:00:00,33,awnd_moderate_high_wind_in_planting
26,lasso,True,2019-04-29T00:00:00|2019-05-06T00:00:00,526,2019-05-06T00:00:00,524,2019-04-29T00:00:00,524,2019-04-22T00:00:00,264,2014-05-05T00:00:00,33,co2_extreme_in_planting
26,lasso,True,2019-04-29T00:00:00|2019-05-06T00:00:00,526,2019-05-06T00:00:00,524,2019-04-29T00:00:00,524,2019-04-22T00:00:00,264,2014-05-05T00:00:00,33,corn_monthly_rv
26,lasso,True,2019-04-29T00:00:00|2019-05-06T00:00:00,526,2019-05-06T00:00:00,524,2019-04-29T00:00:00,524,2019-04-22T00:00:00,264,2014-05-05T00:00:00,33,corn_seasonal_rv
26,lasso,True,2019-04-29T00:00:00|2019-05-06T00:00:00,526,2019-05-06T00:00:00,524,2019-04-29T00:00:00,524,2019-04-22T00:00:00,264,2014-05-05T00:00:00,33,corn_weekly_rv
26,lasso,True,2019-04-29T00:00:00|2019-05-06T00:00:00,526,2019-05-06T00:00:00,524,2019-04-29T00:00:00,524,2019-04-22T00:00:00,264,2014-05-05T00:00:00,33,corn_weekly_rvg
26,lasso,True,2019-04-29T00:00:00|2019-05-06T00:00:00,526,2019-05-06T00:00:00,524,2019-04-29T00:00:00,524,2019-04-22T00:00:00,264,2014-05-05T00:00:00,33,pdsi_extreme_drought_in_harvesting
26,lasso,True,2019-04-29T00:00:00|2019-05-06T00:00:00,526,2019-05-06T00:00:00,524,2019-04-29T00:00:00,524,2019-04-22T00:00:00,264,2014-05-05T00:00:00,33,pdsi_extreme_wet_in_harvesting
26,lasso,True,2019-04-29T00:00:00|2019-05-06T00:00:00,526,2019-05-06T00:00:00,524,2019-04-29T00:00:00,524,2019-04-22T00:00:00,264,2014-05-05T00:00:00,33,pdsi_severe_drought_in_planting
26,lasso,True,2019-04-29T00:00:00|2019-05-06T00:00:00,526,2019-05-06T00:00:00,524,2019-04-29T00:00:00,524,2019-04-22T00:00:00,264,2014-05-05T00:00:00,33,pdsi_very_wet_in_harvesting
26,lasso,True,2019-04-29T00:00:00|2019-05-06T00:00:00,526,2019-05-06T00:00:00,524,2019-04-29T00:00:00,524,2019-04-22T00:00:00,264,2014-05-05T00:00:00,33,soybeans_weekly_rv
26,lasso,True,2019-04-29T00:00:00|2019-05-06T00:00:00,526,2019-05-06T00:00:00,524,2019-04-29T00:00:00,524,2019-04-22T00:00:00,264,2014-05-05T00:00:00,33,spi_7d_extreme_dry_in_harvesting
26,lasso,True,2019-04-29T00:00:00|2019-05-06T00:00:00,526,2019-05-06T00:00:00,524,2019-04-29T00:00:00,524,2019-04-22T00:00:00,264,2014-05-05T00:00:00,33,spi_7d_extreme_wet_in_harvesting
26,lasso,True,2019-04-29T00:00:00|2019-05-06T00:00:00,526,2019-05-06T00:00:00,524,2019-04-29T00:00:00,524,2019-04-22T00:00:00,264,2014-05-05T00:00:00,33,spi_7d_very_dry_in_planting
26,lasso,True,2019-04-29T00:00:00|2019-05-06T00:00:00,526,2019-05-06T00:00:00,524,2019-04-29T00:00:00,524,2019-04-22T00:00:00,264,2014-05-05T00:00:00,33,spi_7d_very_wet_in_planting
26,lasso,True,2019-04-29T00:00:00|2019-05-06T00:00:00,526,2019-05-06T00:00:00,524,2019-04-29T00:00:00,524,2019-04-22T00:00:00,264,2014-05-05T00:00:00,33,ssta_elino
26,lasso,True,2019-04-29T00:00:00|2019-05-06T00:00:00,526,2019-05-06T00:00:00,524,2019-04-29T00:00:00,524,2019-04-22T00:00:00,264,2014-05-05T00:00:00,33,ssta_lanina
26,lasso,True,2019-04-29T00:00:00|2019-05-06T00:00:00,526,2019-05-06T00:00:00,524,2019-04-29T00:00:00,524,2019-04-22T00:00:00,264,2014-05-05T00:00:00,33,tmax_hot_in_harvesting
26,lasso,True,2019-04-29T00:00:00|2019-05-06T00:00:00,526,2019-05-06T00:00:00,524,2019-04-29T00:00:00,524,2019-04-22T00:00:00,264,2014-05-05T00:00:00,33,tmax_hot_in_planting
26,lasso,True,2019-04-29T00:00:00|2019-05-06T00:00:00,526,2019-05-06T00:00:00,524,2019-04-29T00:00:00,524,2019-04-22T00:00:00,264,2014-05-05T00:00:00,33,tmax_very_hot_in_harvesting
26,lasso,True,2019-04-29T00:00:00|2019-05-06T00:00:00,526,2019-05-06T00:00:00,524,2019-04-29T00:00:00,524,2019-04-22T00:00:00,264,2014-05-05T00:00:00,33,tmax_very_hot_in_planting
26,lasso,True,2019-04-29T00:00:00|2019-05-06T00:00:00,526,2019-05-06T00:00:00,524,2019-04-29T00:00:00,524,2019-04-22T00:00:00,264,2014-05-05T00:00:00,33,tmin_very_cold_in_harvesting
26,lasso,True,2019-04-29T00:00:00|2019-05-06T00:00:00,526,2019-05-06T00:00:00,524,2019-04-29T00:00:00,524,2019-04-22T00:00:00,264,2014-05-05T00:00:00,33,tmin_very_cold_in_planting
26,lasso,True,2019-04-29T00:00:00|2019-05-06T00:00:00,526,2019-05-06T00:00:00,524,2019-04-29T00:00:00,524,2019-04-22T00:00:00,264,2014-05-05T00:00:00,33,wheat_weekly_rv
26,lasso,True,2019-06-24T00:00:00|2019-07-01T00:00:00,534,2019-07-01T00:00:00,532,2019-06-24T00:00:00,532,2019-06-17T00:00:00,272,2014-06-30T00:00:00,34,NAO_index
26,lasso,True,2019-06-24T00:00:00|2019-07-01T00:00:00,534,2019-07-01T00:00:00,532,2019-06-24T00:00:00,532,2019-06-17T00:00:00,272,2014-06-30T00:00:00,34,SOI_index
26,lasso,True,2019-06-24T00:00:00|2019-07-01T00:00:00,534,2019-07-01T00:00:00,532,2019-06-24T00:00:00,532,2019-06-17T00:00:00,272,2014-06-30T00:00:00,34,awnd_moderate_high_wind_in_planting
26,lasso,True,2019-06-24T00:00:00|2019-07-01T00:00:00,534,2019-07-01T00:00:00,532,2019-06-24T00:00:00,532,2019-06-17T00:00:00,272,2014-06-30T00:00:00,34,co2_extreme_in_planting
26,lasso,True,2019-06-24T00:00:00|2019-07-01T00:00:00,534,2019-07-01T00:00:00,532,2019-06-24T00:00:00,532,2019-06-17T00:00:00,272,2014-06-30T00:00:00,34,corn_monthly_rv
26,lasso,True,2019-06-24T00:00:00|2019-07-01T00:00:00,534,2019-07-01T00:00:00,532,2019-06-24T00:00:00,532,2019-06-17T00:00:00,272,2014-06-30T00:00:00,34,corn_seasonal_rv
26,lasso,True,2019-06-24T00:00:00|2019-07-01T00:00:00,534,2019-07-01T00:00:00,532,2019-06-24T00:00:00,532,2019-06-17T00:00:00,272,2014-06-30T00:00:00,34,corn_weekly_rv
26,lasso,True,2019-06-24T00:00:00|2019-07-01T00:00:00,534,2019-07-01T00:00:00,532,2019-06-24T00:00:00,532,2019-06-17T00:00:00,272,2014-06-30T00:00:00,34,corn_weekly_rvg
26,lasso,True,2019-06-24T00:00:00|2019-07-01T00:00:00,534,2019-07-01T00:00:00,532,2019-06-24T00:00:00,532,2019-06-17T00:00:00,272,2014-06-30T00:00:00,34,pdsi_extreme_drought_in_harvesting
26,lasso,True,2019-06-24T00:00:00|2019-07-01T00:00:00,534,2019-07-01T00:00:00,532,2019-06-24T00:00:00,532,2019-06-17T00:00:00,272,2014-06-30T00:00:00,34,pdsi_extreme_wet_in_harvesting
26,lasso,True,2019-06-24T00:00:00|2019-07-01T00:00:00,534,2019-07-01T00:00:00,532,2019-06-24T00:00:00,532,2019-06-17T00:00:00,272,2014-06-30T00:00:00,34,pdsi_severe_drought_in_planting
26,lasso,True,2019-06-24T00:00:00|2019-07-01T00:00:00,534,2019-07-01T00:00:00,532,2019-06-24T00:00:00,532,2019-06-17T00:00:00,272,2014-06-30T00:00:00,34,pdsi_very_wet_in_harvesting
26,lasso,True,2019-06-24T00:00:00|2019-07-01T00:00:00,534,2019-07-01T00:00:00,532,2019-06-24T00:00:00,532,2019-06-17T00:00:00,272,2014-06-30T00:00:00,34,soybeans_weekly_rv
26,lasso,True,2019-06-24T00:00:00|2019-07-01T00:00:00,534,2019-07-01T00:00:00,532,2019-06-24T00:00:00,532,2019-06-17T00:00:00,272,2014-06-30T00:00:00,34,spi_7d_extreme_dry_in_harvesting
26,lasso,True,2019-06-24T00:00:00|2019-07-01T00:00:00,534,2019-07-01T00:00:00,532,2019-06-24T00:00:00,532,2019-06-17T00:00:00,272,2014-06-30T00:00:00,34,spi_7d_extreme_wet_in_harvesting
26,lasso,True,2019-06-24T00:00:00|2019-07-01T00:00:00,534,2019-07-01T00:00:00,532,2019-06-24T00:00:00,532,2019-06-17T00:00:00,272,2014-06-30T00:00:00,34,spi_7d_very_dry_in_planting
26,lasso,True,2019-06-24T00:00:00|2019-07-01T00:00:00,534,2019-07-01T00:00:00,532,2019-06-24T00:00:00,532,2019-06-17T00:00:00,272,2014-06-30T00:00:00,34,spi_7d_very_wet_in_planting
26,lasso,True,2019-06-24T00:00:00|2019-07-01T00:00:00,534,2019-07-01T00:00:00,532,2019-06-24T00:00:00,532,2019-06-17T00:00:00,272,2014-06-30T00:00:00,34,ssta_elino
26,lasso,True,2019-06-24T00:00:00|2019-07-01T00:00:00,534,2019-07-01T00:00:00,532,2019-06-24T00:00:00,532,2019-06-17T00:00:00,272,2014-06-30T00:00:00,34,ssta_lanina
26,lasso,True,2019-06-24T00:00:00|2019-07-01T00:00:00,534,2019-07-01T00:00:00,532,2019-06-24T00:00:00,532,2019-06-17T00:00:00,272,2014-06-30T00:00:00,34,tmax_hot_in_harvesting
26,lasso,True,2019-06-24T00:00:00|2019-07-01T00:00:00,534,2019-07-01T00:00:00,532,2019-06-24T00:00:00,532,2019-06-17T00:00:00,272,2014-06-30T00:00:00,34,tmax_hot_in_planting
26,lasso,True,2019-06-24T00:00:00|2019-07-01T00:00:00,534,2019-07-01T00:00:00,532,2019-06-24T00:00:00,532,2019-06-17T00:00:00,272,2014-06-30T00:00:00,34,tmax_very_hot_in_harvesting
26,lasso,True,2019-06-24T00:00:00|2019-07-01T00:00:00,534,2019-07-01T00:00:00,532,2019-06-24T00:00:00,532,2019-06-17T00:00:00,272,2014-06-30T00:00:00,34,tmax_very_hot_in_planting
26,lasso,True,2019-06-24T00:00:00|2019-07-01T00:00:00,534,2019-07-01T00:00:00,532,2019-06-24T00:00:00,532,2019-06-17T00:00:00,272,2014-06-30T00:00:00,34,tmin_very_cold_in_harvesting
26,lasso,True,2019-06-24T00:00:00|2019-07-01T00:00:00,534,2019-07-01T00:00:00,532,2019-06-24T00:00:00,532,2019-06-17T00:00:00,272,2014-06-30T00:00:00,34,tmin_very_cold_in_planting
26,lasso,True,2019-06-24T00:00:00|2019-07-01T00:00:00,534,2019-07-01T00:00:00,532,2019-06-24T00:00:00,532,2019-06-17T00:00:00,272,2014-06-30T00:00:00,34,wheat_weekly_rv
26,lasso,True,2019-08-19T00:00:00|2019-08-26T00:00:00,542,2019-08-26T00:00:00,540,2019-08-19T00:00:00,540,2019-08-12T00:00:00,280,2014-08-25T00:00:00,35,NAO_index
26,lasso,True,2019-08-19T00:00:00|2019-08-26T00:00:00,542,2019-08-26T00:00:00,540,2019-08-19T00:00:00,540,2019-08-12T00:00:00,280,2014-08-25T00:00:00,35,SOI_index
26,lasso,True,2019-08-19T00:00:00|2019-08-26T00:00:00,542,2019-08-26T00:00:00,540,2019-08-19T00:00:00,540,2019-08-12T00:00:00,280,2014-08-25T00:00:00,35,awnd_moderate_high_wind_in_planting
26,lasso,True,2019-08-19T00:00:00|2019-08-26T00:00:00,542,2019-08-26T00:00:00,540,2019-08-19T00:00:00,540,2019-08-12T00:00:00,280,2014-08-25T00:00:00,35,co2_extreme_in_planting
26,lasso,True,2019-08-19T00:00:00|2019-08-26T00:00:00,542,2019-08-26T00:00:00,540,2019-08-19T00:00:00,540,2019-08-12T00:00:00,280,2014-08-25T00:00:00,35,corn_monthly_rv
26,lasso,True,2019-08-19T00:00:00|2019-08-26T00:00:00,542,2019-08-26T00:00:00,540,2019-08-19T00:00:00,540,2019-08-12T00:00:00,280,2014-08-25T00:00:00,35,corn_seasonal_rv
26,lasso,True,2019-08-19T00:00:00|2019-08-26T00:00:00,542,2019-08-26T00:00:00,540,2019-08-19T00:00:00,540,2019-08-12T00:00:00,280,2014-08-25T00:00:00,35,corn_weekly_rv
26,lasso,True,2019-08-19T00:00:00|2019-08-26T00:00:00,542,2019-08-26T00:00:00,540,2019-08-19T00:00:00,540,2019-08-12T00:00:00,280,2014-08-25T00:00:00,35,corn_weekly_rvg
26,lasso,True,2019-08-19T00:00:00|2019-08-26T00:00:00,542,2019-08-26T00:00:00,540,2019-08-19T00:00:00,540,2019-08-12T00:00:00,280,2014-08-25T00:00:00,35,pdsi_extreme_drought_in_harvesting
26,lasso,True,2019-08-19T00:00:00|2019-08-26T00:00:00,542,2019-08-26T00:00:00,540,2019-08-19T00:00:00,540,2019-08-12T00:00:00,280,2014-08-25T00:00:00,35,pdsi_extreme_wet_in_harvesting
26,lasso,True,2019-08-19T00:00:00|2019-08-26T00:00:00,542,2019-08-26T00:00:00,540,2019-08-19T00:00:00,540,2019-08-12T00:00:00,280,2014-08-25T00:00:00,35,pdsi_severe_drought_in_planting
26,lasso,True,2019-08-19T00:00:00|2019-08-26T00:00:00,542,2019-08-26T00:00:00,540,2019-08-19T00:00:00,540,2019-08-12T00:00:00,280,2014-08-25T00:00:00,35,pdsi_very_wet_in_harvesting
26,lasso,True,2019-08-19T00:00:00|2019-08-26T00:00:00,542,2019-08-26T00:00:00,540,2019-08-19T00:00:00,540,2019-08-12T00:00:00,280,2014-08-25T00:00:00,35,soybeans_weekly_rv
26,lasso,True,2019-08-19T00:00:00|2019-08-26T00:00:00,542,2019-08-26T00:00:00,540,2019-08-19T00:00:00,540,2019-08-12T00:00:00,280,2014-08-25T00:00:00,35,spi_7d_extreme_dry_in_harvesting
26,lasso,True,2019-08-19T00:00:00|2019-08-26T00:00:00,542,2019-08-26T00:00:00,540,2019-08-19T00:00:00,540,2019-08-12T00:00:00,280,2014-08-25T00:00:00,35,spi_7d_extreme_wet_in_harvesting
26,lasso,True,2019-08-19T00:00:00|2019-08-26T00:00:00,542,2019-08-26T00:00:00,540,2019-08-19T00:00:00,540,2019-08-12T00:00:00,280,2014-08-25T00:00:00,35,spi_7d_very_dry_in_planting
26,lasso,True,2019-08-19T00:00:00|2019-08-26T00:00:00,542,2019-08-26T00:00:00,540,2019-08-19T00:00:00,540,2019-08-12T00:00:00,280,2014-08-25T00:00:00,35,spi_7d_very_wet_in_planting
26,lasso,True,2019-08-19T00:00:00|2019-08-26T00:00:00,542,2019-08-26T00:00:00,540,2019-08-19T00:00:00,540,2019-08-12T00:00:00,280,2014-08-25T00:00:00,35,ssta_elino
26,lasso,True,2019-08-19T00:00:00|2019-08-26T00:00:00,542,2019-08-26T00:00:00,540,2019-08-19T00:00:00,540,2019-08-12T00:00:00,280,2014-08-25T00:00:00,35,ssta_lanina
26,lasso,True,2019-08-19T00:00:00|2019-08-26T00:00:00,542,2019-08-26T00:00:00,540,2019-08-19T00:00:00,540,2019-08-12T00:00:00,280,2014-08-25T00:00:00,35,tmax_hot_in_harvesting
26,lasso,True,2019-08-19T00:00:00|2019-08-26T00:00:00,542,2019-08-26T00:00:00,540,2019-08-19T00:00:00,540,2019-08-12T00:00:00,280,2014-08-25T00:00:00,35,tmax_hot_in_planting
26,lasso,True,2019-08-19T00:00:00|2019-08-26T00:00:00,542,2019-08-26T00:00:00,540,2019-08-19T00:00:00,540,2019-08-12T00:00:00,280,2014-08-25T00:00:00,35,tmax_very_hot_in_harvesting
26,lasso,True,2019-08-19T00:00:00|2019-08-26T00:00:00,542,2019-08-26T00:00:00,540,2019-08-19T00:00:00,540,2019-08-12T00:00:00,280,2014-08-25T00:00:00,35,tmax_very_hot_in_planting
26,lasso,True,2019-08-19T00:00:00|2019-08-26T00:00:00,542,2019-08-26T00:00:00,540,2019-08-19T00:00:00,540,2019-08-12T00:00:00,280,2014-08-25T00:00:00,35,tmin_very_cold_in_harvesting
26,lasso,True,2019-08-19T00:00:00|2019-08-26T00:00:00,542,2019-08-26T00:00:00,540,2019-08-19T00:00:00,540,2019-08-12T00:00:00,280,2014-08-25T00:00:00,35,tmin_very_cold_in_planting
26,lasso,True,2019-08-19T00:00:00|2019-08-26T00:00:00,542,2019-08-26T00:00:00,540,2019-08-19T00:00:00,540,2019-08-12T00:00:00,280,2014-08-25T00:00:00,35,wheat_weekly_rv
14,lasso,False,2019-10-14T00:00:00|2019-10-21T00:00:00,550,2019-10-21T00:00:00,548,2019-10-14T00:00:00,548,2019-10-07T00:00:00,288,2014-10-20T00:00:00,36,awnd_moderate_high_wind_in_planting
14,lasso,False,2019-10-14T00:00:00|2019-10-21T00:00:00,550,2019-10-21T00:00:00,548,2019-10-14T00:00:00,548,2019-10-07T00:00:00,288,2014-10-20T00:00:00,36,corn_monthly_rv
14,lasso,False,2019-10-14T00:00:00|2019-10-21T00:00:00,550,2019-10-21T00:00:00,548,2019-10-14T00:00:00,548,2019-10-07T00:00:00,288,2014-10-20T00:00:00,36,corn_seasonal_rv
14,lasso,False,2019-10-14T00:00:00|2019-10-21T00:00:00,550,2019-10-21T00:00:00,548,2019-10-14T00:00:00,548,2019-10-07T00:00:00,288,2014-10-20T00:00:00,36,corn_weekly_rv
14,lasso,False,2019-10-14T00:00:00|2019-10-21T00:00:00,550,2019-10-21T00:00:00,548,2019-10-14T00:00:00,548,2019-10-07T00:00:00,288,2014-10-20T00:00:00,36,corn_weekly_rvg
14,lasso,False,2019-10-14T00:00:00|2019-10-21T00:00:00,550,2019-10-21T00:00:00,548,2019-10-14T00:00:00,548,2019-10-07T00:00:00,288,2014-10-20T00:00:00,36,pdsi_extreme_wet_in_harvesting
14,lasso,False,2019-10-14T00:00:00|2019-10-21T00:00:00,550,2019-10-21T00:00:00,548,2019-10-14T00:00:00,548,2019-10-07T00:00:00,288,2014-10-20T00:00:00,36,pdsi_severe_drought_in_planting
14,lasso,False,2019-10-14T00:00:00|2019-10-21T00:00:00,550,2019-10-21T00:00:00,548,2019-10-14T00:00:00,548,2019-10-07T00:00:00,288,2014-10-20T00:00:00,36,pdsi_very_wet_in_harvesting
14,lasso,False,2019-10-14T00:00:00|2019-10-21T00:00:00,550,2019-10-21T00:00:00,548,2019-10-14T00:00:00,548,2019-10-07T00:00:00,288,2014-10-20T00:00:00,36,pdsi_very_wet_in_planting
14,lasso,False,2019-10-14T00:00:00|2019-10-21T00:00:00,550,2019-10-21T00:00:00,548,2019-10-14T00:00:00,548,2019-10-07T00:00:00,288,2014-10-20T00:00:00,36,spi_7d_very_wet_in_planting
14,lasso,False,2019-10-14T00:00:00|2019-10-21T00:00:00,550,2019-10-21T00:00:00,548,2019-10-14T00:00:00,548,2019-10-07T00:00:00,288,2014-10-20T00:00:00,36,ssta_lanina
14,lasso,False,2019-10-14T00:00:00|2019-10-21T00:00:00,550,2019-10-21T00:00:00,548,2019-10-14T00:00:00,548,2019-10-07T00:00:00,288,2014-10-20T00:00:00,36,tmax_hot_in_planting
14,lasso,False,2019-10-14T00:00:00|2019-10-21T00:00:00,550,2019-10-21T00:00:00,548,2019-10-14T00:00:00,548,2019-10-07T00:00:00,288,2014-10-20T00:00:00,36,tmin_very_cold_in_planting
14,lasso,False,2019-10-14T00:00:00|2019-10-21T00:00:00,550,2019-10-21T00:00:00,548,2019-10-14T00:00:00,548,2019-10-07T00:00:00,288,2014-10-20T00:00:00,36,wheat_weekly_rv
14,lasso,True,2019-12-09T00:00:00|2019-12-16T00:00:00,558,2019-12-16T00:00:00,556,2019-12-09T00:00:00,556,2019-12-02T00:00:00,296,2014-12-15T00:00:00,37,awnd_moderate_high_wind_in_planting
14,lasso,True,2019-12-09T00:00:00|2019-12-16T00:00:00,558,2019-12-16T00:00:00,556,2019-12-09T00:00:00,556,2019-12-02T00:00:00,296,2014-12-15T00:00:00,37,corn_monthly_rv
14,lasso,True,2019-12-09T00:00:00|2019-12-16T00:00:00,558,2019-12-16T00:00:00,556,2019-12-09T00:00:00,556,2019-12-02T00:00:00,296,2014-12-15T00:00:00,37,corn_seasonal_rv
14,lasso,True,2019-12-09T00:00:00|2019-12-16T00:00:00,558,2019-12-16T00:00:00,556,2019-12-09T00:00:00,556,2019-12-02T00:00:00,296,2014-12-15T00:00:00,37,corn_weekly_rv
14,lasso,True,2019-12-09T00:00:00|2019-12-16T00:00:00,558,2019-12-16T00:00:00,556,2019-12-09T00:00:00,556,2019-12-02T00:00:00,296,2014-12-15T00:00:00,37,corn_weekly_rvg
14,lasso,True,2019-12-09T00:00:00|2019-12-16T00:00:00,558,2019-12-16T00:00:00,556,2019-12-09T00:00:00,556,2019-12-02T00:00:00,296,2014-12-15T00:00:00,37,pdsi_extreme_wet_in_harvesting
14,lasso,True,2019-12-09T00:00:00|2019-12-16T00:00:00,558,2019-12-16T00:00:00,556,2019-12-09T00:00:00,556,2019-12-02T00:00:00,296,2014-12-15T00:00:00,37,pdsi_severe_drought_in_planting
14,lasso,True,2019-12-09T00:00:00|2019-12-16T00:00:00,558,2019-12-16T00:00:00,556,2019-12-09T00:00:00,556,2019-12-02T00:00:00,296,2014-12-15T00:00:00,37,pdsi_very_wet_in_harvesting
14,lasso,True,2019-12-09T00:00:00|2019-12-16T00:00:00,558,2019-12-16T00:00:00,556,2019-12-09T00:00:00,556,2019-12-02T00:00:00,296,2014-12-15T00:00:00,37,pdsi_very_wet_in_planting
14,lasso,True,2019-12-09T00:00:00|2019-12-16T00:00:00,558,2019-12-16T00:00:00,556,2019-12-09T00:00:00,556,2019-12-02T00:00:00,296,2014-12-15T00:00:00,37,spi_7d_very_wet_in_planting
14,lasso,True,2019-12-09T00:00:00|2019-12-16T00:00:00,558,2019-12-16T00:00:00,556,2019-12-09T00:00:00,556,2019-12-02T00:00:00,296,2014-12-15T00:00:00,37,ssta_lanina
14,lasso,True,2019-12-09T00:00:00|2019-12-16T00:00:00,558,2019-12-16T00:00:00,556,2019-12-09T00:00:00,556,2019-12-02T00:00:00,296,2014-12-15T00:00:00,37,tmax_hot_in_planting
14,lasso,True,2019-12-09T00:00:00|2019-12-16T00:00:00,558,2019-12-16T00:00:00,556,2019-12-09T00:00:00,556,2019-12-02T00:00:00,296,2014-12-15T00:00:00,37,tmin_very_cold_in_planting
14,lasso,True,2019-12-09T00:00:00|2019-12-16T00:00:00,558,2019-12-16T00:00:00,556,2019-12-09T00:00:00,556,2019-12-02T00:00:00,296,2014-12-15T00:00:00,37,wheat_weekly_rv
14,lasso,True,2020-02-03T00:00:00|2020-02-10T00:00:00,566,2020-02-10T00:00:00,564,2020-02-03T00:00:00,564,2020-01-27T00:00:00,304,2015-02-09T00:00:00,38,awnd_moderate_high_wind_in_planting
14,lasso,True,2020-02-03T00:00:00|2020-02-10T00:00:00,566,2020-02-10T00:00:00,564,2020-02-03T00:00:00,564,2020-01-27T00:00:00,304,2015-02-09T00:00:00,38,corn_monthly_rv
14,lasso,True,2020-02-03T00:00:00|2020-02-10T00:00:00,566,2020-02-10T00:00:00,564,2020-02-03T00:00:00,564,2020-01-27T00:00:00,304,2015-02-09T00:00:00,38,corn_seasonal_rv
14,lasso,True,2020-02-03T00:00:00|2020-02-10T00:00:00,566,2020-02-10T00:00:00,564,2020-02-03T00:00:00,564,2020-01-27T00:00:00,304,2015-02-09T00:00:00,38,corn_weekly_rv
14,lasso,True,2020-02-03T00:00:00|2020-02-10T00:00:00,566,2020-02-10T00:00:00,564,2020-02-03T00:00:00,564,2020-01-27T00:00:00,304,2015-02-09T00:00:00,38,corn_weekly_rvg
14,lasso,True,2020-02-03T00:00:00|2020-02-10T00:00:00,566,2020-02-10T00:00:00,564,2020-02-03T00:00:00,564,2020-01-27T00:00:00,304,2015-02-09T00:00:00,38,pdsi_extreme_wet_in_harvesting
14,lasso,True,2020-02-03T00:00:00|2020-02-10T00:00:00,566,2020-02-10T00:00:00,564,2020-02-03T00:00:00,564,2020-01-27T00:00:00,304,2015-02-09T00:00:00,38,pdsi_severe_drought_in_planting
14,lasso,True,2020-02-03T00:00:00|2020-02-10T00:00:00,566,2020-02-10T00:00:00,564,2020-02-03T00:00:00,564,2020-01-27T00:00:00,304,2015-02-09T00:00:00,38,pdsi_very_wet_in_harvesting
14,lasso,True,2020-02-03T00:00:00|2020-02-10T00:00:00,566,2020-02-10T00:00:00,564,2020-02-03T00:00:00,564,2020-01-27T00:00:00,304,2015-02-09T00:00:00,38,pdsi_very_wet_in_planting
14,lasso,True,2020-02-03T00:00:00|2020-02-10T00:00:00,566,2020-02-10T00:00:00,564,2020-02-03T00:00:00,564,2020-01-27T00:00:00,304,2015-02-09T00:00:00,38,spi_7d_very_wet_in_planting
14,lasso,True,2020-02-03T00:00:00|2020-02-10T00:00:00,566,2020-02-10T00:00:00,564,2020-02-03T00:00:00,564,2020-01-27T00:00:00,304,2015-02-09T00:00:00,38,ssta_lanina
14,lasso,True,2020-02-03T00:00:00|2020-02-10T00:00:00,566,2020-02-10T00:00:00,564,2020-02-03T00:00:00,564,2020-01-27T00:00:00,304,2015-02-09T00:00:00,38,tmax_hot_in_planting
14,lasso,True,2020-02-03T00:00:00|2020-02-10T00:00:00,566,2020-02-10T00:00:00,564,2020-02-03T00:00:00,564,2020-01-27T00:00:00,304,2015-02-09T00:00:00,38,tmin_very_cold_in_planting
14,lasso,True,2020-02-03T00:00:00|2020-02-10T00:00:00,566,2020-02-10T00:00:00,564,2020-02-03T00:00:00,564,2020-01-27T00:00:00,304,2015-02-09T00:00:00,38,wheat_weekly_rv
14,lasso,True,2020-03-30T00:00:00|2020-04-06T00:00:00,574,2020-04-06T00:00:00,572,2020-03-30T00:00:00,572,2020-03-23T00:00:00,312,2015-04-06T00:00:00,39,awnd_moderate_high_wind_in_planting
14,lasso,True,2020-03-30T00:00:00|2020-04-06T00:00:00,574,2020-04-06T00:00:00,572,2020-03-30T00:00:00,572,2020-03-23T00:00:00,312,2015-04-06T00:00:00,39,corn_monthly_rv
14,lasso,True,2020-03-30T00:00:00|2020-04-06T00:00:00,574,2020-04-06T00:00:00,572,2020-03-30T00:00:00,572,2020-03-23T00:00:00,312,2015-04-06T00:00:00,39,corn_seasonal_rv
14,lasso,True,2020-03-30T00:00:00|2020-04-06T00:00:00,574,2020-04-06T00:00:00,572,2020-03-30T00:00:00,572,2020-03-23T00:00:00,312,2015-04-06T00:00:00,39,corn_weekly_rv
14,lasso,True,2020-03-30T00:00:00|2020-04-06T00:00:00,574,2020-04-06T00:00:00,572,2020-03-30T00:00:00,572,2020-03-23T00:00:00,312,2015-04-06T00:00:00,39,corn_weekly_rvg
14,lasso,True,2020-03-30T00:00:00|2020-04-06T00:00:00,574,2020-04-06T00:00:00,572,2020-03-30T00:00:00,572,2020-03-23T00:00:00,312,2015-04-06T00:00:00,39,pdsi_extreme_wet_in_harvesting
14,lasso,True,2020-03-30T00:00:00|2020-04-06T00:00:00,574,2020-04-06T00:00:00,572,2020-03-30T00:00:00,572,2020-03-23T00:00:00,312,2015-04-06T00:00:00,39,pdsi_severe_drought_in_planting
14,lasso,True,2020-03-30T00:00:00|2020-04-06T00:00:00,574,2020-04-06T00:00:00,572,2020-03-30T00:00:00,572,2020-03-23T00:00:00,312,2015-04-06T00:00:00,39,pdsi_very_wet_in_harvesting
14,lasso,True,2020-03-30T00:00:00|2020-04-06T00:00:00,574,2020-04-06T00:00:00,572,2020-03-30T00:00:00,572,2020-03-23T00:00:00,312,2015-04-06T00:00:00,39,pdsi_very_wet_in_planting
14,lasso,True,2020-03-30T00:00:00|2020-04-06T00:00:00,574,2020-04-06T00:00:00,572,2020-03-30T00:00:00,572,2020-03-23T00:00:00,312,2015-04-06T00:00:00,39,spi_7d_very_wet_in_planting
14,lasso,True,2020-03-30T00:00:00|2020-04-06T00:00:00,574,2020-04-06T00:00:00,572,2020-03-30T00:00:00,572,2020-03-23T00:00:00,312,2015-04-06T00:00:00,39,ssta_lanina
14,lasso,True,2020-03-30T00:00:00|2020-04-06T00:00:00,574,2020-04-06T00:00:00,572,2020-03-30T00:00:00,572,2020-03-23T00:00:00,312,2015-04-06T00:00:00,39,tmax_hot_in_planting
14,lasso,True,2020-03-30T00:00:00|2020-04-06T00:00:00,574,2020-04-06T00:00:00,572,2020-03-30T00:00:00,572,2020-03-23T00:00:00,312,2015-04-06T00:00:00,39,tmin_very_cold_in_planting
14,lasso,True,2020-03-30T00:00:00|2020-04-06T00:00:00,574,2020-04-06T00:00:00,572,2020-03-30T00:00:00,572,2020-03-23T00:00:00,312,2015-04-06T00:00:00,39,wheat_weekly_rv
7,lasso,False,2020-05-25T00:00:00|2020-06-01T00:00:00,582,2020-06-01T00:00:00,580,2020-05-25T00:00:00,580,2020-05-18T00:00:00,320,2015-06-01T00:00:00,40,corn_monthly_rv
7,lasso,False,2020-05-25T00:00:00|2020-06-01T00:00:00,582,2020-06-01T00:00:00,580,2020-05-25T00:00:00,580,2020-05-18T00:00:00,320,2015-06-01T00:00:00,40,corn_seasonal_rv
7,lasso,False,2020-05-25T00:00:00|2020-06-01T00:00:00,582,2020-06-01T00:00:00,580,2020-05-25T00:00:00,580,2020-05-18T00:00:00,320,2015-06-01T00:00:00,40,corn_weekly_rv
7,lasso,False,2020-05-25T00:00:00|2020-06-01T00:00:00,582,2020-06-01T00:00:00,580,2020-05-25T00:00:00,580,2020-05-18T00:00:00,320,2015-06-01T00:00:00,40,corn_weekly_rvg
7,lasso,False,2020-05-25T00:00:00|2020-06-01T00:00:00,582,2020-06-01T00:00:00,580,2020-05-25T00:00:00,580,2020-05-18T00:00:00,320,2015-06-01T00:00:00,40,pdsi_very_wet_in_harvesting
7,lasso,False,2020-05-25T00:00:00|2020-06-01T00:00:00,582,2020-06-01T00:00:00,580,2020-05-25T00:00:00,580,2020-05-18T00:00:00,320,2015-06-01T00:00:00,40,pdsi_very_wet_in_planting
7,lasso,False,2020-05-25T00:00:00|2020-06-01T00:00:00,582,2020-06-01T00:00:00,580,2020-05-25T00:00:00,580,2020-05-18T00:00:00,320,2015-06-01T00:00:00,40,wheat_weekly_rv
7,lasso,True,2020-07-20T00:00:00|2020-07-27T00:00:00,590,2020-07-27T00:00:00,588,2020-07-20T00:00:00,588,2020-07-13T00:00:00,328,2015-07-27T00:00:00,41,corn_monthly_rv
7,lasso,True,2020-07-20T00:00:00|2020-07-27T00:00:00,590,2020-07-27T00:00:00,588,2020-07-20T00:00:00,588,2020-07-13T00:00:00,328,2015-07-27T00:00:00,41,corn_seasonal_rv
7,lasso,True,2020-07-20T00:00:00|2020-07-27T00:00:00,590,2020-07-27T00:00:00,588,2020-07-20T00:00:00,588,2020-07-13T00:00:00,328,2015-07-27T00:00:00,41,corn_weekly_rv
7,lasso,True,2020-07-20T00:00:00|2020-07-27T00:00:00,590,2020-07-27T00:00:00,588,2020-07-20T00:00:00,588,2020-07-13T00:00:00,328,2015-07-27T00:00:00,41,corn_weekly_rvg
7,lasso,True,2020-07-20T00:00:00|2020-07-27T00:00:00,590,2020-07-27T00:00:00,588,2020-07-20T00:00:00,588,2020-07-13T00:00:00,328,2015-07-27T00:00:00,41,pdsi_very_wet_in_harvesting
7,lasso,True,2020-07-20T00:00:00|2020-07-27T00:00:00,590,2020-07-27T00:00:00,588,2020-07-20T00:00:00,588,2020-07-13T00:00:00,328,2015-07-27T00:00:00,41,pdsi_very_wet_in_planting
7,lasso,True,2020-07-20T00:00:00|2020-07-27T00:00:00,590,2020-07-27T00:00:00,588,2020-07-20T00:00:00,588,2020-07-13T00:00:00,328,2015-07-27T00:00:00,41,wheat_weekly_rv
7,lasso,True,2020-09-14T00:00:00|2020-09-21T00:00:00,598,2020-09-21T00:00:00,596,2020-09-14T00:00:00,596,2020-09-07T00:00:00,336,2015-09-21T00:00:00,42,corn_monthly_rv
7,lasso,True,2020-09-14T00:00:00|2020-09-21T00:00:00,598,2020-09-21T00:00:00,596,2020-09-14T00:00:00,596,2020-09-07T00:00:00,336,2015-09-21T00:00:00,42,corn_seasonal_rv
7,lasso,True,2020-09-14T00:00:00|2020-09-21T00:00:00,598,2020-09-21T00:00:00,596,2020-09-14T00:00:00,596,2020-09-07T00:00:00,336,2015-09-21T00:00:00,42,corn_weekly_rv
7,lasso,True,2020-09-14T00:00:00|2020-09-21T00:00:00,598,2020-09-21T00:00:00,596,2020-09-14T00:00:00,596,2020-09-07T00:00:00,336,2015-09-21T00:00:00,42,corn_weekly_rvg
7,lasso,True,2020-09-14T00:00:00|2020-09-21T00:00:00,598,2020-09-21T00:00:00,596,2020-09-14T00:00:00,596,2020-09-07T00:00:00,336,2015-09-21T00:00:00,42,pdsi_very_wet_in_harvesting
7,lasso,True,2020-09-14T00:00:00|2020-09-21T00:00:00,598,2020-09-21T00:00:00,596,2020-09-14T00:00:00,596,2020-09-07T00:00:00,336,2015-09-21T00:00:00,42,pdsi_very_wet_in_planting
7,lasso,True,2020-09-14T00:00:00|2020-09-21T00:00:00,598,2020-09-21T00:00:00,596,2020-09-14T00:00:00,596,2020-09-07T00:00:00,336,2015-09-21T00:00:00,42,wheat_weekly_rv
7,lasso,True,2020-11-09T00:00:00|2020-11-16T00:00:00,606,2020-11-16T00:00:00,604,2020-11-09T00:00:00,604,2020-11-02T00:00:00,344,2015-11-16T00:00:00,43,corn_monthly_rv
7,lasso,True,2020-11-09T00:00:00|2020-11-16T00:00:00,606,2020-11-16T00:00:00,604,2020-11-09T00:00:00,604,2020-11-02T00:00:00,344,2015-11-16T00:00:00,43,corn_seasonal_rv
7,lasso,True,2020-11-09T00:00:00|2020-11-16T00:00:00,606,2020-11-16T00:00:00,604,2020-11-09T00:00:00,604,2020-11-02T00:00:00,344,2015-11-16T00:00:00,43,corn_weekly_rv
7,lasso,True,2020-11-09T00:00:00|2020-11-16T00:00:00,606,2020-11-16T00:00:00,604,2020-11-09T00:00:00,604,2020-11-02T00:00:00,344,2015-11-16T00:00:00,43,corn_weekly_rvg
7,lasso,True,2020-11-09T00:00:00|2020-11-16T00:00:00,606,2020-11-16T00:00:00,604,2020-11-09T00:00:00,604,2020-11-02T00:00:00,344,2015-11-16T00:00:00,43,pdsi_very_wet_in_harvesting
7,lasso,True,2020-11-09T00:00:00|2020-11-16T00:00:00,606,2020-11-16T00:00:00,604,2020-11-09T00:00:00,604,2020-11-02T00:00:00,344,2015-11-16T00:00:00,43,pdsi_very_wet_in_planting
7,lasso,True,2020-11-09T00:00:00|2020-11-16T00:00:00,606,2020-11-16T00:00:00,604,2020-11-09T00:00:00,604,2020-11-02T00:00:00,344,2015-11-16T00:00:00,43,wheat_weekly_rv
8,lasso,False,2021-01-04T00:00:00|2021-01-11T00:00:00,614,2021-01-11T00:00:00,612,2021-01-04T00:00:00,612,2020-12-28T00:00:00,352,2016-01-11T00:00:00,44,corn_monthly_rv
8,lasso,False,2021-01-04T00:00:00|2021-01-11T00:00:00,614,2021-01-11T00:00:00,612,2021-01-04T00:00:00,612,2020-12-28T00:00:00,352,2016-01-11T00:00:00,44,corn_seasonal_rv
8,lasso,False,2021-01-04T00:00:00|2021-01-11T00:00:00,614,2021-01-11T00:00:00,612,2021-01-04T00:00:00,612,2020-12-28T00:00:00,352,2016-01-11T00:00:00,44,corn_weekly_rv
8,lasso,False,2021-01-04T00:00:00|2021-01-11T00:00:00,614,2021-01-11T00:00:00,612,2021-01-04T00:00:00,612,2020-12-28T00:00:00,352,2016-01-11T00:00:00,44,pdsi_extreme_wet_in_harvesting
8,lasso,False,2021-01-04T00:00:00|2021-01-11T00:00:00,614,2021-01-11T00:00:00,612,2021-01-04T00:00:00,612,2020-12-28T00:00:00,352,2016-01-11T00:00:00,44,pdsi_very_wet_in_harvesting
8,lasso,False,2021-01-04T00:00:00|2021-01-11T00:00:00,614,2021-01-11T00:00:00,612,2021-01-04T00:00:00,612,2020-12-28T00:00:00,352,2016-01-11T00:00:00,44,pdsi_very_wet_in_planting
8,lasso,False,2021-01-04T00:00:00|2021-01-11T00:00:00,614,2021-01-11T00:00:00,612,2021-01-04T00:00:00,612,2020-12-28T00:00:00,352,2016-01-11T00:00:00,44,spi_7d_very_wet_in_planting
8,lasso,False,2021-01-04T00:00:00|2021-01-11T00:00:00,614,2021-01-11T00:00:00,612,2021-01-04T00:00:00,612,2020-12-28T00:00:00,352,2016-01-11T00:00:00,44,tmax_hot_in_planting
8,lasso,True,2021-03-01T00:00:00|2021-03-08T00:00:00,622,2021-03-08T00:00:00,620,2021-03-01T00:00:00,620,2021-02-22T00:00:00,360,2016-03-07T00:00:00,45,corn_monthly_rv
8,lasso,True,2021-03-01T00:00:00|2021-03-08T00:00:00,622,2021-03-08T00:00:00,620,2021-03-01T00:00:00,620,2021-02-22T00:00:00,360,2016-03-07T00:00:00,45,corn_seasonal_rv
8,lasso,True,2021-03-01T00:00:00|2021-03-08T00:00:00,622,2021-03-08T00:00:00,620,2021-03-01T00:00:00,620,2021-02-22T00:00:00,360,2016-03-07T00:00:00,45,corn_weekly_rv
8,lasso,True,2021-03-01T00:00:00|2021-03-08T00:00:00,622,2021-03-08T00:00:00,620,2021-03-01T00:00:00,620,2021-02-22T00:00:00,360,2016-03-07T00:00:00,45,pdsi_extreme_wet_in_harvesting
8,lasso,True,2021-03-01T00:00:00|2021-03-08T00:00:00,622,2021-03-08T00:00:00,620,2021-03-01T00:00:00,620,2021-02-22T00:00:00,360,2016-03-07T00:00:00,45,pdsi_very_wet_in_harvesting
8,lasso,True,2021-03-01T00:00:00|2021-03-08T00:00:00,622,2021-03-08T00:00:00,620,2021-03-01T00:00:00,620,2021-02-22T00:00:00,360,2016-03-07T00:00:00,45,pdsi_very_wet_in_planting
8,lasso,True,2021-03-01T00:00:00|2021-03-08T00:00:00,622,2021-03-08T00:00:00,620,2021-03-01T00:00:00,620,2021-02-22T00:00:00,360,2016-03-07T00:00:00,45,spi_7d_very_wet_in_planting
8,lasso,True,2021-03-01T00:00:00|2021-03-08T00:00:00,622,2021-03-08T00:00:00,620,2021-03-01T00:00:00,620,2021-02-22T00:00:00,360,2016-03-07T00:00:00,45,tmax_hot_in_planting
8,lasso,True,2021-04-26T00:00:00|2021-05-03T00:00:00,630,2021-05-03T00:00:00,628,2021-04-26T00:00:00,628,2021-04-19T00:00:00,368,2016-05-02T00:00:00,46,corn_monthly_rv
8,lasso,True,2021-04-26T00:00:00|2021-05-03T00:00:00,630,2021-05-03T00:00:00,628,2021-04-26T00:00:00,628,2021-04-19T00:00:00,368,2016-05-02T00:00:00,46,corn_seasonal_rv
8,lasso,True,2021-04-26T00:00:00|2021-05-03T00:00:00,630,2021-05-03T00:00:00,628,2021-04-26T00:00:00,628,2021-04-19T00:00:00,368,2016-05-02T00:00:00,46,corn_weekly_rv
8,lasso,True,2021-04-26T00:00:00|2021-05-03T00:00:00,630,2021-05-03T00:00:00,628,2021-04-26T00:00:00,628,2021-04-19T00:00:00,368,2016-05-02T00:00:00,46,pdsi_extreme_wet_in_harvesting
8,lasso,True,2021-04-26T00:00:00|2021-05-03T00:00:00,630,2021-05-03T00:00:00,628,2021-04-26T00:00:00,628,2021-04-19T00:00:00,368,2016-05-02T00:00:00,46,pdsi_very_wet_in_harvesting
8,lasso,True,2021-04-26T00:00:00|2021-05-03T00:00:00,630,2021-05-03T00:00:00,628,2021-04-26T00:00:00,628,2021-04-19T00:00:00,368,2016-05-02T00:00:00,46,pdsi_very_wet_in_planting
8,lasso,True,2021-04-26T00:00:00|2021-05-03T00:00:00,630,2021-05-03T00:00:00,628,2021-04-26T00:00:00,628,2021-04-19T00:00:00,368,2016-05-02T00:00:00,46,spi_7d_very_wet_in_planting
8,lasso,True,2021-04-26T00:00:00|2021-05-03T00:00:00,630,2021-05-03T00:00:00,628,2021-04-26T00:00:00,628,2021-04-19T00:00:00,368,2016-05-02T00:00:00,46,tmax_hot_in_planting
8,lasso,True,2021-06-21T00:00:00|2021-06-28T00:00:00,638,2021-06-28T00:00:00,636,2021-06-21T00:00:00,636,2021-06-14T00:00:00,376,2016-06-27T00:00:00,47,corn_monthly_rv
8,lasso,True,2021-06-21T00:00:00|2021-06-28T00:00:00,638,2021-06-28T00:00:00,636,2021-06-21T00:00:00,636,2021-06-14T00:00:00,376,2016-06-27T00:00:00,47,corn_seasonal_rv
8,lasso,True,2021-06-21T00:00:00|2021-06-28T00:00:00,638,2021-06-28T00:00:00,636,2021-06-21T00:00:00,636,2021-06-14T00:00:00,376,2016-06-27T00:00:00,47,corn_weekly_rv
8,lasso,True,2021-06-21T00:00:00|2021-06-28T00:00:00,638,2021-06-28T00:00:00,636,2021-06-21T00:00:00,636,2021-06-14T00:00:00,376,2016-06-27T00:00:00,47,pdsi_extreme_wet_in_harvesting
8,lasso,True,2021-06-21T00:00:00|2021-06-28T00:00:00,638,2021-06-28T00:00:00,636,2021-06-21T00:00:00,636,2021-06-14T00:00:00,376,2016-06-27T00:00:00,47,pdsi_very_wet_in_harvesting
8,lasso,True,2021-06-21T00:00:00|2021-06-28T00:00:00,638,2021-06-28T00:00:00,636,2021-06-21T00:00:00,636,2021-06-14T00:00:00,376,2016-06-27T00:00:00,47,pdsi_very_wet_in_planting
8,lasso,True,2021-06-21T00:00:00|2021-06-28T00:00:00,638,2021-06-28T00:00:00,636,2021-06-21T00:00:00,636,2021-06-14T00:00:00,376,2016-06-27T00:00:00,47,spi_7d_very_wet_in_planting
8,lasso,True,2021-06-21T00:00:00|2021-06-28T00:00:00,638,2021-06-28T00:00:00,636,2021-06-21T00:00:00,636,2021-06-14T00:00:00,376,2016-06-27T00:00:00,47,tmax_hot_in_planting
20,lasso,False,2021-08-16T00:00:00|2021-08-23T00:00:00,646,2021-08-23T00:00:00,644,2021-08-16T00:00:00,644,2021-08-09T00:00:00,384,2016-08-22T00:00:00,48,co2_extreme_in_planting
20,lasso,False,2021-08-16T00:00:00|2021-08-23T00:00:00,646,2021-08-23T00:00:00,644,2021-08-16T00:00:00,644,2021-08-09T00:00:00,384,2016-08-22T00:00:00,48,corn_monthly_rv
20,lasso,False,2021-08-16T00:00:00|2021-08-23T00:00:00,646,2021-08-23T00:00:00,644,2021-08-16T00:00:00,644,2021-08-09T00:00:00,384,2016-08-22T00:00:00,48,corn_seasonal_rv
20,lasso,False,2021-08-16T00:00:00|2021-08-23T00:00:00,646,2021-08-23T00:00:00,644,2021-08-16T00:00:00,644,2021-08-09T00:00:00,384,2016-08-22T00:00:00,48,corn_weekly_jumps
20,lasso,False,2021-08-16T00:00:00|2021-08-23T00:00:00,646,2021-08-23T00:00:00,644,2021-08-16T00:00:00,644,2021-08-09T00:00:00,384,2016-08-22T00:00:00,48,corn_weekly_rv
20,lasso,False,2021-08-16T00:00:00|2021-08-23T00:00:00,646,2021-08-23T00:00:00,644,2021-08-16T00:00:00,644,2021-08-09T00:00:00,384,2016-08-22T00:00:00,48,corn_weekly_rvg
20,lasso,False,2021-08-16T00:00:00|2021-08-23T00:00:00,646,2021-08-23T00:00:00,644,2021-08-16T00:00:00,644,2021-08-09T00:00:00,384,2016-08-22T00:00:00,48,pdsi_extreme_drought_in_planting
20,lasso,False,2021-08-16T00:00:00|2021-08-23T00:00:00,646,2021-08-23T00:00:00,644,2021-08-16T00:00:00,644,2021-08-09T00:00:00,384,2016-08-22T00:00:00,48,pdsi_extreme_wet_in_harvesting
20,lasso,False,2021-08-16T00:00:00|2021-08-23T00:00:00,646,2021-08-23T00:00:00,644,2021-08-16T00:00:00,644,2021-08-09T00:00:00,384,2016-08-22T00:00:00,48,pdsi_extreme_wet_in_planting
20,lasso,False,2021-08-16T00:00:00|2021-08-23T00:00:00,646,2021-08-23T00:00:00,644,2021-08-16T00:00:00,644,2021-08-09T00:00:00,384,2016-08-22T00:00:00,48,pdsi_severe_drought_in_harvesting
20,lasso,False,2021-08-16T00:00:00|2021-08-23T00:00:00,646,2021-08-23T00:00:00,644,2021-08-16T00:00:00,644,2021-08-09T00:00:00,384,2016-08-22T00:00:00,48,pdsi_severe_drought_in_planting
20,lasso,False,2021-08-16T00:00:00|2021-08-23T00:00:00,646,2021-08-23T00:00:00,644,2021-08-16T00:00:00,644,2021-08-09T00:00:00,384,2016-08-22T00:00:00,48,pdsi_very_wet_in_harvesting
20,lasso,False,2021-08-16T00:00:00|2021-08-23T00:00:00,646,2021-08-23T00:00:00,644,2021-08-16T00:00:00,644,2021-08-09T00:00:00,384,2016-08-22T00:00:00,48,pdsi_very_wet_in_planting
20,lasso,False,2021-08-16T00:00:00|2021-08-23T00:00:00,646,2021-08-23T00:00:00,644,2021-08-16T00:00:00,644,2021-08-09T00:00:00,384,2016-08-22T00:00:00,48,spi_7d_extreme_wet_in_planting
20,lasso,False,2021-08-16T00:00:00|2021-08-23T00:00:00,646,2021-08-23T00:00:00,644,2021-08-16T00:00:00,644,2021-08-09T00:00:00,384,2016-08-22T00:00:00,48,spi_7d_very_dry_in_harvesting
20,lasso,False,2021-08-16T00:00:00|2021-08-23T00:00:00,646,2021-08-23T00:00:00,644,2021-08-16T00:00:00,644,2021-08-09T00:00:00,384,2016-08-22T00:00:00,48,spi_7d_very_dry_in_planting
20,lasso,False,2021-08-16T00:00:00|2021-08-23T00:00:00,646,2021-08-23T00:00:00,644,2021-08-16T00:00:00,644,2021-08-09T00:00:00,384,2016-08-22T00:00:00,48,ssta_lanina
20,lasso,False,2021-08-16T00:00:00|2021-08-23T00:00:00,646,2021-08-23T00:00:00,644,2021-08-16T00:00:00,644,2021-08-09T00:00:00,384,2016-08-22T00:00:00,48,tmax_hot_in_harvesting
20,lasso,False,2021-08-16T00:00:00|2021-08-23T00:00:00,646,2021-08-23T00:00:00,644,2021-08-16T00:00:00,644,2021-08-09T00:00:00,384,2016-08-22T00:00:00,48,tmax_hot_in_planting
20,lasso,False,2021-08-16T00:00:00|2021-08-23T00:00:00,646,2021-08-23T00:00:00,644,2021-08-16T00:00:00,644,2021-08-09T00:00:00,384,2016-08-22T00:00:00,48,tmin_cold_in_harvesting
20,lasso,True,2021-10-11T00:00:00|2021-10-18T00:00:00,654,2021-10-18T00:00:00,652,2021-10-11T00:00:00,652,2021-10-04T00:00:00,392,2016-10-17T00:00:00,49,co2_extreme_in_planting
20,lasso,True,2021-10-11T00:00:00|2021-10-18T00:00:00,654,2021-10-18T00:00:00,652,2021-10-11T00:00:00,652,2021-10-04T00:00:00,392,2016-10-17T00:00:00,49,corn_monthly_rv
20,lasso,True,2021-10-11T00:00:00|2021-10-18T00:00:00,654,2021-10-18T00:00:00,652,2021-10-11T00:00:00,652,2021-10-04T00:00:00,392,2016-10-17T00:00:00,49,corn_seasonal_rv
20,lasso,True,2021-10-11T00:00:00|2021-10-18T00:00:00,654,2021-10-18T00:00:00,652,2021-10-11T00:00:00,652,2021-10-04T00:00:00,392,2016-10-17T00:00:00,49,corn_weekly_jumps
20,lasso,True,2021-10-11T00:00:00|2021-10-18T00:00:00,654,2021-10-18T00:00:00,652,2021-10-11T00:00:00,652,2021-10-04T00:00:00,392,2016-10-17T00:00:00,49,corn_weekly_rv
20,lasso,True,2021-10-11T00:00:00|2021-10-18T00:00:00,654,2021-10-18T00:00:00,652,2021-10-11T00:00:00,652,2021-10-04T00:00:00,392,2016-10-17T00:00:00,49,corn_weekly_rvg
20,lasso,True,2021-10-11T00:00:00|2021-10-18T00:00:00,654,2021-10-18T00:00:00,652,2021-10-11T00:00:00,652,2021-10-04T00:00:00,392,2016-10-17T00:00:00,49,pdsi_extreme_drought_in_planting
20,lasso,True,2021-10-11T00:00:00|2021-10-18T00:00:00,654,2021-10-18T00:00:00,652,2021-10-11T00:00:00,652,2021-10-04T00:00:00,392,2016-10-17T00:00:00,49,pdsi_extreme_wet_in_harvesting
20,lasso,True,2021-10-11T00:00:00|2021-10-18T00:00:00,654,2021-10-18T00:00:00,652,2021-10-11T00:00:00,652,2021-10-04T00:00:00,392,2016-10-17T00:00:00,49,pdsi_extreme_wet_in_planting
20,lasso,True,2021-10-11T00:00:00|2021-10-18T00:00:00,654,2021-10-18T00:00:00,652,2021-10-11T00:00:00,652,2021-10-04T00:00:00,392,2016-10-17T00:00:00,49,pdsi_severe_drought_in_harvesting
20,lasso,True,2021-10-11T00:00:00|2021-10-18T00:00:00,654,2021-10-18T00:00:00,652,2021-10-11T00:00:00,652,2021-10-04T00:00:00,392,2016-10-17T00:00:00,49,pdsi_severe_drought_in_planting
20,lasso,True,2021-10-11T00:00:00|2021-10-18T00:00:00,654,2021-10-18T00:00:00,652,2021-10-11T00:00:00,652,2021-10-04T00:00:00,392,2016-10-17T00:00:00,49,pdsi_very_wet_in_harvesting
20,lasso,True,2021-10-11T00:00:00|2021-10-18T00:00:00,654,2021-10-18T00:00:00,652,2021-10-11T00:00:00,652,2021-10-04T00:00:00,392,2016-10-17T00:00:00,49,pdsi_very_wet_in_planting
20,lasso,True,2021-10-11T00:00:00|2021-10-18T00:00:00,654,2021-10-18T00:00:00,652,2021-10-11T00:00:00,652,2021-10-04T00:00:00,392,2016-10-17T00:00:00,49,spi_7d_extreme_wet_in_planting
20,lasso,True,2021-10-11T00:00:00|2021-10-18T00:00:00,654,2021-10-18T00:00:00,652,2021-10-11T00:00:00,652,2021-10-04T00:00:00,392,2016-10-17T00:00:00,49,spi_7d_very_dry_in_harvesting
20,lasso,True,2021-10-11T00:00:00|2021-10-18T00:00:00,654,2021-10-18T00:00:00,652,2021-10-11T00:00:00,652,2021-10-04T00:00:00,392,2016-10-17T00:00:00,49,spi_7d_very_dry_in_planting
20,lasso,True,2021-10-11T00:00:00|2021-10-18T00:00:00,654,2021-10-18T00:00:00,652,2021-10-11T00:00:00,652,2021-10-04T00:00:00,392,2016-10-17T00:00:00,49,ssta_lanina
20,lasso,True,2021-10-11T00:00:00|2021-10-18T00:00:00,654,2021-10-18T00:00:00,652,2021-10-11T00:00:00,652,2021-10-04T00:00:00,392,2016-10-17T00:00:00,49,tmax_hot_in_harvesting
20,lasso,True,2021-10-11T00:00:00|2021-10-18T00:00:00,654,2021-10-18T00:00:00,652,2021-10-11T00:00:00,652,2021-10-04T00:00:00,392,2016-10-17T00:00:00,49,tmax_hot_in_planting
20,lasso,True,2021-10-11T00:00:00|2021-10-18T00:00:00,654,2021-10-18T00:00:00,652,2021-10-11T00:00:00,652,2021-10-04T00:00:00,392,2016-10-17T00:00:00,49,tmin_cold_in_harvesting
20,lasso,True,2021-12-06T00:00:00|2021-12-13T00:00:00,662,2021-12-13T00:00:00,660,2021-12-06T00:00:00,660,2021-11-29T00:00:00,400,2016-12-12T00:00:00,50,co2_extreme_in_planting
20,lasso,True,2021-12-06T00:00:00|2021-12-13T00:00:00,662,2021-12-13T00:00:00,660,2021-12-06T00:00:00,660,2021-11-29T00:00:00,400,2016-12-12T00:00:00,50,corn_monthly_rv
20,lasso,True,2021-12-06T00:00:00|2021-12-13T00:00:00,662,2021-12-13T00:00:00,660,2021-12-06T00:00:00,660,2021-11-29T00:00:00,400,2016-12-12T00:00:00,50,corn_seasonal_rv
20,lasso,True,2021-12-06T00:00:00|2021-12-13T00:00:00,662,2021-12-13T00:00:00,660,2021-12-06T00:00:00,660,2021-11-29T00:00:00,400,2016-12-12T00:00:00,50,corn_weekly_jumps
20,lasso,True,2021-12-06T00:00:00|2021-12-13T00:00:00,662,2021-12-13T00:00:00,660,2021-12-06T00:00:00,660,2021-11-29T00:00:00,400,2016-12-12T00:00:00,50,corn_weekly_rv
20,lasso,True,2021-12-06T00:00:00|2021-12-13T00:00:00,662,2021-12-13T00:00:00,660,2021-12-06T00:00:00,660,2021-11-29T00:00:00,400,2016-12-12T00:00:00,50,corn_weekly_rvg
20,lasso,True,2021-12-06T00:00:00|2021-12-13T00:00:00,662,2021-12-13T00:00:00,660,2021-12-06T00:00:00,660,2021-11-29T00:00:00,400,2016-12-12T00:00:00,50,pdsi_extreme_drought_in_planting
20,lasso,True,2021-12-06T00:00:00|2021-12-13T00:00:00,662,2021-12-13T00:00:00,660,2021-12-06T00:00:00,660,2021-11-29T00:00:00,400,2016-12-12T00:00:00,50,pdsi_extreme_wet_in_harvesting
20,lasso,True,2021-12-06T00:00:00|2021-12-13T00:00:00,662,2021-12-13T00:00:00,660,2021-12-06T00:00:00,660,2021-11-29T00:00:00,400,2016-12-12T00:00:00,50,pdsi_extreme_wet_in_planting
20,lasso,True,2021-12-06T00:00:00|2021-12-13T00:00:00,662,2021-12-13T00:00:00,660,2021-12-06T00:00:00,660,2021-11-29T00:00:00,400,2016-12-12T00:00:00,50,pdsi_severe_drought_in_harvesting
20,lasso,True,2021-12-06T00:00:00|2021-12-13T00:00:00,662,2021-12-13T00:00:00,660,2021-12-06T00:00:00,660,2021-11-29T00:00:00,400,2016-12-12T00:00:00,50,pdsi_severe_drought_in_planting
20,lasso,True,2021-12-06T00:00:00|2021-12-13T00:00:00,662,2021-12-13T00:00:00,660,2021-12-06T00:00:00,660,2021-11-29T00:00:00,400,2016-12-12T00:00:00,50,pdsi_very_wet_in_harvesting
20,lasso,True,2021-12-06T00:00:00|2021-12-13T00:00:00,662,2021-12-13T00:00:00,660,2021-12-06T00:00:00,660,2021-11-29T00:00:00,400,2016-12-12T00:00:00,50,pdsi_very_wet_in_planting
20,lasso,True,2021-12-06T00:00:00|2021-12-13T00:00:00,662,2021-12-13T00:00:00,660,2021-12-06T00:00:00,660,2021-11-29T00:00:00,400,2016-12-12T00:00:00,50,spi_7d_extreme_wet_in_planting
20,lasso,True,2021-12-06T00:00:00|2021-12-13T00:00:00,662,2021-12-13T00:00:00,660,2021-12-06T00:00:00,660,2021-11-29T00:00:00,400,2016-12-12T00:00:00,50,spi_7d_very_dry_in_harvesting
20,lasso,True,2021-12-06T00:00:00|2021-12-13T00:00:00,662,2021-12-13T00:00:00,660,2021-12-06T00:00:00,660,2021-11-29T00:00:00,400,2016-12-12T00:00:00,50,spi_7d_very_dry_in_planting
20,lasso,True,2021-12-06T00:00:00|2021-12-13T00:00:00,662,2021-12-13T00:00:00,660,2021-12-06T00:00:00,660,2021-11-29T00:00:00,400,2016-12-12T00:00:00,50,ssta_lanina
20,lasso,True,2021-12-06T00:00:00|2021-12-13T00:00:00,662,2021-12-13T00:00:00,660,2021-12-06T00:00:00,660,2021-11-29T00:00:00,400,2016-12-12T00:00:00,50,tmax_hot_in_harvesting
20,lasso,True,2021-12-06T00:00:00|2021-12-13T00:00:00,662,2021-12-13T00:00:00,660,2021-12-06T00:00:00,660,2021-11-29T00:00:00,400,2016-12-12T00:00:00,50,tmax_hot_in_planting
20,lasso,True,2021-12-06T00:00:00|2021-12-13T00:00:00,662,2021-12-13T00:00:00,660,2021-12-06T00:00:00,660,2021-11-29T00:00:00,400,2016-12-12T00:00:00,50,tmin_cold_in_harvesting
20,lasso,True,2022-01-31T00:00:00|2022-02-07T00:00:00,670,2022-02-07T00:00:00,668,2022-01-31T00:00:00,668,2022-01-24T00:00:00,408,2017-02-06T00:00:00,51,co2_extreme_in_planting
20,lasso,True,2022-01-31T00:00:00|2022-02-07T00:00:00,670,2022-02-07T00:00:00,668,2022-01-31T00:00:00,668,2022-01-24T00:00:00,408,2017-02-06T00:00:00,51,corn_monthly_rv
20,lasso,True,2022-01-31T00:00:00|2022-02-07T00:00:00,670,2022-02-07T00:00:00,668,2022-01-31T00:00:00,668,2022-01-24T00:00:00,408,2017-02-06T00:00:00,51,corn_seasonal_rv
20,lasso,True,2022-01-31T00:00:00|2022-02-07T00:00:00,670,2022-02-07T00:00:00,668,2022-01-31T00:00:00,668,2022-01-24T00:00:00,408,2017-02-06T00:00:00,51,corn_weekly_jumps
20,lasso,True,2022-01-31T00:00:00|2022-02-07T00:00:00,670,2022-02-07T00:00:00,668,2022-01-31T00:00:00,668,2022-01-24T00:00:00,408,2017-02-06T00:00:00,51,corn_weekly_rv
20,lasso,True,2022-01-31T00:00:00|2022-02-07T00:00:00,670,2022-02-07T00:00:00,668,2022-01-31T00:00:00,668,2022-01-24T00:00:00,408,2017-02-06T00:00:00,51,corn_weekly_rvg
20,lasso,True,2022-01-31T00:00:00|2022-02-07T00:00:00,670,2022-02-07T00:00:00,668,2022-01-31T00:00:00,668,2022-01-24T00:00:00,408,2017-02-06T00:00:00,51,pdsi_extreme_drought_in_planting
20,lasso,True,2022-01-31T00:00:00|2022-02-07T00:00:00,670,2022-02-07T00:00:00,668,2022-01-31T00:00:00,668,2022-01-24T00:00:00,408,2017-02-06T00:00:00,51,pdsi_extreme_wet_in_harvesting
20,lasso,True,2022-01-31T00:00:00|2022-02-07T00:00:00,670,2022-02-07T00:00:00,668,2022-01-31T00:00:00,668,2022-01-24T00:00:00,408,2017-02-06T00:00:00,51,pdsi_extreme_wet_in_planting
20,lasso,True,2022-01-31T00:00:00|2022-02-07T00:00:00,670,2022-02-07T00:00:00,668,2022-01-31T00:00:00,668,2022-01-24T00:00:00,408,2017-02-06T00:00:00,51,pdsi_severe_drought_in_harvesting
20,lasso,True,2022-01-31T00:00:00|2022-02-07T00:00:00,670,2022-02-07T00:00:00,668,2022-01-31T00:00:00,668,2022-01-24T00:00:00,408,2017-02-06T00:00:00,51,pdsi_severe_drought_in_planting
20,lasso,True,2022-01-31T00:00:00|2022-02-07T00:00:00,670,2022-02-07T00:00:00,668,2022-01-31T00:00:00,668,2022-01-24T00:00:00,408,2017-02-06T00:00:00,51,pdsi_very_wet_in_harvesting
20,lasso,True,2022-01-31T00:00:00|2022-02-07T00:00:00,670,2022-02-07T00:00:00,668,2022-01-31T00:00:00,668,2022-01-24T00:00:00,408,2017-02-06T00:00:00,51,pdsi_very_wet_in_planting
20,lasso,True,2022-01-31T00:00:00|2022-02-07T00:00:00,670,2022-02-07T00:00:00,668,2022-01-31T00:00:00,668,2022-01-24T00:00:00,408,2017-02-06T00:00:00,51,spi_7d_extreme_wet_in_planting
20,lasso,True,2022-01-31T00:00:00|2022-02-07T00:00:00,670,2022-02-07T00:00:00,668,2022-01-31T00:00:00,668,2022-01-24T00:00:00,408,2017-02-06T00:00:00,51,spi_7d_very_dry_in_harvesting
20,lasso,True,2022-01-31T00:00:00|2022-02-07T00:00:00,670,2022-02-07T00:00:00,668,2022-01-31T00:00:00,668,2022-01-24T00:00:00,408,2017-02-06T00:00:00,51,spi_7d_very_dry_in_planting
20,lasso,True,2022-01-31T00:00:00|2022-02-07T00:00:00,670,2022-02-07T00:00:00,668,2022-01-31T00:00:00,668,2022-01-24T00:00:00,408,2017-02-06T00:00:00,51,ssta_lanina
20,lasso,True,2022-01-31T00:00:00|2022-02-07T00:00:00,670,2022-02-07T00:00:00,668,2022-01-31T00:00:00,668,2022-01-24T00:00:00,408,2017-02-06T00:00:00,51,tmax_hot_in_harvesting
20,lasso,True,2022-01-31T00:00:00|2022-02-07T00:00:00,670,2022-02-07T00:00:00,668,2022-01-31T00:00:00,668,2022-01-24T00:00:00,408,2017-02-06T00:00:00,51,tmax_hot_in_planting
20,lasso,True,2022-01-31T00:00:00|2022-02-07T00:00:00,670,2022-02-07T00:00:00,668,2022-01-31T00:00:00,668,2022-01-24T00:00:00,408,2017-02-06T00:00:00,51,tmin_cold_in_harvesting
9,lasso,False,2022-03-28T00:00:00|2022-04-04T00:00:00,678,2022-04-04T00:00:00,676,2022-03-28T00:00:00,676,2022-03-21T00:00:00,416,2017-04-03T00:00:00,52,corn_monthly_rv
9,lasso,False,2022-03-28T00:00:00|2022-04-04T00:00:00,678,2022-04-04T00:00:00,676,2022-03-28T00:00:00,676,2022-03-21T00:00:00,416,2017-04-03T00:00:00,52,corn_seasonal_rv
9,lasso,False,2022-03-28T00:00:00|2022-04-04T00:00:00,678,2022-04-04T00:00:00,676,2022-03-28T00:00:00,676,2022-03-21T00:00:00,416,2017-04-03T00:00:00,52,corn_weekly_rv
9,lasso,False,2022-03-28T00:00:00|2022-04-04T00:00:00,678,2022-04-04T00:00:00,676,2022-03-28T00:00:00,676,2022-03-21T00:00:00,416,2017-04-03T00:00:00,52,pdsi_extreme_drought_in_planting
9,lasso,False,2022-03-28T00:00:00|2022-04-04T00:00:00,678,2022-04-04T00:00:00,676,2022-03-28T00:00:00,676,2022-03-21T00:00:00,416,2017-04-03T00:00:00,52,pdsi_extreme_wet_in_harvesting
9,lasso,False,2022-03-28T00:00:00|2022-04-04T00:00:00,678,2022-04-04T00:00:00,676,2022-03-28T00:00:00,676,2022-03-21T00:00:00,416,2017-04-03T00:00:00,52,pdsi_extreme_wet_in_planting
9,lasso,False,2022-03-28T00:00:00|2022-04-04T00:00:00,678,2022-04-04T00:00:00,676,2022-03-28T00:00:00,676,2022-03-21T00:00:00,416,2017-04-03T00:00:00,52,pdsi_severe_drought_in_planting
9,lasso,False,2022-03-28T00:00:00|2022-04-04T00:00:00,678,2022-04-04T00:00:00,676,2022-03-28T00:00:00,676,2022-03-21T00:00:00,416,2017-04-03T00:00:00,52,pdsi_very_wet_in_harvesting
9,lasso,False,2022-03-28T00:00:00|2022-04-04T00:00:00,678,2022-04-04T00:00:00,676,2022-03-28T00:00:00,676,2022-03-21T00:00:00,416,2017-04-03T00:00:00,52,ssta_lanina
9,lasso,True,2022-05-23T00:00:00|2022-05-30T00:00:00,686,2022-05-30T00:00:00,684,2022-05-23T00:00:00,684,2022-05-16T00:00:00,424,2017-05-29T00:00:00,53,corn_monthly_rv
9,lasso,True,2022-05-23T00:00:00|2022-05-30T00:00:00,686,2022-05-30T00:00:00,684,2022-05-23T00:00:00,684,2022-05-16T00:00:00,424,2017-05-29T00:00:00,53,corn_seasonal_rv
9,lasso,True,2022-05-23T00:00:00|2022-05-30T00:00:00,686,2022-05-30T00:00:00,684,2022-05-23T00:00:00,684,2022-05-16T00:00:00,424,2017-05-29T00:00:00,53,corn_weekly_rv
9,lasso,True,2022-05-23T00:00:00|2022-05-30T00:00:00,686,2022-05-30T00:00:00,684,2022-05-23T00:00:00,684,2022-05-16T00:00:00,424,2017-05-29T00:00:00,53,pdsi_extreme_drought_in_planting
9,lasso,True,2022-05-23T00:00:00|2022-05-30T00:00:00,686,2022-05-30T00:00:00,684,2022-05-23T00:00:00,684,2022-05-16T00:00:00,424,2017-05-29T00:00:00,53,pdsi_extreme_wet_in_harvesting
9,lasso,True,2022-05-23T00:00:00|2022-05-30T00:00:00,686,2022-05-30T00:00:00,684,2022-05-23T00:00:00,684,2022-05-16T00:00:00,424,2017-05-29T00:00:00,53,pdsi_extreme_wet_in_planting
9,lasso,True,2022-05-23T00:00:00|2022-05-30T00:00:00,686,2022-05-30T00:00:00,684,2022-05-23T00:00:00,684,2022-05-16T00:00:00,424,2017-05-29T00:00:00,53,pdsi_severe_drought_in_planting
9,lasso,True,2022-05-23T00:00:00|2022-05-30T00:00:00,686,2022-05-30T00:00:00,684,2022-05-23T00:00:00,684,2022-05-16T00:00:00,424,2017-05-29T00:00:00,53,pdsi_very_wet_in_harvesting
9,lasso,True,2022-05-23T00:00:00|2022-05-30T00:00:00,686,2022-05-30T00:00:00,684,2022-05-23T00:00:00,684,2022-05-16T00:00:00,424,2017-05-29T00:00:00,53,ssta_lanina
9,lasso,True,2022-07-18T00:00:00|2022-07-25T00:00:00,694,2022-07-25T00:00:00,692,2022-07-18T00:00:00,692,2022-07-11T00:00:00,432,2017-07-24T00:00:00,54,corn_monthly_rv
9,lasso,True,2022-07-18T00:00:00|2022-07-25T00:00:00,694,2022-07-25T00:00:00,692,2022-07-18T00:00:00,692,2022-07-11T00:00:00,432,2017-07-24T00:00:00,54,corn_seasonal_rv
9,lasso,True,2022-07-18T00:00:00|2022-07-25T00:00:00,694,2022-07-25T00:00:00,692,2022-07-18T00:00:00,692,2022-07-11T00:00:00,432,2017-07-24T00:00:00,54,corn_weekly_rv
9,lasso,True,2022-07-18T00:00:00|2022-07-25T00:00:00,694,2022-07-25T00:00:00,692,2022-07-18T00:00:00,692,2022-07-11T00:00:00,432,2017-07-24T00:00:00,54,pdsi_extreme_drought_in_planting
9,lasso,True,2022-07-18T00:00:00|2022-07-25T00:00:00,694,2022-07-25T00:00:00,692,2022-07-18T00:00:00,692,2022-07-11T00:00:00,432,2017-07-24T00:00:00,54,pdsi_extreme_wet_in_harvesting
9,lasso,True,2022-07-18T00:00:00|2022-07-25T00:00:00,694,2022-07-25T00:00:00,692,2022-07-18T00:00:00,692,2022-07-11T00:00:00,432,2017-07-24T00:00:00,54,pdsi_extreme_wet_in_planting
9,lasso,True,2022-07-18T00:00:00|2022-07-25T00:00:00,694,2022-07-25T00:00:00,692,2022-07-18T00:00:00,692,2022-07-11T00:00:00,432,2017-07-24T00:00:00,54,pdsi_severe_drought_in_planting
9,lasso,True,2022-07-18T00:00:00|2022-07-25T00:00:00,694,2022-07-25T00:00:00,692,2022-07-18T00:00:00,692,2022-07-11T00:00:00,432,2017-07-24T00:00:00,54,pdsi_very_wet_in_harvesting
9,lasso,True,2022-07-18T00:00:00|2022-07-25T00:00:00,694,2022-07-25T00:00:00,692,2022-07-18T00:00:00,692,2022-07-11T00:00:00,432,2017-07-24T00:00:00,54,ssta_lanina
9,lasso,True,2022-09-12T00:00:00|2022-09-19T00:00:00,702,2022-09-19T00:00:00,700,2022-09-12T00:00:00,700,2022-09-05T00:00:00,440,2017-09-18T00:00:00,55,corn_monthly_rv
9,lasso,True,2022-09-12T00:00:00|2022-09-19T00:00:00,702,2022-09-19T00:00:00,700,2022-09-12T00:00:00,700,2022-09-05T00:00:00,440,2017-09-18T00:00:00,55,corn_seasonal_rv
9,lasso,True,2022-09-12T00:00:00|2022-09-19T00:00:00,702,2022-09-19T00:00:00,700,2022-09-12T00:00:00,700,2022-09-05T00:00:00,440,2017-09-18T00:00:00,55,corn_weekly_rv
9,lasso,True,2022-09-12T00:00:00|2022-09-19T00:00:00,702,2022-09-19T00:00:00,700,2022-09-12T00:00:00,700,2022-09-05T00:00:00,440,2017-09-18T00:00:00,55,pdsi_extreme_drought_in_planting
9,lasso,True,2022-09-12T00:00:00|2022-09-19T00:00:00,702,2022-09-19T00:00:00,700,2022-09-12T00:00:00,700,2022-09-05T00:00:00,440,2017-09-18T00:00:00,55,pdsi_extreme_wet_in_harvesting
9,lasso,True,2022-09-12T00:00:00|2022-09-19T00:00:00,702,2022-09-19T00:00:00,700,2022-09-12T00:00:00,700,2022-09-05T00:00:00,440,2017-09-18T00:00:00,55,pdsi_extreme_wet_in_planting
9,lasso,True,2022-09-12T00:00:00|2022-09-19T00:00:00,702,2022-09-19T00:00:00,700,2022-09-12T00:00:00,700,2022-09-05T00:00:00,440,2017-09-18T00:00:00,55,pdsi_severe_drought_in_planting
9,lasso,True,2022-09-12T00:00:00|2022-09-19T00:00:00,702,2022-09-19T00:00:00,700,2022-09-12T00:00:00,700,2022-09-05T00:00:00,440,2017-09-18T00:00:00,55,pdsi_very_wet_in_harvesting
9,lasso,True,2022-09-12T00:00:00|2022-09-19T00:00:00,702,2022-09-19T00:00:00,700,2022-09-12T00:00:00,700,2022-09-05T00:00:00,440,2017-09-18T00:00:00,55,ssta_lanina
8,lasso,False,2022-11-07T00:00:00|2022-11-14T00:00:00,710,2022-11-14T00:00:00,708,2022-11-07T00:00:00,708,2022-10-31T00:00:00,448,2017-11-13T00:00:00,56,SOI_index
8,lasso,False,2022-11-07T00:00:00|2022-11-14T00:00:00,710,2022-11-14T00:00:00,708,2022-11-07T00:00:00,708,2022-10-31T00:00:00,448,2017-11-13T00:00:00,56,corn_monthly_rv
8,lasso,False,2022-11-07T00:00:00|2022-11-14T00:00:00,710,2022-11-14T00:00:00,708,2022-11-07T00:00:00,708,2022-10-31T00:00:00,448,2017-11-13T00:00:00,56,corn_seasonal_rv
8,lasso,False,2022-11-07T00:00:00|2022-11-14T00:00:00,710,2022-11-14T00:00:00,708,2022-11-07T00:00:00,708,2022-10-31T00:00:00,448,2017-11-13T00:00:00,56,corn_weekly_rv
8,lasso,False,2022-11-07T00:00:00|2022-11-14T00:00:00,710,2022-11-14T00:00:00,708,2022-11-07T00:00:00,708,2022-10-31T00:00:00,448,2017-11-13T00:00:00,56,pdsi_extreme_wet_in_harvesting
8,lasso,False,2022-11-07T00:00:00|2022-11-14T00:00:00,710,2022-11-14T00:00:00,708,2022-11-07T00:00:00,708,2022-10-31T00:00:00,448,2017-11-13T00:00:00,56,pdsi_severe_drought_in_harvesting
8,lasso,False,2022-11-07T00:00:00|2022-11-14T00:00:00,710,2022-11-14T00:00:00,708,2022-11-07T00:00:00,708,2022-10-31T00:00:00,448,2017-11-13T00:00:00,56,pdsi_severe_drought_in_planting
8,lasso,False,2022-11-07T00:00:00|2022-11-14T00:00:00,710,2022-11-14T00:00:00,708,2022-11-07T00:00:00,708,2022-10-31T00:00:00,448,2017-11-13T00:00:00,56,pdsi_very_wet_in_harvesting
8,lasso,True,2023-01-02T00:00:00|2023-01-09T00:00:00,718,2023-01-09T00:00:00,716,2023-01-02T00:00:00,716,2022-12-26T00:00:00,456,2018-01-08T00:00:00,57,SOI_index
8,lasso,True,2023-01-02T00:00:00|2023-01-09T00:00:00,718,2023-01-09T00:00:00,716,2023-01-02T00:00:00,716,2022-12-26T00:00:00,456,2018-01-08T00:00:00,57,corn_monthly_rv
8,lasso,True,2023-01-02T00:00:00|2023-01-09T00:00:00,718,2023-01-09T00:00:00,716,2023-01-02T00:00:00,716,2022-12-26T00:00:00,456,2018-01-08T00:00:00,57,corn_seasonal_rv
8,lasso,True,2023-01-02T00:00:00|2023-01-09T00:00:00,718,2023-01-09T00:00:00,716,2023-01-02T00:00:00,716,2022-12-26T00:00:00,456,2018-01-08T00:00:00,57,corn_weekly_rv
8,lasso,True,2023-01-02T00:00:00|2023-01-09T00:00:00,718,2023-01-09T00:00:00,716,2023-01-02T00:00:00,716,2022-12-26T00:00:00,456,2018-01-08T00:00:00,57,pdsi_extreme_wet_in_harvesting
8,lasso,True,2023-01-02T00:00:00|2023-01-09T00:00:00,718,2023-01-09T00:00:00,716,2023-01-02T00:00:00,716,2022-12-26T00:00:00,456,2018-01-08T00:00:00,57,pdsi_severe_drought_in_harvesting
8,lasso,True,2023-01-02T00:00:00|2023-01-09T00:00:00,718,2023-01-09T00:00:00,716,2023-01-02T00:00:00,716,2022-12-26T00:00:00,456,2018-01-08T00:00:00,57,pdsi_severe_drought_in_planting
8,lasso,True,2023-01-02T00:00:00|2023-01-09T00:00:00,718,2023-01-09T00:00:00,716,2023-01-02T00:00:00,716,2022-12-26T00:00:00,456,2018-01-08T00:00:00,57,pdsi_very_wet_in_harvesting
8,lasso,True,2023-02-27T00:00:00|2023-03-06T00:00:00,726,2023-03-06T00:00:00,724,2023-02-27T00:00:00,724,2023-02-20T00:00:00,464,2018-03-05T00:00:00,58,SOI_index
8,lasso,True,2023-02-27T00:00:00|2023-03-06T00:00:00,726,2023-03-06T00:00:00,724,2023-02-27T00:00:00,724,2023-02-20T00:00:00,464,2018-03-05T00:00:00,58,corn_monthly_rv
8,lasso,True,2023-02-27T00:00:00|2023-03-06T00:00:00,726,2023-03-06T00:00:00,724,2023-02-27T00:00:00,724,2023-02-20T00:00:00,464,2018-03-05T00:00:00,58,corn_seasonal_rv
8,lasso,True,2023-02-27T00:00:00|2023-03-06T00:00:00,726,2023-03-06T00:00:00,724,2023-02-27T00:00:00,724,2023-02-20T00:00:00,464,2018-03-05T00:00:00,58,corn_weekly_rv
8,lasso,True,2023-02-27T00:00:00|2023-03-06T00:00:00,726,2023-03-06T00:00:00,724,2023-02-27T00:00:00,724,2023-02-20T00:00:00,464,2018-03-05T00:00:00,58,pdsi_extreme_wet_in_harvesting
8,lasso,True,2023-02-27T00:00:00|2023-03-06T00:00:00,726,2023-03-06T00:00:00,724,2023-02-27T00:00:00,724,2023-02-20T00:00:00,464,2018-03-05T00:00:00,58,pdsi_severe_drought_in_harvesting
8,lasso,True,2023-02-27T00:00:00|2023-03-06T00:00:00,726,2023-03-06T00:00:00,724,2023-02-27T00:00:00,724,2023-02-20T00:00:00,464,2018-03-05T00:00:00,58,pdsi_severe_drought_in_planting
8,lasso,True,2023-02-27T00:00:00|2023-03-06T00:00:00,726,2023-03-06T00:00:00,724,2023-02-27T00:00:00,724,2023-02-20T00:00:00,464,2018-03-05T00:00:00,58,pdsi_very_wet_in_harvesting
8,lasso,True,2023-04-24T00:00:00|2023-05-01T00:00:00,734,2023-05-01T00:00:00,732,2023-04-24T00:00:00,732,2023-04-17T00:00:00,472,2018-04-30T00:00:00,59,SOI_index
8,lasso,True,2023-04-24T00:00:00|2023-05-01T00:00:00,734,2023-05-01T00:00:00,732,2023-04-24T00:00:00,732,2023-04-17T00:00:00,472,2018-04-30T00:00:00,59,corn_monthly_rv
8,lasso,True,2023-04-24T00:00:00|2023-05-01T00:00:00,734,2023-05-01T00:00:00,732,2023-04-24T00:00:00,732,2023-04-17T00:00:00,472,2018-04-30T00:00:00,59,corn_seasonal_rv
8,lasso,True,2023-04-24T00:00:00|2023-05-01T00:00:00,734,2023-05-01T00:00:00,732,2023-04-24T00:00:00,732,2023-04-17T00:00:00,472,2018-04-30T00:00:00,59,corn_weekly_rv
8,lasso,True,2023-04-24T00:00:00|2023-05-01T00:00:00,734,2023-05-01T00:00:00,732,2023-04-24T00:00:00,732,2023-04-17T00:00:00,472,2018-04-30T00:00:00,59,pdsi_extreme_wet_in_harvesting
8,lasso,True,2023-04-24T00:00:00|2023-05-01T00:00:00,734,2023-05-01T00:00:00,732,2023-04-24T00:00:00,732,2023-04-17T00:00:00,472,2018-04-30T00:00:00,59,pdsi_severe_drought_in_harvesting
8,lasso,True,2023-04-24T00:00:00|2023-05-01T00:00:00,734,2023-05-01T00:00:00,732,2023-04-24T00:00:00,732,2023-04-17T00:00:00,472,2018-04-30T00:00:00,59,pdsi_severe_drought_in_planting
8,lasso,True,2023-04-24T00:00:00|2023-05-01T00:00:00,734,2023-05-01T00:00:00,732,2023-04-24T00:00:00,732,2023-04-17T00:00:00,472,2018-04-30T00:00:00,59,pdsi_very_wet_in_harvesting
18,lasso,False,2023-06-19T00:00:00|2023-06-26T00:00:00,742,2023-06-26T00:00:00,740,2023-06-19T00:00:00,740,2023-06-12T00:00:00,480,2018-06-25T00:00:00,60,NAO_index
18,lasso,False,2023-06-19T00:00:00|2023-06-26T00:00:00,742,2023-06-26T00:00:00,740,2023-06-19T00:00:00,740,2023-06-12T00:00:00,480,2018-06-25T00:00:00,60,awnd_moderate_high_wind_in_planting
18,lasso,False,2023-06-19T00:00:00|2023-06-26T00:00:00,742,2023-06-26T00:00:00,740,2023-06-19T00:00:00,740,2023-06-12T00:00:00,480,2018-06-25T00:00:00,60,corn_monthly_rv
18,lasso,False,2023-06-19T00:00:00|2023-06-26T00:00:00,742,2023-06-26T00:00:00,740,2023-06-19T00:00:00,740,2023-06-12T00:00:00,480,2018-06-25T00:00:00,60,corn_seasonal_rv
18,lasso,False,2023-06-19T00:00:00|2023-06-26T00:00:00,742,2023-06-26T00:00:00,740,2023-06-19T00:00:00,740,2023-06-12T00:00:00,480,2018-06-25T00:00:00,60,corn_weekly_rv
18,lasso,False,2023-06-19T00:00:00|2023-06-26T00:00:00,742,2023-06-26T00:00:00,740,2023-06-19T00:00:00,740,2023-06-12T00:00:00,480,2018-06-25T00:00:00,60,pdsi_extreme_drought_in_harvesting
18,lasso,False,2023-06-19T00:00:00|2023-06-26T00:00:00,742,2023-06-26T00:00:00,740,2023-06-19T00:00:00,740,2023-06-12T00:00:00,480,2018-06-25T00:00:00,60,pdsi_extreme_drought_in_planting
18,lasso,False,2023-06-19T00:00:00|2023-06-26T00:00:00,742,2023-06-26T00:00:00,740,2023-06-19T00:00:00,740,2023-06-12T00:00:00,480,2018-06-25T00:00:00,60,pdsi_extreme_wet_in_harvesting
18,lasso,False,2023-06-19T00:00:00|2023-06-26T00:00:00,742,2023-06-26T00:00:00,740,2023-06-19T00:00:00,740,2023-06-12T00:00:00,480,2018-06-25T00:00:00,60,pdsi_extreme_wet_in_planting
18,lasso,False,2023-06-19T00:00:00|2023-06-26T00:00:00,742,2023-06-26T00:00:00,740,2023-06-19T00:00:00,740,2023-06-12T00:00:00,480,2018-06-25T00:00:00,60,pdsi_severe_drought_in_harvesting
18,lasso,False,2023-06-19T00:00:00|2023-06-26T00:00:00,742,2023-06-26T00:00:00,740,2023-06-19T00:00:00,740,2023-06-12T00:00:00,480,2018-06-25T00:00:00,60,pdsi_severe_drought_in_planting
18,lasso,False,2023-06-19T00:00:00|2023-06-26T00:00:00,742,2023-06-26T00:00:00,740,2023-06-19T00:00:00,740,2023-06-12T00:00:00,480,2018-06-25T00:00:00,60,pdsi_very_wet_in_harvesting
18,lasso,False,2023-06-19T00:00:00|2023-06-26T00:00:00,742,2023-06-26T00:00:00,740,2023-06-19T00:00:00,740,2023-06-12T00:00:00,480,2018-06-25T00:00:00,60,spi_7d_very_dry_in_planting
18,lasso,False,2023-06-19T00:00:00|2023-06-26T00:00:00,742,2023-06-26T00:00:00,740,2023-06-19T00:00:00,740,2023-06-12T00:00:00,480,2018-06-25T00:00:00,60,spi_7d_very_wet_in_planting
18,lasso,False,2023-06-19T00:00:00|2023-06-26T00:00:00,742,2023-06-26T00:00:00,740,2023-06-19T00:00:00,740,2023-06-12T00:00:00,480,2018-06-25T00:00:00,60,ssta_elino
18,lasso,False,2023-06-19T00:00:00|2023-06-26T00:00:00,742,2023-06-26T00:00:00,740,2023-06-19T00:00:00,740,2023-06-12T00:00:00,480,2018-06-25T00:00:00,60,ssta_lanina
18,lasso,False,2023-06-19T00:00:00|2023-06-26T00:00:00,742,2023-06-26T00:00:00,740,2023-06-19T00:00:00,740,2023-06-12T00:00:00,480,2018-06-25T00:00:00,60,tmax_hot_in_harvesting
18,lasso,False,2023-06-19T00:00:00|2023-06-26T00:00:00,742,2023-06-26T00:00:00,740,2023-06-19T00:00:00,740,2023-06-12T00:00:00,480,2018-06-25T00:00:00,60,tmax_very_hot_in_planting
18,lasso,True,2023-08-14T00:00:00|2023-08-21T00:00:00,750,2023-08-21T00:00:00,748,2023-08-14T00:00:00,748,2023-08-07T00:00:00,488,2018-08-20T00:00:00,61,NAO_index
18,lasso,True,2023-08-14T00:00:00|2023-08-21T00:00:00,750,2023-08-21T00:00:00,748,2023-08-14T00:00:00,748,2023-08-07T00:00:00,488,2018-08-20T00:00:00,61,awnd_moderate_high_wind_in_planting
18,lasso,True,2023-08-14T00:00:00|2023-08-21T00:00:00,750,2023-08-21T00:00:00,748,2023-08-14T00:00:00,748,2023-08-07T00:00:00,488,2018-08-20T00:00:00,61,corn_monthly_rv
18,lasso,True,2023-08-14T00:00:00|2023-08-21T00:00:00,750,2023-08-21T00:00:00,748,2023-08-14T00:00:00,748,2023-08-07T00:00:00,488,2018-08-20T00:00:00,61,corn_seasonal_rv
18,lasso,True,2023-08-14T00:00:00|2023-08-21T00:00:00,750,2023-08-21T00:00:00,748,2023-08-14T00:00:00,748,2023-08-07T00:00:00,488,2018-08-20T00:00:00,61,corn_weekly_rv
18,lasso,True,2023-08-14T00:00:00|2023-08-21T00:00:00,750,2023-08-21T00:00:00,748,2023-08-14T00:00:00,748,2023-08-07T00:00:00,488,2018-08-20T00:00:00,61,pdsi_extreme_drought_in_harvesting
18,lasso,True,2023-08-14T00:00:00|2023-08-21T00:00:00,750,2023-08-21T00:00:00,748,2023-08-14T00:00:00,748,2023-08-07T00:00:00,488,2018-08-20T00:00:00,61,pdsi_extreme_drought_in_planting
18,lasso,True,2023-08-14T00:00:00|2023-08-21T00:00:00,750,2023-08-21T00:00:00,748,2023-08-14T00:00:00,748,2023-08-07T00:00:00,488,2018-08-20T00:00:00,61,pdsi_extreme_wet_in_harvesting
18,lasso,True,2023-08-14T00:00:00|2023-08-21T00:00:00,750,2023-08-21T00:00:00,748,2023-08-14T00:00:00,748,2023-08-07T00:00:00,488,2018-08-20T00:00:00,61,pdsi_extreme_wet_in_planting
18,lasso,True,2023-08-14T00:00:00|2023-08-21T00:00:00,750,2023-08-21T00:00:00,748,2023-08-14T00:00:00,748,2023-08-07T00:00:00,488,2018-08-20T00:00:00,61,pdsi_severe_drought_in_harvesting
18,lasso,True,2023-08-14T00:00:00|2023-08-21T00:00:00,750,2023-08-21T00:00:00,748,2023-08-14T00:00:00,748,2023-08-07T00:00:00,488,2018-08-20T00:00:00,61,pdsi_severe_drought_in_planting
18,lasso,True,2023-08-14T00:00:00|2023-08-21T00:00:00,750,2023-08-21T00:00:00,748,2023-08-14T00:00:00,748,2023-08-07T00:00:00,488,2018-08-20T00:00:00,61,pdsi_very_wet_in_harvesting
18,lasso,True,2023-08-14T00:00:00|2023-08-21T00:00:00,750,2023-08-21T00:00:00,748,2023-08-14T00:00:00,748,2023-08-07T00:00:00,488,2018-08-20T00:00:00,61,spi_7d_very_dry_in_planting
18,lasso,True,2023-08-14T00:00:00|2023-08-21T00:00:00,750,2023-08-21T00:00:00,748,2023-08-14T00:00:00,748,2023-08-07T00:00:00,488,2018-08-20T00:00:00,61,spi_7d_very_wet_in_planting
18,lasso,True,2023-08-14T00:00:00|2023-08-21T00:00:00,750,2023-08-21T00:00:00,748,2023-08-14T00:00:00,748,2023-08-07T00:00:00,488,2018-08-20T00:00:00,61,ssta_elino
18,lasso,True,2023-08-14T00:00:00|2023-08-21T00:00:00,750,2023-08-21T00:00:00,748,2023-08-14T00:00:00,748,2023-08-07T00:00:00,488,2018-08-20T00:00:00,61,ssta_lanina
18,lasso,True,2023-08-14T00:00:00|2023-08-21T00:00:00,750,2023-08-21T00:00:00,748,2023-08-14T00:00:00,748,2023-08-07T00:00:00,488,2018-08-20T00:00:00,61,tmax_hot_in_harvesting
18,lasso,True,2023-08-14T00:00:00|2023-08-21T00:00:00,750,2023-08-21T00:00:00,748,2023-08-14T00:00:00,748,2023-08-07T00:00:00,488,2018-08-20T00:00:00,61,tmax_very_hot_in_planting
18,lasso,True,2023-10-09T00:00:00|2023-10-16T00:00:00,758,2023-10-16T00:00:00,756,2023-10-09T00:00:00,756,2023-10-02T00:00:00,496,2018-10-15T00:00:00,62,NAO_index
18,lasso,True,2023-10-09T00:00:00|2023-10-16T00:00:00,758,2023-10-16T00:00:00,756,2023-10-09T00:00:00,756,2023-10-02T00:00:00,496,2018-10-15T00:00:00,62,awnd_moderate_high_wind_in_planting
18,lasso,True,2023-10-09T00:00:00|2023-10-16T00:00:00,758,2023-10-16T00:00:00,756,2023-10-09T00:00:00,756,2023-10-02T00:00:00,496,2018-10-15T00:00:00,62,corn_monthly_rv
18,lasso,True,2023-10-09T00:00:00|2023-10-16T00:00:00,758,2023-10-16T00:00:00,756,2023-10-09T00:00:00,756,2023-10-02T00:00:00,496,2018-10-15T00:00:00,62,corn_seasonal_rv
18,lasso,True,2023-10-09T00:00:00|2023-10-16T00:00:00,758,2023-10-16T00:00:00,756,2023-10-09T00:00:00,756,2023-10-02T00:00:00,496,2018-10-15T00:00:00,62,corn_weekly_rv
18,lasso,True,2023-10-09T00:00:00|2023-10-16T00:00:00,758,2023-10-16T00:00:00,756,2023-10-09T00:00:00,756,2023-10-02T00:00:00,496,2018-10-15T00:00:00,62,pdsi_extreme_drought_in_harvesting
18,lasso,True,2023-10-09T00:00:00|2023-10-16T00:00:00,758,2023-10-16T00:00:00,756,2023-10-09T00:00:00,756,2023-10-02T00:00:00,496,2018-10-15T00:00:00,62,pdsi_extreme_drought_in_planting
18,lasso,True,2023-10-09T00:00:00|2023-10-16T00:00:00,758,2023-10-16T00:00:00,756,2023-10-09T00:00:00,756,2023-10-02T00:00:00,496,2018-10-15T00:00:00,62,pdsi_extreme_wet_in_harvesting
18,lasso,True,2023-10-09T00:00:00|2023-10-16T00:00:00,758,2023-10-16T00:00:00,756,2023-10-09T00:00:00,756,2023-10-02T00:00:00,496,2018-10-15T00:00:00,62,pdsi_extreme_wet_in_planting
18,lasso,True,2023-10-09T00:00:00|2023-10-16T00:00:00,758,2023-10-16T00:00:00,756,2023-10-09T00:00:00,756,2023-10-02T00:00:00,496,2018-10-15T00:00:00,62,pdsi_severe_drought_in_harvesting
18,lasso,True,2023-10-09T00:00:00|2023-10-16T00:00:00,758,2023-10-16T00:00:00,756,2023-10-09T00:00:00,756,2023-10-02T00:00:00,496,2018-10-15T00:00:00,62,pdsi_severe_drought_in_planting
18,lasso,True,2023-10-09T00:00:00|2023-10-16T00:00:00,758,2023-10-16T00:00:00,756,2023-10-09T00:00:00,756,2023-10-02T00:00:00,496,2018-10-15T00:00:00,62,pdsi_very_wet_in_harvesting
18,lasso,True,2023-10-09T00:00:00|2023-10-16T00:00:00,758,2023-10-16T00:00:00,756,2023-10-09T00:00:00,756,2023-10-02T00:00:00,496,2018-10-15T00:00:00,62,spi_7d_very_dry_in_planting
18,lasso,True,2023-10-09T00:00:00|2023-10-16T00:00:00,758,2023-10-16T00:00:00,756,2023-10-09T00:00:00,756,2023-10-02T00:00:00,496,2018-10-15T00:00:00,62,spi_7d_very_wet_in_planting
18,lasso,True,2023-10-09T00:00:00|2023-10-16T00:00:00,758,2023-10-16T00:00:00,756,2023-10-09T00:00:00,756,2023-10-02T00:00:00,496,2018-10-15T00:00:00,62,ssta_elino
18,lasso,True,2023-10-09T00:00:00|2023-10-16T00:00:00,758,2023-10-16T00:00:00,756,2023-10-09T00:00:00,756,2023-10-02T00:00:00,496,2018-10-15T00:00:00,62,ssta_lanina
18,lasso,True,2023-10-09T00:00:00|2023-10-16T00:00:00,758,2023-10-16T00:00:00,756,2023-10-09T00:00:00,756,2023-10-02T00:00:00,496,2018-10-15T00:00:00,62,tmax_hot_in_harvesting
18,lasso,True,2023-10-09T00:00:00|2023-10-16T00:00:00,758,2023-10-16T00:00:00,756,2023-10-09T00:00:00,756,2023-10-02T00:00:00,496,2018-10-15T00:00:00,62,tmax_very_hot_in_planting
18,lasso,True,2023-12-04T00:00:00|2023-12-11T00:00:00,766,2023-12-11T00:00:00,764,2023-12-04T00:00:00,764,2023-11-27T00:00:00,504,2018-12-10T00:00:00,63,NAO_index
18,lasso,True,2023-12-04T00:00:00|2023-12-11T00:00:00,766,2023-12-11T00:00:00,764,2023-12-04T00:00:00,764,2023-11-27T00:00:00,504,2018-12-10T00:00:00,63,awnd_moderate_high_wind_in_planting
18,lasso,True,2023-12-04T00:00:00|2023-12-11T00:00:00,766,2023-12-11T00:00:00,764,2023-12-04T00:00:00,764,2023-11-27T00:00:00,504,2018-12-10T00:00:00,63,corn_monthly_rv
18,lasso,True,2023-12-04T00:00:00|2023-12-11T00:00:00,766,2023-12-11T00:00:00,764,2023-12-04T00:00:00,764,2023-11-27T00:00:00,504,2018-12-10T00:00:00,63,corn_seasonal_rv
18,lasso,True,2023-12-04T00:00:00|2023-12-11T00:00:00,766,2023-12-11T00:00:00,764,2023-12-04T00:00:00,764,2023-11-27T00:00:00,504,2018-12-10T00:00:00,63,corn_weekly_rv
18,lasso,True,2023-12-04T00:00:00|2023-12-11T00:00:00,766,2023-12-11T00:00:00,764,2023-12-04T00:00:00,764,2023-11-27T00:00:00,504,2018-12-10T00:00:00,63,pdsi_extreme_drought_in_harvesting
18,lasso,True,2023-12-04T00:00:00|2023-12-11T00:00:00,766,2023-12-11T00:00:00,764,2023-12-04T00:00:00,764,2023-11-27T00:00:00,504,2018-12-10T00:00:00,63,pdsi_extreme_drought_in_planting
18,lasso,True,2023-12-04T00:00:00|2023-12-11T00:00:00,766,2023-12-11T00:00:00,764,2023-12-04T00:00:00,764,2023-11-27T00:00:00,504,2018-12-10T00:00:00,63,pdsi_extreme_wet_in_harvesting
18,lasso,True,2023-12-04T00:00:00|2023-12-11T00:00:00,766,2023-12-11T00:00:00,764,2023-12-04T00:00:00,764,2023-11-27T00:00:00,504,2018-12-10T00:00:00,63,pdsi_extreme_wet_in_planting
18,lasso,True,2023-12-04T00:00:00|2023-12-11T00:00:00,766,2023-12-11T00:00:00,764,2023-12-04T00:00:00,764,2023-11-27T00:00:00,504,2018-12-10T00:00:00,63,pdsi_severe_drought_in_harvesting
18,lasso,True,2023-12-04T00:00:00|2023-12-11T00:00:00,766,2023-12-11T00:00:00,764,2023-12-04T00:00:00,764,2023-11-27T00:00:00,504,2018-12-10T00:00:00,63,pdsi_severe_drought_in_planting
18,lasso,True,2023-12-04T00:00:00|2023-12-11T00:00:00,766,2023-12-11T00:00:00,764,2023-12-04T00:00:00,764,2023-11-27T00:00:00,504,2018-12-10T00:00:00,63,pdsi_very_wet_in_harvesting
18,lasso,True,2023-12-04T00:00:00|2023-12-11T00:00:00,766,2023-12-11T00:00:00,764,2023-12-04T00:00:00,764,2023-11-27T00:00:00,504,2018-12-10T00:00:00,63,spi_7d_very_dry_in_planting
18,lasso,True,2023-12-04T00:00:00|2023-12-11T00:00:00,766,2023-12-11T00:00:00,764,2023-12-04T00:00:00,764,2023-11-27T00:00:00,504,2018-12-10T00:00:00,63,spi_7d_very_wet_in_planting
18,lasso,True,2023-12-04T00:00:00|2023-12-11T00:00:00,766,2023-12-11T00:00:00,764,2023-12-04T00:00:00,764,2023-11-27T00:00:00,504,2018-12-10T00:00:00,63,ssta_elino
18,lasso,True,2023-12-04T00:00:00|2023-12-11T00:00:00,766,2023-12-11T00:00:00,764,2023-12-04T00:00:00,764,2023-11-27T00:00:00,504,2018-12-10T00:00:00,63,ssta_lanina
18,lasso,True,2023-12-04T00:00:00|2023-12-11T00:00:00,766,2023-12-11T00:00:00,764,2023-12-04T00:00:00,764,2023-11-27T00:00:00,504,2018-12-10T00:00:00,63,tmax_hot_in_harvesting
18,lasso,True,2023-12-04T00:00:00|2023-12-11T00:00:00,766,2023-12-11T00:00:00,764,2023-12-04T00:00:00,764,2023-11-27T00:00:00,504,2018-12-10T00:00:00,63,tmax_very_hot_in_planting
4,lasso,False,2024-01-29T00:00:00|2024-02-05T00:00:00,774,2024-02-05T00:00:00,772,2024-01-29T00:00:00,772,2024-01-22T00:00:00,512,2019-02-04T00:00:00,64,corn_monthly_rv
4,lasso,False,2024-01-29T00:00:00|2024-02-05T00:00:00,774,2024-02-05T00:00:00,772,2024-01-29T00:00:00,772,2024-01-22T00:00:00,512,2019-02-04T00:00:00,64,corn_seasonal_rv
4,lasso,False,2024-01-29T00:00:00|2024-02-05T00:00:00,774,2024-02-05T00:00:00,772,2024-01-29T00:00:00,772,2024-01-22T00:00:00,512,2019-02-04T00:00:00,64,corn_weekly_rv
4,lasso,False,2024-01-29T00:00:00|2024-02-05T00:00:00,774,2024-02-05T00:00:00,772,2024-01-29T00:00:00,772,2024-01-22T00:00:00,512,2019-02-04T00:00:00,64,pdsi_severe_drought_in_planting
4,lasso,True,2024-03-25T00:00:00|2024-04-01T00:00:00,782,2024-04-01T00:00:00,780,2024-03-25T00:00:00,780,2024-03-18T00:00:00,520,2019-04-01T00:00:00,65,corn_monthly_rv
4,lasso,True,2024-03-25T00:00:00|2024-04-01T00:00:00,782,2024-04-01T00:00:00,780,2024-03-25T00:00:00,780,2024-03-18T00:00:00,520,2019-04-01T00:00:00,65,corn_seasonal_rv
4,lasso,True,2024-03-25T00:00:00|2024-04-01T00:00:00,782,2024-04-01T00:00:00,780,2024-03-25T00:00:00,780,2024-03-18T00:00:00,520,2019-04-01T00:00:00,65,corn_weekly_rv
4,lasso,True,2024-03-25T00:00:00|2024-04-01T00:00:00,782,2024-04-01T00:00:00,780,2024-03-25T00:00:00,780,2024-03-18T00:00:00,520,2019-04-01T00:00:00,65,pdsi_severe_drought_in_planting
4,lasso,True,2024-05-20T00:00:00|2024-05-27T00:00:00,790,2024-05-27T00:00:00,788,2024-05-20T00:00:00,788,2024-05-13T00:00:00,528,2019-05-27T00:00:00,66,corn_monthly_rv
4,lasso,True,2024-05-20T00:00:00|2024-05-27T00:00:00,790,2024-05-27T00:00:00,788,2024-05-20T00:00:00,788,2024-05-13T00:00:00,528,2019-05-27T00:00:00,66,corn_seasonal_rv
4,lasso,True,2024-05-20T00:00:00|2024-05-27T00:00:00,790,2024-05-27T00:00:00,788,2024-05-20T00:00:00,788,2024-05-13T00:00:00,528,2019-05-27T00:00:00,66,corn_weekly_rv
4,lasso,True,2024-05-20T00:00:00|2024-05-27T00:00:00,790,2024-05-27T00:00:00,788,2024-05-20T00:00:00,788,2024-05-13T00:00:00,528,2019-05-27T00:00:00,66,pdsi_severe_drought_in_planting
4,lasso,True,2024-07-15T00:00:00|2024-07-22T00:00:00,798,2024-07-22T00:00:00,796,2024-07-15T00:00:00,796,2024-07-08T00:00:00,536,2019-07-22T00:00:00,67,corn_monthly_rv
4,lasso,True,2024-07-15T00:00:00|2024-07-22T00:00:00,798,2024-07-22T00:00:00,796,2024-07-15T00:00:00,796,2024-07-08T00:00:00,536,2019-07-22T00:00:00,67,corn_seasonal_rv
4,lasso,True,2024-07-15T00:00:00|2024-07-22T00:00:00,798,2024-07-22T00:00:00,796,2024-07-15T00:00:00,796,2024-07-08T00:00:00,536,2019-07-22T00:00:00,67,corn_weekly_rv
4,lasso,True,2024-07-15T00:00:00|2024-07-22T00:00:00,798,2024-07-22T00:00:00,796,2024-07-15T00:00:00,796,2024-07-08T00:00:00,536,2019-07-22T00:00:00,67,pdsi_severe_drought_in_planting
4,lasso,False,2024-09-09T00:00:00|2024-09-16T00:00:00,806,2024-09-16T00:00:00,804,2024-09-09T00:00:00,804,2024-09-02T00:00:00,544,2019-09-16T00:00:00,68,corn_monthly_rv
4,lasso,False,2024-09-09T00:00:00|2024-09-16T00:00:00,806,2024-09-16T00:00:00,804,2024-09-09T00:00:00,804,2024-09-02T00:00:00,544,2019-09-16T00:00:00,68,corn_seasonal_rv
4,lasso,False,2024-09-09T00:00:00|2024-09-16T00:00:00,806,2024-09-16T00:00:00,804,2024-09-09T00:00:00,804,2024-09-02T00:00:00,544,2019-09-16T00:00:00,68,corn_weekly_rv
4,lasso,False,2024-09-09T00:00:00|2024-09-16T00:00:00,806,2024-09-16T00:00:00,804,2024-09-09T00:00:00,804,2024-09-02T00:00:00,544,2019-09-16T00:00:00,68,pdsi_severe_drought_in_planting
4,lasso,True,2024-11-04T00:00:00|2024-11-11T00:00:00,814,2024-11-11T00:00:00,812,2024-11-04T00:00:00,812,2024-10-28T00:00:00,552,2019-11-11T00:00:00,69,corn_monthly_rv
4,lasso,True,2024-11-04T00:00:00|2024-11-11T00:00:00,814,2024-11-11T00:00:00,812,2024-11-04T00:00:00,812,2024-10-28T00:00:00,552,2019-11-11T00:00:00,69,corn_seasonal_rv
4,lasso,True,2024-11-04T00:00:00|2024-11-11T00:00:00,814,2024-11-11T00:00:00,812,2024-11-04T00:00:00,812,2024-10-28T00:00:00,552,2019-11-11T00:00:00,69,corn_weekly_rv
4,lasso,True,2024-11-04T00:00:00|2024-11-11T00:00:00,814,2024-11-11T00:00:00,812,2024-11-04T00:00:00,812,2024-10-28T00:00:00,552,2019-11-11T00:00:00,69,pdsi_severe_drought_in_planting
