series,n_obs,adf_statistic,p_value,critical_1%,critical_5%,critical_10%,stationary,trend_exists,crop,session,state,variable,category
corn_planting_AK_TMAX,468,-4.094168956120035,0.000990243644652651,-3.444836032925901,-2.8679272692747415,-2.5701721745036776,Yes,No,corn,planting,AK,TMAX,Corn Planting
corn_planting_AK_TMIN,468,-4.170120961034406,0.0007399818769840803,-3.444868194858831,-2.867941416548597,-2.5701797149735146,Yes,No,corn,planting,AK,TMIN,Corn Planting
corn_planting_AK_AWND,468,-1.8670259247734975,0.3477285414308495,-3.4448040131772584,-2.8679131843980197,-2.5701646673107112,No,Yes,corn,planting,AK,AWND,Corn Planting
corn_planting_AL_TMAX,468,-4.835589624833085,4.6471897217480015e-05,-3.444965543297668,-2.8679842369272976,-2.5702025382716047,Yes,No,corn,planting,AL,TMAX,Corn Planting
corn_planting_AL_TMIN,468,-4.064334315467449,0.0011086814446258854,-3.444836032925901,-2.8679272692747415,-2.5701721745036776,Yes,No,corn,planting,AL,TMIN,Corn Planting
corn_planting_AL_AWND,468,-2.594660328611079,0.09410589861720087,-3.444836032925901,-2.8679272692747415,-2.5701721745036776,No,Yes,corn,planting,AL,AWND,Corn Planting
corn_planting_AR_TMAX,468,-4.200899808370424,0.0006565931340959495,-3.444836032925901,-2.8679272692747415,-2.5701721745036776,Yes,No,corn,planting,AR,TMAX,Corn Planting
corn_planting_AR_TMIN,468,-4.154297508882719,0.0007866284892495321,-3.444836032925901,-2.8679272692747415,-2.5701721745036776,Yes,No,corn,planting,AR,TMIN,Corn Planting
corn_planting_AR_AWND,468,-3.6192928955655908,0.00540272203481149,-3.4448040131772584,-2.8679131843980197,-2.5701646673107112,Yes,No,corn,planting,AR,AWND,Corn Planting
corn_planting_AZ_TMAX,468,-4.801617945806666,5.3999667868117936e-05,-3.444965543297668,-2.8679842369272976,-2.5702025382716047,Yes,No,corn,planting,AZ,TMAX,Corn Planting
corn_planting_AZ_TMIN,468,-4.995907177723022,2.2610827251128187e-05,-3.444965543297668,-2.8679842369272976,-2.5702025382716047,Yes,No,corn,planting,AZ,TMIN,Corn Planting
corn_planting_AZ_AWND,468,-3.5863447778175708,0.006027517003220178,-3.444932949082776,-2.867969899953726,-2.57019489663276,Yes,No,corn,planting,AZ,AWND,Corn Planting
corn_planting_CA_TMAX,468,-5.527633086989235,1.8175346662117611e-06,-3.4449982835447894,-2.8679986379826814,-2.5702102140862397,Yes,No,corn,planting,CA,TMAX,Corn Planting
corn_planting_CA_TMIN,468,-4.8097512633556265,5.209747192093249e-05,-3.444965543297668,-2.8679842369272976,-2.5702025382716047,Yes,No,corn,planting,CA,TMIN,Corn Planting
corn_planting_CA_AWND,468,-16.986712790832232,8.930336080010274e-30,-3.4444305322234365,-2.8677488864580885,-2.5700770984781443,Yes,No,corn,planting,CA,AWND,Corn Planting
corn_planting_CO_TMAX,468,-5.362064617753063,4.067359736396661e-06,-3.444932949082776,-2.867969899953726,-2.57019489663276,Yes,No,corn,planting,CO,TMAX,Corn Planting
corn_planting_CO_TMIN,468,-4.485785473304785,0.00020860217282614473,-3.444868194858831,-2.867941416548597,-2.5701797149735146,Yes,No,corn,planting,CO,TMIN,Corn Planting
corn_planting_CO_AWND,468,-4.922098914059494,3.15798693779739e-05,-3.444965543297668,-2.8679842369272976,-2.5702025382716047,Yes,No,corn,planting,CO,AWND,Corn Planting
corn_planting_CT_TMAX,468,-4.1507232458674075,0.0007975405831138191,-3.444836032925901,-2.8679272692747415,-2.5701721745036776,Yes,No,corn,planting,CT,TMAX,Corn Planting
corn_planting_CT_TMIN,468,-3.082312241844015,0.027890155672831003,-3.444836032925901,-2.8679272692747415,-2.5701721745036776,Yes,No,corn,planting,CT,TMIN,Corn Planting
corn_planting_CT_AWND,468,-2.7257050937967966,0.06969480777932976,-3.444868194858831,-2.867941416548597,-2.5701797149735146,No,Yes,corn,planting,CT,AWND,Corn Planting
corn_planting_DE_TMAX,468,-5.734954823016388,6.470407975745021e-07,-3.4449982835447894,-2.8679986379826814,-2.5702102140862397,Yes,No,corn,planting,DE,TMAX,Corn Planting
corn_planting_DE_TMIN,468,-3.7717845361126527,0.0032095538769468172,-3.444836032925901,-2.8679272692747415,-2.5701721745036776,Yes,No,corn,planting,DE,TMIN,Corn Planting
corn_planting_DE_AWND,468,-4.0600975938386705,0.0011265360176178536,-3.444836032925901,-2.8679272692747415,-2.5701721745036776,Yes,No,corn,planting,DE,AWND,Corn Planting
corn_planting_FL_TMAX,468,-5.42343216145892,3.02376517059392e-06,-3.4449982835447894,-2.8679986379826814,-2.5702102140862397,Yes,No,corn,planting,FL,TMAX,Corn Planting
corn_planting_FL_TMIN,468,-3.303775743990339,0.014710539935095912,-3.444836032925901,-2.8679272692747415,-2.5701721745036776,Yes,No,corn,planting,FL,TMIN,Corn Planting
corn_planting_FL_AWND,468,-11.928378028550158,4.846249415576272e-22,-3.4444609168389615,-2.8677622536920317,-2.5700842229549266,Yes,No,corn,planting,FL,AWND,Corn Planting
corn_planting_GA_TMAX,468,-5.5505440897322424,1.6235859534031171e-06,-3.444965543297668,-2.8679842369272976,-2.5702025382716047,Yes,No,corn,planting,GA,TMAX,Corn Planting
corn_planting_GA_TMIN,468,-4.201902305545618,0.0006540317189826812,-3.444836032925901,-2.8679272692747415,-2.5701721745036776,Yes,No,corn,planting,GA,TMIN,Corn Planting
corn_planting_GA_AWND,468,-2.6603074275094127,0.08116223874840517,-3.444868194858831,-2.867941416548597,-2.5701797149735146,No,Yes,corn,planting,GA,AWND,Corn Planting
corn_planting_HI_TMAX,468,-5.585927269799988,1.3630460904471271e-06,-3.444932949082776,-2.867969899953726,-2.57019489663276,Yes,No,corn,planting,HI,TMAX,Corn Planting
corn_planting_HI_TMIN,468,-4.206478871893887,0.0006424573448212176,-3.4449982835447894,-2.8679986379826814,-2.5702102140862397,Yes,No,corn,planting,HI,TMIN,Corn Planting
corn_planting_HI_AWND,468,-7.294072102933474,1.3927234846980083e-10,-3.44455286264131,-2.8678027030003483,-2.5701057817594894,Yes,No,corn,planting,HI,AWND,Corn Planting
corn_planting_IA_TMAX,468,-4.006739854388419,0.00137562769037098,-3.444836032925901,-2.8679272692747415,-2.5701721745036776,Yes,No,corn,planting,IA,TMAX,Corn Planting
corn_planting_IA_TMIN,468,-5.121689052614301,1.267743709217081e-05,-3.4449982835447894,-2.8679986379826814,-2.5702102140862397,Yes,No,corn,planting,IA,TMIN,Corn Planting
corn_planting_IA_AWND,468,-4.488231839360694,0.0002064952949336662,-3.444965543297668,-2.8679842369272976,-2.5702025382716047,Yes,No,corn,planting,IA,AWND,Corn Planting
corn_planting_ID_TMAX,468,-5.411690673578821,3.200866868072012e-06,-3.444965543297668,-2.8679842369272976,-2.5702025382716047,Yes,No,corn,planting,ID,TMAX,Corn Planting
corn_planting_ID_TMIN,468,-4.251208528542545,0.0005390415348540841,-3.4449982835447894,-2.8679986379826814,-2.5702102140862397,Yes,No,corn,planting,ID,TMIN,Corn Planting
corn_planting_ID_AWND,468,-3.8029650535139483,0.0028771238873277895,-3.4445220811896657,-2.8677891615873192,-2.5700985643950656,Yes,No,corn,planting,ID,AWND,Corn Planting
corn_planting_IL_TMAX,468,-4.175833983990538,0.0007237879822947499,-3.444836032925901,-2.8679272692747415,-2.5701721745036776,Yes,No,corn,planting,IL,TMAX,Corn Planting
corn_planting_IL_TMIN,468,-4.0278905895275,0.001271307008826982,-3.444836032925901,-2.8679272692747415,-2.5701721745036776,Yes,No,corn,planting,IL,TMIN,Corn Planting
corn_planting_IL_AWND,468,-4.300151902378664,0.00044394337025591694,-3.444836032925901,-2.8679272692747415,-2.5701721745036776,Yes,No,corn,planting,IL,AWND,Corn Planting
corn_planting_IN_TMAX,468,-4.4066452291113904,0.00028889696216554615,-3.444836032925901,-2.8679272692747415,-2.5701721745036776,Yes,No,corn,planting,IN,TMAX,Corn Planting
corn_planting_IN_TMIN,468,-4.21813469181817,0.0006138433423803975,-3.444836032925901,-2.8679272692747415,-2.5701721745036776,Yes,No,corn,planting,IN,TMIN,Corn Planting
corn_planting_IN_AWND,468,-3.625972567826632,0.005283466548167949,-3.4448040131772584,-2.8679131843980197,-2.5701646673107112,Yes,No,corn,planting,IN,AWND,Corn Planting
corn_planting_KS_TMAX,468,-3.9909517690026144,0.0014586386094271517,-3.4448040131772584,-2.8679131843980197,-2.5701646673107112,Yes,No,corn,planting,KS,TMAX,Corn Planting
corn_planting_KS_TMIN,468,-5.169427160067418,1.0147661245001093e-05,-3.4449982835447894,-2.8679986379826814,-2.5702102140862397,Yes,No,corn,planting,KS,TMIN,Corn Planting
corn_planting_KS_AWND,468,-3.306413909447942,0.014594195614655038,-3.444836032925901,-2.8679272692747415,-2.5701721745036776,Yes,No,corn,planting,KS,AWND,Corn Planting
corn_planting_KY_TMAX,468,-4.8652525070049855,4.073255432286817e-05,-3.444836032925901,-2.8679272692747415,-2.5701721745036776,Yes,No,corn,planting,KY,TMAX,Corn Planting
corn_planting_KY_TMIN,468,-3.956540778417254,0.0016559766496666787,-3.444868194858831,-2.867941416548597,-2.5701797149735146,Yes,No,corn,planting,KY,TMIN,Corn Planting
corn_planting_KY_AWND,468,-2.9044639889877653,0.0448313534176184,-3.4448040131772584,-2.8679131843980197,-2.5701646673107112,Yes,No,corn,planting,KY,AWND,Corn Planting
corn_planting_LA_TMAX,468,-3.719134356673948,0.0038519220587210743,-3.444900499925237,-2.8679556266351653,-2.570187288941969,Yes,No,corn,planting,LA,TMAX,Corn Planting
corn_planting_LA_TMIN,468,-3.5232757362876046,0.0074090625203375605,-3.4448040131772584,-2.8679131843980197,-2.5701646673107112,Yes,No,corn,planting,LA,TMIN,Corn Planting
corn_planting_LA_AWND,468,-3.82968584311146,0.0026177824289422263,-3.4448040131772584,-2.8679131843980197,-2.5701646673107112,Yes,No,corn,planting,LA,AWND,Corn Planting
corn_planting_MA_TMAX,468,-4.062799820113817,0.0011151174177336605,-3.444836032925901,-2.8679272692747415,-2.5701721745036776,Yes,No,corn,planting,MA,TMAX,Corn Planting
corn_planting_MA_TMIN,468,-3.4161071677329193,0.010421882459779212,-3.444868194858831,-2.867941416548597,-2.5701797149735146,Yes,No,corn,planting,MA,TMIN,Corn Planting
corn_planting_MA_AWND,468,-2.5990833885742455,0.09318686040510671,-3.444900499925237,-2.8679556266351653,-2.570187288941969,No,Yes,corn,planting,MA,AWND,Corn Planting
corn_planting_MD_TMAX,468,-4.845029105497244,4.456607752162554e-05,-3.444868194858831,-2.867941416548597,-2.5701797149735146,Yes,No,corn,planting,MD,TMAX,Corn Planting
corn_planting_MD_TMIN,468,-3.564000122419491,0.006487760752407971,-3.444836032925901,-2.8679272692747415,-2.5701721745036776,Yes,No,corn,planting,MD,TMIN,Corn Planting
corn_planting_MD_AWND,468,-3.644630305514378,0.0049629305715198635,-3.444836032925901,-2.8679272692747415,-2.5701721745036776,Yes,No,corn,planting,MD,AWND,Corn Planting
corn_planting_ME_TMAX,468,-4.427193967312668,0.00026561127292314975,-3.4449982835447894,-2.8679986379826814,-2.5702102140862397,Yes,No,corn,planting,ME,TMAX,Corn Planting
corn_planting_ME_TMIN,468,-3.870210022062808,0.002265358219345251,-3.4449982835447894,-2.8679986379826814,-2.5702102140862397,Yes,No,corn,planting,ME,TMIN,Corn Planting
corn_planting_ME_AWND,468,-2.712074016841445,0.07197213950593816,-3.444868194858831,-2.867941416548597,-2.5701797149735146,No,Yes,corn,planting,ME,AWND,Corn Planting
corn_planting_MI_TMAX,468,-3.8773439085761554,0.0022080568739675055,-3.444836032925901,-2.8679272692747415,-2.5701721745036776,Yes,No,corn,planting,MI,TMAX,Corn Planting
corn_planting_MI_TMIN,468,-3.5528675341227207,0.006728729256659351,-3.444836032925901,-2.8679272692747415,-2.5701721745036776,Yes,No,corn,planting,MI,TMIN,Corn Planting
corn_planting_MI_AWND,468,-3.2649462400109144,0.016519962184105792,-3.444868194858831,-2.867941416548597,-2.5701797149735146,Yes,No,corn,planting,MI,AWND,Corn Planting
corn_planting_MN_TMAX,468,-4.833144778825775,4.69781302250376e-05,-3.444965543297668,-2.8679842369272976,-2.5702025382716047,Yes,No,corn,planting,MN,TMAX,Corn Planting
corn_planting_MN_TMIN,468,-4.982051901748037,2.408176159747259e-05,-3.4449982835447894,-2.8679986379826814,-2.5702102140862397,Yes,No,corn,planting,MN,TMIN,Corn Planting
corn_planting_MN_AWND,468,-2.91118054772945,0.04406321428989288,-3.444965543297668,-2.8679842369272976,-2.5702025382716047,Yes,No,corn,planting,MN,AWND,Corn Planting
corn_planting_MO_TMAX,468,-4.260338904434061,0.0005199571200345195,-3.444836032925901,-2.8679272692747415,-2.5701721745036776,Yes,No,corn,planting,MO,TMAX,Corn Planting
corn_planting_MO_TMIN,468,-4.731237056335942,7.348846644756411e-05,-3.4449982835447894,-2.8679986379826814,-2.5702102140862397,Yes,No,corn,planting,MO,TMIN,Corn Planting
corn_planting_MO_AWND,468,-2.715315880717335,0.07142524395226486,-3.444836032925901,-2.8679272692747415,-2.5701721745036776,No,Yes,corn,planting,MO,AWND,Corn Planting
corn_planting_MS_TMAX,468,-3.745922790100126,0.0035116683910744744,-3.444836032925901,-2.8679272692747415,-2.5701721745036776,Yes,No,corn,planting,MS,TMAX,Corn Planting
corn_planting_MS_TMIN,468,-3.8497698567001843,0.00243723904390927,-3.444836032925901,-2.8679272692747415,-2.5701721745036776,Yes,No,corn,planting,MS,TMIN,Corn Planting
corn_planting_MS_AWND,468,-5.7221371707999324,6.90221065635289e-07,-3.4448040131772584,-2.8679131843980197,-2.5701646673107112,Yes,No,corn,planting,MS,AWND,Corn Planting
corn_planting_MT_TMAX,468,-4.494118881381539,0.0002015078282595437,-3.444965543297668,-2.8679842369272976,-2.5702025382716047,Yes,No,corn,planting,MT,TMAX,Corn Planting
corn_planting_MT_TMIN,468,-4.257342370935899,0.0005261491586889294,-3.4449982835447894,-2.8679986379826814,-2.5702102140862397,Yes,No,corn,planting,MT,TMIN,Corn Planting
corn_planting_MT_AWND,468,-9.889618541994292,3.586828114617982e-17,-3.4444914328761977,-2.8677756786103683,-2.570091378194011,Yes,No,corn,planting,MT,AWND,Corn Planting
corn_planting_NC_TMAX,468,-5.139885361846737,1.1648456467448529e-05,-3.444965543297668,-2.8679842369272976,-2.5702025382716047,Yes,No,corn,planting,NC,TMAX,Corn Planting
corn_planting_NC_TMIN,468,-3.728354226389832,0.0037315494635825606,-3.444836032925901,-2.8679272692747415,-2.5701721745036776,Yes,No,corn,planting,NC,TMIN,Corn Planting
corn_planting_NC_AWND,468,-2.4068590020114877,0.13980985725223888,-3.444836032925901,-2.8679272692747415,-2.5701721745036776,No,Yes,corn,planting,NC,AWND,Corn Planting
corn_planting_ND_TMAX,468,-5.3306332877302705,4.72981886178882e-06,-3.4449982835447894,-2.8679986379826814,-2.5702102140862397,Yes,No,corn,planting,ND,TMAX,Corn Planting
corn_planting_ND_TMIN,468,-5.362858713951568,4.0518490378019825e-06,-3.4449982835447894,-2.8679986379826814,-2.5702102140862397,Yes,No,corn,planting,ND,TMIN,Corn Planting
corn_planting_ND_AWND,468,-8.213817492677727,6.707204748494839e-13,-3.44455286264131,-2.8678027030003483,-2.5701057817594894,Yes,No,corn,planting,ND,AWND,Corn Planting
corn_planting_NE_TMAX,468,-4.072667567013761,0.0010743320302571643,-3.4448040131772584,-2.8679131843980197,-2.5701646673107112,Yes,No,corn,planting,NE,TMAX,Corn Planting
corn_planting_NE_TMIN,468,-5.316241514856599,5.067041479778169e-06,-3.4449982835447894,-2.8679986379826814,-2.5702102140862397,Yes,No,corn,planting,NE,TMIN,Corn Planting
corn_planting_NE_AWND,468,-6.183106511903429,6.384234505706542e-08,-3.4449982835447894,-2.8679986379826814,-2.5702102140862397,Yes,No,corn,planting,NE,AWND,Corn Planting
corn_planting_NH_TMAX,468,-3.9847918670459497,0.0014922728609722436,-3.444836032925901,-2.8679272692747415,-2.5701721745036776,Yes,No,corn,planting,NH,TMAX,Corn Planting
corn_planting_NH_TMIN,468,-2.920189439195019,0.04305010962824134,-3.4448040131772584,-2.8679131843980197,-2.5701646673107112,Yes,No,corn,planting,NH,TMIN,Corn Planting
corn_planting_NH_AWND,468,-2.8123346056463165,0.05653334394713547,-3.444836032925901,-2.8679272692747415,-2.5701721745036776,No,Yes,corn,planting,NH,AWND,Corn Planting
corn_planting_NJ_TMAX,468,-5.24102851623053,7.245621850834395e-06,-3.4449982835447894,-2.8679986379826814,-2.5702102140862397,Yes,No,corn,planting,NJ,TMAX,Corn Planting
corn_planting_NJ_TMIN,468,-3.221456509357981,0.018775804908208567,-3.444836032925901,-2.8679272692747415,-2.5701721745036776,Yes,No,corn,planting,NJ,TMIN,Corn Planting
corn_planting_NJ_AWND,468,-2.1078590587491517,0.24136620015625848,-3.444900499925237,-2.8679556266351653,-2.570187288941969,No,Yes,corn,planting,NJ,AWND,Corn Planting
corn_planting_NM_TMAX,468,-5.327990748240136,4.7900598360498e-06,-3.444965543297668,-2.8679842369272976,-2.5702025382716047,Yes,No,corn,planting,NM,TMAX,Corn Planting
corn_planting_NM_TMIN,468,-4.621875620094771,0.0001176940492429527,-3.444868194858831,-2.867941416548597,-2.5701797149735146,Yes,No,corn,planting,NM,TMIN,Corn Planting
corn_planting_NM_AWND,468,-5.050462284331398,1.7617397879028712e-05,-3.4445220811896657,-2.8677891615873192,-2.5700985643950656,Yes,No,corn,planting,NM,AWND,Corn Planting
corn_planting_NV_TMAX,468,-5.060685686533701,1.6808440575874075e-05,-3.444965543297668,-2.8679842369272976,-2.5702025382716047,Yes,No,corn,planting,NV,TMAX,Corn Planting
corn_planting_NV_TMIN,468,-4.8451321863614,4.454568603410131e-05,-3.444965543297668,-2.8679842369272976,-2.5702025382716047,Yes,No,corn,planting,NV,TMIN,Corn Planting
corn_planting_NV_AWND,468,-2.425570167808293,0.13464908221406097,-3.4448040131772584,-2.8679131843980197,-2.5701646673107112,No,Yes,corn,planting,NV,AWND,Corn Planting
corn_planting_NY_TMAX,468,-4.236799618703361,0.0005705074445221291,-3.444836032925901,-2.8679272692747415,-2.5701721745036776,Yes,No,corn,planting,NY,TMAX,Corn Planting
corn_planting_NY_TMIN,468,-3.587423690171822,0.006006061894074879,-3.444836032925901,-2.8679272692747415,-2.5701721745036776,Yes,No,corn,planting,NY,TMIN,Corn Planting
corn_planting_NY_AWND,468,-2.55275763100169,0.1031595950843554,-3.4448040131772584,-2.8679131843980197,-2.5701646673107112,No,Yes,corn,planting,NY,AWND,Corn Planting
corn_planting_OH_TMAX,468,-4.470291755821203,0.0002224278941092254,-3.444836032925901,-2.8679272692747415,-2.5701721745036776,Yes,No,corn,planting,OH,TMAX,Corn Planting
corn_planting_OH_TMIN,468,-3.9903152099731116,0.0014620813664160716,-3.444836032925901,-2.8679272692747415,-2.5701721745036776,Yes,No,corn,planting,OH,TMIN,Corn Planting
corn_planting_OH_AWND,468,-3.5240714199545433,0.007389986449243655,-3.4448040131772584,-2.8679131843980197,-2.5701646673107112,Yes,No,corn,planting,OH,AWND,Corn Planting
corn_planting_OK_TMAX,468,-5.657396259001828,9.551137197849337e-07,-3.4449982835447894,-2.8679986379826814,-2.5702102140862397,Yes,No,corn,planting,OK,TMAX,Corn Planting
corn_planting_OK_TMIN,468,-4.427634855258862,0.00026513173472558966,-3.444900499925237,-2.8679556266351653,-2.570187288941969,Yes,No,corn,planting,OK,TMIN,Corn Planting
corn_planting_OK_AWND,468,-11.121038145565858,3.465494385538841e-20,-3.4444609168389615,-2.8677622536920317,-2.5700842229549266,Yes,No,corn,planting,OK,AWND,Corn Planting
corn_planting_OR_TMAX,468,-5.237815203587028,7.356546632456613e-06,-3.444965543297668,-2.8679842369272976,-2.5702025382716047,Yes,No,corn,planting,OR,TMAX,Corn Planting
corn_planting_OR_TMIN,468,-3.2522484816717694,0.017152652225422775,-3.444868194858831,-2.867941416548597,-2.5701797149735146,Yes,No,corn,planting,OR,TMIN,Corn Planting
corn_planting_OR_AWND,468,-7.1614328932051246,2.9610832549084516e-10,-3.44455286264131,-2.8678027030003483,-2.5701057817594894,Yes,No,corn,planting,OR,AWND,Corn Planting
corn_planting_PA_TMAX,468,-4.730328053385361,7.377963321508358e-05,-3.444836032925901,-2.8679272692747415,-2.5701721745036776,Yes,No,corn,planting,PA,TMAX,Corn Planting
corn_planting_PA_TMIN,468,-3.8371451627656046,0.002549334382511327,-3.444836032925901,-2.8679272692747415,-2.5701721745036776,Yes,No,corn,planting,PA,TMIN,Corn Planting
corn_planting_PA_AWND,468,-2.5736746069428444,0.09856116467621961,-3.4448040131772584,-2.8679131843980197,-2.5701646673107112,No,Yes,corn,planting,PA,AWND,Corn Planting
corn_planting_RI_TMAX,468,-4.620826024088805,0.00011822166965205819,-3.4449982835447894,-2.8679986379826814,-2.5702102140862397,Yes,No,corn,planting,RI,TMAX,Corn Planting
corn_planting_RI_TMIN,468,-3.487796429858027,0.008306094952800741,-3.444868194858831,-2.867941416548597,-2.5701797149735146,Yes,No,corn,planting,RI,TMIN,Corn Planting
corn_planting_RI_AWND,468,-3.1047538667957726,0.026203375497494148,-3.444868194858831,-2.867941416548597,-2.5701797149735146,Yes,No,corn,planting,RI,AWND,Corn Planting
corn_planting_SC_TMAX,468,-5.569210198671526,1.4806168885932976e-06,-3.444965543297668,-2.8679842369272976,-2.5702025382716047,Yes,No,corn,planting,SC,TMAX,Corn Planting
corn_planting_SC_TMIN,468,-4.111618790829542,0.0009265704249851336,-3.444836032925901,-2.8679272692747415,-2.5701721745036776,Yes,No,corn,planting,SC,TMIN,Corn Planting
corn_planting_SC_AWND,468,-2.9292258149104002,0.04205346232742695,-3.444836032925901,-2.8679272692747415,-2.5701721745036776,Yes,No,corn,planting,SC,AWND,Corn Planting
corn_planting_SD_TMAX,468,-4.924127465979974,3.1292936351046976e-05,-3.444965543297668,-2.8679842369272976,-2.5702025382716047,Yes,No,corn,planting,SD,TMAX,Corn Planting
corn_planting_SD_TMIN,468,-5.349188877617751,4.327051910209561e-06,-3.4449982835447894,-2.8679986379826814,-2.5702102140862397,Yes,No,corn,planting,SD,TMIN,Corn Planting
corn_planting_SD_AWND,468,-18.731678097113722,2.0307127578153766e-30,-3.4444305322234365,-2.8677488864580885,-2.5700770984781443,Yes,No,corn,planting,SD,AWND,Corn Planting
corn_planting_TN_TMAX,468,-4.673488201232303,9.435143300121094e-05,-3.444836032925901,-2.8679272692747415,-2.5701721745036776,Yes,No,corn,planting,TN,TMAX,Corn Planting
corn_planting_TN_TMIN,468,-4.233364748778039,0.0005782597283361691,-3.444836032925901,-2.8679272692747415,-2.5701721745036776,Yes,No,corn,planting,TN,TMIN,Corn Planting
corn_planting_TN_AWND,468,-4.233513390362268,0.0005779222102902421,-3.4448040131772584,-2.8679131843980197,-2.5701646673107112,Yes,No,corn,planting,TN,AWND,Corn Planting
corn_planting_TX_TMAX,468,-5.365200903925282,4.006434074486581e-06,-3.4449982835447894,-2.8679986379826814,-2.5702102140862397,Yes,No,corn,planting,TX,TMAX,Corn Planting
corn_planting_TX_TMIN,468,-3.4899160899352606,0.008249878514844457,-3.444836032925901,-2.8679272692747415,-2.5701721745036776,Yes,No,corn,planting,TX,TMIN,Corn Planting
corn_planting_TX_AWND,468,-10.416573056302248,1.7481414439088713e-18,-3.4444609168389615,-2.8677622536920317,-2.5700842229549266,Yes,No,corn,planting,TX,AWND,Corn Planting
corn_planting_UT_TMAX,468,-3.642691206984566,0.004995399658659657,-3.444965543297668,-2.8679842369272976,-2.5702025382716047,Yes,No,corn,planting,UT,TMAX,Corn Planting
corn_planting_UT_TMIN,468,-3.5638626413268364,0.006490688346522183,-3.444965543297668,-2.8679842369272976,-2.5702025382716047,Yes,No,corn,planting,UT,TMIN,Corn Planting
corn_planting_UT_AWND,468,-2.680432547785239,0.0774859292285565,-3.444868194858831,-2.867941416548597,-2.5701797149735146,No,Yes,corn,planting,UT,AWND,Corn Planting
corn_planting_VA_TMAX,468,-4.411119713967558,0.00028366734948328637,-3.444836032925901,-2.8679272692747415,-2.5701721745036776,Yes,No,corn,planting,VA,TMAX,Corn Planting
corn_planting_VA_TMIN,468,-3.671032493898612,0.004539557679052078,-3.444836032925901,-2.8679272692747415,-2.5701721745036776,Yes,No,corn,planting,VA,TMIN,Corn Planting
corn_planting_VA_AWND,468,-2.953244095565523,0.03949756599765164,-3.4449982835447894,-2.8679986379826814,-2.5702102140862397,Yes,No,corn,planting,VA,AWND,Corn Planting
corn_planting_VT_TMAX,468,-4.002070631273874,0.0013997075462867045,-3.444836032925901,-2.8679272692747415,-2.5701721745036776,Yes,No,corn,planting,VT,TMAX,Corn Planting
corn_planting_VT_TMIN,468,-3.187570672377422,0.020715504761474216,-3.4448040131772584,-2.8679131843980197,-2.5701646673107112,Yes,No,corn,planting,VT,TMIN,Corn Planting
corn_planting_VT_AWND,468,-2.3554923071813736,0.15469426106279527,-3.4448040131772584,-2.8679131843980197,-2.5701646673107112,No,Yes,corn,planting,VT,AWND,Corn Planting
corn_planting_WA_TMAX,468,-4.286901630925021,0.0004679935317322835,-3.444965543297668,-2.8679842369272976,-2.5702025382716047,Yes,No,corn,planting,WA,TMAX,Corn Planting
corn_planting_WA_TMIN,468,-3.5226057041432064,0.007425160579521232,-3.444836032925901,-2.8679272692747415,-2.5701721745036776,Yes,No,corn,planting,WA,TMIN,Corn Planting
corn_planting_WA_AWND,468,-5.4197871499630255,3.0776989726124195e-06,-3.444583778100581,-2.8678163032301995,-2.570113030490433,Yes,No,corn,planting,WA,AWND,Corn Planting
corn_planting_WI_TMAX,468,-3.87396401413405,0.002235035926763084,-3.444836032925901,-2.8679272692747415,-2.5701721745036776,Yes,No,corn,planting,WI,TMAX,Corn Planting
corn_planting_WI_TMIN,468,-3.5718782163618767,0.006321982695210259,-3.444836032925901,-2.8679272692747415,-2.5701721745036776,Yes,No,corn,planting,WI,TMIN,Corn Planting
corn_planting_WI_AWND,468,-3.0866347206156863,0.027558220209925127,-3.444868194858831,-2.867941416548597,-2.5701797149735146,Yes,No,corn,planting,WI,AWND,Corn Planting
corn_planting_WV_TMAX,468,-4.768319038387827,6.250576772747439e-05,-3.444836032925901,-2.8679272692747415,-2.5701721745036776,Yes,No,corn,planting,WV,TMAX,Corn Planting
corn_planting_WV_TMIN,468,-4.02701151802981,0.0012754916327857289,-3.444836032925901,-2.8679272692747415,-2.5701721745036776,Yes,No,corn,planting,WV,TMIN,Corn Planting
corn_planting_WV_AWND,468,-4.229092542303697,0.0005880402661370677,-3.4448040131772584,-2.8679131843980197,-2.5701646673107112,Yes,No,corn,planting,WV,AWND,Corn Planting
corn_planting_WY_TMAX,468,-5.610359960459999,1.2074240302854548e-06,-3.444965543297668,-2.8679842369272976,-2.5702025382716047,Yes,No,corn,planting,WY,TMAX,Corn Planting
corn_planting_WY_TMIN,468,-4.806528808810169,5.2843307462099104e-05,-3.4449982835447894,-2.8679986379826814,-2.5702102140862397,Yes,No,corn,planting,WY,TMIN,Corn Planting
corn_planting_WY_AWND,468,-7.991214052661216,2.4715918162858887e-12,-3.4444914328761977,-2.8677756786103683,-2.570091378194011,Yes,No,corn,planting,WY,AWND,Corn Planting
corn_harvesting_AK_TMAX,468,-4.92141169913785,3.1677647068454904e-05,-3.444965543297668,-2.8679842369272976,-2.5702025382716047,Yes,No,corn,harvesting,AK,TMAX,Corn Harvesting
corn_harvesting_AK_TMIN,468,-4.160905053037269,0.0007668238746520304,-3.444836032925901,-2.8679272692747415,-2.5701721745036776,Yes,No,corn,harvesting,AK,TMIN,Corn Harvesting
corn_harvesting_AK_AWND,468,-0.7274477886750451,0.8395112771263067,-3.4448040131772584,-2.8679131843980197,-2.5701646673107112,No,Yes,corn,harvesting,AK,AWND,Corn Harvesting
corn_harvesting_AL_TMAX,468,-4.740864684771244,7.047140435595221e-05,-3.444868194858831,-2.867941416548597,-2.5701797149735146,Yes,No,corn,harvesting,AL,TMAX,Corn Harvesting
corn_harvesting_AL_TMIN,468,-5.089793684879628,1.4696819290413801e-05,-3.4449982835447894,-2.8679986379826814,-2.5702102140862397,Yes,No,corn,harvesting,AL,TMIN,Corn Harvesting
corn_harvesting_AL_AWND,468,-2.2383912986408148,0.19260775198093022,-3.444965543297668,-2.8679842369272976,-2.5702025382716047,No,Yes,corn,harvesting,AL,AWND,Corn Harvesting
corn_harvesting_AR_TMAX,468,-3.9714272260170715,0.0015677427602456423,-3.444836032925901,-2.8679272692747415,-2.5701721745036776,Yes,No,corn,harvesting,AR,TMAX,Corn Harvesting
corn_harvesting_AR_TMIN,468,-4.719334197495486,7.738978483182121e-05,-3.444965543297668,-2.8679842369272976,-2.5702025382716047,Yes,No,corn,harvesting,AR,TMIN,Corn Harvesting
corn_harvesting_AR_AWND,468,-2.085608147141054,0.25034087672190297,-3.444868194858831,-2.867941416548597,-2.5701797149735146,No,Yes,corn,harvesting,AR,AWND,Corn Harvesting
corn_harvesting_AZ_TMAX,468,-6.30785724284792,3.2896593436981266e-08,-3.444965543297668,-2.8679842369272976,-2.5702025382716047,Yes,No,corn,harvesting,AZ,TMAX,Corn Harvesting
corn_harvesting_AZ_TMIN,468,-4.622420583003646,0.00011742098990087729,-3.444836032925901,-2.8679272692747415,-2.5701721745036776,Yes,No,corn,harvesting,AZ,TMIN,Corn Harvesting
corn_harvesting_AZ_AWND,468,-13.10471540156641,1.6817188770050595e-24,-3.4444609168389615,-2.8677622536920317,-2.5700842229549266,Yes,No,corn,harvesting,AZ,AWND,Corn Harvesting
corn_harvesting_CA_TMAX,468,-5.592464879065024,1.3195870684487641e-06,-3.444965543297668,-2.8679842369272976,-2.5702025382716047,Yes,No,corn,harvesting,CA,TMAX,Corn Harvesting
corn_harvesting_CA_TMIN,468,-3.9848479229062805,0.0014919635575064945,-3.444836032925901,-2.8679272692747415,-2.5701721745036776,Yes,No,corn,harvesting,CA,TMIN,Corn Harvesting
corn_harvesting_CA_AWND,468,-3.4631646566618204,0.008985058425804368,-3.444836032925901,-2.8679272692747415,-2.5701721745036776,Yes,No,corn,harvesting,CA,AWND,Corn Harvesting
corn_harvesting_CO_TMAX,468,-5.088445305073295,1.4788702529641618e-05,-3.444836032925901,-2.8679272692747415,-2.5701721745036776,Yes,No,corn,harvesting,CO,TMAX,Corn Harvesting
corn_harvesting_CO_TMIN,468,-3.577056956720468,0.006215105509876524,-3.444836032925901,-2.8679272692747415,-2.5701721745036776,Yes,No,corn,harvesting,CO,TMIN,Corn Harvesting
corn_harvesting_CO_AWND,468,-5.742354303395361,6.233270075389042e-07,-3.4446148284445153,-2.8678299626609314,-2.5701203107928157,Yes,No,corn,harvesting,CO,AWND,Corn Harvesting
corn_harvesting_CT_TMAX,468,-5.114539392366591,1.3105339096468984e-05,-3.4449982835447894,-2.8679986379826814,-2.5702102140862397,Yes,No,corn,harvesting,CT,TMAX,Corn Harvesting
corn_harvesting_CT_TMIN,468,-3.245162704237302,0.017514865384031034,-3.4448040131772584,-2.8679131843980197,-2.5701646673107112,Yes,No,corn,harvesting,CT,TMIN,Corn Harvesting
corn_harvesting_CT_AWND,468,-2.6339946031063346,0.08617281957403738,-3.444868194858831,-2.867941416548597,-2.5701797149735146,No,Yes,corn,harvesting,CT,AWND,Corn Harvesting
corn_harvesting_DE_TMAX,468,-5.673080924651546,8.830362649893473e-07,-3.444932949082776,-2.867969899953726,-2.57019489663276,Yes,No,corn,harvesting,DE,TMAX,Corn Harvesting
corn_harvesting_DE_TMIN,468,-3.8002053170380634,0.0029052150298980407,-3.4448040131772584,-2.8679131843980197,-2.5701646673107112,Yes,No,corn,harvesting,DE,TMIN,Corn Harvesting
corn_harvesting_DE_AWND,467,-3.610431956469019,0.005564694588389125,-3.444965543297668,-2.8679842369272976,-2.5702025382716047,Yes,No,corn,harvesting,DE,AWND,Corn Harvesting
corn_harvesting_FL_TMAX,468,-5.174661306725809,9.90204013582593e-06,-3.4449982835447894,-2.8679986379826814,-2.5702102140862397,Yes,No,corn,harvesting,FL,TMAX,Corn Harvesting
corn_harvesting_FL_TMIN,468,-5.051257996702402,1.7553109094259142e-05,-3.4449982835447894,-2.8679986379826814,-2.5702102140862397,Yes,No,corn,harvesting,FL,TMIN,Corn Harvesting
corn_harvesting_FL_AWND,468,-12.758745629399494,8.230549843985805e-24,-3.4444609168389615,-2.8677622536920317,-2.5700842229549266,Yes,No,corn,harvesting,FL,AWND,Corn Harvesting
corn_harvesting_GA_TMAX,468,-4.843323775338732,4.490473073140208e-05,-3.444836032925901,-2.8679272692747415,-2.5701721745036776,Yes,No,corn,harvesting,GA,TMAX,Corn Harvesting
corn_harvesting_GA_TMIN,468,-5.491250277699915,2.1727609091523204e-06,-3.4449982835447894,-2.8679986379826814,-2.5702102140862397,Yes,No,corn,harvesting,GA,TMIN,Corn Harvesting
corn_harvesting_GA_AWND,468,-2.3980137103423407,0.14229780926932678,-3.444965543297668,-2.8679842369272976,-2.5702025382716047,No,Yes,corn,harvesting,GA,AWND,Corn Harvesting
corn_harvesting_HI_TMAX,468,-3.911451284438877,0.001952169733901311,-3.444965543297668,-2.8679842369272976,-2.5702025382716047,Yes,No,corn,harvesting,HI,TMAX,Corn Harvesting
corn_harvesting_HI_TMIN,468,-2.501686452288239,0.11506453175520043,-3.4448040131772584,-2.8679131843980197,-2.5701646673107112,No,Yes,corn,harvesting,HI,TMIN,Corn Harvesting
corn_harvesting_HI_AWND,468,-7.11492185311203,3.8530082504248245e-10,-3.44455286264131,-2.8678027030003483,-2.5701057817594894,Yes,No,corn,harvesting,HI,AWND,Corn Harvesting
corn_harvesting_IA_TMAX,468,-4.004886043524705,0.0013851414908585082,-3.444836032925901,-2.8679272692747415,-2.5701721745036776,Yes,No,corn,harvesting,IA,TMAX,Corn Harvesting
corn_harvesting_IA_TMIN,468,-4.322939157503933,0.00040529015335429144,-3.444868194858831,-2.867941416548597,-2.5701797149735146,Yes,No,corn,harvesting,IA,TMIN,Corn Harvesting
corn_harvesting_IA_AWND,468,-3.1099107864617586,0.02582838689195685,-3.444900499925237,-2.8679556266351653,-2.570187288941969,Yes,No,corn,harvesting,IA,AWND,Corn Harvesting
corn_harvesting_ID_TMAX,468,-5.125833246679989,1.2435627883977327e-05,-3.444836032925901,-2.8679272692747415,-2.5701721745036776,Yes,No,corn,harvesting,ID,TMAX,Corn Harvesting
corn_harvesting_ID_TMIN,468,-4.290600161415683,0.00046115953230704316,-3.444836032925901,-2.8679272692747415,-2.5701721745036776,Yes,No,corn,harvesting,ID,TMIN,Corn Harvesting
corn_harvesting_ID_AWND,468,-4.389353997645632,0.00030997808826847123,-3.444583778100581,-2.8678163032301995,-2.570113030490433,Yes,No,corn,harvesting,ID,AWND,Corn Harvesting
corn_harvesting_IL_TMAX,468,-4.04321275848169,0.0012003951187565907,-3.444836032925901,-2.8679272692747415,-2.5701721745036776,Yes,No,corn,harvesting,IL,TMAX,Corn Harvesting
corn_harvesting_IL_TMIN,468,-5.105167995832286,1.3687400107118364e-05,-3.4449982835447894,-2.8679986379826814,-2.5702102140862397,Yes,No,corn,harvesting,IL,TMIN,Corn Harvesting
corn_harvesting_IL_AWND,468,-3.7901210113061556,0.0030100227146692133,-3.444836032925901,-2.8679272692747415,-2.5701721745036776,Yes,No,corn,harvesting,IL,AWND,Corn Harvesting
corn_harvesting_IN_TMAX,468,-5.106138021431434,1.3626010967800684e-05,-3.444932949082776,-2.867969899953726,-2.57019489663276,Yes,No,corn,harvesting,IN,TMAX,Corn Harvesting
corn_harvesting_IN_TMIN,468,-4.1166917059154695,0.0009087918183636843,-3.444836032925901,-2.8679272692747415,-2.5701721745036776,Yes,No,corn,harvesting,IN,TMIN,Corn Harvesting
corn_harvesting_IN_AWND,468,-3.024186459794141,0.03269659626739964,-3.444836032925901,-2.8679272692747415,-2.5701721745036776,Yes,No,corn,harvesting,IN,AWND,Corn Harvesting
corn_harvesting_KS_TMAX,468,-4.201226167323821,0.0006557582418448925,-3.444836032925901,-2.8679272692747415,-2.5701721745036776,Yes,No,corn,harvesting,KS,TMAX,Corn Harvesting
corn_harvesting_KS_TMIN,468,-4.082845257544071,0.001033729415063684,-3.444868194858831,-2.867941416548597,-2.5701797149735146,Yes,No,corn,harvesting,KS,TMIN,Corn Harvesting
corn_harvesting_KS_AWND,468,-2.9659912406277673,0.03819477199362655,-3.444900499925237,-2.8679556266351653,-2.570187288941969,Yes,No,corn,harvesting,KS,AWND,Corn Harvesting
corn_harvesting_KY_TMAX,468,-5.23663016414971,7.397868593736727e-06,-3.444932949082776,-2.867969899953726,-2.57019489663276,Yes,No,corn,harvesting,KY,TMAX,Corn Harvesting
corn_harvesting_KY_TMIN,468,-3.897244593060775,0.002055219224612098,-3.444836032925901,-2.8679272692747415,-2.5701721745036776,Yes,No,corn,harvesting,KY,TMIN,Corn Harvesting
corn_harvesting_KY_AWND,468,-2.366245233378167,0.15149091081384625,-3.444868194858831,-2.867941416548597,-2.5701797149735146,No,Yes,corn,harvesting,KY,AWND,Corn Harvesting
corn_harvesting_LA_TMAX,468,-3.46095969330483,0.009048199596273574,-3.4448040131772584,-2.8679131843980197,-2.5701646673107112,Yes,No,corn,harvesting,LA,TMAX,Corn Harvesting
corn_harvesting_LA_TMIN,468,-3.6757678778806118,0.004467203200995832,-3.444836032925901,-2.8679272692747415,-2.5701721745036776,Yes,No,corn,harvesting,LA,TMIN,Corn Harvesting
corn_harvesting_LA_AWND,468,-2.5909784269775433,0.09487621551720637,-3.444868194858831,-2.867941416548597,-2.5701797149735146,No,Yes,corn,harvesting,LA,AWND,Corn Harvesting
corn_harvesting_MA_TMAX,468,-5.499380978751565,2.087937791914659e-06,-3.4449982835447894,-2.8679986379826814,-2.5702102140862397,Yes,No,corn,harvesting,MA,TMAX,Corn Harvesting
corn_harvesting_MA_TMIN,468,-3.915016693633956,0.0019270703067661814,-3.4448040131772584,-2.8679131843980197,-2.5701646673107112,Yes,No,corn,harvesting,MA,TMIN,Corn Harvesting
corn_harvesting_MA_AWND,468,-2.4885478541719923,0.11828567877068796,-3.444836032925901,-2.8679272692747415,-2.5701721745036776,No,Yes,corn,harvesting,MA,AWND,Corn Harvesting
corn_harvesting_MD_TMAX,468,-5.832874523018718,3.937609560076971e-07,-3.444932949082776,-2.867969899953726,-2.57019489663276,Yes,No,corn,harvesting,MD,TMAX,Corn Harvesting
corn_harvesting_MD_TMIN,468,-3.62789894994027,0.005249521266990973,-3.4448040131772584,-2.8679131843980197,-2.5701646673107112,Yes,No,corn,harvesting,MD,TMIN,Corn Harvesting
corn_harvesting_MD_AWND,468,-6.611539173743255,6.358723715380789e-09,-3.444583778100581,-2.8678163032301995,-2.570113030490433,Yes,No,corn,harvesting,MD,AWND,Corn Harvesting
corn_harvesting_ME_TMAX,468,-3.9356645478201,0.0017875027460174664,-3.444932949082776,-2.867969899953726,-2.57019489663276,Yes,No,corn,harvesting,ME,TMAX,Corn Harvesting
corn_harvesting_ME_TMIN,468,-3.430711885259081,0.009955411903733408,-3.4448040131772584,-2.8679131843980197,-2.5701646673107112,Yes,No,corn,harvesting,ME,TMIN,Corn Harvesting
corn_harvesting_ME_AWND,468,-2.313540188199626,0.1676381715209394,-3.444965543297668,-2.8679842369272976,-2.5702025382716047,No,Yes,corn,harvesting,ME,AWND,Corn Harvesting
corn_harvesting_MI_TMAX,468,-4.347229856886753,0.0003675999250095618,-3.444932949082776,-2.867969899953726,-2.57019489663276,Yes,No,corn,harvesting,MI,TMAX,Corn Harvesting
corn_harvesting_MI_TMIN,468,-4.074642267201861,0.0010663394710500717,-3.444836032925901,-2.8679272692747415,-2.5701721745036776,Yes,No,corn,harvesting,MI,TMIN,Corn Harvesting
corn_harvesting_MI_AWND,468,-2.467915064755273,0.12347735492148842,-3.444868194858831,-2.867941416548597,-2.5701797149735146,No,Yes,corn,harvesting,MI,AWND,Corn Harvesting
corn_harvesting_MN_TMAX,468,-4.337985545244457,0.0003815351661445971,-3.444836032925901,-2.8679272692747415,-2.5701721745036776,Yes,No,corn,harvesting,MN,TMAX,Corn Harvesting
corn_harvesting_MN_TMIN,468,-3.9441691857186236,0.001732792248898125,-3.444868194858831,-2.867941416548597,-2.5701797149735146,Yes,No,corn,harvesting,MN,TMIN,Corn Harvesting
corn_harvesting_MN_AWND,468,-2.303593502576178,0.17081161466499628,-3.444868194858831,-2.867941416548597,-2.5701797149735146,No,Yes,corn,harvesting,MN,AWND,Corn Harvesting
corn_harvesting_MO_TMAX,468,-3.8323680213072056,0.002592977473592596,-3.444836032925901,-2.8679272692747415,-2.5701721745036776,Yes,No,corn,harvesting,MO,TMAX,Corn Harvesting
corn_harvesting_MO_TMIN,468,-4.208574458507264,0.0006372220518111959,-3.444868194858831,-2.867941416548597,-2.5701797149735146,Yes,No,corn,harvesting,MO,TMIN,Corn Harvesting
corn_harvesting_MO_AWND,468,-1.7960348631525611,0.38243204341685466,-3.444900499925237,-2.8679556266351653,-2.570187288941969,No,Yes,corn,harvesting,MO,AWND,Corn Harvesting
corn_harvesting_MS_TMAX,468,-3.858289117357573,0.002364187006228342,-3.444836032925901,-2.8679272692747415,-2.5701721745036776,Yes,No,corn,harvesting,MS,TMAX,Corn Harvesting
corn_harvesting_MS_TMIN,468,-4.559234422061036,0.0001534615783245983,-3.444965543297668,-2.8679842369272976,-2.5702025382716047,Yes,No,corn,harvesting,MS,TMIN,Corn Harvesting
corn_harvesting_MS_AWND,468,-18.494546628027283,2.124583251539623e-30,-3.4444305322234365,-2.8677488864580885,-2.5700770984781443,Yes,No,corn,harvesting,MS,AWND,Corn Harvesting
corn_harvesting_MT_TMAX,468,-5.392666741766781,3.509424946310962e-06,-3.444836032925901,-2.8679272692747415,-2.5701721745036776,Yes,No,corn,harvesting,MT,TMAX,Corn Harvesting
corn_harvesting_MT_TMIN,468,-4.964908649376279,2.602973388567036e-05,-3.444836032925901,-2.8679272692747415,-2.5701721745036776,Yes,No,corn,harvesting,MT,TMIN,Corn Harvesting
corn_harvesting_MT_AWND,468,-12.2116955459198,1.159854725804531e-22,-3.4444609168389615,-2.8677622536920317,-2.5700842229549266,Yes,No,corn,harvesting,MT,AWND,Corn Harvesting
corn_harvesting_NC_TMAX,468,-5.307351557918563,5.286885767982527e-06,-3.444900499925237,-2.8679556266351653,-2.570187288941969,Yes,No,corn,harvesting,NC,TMAX,Corn Harvesting
corn_harvesting_NC_TMIN,468,-4.557492615910272,0.00015459092445442327,-3.4449982835447894,-2.8679986379826814,-2.5702102140862397,Yes,No,corn,harvesting,NC,TMIN,Corn Harvesting
corn_harvesting_NC_AWND,468,-2.040337809070753,0.2691711015288626,-3.444836032925901,-2.8679272692747415,-2.5701721745036776,No,Yes,corn,harvesting,NC,AWND,Corn Harvesting
corn_harvesting_ND_TMAX,468,-5.0685004923310295,1.6214380345311287e-05,-3.444836032925901,-2.8679272692747415,-2.5701721745036776,Yes,No,corn,harvesting,ND,TMAX,Corn Harvesting
corn_harvesting_ND_TMIN,468,-3.909901880671282,0.001963171234050836,-3.444836032925901,-2.8679272692747415,-2.5701721745036776,Yes,No,corn,harvesting,ND,TMIN,Corn Harvesting
corn_harvesting_ND_AWND,468,-20.980869067366648,0.0,-3.4444305322234365,-2.8677488864580885,-2.5700770984781443,Yes,No,corn,harvesting,ND,AWND,Corn Harvesting
corn_harvesting_NE_TMAX,468,-4.397573929280296,0.00029978095978759226,-3.444836032925901,-2.8679272692747415,-2.5701721745036776,Yes,No,corn,harvesting,NE,TMAX,Corn Harvesting
corn_harvesting_NE_TMIN,468,-4.019672033652492,0.0013109343200457518,-3.444836032925901,-2.8679272692747415,-2.5701721745036776,Yes,No,corn,harvesting,NE,TMIN,Corn Harvesting
corn_harvesting_NE_AWND,468,-6.986388247677353,7.948756238753283e-10,-3.4447087976702284,-2.867871300049488,-2.5701423432047443,Yes,No,corn,harvesting,NE,AWND,Corn Harvesting
corn_harvesting_NH_TMAX,468,-4.523170549809912,0.0001785279730595921,-3.444932949082776,-2.867969899953726,-2.57019489663276,Yes,No,corn,harvesting,NH,TMAX,Corn Harvesting
corn_harvesting_NH_TMIN,468,-3.6072104379497376,0.00562466647301118,-3.4448040131772584,-2.8679131843980197,-2.5701646673107112,Yes,No,corn,harvesting,NH,TMIN,Corn Harvesting
corn_harvesting_NH_AWND,468,-1.8760427310898513,0.34341392000451054,-3.444836032925901,-2.8679272692747415,-2.5701721745036776,No,Yes,corn,harvesting,NH,AWND,Corn Harvesting
corn_harvesting_NJ_TMAX,468,-5.603759582647427,1.2476674208512928e-06,-3.4449982835447894,-2.8679986379826814,-2.5702102140862397,Yes,No,corn,harvesting,NJ,TMAX,Corn Harvesting
corn_harvesting_NJ_TMIN,468,-3.685824559161311,0.004317020643094674,-3.4448040131772584,-2.8679131843980197,-2.5701646673107112,Yes,No,corn,harvesting,NJ,TMIN,Corn Harvesting
corn_harvesting_NJ_AWND,468,-2.1391966810172436,0.2290481827590709,-3.4448040131772584,-2.8679131843980197,-2.5701646673107112,No,Yes,corn,harvesting,NJ,AWND,Corn Harvesting
corn_harvesting_NM_TMAX,468,-7.025686261193525,6.373607684741112e-10,-3.4449982835447894,-2.8679986379826814,-2.5702102140862397,Yes,No,corn,harvesting,NM,TMAX,Corn Harvesting
corn_harvesting_NM_TMIN,468,-3.183458966683251,0.020962326712121625,-3.444836032925901,-2.8679272692747415,-2.5701721745036776,Yes,No,corn,harvesting,NM,TMIN,Corn Harvesting
corn_harvesting_NM_AWND,468,-4.600805109850414,0.00012872899577965046,-3.4445220811896657,-2.8677891615873192,-2.5700985643950656,Yes,No,corn,harvesting,NM,AWND,Corn Harvesting
corn_harvesting_NV_TMAX,468,-6.038378380938551,1.364611219144748e-07,-3.444965543297668,-2.8679842369272976,-2.5702025382716047,Yes,No,corn,harvesting,NV,TMAX,Corn Harvesting
corn_harvesting_NV_TMIN,468,-4.277673121885111,0.00048546472829787796,-3.444836032925901,-2.8679272692747415,-2.5701721745036776,Yes,No,corn,harvesting,NV,TMIN,Corn Harvesting
corn_harvesting_NV_AWND,468,-1.685993401290468,0.4383431623148281,-3.444932949082776,-2.867969899953726,-2.57019489663276,No,Yes,corn,harvesting,NV,AWND,Corn Harvesting
corn_harvesting_NY_TMAX,468,-5.293184080189998,5.65649785832884e-06,-3.4449982835447894,-2.8679986379826814,-2.5702102140862397,Yes,No,corn,harvesting,NY,TMAX,Corn Harvesting
corn_harvesting_NY_TMIN,468,-3.818558976579939,0.0027230389904907876,-3.4448040131772584,-2.8679131843980197,-2.5701646673107112,Yes,No,corn,harvesting,NY,TMIN,Corn Harvesting
corn_harvesting_NY_AWND,468,-2.322395440143263,0.1648466897379694,-3.4448040131772584,-2.8679131843980197,-2.5701646673107112,No,Yes,corn,harvesting,NY,AWND,Corn Harvesting
corn_harvesting_OH_TMAX,468,-5.366661212335367,3.978369421320872e-06,-3.4449982835447894,-2.8679986379826814,-2.5702102140862397,Yes,No,corn,harvesting,OH,TMAX,Corn Harvesting
corn_harvesting_OH_TMIN,468,-4.026875344040454,0.0012761410066565477,-3.444836032925901,-2.8679272692747415,-2.5701721745036776,Yes,No,corn,harvesting,OH,TMIN,Corn Harvesting
corn_harvesting_OH_AWND,468,-2.4211301599499895,0.13586117047835872,-3.444868194858831,-2.867941416548597,-2.5701797149735146,No,Yes,corn,harvesting,OH,AWND,Corn Harvesting
corn_harvesting_OK_TMAX,468,-4.209238536502893,0.0006355714120402827,-3.444836032925901,-2.8679272692747415,-2.5701721745036776,Yes,No,corn,harvesting,OK,TMAX,Corn Harvesting
corn_harvesting_OK_TMIN,468,-4.408680577023667,0.0002865068896379799,-3.444900499925237,-2.8679556266351653,-2.570187288941969,Yes,No,corn,harvesting,OK,TMIN,Corn Harvesting
corn_harvesting_OK_AWND,468,-3.5757333694442313,0.006242264508691154,-3.444868194858831,-2.867941416548597,-2.5701797149735146,Yes,No,corn,harvesting,OK,AWND,Corn Harvesting
corn_harvesting_OR_TMAX,468,-5.296838522048719,5.558826979781354e-06,-3.444932949082776,-2.867969899953726,-2.57019489663276,Yes,No,corn,harvesting,OR,TMAX,Corn Harvesting
corn_harvesting_OR_TMIN,468,-3.981175504604443,0.0015123536910709107,-3.444836032925901,-2.8679272692747415,-2.5701721745036776,Yes,No,corn,harvesting,OR,TMIN,Corn Harvesting
corn_harvesting_OR_AWND,468,-5.189107159759767,9.25363096985356e-06,-3.444583778100581,-2.8678163032301995,-2.570113030490433,Yes,No,corn,harvesting,OR,AWND,Corn Harvesting
corn_harvesting_PA_TMAX,468,-5.739012270542993,6.339304601533092e-07,-3.4449982835447894,-2.8679986379826814,-2.5702102140862397,Yes,No,corn,harvesting,PA,TMAX,Corn Harvesting
corn_harvesting_PA_TMIN,468,-3.898885806797309,0.0020430622734252616,-3.4448040131772584,-2.8679131843980197,-2.5701646673107112,Yes,No,corn,harvesting,PA,TMIN,Corn Harvesting
corn_harvesting_PA_AWND,468,-2.360746096395588,0.1531233189923626,-3.4448040131772584,-2.8679131843980197,-2.5701646673107112,No,Yes,corn,harvesting,PA,AWND,Corn Harvesting
corn_harvesting_RI_TMAX,468,-5.381313435943398,3.707144667825117e-06,-3.4449982835447894,-2.8679986379826814,-2.5702102140862397,Yes,No,corn,harvesting,RI,TMAX,Corn Harvesting
corn_harvesting_RI_TMIN,468,-4.72013987820216,7.711957289748686e-05,-3.4448040131772584,-2.8679131843980197,-2.5701646673107112,Yes,No,corn,harvesting,RI,TMIN,Corn Harvesting
corn_harvesting_RI_AWND,468,-4.585197634584387,0.0001375322042445893,-3.4448040131772584,-2.8679131843980197,-2.5701646673107112,Yes,No,corn,harvesting,RI,AWND,Corn Harvesting
corn_harvesting_SC_TMAX,468,-5.669859268116821,8.973939594586917e-07,-3.444965543297668,-2.8679842369272976,-2.5702025382716047,Yes,No,corn,harvesting,SC,TMAX,Corn Harvesting
corn_harvesting_SC_TMIN,468,-5.262613638542367,6.541420547597722e-06,-3.4449982835447894,-2.8679986379826814,-2.5702102140862397,Yes,No,corn,harvesting,SC,TMIN,Corn Harvesting
corn_harvesting_SC_AWND,468,-3.0087483516848272,0.03408545185039292,-3.444836032925901,-2.8679272692747415,-2.5701721745036776,Yes,No,corn,harvesting,SC,AWND,Corn Harvesting
corn_harvesting_SD_TMAX,468,-4.960475047116892,2.6557721244601915e-05,-3.444836032925901,-2.8679272692747415,-2.5701721745036776,Yes,No,corn,harvesting,SD,TMAX,Corn Harvesting
corn_harvesting_SD_TMIN,468,-4.132880421588175,0.0008541704718112575,-3.444836032925901,-2.8679272692747415,-2.5701721745036776,Yes,No,corn,harvesting,SD,TMIN,Corn Harvesting
corn_harvesting_SD_AWND,468,-21.553437888367604,0.0,-3.4444305322234365,-2.8677488864580885,-2.5700770984781443,Yes,No,corn,harvesting,SD,AWND,Corn Harvesting
corn_harvesting_TN_TMAX,468,-4.813847779172917,5.116391426235886e-05,-3.444900499925237,-2.8679556266351653,-2.570187288941969,Yes,No,corn,harvesting,TN,TMAX,Corn Harvesting
corn_harvesting_TN_TMIN,468,-3.9454812655850033,0.0017244913814439642,-3.444836032925901,-2.8679272692747415,-2.5701721745036776,Yes,No,corn,harvesting,TN,TMIN,Corn Harvesting
corn_harvesting_TN_AWND,468,-3.987528328935317,0.0014772431267498101,-3.4448040131772584,-2.8679131843980197,-2.5701646673107112,Yes,No,corn,harvesting,TN,AWND,Corn Harvesting
corn_harvesting_TX_TMAX,468,-4.42987844890166,0.0002627041566993671,-3.444965543297668,-2.8679842369272976,-2.5702025382716047,Yes,No,corn,harvesting,TX,TMAX,Corn Harvesting
corn_harvesting_TX_TMIN,468,-3.263568907163067,0.01658758569448911,-3.4448040131772584,-2.8679131843980197,-2.5701646673107112,Yes,No,corn,harvesting,TX,TMIN,Corn Harvesting
corn_harvesting_TX_AWND,468,-1.780081976473897,0.39039430933788677,-3.444965543297668,-2.8679842369272976,-2.5702025382716047,No,Yes,corn,harvesting,TX,AWND,Corn Harvesting
corn_harvesting_UT_TMAX,468,-4.2615049721775655,0.0005175661765521103,-3.444836032925901,-2.8679272692747415,-2.5701721745036776,Yes,No,corn,harvesting,UT,TMAX,Corn Harvesting
corn_harvesting_UT_TMIN,468,-4.526418458048428,0.0001761197800235328,-3.444836032925901,-2.8679272692747415,-2.5701721745036776,Yes,No,corn,harvesting,UT,TMIN,Corn Harvesting
corn_harvesting_UT_AWND,468,-2.071485493731255,0.256133892677969,-3.4447721346720885,-2.8678991615065095,-2.570157193174823,No,Yes,corn,harvesting,UT,AWND,Corn Harvesting
corn_harvesting_VA_TMAX,468,-5.689608541960744,8.128333270190612e-07,-3.444900499925237,-2.8679556266351653,-2.570187288941969,Yes,No,corn,harvesting,VA,TMAX,Corn Harvesting
corn_harvesting_VA_TMIN,468,-3.3511378729221204,0.012741725793319763,-3.4448040131772584,-2.8679131843980197,-2.5701646673107112,Yes,No,corn,harvesting,VA,TMIN,Corn Harvesting
corn_harvesting_VA_AWND,468,-3.263246319250599,0.016603458996804047,-3.4448040131772584,-2.8679131843980197,-2.5701646673107112,Yes,No,corn,harvesting,VA,AWND,Corn Harvesting
corn_harvesting_VT_TMAX,468,-4.7851355777239615,5.806094606086532e-05,-3.444932949082776,-2.867969899953726,-2.57019489663276,Yes,No,corn,harvesting,VT,TMAX,Corn Harvesting
corn_harvesting_VT_TMIN,468,-4.141059637070151,0.0008277585341719162,-3.4448040131772584,-2.8679131843980197,-2.5701646673107112,Yes,No,corn,harvesting,VT,TMIN,Corn Harvesting
corn_harvesting_VT_AWND,468,-2.2839607016438728,0.17719315532369972,-3.444932949082776,-2.867969899953726,-2.57019489663276,No,Yes,corn,harvesting,VT,AWND,Corn Harvesting
corn_harvesting_WA_TMAX,468,-4.63986319938233,0.00010899394158248171,-3.444836032925901,-2.8679272692747415,-2.5701721745036776,Yes,No,corn,harvesting,WA,TMAX,Corn Harvesting
corn_harvesting_WA_TMIN,468,-4.779592557486027,5.949142910338601e-05,-3.444836032925901,-2.8679272692747415,-2.5701721745036776,Yes,No,corn,harvesting,WA,TMIN,Corn Harvesting
corn_harvesting_WA_AWND,468,-5.05575486263586,1.7194024494924076e-05,-3.444583778100581,-2.8678163032301995,-2.570113030490433,Yes,No,corn,harvesting,WA,AWND,Corn Harvesting
corn_harvesting_WI_TMAX,468,-3.9504130785512226,0.0016936194125379495,-3.444836032925901,-2.8679272692747415,-2.5701721745036776,Yes,No,corn,harvesting,WI,TMAX,Corn Harvesting
corn_harvesting_WI_TMIN,468,-3.7353203117925577,0.003642897882133337,-3.444836032925901,-2.8679272692747415,-2.5701721745036776,Yes,No,corn,harvesting,WI,TMIN,Corn Harvesting
corn_harvesting_WI_AWND,468,-2.5471298729599408,0.10442403461356686,-3.444900499925237,-2.8679556266351653,-2.570187288941969,No,Yes,corn,harvesting,WI,AWND,Corn Harvesting
corn_harvesting_WV_TMAX,468,-5.523517546405062,1.8546878979654001e-06,-3.444932949082776,-2.867969899953726,-2.57019489663276,Yes,No,corn,harvesting,WV,TMAX,Corn Harvesting
corn_harvesting_WV_TMIN,468,-3.7566807022855833,0.003382959211924854,-3.444836032925901,-2.8679272692747415,-2.5701721745036776,Yes,No,corn,harvesting,WV,TMIN,Corn Harvesting
corn_harvesting_WV_AWND,468,-4.333931010160776,0.0003878034429254986,-3.4449982835447894,-2.8679986379826814,-2.5702102140862397,Yes,No,corn,harvesting,WV,AWND,Corn Harvesting
corn_harvesting_WY_TMAX,468,-5.122716615842723,1.2617059441588853e-05,-3.444836032925901,-2.8679272692747415,-2.5701721745036776,Yes,No,corn,harvesting,WY,TMAX,Corn Harvesting
corn_harvesting_WY_TMIN,468,-4.173414385007014,0.0007306054135744935,-3.444836032925901,-2.8679272692747415,-2.5701721745036776,Yes,No,corn,harvesting,WY,TMIN,Corn Harvesting
corn_harvesting_WY_AWND,468,-6.994515815913512,7.594169290614956e-10,-3.4445220811896657,-2.8677891615873192,-2.5700985643950656,Yes,No,corn,harvesting,WY,AWND,Corn Harvesting
soybean_planting_AK_TMAX,468,-4.387291870372984,0.0003125873247796895,-3.444965543297668,-2.8679842369272976,-2.5702025382716047,Yes,No,soybean,planting,AK,TMAX,Soybean Planting
soybean_planting_AK_TMIN,468,-4.79108185610746,5.6563094851539655e-05,-3.444965543297668,-2.8679842369272976,-2.5702025382716047,Yes,No,soybean,planting,AK,TMIN,Soybean Planting
soybean_planting_AK_AWND,468,-1.5865929794950075,0.4903247310589821,-3.4448040131772584,-2.8679131843980197,-2.5701646673107112,No,Yes,soybean,planting,AK,AWND,Soybean Planting
soybean_planting_AL_TMAX,468,-5.184116653549063,9.47284201021731e-06,-3.444965543297668,-2.8679842369272976,-2.5702025382716047,Yes,No,soybean,planting,AL,TMAX,Soybean Planting
soybean_planting_AL_TMIN,468,-4.047347667536747,0.0011819010495967295,-3.444900499925237,-2.8679556266351653,-2.570187288941969,Yes,No,soybean,planting,AL,TMIN,Soybean Planting
soybean_planting_AL_AWND,468,-2.207382364605684,0.20357700350067603,-3.444836032925901,-2.8679272692747415,-2.5701721745036776,No,Yes,soybean,planting,AL,AWND,Soybean Planting
soybean_planting_AR_TMAX,468,-5.082432906389432,1.520520720873119e-05,-3.4449982835447894,-2.8679986379826814,-2.5702102140862397,Yes,No,soybean,planting,AR,TMAX,Soybean Planting
soybean_planting_AR_TMIN,468,-5.019946846995116,2.0261817414736512e-05,-3.4449982835447894,-2.8679986379826814,-2.5702102140862397,Yes,No,soybean,planting,AR,TMIN,Soybean Planting
soybean_planting_AR_AWND,468,-3.756313653374188,0.0033872783238872908,-3.444932949082776,-2.867969899953726,-2.57019489663276,Yes,No,soybean,planting,AR,AWND,Soybean Planting
soybean_planting_AZ_TMAX,468,-4.587328385432748,0.00013629740054338837,-3.444932949082776,-2.867969899953726,-2.57019489663276,Yes,No,soybean,planting,AZ,TMAX,Soybean Planting
soybean_planting_AZ_TMIN,468,-4.7783190967534965,5.98248133324829e-05,-3.444932949082776,-2.867969899953726,-2.57019489663276,Yes,No,soybean,planting,AZ,TMIN,Soybean Planting
soybean_planting_AZ_AWND,468,-3.256040119839541,0.01696153905215025,-3.444868194858831,-2.867941416548597,-2.5701797149735146,Yes,No,soybean,planting,AZ,AWND,Soybean Planting
soybean_planting_CA_TMAX,468,-4.430325917976074,0.00026222252257563207,-3.4449982835447894,-2.8679986379826814,-2.5702102140862397,Yes,No,soybean,planting,CA,TMAX,Soybean Planting
soybean_planting_CA_TMIN,468,-3.9002322506431404,0.0020331385341816476,-3.4449982835447894,-2.8679986379826814,-2.5702102140862397,Yes,No,soybean,planting,CA,TMIN,Soybean Planting
soybean_planting_CA_AWND,468,-8.900828445112182,1.1726572735336028e-14,-3.4444914328761977,-2.8677756786103683,-2.570091378194011,Yes,No,soybean,planting,CA,AWND,Soybean Planting
soybean_planting_CO_TMAX,468,-5.082871177882984,1.5174467211040446e-05,-3.444932949082776,-2.867969899953726,-2.57019489663276,Yes,No,soybean,planting,CO,TMAX,Soybean Planting
soybean_planting_CO_TMIN,468,-4.47344577093659,0.00021954468480127017,-3.444900499925237,-2.8679556266351653,-2.570187288941969,Yes,No,soybean,planting,CO,TMIN,Soybean Planting
soybean_planting_CO_AWND,468,-8.512462656894032,1.1575485496041118e-13,-3.4444914328761977,-2.8677756786103683,-2.570091378194011,Yes,No,soybean,planting,CO,AWND,Soybean Planting
soybean_planting_CT_TMAX,468,-4.661515297062474,9.933527092558098e-05,-3.444868194858831,-2.867941416548597,-2.5701797149735146,Yes,No,soybean,planting,CT,TMAX,Soybean Planting
soybean_planting_CT_TMIN,468,-3.1218653614173926,0.024976803882500197,-3.4448040131772584,-2.8679131843980197,-2.5701646673107112,Yes,No,soybean,planting,CT,TMIN,Soybean Planting
soybean_planting_CT_AWND,468,-2.470848944313185,0.12272914008051172,-3.444836032925901,-2.8679272692747415,-2.5701721745036776,No,Yes,soybean,planting,CT,AWND,Soybean Planting
soybean_planting_DE_TMAX,468,-5.41471672360632,3.154282242219277e-06,-3.4449982835447894,-2.8679986379826814,-2.5702102140862397,Yes,No,soybean,planting,DE,TMAX,Soybean Planting
soybean_planting_DE_TMIN,468,-4.107583600556438,0.0009409442509220653,-3.444900499925237,-2.8679556266351653,-2.570187288941969,Yes,No,soybean,planting,DE,TMIN,Soybean Planting
soybean_planting_DE_AWND,468,-4.275824319651061,0.0004890380319437455,-3.4448040131772584,-2.8679131843980197,-2.5701646673107112,Yes,No,soybean,planting,DE,AWND,Soybean Planting
soybean_planting_FL_TMAX,468,-4.381069772043419,0.0003205869165916698,-3.444900499925237,-2.8679556266351653,-2.570187288941969,Yes,No,soybean,planting,FL,TMAX,Soybean Planting
soybean_planting_FL_TMIN,468,-2.870654710111356,0.048868422088511825,-3.444836032925901,-2.8679272692747415,-2.5701721745036776,Yes,No,soybean,planting,FL,TMIN,Soybean Planting
soybean_planting_FL_AWND,468,-4.362956167551236,0.000344993502018278,-3.444836032925901,-2.8679272692747415,-2.5701721745036776,Yes,No,soybean,planting,FL,AWND,Soybean Planting
soybean_planting_GA_TMAX,468,-5.693810449054661,7.958726955450708e-07,-3.444965543297668,-2.8679842369272976,-2.5702025382716047,Yes,No,soybean,planting,GA,TMAX,Soybean Planting
soybean_planting_GA_TMIN,468,-4.514646057023739,0.0001849985256428864,-3.444932949082776,-2.867969899953726,-2.57019489663276,Yes,No,soybean,planting,GA,TMIN,Soybean Planting
soybean_planting_GA_AWND,468,-2.5026850453514444,0.11482239036581565,-3.444868194858831,-2.867941416548597,-2.5701797149735146,No,Yes,soybean,planting,GA,AWND,Soybean Planting
soybean_planting_HI_TMAX,468,-5.563017913183547,1.5266290117910845e-06,-3.444965543297668,-2.8679842369272976,-2.5702025382716047,Yes,No,soybean,planting,HI,TMAX,Soybean Planting
soybean_planting_HI_TMIN,468,-3.7479299989994908,0.003487318192443173,-3.4449982835447894,-2.8679986379826814,-2.5702102140862397,Yes,No,soybean,planting,HI,TMIN,Soybean Planting
soybean_planting_HI_AWND,468,-14.255330918167857,1.4573021559251816e-26,-3.4444305322234365,-2.8677488864580885,-2.5700770984781443,Yes,No,soybean,planting,HI,AWND,Soybean Planting
soybean_planting_IA_TMAX,468,-4.315594140125682,0.0004173877416392183,-3.4448040131772584,-2.8679131843980197,-2.5701646673107112,Yes,No,soybean,planting,IA,TMAX,Soybean Planting
soybean_planting_IA_TMIN,468,-5.5544025686648535,1.5929709292451567e-06,-3.4449982835447894,-2.8679986379826814,-2.5702102140862397,Yes,No,soybean,planting,IA,TMIN,Soybean Planting
soybean_planting_IA_AWND,468,-4.345176061394287,0.0003706536538746289,-3.444965543297668,-2.8679842369272976,-2.5702025382716047,Yes,No,soybean,planting,IA,AWND,Soybean Planting
soybean_planting_ID_TMAX,468,-4.5716242070949,0.00014565227427507126,-3.444932949082776,-2.867969899953726,-2.57019489663276,Yes,No,soybean,planting,ID,TMAX,Soybean Planting
soybean_planting_ID_TMIN,468,-4.644979349018267,0.00010663386280710902,-3.444965543297668,-2.8679842369272976,-2.5702025382716047,Yes,No,soybean,planting,ID,TMIN,Soybean Planting
soybean_planting_ID_AWND,468,-3.0538928259513005,0.030158883068643488,-3.444932949082776,-2.867969899953726,-2.57019489663276,Yes,No,soybean,planting,ID,AWND,Soybean Planting
soybean_planting_IL_TMAX,468,-4.110396559478575,0.0009309023013484873,-3.4448040131772584,-2.8679131843980197,-2.5701646673107112,Yes,No,soybean,planting,IL,TMAX,Soybean Planting
soybean_planting_IL_TMIN,468,-5.360311538047213,4.101806274557526e-06,-3.4449982835447894,-2.8679986379826814,-2.5702102140862397,Yes,No,soybean,planting,IL,TMIN,Soybean Planting
soybean_planting_IL_AWND,468,-6.530796825621287,9.881595416167547e-09,-3.444965543297668,-2.8679842369272976,-2.5702025382716047,Yes,No,soybean,planting,IL,AWND,Soybean Planting
soybean_planting_IN_TMAX,468,-4.171598270313874,0.0007357620485156438,-3.4448040131772584,-2.8679131843980197,-2.5701646673107112,Yes,No,soybean,planting,IN,TMAX,Soybean Planting
soybean_planting_IN_TMIN,468,-5.242050773300967,7.2106742811729205e-06,-3.444932949082776,-2.867969899953726,-2.57019489663276,Yes,No,soybean,planting,IN,TMIN,Soybean Planting
soybean_planting_IN_AWND,468,-3.364165246049904,0.012242848552664342,-3.4448040131772584,-2.8679131843980197,-2.5701646673107112,Yes,No,soybean,planting,IN,AWND,Soybean Planting
soybean_planting_KS_TMAX,468,-4.837591038596127,4.6061386404502984e-05,-3.444932949082776,-2.867969899953726,-2.57019489663276,Yes,No,soybean,planting,KS,TMAX,Soybean Planting
soybean_planting_KS_TMIN,468,-5.216221436280478,8.14582337657727e-06,-3.4449982835447894,-2.8679986379826814,-2.5702102140862397,Yes,No,soybean,planting,KS,TMIN,Soybean Planting
soybean_planting_KS_AWND,468,-3.670711701572079,0.004544497692845771,-3.4448040131772584,-2.8679131843980197,-2.5701646673107112,Yes,No,soybean,planting,KS,AWND,Soybean Planting
soybean_planting_KY_TMAX,468,-5.40242612359562,3.3476869240080686e-06,-3.4449982835447894,-2.8679986379826814,-2.5702102140862397,Yes,No,soybean,planting,KY,TMAX,Soybean Planting
soybean_planting_KY_TMIN,468,-5.071409421947661,1.5998472740120723e-05,-3.4449982835447894,-2.8679986379826814,-2.5702102140862397,Yes,No,soybean,planting,KY,TMIN,Soybean Planting
soybean_planting_KY_AWND,468,-3.052261957859295,0.030293716145256562,-3.4448040131772584,-2.8679131843980197,-2.5701646673107112,Yes,No,soybean,planting,KY,AWND,Soybean Planting
soybean_planting_LA_TMAX,468,-3.9693476785022304,0.0015798001727232649,-3.444932949082776,-2.867969899953726,-2.57019489663276,Yes,No,soybean,planting,LA,TMAX,Soybean Planting
soybean_planting_LA_TMIN,468,-3.3065341055969713,0.01458891429088679,-3.4448040131772584,-2.8679131843980197,-2.5701646673107112,Yes,No,soybean,planting,LA,TMIN,Soybean Planting
soybean_planting_LA_AWND,468,-3.3992736830539965,0.010983656635837707,-3.4448040131772584,-2.8679131843980197,-2.5701646673107112,Yes,No,soybean,planting,LA,AWND,Soybean Planting
soybean_planting_MA_TMAX,468,-4.67099189858808,9.53703960631256e-05,-3.444868194858831,-2.867941416548597,-2.5701797149735146,Yes,No,soybean,planting,MA,TMAX,Soybean Planting
soybean_planting_MA_TMIN,468,-3.714785253445376,0.003909927923243668,-3.444900499925237,-2.8679556266351653,-2.570187288941969,Yes,No,soybean,planting,MA,TMIN,Soybean Planting
soybean_planting_MA_AWND,468,-2.364531649537083,0.15199828080356736,-3.444836032925901,-2.8679272692747415,-2.5701721745036776,No,Yes,soybean,planting,MA,AWND,Soybean Planting
soybean_planting_MD_TMAX,468,-4.799736017804585,5.4449209793293035e-05,-3.444868194858831,-2.867941416548597,-2.5701797149735146,Yes,No,soybean,planting,MD,TMAX,Soybean Planting
soybean_planting_MD_TMIN,468,-3.9545792268422684,0.0016679411230032832,-3.444900499925237,-2.8679556266351653,-2.570187288941969,Yes,No,soybean,planting,MD,TMIN,Soybean Planting
soybean_planting_MD_AWND,468,-3.629397010296393,0.005223260752788562,-3.4448040131772584,-2.8679131843980197,-2.5701646673107112,Yes,No,soybean,planting,MD,AWND,Soybean Planting
soybean_planting_ME_TMAX,468,-5.2480672913425455,7.008276118458611e-06,-3.4449982835447894,-2.8679986379826814,-2.5702102140862397,Yes,No,soybean,planting,ME,TMAX,Soybean Planting
soybean_planting_ME_TMIN,468,-3.5047525876218284,0.0078658731601448,-3.444900499925237,-2.8679556266351653,-2.570187288941969,Yes,No,soybean,planting,ME,TMIN,Soybean Planting
soybean_planting_ME_AWND,468,-1.864386119051837,0.34899591912487654,-3.444868194858831,-2.867941416548597,-2.5701797149735146,No,Yes,soybean,planting,ME,AWND,Soybean Planting
soybean_planting_MI_TMAX,468,-4.487523180543856,0.00020710352074067637,-3.444900499925237,-2.8679556266351653,-2.570187288941969,Yes,No,soybean,planting,MI,TMAX,Soybean Planting
soybean_planting_MI_TMIN,468,-4.40540795774465,0.00029035909295128693,-3.4449982835447894,-2.8679986379826814,-2.5702102140862397,Yes,No,soybean,planting,MI,TMIN,Soybean Planting
soybean_planting_MI_AWND,468,-3.95740570804949,0.0016507263902736948,-3.444932949082776,-2.867969899953726,-2.57019489663276,Yes,No,soybean,planting,MI,AWND,Soybean Planting
soybean_planting_MN_TMAX,468,-4.763739338653618,6.377166814557317e-05,-3.444836032925901,-2.8679272692747415,-2.5701721745036776,Yes,No,soybean,planting,MN,TMAX,Soybean Planting
soybean_planting_MN_TMIN,468,-5.531464930122614,1.7835948363669991e-06,-3.4449982835447894,-2.8679986379826814,-2.5702102140862397,Yes,No,soybean,planting,MN,TMIN,Soybean Planting
soybean_planting_MN_AWND,468,-2.93522015528772,0.04140299909068767,-3.444836032925901,-2.8679272692747415,-2.5701721745036776,Yes,No,soybean,planting,MN,AWND,Soybean Planting
soybean_planting_MO_TMAX,468,-4.837865559105241,4.6005351781901234e-05,-3.4449982835447894,-2.8679986379826814,-2.5702102140862397,Yes,No,soybean,planting,MO,TMAX,Soybean Planting
soybean_planting_MO_TMIN,468,-5.4351573499871275,2.856432452973819e-06,-3.4449982835447894,-2.8679986379826814,-2.5702102140862397,Yes,No,soybean,planting,MO,TMIN,Soybean Planting
soybean_planting_MO_AWND,468,-3.4726380795652463,0.008718249269200416,-3.444932949082776,-2.867969899953726,-2.57019489663276,Yes,No,soybean,planting,MO,AWND,Soybean Planting
soybean_planting_MS_TMAX,468,-4.039110834171532,0.0012190082650259232,-3.444932949082776,-2.867969899953726,-2.57019489663276,Yes,No,soybean,planting,MS,TMAX,Soybean Planting
soybean_planting_MS_TMIN,468,-3.369116584874814,0.012057834172456022,-3.4448040131772584,-2.8679131843980197,-2.5701646673107112,Yes,No,soybean,planting,MS,TMIN,Soybean Planting
soybean_planting_MS_AWND,468,-5.872663284444537,3.212989611650603e-07,-3.4449982835447894,-2.8679986379826814,-2.5702102140862397,Yes,No,soybean,planting,MS,AWND,Soybean Planting
soybean_planting_MT_TMAX,468,-3.895057078140583,0.002071526942388822,-3.4448040131772584,-2.8679131843980197,-2.5701646673107112,Yes,No,soybean,planting,MT,TMAX,Soybean Planting
soybean_planting_MT_TMIN,468,-4.72649100699748,7.502091661838781e-05,-3.4449982835447894,-2.8679986379826814,-2.5702102140862397,Yes,No,soybean,planting,MT,TMIN,Soybean Planting
soybean_planting_MT_AWND,468,-10.390518080459623,2.026664874536455e-18,-3.4444914328761977,-2.8677756786103683,-2.570091378194011,Yes,No,soybean,planting,MT,AWND,Soybean Planting
soybean_planting_NC_TMAX,468,-5.231809006514581,7.568312022689445e-06,-3.444965543297668,-2.8679842369272976,-2.5702025382716047,Yes,No,soybean,planting,NC,TMAX,Soybean Planting
soybean_planting_NC_TMIN,468,-3.8230437200120306,0.0026801541189822708,-3.444932949082776,-2.867969899953726,-2.57019489663276,Yes,No,soybean,planting,NC,TMIN,Soybean Planting
soybean_planting_NC_AWND,468,-2.4521295272263575,0.12756026127470588,-3.4448040131772584,-2.8679131843980197,-2.5701646673107112,No,Yes,soybean,planting,NC,AWND,Soybean Planting
soybean_planting_ND_TMAX,468,-5.443877722583049,2.737857308600007e-06,-3.4449982835447894,-2.8679986379826814,-2.5702102140862397,Yes,No,soybean,planting,ND,TMAX,Soybean Planting
soybean_planting_ND_TMIN,468,-6.371663157863991,2.336916528009677e-08,-3.4449982835447894,-2.8679986379826814,-2.5702102140862397,Yes,No,soybean,planting,ND,TMIN,Soybean Planting
soybean_planting_ND_AWND,468,-8.940640340215728,9.273775404139664e-15,-3.44464601455782,-2.867843681679954,-2.570127622873346,Yes,No,soybean,planting,ND,AWND,Soybean Planting
soybean_planting_NE_TMAX,468,-4.088929238986652,0.00101014821692744,-3.4448040131772584,-2.8679131843980197,-2.5701646673107112,Yes,No,soybean,planting,NE,TMAX,Soybean Planting
soybean_planting_NE_TMIN,468,-5.516639930410519,1.9184330443751866e-06,-3.4449982835447894,-2.8679986379826814,-2.5702102140862397,Yes,No,soybean,planting,NE,TMIN,Soybean Planting
soybean_planting_NE_AWND,468,-4.777681976559875,5.999227927682621e-05,-3.4448040131772584,-2.8679131843980197,-2.5701646673107112,Yes,No,soybean,planting,NE,AWND,Soybean Planting
soybean_planting_NH_TMAX,468,-4.488269928931653,0.00020646265165995704,-3.4448040131772584,-2.8679131843980197,-2.5701646673107112,Yes,No,soybean,planting,NH,TMAX,Soybean Planting
soybean_planting_NH_TMIN,468,-3.035928631398015,0.03167263733556376,-3.4448040131772584,-2.8679131843980197,-2.5701646673107112,Yes,No,soybean,planting,NH,TMIN,Soybean Planting
soybean_planting_NH_AWND,468,-2.3021450032123685,0.17127709855887885,-3.444932949082776,-2.867969899953726,-2.57019489663276,No,Yes,soybean,planting,NH,AWND,Soybean Planting
soybean_planting_NJ_TMAX,468,-4.72979417986029,7.395115535242257e-05,-3.444868194858831,-2.867941416548597,-2.5701797149735146,Yes,No,soybean,planting,NJ,TMAX,Soybean Planting
soybean_planting_NJ_TMIN,468,-3.5156971351942263,0.007592992059418057,-3.444900499925237,-2.8679556266351653,-2.570187288941969,Yes,No,soybean,planting,NJ,TMIN,Soybean Planting
soybean_planting_NJ_AWND,468,-1.8691552686392823,0.34670761889363655,-3.4448040131772584,-2.8679131843980197,-2.5701646673107112,No,Yes,soybean,planting,NJ,AWND,Soybean Planting
soybean_planting_NM_TMAX,468,-5.544365715483664,1.6738058598521826e-06,-3.444932949082776,-2.867969899953726,-2.57019489663276,Yes,No,soybean,planting,NM,TMAX,Soybean Planting
soybean_planting_NM_TMIN,468,-4.104424778186784,0.0009523417628311558,-3.444868194858831,-2.867941416548597,-2.5701797149735146,Yes,No,soybean,planting,NM,TMIN,Soybean Planting
soybean_planting_NM_AWND,468,-5.137739174013173,1.1765483464023063e-05,-3.4445220811896657,-2.8677891615873192,-2.5700985643950656,Yes,No,soybean,planting,NM,AWND,Soybean Planting
soybean_planting_NV_TMAX,468,-4.667097439769077,9.698111370370385e-05,-3.444932949082776,-2.867969899953726,-2.57019489663276,Yes,No,soybean,planting,NV,TMAX,Soybean Planting
soybean_planting_NV_TMIN,468,-5.31145295278232,5.184333822360443e-06,-3.444965543297668,-2.8679842369272976,-2.5702025382716047,Yes,No,soybean,planting,NV,TMIN,Soybean Planting
soybean_planting_NV_AWND,468,-2.403741242573603,0.14068325376286162,-3.444740396477859,-2.8678852001919073,-2.570149751878151,No,Yes,soybean,planting,NV,AWND,Soybean Planting
soybean_planting_NY_TMAX,468,-4.4902559093233005,0.00020476742056071506,-3.4448040131772584,-2.8679131843980197,-2.5701646673107112,Yes,No,soybean,planting,NY,TMAX,Soybean Planting
soybean_planting_NY_TMIN,468,-3.845859799038784,0.002471460522725586,-3.4448040131772584,-2.8679131843980197,-2.5701646673107112,Yes,No,soybean,planting,NY,TMIN,Soybean Planting
soybean_planting_NY_AWND,468,-2.236660218527826,0.19320989408396294,-3.4448040131772584,-2.8679131843980197,-2.5701646673107112,No,Yes,soybean,planting,NY,AWND,Soybean Planting
soybean_planting_OH_TMAX,468,-4.704824191613594,8.241420075906095e-05,-3.444900499925237,-2.8679556266351653,-2.570187288941969,Yes,No,soybean,planting,OH,TMAX,Soybean Planting
soybean_planting_OH_TMIN,468,-4.9162639799241745,3.241939358081646e-05,-3.444932949082776,-2.867969899953726,-2.57019489663276,Yes,No,soybean,planting,OH,TMIN,Soybean Planting
soybean_planting_OH_AWND,468,-3.449217669688076,0.009391188032799654,-3.4448040131772584,-2.8679131843980197,-2.5701646673107112,Yes,No,soybean,planting,OH,AWND,Soybean Planting
soybean_planting_OK_TMAX,468,-6.227776629360841,5.039305874637058e-08,-3.4449982835447894,-2.8679986379826814,-2.5702102140862397,Yes,No,soybean,planting,OK,TMAX,Soybean Planting
soybean_planting_OK_TMIN,468,-5.100950516555057,1.3957429840863187e-05,-3.4449982835447894,-2.8679986379826814,-2.5702102140862397,Yes,No,soybean,planting,OK,TMIN,Soybean Planting
soybean_planting_OK_AWND,468,-6.253210490225162,4.402380311311651e-08,-3.444932949082776,-2.867969899953726,-2.57019489663276,Yes,No,soybean,planting,OK,AWND,Soybean Planting
soybean_planting_OR_TMAX,468,-5.111846965095015,1.327007077096434e-05,-3.444965543297668,-2.8679842369272976,-2.5702025382716047,Yes,No,soybean,planting,OR,TMAX,Soybean Planting
soybean_planting_OR_TMIN,468,-3.445596911476922,0.00949927510118619,-3.444836032925901,-2.8679272692747415,-2.5701721745036776,Yes,No,soybean,planting,OR,TMIN,Soybean Planting
soybean_planting_OR_AWND,468,-5.188109451468796,9.297059386382648e-06,-3.4446773373329576,-2.8678574606780654,-2.5701349669405404,Yes,No,soybean,planting,OR,AWND,Soybean Planting
soybean_planting_PA_TMAX,468,-4.833267020914023,4.6952693312843395e-05,-3.4448040131772584,-2.8679131843980197,-2.5701646673107112,Yes,No,soybean,planting,PA,TMAX,Soybean Planting
soybean_planting_PA_TMIN,468,-4.560687456797487,0.00015252548440073828,-3.444932949082776,-2.867969899953726,-2.57019489663276,Yes,No,soybean,planting,PA,TMIN,Soybean Planting
soybean_planting_PA_AWND,468,-2.395051052826755,0.1431380872787656,-3.444836032925901,-2.8679272692747415,-2.5701721745036776,No,Yes,soybean,planting,PA,AWND,Soybean Planting
soybean_planting_RI_TMAX,468,-4.186748973785291,0.0006937702205028699,-3.444868194858831,-2.867941416548597,-2.5701797149735146,Yes,No,soybean,planting,RI,TMAX,Soybean Planting
soybean_planting_RI_TMIN,468,-3.794196808010558,0.002967250435116955,-3.444900499925237,-2.8679556266351653,-2.570187288941969,Yes,No,soybean,planting,RI,TMIN,Soybean Planting
soybean_planting_RI_AWND,468,-2.0446095138721647,0.2673621800185805,-3.444868194858831,-2.867941416548597,-2.5701797149735146,No,Yes,soybean,planting,RI,AWND,Soybean Planting
soybean_planting_SC_TMAX,468,-5.841131877844557,3.775153627551453e-07,-3.444965543297668,-2.8679842369272976,-2.5702025382716047,Yes,No,soybean,planting,SC,TMAX,Soybean Planting
soybean_planting_SC_TMIN,468,-4.314306870257447,0.00041954276509402076,-3.444932949082776,-2.867969899953726,-2.57019489663276,Yes,No,soybean,planting,SC,TMIN,Soybean Planting
soybean_planting_SC_AWND,468,-2.735319550253913,0.0681233053927471,-3.444836032925901,-2.8679272692747415,-2.5701721745036776,No,Yes,soybean,planting,SC,AWND,Soybean Planting
soybean_planting_SD_TMAX,468,-4.629807795966336,0.0001137787140782829,-3.444836032925901,-2.8679272692747415,-2.5701721745036776,Yes,No,soybean,planting,SD,TMAX,Soybean Planting
soybean_planting_SD_TMIN,468,-5.965440424615948,1.992909703201601e-07,-3.4449982835447894,-2.8679986379826814,-2.5702102140862397,Yes,No,soybean,planting,SD,TMIN,Soybean Planting
soybean_planting_SD_AWND,468,-4.59128763531601,0.0001340309800359864,-3.444965543297668,-2.8679842369272976,-2.5702025382716047,Yes,No,soybean,planting,SD,AWND,Soybean Planting
soybean_planting_TN_TMAX,468,-5.057489444523669,1.7057418689817777e-05,-3.4449982835447894,-2.8679986379826814,-2.5702102140862397,Yes,No,soybean,planting,TN,TMAX,Soybean Planting
soybean_planting_TN_TMIN,468,-4.1582042865021895,0.0007748615776583216,-3.444900499925237,-2.8679556266351653,-2.570187288941969,Yes,No,soybean,planting,TN,TMIN,Soybean Planting
soybean_planting_TN_AWND,468,-3.8465159989839584,0.002465686548697754,-3.4448040131772584,-2.8679131843980197,-2.5701646673107112,Yes,No,soybean,planting,TN,AWND,Soybean Planting
soybean_planting_TX_TMAX,468,-6.077779017277044,1.1108499924625892e-07,-3.4449982835447894,-2.8679986379826814,-2.5702102140862397,Yes,No,soybean,planting,TX,TMAX,Soybean Planting
soybean_planting_TX_TMIN,468,-4.021843318470099,0.001300354595334025,-3.4449982835447894,-2.8679986379826814,-2.5702102140862397,Yes,No,soybean,planting,TX,TMIN,Soybean Planting
soybean_planting_TX_AWND,468,-7.38146290935438,8.450854864752536e-11,-3.44455286264131,-2.8678027030003483,-2.5701057817594894,Yes,No,soybean,planting,TX,AWND,Soybean Planting
soybean_planting_UT_TMAX,468,-3.5088303327676758,0.007763187415021609,-3.444932949082776,-2.867969899953726,-2.57019489663276,Yes,No,soybean,planting,UT,TMAX,Soybean Planting
soybean_planting_UT_TMIN,468,-3.6185382157951014,0.0054163483641426514,-3.444900499925237,-2.8679556266351653,-2.570187288941969,Yes,No,soybean,planting,UT,TMIN,Soybean Planting
soybean_planting_UT_AWND,468,-2.2463986474846305,0.18983822247403825,-3.444836032925901,-2.8679272692747415,-2.5701721745036776,No,Yes,soybean,planting,UT,AWND,Soybean Planting
soybean_planting_VA_TMAX,468,-4.90215134265258,3.453964828267127e-05,-3.444932949082776,-2.867969899953726,-2.57019489663276,Yes,No,soybean,planting,VA,TMAX,Soybean Planting
soybean_planting_VA_TMIN,468,-4.118618345210843,0.0009021238113360298,-3.444932949082776,-2.867969899953726,-2.57019489663276,Yes,No,soybean,planting,VA,TMIN,Soybean Planting
soybean_planting_VA_AWND,468,-2.7837535077271287,0.06063220038481844,-3.4448040131772584,-2.8679131843980197,-2.5701646673107112,No,Yes,soybean,planting,VA,AWND,Soybean Planting
soybean_planting_VT_TMAX,468,-4.586616405632784,0.00013670882291543586,-3.4448040131772584,-2.8679131843980197,-2.5701646673107112,Yes,No,soybean,planting,VT,TMAX,Soybean Planting
soybean_planting_VT_TMIN,468,-3.5118783686987354,0.007687221652887648,-3.4448040131772584,-2.8679131843980197,-2.5701646673107112,Yes,No,soybean,planting,VT,TMIN,Soybean Planting
soybean_planting_VT_AWND,468,-2.286591982008262,0.17632879509472005,-3.4448040131772584,-2.8679131843980197,-2.5701646673107112,No,Yes,soybean,planting,VT,AWND,Soybean Planting
soybean_planting_WA_TMAX,468,-4.7672118722544425,6.280957873938304e-05,-3.444965543297668,-2.8679842369272976,-2.5702025382716047,Yes,No,soybean,planting,WA,TMAX,Soybean Planting
soybean_planting_WA_TMIN,468,-3.6464095100802765,0.004933307967112447,-3.444868194858831,-2.867941416548597,-2.5701797149735146,Yes,No,soybean,planting,WA,TMIN,Soybean Planting
soybean_planting_WA_AWND,468,-4.213737170950983,0.0006244950262573128,-3.4446148284445153,-2.8678299626609314,-2.5701203107928157,Yes,No,soybean,planting,WA,AWND,Soybean Planting
soybean_planting_WI_TMAX,468,-4.772075126040566,6.148554566723499e-05,-3.444900499925237,-2.8679556266351653,-2.570187288941969,Yes,No,soybean,planting,WI,TMAX,Soybean Planting
soybean_planting_WI_TMIN,468,-4.680752103435348,9.144527752065929e-05,-3.4449982835447894,-2.8679986379826814,-2.5702102140862397,Yes,No,soybean,planting,WI,TMIN,Soybean Planting
soybean_planting_WI_AWND,468,-3.1702166414363284,0.021774689765071575,-3.444932949082776,-2.867969899953726,-2.57019489663276,Yes,No,soybean,planting,WI,AWND,Soybean Planting
soybean_planting_WV_TMAX,468,-5.115360195676286,1.3055514042399371e-05,-3.444932949082776,-2.867969899953726,-2.57019489663276,Yes,No,soybean,planting,WV,TMAX,Soybean Planting
soybean_planting_WV_TMIN,468,-4.840873744173732,4.5395601158258185e-05,-3.444932949082776,-2.867969899953726,-2.57019489663276,Yes,No,soybean,planting,WV,TMIN,Soybean Planting
soybean_planting_WV_AWND,468,-3.839749883607959,0.0025258246247089524,-3.4448040131772584,-2.8679131843980197,-2.5701646673107112,Yes,No,soybean,planting,WV,AWND,Soybean Planting
soybean_planting_WY_TMAX,468,-5.063418106188983,1.6598378540965208e-05,-3.4449982835447894,-2.8679986379826814,-2.5702102140862397,Yes,No,soybean,planting,WY,TMAX,Soybean Planting
soybean_planting_WY_TMIN,468,-5.017090551855251,2.0528076234497014e-05,-3.4449982835447894,-2.8679986379826814,-2.5702102140862397,Yes,No,soybean,planting,WY,TMIN,Soybean Planting
soybean_planting_WY_AWND,468,-7.957164631856026,3.0156606883754347e-12,-3.4444914328761977,-2.8677756786103683,-2.570091378194011,Yes,No,soybean,planting,WY,AWND,Soybean Planting
soybean_harvesting_AK_TMAX,468,-4.92141169913785,3.1677647068454904e-05,-3.444965543297668,-2.8679842369272976,-2.5702025382716047,Yes,No,soybean,harvesting,AK,TMAX,Soybean Harvesting
soybean_harvesting_AK_TMIN,468,-4.160905053037269,0.0007668238746520304,-3.444836032925901,-2.8679272692747415,-2.5701721745036776,Yes,No,soybean,harvesting,AK,TMIN,Soybean Harvesting
soybean_harvesting_AK_AWND,468,-0.7274477886750451,0.8395112771263067,-3.4448040131772584,-2.8679131843980197,-2.5701646673107112,No,Yes,soybean,harvesting,AK,AWND,Soybean Harvesting
soybean_harvesting_AL_TMAX,468,-4.740864684771244,7.047140435595221e-05,-3.444868194858831,-2.867941416548597,-2.5701797149735146,Yes,No,soybean,harvesting,AL,TMAX,Soybean Harvesting
soybean_harvesting_AL_TMIN,468,-5.089793684879628,1.4696819290413801e-05,-3.4449982835447894,-2.8679986379826814,-2.5702102140862397,Yes,No,soybean,harvesting,AL,TMIN,Soybean Harvesting
soybean_harvesting_AL_AWND,468,-2.2383912986408148,0.19260775198093022,-3.444965543297668,-2.8679842369272976,-2.5702025382716047,No,Yes,soybean,harvesting,AL,AWND,Soybean Harvesting
soybean_harvesting_AR_TMAX,468,-3.9714272260170715,0.0015677427602456423,-3.444836032925901,-2.8679272692747415,-2.5701721745036776,Yes,No,soybean,harvesting,AR,TMAX,Soybean Harvesting
soybean_harvesting_AR_TMIN,468,-4.719334197495486,7.738978483182121e-05,-3.444965543297668,-2.8679842369272976,-2.5702025382716047,Yes,No,soybean,harvesting,AR,TMIN,Soybean Harvesting
soybean_harvesting_AR_AWND,468,-2.085608147141054,0.25034087672190297,-3.444868194858831,-2.867941416548597,-2.5701797149735146,No,Yes,soybean,harvesting,AR,AWND,Soybean Harvesting
soybean_harvesting_AZ_TMAX,468,-6.30785724284792,3.2896593436981266e-08,-3.444965543297668,-2.8679842369272976,-2.5702025382716047,Yes,No,soybean,harvesting,AZ,TMAX,Soybean Harvesting
soybean_harvesting_AZ_TMIN,468,-4.622420583003646,0.00011742098990087729,-3.444836032925901,-2.8679272692747415,-2.5701721745036776,Yes,No,soybean,harvesting,AZ,TMIN,Soybean Harvesting
soybean_harvesting_AZ_AWND,468,-13.10471540156641,1.6817188770050595e-24,-3.4444609168389615,-2.8677622536920317,-2.5700842229549266,Yes,No,soybean,harvesting,AZ,AWND,Soybean Harvesting
soybean_harvesting_CA_TMAX,468,-5.592464879065024,1.3195870684487641e-06,-3.444965543297668,-2.8679842369272976,-2.5702025382716047,Yes,No,soybean,harvesting,CA,TMAX,Soybean Harvesting
soybean_harvesting_CA_TMIN,468,-3.9848479229062805,0.0014919635575064945,-3.444836032925901,-2.8679272692747415,-2.5701721745036776,Yes,No,soybean,harvesting,CA,TMIN,Soybean Harvesting
soybean_harvesting_CA_AWND,468,-3.4631646566618204,0.008985058425804368,-3.444836032925901,-2.8679272692747415,-2.5701721745036776,Yes,No,soybean,harvesting,CA,AWND,Soybean Harvesting
soybean_harvesting_CO_TMAX,468,-5.088445305073295,1.4788702529641618e-05,-3.444836032925901,-2.8679272692747415,-2.5701721745036776,Yes,No,soybean,harvesting,CO,TMAX,Soybean Harvesting
soybean_harvesting_CO_TMIN,468,-3.577056956720468,0.006215105509876524,-3.444836032925901,-2.8679272692747415,-2.5701721745036776,Yes,No,soybean,harvesting,CO,TMIN,Soybean Harvesting
soybean_harvesting_CO_AWND,468,-5.742354303395361,6.233270075389042e-07,-3.4446148284445153,-2.8678299626609314,-2.5701203107928157,Yes,No,soybean,harvesting,CO,AWND,Soybean Harvesting
soybean_harvesting_CT_TMAX,468,-5.114539392366591,1.3105339096468984e-05,-3.4449982835447894,-2.8679986379826814,-2.5702102140862397,Yes,No,soybean,harvesting,CT,TMAX,Soybean Harvesting
soybean_harvesting_CT_TMIN,468,-3.245162704237302,0.017514865384031034,-3.4448040131772584,-2.8679131843980197,-2.5701646673107112,Yes,No,soybean,harvesting,CT,TMIN,Soybean Harvesting
soybean_harvesting_CT_AWND,468,-2.6339946031063346,0.08617281957403738,-3.444868194858831,-2.867941416548597,-2.5701797149735146,No,Yes,soybean,harvesting,CT,AWND,Soybean Harvesting
soybean_harvesting_DE_TMAX,468,-5.673080924651546,8.830362649893473e-07,-3.444932949082776,-2.867969899953726,-2.57019489663276,Yes,No,soybean,harvesting,DE,TMAX,Soybean Harvesting
soybean_harvesting_DE_TMIN,468,-3.8002053170380634,0.0029052150298980407,-3.4448040131772584,-2.8679131843980197,-2.5701646673107112,Yes,No,soybean,harvesting,DE,TMIN,Soybean Harvesting
soybean_harvesting_DE_AWND,467,-3.610431956469019,0.005564694588389125,-3.444965543297668,-2.8679842369272976,-2.5702025382716047,Yes,No,soybean,harvesting,DE,AWND,Soybean Harvesting
soybean_harvesting_FL_TMAX,468,-5.174661306725809,9.90204013582593e-06,-3.4449982835447894,-2.8679986379826814,-2.5702102140862397,Yes,No,soybean,harvesting,FL,TMAX,Soybean Harvesting
soybean_harvesting_FL_TMIN,468,-5.051257996702402,1.7553109094259142e-05,-3.4449982835447894,-2.8679986379826814,-2.5702102140862397,Yes,No,soybean,harvesting,FL,TMIN,Soybean Harvesting
soybean_harvesting_FL_AWND,468,-12.758745629399494,8.230549843985805e-24,-3.4444609168389615,-2.8677622536920317,-2.5700842229549266,Yes,No,soybean,harvesting,FL,AWND,Soybean Harvesting
soybean_harvesting_GA_TMAX,468,-4.843323775338732,4.490473073140208e-05,-3.444836032925901,-2.8679272692747415,-2.5701721745036776,Yes,No,soybean,harvesting,GA,TMAX,Soybean Harvesting
soybean_harvesting_GA_TMIN,468,-5.491250277699915,2.1727609091523204e-06,-3.4449982835447894,-2.8679986379826814,-2.5702102140862397,Yes,No,soybean,harvesting,GA,TMIN,Soybean Harvesting
soybean_harvesting_GA_AWND,468,-2.3980137103423407,0.14229780926932678,-3.444965543297668,-2.8679842369272976,-2.5702025382716047,No,Yes,soybean,harvesting,GA,AWND,Soybean Harvesting
soybean_harvesting_HI_TMAX,468,-3.911451284438877,0.001952169733901311,-3.444965543297668,-2.8679842369272976,-2.5702025382716047,Yes,No,soybean,harvesting,HI,TMAX,Soybean Harvesting
soybean_harvesting_HI_TMIN,468,-2.501686452288239,0.11506453175520043,-3.4448040131772584,-2.8679131843980197,-2.5701646673107112,No,Yes,soybean,harvesting,HI,TMIN,Soybean Harvesting
soybean_harvesting_HI_AWND,468,-7.11492185311203,3.8530082504248245e-10,-3.44455286264131,-2.8678027030003483,-2.5701057817594894,Yes,No,soybean,harvesting,HI,AWND,Soybean Harvesting
soybean_harvesting_IA_TMAX,468,-4.004886043524705,0.0013851414908585082,-3.444836032925901,-2.8679272692747415,-2.5701721745036776,Yes,No,soybean,harvesting,IA,TMAX,Soybean Harvesting
soybean_harvesting_IA_TMIN,468,-4.322939157503933,0.00040529015335429144,-3.444868194858831,-2.867941416548597,-2.5701797149735146,Yes,No,soybean,harvesting,IA,TMIN,Soybean Harvesting
soybean_harvesting_IA_AWND,468,-3.1099107864617586,0.02582838689195685,-3.444900499925237,-2.8679556266351653,-2.570187288941969,Yes,No,soybean,harvesting,IA,AWND,Soybean Harvesting
soybean_harvesting_ID_TMAX,468,-5.125833246679989,1.2435627883977327e-05,-3.444836032925901,-2.8679272692747415,-2.5701721745036776,Yes,No,soybean,harvesting,ID,TMAX,Soybean Harvesting
soybean_harvesting_ID_TMIN,468,-4.290600161415683,0.00046115953230704316,-3.444836032925901,-2.8679272692747415,-2.5701721745036776,Yes,No,soybean,harvesting,ID,TMIN,Soybean Harvesting
soybean_harvesting_ID_AWND,468,-4.389353997645632,0.00030997808826847123,-3.444583778100581,-2.8678163032301995,-2.570113030490433,Yes,No,soybean,harvesting,ID,AWND,Soybean Harvesting
soybean_harvesting_IL_TMAX,468,-4.04321275848169,0.0012003951187565907,-3.444836032925901,-2.8679272692747415,-2.5701721745036776,Yes,No,soybean,harvesting,IL,TMAX,Soybean Harvesting
soybean_harvesting_IL_TMIN,468,-5.105167995832286,1.3687400107118364e-05,-3.4449982835447894,-2.8679986379826814,-2.5702102140862397,Yes,No,soybean,harvesting,IL,TMIN,Soybean Harvesting
soybean_harvesting_IL_AWND,468,-3.7901210113061556,0.0030100227146692133,-3.444836032925901,-2.8679272692747415,-2.5701721745036776,Yes,No,soybean,harvesting,IL,AWND,Soybean Harvesting
soybean_harvesting_IN_TMAX,468,-5.106138021431434,1.3626010967800684e-05,-3.444932949082776,-2.867969899953726,-2.57019489663276,Yes,No,soybean,harvesting,IN,TMAX,Soybean Harvesting
soybean_harvesting_IN_TMIN,468,-4.1166917059154695,0.0009087918183636843,-3.444836032925901,-2.8679272692747415,-2.5701721745036776,Yes,No,soybean,harvesting,IN,TMIN,Soybean Harvesting
soybean_harvesting_IN_AWND,468,-3.024186459794141,0.03269659626739964,-3.444836032925901,-2.8679272692747415,-2.5701721745036776,Yes,No,soybean,harvesting,IN,AWND,Soybean Harvesting
soybean_harvesting_KS_TMAX,468,-4.201226167323821,0.0006557582418448925,-3.444836032925901,-2.8679272692747415,-2.5701721745036776,Yes,No,soybean,harvesting,KS,TMAX,Soybean Harvesting
soybean_harvesting_KS_TMIN,468,-4.082845257544071,0.001033729415063684,-3.444868194858831,-2.867941416548597,-2.5701797149735146,Yes,No,soybean,harvesting,KS,TMIN,Soybean Harvesting
soybean_harvesting_KS_AWND,468,-2.9659912406277673,0.03819477199362655,-3.444900499925237,-2.8679556266351653,-2.570187288941969,Yes,No,soybean,harvesting,KS,AWND,Soybean Harvesting
soybean_harvesting_KY_TMAX,468,-5.23663016414971,7.397868593736727e-06,-3.444932949082776,-2.867969899953726,-2.57019489663276,Yes,No,soybean,harvesting,KY,TMAX,Soybean Harvesting
soybean_harvesting_KY_TMIN,468,-3.897244593060775,0.002055219224612098,-3.444836032925901,-2.8679272692747415,-2.5701721745036776,Yes,No,soybean,harvesting,KY,TMIN,Soybean Harvesting
soybean_harvesting_KY_AWND,468,-2.366245233378167,0.15149091081384625,-3.444868194858831,-2.867941416548597,-2.5701797149735146,No,Yes,soybean,harvesting,KY,AWND,Soybean Harvesting
soybean_harvesting_LA_TMAX,468,-3.46095969330483,0.009048199596273574,-3.4448040131772584,-2.8679131843980197,-2.5701646673107112,Yes,No,soybean,harvesting,LA,TMAX,Soybean Harvesting
soybean_harvesting_LA_TMIN,468,-3.6757678778806118,0.004467203200995832,-3.444836032925901,-2.8679272692747415,-2.5701721745036776,Yes,No,soybean,harvesting,LA,TMIN,Soybean Harvesting
soybean_harvesting_LA_AWND,468,-2.5909784269775433,0.09487621551720637,-3.444868194858831,-2.867941416548597,-2.5701797149735146,No,Yes,soybean,harvesting,LA,AWND,Soybean Harvesting
soybean_harvesting_MA_TMAX,468,-5.499380978751565,2.087937791914659e-06,-3.4449982835447894,-2.8679986379826814,-2.5702102140862397,Yes,No,soybean,harvesting,MA,TMAX,Soybean Harvesting
soybean_harvesting_MA_TMIN,468,-3.915016693633956,0.0019270703067661814,-3.4448040131772584,-2.8679131843980197,-2.5701646673107112,Yes,No,soybean,harvesting,MA,TMIN,Soybean Harvesting
soybean_harvesting_MA_AWND,468,-2.4885478541719923,0.11828567877068796,-3.444836032925901,-2.8679272692747415,-2.5701721745036776,No,Yes,soybean,harvesting,MA,AWND,Soybean Harvesting
soybean_harvesting_MD_TMAX,468,-5.832874523018718,3.937609560076971e-07,-3.444932949082776,-2.867969899953726,-2.57019489663276,Yes,No,soybean,harvesting,MD,TMAX,Soybean Harvesting
soybean_harvesting_MD_TMIN,468,-3.62789894994027,0.005249521266990973,-3.4448040131772584,-2.8679131843980197,-2.5701646673107112,Yes,No,soybean,harvesting,MD,TMIN,Soybean Harvesting
soybean_harvesting_MD_AWND,468,-6.611539173743255,6.358723715380789e-09,-3.444583778100581,-2.8678163032301995,-2.570113030490433,Yes,No,soybean,harvesting,MD,AWND,Soybean Harvesting
soybean_harvesting_ME_TMAX,468,-3.9356645478201,0.0017875027460174664,-3.444932949082776,-2.867969899953726,-2.57019489663276,Yes,No,soybean,harvesting,ME,TMAX,Soybean Harvesting
soybean_harvesting_ME_TMIN,468,-3.430711885259081,0.009955411903733408,-3.4448040131772584,-2.8679131843980197,-2.5701646673107112,Yes,No,soybean,harvesting,ME,TMIN,Soybean Harvesting
soybean_harvesting_ME_AWND,468,-2.313540188199626,0.1676381715209394,-3.444965543297668,-2.8679842369272976,-2.5702025382716047,No,Yes,soybean,harvesting,ME,AWND,Soybean Harvesting
soybean_harvesting_MI_TMAX,468,-4.347229856886753,0.0003675999250095618,-3.444932949082776,-2.867969899953726,-2.57019489663276,Yes,No,soybean,harvesting,MI,TMAX,Soybean Harvesting
soybean_harvesting_MI_TMIN,468,-4.074642267201861,0.0010663394710500717,-3.444836032925901,-2.8679272692747415,-2.5701721745036776,Yes,No,soybean,harvesting,MI,TMIN,Soybean Harvesting
soybean_harvesting_MI_AWND,468,-2.467915064755273,0.12347735492148842,-3.444868194858831,-2.867941416548597,-2.5701797149735146,No,Yes,soybean,harvesting,MI,AWND,Soybean Harvesting
soybean_harvesting_MN_TMAX,468,-4.337985545244457,0.0003815351661445971,-3.444836032925901,-2.8679272692747415,-2.5701721745036776,Yes,No,soybean,harvesting,MN,TMAX,Soybean Harvesting
soybean_harvesting_MN_TMIN,468,-3.9441691857186236,0.001732792248898125,-3.444868194858831,-2.867941416548597,-2.5701797149735146,Yes,No,soybean,harvesting,MN,TMIN,Soybean Harvesting
soybean_harvesting_MN_AWND,468,-2.303593502576178,0.17081161466499628,-3.444868194858831,-2.867941416548597,-2.5701797149735146,No,Yes,soybean,harvesting,MN,AWND,Soybean Harvesting
soybean_harvesting_MO_TMAX,468,-3.8323680213072056,0.002592977473592596,-3.444836032925901,-2.8679272692747415,-2.5701721745036776,Yes,No,soybean,harvesting,MO,TMAX,Soybean Harvesting
soybean_harvesting_MO_TMIN,468,-4.208574458507264,0.0006372220518111959,-3.444868194858831,-2.867941416548597,-2.5701797149735146,Yes,No,soybean,harvesting,MO,TMIN,Soybean Harvesting
soybean_harvesting_MO_AWND,468,-1.7960348631525611,0.38243204341685466,-3.444900499925237,-2.8679556266351653,-2.570187288941969,No,Yes,soybean,harvesting,MO,AWND,Soybean Harvesting
soybean_harvesting_MS_TMAX,468,-3.858289117357573,0.002364187006228342,-3.444836032925901,-2.8679272692747415,-2.5701721745036776,Yes,No,soybean,harvesting,MS,TMAX,Soybean Harvesting
soybean_harvesting_MS_TMIN,468,-4.559234422061036,0.0001534615783245983,-3.444965543297668,-2.8679842369272976,-2.5702025382716047,Yes,No,soybean,harvesting,MS,TMIN,Soybean Harvesting
soybean_harvesting_MS_AWND,468,-18.494546628027283,2.124583251539623e-30,-3.4444305322234365,-2.8677488864580885,-2.5700770984781443,Yes,No,soybean,harvesting,MS,AWND,Soybean Harvesting
soybean_harvesting_MT_TMAX,468,-5.392666741766781,3.509424946310962e-06,-3.444836032925901,-2.8679272692747415,-2.5701721745036776,Yes,No,soybean,harvesting,MT,TMAX,Soybean Harvesting
soybean_harvesting_MT_TMIN,468,-4.964908649376279,2.602973388567036e-05,-3.444836032925901,-2.8679272692747415,-2.5701721745036776,Yes,No,soybean,harvesting,MT,TMIN,Soybean Harvesting
soybean_harvesting_MT_AWND,468,-12.2116955459198,1.159854725804531e-22,-3.4444609168389615,-2.8677622536920317,-2.5700842229549266,Yes,No,soybean,harvesting,MT,AWND,Soybean Harvesting
soybean_harvesting_NC_TMAX,468,-5.307351557918563,5.286885767982527e-06,-3.444900499925237,-2.8679556266351653,-2.570187288941969,Yes,No,soybean,harvesting,NC,TMAX,Soybean Harvesting
soybean_harvesting_NC_TMIN,468,-4.557492615910272,0.00015459092445442327,-3.4449982835447894,-2.8679986379826814,-2.5702102140862397,Yes,No,soybean,harvesting,NC,TMIN,Soybean Harvesting
soybean_harvesting_NC_AWND,468,-2.040337809070753,0.2691711015288626,-3.444836032925901,-2.8679272692747415,-2.5701721745036776,No,Yes,soybean,harvesting,NC,AWND,Soybean Harvesting
soybean_harvesting_ND_TMAX,468,-5.0685004923310295,1.6214380345311287e-05,-3.444836032925901,-2.8679272692747415,-2.5701721745036776,Yes,No,soybean,harvesting,ND,TMAX,Soybean Harvesting
soybean_harvesting_ND_TMIN,468,-3.909901880671282,0.001963171234050836,-3.444836032925901,-2.8679272692747415,-2.5701721745036776,Yes,No,soybean,harvesting,ND,TMIN,Soybean Harvesting
soybean_harvesting_ND_AWND,468,-20.980869067366648,0.0,-3.4444305322234365,-2.8677488864580885,-2.5700770984781443,Yes,No,soybean,harvesting,ND,AWND,Soybean Harvesting
soybean_harvesting_NE_TMAX,468,-4.397573929280296,0.00029978095978759226,-3.444836032925901,-2.8679272692747415,-2.5701721745036776,Yes,No,soybean,harvesting,NE,TMAX,Soybean Harvesting
soybean_harvesting_NE_TMIN,468,-4.019672033652492,0.0013109343200457518,-3.444836032925901,-2.8679272692747415,-2.5701721745036776,Yes,No,soybean,harvesting,NE,TMIN,Soybean Harvesting
soybean_harvesting_NE_AWND,468,-6.986388247677353,7.948756238753283e-10,-3.4447087976702284,-2.867871300049488,-2.5701423432047443,Yes,No,soybean,harvesting,NE,AWND,Soybean Harvesting
soybean_harvesting_NH_TMAX,468,-4.523170549809912,0.0001785279730595921,-3.444932949082776,-2.867969899953726,-2.57019489663276,Yes,No,soybean,harvesting,NH,TMAX,Soybean Harvesting
soybean_harvesting_NH_TMIN,468,-3.6072104379497376,0.00562466647301118,-3.4448040131772584,-2.8679131843980197,-2.5701646673107112,Yes,No,soybean,harvesting,NH,TMIN,Soybean Harvesting
soybean_harvesting_NH_AWND,468,-1.8760427310898513,0.34341392000451054,-3.444836032925901,-2.8679272692747415,-2.5701721745036776,No,Yes,soybean,harvesting,NH,AWND,Soybean Harvesting
soybean_harvesting_NJ_TMAX,468,-5.603759582647427,1.2476674208512928e-06,-3.4449982835447894,-2.8679986379826814,-2.5702102140862397,Yes,No,soybean,harvesting,NJ,TMAX,Soybean Harvesting
soybean_harvesting_NJ_TMIN,468,-3.685824559161311,0.004317020643094674,-3.4448040131772584,-2.8679131843980197,-2.5701646673107112,Yes,No,soybean,harvesting,NJ,TMIN,Soybean Harvesting
soybean_harvesting_NJ_AWND,468,-2.1391966810172436,0.2290481827590709,-3.4448040131772584,-2.8679131843980197,-2.5701646673107112,No,Yes,soybean,harvesting,NJ,AWND,Soybean Harvesting
soybean_harvesting_NM_TMAX,468,-7.025686261193525,6.373607684741112e-10,-3.4449982835447894,-2.8679986379826814,-2.5702102140862397,Yes,No,soybean,harvesting,NM,TMAX,Soybean Harvesting
soybean_harvesting_NM_TMIN,468,-3.183458966683251,0.020962326712121625,-3.444836032925901,-2.8679272692747415,-2.5701721745036776,Yes,No,soybean,harvesting,NM,TMIN,Soybean Harvesting
soybean_harvesting_NM_AWND,468,-4.600805109850414,0.00012872899577965046,-3.4445220811896657,-2.8677891615873192,-2.5700985643950656,Yes,No,soybean,harvesting,NM,AWND,Soybean Harvesting
soybean_harvesting_NV_TMAX,468,-6.038378380938551,1.364611219144748e-07,-3.444965543297668,-2.8679842369272976,-2.5702025382716047,Yes,No,soybean,harvesting,NV,TMAX,Soybean Harvesting
soybean_harvesting_NV_TMIN,468,-4.277673121885111,0.00048546472829787796,-3.444836032925901,-2.8679272692747415,-2.5701721745036776,Yes,No,soybean,harvesting,NV,TMIN,Soybean Harvesting
soybean_harvesting_NV_AWND,468,-1.685993401290468,0.4383431623148281,-3.444932949082776,-2.867969899953726,-2.57019489663276,No,Yes,soybean,harvesting,NV,AWND,Soybean Harvesting
soybean_harvesting_NY_TMAX,468,-5.293184080189998,5.65649785832884e-06,-3.4449982835447894,-2.8679986379826814,-2.5702102140862397,Yes,No,soybean,harvesting,NY,TMAX,Soybean Harvesting
soybean_harvesting_NY_TMIN,468,-3.818558976579939,0.0027230389904907876,-3.4448040131772584,-2.8679131843980197,-2.5701646673107112,Yes,No,soybean,harvesting,NY,TMIN,Soybean Harvesting
soybean_harvesting_NY_AWND,468,-2.322395440143263,0.1648466897379694,-3.4448040131772584,-2.8679131843980197,-2.5701646673107112,No,Yes,soybean,harvesting,NY,AWND,Soybean Harvesting
soybean_harvesting_OH_TMAX,468,-5.366661212335367,3.978369421320872e-06,-3.4449982835447894,-2.8679986379826814,-2.5702102140862397,Yes,No,soybean,harvesting,OH,TMAX,Soybean Harvesting
soybean_harvesting_OH_TMIN,468,-4.026875344040454,0.0012761410066565477,-3.444836032925901,-2.8679272692747415,-2.5701721745036776,Yes,No,soybean,harvesting,OH,TMIN,Soybean Harvesting
soybean_harvesting_OH_AWND,468,-2.4211301599499895,0.13586117047835872,-3.444868194858831,-2.867941416548597,-2.5701797149735146,No,Yes,soybean,harvesting,OH,AWND,Soybean Harvesting
soybean_harvesting_OK_TMAX,468,-4.209238536502893,0.0006355714120402827,-3.444836032925901,-2.8679272692747415,-2.5701721745036776,Yes,No,soybean,harvesting,OK,TMAX,Soybean Harvesting
soybean_harvesting_OK_TMIN,468,-4.408680577023667,0.0002865068896379799,-3.444900499925237,-2.8679556266351653,-2.570187288941969,Yes,No,soybean,harvesting,OK,TMIN,Soybean Harvesting
soybean_harvesting_OK_AWND,468,-3.5757333694442313,0.006242264508691154,-3.444868194858831,-2.867941416548597,-2.5701797149735146,Yes,No,soybean,harvesting,OK,AWND,Soybean Harvesting
soybean_harvesting_OR_TMAX,468,-5.296838522048719,5.558826979781354e-06,-3.444932949082776,-2.867969899953726,-2.57019489663276,Yes,No,soybean,harvesting,OR,TMAX,Soybean Harvesting
soybean_harvesting_OR_TMIN,468,-3.981175504604443,0.0015123536910709107,-3.444836032925901,-2.8679272692747415,-2.5701721745036776,Yes,No,soybean,harvesting,OR,TMIN,Soybean Harvesting
soybean_harvesting_OR_AWND,468,-5.189107159759767,9.25363096985356e-06,-3.444583778100581,-2.8678163032301995,-2.570113030490433,Yes,No,soybean,harvesting,OR,AWND,Soybean Harvesting
soybean_harvesting_PA_TMAX,468,-5.739012270542993,6.339304601533092e-07,-3.4449982835447894,-2.8679986379826814,-2.5702102140862397,Yes,No,soybean,harvesting,PA,TMAX,Soybean Harvesting
soybean_harvesting_PA_TMIN,468,-3.898885806797309,0.0020430622734252616,-3.4448040131772584,-2.8679131843980197,-2.5701646673107112,Yes,No,soybean,harvesting,PA,TMIN,Soybean Harvesting
soybean_harvesting_PA_AWND,468,-2.360746096395588,0.1531233189923626,-3.4448040131772584,-2.8679131843980197,-2.5701646673107112,No,Yes,soybean,harvesting,PA,AWND,Soybean Harvesting
soybean_harvesting_RI_TMAX,468,-5.381313435943398,3.707144667825117e-06,-3.4449982835447894,-2.8679986379826814,-2.5702102140862397,Yes,No,soybean,harvesting,RI,TMAX,Soybean Harvesting
soybean_harvesting_RI_TMIN,468,-4.72013987820216,7.711957289748686e-05,-3.4448040131772584,-2.8679131843980197,-2.5701646673107112,Yes,No,soybean,harvesting,RI,TMIN,Soybean Harvesting
soybean_harvesting_RI_AWND,468,-4.585197634584387,0.0001375322042445893,-3.4448040131772584,-2.8679131843980197,-2.5701646673107112,Yes,No,soybean,harvesting,RI,AWND,Soybean Harvesting
soybean_harvesting_SC_TMAX,468,-5.669859268116821,8.973939594586917e-07,-3.444965543297668,-2.8679842369272976,-2.5702025382716047,Yes,No,soybean,harvesting,SC,TMAX,Soybean Harvesting
soybean_harvesting_SC_TMIN,468,-5.262613638542367,6.541420547597722e-06,-3.4449982835447894,-2.8679986379826814,-2.5702102140862397,Yes,No,soybean,harvesting,SC,TMIN,Soybean Harvesting
soybean_harvesting_SC_AWND,468,-3.0087483516848272,0.03408545185039292,-3.444836032925901,-2.8679272692747415,-2.5701721745036776,Yes,No,soybean,harvesting,SC,AWND,Soybean Harvesting
soybean_harvesting_SD_TMAX,468,-4.960475047116892,2.6557721244601915e-05,-3.444836032925901,-2.8679272692747415,-2.5701721745036776,Yes,No,soybean,harvesting,SD,TMAX,Soybean Harvesting
soybean_harvesting_SD_TMIN,468,-4.132880421588175,0.0008541704718112575,-3.444836032925901,-2.8679272692747415,-2.5701721745036776,Yes,No,soybean,harvesting,SD,TMIN,Soybean Harvesting
soybean_harvesting_SD_AWND,468,-21.553437888367604,0.0,-3.4444305322234365,-2.8677488864580885,-2.5700770984781443,Yes,No,soybean,harvesting,SD,AWND,Soybean Harvesting
soybean_harvesting_TN_TMAX,468,-4.813847779172917,5.116391426235886e-05,-3.444900499925237,-2.8679556266351653,-2.570187288941969,Yes,No,soybean,harvesting,TN,TMAX,Soybean Harvesting
soybean_harvesting_TN_TMIN,468,-3.9454812655850033,0.0017244913814439642,-3.444836032925901,-2.8679272692747415,-2.5701721745036776,Yes,No,soybean,harvesting,TN,TMIN,Soybean Harvesting
soybean_harvesting_TN_AWND,468,-3.987528328935317,0.0014772431267498101,-3.4448040131772584,-2.8679131843980197,-2.5701646673107112,Yes,No,soybean,harvesting,TN,AWND,Soybean Harvesting
soybean_harvesting_TX_TMAX,468,-4.42987844890166,0.0002627041566993671,-3.444965543297668,-2.8679842369272976,-2.5702025382716047,Yes,No,soybean,harvesting,TX,TMAX,Soybean Harvesting
soybean_harvesting_TX_TMIN,468,-3.263568907163067,0.01658758569448911,-3.4448040131772584,-2.8679131843980197,-2.5701646673107112,Yes,No,soybean,harvesting,TX,TMIN,Soybean Harvesting
soybean_harvesting_TX_AWND,468,-1.780081976473897,0.39039430933788677,-3.444965543297668,-2.8679842369272976,-2.5702025382716047,No,Yes,soybean,harvesting,TX,AWND,Soybean Harvesting
soybean_harvesting_UT_TMAX,468,-4.2615049721775655,0.0005175661765521103,-3.444836032925901,-2.8679272692747415,-2.5701721745036776,Yes,No,soybean,harvesting,UT,TMAX,Soybean Harvesting
soybean_harvesting_UT_TMIN,468,-4.526418458048428,0.0001761197800235328,-3.444836032925901,-2.8679272692747415,-2.5701721745036776,Yes,No,soybean,harvesting,UT,TMIN,Soybean Harvesting
soybean_harvesting_UT_AWND,468,-2.071485493731255,0.256133892677969,-3.4447721346720885,-2.8678991615065095,-2.570157193174823,No,Yes,soybean,harvesting,UT,AWND,Soybean Harvesting
soybean_harvesting_VA_TMAX,468,-5.689608541960744,8.128333270190612e-07,-3.444900499925237,-2.8679556266351653,-2.570187288941969,Yes,No,soybean,harvesting,VA,TMAX,Soybean Harvesting
soybean_harvesting_VA_TMIN,468,-3.3511378729221204,0.012741725793319763,-3.4448040131772584,-2.8679131843980197,-2.5701646673107112,Yes,No,soybean,harvesting,VA,TMIN,Soybean Harvesting
soybean_harvesting_VA_AWND,468,-3.263246319250599,0.016603458996804047,-3.4448040131772584,-2.8679131843980197,-2.5701646673107112,Yes,No,soybean,harvesting,VA,AWND,Soybean Harvesting
soybean_harvesting_VT_TMAX,468,-4.7851355777239615,5.806094606086532e-05,-3.444932949082776,-2.867969899953726,-2.57019489663276,Yes,No,soybean,harvesting,VT,TMAX,Soybean Harvesting
soybean_harvesting_VT_TMIN,468,-4.141059637070151,0.0008277585341719162,-3.4448040131772584,-2.8679131843980197,-2.5701646673107112,Yes,No,soybean,harvesting,VT,TMIN,Soybean Harvesting
soybean_harvesting_VT_AWND,468,-2.2839607016438728,0.17719315532369972,-3.444932949082776,-2.867969899953726,-2.57019489663276,No,Yes,soybean,harvesting,VT,AWND,Soybean Harvesting
soybean_harvesting_WA_TMAX,468,-4.63986319938233,0.00010899394158248171,-3.444836032925901,-2.8679272692747415,-2.5701721745036776,Yes,No,soybean,harvesting,WA,TMAX,Soybean Harvesting
soybean_harvesting_WA_TMIN,468,-4.779592557486027,5.949142910338601e-05,-3.444836032925901,-2.8679272692747415,-2.5701721745036776,Yes,No,soybean,harvesting,WA,TMIN,Soybean Harvesting
soybean_harvesting_WA_AWND,468,-5.05575486263586,1.7194024494924076e-05,-3.444583778100581,-2.8678163032301995,-2.570113030490433,Yes,No,soybean,harvesting,WA,AWND,Soybean Harvesting
soybean_harvesting_WI_TMAX,468,-3.9504130785512226,0.0016936194125379495,-3.444836032925901,-2.8679272692747415,-2.5701721745036776,Yes,No,soybean,harvesting,WI,TMAX,Soybean Harvesting
soybean_harvesting_WI_TMIN,468,-3.7353203117925577,0.003642897882133337,-3.444836032925901,-2.8679272692747415,-2.5701721745036776,Yes,No,soybean,harvesting,WI,TMIN,Soybean Harvesting
soybean_harvesting_WI_AWND,468,-2.5471298729599408,0.10442403461356686,-3.444900499925237,-2.8679556266351653,-2.570187288941969,No,Yes,soybean,harvesting,WI,AWND,Soybean Harvesting
soybean_harvesting_WV_TMAX,468,-5.523517546405062,1.8546878979654001e-06,-3.444932949082776,-2.867969899953726,-2.57019489663276,Yes,No,soybean,harvesting,WV,TMAX,Soybean Harvesting
soybean_harvesting_WV_TMIN,468,-3.7566807022855833,0.003382959211924854,-3.444836032925901,-2.8679272692747415,-2.5701721745036776,Yes,No,soybean,harvesting,WV,TMIN,Soybean Harvesting
soybean_harvesting_WV_AWND,468,-4.333931010160776,0.0003878034429254986,-3.4449982835447894,-2.8679986379826814,-2.5702102140862397,Yes,No,soybean,harvesting,WV,AWND,Soybean Harvesting
soybean_harvesting_WY_TMAX,468,-5.122716615842723,1.2617059441588853e-05,-3.444836032925901,-2.8679272692747415,-2.5701721745036776,Yes,No,soybean,harvesting,WY,TMAX,Soybean Harvesting
soybean_harvesting_WY_TMIN,468,-4.173414385007014,0.0007306054135744935,-3.444836032925901,-2.8679272692747415,-2.5701721745036776,Yes,No,soybean,harvesting,WY,TMIN,Soybean Harvesting
soybean_harvesting_WY_AWND,468,-6.994515815913512,7.594169290614956e-10,-3.4445220811896657,-2.8677891615873192,-2.5700985643950656,Yes,No,soybean,harvesting,WY,AWND,Soybean Harvesting
wheat_planting_AK_TMAX,792,-3.5951412758486243,0.005854598403426889,-3.4388710830827125,-2.8653008652386576,-2.568772659807725,Yes,No,wheat,planting,AK,TMAX,Wheat Planting
wheat_planting_AK_TMIN,792,-4.020831828617548,0.0013052732010870739,-3.4388710830827125,-2.8653008652386576,-2.568772659807725,Yes,No,wheat,planting,AK,TMIN,Wheat Planting
wheat_planting_AK_AWND,792,-0.5286198278363164,0.8863094949920514,-3.4388710830827125,-2.8653008652386576,-2.568772659807725,No,Yes,wheat,planting,AK,AWND,Wheat Planting
wheat_planting_AL_TMAX,792,-4.303878894419961,0.0004373918610549459,-3.4388710830827125,-2.8653008652386576,-2.568772659807725,Yes,No,wheat,planting,AL,TMAX,Wheat Planting
wheat_planting_AL_TMIN,792,-4.597798896070989,0.0001303816834234031,-3.4388710830827125,-2.8653008652386576,-2.568772659807725,Yes,No,wheat,planting,AL,TMIN,Wheat Planting
wheat_planting_AL_AWND,792,-2.381978340942519,0.14688762428365015,-3.4388710830827125,-2.8653008652386576,-2.568772659807725,No,Yes,wheat,planting,AL,AWND,Wheat Planting
wheat_planting_AR_TMAX,792,-4.196157749309466,0.0006688376149338101,-3.4388710830827125,-2.8653008652386576,-2.568772659807725,Yes,No,wheat,planting,AR,TMAX,Wheat Planting
wheat_planting_AR_TMIN,792,-4.690980946818922,8.749771946364271e-05,-3.4388710830827125,-2.8653008652386576,-2.568772659807725,Yes,No,wheat,planting,AR,TMIN,Wheat Planting
wheat_planting_AR_AWND,792,-2.516027788346801,0.11162313432140003,-3.4388710830827125,-2.8653008652386576,-2.568772659807725,No,Yes,wheat,planting,AR,AWND,Wheat Planting
wheat_planting_AZ_TMAX,792,-4.688006409957206,8.862852930254737e-05,-3.4388710830827125,-2.8653008652386576,-2.568772659807725,Yes,No,wheat,planting,AZ,TMAX,Wheat Planting
wheat_planting_AZ_TMIN,792,-4.879128325804261,3.828781648570707e-05,-3.4388710830827125,-2.8653008652386576,-2.568772659807725,Yes,No,wheat,planting,AZ,TMIN,Wheat Planting
wheat_planting_AZ_AWND,792,-3.9595891143487796,0.0016375414950260952,-3.4388710830827125,-2.8653008652386576,-2.568772659807725,Yes,No,wheat,planting,AZ,AWND,Wheat Planting
wheat_planting_CA_TMAX,792,-4.191489127403631,0.0006811019374445892,-3.4388710830827125,-2.8653008652386576,-2.568772659807725,Yes,No,wheat,planting,CA,TMAX,Wheat Planting
wheat_planting_CA_TMIN,792,-3.72243109959818,0.003808478063194032,-3.4388710830827125,-2.8653008652386576,-2.568772659807725,Yes,No,wheat,planting,CA,TMIN,Wheat Planting
wheat_planting_CA_AWND,792,-3.197152032602189,0.020150123730948724,-3.4388710830827125,-2.8653008652386576,-2.568772659807725,Yes,No,wheat,planting,CA,AWND,Wheat Planting
wheat_planting_CO_TMAX,792,-5.342127161959436,4.4762450693008885e-06,-3.4388710830827125,-2.8653008652386576,-2.568772659807725,Yes,No,wheat,planting,CO,TMAX,Wheat Planting
wheat_planting_CO_TMIN,792,-4.653749111078575,0.0001027015405991657,-3.4388710830827125,-2.8653008652386576,-2.568772659807725,Yes,No,wheat,planting,CO,TMIN,Wheat Planting
wheat_planting_CO_AWND,792,-2.7362677591009597,0.06796986292771419,-3.4388710830827125,-2.8653008652386576,-2.568772659807725,No,Yes,wheat,planting,CO,AWND,Wheat Planting
wheat_planting_CT_TMAX,792,-4.421282363736532,0.0002721211278427017,-3.4388710830827125,-2.8653008652386576,-2.568772659807725,Yes,No,wheat,planting,CT,TMAX,Wheat Planting
wheat_planting_CT_TMIN,792,-3.5540208964130926,0.006703394031658971,-3.4388710830827125,-2.8653008652386576,-2.568772659807725,Yes,No,wheat,planting,CT,TMIN,Wheat Planting
wheat_planting_CT_AWND,792,-2.598113351366939,0.0933878266329563,-3.4388710830827125,-2.8653008652386576,-2.568772659807725,No,Yes,wheat,planting,CT,AWND,Wheat Planting
wheat_planting_DE_TMAX,792,-5.174757334367738,9.897588077525873e-06,-3.4388710830827125,-2.8653008652386576,-2.568772659807725,Yes,No,wheat,planting,DE,TMAX,Wheat Planting
wheat_planting_DE_TMIN,792,-4.434600696205036,0.00025766340204505284,-3.4388710830827125,-2.8653008652386576,-2.568772659807725,Yes,No,wheat,planting,DE,TMIN,Wheat Planting
wheat_planting_DE_AWND,791,-3.575248571761295,0.006252239043653625,-3.438882201132452,-2.865305765357574,-2.568775270215655,Yes,No,wheat,planting,DE,AWND,Wheat Planting
wheat_planting_FL_TMAX,792,-3.9902781113326125,0.001462282243256235,-3.4388710830827125,-2.8653008652386576,-2.568772659807725,Yes,No,wheat,planting,FL,TMAX,Wheat Planting
wheat_planting_FL_TMIN,792,-3.644930949992372,0.004957913692669468,-3.4388710830827125,-2.8653008652386576,-2.568772659807725,Yes,No,wheat,planting,FL,TMIN,Wheat Planting
wheat_planting_FL_AWND,792,-15.597206454455895,1.8484343179045592e-28,-3.4386546523763837,-2.865205472974755,-2.568721842653421,Yes,No,wheat,planting,FL,AWND,Wheat Planting
wheat_planting_GA_TMAX,792,-4.54980434145043,0.0001596711343868303,-3.4388710830827125,-2.8653008652386576,-2.568772659807725,Yes,No,wheat,planting,GA,TMAX,Wheat Planting
wheat_planting_GA_TMIN,792,-4.892316564986817,3.609542936989414e-05,-3.4388710830827125,-2.8653008652386576,-2.568772659807725,Yes,No,wheat,planting,GA,TMIN,Wheat Planting
wheat_planting_GA_AWND,792,-2.4344532124623144,0.13224737958138577,-3.4388710830827125,-2.8653008652386576,-2.568772659807725,No,Yes,wheat,planting,GA,AWND,Wheat Planting
wheat_planting_HI_TMAX,792,-3.356686508612315,0.01252708122902591,-3.4388710830827125,-2.8653008652386576,-2.568772659807725,Yes,No,wheat,planting,HI,TMAX,Wheat Planting
wheat_planting_HI_TMIN,792,-2.523387438410234,0.1098871065456119,-3.4388710830827125,-2.8653008652386576,-2.568772659807725,No,Yes,wheat,planting,HI,TMIN,Wheat Planting
wheat_planting_HI_AWND,792,-9.993055488812942,1.9727886683296573e-17,-3.4386757994332813,-2.865214793881868,-2.5687268080213355,Yes,No,wheat,planting,HI,AWND,Wheat Planting
wheat_planting_IA_TMAX,792,-3.775726746950965,0.0031656576887718266,-3.4388710830827125,-2.8653008652386576,-2.568772659807725,Yes,No,wheat,planting,IA,TMAX,Wheat Planting
wheat_planting_IA_TMIN,792,-4.458185551947888,0.00023383223369584418,-3.4388710830827125,-2.8653008652386576,-2.568772659807725,Yes,No,wheat,planting,IA,TMIN,Wheat Planting
wheat_planting_IA_AWND,792,-3.680621791787263,0.0043941313019847566,-3.4388710830827125,-2.8653008652386576,-2.568772659807725,Yes,No,wheat,planting,IA,AWND,Wheat Planting
wheat_planting_ID_TMAX,792,-5.26555588352143,6.450727790779881e-06,-3.4388710830827125,-2.8653008652386576,-2.568772659807725,Yes,No,wheat,planting,ID,TMAX,Wheat Planting
wheat_planting_ID_TMIN,792,-5.153847574434148,1.0914161595860798e-05,-3.4388710830827125,-2.8653008652386576,-2.568772659807725,Yes,No,wheat,planting,ID,TMIN,Wheat Planting
wheat_planting_ID_AWND,792,-5.166036768314118,1.0309896923070007e-05,-3.4387184182983686,-2.865233578638179,-2.5687368149338816,Yes,No,wheat,planting,ID,AWND,Wheat Planting
wheat_planting_IL_TMAX,792,-3.9601492195505283,0.0016341750061894475,-3.4388710830827125,-2.8653008652386576,-2.568772659807725,Yes,No,wheat,planting,IL,TMAX,Wheat Planting
wheat_planting_IL_TMIN,792,-4.499654211458644,0.00019692299435141217,-3.4388710830827125,-2.8653008652386576,-2.568772659807725,Yes,No,wheat,planting,IL,TMIN,Wheat Planting
wheat_planting_IL_AWND,792,-4.502183401510169,0.00019486128806935578,-3.4388710830827125,-2.8653008652386576,-2.568772659807725,Yes,No,wheat,planting,IL,AWND,Wheat Planting
wheat_planting_IN_TMAX,792,-4.079566705397958,0.0010466494147658178,-3.4388710830827125,-2.8653008652386576,-2.568772659807725,Yes,No,wheat,planting,IN,TMAX,Wheat Planting
wheat_planting_IN_TMIN,792,-4.643008006665273,0.00010753740131802086,-3.4388710830827125,-2.8653008652386576,-2.568772659807725,Yes,No,wheat,planting,IN,TMIN,Wheat Planting
wheat_planting_IN_AWND,792,-3.0591480380295932,0.029727878798262313,-3.4388710830827125,-2.8653008652386576,-2.568772659807725,Yes,No,wheat,planting,IN,AWND,Wheat Planting
wheat_planting_KS_TMAX,792,-4.377645745424865,0.0003250714260813498,-3.4388710830827125,-2.8653008652386576,-2.568772659807725,Yes,No,wheat,planting,KS,TMAX,Wheat Planting
wheat_planting_KS_TMIN,792,-4.574934090734818,0.0001436310643887788,-3.4388710830827125,-2.8653008652386576,-2.568772659807725,Yes,No,wheat,planting,KS,TMIN,Wheat Planting
wheat_planting_KS_AWND,792,-2.6703503527458086,0.07931097383155178,-3.4388710830827125,-2.8653008652386576,-2.568772659807725,No,Yes,wheat,planting,KS,AWND,Wheat Planting
wheat_planting_KY_TMAX,792,-4.330768967080762,0.00039275938171175906,-3.4388710830827125,-2.8653008652386576,-2.568772659807725,Yes,No,wheat,planting,KY,TMAX,Wheat Planting
wheat_planting_KY_TMIN,792,-4.474493464463454,0.00021859483071721273,-3.4388710830827125,-2.8653008652386576,-2.568772659807725,Yes,No,wheat,planting,KY,TMIN,Wheat Planting
wheat_planting_KY_AWND,792,-2.6248306810665287,0.08797309224723976,-3.4388710830827125,-2.8653008652386576,-2.568772659807725,No,Yes,wheat,planting,KY,AWND,Wheat Planting
wheat_planting_LA_TMAX,792,-3.9465069488489966,0.001718028131510474,-3.4388710830827125,-2.8653008652386576,-2.568772659807725,Yes,No,wheat,planting,LA,TMAX,Wheat Planting
wheat_planting_LA_TMIN,792,-4.482038410631989,0.00021186891513343112,-3.4388710830827125,-2.8653008652386576,-2.568772659807725,Yes,No,wheat,planting,LA,TMIN,Wheat Planting
wheat_planting_LA_AWND,792,-2.826362585747483,0.0546056142923514,-3.4388710830827125,-2.8653008652386576,-2.568772659807725,No,Yes,wheat,planting,LA,AWND,Wheat Planting
wheat_planting_MA_TMAX,792,-4.615940101659356,0.00012070763675240637,-3.4388710830827125,-2.8653008652386576,-2.568772659807725,Yes,No,wheat,planting,MA,TMAX,Wheat Planting
wheat_planting_MA_TMIN,792,-4.267779592006335,0.000504877444562433,-3.4388710830827125,-2.8653008652386576,-2.568772659807725,Yes,No,wheat,planting,MA,TMIN,Wheat Planting
wheat_planting_MA_AWND,792,-2.5309412266975886,0.10812632355064644,-3.4388710830827125,-2.8653008652386576,-2.568772659807725,No,Yes,wheat,planting,MA,AWND,Wheat Planting
wheat_planting_MD_TMAX,792,-5.087373107367903,1.4862161684936374e-05,-3.4388710830827125,-2.8653008652386576,-2.568772659807725,Yes,No,wheat,planting,MD,TMAX,Wheat Planting
wheat_planting_MD_TMIN,792,-4.153080549917382,0.0007903279927470386,-3.4388710830827125,-2.8653008652386576,-2.568772659807725,Yes,No,wheat,planting,MD,TMIN,Wheat Planting
wheat_planting_MD_AWND,792,-3.3384737458110116,0.013243879871365433,-3.4388710830827125,-2.8653008652386576,-2.568772659807725,Yes,No,wheat,planting,MD,AWND,Wheat Planting
wheat_planting_ME_TMAX,792,-4.0116995601043826,0.001350472847593477,-3.4388710830827125,-2.8653008652386576,-2.568772659807725,Yes,No,wheat,planting,ME,TMAX,Wheat Planting
wheat_planting_ME_TMIN,792,-3.549314538150192,0.006807320599367109,-3.4388710830827125,-2.8653008652386576,-2.568772659807725,Yes,No,wheat,planting,ME,TMIN,Wheat Planting
wheat_planting_ME_AWND,792,-2.1326245179492105,0.2316000294906524,-3.4388710830827125,-2.8653008652386576,-2.568772659807725,No,Yes,wheat,planting,ME,AWND,Wheat Planting
wheat_planting_MI_TMAX,792,-3.902427147238148,0.002017057073116906,-3.4388710830827125,-2.8653008652386576,-2.568772659807725,Yes,No,wheat,planting,MI,TMAX,Wheat Planting
wheat_planting_MI_TMIN,792,-4.306997477946355,0.00043198011875683536,-3.4388710830827125,-2.8653008652386576,-2.568772659807725,Yes,No,wheat,planting,MI,TMIN,Wheat Planting
wheat_planting_MI_AWND,792,-3.077528550807704,0.028261492616257912,-3.4388710830827125,-2.8653008652386576,-2.568772659807725,Yes,No,wheat,planting,MI,AWND,Wheat Planting
wheat_planting_MN_TMAX,792,-3.954593926648098,0.0016678511637162618,-3.4388710830827125,-2.8653008652386576,-2.568772659807725,Yes,No,wheat,planting,MN,TMAX,Wheat Planting
wheat_planting_MN_TMIN,792,-3.9287231353288647,0.0018333405969752814,-3.4388710830827125,-2.8653008652386576,-2.568772659807725,Yes,No,wheat,planting,MN,TMIN,Wheat Planting
wheat_planting_MN_AWND,792,-2.5951265018662903,0.09400870964574509,-3.4388710830827125,-2.8653008652386576,-2.568772659807725,No,Yes,wheat,planting,MN,AWND,Wheat Planting
wheat_planting_MO_TMAX,792,-3.9543795880200934,0.0016691633111416834,-3.4388710830827125,-2.8653008652386576,-2.568772659807725,Yes,No,wheat,planting,MO,TMAX,Wheat Planting
wheat_planting_MO_TMIN,792,-4.480161690591891,0.00021352328754792934,-3.4388710830827125,-2.8653008652386576,-2.568772659807725,Yes,No,wheat,planting,MO,TMIN,Wheat Planting
wheat_planting_MO_AWND,792,-2.2623095282154697,0.1844120857419183,-3.4388710830827125,-2.8653008652386576,-2.568772659807725,No,Yes,wheat,planting,MO,AWND,Wheat Planting
wheat_planting_MS_TMAX,792,-3.9595829109905,0.001637578816109329,-3.4388710830827125,-2.8653008652386576,-2.568772659807725,Yes,No,wheat,planting,MS,TMAX,Wheat Planting
wheat_planting_MS_TMIN,792,-4.32931813739408,0.00039505328292732987,-3.4388710830827125,-2.8653008652386576,-2.568772659807725,Yes,No,wheat,planting,MS,TMIN,Wheat Planting
wheat_planting_MS_AWND,792,-5.484237628108157,2.2486067371970183e-06,-3.4388710830827125,-2.8653008652386576,-2.568772659807725,Yes,No,wheat,planting,MS,AWND,Wheat Planting
wheat_planting_MT_TMAX,792,-5.153900698385328,1.0911455150501914e-05,-3.4388710830827125,-2.8653008652386576,-2.568772659807725,Yes,No,wheat,planting,MT,TMAX,Wheat Planting
wheat_planting_MT_TMIN,792,-5.474254230502717,2.3610450967428242e-06,-3.4388710830827125,-2.8653008652386576,-2.568772659807725,Yes,No,wheat,planting,MT,TMIN,Wheat Planting
wheat_planting_MT_AWND,792,-5.064975709419803,1.64797705230827e-05,-3.4388599939707056,-2.865295977855759,-2.5687700561872413,Yes,No,wheat,planting,MT,AWND,Wheat Planting
wheat_planting_NC_TMAX,792,-4.555955946425158,0.00015559383662620984,-3.4388710830827125,-2.8653008652386576,-2.568772659807725,Yes,No,wheat,planting,NC,TMAX,Wheat Planting
wheat_planting_NC_TMIN,792,-4.129037083522157,0.0008668521896791931,-3.4388710830827125,-2.8653008652386576,-2.568772659807725,Yes,No,wheat,planting,NC,TMIN,Wheat Planting
wheat_planting_NC_AWND,792,-1.9707152598634745,0.2995591711965021,-3.4388710830827125,-2.8653008652386576,-2.568772659807725,No,Yes,wheat,planting,NC,AWND,Wheat Planting
wheat_planting_ND_TMAX,792,-4.527550831084936,0.00017528746552092288,-3.4388710830827125,-2.8653008652386576,-2.568772659807725,Yes,No,wheat,planting,ND,TMAX,Wheat Planting
wheat_planting_ND_TMIN,792,-4.237228226638135,0.0005695470013819347,-3.4388710830827125,-2.8653008652386576,-2.568772659807725,Yes,No,wheat,planting,ND,TMIN,Wheat Planting
wheat_planting_ND_AWND,792,-17.31884611581163,5.4971639848076684e-30,-3.4386546523763837,-2.865205472974755,-2.568721842653421,Yes,No,wheat,planting,ND,AWND,Wheat Planting
wheat_planting_NE_TMAX,792,-4.397175759813556,0.00030026748781502904,-3.4388710830827125,-2.8653008652386576,-2.568772659807725,Yes,No,wheat,planting,NE,TMAX,Wheat Planting
wheat_planting_NE_TMIN,792,-4.664746122807022,9.79661582020027e-05,-3.4388710830827125,-2.8653008652386576,-2.568772659807725,Yes,No,wheat,planting,NE,TMIN,Wheat Planting
wheat_planting_NE_AWND,792,-5.284859868787781,5.885231407106847e-06,-3.4388710830827125,-2.8653008652386576,-2.568772659807725,Yes,No,wheat,planting,NE,AWND,Wheat Planting
wheat_planting_NH_TMAX,792,-4.3137431065062,0.00042048987047080293,-3.4388710830827125,-2.8653008652386576,-2.568772659807725,Yes,No,wheat,planting,NH,TMAX,Wheat Planting
wheat_planting_NH_TMIN,792,-3.720520596124102,0.003833599416922321,-3.4388710830827125,-2.8653008652386576,-2.568772659807725,Yes,No,wheat,planting,NH,TMIN,Wheat Planting
wheat_planting_NH_AWND,792,-2.3917057423481807,0.1440910994033383,-3.4388268991356936,-2.8652813916285518,-2.5687622857867782,No,Yes,wheat,planting,NH,AWND,Wheat Planting
wheat_planting_NJ_TMAX,792,-4.779671651722248,5.947078159840084e-05,-3.4388710830827125,-2.8653008652386576,-2.568772659807725,Yes,No,wheat,planting,NJ,TMAX,Wheat Planting
wheat_planting_NJ_TMIN,792,-3.9843769781065945,0.0014945639794641777,-3.4388710830827125,-2.8653008652386576,-2.568772659807725,Yes,No,wheat,planting,NJ,TMIN,Wheat Planting
wheat_planting_NJ_AWND,792,-1.9791045216510477,0.29580951531668886,-3.4388710830827125,-2.8653008652386576,-2.568772659807725,No,Yes,wheat,planting,NJ,AWND,Wheat Planting
wheat_planting_NM_TMAX,792,-5.113861902203825,1.3146603082533391e-05,-3.4388710830827125,-2.8653008652386576,-2.568772659807725,Yes,No,wheat,planting,NM,TMAX,Wheat Planting
wheat_planting_NM_TMIN,792,-4.2725246456425054,0.0004954772674249504,-3.4388710830827125,-2.8653008652386576,-2.568772659807725,Yes,No,wheat,planting,NM,TMIN,Wheat Planting
wheat_planting_NM_AWND,792,-2.683824483738894,0.07687940878771972,-3.4388710830827125,-2.8653008652386576,-2.568772659807725,No,Yes,wheat,planting,NM,AWND,Wheat Planting
wheat_planting_NV_TMAX,792,-4.501780803116281,0.00019518809226802018,-3.4388710830827125,-2.8653008652386576,-2.568772659807725,Yes,No,wheat,planting,NV,TMAX,Wheat Planting
wheat_planting_NV_TMIN,792,-5.004366723102562,2.175573672906732e-05,-3.4388710830827125,-2.8653008652386576,-2.568772659807725,Yes,No,wheat,planting,NV,TMIN,Wheat Planting
wheat_planting_NV_AWND,792,-1.663030643013463,0.45025373876906155,-3.4388710830827125,-2.8653008652386576,-2.568772659807725,No,Yes,wheat,planting,NV,AWND,Wheat Planting
wheat_planting_NY_TMAX,792,-4.642341354921199,0.0001078446039874059,-3.4388710830827125,-2.8653008652386576,-2.568772659807725,Yes,No,wheat,planting,NY,TMAX,Wheat Planting
wheat_planting_NY_TMIN,792,-4.471489924764455,0.0002213283883189709,-3.4388710830827125,-2.8653008652386576,-2.568772659807725,Yes,No,wheat,planting,NY,TMIN,Wheat Planting
wheat_planting_NY_AWND,792,-2.269545168436104,0.18197842648467683,-3.4388599939707056,-2.865295977855759,-2.5687700561872413,No,Yes,wheat,planting,NY,AWND,Wheat Planting
wheat_planting_OH_TMAX,792,-4.2617167522137125,0.0005171330495538524,-3.4388710830827125,-2.8653008652386576,-2.568772659807725,Yes,No,wheat,planting,OH,TMAX,Wheat Planting
wheat_planting_OH_TMIN,792,-4.410168510841265,0.000284771511148857,-3.4388710830827125,-2.8653008652386576,-2.568772659807725,Yes,No,wheat,planting,OH,TMIN,Wheat Planting
wheat_planting_OH_AWND,792,-2.938549453284104,0.04104536859864728,-3.4388710830827125,-2.8653008652386576,-2.568772659807725,Yes,No,wheat,planting,OH,AWND,Wheat Planting
wheat_planting_OK_TMAX,792,-4.781902291246009,5.889129670514524e-05,-3.4388710830827125,-2.8653008652386576,-2.568772659807725,Yes,No,wheat,planting,OK,TMAX,Wheat Planting
wheat_planting_OK_TMIN,792,-4.740080087638735,7.071276705249963e-05,-3.4388710830827125,-2.8653008652386576,-2.568772659807725,Yes,No,wheat,planting,OK,TMIN,Wheat Planting
wheat_planting_OK_AWND,792,-3.9894237387206224,0.0014669155021080095,-3.4388710830827125,-2.8653008652386576,-2.568772659807725,Yes,No,wheat,planting,OK,AWND,Wheat Planting
wheat_planting_OR_TMAX,792,-5.0149418330141575,2.0730597531518486e-05,-3.4388710830827125,-2.8653008652386576,-2.568772659807725,Yes,No,wheat,planting,OR,TMAX,Wheat Planting
wheat_planting_OR_TMIN,792,-4.399643973811259,0.0002972635638619792,-3.4388710830827125,-2.8653008652386576,-2.568772659807725,Yes,No,wheat,planting,OR,TMIN,Wheat Planting
wheat_planting_OR_AWND,792,-9.655308955636666,1.3992881083726487e-16,-3.438697054464251,-2.8652241623148678,-2.5687317987167284,Yes,No,wheat,planting,OR,AWND,Wheat Planting
wheat_planting_PA_TMAX,792,-5.07094857039273,1.6032492137953394e-05,-3.4388710830827125,-2.8653008652386576,-2.568772659807725,Yes,No,wheat,planting,PA,TMAX,Wheat Planting
wheat_planting_PA_TMIN,792,-4.391210056132478,0.0003076472511486151,-3.4388710830827125,-2.8653008652386576,-2.568772659807725,Yes,No,wheat,planting,PA,TMIN,Wheat Planting
wheat_planting_PA_AWND,792,-2.261632050720392,0.1846410374850656,-3.4388710830827125,-2.8653008652386576,-2.568772659807725,No,Yes,wheat,planting,PA,AWND,Wheat Planting
wheat_planting_RI_TMAX,792,-4.320726150674556,0.00040889974930664505,-3.4388710830827125,-2.8653008652386576,-2.568772659807725,Yes,No,wheat,planting,RI,TMAX,Wheat Planting
wheat_planting_RI_TMIN,792,-5.045896871467739,1.79906726006714e-05,-3.4388710830827125,-2.8653008652386576,-2.568772659807725,Yes,No,wheat,planting,RI,TMIN,Wheat Planting
wheat_planting_RI_AWND,792,-3.7341091653590786,0.0036581711726994624,-3.4388710830827125,-2.8653008652386576,-2.568772659807725,Yes,No,wheat,planting,RI,AWND,Wheat Planting
wheat_planting_SC_TMAX,792,-4.700467580472301,8.398274365549421e-05,-3.4388710830827125,-2.8653008652386576,-2.568772659807725,Yes,No,wheat,planting,SC,TMAX,Wheat Planting
wheat_planting_SC_TMIN,792,-4.727565294701007,7.4671383248212e-05,-3.4388710830827125,-2.8653008652386576,-2.568772659807725,Yes,No,wheat,planting,SC,TMIN,Wheat Planting
wheat_planting_SC_AWND,792,-2.523318685126747,0.10990323060606816,-3.4388710830827125,-2.8653008652386576,-2.568772659807725,No,Yes,wheat,planting,SC,AWND,Wheat Planting
wheat_planting_SD_TMAX,792,-4.6585220281378765,0.00010062002393293298,-3.4388710830827125,-2.8653008652386576,-2.568772659807725,Yes,No,wheat,planting,SD,TMAX,Wheat Planting
wheat_planting_SD_TMIN,792,-4.648296153159151,0.00010512999740572339,-3.4388710830827125,-2.8653008652386576,-2.568772659807725,Yes,No,wheat,planting,SD,TMIN,Wheat Planting
wheat_planting_SD_AWND,792,-5.183102927906494,9.517980832572495e-06,-3.4388710830827125,-2.8653008652386576,-2.568772659807725,Yes,No,wheat,planting,SD,AWND,Wheat Planting
wheat_planting_TN_TMAX,792,-4.162615719408116,0.0007617733467994099,-3.4388710830827125,-2.8653008652386576,-2.568772659807725,Yes,No,wheat,planting,TN,TMAX,Wheat Planting
wheat_planting_TN_TMIN,792,-4.566734495768914,0.00014868790751760034,-3.4388710830827125,-2.8653008652386576,-2.568772659807725,Yes,No,wheat,planting,TN,TMIN,Wheat Planting
wheat_planting_TN_AWND,792,-3.5003894005931593,0.007977099059422878,-3.4388710830827125,-2.8653008652386576,-2.568772659807725,Yes,No,wheat,planting,TN,AWND,Wheat Planting
wheat_planting_TX_TMAX,792,-4.041823999651873,0.0012066669293398084,-3.4388710830827125,-2.8653008652386576,-2.568772659807725,Yes,No,wheat,planting,TX,TMAX,Wheat Planting
wheat_planting_TX_TMIN,792,-3.882967511047878,0.0021638346836758697,-3.4388710830827125,-2.8653008652386576,-2.568772659807725,Yes,No,wheat,planting,TX,TMIN,Wheat Planting
wheat_planting_TX_AWND,792,-2.3860325326823886,0.14571749181899935,-3.4388710830827125,-2.8653008652386576,-2.568772659807725,No,Yes,wheat,planting,TX,AWND,Wheat Planting
wheat_planting_UT_TMAX,792,-3.4333521375179266,0.009873102906305744,-3.4388710830827125,-2.8653008652386576,-2.568772659807725,Yes,No,wheat,planting,UT,TMAX,Wheat Planting
wheat_planting_UT_TMIN,792,-4.27593865181901,0.0004888163367321573,-3.4388710830827125,-2.8653008652386576,-2.568772659807725,Yes,No,wheat,planting,UT,TMIN,Wheat Planting
wheat_planting_UT_AWND,792,-1.1743378910957243,0.6845363593767834,-3.4388710830827125,-2.8653008652386576,-2.568772659807725,No,Yes,wheat,planting,UT,AWND,Wheat Planting
wheat_planting_VA_TMAX,792,-4.661737794958171,9.924040048516457e-05,-3.4388710830827125,-2.8653008652386576,-2.568772659807725,Yes,No,wheat,planting,VA,TMAX,Wheat Planting
wheat_planting_VA_TMIN,792,-3.938760661370392,0.0017674024255281875,-3.4388710830827125,-2.8653008652386576,-2.568772659807725,Yes,No,wheat,planting,VA,TMIN,Wheat Planting
wheat_planting_VA_AWND,792,-2.63727079996528,0.08553617966494126,-3.4388710830827125,-2.8653008652386576,-2.568772659807725,No,Yes,wheat,planting,VA,AWND,Wheat Planting
wheat_planting_VT_TMAX,792,-4.64235264997372,0.00010783939208957314,-3.4388710830827125,-2.8653008652386576,-2.568772659807725,Yes,No,wheat,planting,VT,TMAX,Wheat Planting
wheat_planting_VT_TMIN,792,-4.375531599519667,0.00032786995892008873,-3.4388710830827125,-2.8653008652386576,-2.568772659807725,Yes,No,wheat,planting,VT,TMIN,Wheat Planting
wheat_planting_VT_AWND,792,-2.2836287130560162,0.17730241123315582,-3.4388710830827125,-2.8653008652386576,-2.568772659807725,No,Yes,wheat,planting,VT,AWND,Wheat Planting
wheat_planting_WA_TMAX,792,-4.608003291516369,0.00012485259842480266,-3.4388710830827125,-2.8653008652386576,-2.568772659807725,Yes,No,wheat,planting,WA,TMAX,Wheat Planting
wheat_planting_WA_TMIN,792,-4.9896334557266675,2.3265810028865173e-05,-3.4388710830827125,-2.8653008652386576,-2.568772659807725,Yes,No,wheat,planting,WA,TMIN,Wheat Planting
wheat_planting_WA_AWND,792,-3.4685355453494213,0.008832907878084464,-3.4388489336836003,-2.865291103159288,-2.568767459327767,Yes,No,wheat,planting,WA,AWND,Wheat Planting
wheat_planting_WI_TMAX,792,-3.7529410397132605,0.003427201853334415,-3.4388710830827125,-2.8653008652386576,-2.568772659807725,Yes,No,wheat,planting,WI,TMAX,Wheat Planting
wheat_planting_WI_TMIN,792,-4.010559801178351,0.0013562152980844532,-3.4388710830827125,-2.8653008652386576,-2.568772659807725,Yes,No,wheat,planting,WI,TMIN,Wheat Planting
wheat_planting_WI_AWND,792,-2.80556045707487,0.05748387567543467,-3.4388710830827125,-2.8653008652386576,-2.568772659807725,No,Yes,wheat,planting,WI,AWND,Wheat Planting
wheat_planting_WV_TMAX,792,-4.735240269007268,7.221922603856114e-05,-3.4388710830827125,-2.8653008652386576,-2.568772659807725,Yes,No,wheat,planting,WV,TMAX,Wheat Planting
wheat_planting_WV_TMIN,792,-4.316099915408335,0.0004165438866479509,-3.4388710830827125,-2.8653008652386576,-2.568772659807725,Yes,No,wheat,planting,WV,TMIN,Wheat Planting
wheat_planting_WV_AWND,792,-3.77101126102951,0.003218229564703188,-3.4388710830827125,-2.8653008652386576,-2.568772659807725,Yes,No,wheat,planting,WV,AWND,Wheat Planting
wheat_planting_WY_TMAX,792,-5.514986829254835,1.934069996163451e-06,-3.4388710830827125,-2.8653008652386576,-2.568772659807725,Yes,No,wheat,planting,WY,TMAX,Wheat Planting
wheat_planting_WY_TMIN,792,-5.124950757818117,1.248674345794072e-05,-3.4388710830827125,-2.8653008652386576,-2.568772659807725,Yes,No,wheat,planting,WY,TMIN,Wheat Planting
wheat_planting_WY_AWND,792,-9.340310114164332,8.833417344591015e-16,-3.4386652124595614,-2.865210127510208,-2.5687243221835088,Yes,No,wheat,planting,WY,AWND,Wheat Planting
wheat_harvesting_AK_TMAX,576,-4.443748985566926,0.00024815809628225854,-3.4421660928041633,-2.8667523104859627,-2.56954599309042,Yes,No,wheat,harvesting,AK,TMAX,Wheat Harvesting
wheat_harvesting_AK_TMIN,576,-4.646762248011584,0.00010582294562435446,-3.4421660928041633,-2.8667523104859627,-2.56954599309042,Yes,No,wheat,harvesting,AK,TMIN,Wheat Harvesting
wheat_harvesting_AK_AWND,576,-1.387738684262361,0.5881400272196943,-3.442081300525009,-2.8667149792729596,-2.569526100127551,No,Yes,wheat,harvesting,AK,AWND,Wheat Harvesting
wheat_harvesting_AL_TMAX,576,-5.275942096481207,6.140225865822939e-06,-3.4421660928041633,-2.8667523104859627,-2.56954599309042,Yes,No,wheat,harvesting,AL,TMAX,Wheat Harvesting
wheat_harvesting_AL_TMIN,576,-3.5924489035799048,0.005907040309939806,-3.442102384299813,-2.8667242618524233,-2.569531046591633,Yes,No,wheat,harvesting,AL,TMIN,Wheat Harvesting
wheat_harvesting_AL_AWND,576,-2.8486419618421106,0.051654497809525635,-3.4421235439968862,-2.866733577794069,-2.569536010842615,No,Yes,wheat,harvesting,AL,AWND,Wheat Harvesting
wheat_harvesting_AR_TMAX,576,-4.436001346416388,0.0002561860197596418,-3.4421660928041633,-2.8667523104859627,-2.56954599309042,Yes,No,wheat,harvesting,AR,TMAX,Wheat Harvesting
wheat_harvesting_AR_TMIN,576,-4.782145539442463,5.8828433185016015e-05,-3.4421660928041633,-2.8667523104859627,-2.56954599309042,Yes,No,wheat,harvesting,AR,TMIN,Wheat Harvesting
wheat_harvesting_AR_AWND,576,-2.6793316320828358,0.0776835932973024,-3.4421447800270673,-2.8667429272780858,-2.5695409929766093,No,Yes,wheat,harvesting,AR,AWND,Wheat Harvesting
wheat_harvesting_AZ_TMAX,576,-4.105519134888201,0.0009483786039218195,-3.442081300525009,-2.8667149792729596,-2.569526100127551,Yes,No,wheat,harvesting,AZ,TMAX,Wheat Harvesting
wheat_harvesting_AZ_TMIN,576,-4.856138834576523,4.241917541908591e-05,-3.442081300525009,-2.8667149792729596,-2.569526100127551,Yes,No,wheat,harvesting,AZ,TMIN,Wheat Harvesting
wheat_harvesting_AZ_AWND,576,-3.27685785179319,0.01594515703766104,-3.442102384299813,-2.8667242618524233,-2.569531046591633,Yes,No,wheat,harvesting,AZ,AWND,Wheat Harvesting
wheat_harvesting_CA_TMAX,576,-4.106819764093603,0.0009436885216786543,-3.442102384299813,-2.8667242618524233,-2.569531046591633,Yes,No,wheat,harvesting,CA,TMAX,Wheat Harvesting
wheat_harvesting_CA_TMIN,576,-2.830159173062939,0.05409320902822654,-3.442102384299813,-2.8667242618524233,-2.569531046591633,No,Yes,wheat,harvesting,CA,TMIN,Wheat Harvesting
wheat_harvesting_CA_AWND,576,-3.1810809295234486,0.021106240793574312,-3.442102384299813,-2.8667242618524233,-2.569531046591633,Yes,No,wheat,harvesting,CA,AWND,Wheat Harvesting
wheat_harvesting_CO_TMAX,576,-4.0586416929171785,0.001132733299677215,-3.442081300525009,-2.8667149792729596,-2.569526100127551,Yes,No,wheat,harvesting,CO,TMAX,Wheat Harvesting
wheat_harvesting_CO_TMIN,576,-3.900897247589142,0.002028253772031637,-3.442081300525009,-2.8667149792729596,-2.569526100127551,Yes,No,wheat,harvesting,CO,TMIN,Wheat Harvesting
wheat_harvesting_CO_AWND,576,-2.466098959918479,0.12394217387852002,-3.442081300525009,-2.8667149792729596,-2.569526100127551,No,Yes,wheat,harvesting,CO,AWND,Wheat Harvesting
wheat_harvesting_CT_TMAX,576,-4.348737469635951,0.0003653734635213285,-3.442102384299813,-2.8667242618524233,-2.569531046591633,Yes,No,wheat,harvesting,CT,TMAX,Wheat Harvesting
wheat_harvesting_CT_TMIN,576,-3.043383205298466,0.031036813566595295,-3.442102384299813,-2.8667242618524233,-2.569531046591633,Yes,No,wheat,harvesting,CT,TMIN,Wheat Harvesting
wheat_harvesting_CT_AWND,576,-2.5376312458725128,0.10658459410143606,-3.4421235439968862,-2.866733577794069,-2.569536010842615,No,Yes,wheat,harvesting,CT,AWND,Wheat Harvesting
wheat_harvesting_DE_TMAX,576,-4.392593322099713,0.00030592095734966514,-3.442102384299813,-2.8667242618524233,-2.569531046591633,Yes,No,wheat,harvesting,DE,TMAX,Wheat Harvesting
wheat_harvesting_DE_TMIN,576,-3.4121794528071336,0.010550616142888939,-3.442102384299813,-2.8667242618524233,-2.569531046591633,Yes,No,wheat,harvesting,DE,TMIN,Wheat Harvesting
wheat_harvesting_DE_AWND,576,-3.6393029353846056,0.005052598780104887,-3.442081300525009,-2.8667149792729596,-2.569526100127551,Yes,No,wheat,harvesting,DE,AWND,Wheat Harvesting
wheat_harvesting_FL_TMAX,576,-4.45406435842995,0.0002378396448419937,-3.4421447800270673,-2.8667429272780858,-2.5695409929766093,Yes,No,wheat,harvesting,FL,TMAX,Wheat Harvesting
wheat_harvesting_FL_TMIN,576,-2.0932215230504285,0.24724898253742628,-3.4421235439968862,-2.866733577794069,-2.569536010842615,No,Yes,wheat,harvesting,FL,TMIN,Wheat Harvesting
wheat_harvesting_FL_AWND,576,-10.922977016330826,1.0268545930113345e-19,-3.4418948967017475,-2.8666329082535222,-2.569482366838501,Yes,No,wheat,harvesting,FL,AWND,Wheat Harvesting
wheat_harvesting_GA_TMAX,576,-5.26409454079233,6.4956192594946975e-06,-3.4421660928041633,-2.8667523104859627,-2.56954599309042,Yes,No,wheat,harvesting,GA,TMAX,Wheat Harvesting
wheat_harvesting_GA_TMIN,576,-3.9490922226931344,0.0017018369345022154,-3.442081300525009,-2.8667149792729596,-2.569526100127551,Yes,No,wheat,harvesting,GA,TMIN,Wheat Harvesting
wheat_harvesting_GA_AWND,576,-2.9451241378148785,0.04034669700761494,-3.4421235439968862,-2.866733577794069,-2.569536010842615,Yes,No,wheat,harvesting,GA,AWND,Wheat Harvesting
wheat_harvesting_HI_TMAX,576,-3.359642620946385,0.012414040769305997,-3.4421235439968862,-2.866733577794069,-2.569536010842615,Yes,No,wheat,harvesting,HI,TMAX,Wheat Harvesting
wheat_harvesting_HI_TMIN,576,-2.7031441107895384,0.0734957790289502,-3.4421235439968862,-2.866733577794069,-2.569536010842615,No,Yes,wheat,harvesting,HI,TMIN,Wheat Harvesting
wheat_harvesting_HI_AWND,576,-2.886206586203789,0.04697565620953023,-3.442102384299813,-2.8667242618524233,-2.569531046591633,Yes,No,wheat,harvesting,HI,AWND,Wheat Harvesting
wheat_harvesting_IA_TMAX,576,-3.9997995502017227,0.001411561230747073,-3.442102384299813,-2.8667242618524233,-2.569531046591633,Yes,No,wheat,harvesting,IA,TMAX,Wheat Harvesting
wheat_harvesting_IA_TMIN,576,-5.002118763367927,2.197986772262722e-05,-3.4421660928041633,-2.8667523104859627,-2.56954599309042,Yes,No,wheat,harvesting,IA,TMIN,Wheat Harvesting
wheat_harvesting_IA_AWND,576,-3.148303390416812,0.02317896697470258,-3.442102384299813,-2.8667242618524233,-2.569531046591633,Yes,No,wheat,harvesting,IA,AWND,Wheat Harvesting
wheat_harvesting_ID_TMAX,576,-4.719175427904223,7.744314034203911e-05,-3.442081300525009,-2.8667149792729596,-2.569526100127551,Yes,No,wheat,harvesting,ID,TMAX,Wheat Harvesting
wheat_harvesting_ID_TMIN,576,-3.909604167435392,0.001965291708302264,-3.442081300525009,-2.8667149792729596,-2.569526100127551,Yes,No,wheat,harvesting,ID,TMIN,Wheat Harvesting
wheat_harvesting_ID_AWND,576,-4.127111203069228,0.0008732731159568491,-3.4421235439968862,-2.866733577794069,-2.569536010842615,Yes,No,wheat,harvesting,ID,AWND,Wheat Harvesting
wheat_harvesting_IL_TMAX,576,-4.792992915132017,5.60896273509578e-05,-3.4421660928041633,-2.8667523104859627,-2.56954599309042,Yes,No,wheat,harvesting,IL,TMAX,Wheat Harvesting
wheat_harvesting_IL_TMIN,576,-5.18620277392102,9.380603117175107e-06,-3.4421660928041633,-2.8667523104859627,-2.56954599309042,Yes,No,wheat,harvesting,IL,TMIN,Wheat Harvesting
wheat_harvesting_IL_AWND,576,-4.0022627926825765,0.0013987088447670012,-3.442102384299813,-2.8667242618524233,-2.569531046591633,Yes,No,wheat,harvesting,IL,AWND,Wheat Harvesting
wheat_harvesting_IN_TMAX,576,-4.863199452739646,4.110678281662191e-05,-3.4421660928041633,-2.8667523104859627,-2.56954599309042,Yes,No,wheat,harvesting,IN,TMAX,Wheat Harvesting
wheat_harvesting_IN_TMIN,576,-4.8830596833078594,3.762122145982944e-05,-3.4421660928041633,-2.8667523104859627,-2.56954599309042,Yes,No,wheat,harvesting,IN,TMIN,Wheat Harvesting
wheat_harvesting_IN_AWND,576,-2.587246949685513,0.09566181434801474,-3.442102384299813,-2.8667242618524233,-2.569531046591633,No,Yes,wheat,harvesting,IN,AWND,Wheat Harvesting
wheat_harvesting_KS_TMAX,576,-4.311110046467826,0.00042494013847477105,-3.442081300525009,-2.8667149792729596,-2.569526100127551,Yes,No,wheat,harvesting,KS,TMAX,Wheat Harvesting
wheat_harvesting_KS_TMIN,576,-4.390540987862115,0.00030848554586969363,-3.442102384299813,-2.8667242618524233,-2.569531046591633,Yes,No,wheat,harvesting,KS,TMIN,Wheat Harvesting
wheat_harvesting_KS_AWND,576,-2.9425841007795484,0.04061543123466673,-3.442102384299813,-2.8667242618524233,-2.569531046591633,Yes,No,wheat,harvesting,KS,AWND,Wheat Harvesting
wheat_harvesting_KY_TMAX,576,-5.501173505898442,2.0696757602573778e-06,-3.4421660928041633,-2.8667523104859627,-2.56954599309042,Yes,No,wheat,harvesting,KY,TMAX,Wheat Harvesting
wheat_harvesting_KY_TMIN,576,-4.364337823288474,0.00034307155471014633,-3.4421660928041633,-2.8667523104859627,-2.56954599309042,Yes,No,wheat,harvesting,KY,TMIN,Wheat Harvesting
wheat_harvesting_KY_AWND,576,-2.4542088045634376,0.127016928064477,-3.4421235439968862,-2.866733577794069,-2.569536010842615,No,Yes,wheat,harvesting,KY,AWND,Wheat Harvesting
wheat_harvesting_LA_TMAX,576,-4.236799276656479,0.0005705082116043052,-3.4421660928041633,-2.8667523104859627,-2.56954599309042,Yes,No,wheat,harvesting,LA,TMAX,Wheat Harvesting
wheat_harvesting_LA_TMIN,576,-3.116778199883769,0.025336186852828062,-3.442102384299813,-2.8667242618524233,-2.569531046591633,Yes,No,wheat,harvesting,LA,TMIN,Wheat Harvesting
wheat_harvesting_LA_AWND,576,-3.587800294930024,0.005998589093545803,-3.442081300525009,-2.8667149792729596,-2.569526100127551,Yes,No,wheat,harvesting,LA,AWND,Wheat Harvesting
wheat_harvesting_MA_TMAX,576,-4.919219502361694,3.1991506558216095e-05,-3.4421660928041633,-2.8667523104859627,-2.56954599309042,Yes,No,wheat,harvesting,MA,TMAX,Wheat Harvesting
wheat_harvesting_MA_TMIN,576,-3.550996029705056,0.006770023655327941,-3.442102384299813,-2.8667242618524233,-2.569531046591633,Yes,No,wheat,harvesting,MA,TMIN,Wheat Harvesting
wheat_harvesting_MA_AWND,576,-1.8655733744327523,0.3484256808107082,-3.4421447800270673,-2.8667429272780858,-2.5695409929766093,No,Yes,wheat,harvesting,MA,AWND,Wheat Harvesting
wheat_harvesting_MD_TMAX,576,-5.2227717545815695,7.898116615460962e-06,-3.4421660928041633,-2.8667523104859627,-2.56954599309042,Yes,No,wheat,harvesting,MD,TMAX,Wheat Harvesting
wheat_harvesting_MD_TMIN,576,-3.164200999881523,0.022152652258918555,-3.442102384299813,-2.8667242618524233,-2.569531046591633,Yes,No,wheat,harvesting,MD,TMIN,Wheat Harvesting
wheat_harvesting_MD_AWND,576,-2.681954575103697,0.0772133080660548,-3.4421235439968862,-2.866733577794069,-2.569536010842615,No,Yes,wheat,harvesting,MD,AWND,Wheat Harvesting
wheat_harvesting_ME_TMAX,576,-4.485069640100366,0.00020922252287225402,-3.442102384299813,-2.8667242618524233,-2.569531046591633,Yes,No,wheat,harvesting,ME,TMAX,Wheat Harvesting
wheat_harvesting_ME_TMIN,576,-3.2569854103233493,0.01691418446586096,-3.4421447800270673,-2.8667429272780858,-2.5695409929766093,Yes,No,wheat,harvesting,ME,TMIN,Wheat Harvesting
wheat_harvesting_ME_AWND,576,-1.3991851707650858,0.5826666954977808,-3.442102384299813,-2.8667242618524233,-2.569531046591633,No,Yes,wheat,harvesting,ME,AWND,Wheat Harvesting
wheat_harvesting_MI_TMAX,576,-5.065393771866323,1.6448075584485816e-05,-3.4421660928041633,-2.8667523104859627,-2.56954599309042,Yes,No,wheat,harvesting,MI,TMAX,Wheat Harvesting
wheat_harvesting_MI_TMIN,576,-4.860648076303114,4.157645191016097e-05,-3.4421660928041633,-2.8667523104859627,-2.56954599309042,Yes,No,wheat,harvesting,MI,TMIN,Wheat Harvesting
wheat_harvesting_MI_AWND,576,-2.7384303432381523,0.06762093816431182,-3.442102384299813,-2.8667242618524233,-2.569531046591633,No,Yes,wheat,harvesting,MI,AWND,Wheat Harvesting
wheat_harvesting_MN_TMAX,576,-4.662448458789888,9.89379617554664e-05,-3.442081300525009,-2.8667149792729596,-2.569526100127551,Yes,No,wheat,harvesting,MN,TMAX,Wheat Harvesting
wheat_harvesting_MN_TMIN,576,-4.74793601519309,6.833140452574436e-05,-3.4421660928041633,-2.8667523104859627,-2.56954599309042,Yes,No,wheat,harvesting,MN,TMIN,Wheat Harvesting
wheat_harvesting_MN_AWND,576,-2.5819585346984244,0.09678369602182912,-3.442102384299813,-2.8667242618524233,-2.569531046591633,No,Yes,wheat,harvesting,MN,AWND,Wheat Harvesting
wheat_harvesting_MO_TMAX,576,-4.55230871723166,0.00015799909192909753,-3.4421660928041633,-2.8667523104859627,-2.56954599309042,Yes,No,wheat,harvesting,MO,TMAX,Wheat Harvesting
wheat_harvesting_MO_TMIN,576,-4.902141569151827,3.454116185756961e-05,-3.4421660928041633,-2.8667523104859627,-2.56954599309042,Yes,No,wheat,harvesting,MO,TMIN,Wheat Harvesting
wheat_harvesting_MO_AWND,576,-2.4235318271092656,0.13520456839157746,-3.4421447800270673,-2.8667429272780858,-2.5695409929766093,No,Yes,wheat,harvesting,MO,AWND,Wheat Harvesting
wheat_harvesting_MS_TMAX,576,-4.39308241571721,0.0003053127758759141,-3.4421660928041633,-2.8667523104859627,-2.56954599309042,Yes,No,wheat,harvesting,MS,TMAX,Wheat Harvesting
wheat_harvesting_MS_TMIN,576,-3.390559815279165,0.011284927498989749,-3.4421660928041633,-2.8667523104859627,-2.56954599309042,Yes,No,wheat,harvesting,MS,TMIN,Wheat Harvesting
wheat_harvesting_MS_AWND,576,-4.4475192793982865,0.00024433834928293247,-3.442081300525009,-2.8667149792729596,-2.569526100127551,Yes,No,wheat,harvesting,MS,AWND,Wheat Harvesting
wheat_harvesting_MT_TMAX,576,-4.437108255019102,0.000255024162182229,-3.442081300525009,-2.8667149792729596,-2.569526100127551,Yes,No,wheat,harvesting,MT,TMAX,Wheat Harvesting
wheat_harvesting_MT_TMIN,576,-3.8219290416347755,0.0026907545783521553,-3.4421447800270673,-2.8667429272780858,-2.5695409929766093,Yes,No,wheat,harvesting,MT,TMIN,Wheat Harvesting
wheat_harvesting_MT_AWND,576,-3.2913322430302507,0.015270397307029396,-3.442102384299813,-2.8667242618524233,-2.569531046591633,Yes,No,wheat,harvesting,MT,AWND,Wheat Harvesting
wheat_harvesting_NC_TMAX,576,-4.9472401994242725,2.81959192551166e-05,-3.4421660928041633,-2.8667523104859627,-2.56954599309042,Yes,No,wheat,harvesting,NC,TMAX,Wheat Harvesting
wheat_harvesting_NC_TMIN,576,-2.959687587068897,0.03883444443628313,-3.442102384299813,-2.8667242618524233,-2.569531046591633,Yes,No,wheat,harvesting,NC,TMIN,Wheat Harvesting
wheat_harvesting_NC_AWND,576,-1.4729729985617745,0.5468363425016034,-3.4421447800270673,-2.8667429272780858,-2.5695409929766093,No,Yes,wheat,harvesting,NC,AWND,Wheat Harvesting
wheat_harvesting_ND_TMAX,576,-4.82680564089412,4.831551174014025e-05,-3.4421660928041633,-2.8667523104859627,-2.56954599309042,Yes,No,wheat,harvesting,ND,TMAX,Wheat Harvesting
wheat_harvesting_ND_TMIN,576,-4.76441246460514,6.358407678580657e-05,-3.4421660928041633,-2.8667523104859627,-2.56954599309042,Yes,No,wheat,harvesting,ND,TMIN,Wheat Harvesting
wheat_harvesting_ND_AWND,576,-4.262304033339373,0.0005159337445678207,-3.442102384299813,-2.8667242618524233,-2.569531046591633,Yes,No,wheat,harvesting,ND,AWND,Wheat Harvesting
wheat_harvesting_NE_TMAX,576,-4.0639823405556035,0.0011101546211541317,-3.442081300525009,-2.8667149792729596,-2.569526100127551,Yes,No,wheat,harvesting,NE,TMAX,Wheat Harvesting
wheat_harvesting_NE_TMIN,576,-4.235825847803858,0.0005726951847975316,-3.442102384299813,-2.8667242618524233,-2.569531046591633,Yes,No,wheat,harvesting,NE,TMIN,Wheat Harvesting
wheat_harvesting_NE_AWND,576,-3.756030390440544,0.003390614974785219,-3.442102384299813,-2.8667242618524233,-2.569531046591633,Yes,No,wheat,harvesting,NE,AWND,Wheat Harvesting
wheat_harvesting_NH_TMAX,576,-4.176439000947117,0.0007220926572387876,-3.4421660928041633,-2.8667523104859627,-2.56954599309042,Yes,No,wheat,harvesting,NH,TMAX,Wheat Harvesting
wheat_harvesting_NH_TMIN,576,-3.180003911982809,0.02117170150454296,-3.4421447800270673,-2.8667429272780858,-2.5695409929766093,Yes,No,wheat,harvesting,NH,TMIN,Wheat Harvesting
wheat_harvesting_NH_AWND,576,-2.352603726321002,0.1555627155655766,-3.4421447800270673,-2.8667429272780858,-2.5695409929766093,No,Yes,wheat,harvesting,NH,AWND,Wheat Harvesting
wheat_harvesting_NJ_TMAX,576,-4.539640418715165,0.00016663169916696774,-3.442102384299813,-2.8667242618524233,-2.569531046591633,Yes,No,wheat,harvesting,NJ,TMAX,Wheat Harvesting
wheat_harvesting_NJ_TMIN,576,-3.101376864616814,0.02645146199194829,-3.442102384299813,-2.8667242618524233,-2.569531046591633,Yes,No,wheat,harvesting,NJ,TMIN,Wheat Harvesting
wheat_harvesting_NJ_AWND,576,-1.877269664226962,0.3428285573008064,-3.442081300525009,-2.8667149792729596,-2.569526100127551,No,Yes,wheat,harvesting,NJ,AWND,Wheat Harvesting
wheat_harvesting_NM_TMAX,576,-4.8139445675023715,5.114205249842417e-05,-3.4421447800270673,-2.8667429272780858,-2.5695409929766093,Yes,No,wheat,harvesting,NM,TMAX,Wheat Harvesting
wheat_harvesting_NM_TMIN,576,-3.9519747415373843,0.0016839512928118808,-3.442081300525009,-2.8667149792729596,-2.569526100127551,Yes,No,wheat,harvesting,NM,TMIN,Wheat Harvesting
wheat_harvesting_NM_AWND,576,-4.772918981708247,6.12585458225363e-05,-3.4421447800270673,-2.8667429272780858,-2.5695409929766093,Yes,No,wheat,harvesting,NM,AWND,Wheat Harvesting
wheat_harvesting_NV_TMAX,576,-3.890414901880403,0.0021065315742297727,-3.442102384299813,-2.8667242618524233,-2.569531046591633,Yes,No,wheat,harvesting,NV,TMAX,Wheat Harvesting
wheat_harvesting_NV_TMIN,576,-4.128856431523103,0.0008674526012833633,-3.442102384299813,-2.8667242618524233,-2.569531046591633,Yes,No,wheat,harvesting,NV,TMIN,Wheat Harvesting
wheat_harvesting_NV_AWND,576,-1.7207888196830987,0.4204345312128203,-3.442102384299813,-2.8667242618524233,-2.569531046591633,No,Yes,wheat,harvesting,NV,AWND,Wheat Harvesting
wheat_harvesting_NY_TMAX,576,-5.208346780137161,8.453582989583123e-06,-3.4421660928041633,-2.8667523104859627,-2.56954599309042,Yes,No,wheat,harvesting,NY,TMAX,Wheat Harvesting
wheat_harvesting_NY_TMIN,576,-3.810069592020346,0.002805953921608147,-3.442102384299813,-2.8667242618524233,-2.569531046591633,Yes,No,wheat,harvesting,NY,TMIN,Wheat Harvesting
wheat_harvesting_NY_AWND,576,-1.9023142691166972,0.33097318993788355,-3.442081300525009,-2.8667149792729596,-2.569526100127551,No,Yes,wheat,harvesting,NY,AWND,Wheat Harvesting
wheat_harvesting_OH_TMAX,576,-4.851378144630528,4.332669840740081e-05,-3.4421660928041633,-2.8667523104859627,-2.56954599309042,Yes,No,wheat,harvesting,OH,TMAX,Wheat Harvesting
wheat_harvesting_OH_TMIN,576,-3.971751755574321,0.0015658688447043351,-3.4421660928041633,-2.8667523104859627,-2.56954599309042,Yes,No,wheat,harvesting,OH,TMIN,Wheat Harvesting
wheat_harvesting_OH_AWND,576,-2.5658541983762033,0.10026184430831636,-3.442081300525009,-2.8667149792729596,-2.569526100127551,No,Yes,wheat,harvesting,OH,AWND,Wheat Harvesting
wheat_harvesting_OK_TMAX,576,-4.471864178332949,0.00022098601252257047,-3.4421660928041633,-2.8667523104859627,-2.56954599309042,Yes,No,wheat,harvesting,OK,TMAX,Wheat Harvesting
wheat_harvesting_OK_TMIN,576,-4.003166281751373,0.0013940221204436993,-3.442102384299813,-2.8667242618524233,-2.569531046591633,Yes,No,wheat,harvesting,OK,TMIN,Wheat Harvesting
wheat_harvesting_OK_AWND,576,-5.380307174810869,3.7251820642093583e-06,-3.4421447800270673,-2.8667429272780858,-2.5695409929766093,Yes,No,wheat,harvesting,OK,AWND,Wheat Harvesting
wheat_harvesting_OR_TMAX,576,-4.345024446577463,0.00037088003406247623,-3.442102384299813,-2.8667242618524233,-2.569531046591633,Yes,No,wheat,harvesting,OR,TMAX,Wheat Harvesting
wheat_harvesting_OR_TMIN,576,-2.8922397875240513,0.046257875173969,-3.442102384299813,-2.8667242618524233,-2.569531046591633,Yes,No,wheat,harvesting,OR,TMIN,Wheat Harvesting
wheat_harvesting_OR_AWND,576,-5.72037585908025,6.963703511981383e-07,-3.4420185006698127,-2.8666873299250253,-2.5695113665058726,Yes,No,wheat,harvesting,OR,AWND,Wheat Harvesting
wheat_harvesting_PA_TMAX,576,-5.2250053135676175,7.815333014754133e-06,-3.4421660928041633,-2.8667523104859627,-2.56954599309042,Yes,No,wheat,harvesting,PA,TMAX,Wheat Harvesting
wheat_harvesting_PA_TMIN,576,-3.6650576001663433,0.004632376306959087,-3.4421660928041633,-2.8667523104859627,-2.56954599309042,Yes,No,wheat,harvesting,PA,TMIN,Wheat Harvesting
wheat_harvesting_PA_AWND,576,-1.9616421570866664,0.30364066511744003,-3.442102384299813,-2.8667242618524233,-2.569531046591633,No,Yes,wheat,harvesting,PA,AWND,Wheat Harvesting
wheat_harvesting_RI_TMAX,576,-3.9935242509579734,0.0014448023597520034,-3.4421660928041633,-2.8667523104859627,-2.56954599309042,Yes,No,wheat,harvesting,RI,TMAX,Wheat Harvesting
wheat_harvesting_RI_TMIN,576,-4.042439465031541,0.0012038836455220572,-3.4421447800270673,-2.8667429272780858,-2.5695409929766093,Yes,No,wheat,harvesting,RI,TMIN,Wheat Harvesting
wheat_harvesting_RI_AWND,576,-1.9440627060685782,0.311624788997251,-3.4421235439968862,-2.866733577794069,-2.569536010842615,No,Yes,wheat,harvesting,RI,AWND,Wheat Harvesting
wheat_harvesting_SC_TMAX,576,-5.017071130875088,2.0529898126184988e-05,-3.4421660928041633,-2.8667523104859627,-2.56954599309042,Yes,No,wheat,harvesting,SC,TMAX,Wheat Harvesting
wheat_harvesting_SC_TMIN,576,-3.4684146152136006,0.00883630808964402,-3.442102384299813,-2.8667242618524233,-2.569531046591633,Yes,No,wheat,harvesting,SC,TMIN,Wheat Harvesting
wheat_harvesting_SC_AWND,576,-2.7445431243373584,0.066642397513992,-3.4421235439968862,-2.866733577794069,-2.569536010842615,No,Yes,wheat,harvesting,SC,AWND,Wheat Harvesting
wheat_harvesting_SD_TMAX,576,-4.66736532546652,9.686949034083183e-05,-3.4421660928041633,-2.8667523104859627,-2.56954599309042,Yes,No,wheat,harvesting,SD,TMAX,Wheat Harvesting
wheat_harvesting_SD_TMIN,576,-4.901055143644634,3.4709809744055285e-05,-3.4421660928041633,-2.8667523104859627,-2.56954599309042,Yes,No,wheat,harvesting,SD,TMIN,Wheat Harvesting
wheat_harvesting_SD_AWND,576,-3.255578638650828,0.016984699271102376,-3.442102384299813,-2.8667242618524233,-2.569531046591633,Yes,No,wheat,harvesting,SD,AWND,Wheat Harvesting
wheat_harvesting_TN_TMAX,576,-5.092108090814079,1.4540392165511312e-05,-3.4421660928041633,-2.8667523104859627,-2.56954599309042,Yes,No,wheat,harvesting,TN,TMAX,Wheat Harvesting
wheat_harvesting_TN_TMIN,576,-4.242102469708022,0.0005587311856756467,-3.4421660928041633,-2.8667523104859627,-2.56954599309042,Yes,No,wheat,harvesting,TN,TMIN,Wheat Harvesting
wheat_harvesting_TN_AWND,576,-2.96664235920312,0.03812920561427996,-3.4421235439968862,-2.866733577794069,-2.569536010842615,Yes,No,wheat,harvesting,TN,AWND,Wheat Harvesting
wheat_harvesting_TX_TMAX,576,-5.0040191523773405,2.1790246349605327e-05,-3.4421660928041633,-2.8667523104859627,-2.56954599309042,Yes,No,wheat,harvesting,TX,TMAX,Wheat Harvesting
wheat_harvesting_TX_TMIN,576,-3.2757329116744716,0.01599868015209283,-3.4421660928041633,-2.8667523104859627,-2.56954599309042,Yes,No,wheat,harvesting,TX,TMIN,Wheat Harvesting
wheat_harvesting_TX_AWND,576,-3.534299132072829,0.007148694966652228,-3.442081300525009,-2.8667149792729596,-2.569526100127551,Yes,No,wheat,harvesting,TX,AWND,Wheat Harvesting
wheat_harvesting_UT_TMAX,576,-2.73380941062531,0.06836825205976217,-3.442102384299813,-2.8667242618524233,-2.569531046591633,No,Yes,wheat,harvesting,UT,TMAX,Wheat Harvesting
wheat_harvesting_UT_TMIN,576,-4.189504561275897,0.0006863790932798423,-3.442081300525009,-2.8667149792729596,-2.569526100127551,Yes,No,wheat,harvesting,UT,TMIN,Wheat Harvesting
wheat_harvesting_UT_AWND,576,-1.6752602019889928,0.44390211589434575,-3.442102384299813,-2.8667242618524233,-2.569531046591633,No,Yes,wheat,harvesting,UT,AWND,Wheat Harvesting
wheat_harvesting_VA_TMAX,576,-4.995042432863582,2.270003933340625e-05,-3.4421660928041633,-2.8667523104859627,-2.56954599309042,Yes,No,wheat,harvesting,VA,TMAX,Wheat Harvesting
wheat_harvesting_VA_TMIN,576,-3.0937554197394617,0.027018780125512752,-3.442102384299813,-2.8667242618524233,-2.569531046591633,Yes,No,wheat,harvesting,VA,TMIN,Wheat Harvesting
wheat_harvesting_VA_AWND,576,-2.8337453293230954,0.05361281722347011,-3.4421235439968862,-2.866733577794069,-2.569536010842615,No,Yes,wheat,harvesting,VA,AWND,Wheat Harvesting
wheat_harvesting_VT_TMAX,576,-4.676716715050315,9.304902200962235e-05,-3.4421660928041633,-2.8667523104859627,-2.56954599309042,Yes,No,wheat,harvesting,VT,TMAX,Wheat Harvesting
wheat_harvesting_VT_TMIN,576,-3.6533462740189293,0.004819346545948576,-3.4421447800270673,-2.8667429272780858,-2.5695409929766093,Yes,No,wheat,harvesting,VT,TMIN,Wheat Harvesting
wheat_harvesting_VT_AWND,576,-1.8422043557614751,0.3597187116702687,-3.442102384299813,-2.8667242618524233,-2.569531046591633,No,Yes,wheat,harvesting,VT,AWND,Wheat Harvesting
wheat_harvesting_WA_TMAX,576,-5.1148742384516135,1.3084990843385063e-05,-3.442081300525009,-2.8667149792729596,-2.569526100127551,Yes,No,wheat,harvesting,WA,TMAX,Wheat Harvesting
wheat_harvesting_WA_TMIN,576,-3.367489489713099,0.012118357342075467,-3.442102384299813,-2.8667242618524233,-2.569531046591633,Yes,No,wheat,harvesting,WA,TMIN,Wheat Harvesting
wheat_harvesting_WA_AWND,576,-2.9798239362711216,0.03682203450545134,-3.4421235439968862,-2.866733577794069,-2.569536010842615,Yes,No,wheat,harvesting,WA,AWND,Wheat Harvesting
wheat_harvesting_WI_TMAX,576,-4.752023155965557,6.712305953213133e-05,-3.442081300525009,-2.8667149792729596,-2.569526100127551,Yes,No,wheat,harvesting,WI,TMAX,Wheat Harvesting
wheat_harvesting_WI_TMIN,576,-4.535349103975573,0.00016965646926187777,-3.4421660928041633,-2.8667523104859627,-2.56954599309042,Yes,No,wheat,harvesting,WI,TMIN,Wheat Harvesting
wheat_harvesting_WI_AWND,576,-2.868892207321585,0.04908684038657864,-3.442102384299813,-2.8667242618524233,-2.569531046591633,Yes,No,wheat,harvesting,WI,AWND,Wheat Harvesting
wheat_harvesting_WV_TMAX,576,-5.1121423590613695,1.3251900285321653e-05,-3.4421660928041633,-2.8667523104859627,-2.56954599309042,Yes,No,wheat,harvesting,WV,TMAX,Wheat Harvesting
wheat_harvesting_WV_TMIN,576,-3.8993145991381057,0.002039897073555838,-3.4421660928041633,-2.8667523104859627,-2.56954599309042,Yes,No,wheat,harvesting,WV,TMIN,Wheat Harvesting
wheat_harvesting_WV_AWND,576,-3.0452463643350964,0.03087960566312217,-3.4421235439968862,-2.866733577794069,-2.569536010842615,Yes,No,wheat,harvesting,WV,AWND,Wheat Harvesting
wheat_harvesting_WY_TMAX,576,-4.230585700844468,0.000584604346026238,-3.442081300525009,-2.8667149792729596,-2.569526100127551,Yes,No,wheat,harvesting,WY,TMAX,Wheat Harvesting
wheat_harvesting_WY_TMIN,576,-4.165891635473297,0.0007521886562311663,-3.442081300525009,-2.8667149792729596,-2.569526100127551,Yes,No,wheat,harvesting,WY,TMIN,Wheat Harvesting
wheat_harvesting_WY_AWND,576,-5.241918655467017,7.2151817408332765e-06,-3.4421447800270673,-2.8667429272780858,-2.5695409929766093,Yes,No,wheat,harvesting,WY,AWND,Wheat Harvesting
