model_type,feature_set,n_selected,selected_features,train_mse,train_mae,train_qlike,train_r2,train_r2log,test_mse,test_mae,test_qlike,test_r2,test_r2log,target_col_raw,target_col_model,target_horizon,core_columns,extra_feature_cols,window_type,initial_train_size,window_test_size,window_step,rolling_window_size,n_windows,selection_method,model_add_constant,model_standardize_features,model_target_transform,model_prediction_floor,model_log_transform_rv_features,model_feature_floor,lasso_best_alpha,bsr_alpha,bsr_window_type,bsr_window_size,bsr_step,grid_search_best_candidate_idx,grid_search_n_candidates,grid_search_metric,grid_search_metric_value,train_adjusted_r2
bsr_expanding,har_endo,21,"wheat_weekly_rv,wheat_monthly_rv,wheat_seasonal_rv,wheat_monthly_jumps,wheat_monthly_lev,wheat_monthly_rvb,wheat_seasonal_jumps,wheat_seasonal_lev,wheat_seasonal_rsk,wheat_seasonal_rvb,wheat_seasonal_rvg,wheat_seasonal_trd,wheat_seasonal_tru,wheat_weekly_rsk,wheat_weekly_trd,wheat_monthly_rku,wheat_monthly_rsk,wheat_seasonal_rku,wheat_monthly_rvg,wheat_monthly_trd,wheat_monthly_tru",6.239188418510279e-06,0.0017094198618765335,-3.1900598734599543,0.6100562252892534,0.6654456800119184,4.933103568755457e-06,0.0017560074098446807,-3.2006922741880492,0.580516522505081,0.5748339870792509,wheat_weekly_rv,RV_target,4,"wheat_weekly_rv,wheat_monthly_rv,wheat_seasonal_rv","wheat_monthly_jumps,wheat_monthly_lev,wheat_monthly_rku,wheat_monthly_rsk,wheat_monthly_rvb,wheat_monthly_rvg,wheat_monthly_trd,wheat_monthly_tru,wheat_seasonal_jumps,wheat_seasonal_lev,wheat_seasonal_rku,wheat_seasonal_rsk,wheat_seasonal_rvb,wheat_seasonal_rvg,wheat_seasonal_trd,wheat_seasonal_tru,wheat_weekly_jumps,wheat_weekly_lev,wheat_weekly_rku,wheat_weekly_rsk,wheat_weekly_rvb,wheat_weekly_rvg,wheat_weekly_trd,wheat_weekly_tru",expanding,260,1,8,,71,bsr,True,False,log,1e-10,True,1e-10,,0.05,full,,1.0,7,18,test_r2,0.580516522505081,0.5997945470073915
bsr_expanding,har_endo_exo_macro,81,"wheat_weekly_rv,wheat_monthly_rv,wheat_seasonal_rv,wheat_monthly_lev,wheat_monthly_rku,wheat_monthly_rsk,wheat_monthly_rvb,wheat_monthly_rvg,wheat_monthly_trd,wheat_monthly_tru,wheat_seasonal_jumps,wheat_seasonal_lev,wheat_seasonal_rvg,wheat_seasonal_trd,wheat_seasonal_tru,wheat_weekly_rku,wheat_weekly_rvb,wheat_weekly_trd,corn_monthly_jumps,corn_monthly_rv,corn_monthly_rvb,corn_monthly_tru,corn_seasonal_jumps,corn_seasonal_rku,corn_seasonal_rsk,corn_seasonal_rvb,corn_seasonal_trd,corn_seasonal_tru,corn_weekly_jumps,corn_weekly_rku,corn_weekly_rv,corn_weekly_rvb,corn_weekly_rvg,soybeans_monthly_lev,soybeans_monthly_rku,soybeans_monthly_rsk,soybeans_monthly_rvb,soybeans_monthly_rvg,soybeans_monthly_tru,soybeans_seasonal_jumps,soybeans_seasonal_rku,soybeans_seasonal_rsk,soybeans_seasonal_rv,soybeans_seasonal_trd,soybeans_seasonal_tru,soybeans_weekly_rku,soybeans_weekly_rvg,soybeans_weekly_trd,DJIA_Index,WTI_Index,wheat_seasonal_rvb,corn_seasonal_lev,corn_seasonal_rv,corn_seasonal_rvg,corn_weekly_lev,corn_weekly_trd,soybeans_monthly_rv,soybeans_monthly_trd,soybeans_seasonal_rvb,Broad_Dollar_index,Stock_Uncertainty,wheat_weekly_jumps,wheat_weekly_lev,wheat_weekly_rvg,wheat_weekly_tru,soybeans_monthly_jumps,soybeans_seasonal_lev,soybeans_seasonal_rvg,soybeans_weekly_rvb,wheat_monthly_jumps,corn_monthly_rsk,corn_weekly_rsk,soybeans_weekly_lev,wheat_weekly_rsk,corn_monthly_lev,soybeans_weekly_rsk,soybeans_weekly_rv,wheat_seasonal_rsk,corn_monthly_rku,corn_monthly_rvg,corn_weekly_tru",4.098287680588735e-06,0.001423212517939065,-3.1902821948778075,0.7278755312756686,0.7607274653321828,5.749319232194462e-06,0.0018827692845341019,-3.1981337436667765,0.5577695783328143,0.5115765777050545,wheat_weekly_rv,RV_target,4,"wheat_weekly_rv,wheat_monthly_rv,wheat_seasonal_rv","wheat_monthly_jumps,wheat_monthly_lev,wheat_monthly_rku,wheat_monthly_rsk,wheat_monthly_rvb,wheat_monthly_rvg,wheat_monthly_trd,wheat_monthly_tru,wheat_seasonal_jumps,wheat_seasonal_lev,wheat_seasonal_rku,wheat_seasonal_rsk,wheat_seasonal_rvb,wheat_seasonal_rvg,wheat_seasonal_trd,wheat_seasonal_tru,wheat_weekly_jumps,wheat_weekly_lev,wheat_weekly_rku,wheat_weekly_rsk,wheat_weekly_rvb,wheat_weekly_rvg,wheat_weekly_trd,wheat_weekly_tru,corn_monthly_jumps,corn_monthly_lev,corn_monthly_rku,corn_monthly_rsk,corn_monthly_rv,corn_monthly_rvb,corn_monthly_rvg,corn_monthly_trd,corn_monthly_tru,corn_seasonal_jumps,corn_seasonal_lev,corn_seasonal_rku,corn_seasonal_rsk,corn_seasonal_rv,corn_seasonal_rvb,corn_seasonal_rvg,corn_seasonal_trd,corn_seasonal_tru,corn_weekly_jumps,corn_weekly_lev,corn_weekly_rku,corn_weekly_rsk,corn_weekly_rv,corn_weekly_rvb,corn_weekly_rvg,corn_weekly_trd,corn_weekly_tru,soybeans_monthly_jumps,soybeans_monthly_lev,soybeans_monthly_rku,soybeans_monthly_rsk,soybeans_monthly_rv,soybeans_monthly_rvb,soybeans_monthly_rvg,soybeans_monthly_trd,soybeans_monthly_tru,soybeans_seasonal_jumps,soybeans_seasonal_lev,soybeans_seasonal_rku,soybeans_seasonal_rsk,soybeans_seasonal_rv,soybeans_seasonal_rvb,soybeans_seasonal_rvg,soybeans_seasonal_trd,soybeans_seasonal_tru,soybeans_weekly_jumps,soybeans_weekly_lev,soybeans_weekly_rku,soybeans_weekly_rsk,soybeans_weekly_rv,soybeans_weekly_rvb,soybeans_weekly_rvg,soybeans_weekly_trd,soybeans_weekly_tru,DJIA_Index,WTI_Index,Broad_Dollar_index,Stock_Uncertainty",expanding,260,1,8,,58,bsr,True,False,log,1e-10,True,1e-10,,0.05,full,,1.0,7,18,test_r2,0.5577695783328143,0.6931088404765032
bsr_expanding,har,3,"wheat_weekly_rv,wheat_monthly_rv,wheat_seasonal_rv",6.974624961514551e-06,0.001824933857760125,-3.1892552602304183,0.5624356060195151,0.6246235432978632,6.3190253864085294e-06,0.0017192284186274397,-3.2229484414806673,0.635103052568317,0.6675925840355398,wheat_weekly_rv,RV_target,4,"wheat_weekly_rv,wheat_monthly_rv,wheat_seasonal_rv",,expanding,208,4,8,,78,bsr,True,False,log,1e-10,True,1e-10,,0.05,full,,1.0,5,18,test_r2,0.635103052568317,0.560834760675684
bsr_expanding,har_endo_exo_climate_news_macro,91,"wheat_weekly_rv,wheat_monthly_rv,wheat_seasonal_rv,wheat_monthly_rku,wheat_monthly_rvb,wheat_monthly_rvg,wheat_monthly_trd,wheat_monthly_tru,wheat_seasonal_lev,wheat_seasonal_rku,wheat_seasonal_rvg,wheat_seasonal_trd,wheat_seasonal_tru,wheat_weekly_lev,wheat_weekly_rku,wheat_weekly_rvb,wheat_weekly_rvg,wheat_weekly_trd,wheat_weekly_tru,corn_monthly_jumps,corn_monthly_rku,corn_monthly_rv,corn_monthly_rvb,corn_monthly_tru,corn_seasonal_jumps,corn_seasonal_rsk,corn_seasonal_rv,corn_seasonal_trd,corn_seasonal_tru,corn_weekly_jumps,corn_weekly_rku,corn_weekly_rsk,corn_weekly_rv,corn_weekly_rvb,soybeans_monthly_lev,soybeans_monthly_rsk,soybeans_monthly_rv,soybeans_monthly_rvb,soybeans_monthly_rvg,soybeans_monthly_trd,soybeans_monthly_tru,soybeans_seasonal_jumps,soybeans_seasonal_rku,soybeans_seasonal_rsk,soybeans_seasonal_rv,soybeans_seasonal_trd,soybeans_seasonal_tru,soybeans_weekly_rku,soybeans_weekly_rvb,soybeans_weekly_rvg,awnd_extreme_high_wind_in_harvesting,pdsi_extreme_wet_in_harvesting,Text_Climate_Anomaly,DJIA_Index,WTI_Index,Broad_Dollar_index,wheat_seasonal_rvb,corn_monthly_rvg,corn_seasonal_lev,corn_seasonal_rvb,corn_seasonal_rvg,corn_weekly_lev,corn_weekly_trd,soybeans_seasonal_rvb,ssta_elino,co2_extreme_in_harvesting,frbsf_sentiment,epu_index,Stock_Uncertainty,wheat_weekly_jumps,corn_seasonal_rku,soybeans_monthly_jumps,soybeans_seasonal_lev,soybeans_seasonal_rvg,SOI_index,tmin_cold_in_harvesting,wheat_monthly_lev,wheat_monthly_rsk,soybeans_weekly_lev,soybeans_weekly_rv,soybeans_weekly_tru,wheat_monthly_jumps,soybeans_monthly_rku,tmax_very_hot_in_harvesting,wheat_seasonal_rsk,corn_weekly_rvg,corn_weekly_tru,NAO_index,wheat_seasonal_jumps,awnd_extreme_high_wind_in_planting,tmin_very_cold_in_planting",3.822547646080292e-06,0.0013778886745229718,-3.19063300014602,0.7461845462216032,0.7723536703371774,6.744911493478342e-06,0.0019454518726807013,-3.1964109027283976,0.4811898707648792,0.4427597149165008,wheat_weekly_rv,RV_target,4,"wheat_weekly_rv,wheat_monthly_rv,wheat_seasonal_rv","wheat_monthly_jumps,wheat_monthly_lev,wheat_monthly_rku,wheat_monthly_rsk,wheat_monthly_rvb,wheat_monthly_rvg,wheat_monthly_trd,wheat_monthly_tru,wheat_seasonal_jumps,wheat_seasonal_lev,wheat_seasonal_rku,wheat_seasonal_rsk,wheat_seasonal_rvb,wheat_seasonal_rvg,wheat_seasonal_trd,wheat_seasonal_tru,wheat_weekly_jumps,wheat_weekly_lev,wheat_weekly_rku,wheat_weekly_rsk,wheat_weekly_rvb,wheat_weekly_rvg,wheat_weekly_trd,wheat_weekly_tru,corn_monthly_jumps,corn_monthly_lev,corn_monthly_rku,corn_monthly_rsk,corn_monthly_rv,corn_monthly_rvb,corn_monthly_rvg,corn_monthly_trd,corn_monthly_tru,corn_seasonal_jumps,corn_seasonal_lev,corn_seasonal_rku,corn_seasonal_rsk,corn_seasonal_rv,corn_seasonal_rvb,corn_seasonal_rvg,corn_seasonal_trd,corn_seasonal_tru,corn_weekly_jumps,corn_weekly_lev,corn_weekly_rku,corn_weekly_rsk,corn_weekly_rv,corn_weekly_rvb,corn_weekly_rvg,corn_weekly_trd,corn_weekly_tru,soybeans_monthly_jumps,soybeans_monthly_lev,soybeans_monthly_rku,soybeans_monthly_rsk,soybeans_monthly_rv,soybeans_monthly_rvb,soybeans_monthly_rvg,soybeans_monthly_trd,soybeans_monthly_tru,soybeans_seasonal_jumps,soybeans_seasonal_lev,soybeans_seasonal_rku,soybeans_seasonal_rsk,soybeans_seasonal_rv,soybeans_seasonal_rvb,soybeans_seasonal_rvg,soybeans_seasonal_trd,soybeans_seasonal_tru,soybeans_weekly_jumps,soybeans_weekly_lev,soybeans_weekly_rku,soybeans_weekly_rsk,soybeans_weekly_rv,soybeans_weekly_rvb,soybeans_weekly_rvg,soybeans_weekly_trd,soybeans_weekly_tru,ssta_elino,ssta_lanina,SOI_index,NAO_index,tmax_hot_in_planting,tmax_hot_in_harvesting,tmax_very_hot_in_planting,tmax_very_hot_in_harvesting,tmin_cold_in_planting,tmin_cold_in_harvesting,tmin_very_cold_in_planting,tmin_very_cold_in_harvesting,awnd_moderate_high_wind_in_planting,awnd_moderate_high_wind_in_harvesting,awnd_extreme_high_wind_in_planting,awnd_extreme_high_wind_in_harvesting,pdsi_extreme_wet_in_planting,pdsi_extreme_wet_in_harvesting,co2_extreme_in_planting,co2_extreme_in_harvesting,frbsf_sentiment,Text_Climate_Anomaly,epu_index,DJIA_Index,WTI_Index,Broad_Dollar_index,Stock_Uncertainty",expanding,260,1,8,,58,bsr,True,False,log,1e-10,True,1e-10,,0.05,full,,1.0,7,18,test_r2,0.4811898707648792,0.7091697925455871
bsr_expanding,har_endo_exo_news_macro,82,"wheat_weekly_rv,wheat_monthly_rv,wheat_seasonal_rv,wheat_monthly_jumps,wheat_monthly_rku,wheat_monthly_rsk,wheat_monthly_rvb,wheat_seasonal_rku,wheat_seasonal_rvb,wheat_seasonal_trd,wheat_weekly_rvb,corn_monthly_jumps,corn_monthly_lev,corn_monthly_rv,corn_monthly_rvb,corn_monthly_tru,corn_seasonal_jumps,corn_seasonal_rsk,corn_seasonal_rv,corn_seasonal_rvb,corn_seasonal_rvg,corn_seasonal_trd,corn_seasonal_tru,corn_weekly_jumps,corn_weekly_rsk,corn_weekly_rv,corn_weekly_rvb,soybeans_monthly_lev,soybeans_monthly_rv,soybeans_monthly_rvb,soybeans_monthly_rvg,soybeans_monthly_trd,soybeans_monthly_tru,soybeans_seasonal_jumps,soybeans_seasonal_rku,soybeans_seasonal_rv,soybeans_seasonal_rvb,soybeans_seasonal_rvg,soybeans_weekly_lev,soybeans_weekly_rku,soybeans_weekly_rvb,soybeans_weekly_rvg,soybeans_weekly_tru,frbsf_sentiment,epu_index,Broad_Dollar_index,Stock_Uncertainty,wheat_monthly_lev,wheat_monthly_rvg,wheat_monthly_tru,wheat_seasonal_rvg,corn_seasonal_lev,corn_weekly_lev,corn_weekly_trd,soybeans_monthly_rku,soybeans_seasonal_tru,wheat_seasonal_jumps,wheat_weekly_tru,corn_monthly_rvg,corn_monthly_trd,soybeans_seasonal_lev,soybeans_seasonal_rsk,wheat_monthly_trd,wheat_seasonal_lev,wheat_seasonal_tru,wheat_weekly_lev,wheat_weekly_rvg,wheat_weekly_trd,corn_seasonal_rku,soybeans_monthly_jumps,soybeans_monthly_rsk,soybeans_weekly_rsk,DJIA_Index,soybeans_weekly_rv,corn_monthly_rsk,soybeans_weekly_jumps,WTI_Index,wheat_seasonal_rsk,soybeans_seasonal_trd,wheat_weekly_rku,corn_weekly_rku,corn_monthly_rku",3.993588417971912e-06,0.0014170677050311803,-3.1903291740386592,0.7348275154788224,0.7617443759091242,9.513729121372624e-06,0.002207334405057818,-3.179649446850384,0.4386770896687504,0.43942874393358056,wheat_weekly_rv,RV_target,4,"wheat_weekly_rv,wheat_monthly_rv,wheat_seasonal_rv","wheat_monthly_jumps,wheat_monthly_lev,wheat_monthly_rku,wheat_monthly_rsk,wheat_monthly_rvb,wheat_monthly_rvg,wheat_monthly_trd,wheat_monthly_tru,wheat_seasonal_jumps,wheat_seasonal_lev,wheat_seasonal_rku,wheat_seasonal_rsk,wheat_seasonal_rvb,wheat_seasonal_rvg,wheat_seasonal_trd,wheat_seasonal_tru,wheat_weekly_jumps,wheat_weekly_lev,wheat_weekly_rku,wheat_weekly_rsk,wheat_weekly_rvb,wheat_weekly_rvg,wheat_weekly_trd,wheat_weekly_tru,corn_monthly_jumps,corn_monthly_lev,corn_monthly_rku,corn_monthly_rsk,corn_monthly_rv,corn_monthly_rvb,corn_monthly_rvg,corn_monthly_trd,corn_monthly_tru,corn_seasonal_jumps,corn_seasonal_lev,corn_seasonal_rku,corn_seasonal_rsk,corn_seasonal_rv,corn_seasonal_rvb,corn_seasonal_rvg,corn_seasonal_trd,corn_seasonal_tru,corn_weekly_jumps,corn_weekly_lev,corn_weekly_rku,corn_weekly_rsk,corn_weekly_rv,corn_weekly_rvb,corn_weekly_rvg,corn_weekly_trd,corn_weekly_tru,soybeans_monthly_jumps,soybeans_monthly_lev,soybeans_monthly_rku,soybeans_monthly_rsk,soybeans_monthly_rv,soybeans_monthly_rvb,soybeans_monthly_rvg,soybeans_monthly_trd,soybeans_monthly_tru,soybeans_seasonal_jumps,soybeans_seasonal_lev,soybeans_seasonal_rku,soybeans_seasonal_rsk,soybeans_seasonal_rv,soybeans_seasonal_rvb,soybeans_seasonal_rvg,soybeans_seasonal_trd,soybeans_seasonal_tru,soybeans_weekly_jumps,soybeans_weekly_lev,soybeans_weekly_rku,soybeans_weekly_rsk,soybeans_weekly_rv,soybeans_weekly_rvb,soybeans_weekly_rvg,soybeans_weekly_trd,soybeans_weekly_tru,frbsf_sentiment,Text_Climate_Anomaly,epu_index,DJIA_Index,WTI_Index,Broad_Dollar_index,Stock_Uncertainty",expanding,312,1,4,,102,bsr,True,False,log,1e-10,True,1e-10,,0.05,full,,1.0,12,18,test_r2,0.4386770896687504,0.7004765775155735
bsr_expanding,har_endo_exo_news,71,"wheat_weekly_rv,wheat_monthly_rv,wheat_seasonal_rv,wheat_monthly_jumps,wheat_monthly_lev,wheat_monthly_rku,wheat_monthly_rsk,wheat_monthly_rvb,wheat_monthly_rvg,wheat_monthly_tru,wheat_seasonal_jumps,wheat_seasonal_lev,wheat_seasonal_rsk,wheat_seasonal_rvg,wheat_seasonal_tru,wheat_weekly_rvb,wheat_weekly_rvg,wheat_weekly_tru,corn_monthly_jumps,corn_monthly_rv,corn_monthly_rvb,corn_monthly_tru,corn_seasonal_jumps,corn_seasonal_rku,corn_seasonal_rsk,corn_seasonal_tru,corn_weekly_lev,corn_weekly_rv,corn_weekly_rvb,soybeans_monthly_lev,soybeans_monthly_rku,soybeans_monthly_rsk,soybeans_monthly_rv,soybeans_monthly_rvb,soybeans_monthly_rvg,soybeans_monthly_tru,soybeans_seasonal_jumps,soybeans_seasonal_lev,soybeans_seasonal_rku,soybeans_seasonal_rv,soybeans_seasonal_rvg,soybeans_seasonal_trd,soybeans_seasonal_tru,soybeans_weekly_jumps,soybeans_weekly_lev,soybeans_weekly_rku,soybeans_weekly_rvb,wheat_seasonal_rku,wheat_seasonal_rvb,wheat_seasonal_trd,corn_seasonal_lev,corn_seasonal_rv,corn_seasonal_rvb,corn_seasonal_rvg,corn_seasonal_trd,corn_weekly_trd,soybeans_monthly_trd,soybeans_seasonal_rsk,soybeans_seasonal_rvb,soybeans_weekly_tru,wheat_weekly_rsk,corn_monthly_trd,soybeans_weekly_rvg,soybeans_monthly_jumps,soybeans_weekly_rv,frbsf_sentiment,corn_monthly_rku,epu_index,corn_weekly_rku,wheat_weekly_rku,Text_Climate_Anomaly",4.94984826476938e-06,0.0014940817514626247,-3.1928136330384635,0.6894632516844541,0.7389021124069438,1.2148105460210297e-05,0.002388541945079341,-3.185396568475719,0.4453977070592001,0.46227513722364566,wheat_weekly_rv,RV_target,4,"wheat_weekly_rv,wheat_monthly_rv,wheat_seasonal_rv","wheat_monthly_jumps,wheat_monthly_lev,wheat_monthly_rku,wheat_monthly_rsk,wheat_monthly_rvb,wheat_monthly_rvg,wheat_monthly_trd,wheat_monthly_tru,wheat_seasonal_jumps,wheat_seasonal_lev,wheat_seasonal_rku,wheat_seasonal_rsk,wheat_seasonal_rvb,wheat_seasonal_rvg,wheat_seasonal_trd,wheat_seasonal_tru,wheat_weekly_jumps,wheat_weekly_lev,wheat_weekly_rku,wheat_weekly_rsk,wheat_weekly_rvb,wheat_weekly_rvg,wheat_weekly_trd,wheat_weekly_tru,corn_monthly_jumps,corn_monthly_lev,corn_monthly_rku,corn_monthly_rsk,corn_monthly_rv,corn_monthly_rvb,corn_monthly_rvg,corn_monthly_trd,corn_monthly_tru,corn_seasonal_jumps,corn_seasonal_lev,corn_seasonal_rku,corn_seasonal_rsk,corn_seasonal_rv,corn_seasonal_rvb,corn_seasonal_rvg,corn_seasonal_trd,corn_seasonal_tru,corn_weekly_jumps,corn_weekly_lev,corn_weekly_rku,corn_weekly_rsk,corn_weekly_rv,corn_weekly_rvb,corn_weekly_rvg,corn_weekly_trd,corn_weekly_tru,soybeans_monthly_jumps,soybeans_monthly_lev,soybeans_monthly_rku,soybeans_monthly_rsk,soybeans_monthly_rv,soybeans_monthly_rvb,soybeans_monthly_rvg,soybeans_monthly_trd,soybeans_monthly_tru,soybeans_seasonal_jumps,soybeans_seasonal_lev,soybeans_seasonal_rku,soybeans_seasonal_rsk,soybeans_seasonal_rv,soybeans_seasonal_rvb,soybeans_seasonal_rvg,soybeans_seasonal_trd,soybeans_seasonal_tru,soybeans_weekly_jumps,soybeans_weekly_lev,soybeans_weekly_rku,soybeans_weekly_rsk,soybeans_weekly_rv,soybeans_weekly_rvb,soybeans_weekly_rvg,soybeans_weekly_trd,soybeans_weekly_tru,frbsf_sentiment,Text_Climate_Anomaly,epu_index",expanding,312,2,8,,65,bsr,True,False,log,1e-10,True,1e-10,,0.05,full,,1.0,15,18,test_r2,0.4453977070592001,0.6601439576280661
bsr_expanding,har_endo_exo,69,"wheat_weekly_rv,wheat_monthly_rv,wheat_seasonal_rv,wheat_monthly_jumps,wheat_monthly_lev,wheat_monthly_rku,wheat_monthly_rsk,wheat_monthly_rvb,wheat_monthly_rvg,wheat_monthly_tru,wheat_seasonal_jumps,wheat_seasonal_lev,wheat_seasonal_rsk,wheat_seasonal_rvg,wheat_seasonal_tru,wheat_weekly_rvb,wheat_weekly_rvg,wheat_weekly_tru,corn_monthly_jumps,corn_monthly_rv,corn_monthly_rvb,corn_monthly_tru,corn_seasonal_jumps,corn_seasonal_rku,corn_seasonal_rsk,corn_seasonal_tru,corn_weekly_lev,corn_weekly_rv,corn_weekly_rvb,soybeans_monthly_lev,soybeans_monthly_rku,soybeans_monthly_rsk,soybeans_monthly_rv,soybeans_monthly_rvb,soybeans_monthly_rvg,soybeans_monthly_tru,soybeans_seasonal_jumps,soybeans_seasonal_lev,soybeans_seasonal_rku,soybeans_seasonal_rv,soybeans_seasonal_rvg,soybeans_seasonal_trd,soybeans_seasonal_tru,soybeans_weekly_jumps,soybeans_weekly_lev,soybeans_weekly_rku,soybeans_weekly_rvb,wheat_seasonal_rku,wheat_seasonal_rvb,wheat_seasonal_trd,corn_seasonal_lev,corn_seasonal_rv,corn_seasonal_rvb,corn_seasonal_rvg,corn_seasonal_trd,corn_weekly_trd,soybeans_monthly_trd,soybeans_seasonal_rsk,soybeans_seasonal_rvb,soybeans_weekly_tru,wheat_weekly_rsk,corn_monthly_rvg,corn_monthly_trd,soybeans_weekly_rvg,soybeans_monthly_jumps,soybeans_weekly_rv,corn_monthly_rku,wheat_weekly_rku,corn_weekly_rku",4.937233786454202e-06,0.0014932339264184368,-3.19279786851524,0.6902546414136248,0.7384401152509101,1.226271249153727e-05,0.002382133855200865,-3.1851738235296643,0.4401655066499045,0.4574518782230811,wheat_weekly_rv,RV_target,4,"wheat_weekly_rv,wheat_monthly_rv,wheat_seasonal_rv","wheat_monthly_jumps,wheat_monthly_lev,wheat_monthly_rku,wheat_monthly_rsk,wheat_monthly_rvb,wheat_monthly_rvg,wheat_monthly_trd,wheat_monthly_tru,wheat_seasonal_jumps,wheat_seasonal_lev,wheat_seasonal_rku,wheat_seasonal_rsk,wheat_seasonal_rvb,wheat_seasonal_rvg,wheat_seasonal_trd,wheat_seasonal_tru,wheat_weekly_jumps,wheat_weekly_lev,wheat_weekly_rku,wheat_weekly_rsk,wheat_weekly_rvb,wheat_weekly_rvg,wheat_weekly_trd,wheat_weekly_tru,corn_monthly_jumps,corn_monthly_lev,corn_monthly_rku,corn_monthly_rsk,corn_monthly_rv,corn_monthly_rvb,corn_monthly_rvg,corn_monthly_trd,corn_monthly_tru,corn_seasonal_jumps,corn_seasonal_lev,corn_seasonal_rku,corn_seasonal_rsk,corn_seasonal_rv,corn_seasonal_rvb,corn_seasonal_rvg,corn_seasonal_trd,corn_seasonal_tru,corn_weekly_jumps,corn_weekly_lev,corn_weekly_rku,corn_weekly_rsk,corn_weekly_rv,corn_weekly_rvb,corn_weekly_rvg,corn_weekly_trd,corn_weekly_tru,soybeans_monthly_jumps,soybeans_monthly_lev,soybeans_monthly_rku,soybeans_monthly_rsk,soybeans_monthly_rv,soybeans_monthly_rvb,soybeans_monthly_rvg,soybeans_monthly_trd,soybeans_monthly_tru,soybeans_seasonal_jumps,soybeans_seasonal_lev,soybeans_seasonal_rku,soybeans_seasonal_rsk,soybeans_seasonal_rv,soybeans_seasonal_rvb,soybeans_seasonal_rvg,soybeans_seasonal_trd,soybeans_seasonal_tru,soybeans_weekly_jumps,soybeans_weekly_lev,soybeans_weekly_rku,soybeans_weekly_rsk,soybeans_weekly_rv,soybeans_weekly_rvb,soybeans_weekly_rvg,soybeans_weekly_trd,soybeans_weekly_tru",expanding,312,2,8,,65,bsr,True,False,log,1e-10,True,1e-10,,0.05,full,,1.0,15,18,test_r2,0.4401655066499045,0.6619092438772058
bsr_expanding,har_endo_exo_climate_news,93,"wheat_weekly_rv,wheat_monthly_rv,wheat_seasonal_rv,wheat_monthly_lev,wheat_monthly_rku,wheat_monthly_rsk,wheat_monthly_rvb,wheat_monthly_rvg,wheat_monthly_trd,wheat_monthly_tru,wheat_seasonal_lev,wheat_seasonal_rku,wheat_seasonal_rsk,wheat_seasonal_rvg,wheat_seasonal_trd,wheat_seasonal_tru,wheat_weekly_rvb,wheat_weekly_rvg,wheat_weekly_tru,corn_monthly_jumps,corn_monthly_rv,corn_monthly_rvb,corn_monthly_tru,corn_seasonal_jumps,corn_seasonal_rku,corn_seasonal_rsk,corn_seasonal_tru,corn_weekly_rsk,corn_weekly_rv,corn_weekly_rvb,soybeans_monthly_lev,soybeans_monthly_rku,soybeans_monthly_rsk,soybeans_monthly_rv,soybeans_monthly_rvb,soybeans_monthly_rvg,soybeans_monthly_trd,soybeans_monthly_tru,soybeans_seasonal_jumps,soybeans_seasonal_lev,soybeans_seasonal_rku,soybeans_seasonal_rv,soybeans_seasonal_rvg,soybeans_seasonal_trd,soybeans_weekly_lev,soybeans_weekly_rku,soybeans_weekly_rvb,ssta_elino,SOI_index,tmax_very_hot_in_planting,tmax_very_hot_in_harvesting,awnd_moderate_high_wind_in_harvesting,pdsi_extreme_wet_in_harvesting,wheat_seasonal_jumps,wheat_seasonal_rvb,corn_monthly_rsk,corn_seasonal_lev,corn_seasonal_trd,corn_weekly_rvg,corn_weekly_trd,corn_weekly_tru,soybeans_seasonal_rsk,soybeans_seasonal_rvb,soybeans_seasonal_tru,soybeans_weekly_jumps,soybeans_weekly_rsk,tmax_hot_in_planting,tmin_cold_in_harvesting,awnd_extreme_high_wind_in_harvesting,frbsf_sentiment,wheat_monthly_jumps,wheat_weekly_rsk,corn_monthly_lev,corn_monthly_trd,soybeans_weekly_trd,ssta_lanina,corn_seasonal_rvb,corn_seasonal_rvg,soybeans_weekly_rvg,corn_seasonal_rv,soybeans_weekly_rv,soybeans_weekly_tru,soybeans_monthly_jumps,NAO_index,epu_index,wheat_weekly_jumps,wheat_weekly_trd,corn_monthly_rvg,corn_weekly_rku,tmin_very_cold_in_planting,Text_Climate_Anomaly,wheat_weekly_rku,tmin_very_cold_in_harvesting",4.349028730561254e-06,0.0014014427698357508,-3.1936489727661765,0.7271566383293364,0.7650788662249604,1.278991232722392e-05,0.0024848889305245977,-3.1846885444525315,0.4160970427509447,0.43798162259522266,wheat_weekly_rv,RV_target,4,"wheat_weekly_rv,wheat_monthly_rv,wheat_seasonal_rv","wheat_monthly_jumps,wheat_monthly_lev,wheat_monthly_rku,wheat_monthly_rsk,wheat_monthly_rvb,wheat_monthly_rvg,wheat_monthly_trd,wheat_monthly_tru,wheat_seasonal_jumps,wheat_seasonal_lev,wheat_seasonal_rku,wheat_seasonal_rsk,wheat_seasonal_rvb,wheat_seasonal_rvg,wheat_seasonal_trd,wheat_seasonal_tru,wheat_weekly_jumps,wheat_weekly_lev,wheat_weekly_rku,wheat_weekly_rsk,wheat_weekly_rvb,wheat_weekly_rvg,wheat_weekly_trd,wheat_weekly_tru,corn_monthly_jumps,corn_monthly_lev,corn_monthly_rku,corn_monthly_rsk,corn_monthly_rv,corn_monthly_rvb,corn_monthly_rvg,corn_monthly_trd,corn_monthly_tru,corn_seasonal_jumps,corn_seasonal_lev,corn_seasonal_rku,corn_seasonal_rsk,corn_seasonal_rv,corn_seasonal_rvb,corn_seasonal_rvg,corn_seasonal_trd,corn_seasonal_tru,corn_weekly_jumps,corn_weekly_lev,corn_weekly_rku,corn_weekly_rsk,corn_weekly_rv,corn_weekly_rvb,corn_weekly_rvg,corn_weekly_trd,corn_weekly_tru,soybeans_monthly_jumps,soybeans_monthly_lev,soybeans_monthly_rku,soybeans_monthly_rsk,soybeans_monthly_rv,soybeans_monthly_rvb,soybeans_monthly_rvg,soybeans_monthly_trd,soybeans_monthly_tru,soybeans_seasonal_jumps,soybeans_seasonal_lev,soybeans_seasonal_rku,soybeans_seasonal_rsk,soybeans_seasonal_rv,soybeans_seasonal_rvb,soybeans_seasonal_rvg,soybeans_seasonal_trd,soybeans_seasonal_tru,soybeans_weekly_jumps,soybeans_weekly_lev,soybeans_weekly_rku,soybeans_weekly_rsk,soybeans_weekly_rv,soybeans_weekly_rvb,soybeans_weekly_rvg,soybeans_weekly_trd,soybeans_weekly_tru,ssta_elino,ssta_lanina,SOI_index,NAO_index,tmax_hot_in_planting,tmax_hot_in_harvesting,tmax_very_hot_in_planting,tmax_very_hot_in_harvesting,tmin_cold_in_planting,tmin_cold_in_harvesting,tmin_very_cold_in_planting,tmin_very_cold_in_harvesting,awnd_moderate_high_wind_in_planting,awnd_moderate_high_wind_in_harvesting,awnd_extreme_high_wind_in_planting,awnd_extreme_high_wind_in_harvesting,pdsi_extreme_wet_in_planting,pdsi_extreme_wet_in_harvesting,co2_extreme_in_planting,co2_extreme_in_harvesting,frbsf_sentiment,Text_Climate_Anomaly,epu_index",expanding,312,2,8,,65,bsr,True,False,log,1e-10,True,1e-10,,0.05,full,,1.0,15,18,test_r2,0.4160970427509447,0.6923971415685533
bsr_expanding,har_endo_exo_climate_macro,90,"wheat_weekly_rv,wheat_monthly_rv,wheat_seasonal_rv,wheat_monthly_rku,wheat_monthly_rvb,wheat_monthly_rvg,wheat_monthly_trd,wheat_monthly_tru,wheat_seasonal_rvb,wheat_seasonal_rvg,wheat_seasonal_trd,wheat_weekly_rvb,corn_monthly_jumps,corn_monthly_rv,corn_monthly_rvb,corn_monthly_tru,corn_seasonal_jumps,corn_seasonal_lev,corn_seasonal_rvb,corn_seasonal_rvg,corn_seasonal_trd,corn_weekly_lev,corn_weekly_rv,corn_weekly_rvb,corn_weekly_trd,soybeans_monthly_lev,soybeans_monthly_rv,soybeans_monthly_rvb,soybeans_monthly_rvg,soybeans_monthly_trd,soybeans_monthly_tru,soybeans_seasonal_jumps,soybeans_seasonal_rku,soybeans_seasonal_rv,soybeans_seasonal_rvb,soybeans_seasonal_rvg,soybeans_weekly_rku,soybeans_weekly_rvb,ssta_elino,pdsi_extreme_wet_in_harvesting,co2_extreme_in_harvesting,wheat_monthly_rsk,wheat_weekly_lev,wheat_weekly_rvg,wheat_weekly_trd,wheat_weekly_tru,corn_monthly_lev,corn_monthly_rvg,corn_monthly_trd,corn_seasonal_rku,corn_seasonal_tru,corn_weekly_rsk,soybeans_monthly_rku,soybeans_monthly_rsk,soybeans_seasonal_lev,soybeans_seasonal_rsk,soybeans_seasonal_tru,SOI_index,tmin_cold_in_harvesting,awnd_moderate_high_wind_in_planting,awnd_extreme_high_wind_in_harvesting,WTI_Index,Broad_Dollar_index,wheat_monthly_jumps,wheat_monthly_lev,corn_seasonal_rsk,soybeans_monthly_jumps,soybeans_weekly_lev,soybeans_weekly_rvg,DJIA_Index,Stock_Uncertainty,wheat_seasonal_lev,wheat_seasonal_tru,wheat_weekly_rsk,corn_seasonal_rv,soybeans_weekly_jumps,soybeans_weekly_rv,soybeans_weekly_tru,tmax_very_hot_in_harvesting,wheat_seasonal_jumps,wheat_seasonal_rku,corn_weekly_rvg,corn_weekly_tru,NAO_index,awnd_extreme_high_wind_in_planting,wheat_weekly_rku,corn_monthly_rku,corn_weekly_rku,tmin_very_cold_in_planting,wheat_seasonal_rsk",3.846896826001064e-06,0.0013760409104028996,-3.190028590620671,0.7456187081478194,0.7725252298965011,1.3224250065509694e-05,0.002461133775418221,-3.1731525476429594,0.3444300316253156,0.41050865917243684,wheat_weekly_rv,RV_target,4,"wheat_weekly_rv,wheat_monthly_rv,wheat_seasonal_rv","wheat_monthly_jumps,wheat_monthly_lev,wheat_monthly_rku,wheat_monthly_rsk,wheat_monthly_rvb,wheat_monthly_rvg,wheat_monthly_trd,wheat_monthly_tru,wheat_seasonal_jumps,wheat_seasonal_lev,wheat_seasonal_rku,wheat_seasonal_rsk,wheat_seasonal_rvb,wheat_seasonal_rvg,wheat_seasonal_trd,wheat_seasonal_tru,wheat_weekly_jumps,wheat_weekly_lev,wheat_weekly_rku,wheat_weekly_rsk,wheat_weekly_rvb,wheat_weekly_rvg,wheat_weekly_trd,wheat_weekly_tru,corn_monthly_jumps,corn_monthly_lev,corn_monthly_rku,corn_monthly_rsk,corn_monthly_rv,corn_monthly_rvb,corn_monthly_rvg,corn_monthly_trd,corn_monthly_tru,corn_seasonal_jumps,corn_seasonal_lev,corn_seasonal_rku,corn_seasonal_rsk,corn_seasonal_rv,corn_seasonal_rvb,corn_seasonal_rvg,corn_seasonal_trd,corn_seasonal_tru,corn_weekly_jumps,corn_weekly_lev,corn_weekly_rku,corn_weekly_rsk,corn_weekly_rv,corn_weekly_rvb,corn_weekly_rvg,corn_weekly_trd,corn_weekly_tru,soybeans_monthly_jumps,soybeans_monthly_lev,soybeans_monthly_rku,soybeans_monthly_rsk,soybeans_monthly_rv,soybeans_monthly_rvb,soybeans_monthly_rvg,soybeans_monthly_trd,soybeans_monthly_tru,soybeans_seasonal_jumps,soybeans_seasonal_lev,soybeans_seasonal_rku,soybeans_seasonal_rsk,soybeans_seasonal_rv,soybeans_seasonal_rvb,soybeans_seasonal_rvg,soybeans_seasonal_trd,soybeans_seasonal_tru,soybeans_weekly_jumps,soybeans_weekly_lev,soybeans_weekly_rku,soybeans_weekly_rsk,soybeans_weekly_rv,soybeans_weekly_rvb,soybeans_weekly_rvg,soybeans_weekly_trd,soybeans_weekly_tru,ssta_elino,ssta_lanina,SOI_index,NAO_index,tmax_hot_in_planting,tmax_hot_in_harvesting,tmax_very_hot_in_planting,tmax_very_hot_in_harvesting,tmin_cold_in_planting,tmin_cold_in_harvesting,tmin_very_cold_in_planting,tmin_very_cold_in_harvesting,awnd_moderate_high_wind_in_planting,awnd_moderate_high_wind_in_harvesting,awnd_extreme_high_wind_in_planting,awnd_extreme_high_wind_in_harvesting,pdsi_extreme_wet_in_planting,pdsi_extreme_wet_in_harvesting,co2_extreme_in_planting,co2_extreme_in_harvesting,DJIA_Index,WTI_Index,Broad_Dollar_index,Stock_Uncertainty",expanding,312,1,8,,51,bsr,True,False,log,1e-10,True,1e-10,,0.05,full,,1.0,13,18,test_r2,0.3444300316253156,0.708751854256199
bsr_expanding,har_endo_exo_climate,91,"wheat_weekly_rv,wheat_monthly_rv,wheat_seasonal_rv,wheat_monthly_jumps,wheat_monthly_lev,wheat_monthly_rku,wheat_monthly_rsk,wheat_monthly_rvb,wheat_monthly_rvg,wheat_monthly_trd,wheat_monthly_tru,wheat_seasonal_jumps,wheat_seasonal_lev,wheat_seasonal_rsk,wheat_seasonal_rvg,wheat_seasonal_tru,wheat_weekly_rvb,wheat_weekly_rvg,wheat_weekly_tru,corn_monthly_jumps,corn_monthly_rv,corn_monthly_rvb,corn_monthly_tru,corn_seasonal_jumps,corn_seasonal_rku,corn_seasonal_rsk,corn_seasonal_tru,corn_weekly_rsk,corn_weekly_rv,corn_weekly_rvb,soybeans_monthly_lev,soybeans_monthly_rku,soybeans_monthly_rsk,soybeans_monthly_rv,soybeans_monthly_rvb,soybeans_monthly_rvg,soybeans_monthly_trd,soybeans_monthly_tru,soybeans_seasonal_jumps,soybeans_seasonal_rku,soybeans_seasonal_rsk,soybeans_seasonal_rv,soybeans_seasonal_rvg,soybeans_seasonal_trd,soybeans_weekly_lev,soybeans_weekly_rku,soybeans_weekly_rvb,ssta_elino,SOI_index,tmax_very_hot_in_planting,tmax_very_hot_in_harvesting,awnd_moderate_high_wind_in_harvesting,pdsi_extreme_wet_in_harvesting,wheat_seasonal_rku,wheat_seasonal_rvb,wheat_seasonal_trd,corn_monthly_rku,corn_monthly_rvg,corn_seasonal_lev,corn_seasonal_rvb,corn_seasonal_rvg,corn_seasonal_trd,corn_weekly_lev,corn_weekly_trd,soybeans_seasonal_lev,soybeans_seasonal_rvb,soybeans_seasonal_tru,soybeans_weekly_jumps,soybeans_weekly_rsk,tmax_hot_in_planting,tmin_cold_in_harvesting,awnd_extreme_high_wind_in_harvesting,wheat_weekly_rsk,corn_monthly_lev,corn_monthly_trd,soybeans_weekly_trd,ssta_lanina,soybeans_monthly_jumps,soybeans_weekly_rvg,corn_seasonal_rv,soybeans_weekly_rv,soybeans_weekly_tru,tmin_very_cold_in_planting,corn_weekly_rvg,corn_weekly_tru,NAO_index,wheat_weekly_jumps,wheat_weekly_trd,wheat_weekly_rku,corn_weekly_rku,tmin_very_cold_in_harvesting",4.467848253845739e-06,0.001424602362357676,-3.193539065254768,0.7197023030803575,0.761729715055777,1.3406465271144402e-05,0.0025584855642104137,-3.184069129105089,0.38794930584351583,0.41936447828615464,wheat_weekly_rv,RV_target,4,"wheat_weekly_rv,wheat_monthly_rv,wheat_seasonal_rv","wheat_monthly_jumps,wheat_monthly_lev,wheat_monthly_rku,wheat_monthly_rsk,wheat_monthly_rvb,wheat_monthly_rvg,wheat_monthly_trd,wheat_monthly_tru,wheat_seasonal_jumps,wheat_seasonal_lev,wheat_seasonal_rku,wheat_seasonal_rsk,wheat_seasonal_rvb,wheat_seasonal_rvg,wheat_seasonal_trd,wheat_seasonal_tru,wheat_weekly_jumps,wheat_weekly_lev,wheat_weekly_rku,wheat_weekly_rsk,wheat_weekly_rvb,wheat_weekly_rvg,wheat_weekly_trd,wheat_weekly_tru,corn_monthly_jumps,corn_monthly_lev,corn_monthly_rku,corn_monthly_rsk,corn_monthly_rv,corn_monthly_rvb,corn_monthly_rvg,corn_monthly_trd,corn_monthly_tru,corn_seasonal_jumps,corn_seasonal_lev,corn_seasonal_rku,corn_seasonal_rsk,corn_seasonal_rv,corn_seasonal_rvb,corn_seasonal_rvg,corn_seasonal_trd,corn_seasonal_tru,corn_weekly_jumps,corn_weekly_lev,corn_weekly_rku,corn_weekly_rsk,corn_weekly_rv,corn_weekly_rvb,corn_weekly_rvg,corn_weekly_trd,corn_weekly_tru,soybeans_monthly_jumps,soybeans_monthly_lev,soybeans_monthly_rku,soybeans_monthly_rsk,soybeans_monthly_rv,soybeans_monthly_rvb,soybeans_monthly_rvg,soybeans_monthly_trd,soybeans_monthly_tru,soybeans_seasonal_jumps,soybeans_seasonal_lev,soybeans_seasonal_rku,soybeans_seasonal_rsk,soybeans_seasonal_rv,soybeans_seasonal_rvb,soybeans_seasonal_rvg,soybeans_seasonal_trd,soybeans_seasonal_tru,soybeans_weekly_jumps,soybeans_weekly_lev,soybeans_weekly_rku,soybeans_weekly_rsk,soybeans_weekly_rv,soybeans_weekly_rvb,soybeans_weekly_rvg,soybeans_weekly_trd,soybeans_weekly_tru,ssta_elino,ssta_lanina,SOI_index,NAO_index,tmax_hot_in_planting,tmax_hot_in_harvesting,tmax_very_hot_in_planting,tmax_very_hot_in_harvesting,tmin_cold_in_planting,tmin_cold_in_harvesting,tmin_very_cold_in_planting,tmin_very_cold_in_harvesting,awnd_moderate_high_wind_in_planting,awnd_moderate_high_wind_in_harvesting,awnd_extreme_high_wind_in_planting,awnd_extreme_high_wind_in_harvesting,pdsi_extreme_wet_in_planting,pdsi_extreme_wet_in_harvesting,co2_extreme_in_planting,co2_extreme_in_harvesting",expanding,312,2,8,,65,bsr,True,False,log,1e-10,True,1e-10,,0.05,full,,1.0,15,18,test_r2,0.38794930584351583,0.6848565511408937
bsr_rolling,har_endo,23,"wheat_weekly_rv,wheat_monthly_rv,wheat_seasonal_rv,wheat_monthly_jumps,wheat_monthly_lev,wheat_monthly_rvb,wheat_seasonal_jumps,wheat_seasonal_lev,wheat_seasonal_rsk,wheat_seasonal_rvb,wheat_seasonal_rvg,wheat_seasonal_trd,wheat_seasonal_tru,wheat_weekly_rsk,wheat_weekly_trd,wheat_monthly_rsk,wheat_monthly_tru,wheat_seasonal_rku,wheat_weekly_jumps,wheat_weekly_rvg,wheat_weekly_tru,wheat_monthly_rvg,wheat_monthly_trd",5.20797253602557e-06,0.0015867136561645812,-3.191701897004067,0.6745063086630416,0.7152273975752075,4.9794256956428614e-06,0.0017475695809878393,-3.200995681835264,0.5765775484695954,0.5859872596807845,wheat_weekly_rv,RV_target,4,"wheat_weekly_rv,wheat_monthly_rv,wheat_seasonal_rv","wheat_monthly_jumps,wheat_monthly_lev,wheat_monthly_rku,wheat_monthly_rsk,wheat_monthly_rvb,wheat_monthly_rvg,wheat_monthly_trd,wheat_monthly_tru,wheat_seasonal_jumps,wheat_seasonal_lev,wheat_seasonal_rku,wheat_seasonal_rsk,wheat_seasonal_rvb,wheat_seasonal_rvg,wheat_seasonal_trd,wheat_seasonal_tru,wheat_weekly_jumps,wheat_weekly_lev,wheat_weekly_rku,wheat_weekly_rsk,wheat_weekly_rvb,wheat_weekly_rvg,wheat_weekly_trd,wheat_weekly_tru",rolling,260,1,8,260.0,71,bsr,True,False,log,1e-10,True,1e-10,,0.05,full,104.0,1.0,7,18,test_r2,0.5765775484695954,0.6651013401947627
bsr_rolling,har_endo_exo_news_macro,82,"wheat_weekly_rv,wheat_monthly_rv,wheat_seasonal_rv,wheat_monthly_lev,wheat_monthly_rku,wheat_monthly_rsk,wheat_monthly_rvb,wheat_monthly_rvg,wheat_monthly_trd,wheat_monthly_tru,wheat_seasonal_jumps,wheat_seasonal_lev,wheat_seasonal_rku,wheat_seasonal_rvg,wheat_seasonal_trd,wheat_seasonal_tru,wheat_weekly_lev,wheat_weekly_rku,wheat_weekly_rvb,wheat_weekly_rvg,wheat_weekly_trd,wheat_weekly_tru,corn_monthly_jumps,corn_monthly_rv,corn_monthly_rvb,corn_monthly_tru,corn_seasonal_lev,corn_seasonal_rku,corn_seasonal_rsk,corn_seasonal_rv,corn_seasonal_trd,corn_seasonal_tru,corn_weekly_jumps,corn_weekly_rku,corn_weekly_rv,corn_weekly_rvb,corn_weekly_rvg,soybeans_monthly_lev,soybeans_monthly_rku,soybeans_monthly_rsk,soybeans_monthly_rvb,soybeans_monthly_rvg,soybeans_monthly_trd,soybeans_monthly_tru,soybeans_seasonal_jumps,soybeans_seasonal_rku,soybeans_seasonal_rsk,soybeans_seasonal_rvg,soybeans_seasonal_tru,soybeans_weekly_rku,soybeans_weekly_rvb,soybeans_weekly_rvg,frbsf_sentiment,Text_Climate_Anomaly,DJIA_Index,WTI_Index,wheat_seasonal_rsk,wheat_seasonal_rvb,corn_seasonal_jumps,corn_seasonal_rvb,corn_seasonal_rvg,corn_weekly_lev,corn_weekly_trd,soybeans_seasonal_lev,soybeans_seasonal_rv,soybeans_seasonal_rvb,soybeans_weekly_rv,Stock_Uncertainty,corn_monthly_rsk,corn_monthly_trd,corn_weekly_rsk,soybeans_seasonal_trd,soybeans_weekly_lev,wheat_weekly_rsk,soybeans_monthly_jumps,soybeans_monthly_rv,corn_monthly_rku,corn_monthly_rvg,soybeans_weekly_rsk,wheat_monthly_jumps,corn_monthly_lev,wheat_weekly_jumps",2.0101218686578004e-06,0.0010598246961269966,-3.1935900712078835,0.8665288070989968,0.8729401628812192,6.321528545626601e-06,0.0018709319091174605,-3.198972709105571,0.5137559558948759,0.5339029881085038,wheat_weekly_rv,RV_target,4,"wheat_weekly_rv,wheat_monthly_rv,wheat_seasonal_rv","wheat_monthly_jumps,wheat_monthly_lev,wheat_monthly_rku,wheat_monthly_rsk,wheat_monthly_rvb,wheat_monthly_rvg,wheat_monthly_trd,wheat_monthly_tru,wheat_seasonal_jumps,wheat_seasonal_lev,wheat_seasonal_rku,wheat_seasonal_rsk,wheat_seasonal_rvb,wheat_seasonal_rvg,wheat_seasonal_trd,wheat_seasonal_tru,wheat_weekly_jumps,wheat_weekly_lev,wheat_weekly_rku,wheat_weekly_rsk,wheat_weekly_rvb,wheat_weekly_rvg,wheat_weekly_trd,wheat_weekly_tru,corn_monthly_jumps,corn_monthly_lev,corn_monthly_rku,corn_monthly_rsk,corn_monthly_rv,corn_monthly_rvb,corn_monthly_rvg,corn_monthly_trd,corn_monthly_tru,corn_seasonal_jumps,corn_seasonal_lev,corn_seasonal_rku,corn_seasonal_rsk,corn_seasonal_rv,corn_seasonal_rvb,corn_seasonal_rvg,corn_seasonal_trd,corn_seasonal_tru,corn_weekly_jumps,corn_weekly_lev,corn_weekly_rku,corn_weekly_rsk,corn_weekly_rv,corn_weekly_rvb,corn_weekly_rvg,corn_weekly_trd,corn_weekly_tru,soybeans_monthly_jumps,soybeans_monthly_lev,soybeans_monthly_rku,soybeans_monthly_rsk,soybeans_monthly_rv,soybeans_monthly_rvb,soybeans_monthly_rvg,soybeans_monthly_trd,soybeans_monthly_tru,soybeans_seasonal_jumps,soybeans_seasonal_lev,soybeans_seasonal_rku,soybeans_seasonal_rsk,soybeans_seasonal_rv,soybeans_seasonal_rvb,soybeans_seasonal_rvg,soybeans_seasonal_trd,soybeans_seasonal_tru,soybeans_weekly_jumps,soybeans_weekly_lev,soybeans_weekly_rku,soybeans_weekly_rsk,soybeans_weekly_rv,soybeans_weekly_rvb,soybeans_weekly_rvg,soybeans_weekly_trd,soybeans_weekly_tru,frbsf_sentiment,Text_Climate_Anomaly,epu_index,DJIA_Index,WTI_Index,Broad_Dollar_index,Stock_Uncertainty",rolling,260,1,8,260.0,58,bsr,True,False,log,1e-10,True,1e-10,,0.05,full,104.0,1.0,7,18,test_r2,0.5137559558948759,0.8492386999617421
bsr_rolling,har,3,"wheat_weekly_rv,wheat_monthly_rv,wheat_seasonal_rv",6.519431192609979e-06,0.0017609565288972222,-3.190079078825522,0.5909929244034372,0.6503782875121811,7.2931796113348395e-06,0.001737676757114628,-3.2229160757197857,0.6370252582989786,0.6787097347058357,wheat_weekly_rv,RV_target,4,"wheat_weekly_rv,wheat_monthly_rv,wheat_seasonal_rv",,rolling,208,2,8,208.0,78,bsr,True,False,log,1e-10,True,1e-10,,0.05,full,104.0,1.0,3,18,test_r2,0.6370252582989786,0.5894965570536936
bsr_rolling,har_endo_exo_climate_news_macro,97,"wheat_weekly_rv,wheat_monthly_rv,wheat_seasonal_rv,wheat_monthly_rku,wheat_monthly_rvb,wheat_monthly_rvg,wheat_monthly_trd,wheat_monthly_tru,wheat_seasonal_lev,wheat_seasonal_rku,wheat_seasonal_rvg,wheat_seasonal_trd,wheat_seasonal_tru,wheat_weekly_lev,wheat_weekly_rku,wheat_weekly_rvb,wheat_weekly_rvg,wheat_weekly_trd,wheat_weekly_tru,corn_monthly_jumps,corn_monthly_rku,corn_monthly_rv,corn_monthly_rvb,corn_monthly_tru,corn_seasonal_jumps,corn_seasonal_rsk,corn_seasonal_rv,corn_seasonal_trd,corn_seasonal_tru,corn_weekly_jumps,corn_weekly_rku,corn_weekly_rsk,corn_weekly_rv,corn_weekly_rvb,soybeans_monthly_lev,soybeans_monthly_rsk,soybeans_monthly_rv,soybeans_monthly_rvb,soybeans_monthly_rvg,soybeans_monthly_trd,soybeans_monthly_tru,soybeans_seasonal_jumps,soybeans_seasonal_rku,soybeans_seasonal_rsk,soybeans_seasonal_rv,soybeans_seasonal_trd,soybeans_seasonal_tru,soybeans_weekly_rku,soybeans_weekly_rvb,soybeans_weekly_rvg,awnd_extreme_high_wind_in_harvesting,pdsi_extreme_wet_in_harvesting,Text_Climate_Anomaly,DJIA_Index,WTI_Index,Broad_Dollar_index,wheat_monthly_rsk,wheat_seasonal_rsk,wheat_seasonal_rvb,corn_monthly_rvg,corn_seasonal_rku,soybeans_seasonal_lev,soybeans_seasonal_rvb,ssta_elino,ssta_lanina,SOI_index,NAO_index,tmax_hot_in_planting,tmax_hot_in_harvesting,awnd_moderate_high_wind_in_harvesting,awnd_extreme_high_wind_in_planting,frbsf_sentiment,corn_monthly_lev,corn_seasonal_rvb,corn_weekly_rvg,corn_weekly_tru,wheat_weekly_rsk,corn_monthly_trd,corn_seasonal_lev,corn_seasonal_rvg,corn_weekly_trd,soybeans_seasonal_rvg,soybeans_weekly_lev,soybeans_weekly_rv,tmin_very_cold_in_harvesting,wheat_monthly_jumps,corn_monthly_rsk,corn_weekly_lev,soybeans_weekly_jumps,pdsi_extreme_wet_in_planting,wheat_monthly_lev,wheat_seasonal_jumps,wheat_weekly_jumps,tmax_very_hot_in_harvesting,tmin_cold_in_planting,tmin_very_cold_in_planting,awnd_moderate_high_wind_in_planting",1.7060270000896779e-06,0.0009595859502390273,-3.1941765295227964,0.8867205703426664,0.8935302004783751,7.871477215791814e-06,0.0020818004642743416,-3.1952342492082937,0.39453584890700344,0.38119686759776106,wheat_weekly_rv,RV_target,4,"wheat_weekly_rv,wheat_monthly_rv,wheat_seasonal_rv","wheat_monthly_jumps,wheat_monthly_lev,wheat_monthly_rku,wheat_monthly_rsk,wheat_monthly_rvb,wheat_monthly_rvg,wheat_monthly_trd,wheat_monthly_tru,wheat_seasonal_jumps,wheat_seasonal_lev,wheat_seasonal_rku,wheat_seasonal_rsk,wheat_seasonal_rvb,wheat_seasonal_rvg,wheat_seasonal_trd,wheat_seasonal_tru,wheat_weekly_jumps,wheat_weekly_lev,wheat_weekly_rku,wheat_weekly_rsk,wheat_weekly_rvb,wheat_weekly_rvg,wheat_weekly_trd,wheat_weekly_tru,corn_monthly_jumps,corn_monthly_lev,corn_monthly_rku,corn_monthly_rsk,corn_monthly_rv,corn_monthly_rvb,corn_monthly_rvg,corn_monthly_trd,corn_monthly_tru,corn_seasonal_jumps,corn_seasonal_lev,corn_seasonal_rku,corn_seasonal_rsk,corn_seasonal_rv,corn_seasonal_rvb,corn_seasonal_rvg,corn_seasonal_trd,corn_seasonal_tru,corn_weekly_jumps,corn_weekly_lev,corn_weekly_rku,corn_weekly_rsk,corn_weekly_rv,corn_weekly_rvb,corn_weekly_rvg,corn_weekly_trd,corn_weekly_tru,soybeans_monthly_jumps,soybeans_monthly_lev,soybeans_monthly_rku,soybeans_monthly_rsk,soybeans_monthly_rv,soybeans_monthly_rvb,soybeans_monthly_rvg,soybeans_monthly_trd,soybeans_monthly_tru,soybeans_seasonal_jumps,soybeans_seasonal_lev,soybeans_seasonal_rku,soybeans_seasonal_rsk,soybeans_seasonal_rv,soybeans_seasonal_rvb,soybeans_seasonal_rvg,soybeans_seasonal_trd,soybeans_seasonal_tru,soybeans_weekly_jumps,soybeans_weekly_lev,soybeans_weekly_rku,soybeans_weekly_rsk,soybeans_weekly_rv,soybeans_weekly_rvb,soybeans_weekly_rvg,soybeans_weekly_trd,soybeans_weekly_tru,ssta_elino,ssta_lanina,SOI_index,NAO_index,tmax_hot_in_planting,tmax_hot_in_harvesting,tmax_very_hot_in_planting,tmax_very_hot_in_harvesting,tmin_cold_in_planting,tmin_cold_in_harvesting,tmin_very_cold_in_planting,tmin_very_cold_in_harvesting,awnd_moderate_high_wind_in_planting,awnd_moderate_high_wind_in_harvesting,awnd_extreme_high_wind_in_planting,awnd_extreme_high_wind_in_harvesting,pdsi_extreme_wet_in_planting,pdsi_extreme_wet_in_harvesting,co2_extreme_in_planting,co2_extreme_in_harvesting,frbsf_sentiment,Text_Climate_Anomaly,epu_index,DJIA_Index,WTI_Index,Broad_Dollar_index,Stock_Uncertainty",rolling,260,1,8,260.0,58,bsr,True,False,log,1e-10,True,1e-10,,0.05,full,104.0,1.0,7,18,test_r2,0.39453584890700344,0.8689404656877127
bsr_rolling,har_endo_exo_macro,79,"wheat_weekly_rv,wheat_monthly_rv,wheat_seasonal_rv,wheat_monthly_jumps,wheat_monthly_rku,wheat_monthly_rsk,wheat_monthly_rvb,wheat_seasonal_jumps,wheat_seasonal_rsk,wheat_seasonal_trd,wheat_seasonal_tru,wheat_weekly_lev,wheat_weekly_rku,wheat_weekly_rvb,corn_monthly_jumps,corn_monthly_rsk,corn_monthly_tru,corn_seasonal_lev,corn_seasonal_rku,corn_seasonal_rsk,corn_seasonal_rvb,corn_seasonal_trd,corn_seasonal_tru,corn_weekly_lev,corn_weekly_rv,corn_weekly_rvg,soybeans_monthly_lev,soybeans_monthly_rsk,soybeans_monthly_rv,soybeans_monthly_rvb,soybeans_monthly_trd,soybeans_monthly_tru,soybeans_seasonal_lev,soybeans_seasonal_rsk,soybeans_seasonal_rvb,soybeans_seasonal_trd,soybeans_weekly_rku,soybeans_weekly_rvb,soybeans_weekly_trd,DJIA_Index,wheat_monthly_rvg,wheat_monthly_trd,wheat_seasonal_rku,wheat_seasonal_rvb,wheat_seasonal_rvg,corn_monthly_rv,corn_monthly_rvb,corn_seasonal_rv,corn_weekly_jumps,corn_weekly_rvb,soybeans_monthly_rvg,soybeans_seasonal_jumps,soybeans_seasonal_rku,soybeans_seasonal_tru,WTI_Index,corn_seasonal_jumps,corn_seasonal_rvg,corn_weekly_rsk,corn_weekly_trd,soybeans_seasonal_rv,soybeans_seasonal_rvg,soybeans_weekly_lev,soybeans_weekly_rsk,corn_monthly_lev,corn_monthly_trd,soybeans_monthly_jumps,wheat_monthly_tru,wheat_seasonal_lev,wheat_weekly_tru,corn_weekly_rku,soybeans_monthly_rku,Broad_Dollar_index,corn_monthly_rvg,soybeans_weekly_rv,wheat_weekly_jumps,wheat_weekly_trd,wheat_weekly_rsk,corn_monthly_rku,soybeans_weekly_rvg",1.762052345948911e-06,0.0009776964128130768,-3.1934391073442057,0.8834818888190464,0.8883936652369011,8.165283087408833e-06,0.002318025879294253,-3.197714752432726,0.5439412874489298,0.4430590074873729,wheat_weekly_rv,RV_target,4,"wheat_weekly_rv,wheat_monthly_rv,wheat_seasonal_rv","wheat_monthly_jumps,wheat_monthly_lev,wheat_monthly_rku,wheat_monthly_rsk,wheat_monthly_rvb,wheat_monthly_rvg,wheat_monthly_trd,wheat_monthly_tru,wheat_seasonal_jumps,wheat_seasonal_lev,wheat_seasonal_rku,wheat_seasonal_rsk,wheat_seasonal_rvb,wheat_seasonal_rvg,wheat_seasonal_trd,wheat_seasonal_tru,wheat_weekly_jumps,wheat_weekly_lev,wheat_weekly_rku,wheat_weekly_rsk,wheat_weekly_rvb,wheat_weekly_rvg,wheat_weekly_trd,wheat_weekly_tru,corn_monthly_jumps,corn_monthly_lev,corn_monthly_rku,corn_monthly_rsk,corn_monthly_rv,corn_monthly_rvb,corn_monthly_rvg,corn_monthly_trd,corn_monthly_tru,corn_seasonal_jumps,corn_seasonal_lev,corn_seasonal_rku,corn_seasonal_rsk,corn_seasonal_rv,corn_seasonal_rvb,corn_seasonal_rvg,corn_seasonal_trd,corn_seasonal_tru,corn_weekly_jumps,corn_weekly_lev,corn_weekly_rku,corn_weekly_rsk,corn_weekly_rv,corn_weekly_rvb,corn_weekly_rvg,corn_weekly_trd,corn_weekly_tru,soybeans_monthly_jumps,soybeans_monthly_lev,soybeans_monthly_rku,soybeans_monthly_rsk,soybeans_monthly_rv,soybeans_monthly_rvb,soybeans_monthly_rvg,soybeans_monthly_trd,soybeans_monthly_tru,soybeans_seasonal_jumps,soybeans_seasonal_lev,soybeans_seasonal_rku,soybeans_seasonal_rsk,soybeans_seasonal_rv,soybeans_seasonal_rvb,soybeans_seasonal_rvg,soybeans_seasonal_trd,soybeans_seasonal_tru,soybeans_weekly_jumps,soybeans_weekly_lev,soybeans_weekly_rku,soybeans_weekly_rsk,soybeans_weekly_rv,soybeans_weekly_rvb,soybeans_weekly_rvg,soybeans_weekly_trd,soybeans_weekly_tru,DJIA_Index,WTI_Index,Broad_Dollar_index,Stock_Uncertainty",rolling,208,1,8,208.0,64,bsr,True,False,log,1e-10,True,1e-10,,0.05,full,104.0,1.0,1,18,test_r2,0.5439412874489298,0.8689171249214273
bsr_rolling,har_endo_exo,81,"wheat_weekly_rv,wheat_monthly_rv,wheat_seasonal_rv,wheat_seasonal_rku,wheat_seasonal_rsk,wheat_seasonal_rvg,wheat_seasonal_trd,wheat_weekly_trd,corn_monthly_rku,corn_monthly_rsk,corn_monthly_tru,corn_seasonal_lev,corn_seasonal_rsk,corn_seasonal_rv,corn_seasonal_rvg,corn_seasonal_trd,corn_seasonal_tru,corn_weekly_rku,corn_weekly_rvb,soybeans_monthly_rv,soybeans_monthly_rvb,soybeans_monthly_trd,soybeans_monthly_tru,soybeans_seasonal_jumps,soybeans_seasonal_lev,soybeans_seasonal_rku,soybeans_seasonal_rv,soybeans_seasonal_rvb,soybeans_seasonal_rvg,soybeans_seasonal_trd,soybeans_seasonal_tru,soybeans_weekly_lev,soybeans_weekly_rku,soybeans_weekly_rv,soybeans_weekly_rvb,soybeans_weekly_trd,wheat_monthly_rku,wheat_monthly_rsk,wheat_monthly_rvb,wheat_monthly_tru,wheat_seasonal_jumps,wheat_seasonal_lev,corn_monthly_lev,corn_monthly_rvg,corn_monthly_trd,corn_seasonal_jumps,corn_seasonal_rku,corn_seasonal_rvb,corn_weekly_lev,corn_weekly_rsk,soybeans_monthly_jumps,soybeans_monthly_lev,soybeans_monthly_rku,soybeans_monthly_rsk,soybeans_weekly_jumps,soybeans_weekly_rsk,wheat_monthly_lev,wheat_monthly_rvg,wheat_monthly_trd,wheat_seasonal_tru,wheat_weekly_rvb,wheat_weekly_rvg,corn_monthly_rv,corn_monthly_rvb,corn_weekly_jumps,corn_weekly_rv,corn_weekly_rvg,corn_weekly_trd,corn_weekly_tru,soybeans_monthly_rvg,wheat_seasonal_rvb,wheat_weekly_lev,soybeans_seasonal_rsk,soybeans_weekly_rvg,soybeans_weekly_tru,wheat_monthly_jumps,corn_monthly_jumps,wheat_weekly_rku,wheat_weekly_rsk,wheat_weekly_jumps,wheat_weekly_tru",1.7748904358055496e-06,0.0009597909415189202,-3.1977383212119257,0.8886493736637607,0.896820099804952,1.0571780064641023e-05,0.002492841427943139,-3.2136471681426118,0.4995626452620858,0.3864679554016013,wheat_weekly_rv,RV_target,4,"wheat_weekly_rv,wheat_monthly_rv,wheat_seasonal_rv","wheat_monthly_jumps,wheat_monthly_lev,wheat_monthly_rku,wheat_monthly_rsk,wheat_monthly_rvb,wheat_monthly_rvg,wheat_monthly_trd,wheat_monthly_tru,wheat_seasonal_jumps,wheat_seasonal_lev,wheat_seasonal_rku,wheat_seasonal_rsk,wheat_seasonal_rvb,wheat_seasonal_rvg,wheat_seasonal_trd,wheat_seasonal_tru,wheat_weekly_jumps,wheat_weekly_lev,wheat_weekly_rku,wheat_weekly_rsk,wheat_weekly_rvb,wheat_weekly_rvg,wheat_weekly_trd,wheat_weekly_tru,corn_monthly_jumps,corn_monthly_lev,corn_monthly_rku,corn_monthly_rsk,corn_monthly_rv,corn_monthly_rvb,corn_monthly_rvg,corn_monthly_trd,corn_monthly_tru,corn_seasonal_jumps,corn_seasonal_lev,corn_seasonal_rku,corn_seasonal_rsk,corn_seasonal_rv,corn_seasonal_rvb,corn_seasonal_rvg,corn_seasonal_trd,corn_seasonal_tru,corn_weekly_jumps,corn_weekly_lev,corn_weekly_rku,corn_weekly_rsk,corn_weekly_rv,corn_weekly_rvb,corn_weekly_rvg,corn_weekly_trd,corn_weekly_tru,soybeans_monthly_jumps,soybeans_monthly_lev,soybeans_monthly_rku,soybeans_monthly_rsk,soybeans_monthly_rv,soybeans_monthly_rvb,soybeans_monthly_rvg,soybeans_monthly_trd,soybeans_monthly_tru,soybeans_seasonal_jumps,soybeans_seasonal_lev,soybeans_seasonal_rku,soybeans_seasonal_rsk,soybeans_seasonal_rv,soybeans_seasonal_rvb,soybeans_seasonal_rvg,soybeans_seasonal_trd,soybeans_seasonal_tru,soybeans_weekly_jumps,soybeans_weekly_lev,soybeans_weekly_rku,soybeans_weekly_rsk,soybeans_weekly_rv,soybeans_weekly_rvb,soybeans_weekly_rvg,soybeans_weekly_trd,soybeans_weekly_tru",rolling,208,1,8,208.0,78,bsr,True,False,log,1e-10,True,1e-10,,0.05,full,104.0,1.0,1,18,test_r2,0.4995626452620858,0.8764938470691039
bsr_rolling,har_endo_exo_news,82,"wheat_weekly_rv,wheat_monthly_rv,wheat_seasonal_rv,wheat_monthly_jumps,wheat_monthly_lev,wheat_monthly_rku,wheat_monthly_rsk,wheat_monthly_rvb,wheat_monthly_rvg,wheat_monthly_tru,wheat_seasonal_jumps,wheat_seasonal_lev,wheat_seasonal_rsk,wheat_seasonal_rvg,wheat_seasonal_tru,wheat_weekly_rvb,wheat_weekly_rvg,wheat_weekly_tru,corn_monthly_jumps,corn_monthly_rv,corn_monthly_rvb,corn_monthly_tru,corn_seasonal_jumps,corn_seasonal_rku,corn_seasonal_rsk,corn_seasonal_tru,corn_weekly_lev,corn_weekly_rv,corn_weekly_rvb,soybeans_monthly_lev,soybeans_monthly_rku,soybeans_monthly_rsk,soybeans_monthly_rv,soybeans_monthly_rvb,soybeans_monthly_rvg,soybeans_monthly_tru,soybeans_seasonal_jumps,soybeans_seasonal_lev,soybeans_seasonal_rku,soybeans_seasonal_rv,soybeans_seasonal_rvg,soybeans_seasonal_trd,soybeans_seasonal_tru,soybeans_weekly_jumps,soybeans_weekly_lev,soybeans_weekly_rku,soybeans_weekly_rvb,wheat_monthly_trd,wheat_seasonal_rku,wheat_seasonal_rvb,wheat_seasonal_trd,corn_monthly_trd,corn_seasonal_lev,corn_seasonal_rv,corn_seasonal_rvb,corn_seasonal_rvg,corn_seasonal_trd,corn_weekly_trd,soybeans_monthly_jumps,soybeans_monthly_trd,soybeans_seasonal_rsk,soybeans_seasonal_rvb,soybeans_weekly_rsk,soybeans_weekly_rvg,soybeans_weekly_tru,wheat_weekly_rsk,corn_monthly_rvg,corn_weekly_rsk,wheat_weekly_lev,wheat_weekly_rku,corn_monthly_lev,corn_weekly_rvg,soybeans_weekly_rv,frbsf_sentiment,Text_Climate_Anomaly,wheat_weekly_trd,corn_monthly_rku,soybeans_weekly_trd,epu_index,wheat_weekly_jumps,corn_weekly_jumps,corn_weekly_tru",2.385837702034062e-06,0.0011183847716761044,-3.196645865441942,0.8503206073463726,0.8597390421570128,1.1027106920975432e-05,0.002381151118522372,-3.1873853643036507,0.5218879004851017,0.49814760905305366,wheat_weekly_rv,RV_target,4,"wheat_weekly_rv,wheat_monthly_rv,wheat_seasonal_rv","wheat_monthly_jumps,wheat_monthly_lev,wheat_monthly_rku,wheat_monthly_rsk,wheat_monthly_rvb,wheat_monthly_rvg,wheat_monthly_trd,wheat_monthly_tru,wheat_seasonal_jumps,wheat_seasonal_lev,wheat_seasonal_rku,wheat_seasonal_rsk,wheat_seasonal_rvb,wheat_seasonal_rvg,wheat_seasonal_trd,wheat_seasonal_tru,wheat_weekly_jumps,wheat_weekly_lev,wheat_weekly_rku,wheat_weekly_rsk,wheat_weekly_rvb,wheat_weekly_rvg,wheat_weekly_trd,wheat_weekly_tru,corn_monthly_jumps,corn_monthly_lev,corn_monthly_rku,corn_monthly_rsk,corn_monthly_rv,corn_monthly_rvb,corn_monthly_rvg,corn_monthly_trd,corn_monthly_tru,corn_seasonal_jumps,corn_seasonal_lev,corn_seasonal_rku,corn_seasonal_rsk,corn_seasonal_rv,corn_seasonal_rvb,corn_seasonal_rvg,corn_seasonal_trd,corn_seasonal_tru,corn_weekly_jumps,corn_weekly_lev,corn_weekly_rku,corn_weekly_rsk,corn_weekly_rv,corn_weekly_rvb,corn_weekly_rvg,corn_weekly_trd,corn_weekly_tru,soybeans_monthly_jumps,soybeans_monthly_lev,soybeans_monthly_rku,soybeans_monthly_rsk,soybeans_monthly_rv,soybeans_monthly_rvb,soybeans_monthly_rvg,soybeans_monthly_trd,soybeans_monthly_tru,soybeans_seasonal_jumps,soybeans_seasonal_lev,soybeans_seasonal_rku,soybeans_seasonal_rsk,soybeans_seasonal_rv,soybeans_seasonal_rvb,soybeans_seasonal_rvg,soybeans_seasonal_trd,soybeans_seasonal_tru,soybeans_weekly_jumps,soybeans_weekly_lev,soybeans_weekly_rku,soybeans_weekly_rsk,soybeans_weekly_rv,soybeans_weekly_rvb,soybeans_weekly_rvg,soybeans_weekly_trd,soybeans_weekly_tru,frbsf_sentiment,Text_Climate_Anomaly,epu_index",rolling,312,1,8,312.0,65,bsr,True,False,log,1e-10,True,1e-10,,0.05,full,104.0,1.0,13,18,test_r2,0.5218879004851017,0.8337568958786298
bsr_rolling,har_endo_exo_climate_news,99,"wheat_weekly_rv,wheat_monthly_rv,wheat_seasonal_rv,wheat_monthly_lev,wheat_monthly_rku,wheat_monthly_rsk,wheat_monthly_rvb,wheat_monthly_rvg,wheat_monthly_trd,wheat_monthly_tru,wheat_seasonal_lev,wheat_seasonal_rku,wheat_seasonal_rsk,wheat_seasonal_rvg,wheat_seasonal_trd,wheat_seasonal_tru,wheat_weekly_rvb,wheat_weekly_rvg,wheat_weekly_tru,corn_monthly_jumps,corn_monthly_rv,corn_monthly_rvb,corn_monthly_tru,corn_seasonal_jumps,corn_seasonal_rku,corn_seasonal_rsk,corn_seasonal_tru,corn_weekly_rsk,corn_weekly_rv,corn_weekly_rvb,soybeans_monthly_lev,soybeans_monthly_rku,soybeans_monthly_rsk,soybeans_monthly_rv,soybeans_monthly_rvb,soybeans_monthly_rvg,soybeans_monthly_trd,soybeans_monthly_tru,soybeans_seasonal_jumps,soybeans_seasonal_lev,soybeans_seasonal_rku,soybeans_seasonal_rv,soybeans_seasonal_rvg,soybeans_seasonal_trd,soybeans_weekly_lev,soybeans_weekly_rku,soybeans_weekly_rvb,ssta_elino,SOI_index,tmax_very_hot_in_planting,tmax_very_hot_in_harvesting,awnd_moderate_high_wind_in_harvesting,pdsi_extreme_wet_in_harvesting,wheat_seasonal_jumps,wheat_seasonal_rvb,corn_monthly_rku,corn_monthly_rvg,corn_seasonal_lev,corn_weekly_rvg,corn_weekly_tru,soybeans_monthly_jumps,soybeans_seasonal_rsk,soybeans_seasonal_rvb,soybeans_seasonal_tru,soybeans_weekly_jumps,soybeans_weekly_rsk,tmax_hot_in_planting,awnd_moderate_high_wind_in_planting,frbsf_sentiment,wheat_weekly_lev,corn_monthly_lev,corn_monthly_rsk,corn_seasonal_rvb,corn_seasonal_rvg,corn_weekly_trd,ssta_lanina,NAO_index,wheat_monthly_jumps,corn_monthly_trd,corn_seasonal_rv,corn_weekly_lev,soybeans_weekly_rv,soybeans_weekly_rvg,soybeans_weekly_tru,tmax_hot_in_harvesting,pdsi_extreme_wet_in_planting,wheat_weekly_rsk,wheat_weekly_trd,tmin_very_cold_in_harvesting,Text_Climate_Anomaly,corn_seasonal_trd,epu_index,wheat_weekly_rku,tmin_very_cold_in_planting,wheat_weekly_jumps,corn_weekly_rku,tmin_cold_in_planting,corn_weekly_jumps,tmin_cold_in_harvesting",2.1151709576608654e-06,0.0010190586650540854,-3.197260997973778,0.8673013239620816,0.8808680111882894,1.1268104681140358e-05,0.0024687991721938918,-3.1852061023682285,0.4855727328243642,0.4507799534949446,wheat_weekly_rv,RV_target,4,"wheat_weekly_rv,wheat_monthly_rv,wheat_seasonal_rv","wheat_monthly_jumps,wheat_monthly_lev,wheat_monthly_rku,wheat_monthly_rsk,wheat_monthly_rvb,wheat_monthly_rvg,wheat_monthly_trd,wheat_monthly_tru,wheat_seasonal_jumps,wheat_seasonal_lev,wheat_seasonal_rku,wheat_seasonal_rsk,wheat_seasonal_rvb,wheat_seasonal_rvg,wheat_seasonal_trd,wheat_seasonal_tru,wheat_weekly_jumps,wheat_weekly_lev,wheat_weekly_rku,wheat_weekly_rsk,wheat_weekly_rvb,wheat_weekly_rvg,wheat_weekly_trd,wheat_weekly_tru,corn_monthly_jumps,corn_monthly_lev,corn_monthly_rku,corn_monthly_rsk,corn_monthly_rv,corn_monthly_rvb,corn_monthly_rvg,corn_monthly_trd,corn_monthly_tru,corn_seasonal_jumps,corn_seasonal_lev,corn_seasonal_rku,corn_seasonal_rsk,corn_seasonal_rv,corn_seasonal_rvb,corn_seasonal_rvg,corn_seasonal_trd,corn_seasonal_tru,corn_weekly_jumps,corn_weekly_lev,corn_weekly_rku,corn_weekly_rsk,corn_weekly_rv,corn_weekly_rvb,corn_weekly_rvg,corn_weekly_trd,corn_weekly_tru,soybeans_monthly_jumps,soybeans_monthly_lev,soybeans_monthly_rku,soybeans_monthly_rsk,soybeans_monthly_rv,soybeans_monthly_rvb,soybeans_monthly_rvg,soybeans_monthly_trd,soybeans_monthly_tru,soybeans_seasonal_jumps,soybeans_seasonal_lev,soybeans_seasonal_rku,soybeans_seasonal_rsk,soybeans_seasonal_rv,soybeans_seasonal_rvb,soybeans_seasonal_rvg,soybeans_seasonal_trd,soybeans_seasonal_tru,soybeans_weekly_jumps,soybeans_weekly_lev,soybeans_weekly_rku,soybeans_weekly_rsk,soybeans_weekly_rv,soybeans_weekly_rvb,soybeans_weekly_rvg,soybeans_weekly_trd,soybeans_weekly_tru,ssta_elino,ssta_lanina,SOI_index,NAO_index,tmax_hot_in_planting,tmax_hot_in_harvesting,tmax_very_hot_in_planting,tmax_very_hot_in_harvesting,tmin_cold_in_planting,tmin_cold_in_harvesting,tmin_very_cold_in_planting,tmin_very_cold_in_harvesting,awnd_moderate_high_wind_in_planting,awnd_moderate_high_wind_in_harvesting,awnd_extreme_high_wind_in_planting,awnd_extreme_high_wind_in_harvesting,pdsi_extreme_wet_in_planting,pdsi_extreme_wet_in_harvesting,co2_extreme_in_planting,co2_extreme_in_harvesting,frbsf_sentiment,Text_Climate_Anomaly,epu_index",rolling,312,2,8,312.0,65,bsr,True,False,log,1e-10,True,1e-10,,0.05,full,104.0,1.0,15,18,test_r2,0.4855727328243642,0.8491560630121453
bsr_rolling,har_endo_exo_climate_macro,90,"wheat_weekly_rv,wheat_monthly_rv,wheat_seasonal_rv,wheat_monthly_rku,wheat_monthly_rvb,wheat_monthly_rvg,wheat_monthly_trd,wheat_monthly_tru,wheat_seasonal_rvb,wheat_seasonal_rvg,wheat_seasonal_trd,wheat_weekly_rvb,corn_monthly_jumps,corn_monthly_rv,corn_monthly_rvb,corn_monthly_tru,corn_seasonal_jumps,corn_seasonal_lev,corn_seasonal_rvb,corn_seasonal_rvg,corn_seasonal_trd,corn_weekly_lev,corn_weekly_rv,corn_weekly_rvb,corn_weekly_trd,soybeans_monthly_lev,soybeans_monthly_rv,soybeans_monthly_rvb,soybeans_monthly_rvg,soybeans_monthly_trd,soybeans_monthly_tru,soybeans_seasonal_jumps,soybeans_seasonal_rku,soybeans_seasonal_rv,soybeans_seasonal_rvb,soybeans_seasonal_rvg,soybeans_weekly_rku,soybeans_weekly_rvb,ssta_elino,pdsi_extreme_wet_in_harvesting,co2_extreme_in_harvesting,wheat_seasonal_jumps,wheat_seasonal_lev,wheat_seasonal_rsk,wheat_seasonal_tru,wheat_weekly_lev,wheat_weekly_rvg,wheat_weekly_tru,corn_monthly_lev,corn_monthly_rku,corn_monthly_rvg,corn_monthly_trd,corn_seasonal_rku,corn_weekly_rsk,soybeans_seasonal_lev,soybeans_seasonal_rsk,soybeans_seasonal_trd,ssta_lanina,SOI_index,awnd_extreme_high_wind_in_planting,awnd_extreme_high_wind_in_harvesting,WTI_Index,Broad_Dollar_index,soybeans_seasonal_tru,soybeans_weekly_lev,soybeans_weekly_rv,soybeans_weekly_rvg,NAO_index,tmax_hot_in_harvesting,DJIA_Index,wheat_seasonal_rku,corn_seasonal_rsk,soybeans_monthly_rsk,soybeans_weekly_jumps,tmax_hot_in_planting,tmin_cold_in_harvesting,wheat_weekly_rku,wheat_weekly_trd,corn_seasonal_rv,corn_weekly_rku,wheat_monthly_lev,wheat_monthly_rsk,wheat_weekly_jumps,wheat_weekly_rsk,tmin_very_cold_in_planting,pdsi_extreme_wet_in_planting,corn_weekly_rvg,corn_weekly_tru,soybeans_monthly_jumps,tmax_very_hot_in_harvesting",2.2445141000542992e-06,0.0010930852294308052,-3.1926598187286226,0.8515784482460957,0.8611883000863931,1.303472683640216e-05,0.00265484036795793,-3.1724718041675994,0.3538253271389977,0.3593660812516719,wheat_weekly_rv,RV_target,4,"wheat_weekly_rv,wheat_monthly_rv,wheat_seasonal_rv","wheat_monthly_jumps,wheat_monthly_lev,wheat_monthly_rku,wheat_monthly_rsk,wheat_monthly_rvb,wheat_monthly_rvg,wheat_monthly_trd,wheat_monthly_tru,wheat_seasonal_jumps,wheat_seasonal_lev,wheat_seasonal_rku,wheat_seasonal_rsk,wheat_seasonal_rvb,wheat_seasonal_rvg,wheat_seasonal_trd,wheat_seasonal_tru,wheat_weekly_jumps,wheat_weekly_lev,wheat_weekly_rku,wheat_weekly_rsk,wheat_weekly_rvb,wheat_weekly_rvg,wheat_weekly_trd,wheat_weekly_tru,corn_monthly_jumps,corn_monthly_lev,corn_monthly_rku,corn_monthly_rsk,corn_monthly_rv,corn_monthly_rvb,corn_monthly_rvg,corn_monthly_trd,corn_monthly_tru,corn_seasonal_jumps,corn_seasonal_lev,corn_seasonal_rku,corn_seasonal_rsk,corn_seasonal_rv,corn_seasonal_rvb,corn_seasonal_rvg,corn_seasonal_trd,corn_seasonal_tru,corn_weekly_jumps,corn_weekly_lev,corn_weekly_rku,corn_weekly_rsk,corn_weekly_rv,corn_weekly_rvb,corn_weekly_rvg,corn_weekly_trd,corn_weekly_tru,soybeans_monthly_jumps,soybeans_monthly_lev,soybeans_monthly_rku,soybeans_monthly_rsk,soybeans_monthly_rv,soybeans_monthly_rvb,soybeans_monthly_rvg,soybeans_monthly_trd,soybeans_monthly_tru,soybeans_seasonal_jumps,soybeans_seasonal_lev,soybeans_seasonal_rku,soybeans_seasonal_rsk,soybeans_seasonal_rv,soybeans_seasonal_rvb,soybeans_seasonal_rvg,soybeans_seasonal_trd,soybeans_seasonal_tru,soybeans_weekly_jumps,soybeans_weekly_lev,soybeans_weekly_rku,soybeans_weekly_rsk,soybeans_weekly_rv,soybeans_weekly_rvb,soybeans_weekly_rvg,soybeans_weekly_trd,soybeans_weekly_tru,ssta_elino,ssta_lanina,SOI_index,NAO_index,tmax_hot_in_planting,tmax_hot_in_harvesting,tmax_very_hot_in_planting,tmax_very_hot_in_harvesting,tmin_cold_in_planting,tmin_cold_in_harvesting,tmin_very_cold_in_planting,tmin_very_cold_in_harvesting,awnd_moderate_high_wind_in_planting,awnd_moderate_high_wind_in_harvesting,awnd_extreme_high_wind_in_planting,awnd_extreme_high_wind_in_harvesting,pdsi_extreme_wet_in_planting,pdsi_extreme_wet_in_harvesting,co2_extreme_in_planting,co2_extreme_in_harvesting,DJIA_Index,WTI_Index,Broad_Dollar_index,Stock_Uncertainty",rolling,312,1,8,312.0,51,bsr,True,False,log,1e-10,True,1e-10,,0.05,full,104.0,1.0,13,18,test_r2,0.3538253271389977,0.8300680784266894
bsr_rolling,har_endo_exo_climate,94,"wheat_weekly_rv,wheat_monthly_rv,wheat_seasonal_rv,wheat_monthly_jumps,wheat_monthly_lev,wheat_monthly_rku,wheat_monthly_rsk,wheat_monthly_rvb,wheat_monthly_rvg,wheat_monthly_trd,wheat_monthly_tru,wheat_seasonal_jumps,wheat_seasonal_lev,wheat_seasonal_rsk,wheat_seasonal_rvg,wheat_seasonal_tru,wheat_weekly_rvb,wheat_weekly_rvg,wheat_weekly_tru,corn_monthly_jumps,corn_monthly_rv,corn_monthly_rvb,corn_monthly_tru,corn_seasonal_jumps,corn_seasonal_rku,corn_seasonal_rsk,corn_seasonal_tru,corn_weekly_rsk,corn_weekly_rv,corn_weekly_rvb,soybeans_monthly_lev,soybeans_monthly_rku,soybeans_monthly_rsk,soybeans_monthly_rv,soybeans_monthly_rvb,soybeans_monthly_rvg,soybeans_monthly_trd,soybeans_monthly_tru,soybeans_seasonal_jumps,soybeans_seasonal_rku,soybeans_seasonal_rsk,soybeans_seasonal_rv,soybeans_seasonal_rvg,soybeans_seasonal_trd,soybeans_weekly_lev,soybeans_weekly_rku,soybeans_weekly_rvb,ssta_elino,SOI_index,tmax_very_hot_in_planting,tmax_very_hot_in_harvesting,awnd_moderate_high_wind_in_harvesting,pdsi_extreme_wet_in_harvesting,wheat_seasonal_rvb,wheat_seasonal_trd,corn_monthly_rku,corn_monthly_rvg,corn_seasonal_lev,corn_seasonal_trd,corn_weekly_rvg,corn_weekly_tru,soybeans_monthly_jumps,soybeans_seasonal_lev,soybeans_weekly_rsk,wheat_weekly_lev,corn_monthly_lev,corn_monthly_rsk,corn_monthly_trd,corn_seasonal_rvb,corn_seasonal_rvg,corn_weekly_trd,soybeans_seasonal_rvb,soybeans_weekly_jumps,ssta_lanina,NAO_index,tmax_hot_in_planting,tmax_hot_in_harvesting,tmin_cold_in_planting,wheat_weekly_rku,corn_seasonal_rv,soybeans_seasonal_tru,soybeans_weekly_rv,soybeans_weekly_rvg,soybeans_weekly_tru,pdsi_extreme_wet_in_planting,wheat_weekly_rsk,wheat_weekly_trd,awnd_extreme_high_wind_in_harvesting,wheat_seasonal_rku,wheat_weekly_jumps,corn_weekly_jumps,corn_weekly_rku,tmin_very_cold_in_planting,tmin_cold_in_harvesting",2.202523064771239e-06,0.0010394298206496057,-3.1971409669768414,0.8618211480355513,0.8768199463731077,1.313175400803305e-05,0.002462574774122446,-3.1855183745842166,0.43063484156926213,0.46632626271911903,wheat_weekly_rv,RV_target,4,"wheat_weekly_rv,wheat_monthly_rv,wheat_seasonal_rv","wheat_monthly_jumps,wheat_monthly_lev,wheat_monthly_rku,wheat_monthly_rsk,wheat_monthly_rvb,wheat_monthly_rvg,wheat_monthly_trd,wheat_monthly_tru,wheat_seasonal_jumps,wheat_seasonal_lev,wheat_seasonal_rku,wheat_seasonal_rsk,wheat_seasonal_rvb,wheat_seasonal_rvg,wheat_seasonal_trd,wheat_seasonal_tru,wheat_weekly_jumps,wheat_weekly_lev,wheat_weekly_rku,wheat_weekly_rsk,wheat_weekly_rvb,wheat_weekly_rvg,wheat_weekly_trd,wheat_weekly_tru,corn_monthly_jumps,corn_monthly_lev,corn_monthly_rku,corn_monthly_rsk,corn_monthly_rv,corn_monthly_rvb,corn_monthly_rvg,corn_monthly_trd,corn_monthly_tru,corn_seasonal_jumps,corn_seasonal_lev,corn_seasonal_rku,corn_seasonal_rsk,corn_seasonal_rv,corn_seasonal_rvb,corn_seasonal_rvg,corn_seasonal_trd,corn_seasonal_tru,corn_weekly_jumps,corn_weekly_lev,corn_weekly_rku,corn_weekly_rsk,corn_weekly_rv,corn_weekly_rvb,corn_weekly_rvg,corn_weekly_trd,corn_weekly_tru,soybeans_monthly_jumps,soybeans_monthly_lev,soybeans_monthly_rku,soybeans_monthly_rsk,soybeans_monthly_rv,soybeans_monthly_rvb,soybeans_monthly_rvg,soybeans_monthly_trd,soybeans_monthly_tru,soybeans_seasonal_jumps,soybeans_seasonal_lev,soybeans_seasonal_rku,soybeans_seasonal_rsk,soybeans_seasonal_rv,soybeans_seasonal_rvb,soybeans_seasonal_rvg,soybeans_seasonal_trd,soybeans_seasonal_tru,soybeans_weekly_jumps,soybeans_weekly_lev,soybeans_weekly_rku,soybeans_weekly_rsk,soybeans_weekly_rv,soybeans_weekly_rvb,soybeans_weekly_rvg,soybeans_weekly_trd,soybeans_weekly_tru,ssta_elino,ssta_lanina,SOI_index,NAO_index,tmax_hot_in_planting,tmax_hot_in_harvesting,tmax_very_hot_in_planting,tmax_very_hot_in_harvesting,tmin_cold_in_planting,tmin_cold_in_harvesting,tmin_very_cold_in_planting,tmin_very_cold_in_harvesting,awnd_moderate_high_wind_in_planting,awnd_moderate_high_wind_in_harvesting,awnd_extreme_high_wind_in_planting,awnd_extreme_high_wind_in_harvesting,pdsi_extreme_wet_in_planting,pdsi_extreme_wet_in_harvesting,co2_extreme_in_planting,co2_extreme_in_harvesting",rolling,312,1,8,312.0,65,bsr,True,False,log,1e-10,True,1e-10,,0.05,full,104.0,1.0,13,18,test_r2,0.43063484156926213,0.8440038475078995
lasso_expanding,har_endo_exo_news_macro,16,"DJIA_Index,corn_weekly_rvb,soybeans_monthly_rku,soybeans_seasonal_rku,soybeans_weekly_rku,wheat_monthly_rv,wheat_seasonal_rv,wheat_weekly_rv,wheat_monthly_jumps,wheat_seasonal_jumps,wheat_seasonal_rku,frbsf_sentiment,soybeans_seasonal_rsk,wheat_seasonal_rvb,WTI_Index,soybeans_seasonal_lev",6.0412626367380635e-06,0.001747518266272979,-3.186791310160204,0.5988628633287316,0.6438231742804306,4.8361062117075045e-06,0.0017477369477099072,-3.2003963603025944,0.6280127780599176,0.6089448313161002,wheat_weekly_rv,RV_target,4,"wheat_weekly_rv,wheat_monthly_rv,wheat_seasonal_rv","wheat_monthly_jumps,wheat_monthly_lev,wheat_monthly_rku,wheat_monthly_rsk,wheat_monthly_rvb,wheat_monthly_rvg,wheat_monthly_trd,wheat_monthly_tru,wheat_seasonal_jumps,wheat_seasonal_lev,wheat_seasonal_rku,wheat_seasonal_rsk,wheat_seasonal_rvb,wheat_seasonal_rvg,wheat_seasonal_trd,wheat_seasonal_tru,wheat_weekly_jumps,wheat_weekly_lev,wheat_weekly_rku,wheat_weekly_rsk,wheat_weekly_rvb,wheat_weekly_rvg,wheat_weekly_trd,wheat_weekly_tru,corn_monthly_jumps,corn_monthly_lev,corn_monthly_rku,corn_monthly_rsk,corn_monthly_rv,corn_monthly_rvb,corn_monthly_rvg,corn_monthly_trd,corn_monthly_tru,corn_seasonal_jumps,corn_seasonal_lev,corn_seasonal_rku,corn_seasonal_rsk,corn_seasonal_rv,corn_seasonal_rvb,corn_seasonal_rvg,corn_seasonal_trd,corn_seasonal_tru,corn_weekly_jumps,corn_weekly_lev,corn_weekly_rku,corn_weekly_rsk,corn_weekly_rv,corn_weekly_rvb,corn_weekly_rvg,corn_weekly_trd,corn_weekly_tru,soybeans_monthly_jumps,soybeans_monthly_lev,soybeans_monthly_rku,soybeans_monthly_rsk,soybeans_monthly_rv,soybeans_monthly_rvb,soybeans_monthly_rvg,soybeans_monthly_trd,soybeans_monthly_tru,soybeans_seasonal_jumps,soybeans_seasonal_lev,soybeans_seasonal_rku,soybeans_seasonal_rsk,soybeans_seasonal_rv,soybeans_seasonal_rvb,soybeans_seasonal_rvg,soybeans_seasonal_trd,soybeans_seasonal_tru,soybeans_weekly_jumps,soybeans_weekly_lev,soybeans_weekly_rku,soybeans_weekly_rsk,soybeans_weekly_rv,soybeans_weekly_rvb,soybeans_weekly_rvg,soybeans_weekly_trd,soybeans_weekly_tru,frbsf_sentiment,Text_Climate_Anomaly,epu_index,DJIA_Index,WTI_Index,Broad_Dollar_index,Stock_Uncertainty",expanding,260,1,8,,58,lasso,True,True,log,1e-10,True,1e-10,0.01580591040973906,,,,,7,18,test_r2,0.6280127780599176,0.5896808973963421
lasso_expanding,har_endo_exo_macro,15,"DJIA_Index,corn_weekly_rvb,soybeans_monthly_rku,soybeans_seasonal_rku,soybeans_weekly_rku,wheat_monthly_rv,wheat_seasonal_rv,wheat_weekly_rv,wheat_monthly_jumps,wheat_seasonal_jumps,wheat_seasonal_rku,soybeans_seasonal_rsk,wheat_seasonal_rvb,WTI_Index,soybeans_seasonal_lev",6.043915729912445e-06,0.0017484267623640926,-3.186786790290905,0.5986866991287478,0.6437447242920916,4.877469790580995e-06,0.0017487729686714007,-3.2002619956109406,0.6248311434718681,0.6056140209151193,wheat_weekly_rv,RV_target,4,"wheat_weekly_rv,wheat_monthly_rv,wheat_seasonal_rv","wheat_monthly_jumps,wheat_monthly_lev,wheat_monthly_rku,wheat_monthly_rsk,wheat_monthly_rvb,wheat_monthly_rvg,wheat_monthly_trd,wheat_monthly_tru,wheat_seasonal_jumps,wheat_seasonal_lev,wheat_seasonal_rku,wheat_seasonal_rsk,wheat_seasonal_rvb,wheat_seasonal_rvg,wheat_seasonal_trd,wheat_seasonal_tru,wheat_weekly_jumps,wheat_weekly_lev,wheat_weekly_rku,wheat_weekly_rsk,wheat_weekly_rvb,wheat_weekly_rvg,wheat_weekly_trd,wheat_weekly_tru,corn_monthly_jumps,corn_monthly_lev,corn_monthly_rku,corn_monthly_rsk,corn_monthly_rv,corn_monthly_rvb,corn_monthly_rvg,corn_monthly_trd,corn_monthly_tru,corn_seasonal_jumps,corn_seasonal_lev,corn_seasonal_rku,corn_seasonal_rsk,corn_seasonal_rv,corn_seasonal_rvb,corn_seasonal_rvg,corn_seasonal_trd,corn_seasonal_tru,corn_weekly_jumps,corn_weekly_lev,corn_weekly_rku,corn_weekly_rsk,corn_weekly_rv,corn_weekly_rvb,corn_weekly_rvg,corn_weekly_trd,corn_weekly_tru,soybeans_monthly_jumps,soybeans_monthly_lev,soybeans_monthly_rku,soybeans_monthly_rsk,soybeans_monthly_rv,soybeans_monthly_rvb,soybeans_monthly_rvg,soybeans_monthly_trd,soybeans_monthly_tru,soybeans_seasonal_jumps,soybeans_seasonal_lev,soybeans_seasonal_rku,soybeans_seasonal_rsk,soybeans_seasonal_rv,soybeans_seasonal_rvb,soybeans_seasonal_rvg,soybeans_seasonal_trd,soybeans_seasonal_tru,soybeans_weekly_jumps,soybeans_weekly_lev,soybeans_weekly_rku,soybeans_weekly_rsk,soybeans_weekly_rv,soybeans_weekly_rvb,soybeans_weekly_rvg,soybeans_weekly_trd,soybeans_weekly_tru,DJIA_Index,WTI_Index,Broad_Dollar_index,Stock_Uncertainty",expanding,260,1,8,,58,lasso,True,True,log,1e-10,True,1e-10,0.01580591040973906,,,,,7,18,test_r2,0.6248311434718681,0.5900871283957925
lasso_expanding,har_endo_exo_climate_news_macro,28,"DJIA_Index,soybeans_monthly_rku,soybeans_weekly_rku,wheat_monthly_jumps,wheat_monthly_rv,wheat_seasonal_rv,wheat_weekly_rv,tmin_cold_in_harvesting,corn_weekly_rvb,wheat_seasonal_jumps,frbsf_sentiment,Stock_Uncertainty,awnd_moderate_high_wind_in_harvesting,pdsi_extreme_wet_in_harvesting,soybeans_seasonal_rsk,ssta_elino,ssta_lanina,tmax_very_hot_in_harvesting,wheat_monthly_rku,wheat_seasonal_rvb,WTI_Index,soybeans_seasonal_lev,soybeans_weekly_rvg,corn_seasonal_jumps,corn_weekly_rku,corn_weekly_rvg,tmin_very_cold_in_planting,wheat_seasonal_lev",5.719781210464869e-06,0.0017041882174483529,-3.1872708012174167,0.6202090862265752,0.6597243191065707,5.017256899722569e-06,0.0017794850023604904,-3.2000430427287627,0.6140788944276419,0.595403385582093,wheat_weekly_rv,RV_target,4,"wheat_weekly_rv,wheat_monthly_rv,wheat_seasonal_rv","wheat_monthly_jumps,wheat_monthly_lev,wheat_monthly_rku,wheat_monthly_rsk,wheat_monthly_rvb,wheat_monthly_rvg,wheat_monthly_trd,wheat_monthly_tru,wheat_seasonal_jumps,wheat_seasonal_lev,wheat_seasonal_rku,wheat_seasonal_rsk,wheat_seasonal_rvb,wheat_seasonal_rvg,wheat_seasonal_trd,wheat_seasonal_tru,wheat_weekly_jumps,wheat_weekly_lev,wheat_weekly_rku,wheat_weekly_rsk,wheat_weekly_rvb,wheat_weekly_rvg,wheat_weekly_trd,wheat_weekly_tru,corn_monthly_jumps,corn_monthly_lev,corn_monthly_rku,corn_monthly_rsk,corn_monthly_rv,corn_monthly_rvb,corn_monthly_rvg,corn_monthly_trd,corn_monthly_tru,corn_seasonal_jumps,corn_seasonal_lev,corn_seasonal_rku,corn_seasonal_rsk,corn_seasonal_rv,corn_seasonal_rvb,corn_seasonal_rvg,corn_seasonal_trd,corn_seasonal_tru,corn_weekly_jumps,corn_weekly_lev,corn_weekly_rku,corn_weekly_rsk,corn_weekly_rv,corn_weekly_rvb,corn_weekly_rvg,corn_weekly_trd,corn_weekly_tru,soybeans_monthly_jumps,soybeans_monthly_lev,soybeans_monthly_rku,soybeans_monthly_rsk,soybeans_monthly_rv,soybeans_monthly_rvb,soybeans_monthly_rvg,soybeans_monthly_trd,soybeans_monthly_tru,soybeans_seasonal_jumps,soybeans_seasonal_lev,soybeans_seasonal_rku,soybeans_seasonal_rsk,soybeans_seasonal_rv,soybeans_seasonal_rvb,soybeans_seasonal_rvg,soybeans_seasonal_trd,soybeans_seasonal_tru,soybeans_weekly_jumps,soybeans_weekly_lev,soybeans_weekly_rku,soybeans_weekly_rsk,soybeans_weekly_rv,soybeans_weekly_rvb,soybeans_weekly_rvg,soybeans_weekly_trd,soybeans_weekly_tru,ssta_elino,ssta_lanina,SOI_index,NAO_index,tmax_hot_in_planting,tmax_hot_in_harvesting,tmax_very_hot_in_planting,tmax_very_hot_in_harvesting,tmin_cold_in_planting,tmin_cold_in_harvesting,tmin_very_cold_in_planting,tmin_very_cold_in_harvesting,awnd_moderate_high_wind_in_planting,awnd_moderate_high_wind_in_harvesting,awnd_extreme_high_wind_in_planting,awnd_extreme_high_wind_in_harvesting,pdsi_extreme_wet_in_planting,pdsi_extreme_wet_in_harvesting,co2_extreme_in_planting,co2_extreme_in_harvesting,frbsf_sentiment,Text_Climate_Anomaly,epu_index,DJIA_Index,WTI_Index,Broad_Dollar_index,Stock_Uncertainty",expanding,260,1,8,,58,lasso,True,True,log,1e-10,True,1e-10,0.011150757328163898,,,,,7,18,test_r2,0.6140788944276419,0.6047299805705987
lasso_expanding,har_endo_exo_climate_macro,28,"DJIA_Index,soybeans_monthly_rku,soybeans_weekly_rku,wheat_monthly_jumps,wheat_monthly_rv,wheat_seasonal_rv,wheat_weekly_rv,Stock_Uncertainty,soybeans_seasonal_rku,tmin_cold_in_harvesting,corn_weekly_rvb,wheat_seasonal_jumps,awnd_moderate_high_wind_in_harvesting,pdsi_extreme_wet_in_harvesting,soybeans_seasonal_rsk,ssta_elino,ssta_lanina,tmax_very_hot_in_harvesting,wheat_monthly_rku,wheat_seasonal_rvb,WTI_Index,soybeans_seasonal_lev,soybeans_weekly_rvg,corn_seasonal_jumps,corn_weekly_rku,corn_weekly_rvg,tmin_very_cold_in_planting,wheat_seasonal_lev",5.706220328537471e-06,0.0017028256129849395,-3.1872933003461394,0.6211095227204322,0.6606333461301857,5.055514890500653e-06,0.0017810730838631213,-3.1999298873988384,0.6111361377793083,0.5936385457015766,wheat_weekly_rv,RV_target,4,"wheat_weekly_rv,wheat_monthly_rv,wheat_seasonal_rv","wheat_monthly_jumps,wheat_monthly_lev,wheat_monthly_rku,wheat_monthly_rsk,wheat_monthly_rvb,wheat_monthly_rvg,wheat_monthly_trd,wheat_monthly_tru,wheat_seasonal_jumps,wheat_seasonal_lev,wheat_seasonal_rku,wheat_seasonal_rsk,wheat_seasonal_rvb,wheat_seasonal_rvg,wheat_seasonal_trd,wheat_seasonal_tru,wheat_weekly_jumps,wheat_weekly_lev,wheat_weekly_rku,wheat_weekly_rsk,wheat_weekly_rvb,wheat_weekly_rvg,wheat_weekly_trd,wheat_weekly_tru,corn_monthly_jumps,corn_monthly_lev,corn_monthly_rku,corn_monthly_rsk,corn_monthly_rv,corn_monthly_rvb,corn_monthly_rvg,corn_monthly_trd,corn_monthly_tru,corn_seasonal_jumps,corn_seasonal_lev,corn_seasonal_rku,corn_seasonal_rsk,corn_seasonal_rv,corn_seasonal_rvb,corn_seasonal_rvg,corn_seasonal_trd,corn_seasonal_tru,corn_weekly_jumps,corn_weekly_lev,corn_weekly_rku,corn_weekly_rsk,corn_weekly_rv,corn_weekly_rvb,corn_weekly_rvg,corn_weekly_trd,corn_weekly_tru,soybeans_monthly_jumps,soybeans_monthly_lev,soybeans_monthly_rku,soybeans_monthly_rsk,soybeans_monthly_rv,soybeans_monthly_rvb,soybeans_monthly_rvg,soybeans_monthly_trd,soybeans_monthly_tru,soybeans_seasonal_jumps,soybeans_seasonal_lev,soybeans_seasonal_rku,soybeans_seasonal_rsk,soybeans_seasonal_rv,soybeans_seasonal_rvb,soybeans_seasonal_rvg,soybeans_seasonal_trd,soybeans_seasonal_tru,soybeans_weekly_jumps,soybeans_weekly_lev,soybeans_weekly_rku,soybeans_weekly_rsk,soybeans_weekly_rv,soybeans_weekly_rvb,soybeans_weekly_rvg,soybeans_weekly_trd,soybeans_weekly_tru,ssta_elino,ssta_lanina,SOI_index,NAO_index,tmax_hot_in_planting,tmax_hot_in_harvesting,tmax_very_hot_in_planting,tmax_very_hot_in_harvesting,tmin_cold_in_planting,tmin_cold_in_harvesting,tmin_very_cold_in_planting,tmin_very_cold_in_harvesting,awnd_moderate_high_wind_in_planting,awnd_moderate_high_wind_in_harvesting,awnd_extreme_high_wind_in_planting,awnd_extreme_high_wind_in_harvesting,pdsi_extreme_wet_in_planting,pdsi_extreme_wet_in_harvesting,co2_extreme_in_planting,co2_extreme_in_harvesting,DJIA_Index,WTI_Index,Broad_Dollar_index,Stock_Uncertainty",expanding,260,1,8,,58,lasso,True,True,log,1e-10,True,1e-10,0.011150757328163898,,,,,7,18,test_r2,0.6111361377793083,0.6056671160773057
lasso_expanding,har,3,"wheat_monthly_rv,wheat_seasonal_rv,wheat_weekly_rv",6.974624961514483e-06,0.00182493385776013,-3.1892552602304183,0.5624356060195195,0.6246235432978648,6.3190253864085235e-06,0.0017192284186274519,-3.2229484414806677,0.6351030525683172,0.6675925840355376,wheat_weekly_rv,RV_target,4,"wheat_weekly_rv,wheat_monthly_rv,wheat_seasonal_rv",,expanding,208,4,8,,78,lasso,True,True,log,1e-10,True,1e-10,0.00018470762897128455,,,,,5,18,test_r2,0.6351030525683172,0.5608347606756885
lasso_expanding,har_endo_exo,45,"corn_monthly_rv,corn_weekly_rv,corn_weekly_rvb,soybeans_monthly_rku,soybeans_seasonal_rku,soybeans_weekly_rku,wheat_monthly_jumps,wheat_monthly_rv,wheat_monthly_tru,wheat_seasonal_rsk,wheat_seasonal_rv,wheat_weekly_rku,wheat_weekly_rv,soybeans_seasonal_rsk,wheat_monthly_rku,corn_monthly_rku,corn_monthly_rsk,corn_monthly_trd,corn_seasonal_lev,corn_seasonal_rsk,corn_seasonal_rv,corn_weekly_jumps,corn_weekly_lev,corn_weekly_rku,soybeans_monthly_rsk,soybeans_monthly_trd,soybeans_seasonal_rv,soybeans_seasonal_trd,soybeans_seasonal_tru,soybeans_weekly_jumps,soybeans_weekly_lev,soybeans_weekly_rv,soybeans_weekly_trd,wheat_monthly_rsk,wheat_monthly_trd,wheat_seasonal_rku,wheat_seasonal_rvb,wheat_weekly_lev,wheat_weekly_trd,wheat_weekly_tru,wheat_seasonal_jumps,soybeans_seasonal_lev,soybeans_weekly_rvg,corn_seasonal_jumps,wheat_seasonal_lev",6.295862610653076e-06,0.0017328462016172929,-3.1902832646327166,0.6050188615135821,0.6567929469270903,7.593228031028878e-06,0.0017619395196805403,-3.2223305243675373,0.6220921285201674,0.6550955497480999,wheat_weekly_rv,RV_target,4,"wheat_weekly_rv,wheat_monthly_rv,wheat_seasonal_rv","wheat_monthly_jumps,wheat_monthly_lev,wheat_monthly_rku,wheat_monthly_rsk,wheat_monthly_rvb,wheat_monthly_rvg,wheat_monthly_trd,wheat_monthly_tru,wheat_seasonal_jumps,wheat_seasonal_lev,wheat_seasonal_rku,wheat_seasonal_rsk,wheat_seasonal_rvb,wheat_seasonal_rvg,wheat_seasonal_trd,wheat_seasonal_tru,wheat_weekly_jumps,wheat_weekly_lev,wheat_weekly_rku,wheat_weekly_rsk,wheat_weekly_rvb,wheat_weekly_rvg,wheat_weekly_trd,wheat_weekly_tru,corn_monthly_jumps,corn_monthly_lev,corn_monthly_rku,corn_monthly_rsk,corn_monthly_rv,corn_monthly_rvb,corn_monthly_rvg,corn_monthly_trd,corn_monthly_tru,corn_seasonal_jumps,corn_seasonal_lev,corn_seasonal_rku,corn_seasonal_rsk,corn_seasonal_rv,corn_seasonal_rvb,corn_seasonal_rvg,corn_seasonal_trd,corn_seasonal_tru,corn_weekly_jumps,corn_weekly_lev,corn_weekly_rku,corn_weekly_rsk,corn_weekly_rv,corn_weekly_rvb,corn_weekly_rvg,corn_weekly_trd,corn_weekly_tru,soybeans_monthly_jumps,soybeans_monthly_lev,soybeans_monthly_rku,soybeans_monthly_rsk,soybeans_monthly_rv,soybeans_monthly_rvb,soybeans_monthly_rvg,soybeans_monthly_trd,soybeans_monthly_tru,soybeans_seasonal_jumps,soybeans_seasonal_lev,soybeans_seasonal_rku,soybeans_seasonal_rsk,soybeans_seasonal_rv,soybeans_seasonal_rvb,soybeans_seasonal_rvg,soybeans_seasonal_trd,soybeans_seasonal_tru,soybeans_weekly_jumps,soybeans_weekly_lev,soybeans_weekly_rku,soybeans_weekly_rsk,soybeans_weekly_rv,soybeans_weekly_rvb,soybeans_weekly_rvg,soybeans_weekly_trd,soybeans_weekly_tru",expanding,208,2,8,,78,lasso,True,True,log,1e-10,True,1e-10,0.012152528594793094,,,,,3,18,test_r2,0.6220921285201674,0.5821729087733651
lasso_expanding,har_endo_exo_news,26,"corn_monthly_rv,corn_weekly_rv,corn_weekly_rvb,epu_index,frbsf_sentiment,soybeans_monthly_rku,soybeans_seasonal_rku,soybeans_weekly_rku,wheat_monthly_rv,wheat_monthly_tru,wheat_seasonal_rsk,wheat_seasonal_rv,wheat_weekly_rku,wheat_weekly_rv,corn_weekly_lev,soybeans_seasonal_rsk,wheat_monthly_rku,soybeans_seasonal_lev,wheat_monthly_jumps,wheat_seasonal_jumps,wheat_seasonal_rvb,wheat_seasonal_rku,corn_seasonal_jumps,corn_weekly_rku,soybeans_weekly_rvg,wheat_seasonal_lev",6.359489390998913e-06,0.0017410226095468959,-3.1901766855758136,0.6010271323902845,0.6532531909609283,7.656035908218787e-06,0.0017392062420321624,-3.2226321139721272,0.6189662390981703,0.6694354883331652,wheat_weekly_rv,RV_target,4,"wheat_weekly_rv,wheat_monthly_rv,wheat_seasonal_rv","wheat_monthly_jumps,wheat_monthly_lev,wheat_monthly_rku,wheat_monthly_rsk,wheat_monthly_rvb,wheat_monthly_rvg,wheat_monthly_trd,wheat_monthly_tru,wheat_seasonal_jumps,wheat_seasonal_lev,wheat_seasonal_rku,wheat_seasonal_rsk,wheat_seasonal_rvb,wheat_seasonal_rvg,wheat_seasonal_trd,wheat_seasonal_tru,wheat_weekly_jumps,wheat_weekly_lev,wheat_weekly_rku,wheat_weekly_rsk,wheat_weekly_rvb,wheat_weekly_rvg,wheat_weekly_trd,wheat_weekly_tru,corn_monthly_jumps,corn_monthly_lev,corn_monthly_rku,corn_monthly_rsk,corn_monthly_rv,corn_monthly_rvb,corn_monthly_rvg,corn_monthly_trd,corn_monthly_tru,corn_seasonal_jumps,corn_seasonal_lev,corn_seasonal_rku,corn_seasonal_rsk,corn_seasonal_rv,corn_seasonal_rvb,corn_seasonal_rvg,corn_seasonal_trd,corn_seasonal_tru,corn_weekly_jumps,corn_weekly_lev,corn_weekly_rku,corn_weekly_rsk,corn_weekly_rv,corn_weekly_rvb,corn_weekly_rvg,corn_weekly_trd,corn_weekly_tru,soybeans_monthly_jumps,soybeans_monthly_lev,soybeans_monthly_rku,soybeans_monthly_rsk,soybeans_monthly_rv,soybeans_monthly_rvb,soybeans_monthly_rvg,soybeans_monthly_trd,soybeans_monthly_tru,soybeans_seasonal_jumps,soybeans_seasonal_lev,soybeans_seasonal_rku,soybeans_seasonal_rsk,soybeans_seasonal_rv,soybeans_seasonal_rvb,soybeans_seasonal_rvg,soybeans_seasonal_trd,soybeans_seasonal_tru,soybeans_weekly_jumps,soybeans_weekly_lev,soybeans_weekly_rku,soybeans_weekly_rsk,soybeans_weekly_rv,soybeans_weekly_rvb,soybeans_weekly_rvg,soybeans_weekly_trd,soybeans_weekly_tru,frbsf_sentiment,Text_Climate_Anomaly,epu_index",expanding,208,2,8,,78,lasso,True,True,log,1e-10,True,1e-10,0.012152528594793094,,,,,3,18,test_r2,0.6189662390981703,0.5880117063453001
lasso_expanding,har_endo_exo_climate_news,35,"SOI_index,corn_monthly_rsk,corn_monthly_rv,corn_weekly_jumps,corn_weekly_rv,corn_weekly_rvb,epu_index,frbsf_sentiment,pdsi_extreme_wet_in_harvesting,soybeans_monthly_rku,soybeans_monthly_rsk,soybeans_seasonal_rku,soybeans_weekly_rku,ssta_elino,tmax_very_hot_in_harvesting,tmin_very_cold_in_planting,wheat_monthly_jumps,wheat_monthly_rv,wheat_monthly_tru,wheat_seasonal_rsk,wheat_seasonal_rv,wheat_weekly_rku,wheat_weekly_rv,ssta_lanina,wheat_seasonal_jumps,soybeans_seasonal_lev,tmin_cold_in_harvesting,wheat_monthly_rku,wheat_seasonal_rku,wheat_seasonal_rvb,awnd_moderate_high_wind_in_harvesting,corn_weekly_rku,soybeans_weekly_rvg,wheat_seasonal_lev,corn_seasonal_jumps",6.120128184972459e-06,0.0017113988145021609,-3.190559318998837,0.6160438453512435,0.6655346519120512,7.773275258203292e-06,0.001765836022791737,-3.2224345118641375,0.6131313460822785,0.6607045478347718,wheat_weekly_rv,RV_target,4,"wheat_weekly_rv,wheat_monthly_rv,wheat_seasonal_rv","wheat_monthly_jumps,wheat_monthly_lev,wheat_monthly_rku,wheat_monthly_rsk,wheat_monthly_rvb,wheat_monthly_rvg,wheat_monthly_trd,wheat_monthly_tru,wheat_seasonal_jumps,wheat_seasonal_lev,wheat_seasonal_rku,wheat_seasonal_rsk,wheat_seasonal_rvb,wheat_seasonal_rvg,wheat_seasonal_trd,wheat_seasonal_tru,wheat_weekly_jumps,wheat_weekly_lev,wheat_weekly_rku,wheat_weekly_rsk,wheat_weekly_rvb,wheat_weekly_rvg,wheat_weekly_trd,wheat_weekly_tru,corn_monthly_jumps,corn_monthly_lev,corn_monthly_rku,corn_monthly_rsk,corn_monthly_rv,corn_monthly_rvb,corn_monthly_rvg,corn_monthly_trd,corn_monthly_tru,corn_seasonal_jumps,corn_seasonal_lev,corn_seasonal_rku,corn_seasonal_rsk,corn_seasonal_rv,corn_seasonal_rvb,corn_seasonal_rvg,corn_seasonal_trd,corn_seasonal_tru,corn_weekly_jumps,corn_weekly_lev,corn_weekly_rku,corn_weekly_rsk,corn_weekly_rv,corn_weekly_rvb,corn_weekly_rvg,corn_weekly_trd,corn_weekly_tru,soybeans_monthly_jumps,soybeans_monthly_lev,soybeans_monthly_rku,soybeans_monthly_rsk,soybeans_monthly_rv,soybeans_monthly_rvb,soybeans_monthly_rvg,soybeans_monthly_trd,soybeans_monthly_tru,soybeans_seasonal_jumps,soybeans_seasonal_lev,soybeans_seasonal_rku,soybeans_seasonal_rsk,soybeans_seasonal_rv,soybeans_seasonal_rvb,soybeans_seasonal_rvg,soybeans_seasonal_trd,soybeans_seasonal_tru,soybeans_weekly_jumps,soybeans_weekly_lev,soybeans_weekly_rku,soybeans_weekly_rsk,soybeans_weekly_rv,soybeans_weekly_rvb,soybeans_weekly_rvg,soybeans_weekly_trd,soybeans_weekly_tru,ssta_elino,ssta_lanina,SOI_index,NAO_index,tmax_hot_in_planting,tmax_hot_in_harvesting,tmax_very_hot_in_planting,tmax_very_hot_in_harvesting,tmin_cold_in_planting,tmin_cold_in_harvesting,tmin_very_cold_in_planting,tmin_very_cold_in_harvesting,awnd_moderate_high_wind_in_planting,awnd_moderate_high_wind_in_harvesting,awnd_extreme_high_wind_in_planting,awnd_extreme_high_wind_in_harvesting,pdsi_extreme_wet_in_planting,pdsi_extreme_wet_in_harvesting,co2_extreme_in_planting,co2_extreme_in_harvesting,frbsf_sentiment,Text_Climate_Anomaly,epu_index",expanding,208,2,8,,78,lasso,True,True,log,1e-10,True,1e-10,0.009857290615289957,,,,,3,18,test_r2,0.6131313460822785,0.5989899552335957
lasso_expanding,har_endo_exo_climate,30,"corn_weekly_rvb,soybeans_monthly_rku,wheat_monthly_rv,wheat_seasonal_jumps,wheat_seasonal_rv,wheat_weekly_rv,soybeans_weekly_rku,ssta_lanina,tmin_cold_in_harvesting,wheat_monthly_jumps,corn_monthly_rsk,corn_weekly_rku,corn_weekly_rsk,pdsi_extreme_wet_in_harvesting,soybeans_seasonal_lev,soybeans_seasonal_rku,ssta_elino,tmax_very_hot_in_harvesting,tmin_very_cold_in_planting,wheat_monthly_rku,wheat_weekly_lev,wheat_seasonal_rvb,awnd_moderate_high_wind_in_harvesting,NAO_index,SOI_index,soybeans_weekly_rvg,wheat_seasonal_lev,corn_seasonal_jumps,awnd_extreme_high_wind_in_planting,soybeans_monthly_lev",6.036612339511339e-06,0.0017041937281570198,-3.190642222510237,0.6212833471894937,0.6682223734481625,7.920651930434318e-06,0.0017439984994864787,-3.192377217318041,0.6383953253786783,0.6893777412958513,wheat_weekly_rv,RV_target,4,"wheat_weekly_rv,wheat_monthly_rv,wheat_seasonal_rv","wheat_monthly_jumps,wheat_monthly_lev,wheat_monthly_rku,wheat_monthly_rsk,wheat_monthly_rvb,wheat_monthly_rvg,wheat_monthly_trd,wheat_monthly_tru,wheat_seasonal_jumps,wheat_seasonal_lev,wheat_seasonal_rku,wheat_seasonal_rsk,wheat_seasonal_rvb,wheat_seasonal_rvg,wheat_seasonal_trd,wheat_seasonal_tru,wheat_weekly_jumps,wheat_weekly_lev,wheat_weekly_rku,wheat_weekly_rsk,wheat_weekly_rvb,wheat_weekly_rvg,wheat_weekly_trd,wheat_weekly_tru,corn_monthly_jumps,corn_monthly_lev,corn_monthly_rku,corn_monthly_rsk,corn_monthly_rv,corn_monthly_rvb,corn_monthly_rvg,corn_monthly_trd,corn_monthly_tru,corn_seasonal_jumps,corn_seasonal_lev,corn_seasonal_rku,corn_seasonal_rsk,corn_seasonal_rv,corn_seasonal_rvb,corn_seasonal_rvg,corn_seasonal_trd,corn_seasonal_tru,corn_weekly_jumps,corn_weekly_lev,corn_weekly_rku,corn_weekly_rsk,corn_weekly_rv,corn_weekly_rvb,corn_weekly_rvg,corn_weekly_trd,corn_weekly_tru,soybeans_monthly_jumps,soybeans_monthly_lev,soybeans_monthly_rku,soybeans_monthly_rsk,soybeans_monthly_rv,soybeans_monthly_rvb,soybeans_monthly_rvg,soybeans_monthly_trd,soybeans_monthly_tru,soybeans_seasonal_jumps,soybeans_seasonal_lev,soybeans_seasonal_rku,soybeans_seasonal_rsk,soybeans_seasonal_rv,soybeans_seasonal_rvb,soybeans_seasonal_rvg,soybeans_seasonal_trd,soybeans_seasonal_tru,soybeans_weekly_jumps,soybeans_weekly_lev,soybeans_weekly_rku,soybeans_weekly_rsk,soybeans_weekly_rv,soybeans_weekly_rvb,soybeans_weekly_rvg,soybeans_weekly_trd,soybeans_weekly_tru,ssta_elino,ssta_lanina,SOI_index,NAO_index,tmax_hot_in_planting,tmax_hot_in_harvesting,tmax_very_hot_in_planting,tmax_very_hot_in_harvesting,tmin_cold_in_planting,tmin_cold_in_harvesting,tmin_very_cold_in_planting,tmin_very_cold_in_harvesting,awnd_moderate_high_wind_in_planting,awnd_moderate_high_wind_in_harvesting,awnd_extreme_high_wind_in_planting,awnd_extreme_high_wind_in_harvesting,pdsi_extreme_wet_in_planting,pdsi_extreme_wet_in_harvesting,co2_extreme_in_planting,co2_extreme_in_harvesting",expanding,312,2,8,,65,lasso,True,True,log,1e-10,True,1e-10,0.00919462014108753,,,,,15,18,test_r2,0.6383953253786783,0.6069561093782514
lasso_expanding,har_endo,25,"wheat_monthly_jumps,wheat_monthly_lev,wheat_monthly_rku,wheat_monthly_rv,wheat_monthly_trd,wheat_monthly_tru,wheat_seasonal_rku,wheat_seasonal_rsk,wheat_seasonal_rv,wheat_seasonal_rvb,wheat_weekly_jumps,wheat_weekly_lev,wheat_weekly_rv,wheat_weekly_trd,wheat_weekly_tru,wheat_seasonal_jumps,wheat_seasonal_lev,wheat_monthly_rsk,wheat_monthly_rvg,wheat_seasonal_rvg,wheat_seasonal_trd,wheat_seasonal_tru,wheat_weekly_rku,wheat_weekly_rsk,wheat_weekly_rvg",6.51262598236283e-06,0.0017553439259287327,-3.189905703184657,0.5914198602909058,0.6458490265767521,8.677573570895957e-06,0.001792979206958887,-3.1915838236097067,0.6038392805080183,0.6713143821439211,wheat_weekly_rv,RV_target,4,"wheat_weekly_rv,wheat_monthly_rv,wheat_seasonal_rv","wheat_monthly_jumps,wheat_monthly_lev,wheat_monthly_rku,wheat_monthly_rsk,wheat_monthly_rvb,wheat_monthly_rvg,wheat_monthly_trd,wheat_monthly_tru,wheat_seasonal_jumps,wheat_seasonal_lev,wheat_seasonal_rku,wheat_seasonal_rsk,wheat_seasonal_rvb,wheat_seasonal_rvg,wheat_seasonal_trd,wheat_seasonal_tru,wheat_weekly_jumps,wheat_weekly_lev,wheat_weekly_rku,wheat_weekly_rsk,wheat_weekly_rvb,wheat_weekly_rvg,wheat_weekly_trd,wheat_weekly_tru",expanding,312,2,8,,65,lasso,True,True,log,1e-10,True,1e-10,0.00490689222381759,,,,,15,18,test_r2,0.6038392805080183,0.5786197306007712
lasso_rolling,har_endo_exo_climate_macro,36,"DJIA_Index,soybeans_monthly_rku,soybeans_weekly_rku,wheat_monthly_jumps,wheat_monthly_rv,wheat_seasonal_rv,wheat_weekly_rv,wheat_seasonal_rku,wheat_seasonal_tru,wheat_seasonal_rvb,SOI_index,corn_seasonal_rv,pdsi_extreme_wet_in_planting,soybeans_monthly_trd,soybeans_seasonal_rku,tmax_hot_in_harvesting,tmax_very_hot_in_harvesting,Broad_Dollar_index,WTI_Index,corn_seasonal_jumps,corn_weekly_rku,soybeans_monthly_lev,soybeans_weekly_rv,soybeans_weekly_rvb,tmin_very_cold_in_planting,wheat_seasonal_lev,wheat_monthly_rvb,awnd_extreme_high_wind_in_planting,corn_monthly_lev,corn_seasonal_rsk,soybeans_seasonal_lev,wheat_weekly_rku,soybeans_weekly_rvg,ssta_lanina,wheat_monthly_lev,wheat_weekly_jumps",4.4652238743800705e-06,0.0015566127082547367,-3.189098549092428,0.7035111321476769,0.7182298086268344,3.843103084424037e-06,0.0015298234601056218,-3.201949843673993,0.7043933326891285,0.6624338858335064,wheat_weekly_rv,RV_target,4,"wheat_weekly_rv,wheat_monthly_rv,wheat_seasonal_rv","wheat_monthly_jumps,wheat_monthly_lev,wheat_monthly_rku,wheat_monthly_rsk,wheat_monthly_rvb,wheat_monthly_rvg,wheat_monthly_trd,wheat_monthly_tru,wheat_seasonal_jumps,wheat_seasonal_lev,wheat_seasonal_rku,wheat_seasonal_rsk,wheat_seasonal_rvb,wheat_seasonal_rvg,wheat_seasonal_trd,wheat_seasonal_tru,wheat_weekly_jumps,wheat_weekly_lev,wheat_weekly_rku,wheat_weekly_rsk,wheat_weekly_rvb,wheat_weekly_rvg,wheat_weekly_trd,wheat_weekly_tru,corn_monthly_jumps,corn_monthly_lev,corn_monthly_rku,corn_monthly_rsk,corn_monthly_rv,corn_monthly_rvb,corn_monthly_rvg,corn_monthly_trd,corn_monthly_tru,corn_seasonal_jumps,corn_seasonal_lev,corn_seasonal_rku,corn_seasonal_rsk,corn_seasonal_rv,corn_seasonal_rvb,corn_seasonal_rvg,corn_seasonal_trd,corn_seasonal_tru,corn_weekly_jumps,corn_weekly_lev,corn_weekly_rku,corn_weekly_rsk,corn_weekly_rv,corn_weekly_rvb,corn_weekly_rvg,corn_weekly_trd,corn_weekly_tru,soybeans_monthly_jumps,soybeans_monthly_lev,soybeans_monthly_rku,soybeans_monthly_rsk,soybeans_monthly_rv,soybeans_monthly_rvb,soybeans_monthly_rvg,soybeans_monthly_trd,soybeans_monthly_tru,soybeans_seasonal_jumps,soybeans_seasonal_lev,soybeans_seasonal_rku,soybeans_seasonal_rsk,soybeans_seasonal_rv,soybeans_seasonal_rvb,soybeans_seasonal_rvg,soybeans_seasonal_trd,soybeans_seasonal_tru,soybeans_weekly_jumps,soybeans_weekly_lev,soybeans_weekly_rku,soybeans_weekly_rsk,soybeans_weekly_rv,soybeans_weekly_rvb,soybeans_weekly_rvg,soybeans_weekly_trd,soybeans_weekly_tru,ssta_elino,ssta_lanina,SOI_index,NAO_index,tmax_hot_in_planting,tmax_hot_in_harvesting,tmax_very_hot_in_planting,tmax_very_hot_in_harvesting,tmin_cold_in_planting,tmin_cold_in_harvesting,tmin_very_cold_in_planting,tmin_very_cold_in_harvesting,awnd_moderate_high_wind_in_planting,awnd_moderate_high_wind_in_harvesting,awnd_extreme_high_wind_in_planting,awnd_extreme_high_wind_in_harvesting,pdsi_extreme_wet_in_planting,pdsi_extreme_wet_in_harvesting,co2_extreme_in_planting,co2_extreme_in_harvesting,DJIA_Index,WTI_Index,Broad_Dollar_index,Stock_Uncertainty",rolling,260,1,8,260.0,58,lasso,True,True,log,1e-10,True,1e-10,0.017974055417360683,,,,,7,18,test_r2,0.7043933326891285,0.6877915456341517
lasso_rolling,har_endo_exo_climate_news_macro,34,"DJIA_Index,soybeans_monthly_rku,soybeans_weekly_rku,wheat_monthly_jumps,wheat_monthly_rv,wheat_seasonal_rv,wheat_weekly_rv,wheat_seasonal_tru,wheat_seasonal_rvb,SOI_index,awnd_extreme_high_wind_in_harvesting,corn_seasonal_rv,epu_index,pdsi_extreme_wet_in_planting,soybeans_monthly_trd,soybeans_seasonal_lev,soybeans_seasonal_rku,ssta_elino,tmax_hot_in_harvesting,tmax_hot_in_planting,tmax_very_hot_in_harvesting,tmin_cold_in_harvesting,Broad_Dollar_index,Text_Climate_Anomaly,WTI_Index,soybeans_weekly_rv,wheat_monthly_rvb,soybeans_weekly_rvb,soybeans_weekly_rvg,wheat_seasonal_lev,soybeans_monthly_lev,ssta_lanina,tmin_very_cold_in_planting,wheat_monthly_lev",4.6682275975127706e-06,0.001581691940170728,-3.1888385830598827,0.6900317757403172,0.7097514769939821,3.885088797737561e-06,0.0015586412700059143,-3.201798587671337,0.701163844300544,0.6568475056004041,wheat_weekly_rv,RV_target,4,"wheat_weekly_rv,wheat_monthly_rv,wheat_seasonal_rv","wheat_monthly_jumps,wheat_monthly_lev,wheat_monthly_rku,wheat_monthly_rsk,wheat_monthly_rvb,wheat_monthly_rvg,wheat_monthly_trd,wheat_monthly_tru,wheat_seasonal_jumps,wheat_seasonal_lev,wheat_seasonal_rku,wheat_seasonal_rsk,wheat_seasonal_rvb,wheat_seasonal_rvg,wheat_seasonal_trd,wheat_seasonal_tru,wheat_weekly_jumps,wheat_weekly_lev,wheat_weekly_rku,wheat_weekly_rsk,wheat_weekly_rvb,wheat_weekly_rvg,wheat_weekly_trd,wheat_weekly_tru,corn_monthly_jumps,corn_monthly_lev,corn_monthly_rku,corn_monthly_rsk,corn_monthly_rv,corn_monthly_rvb,corn_monthly_rvg,corn_monthly_trd,corn_monthly_tru,corn_seasonal_jumps,corn_seasonal_lev,corn_seasonal_rku,corn_seasonal_rsk,corn_seasonal_rv,corn_seasonal_rvb,corn_seasonal_rvg,corn_seasonal_trd,corn_seasonal_tru,corn_weekly_jumps,corn_weekly_lev,corn_weekly_rku,corn_weekly_rsk,corn_weekly_rv,corn_weekly_rvb,corn_weekly_rvg,corn_weekly_trd,corn_weekly_tru,soybeans_monthly_jumps,soybeans_monthly_lev,soybeans_monthly_rku,soybeans_monthly_rsk,soybeans_monthly_rv,soybeans_monthly_rvb,soybeans_monthly_rvg,soybeans_monthly_trd,soybeans_monthly_tru,soybeans_seasonal_jumps,soybeans_seasonal_lev,soybeans_seasonal_rku,soybeans_seasonal_rsk,soybeans_seasonal_rv,soybeans_seasonal_rvb,soybeans_seasonal_rvg,soybeans_seasonal_trd,soybeans_seasonal_tru,soybeans_weekly_jumps,soybeans_weekly_lev,soybeans_weekly_rku,soybeans_weekly_rsk,soybeans_weekly_rv,soybeans_weekly_rvb,soybeans_weekly_rvg,soybeans_weekly_trd,soybeans_weekly_tru,ssta_elino,ssta_lanina,SOI_index,NAO_index,tmax_hot_in_planting,tmax_hot_in_harvesting,tmax_very_hot_in_planting,tmax_very_hot_in_harvesting,tmin_cold_in_planting,tmin_cold_in_harvesting,tmin_very_cold_in_planting,tmin_very_cold_in_harvesting,awnd_moderate_high_wind_in_planting,awnd_moderate_high_wind_in_harvesting,awnd_extreme_high_wind_in_planting,awnd_extreme_high_wind_in_harvesting,pdsi_extreme_wet_in_planting,pdsi_extreme_wet_in_harvesting,co2_extreme_in_planting,co2_extreme_in_harvesting,frbsf_sentiment,Text_Climate_Anomaly,epu_index,DJIA_Index,WTI_Index,Broad_Dollar_index,Stock_Uncertainty",rolling,260,1,8,260.0,58,lasso,True,True,log,1e-10,True,1e-10,0.01927299047063294,,,,,7,18,test_r2,0.701163844300544,0.6745561228404211
lasso_rolling,har_endo_exo_macro,31,"DJIA_Index,corn_weekly_rvb,soybeans_monthly_rku,soybeans_seasonal_rku,soybeans_weekly_rku,wheat_monthly_rv,wheat_seasonal_rv,wheat_weekly_rv,wheat_seasonal_rku,wheat_seasonal_tru,wheat_seasonal_rvb,wheat_weekly_rvg,Broad_Dollar_index,WTI_Index,soybeans_monthly_trd,soybeans_weekly_rv,wheat_monthly_rvb,wheat_seasonal_lev,soybeans_weekly_rvb,corn_monthly_lev,corn_seasonal_rsk,corn_weekly_rku,wheat_monthly_jumps,wheat_weekly_rku,corn_weekly_rv,soybeans_monthly_lev,soybeans_seasonal_lev,soybeans_weekly_rvg,wheat_seasonal_rvg,wheat_monthly_lev,wheat_weekly_jumps",4.506488954328708e-06,0.0015711133027439697,-3.188907057869788,0.7007711492979916,0.7113700182320026,4.220942644573289e-06,0.001677423991198528,-3.2012113588144326,0.6753303877979,0.6347112017327206,wheat_weekly_rv,RV_target,4,"wheat_weekly_rv,wheat_monthly_rv,wheat_seasonal_rv","wheat_monthly_jumps,wheat_monthly_lev,wheat_monthly_rku,wheat_monthly_rsk,wheat_monthly_rvb,wheat_monthly_rvg,wheat_monthly_trd,wheat_monthly_tru,wheat_seasonal_jumps,wheat_seasonal_lev,wheat_seasonal_rku,wheat_seasonal_rsk,wheat_seasonal_rvb,wheat_seasonal_rvg,wheat_seasonal_trd,wheat_seasonal_tru,wheat_weekly_jumps,wheat_weekly_lev,wheat_weekly_rku,wheat_weekly_rsk,wheat_weekly_rvb,wheat_weekly_rvg,wheat_weekly_trd,wheat_weekly_tru,corn_monthly_jumps,corn_monthly_lev,corn_monthly_rku,corn_monthly_rsk,corn_monthly_rv,corn_monthly_rvb,corn_monthly_rvg,corn_monthly_trd,corn_monthly_tru,corn_seasonal_jumps,corn_seasonal_lev,corn_seasonal_rku,corn_seasonal_rsk,corn_seasonal_rv,corn_seasonal_rvb,corn_seasonal_rvg,corn_seasonal_trd,corn_seasonal_tru,corn_weekly_jumps,corn_weekly_lev,corn_weekly_rku,corn_weekly_rsk,corn_weekly_rv,corn_weekly_rvb,corn_weekly_rvg,corn_weekly_trd,corn_weekly_tru,soybeans_monthly_jumps,soybeans_monthly_lev,soybeans_monthly_rku,soybeans_monthly_rsk,soybeans_monthly_rv,soybeans_monthly_rvb,soybeans_monthly_rvg,soybeans_monthly_trd,soybeans_monthly_tru,soybeans_seasonal_jumps,soybeans_seasonal_lev,soybeans_seasonal_rku,soybeans_seasonal_rsk,soybeans_seasonal_rv,soybeans_seasonal_rvb,soybeans_seasonal_rvg,soybeans_seasonal_trd,soybeans_seasonal_tru,soybeans_weekly_jumps,soybeans_weekly_lev,soybeans_weekly_rku,soybeans_weekly_rsk,soybeans_weekly_rv,soybeans_weekly_rvb,soybeans_weekly_rvg,soybeans_weekly_trd,soybeans_weekly_tru,DJIA_Index,WTI_Index,Broad_Dollar_index,Stock_Uncertainty",rolling,260,1,8,260.0,58,lasso,True,True,log,1e-10,True,1e-10,0.01457931050334365,,,,,7,18,test_r2,0.6753303877979,0.687209607818807
lasso_rolling,har_endo_exo_news_macro,30,"DJIA_Index,corn_weekly_rvb,soybeans_monthly_rku,soybeans_seasonal_rku,soybeans_weekly_rku,wheat_monthly_rv,wheat_seasonal_rv,wheat_weekly_rv,wheat_seasonal_rku,wheat_seasonal_tru,wheat_seasonal_rvb,wheat_weekly_rvg,Broad_Dollar_index,soybeans_weekly_rv,wheat_monthly_rvb,soybeans_weekly_rvb,WTI_Index,corn_monthly_lev,corn_seasonal_rsk,corn_weekly_rku,wheat_monthly_jumps,wheat_seasonal_lev,wheat_weekly_rku,corn_weekly_rv,soybeans_monthly_lev,soybeans_seasonal_lev,soybeans_weekly_rvg,wheat_seasonal_rvg,wheat_monthly_lev,wheat_weekly_jumps",4.524933625277595e-06,0.0015748205020035347,-3.188867828213471,0.6995464313977489,0.7100898389928729,4.2474900851143206e-06,0.0016770226224736256,-3.201192742269529,0.6732883919805684,0.6340006294314552,wheat_weekly_rv,RV_target,4,"wheat_weekly_rv,wheat_monthly_rv,wheat_seasonal_rv","wheat_monthly_jumps,wheat_monthly_lev,wheat_monthly_rku,wheat_monthly_rsk,wheat_monthly_rvb,wheat_monthly_rvg,wheat_monthly_trd,wheat_monthly_tru,wheat_seasonal_jumps,wheat_seasonal_lev,wheat_seasonal_rku,wheat_seasonal_rsk,wheat_seasonal_rvb,wheat_seasonal_rvg,wheat_seasonal_trd,wheat_seasonal_tru,wheat_weekly_jumps,wheat_weekly_lev,wheat_weekly_rku,wheat_weekly_rsk,wheat_weekly_rvb,wheat_weekly_rvg,wheat_weekly_trd,wheat_weekly_tru,corn_monthly_jumps,corn_monthly_lev,corn_monthly_rku,corn_monthly_rsk,corn_monthly_rv,corn_monthly_rvb,corn_monthly_rvg,corn_monthly_trd,corn_monthly_tru,corn_seasonal_jumps,corn_seasonal_lev,corn_seasonal_rku,corn_seasonal_rsk,corn_seasonal_rv,corn_seasonal_rvb,corn_seasonal_rvg,corn_seasonal_trd,corn_seasonal_tru,corn_weekly_jumps,corn_weekly_lev,corn_weekly_rku,corn_weekly_rsk,corn_weekly_rv,corn_weekly_rvb,corn_weekly_rvg,corn_weekly_trd,corn_weekly_tru,soybeans_monthly_jumps,soybeans_monthly_lev,soybeans_monthly_rku,soybeans_monthly_rsk,soybeans_monthly_rv,soybeans_monthly_rvb,soybeans_monthly_rvg,soybeans_monthly_trd,soybeans_monthly_tru,soybeans_seasonal_jumps,soybeans_seasonal_lev,soybeans_seasonal_rku,soybeans_seasonal_rsk,soybeans_seasonal_rv,soybeans_seasonal_rvb,soybeans_seasonal_rvg,soybeans_seasonal_trd,soybeans_seasonal_tru,soybeans_weekly_jumps,soybeans_weekly_lev,soybeans_weekly_rku,soybeans_weekly_rsk,soybeans_weekly_rv,soybeans_weekly_rvb,soybeans_weekly_rvg,soybeans_weekly_trd,soybeans_weekly_tru,frbsf_sentiment,Text_Climate_Anomaly,epu_index,DJIA_Index,WTI_Index,Broad_Dollar_index,Stock_Uncertainty",rolling,260,1,8,260.0,58,lasso,True,True,log,1e-10,True,1e-10,0.015632916772246222,,,,,7,18,test_r2,0.6732883919805684,0.6863878809480153
lasso_rolling,har_endo_exo_climate_news,42,"corn_weekly_rvb,pdsi_extreme_wet_in_harvesting,soybeans_monthly_rku,soybeans_seasonal_rku,soybeans_weekly_rku,ssta_lanina,wheat_monthly_rku,wheat_monthly_rv,wheat_seasonal_rv,wheat_weekly_rv,wheat_seasonal_rku,wheat_seasonal_tru,wheat_seasonal_rvb,soybeans_monthly_rvb,tmax_very_hot_in_harvesting,tmax_hot_in_harvesting,soybeans_weekly_rvb,SOI_index,pdsi_extreme_wet_in_planting,soybeans_weekly_rv,wheat_seasonal_lev,NAO_index,awnd_extreme_high_wind_in_planting,awnd_moderate_high_wind_in_harvesting,awnd_moderate_high_wind_in_planting,corn_seasonal_jumps,corn_seasonal_rku,corn_seasonal_rsk,corn_weekly_lev,corn_weekly_rku,epu_index,frbsf_sentiment,soybeans_monthly_lev,soybeans_monthly_rv,ssta_elino,tmin_cold_in_planting,tmin_very_cold_in_planting,wheat_monthly_jumps,wheat_monthly_lev,wheat_seasonal_rvg,wheat_weekly_jumps,wheat_weekly_rku",5.3685943081988146e-06,0.0016477608606604536,-3.1913386694889496,0.6644675895315364,0.7028948418937894,4.656428383062204e-06,0.0017279824888341473,-3.2008281919539088,0.6040434295350177,0.5876701964572164,wheat_weekly_rv,RV_target,4,"wheat_weekly_rv,wheat_monthly_rv,wheat_seasonal_rv","wheat_monthly_jumps,wheat_monthly_lev,wheat_monthly_rku,wheat_monthly_rsk,wheat_monthly_rvb,wheat_monthly_rvg,wheat_monthly_trd,wheat_monthly_tru,wheat_seasonal_jumps,wheat_seasonal_lev,wheat_seasonal_rku,wheat_seasonal_rsk,wheat_seasonal_rvb,wheat_seasonal_rvg,wheat_seasonal_trd,wheat_seasonal_tru,wheat_weekly_jumps,wheat_weekly_lev,wheat_weekly_rku,wheat_weekly_rsk,wheat_weekly_rvb,wheat_weekly_rvg,wheat_weekly_trd,wheat_weekly_tru,corn_monthly_jumps,corn_monthly_lev,corn_monthly_rku,corn_monthly_rsk,corn_monthly_rv,corn_monthly_rvb,corn_monthly_rvg,corn_monthly_trd,corn_monthly_tru,corn_seasonal_jumps,corn_seasonal_lev,corn_seasonal_rku,corn_seasonal_rsk,corn_seasonal_rv,corn_seasonal_rvb,corn_seasonal_rvg,corn_seasonal_trd,corn_seasonal_tru,corn_weekly_jumps,corn_weekly_lev,corn_weekly_rku,corn_weekly_rsk,corn_weekly_rv,corn_weekly_rvb,corn_weekly_rvg,corn_weekly_trd,corn_weekly_tru,soybeans_monthly_jumps,soybeans_monthly_lev,soybeans_monthly_rku,soybeans_monthly_rsk,soybeans_monthly_rv,soybeans_monthly_rvb,soybeans_monthly_rvg,soybeans_monthly_trd,soybeans_monthly_tru,soybeans_seasonal_jumps,soybeans_seasonal_lev,soybeans_seasonal_rku,soybeans_seasonal_rsk,soybeans_seasonal_rv,soybeans_seasonal_rvb,soybeans_seasonal_rvg,soybeans_seasonal_trd,soybeans_seasonal_tru,soybeans_weekly_jumps,soybeans_weekly_lev,soybeans_weekly_rku,soybeans_weekly_rsk,soybeans_weekly_rv,soybeans_weekly_rvb,soybeans_weekly_rvg,soybeans_weekly_trd,soybeans_weekly_tru,ssta_elino,ssta_lanina,SOI_index,NAO_index,tmax_hot_in_planting,tmax_hot_in_harvesting,tmax_very_hot_in_planting,tmax_very_hot_in_harvesting,tmin_cold_in_planting,tmin_cold_in_harvesting,tmin_very_cold_in_planting,tmin_very_cold_in_harvesting,awnd_moderate_high_wind_in_planting,awnd_moderate_high_wind_in_harvesting,awnd_extreme_high_wind_in_planting,awnd_extreme_high_wind_in_harvesting,pdsi_extreme_wet_in_planting,pdsi_extreme_wet_in_harvesting,co2_extreme_in_planting,co2_extreme_in_harvesting,frbsf_sentiment,Text_Climate_Anomaly,epu_index",rolling,260,1,8,260.0,71,lasso,True,True,log,1e-10,True,1e-10,0.04645020920610488,,,,,7,18,test_r2,0.6040434295350177,0.6463307024791871
lasso_rolling,har_endo_exo_climate,35,"corn_weekly_rvb,soybeans_monthly_rku,wheat_monthly_rv,wheat_seasonal_jumps,wheat_seasonal_rv,wheat_weekly_rv,soybeans_seasonal_rku,soybeans_weekly_rku,ssta_lanina,wheat_seasonal_rku,wheat_monthly_rku,wheat_seasonal_tru,wheat_seasonal_trd,wheat_monthly_rvb,wheat_seasonal_rvb,SOI_index,corn_seasonal_rv,pdsi_extreme_wet_in_planting,tmax_very_hot_in_harvesting,corn_seasonal_jumps,soybeans_monthly_trd,soybeans_weekly_rvb,tmax_hot_in_harvesting,tmin_very_cold_in_planting,wheat_seasonal_lev,soybeans_weekly_rv,soybeans_seasonal_lev,soybeans_seasonal_rsk,soybeans_weekly_rvg,corn_seasonal_rsk,soybeans_monthly_lev,corn_seasonal_lev,corn_weekly_rku,wheat_seasonal_rvg,wheat_monthly_lev",5.365326535681506e-06,0.0016329640674216332,-3.191703452171386,0.6633975493955317,0.6996648948903821,6.847978808951392e-06,0.0017705430919465923,-3.196566213984269,0.6101598649706613,0.6409538902631291,wheat_weekly_rv,RV_target,4,"wheat_weekly_rv,wheat_monthly_rv,wheat_seasonal_rv","wheat_monthly_jumps,wheat_monthly_lev,wheat_monthly_rku,wheat_monthly_rsk,wheat_monthly_rvb,wheat_monthly_rvg,wheat_monthly_trd,wheat_monthly_tru,wheat_seasonal_jumps,wheat_seasonal_lev,wheat_seasonal_rku,wheat_seasonal_rsk,wheat_seasonal_rvb,wheat_seasonal_rvg,wheat_seasonal_trd,wheat_seasonal_tru,wheat_weekly_jumps,wheat_weekly_lev,wheat_weekly_rku,wheat_weekly_rsk,wheat_weekly_rvb,wheat_weekly_rvg,wheat_weekly_trd,wheat_weekly_tru,corn_monthly_jumps,corn_monthly_lev,corn_monthly_rku,corn_monthly_rsk,corn_monthly_rv,corn_monthly_rvb,corn_monthly_rvg,corn_monthly_trd,corn_monthly_tru,corn_seasonal_jumps,corn_seasonal_lev,corn_seasonal_rku,corn_seasonal_rsk,corn_seasonal_rv,corn_seasonal_rvb,corn_seasonal_rvg,corn_seasonal_trd,corn_seasonal_tru,corn_weekly_jumps,corn_weekly_lev,corn_weekly_rku,corn_weekly_rsk,corn_weekly_rv,corn_weekly_rvb,corn_weekly_rvg,corn_weekly_trd,corn_weekly_tru,soybeans_monthly_jumps,soybeans_monthly_lev,soybeans_monthly_rku,soybeans_monthly_rsk,soybeans_monthly_rv,soybeans_monthly_rvb,soybeans_monthly_rvg,soybeans_monthly_trd,soybeans_monthly_tru,soybeans_seasonal_jumps,soybeans_seasonal_lev,soybeans_seasonal_rku,soybeans_seasonal_rsk,soybeans_seasonal_rv,soybeans_seasonal_rvb,soybeans_seasonal_rvg,soybeans_seasonal_trd,soybeans_seasonal_tru,soybeans_weekly_jumps,soybeans_weekly_lev,soybeans_weekly_rku,soybeans_weekly_rsk,soybeans_weekly_rv,soybeans_weekly_rvb,soybeans_weekly_rvg,soybeans_weekly_trd,soybeans_weekly_tru,ssta_elino,ssta_lanina,SOI_index,NAO_index,tmax_hot_in_planting,tmax_hot_in_harvesting,tmax_very_hot_in_planting,tmax_very_hot_in_harvesting,tmin_cold_in_planting,tmin_cold_in_harvesting,tmin_very_cold_in_planting,tmin_very_cold_in_harvesting,awnd_moderate_high_wind_in_planting,awnd_moderate_high_wind_in_harvesting,awnd_extreme_high_wind_in_planting,awnd_extreme_high_wind_in_harvesting,pdsi_extreme_wet_in_planting,pdsi_extreme_wet_in_harvesting,co2_extreme_in_planting,co2_extreme_in_harvesting",rolling,312,2,4,312.0,129,lasso,True,True,log,1e-10,True,1e-10,0.018290225660696102,,,,,14,18,test_r2,0.6101598649706613,0.6484469329346734
lasso_rolling,har_endo_exo_news,37,"corn_monthly_rv,corn_weekly_rv,corn_weekly_rvb,epu_index,frbsf_sentiment,soybeans_monthly_rku,soybeans_seasonal_rku,soybeans_weekly_rku,wheat_monthly_rv,wheat_monthly_tru,wheat_seasonal_rsk,wheat_seasonal_rv,wheat_weekly_rku,wheat_weekly_rv,soybeans_seasonal_jumps,wheat_seasonal_rku,corn_seasonal_lev,wheat_monthly_rku,wheat_seasonal_tru,wheat_weekly_rvg,soybeans_monthly_rvb,wheat_monthly_rvb,wheat_weekly_rvb,corn_seasonal_rku,soybeans_weekly_rv,corn_seasonal_rsk,soybeans_weekly_rvb,wheat_seasonal_lev,wheat_seasonal_rvb,Text_Climate_Anomaly,corn_seasonal_jumps,corn_weekly_rku,soybeans_monthly_lev,wheat_monthly_lev,wheat_seasonal_rvg,wheat_weekly_jumps,wheat_seasonal_trd",4.8181999514689626e-06,0.0015419695692441247,-3.192581658520965,0.6977224218542779,0.7273770792999197,6.991423456594201e-06,0.0017451872287715393,-3.2230175089857127,0.6520433804570356,0.6786286704831972,wheat_weekly_rv,RV_target,4,"wheat_weekly_rv,wheat_monthly_rv,wheat_seasonal_rv","wheat_monthly_jumps,wheat_monthly_lev,wheat_monthly_rku,wheat_monthly_rsk,wheat_monthly_rvb,wheat_monthly_rvg,wheat_monthly_trd,wheat_monthly_tru,wheat_seasonal_jumps,wheat_seasonal_lev,wheat_seasonal_rku,wheat_seasonal_rsk,wheat_seasonal_rvb,wheat_seasonal_rvg,wheat_seasonal_trd,wheat_seasonal_tru,wheat_weekly_jumps,wheat_weekly_lev,wheat_weekly_rku,wheat_weekly_rsk,wheat_weekly_rvb,wheat_weekly_rvg,wheat_weekly_trd,wheat_weekly_tru,corn_monthly_jumps,corn_monthly_lev,corn_monthly_rku,corn_monthly_rsk,corn_monthly_rv,corn_monthly_rvb,corn_monthly_rvg,corn_monthly_trd,corn_monthly_tru,corn_seasonal_jumps,corn_seasonal_lev,corn_seasonal_rku,corn_seasonal_rsk,corn_seasonal_rv,corn_seasonal_rvb,corn_seasonal_rvg,corn_seasonal_trd,corn_seasonal_tru,corn_weekly_jumps,corn_weekly_lev,corn_weekly_rku,corn_weekly_rsk,corn_weekly_rv,corn_weekly_rvb,corn_weekly_rvg,corn_weekly_trd,corn_weekly_tru,soybeans_monthly_jumps,soybeans_monthly_lev,soybeans_monthly_rku,soybeans_monthly_rsk,soybeans_monthly_rv,soybeans_monthly_rvb,soybeans_monthly_rvg,soybeans_monthly_trd,soybeans_monthly_tru,soybeans_seasonal_jumps,soybeans_seasonal_lev,soybeans_seasonal_rku,soybeans_seasonal_rsk,soybeans_seasonal_rv,soybeans_seasonal_rvb,soybeans_seasonal_rvg,soybeans_seasonal_trd,soybeans_seasonal_tru,soybeans_weekly_jumps,soybeans_weekly_lev,soybeans_weekly_rku,soybeans_weekly_rsk,soybeans_weekly_rv,soybeans_weekly_rvb,soybeans_weekly_rvg,soybeans_weekly_trd,soybeans_weekly_tru,frbsf_sentiment,Text_Climate_Anomaly,epu_index",rolling,208,2,8,208.0,78,lasso,True,True,log,1e-10,True,1e-10,0.08133049632421833,,,,,3,18,test_r2,0.6520433804570356,0.6834930702112858
lasso_rolling,har,3,"wheat_monthly_rv,wheat_seasonal_rv,wheat_weekly_rv",6.519431192609962e-06,0.001760956528897239,-3.190079078825522,0.5909929244034382,0.6503782875121795,7.293179611334722e-06,0.0017376767571146202,-3.222916075719786,0.6370252582989845,0.6787097347058388,wheat_weekly_rv,RV_target,4,"wheat_weekly_rv,wheat_monthly_rv,wheat_seasonal_rv",,rolling,208,2,8,208.0,78,lasso,True,True,log,1e-10,True,1e-10,0.011528387719759304,,,,,3,18,test_r2,0.6370252582989845,0.5894965570536947
lasso_rolling,har_endo_exo,36,"corn_monthly_rv,corn_weekly_rv,corn_weekly_rvb,soybeans_monthly_rku,soybeans_seasonal_rku,soybeans_weekly_rku,wheat_monthly_jumps,wheat_monthly_rv,wheat_monthly_tru,wheat_seasonal_rsk,wheat_seasonal_rv,wheat_weekly_rku,wheat_weekly_rv,corn_seasonal_jumps,soybeans_seasonal_jumps,wheat_monthly_rku,wheat_seasonal_rku,corn_seasonal_lev,wheat_seasonal_tru,wheat_weekly_rvg,soybeans_monthly_rvb,wheat_monthly_rvb,wheat_weekly_rvb,corn_seasonal_rku,soybeans_weekly_rv,corn_seasonal_rsk,corn_weekly_jumps,corn_weekly_lev,corn_weekly_rku,soybeans_weekly_rvb,wheat_seasonal_lev,wheat_seasonal_rvb,soybeans_monthly_lev,wheat_monthly_lev,wheat_seasonal_rvg,wheat_weekly_jumps",5.0383511598157955e-06,0.0015880110796953838,-3.1922733167963675,0.6839108792127886,0.717747742470795,7.319234366197285e-06,0.0017725496560061704,-3.222547549944689,0.6357285374693447,0.6655808196853797,wheat_weekly_rv,RV_target,4,"wheat_weekly_rv,wheat_monthly_rv,wheat_seasonal_rv","wheat_monthly_jumps,wheat_monthly_lev,wheat_monthly_rku,wheat_monthly_rsk,wheat_monthly_rvb,wheat_monthly_rvg,wheat_monthly_trd,wheat_monthly_tru,wheat_seasonal_jumps,wheat_seasonal_lev,wheat_seasonal_rku,wheat_seasonal_rsk,wheat_seasonal_rvb,wheat_seasonal_rvg,wheat_seasonal_trd,wheat_seasonal_tru,wheat_weekly_jumps,wheat_weekly_lev,wheat_weekly_rku,wheat_weekly_rsk,wheat_weekly_rvb,wheat_weekly_rvg,wheat_weekly_trd,wheat_weekly_tru,corn_monthly_jumps,corn_monthly_lev,corn_monthly_rku,corn_monthly_rsk,corn_monthly_rv,corn_monthly_rvb,corn_monthly_rvg,corn_monthly_trd,corn_monthly_tru,corn_seasonal_jumps,corn_seasonal_lev,corn_seasonal_rku,corn_seasonal_rsk,corn_seasonal_rv,corn_seasonal_rvb,corn_seasonal_rvg,corn_seasonal_trd,corn_seasonal_tru,corn_weekly_jumps,corn_weekly_lev,corn_weekly_rku,corn_weekly_rsk,corn_weekly_rv,corn_weekly_rvb,corn_weekly_rvg,corn_weekly_trd,corn_weekly_tru,soybeans_monthly_jumps,soybeans_monthly_lev,soybeans_monthly_rku,soybeans_monthly_rsk,soybeans_monthly_rv,soybeans_monthly_rvb,soybeans_monthly_rvg,soybeans_monthly_trd,soybeans_monthly_tru,soybeans_seasonal_jumps,soybeans_seasonal_lev,soybeans_seasonal_rku,soybeans_seasonal_rsk,soybeans_seasonal_rv,soybeans_seasonal_rvb,soybeans_seasonal_rvg,soybeans_seasonal_trd,soybeans_seasonal_tru,soybeans_weekly_jumps,soybeans_weekly_lev,soybeans_weekly_rku,soybeans_weekly_rsk,soybeans_weekly_rv,soybeans_weekly_rvb,soybeans_weekly_rvg,soybeans_weekly_trd,soybeans_weekly_tru",rolling,208,2,8,208.0,78,lasso,True,True,log,1e-10,True,1e-10,0.08133049632421833,,,,,3,18,test_r2,0.6357285374693447,0.6694519105363723
lasso_rolling,har_endo,18,"wheat_monthly_jumps,wheat_monthly_rv,wheat_monthly_tru,wheat_seasonal_rku,wheat_seasonal_rsk,wheat_seasonal_rv,wheat_weekly_rku,wheat_weekly_rv,wheat_monthly_rku,wheat_seasonal_tru,wheat_weekly_lev,wheat_weekly_rvg,wheat_monthly_rvb,wheat_weekly_rvb,wheat_seasonal_jumps,wheat_seasonal_lev,wheat_monthly_lev,wheat_seasonal_rvg",6.008899953240451e-06,0.0017024642027335377,-3.1908590467802695,0.6230219286288234,0.6739278757395988,7.357759238784821e-06,0.001770847814276993,-3.2227987862672896,0.633811190520314,0.6712145861965607,wheat_weekly_rv,RV_target,4,"wheat_weekly_rv,wheat_monthly_rv,wheat_seasonal_rv","wheat_monthly_jumps,wheat_monthly_lev,wheat_monthly_rku,wheat_monthly_rsk,wheat_monthly_rvb,wheat_monthly_rvg,wheat_monthly_trd,wheat_monthly_tru,wheat_seasonal_jumps,wheat_seasonal_lev,wheat_seasonal_rku,wheat_seasonal_rsk,wheat_seasonal_rvb,wheat_seasonal_rvg,wheat_seasonal_trd,wheat_seasonal_tru,wheat_weekly_jumps,wheat_weekly_lev,wheat_weekly_rku,wheat_weekly_rsk,wheat_weekly_rvb,wheat_weekly_rvg,wheat_weekly_trd,wheat_weekly_tru",rolling,208,2,8,208.0,78,lasso,True,True,log,1e-10,True,1e-10,0.053510035709593444,,,,,3,18,test_r2,0.633811190520314,0.6145926052938158
