pair_name,target_horizon,model_type,base_feature_set,augmented_feature_set,base_train_r2,augmented_train_r2,delta_train_r2,base_test_r2,augmented_test_r2,delta_test_r2,base_n_selected,augmented_n_selected,is_feature_nested,hac_maxlags,test_cw_stat,test_p_value_one_sided,test_p_value_two_sided,test_mean_adjusted_loss_diff,test_n_obs,test_augmented_better_at_5pct,train_cw_stat,train_p_value_one_sided,train_p_value_two_sided,train_mean_adjusted_loss_diff,train_n_obs,train_augmented_better_at_5pct
lasso_rolling_climate_vs_climate_news,1,lasso_rolling,har_endo_exogenous_climate,har_endo_exogenous_climate_news,0.6855356689165761,0.6823713633679622,-0.0031643055486139104,0.7340343119299959,0.7488770034550452,0.014842691525049245,45,44,True,,2.2430789181688517,0.012445862940999919,0.024891725881999838,3.8082161358690825e-07,59,True,-1.4566276946192669,0.9273904106901383,0.14521917861972344,-5.214523846356722e-08,828,False
lasso_rolling_har_vs_har_endo,1,lasso_rolling,har,har_endo,0.5952581600938968,0.6638810210402721,0.06862286094637537,0.7362863162921218,0.7714102815014257,0.03512396520930383,3,24,True,,2.561098943950147,0.005217081750380381,0.010434163500760762,1.0657257703261762e-06,59,True,1.7463753547079222,0.0403728747802351,0.0807457495604702,2.2653150532669505e-06,828,True
