n_selected,selection_method,selection_reused,test_dates,test_end,test_end_date,test_start,test_start_date,train_end,train_end_date,train_start,train_start_date,window_id,selected_feature
11,bsr,False,2013-04-08T00:00:00|2013-04-15T00:00:00|2013-04-22T00:00:00|2013-04-29T00:00:00,212,2013-04-29T00:00:00,208,2013-04-08T00:00:00,208,2013-04-01T00:00:00,0,2009-04-13T00:00:00,0,wheat_weekly_rv
11,bsr,False,2013-04-08T00:00:00|2013-04-15T00:00:00|2013-04-22T00:00:00|2013-04-29T00:00:00,212,2013-04-29T00:00:00,208,2013-04-08T00:00:00,208,2013-04-01T00:00:00,0,2009-04-13T00:00:00,0,wheat_monthly_rv
11,bsr,False,2013-04-08T00:00:00|2013-04-15T00:00:00|2013-04-22T00:00:00|2013-04-29T00:00:00,212,2013-04-29T00:00:00,208,2013-04-08T00:00:00,208,2013-04-01T00:00:00,0,2009-04-13T00:00:00,0,wheat_seasonal_rv
11,bsr,False,2013-04-08T00:00:00|2013-04-15T00:00:00|2013-04-22T00:00:00|2013-04-29T00:00:00,212,2013-04-29T00:00:00,208,2013-04-08T00:00:00,208,2013-04-01T00:00:00,0,2009-04-13T00:00:00,0,wheat_weekly_jumps
11,bsr,False,2013-04-08T00:00:00|2013-04-15T00:00:00|2013-04-22T00:00:00|2013-04-29T00:00:00,212,2013-04-29T00:00:00,208,2013-04-08T00:00:00,208,2013-04-01T00:00:00,0,2009-04-13T00:00:00,0,corn_weekly_rv
11,bsr,False,2013-04-08T00:00:00|2013-04-15T00:00:00|2013-04-22T00:00:00|2013-04-29T00:00:00,212,2013-04-29T00:00:00,208,2013-04-08T00:00:00,208,2013-04-01T00:00:00,0,2009-04-13T00:00:00,0,soybeans_weekly_rv
11,bsr,False,2013-04-08T00:00:00|2013-04-15T00:00:00|2013-04-22T00:00:00|2013-04-29T00:00:00,212,2013-04-29T00:00:00,208,2013-04-08T00:00:00,208,2013-04-01T00:00:00,0,2009-04-13T00:00:00,0,SOI_index
11,bsr,False,2013-04-08T00:00:00|2013-04-15T00:00:00|2013-04-22T00:00:00|2013-04-29T00:00:00,212,2013-04-29T00:00:00,208,2013-04-08T00:00:00,208,2013-04-01T00:00:00,0,2009-04-13T00:00:00,0,pdsi_very_wet_in_planting
11,bsr,False,2013-04-08T00:00:00|2013-04-15T00:00:00|2013-04-22T00:00:00|2013-04-29T00:00:00,212,2013-04-29T00:00:00,208,2013-04-08T00:00:00,208,2013-04-01T00:00:00,0,2009-04-13T00:00:00,0,pdsi_extreme_drought_in_harvesting
11,bsr,False,2013-04-08T00:00:00|2013-04-15T00:00:00|2013-04-22T00:00:00|2013-04-29T00:00:00,212,2013-04-29T00:00:00,208,2013-04-08T00:00:00,208,2013-04-01T00:00:00,0,2009-04-13T00:00:00,0,pdsi_severe_drought_in_planting
11,bsr,False,2013-04-08T00:00:00|2013-04-15T00:00:00|2013-04-22T00:00:00|2013-04-29T00:00:00,212,2013-04-29T00:00:00,208,2013-04-08T00:00:00,208,2013-04-01T00:00:00,0,2009-04-13T00:00:00,0,pdsi_severe_drought_in_harvesting
11,bsr,True,2013-06-03T00:00:00|2013-06-10T00:00:00|2013-06-17T00:00:00|2013-06-24T00:00:00,220,2013-06-24T00:00:00,216,2013-06-03T00:00:00,216,2013-05-27T00:00:00,0,2009-04-13T00:00:00,1,wheat_weekly_rv
11,bsr,True,2013-06-03T00:00:00|2013-06-10T00:00:00|2013-06-17T00:00:00|2013-06-24T00:00:00,220,2013-06-24T00:00:00,216,2013-06-03T00:00:00,216,2013-05-27T00:00:00,0,2009-04-13T00:00:00,1,wheat_monthly_rv
11,bsr,True,2013-06-03T00:00:00|2013-06-10T00:00:00|2013-06-17T00:00:00|2013-06-24T00:00:00,220,2013-06-24T00:00:00,216,2013-06-03T00:00:00,216,2013-05-27T00:00:00,0,2009-04-13T00:00:00,1,wheat_seasonal_rv
11,bsr,True,2013-06-03T00:00:00|2013-06-10T00:00:00|2013-06-17T00:00:00|2013-06-24T00:00:00,220,2013-06-24T00:00:00,216,2013-06-03T00:00:00,216,2013-05-27T00:00:00,0,2009-04-13T00:00:00,1,wheat_weekly_jumps
11,bsr,True,2013-06-03T00:00:00|2013-06-10T00:00:00|2013-06-17T00:00:00|2013-06-24T00:00:00,220,2013-06-24T00:00:00,216,2013-06-03T00:00:00,216,2013-05-27T00:00:00,0,2009-04-13T00:00:00,1,corn_weekly_rv
11,bsr,True,2013-06-03T00:00:00|2013-06-10T00:00:00|2013-06-17T00:00:00|2013-06-24T00:00:00,220,2013-06-24T00:00:00,216,2013-06-03T00:00:00,216,2013-05-27T00:00:00,0,2009-04-13T00:00:00,1,soybeans_weekly_rv
11,bsr,True,2013-06-03T00:00:00|2013-06-10T00:00:00|2013-06-17T00:00:00|2013-06-24T00:00:00,220,2013-06-24T00:00:00,216,2013-06-03T00:00:00,216,2013-05-27T00:00:00,0,2009-04-13T00:00:00,1,SOI_index
11,bsr,True,2013-06-03T00:00:00|2013-06-10T00:00:00|2013-06-17T00:00:00|2013-06-24T00:00:00,220,2013-06-24T00:00:00,216,2013-06-03T00:00:00,216,2013-05-27T00:00:00,0,2009-04-13T00:00:00,1,pdsi_very_wet_in_planting
11,bsr,True,2013-06-03T00:00:00|2013-06-10T00:00:00|2013-06-17T00:00:00|2013-06-24T00:00:00,220,2013-06-24T00:00:00,216,2013-06-03T00:00:00,216,2013-05-27T00:00:00,0,2009-04-13T00:00:00,1,pdsi_extreme_drought_in_harvesting
11,bsr,True,2013-06-03T00:00:00|2013-06-10T00:00:00|2013-06-17T00:00:00|2013-06-24T00:00:00,220,2013-06-24T00:00:00,216,2013-06-03T00:00:00,216,2013-05-27T00:00:00,0,2009-04-13T00:00:00,1,pdsi_severe_drought_in_planting
11,bsr,True,2013-06-03T00:00:00|2013-06-10T00:00:00|2013-06-17T00:00:00|2013-06-24T00:00:00,220,2013-06-24T00:00:00,216,2013-06-03T00:00:00,216,2013-05-27T00:00:00,0,2009-04-13T00:00:00,1,pdsi_severe_drought_in_harvesting
11,bsr,True,2013-07-29T00:00:00|2013-08-05T00:00:00|2013-08-12T00:00:00|2013-08-19T00:00:00,228,2013-08-19T00:00:00,224,2013-07-29T00:00:00,224,2013-07-22T00:00:00,0,2009-04-13T00:00:00,2,wheat_weekly_rv
11,bsr,True,2013-07-29T00:00:00|2013-08-05T00:00:00|2013-08-12T00:00:00|2013-08-19T00:00:00,228,2013-08-19T00:00:00,224,2013-07-29T00:00:00,224,2013-07-22T00:00:00,0,2009-04-13T00:00:00,2,wheat_monthly_rv
11,bsr,True,2013-07-29T00:00:00|2013-08-05T00:00:00|2013-08-12T00:00:00|2013-08-19T00:00:00,228,2013-08-19T00:00:00,224,2013-07-29T00:00:00,224,2013-07-22T00:00:00,0,2009-04-13T00:00:00,2,wheat_seasonal_rv
11,bsr,True,2013-07-29T00:00:00|2013-08-05T00:00:00|2013-08-12T00:00:00|2013-08-19T00:00:00,228,2013-08-19T00:00:00,224,2013-07-29T00:00:00,224,2013-07-22T00:00:00,0,2009-04-13T00:00:00,2,wheat_weekly_jumps
11,bsr,True,2013-07-29T00:00:00|2013-08-05T00:00:00|2013-08-12T00:00:00|2013-08-19T00:00:00,228,2013-08-19T00:00:00,224,2013-07-29T00:00:00,224,2013-07-22T00:00:00,0,2009-04-13T00:00:00,2,corn_weekly_rv
11,bsr,True,2013-07-29T00:00:00|2013-08-05T00:00:00|2013-08-12T00:00:00|2013-08-19T00:00:00,228,2013-08-19T00:00:00,224,2013-07-29T00:00:00,224,2013-07-22T00:00:00,0,2009-04-13T00:00:00,2,soybeans_weekly_rv
11,bsr,True,2013-07-29T00:00:00|2013-08-05T00:00:00|2013-08-12T00:00:00|2013-08-19T00:00:00,228,2013-08-19T00:00:00,224,2013-07-29T00:00:00,224,2013-07-22T00:00:00,0,2009-04-13T00:00:00,2,SOI_index
11,bsr,True,2013-07-29T00:00:00|2013-08-05T00:00:00|2013-08-12T00:00:00|2013-08-19T00:00:00,228,2013-08-19T00:00:00,224,2013-07-29T00:00:00,224,2013-07-22T00:00:00,0,2009-04-13T00:00:00,2,pdsi_very_wet_in_planting
11,bsr,True,2013-07-29T00:00:00|2013-08-05T00:00:00|2013-08-12T00:00:00|2013-08-19T00:00:00,228,2013-08-19T00:00:00,224,2013-07-29T00:00:00,224,2013-07-22T00:00:00,0,2009-04-13T00:00:00,2,pdsi_extreme_drought_in_harvesting
11,bsr,True,2013-07-29T00:00:00|2013-08-05T00:00:00|2013-08-12T00:00:00|2013-08-19T00:00:00,228,2013-08-19T00:00:00,224,2013-07-29T00:00:00,224,2013-07-22T00:00:00,0,2009-04-13T00:00:00,2,pdsi_severe_drought_in_planting
11,bsr,True,2013-07-29T00:00:00|2013-08-05T00:00:00|2013-08-12T00:00:00|2013-08-19T00:00:00,228,2013-08-19T00:00:00,224,2013-07-29T00:00:00,224,2013-07-22T00:00:00,0,2009-04-13T00:00:00,2,pdsi_severe_drought_in_harvesting
11,bsr,True,2013-09-23T00:00:00|2013-09-30T00:00:00|2013-10-07T00:00:00|2013-10-14T00:00:00,236,2013-10-14T00:00:00,232,2013-09-23T00:00:00,232,2013-09-16T00:00:00,0,2009-04-13T00:00:00,3,wheat_weekly_rv
11,bsr,True,2013-09-23T00:00:00|2013-09-30T00:00:00|2013-10-07T00:00:00|2013-10-14T00:00:00,236,2013-10-14T00:00:00,232,2013-09-23T00:00:00,232,2013-09-16T00:00:00,0,2009-04-13T00:00:00,3,wheat_monthly_rv
11,bsr,True,2013-09-23T00:00:00|2013-09-30T00:00:00|2013-10-07T00:00:00|2013-10-14T00:00:00,236,2013-10-14T00:00:00,232,2013-09-23T00:00:00,232,2013-09-16T00:00:00,0,2009-04-13T00:00:00,3,wheat_seasonal_rv
11,bsr,True,2013-09-23T00:00:00|2013-09-30T00:00:00|2013-10-07T00:00:00|2013-10-14T00:00:00,236,2013-10-14T00:00:00,232,2013-09-23T00:00:00,232,2013-09-16T00:00:00,0,2009-04-13T00:00:00,3,wheat_weekly_jumps
11,bsr,True,2013-09-23T00:00:00|2013-09-30T00:00:00|2013-10-07T00:00:00|2013-10-14T00:00:00,236,2013-10-14T00:00:00,232,2013-09-23T00:00:00,232,2013-09-16T00:00:00,0,2009-04-13T00:00:00,3,corn_weekly_rv
11,bsr,True,2013-09-23T00:00:00|2013-09-30T00:00:00|2013-10-07T00:00:00|2013-10-14T00:00:00,236,2013-10-14T00:00:00,232,2013-09-23T00:00:00,232,2013-09-16T00:00:00,0,2009-04-13T00:00:00,3,soybeans_weekly_rv
11,bsr,True,2013-09-23T00:00:00|2013-09-30T00:00:00|2013-10-07T00:00:00|2013-10-14T00:00:00,236,2013-10-14T00:00:00,232,2013-09-23T00:00:00,232,2013-09-16T00:00:00,0,2009-04-13T00:00:00,3,SOI_index
11,bsr,True,2013-09-23T00:00:00|2013-09-30T00:00:00|2013-10-07T00:00:00|2013-10-14T00:00:00,236,2013-10-14T00:00:00,232,2013-09-23T00:00:00,232,2013-09-16T00:00:00,0,2009-04-13T00:00:00,3,pdsi_very_wet_in_planting
11,bsr,True,2013-09-23T00:00:00|2013-09-30T00:00:00|2013-10-07T00:00:00|2013-10-14T00:00:00,236,2013-10-14T00:00:00,232,2013-09-23T00:00:00,232,2013-09-16T00:00:00,0,2009-04-13T00:00:00,3,pdsi_extreme_drought_in_harvesting
11,bsr,True,2013-09-23T00:00:00|2013-09-30T00:00:00|2013-10-07T00:00:00|2013-10-14T00:00:00,236,2013-10-14T00:00:00,232,2013-09-23T00:00:00,232,2013-09-16T00:00:00,0,2009-04-13T00:00:00,3,pdsi_severe_drought_in_planting
11,bsr,True,2013-09-23T00:00:00|2013-09-30T00:00:00|2013-10-07T00:00:00|2013-10-14T00:00:00,236,2013-10-14T00:00:00,232,2013-09-23T00:00:00,232,2013-09-16T00:00:00,0,2009-04-13T00:00:00,3,pdsi_severe_drought_in_harvesting
11,bsr,True,2013-11-18T00:00:00|2013-11-25T00:00:00|2013-12-02T00:00:00|2013-12-09T00:00:00,244,2013-12-09T00:00:00,240,2013-11-18T00:00:00,240,2013-11-11T00:00:00,0,2009-04-13T00:00:00,4,wheat_weekly_rv
11,bsr,True,2013-11-18T00:00:00|2013-11-25T00:00:00|2013-12-02T00:00:00|2013-12-09T00:00:00,244,2013-12-09T00:00:00,240,2013-11-18T00:00:00,240,2013-11-11T00:00:00,0,2009-04-13T00:00:00,4,wheat_monthly_rv
11,bsr,True,2013-11-18T00:00:00|2013-11-25T00:00:00|2013-12-02T00:00:00|2013-12-09T00:00:00,244,2013-12-09T00:00:00,240,2013-11-18T00:00:00,240,2013-11-11T00:00:00,0,2009-04-13T00:00:00,4,wheat_seasonal_rv
11,bsr,True,2013-11-18T00:00:00|2013-11-25T00:00:00|2013-12-02T00:00:00|2013-12-09T00:00:00,244,2013-12-09T00:00:00,240,2013-11-18T00:00:00,240,2013-11-11T00:00:00,0,2009-04-13T00:00:00,4,wheat_weekly_jumps
11,bsr,True,2013-11-18T00:00:00|2013-11-25T00:00:00|2013-12-02T00:00:00|2013-12-09T00:00:00,244,2013-12-09T00:00:00,240,2013-11-18T00:00:00,240,2013-11-11T00:00:00,0,2009-04-13T00:00:00,4,corn_weekly_rv
11,bsr,True,2013-11-18T00:00:00|2013-11-25T00:00:00|2013-12-02T00:00:00|2013-12-09T00:00:00,244,2013-12-09T00:00:00,240,2013-11-18T00:00:00,240,2013-11-11T00:00:00,0,2009-04-13T00:00:00,4,soybeans_weekly_rv
11,bsr,True,2013-11-18T00:00:00|2013-11-25T00:00:00|2013-12-02T00:00:00|2013-12-09T00:00:00,244,2013-12-09T00:00:00,240,2013-11-18T00:00:00,240,2013-11-11T00:00:00,0,2009-04-13T00:00:00,4,SOI_index
11,bsr,True,2013-11-18T00:00:00|2013-11-25T00:00:00|2013-12-02T00:00:00|2013-12-09T00:00:00,244,2013-12-09T00:00:00,240,2013-11-18T00:00:00,240,2013-11-11T00:00:00,0,2009-04-13T00:00:00,4,pdsi_very_wet_in_planting
11,bsr,True,2013-11-18T00:00:00|2013-11-25T00:00:00|2013-12-02T00:00:00|2013-12-09T00:00:00,244,2013-12-09T00:00:00,240,2013-11-18T00:00:00,240,2013-11-11T00:00:00,0,2009-04-13T00:00:00,4,pdsi_extreme_drought_in_harvesting
11,bsr,True,2013-11-18T00:00:00|2013-11-25T00:00:00|2013-12-02T00:00:00|2013-12-09T00:00:00,244,2013-12-09T00:00:00,240,2013-11-18T00:00:00,240,2013-11-11T00:00:00,0,2009-04-13T00:00:00,4,pdsi_severe_drought_in_planting
11,bsr,True,2013-11-18T00:00:00|2013-11-25T00:00:00|2013-12-02T00:00:00|2013-12-09T00:00:00,244,2013-12-09T00:00:00,240,2013-11-18T00:00:00,240,2013-11-11T00:00:00,0,2009-04-13T00:00:00,4,pdsi_severe_drought_in_harvesting
11,bsr,True,2014-01-13T00:00:00|2014-01-20T00:00:00|2014-01-27T00:00:00|2014-02-03T00:00:00,252,2014-02-03T00:00:00,248,2014-01-13T00:00:00,248,2014-01-06T00:00:00,0,2009-04-13T00:00:00,5,wheat_weekly_rv
11,bsr,True,2014-01-13T00:00:00|2014-01-20T00:00:00|2014-01-27T00:00:00|2014-02-03T00:00:00,252,2014-02-03T00:00:00,248,2014-01-13T00:00:00,248,2014-01-06T00:00:00,0,2009-04-13T00:00:00,5,wheat_monthly_rv
11,bsr,True,2014-01-13T00:00:00|2014-01-20T00:00:00|2014-01-27T00:00:00|2014-02-03T00:00:00,252,2014-02-03T00:00:00,248,2014-01-13T00:00:00,248,2014-01-06T00:00:00,0,2009-04-13T00:00:00,5,wheat_seasonal_rv
11,bsr,True,2014-01-13T00:00:00|2014-01-20T00:00:00|2014-01-27T00:00:00|2014-02-03T00:00:00,252,2014-02-03T00:00:00,248,2014-01-13T00:00:00,248,2014-01-06T00:00:00,0,2009-04-13T00:00:00,5,wheat_weekly_jumps
11,bsr,True,2014-01-13T00:00:00|2014-01-20T00:00:00|2014-01-27T00:00:00|2014-02-03T00:00:00,252,2014-02-03T00:00:00,248,2014-01-13T00:00:00,248,2014-01-06T00:00:00,0,2009-04-13T00:00:00,5,corn_weekly_rv
11,bsr,True,2014-01-13T00:00:00|2014-01-20T00:00:00|2014-01-27T00:00:00|2014-02-03T00:00:00,252,2014-02-03T00:00:00,248,2014-01-13T00:00:00,248,2014-01-06T00:00:00,0,2009-04-13T00:00:00,5,soybeans_weekly_rv
11,bsr,True,2014-01-13T00:00:00|2014-01-20T00:00:00|2014-01-27T00:00:00|2014-02-03T00:00:00,252,2014-02-03T00:00:00,248,2014-01-13T00:00:00,248,2014-01-06T00:00:00,0,2009-04-13T00:00:00,5,SOI_index
11,bsr,True,2014-01-13T00:00:00|2014-01-20T00:00:00|2014-01-27T00:00:00|2014-02-03T00:00:00,252,2014-02-03T00:00:00,248,2014-01-13T00:00:00,248,2014-01-06T00:00:00,0,2009-04-13T00:00:00,5,pdsi_very_wet_in_planting
11,bsr,True,2014-01-13T00:00:00|2014-01-20T00:00:00|2014-01-27T00:00:00|2014-02-03T00:00:00,252,2014-02-03T00:00:00,248,2014-01-13T00:00:00,248,2014-01-06T00:00:00,0,2009-04-13T00:00:00,5,pdsi_extreme_drought_in_harvesting
11,bsr,True,2014-01-13T00:00:00|2014-01-20T00:00:00|2014-01-27T00:00:00|2014-02-03T00:00:00,252,2014-02-03T00:00:00,248,2014-01-13T00:00:00,248,2014-01-06T00:00:00,0,2009-04-13T00:00:00,5,pdsi_severe_drought_in_planting
11,bsr,True,2014-01-13T00:00:00|2014-01-20T00:00:00|2014-01-27T00:00:00|2014-02-03T00:00:00,252,2014-02-03T00:00:00,248,2014-01-13T00:00:00,248,2014-01-06T00:00:00,0,2009-04-13T00:00:00,5,pdsi_severe_drought_in_harvesting
11,bsr,True,2014-03-10T00:00:00|2014-03-17T00:00:00|2014-03-24T00:00:00|2014-03-31T00:00:00,260,2014-03-31T00:00:00,256,2014-03-10T00:00:00,256,2014-03-03T00:00:00,0,2009-04-13T00:00:00,6,wheat_weekly_rv
11,bsr,True,2014-03-10T00:00:00|2014-03-17T00:00:00|2014-03-24T00:00:00|2014-03-31T00:00:00,260,2014-03-31T00:00:00,256,2014-03-10T00:00:00,256,2014-03-03T00:00:00,0,2009-04-13T00:00:00,6,wheat_monthly_rv
11,bsr,True,2014-03-10T00:00:00|2014-03-17T00:00:00|2014-03-24T00:00:00|2014-03-31T00:00:00,260,2014-03-31T00:00:00,256,2014-03-10T00:00:00,256,2014-03-03T00:00:00,0,2009-04-13T00:00:00,6,wheat_seasonal_rv
11,bsr,True,2014-03-10T00:00:00|2014-03-17T00:00:00|2014-03-24T00:00:00|2014-03-31T00:00:00,260,2014-03-31T00:00:00,256,2014-03-10T00:00:00,256,2014-03-03T00:00:00,0,2009-04-13T00:00:00,6,wheat_weekly_jumps
11,bsr,True,2014-03-10T00:00:00|2014-03-17T00:00:00|2014-03-24T00:00:00|2014-03-31T00:00:00,260,2014-03-31T00:00:00,256,2014-03-10T00:00:00,256,2014-03-03T00:00:00,0,2009-04-13T00:00:00,6,corn_weekly_rv
11,bsr,True,2014-03-10T00:00:00|2014-03-17T00:00:00|2014-03-24T00:00:00|2014-03-31T00:00:00,260,2014-03-31T00:00:00,256,2014-03-10T00:00:00,256,2014-03-03T00:00:00,0,2009-04-13T00:00:00,6,soybeans_weekly_rv
11,bsr,True,2014-03-10T00:00:00|2014-03-17T00:00:00|2014-03-24T00:00:00|2014-03-31T00:00:00,260,2014-03-31T00:00:00,256,2014-03-10T00:00:00,256,2014-03-03T00:00:00,0,2009-04-13T00:00:00,6,SOI_index
11,bsr,True,2014-03-10T00:00:00|2014-03-17T00:00:00|2014-03-24T00:00:00|2014-03-31T00:00:00,260,2014-03-31T00:00:00,256,2014-03-10T00:00:00,256,2014-03-03T00:00:00,0,2009-04-13T00:00:00,6,pdsi_very_wet_in_planting
11,bsr,True,2014-03-10T00:00:00|2014-03-17T00:00:00|2014-03-24T00:00:00|2014-03-31T00:00:00,260,2014-03-31T00:00:00,256,2014-03-10T00:00:00,256,2014-03-03T00:00:00,0,2009-04-13T00:00:00,6,pdsi_extreme_drought_in_harvesting
11,bsr,True,2014-03-10T00:00:00|2014-03-17T00:00:00|2014-03-24T00:00:00|2014-03-31T00:00:00,260,2014-03-31T00:00:00,256,2014-03-10T00:00:00,256,2014-03-03T00:00:00,0,2009-04-13T00:00:00,6,pdsi_severe_drought_in_planting
11,bsr,True,2014-03-10T00:00:00|2014-03-17T00:00:00|2014-03-24T00:00:00|2014-03-31T00:00:00,260,2014-03-31T00:00:00,256,2014-03-10T00:00:00,256,2014-03-03T00:00:00,0,2009-04-13T00:00:00,6,pdsi_severe_drought_in_harvesting
11,bsr,True,2014-05-05T00:00:00|2014-05-12T00:00:00|2014-05-19T00:00:00|2014-05-26T00:00:00,268,2014-05-26T00:00:00,264,2014-05-05T00:00:00,264,2014-04-28T00:00:00,0,2009-04-13T00:00:00,7,wheat_weekly_rv
11,bsr,True,2014-05-05T00:00:00|2014-05-12T00:00:00|2014-05-19T00:00:00|2014-05-26T00:00:00,268,2014-05-26T00:00:00,264,2014-05-05T00:00:00,264,2014-04-28T00:00:00,0,2009-04-13T00:00:00,7,wheat_monthly_rv
11,bsr,True,2014-05-05T00:00:00|2014-05-12T00:00:00|2014-05-19T00:00:00|2014-05-26T00:00:00,268,2014-05-26T00:00:00,264,2014-05-05T00:00:00,264,2014-04-28T00:00:00,0,2009-04-13T00:00:00,7,wheat_seasonal_rv
11,bsr,True,2014-05-05T00:00:00|2014-05-12T00:00:00|2014-05-19T00:00:00|2014-05-26T00:00:00,268,2014-05-26T00:00:00,264,2014-05-05T00:00:00,264,2014-04-28T00:00:00,0,2009-04-13T00:00:00,7,wheat_weekly_jumps
11,bsr,True,2014-05-05T00:00:00|2014-05-12T00:00:00|2014-05-19T00:00:00|2014-05-26T00:00:00,268,2014-05-26T00:00:00,264,2014-05-05T00:00:00,264,2014-04-28T00:00:00,0,2009-04-13T00:00:00,7,corn_weekly_rv
11,bsr,True,2014-05-05T00:00:00|2014-05-12T00:00:00|2014-05-19T00:00:00|2014-05-26T00:00:00,268,2014-05-26T00:00:00,264,2014-05-05T00:00:00,264,2014-04-28T00:00:00,0,2009-04-13T00:00:00,7,soybeans_weekly_rv
11,bsr,True,2014-05-05T00:00:00|2014-05-12T00:00:00|2014-05-19T00:00:00|2014-05-26T00:00:00,268,2014-05-26T00:00:00,264,2014-05-05T00:00:00,264,2014-04-28T00:00:00,0,2009-04-13T00:00:00,7,SOI_index
11,bsr,True,2014-05-05T00:00:00|2014-05-12T00:00:00|2014-05-19T00:00:00|2014-05-26T00:00:00,268,2014-05-26T00:00:00,264,2014-05-05T00:00:00,264,2014-04-28T00:00:00,0,2009-04-13T00:00:00,7,pdsi_very_wet_in_planting
11,bsr,True,2014-05-05T00:00:00|2014-05-12T00:00:00|2014-05-19T00:00:00|2014-05-26T00:00:00,268,2014-05-26T00:00:00,264,2014-05-05T00:00:00,264,2014-04-28T00:00:00,0,2009-04-13T00:00:00,7,pdsi_extreme_drought_in_harvesting
11,bsr,True,2014-05-05T00:00:00|2014-05-12T00:00:00|2014-05-19T00:00:00|2014-05-26T00:00:00,268,2014-05-26T00:00:00,264,2014-05-05T00:00:00,264,2014-04-28T00:00:00,0,2009-04-13T00:00:00,7,pdsi_severe_drought_in_planting
11,bsr,True,2014-05-05T00:00:00|2014-05-12T00:00:00|2014-05-19T00:00:00|2014-05-26T00:00:00,268,2014-05-26T00:00:00,264,2014-05-05T00:00:00,264,2014-04-28T00:00:00,0,2009-04-13T00:00:00,7,pdsi_severe_drought_in_harvesting
9,bsr,False,2014-06-30T00:00:00|2014-07-07T00:00:00|2014-07-14T00:00:00|2014-07-21T00:00:00,276,2014-07-21T00:00:00,272,2014-06-30T00:00:00,272,2014-06-23T00:00:00,0,2009-04-13T00:00:00,8,wheat_weekly_rv
9,bsr,False,2014-06-30T00:00:00|2014-07-07T00:00:00|2014-07-14T00:00:00|2014-07-21T00:00:00,276,2014-07-21T00:00:00,272,2014-06-30T00:00:00,272,2014-06-23T00:00:00,0,2009-04-13T00:00:00,8,wheat_monthly_rv
9,bsr,False,2014-06-30T00:00:00|2014-07-07T00:00:00|2014-07-14T00:00:00|2014-07-21T00:00:00,276,2014-07-21T00:00:00,272,2014-06-30T00:00:00,272,2014-06-23T00:00:00,0,2009-04-13T00:00:00,8,wheat_seasonal_rv
9,bsr,False,2014-06-30T00:00:00|2014-07-07T00:00:00|2014-07-14T00:00:00|2014-07-21T00:00:00,276,2014-07-21T00:00:00,272,2014-06-30T00:00:00,272,2014-06-23T00:00:00,0,2009-04-13T00:00:00,8,wheat_weekly_rvb
9,bsr,False,2014-06-30T00:00:00|2014-07-07T00:00:00|2014-07-14T00:00:00|2014-07-21T00:00:00,276,2014-07-21T00:00:00,272,2014-06-30T00:00:00,272,2014-06-23T00:00:00,0,2009-04-13T00:00:00,8,ssta_lanina
9,bsr,False,2014-06-30T00:00:00|2014-07-07T00:00:00|2014-07-14T00:00:00|2014-07-21T00:00:00,276,2014-07-21T00:00:00,272,2014-06-30T00:00:00,272,2014-06-23T00:00:00,0,2009-04-13T00:00:00,8,pdsi_very_wet_in_planting
9,bsr,False,2014-06-30T00:00:00|2014-07-07T00:00:00|2014-07-14T00:00:00|2014-07-21T00:00:00,276,2014-07-21T00:00:00,272,2014-06-30T00:00:00,272,2014-06-23T00:00:00,0,2009-04-13T00:00:00,8,pdsi_extreme_drought_in_harvesting
9,bsr,False,2014-06-30T00:00:00|2014-07-07T00:00:00|2014-07-14T00:00:00|2014-07-21T00:00:00,276,2014-07-21T00:00:00,272,2014-06-30T00:00:00,272,2014-06-23T00:00:00,0,2009-04-13T00:00:00,8,pdsi_severe_drought_in_planting
9,bsr,False,2014-06-30T00:00:00|2014-07-07T00:00:00|2014-07-14T00:00:00|2014-07-21T00:00:00,276,2014-07-21T00:00:00,272,2014-06-30T00:00:00,272,2014-06-23T00:00:00,0,2009-04-13T00:00:00,8,pdsi_severe_drought_in_harvesting
9,bsr,True,2014-08-25T00:00:00|2014-09-01T00:00:00|2014-09-08T00:00:00|2014-09-15T00:00:00,284,2014-09-15T00:00:00,280,2014-08-25T00:00:00,280,2014-08-18T00:00:00,0,2009-04-13T00:00:00,9,wheat_weekly_rv
9,bsr,True,2014-08-25T00:00:00|2014-09-01T00:00:00|2014-09-08T00:00:00|2014-09-15T00:00:00,284,2014-09-15T00:00:00,280,2014-08-25T00:00:00,280,2014-08-18T00:00:00,0,2009-04-13T00:00:00,9,wheat_monthly_rv
9,bsr,True,2014-08-25T00:00:00|2014-09-01T00:00:00|2014-09-08T00:00:00|2014-09-15T00:00:00,284,2014-09-15T00:00:00,280,2014-08-25T00:00:00,280,2014-08-18T00:00:00,0,2009-04-13T00:00:00,9,wheat_seasonal_rv
9,bsr,True,2014-08-25T00:00:00|2014-09-01T00:00:00|2014-09-08T00:00:00|2014-09-15T00:00:00,284,2014-09-15T00:00:00,280,2014-08-25T00:00:00,280,2014-08-18T00:00:00,0,2009-04-13T00:00:00,9,wheat_weekly_rvb
9,bsr,True,2014-08-25T00:00:00|2014-09-01T00:00:00|2014-09-08T00:00:00|2014-09-15T00:00:00,284,2014-09-15T00:00:00,280,2014-08-25T00:00:00,280,2014-08-18T00:00:00,0,2009-04-13T00:00:00,9,ssta_lanina
9,bsr,True,2014-08-25T00:00:00|2014-09-01T00:00:00|2014-09-08T00:00:00|2014-09-15T00:00:00,284,2014-09-15T00:00:00,280,2014-08-25T00:00:00,280,2014-08-18T00:00:00,0,2009-04-13T00:00:00,9,pdsi_very_wet_in_planting
9,bsr,True,2014-08-25T00:00:00|2014-09-01T00:00:00|2014-09-08T00:00:00|2014-09-15T00:00:00,284,2014-09-15T00:00:00,280,2014-08-25T00:00:00,280,2014-08-18T00:00:00,0,2009-04-13T00:00:00,9,pdsi_extreme_drought_in_harvesting
9,bsr,True,2014-08-25T00:00:00|2014-09-01T00:00:00|2014-09-08T00:00:00|2014-09-15T00:00:00,284,2014-09-15T00:00:00,280,2014-08-25T00:00:00,280,2014-08-18T00:00:00,0,2009-04-13T00:00:00,9,pdsi_severe_drought_in_planting
9,bsr,True,2014-08-25T00:00:00|2014-09-01T00:00:00|2014-09-08T00:00:00|2014-09-15T00:00:00,284,2014-09-15T00:00:00,280,2014-08-25T00:00:00,280,2014-08-18T00:00:00,0,2009-04-13T00:00:00,9,pdsi_severe_drought_in_harvesting
9,bsr,True,2014-10-20T00:00:00|2014-10-27T00:00:00|2014-11-03T00:00:00|2014-11-10T00:00:00,292,2014-11-10T00:00:00,288,2014-10-20T00:00:00,288,2014-10-13T00:00:00,0,2009-04-13T00:00:00,10,wheat_weekly_rv
9,bsr,True,2014-10-20T00:00:00|2014-10-27T00:00:00|2014-11-03T00:00:00|2014-11-10T00:00:00,292,2014-11-10T00:00:00,288,2014-10-20T00:00:00,288,2014-10-13T00:00:00,0,2009-04-13T00:00:00,10,wheat_monthly_rv
9,bsr,True,2014-10-20T00:00:00|2014-10-27T00:00:00|2014-11-03T00:00:00|2014-11-10T00:00:00,292,2014-11-10T00:00:00,288,2014-10-20T00:00:00,288,2014-10-13T00:00:00,0,2009-04-13T00:00:00,10,wheat_seasonal_rv
9,bsr,True,2014-10-20T00:00:00|2014-10-27T00:00:00|2014-11-03T00:00:00|2014-11-10T00:00:00,292,2014-11-10T00:00:00,288,2014-10-20T00:00:00,288,2014-10-13T00:00:00,0,2009-04-13T00:00:00,10,wheat_weekly_rvb
9,bsr,True,2014-10-20T00:00:00|2014-10-27T00:00:00|2014-11-03T00:00:00|2014-11-10T00:00:00,292,2014-11-10T00:00:00,288,2014-10-20T00:00:00,288,2014-10-13T00:00:00,0,2009-04-13T00:00:00,10,ssta_lanina
9,bsr,True,2014-10-20T00:00:00|2014-10-27T00:00:00|2014-11-03T00:00:00|2014-11-10T00:00:00,292,2014-11-10T00:00:00,288,2014-10-20T00:00:00,288,2014-10-13T00:00:00,0,2009-04-13T00:00:00,10,pdsi_very_wet_in_planting
9,bsr,True,2014-10-20T00:00:00|2014-10-27T00:00:00|2014-11-03T00:00:00|2014-11-10T00:00:00,292,2014-11-10T00:00:00,288,2014-10-20T00:00:00,288,2014-10-13T00:00:00,0,2009-04-13T00:00:00,10,pdsi_extreme_drought_in_harvesting
9,bsr,True,2014-10-20T00:00:00|2014-10-27T00:00:00|2014-11-03T00:00:00|2014-11-10T00:00:00,292,2014-11-10T00:00:00,288,2014-10-20T00:00:00,288,2014-10-13T00:00:00,0,2009-04-13T00:00:00,10,pdsi_severe_drought_in_planting
9,bsr,True,2014-10-20T00:00:00|2014-10-27T00:00:00|2014-11-03T00:00:00|2014-11-10T00:00:00,292,2014-11-10T00:00:00,288,2014-10-20T00:00:00,288,2014-10-13T00:00:00,0,2009-04-13T00:00:00,10,pdsi_severe_drought_in_harvesting
9,bsr,True,2014-12-15T00:00:00|2014-12-22T00:00:00|2014-12-29T00:00:00|2015-01-05T00:00:00,300,2015-01-05T00:00:00,296,2014-12-15T00:00:00,296,2014-12-08T00:00:00,0,2009-04-13T00:00:00,11,wheat_weekly_rv
9,bsr,True,2014-12-15T00:00:00|2014-12-22T00:00:00|2014-12-29T00:00:00|2015-01-05T00:00:00,300,2015-01-05T00:00:00,296,2014-12-15T00:00:00,296,2014-12-08T00:00:00,0,2009-04-13T00:00:00,11,wheat_monthly_rv
9,bsr,True,2014-12-15T00:00:00|2014-12-22T00:00:00|2014-12-29T00:00:00|2015-01-05T00:00:00,300,2015-01-05T00:00:00,296,2014-12-15T00:00:00,296,2014-12-08T00:00:00,0,2009-04-13T00:00:00,11,wheat_seasonal_rv
9,bsr,True,2014-12-15T00:00:00|2014-12-22T00:00:00|2014-12-29T00:00:00|2015-01-05T00:00:00,300,2015-01-05T00:00:00,296,2014-12-15T00:00:00,296,2014-12-08T00:00:00,0,2009-04-13T00:00:00,11,wheat_weekly_rvb
9,bsr,True,2014-12-15T00:00:00|2014-12-22T00:00:00|2014-12-29T00:00:00|2015-01-05T00:00:00,300,2015-01-05T00:00:00,296,2014-12-15T00:00:00,296,2014-12-08T00:00:00,0,2009-04-13T00:00:00,11,ssta_lanina
9,bsr,True,2014-12-15T00:00:00|2014-12-22T00:00:00|2014-12-29T00:00:00|2015-01-05T00:00:00,300,2015-01-05T00:00:00,296,2014-12-15T00:00:00,296,2014-12-08T00:00:00,0,2009-04-13T00:00:00,11,pdsi_very_wet_in_planting
9,bsr,True,2014-12-15T00:00:00|2014-12-22T00:00:00|2014-12-29T00:00:00|2015-01-05T00:00:00,300,2015-01-05T00:00:00,296,2014-12-15T00:00:00,296,2014-12-08T00:00:00,0,2009-04-13T00:00:00,11,pdsi_extreme_drought_in_harvesting
9,bsr,True,2014-12-15T00:00:00|2014-12-22T00:00:00|2014-12-29T00:00:00|2015-01-05T00:00:00,300,2015-01-05T00:00:00,296,2014-12-15T00:00:00,296,2014-12-08T00:00:00,0,2009-04-13T00:00:00,11,pdsi_severe_drought_in_planting
9,bsr,True,2014-12-15T00:00:00|2014-12-22T00:00:00|2014-12-29T00:00:00|2015-01-05T00:00:00,300,2015-01-05T00:00:00,296,2014-12-15T00:00:00,296,2014-12-08T00:00:00,0,2009-04-13T00:00:00,11,pdsi_severe_drought_in_harvesting
9,bsr,True,2015-02-09T00:00:00|2015-02-16T00:00:00|2015-02-23T00:00:00|2015-03-02T00:00:00,308,2015-03-02T00:00:00,304,2015-02-09T00:00:00,304,2015-02-02T00:00:00,0,2009-04-13T00:00:00,12,wheat_weekly_rv
9,bsr,True,2015-02-09T00:00:00|2015-02-16T00:00:00|2015-02-23T00:00:00|2015-03-02T00:00:00,308,2015-03-02T00:00:00,304,2015-02-09T00:00:00,304,2015-02-02T00:00:00,0,2009-04-13T00:00:00,12,wheat_monthly_rv
9,bsr,True,2015-02-09T00:00:00|2015-02-16T00:00:00|2015-02-23T00:00:00|2015-03-02T00:00:00,308,2015-03-02T00:00:00,304,2015-02-09T00:00:00,304,2015-02-02T00:00:00,0,2009-04-13T00:00:00,12,wheat_seasonal_rv
9,bsr,True,2015-02-09T00:00:00|2015-02-16T00:00:00|2015-02-23T00:00:00|2015-03-02T00:00:00,308,2015-03-02T00:00:00,304,2015-02-09T00:00:00,304,2015-02-02T00:00:00,0,2009-04-13T00:00:00,12,wheat_weekly_rvb
9,bsr,True,2015-02-09T00:00:00|2015-02-16T00:00:00|2015-02-23T00:00:00|2015-03-02T00:00:00,308,2015-03-02T00:00:00,304,2015-02-09T00:00:00,304,2015-02-02T00:00:00,0,2009-04-13T00:00:00,12,ssta_lanina
9,bsr,True,2015-02-09T00:00:00|2015-02-16T00:00:00|2015-02-23T00:00:00|2015-03-02T00:00:00,308,2015-03-02T00:00:00,304,2015-02-09T00:00:00,304,2015-02-02T00:00:00,0,2009-04-13T00:00:00,12,pdsi_very_wet_in_planting
9,bsr,True,2015-02-09T00:00:00|2015-02-16T00:00:00|2015-02-23T00:00:00|2015-03-02T00:00:00,308,2015-03-02T00:00:00,304,2015-02-09T00:00:00,304,2015-02-02T00:00:00,0,2009-04-13T00:00:00,12,pdsi_extreme_drought_in_harvesting
9,bsr,True,2015-02-09T00:00:00|2015-02-16T00:00:00|2015-02-23T00:00:00|2015-03-02T00:00:00,308,2015-03-02T00:00:00,304,2015-02-09T00:00:00,304,2015-02-02T00:00:00,0,2009-04-13T00:00:00,12,pdsi_severe_drought_in_planting
9,bsr,True,2015-02-09T00:00:00|2015-02-16T00:00:00|2015-02-23T00:00:00|2015-03-02T00:00:00,308,2015-03-02T00:00:00,304,2015-02-09T00:00:00,304,2015-02-02T00:00:00,0,2009-04-13T00:00:00,12,pdsi_severe_drought_in_harvesting
9,bsr,True,2015-04-06T00:00:00|2015-04-13T00:00:00|2015-04-20T00:00:00|2015-04-27T00:00:00,316,2015-04-27T00:00:00,312,2015-04-06T00:00:00,312,2015-03-30T00:00:00,0,2009-04-13T00:00:00,13,wheat_weekly_rv
9,bsr,True,2015-04-06T00:00:00|2015-04-13T00:00:00|2015-04-20T00:00:00|2015-04-27T00:00:00,316,2015-04-27T00:00:00,312,2015-04-06T00:00:00,312,2015-03-30T00:00:00,0,2009-04-13T00:00:00,13,wheat_monthly_rv
9,bsr,True,2015-04-06T00:00:00|2015-04-13T00:00:00|2015-04-20T00:00:00|2015-04-27T00:00:00,316,2015-04-27T00:00:00,312,2015-04-06T00:00:00,312,2015-03-30T00:00:00,0,2009-04-13T00:00:00,13,wheat_seasonal_rv
9,bsr,True,2015-04-06T00:00:00|2015-04-13T00:00:00|2015-04-20T00:00:00|2015-04-27T00:00:00,316,2015-04-27T00:00:00,312,2015-04-06T00:00:00,312,2015-03-30T00:00:00,0,2009-04-13T00:00:00,13,wheat_weekly_rvb
9,bsr,True,2015-04-06T00:00:00|2015-04-13T00:00:00|2015-04-20T00:00:00|2015-04-27T00:00:00,316,2015-04-27T00:00:00,312,2015-04-06T00:00:00,312,2015-03-30T00:00:00,0,2009-04-13T00:00:00,13,ssta_lanina
9,bsr,True,2015-04-06T00:00:00|2015-04-13T00:00:00|2015-04-20T00:00:00|2015-04-27T00:00:00,316,2015-04-27T00:00:00,312,2015-04-06T00:00:00,312,2015-03-30T00:00:00,0,2009-04-13T00:00:00,13,pdsi_very_wet_in_planting
9,bsr,True,2015-04-06T00:00:00|2015-04-13T00:00:00|2015-04-20T00:00:00|2015-04-27T00:00:00,316,2015-04-27T00:00:00,312,2015-04-06T00:00:00,312,2015-03-30T00:00:00,0,2009-04-13T00:00:00,13,pdsi_extreme_drought_in_harvesting
9,bsr,True,2015-04-06T00:00:00|2015-04-13T00:00:00|2015-04-20T00:00:00|2015-04-27T00:00:00,316,2015-04-27T00:00:00,312,2015-04-06T00:00:00,312,2015-03-30T00:00:00,0,2009-04-13T00:00:00,13,pdsi_severe_drought_in_planting
9,bsr,True,2015-04-06T00:00:00|2015-04-13T00:00:00|2015-04-20T00:00:00|2015-04-27T00:00:00,316,2015-04-27T00:00:00,312,2015-04-06T00:00:00,312,2015-03-30T00:00:00,0,2009-04-13T00:00:00,13,pdsi_severe_drought_in_harvesting
9,bsr,True,2015-06-01T00:00:00|2015-06-08T00:00:00|2015-06-15T00:00:00|2015-06-22T00:00:00,324,2015-06-22T00:00:00,320,2015-06-01T00:00:00,320,2015-05-25T00:00:00,0,2009-04-13T00:00:00,14,wheat_weekly_rv
9,bsr,True,2015-06-01T00:00:00|2015-06-08T00:00:00|2015-06-15T00:00:00|2015-06-22T00:00:00,324,2015-06-22T00:00:00,320,2015-06-01T00:00:00,320,2015-05-25T00:00:00,0,2009-04-13T00:00:00,14,wheat_monthly_rv
9,bsr,True,2015-06-01T00:00:00|2015-06-08T00:00:00|2015-06-15T00:00:00|2015-06-22T00:00:00,324,2015-06-22T00:00:00,320,2015-06-01T00:00:00,320,2015-05-25T00:00:00,0,2009-04-13T00:00:00,14,wheat_seasonal_rv
9,bsr,True,2015-06-01T00:00:00|2015-06-08T00:00:00|2015-06-15T00:00:00|2015-06-22T00:00:00,324,2015-06-22T00:00:00,320,2015-06-01T00:00:00,320,2015-05-25T00:00:00,0,2009-04-13T00:00:00,14,wheat_weekly_rvb
9,bsr,True,2015-06-01T00:00:00|2015-06-08T00:00:00|2015-06-15T00:00:00|2015-06-22T00:00:00,324,2015-06-22T00:00:00,320,2015-06-01T00:00:00,320,2015-05-25T00:00:00,0,2009-04-13T00:00:00,14,ssta_lanina
9,bsr,True,2015-06-01T00:00:00|2015-06-08T00:00:00|2015-06-15T00:00:00|2015-06-22T00:00:00,324,2015-06-22T00:00:00,320,2015-06-01T00:00:00,320,2015-05-25T00:00:00,0,2009-04-13T00:00:00,14,pdsi_very_wet_in_planting
9,bsr,True,2015-06-01T00:00:00|2015-06-08T00:00:00|2015-06-15T00:00:00|2015-06-22T00:00:00,324,2015-06-22T00:00:00,320,2015-06-01T00:00:00,320,2015-05-25T00:00:00,0,2009-04-13T00:00:00,14,pdsi_extreme_drought_in_harvesting
9,bsr,True,2015-06-01T00:00:00|2015-06-08T00:00:00|2015-06-15T00:00:00|2015-06-22T00:00:00,324,2015-06-22T00:00:00,320,2015-06-01T00:00:00,320,2015-05-25T00:00:00,0,2009-04-13T00:00:00,14,pdsi_severe_drought_in_planting
9,bsr,True,2015-06-01T00:00:00|2015-06-08T00:00:00|2015-06-15T00:00:00|2015-06-22T00:00:00,324,2015-06-22T00:00:00,320,2015-06-01T00:00:00,320,2015-05-25T00:00:00,0,2009-04-13T00:00:00,14,pdsi_severe_drought_in_harvesting
9,bsr,True,2015-07-27T00:00:00|2015-08-03T00:00:00|2015-08-10T00:00:00|2015-08-17T00:00:00,332,2015-08-17T00:00:00,328,2015-07-27T00:00:00,328,2015-07-20T00:00:00,0,2009-04-13T00:00:00,15,wheat_weekly_rv
9,bsr,True,2015-07-27T00:00:00|2015-08-03T00:00:00|2015-08-10T00:00:00|2015-08-17T00:00:00,332,2015-08-17T00:00:00,328,2015-07-27T00:00:00,328,2015-07-20T00:00:00,0,2009-04-13T00:00:00,15,wheat_monthly_rv
9,bsr,True,2015-07-27T00:00:00|2015-08-03T00:00:00|2015-08-10T00:00:00|2015-08-17T00:00:00,332,2015-08-17T00:00:00,328,2015-07-27T00:00:00,328,2015-07-20T00:00:00,0,2009-04-13T00:00:00,15,wheat_seasonal_rv
9,bsr,True,2015-07-27T00:00:00|2015-08-03T00:00:00|2015-08-10T00:00:00|2015-08-17T00:00:00,332,2015-08-17T00:00:00,328,2015-07-27T00:00:00,328,2015-07-20T00:00:00,0,2009-04-13T00:00:00,15,wheat_weekly_rvb
9,bsr,True,2015-07-27T00:00:00|2015-08-03T00:00:00|2015-08-10T00:00:00|2015-08-17T00:00:00,332,2015-08-17T00:00:00,328,2015-07-27T00:00:00,328,2015-07-20T00:00:00,0,2009-04-13T00:00:00,15,ssta_lanina
9,bsr,True,2015-07-27T00:00:00|2015-08-03T00:00:00|2015-08-10T00:00:00|2015-08-17T00:00:00,332,2015-08-17T00:00:00,328,2015-07-27T00:00:00,328,2015-07-20T00:00:00,0,2009-04-13T00:00:00,15,pdsi_very_wet_in_planting
9,bsr,True,2015-07-27T00:00:00|2015-08-03T00:00:00|2015-08-10T00:00:00|2015-08-17T00:00:00,332,2015-08-17T00:00:00,328,2015-07-27T00:00:00,328,2015-07-20T00:00:00,0,2009-04-13T00:00:00,15,pdsi_extreme_drought_in_harvesting
9,bsr,True,2015-07-27T00:00:00|2015-08-03T00:00:00|2015-08-10T00:00:00|2015-08-17T00:00:00,332,2015-08-17T00:00:00,328,2015-07-27T00:00:00,328,2015-07-20T00:00:00,0,2009-04-13T00:00:00,15,pdsi_severe_drought_in_planting
9,bsr,True,2015-07-27T00:00:00|2015-08-03T00:00:00|2015-08-10T00:00:00|2015-08-17T00:00:00,332,2015-08-17T00:00:00,328,2015-07-27T00:00:00,328,2015-07-20T00:00:00,0,2009-04-13T00:00:00,15,pdsi_severe_drought_in_harvesting
10,bsr,False,2015-09-21T00:00:00|2015-09-28T00:00:00|2015-10-05T00:00:00|2015-10-12T00:00:00,340,2015-10-12T00:00:00,336,2015-09-21T00:00:00,336,2015-09-14T00:00:00,0,2009-04-13T00:00:00,16,wheat_weekly_rv
10,bsr,False,2015-09-21T00:00:00|2015-09-28T00:00:00|2015-10-05T00:00:00|2015-10-12T00:00:00,340,2015-10-12T00:00:00,336,2015-09-21T00:00:00,336,2015-09-14T00:00:00,0,2009-04-13T00:00:00,16,wheat_monthly_rv
10,bsr,False,2015-09-21T00:00:00|2015-09-28T00:00:00|2015-10-05T00:00:00|2015-10-12T00:00:00,340,2015-10-12T00:00:00,336,2015-09-21T00:00:00,336,2015-09-14T00:00:00,0,2009-04-13T00:00:00,16,wheat_seasonal_rv
10,bsr,False,2015-09-21T00:00:00|2015-09-28T00:00:00|2015-10-05T00:00:00|2015-10-12T00:00:00,340,2015-10-12T00:00:00,336,2015-09-21T00:00:00,336,2015-09-14T00:00:00,0,2009-04-13T00:00:00,16,wheat_weekly_rvb
10,bsr,False,2015-09-21T00:00:00|2015-09-28T00:00:00|2015-10-05T00:00:00|2015-10-12T00:00:00,340,2015-10-12T00:00:00,336,2015-09-21T00:00:00,336,2015-09-14T00:00:00,0,2009-04-13T00:00:00,16,ssta_lanina
10,bsr,False,2015-09-21T00:00:00|2015-09-28T00:00:00|2015-10-05T00:00:00|2015-10-12T00:00:00,340,2015-10-12T00:00:00,336,2015-09-21T00:00:00,336,2015-09-14T00:00:00,0,2009-04-13T00:00:00,16,tmin_cold_in_harvesting
10,bsr,False,2015-09-21T00:00:00|2015-09-28T00:00:00|2015-10-05T00:00:00|2015-10-12T00:00:00,340,2015-10-12T00:00:00,336,2015-09-21T00:00:00,336,2015-09-14T00:00:00,0,2009-04-13T00:00:00,16,pdsi_very_wet_in_planting
10,bsr,False,2015-09-21T00:00:00|2015-09-28T00:00:00|2015-10-05T00:00:00|2015-10-12T00:00:00,340,2015-10-12T00:00:00,336,2015-09-21T00:00:00,336,2015-09-14T00:00:00,0,2009-04-13T00:00:00,16,pdsi_very_wet_in_harvesting
10,bsr,False,2015-09-21T00:00:00|2015-09-28T00:00:00|2015-10-05T00:00:00|2015-10-12T00:00:00,340,2015-10-12T00:00:00,336,2015-09-21T00:00:00,336,2015-09-14T00:00:00,0,2009-04-13T00:00:00,16,pdsi_extreme_drought_in_planting
10,bsr,False,2015-09-21T00:00:00|2015-09-28T00:00:00|2015-10-05T00:00:00|2015-10-12T00:00:00,340,2015-10-12T00:00:00,336,2015-09-21T00:00:00,336,2015-09-14T00:00:00,0,2009-04-13T00:00:00,16,pdsi_severe_drought_in_harvesting
10,bsr,True,2015-11-16T00:00:00|2015-11-23T00:00:00|2015-11-30T00:00:00|2015-12-07T00:00:00,348,2015-12-07T00:00:00,344,2015-11-16T00:00:00,344,2015-11-09T00:00:00,0,2009-04-13T00:00:00,17,wheat_weekly_rv
10,bsr,True,2015-11-16T00:00:00|2015-11-23T00:00:00|2015-11-30T00:00:00|2015-12-07T00:00:00,348,2015-12-07T00:00:00,344,2015-11-16T00:00:00,344,2015-11-09T00:00:00,0,2009-04-13T00:00:00,17,wheat_monthly_rv
10,bsr,True,2015-11-16T00:00:00|2015-11-23T00:00:00|2015-11-30T00:00:00|2015-12-07T00:00:00,348,2015-12-07T00:00:00,344,2015-11-16T00:00:00,344,2015-11-09T00:00:00,0,2009-04-13T00:00:00,17,wheat_seasonal_rv
10,bsr,True,2015-11-16T00:00:00|2015-11-23T00:00:00|2015-11-30T00:00:00|2015-12-07T00:00:00,348,2015-12-07T00:00:00,344,2015-11-16T00:00:00,344,2015-11-09T00:00:00,0,2009-04-13T00:00:00,17,wheat_weekly_rvb
10,bsr,True,2015-11-16T00:00:00|2015-11-23T00:00:00|2015-11-30T00:00:00|2015-12-07T00:00:00,348,2015-12-07T00:00:00,344,2015-11-16T00:00:00,344,2015-11-09T00:00:00,0,2009-04-13T00:00:00,17,ssta_lanina
10,bsr,True,2015-11-16T00:00:00|2015-11-23T00:00:00|2015-11-30T00:00:00|2015-12-07T00:00:00,348,2015-12-07T00:00:00,344,2015-11-16T00:00:00,344,2015-11-09T00:00:00,0,2009-04-13T00:00:00,17,tmin_cold_in_harvesting
10,bsr,True,2015-11-16T00:00:00|2015-11-23T00:00:00|2015-11-30T00:00:00|2015-12-07T00:00:00,348,2015-12-07T00:00:00,344,2015-11-16T00:00:00,344,2015-11-09T00:00:00,0,2009-04-13T00:00:00,17,pdsi_very_wet_in_planting
10,bsr,True,2015-11-16T00:00:00|2015-11-23T00:00:00|2015-11-30T00:00:00|2015-12-07T00:00:00,348,2015-12-07T00:00:00,344,2015-11-16T00:00:00,344,2015-11-09T00:00:00,0,2009-04-13T00:00:00,17,pdsi_very_wet_in_harvesting
10,bsr,True,2015-11-16T00:00:00|2015-11-23T00:00:00|2015-11-30T00:00:00|2015-12-07T00:00:00,348,2015-12-07T00:00:00,344,2015-11-16T00:00:00,344,2015-11-09T00:00:00,0,2009-04-13T00:00:00,17,pdsi_extreme_drought_in_planting
10,bsr,True,2015-11-16T00:00:00|2015-11-23T00:00:00|2015-11-30T00:00:00|2015-12-07T00:00:00,348,2015-12-07T00:00:00,344,2015-11-16T00:00:00,344,2015-11-09T00:00:00,0,2009-04-13T00:00:00,17,pdsi_severe_drought_in_harvesting
10,bsr,True,2016-01-11T00:00:00|2016-01-18T00:00:00|2016-01-25T00:00:00|2016-02-01T00:00:00,356,2016-02-01T00:00:00,352,2016-01-11T00:00:00,352,2016-01-04T00:00:00,0,2009-04-13T00:00:00,18,wheat_weekly_rv
10,bsr,True,2016-01-11T00:00:00|2016-01-18T00:00:00|2016-01-25T00:00:00|2016-02-01T00:00:00,356,2016-02-01T00:00:00,352,2016-01-11T00:00:00,352,2016-01-04T00:00:00,0,2009-04-13T00:00:00,18,wheat_monthly_rv
10,bsr,True,2016-01-11T00:00:00|2016-01-18T00:00:00|2016-01-25T00:00:00|2016-02-01T00:00:00,356,2016-02-01T00:00:00,352,2016-01-11T00:00:00,352,2016-01-04T00:00:00,0,2009-04-13T00:00:00,18,wheat_seasonal_rv
10,bsr,True,2016-01-11T00:00:00|2016-01-18T00:00:00|2016-01-25T00:00:00|2016-02-01T00:00:00,356,2016-02-01T00:00:00,352,2016-01-11T00:00:00,352,2016-01-04T00:00:00,0,2009-04-13T00:00:00,18,wheat_weekly_rvb
10,bsr,True,2016-01-11T00:00:00|2016-01-18T00:00:00|2016-01-25T00:00:00|2016-02-01T00:00:00,356,2016-02-01T00:00:00,352,2016-01-11T00:00:00,352,2016-01-04T00:00:00,0,2009-04-13T00:00:00,18,ssta_lanina
10,bsr,True,2016-01-11T00:00:00|2016-01-18T00:00:00|2016-01-25T00:00:00|2016-02-01T00:00:00,356,2016-02-01T00:00:00,352,2016-01-11T00:00:00,352,2016-01-04T00:00:00,0,2009-04-13T00:00:00,18,tmin_cold_in_harvesting
10,bsr,True,2016-01-11T00:00:00|2016-01-18T00:00:00|2016-01-25T00:00:00|2016-02-01T00:00:00,356,2016-02-01T00:00:00,352,2016-01-11T00:00:00,352,2016-01-04T00:00:00,0,2009-04-13T00:00:00,18,pdsi_very_wet_in_planting
10,bsr,True,2016-01-11T00:00:00|2016-01-18T00:00:00|2016-01-25T00:00:00|2016-02-01T00:00:00,356,2016-02-01T00:00:00,352,2016-01-11T00:00:00,352,2016-01-04T00:00:00,0,2009-04-13T00:00:00,18,pdsi_very_wet_in_harvesting
10,bsr,True,2016-01-11T00:00:00|2016-01-18T00:00:00|2016-01-25T00:00:00|2016-02-01T00:00:00,356,2016-02-01T00:00:00,352,2016-01-11T00:00:00,352,2016-01-04T00:00:00,0,2009-04-13T00:00:00,18,pdsi_extreme_drought_in_planting
10,bsr,True,2016-01-11T00:00:00|2016-01-18T00:00:00|2016-01-25T00:00:00|2016-02-01T00:00:00,356,2016-02-01T00:00:00,352,2016-01-11T00:00:00,352,2016-01-04T00:00:00,0,2009-04-13T00:00:00,18,pdsi_severe_drought_in_harvesting
10,bsr,True,2016-03-07T00:00:00|2016-03-14T00:00:00|2016-03-21T00:00:00|2016-03-28T00:00:00,364,2016-03-28T00:00:00,360,2016-03-07T00:00:00,360,2016-02-29T00:00:00,0,2009-04-13T00:00:00,19,wheat_weekly_rv
10,bsr,True,2016-03-07T00:00:00|2016-03-14T00:00:00|2016-03-21T00:00:00|2016-03-28T00:00:00,364,2016-03-28T00:00:00,360,2016-03-07T00:00:00,360,2016-02-29T00:00:00,0,2009-04-13T00:00:00,19,wheat_monthly_rv
10,bsr,True,2016-03-07T00:00:00|2016-03-14T00:00:00|2016-03-21T00:00:00|2016-03-28T00:00:00,364,2016-03-28T00:00:00,360,2016-03-07T00:00:00,360,2016-02-29T00:00:00,0,2009-04-13T00:00:00,19,wheat_seasonal_rv
10,bsr,True,2016-03-07T00:00:00|2016-03-14T00:00:00|2016-03-21T00:00:00|2016-03-28T00:00:00,364,2016-03-28T00:00:00,360,2016-03-07T00:00:00,360,2016-02-29T00:00:00,0,2009-04-13T00:00:00,19,wheat_weekly_rvb
10,bsr,True,2016-03-07T00:00:00|2016-03-14T00:00:00|2016-03-21T00:00:00|2016-03-28T00:00:00,364,2016-03-28T00:00:00,360,2016-03-07T00:00:00,360,2016-02-29T00:00:00,0,2009-04-13T00:00:00,19,ssta_lanina
10,bsr,True,2016-03-07T00:00:00|2016-03-14T00:00:00|2016-03-21T00:00:00|2016-03-28T00:00:00,364,2016-03-28T00:00:00,360,2016-03-07T00:00:00,360,2016-02-29T00:00:00,0,2009-04-13T00:00:00,19,tmin_cold_in_harvesting
10,bsr,True,2016-03-07T00:00:00|2016-03-14T00:00:00|2016-03-21T00:00:00|2016-03-28T00:00:00,364,2016-03-28T00:00:00,360,2016-03-07T00:00:00,360,2016-02-29T00:00:00,0,2009-04-13T00:00:00,19,pdsi_very_wet_in_planting
10,bsr,True,2016-03-07T00:00:00|2016-03-14T00:00:00|2016-03-21T00:00:00|2016-03-28T00:00:00,364,2016-03-28T00:00:00,360,2016-03-07T00:00:00,360,2016-02-29T00:00:00,0,2009-04-13T00:00:00,19,pdsi_very_wet_in_harvesting
10,bsr,True,2016-03-07T00:00:00|2016-03-14T00:00:00|2016-03-21T00:00:00|2016-03-28T00:00:00,364,2016-03-28T00:00:00,360,2016-03-07T00:00:00,360,2016-02-29T00:00:00,0,2009-04-13T00:00:00,19,pdsi_extreme_drought_in_planting
10,bsr,True,2016-03-07T00:00:00|2016-03-14T00:00:00|2016-03-21T00:00:00|2016-03-28T00:00:00,364,2016-03-28T00:00:00,360,2016-03-07T00:00:00,360,2016-02-29T00:00:00,0,2009-04-13T00:00:00,19,pdsi_severe_drought_in_harvesting
10,bsr,True,2016-05-02T00:00:00|2016-05-09T00:00:00|2016-05-16T00:00:00|2016-05-23T00:00:00,372,2016-05-23T00:00:00,368,2016-05-02T00:00:00,368,2016-04-25T00:00:00,0,2009-04-13T00:00:00,20,wheat_weekly_rv
10,bsr,True,2016-05-02T00:00:00|2016-05-09T00:00:00|2016-05-16T00:00:00|2016-05-23T00:00:00,372,2016-05-23T00:00:00,368,2016-05-02T00:00:00,368,2016-04-25T00:00:00,0,2009-04-13T00:00:00,20,wheat_monthly_rv
10,bsr,True,2016-05-02T00:00:00|2016-05-09T00:00:00|2016-05-16T00:00:00|2016-05-23T00:00:00,372,2016-05-23T00:00:00,368,2016-05-02T00:00:00,368,2016-04-25T00:00:00,0,2009-04-13T00:00:00,20,wheat_seasonal_rv
10,bsr,True,2016-05-02T00:00:00|2016-05-09T00:00:00|2016-05-16T00:00:00|2016-05-23T00:00:00,372,2016-05-23T00:00:00,368,2016-05-02T00:00:00,368,2016-04-25T00:00:00,0,2009-04-13T00:00:00,20,wheat_weekly_rvb
10,bsr,True,2016-05-02T00:00:00|2016-05-09T00:00:00|2016-05-16T00:00:00|2016-05-23T00:00:00,372,2016-05-23T00:00:00,368,2016-05-02T00:00:00,368,2016-04-25T00:00:00,0,2009-04-13T00:00:00,20,ssta_lanina
10,bsr,True,2016-05-02T00:00:00|2016-05-09T00:00:00|2016-05-16T00:00:00|2016-05-23T00:00:00,372,2016-05-23T00:00:00,368,2016-05-02T00:00:00,368,2016-04-25T00:00:00,0,2009-04-13T00:00:00,20,tmin_cold_in_harvesting
10,bsr,True,2016-05-02T00:00:00|2016-05-09T00:00:00|2016-05-16T00:00:00|2016-05-23T00:00:00,372,2016-05-23T00:00:00,368,2016-05-02T00:00:00,368,2016-04-25T00:00:00,0,2009-04-13T00:00:00,20,pdsi_very_wet_in_planting
10,bsr,True,2016-05-02T00:00:00|2016-05-09T00:00:00|2016-05-16T00:00:00|2016-05-23T00:00:00,372,2016-05-23T00:00:00,368,2016-05-02T00:00:00,368,2016-04-25T00:00:00,0,2009-04-13T00:00:00,20,pdsi_very_wet_in_harvesting
10,bsr,True,2016-05-02T00:00:00|2016-05-09T00:00:00|2016-05-16T00:00:00|2016-05-23T00:00:00,372,2016-05-23T00:00:00,368,2016-05-02T00:00:00,368,2016-04-25T00:00:00,0,2009-04-13T00:00:00,20,pdsi_extreme_drought_in_planting
10,bsr,True,2016-05-02T00:00:00|2016-05-09T00:00:00|2016-05-16T00:00:00|2016-05-23T00:00:00,372,2016-05-23T00:00:00,368,2016-05-02T00:00:00,368,2016-04-25T00:00:00,0,2009-04-13T00:00:00,20,pdsi_severe_drought_in_harvesting
10,bsr,True,2016-06-27T00:00:00|2016-07-04T00:00:00|2016-07-11T00:00:00|2016-07-18T00:00:00,380,2016-07-18T00:00:00,376,2016-06-27T00:00:00,376,2016-06-20T00:00:00,0,2009-04-13T00:00:00,21,wheat_weekly_rv
10,bsr,True,2016-06-27T00:00:00|2016-07-04T00:00:00|2016-07-11T00:00:00|2016-07-18T00:00:00,380,2016-07-18T00:00:00,376,2016-06-27T00:00:00,376,2016-06-20T00:00:00,0,2009-04-13T00:00:00,21,wheat_monthly_rv
10,bsr,True,2016-06-27T00:00:00|2016-07-04T00:00:00|2016-07-11T00:00:00|2016-07-18T00:00:00,380,2016-07-18T00:00:00,376,2016-06-27T00:00:00,376,2016-06-20T00:00:00,0,2009-04-13T00:00:00,21,wheat_seasonal_rv
10,bsr,True,2016-06-27T00:00:00|2016-07-04T00:00:00|2016-07-11T00:00:00|2016-07-18T00:00:00,380,2016-07-18T00:00:00,376,2016-06-27T00:00:00,376,2016-06-20T00:00:00,0,2009-04-13T00:00:00,21,wheat_weekly_rvb
10,bsr,True,2016-06-27T00:00:00|2016-07-04T00:00:00|2016-07-11T00:00:00|2016-07-18T00:00:00,380,2016-07-18T00:00:00,376,2016-06-27T00:00:00,376,2016-06-20T00:00:00,0,2009-04-13T00:00:00,21,ssta_lanina
10,bsr,True,2016-06-27T00:00:00|2016-07-04T00:00:00|2016-07-11T00:00:00|2016-07-18T00:00:00,380,2016-07-18T00:00:00,376,2016-06-27T00:00:00,376,2016-06-20T00:00:00,0,2009-04-13T00:00:00,21,tmin_cold_in_harvesting
10,bsr,True,2016-06-27T00:00:00|2016-07-04T00:00:00|2016-07-11T00:00:00|2016-07-18T00:00:00,380,2016-07-18T00:00:00,376,2016-06-27T00:00:00,376,2016-06-20T00:00:00,0,2009-04-13T00:00:00,21,pdsi_very_wet_in_planting
10,bsr,True,2016-06-27T00:00:00|2016-07-04T00:00:00|2016-07-11T00:00:00|2016-07-18T00:00:00,380,2016-07-18T00:00:00,376,2016-06-27T00:00:00,376,2016-06-20T00:00:00,0,2009-04-13T00:00:00,21,pdsi_very_wet_in_harvesting
10,bsr,True,2016-06-27T00:00:00|2016-07-04T00:00:00|2016-07-11T00:00:00|2016-07-18T00:00:00,380,2016-07-18T00:00:00,376,2016-06-27T00:00:00,376,2016-06-20T00:00:00,0,2009-04-13T00:00:00,21,pdsi_extreme_drought_in_planting
10,bsr,True,2016-06-27T00:00:00|2016-07-04T00:00:00|2016-07-11T00:00:00|2016-07-18T00:00:00,380,2016-07-18T00:00:00,376,2016-06-27T00:00:00,376,2016-06-20T00:00:00,0,2009-04-13T00:00:00,21,pdsi_severe_drought_in_harvesting
10,bsr,True,2016-08-22T00:00:00|2016-08-29T00:00:00|2016-09-05T00:00:00|2016-09-12T00:00:00,388,2016-09-12T00:00:00,384,2016-08-22T00:00:00,384,2016-08-15T00:00:00,0,2009-04-13T00:00:00,22,wheat_weekly_rv
10,bsr,True,2016-08-22T00:00:00|2016-08-29T00:00:00|2016-09-05T00:00:00|2016-09-12T00:00:00,388,2016-09-12T00:00:00,384,2016-08-22T00:00:00,384,2016-08-15T00:00:00,0,2009-04-13T00:00:00,22,wheat_monthly_rv
10,bsr,True,2016-08-22T00:00:00|2016-08-29T00:00:00|2016-09-05T00:00:00|2016-09-12T00:00:00,388,2016-09-12T00:00:00,384,2016-08-22T00:00:00,384,2016-08-15T00:00:00,0,2009-04-13T00:00:00,22,wheat_seasonal_rv
10,bsr,True,2016-08-22T00:00:00|2016-08-29T00:00:00|2016-09-05T00:00:00|2016-09-12T00:00:00,388,2016-09-12T00:00:00,384,2016-08-22T00:00:00,384,2016-08-15T00:00:00,0,2009-04-13T00:00:00,22,wheat_weekly_rvb
10,bsr,True,2016-08-22T00:00:00|2016-08-29T00:00:00|2016-09-05T00:00:00|2016-09-12T00:00:00,388,2016-09-12T00:00:00,384,2016-08-22T00:00:00,384,2016-08-15T00:00:00,0,2009-04-13T00:00:00,22,ssta_lanina
10,bsr,True,2016-08-22T00:00:00|2016-08-29T00:00:00|2016-09-05T00:00:00|2016-09-12T00:00:00,388,2016-09-12T00:00:00,384,2016-08-22T00:00:00,384,2016-08-15T00:00:00,0,2009-04-13T00:00:00,22,tmin_cold_in_harvesting
10,bsr,True,2016-08-22T00:00:00|2016-08-29T00:00:00|2016-09-05T00:00:00|2016-09-12T00:00:00,388,2016-09-12T00:00:00,384,2016-08-22T00:00:00,384,2016-08-15T00:00:00,0,2009-04-13T00:00:00,22,pdsi_very_wet_in_planting
10,bsr,True,2016-08-22T00:00:00|2016-08-29T00:00:00|2016-09-05T00:00:00|2016-09-12T00:00:00,388,2016-09-12T00:00:00,384,2016-08-22T00:00:00,384,2016-08-15T00:00:00,0,2009-04-13T00:00:00,22,pdsi_very_wet_in_harvesting
10,bsr,True,2016-08-22T00:00:00|2016-08-29T00:00:00|2016-09-05T00:00:00|2016-09-12T00:00:00,388,2016-09-12T00:00:00,384,2016-08-22T00:00:00,384,2016-08-15T00:00:00,0,2009-04-13T00:00:00,22,pdsi_extreme_drought_in_planting
10,bsr,True,2016-08-22T00:00:00|2016-08-29T00:00:00|2016-09-05T00:00:00|2016-09-12T00:00:00,388,2016-09-12T00:00:00,384,2016-08-22T00:00:00,384,2016-08-15T00:00:00,0,2009-04-13T00:00:00,22,pdsi_severe_drought_in_harvesting
10,bsr,True,2016-10-17T00:00:00|2016-10-24T00:00:00|2016-10-31T00:00:00|2016-11-07T00:00:00,396,2016-11-07T00:00:00,392,2016-10-17T00:00:00,392,2016-10-10T00:00:00,0,2009-04-13T00:00:00,23,wheat_weekly_rv
10,bsr,True,2016-10-17T00:00:00|2016-10-24T00:00:00|2016-10-31T00:00:00|2016-11-07T00:00:00,396,2016-11-07T00:00:00,392,2016-10-17T00:00:00,392,2016-10-10T00:00:00,0,2009-04-13T00:00:00,23,wheat_monthly_rv
10,bsr,True,2016-10-17T00:00:00|2016-10-24T00:00:00|2016-10-31T00:00:00|2016-11-07T00:00:00,396,2016-11-07T00:00:00,392,2016-10-17T00:00:00,392,2016-10-10T00:00:00,0,2009-04-13T00:00:00,23,wheat_seasonal_rv
10,bsr,True,2016-10-17T00:00:00|2016-10-24T00:00:00|2016-10-31T00:00:00|2016-11-07T00:00:00,396,2016-11-07T00:00:00,392,2016-10-17T00:00:00,392,2016-10-10T00:00:00,0,2009-04-13T00:00:00,23,wheat_weekly_rvb
10,bsr,True,2016-10-17T00:00:00|2016-10-24T00:00:00|2016-10-31T00:00:00|2016-11-07T00:00:00,396,2016-11-07T00:00:00,392,2016-10-17T00:00:00,392,2016-10-10T00:00:00,0,2009-04-13T00:00:00,23,ssta_lanina
10,bsr,True,2016-10-17T00:00:00|2016-10-24T00:00:00|2016-10-31T00:00:00|2016-11-07T00:00:00,396,2016-11-07T00:00:00,392,2016-10-17T00:00:00,392,2016-10-10T00:00:00,0,2009-04-13T00:00:00,23,tmin_cold_in_harvesting
10,bsr,True,2016-10-17T00:00:00|2016-10-24T00:00:00|2016-10-31T00:00:00|2016-11-07T00:00:00,396,2016-11-07T00:00:00,392,2016-10-17T00:00:00,392,2016-10-10T00:00:00,0,2009-04-13T00:00:00,23,pdsi_very_wet_in_planting
10,bsr,True,2016-10-17T00:00:00|2016-10-24T00:00:00|2016-10-31T00:00:00|2016-11-07T00:00:00,396,2016-11-07T00:00:00,392,2016-10-17T00:00:00,392,2016-10-10T00:00:00,0,2009-04-13T00:00:00,23,pdsi_very_wet_in_harvesting
10,bsr,True,2016-10-17T00:00:00|2016-10-24T00:00:00|2016-10-31T00:00:00|2016-11-07T00:00:00,396,2016-11-07T00:00:00,392,2016-10-17T00:00:00,392,2016-10-10T00:00:00,0,2009-04-13T00:00:00,23,pdsi_extreme_drought_in_planting
10,bsr,True,2016-10-17T00:00:00|2016-10-24T00:00:00|2016-10-31T00:00:00|2016-11-07T00:00:00,396,2016-11-07T00:00:00,392,2016-10-17T00:00:00,392,2016-10-10T00:00:00,0,2009-04-13T00:00:00,23,pdsi_severe_drought_in_harvesting
11,bsr,False,2016-12-12T00:00:00|2016-12-19T00:00:00|2016-12-26T00:00:00|2017-01-02T00:00:00,404,2017-01-02T00:00:00,400,2016-12-12T00:00:00,400,2016-12-05T00:00:00,0,2009-04-13T00:00:00,24,wheat_weekly_rv
11,bsr,False,2016-12-12T00:00:00|2016-12-19T00:00:00|2016-12-26T00:00:00|2017-01-02T00:00:00,404,2017-01-02T00:00:00,400,2016-12-12T00:00:00,400,2016-12-05T00:00:00,0,2009-04-13T00:00:00,24,wheat_monthly_rv
11,bsr,False,2016-12-12T00:00:00|2016-12-19T00:00:00|2016-12-26T00:00:00|2017-01-02T00:00:00,404,2017-01-02T00:00:00,400,2016-12-12T00:00:00,400,2016-12-05T00:00:00,0,2009-04-13T00:00:00,24,wheat_seasonal_rv
11,bsr,False,2016-12-12T00:00:00|2016-12-19T00:00:00|2016-12-26T00:00:00|2017-01-02T00:00:00,404,2017-01-02T00:00:00,400,2016-12-12T00:00:00,400,2016-12-05T00:00:00,0,2009-04-13T00:00:00,24,wheat_weekly_rvb
11,bsr,False,2016-12-12T00:00:00|2016-12-19T00:00:00|2016-12-26T00:00:00|2017-01-02T00:00:00,404,2017-01-02T00:00:00,400,2016-12-12T00:00:00,400,2016-12-05T00:00:00,0,2009-04-13T00:00:00,24,ssta_elino
11,bsr,False,2016-12-12T00:00:00|2016-12-19T00:00:00|2016-12-26T00:00:00|2017-01-02T00:00:00,404,2017-01-02T00:00:00,400,2016-12-12T00:00:00,400,2016-12-05T00:00:00,0,2009-04-13T00:00:00,24,tmin_cold_in_harvesting
11,bsr,False,2016-12-12T00:00:00|2016-12-19T00:00:00|2016-12-26T00:00:00|2017-01-02T00:00:00,404,2017-01-02T00:00:00,400,2016-12-12T00:00:00,400,2016-12-05T00:00:00,0,2009-04-13T00:00:00,24,spi_7d_very_dry_in_harvesting
11,bsr,False,2016-12-12T00:00:00|2016-12-19T00:00:00|2016-12-26T00:00:00|2017-01-02T00:00:00,404,2017-01-02T00:00:00,400,2016-12-12T00:00:00,400,2016-12-05T00:00:00,0,2009-04-13T00:00:00,24,spi_7d_extreme_dry_in_harvesting
11,bsr,False,2016-12-12T00:00:00|2016-12-19T00:00:00|2016-12-26T00:00:00|2017-01-02T00:00:00,404,2017-01-02T00:00:00,400,2016-12-12T00:00:00,400,2016-12-05T00:00:00,0,2009-04-13T00:00:00,24,pdsi_very_wet_in_planting
11,bsr,False,2016-12-12T00:00:00|2016-12-19T00:00:00|2016-12-26T00:00:00|2017-01-02T00:00:00,404,2017-01-02T00:00:00,400,2016-12-12T00:00:00,400,2016-12-05T00:00:00,0,2009-04-13T00:00:00,24,pdsi_extreme_drought_in_planting
11,bsr,False,2016-12-12T00:00:00|2016-12-19T00:00:00|2016-12-26T00:00:00|2017-01-02T00:00:00,404,2017-01-02T00:00:00,400,2016-12-12T00:00:00,400,2016-12-05T00:00:00,0,2009-04-13T00:00:00,24,pdsi_severe_drought_in_harvesting
11,bsr,True,2017-02-06T00:00:00|2017-02-13T00:00:00|2017-02-20T00:00:00|2017-02-27T00:00:00,412,2017-02-27T00:00:00,408,2017-02-06T00:00:00,408,2017-01-30T00:00:00,0,2009-04-13T00:00:00,25,wheat_weekly_rv
11,bsr,True,2017-02-06T00:00:00|2017-02-13T00:00:00|2017-02-20T00:00:00|2017-02-27T00:00:00,412,2017-02-27T00:00:00,408,2017-02-06T00:00:00,408,2017-01-30T00:00:00,0,2009-04-13T00:00:00,25,wheat_monthly_rv
11,bsr,True,2017-02-06T00:00:00|2017-02-13T00:00:00|2017-02-20T00:00:00|2017-02-27T00:00:00,412,2017-02-27T00:00:00,408,2017-02-06T00:00:00,408,2017-01-30T00:00:00,0,2009-04-13T00:00:00,25,wheat_seasonal_rv
11,bsr,True,2017-02-06T00:00:00|2017-02-13T00:00:00|2017-02-20T00:00:00|2017-02-27T00:00:00,412,2017-02-27T00:00:00,408,2017-02-06T00:00:00,408,2017-01-30T00:00:00,0,2009-04-13T00:00:00,25,wheat_weekly_rvb
11,bsr,True,2017-02-06T00:00:00|2017-02-13T00:00:00|2017-02-20T00:00:00|2017-02-27T00:00:00,412,2017-02-27T00:00:00,408,2017-02-06T00:00:00,408,2017-01-30T00:00:00,0,2009-04-13T00:00:00,25,ssta_elino
11,bsr,True,2017-02-06T00:00:00|2017-02-13T00:00:00|2017-02-20T00:00:00|2017-02-27T00:00:00,412,2017-02-27T00:00:00,408,2017-02-06T00:00:00,408,2017-01-30T00:00:00,0,2009-04-13T00:00:00,25,tmin_cold_in_harvesting
11,bsr,True,2017-02-06T00:00:00|2017-02-13T00:00:00|2017-02-20T00:00:00|2017-02-27T00:00:00,412,2017-02-27T00:00:00,408,2017-02-06T00:00:00,408,2017-01-30T00:00:00,0,2009-04-13T00:00:00,25,spi_7d_very_dry_in_harvesting
11,bsr,True,2017-02-06T00:00:00|2017-02-13T00:00:00|2017-02-20T00:00:00|2017-02-27T00:00:00,412,2017-02-27T00:00:00,408,2017-02-06T00:00:00,408,2017-01-30T00:00:00,0,2009-04-13T00:00:00,25,spi_7d_extreme_dry_in_harvesting
11,bsr,True,2017-02-06T00:00:00|2017-02-13T00:00:00|2017-02-20T00:00:00|2017-02-27T00:00:00,412,2017-02-27T00:00:00,408,2017-02-06T00:00:00,408,2017-01-30T00:00:00,0,2009-04-13T00:00:00,25,pdsi_very_wet_in_planting
11,bsr,True,2017-02-06T00:00:00|2017-02-13T00:00:00|2017-02-20T00:00:00|2017-02-27T00:00:00,412,2017-02-27T00:00:00,408,2017-02-06T00:00:00,408,2017-01-30T00:00:00,0,2009-04-13T00:00:00,25,pdsi_extreme_drought_in_planting
11,bsr,True,2017-02-06T00:00:00|2017-02-13T00:00:00|2017-02-20T00:00:00|2017-02-27T00:00:00,412,2017-02-27T00:00:00,408,2017-02-06T00:00:00,408,2017-01-30T00:00:00,0,2009-04-13T00:00:00,25,pdsi_severe_drought_in_harvesting
11,bsr,True,2017-04-03T00:00:00|2017-04-10T00:00:00|2017-04-17T00:00:00|2017-04-24T00:00:00,420,2017-04-24T00:00:00,416,2017-04-03T00:00:00,416,2017-03-27T00:00:00,0,2009-04-13T00:00:00,26,wheat_weekly_rv
11,bsr,True,2017-04-03T00:00:00|2017-04-10T00:00:00|2017-04-17T00:00:00|2017-04-24T00:00:00,420,2017-04-24T00:00:00,416,2017-04-03T00:00:00,416,2017-03-27T00:00:00,0,2009-04-13T00:00:00,26,wheat_monthly_rv
11,bsr,True,2017-04-03T00:00:00|2017-04-10T00:00:00|2017-04-17T00:00:00|2017-04-24T00:00:00,420,2017-04-24T00:00:00,416,2017-04-03T00:00:00,416,2017-03-27T00:00:00,0,2009-04-13T00:00:00,26,wheat_seasonal_rv
11,bsr,True,2017-04-03T00:00:00|2017-04-10T00:00:00|2017-04-17T00:00:00|2017-04-24T00:00:00,420,2017-04-24T00:00:00,416,2017-04-03T00:00:00,416,2017-03-27T00:00:00,0,2009-04-13T00:00:00,26,wheat_weekly_rvb
11,bsr,True,2017-04-03T00:00:00|2017-04-10T00:00:00|2017-04-17T00:00:00|2017-04-24T00:00:00,420,2017-04-24T00:00:00,416,2017-04-03T00:00:00,416,2017-03-27T00:00:00,0,2009-04-13T00:00:00,26,ssta_elino
11,bsr,True,2017-04-03T00:00:00|2017-04-10T00:00:00|2017-04-17T00:00:00|2017-04-24T00:00:00,420,2017-04-24T00:00:00,416,2017-04-03T00:00:00,416,2017-03-27T00:00:00,0,2009-04-13T00:00:00,26,tmin_cold_in_harvesting
11,bsr,True,2017-04-03T00:00:00|2017-04-10T00:00:00|2017-04-17T00:00:00|2017-04-24T00:00:00,420,2017-04-24T00:00:00,416,2017-04-03T00:00:00,416,2017-03-27T00:00:00,0,2009-04-13T00:00:00,26,spi_7d_very_dry_in_harvesting
11,bsr,True,2017-04-03T00:00:00|2017-04-10T00:00:00|2017-04-17T00:00:00|2017-04-24T00:00:00,420,2017-04-24T00:00:00,416,2017-04-03T00:00:00,416,2017-03-27T00:00:00,0,2009-04-13T00:00:00,26,spi_7d_extreme_dry_in_harvesting
11,bsr,True,2017-04-03T00:00:00|2017-04-10T00:00:00|2017-04-17T00:00:00|2017-04-24T00:00:00,420,2017-04-24T00:00:00,416,2017-04-03T00:00:00,416,2017-03-27T00:00:00,0,2009-04-13T00:00:00,26,pdsi_very_wet_in_planting
11,bsr,True,2017-04-03T00:00:00|2017-04-10T00:00:00|2017-04-17T00:00:00|2017-04-24T00:00:00,420,2017-04-24T00:00:00,416,2017-04-03T00:00:00,416,2017-03-27T00:00:00,0,2009-04-13T00:00:00,26,pdsi_extreme_drought_in_planting
11,bsr,True,2017-04-03T00:00:00|2017-04-10T00:00:00|2017-04-17T00:00:00|2017-04-24T00:00:00,420,2017-04-24T00:00:00,416,2017-04-03T00:00:00,416,2017-03-27T00:00:00,0,2009-04-13T00:00:00,26,pdsi_severe_drought_in_harvesting
11,bsr,True,2017-05-29T00:00:00|2017-06-05T00:00:00|2017-06-12T00:00:00|2017-06-19T00:00:00,428,2017-06-19T00:00:00,424,2017-05-29T00:00:00,424,2017-05-22T00:00:00,0,2009-04-13T00:00:00,27,wheat_weekly_rv
11,bsr,True,2017-05-29T00:00:00|2017-06-05T00:00:00|2017-06-12T00:00:00|2017-06-19T00:00:00,428,2017-06-19T00:00:00,424,2017-05-29T00:00:00,424,2017-05-22T00:00:00,0,2009-04-13T00:00:00,27,wheat_monthly_rv
11,bsr,True,2017-05-29T00:00:00|2017-06-05T00:00:00|2017-06-12T00:00:00|2017-06-19T00:00:00,428,2017-06-19T00:00:00,424,2017-05-29T00:00:00,424,2017-05-22T00:00:00,0,2009-04-13T00:00:00,27,wheat_seasonal_rv
11,bsr,True,2017-05-29T00:00:00|2017-06-05T00:00:00|2017-06-12T00:00:00|2017-06-19T00:00:00,428,2017-06-19T00:00:00,424,2017-05-29T00:00:00,424,2017-05-22T00:00:00,0,2009-04-13T00:00:00,27,wheat_weekly_rvb
11,bsr,True,2017-05-29T00:00:00|2017-06-05T00:00:00|2017-06-12T00:00:00|2017-06-19T00:00:00,428,2017-06-19T00:00:00,424,2017-05-29T00:00:00,424,2017-05-22T00:00:00,0,2009-04-13T00:00:00,27,ssta_elino
11,bsr,True,2017-05-29T00:00:00|2017-06-05T00:00:00|2017-06-12T00:00:00|2017-06-19T00:00:00,428,2017-06-19T00:00:00,424,2017-05-29T00:00:00,424,2017-05-22T00:00:00,0,2009-04-13T00:00:00,27,tmin_cold_in_harvesting
11,bsr,True,2017-05-29T00:00:00|2017-06-05T00:00:00|2017-06-12T00:00:00|2017-06-19T00:00:00,428,2017-06-19T00:00:00,424,2017-05-29T00:00:00,424,2017-05-22T00:00:00,0,2009-04-13T00:00:00,27,spi_7d_very_dry_in_harvesting
11,bsr,True,2017-05-29T00:00:00|2017-06-05T00:00:00|2017-06-12T00:00:00|2017-06-19T00:00:00,428,2017-06-19T00:00:00,424,2017-05-29T00:00:00,424,2017-05-22T00:00:00,0,2009-04-13T00:00:00,27,spi_7d_extreme_dry_in_harvesting
11,bsr,True,2017-05-29T00:00:00|2017-06-05T00:00:00|2017-06-12T00:00:00|2017-06-19T00:00:00,428,2017-06-19T00:00:00,424,2017-05-29T00:00:00,424,2017-05-22T00:00:00,0,2009-04-13T00:00:00,27,pdsi_very_wet_in_planting
11,bsr,True,2017-05-29T00:00:00|2017-06-05T00:00:00|2017-06-12T00:00:00|2017-06-19T00:00:00,428,2017-06-19T00:00:00,424,2017-05-29T00:00:00,424,2017-05-22T00:00:00,0,2009-04-13T00:00:00,27,pdsi_extreme_drought_in_planting
11,bsr,True,2017-05-29T00:00:00|2017-06-05T00:00:00|2017-06-12T00:00:00|2017-06-19T00:00:00,428,2017-06-19T00:00:00,424,2017-05-29T00:00:00,424,2017-05-22T00:00:00,0,2009-04-13T00:00:00,27,pdsi_severe_drought_in_harvesting
11,bsr,True,2017-07-24T00:00:00|2017-07-31T00:00:00|2017-08-07T00:00:00|2017-08-14T00:00:00,436,2017-08-14T00:00:00,432,2017-07-24T00:00:00,432,2017-07-17T00:00:00,0,2009-04-13T00:00:00,28,wheat_weekly_rv
11,bsr,True,2017-07-24T00:00:00|2017-07-31T00:00:00|2017-08-07T00:00:00|2017-08-14T00:00:00,436,2017-08-14T00:00:00,432,2017-07-24T00:00:00,432,2017-07-17T00:00:00,0,2009-04-13T00:00:00,28,wheat_monthly_rv
11,bsr,True,2017-07-24T00:00:00|2017-07-31T00:00:00|2017-08-07T00:00:00|2017-08-14T00:00:00,436,2017-08-14T00:00:00,432,2017-07-24T00:00:00,432,2017-07-17T00:00:00,0,2009-04-13T00:00:00,28,wheat_seasonal_rv
11,bsr,True,2017-07-24T00:00:00|2017-07-31T00:00:00|2017-08-07T00:00:00|2017-08-14T00:00:00,436,2017-08-14T00:00:00,432,2017-07-24T00:00:00,432,2017-07-17T00:00:00,0,2009-04-13T00:00:00,28,wheat_weekly_rvb
11,bsr,True,2017-07-24T00:00:00|2017-07-31T00:00:00|2017-08-07T00:00:00|2017-08-14T00:00:00,436,2017-08-14T00:00:00,432,2017-07-24T00:00:00,432,2017-07-17T00:00:00,0,2009-04-13T00:00:00,28,ssta_elino
11,bsr,True,2017-07-24T00:00:00|2017-07-31T00:00:00|2017-08-07T00:00:00|2017-08-14T00:00:00,436,2017-08-14T00:00:00,432,2017-07-24T00:00:00,432,2017-07-17T00:00:00,0,2009-04-13T00:00:00,28,tmin_cold_in_harvesting
11,bsr,True,2017-07-24T00:00:00|2017-07-31T00:00:00|2017-08-07T00:00:00|2017-08-14T00:00:00,436,2017-08-14T00:00:00,432,2017-07-24T00:00:00,432,2017-07-17T00:00:00,0,2009-04-13T00:00:00,28,spi_7d_very_dry_in_harvesting
11,bsr,True,2017-07-24T00:00:00|2017-07-31T00:00:00|2017-08-07T00:00:00|2017-08-14T00:00:00,436,2017-08-14T00:00:00,432,2017-07-24T00:00:00,432,2017-07-17T00:00:00,0,2009-04-13T00:00:00,28,spi_7d_extreme_dry_in_harvesting
11,bsr,True,2017-07-24T00:00:00|2017-07-31T00:00:00|2017-08-07T00:00:00|2017-08-14T00:00:00,436,2017-08-14T00:00:00,432,2017-07-24T00:00:00,432,2017-07-17T00:00:00,0,2009-04-13T00:00:00,28,pdsi_very_wet_in_planting
11,bsr,True,2017-07-24T00:00:00|2017-07-31T00:00:00|2017-08-07T00:00:00|2017-08-14T00:00:00,436,2017-08-14T00:00:00,432,2017-07-24T00:00:00,432,2017-07-17T00:00:00,0,2009-04-13T00:00:00,28,pdsi_extreme_drought_in_planting
11,bsr,True,2017-07-24T00:00:00|2017-07-31T00:00:00|2017-08-07T00:00:00|2017-08-14T00:00:00,436,2017-08-14T00:00:00,432,2017-07-24T00:00:00,432,2017-07-17T00:00:00,0,2009-04-13T00:00:00,28,pdsi_severe_drought_in_harvesting
11,bsr,True,2017-09-18T00:00:00|2017-09-25T00:00:00|2017-10-02T00:00:00|2017-10-09T00:00:00,444,2017-10-09T00:00:00,440,2017-09-18T00:00:00,440,2017-09-11T00:00:00,0,2009-04-13T00:00:00,29,wheat_weekly_rv
11,bsr,True,2017-09-18T00:00:00|2017-09-25T00:00:00|2017-10-02T00:00:00|2017-10-09T00:00:00,444,2017-10-09T00:00:00,440,2017-09-18T00:00:00,440,2017-09-11T00:00:00,0,2009-04-13T00:00:00,29,wheat_monthly_rv
11,bsr,True,2017-09-18T00:00:00|2017-09-25T00:00:00|2017-10-02T00:00:00|2017-10-09T00:00:00,444,2017-10-09T00:00:00,440,2017-09-18T00:00:00,440,2017-09-11T00:00:00,0,2009-04-13T00:00:00,29,wheat_seasonal_rv
11,bsr,True,2017-09-18T00:00:00|2017-09-25T00:00:00|2017-10-02T00:00:00|2017-10-09T00:00:00,444,2017-10-09T00:00:00,440,2017-09-18T00:00:00,440,2017-09-11T00:00:00,0,2009-04-13T00:00:00,29,wheat_weekly_rvb
11,bsr,True,2017-09-18T00:00:00|2017-09-25T00:00:00|2017-10-02T00:00:00|2017-10-09T00:00:00,444,2017-10-09T00:00:00,440,2017-09-18T00:00:00,440,2017-09-11T00:00:00,0,2009-04-13T00:00:00,29,ssta_elino
11,bsr,True,2017-09-18T00:00:00|2017-09-25T00:00:00|2017-10-02T00:00:00|2017-10-09T00:00:00,444,2017-10-09T00:00:00,440,2017-09-18T00:00:00,440,2017-09-11T00:00:00,0,2009-04-13T00:00:00,29,tmin_cold_in_harvesting
11,bsr,True,2017-09-18T00:00:00|2017-09-25T00:00:00|2017-10-02T00:00:00|2017-10-09T00:00:00,444,2017-10-09T00:00:00,440,2017-09-18T00:00:00,440,2017-09-11T00:00:00,0,2009-04-13T00:00:00,29,spi_7d_very_dry_in_harvesting
11,bsr,True,2017-09-18T00:00:00|2017-09-25T00:00:00|2017-10-02T00:00:00|2017-10-09T00:00:00,444,2017-10-09T00:00:00,440,2017-09-18T00:00:00,440,2017-09-11T00:00:00,0,2009-04-13T00:00:00,29,spi_7d_extreme_dry_in_harvesting
11,bsr,True,2017-09-18T00:00:00|2017-09-25T00:00:00|2017-10-02T00:00:00|2017-10-09T00:00:00,444,2017-10-09T00:00:00,440,2017-09-18T00:00:00,440,2017-09-11T00:00:00,0,2009-04-13T00:00:00,29,pdsi_very_wet_in_planting
11,bsr,True,2017-09-18T00:00:00|2017-09-25T00:00:00|2017-10-02T00:00:00|2017-10-09T00:00:00,444,2017-10-09T00:00:00,440,2017-09-18T00:00:00,440,2017-09-11T00:00:00,0,2009-04-13T00:00:00,29,pdsi_extreme_drought_in_planting
11,bsr,True,2017-09-18T00:00:00|2017-09-25T00:00:00|2017-10-02T00:00:00|2017-10-09T00:00:00,444,2017-10-09T00:00:00,440,2017-09-18T00:00:00,440,2017-09-11T00:00:00,0,2009-04-13T00:00:00,29,pdsi_severe_drought_in_harvesting
11,bsr,True,2017-11-13T00:00:00|2017-11-20T00:00:00|2017-11-27T00:00:00|2017-12-04T00:00:00,452,2017-12-04T00:00:00,448,2017-11-13T00:00:00,448,2017-11-06T00:00:00,0,2009-04-13T00:00:00,30,wheat_weekly_rv
11,bsr,True,2017-11-13T00:00:00|2017-11-20T00:00:00|2017-11-27T00:00:00|2017-12-04T00:00:00,452,2017-12-04T00:00:00,448,2017-11-13T00:00:00,448,2017-11-06T00:00:00,0,2009-04-13T00:00:00,30,wheat_monthly_rv
11,bsr,True,2017-11-13T00:00:00|2017-11-20T00:00:00|2017-11-27T00:00:00|2017-12-04T00:00:00,452,2017-12-04T00:00:00,448,2017-11-13T00:00:00,448,2017-11-06T00:00:00,0,2009-04-13T00:00:00,30,wheat_seasonal_rv
11,bsr,True,2017-11-13T00:00:00|2017-11-20T00:00:00|2017-11-27T00:00:00|2017-12-04T00:00:00,452,2017-12-04T00:00:00,448,2017-11-13T00:00:00,448,2017-11-06T00:00:00,0,2009-04-13T00:00:00,30,wheat_weekly_rvb
11,bsr,True,2017-11-13T00:00:00|2017-11-20T00:00:00|2017-11-27T00:00:00|2017-12-04T00:00:00,452,2017-12-04T00:00:00,448,2017-11-13T00:00:00,448,2017-11-06T00:00:00,0,2009-04-13T00:00:00,30,ssta_elino
11,bsr,True,2017-11-13T00:00:00|2017-11-20T00:00:00|2017-11-27T00:00:00|2017-12-04T00:00:00,452,2017-12-04T00:00:00,448,2017-11-13T00:00:00,448,2017-11-06T00:00:00,0,2009-04-13T00:00:00,30,tmin_cold_in_harvesting
11,bsr,True,2017-11-13T00:00:00|2017-11-20T00:00:00|2017-11-27T00:00:00|2017-12-04T00:00:00,452,2017-12-04T00:00:00,448,2017-11-13T00:00:00,448,2017-11-06T00:00:00,0,2009-04-13T00:00:00,30,spi_7d_very_dry_in_harvesting
11,bsr,True,2017-11-13T00:00:00|2017-11-20T00:00:00|2017-11-27T00:00:00|2017-12-04T00:00:00,452,2017-12-04T00:00:00,448,2017-11-13T00:00:00,448,2017-11-06T00:00:00,0,2009-04-13T00:00:00,30,spi_7d_extreme_dry_in_harvesting
11,bsr,True,2017-11-13T00:00:00|2017-11-20T00:00:00|2017-11-27T00:00:00|2017-12-04T00:00:00,452,2017-12-04T00:00:00,448,2017-11-13T00:00:00,448,2017-11-06T00:00:00,0,2009-04-13T00:00:00,30,pdsi_very_wet_in_planting
11,bsr,True,2017-11-13T00:00:00|2017-11-20T00:00:00|2017-11-27T00:00:00|2017-12-04T00:00:00,452,2017-12-04T00:00:00,448,2017-11-13T00:00:00,448,2017-11-06T00:00:00,0,2009-04-13T00:00:00,30,pdsi_extreme_drought_in_planting
11,bsr,True,2017-11-13T00:00:00|2017-11-20T00:00:00|2017-11-27T00:00:00|2017-12-04T00:00:00,452,2017-12-04T00:00:00,448,2017-11-13T00:00:00,448,2017-11-06T00:00:00,0,2009-04-13T00:00:00,30,pdsi_severe_drought_in_harvesting
11,bsr,True,2018-01-08T00:00:00|2018-01-15T00:00:00|2018-01-22T00:00:00|2018-01-29T00:00:00,460,2018-01-29T00:00:00,456,2018-01-08T00:00:00,456,2018-01-01T00:00:00,0,2009-04-13T00:00:00,31,wheat_weekly_rv
11,bsr,True,2018-01-08T00:00:00|2018-01-15T00:00:00|2018-01-22T00:00:00|2018-01-29T00:00:00,460,2018-01-29T00:00:00,456,2018-01-08T00:00:00,456,2018-01-01T00:00:00,0,2009-04-13T00:00:00,31,wheat_monthly_rv
11,bsr,True,2018-01-08T00:00:00|2018-01-15T00:00:00|2018-01-22T00:00:00|2018-01-29T00:00:00,460,2018-01-29T00:00:00,456,2018-01-08T00:00:00,456,2018-01-01T00:00:00,0,2009-04-13T00:00:00,31,wheat_seasonal_rv
11,bsr,True,2018-01-08T00:00:00|2018-01-15T00:00:00|2018-01-22T00:00:00|2018-01-29T00:00:00,460,2018-01-29T00:00:00,456,2018-01-08T00:00:00,456,2018-01-01T00:00:00,0,2009-04-13T00:00:00,31,wheat_weekly_rvb
11,bsr,True,2018-01-08T00:00:00|2018-01-15T00:00:00|2018-01-22T00:00:00|2018-01-29T00:00:00,460,2018-01-29T00:00:00,456,2018-01-08T00:00:00,456,2018-01-01T00:00:00,0,2009-04-13T00:00:00,31,ssta_elino
11,bsr,True,2018-01-08T00:00:00|2018-01-15T00:00:00|2018-01-22T00:00:00|2018-01-29T00:00:00,460,2018-01-29T00:00:00,456,2018-01-08T00:00:00,456,2018-01-01T00:00:00,0,2009-04-13T00:00:00,31,tmin_cold_in_harvesting
11,bsr,True,2018-01-08T00:00:00|2018-01-15T00:00:00|2018-01-22T00:00:00|2018-01-29T00:00:00,460,2018-01-29T00:00:00,456,2018-01-08T00:00:00,456,2018-01-01T00:00:00,0,2009-04-13T00:00:00,31,spi_7d_very_dry_in_harvesting
11,bsr,True,2018-01-08T00:00:00|2018-01-15T00:00:00|2018-01-22T00:00:00|2018-01-29T00:00:00,460,2018-01-29T00:00:00,456,2018-01-08T00:00:00,456,2018-01-01T00:00:00,0,2009-04-13T00:00:00,31,spi_7d_extreme_dry_in_harvesting
11,bsr,True,2018-01-08T00:00:00|2018-01-15T00:00:00|2018-01-22T00:00:00|2018-01-29T00:00:00,460,2018-01-29T00:00:00,456,2018-01-08T00:00:00,456,2018-01-01T00:00:00,0,2009-04-13T00:00:00,31,pdsi_very_wet_in_planting
11,bsr,True,2018-01-08T00:00:00|2018-01-15T00:00:00|2018-01-22T00:00:00|2018-01-29T00:00:00,460,2018-01-29T00:00:00,456,2018-01-08T00:00:00,456,2018-01-01T00:00:00,0,2009-04-13T00:00:00,31,pdsi_extreme_drought_in_planting
11,bsr,True,2018-01-08T00:00:00|2018-01-15T00:00:00|2018-01-22T00:00:00|2018-01-29T00:00:00,460,2018-01-29T00:00:00,456,2018-01-08T00:00:00,456,2018-01-01T00:00:00,0,2009-04-13T00:00:00,31,pdsi_severe_drought_in_harvesting
15,bsr,False,2018-03-05T00:00:00|2018-03-12T00:00:00|2018-03-19T00:00:00|2018-03-26T00:00:00,468,2018-03-26T00:00:00,464,2018-03-05T00:00:00,464,2018-02-26T00:00:00,0,2009-04-13T00:00:00,32,wheat_weekly_rv
15,bsr,False,2018-03-05T00:00:00|2018-03-12T00:00:00|2018-03-19T00:00:00|2018-03-26T00:00:00,468,2018-03-26T00:00:00,464,2018-03-05T00:00:00,464,2018-02-26T00:00:00,0,2009-04-13T00:00:00,32,wheat_monthly_rv
15,bsr,False,2018-03-05T00:00:00|2018-03-12T00:00:00|2018-03-19T00:00:00|2018-03-26T00:00:00,468,2018-03-26T00:00:00,464,2018-03-05T00:00:00,464,2018-02-26T00:00:00,0,2009-04-13T00:00:00,32,wheat_seasonal_rv
15,bsr,False,2018-03-05T00:00:00|2018-03-12T00:00:00|2018-03-19T00:00:00|2018-03-26T00:00:00,468,2018-03-26T00:00:00,464,2018-03-05T00:00:00,464,2018-02-26T00:00:00,0,2009-04-13T00:00:00,32,wheat_weekly_rvb
15,bsr,False,2018-03-05T00:00:00|2018-03-12T00:00:00|2018-03-19T00:00:00|2018-03-26T00:00:00,468,2018-03-26T00:00:00,464,2018-03-05T00:00:00,464,2018-02-26T00:00:00,0,2009-04-13T00:00:00,32,corn_weekly_rv
15,bsr,False,2018-03-05T00:00:00|2018-03-12T00:00:00|2018-03-19T00:00:00|2018-03-26T00:00:00,468,2018-03-26T00:00:00,464,2018-03-05T00:00:00,464,2018-02-26T00:00:00,0,2009-04-13T00:00:00,32,ssta_lanina
15,bsr,False,2018-03-05T00:00:00|2018-03-12T00:00:00|2018-03-19T00:00:00|2018-03-26T00:00:00,468,2018-03-26T00:00:00,464,2018-03-05T00:00:00,464,2018-02-26T00:00:00,0,2009-04-13T00:00:00,32,tmax_hot_in_planting
15,bsr,False,2018-03-05T00:00:00|2018-03-12T00:00:00|2018-03-19T00:00:00|2018-03-26T00:00:00,468,2018-03-26T00:00:00,464,2018-03-05T00:00:00,464,2018-02-26T00:00:00,0,2009-04-13T00:00:00,32,tmax_hot_in_harvesting
15,bsr,False,2018-03-05T00:00:00|2018-03-12T00:00:00|2018-03-19T00:00:00|2018-03-26T00:00:00,468,2018-03-26T00:00:00,464,2018-03-05T00:00:00,464,2018-02-26T00:00:00,0,2009-04-13T00:00:00,32,tmin_cold_in_harvesting
15,bsr,False,2018-03-05T00:00:00|2018-03-12T00:00:00|2018-03-19T00:00:00|2018-03-26T00:00:00,468,2018-03-26T00:00:00,464,2018-03-05T00:00:00,464,2018-02-26T00:00:00,0,2009-04-13T00:00:00,32,spi_7d_very_dry_in_harvesting
15,bsr,False,2018-03-05T00:00:00|2018-03-12T00:00:00|2018-03-19T00:00:00|2018-03-26T00:00:00,468,2018-03-26T00:00:00,464,2018-03-05T00:00:00,464,2018-02-26T00:00:00,0,2009-04-13T00:00:00,32,spi_7d_extreme_dry_in_harvesting
15,bsr,False,2018-03-05T00:00:00|2018-03-12T00:00:00|2018-03-19T00:00:00|2018-03-26T00:00:00,468,2018-03-26T00:00:00,464,2018-03-05T00:00:00,464,2018-02-26T00:00:00,0,2009-04-13T00:00:00,32,pdsi_very_wet_in_planting
15,bsr,False,2018-03-05T00:00:00|2018-03-12T00:00:00|2018-03-19T00:00:00|2018-03-26T00:00:00,468,2018-03-26T00:00:00,464,2018-03-05T00:00:00,464,2018-02-26T00:00:00,0,2009-04-13T00:00:00,32,pdsi_extreme_drought_in_planting
15,bsr,False,2018-03-05T00:00:00|2018-03-12T00:00:00|2018-03-19T00:00:00|2018-03-26T00:00:00,468,2018-03-26T00:00:00,464,2018-03-05T00:00:00,464,2018-02-26T00:00:00,0,2009-04-13T00:00:00,32,pdsi_extreme_drought_in_harvesting
15,bsr,False,2018-03-05T00:00:00|2018-03-12T00:00:00|2018-03-19T00:00:00|2018-03-26T00:00:00,468,2018-03-26T00:00:00,464,2018-03-05T00:00:00,464,2018-02-26T00:00:00,0,2009-04-13T00:00:00,32,pdsi_severe_drought_in_harvesting
15,bsr,True,2018-04-30T00:00:00|2018-05-07T00:00:00|2018-05-14T00:00:00|2018-05-21T00:00:00,476,2018-05-21T00:00:00,472,2018-04-30T00:00:00,472,2018-04-23T00:00:00,0,2009-04-13T00:00:00,33,wheat_weekly_rv
15,bsr,True,2018-04-30T00:00:00|2018-05-07T00:00:00|2018-05-14T00:00:00|2018-05-21T00:00:00,476,2018-05-21T00:00:00,472,2018-04-30T00:00:00,472,2018-04-23T00:00:00,0,2009-04-13T00:00:00,33,wheat_monthly_rv
15,bsr,True,2018-04-30T00:00:00|2018-05-07T00:00:00|2018-05-14T00:00:00|2018-05-21T00:00:00,476,2018-05-21T00:00:00,472,2018-04-30T00:00:00,472,2018-04-23T00:00:00,0,2009-04-13T00:00:00,33,wheat_seasonal_rv
15,bsr,True,2018-04-30T00:00:00|2018-05-07T00:00:00|2018-05-14T00:00:00|2018-05-21T00:00:00,476,2018-05-21T00:00:00,472,2018-04-30T00:00:00,472,2018-04-23T00:00:00,0,2009-04-13T00:00:00,33,wheat_weekly_rvb
15,bsr,True,2018-04-30T00:00:00|2018-05-07T00:00:00|2018-05-14T00:00:00|2018-05-21T00:00:00,476,2018-05-21T00:00:00,472,2018-04-30T00:00:00,472,2018-04-23T00:00:00,0,2009-04-13T00:00:00,33,corn_weekly_rv
15,bsr,True,2018-04-30T00:00:00|2018-05-07T00:00:00|2018-05-14T00:00:00|2018-05-21T00:00:00,476,2018-05-21T00:00:00,472,2018-04-30T00:00:00,472,2018-04-23T00:00:00,0,2009-04-13T00:00:00,33,ssta_lanina
15,bsr,True,2018-04-30T00:00:00|2018-05-07T00:00:00|2018-05-14T00:00:00|2018-05-21T00:00:00,476,2018-05-21T00:00:00,472,2018-04-30T00:00:00,472,2018-04-23T00:00:00,0,2009-04-13T00:00:00,33,tmax_hot_in_planting
15,bsr,True,2018-04-30T00:00:00|2018-05-07T00:00:00|2018-05-14T00:00:00|2018-05-21T00:00:00,476,2018-05-21T00:00:00,472,2018-04-30T00:00:00,472,2018-04-23T00:00:00,0,2009-04-13T00:00:00,33,tmax_hot_in_harvesting
15,bsr,True,2018-04-30T00:00:00|2018-05-07T00:00:00|2018-05-14T00:00:00|2018-05-21T00:00:00,476,2018-05-21T00:00:00,472,2018-04-30T00:00:00,472,2018-04-23T00:00:00,0,2009-04-13T00:00:00,33,tmin_cold_in_harvesting
15,bsr,True,2018-04-30T00:00:00|2018-05-07T00:00:00|2018-05-14T00:00:00|2018-05-21T00:00:00,476,2018-05-21T00:00:00,472,2018-04-30T00:00:00,472,2018-04-23T00:00:00,0,2009-04-13T00:00:00,33,spi_7d_very_dry_in_harvesting
15,bsr,True,2018-04-30T00:00:00|2018-05-07T00:00:00|2018-05-14T00:00:00|2018-05-21T00:00:00,476,2018-05-21T00:00:00,472,2018-04-30T00:00:00,472,2018-04-23T00:00:00,0,2009-04-13T00:00:00,33,spi_7d_extreme_dry_in_harvesting
15,bsr,True,2018-04-30T00:00:00|2018-05-07T00:00:00|2018-05-14T00:00:00|2018-05-21T00:00:00,476,2018-05-21T00:00:00,472,2018-04-30T00:00:00,472,2018-04-23T00:00:00,0,2009-04-13T00:00:00,33,pdsi_very_wet_in_planting
15,bsr,True,2018-04-30T00:00:00|2018-05-07T00:00:00|2018-05-14T00:00:00|2018-05-21T00:00:00,476,2018-05-21T00:00:00,472,2018-04-30T00:00:00,472,2018-04-23T00:00:00,0,2009-04-13T00:00:00,33,pdsi_extreme_drought_in_planting
15,bsr,True,2018-04-30T00:00:00|2018-05-07T00:00:00|2018-05-14T00:00:00|2018-05-21T00:00:00,476,2018-05-21T00:00:00,472,2018-04-30T00:00:00,472,2018-04-23T00:00:00,0,2009-04-13T00:00:00,33,pdsi_extreme_drought_in_harvesting
15,bsr,True,2018-04-30T00:00:00|2018-05-07T00:00:00|2018-05-14T00:00:00|2018-05-21T00:00:00,476,2018-05-21T00:00:00,472,2018-04-30T00:00:00,472,2018-04-23T00:00:00,0,2009-04-13T00:00:00,33,pdsi_severe_drought_in_harvesting
15,bsr,True,2018-06-25T00:00:00|2018-07-02T00:00:00|2018-07-09T00:00:00|2018-07-16T00:00:00,484,2018-07-16T00:00:00,480,2018-06-25T00:00:00,480,2018-06-18T00:00:00,0,2009-04-13T00:00:00,34,wheat_weekly_rv
15,bsr,True,2018-06-25T00:00:00|2018-07-02T00:00:00|2018-07-09T00:00:00|2018-07-16T00:00:00,484,2018-07-16T00:00:00,480,2018-06-25T00:00:00,480,2018-06-18T00:00:00,0,2009-04-13T00:00:00,34,wheat_monthly_rv
15,bsr,True,2018-06-25T00:00:00|2018-07-02T00:00:00|2018-07-09T00:00:00|2018-07-16T00:00:00,484,2018-07-16T00:00:00,480,2018-06-25T00:00:00,480,2018-06-18T00:00:00,0,2009-04-13T00:00:00,34,wheat_seasonal_rv
15,bsr,True,2018-06-25T00:00:00|2018-07-02T00:00:00|2018-07-09T00:00:00|2018-07-16T00:00:00,484,2018-07-16T00:00:00,480,2018-06-25T00:00:00,480,2018-06-18T00:00:00,0,2009-04-13T00:00:00,34,wheat_weekly_rvb
15,bsr,True,2018-06-25T00:00:00|2018-07-02T00:00:00|2018-07-09T00:00:00|2018-07-16T00:00:00,484,2018-07-16T00:00:00,480,2018-06-25T00:00:00,480,2018-06-18T00:00:00,0,2009-04-13T00:00:00,34,corn_weekly_rv
15,bsr,True,2018-06-25T00:00:00|2018-07-02T00:00:00|2018-07-09T00:00:00|2018-07-16T00:00:00,484,2018-07-16T00:00:00,480,2018-06-25T00:00:00,480,2018-06-18T00:00:00,0,2009-04-13T00:00:00,34,ssta_lanina
15,bsr,True,2018-06-25T00:00:00|2018-07-02T00:00:00|2018-07-09T00:00:00|2018-07-16T00:00:00,484,2018-07-16T00:00:00,480,2018-06-25T00:00:00,480,2018-06-18T00:00:00,0,2009-04-13T00:00:00,34,tmax_hot_in_planting
15,bsr,True,2018-06-25T00:00:00|2018-07-02T00:00:00|2018-07-09T00:00:00|2018-07-16T00:00:00,484,2018-07-16T00:00:00,480,2018-06-25T00:00:00,480,2018-06-18T00:00:00,0,2009-04-13T00:00:00,34,tmax_hot_in_harvesting
15,bsr,True,2018-06-25T00:00:00|2018-07-02T00:00:00|2018-07-09T00:00:00|2018-07-16T00:00:00,484,2018-07-16T00:00:00,480,2018-06-25T00:00:00,480,2018-06-18T00:00:00,0,2009-04-13T00:00:00,34,tmin_cold_in_harvesting
15,bsr,True,2018-06-25T00:00:00|2018-07-02T00:00:00|2018-07-09T00:00:00|2018-07-16T00:00:00,484,2018-07-16T00:00:00,480,2018-06-25T00:00:00,480,2018-06-18T00:00:00,0,2009-04-13T00:00:00,34,spi_7d_very_dry_in_harvesting
15,bsr,True,2018-06-25T00:00:00|2018-07-02T00:00:00|2018-07-09T00:00:00|2018-07-16T00:00:00,484,2018-07-16T00:00:00,480,2018-06-25T00:00:00,480,2018-06-18T00:00:00,0,2009-04-13T00:00:00,34,spi_7d_extreme_dry_in_harvesting
15,bsr,True,2018-06-25T00:00:00|2018-07-02T00:00:00|2018-07-09T00:00:00|2018-07-16T00:00:00,484,2018-07-16T00:00:00,480,2018-06-25T00:00:00,480,2018-06-18T00:00:00,0,2009-04-13T00:00:00,34,pdsi_very_wet_in_planting
15,bsr,True,2018-06-25T00:00:00|2018-07-02T00:00:00|2018-07-09T00:00:00|2018-07-16T00:00:00,484,2018-07-16T00:00:00,480,2018-06-25T00:00:00,480,2018-06-18T00:00:00,0,2009-04-13T00:00:00,34,pdsi_extreme_drought_in_planting
15,bsr,True,2018-06-25T00:00:00|2018-07-02T00:00:00|2018-07-09T00:00:00|2018-07-16T00:00:00,484,2018-07-16T00:00:00,480,2018-06-25T00:00:00,480,2018-06-18T00:00:00,0,2009-04-13T00:00:00,34,pdsi_extreme_drought_in_harvesting
15,bsr,True,2018-06-25T00:00:00|2018-07-02T00:00:00|2018-07-09T00:00:00|2018-07-16T00:00:00,484,2018-07-16T00:00:00,480,2018-06-25T00:00:00,480,2018-06-18T00:00:00,0,2009-04-13T00:00:00,34,pdsi_severe_drought_in_harvesting
15,bsr,True,2018-08-20T00:00:00|2018-08-27T00:00:00|2018-09-03T00:00:00|2018-09-10T00:00:00,492,2018-09-10T00:00:00,488,2018-08-20T00:00:00,488,2018-08-13T00:00:00,0,2009-04-13T00:00:00,35,wheat_weekly_rv
15,bsr,True,2018-08-20T00:00:00|2018-08-27T00:00:00|2018-09-03T00:00:00|2018-09-10T00:00:00,492,2018-09-10T00:00:00,488,2018-08-20T00:00:00,488,2018-08-13T00:00:00,0,2009-04-13T00:00:00,35,wheat_monthly_rv
15,bsr,True,2018-08-20T00:00:00|2018-08-27T00:00:00|2018-09-03T00:00:00|2018-09-10T00:00:00,492,2018-09-10T00:00:00,488,2018-08-20T00:00:00,488,2018-08-13T00:00:00,0,2009-04-13T00:00:00,35,wheat_seasonal_rv
15,bsr,True,2018-08-20T00:00:00|2018-08-27T00:00:00|2018-09-03T00:00:00|2018-09-10T00:00:00,492,2018-09-10T00:00:00,488,2018-08-20T00:00:00,488,2018-08-13T00:00:00,0,2009-04-13T00:00:00,35,wheat_weekly_rvb
15,bsr,True,2018-08-20T00:00:00|2018-08-27T00:00:00|2018-09-03T00:00:00|2018-09-10T00:00:00,492,2018-09-10T00:00:00,488,2018-08-20T00:00:00,488,2018-08-13T00:00:00,0,2009-04-13T00:00:00,35,corn_weekly_rv
15,bsr,True,2018-08-20T00:00:00|2018-08-27T00:00:00|2018-09-03T00:00:00|2018-09-10T00:00:00,492,2018-09-10T00:00:00,488,2018-08-20T00:00:00,488,2018-08-13T00:00:00,0,2009-04-13T00:00:00,35,ssta_lanina
15,bsr,True,2018-08-20T00:00:00|2018-08-27T00:00:00|2018-09-03T00:00:00|2018-09-10T00:00:00,492,2018-09-10T00:00:00,488,2018-08-20T00:00:00,488,2018-08-13T00:00:00,0,2009-04-13T00:00:00,35,tmax_hot_in_planting
15,bsr,True,2018-08-20T00:00:00|2018-08-27T00:00:00|2018-09-03T00:00:00|2018-09-10T00:00:00,492,2018-09-10T00:00:00,488,2018-08-20T00:00:00,488,2018-08-13T00:00:00,0,2009-04-13T00:00:00,35,tmax_hot_in_harvesting
15,bsr,True,2018-08-20T00:00:00|2018-08-27T00:00:00|2018-09-03T00:00:00|2018-09-10T00:00:00,492,2018-09-10T00:00:00,488,2018-08-20T00:00:00,488,2018-08-13T00:00:00,0,2009-04-13T00:00:00,35,tmin_cold_in_harvesting
15,bsr,True,2018-08-20T00:00:00|2018-08-27T00:00:00|2018-09-03T00:00:00|2018-09-10T00:00:00,492,2018-09-10T00:00:00,488,2018-08-20T00:00:00,488,2018-08-13T00:00:00,0,2009-04-13T00:00:00,35,spi_7d_very_dry_in_harvesting
15,bsr,True,2018-08-20T00:00:00|2018-08-27T00:00:00|2018-09-03T00:00:00|2018-09-10T00:00:00,492,2018-09-10T00:00:00,488,2018-08-20T00:00:00,488,2018-08-13T00:00:00,0,2009-04-13T00:00:00,35,spi_7d_extreme_dry_in_harvesting
15,bsr,True,2018-08-20T00:00:00|2018-08-27T00:00:00|2018-09-03T00:00:00|2018-09-10T00:00:00,492,2018-09-10T00:00:00,488,2018-08-20T00:00:00,488,2018-08-13T00:00:00,0,2009-04-13T00:00:00,35,pdsi_very_wet_in_planting
15,bsr,True,2018-08-20T00:00:00|2018-08-27T00:00:00|2018-09-03T00:00:00|2018-09-10T00:00:00,492,2018-09-10T00:00:00,488,2018-08-20T00:00:00,488,2018-08-13T00:00:00,0,2009-04-13T00:00:00,35,pdsi_extreme_drought_in_planting
15,bsr,True,2018-08-20T00:00:00|2018-08-27T00:00:00|2018-09-03T00:00:00|2018-09-10T00:00:00,492,2018-09-10T00:00:00,488,2018-08-20T00:00:00,488,2018-08-13T00:00:00,0,2009-04-13T00:00:00,35,pdsi_extreme_drought_in_harvesting
15,bsr,True,2018-08-20T00:00:00|2018-08-27T00:00:00|2018-09-03T00:00:00|2018-09-10T00:00:00,492,2018-09-10T00:00:00,488,2018-08-20T00:00:00,488,2018-08-13T00:00:00,0,2009-04-13T00:00:00,35,pdsi_severe_drought_in_harvesting
15,bsr,True,2018-10-15T00:00:00|2018-10-22T00:00:00|2018-10-29T00:00:00|2018-11-05T00:00:00,500,2018-11-05T00:00:00,496,2018-10-15T00:00:00,496,2018-10-08T00:00:00,0,2009-04-13T00:00:00,36,wheat_weekly_rv
15,bsr,True,2018-10-15T00:00:00|2018-10-22T00:00:00|2018-10-29T00:00:00|2018-11-05T00:00:00,500,2018-11-05T00:00:00,496,2018-10-15T00:00:00,496,2018-10-08T00:00:00,0,2009-04-13T00:00:00,36,wheat_monthly_rv
15,bsr,True,2018-10-15T00:00:00|2018-10-22T00:00:00|2018-10-29T00:00:00|2018-11-05T00:00:00,500,2018-11-05T00:00:00,496,2018-10-15T00:00:00,496,2018-10-08T00:00:00,0,2009-04-13T00:00:00,36,wheat_seasonal_rv
15,bsr,True,2018-10-15T00:00:00|2018-10-22T00:00:00|2018-10-29T00:00:00|2018-11-05T00:00:00,500,2018-11-05T00:00:00,496,2018-10-15T00:00:00,496,2018-10-08T00:00:00,0,2009-04-13T00:00:00,36,wheat_weekly_rvb
15,bsr,True,2018-10-15T00:00:00|2018-10-22T00:00:00|2018-10-29T00:00:00|2018-11-05T00:00:00,500,2018-11-05T00:00:00,496,2018-10-15T00:00:00,496,2018-10-08T00:00:00,0,2009-04-13T00:00:00,36,corn_weekly_rv
15,bsr,True,2018-10-15T00:00:00|2018-10-22T00:00:00|2018-10-29T00:00:00|2018-11-05T00:00:00,500,2018-11-05T00:00:00,496,2018-10-15T00:00:00,496,2018-10-08T00:00:00,0,2009-04-13T00:00:00,36,ssta_lanina
15,bsr,True,2018-10-15T00:00:00|2018-10-22T00:00:00|2018-10-29T00:00:00|2018-11-05T00:00:00,500,2018-11-05T00:00:00,496,2018-10-15T00:00:00,496,2018-10-08T00:00:00,0,2009-04-13T00:00:00,36,tmax_hot_in_planting
15,bsr,True,2018-10-15T00:00:00|2018-10-22T00:00:00|2018-10-29T00:00:00|2018-11-05T00:00:00,500,2018-11-05T00:00:00,496,2018-10-15T00:00:00,496,2018-10-08T00:00:00,0,2009-04-13T00:00:00,36,tmax_hot_in_harvesting
15,bsr,True,2018-10-15T00:00:00|2018-10-22T00:00:00|2018-10-29T00:00:00|2018-11-05T00:00:00,500,2018-11-05T00:00:00,496,2018-10-15T00:00:00,496,2018-10-08T00:00:00,0,2009-04-13T00:00:00,36,tmin_cold_in_harvesting
15,bsr,True,2018-10-15T00:00:00|2018-10-22T00:00:00|2018-10-29T00:00:00|2018-11-05T00:00:00,500,2018-11-05T00:00:00,496,2018-10-15T00:00:00,496,2018-10-08T00:00:00,0,2009-04-13T00:00:00,36,spi_7d_very_dry_in_harvesting
15,bsr,True,2018-10-15T00:00:00|2018-10-22T00:00:00|2018-10-29T00:00:00|2018-11-05T00:00:00,500,2018-11-05T00:00:00,496,2018-10-15T00:00:00,496,2018-10-08T00:00:00,0,2009-04-13T00:00:00,36,spi_7d_extreme_dry_in_harvesting
15,bsr,True,2018-10-15T00:00:00|2018-10-22T00:00:00|2018-10-29T00:00:00|2018-11-05T00:00:00,500,2018-11-05T00:00:00,496,2018-10-15T00:00:00,496,2018-10-08T00:00:00,0,2009-04-13T00:00:00,36,pdsi_very_wet_in_planting
15,bsr,True,2018-10-15T00:00:00|2018-10-22T00:00:00|2018-10-29T00:00:00|2018-11-05T00:00:00,500,2018-11-05T00:00:00,496,2018-10-15T00:00:00,496,2018-10-08T00:00:00,0,2009-04-13T00:00:00,36,pdsi_extreme_drought_in_planting
15,bsr,True,2018-10-15T00:00:00|2018-10-22T00:00:00|2018-10-29T00:00:00|2018-11-05T00:00:00,500,2018-11-05T00:00:00,496,2018-10-15T00:00:00,496,2018-10-08T00:00:00,0,2009-04-13T00:00:00,36,pdsi_extreme_drought_in_harvesting
15,bsr,True,2018-10-15T00:00:00|2018-10-22T00:00:00|2018-10-29T00:00:00|2018-11-05T00:00:00,500,2018-11-05T00:00:00,496,2018-10-15T00:00:00,496,2018-10-08T00:00:00,0,2009-04-13T00:00:00,36,pdsi_severe_drought_in_harvesting
15,bsr,True,2018-12-10T00:00:00|2018-12-17T00:00:00|2018-12-24T00:00:00|2018-12-31T00:00:00,508,2018-12-31T00:00:00,504,2018-12-10T00:00:00,504,2018-12-03T00:00:00,0,2009-04-13T00:00:00,37,wheat_weekly_rv
15,bsr,True,2018-12-10T00:00:00|2018-12-17T00:00:00|2018-12-24T00:00:00|2018-12-31T00:00:00,508,2018-12-31T00:00:00,504,2018-12-10T00:00:00,504,2018-12-03T00:00:00,0,2009-04-13T00:00:00,37,wheat_monthly_rv
15,bsr,True,2018-12-10T00:00:00|2018-12-17T00:00:00|2018-12-24T00:00:00|2018-12-31T00:00:00,508,2018-12-31T00:00:00,504,2018-12-10T00:00:00,504,2018-12-03T00:00:00,0,2009-04-13T00:00:00,37,wheat_seasonal_rv
15,bsr,True,2018-12-10T00:00:00|2018-12-17T00:00:00|2018-12-24T00:00:00|2018-12-31T00:00:00,508,2018-12-31T00:00:00,504,2018-12-10T00:00:00,504,2018-12-03T00:00:00,0,2009-04-13T00:00:00,37,wheat_weekly_rvb
15,bsr,True,2018-12-10T00:00:00|2018-12-17T00:00:00|2018-12-24T00:00:00|2018-12-31T00:00:00,508,2018-12-31T00:00:00,504,2018-12-10T00:00:00,504,2018-12-03T00:00:00,0,2009-04-13T00:00:00,37,corn_weekly_rv
15,bsr,True,2018-12-10T00:00:00|2018-12-17T00:00:00|2018-12-24T00:00:00|2018-12-31T00:00:00,508,2018-12-31T00:00:00,504,2018-12-10T00:00:00,504,2018-12-03T00:00:00,0,2009-04-13T00:00:00,37,ssta_lanina
15,bsr,True,2018-12-10T00:00:00|2018-12-17T00:00:00|2018-12-24T00:00:00|2018-12-31T00:00:00,508,2018-12-31T00:00:00,504,2018-12-10T00:00:00,504,2018-12-03T00:00:00,0,2009-04-13T00:00:00,37,tmax_hot_in_planting
15,bsr,True,2018-12-10T00:00:00|2018-12-17T00:00:00|2018-12-24T00:00:00|2018-12-31T00:00:00,508,2018-12-31T00:00:00,504,2018-12-10T00:00:00,504,2018-12-03T00:00:00,0,2009-04-13T00:00:00,37,tmax_hot_in_harvesting
15,bsr,True,2018-12-10T00:00:00|2018-12-17T00:00:00|2018-12-24T00:00:00|2018-12-31T00:00:00,508,2018-12-31T00:00:00,504,2018-12-10T00:00:00,504,2018-12-03T00:00:00,0,2009-04-13T00:00:00,37,tmin_cold_in_harvesting
15,bsr,True,2018-12-10T00:00:00|2018-12-17T00:00:00|2018-12-24T00:00:00|2018-12-31T00:00:00,508,2018-12-31T00:00:00,504,2018-12-10T00:00:00,504,2018-12-03T00:00:00,0,2009-04-13T00:00:00,37,spi_7d_very_dry_in_harvesting
15,bsr,True,2018-12-10T00:00:00|2018-12-17T00:00:00|2018-12-24T00:00:00|2018-12-31T00:00:00,508,2018-12-31T00:00:00,504,2018-12-10T00:00:00,504,2018-12-03T00:00:00,0,2009-04-13T00:00:00,37,spi_7d_extreme_dry_in_harvesting
15,bsr,True,2018-12-10T00:00:00|2018-12-17T00:00:00|2018-12-24T00:00:00|2018-12-31T00:00:00,508,2018-12-31T00:00:00,504,2018-12-10T00:00:00,504,2018-12-03T00:00:00,0,2009-04-13T00:00:00,37,pdsi_very_wet_in_planting
15,bsr,True,2018-12-10T00:00:00|2018-12-17T00:00:00|2018-12-24T00:00:00|2018-12-31T00:00:00,508,2018-12-31T00:00:00,504,2018-12-10T00:00:00,504,2018-12-03T00:00:00,0,2009-04-13T00:00:00,37,pdsi_extreme_drought_in_planting
15,bsr,True,2018-12-10T00:00:00|2018-12-17T00:00:00|2018-12-24T00:00:00|2018-12-31T00:00:00,508,2018-12-31T00:00:00,504,2018-12-10T00:00:00,504,2018-12-03T00:00:00,0,2009-04-13T00:00:00,37,pdsi_extreme_drought_in_harvesting
15,bsr,True,2018-12-10T00:00:00|2018-12-17T00:00:00|2018-12-24T00:00:00|2018-12-31T00:00:00,508,2018-12-31T00:00:00,504,2018-12-10T00:00:00,504,2018-12-03T00:00:00,0,2009-04-13T00:00:00,37,pdsi_severe_drought_in_harvesting
15,bsr,True,2019-02-04T00:00:00|2019-02-11T00:00:00|2019-02-18T00:00:00|2019-02-25T00:00:00,516,2019-02-25T00:00:00,512,2019-02-04T00:00:00,512,2019-01-28T00:00:00,0,2009-04-13T00:00:00,38,wheat_weekly_rv
15,bsr,True,2019-02-04T00:00:00|2019-02-11T00:00:00|2019-02-18T00:00:00|2019-02-25T00:00:00,516,2019-02-25T00:00:00,512,2019-02-04T00:00:00,512,2019-01-28T00:00:00,0,2009-04-13T00:00:00,38,wheat_monthly_rv
15,bsr,True,2019-02-04T00:00:00|2019-02-11T00:00:00|2019-02-18T00:00:00|2019-02-25T00:00:00,516,2019-02-25T00:00:00,512,2019-02-04T00:00:00,512,2019-01-28T00:00:00,0,2009-04-13T00:00:00,38,wheat_seasonal_rv
15,bsr,True,2019-02-04T00:00:00|2019-02-11T00:00:00|2019-02-18T00:00:00|2019-02-25T00:00:00,516,2019-02-25T00:00:00,512,2019-02-04T00:00:00,512,2019-01-28T00:00:00,0,2009-04-13T00:00:00,38,wheat_weekly_rvb
15,bsr,True,2019-02-04T00:00:00|2019-02-11T00:00:00|2019-02-18T00:00:00|2019-02-25T00:00:00,516,2019-02-25T00:00:00,512,2019-02-04T00:00:00,512,2019-01-28T00:00:00,0,2009-04-13T00:00:00,38,corn_weekly_rv
15,bsr,True,2019-02-04T00:00:00|2019-02-11T00:00:00|2019-02-18T00:00:00|2019-02-25T00:00:00,516,2019-02-25T00:00:00,512,2019-02-04T00:00:00,512,2019-01-28T00:00:00,0,2009-04-13T00:00:00,38,ssta_lanina
15,bsr,True,2019-02-04T00:00:00|2019-02-11T00:00:00|2019-02-18T00:00:00|2019-02-25T00:00:00,516,2019-02-25T00:00:00,512,2019-02-04T00:00:00,512,2019-01-28T00:00:00,0,2009-04-13T00:00:00,38,tmax_hot_in_planting
15,bsr,True,2019-02-04T00:00:00|2019-02-11T00:00:00|2019-02-18T00:00:00|2019-02-25T00:00:00,516,2019-02-25T00:00:00,512,2019-02-04T00:00:00,512,2019-01-28T00:00:00,0,2009-04-13T00:00:00,38,tmax_hot_in_harvesting
15,bsr,True,2019-02-04T00:00:00|2019-02-11T00:00:00|2019-02-18T00:00:00|2019-02-25T00:00:00,516,2019-02-25T00:00:00,512,2019-02-04T00:00:00,512,2019-01-28T00:00:00,0,2009-04-13T00:00:00,38,tmin_cold_in_harvesting
15,bsr,True,2019-02-04T00:00:00|2019-02-11T00:00:00|2019-02-18T00:00:00|2019-02-25T00:00:00,516,2019-02-25T00:00:00,512,2019-02-04T00:00:00,512,2019-01-28T00:00:00,0,2009-04-13T00:00:00,38,spi_7d_very_dry_in_harvesting
15,bsr,True,2019-02-04T00:00:00|2019-02-11T00:00:00|2019-02-18T00:00:00|2019-02-25T00:00:00,516,2019-02-25T00:00:00,512,2019-02-04T00:00:00,512,2019-01-28T00:00:00,0,2009-04-13T00:00:00,38,spi_7d_extreme_dry_in_harvesting
15,bsr,True,2019-02-04T00:00:00|2019-02-11T00:00:00|2019-02-18T00:00:00|2019-02-25T00:00:00,516,2019-02-25T00:00:00,512,2019-02-04T00:00:00,512,2019-01-28T00:00:00,0,2009-04-13T00:00:00,38,pdsi_very_wet_in_planting
15,bsr,True,2019-02-04T00:00:00|2019-02-11T00:00:00|2019-02-18T00:00:00|2019-02-25T00:00:00,516,2019-02-25T00:00:00,512,2019-02-04T00:00:00,512,2019-01-28T00:00:00,0,2009-04-13T00:00:00,38,pdsi_extreme_drought_in_planting
15,bsr,True,2019-02-04T00:00:00|2019-02-11T00:00:00|2019-02-18T00:00:00|2019-02-25T00:00:00,516,2019-02-25T00:00:00,512,2019-02-04T00:00:00,512,2019-01-28T00:00:00,0,2009-04-13T00:00:00,38,pdsi_extreme_drought_in_harvesting
15,bsr,True,2019-02-04T00:00:00|2019-02-11T00:00:00|2019-02-18T00:00:00|2019-02-25T00:00:00,516,2019-02-25T00:00:00,512,2019-02-04T00:00:00,512,2019-01-28T00:00:00,0,2009-04-13T00:00:00,38,pdsi_severe_drought_in_harvesting
15,bsr,True,2019-04-01T00:00:00|2019-04-08T00:00:00|2019-04-15T00:00:00|2019-04-22T00:00:00,524,2019-04-22T00:00:00,520,2019-04-01T00:00:00,520,2019-03-25T00:00:00,0,2009-04-13T00:00:00,39,wheat_weekly_rv
15,bsr,True,2019-04-01T00:00:00|2019-04-08T00:00:00|2019-04-15T00:00:00|2019-04-22T00:00:00,524,2019-04-22T00:00:00,520,2019-04-01T00:00:00,520,2019-03-25T00:00:00,0,2009-04-13T00:00:00,39,wheat_monthly_rv
15,bsr,True,2019-04-01T00:00:00|2019-04-08T00:00:00|2019-04-15T00:00:00|2019-04-22T00:00:00,524,2019-04-22T00:00:00,520,2019-04-01T00:00:00,520,2019-03-25T00:00:00,0,2009-04-13T00:00:00,39,wheat_seasonal_rv
15,bsr,True,2019-04-01T00:00:00|2019-04-08T00:00:00|2019-04-15T00:00:00|2019-04-22T00:00:00,524,2019-04-22T00:00:00,520,2019-04-01T00:00:00,520,2019-03-25T00:00:00,0,2009-04-13T00:00:00,39,wheat_weekly_rvb
15,bsr,True,2019-04-01T00:00:00|2019-04-08T00:00:00|2019-04-15T00:00:00|2019-04-22T00:00:00,524,2019-04-22T00:00:00,520,2019-04-01T00:00:00,520,2019-03-25T00:00:00,0,2009-04-13T00:00:00,39,corn_weekly_rv
15,bsr,True,2019-04-01T00:00:00|2019-04-08T00:00:00|2019-04-15T00:00:00|2019-04-22T00:00:00,524,2019-04-22T00:00:00,520,2019-04-01T00:00:00,520,2019-03-25T00:00:00,0,2009-04-13T00:00:00,39,ssta_lanina
15,bsr,True,2019-04-01T00:00:00|2019-04-08T00:00:00|2019-04-15T00:00:00|2019-04-22T00:00:00,524,2019-04-22T00:00:00,520,2019-04-01T00:00:00,520,2019-03-25T00:00:00,0,2009-04-13T00:00:00,39,tmax_hot_in_planting
15,bsr,True,2019-04-01T00:00:00|2019-04-08T00:00:00|2019-04-15T00:00:00|2019-04-22T00:00:00,524,2019-04-22T00:00:00,520,2019-04-01T00:00:00,520,2019-03-25T00:00:00,0,2009-04-13T00:00:00,39,tmax_hot_in_harvesting
15,bsr,True,2019-04-01T00:00:00|2019-04-08T00:00:00|2019-04-15T00:00:00|2019-04-22T00:00:00,524,2019-04-22T00:00:00,520,2019-04-01T00:00:00,520,2019-03-25T00:00:00,0,2009-04-13T00:00:00,39,tmin_cold_in_harvesting
15,bsr,True,2019-04-01T00:00:00|2019-04-08T00:00:00|2019-04-15T00:00:00|2019-04-22T00:00:00,524,2019-04-22T00:00:00,520,2019-04-01T00:00:00,520,2019-03-25T00:00:00,0,2009-04-13T00:00:00,39,spi_7d_very_dry_in_harvesting
15,bsr,True,2019-04-01T00:00:00|2019-04-08T00:00:00|2019-04-15T00:00:00|2019-04-22T00:00:00,524,2019-04-22T00:00:00,520,2019-04-01T00:00:00,520,2019-03-25T00:00:00,0,2009-04-13T00:00:00,39,spi_7d_extreme_dry_in_harvesting
15,bsr,True,2019-04-01T00:00:00|2019-04-08T00:00:00|2019-04-15T00:00:00|2019-04-22T00:00:00,524,2019-04-22T00:00:00,520,2019-04-01T00:00:00,520,2019-03-25T00:00:00,0,2009-04-13T00:00:00,39,pdsi_very_wet_in_planting
15,bsr,True,2019-04-01T00:00:00|2019-04-08T00:00:00|2019-04-15T00:00:00|2019-04-22T00:00:00,524,2019-04-22T00:00:00,520,2019-04-01T00:00:00,520,2019-03-25T00:00:00,0,2009-04-13T00:00:00,39,pdsi_extreme_drought_in_planting
15,bsr,True,2019-04-01T00:00:00|2019-04-08T00:00:00|2019-04-15T00:00:00|2019-04-22T00:00:00,524,2019-04-22T00:00:00,520,2019-04-01T00:00:00,520,2019-03-25T00:00:00,0,2009-04-13T00:00:00,39,pdsi_extreme_drought_in_harvesting
15,bsr,True,2019-04-01T00:00:00|2019-04-08T00:00:00|2019-04-15T00:00:00|2019-04-22T00:00:00,524,2019-04-22T00:00:00,520,2019-04-01T00:00:00,520,2019-03-25T00:00:00,0,2009-04-13T00:00:00,39,pdsi_severe_drought_in_harvesting
17,bsr,False,2019-05-27T00:00:00|2019-06-03T00:00:00|2019-06-10T00:00:00|2019-06-17T00:00:00,532,2019-06-17T00:00:00,528,2019-05-27T00:00:00,528,2019-05-20T00:00:00,0,2009-04-13T00:00:00,40,wheat_weekly_rv
17,bsr,False,2019-05-27T00:00:00|2019-06-03T00:00:00|2019-06-10T00:00:00|2019-06-17T00:00:00,532,2019-06-17T00:00:00,528,2019-05-27T00:00:00,528,2019-05-20T00:00:00,0,2009-04-13T00:00:00,40,wheat_monthly_rv
17,bsr,False,2019-05-27T00:00:00|2019-06-03T00:00:00|2019-06-10T00:00:00|2019-06-17T00:00:00,532,2019-06-17T00:00:00,528,2019-05-27T00:00:00,528,2019-05-20T00:00:00,0,2009-04-13T00:00:00,40,wheat_seasonal_rv
17,bsr,False,2019-05-27T00:00:00|2019-06-03T00:00:00|2019-06-10T00:00:00|2019-06-17T00:00:00,532,2019-06-17T00:00:00,528,2019-05-27T00:00:00,528,2019-05-20T00:00:00,0,2009-04-13T00:00:00,40,wheat_weekly_rvb
17,bsr,False,2019-05-27T00:00:00|2019-06-03T00:00:00|2019-06-10T00:00:00|2019-06-17T00:00:00,532,2019-06-17T00:00:00,528,2019-05-27T00:00:00,528,2019-05-20T00:00:00,0,2009-04-13T00:00:00,40,ssta_lanina
17,bsr,False,2019-05-27T00:00:00|2019-06-03T00:00:00|2019-06-10T00:00:00|2019-06-17T00:00:00,532,2019-06-17T00:00:00,528,2019-05-27T00:00:00,528,2019-05-20T00:00:00,0,2009-04-13T00:00:00,40,tmax_hot_in_planting
17,bsr,False,2019-05-27T00:00:00|2019-06-03T00:00:00|2019-06-10T00:00:00|2019-06-17T00:00:00,532,2019-06-17T00:00:00,528,2019-05-27T00:00:00,528,2019-05-20T00:00:00,0,2009-04-13T00:00:00,40,tmax_hot_in_harvesting
17,bsr,False,2019-05-27T00:00:00|2019-06-03T00:00:00|2019-06-10T00:00:00|2019-06-17T00:00:00,532,2019-06-17T00:00:00,528,2019-05-27T00:00:00,528,2019-05-20T00:00:00,0,2009-04-13T00:00:00,40,tmax_very_hot_in_planting
17,bsr,False,2019-05-27T00:00:00|2019-06-03T00:00:00|2019-06-10T00:00:00|2019-06-17T00:00:00,532,2019-06-17T00:00:00,528,2019-05-27T00:00:00,528,2019-05-20T00:00:00,0,2009-04-13T00:00:00,40,tmin_cold_in_harvesting
17,bsr,False,2019-05-27T00:00:00|2019-06-03T00:00:00|2019-06-10T00:00:00|2019-06-17T00:00:00,532,2019-06-17T00:00:00,528,2019-05-27T00:00:00,528,2019-05-20T00:00:00,0,2009-04-13T00:00:00,40,tmin_very_cold_in_planting
17,bsr,False,2019-05-27T00:00:00|2019-06-03T00:00:00|2019-06-10T00:00:00|2019-06-17T00:00:00,532,2019-06-17T00:00:00,528,2019-05-27T00:00:00,528,2019-05-20T00:00:00,0,2009-04-13T00:00:00,40,awnd_moderate_high_wind_in_planting
17,bsr,False,2019-05-27T00:00:00|2019-06-03T00:00:00|2019-06-10T00:00:00|2019-06-17T00:00:00,532,2019-06-17T00:00:00,528,2019-05-27T00:00:00,528,2019-05-20T00:00:00,0,2009-04-13T00:00:00,40,awnd_moderate_high_wind_in_harvesting
17,bsr,False,2019-05-27T00:00:00|2019-06-03T00:00:00|2019-06-10T00:00:00|2019-06-17T00:00:00,532,2019-06-17T00:00:00,528,2019-05-27T00:00:00,528,2019-05-20T00:00:00,0,2009-04-13T00:00:00,40,spi_7d_very_dry_in_harvesting
17,bsr,False,2019-05-27T00:00:00|2019-06-03T00:00:00|2019-06-10T00:00:00|2019-06-17T00:00:00,532,2019-06-17T00:00:00,528,2019-05-27T00:00:00,528,2019-05-20T00:00:00,0,2009-04-13T00:00:00,40,pdsi_very_wet_in_planting
17,bsr,False,2019-05-27T00:00:00|2019-06-03T00:00:00|2019-06-10T00:00:00|2019-06-17T00:00:00,532,2019-06-17T00:00:00,528,2019-05-27T00:00:00,528,2019-05-20T00:00:00,0,2009-04-13T00:00:00,40,pdsi_very_wet_in_harvesting
17,bsr,False,2019-05-27T00:00:00|2019-06-03T00:00:00|2019-06-10T00:00:00|2019-06-17T00:00:00,532,2019-06-17T00:00:00,528,2019-05-27T00:00:00,528,2019-05-20T00:00:00,0,2009-04-13T00:00:00,40,pdsi_extreme_drought_in_planting
17,bsr,False,2019-05-27T00:00:00|2019-06-03T00:00:00|2019-06-10T00:00:00|2019-06-17T00:00:00,532,2019-06-17T00:00:00,528,2019-05-27T00:00:00,528,2019-05-20T00:00:00,0,2009-04-13T00:00:00,40,pdsi_severe_drought_in_harvesting
17,bsr,True,2019-07-22T00:00:00|2019-07-29T00:00:00|2019-08-05T00:00:00|2019-08-12T00:00:00,540,2019-08-12T00:00:00,536,2019-07-22T00:00:00,536,2019-07-15T00:00:00,0,2009-04-13T00:00:00,41,wheat_weekly_rv
17,bsr,True,2019-07-22T00:00:00|2019-07-29T00:00:00|2019-08-05T00:00:00|2019-08-12T00:00:00,540,2019-08-12T00:00:00,536,2019-07-22T00:00:00,536,2019-07-15T00:00:00,0,2009-04-13T00:00:00,41,wheat_monthly_rv
17,bsr,True,2019-07-22T00:00:00|2019-07-29T00:00:00|2019-08-05T00:00:00|2019-08-12T00:00:00,540,2019-08-12T00:00:00,536,2019-07-22T00:00:00,536,2019-07-15T00:00:00,0,2009-04-13T00:00:00,41,wheat_seasonal_rv
17,bsr,True,2019-07-22T00:00:00|2019-07-29T00:00:00|2019-08-05T00:00:00|2019-08-12T00:00:00,540,2019-08-12T00:00:00,536,2019-07-22T00:00:00,536,2019-07-15T00:00:00,0,2009-04-13T00:00:00,41,wheat_weekly_rvb
17,bsr,True,2019-07-22T00:00:00|2019-07-29T00:00:00|2019-08-05T00:00:00|2019-08-12T00:00:00,540,2019-08-12T00:00:00,536,2019-07-22T00:00:00,536,2019-07-15T00:00:00,0,2009-04-13T00:00:00,41,ssta_lanina
17,bsr,True,2019-07-22T00:00:00|2019-07-29T00:00:00|2019-08-05T00:00:00|2019-08-12T00:00:00,540,2019-08-12T00:00:00,536,2019-07-22T00:00:00,536,2019-07-15T00:00:00,0,2009-04-13T00:00:00,41,tmax_hot_in_planting
17,bsr,True,2019-07-22T00:00:00|2019-07-29T00:00:00|2019-08-05T00:00:00|2019-08-12T00:00:00,540,2019-08-12T00:00:00,536,2019-07-22T00:00:00,536,2019-07-15T00:00:00,0,2009-04-13T00:00:00,41,tmax_hot_in_harvesting
17,bsr,True,2019-07-22T00:00:00|2019-07-29T00:00:00|2019-08-05T00:00:00|2019-08-12T00:00:00,540,2019-08-12T00:00:00,536,2019-07-22T00:00:00,536,2019-07-15T00:00:00,0,2009-04-13T00:00:00,41,tmax_very_hot_in_planting
17,bsr,True,2019-07-22T00:00:00|2019-07-29T00:00:00|2019-08-05T00:00:00|2019-08-12T00:00:00,540,2019-08-12T00:00:00,536,2019-07-22T00:00:00,536,2019-07-15T00:00:00,0,2009-04-13T00:00:00,41,tmin_cold_in_harvesting
17,bsr,True,2019-07-22T00:00:00|2019-07-29T00:00:00|2019-08-05T00:00:00|2019-08-12T00:00:00,540,2019-08-12T00:00:00,536,2019-07-22T00:00:00,536,2019-07-15T00:00:00,0,2009-04-13T00:00:00,41,tmin_very_cold_in_planting
17,bsr,True,2019-07-22T00:00:00|2019-07-29T00:00:00|2019-08-05T00:00:00|2019-08-12T00:00:00,540,2019-08-12T00:00:00,536,2019-07-22T00:00:00,536,2019-07-15T00:00:00,0,2009-04-13T00:00:00,41,awnd_moderate_high_wind_in_planting
17,bsr,True,2019-07-22T00:00:00|2019-07-29T00:00:00|2019-08-05T00:00:00|2019-08-12T00:00:00,540,2019-08-12T00:00:00,536,2019-07-22T00:00:00,536,2019-07-15T00:00:00,0,2009-04-13T00:00:00,41,awnd_moderate_high_wind_in_harvesting
17,bsr,True,2019-07-22T00:00:00|2019-07-29T00:00:00|2019-08-05T00:00:00|2019-08-12T00:00:00,540,2019-08-12T00:00:00,536,2019-07-22T00:00:00,536,2019-07-15T00:00:00,0,2009-04-13T00:00:00,41,spi_7d_very_dry_in_harvesting
17,bsr,True,2019-07-22T00:00:00|2019-07-29T00:00:00|2019-08-05T00:00:00|2019-08-12T00:00:00,540,2019-08-12T00:00:00,536,2019-07-22T00:00:00,536,2019-07-15T00:00:00,0,2009-04-13T00:00:00,41,pdsi_very_wet_in_planting
17,bsr,True,2019-07-22T00:00:00|2019-07-29T00:00:00|2019-08-05T00:00:00|2019-08-12T00:00:00,540,2019-08-12T00:00:00,536,2019-07-22T00:00:00,536,2019-07-15T00:00:00,0,2009-04-13T00:00:00,41,pdsi_very_wet_in_harvesting
17,bsr,True,2019-07-22T00:00:00|2019-07-29T00:00:00|2019-08-05T00:00:00|2019-08-12T00:00:00,540,2019-08-12T00:00:00,536,2019-07-22T00:00:00,536,2019-07-15T00:00:00,0,2009-04-13T00:00:00,41,pdsi_extreme_drought_in_planting
17,bsr,True,2019-07-22T00:00:00|2019-07-29T00:00:00|2019-08-05T00:00:00|2019-08-12T00:00:00,540,2019-08-12T00:00:00,536,2019-07-22T00:00:00,536,2019-07-15T00:00:00,0,2009-04-13T00:00:00,41,pdsi_severe_drought_in_harvesting
17,bsr,True,2019-09-16T00:00:00|2019-09-23T00:00:00|2019-09-30T00:00:00|2019-10-07T00:00:00,548,2019-10-07T00:00:00,544,2019-09-16T00:00:00,544,2019-09-09T00:00:00,0,2009-04-13T00:00:00,42,wheat_weekly_rv
17,bsr,True,2019-09-16T00:00:00|2019-09-23T00:00:00|2019-09-30T00:00:00|2019-10-07T00:00:00,548,2019-10-07T00:00:00,544,2019-09-16T00:00:00,544,2019-09-09T00:00:00,0,2009-04-13T00:00:00,42,wheat_monthly_rv
17,bsr,True,2019-09-16T00:00:00|2019-09-23T00:00:00|2019-09-30T00:00:00|2019-10-07T00:00:00,548,2019-10-07T00:00:00,544,2019-09-16T00:00:00,544,2019-09-09T00:00:00,0,2009-04-13T00:00:00,42,wheat_seasonal_rv
17,bsr,True,2019-09-16T00:00:00|2019-09-23T00:00:00|2019-09-30T00:00:00|2019-10-07T00:00:00,548,2019-10-07T00:00:00,544,2019-09-16T00:00:00,544,2019-09-09T00:00:00,0,2009-04-13T00:00:00,42,wheat_weekly_rvb
17,bsr,True,2019-09-16T00:00:00|2019-09-23T00:00:00|2019-09-30T00:00:00|2019-10-07T00:00:00,548,2019-10-07T00:00:00,544,2019-09-16T00:00:00,544,2019-09-09T00:00:00,0,2009-04-13T00:00:00,42,ssta_lanina
17,bsr,True,2019-09-16T00:00:00|2019-09-23T00:00:00|2019-09-30T00:00:00|2019-10-07T00:00:00,548,2019-10-07T00:00:00,544,2019-09-16T00:00:00,544,2019-09-09T00:00:00,0,2009-04-13T00:00:00,42,tmax_hot_in_planting
17,bsr,True,2019-09-16T00:00:00|2019-09-23T00:00:00|2019-09-30T00:00:00|2019-10-07T00:00:00,548,2019-10-07T00:00:00,544,2019-09-16T00:00:00,544,2019-09-09T00:00:00,0,2009-04-13T00:00:00,42,tmax_hot_in_harvesting
17,bsr,True,2019-09-16T00:00:00|2019-09-23T00:00:00|2019-09-30T00:00:00|2019-10-07T00:00:00,548,2019-10-07T00:00:00,544,2019-09-16T00:00:00,544,2019-09-09T00:00:00,0,2009-04-13T00:00:00,42,tmax_very_hot_in_planting
17,bsr,True,2019-09-16T00:00:00|2019-09-23T00:00:00|2019-09-30T00:00:00|2019-10-07T00:00:00,548,2019-10-07T00:00:00,544,2019-09-16T00:00:00,544,2019-09-09T00:00:00,0,2009-04-13T00:00:00,42,tmin_cold_in_harvesting
17,bsr,True,2019-09-16T00:00:00|2019-09-23T00:00:00|2019-09-30T00:00:00|2019-10-07T00:00:00,548,2019-10-07T00:00:00,544,2019-09-16T00:00:00,544,2019-09-09T00:00:00,0,2009-04-13T00:00:00,42,tmin_very_cold_in_planting
17,bsr,True,2019-09-16T00:00:00|2019-09-23T00:00:00|2019-09-30T00:00:00|2019-10-07T00:00:00,548,2019-10-07T00:00:00,544,2019-09-16T00:00:00,544,2019-09-09T00:00:00,0,2009-04-13T00:00:00,42,awnd_moderate_high_wind_in_planting
17,bsr,True,2019-09-16T00:00:00|2019-09-23T00:00:00|2019-09-30T00:00:00|2019-10-07T00:00:00,548,2019-10-07T00:00:00,544,2019-09-16T00:00:00,544,2019-09-09T00:00:00,0,2009-04-13T00:00:00,42,awnd_moderate_high_wind_in_harvesting
17,bsr,True,2019-09-16T00:00:00|2019-09-23T00:00:00|2019-09-30T00:00:00|2019-10-07T00:00:00,548,2019-10-07T00:00:00,544,2019-09-16T00:00:00,544,2019-09-09T00:00:00,0,2009-04-13T00:00:00,42,spi_7d_very_dry_in_harvesting
17,bsr,True,2019-09-16T00:00:00|2019-09-23T00:00:00|2019-09-30T00:00:00|2019-10-07T00:00:00,548,2019-10-07T00:00:00,544,2019-09-16T00:00:00,544,2019-09-09T00:00:00,0,2009-04-13T00:00:00,42,pdsi_very_wet_in_planting
17,bsr,True,2019-09-16T00:00:00|2019-09-23T00:00:00|2019-09-30T00:00:00|2019-10-07T00:00:00,548,2019-10-07T00:00:00,544,2019-09-16T00:00:00,544,2019-09-09T00:00:00,0,2009-04-13T00:00:00,42,pdsi_very_wet_in_harvesting
17,bsr,True,2019-09-16T00:00:00|2019-09-23T00:00:00|2019-09-30T00:00:00|2019-10-07T00:00:00,548,2019-10-07T00:00:00,544,2019-09-16T00:00:00,544,2019-09-09T00:00:00,0,2009-04-13T00:00:00,42,pdsi_extreme_drought_in_planting
17,bsr,True,2019-09-16T00:00:00|2019-09-23T00:00:00|2019-09-30T00:00:00|2019-10-07T00:00:00,548,2019-10-07T00:00:00,544,2019-09-16T00:00:00,544,2019-09-09T00:00:00,0,2009-04-13T00:00:00,42,pdsi_severe_drought_in_harvesting
17,bsr,True,2019-11-11T00:00:00|2019-11-18T00:00:00|2019-11-25T00:00:00|2019-12-02T00:00:00,556,2019-12-02T00:00:00,552,2019-11-11T00:00:00,552,2019-11-04T00:00:00,0,2009-04-13T00:00:00,43,wheat_weekly_rv
17,bsr,True,2019-11-11T00:00:00|2019-11-18T00:00:00|2019-11-25T00:00:00|2019-12-02T00:00:00,556,2019-12-02T00:00:00,552,2019-11-11T00:00:00,552,2019-11-04T00:00:00,0,2009-04-13T00:00:00,43,wheat_monthly_rv
17,bsr,True,2019-11-11T00:00:00|2019-11-18T00:00:00|2019-11-25T00:00:00|2019-12-02T00:00:00,556,2019-12-02T00:00:00,552,2019-11-11T00:00:00,552,2019-11-04T00:00:00,0,2009-04-13T00:00:00,43,wheat_seasonal_rv
17,bsr,True,2019-11-11T00:00:00|2019-11-18T00:00:00|2019-11-25T00:00:00|2019-12-02T00:00:00,556,2019-12-02T00:00:00,552,2019-11-11T00:00:00,552,2019-11-04T00:00:00,0,2009-04-13T00:00:00,43,wheat_weekly_rvb
17,bsr,True,2019-11-11T00:00:00|2019-11-18T00:00:00|2019-11-25T00:00:00|2019-12-02T00:00:00,556,2019-12-02T00:00:00,552,2019-11-11T00:00:00,552,2019-11-04T00:00:00,0,2009-04-13T00:00:00,43,ssta_lanina
17,bsr,True,2019-11-11T00:00:00|2019-11-18T00:00:00|2019-11-25T00:00:00|2019-12-02T00:00:00,556,2019-12-02T00:00:00,552,2019-11-11T00:00:00,552,2019-11-04T00:00:00,0,2009-04-13T00:00:00,43,tmax_hot_in_planting
17,bsr,True,2019-11-11T00:00:00|2019-11-18T00:00:00|2019-11-25T00:00:00|2019-12-02T00:00:00,556,2019-12-02T00:00:00,552,2019-11-11T00:00:00,552,2019-11-04T00:00:00,0,2009-04-13T00:00:00,43,tmax_hot_in_harvesting
17,bsr,True,2019-11-11T00:00:00|2019-11-18T00:00:00|2019-11-25T00:00:00|2019-12-02T00:00:00,556,2019-12-02T00:00:00,552,2019-11-11T00:00:00,552,2019-11-04T00:00:00,0,2009-04-13T00:00:00,43,tmax_very_hot_in_planting
17,bsr,True,2019-11-11T00:00:00|2019-11-18T00:00:00|2019-11-25T00:00:00|2019-12-02T00:00:00,556,2019-12-02T00:00:00,552,2019-11-11T00:00:00,552,2019-11-04T00:00:00,0,2009-04-13T00:00:00,43,tmin_cold_in_harvesting
17,bsr,True,2019-11-11T00:00:00|2019-11-18T00:00:00|2019-11-25T00:00:00|2019-12-02T00:00:00,556,2019-12-02T00:00:00,552,2019-11-11T00:00:00,552,2019-11-04T00:00:00,0,2009-04-13T00:00:00,43,tmin_very_cold_in_planting
17,bsr,True,2019-11-11T00:00:00|2019-11-18T00:00:00|2019-11-25T00:00:00|2019-12-02T00:00:00,556,2019-12-02T00:00:00,552,2019-11-11T00:00:00,552,2019-11-04T00:00:00,0,2009-04-13T00:00:00,43,awnd_moderate_high_wind_in_planting
17,bsr,True,2019-11-11T00:00:00|2019-11-18T00:00:00|2019-11-25T00:00:00|2019-12-02T00:00:00,556,2019-12-02T00:00:00,552,2019-11-11T00:00:00,552,2019-11-04T00:00:00,0,2009-04-13T00:00:00,43,awnd_moderate_high_wind_in_harvesting
17,bsr,True,2019-11-11T00:00:00|2019-11-18T00:00:00|2019-11-25T00:00:00|2019-12-02T00:00:00,556,2019-12-02T00:00:00,552,2019-11-11T00:00:00,552,2019-11-04T00:00:00,0,2009-04-13T00:00:00,43,spi_7d_very_dry_in_harvesting
17,bsr,True,2019-11-11T00:00:00|2019-11-18T00:00:00|2019-11-25T00:00:00|2019-12-02T00:00:00,556,2019-12-02T00:00:00,552,2019-11-11T00:00:00,552,2019-11-04T00:00:00,0,2009-04-13T00:00:00,43,pdsi_very_wet_in_planting
17,bsr,True,2019-11-11T00:00:00|2019-11-18T00:00:00|2019-11-25T00:00:00|2019-12-02T00:00:00,556,2019-12-02T00:00:00,552,2019-11-11T00:00:00,552,2019-11-04T00:00:00,0,2009-04-13T00:00:00,43,pdsi_very_wet_in_harvesting
17,bsr,True,2019-11-11T00:00:00|2019-11-18T00:00:00|2019-11-25T00:00:00|2019-12-02T00:00:00,556,2019-12-02T00:00:00,552,2019-11-11T00:00:00,552,2019-11-04T00:00:00,0,2009-04-13T00:00:00,43,pdsi_extreme_drought_in_planting
17,bsr,True,2019-11-11T00:00:00|2019-11-18T00:00:00|2019-11-25T00:00:00|2019-12-02T00:00:00,556,2019-12-02T00:00:00,552,2019-11-11T00:00:00,552,2019-11-04T00:00:00,0,2009-04-13T00:00:00,43,pdsi_severe_drought_in_harvesting
17,bsr,True,2020-01-06T00:00:00|2020-01-13T00:00:00|2020-01-20T00:00:00|2020-01-27T00:00:00,564,2020-01-27T00:00:00,560,2020-01-06T00:00:00,560,2019-12-30T00:00:00,0,2009-04-13T00:00:00,44,wheat_weekly_rv
17,bsr,True,2020-01-06T00:00:00|2020-01-13T00:00:00|2020-01-20T00:00:00|2020-01-27T00:00:00,564,2020-01-27T00:00:00,560,2020-01-06T00:00:00,560,2019-12-30T00:00:00,0,2009-04-13T00:00:00,44,wheat_monthly_rv
17,bsr,True,2020-01-06T00:00:00|2020-01-13T00:00:00|2020-01-20T00:00:00|2020-01-27T00:00:00,564,2020-01-27T00:00:00,560,2020-01-06T00:00:00,560,2019-12-30T00:00:00,0,2009-04-13T00:00:00,44,wheat_seasonal_rv
17,bsr,True,2020-01-06T00:00:00|2020-01-13T00:00:00|2020-01-20T00:00:00|2020-01-27T00:00:00,564,2020-01-27T00:00:00,560,2020-01-06T00:00:00,560,2019-12-30T00:00:00,0,2009-04-13T00:00:00,44,wheat_weekly_rvb
17,bsr,True,2020-01-06T00:00:00|2020-01-13T00:00:00|2020-01-20T00:00:00|2020-01-27T00:00:00,564,2020-01-27T00:00:00,560,2020-01-06T00:00:00,560,2019-12-30T00:00:00,0,2009-04-13T00:00:00,44,ssta_lanina
17,bsr,True,2020-01-06T00:00:00|2020-01-13T00:00:00|2020-01-20T00:00:00|2020-01-27T00:00:00,564,2020-01-27T00:00:00,560,2020-01-06T00:00:00,560,2019-12-30T00:00:00,0,2009-04-13T00:00:00,44,tmax_hot_in_planting
17,bsr,True,2020-01-06T00:00:00|2020-01-13T00:00:00|2020-01-20T00:00:00|2020-01-27T00:00:00,564,2020-01-27T00:00:00,560,2020-01-06T00:00:00,560,2019-12-30T00:00:00,0,2009-04-13T00:00:00,44,tmax_hot_in_harvesting
17,bsr,True,2020-01-06T00:00:00|2020-01-13T00:00:00|2020-01-20T00:00:00|2020-01-27T00:00:00,564,2020-01-27T00:00:00,560,2020-01-06T00:00:00,560,2019-12-30T00:00:00,0,2009-04-13T00:00:00,44,tmax_very_hot_in_planting
17,bsr,True,2020-01-06T00:00:00|2020-01-13T00:00:00|2020-01-20T00:00:00|2020-01-27T00:00:00,564,2020-01-27T00:00:00,560,2020-01-06T00:00:00,560,2019-12-30T00:00:00,0,2009-04-13T00:00:00,44,tmin_cold_in_harvesting
17,bsr,True,2020-01-06T00:00:00|2020-01-13T00:00:00|2020-01-20T00:00:00|2020-01-27T00:00:00,564,2020-01-27T00:00:00,560,2020-01-06T00:00:00,560,2019-12-30T00:00:00,0,2009-04-13T00:00:00,44,tmin_very_cold_in_planting
17,bsr,True,2020-01-06T00:00:00|2020-01-13T00:00:00|2020-01-20T00:00:00|2020-01-27T00:00:00,564,2020-01-27T00:00:00,560,2020-01-06T00:00:00,560,2019-12-30T00:00:00,0,2009-04-13T00:00:00,44,awnd_moderate_high_wind_in_planting
17,bsr,True,2020-01-06T00:00:00|2020-01-13T00:00:00|2020-01-20T00:00:00|2020-01-27T00:00:00,564,2020-01-27T00:00:00,560,2020-01-06T00:00:00,560,2019-12-30T00:00:00,0,2009-04-13T00:00:00,44,awnd_moderate_high_wind_in_harvesting
17,bsr,True,2020-01-06T00:00:00|2020-01-13T00:00:00|2020-01-20T00:00:00|2020-01-27T00:00:00,564,2020-01-27T00:00:00,560,2020-01-06T00:00:00,560,2019-12-30T00:00:00,0,2009-04-13T00:00:00,44,spi_7d_very_dry_in_harvesting
17,bsr,True,2020-01-06T00:00:00|2020-01-13T00:00:00|2020-01-20T00:00:00|2020-01-27T00:00:00,564,2020-01-27T00:00:00,560,2020-01-06T00:00:00,560,2019-12-30T00:00:00,0,2009-04-13T00:00:00,44,pdsi_very_wet_in_planting
17,bsr,True,2020-01-06T00:00:00|2020-01-13T00:00:00|2020-01-20T00:00:00|2020-01-27T00:00:00,564,2020-01-27T00:00:00,560,2020-01-06T00:00:00,560,2019-12-30T00:00:00,0,2009-04-13T00:00:00,44,pdsi_very_wet_in_harvesting
17,bsr,True,2020-01-06T00:00:00|2020-01-13T00:00:00|2020-01-20T00:00:00|2020-01-27T00:00:00,564,2020-01-27T00:00:00,560,2020-01-06T00:00:00,560,2019-12-30T00:00:00,0,2009-04-13T00:00:00,44,pdsi_extreme_drought_in_planting
17,bsr,True,2020-01-06T00:00:00|2020-01-13T00:00:00|2020-01-20T00:00:00|2020-01-27T00:00:00,564,2020-01-27T00:00:00,560,2020-01-06T00:00:00,560,2019-12-30T00:00:00,0,2009-04-13T00:00:00,44,pdsi_severe_drought_in_harvesting
17,bsr,True,2020-03-02T00:00:00|2020-03-09T00:00:00|2020-03-16T00:00:00|2020-03-23T00:00:00,572,2020-03-23T00:00:00,568,2020-03-02T00:00:00,568,2020-02-24T00:00:00,0,2009-04-13T00:00:00,45,wheat_weekly_rv
17,bsr,True,2020-03-02T00:00:00|2020-03-09T00:00:00|2020-03-16T00:00:00|2020-03-23T00:00:00,572,2020-03-23T00:00:00,568,2020-03-02T00:00:00,568,2020-02-24T00:00:00,0,2009-04-13T00:00:00,45,wheat_monthly_rv
17,bsr,True,2020-03-02T00:00:00|2020-03-09T00:00:00|2020-03-16T00:00:00|2020-03-23T00:00:00,572,2020-03-23T00:00:00,568,2020-03-02T00:00:00,568,2020-02-24T00:00:00,0,2009-04-13T00:00:00,45,wheat_seasonal_rv
17,bsr,True,2020-03-02T00:00:00|2020-03-09T00:00:00|2020-03-16T00:00:00|2020-03-23T00:00:00,572,2020-03-23T00:00:00,568,2020-03-02T00:00:00,568,2020-02-24T00:00:00,0,2009-04-13T00:00:00,45,wheat_weekly_rvb
17,bsr,True,2020-03-02T00:00:00|2020-03-09T00:00:00|2020-03-16T00:00:00|2020-03-23T00:00:00,572,2020-03-23T00:00:00,568,2020-03-02T00:00:00,568,2020-02-24T00:00:00,0,2009-04-13T00:00:00,45,ssta_lanina
17,bsr,True,2020-03-02T00:00:00|2020-03-09T00:00:00|2020-03-16T00:00:00|2020-03-23T00:00:00,572,2020-03-23T00:00:00,568,2020-03-02T00:00:00,568,2020-02-24T00:00:00,0,2009-04-13T00:00:00,45,tmax_hot_in_planting
17,bsr,True,2020-03-02T00:00:00|2020-03-09T00:00:00|2020-03-16T00:00:00|2020-03-23T00:00:00,572,2020-03-23T00:00:00,568,2020-03-02T00:00:00,568,2020-02-24T00:00:00,0,2009-04-13T00:00:00,45,tmax_hot_in_harvesting
17,bsr,True,2020-03-02T00:00:00|2020-03-09T00:00:00|2020-03-16T00:00:00|2020-03-23T00:00:00,572,2020-03-23T00:00:00,568,2020-03-02T00:00:00,568,2020-02-24T00:00:00,0,2009-04-13T00:00:00,45,tmax_very_hot_in_planting
17,bsr,True,2020-03-02T00:00:00|2020-03-09T00:00:00|2020-03-16T00:00:00|2020-03-23T00:00:00,572,2020-03-23T00:00:00,568,2020-03-02T00:00:00,568,2020-02-24T00:00:00,0,2009-04-13T00:00:00,45,tmin_cold_in_harvesting
17,bsr,True,2020-03-02T00:00:00|2020-03-09T00:00:00|2020-03-16T00:00:00|2020-03-23T00:00:00,572,2020-03-23T00:00:00,568,2020-03-02T00:00:00,568,2020-02-24T00:00:00,0,2009-04-13T00:00:00,45,tmin_very_cold_in_planting
17,bsr,True,2020-03-02T00:00:00|2020-03-09T00:00:00|2020-03-16T00:00:00|2020-03-23T00:00:00,572,2020-03-23T00:00:00,568,2020-03-02T00:00:00,568,2020-02-24T00:00:00,0,2009-04-13T00:00:00,45,awnd_moderate_high_wind_in_planting
17,bsr,True,2020-03-02T00:00:00|2020-03-09T00:00:00|2020-03-16T00:00:00|2020-03-23T00:00:00,572,2020-03-23T00:00:00,568,2020-03-02T00:00:00,568,2020-02-24T00:00:00,0,2009-04-13T00:00:00,45,awnd_moderate_high_wind_in_harvesting
17,bsr,True,2020-03-02T00:00:00|2020-03-09T00:00:00|2020-03-16T00:00:00|2020-03-23T00:00:00,572,2020-03-23T00:00:00,568,2020-03-02T00:00:00,568,2020-02-24T00:00:00,0,2009-04-13T00:00:00,45,spi_7d_very_dry_in_harvesting
17,bsr,True,2020-03-02T00:00:00|2020-03-09T00:00:00|2020-03-16T00:00:00|2020-03-23T00:00:00,572,2020-03-23T00:00:00,568,2020-03-02T00:00:00,568,2020-02-24T00:00:00,0,2009-04-13T00:00:00,45,pdsi_very_wet_in_planting
17,bsr,True,2020-03-02T00:00:00|2020-03-09T00:00:00|2020-03-16T00:00:00|2020-03-23T00:00:00,572,2020-03-23T00:00:00,568,2020-03-02T00:00:00,568,2020-02-24T00:00:00,0,2009-04-13T00:00:00,45,pdsi_very_wet_in_harvesting
17,bsr,True,2020-03-02T00:00:00|2020-03-09T00:00:00|2020-03-16T00:00:00|2020-03-23T00:00:00,572,2020-03-23T00:00:00,568,2020-03-02T00:00:00,568,2020-02-24T00:00:00,0,2009-04-13T00:00:00,45,pdsi_extreme_drought_in_planting
17,bsr,True,2020-03-02T00:00:00|2020-03-09T00:00:00|2020-03-16T00:00:00|2020-03-23T00:00:00,572,2020-03-23T00:00:00,568,2020-03-02T00:00:00,568,2020-02-24T00:00:00,0,2009-04-13T00:00:00,45,pdsi_severe_drought_in_harvesting
17,bsr,True,2020-04-27T00:00:00|2020-05-04T00:00:00|2020-05-11T00:00:00|2020-05-18T00:00:00,580,2020-05-18T00:00:00,576,2020-04-27T00:00:00,576,2020-04-20T00:00:00,0,2009-04-13T00:00:00,46,wheat_weekly_rv
17,bsr,True,2020-04-27T00:00:00|2020-05-04T00:00:00|2020-05-11T00:00:00|2020-05-18T00:00:00,580,2020-05-18T00:00:00,576,2020-04-27T00:00:00,576,2020-04-20T00:00:00,0,2009-04-13T00:00:00,46,wheat_monthly_rv
17,bsr,True,2020-04-27T00:00:00|2020-05-04T00:00:00|2020-05-11T00:00:00|2020-05-18T00:00:00,580,2020-05-18T00:00:00,576,2020-04-27T00:00:00,576,2020-04-20T00:00:00,0,2009-04-13T00:00:00,46,wheat_seasonal_rv
17,bsr,True,2020-04-27T00:00:00|2020-05-04T00:00:00|2020-05-11T00:00:00|2020-05-18T00:00:00,580,2020-05-18T00:00:00,576,2020-04-27T00:00:00,576,2020-04-20T00:00:00,0,2009-04-13T00:00:00,46,wheat_weekly_rvb
17,bsr,True,2020-04-27T00:00:00|2020-05-04T00:00:00|2020-05-11T00:00:00|2020-05-18T00:00:00,580,2020-05-18T00:00:00,576,2020-04-27T00:00:00,576,2020-04-20T00:00:00,0,2009-04-13T00:00:00,46,ssta_lanina
17,bsr,True,2020-04-27T00:00:00|2020-05-04T00:00:00|2020-05-11T00:00:00|2020-05-18T00:00:00,580,2020-05-18T00:00:00,576,2020-04-27T00:00:00,576,2020-04-20T00:00:00,0,2009-04-13T00:00:00,46,tmax_hot_in_planting
17,bsr,True,2020-04-27T00:00:00|2020-05-04T00:00:00|2020-05-11T00:00:00|2020-05-18T00:00:00,580,2020-05-18T00:00:00,576,2020-04-27T00:00:00,576,2020-04-20T00:00:00,0,2009-04-13T00:00:00,46,tmax_hot_in_harvesting
17,bsr,True,2020-04-27T00:00:00|2020-05-04T00:00:00|2020-05-11T00:00:00|2020-05-18T00:00:00,580,2020-05-18T00:00:00,576,2020-04-27T00:00:00,576,2020-04-20T00:00:00,0,2009-04-13T00:00:00,46,tmax_very_hot_in_planting
17,bsr,True,2020-04-27T00:00:00|2020-05-04T00:00:00|2020-05-11T00:00:00|2020-05-18T00:00:00,580,2020-05-18T00:00:00,576,2020-04-27T00:00:00,576,2020-04-20T00:00:00,0,2009-04-13T00:00:00,46,tmin_cold_in_harvesting
17,bsr,True,2020-04-27T00:00:00|2020-05-04T00:00:00|2020-05-11T00:00:00|2020-05-18T00:00:00,580,2020-05-18T00:00:00,576,2020-04-27T00:00:00,576,2020-04-20T00:00:00,0,2009-04-13T00:00:00,46,tmin_very_cold_in_planting
17,bsr,True,2020-04-27T00:00:00|2020-05-04T00:00:00|2020-05-11T00:00:00|2020-05-18T00:00:00,580,2020-05-18T00:00:00,576,2020-04-27T00:00:00,576,2020-04-20T00:00:00,0,2009-04-13T00:00:00,46,awnd_moderate_high_wind_in_planting
17,bsr,True,2020-04-27T00:00:00|2020-05-04T00:00:00|2020-05-11T00:00:00|2020-05-18T00:00:00,580,2020-05-18T00:00:00,576,2020-04-27T00:00:00,576,2020-04-20T00:00:00,0,2009-04-13T00:00:00,46,awnd_moderate_high_wind_in_harvesting
17,bsr,True,2020-04-27T00:00:00|2020-05-04T00:00:00|2020-05-11T00:00:00|2020-05-18T00:00:00,580,2020-05-18T00:00:00,576,2020-04-27T00:00:00,576,2020-04-20T00:00:00,0,2009-04-13T00:00:00,46,spi_7d_very_dry_in_harvesting
17,bsr,True,2020-04-27T00:00:00|2020-05-04T00:00:00|2020-05-11T00:00:00|2020-05-18T00:00:00,580,2020-05-18T00:00:00,576,2020-04-27T00:00:00,576,2020-04-20T00:00:00,0,2009-04-13T00:00:00,46,pdsi_very_wet_in_planting
17,bsr,True,2020-04-27T00:00:00|2020-05-04T00:00:00|2020-05-11T00:00:00|2020-05-18T00:00:00,580,2020-05-18T00:00:00,576,2020-04-27T00:00:00,576,2020-04-20T00:00:00,0,2009-04-13T00:00:00,46,pdsi_very_wet_in_harvesting
17,bsr,True,2020-04-27T00:00:00|2020-05-04T00:00:00|2020-05-11T00:00:00|2020-05-18T00:00:00,580,2020-05-18T00:00:00,576,2020-04-27T00:00:00,576,2020-04-20T00:00:00,0,2009-04-13T00:00:00,46,pdsi_extreme_drought_in_planting
17,bsr,True,2020-04-27T00:00:00|2020-05-04T00:00:00|2020-05-11T00:00:00|2020-05-18T00:00:00,580,2020-05-18T00:00:00,576,2020-04-27T00:00:00,576,2020-04-20T00:00:00,0,2009-04-13T00:00:00,46,pdsi_severe_drought_in_harvesting
17,bsr,True,2020-06-22T00:00:00|2020-06-29T00:00:00|2020-07-06T00:00:00|2020-07-13T00:00:00,588,2020-07-13T00:00:00,584,2020-06-22T00:00:00,584,2020-06-15T00:00:00,0,2009-04-13T00:00:00,47,wheat_weekly_rv
17,bsr,True,2020-06-22T00:00:00|2020-06-29T00:00:00|2020-07-06T00:00:00|2020-07-13T00:00:00,588,2020-07-13T00:00:00,584,2020-06-22T00:00:00,584,2020-06-15T00:00:00,0,2009-04-13T00:00:00,47,wheat_monthly_rv
17,bsr,True,2020-06-22T00:00:00|2020-06-29T00:00:00|2020-07-06T00:00:00|2020-07-13T00:00:00,588,2020-07-13T00:00:00,584,2020-06-22T00:00:00,584,2020-06-15T00:00:00,0,2009-04-13T00:00:00,47,wheat_seasonal_rv
17,bsr,True,2020-06-22T00:00:00|2020-06-29T00:00:00|2020-07-06T00:00:00|2020-07-13T00:00:00,588,2020-07-13T00:00:00,584,2020-06-22T00:00:00,584,2020-06-15T00:00:00,0,2009-04-13T00:00:00,47,wheat_weekly_rvb
17,bsr,True,2020-06-22T00:00:00|2020-06-29T00:00:00|2020-07-06T00:00:00|2020-07-13T00:00:00,588,2020-07-13T00:00:00,584,2020-06-22T00:00:00,584,2020-06-15T00:00:00,0,2009-04-13T00:00:00,47,ssta_lanina
17,bsr,True,2020-06-22T00:00:00|2020-06-29T00:00:00|2020-07-06T00:00:00|2020-07-13T00:00:00,588,2020-07-13T00:00:00,584,2020-06-22T00:00:00,584,2020-06-15T00:00:00,0,2009-04-13T00:00:00,47,tmax_hot_in_planting
17,bsr,True,2020-06-22T00:00:00|2020-06-29T00:00:00|2020-07-06T00:00:00|2020-07-13T00:00:00,588,2020-07-13T00:00:00,584,2020-06-22T00:00:00,584,2020-06-15T00:00:00,0,2009-04-13T00:00:00,47,tmax_hot_in_harvesting
17,bsr,True,2020-06-22T00:00:00|2020-06-29T00:00:00|2020-07-06T00:00:00|2020-07-13T00:00:00,588,2020-07-13T00:00:00,584,2020-06-22T00:00:00,584,2020-06-15T00:00:00,0,2009-04-13T00:00:00,47,tmax_very_hot_in_planting
17,bsr,True,2020-06-22T00:00:00|2020-06-29T00:00:00|2020-07-06T00:00:00|2020-07-13T00:00:00,588,2020-07-13T00:00:00,584,2020-06-22T00:00:00,584,2020-06-15T00:00:00,0,2009-04-13T00:00:00,47,tmin_cold_in_harvesting
17,bsr,True,2020-06-22T00:00:00|2020-06-29T00:00:00|2020-07-06T00:00:00|2020-07-13T00:00:00,588,2020-07-13T00:00:00,584,2020-06-22T00:00:00,584,2020-06-15T00:00:00,0,2009-04-13T00:00:00,47,tmin_very_cold_in_planting
17,bsr,True,2020-06-22T00:00:00|2020-06-29T00:00:00|2020-07-06T00:00:00|2020-07-13T00:00:00,588,2020-07-13T00:00:00,584,2020-06-22T00:00:00,584,2020-06-15T00:00:00,0,2009-04-13T00:00:00,47,awnd_moderate_high_wind_in_planting
17,bsr,True,2020-06-22T00:00:00|2020-06-29T00:00:00|2020-07-06T00:00:00|2020-07-13T00:00:00,588,2020-07-13T00:00:00,584,2020-06-22T00:00:00,584,2020-06-15T00:00:00,0,2009-04-13T00:00:00,47,awnd_moderate_high_wind_in_harvesting
17,bsr,True,2020-06-22T00:00:00|2020-06-29T00:00:00|2020-07-06T00:00:00|2020-07-13T00:00:00,588,2020-07-13T00:00:00,584,2020-06-22T00:00:00,584,2020-06-15T00:00:00,0,2009-04-13T00:00:00,47,spi_7d_very_dry_in_harvesting
17,bsr,True,2020-06-22T00:00:00|2020-06-29T00:00:00|2020-07-06T00:00:00|2020-07-13T00:00:00,588,2020-07-13T00:00:00,584,2020-06-22T00:00:00,584,2020-06-15T00:00:00,0,2009-04-13T00:00:00,47,pdsi_very_wet_in_planting
17,bsr,True,2020-06-22T00:00:00|2020-06-29T00:00:00|2020-07-06T00:00:00|2020-07-13T00:00:00,588,2020-07-13T00:00:00,584,2020-06-22T00:00:00,584,2020-06-15T00:00:00,0,2009-04-13T00:00:00,47,pdsi_very_wet_in_harvesting
17,bsr,True,2020-06-22T00:00:00|2020-06-29T00:00:00|2020-07-06T00:00:00|2020-07-13T00:00:00,588,2020-07-13T00:00:00,584,2020-06-22T00:00:00,584,2020-06-15T00:00:00,0,2009-04-13T00:00:00,47,pdsi_extreme_drought_in_planting
17,bsr,True,2020-06-22T00:00:00|2020-06-29T00:00:00|2020-07-06T00:00:00|2020-07-13T00:00:00,588,2020-07-13T00:00:00,584,2020-06-22T00:00:00,584,2020-06-15T00:00:00,0,2009-04-13T00:00:00,47,pdsi_severe_drought_in_harvesting
12,bsr,False,2020-08-17T00:00:00|2020-08-24T00:00:00|2020-08-31T00:00:00|2020-09-07T00:00:00,596,2020-09-07T00:00:00,592,2020-08-17T00:00:00,592,2020-08-10T00:00:00,0,2009-04-13T00:00:00,48,wheat_weekly_rv
12,bsr,False,2020-08-17T00:00:00|2020-08-24T00:00:00|2020-08-31T00:00:00|2020-09-07T00:00:00,596,2020-09-07T00:00:00,592,2020-08-17T00:00:00,592,2020-08-10T00:00:00,0,2009-04-13T00:00:00,48,wheat_monthly_rv
12,bsr,False,2020-08-17T00:00:00|2020-08-24T00:00:00|2020-08-31T00:00:00|2020-09-07T00:00:00,596,2020-09-07T00:00:00,592,2020-08-17T00:00:00,592,2020-08-10T00:00:00,0,2009-04-13T00:00:00,48,wheat_seasonal_rv
12,bsr,False,2020-08-17T00:00:00|2020-08-24T00:00:00|2020-08-31T00:00:00|2020-09-07T00:00:00,596,2020-09-07T00:00:00,592,2020-08-17T00:00:00,592,2020-08-10T00:00:00,0,2009-04-13T00:00:00,48,wheat_weekly_rvb
12,bsr,False,2020-08-17T00:00:00|2020-08-24T00:00:00|2020-08-31T00:00:00|2020-09-07T00:00:00,596,2020-09-07T00:00:00,592,2020-08-17T00:00:00,592,2020-08-10T00:00:00,0,2009-04-13T00:00:00,48,ssta_lanina
12,bsr,False,2020-08-17T00:00:00|2020-08-24T00:00:00|2020-08-31T00:00:00|2020-09-07T00:00:00,596,2020-09-07T00:00:00,592,2020-08-17T00:00:00,592,2020-08-10T00:00:00,0,2009-04-13T00:00:00,48,tmax_very_hot_in_harvesting
12,bsr,False,2020-08-17T00:00:00|2020-08-24T00:00:00|2020-08-31T00:00:00|2020-09-07T00:00:00,596,2020-09-07T00:00:00,592,2020-08-17T00:00:00,592,2020-08-10T00:00:00,0,2009-04-13T00:00:00,48,tmin_very_cold_in_planting
12,bsr,False,2020-08-17T00:00:00|2020-08-24T00:00:00|2020-08-31T00:00:00|2020-09-07T00:00:00,596,2020-09-07T00:00:00,592,2020-08-17T00:00:00,592,2020-08-10T00:00:00,0,2009-04-13T00:00:00,48,spi_7d_very_dry_in_harvesting
12,bsr,False,2020-08-17T00:00:00|2020-08-24T00:00:00|2020-08-31T00:00:00|2020-09-07T00:00:00,596,2020-09-07T00:00:00,592,2020-08-17T00:00:00,592,2020-08-10T00:00:00,0,2009-04-13T00:00:00,48,pdsi_very_wet_in_planting
12,bsr,False,2020-08-17T00:00:00|2020-08-24T00:00:00|2020-08-31T00:00:00|2020-09-07T00:00:00,596,2020-09-07T00:00:00,592,2020-08-17T00:00:00,592,2020-08-10T00:00:00,0,2009-04-13T00:00:00,48,pdsi_extreme_wet_in_planting
12,bsr,False,2020-08-17T00:00:00|2020-08-24T00:00:00|2020-08-31T00:00:00|2020-09-07T00:00:00,596,2020-09-07T00:00:00,592,2020-08-17T00:00:00,592,2020-08-10T00:00:00,0,2009-04-13T00:00:00,48,pdsi_extreme_drought_in_planting
12,bsr,False,2020-08-17T00:00:00|2020-08-24T00:00:00|2020-08-31T00:00:00|2020-09-07T00:00:00,596,2020-09-07T00:00:00,592,2020-08-17T00:00:00,592,2020-08-10T00:00:00,0,2009-04-13T00:00:00,48,pdsi_severe_drought_in_harvesting
12,bsr,True,2020-10-12T00:00:00|2020-10-19T00:00:00|2020-10-26T00:00:00|2020-11-02T00:00:00,604,2020-11-02T00:00:00,600,2020-10-12T00:00:00,600,2020-10-05T00:00:00,0,2009-04-13T00:00:00,49,wheat_weekly_rv
12,bsr,True,2020-10-12T00:00:00|2020-10-19T00:00:00|2020-10-26T00:00:00|2020-11-02T00:00:00,604,2020-11-02T00:00:00,600,2020-10-12T00:00:00,600,2020-10-05T00:00:00,0,2009-04-13T00:00:00,49,wheat_monthly_rv
12,bsr,True,2020-10-12T00:00:00|2020-10-19T00:00:00|2020-10-26T00:00:00|2020-11-02T00:00:00,604,2020-11-02T00:00:00,600,2020-10-12T00:00:00,600,2020-10-05T00:00:00,0,2009-04-13T00:00:00,49,wheat_seasonal_rv
12,bsr,True,2020-10-12T00:00:00|2020-10-19T00:00:00|2020-10-26T00:00:00|2020-11-02T00:00:00,604,2020-11-02T00:00:00,600,2020-10-12T00:00:00,600,2020-10-05T00:00:00,0,2009-04-13T00:00:00,49,wheat_weekly_rvb
12,bsr,True,2020-10-12T00:00:00|2020-10-19T00:00:00|2020-10-26T00:00:00|2020-11-02T00:00:00,604,2020-11-02T00:00:00,600,2020-10-12T00:00:00,600,2020-10-05T00:00:00,0,2009-04-13T00:00:00,49,ssta_lanina
12,bsr,True,2020-10-12T00:00:00|2020-10-19T00:00:00|2020-10-26T00:00:00|2020-11-02T00:00:00,604,2020-11-02T00:00:00,600,2020-10-12T00:00:00,600,2020-10-05T00:00:00,0,2009-04-13T00:00:00,49,tmax_very_hot_in_harvesting
12,bsr,True,2020-10-12T00:00:00|2020-10-19T00:00:00|2020-10-26T00:00:00|2020-11-02T00:00:00,604,2020-11-02T00:00:00,600,2020-10-12T00:00:00,600,2020-10-05T00:00:00,0,2009-04-13T00:00:00,49,tmin_very_cold_in_planting
12,bsr,True,2020-10-12T00:00:00|2020-10-19T00:00:00|2020-10-26T00:00:00|2020-11-02T00:00:00,604,2020-11-02T00:00:00,600,2020-10-12T00:00:00,600,2020-10-05T00:00:00,0,2009-04-13T00:00:00,49,spi_7d_very_dry_in_harvesting
12,bsr,True,2020-10-12T00:00:00|2020-10-19T00:00:00|2020-10-26T00:00:00|2020-11-02T00:00:00,604,2020-11-02T00:00:00,600,2020-10-12T00:00:00,600,2020-10-05T00:00:00,0,2009-04-13T00:00:00,49,pdsi_very_wet_in_planting
12,bsr,True,2020-10-12T00:00:00|2020-10-19T00:00:00|2020-10-26T00:00:00|2020-11-02T00:00:00,604,2020-11-02T00:00:00,600,2020-10-12T00:00:00,600,2020-10-05T00:00:00,0,2009-04-13T00:00:00,49,pdsi_extreme_wet_in_planting
12,bsr,True,2020-10-12T00:00:00|2020-10-19T00:00:00|2020-10-26T00:00:00|2020-11-02T00:00:00,604,2020-11-02T00:00:00,600,2020-10-12T00:00:00,600,2020-10-05T00:00:00,0,2009-04-13T00:00:00,49,pdsi_extreme_drought_in_planting
12,bsr,True,2020-10-12T00:00:00|2020-10-19T00:00:00|2020-10-26T00:00:00|2020-11-02T00:00:00,604,2020-11-02T00:00:00,600,2020-10-12T00:00:00,600,2020-10-05T00:00:00,0,2009-04-13T00:00:00,49,pdsi_severe_drought_in_harvesting
12,bsr,True,2020-12-07T00:00:00|2020-12-14T00:00:00|2020-12-21T00:00:00|2020-12-28T00:00:00,612,2020-12-28T00:00:00,608,2020-12-07T00:00:00,608,2020-11-30T00:00:00,0,2009-04-13T00:00:00,50,wheat_weekly_rv
12,bsr,True,2020-12-07T00:00:00|2020-12-14T00:00:00|2020-12-21T00:00:00|2020-12-28T00:00:00,612,2020-12-28T00:00:00,608,2020-12-07T00:00:00,608,2020-11-30T00:00:00,0,2009-04-13T00:00:00,50,wheat_monthly_rv
12,bsr,True,2020-12-07T00:00:00|2020-12-14T00:00:00|2020-12-21T00:00:00|2020-12-28T00:00:00,612,2020-12-28T00:00:00,608,2020-12-07T00:00:00,608,2020-11-30T00:00:00,0,2009-04-13T00:00:00,50,wheat_seasonal_rv
12,bsr,True,2020-12-07T00:00:00|2020-12-14T00:00:00|2020-12-21T00:00:00|2020-12-28T00:00:00,612,2020-12-28T00:00:00,608,2020-12-07T00:00:00,608,2020-11-30T00:00:00,0,2009-04-13T00:00:00,50,wheat_weekly_rvb
12,bsr,True,2020-12-07T00:00:00|2020-12-14T00:00:00|2020-12-21T00:00:00|2020-12-28T00:00:00,612,2020-12-28T00:00:00,608,2020-12-07T00:00:00,608,2020-11-30T00:00:00,0,2009-04-13T00:00:00,50,ssta_lanina
12,bsr,True,2020-12-07T00:00:00|2020-12-14T00:00:00|2020-12-21T00:00:00|2020-12-28T00:00:00,612,2020-12-28T00:00:00,608,2020-12-07T00:00:00,608,2020-11-30T00:00:00,0,2009-04-13T00:00:00,50,tmax_very_hot_in_harvesting
12,bsr,True,2020-12-07T00:00:00|2020-12-14T00:00:00|2020-12-21T00:00:00|2020-12-28T00:00:00,612,2020-12-28T00:00:00,608,2020-12-07T00:00:00,608,2020-11-30T00:00:00,0,2009-04-13T00:00:00,50,tmin_very_cold_in_planting
12,bsr,True,2020-12-07T00:00:00|2020-12-14T00:00:00|2020-12-21T00:00:00|2020-12-28T00:00:00,612,2020-12-28T00:00:00,608,2020-12-07T00:00:00,608,2020-11-30T00:00:00,0,2009-04-13T00:00:00,50,spi_7d_very_dry_in_harvesting
12,bsr,True,2020-12-07T00:00:00|2020-12-14T00:00:00|2020-12-21T00:00:00|2020-12-28T00:00:00,612,2020-12-28T00:00:00,608,2020-12-07T00:00:00,608,2020-11-30T00:00:00,0,2009-04-13T00:00:00,50,pdsi_very_wet_in_planting
12,bsr,True,2020-12-07T00:00:00|2020-12-14T00:00:00|2020-12-21T00:00:00|2020-12-28T00:00:00,612,2020-12-28T00:00:00,608,2020-12-07T00:00:00,608,2020-11-30T00:00:00,0,2009-04-13T00:00:00,50,pdsi_extreme_wet_in_planting
12,bsr,True,2020-12-07T00:00:00|2020-12-14T00:00:00|2020-12-21T00:00:00|2020-12-28T00:00:00,612,2020-12-28T00:00:00,608,2020-12-07T00:00:00,608,2020-11-30T00:00:00,0,2009-04-13T00:00:00,50,pdsi_extreme_drought_in_planting
12,bsr,True,2020-12-07T00:00:00|2020-12-14T00:00:00|2020-12-21T00:00:00|2020-12-28T00:00:00,612,2020-12-28T00:00:00,608,2020-12-07T00:00:00,608,2020-11-30T00:00:00,0,2009-04-13T00:00:00,50,pdsi_severe_drought_in_harvesting
12,bsr,True,2021-02-01T00:00:00|2021-02-08T00:00:00|2021-02-15T00:00:00|2021-02-22T00:00:00,620,2021-02-22T00:00:00,616,2021-02-01T00:00:00,616,2021-01-25T00:00:00,0,2009-04-13T00:00:00,51,wheat_weekly_rv
12,bsr,True,2021-02-01T00:00:00|2021-02-08T00:00:00|2021-02-15T00:00:00|2021-02-22T00:00:00,620,2021-02-22T00:00:00,616,2021-02-01T00:00:00,616,2021-01-25T00:00:00,0,2009-04-13T00:00:00,51,wheat_monthly_rv
12,bsr,True,2021-02-01T00:00:00|2021-02-08T00:00:00|2021-02-15T00:00:00|2021-02-22T00:00:00,620,2021-02-22T00:00:00,616,2021-02-01T00:00:00,616,2021-01-25T00:00:00,0,2009-04-13T00:00:00,51,wheat_seasonal_rv
12,bsr,True,2021-02-01T00:00:00|2021-02-08T00:00:00|2021-02-15T00:00:00|2021-02-22T00:00:00,620,2021-02-22T00:00:00,616,2021-02-01T00:00:00,616,2021-01-25T00:00:00,0,2009-04-13T00:00:00,51,wheat_weekly_rvb
12,bsr,True,2021-02-01T00:00:00|2021-02-08T00:00:00|2021-02-15T00:00:00|2021-02-22T00:00:00,620,2021-02-22T00:00:00,616,2021-02-01T00:00:00,616,2021-01-25T00:00:00,0,2009-04-13T00:00:00,51,ssta_lanina
12,bsr,True,2021-02-01T00:00:00|2021-02-08T00:00:00|2021-02-15T00:00:00|2021-02-22T00:00:00,620,2021-02-22T00:00:00,616,2021-02-01T00:00:00,616,2021-01-25T00:00:00,0,2009-04-13T00:00:00,51,tmax_very_hot_in_harvesting
12,bsr,True,2021-02-01T00:00:00|2021-02-08T00:00:00|2021-02-15T00:00:00|2021-02-22T00:00:00,620,2021-02-22T00:00:00,616,2021-02-01T00:00:00,616,2021-01-25T00:00:00,0,2009-04-13T00:00:00,51,tmin_very_cold_in_planting
12,bsr,True,2021-02-01T00:00:00|2021-02-08T00:00:00|2021-02-15T00:00:00|2021-02-22T00:00:00,620,2021-02-22T00:00:00,616,2021-02-01T00:00:00,616,2021-01-25T00:00:00,0,2009-04-13T00:00:00,51,spi_7d_very_dry_in_harvesting
12,bsr,True,2021-02-01T00:00:00|2021-02-08T00:00:00|2021-02-15T00:00:00|2021-02-22T00:00:00,620,2021-02-22T00:00:00,616,2021-02-01T00:00:00,616,2021-01-25T00:00:00,0,2009-04-13T00:00:00,51,pdsi_very_wet_in_planting
12,bsr,True,2021-02-01T00:00:00|2021-02-08T00:00:00|2021-02-15T00:00:00|2021-02-22T00:00:00,620,2021-02-22T00:00:00,616,2021-02-01T00:00:00,616,2021-01-25T00:00:00,0,2009-04-13T00:00:00,51,pdsi_extreme_wet_in_planting
12,bsr,True,2021-02-01T00:00:00|2021-02-08T00:00:00|2021-02-15T00:00:00|2021-02-22T00:00:00,620,2021-02-22T00:00:00,616,2021-02-01T00:00:00,616,2021-01-25T00:00:00,0,2009-04-13T00:00:00,51,pdsi_extreme_drought_in_planting
12,bsr,True,2021-02-01T00:00:00|2021-02-08T00:00:00|2021-02-15T00:00:00|2021-02-22T00:00:00,620,2021-02-22T00:00:00,616,2021-02-01T00:00:00,616,2021-01-25T00:00:00,0,2009-04-13T00:00:00,51,pdsi_severe_drought_in_harvesting
12,bsr,True,2021-03-29T00:00:00|2021-04-05T00:00:00|2021-04-12T00:00:00|2021-04-19T00:00:00,628,2021-04-19T00:00:00,624,2021-03-29T00:00:00,624,2021-03-22T00:00:00,0,2009-04-13T00:00:00,52,wheat_weekly_rv
12,bsr,True,2021-03-29T00:00:00|2021-04-05T00:00:00|2021-04-12T00:00:00|2021-04-19T00:00:00,628,2021-04-19T00:00:00,624,2021-03-29T00:00:00,624,2021-03-22T00:00:00,0,2009-04-13T00:00:00,52,wheat_monthly_rv
12,bsr,True,2021-03-29T00:00:00|2021-04-05T00:00:00|2021-04-12T00:00:00|2021-04-19T00:00:00,628,2021-04-19T00:00:00,624,2021-03-29T00:00:00,624,2021-03-22T00:00:00,0,2009-04-13T00:00:00,52,wheat_seasonal_rv
12,bsr,True,2021-03-29T00:00:00|2021-04-05T00:00:00|2021-04-12T00:00:00|2021-04-19T00:00:00,628,2021-04-19T00:00:00,624,2021-03-29T00:00:00,624,2021-03-22T00:00:00,0,2009-04-13T00:00:00,52,wheat_weekly_rvb
12,bsr,True,2021-03-29T00:00:00|2021-04-05T00:00:00|2021-04-12T00:00:00|2021-04-19T00:00:00,628,2021-04-19T00:00:00,624,2021-03-29T00:00:00,624,2021-03-22T00:00:00,0,2009-04-13T00:00:00,52,ssta_lanina
12,bsr,True,2021-03-29T00:00:00|2021-04-05T00:00:00|2021-04-12T00:00:00|2021-04-19T00:00:00,628,2021-04-19T00:00:00,624,2021-03-29T00:00:00,624,2021-03-22T00:00:00,0,2009-04-13T00:00:00,52,tmax_very_hot_in_harvesting
12,bsr,True,2021-03-29T00:00:00|2021-04-05T00:00:00|2021-04-12T00:00:00|2021-04-19T00:00:00,628,2021-04-19T00:00:00,624,2021-03-29T00:00:00,624,2021-03-22T00:00:00,0,2009-04-13T00:00:00,52,tmin_very_cold_in_planting
12,bsr,True,2021-03-29T00:00:00|2021-04-05T00:00:00|2021-04-12T00:00:00|2021-04-19T00:00:00,628,2021-04-19T00:00:00,624,2021-03-29T00:00:00,624,2021-03-22T00:00:00,0,2009-04-13T00:00:00,52,spi_7d_very_dry_in_harvesting
12,bsr,True,2021-03-29T00:00:00|2021-04-05T00:00:00|2021-04-12T00:00:00|2021-04-19T00:00:00,628,2021-04-19T00:00:00,624,2021-03-29T00:00:00,624,2021-03-22T00:00:00,0,2009-04-13T00:00:00,52,pdsi_very_wet_in_planting
12,bsr,True,2021-03-29T00:00:00|2021-04-05T00:00:00|2021-04-12T00:00:00|2021-04-19T00:00:00,628,2021-04-19T00:00:00,624,2021-03-29T00:00:00,624,2021-03-22T00:00:00,0,2009-04-13T00:00:00,52,pdsi_extreme_wet_in_planting
12,bsr,True,2021-03-29T00:00:00|2021-04-05T00:00:00|2021-04-12T00:00:00|2021-04-19T00:00:00,628,2021-04-19T00:00:00,624,2021-03-29T00:00:00,624,2021-03-22T00:00:00,0,2009-04-13T00:00:00,52,pdsi_extreme_drought_in_planting
12,bsr,True,2021-03-29T00:00:00|2021-04-05T00:00:00|2021-04-12T00:00:00|2021-04-19T00:00:00,628,2021-04-19T00:00:00,624,2021-03-29T00:00:00,624,2021-03-22T00:00:00,0,2009-04-13T00:00:00,52,pdsi_severe_drought_in_harvesting
12,bsr,True,2021-05-24T00:00:00|2021-05-31T00:00:00|2021-06-07T00:00:00|2021-06-14T00:00:00,636,2021-06-14T00:00:00,632,2021-05-24T00:00:00,632,2021-05-17T00:00:00,0,2009-04-13T00:00:00,53,wheat_weekly_rv
12,bsr,True,2021-05-24T00:00:00|2021-05-31T00:00:00|2021-06-07T00:00:00|2021-06-14T00:00:00,636,2021-06-14T00:00:00,632,2021-05-24T00:00:00,632,2021-05-17T00:00:00,0,2009-04-13T00:00:00,53,wheat_monthly_rv
12,bsr,True,2021-05-24T00:00:00|2021-05-31T00:00:00|2021-06-07T00:00:00|2021-06-14T00:00:00,636,2021-06-14T00:00:00,632,2021-05-24T00:00:00,632,2021-05-17T00:00:00,0,2009-04-13T00:00:00,53,wheat_seasonal_rv
12,bsr,True,2021-05-24T00:00:00|2021-05-31T00:00:00|2021-06-07T00:00:00|2021-06-14T00:00:00,636,2021-06-14T00:00:00,632,2021-05-24T00:00:00,632,2021-05-17T00:00:00,0,2009-04-13T00:00:00,53,wheat_weekly_rvb
12,bsr,True,2021-05-24T00:00:00|2021-05-31T00:00:00|2021-06-07T00:00:00|2021-06-14T00:00:00,636,2021-06-14T00:00:00,632,2021-05-24T00:00:00,632,2021-05-17T00:00:00,0,2009-04-13T00:00:00,53,ssta_lanina
12,bsr,True,2021-05-24T00:00:00|2021-05-31T00:00:00|2021-06-07T00:00:00|2021-06-14T00:00:00,636,2021-06-14T00:00:00,632,2021-05-24T00:00:00,632,2021-05-17T00:00:00,0,2009-04-13T00:00:00,53,tmax_very_hot_in_harvesting
12,bsr,True,2021-05-24T00:00:00|2021-05-31T00:00:00|2021-06-07T00:00:00|2021-06-14T00:00:00,636,2021-06-14T00:00:00,632,2021-05-24T00:00:00,632,2021-05-17T00:00:00,0,2009-04-13T00:00:00,53,tmin_very_cold_in_planting
12,bsr,True,2021-05-24T00:00:00|2021-05-31T00:00:00|2021-06-07T00:00:00|2021-06-14T00:00:00,636,2021-06-14T00:00:00,632,2021-05-24T00:00:00,632,2021-05-17T00:00:00,0,2009-04-13T00:00:00,53,spi_7d_very_dry_in_harvesting
12,bsr,True,2021-05-24T00:00:00|2021-05-31T00:00:00|2021-06-07T00:00:00|2021-06-14T00:00:00,636,2021-06-14T00:00:00,632,2021-05-24T00:00:00,632,2021-05-17T00:00:00,0,2009-04-13T00:00:00,53,pdsi_very_wet_in_planting
12,bsr,True,2021-05-24T00:00:00|2021-05-31T00:00:00|2021-06-07T00:00:00|2021-06-14T00:00:00,636,2021-06-14T00:00:00,632,2021-05-24T00:00:00,632,2021-05-17T00:00:00,0,2009-04-13T00:00:00,53,pdsi_extreme_wet_in_planting
12,bsr,True,2021-05-24T00:00:00|2021-05-31T00:00:00|2021-06-07T00:00:00|2021-06-14T00:00:00,636,2021-06-14T00:00:00,632,2021-05-24T00:00:00,632,2021-05-17T00:00:00,0,2009-04-13T00:00:00,53,pdsi_extreme_drought_in_planting
12,bsr,True,2021-05-24T00:00:00|2021-05-31T00:00:00|2021-06-07T00:00:00|2021-06-14T00:00:00,636,2021-06-14T00:00:00,632,2021-05-24T00:00:00,632,2021-05-17T00:00:00,0,2009-04-13T00:00:00,53,pdsi_severe_drought_in_harvesting
12,bsr,True,2021-07-19T00:00:00|2021-07-26T00:00:00|2021-08-02T00:00:00|2021-08-09T00:00:00,644,2021-08-09T00:00:00,640,2021-07-19T00:00:00,640,2021-07-12T00:00:00,0,2009-04-13T00:00:00,54,wheat_weekly_rv
12,bsr,True,2021-07-19T00:00:00|2021-07-26T00:00:00|2021-08-02T00:00:00|2021-08-09T00:00:00,644,2021-08-09T00:00:00,640,2021-07-19T00:00:00,640,2021-07-12T00:00:00,0,2009-04-13T00:00:00,54,wheat_monthly_rv
12,bsr,True,2021-07-19T00:00:00|2021-07-26T00:00:00|2021-08-02T00:00:00|2021-08-09T00:00:00,644,2021-08-09T00:00:00,640,2021-07-19T00:00:00,640,2021-07-12T00:00:00,0,2009-04-13T00:00:00,54,wheat_seasonal_rv
12,bsr,True,2021-07-19T00:00:00|2021-07-26T00:00:00|2021-08-02T00:00:00|2021-08-09T00:00:00,644,2021-08-09T00:00:00,640,2021-07-19T00:00:00,640,2021-07-12T00:00:00,0,2009-04-13T00:00:00,54,wheat_weekly_rvb
12,bsr,True,2021-07-19T00:00:00|2021-07-26T00:00:00|2021-08-02T00:00:00|2021-08-09T00:00:00,644,2021-08-09T00:00:00,640,2021-07-19T00:00:00,640,2021-07-12T00:00:00,0,2009-04-13T00:00:00,54,ssta_lanina
12,bsr,True,2021-07-19T00:00:00|2021-07-26T00:00:00|2021-08-02T00:00:00|2021-08-09T00:00:00,644,2021-08-09T00:00:00,640,2021-07-19T00:00:00,640,2021-07-12T00:00:00,0,2009-04-13T00:00:00,54,tmax_very_hot_in_harvesting
12,bsr,True,2021-07-19T00:00:00|2021-07-26T00:00:00|2021-08-02T00:00:00|2021-08-09T00:00:00,644,2021-08-09T00:00:00,640,2021-07-19T00:00:00,640,2021-07-12T00:00:00,0,2009-04-13T00:00:00,54,tmin_very_cold_in_planting
12,bsr,True,2021-07-19T00:00:00|2021-07-26T00:00:00|2021-08-02T00:00:00|2021-08-09T00:00:00,644,2021-08-09T00:00:00,640,2021-07-19T00:00:00,640,2021-07-12T00:00:00,0,2009-04-13T00:00:00,54,spi_7d_very_dry_in_harvesting
12,bsr,True,2021-07-19T00:00:00|2021-07-26T00:00:00|2021-08-02T00:00:00|2021-08-09T00:00:00,644,2021-08-09T00:00:00,640,2021-07-19T00:00:00,640,2021-07-12T00:00:00,0,2009-04-13T00:00:00,54,pdsi_very_wet_in_planting
12,bsr,True,2021-07-19T00:00:00|2021-07-26T00:00:00|2021-08-02T00:00:00|2021-08-09T00:00:00,644,2021-08-09T00:00:00,640,2021-07-19T00:00:00,640,2021-07-12T00:00:00,0,2009-04-13T00:00:00,54,pdsi_extreme_wet_in_planting
12,bsr,True,2021-07-19T00:00:00|2021-07-26T00:00:00|2021-08-02T00:00:00|2021-08-09T00:00:00,644,2021-08-09T00:00:00,640,2021-07-19T00:00:00,640,2021-07-12T00:00:00,0,2009-04-13T00:00:00,54,pdsi_extreme_drought_in_planting
12,bsr,True,2021-07-19T00:00:00|2021-07-26T00:00:00|2021-08-02T00:00:00|2021-08-09T00:00:00,644,2021-08-09T00:00:00,640,2021-07-19T00:00:00,640,2021-07-12T00:00:00,0,2009-04-13T00:00:00,54,pdsi_severe_drought_in_harvesting
12,bsr,True,2021-09-13T00:00:00|2021-09-20T00:00:00|2021-09-27T00:00:00|2021-10-04T00:00:00,652,2021-10-04T00:00:00,648,2021-09-13T00:00:00,648,2021-09-06T00:00:00,0,2009-04-13T00:00:00,55,wheat_weekly_rv
12,bsr,True,2021-09-13T00:00:00|2021-09-20T00:00:00|2021-09-27T00:00:00|2021-10-04T00:00:00,652,2021-10-04T00:00:00,648,2021-09-13T00:00:00,648,2021-09-06T00:00:00,0,2009-04-13T00:00:00,55,wheat_monthly_rv
12,bsr,True,2021-09-13T00:00:00|2021-09-20T00:00:00|2021-09-27T00:00:00|2021-10-04T00:00:00,652,2021-10-04T00:00:00,648,2021-09-13T00:00:00,648,2021-09-06T00:00:00,0,2009-04-13T00:00:00,55,wheat_seasonal_rv
12,bsr,True,2021-09-13T00:00:00|2021-09-20T00:00:00|2021-09-27T00:00:00|2021-10-04T00:00:00,652,2021-10-04T00:00:00,648,2021-09-13T00:00:00,648,2021-09-06T00:00:00,0,2009-04-13T00:00:00,55,wheat_weekly_rvb
12,bsr,True,2021-09-13T00:00:00|2021-09-20T00:00:00|2021-09-27T00:00:00|2021-10-04T00:00:00,652,2021-10-04T00:00:00,648,2021-09-13T00:00:00,648,2021-09-06T00:00:00,0,2009-04-13T00:00:00,55,ssta_lanina
12,bsr,True,2021-09-13T00:00:00|2021-09-20T00:00:00|2021-09-27T00:00:00|2021-10-04T00:00:00,652,2021-10-04T00:00:00,648,2021-09-13T00:00:00,648,2021-09-06T00:00:00,0,2009-04-13T00:00:00,55,tmax_very_hot_in_harvesting
12,bsr,True,2021-09-13T00:00:00|2021-09-20T00:00:00|2021-09-27T00:00:00|2021-10-04T00:00:00,652,2021-10-04T00:00:00,648,2021-09-13T00:00:00,648,2021-09-06T00:00:00,0,2009-04-13T00:00:00,55,tmin_very_cold_in_planting
12,bsr,True,2021-09-13T00:00:00|2021-09-20T00:00:00|2021-09-27T00:00:00|2021-10-04T00:00:00,652,2021-10-04T00:00:00,648,2021-09-13T00:00:00,648,2021-09-06T00:00:00,0,2009-04-13T00:00:00,55,spi_7d_very_dry_in_harvesting
12,bsr,True,2021-09-13T00:00:00|2021-09-20T00:00:00|2021-09-27T00:00:00|2021-10-04T00:00:00,652,2021-10-04T00:00:00,648,2021-09-13T00:00:00,648,2021-09-06T00:00:00,0,2009-04-13T00:00:00,55,pdsi_very_wet_in_planting
12,bsr,True,2021-09-13T00:00:00|2021-09-20T00:00:00|2021-09-27T00:00:00|2021-10-04T00:00:00,652,2021-10-04T00:00:00,648,2021-09-13T00:00:00,648,2021-09-06T00:00:00,0,2009-04-13T00:00:00,55,pdsi_extreme_wet_in_planting
12,bsr,True,2021-09-13T00:00:00|2021-09-20T00:00:00|2021-09-27T00:00:00|2021-10-04T00:00:00,652,2021-10-04T00:00:00,648,2021-09-13T00:00:00,648,2021-09-06T00:00:00,0,2009-04-13T00:00:00,55,pdsi_extreme_drought_in_planting
12,bsr,True,2021-09-13T00:00:00|2021-09-20T00:00:00|2021-09-27T00:00:00|2021-10-04T00:00:00,652,2021-10-04T00:00:00,648,2021-09-13T00:00:00,648,2021-09-06T00:00:00,0,2009-04-13T00:00:00,55,pdsi_severe_drought_in_harvesting
12,bsr,False,2021-11-08T00:00:00|2021-11-15T00:00:00|2021-11-22T00:00:00|2021-11-29T00:00:00,660,2021-11-29T00:00:00,656,2021-11-08T00:00:00,656,2021-11-01T00:00:00,0,2009-04-13T00:00:00,56,wheat_weekly_rv
12,bsr,False,2021-11-08T00:00:00|2021-11-15T00:00:00|2021-11-22T00:00:00|2021-11-29T00:00:00,660,2021-11-29T00:00:00,656,2021-11-08T00:00:00,656,2021-11-01T00:00:00,0,2009-04-13T00:00:00,56,wheat_monthly_rv
12,bsr,False,2021-11-08T00:00:00|2021-11-15T00:00:00|2021-11-22T00:00:00|2021-11-29T00:00:00,660,2021-11-29T00:00:00,656,2021-11-08T00:00:00,656,2021-11-01T00:00:00,0,2009-04-13T00:00:00,56,wheat_seasonal_rv
12,bsr,False,2021-11-08T00:00:00|2021-11-15T00:00:00|2021-11-22T00:00:00|2021-11-29T00:00:00,660,2021-11-29T00:00:00,656,2021-11-08T00:00:00,656,2021-11-01T00:00:00,0,2009-04-13T00:00:00,56,wheat_weekly_rvb
12,bsr,False,2021-11-08T00:00:00|2021-11-15T00:00:00|2021-11-22T00:00:00|2021-11-29T00:00:00,660,2021-11-29T00:00:00,656,2021-11-08T00:00:00,656,2021-11-01T00:00:00,0,2009-04-13T00:00:00,56,ssta_lanina
12,bsr,False,2021-11-08T00:00:00|2021-11-15T00:00:00|2021-11-22T00:00:00|2021-11-29T00:00:00,660,2021-11-29T00:00:00,656,2021-11-08T00:00:00,656,2021-11-01T00:00:00,0,2009-04-13T00:00:00,56,tmax_very_hot_in_harvesting
12,bsr,False,2021-11-08T00:00:00|2021-11-15T00:00:00|2021-11-22T00:00:00|2021-11-29T00:00:00,660,2021-11-29T00:00:00,656,2021-11-08T00:00:00,656,2021-11-01T00:00:00,0,2009-04-13T00:00:00,56,tmin_cold_in_harvesting
12,bsr,False,2021-11-08T00:00:00|2021-11-15T00:00:00|2021-11-22T00:00:00|2021-11-29T00:00:00,660,2021-11-29T00:00:00,656,2021-11-08T00:00:00,656,2021-11-01T00:00:00,0,2009-04-13T00:00:00,56,tmin_very_cold_in_planting
12,bsr,False,2021-11-08T00:00:00|2021-11-15T00:00:00|2021-11-22T00:00:00|2021-11-29T00:00:00,660,2021-11-29T00:00:00,656,2021-11-08T00:00:00,656,2021-11-01T00:00:00,0,2009-04-13T00:00:00,56,spi_7d_very_dry_in_harvesting
12,bsr,False,2021-11-08T00:00:00|2021-11-15T00:00:00|2021-11-22T00:00:00|2021-11-29T00:00:00,660,2021-11-29T00:00:00,656,2021-11-08T00:00:00,656,2021-11-01T00:00:00,0,2009-04-13T00:00:00,56,spi_7d_extreme_dry_in_harvesting
12,bsr,False,2021-11-08T00:00:00|2021-11-15T00:00:00|2021-11-22T00:00:00|2021-11-29T00:00:00,660,2021-11-29T00:00:00,656,2021-11-08T00:00:00,656,2021-11-01T00:00:00,0,2009-04-13T00:00:00,56,pdsi_very_wet_in_harvesting
12,bsr,False,2021-11-08T00:00:00|2021-11-15T00:00:00|2021-11-22T00:00:00|2021-11-29T00:00:00,660,2021-11-29T00:00:00,656,2021-11-08T00:00:00,656,2021-11-01T00:00:00,0,2009-04-13T00:00:00,56,pdsi_severe_drought_in_planting
12,bsr,True,2022-01-03T00:00:00|2022-01-10T00:00:00|2022-01-17T00:00:00|2022-01-24T00:00:00,668,2022-01-24T00:00:00,664,2022-01-03T00:00:00,664,2021-12-27T00:00:00,0,2009-04-13T00:00:00,57,wheat_weekly_rv
12,bsr,True,2022-01-03T00:00:00|2022-01-10T00:00:00|2022-01-17T00:00:00|2022-01-24T00:00:00,668,2022-01-24T00:00:00,664,2022-01-03T00:00:00,664,2021-12-27T00:00:00,0,2009-04-13T00:00:00,57,wheat_monthly_rv
12,bsr,True,2022-01-03T00:00:00|2022-01-10T00:00:00|2022-01-17T00:00:00|2022-01-24T00:00:00,668,2022-01-24T00:00:00,664,2022-01-03T00:00:00,664,2021-12-27T00:00:00,0,2009-04-13T00:00:00,57,wheat_seasonal_rv
12,bsr,True,2022-01-03T00:00:00|2022-01-10T00:00:00|2022-01-17T00:00:00|2022-01-24T00:00:00,668,2022-01-24T00:00:00,664,2022-01-03T00:00:00,664,2021-12-27T00:00:00,0,2009-04-13T00:00:00,57,wheat_weekly_rvb
12,bsr,True,2022-01-03T00:00:00|2022-01-10T00:00:00|2022-01-17T00:00:00|2022-01-24T00:00:00,668,2022-01-24T00:00:00,664,2022-01-03T00:00:00,664,2021-12-27T00:00:00,0,2009-04-13T00:00:00,57,ssta_lanina
12,bsr,True,2022-01-03T00:00:00|2022-01-10T00:00:00|2022-01-17T00:00:00|2022-01-24T00:00:00,668,2022-01-24T00:00:00,664,2022-01-03T00:00:00,664,2021-12-27T00:00:00,0,2009-04-13T00:00:00,57,tmax_very_hot_in_harvesting
12,bsr,True,2022-01-03T00:00:00|2022-01-10T00:00:00|2022-01-17T00:00:00|2022-01-24T00:00:00,668,2022-01-24T00:00:00,664,2022-01-03T00:00:00,664,2021-12-27T00:00:00,0,2009-04-13T00:00:00,57,tmin_cold_in_harvesting
12,bsr,True,2022-01-03T00:00:00|2022-01-10T00:00:00|2022-01-17T00:00:00|2022-01-24T00:00:00,668,2022-01-24T00:00:00,664,2022-01-03T00:00:00,664,2021-12-27T00:00:00,0,2009-04-13T00:00:00,57,tmin_very_cold_in_planting
12,bsr,True,2022-01-03T00:00:00|2022-01-10T00:00:00|2022-01-17T00:00:00|2022-01-24T00:00:00,668,2022-01-24T00:00:00,664,2022-01-03T00:00:00,664,2021-12-27T00:00:00,0,2009-04-13T00:00:00,57,spi_7d_very_dry_in_harvesting
12,bsr,True,2022-01-03T00:00:00|2022-01-10T00:00:00|2022-01-17T00:00:00|2022-01-24T00:00:00,668,2022-01-24T00:00:00,664,2022-01-03T00:00:00,664,2021-12-27T00:00:00,0,2009-04-13T00:00:00,57,spi_7d_extreme_dry_in_harvesting
12,bsr,True,2022-01-03T00:00:00|2022-01-10T00:00:00|2022-01-17T00:00:00|2022-01-24T00:00:00,668,2022-01-24T00:00:00,664,2022-01-03T00:00:00,664,2021-12-27T00:00:00,0,2009-04-13T00:00:00,57,pdsi_very_wet_in_harvesting
12,bsr,True,2022-01-03T00:00:00|2022-01-10T00:00:00|2022-01-17T00:00:00|2022-01-24T00:00:00,668,2022-01-24T00:00:00,664,2022-01-03T00:00:00,664,2021-12-27T00:00:00,0,2009-04-13T00:00:00,57,pdsi_severe_drought_in_planting
12,bsr,True,2022-02-28T00:00:00|2022-03-07T00:00:00|2022-03-14T00:00:00|2022-03-21T00:00:00,676,2022-03-21T00:00:00,672,2022-02-28T00:00:00,672,2022-02-21T00:00:00,0,2009-04-13T00:00:00,58,wheat_weekly_rv
12,bsr,True,2022-02-28T00:00:00|2022-03-07T00:00:00|2022-03-14T00:00:00|2022-03-21T00:00:00,676,2022-03-21T00:00:00,672,2022-02-28T00:00:00,672,2022-02-21T00:00:00,0,2009-04-13T00:00:00,58,wheat_monthly_rv
12,bsr,True,2022-02-28T00:00:00|2022-03-07T00:00:00|2022-03-14T00:00:00|2022-03-21T00:00:00,676,2022-03-21T00:00:00,672,2022-02-28T00:00:00,672,2022-02-21T00:00:00,0,2009-04-13T00:00:00,58,wheat_seasonal_rv
12,bsr,True,2022-02-28T00:00:00|2022-03-07T00:00:00|2022-03-14T00:00:00|2022-03-21T00:00:00,676,2022-03-21T00:00:00,672,2022-02-28T00:00:00,672,2022-02-21T00:00:00,0,2009-04-13T00:00:00,58,wheat_weekly_rvb
12,bsr,True,2022-02-28T00:00:00|2022-03-07T00:00:00|2022-03-14T00:00:00|2022-03-21T00:00:00,676,2022-03-21T00:00:00,672,2022-02-28T00:00:00,672,2022-02-21T00:00:00,0,2009-04-13T00:00:00,58,ssta_lanina
12,bsr,True,2022-02-28T00:00:00|2022-03-07T00:00:00|2022-03-14T00:00:00|2022-03-21T00:00:00,676,2022-03-21T00:00:00,672,2022-02-28T00:00:00,672,2022-02-21T00:00:00,0,2009-04-13T00:00:00,58,tmax_very_hot_in_harvesting
12,bsr,True,2022-02-28T00:00:00|2022-03-07T00:00:00|2022-03-14T00:00:00|2022-03-21T00:00:00,676,2022-03-21T00:00:00,672,2022-02-28T00:00:00,672,2022-02-21T00:00:00,0,2009-04-13T00:00:00,58,tmin_cold_in_harvesting
12,bsr,True,2022-02-28T00:00:00|2022-03-07T00:00:00|2022-03-14T00:00:00|2022-03-21T00:00:00,676,2022-03-21T00:00:00,672,2022-02-28T00:00:00,672,2022-02-21T00:00:00,0,2009-04-13T00:00:00,58,tmin_very_cold_in_planting
12,bsr,True,2022-02-28T00:00:00|2022-03-07T00:00:00|2022-03-14T00:00:00|2022-03-21T00:00:00,676,2022-03-21T00:00:00,672,2022-02-28T00:00:00,672,2022-02-21T00:00:00,0,2009-04-13T00:00:00,58,spi_7d_very_dry_in_harvesting
12,bsr,True,2022-02-28T00:00:00|2022-03-07T00:00:00|2022-03-14T00:00:00|2022-03-21T00:00:00,676,2022-03-21T00:00:00,672,2022-02-28T00:00:00,672,2022-02-21T00:00:00,0,2009-04-13T00:00:00,58,spi_7d_extreme_dry_in_harvesting
12,bsr,True,2022-02-28T00:00:00|2022-03-07T00:00:00|2022-03-14T00:00:00|2022-03-21T00:00:00,676,2022-03-21T00:00:00,672,2022-02-28T00:00:00,672,2022-02-21T00:00:00,0,2009-04-13T00:00:00,58,pdsi_very_wet_in_harvesting
12,bsr,True,2022-02-28T00:00:00|2022-03-07T00:00:00|2022-03-14T00:00:00|2022-03-21T00:00:00,676,2022-03-21T00:00:00,672,2022-02-28T00:00:00,672,2022-02-21T00:00:00,0,2009-04-13T00:00:00,58,pdsi_severe_drought_in_planting
12,bsr,True,2022-04-25T00:00:00|2022-05-02T00:00:00|2022-05-09T00:00:00|2022-05-16T00:00:00,684,2022-05-16T00:00:00,680,2022-04-25T00:00:00,680,2022-04-18T00:00:00,0,2009-04-13T00:00:00,59,wheat_weekly_rv
12,bsr,True,2022-04-25T00:00:00|2022-05-02T00:00:00|2022-05-09T00:00:00|2022-05-16T00:00:00,684,2022-05-16T00:00:00,680,2022-04-25T00:00:00,680,2022-04-18T00:00:00,0,2009-04-13T00:00:00,59,wheat_monthly_rv
12,bsr,True,2022-04-25T00:00:00|2022-05-02T00:00:00|2022-05-09T00:00:00|2022-05-16T00:00:00,684,2022-05-16T00:00:00,680,2022-04-25T00:00:00,680,2022-04-18T00:00:00,0,2009-04-13T00:00:00,59,wheat_seasonal_rv
12,bsr,True,2022-04-25T00:00:00|2022-05-02T00:00:00|2022-05-09T00:00:00|2022-05-16T00:00:00,684,2022-05-16T00:00:00,680,2022-04-25T00:00:00,680,2022-04-18T00:00:00,0,2009-04-13T00:00:00,59,wheat_weekly_rvb
12,bsr,True,2022-04-25T00:00:00|2022-05-02T00:00:00|2022-05-09T00:00:00|2022-05-16T00:00:00,684,2022-05-16T00:00:00,680,2022-04-25T00:00:00,680,2022-04-18T00:00:00,0,2009-04-13T00:00:00,59,ssta_lanina
12,bsr,True,2022-04-25T00:00:00|2022-05-02T00:00:00|2022-05-09T00:00:00|2022-05-16T00:00:00,684,2022-05-16T00:00:00,680,2022-04-25T00:00:00,680,2022-04-18T00:00:00,0,2009-04-13T00:00:00,59,tmax_very_hot_in_harvesting
12,bsr,True,2022-04-25T00:00:00|2022-05-02T00:00:00|2022-05-09T00:00:00|2022-05-16T00:00:00,684,2022-05-16T00:00:00,680,2022-04-25T00:00:00,680,2022-04-18T00:00:00,0,2009-04-13T00:00:00,59,tmin_cold_in_harvesting
12,bsr,True,2022-04-25T00:00:00|2022-05-02T00:00:00|2022-05-09T00:00:00|2022-05-16T00:00:00,684,2022-05-16T00:00:00,680,2022-04-25T00:00:00,680,2022-04-18T00:00:00,0,2009-04-13T00:00:00,59,tmin_very_cold_in_planting
12,bsr,True,2022-04-25T00:00:00|2022-05-02T00:00:00|2022-05-09T00:00:00|2022-05-16T00:00:00,684,2022-05-16T00:00:00,680,2022-04-25T00:00:00,680,2022-04-18T00:00:00,0,2009-04-13T00:00:00,59,spi_7d_very_dry_in_harvesting
12,bsr,True,2022-04-25T00:00:00|2022-05-02T00:00:00|2022-05-09T00:00:00|2022-05-16T00:00:00,684,2022-05-16T00:00:00,680,2022-04-25T00:00:00,680,2022-04-18T00:00:00,0,2009-04-13T00:00:00,59,spi_7d_extreme_dry_in_harvesting
12,bsr,True,2022-04-25T00:00:00|2022-05-02T00:00:00|2022-05-09T00:00:00|2022-05-16T00:00:00,684,2022-05-16T00:00:00,680,2022-04-25T00:00:00,680,2022-04-18T00:00:00,0,2009-04-13T00:00:00,59,pdsi_very_wet_in_harvesting
12,bsr,True,2022-04-25T00:00:00|2022-05-02T00:00:00|2022-05-09T00:00:00|2022-05-16T00:00:00,684,2022-05-16T00:00:00,680,2022-04-25T00:00:00,680,2022-04-18T00:00:00,0,2009-04-13T00:00:00,59,pdsi_severe_drought_in_planting
12,bsr,True,2022-06-20T00:00:00|2022-06-27T00:00:00|2022-07-04T00:00:00|2022-07-11T00:00:00,692,2022-07-11T00:00:00,688,2022-06-20T00:00:00,688,2022-06-13T00:00:00,0,2009-04-13T00:00:00,60,wheat_weekly_rv
12,bsr,True,2022-06-20T00:00:00|2022-06-27T00:00:00|2022-07-04T00:00:00|2022-07-11T00:00:00,692,2022-07-11T00:00:00,688,2022-06-20T00:00:00,688,2022-06-13T00:00:00,0,2009-04-13T00:00:00,60,wheat_monthly_rv
12,bsr,True,2022-06-20T00:00:00|2022-06-27T00:00:00|2022-07-04T00:00:00|2022-07-11T00:00:00,692,2022-07-11T00:00:00,688,2022-06-20T00:00:00,688,2022-06-13T00:00:00,0,2009-04-13T00:00:00,60,wheat_seasonal_rv
12,bsr,True,2022-06-20T00:00:00|2022-06-27T00:00:00|2022-07-04T00:00:00|2022-07-11T00:00:00,692,2022-07-11T00:00:00,688,2022-06-20T00:00:00,688,2022-06-13T00:00:00,0,2009-04-13T00:00:00,60,wheat_weekly_rvb
12,bsr,True,2022-06-20T00:00:00|2022-06-27T00:00:00|2022-07-04T00:00:00|2022-07-11T00:00:00,692,2022-07-11T00:00:00,688,2022-06-20T00:00:00,688,2022-06-13T00:00:00,0,2009-04-13T00:00:00,60,ssta_lanina
12,bsr,True,2022-06-20T00:00:00|2022-06-27T00:00:00|2022-07-04T00:00:00|2022-07-11T00:00:00,692,2022-07-11T00:00:00,688,2022-06-20T00:00:00,688,2022-06-13T00:00:00,0,2009-04-13T00:00:00,60,tmax_very_hot_in_harvesting
12,bsr,True,2022-06-20T00:00:00|2022-06-27T00:00:00|2022-07-04T00:00:00|2022-07-11T00:00:00,692,2022-07-11T00:00:00,688,2022-06-20T00:00:00,688,2022-06-13T00:00:00,0,2009-04-13T00:00:00,60,tmin_cold_in_harvesting
12,bsr,True,2022-06-20T00:00:00|2022-06-27T00:00:00|2022-07-04T00:00:00|2022-07-11T00:00:00,692,2022-07-11T00:00:00,688,2022-06-20T00:00:00,688,2022-06-13T00:00:00,0,2009-04-13T00:00:00,60,tmin_very_cold_in_planting
12,bsr,True,2022-06-20T00:00:00|2022-06-27T00:00:00|2022-07-04T00:00:00|2022-07-11T00:00:00,692,2022-07-11T00:00:00,688,2022-06-20T00:00:00,688,2022-06-13T00:00:00,0,2009-04-13T00:00:00,60,spi_7d_very_dry_in_harvesting
12,bsr,True,2022-06-20T00:00:00|2022-06-27T00:00:00|2022-07-04T00:00:00|2022-07-11T00:00:00,692,2022-07-11T00:00:00,688,2022-06-20T00:00:00,688,2022-06-13T00:00:00,0,2009-04-13T00:00:00,60,spi_7d_extreme_dry_in_harvesting
12,bsr,True,2022-06-20T00:00:00|2022-06-27T00:00:00|2022-07-04T00:00:00|2022-07-11T00:00:00,692,2022-07-11T00:00:00,688,2022-06-20T00:00:00,688,2022-06-13T00:00:00,0,2009-04-13T00:00:00,60,pdsi_very_wet_in_harvesting
12,bsr,True,2022-06-20T00:00:00|2022-06-27T00:00:00|2022-07-04T00:00:00|2022-07-11T00:00:00,692,2022-07-11T00:00:00,688,2022-06-20T00:00:00,688,2022-06-13T00:00:00,0,2009-04-13T00:00:00,60,pdsi_severe_drought_in_planting
12,bsr,True,2022-08-15T00:00:00|2022-08-22T00:00:00|2022-08-29T00:00:00|2022-09-05T00:00:00,700,2022-09-05T00:00:00,696,2022-08-15T00:00:00,696,2022-08-08T00:00:00,0,2009-04-13T00:00:00,61,wheat_weekly_rv
12,bsr,True,2022-08-15T00:00:00|2022-08-22T00:00:00|2022-08-29T00:00:00|2022-09-05T00:00:00,700,2022-09-05T00:00:00,696,2022-08-15T00:00:00,696,2022-08-08T00:00:00,0,2009-04-13T00:00:00,61,wheat_monthly_rv
12,bsr,True,2022-08-15T00:00:00|2022-08-22T00:00:00|2022-08-29T00:00:00|2022-09-05T00:00:00,700,2022-09-05T00:00:00,696,2022-08-15T00:00:00,696,2022-08-08T00:00:00,0,2009-04-13T00:00:00,61,wheat_seasonal_rv
12,bsr,True,2022-08-15T00:00:00|2022-08-22T00:00:00|2022-08-29T00:00:00|2022-09-05T00:00:00,700,2022-09-05T00:00:00,696,2022-08-15T00:00:00,696,2022-08-08T00:00:00,0,2009-04-13T00:00:00,61,wheat_weekly_rvb
12,bsr,True,2022-08-15T00:00:00|2022-08-22T00:00:00|2022-08-29T00:00:00|2022-09-05T00:00:00,700,2022-09-05T00:00:00,696,2022-08-15T00:00:00,696,2022-08-08T00:00:00,0,2009-04-13T00:00:00,61,ssta_lanina
12,bsr,True,2022-08-15T00:00:00|2022-08-22T00:00:00|2022-08-29T00:00:00|2022-09-05T00:00:00,700,2022-09-05T00:00:00,696,2022-08-15T00:00:00,696,2022-08-08T00:00:00,0,2009-04-13T00:00:00,61,tmax_very_hot_in_harvesting
12,bsr,True,2022-08-15T00:00:00|2022-08-22T00:00:00|2022-08-29T00:00:00|2022-09-05T00:00:00,700,2022-09-05T00:00:00,696,2022-08-15T00:00:00,696,2022-08-08T00:00:00,0,2009-04-13T00:00:00,61,tmin_cold_in_harvesting
12,bsr,True,2022-08-15T00:00:00|2022-08-22T00:00:00|2022-08-29T00:00:00|2022-09-05T00:00:00,700,2022-09-05T00:00:00,696,2022-08-15T00:00:00,696,2022-08-08T00:00:00,0,2009-04-13T00:00:00,61,tmin_very_cold_in_planting
12,bsr,True,2022-08-15T00:00:00|2022-08-22T00:00:00|2022-08-29T00:00:00|2022-09-05T00:00:00,700,2022-09-05T00:00:00,696,2022-08-15T00:00:00,696,2022-08-08T00:00:00,0,2009-04-13T00:00:00,61,spi_7d_very_dry_in_harvesting
12,bsr,True,2022-08-15T00:00:00|2022-08-22T00:00:00|2022-08-29T00:00:00|2022-09-05T00:00:00,700,2022-09-05T00:00:00,696,2022-08-15T00:00:00,696,2022-08-08T00:00:00,0,2009-04-13T00:00:00,61,spi_7d_extreme_dry_in_harvesting
12,bsr,True,2022-08-15T00:00:00|2022-08-22T00:00:00|2022-08-29T00:00:00|2022-09-05T00:00:00,700,2022-09-05T00:00:00,696,2022-08-15T00:00:00,696,2022-08-08T00:00:00,0,2009-04-13T00:00:00,61,pdsi_very_wet_in_harvesting
12,bsr,True,2022-08-15T00:00:00|2022-08-22T00:00:00|2022-08-29T00:00:00|2022-09-05T00:00:00,700,2022-09-05T00:00:00,696,2022-08-15T00:00:00,696,2022-08-08T00:00:00,0,2009-04-13T00:00:00,61,pdsi_severe_drought_in_planting
12,bsr,True,2022-10-10T00:00:00|2022-10-17T00:00:00|2022-10-24T00:00:00|2022-10-31T00:00:00,708,2022-10-31T00:00:00,704,2022-10-10T00:00:00,704,2022-10-03T00:00:00,0,2009-04-13T00:00:00,62,wheat_weekly_rv
12,bsr,True,2022-10-10T00:00:00|2022-10-17T00:00:00|2022-10-24T00:00:00|2022-10-31T00:00:00,708,2022-10-31T00:00:00,704,2022-10-10T00:00:00,704,2022-10-03T00:00:00,0,2009-04-13T00:00:00,62,wheat_monthly_rv
12,bsr,True,2022-10-10T00:00:00|2022-10-17T00:00:00|2022-10-24T00:00:00|2022-10-31T00:00:00,708,2022-10-31T00:00:00,704,2022-10-10T00:00:00,704,2022-10-03T00:00:00,0,2009-04-13T00:00:00,62,wheat_seasonal_rv
12,bsr,True,2022-10-10T00:00:00|2022-10-17T00:00:00|2022-10-24T00:00:00|2022-10-31T00:00:00,708,2022-10-31T00:00:00,704,2022-10-10T00:00:00,704,2022-10-03T00:00:00,0,2009-04-13T00:00:00,62,wheat_weekly_rvb
12,bsr,True,2022-10-10T00:00:00|2022-10-17T00:00:00|2022-10-24T00:00:00|2022-10-31T00:00:00,708,2022-10-31T00:00:00,704,2022-10-10T00:00:00,704,2022-10-03T00:00:00,0,2009-04-13T00:00:00,62,ssta_lanina
12,bsr,True,2022-10-10T00:00:00|2022-10-17T00:00:00|2022-10-24T00:00:00|2022-10-31T00:00:00,708,2022-10-31T00:00:00,704,2022-10-10T00:00:00,704,2022-10-03T00:00:00,0,2009-04-13T00:00:00,62,tmax_very_hot_in_harvesting
12,bsr,True,2022-10-10T00:00:00|2022-10-17T00:00:00|2022-10-24T00:00:00|2022-10-31T00:00:00,708,2022-10-31T00:00:00,704,2022-10-10T00:00:00,704,2022-10-03T00:00:00,0,2009-04-13T00:00:00,62,tmin_cold_in_harvesting
12,bsr,True,2022-10-10T00:00:00|2022-10-17T00:00:00|2022-10-24T00:00:00|2022-10-31T00:00:00,708,2022-10-31T00:00:00,704,2022-10-10T00:00:00,704,2022-10-03T00:00:00,0,2009-04-13T00:00:00,62,tmin_very_cold_in_planting
12,bsr,True,2022-10-10T00:00:00|2022-10-17T00:00:00|2022-10-24T00:00:00|2022-10-31T00:00:00,708,2022-10-31T00:00:00,704,2022-10-10T00:00:00,704,2022-10-03T00:00:00,0,2009-04-13T00:00:00,62,spi_7d_very_dry_in_harvesting
12,bsr,True,2022-10-10T00:00:00|2022-10-17T00:00:00|2022-10-24T00:00:00|2022-10-31T00:00:00,708,2022-10-31T00:00:00,704,2022-10-10T00:00:00,704,2022-10-03T00:00:00,0,2009-04-13T00:00:00,62,spi_7d_extreme_dry_in_harvesting
12,bsr,True,2022-10-10T00:00:00|2022-10-17T00:00:00|2022-10-24T00:00:00|2022-10-31T00:00:00,708,2022-10-31T00:00:00,704,2022-10-10T00:00:00,704,2022-10-03T00:00:00,0,2009-04-13T00:00:00,62,pdsi_very_wet_in_harvesting
12,bsr,True,2022-10-10T00:00:00|2022-10-17T00:00:00|2022-10-24T00:00:00|2022-10-31T00:00:00,708,2022-10-31T00:00:00,704,2022-10-10T00:00:00,704,2022-10-03T00:00:00,0,2009-04-13T00:00:00,62,pdsi_severe_drought_in_planting
12,bsr,True,2022-12-05T00:00:00|2022-12-12T00:00:00|2022-12-19T00:00:00|2022-12-26T00:00:00,716,2022-12-26T00:00:00,712,2022-12-05T00:00:00,712,2022-11-28T00:00:00,0,2009-04-13T00:00:00,63,wheat_weekly_rv
12,bsr,True,2022-12-05T00:00:00|2022-12-12T00:00:00|2022-12-19T00:00:00|2022-12-26T00:00:00,716,2022-12-26T00:00:00,712,2022-12-05T00:00:00,712,2022-11-28T00:00:00,0,2009-04-13T00:00:00,63,wheat_monthly_rv
12,bsr,True,2022-12-05T00:00:00|2022-12-12T00:00:00|2022-12-19T00:00:00|2022-12-26T00:00:00,716,2022-12-26T00:00:00,712,2022-12-05T00:00:00,712,2022-11-28T00:00:00,0,2009-04-13T00:00:00,63,wheat_seasonal_rv
12,bsr,True,2022-12-05T00:00:00|2022-12-12T00:00:00|2022-12-19T00:00:00|2022-12-26T00:00:00,716,2022-12-26T00:00:00,712,2022-12-05T00:00:00,712,2022-11-28T00:00:00,0,2009-04-13T00:00:00,63,wheat_weekly_rvb
12,bsr,True,2022-12-05T00:00:00|2022-12-12T00:00:00|2022-12-19T00:00:00|2022-12-26T00:00:00,716,2022-12-26T00:00:00,712,2022-12-05T00:00:00,712,2022-11-28T00:00:00,0,2009-04-13T00:00:00,63,ssta_lanina
12,bsr,True,2022-12-05T00:00:00|2022-12-12T00:00:00|2022-12-19T00:00:00|2022-12-26T00:00:00,716,2022-12-26T00:00:00,712,2022-12-05T00:00:00,712,2022-11-28T00:00:00,0,2009-04-13T00:00:00,63,tmax_very_hot_in_harvesting
12,bsr,True,2022-12-05T00:00:00|2022-12-12T00:00:00|2022-12-19T00:00:00|2022-12-26T00:00:00,716,2022-12-26T00:00:00,712,2022-12-05T00:00:00,712,2022-11-28T00:00:00,0,2009-04-13T00:00:00,63,tmin_cold_in_harvesting
12,bsr,True,2022-12-05T00:00:00|2022-12-12T00:00:00|2022-12-19T00:00:00|2022-12-26T00:00:00,716,2022-12-26T00:00:00,712,2022-12-05T00:00:00,712,2022-11-28T00:00:00,0,2009-04-13T00:00:00,63,tmin_very_cold_in_planting
12,bsr,True,2022-12-05T00:00:00|2022-12-12T00:00:00|2022-12-19T00:00:00|2022-12-26T00:00:00,716,2022-12-26T00:00:00,712,2022-12-05T00:00:00,712,2022-11-28T00:00:00,0,2009-04-13T00:00:00,63,spi_7d_very_dry_in_harvesting
12,bsr,True,2022-12-05T00:00:00|2022-12-12T00:00:00|2022-12-19T00:00:00|2022-12-26T00:00:00,716,2022-12-26T00:00:00,712,2022-12-05T00:00:00,712,2022-11-28T00:00:00,0,2009-04-13T00:00:00,63,spi_7d_extreme_dry_in_harvesting
12,bsr,True,2022-12-05T00:00:00|2022-12-12T00:00:00|2022-12-19T00:00:00|2022-12-26T00:00:00,716,2022-12-26T00:00:00,712,2022-12-05T00:00:00,712,2022-11-28T00:00:00,0,2009-04-13T00:00:00,63,pdsi_very_wet_in_harvesting
12,bsr,True,2022-12-05T00:00:00|2022-12-12T00:00:00|2022-12-19T00:00:00|2022-12-26T00:00:00,716,2022-12-26T00:00:00,712,2022-12-05T00:00:00,712,2022-11-28T00:00:00,0,2009-04-13T00:00:00,63,pdsi_severe_drought_in_planting
13,bsr,False,2023-01-30T00:00:00|2023-02-06T00:00:00|2023-02-13T00:00:00|2023-02-20T00:00:00,724,2023-02-20T00:00:00,720,2023-01-30T00:00:00,720,2023-01-23T00:00:00,0,2009-04-13T00:00:00,64,wheat_weekly_rv
13,bsr,False,2023-01-30T00:00:00|2023-02-06T00:00:00|2023-02-13T00:00:00|2023-02-20T00:00:00,724,2023-02-20T00:00:00,720,2023-01-30T00:00:00,720,2023-01-23T00:00:00,0,2009-04-13T00:00:00,64,wheat_monthly_rv
13,bsr,False,2023-01-30T00:00:00|2023-02-06T00:00:00|2023-02-13T00:00:00|2023-02-20T00:00:00,724,2023-02-20T00:00:00,720,2023-01-30T00:00:00,720,2023-01-23T00:00:00,0,2009-04-13T00:00:00,64,wheat_seasonal_rv
13,bsr,False,2023-01-30T00:00:00|2023-02-06T00:00:00|2023-02-13T00:00:00|2023-02-20T00:00:00,724,2023-02-20T00:00:00,720,2023-01-30T00:00:00,720,2023-01-23T00:00:00,0,2009-04-13T00:00:00,64,ssta_lanina
13,bsr,False,2023-01-30T00:00:00|2023-02-06T00:00:00|2023-02-13T00:00:00|2023-02-20T00:00:00,724,2023-02-20T00:00:00,720,2023-01-30T00:00:00,720,2023-01-23T00:00:00,0,2009-04-13T00:00:00,64,tmax_very_hot_in_harvesting
13,bsr,False,2023-01-30T00:00:00|2023-02-06T00:00:00|2023-02-13T00:00:00|2023-02-20T00:00:00,724,2023-02-20T00:00:00,720,2023-01-30T00:00:00,720,2023-01-23T00:00:00,0,2009-04-13T00:00:00,64,tmin_cold_in_harvesting
13,bsr,False,2023-01-30T00:00:00|2023-02-06T00:00:00|2023-02-13T00:00:00|2023-02-20T00:00:00,724,2023-02-20T00:00:00,720,2023-01-30T00:00:00,720,2023-01-23T00:00:00,0,2009-04-13T00:00:00,64,tmin_very_cold_in_planting
13,bsr,False,2023-01-30T00:00:00|2023-02-06T00:00:00|2023-02-13T00:00:00|2023-02-20T00:00:00,724,2023-02-20T00:00:00,720,2023-01-30T00:00:00,720,2023-01-23T00:00:00,0,2009-04-13T00:00:00,64,awnd_extreme_high_wind_in_planting
13,bsr,False,2023-01-30T00:00:00|2023-02-06T00:00:00|2023-02-13T00:00:00|2023-02-20T00:00:00,724,2023-02-20T00:00:00,720,2023-01-30T00:00:00,720,2023-01-23T00:00:00,0,2009-04-13T00:00:00,64,spi_7d_very_dry_in_harvesting
13,bsr,False,2023-01-30T00:00:00|2023-02-06T00:00:00|2023-02-13T00:00:00|2023-02-20T00:00:00,724,2023-02-20T00:00:00,720,2023-01-30T00:00:00,720,2023-01-23T00:00:00,0,2009-04-13T00:00:00,64,spi_7d_extreme_dry_in_harvesting
13,bsr,False,2023-01-30T00:00:00|2023-02-06T00:00:00|2023-02-13T00:00:00|2023-02-20T00:00:00,724,2023-02-20T00:00:00,720,2023-01-30T00:00:00,720,2023-01-23T00:00:00,0,2009-04-13T00:00:00,64,pdsi_very_wet_in_planting
13,bsr,False,2023-01-30T00:00:00|2023-02-06T00:00:00|2023-02-13T00:00:00|2023-02-20T00:00:00,724,2023-02-20T00:00:00,720,2023-01-30T00:00:00,720,2023-01-23T00:00:00,0,2009-04-13T00:00:00,64,pdsi_extreme_wet_in_planting
13,bsr,False,2023-01-30T00:00:00|2023-02-06T00:00:00|2023-02-13T00:00:00|2023-02-20T00:00:00,724,2023-02-20T00:00:00,720,2023-01-30T00:00:00,720,2023-01-23T00:00:00,0,2009-04-13T00:00:00,64,pdsi_severe_drought_in_planting
13,bsr,True,2023-03-27T00:00:00|2023-04-03T00:00:00|2023-04-10T00:00:00|2023-04-17T00:00:00,732,2023-04-17T00:00:00,728,2023-03-27T00:00:00,728,2023-03-20T00:00:00,0,2009-04-13T00:00:00,65,wheat_weekly_rv
13,bsr,True,2023-03-27T00:00:00|2023-04-03T00:00:00|2023-04-10T00:00:00|2023-04-17T00:00:00,732,2023-04-17T00:00:00,728,2023-03-27T00:00:00,728,2023-03-20T00:00:00,0,2009-04-13T00:00:00,65,wheat_monthly_rv
13,bsr,True,2023-03-27T00:00:00|2023-04-03T00:00:00|2023-04-10T00:00:00|2023-04-17T00:00:00,732,2023-04-17T00:00:00,728,2023-03-27T00:00:00,728,2023-03-20T00:00:00,0,2009-04-13T00:00:00,65,wheat_seasonal_rv
13,bsr,True,2023-03-27T00:00:00|2023-04-03T00:00:00|2023-04-10T00:00:00|2023-04-17T00:00:00,732,2023-04-17T00:00:00,728,2023-03-27T00:00:00,728,2023-03-20T00:00:00,0,2009-04-13T00:00:00,65,ssta_lanina
13,bsr,True,2023-03-27T00:00:00|2023-04-03T00:00:00|2023-04-10T00:00:00|2023-04-17T00:00:00,732,2023-04-17T00:00:00,728,2023-03-27T00:00:00,728,2023-03-20T00:00:00,0,2009-04-13T00:00:00,65,tmax_very_hot_in_harvesting
13,bsr,True,2023-03-27T00:00:00|2023-04-03T00:00:00|2023-04-10T00:00:00|2023-04-17T00:00:00,732,2023-04-17T00:00:00,728,2023-03-27T00:00:00,728,2023-03-20T00:00:00,0,2009-04-13T00:00:00,65,tmin_cold_in_harvesting
13,bsr,True,2023-03-27T00:00:00|2023-04-03T00:00:00|2023-04-10T00:00:00|2023-04-17T00:00:00,732,2023-04-17T00:00:00,728,2023-03-27T00:00:00,728,2023-03-20T00:00:00,0,2009-04-13T00:00:00,65,tmin_very_cold_in_planting
13,bsr,True,2023-03-27T00:00:00|2023-04-03T00:00:00|2023-04-10T00:00:00|2023-04-17T00:00:00,732,2023-04-17T00:00:00,728,2023-03-27T00:00:00,728,2023-03-20T00:00:00,0,2009-04-13T00:00:00,65,awnd_extreme_high_wind_in_planting
13,bsr,True,2023-03-27T00:00:00|2023-04-03T00:00:00|2023-04-10T00:00:00|2023-04-17T00:00:00,732,2023-04-17T00:00:00,728,2023-03-27T00:00:00,728,2023-03-20T00:00:00,0,2009-04-13T00:00:00,65,spi_7d_very_dry_in_harvesting
13,bsr,True,2023-03-27T00:00:00|2023-04-03T00:00:00|2023-04-10T00:00:00|2023-04-17T00:00:00,732,2023-04-17T00:00:00,728,2023-03-27T00:00:00,728,2023-03-20T00:00:00,0,2009-04-13T00:00:00,65,spi_7d_extreme_dry_in_harvesting
13,bsr,True,2023-03-27T00:00:00|2023-04-03T00:00:00|2023-04-10T00:00:00|2023-04-17T00:00:00,732,2023-04-17T00:00:00,728,2023-03-27T00:00:00,728,2023-03-20T00:00:00,0,2009-04-13T00:00:00,65,pdsi_very_wet_in_planting
13,bsr,True,2023-03-27T00:00:00|2023-04-03T00:00:00|2023-04-10T00:00:00|2023-04-17T00:00:00,732,2023-04-17T00:00:00,728,2023-03-27T00:00:00,728,2023-03-20T00:00:00,0,2009-04-13T00:00:00,65,pdsi_extreme_wet_in_planting
13,bsr,True,2023-03-27T00:00:00|2023-04-03T00:00:00|2023-04-10T00:00:00|2023-04-17T00:00:00,732,2023-04-17T00:00:00,728,2023-03-27T00:00:00,728,2023-03-20T00:00:00,0,2009-04-13T00:00:00,65,pdsi_severe_drought_in_planting
13,bsr,True,2023-05-22T00:00:00|2023-05-29T00:00:00|2023-06-05T00:00:00|2023-06-12T00:00:00,740,2023-06-12T00:00:00,736,2023-05-22T00:00:00,736,2023-05-15T00:00:00,0,2009-04-13T00:00:00,66,wheat_weekly_rv
13,bsr,True,2023-05-22T00:00:00|2023-05-29T00:00:00|2023-06-05T00:00:00|2023-06-12T00:00:00,740,2023-06-12T00:00:00,736,2023-05-22T00:00:00,736,2023-05-15T00:00:00,0,2009-04-13T00:00:00,66,wheat_monthly_rv
13,bsr,True,2023-05-22T00:00:00|2023-05-29T00:00:00|2023-06-05T00:00:00|2023-06-12T00:00:00,740,2023-06-12T00:00:00,736,2023-05-22T00:00:00,736,2023-05-15T00:00:00,0,2009-04-13T00:00:00,66,wheat_seasonal_rv
13,bsr,True,2023-05-22T00:00:00|2023-05-29T00:00:00|2023-06-05T00:00:00|2023-06-12T00:00:00,740,2023-06-12T00:00:00,736,2023-05-22T00:00:00,736,2023-05-15T00:00:00,0,2009-04-13T00:00:00,66,ssta_lanina
13,bsr,True,2023-05-22T00:00:00|2023-05-29T00:00:00|2023-06-05T00:00:00|2023-06-12T00:00:00,740,2023-06-12T00:00:00,736,2023-05-22T00:00:00,736,2023-05-15T00:00:00,0,2009-04-13T00:00:00,66,tmax_very_hot_in_harvesting
13,bsr,True,2023-05-22T00:00:00|2023-05-29T00:00:00|2023-06-05T00:00:00|2023-06-12T00:00:00,740,2023-06-12T00:00:00,736,2023-05-22T00:00:00,736,2023-05-15T00:00:00,0,2009-04-13T00:00:00,66,tmin_cold_in_harvesting
13,bsr,True,2023-05-22T00:00:00|2023-05-29T00:00:00|2023-06-05T00:00:00|2023-06-12T00:00:00,740,2023-06-12T00:00:00,736,2023-05-22T00:00:00,736,2023-05-15T00:00:00,0,2009-04-13T00:00:00,66,tmin_very_cold_in_planting
13,bsr,True,2023-05-22T00:00:00|2023-05-29T00:00:00|2023-06-05T00:00:00|2023-06-12T00:00:00,740,2023-06-12T00:00:00,736,2023-05-22T00:00:00,736,2023-05-15T00:00:00,0,2009-04-13T00:00:00,66,awnd_extreme_high_wind_in_planting
13,bsr,True,2023-05-22T00:00:00|2023-05-29T00:00:00|2023-06-05T00:00:00|2023-06-12T00:00:00,740,2023-06-12T00:00:00,736,2023-05-22T00:00:00,736,2023-05-15T00:00:00,0,2009-04-13T00:00:00,66,spi_7d_very_dry_in_harvesting
13,bsr,True,2023-05-22T00:00:00|2023-05-29T00:00:00|2023-06-05T00:00:00|2023-06-12T00:00:00,740,2023-06-12T00:00:00,736,2023-05-22T00:00:00,736,2023-05-15T00:00:00,0,2009-04-13T00:00:00,66,spi_7d_extreme_dry_in_harvesting
13,bsr,True,2023-05-22T00:00:00|2023-05-29T00:00:00|2023-06-05T00:00:00|2023-06-12T00:00:00,740,2023-06-12T00:00:00,736,2023-05-22T00:00:00,736,2023-05-15T00:00:00,0,2009-04-13T00:00:00,66,pdsi_very_wet_in_planting
13,bsr,True,2023-05-22T00:00:00|2023-05-29T00:00:00|2023-06-05T00:00:00|2023-06-12T00:00:00,740,2023-06-12T00:00:00,736,2023-05-22T00:00:00,736,2023-05-15T00:00:00,0,2009-04-13T00:00:00,66,pdsi_extreme_wet_in_planting
13,bsr,True,2023-05-22T00:00:00|2023-05-29T00:00:00|2023-06-05T00:00:00|2023-06-12T00:00:00,740,2023-06-12T00:00:00,736,2023-05-22T00:00:00,736,2023-05-15T00:00:00,0,2009-04-13T00:00:00,66,pdsi_severe_drought_in_planting
13,bsr,True,2023-07-17T00:00:00|2023-07-24T00:00:00|2023-07-31T00:00:00|2023-08-07T00:00:00,748,2023-08-07T00:00:00,744,2023-07-17T00:00:00,744,2023-07-10T00:00:00,0,2009-04-13T00:00:00,67,wheat_weekly_rv
13,bsr,True,2023-07-17T00:00:00|2023-07-24T00:00:00|2023-07-31T00:00:00|2023-08-07T00:00:00,748,2023-08-07T00:00:00,744,2023-07-17T00:00:00,744,2023-07-10T00:00:00,0,2009-04-13T00:00:00,67,wheat_monthly_rv
13,bsr,True,2023-07-17T00:00:00|2023-07-24T00:00:00|2023-07-31T00:00:00|2023-08-07T00:00:00,748,2023-08-07T00:00:00,744,2023-07-17T00:00:00,744,2023-07-10T00:00:00,0,2009-04-13T00:00:00,67,wheat_seasonal_rv
13,bsr,True,2023-07-17T00:00:00|2023-07-24T00:00:00|2023-07-31T00:00:00|2023-08-07T00:00:00,748,2023-08-07T00:00:00,744,2023-07-17T00:00:00,744,2023-07-10T00:00:00,0,2009-04-13T00:00:00,67,ssta_lanina
13,bsr,True,2023-07-17T00:00:00|2023-07-24T00:00:00|2023-07-31T00:00:00|2023-08-07T00:00:00,748,2023-08-07T00:00:00,744,2023-07-17T00:00:00,744,2023-07-10T00:00:00,0,2009-04-13T00:00:00,67,tmax_very_hot_in_harvesting
13,bsr,True,2023-07-17T00:00:00|2023-07-24T00:00:00|2023-07-31T00:00:00|2023-08-07T00:00:00,748,2023-08-07T00:00:00,744,2023-07-17T00:00:00,744,2023-07-10T00:00:00,0,2009-04-13T00:00:00,67,tmin_cold_in_harvesting
13,bsr,True,2023-07-17T00:00:00|2023-07-24T00:00:00|2023-07-31T00:00:00|2023-08-07T00:00:00,748,2023-08-07T00:00:00,744,2023-07-17T00:00:00,744,2023-07-10T00:00:00,0,2009-04-13T00:00:00,67,tmin_very_cold_in_planting
13,bsr,True,2023-07-17T00:00:00|2023-07-24T00:00:00|2023-07-31T00:00:00|2023-08-07T00:00:00,748,2023-08-07T00:00:00,744,2023-07-17T00:00:00,744,2023-07-10T00:00:00,0,2009-04-13T00:00:00,67,awnd_extreme_high_wind_in_planting
13,bsr,True,2023-07-17T00:00:00|2023-07-24T00:00:00|2023-07-31T00:00:00|2023-08-07T00:00:00,748,2023-08-07T00:00:00,744,2023-07-17T00:00:00,744,2023-07-10T00:00:00,0,2009-04-13T00:00:00,67,spi_7d_very_dry_in_harvesting
13,bsr,True,2023-07-17T00:00:00|2023-07-24T00:00:00|2023-07-31T00:00:00|2023-08-07T00:00:00,748,2023-08-07T00:00:00,744,2023-07-17T00:00:00,744,2023-07-10T00:00:00,0,2009-04-13T00:00:00,67,spi_7d_extreme_dry_in_harvesting
13,bsr,True,2023-07-17T00:00:00|2023-07-24T00:00:00|2023-07-31T00:00:00|2023-08-07T00:00:00,748,2023-08-07T00:00:00,744,2023-07-17T00:00:00,744,2023-07-10T00:00:00,0,2009-04-13T00:00:00,67,pdsi_very_wet_in_planting
13,bsr,True,2023-07-17T00:00:00|2023-07-24T00:00:00|2023-07-31T00:00:00|2023-08-07T00:00:00,748,2023-08-07T00:00:00,744,2023-07-17T00:00:00,744,2023-07-10T00:00:00,0,2009-04-13T00:00:00,67,pdsi_extreme_wet_in_planting
13,bsr,True,2023-07-17T00:00:00|2023-07-24T00:00:00|2023-07-31T00:00:00|2023-08-07T00:00:00,748,2023-08-07T00:00:00,744,2023-07-17T00:00:00,744,2023-07-10T00:00:00,0,2009-04-13T00:00:00,67,pdsi_severe_drought_in_planting
13,bsr,True,2023-09-11T00:00:00|2023-09-18T00:00:00|2023-09-25T00:00:00|2023-10-02T00:00:00,756,2023-10-02T00:00:00,752,2023-09-11T00:00:00,752,2023-09-04T00:00:00,0,2009-04-13T00:00:00,68,wheat_weekly_rv
13,bsr,True,2023-09-11T00:00:00|2023-09-18T00:00:00|2023-09-25T00:00:00|2023-10-02T00:00:00,756,2023-10-02T00:00:00,752,2023-09-11T00:00:00,752,2023-09-04T00:00:00,0,2009-04-13T00:00:00,68,wheat_monthly_rv
13,bsr,True,2023-09-11T00:00:00|2023-09-18T00:00:00|2023-09-25T00:00:00|2023-10-02T00:00:00,756,2023-10-02T00:00:00,752,2023-09-11T00:00:00,752,2023-09-04T00:00:00,0,2009-04-13T00:00:00,68,wheat_seasonal_rv
13,bsr,True,2023-09-11T00:00:00|2023-09-18T00:00:00|2023-09-25T00:00:00|2023-10-02T00:00:00,756,2023-10-02T00:00:00,752,2023-09-11T00:00:00,752,2023-09-04T00:00:00,0,2009-04-13T00:00:00,68,ssta_lanina
13,bsr,True,2023-09-11T00:00:00|2023-09-18T00:00:00|2023-09-25T00:00:00|2023-10-02T00:00:00,756,2023-10-02T00:00:00,752,2023-09-11T00:00:00,752,2023-09-04T00:00:00,0,2009-04-13T00:00:00,68,tmax_very_hot_in_harvesting
13,bsr,True,2023-09-11T00:00:00|2023-09-18T00:00:00|2023-09-25T00:00:00|2023-10-02T00:00:00,756,2023-10-02T00:00:00,752,2023-09-11T00:00:00,752,2023-09-04T00:00:00,0,2009-04-13T00:00:00,68,tmin_cold_in_harvesting
13,bsr,True,2023-09-11T00:00:00|2023-09-18T00:00:00|2023-09-25T00:00:00|2023-10-02T00:00:00,756,2023-10-02T00:00:00,752,2023-09-11T00:00:00,752,2023-09-04T00:00:00,0,2009-04-13T00:00:00,68,tmin_very_cold_in_planting
13,bsr,True,2023-09-11T00:00:00|2023-09-18T00:00:00|2023-09-25T00:00:00|2023-10-02T00:00:00,756,2023-10-02T00:00:00,752,2023-09-11T00:00:00,752,2023-09-04T00:00:00,0,2009-04-13T00:00:00,68,awnd_extreme_high_wind_in_planting
13,bsr,True,2023-09-11T00:00:00|2023-09-18T00:00:00|2023-09-25T00:00:00|2023-10-02T00:00:00,756,2023-10-02T00:00:00,752,2023-09-11T00:00:00,752,2023-09-04T00:00:00,0,2009-04-13T00:00:00,68,spi_7d_very_dry_in_harvesting
13,bsr,True,2023-09-11T00:00:00|2023-09-18T00:00:00|2023-09-25T00:00:00|2023-10-02T00:00:00,756,2023-10-02T00:00:00,752,2023-09-11T00:00:00,752,2023-09-04T00:00:00,0,2009-04-13T00:00:00,68,spi_7d_extreme_dry_in_harvesting
13,bsr,True,2023-09-11T00:00:00|2023-09-18T00:00:00|2023-09-25T00:00:00|2023-10-02T00:00:00,756,2023-10-02T00:00:00,752,2023-09-11T00:00:00,752,2023-09-04T00:00:00,0,2009-04-13T00:00:00,68,pdsi_very_wet_in_planting
13,bsr,True,2023-09-11T00:00:00|2023-09-18T00:00:00|2023-09-25T00:00:00|2023-10-02T00:00:00,756,2023-10-02T00:00:00,752,2023-09-11T00:00:00,752,2023-09-04T00:00:00,0,2009-04-13T00:00:00,68,pdsi_extreme_wet_in_planting
13,bsr,True,2023-09-11T00:00:00|2023-09-18T00:00:00|2023-09-25T00:00:00|2023-10-02T00:00:00,756,2023-10-02T00:00:00,752,2023-09-11T00:00:00,752,2023-09-04T00:00:00,0,2009-04-13T00:00:00,68,pdsi_severe_drought_in_planting
13,bsr,True,2023-11-06T00:00:00|2023-11-13T00:00:00|2023-11-20T00:00:00|2023-11-27T00:00:00,764,2023-11-27T00:00:00,760,2023-11-06T00:00:00,760,2023-10-30T00:00:00,0,2009-04-13T00:00:00,69,wheat_weekly_rv
13,bsr,True,2023-11-06T00:00:00|2023-11-13T00:00:00|2023-11-20T00:00:00|2023-11-27T00:00:00,764,2023-11-27T00:00:00,760,2023-11-06T00:00:00,760,2023-10-30T00:00:00,0,2009-04-13T00:00:00,69,wheat_monthly_rv
13,bsr,True,2023-11-06T00:00:00|2023-11-13T00:00:00|2023-11-20T00:00:00|2023-11-27T00:00:00,764,2023-11-27T00:00:00,760,2023-11-06T00:00:00,760,2023-10-30T00:00:00,0,2009-04-13T00:00:00,69,wheat_seasonal_rv
13,bsr,True,2023-11-06T00:00:00|2023-11-13T00:00:00|2023-11-20T00:00:00|2023-11-27T00:00:00,764,2023-11-27T00:00:00,760,2023-11-06T00:00:00,760,2023-10-30T00:00:00,0,2009-04-13T00:00:00,69,ssta_lanina
13,bsr,True,2023-11-06T00:00:00|2023-11-13T00:00:00|2023-11-20T00:00:00|2023-11-27T00:00:00,764,2023-11-27T00:00:00,760,2023-11-06T00:00:00,760,2023-10-30T00:00:00,0,2009-04-13T00:00:00,69,tmax_very_hot_in_harvesting
13,bsr,True,2023-11-06T00:00:00|2023-11-13T00:00:00|2023-11-20T00:00:00|2023-11-27T00:00:00,764,2023-11-27T00:00:00,760,2023-11-06T00:00:00,760,2023-10-30T00:00:00,0,2009-04-13T00:00:00,69,tmin_cold_in_harvesting
13,bsr,True,2023-11-06T00:00:00|2023-11-13T00:00:00|2023-11-20T00:00:00|2023-11-27T00:00:00,764,2023-11-27T00:00:00,760,2023-11-06T00:00:00,760,2023-10-30T00:00:00,0,2009-04-13T00:00:00,69,tmin_very_cold_in_planting
13,bsr,True,2023-11-06T00:00:00|2023-11-13T00:00:00|2023-11-20T00:00:00|2023-11-27T00:00:00,764,2023-11-27T00:00:00,760,2023-11-06T00:00:00,760,2023-10-30T00:00:00,0,2009-04-13T00:00:00,69,awnd_extreme_high_wind_in_planting
13,bsr,True,2023-11-06T00:00:00|2023-11-13T00:00:00|2023-11-20T00:00:00|2023-11-27T00:00:00,764,2023-11-27T00:00:00,760,2023-11-06T00:00:00,760,2023-10-30T00:00:00,0,2009-04-13T00:00:00,69,spi_7d_very_dry_in_harvesting
13,bsr,True,2023-11-06T00:00:00|2023-11-13T00:00:00|2023-11-20T00:00:00|2023-11-27T00:00:00,764,2023-11-27T00:00:00,760,2023-11-06T00:00:00,760,2023-10-30T00:00:00,0,2009-04-13T00:00:00,69,spi_7d_extreme_dry_in_harvesting
13,bsr,True,2023-11-06T00:00:00|2023-11-13T00:00:00|2023-11-20T00:00:00|2023-11-27T00:00:00,764,2023-11-27T00:00:00,760,2023-11-06T00:00:00,760,2023-10-30T00:00:00,0,2009-04-13T00:00:00,69,pdsi_very_wet_in_planting
13,bsr,True,2023-11-06T00:00:00|2023-11-13T00:00:00|2023-11-20T00:00:00|2023-11-27T00:00:00,764,2023-11-27T00:00:00,760,2023-11-06T00:00:00,760,2023-10-30T00:00:00,0,2009-04-13T00:00:00,69,pdsi_extreme_wet_in_planting
13,bsr,True,2023-11-06T00:00:00|2023-11-13T00:00:00|2023-11-20T00:00:00|2023-11-27T00:00:00,764,2023-11-27T00:00:00,760,2023-11-06T00:00:00,760,2023-10-30T00:00:00,0,2009-04-13T00:00:00,69,pdsi_severe_drought_in_planting
13,bsr,True,2024-01-01T00:00:00|2024-01-08T00:00:00|2024-01-15T00:00:00|2024-01-22T00:00:00,772,2024-01-22T00:00:00,768,2024-01-01T00:00:00,768,2023-12-25T00:00:00,0,2009-04-13T00:00:00,70,wheat_weekly_rv
13,bsr,True,2024-01-01T00:00:00|2024-01-08T00:00:00|2024-01-15T00:00:00|2024-01-22T00:00:00,772,2024-01-22T00:00:00,768,2024-01-01T00:00:00,768,2023-12-25T00:00:00,0,2009-04-13T00:00:00,70,wheat_monthly_rv
13,bsr,True,2024-01-01T00:00:00|2024-01-08T00:00:00|2024-01-15T00:00:00|2024-01-22T00:00:00,772,2024-01-22T00:00:00,768,2024-01-01T00:00:00,768,2023-12-25T00:00:00,0,2009-04-13T00:00:00,70,wheat_seasonal_rv
13,bsr,True,2024-01-01T00:00:00|2024-01-08T00:00:00|2024-01-15T00:00:00|2024-01-22T00:00:00,772,2024-01-22T00:00:00,768,2024-01-01T00:00:00,768,2023-12-25T00:00:00,0,2009-04-13T00:00:00,70,ssta_lanina
13,bsr,True,2024-01-01T00:00:00|2024-01-08T00:00:00|2024-01-15T00:00:00|2024-01-22T00:00:00,772,2024-01-22T00:00:00,768,2024-01-01T00:00:00,768,2023-12-25T00:00:00,0,2009-04-13T00:00:00,70,tmax_very_hot_in_harvesting
13,bsr,True,2024-01-01T00:00:00|2024-01-08T00:00:00|2024-01-15T00:00:00|2024-01-22T00:00:00,772,2024-01-22T00:00:00,768,2024-01-01T00:00:00,768,2023-12-25T00:00:00,0,2009-04-13T00:00:00,70,tmin_cold_in_harvesting
13,bsr,True,2024-01-01T00:00:00|2024-01-08T00:00:00|2024-01-15T00:00:00|2024-01-22T00:00:00,772,2024-01-22T00:00:00,768,2024-01-01T00:00:00,768,2023-12-25T00:00:00,0,2009-04-13T00:00:00,70,tmin_very_cold_in_planting
13,bsr,True,2024-01-01T00:00:00|2024-01-08T00:00:00|2024-01-15T00:00:00|2024-01-22T00:00:00,772,2024-01-22T00:00:00,768,2024-01-01T00:00:00,768,2023-12-25T00:00:00,0,2009-04-13T00:00:00,70,awnd_extreme_high_wind_in_planting
13,bsr,True,2024-01-01T00:00:00|2024-01-08T00:00:00|2024-01-15T00:00:00|2024-01-22T00:00:00,772,2024-01-22T00:00:00,768,2024-01-01T00:00:00,768,2023-12-25T00:00:00,0,2009-04-13T00:00:00,70,spi_7d_very_dry_in_harvesting
13,bsr,True,2024-01-01T00:00:00|2024-01-08T00:00:00|2024-01-15T00:00:00|2024-01-22T00:00:00,772,2024-01-22T00:00:00,768,2024-01-01T00:00:00,768,2023-12-25T00:00:00,0,2009-04-13T00:00:00,70,spi_7d_extreme_dry_in_harvesting
13,bsr,True,2024-01-01T00:00:00|2024-01-08T00:00:00|2024-01-15T00:00:00|2024-01-22T00:00:00,772,2024-01-22T00:00:00,768,2024-01-01T00:00:00,768,2023-12-25T00:00:00,0,2009-04-13T00:00:00,70,pdsi_very_wet_in_planting
13,bsr,True,2024-01-01T00:00:00|2024-01-08T00:00:00|2024-01-15T00:00:00|2024-01-22T00:00:00,772,2024-01-22T00:00:00,768,2024-01-01T00:00:00,768,2023-12-25T00:00:00,0,2009-04-13T00:00:00,70,pdsi_extreme_wet_in_planting
13,bsr,True,2024-01-01T00:00:00|2024-01-08T00:00:00|2024-01-15T00:00:00|2024-01-22T00:00:00,772,2024-01-22T00:00:00,768,2024-01-01T00:00:00,768,2023-12-25T00:00:00,0,2009-04-13T00:00:00,70,pdsi_severe_drought_in_planting
13,bsr,True,2024-02-26T00:00:00|2024-03-04T00:00:00|2024-03-11T00:00:00|2024-03-18T00:00:00,780,2024-03-18T00:00:00,776,2024-02-26T00:00:00,776,2024-02-19T00:00:00,0,2009-04-13T00:00:00,71,wheat_weekly_rv
13,bsr,True,2024-02-26T00:00:00|2024-03-04T00:00:00|2024-03-11T00:00:00|2024-03-18T00:00:00,780,2024-03-18T00:00:00,776,2024-02-26T00:00:00,776,2024-02-19T00:00:00,0,2009-04-13T00:00:00,71,wheat_monthly_rv
13,bsr,True,2024-02-26T00:00:00|2024-03-04T00:00:00|2024-03-11T00:00:00|2024-03-18T00:00:00,780,2024-03-18T00:00:00,776,2024-02-26T00:00:00,776,2024-02-19T00:00:00,0,2009-04-13T00:00:00,71,wheat_seasonal_rv
13,bsr,True,2024-02-26T00:00:00|2024-03-04T00:00:00|2024-03-11T00:00:00|2024-03-18T00:00:00,780,2024-03-18T00:00:00,776,2024-02-26T00:00:00,776,2024-02-19T00:00:00,0,2009-04-13T00:00:00,71,ssta_lanina
13,bsr,True,2024-02-26T00:00:00|2024-03-04T00:00:00|2024-03-11T00:00:00|2024-03-18T00:00:00,780,2024-03-18T00:00:00,776,2024-02-26T00:00:00,776,2024-02-19T00:00:00,0,2009-04-13T00:00:00,71,tmax_very_hot_in_harvesting
13,bsr,True,2024-02-26T00:00:00|2024-03-04T00:00:00|2024-03-11T00:00:00|2024-03-18T00:00:00,780,2024-03-18T00:00:00,776,2024-02-26T00:00:00,776,2024-02-19T00:00:00,0,2009-04-13T00:00:00,71,tmin_cold_in_harvesting
13,bsr,True,2024-02-26T00:00:00|2024-03-04T00:00:00|2024-03-11T00:00:00|2024-03-18T00:00:00,780,2024-03-18T00:00:00,776,2024-02-26T00:00:00,776,2024-02-19T00:00:00,0,2009-04-13T00:00:00,71,tmin_very_cold_in_planting
13,bsr,True,2024-02-26T00:00:00|2024-03-04T00:00:00|2024-03-11T00:00:00|2024-03-18T00:00:00,780,2024-03-18T00:00:00,776,2024-02-26T00:00:00,776,2024-02-19T00:00:00,0,2009-04-13T00:00:00,71,awnd_extreme_high_wind_in_planting
13,bsr,True,2024-02-26T00:00:00|2024-03-04T00:00:00|2024-03-11T00:00:00|2024-03-18T00:00:00,780,2024-03-18T00:00:00,776,2024-02-26T00:00:00,776,2024-02-19T00:00:00,0,2009-04-13T00:00:00,71,spi_7d_very_dry_in_harvesting
13,bsr,True,2024-02-26T00:00:00|2024-03-04T00:00:00|2024-03-11T00:00:00|2024-03-18T00:00:00,780,2024-03-18T00:00:00,776,2024-02-26T00:00:00,776,2024-02-19T00:00:00,0,2009-04-13T00:00:00,71,spi_7d_extreme_dry_in_harvesting
13,bsr,True,2024-02-26T00:00:00|2024-03-04T00:00:00|2024-03-11T00:00:00|2024-03-18T00:00:00,780,2024-03-18T00:00:00,776,2024-02-26T00:00:00,776,2024-02-19T00:00:00,0,2009-04-13T00:00:00,71,pdsi_very_wet_in_planting
13,bsr,True,2024-02-26T00:00:00|2024-03-04T00:00:00|2024-03-11T00:00:00|2024-03-18T00:00:00,780,2024-03-18T00:00:00,776,2024-02-26T00:00:00,776,2024-02-19T00:00:00,0,2009-04-13T00:00:00,71,pdsi_extreme_wet_in_planting
13,bsr,True,2024-02-26T00:00:00|2024-03-04T00:00:00|2024-03-11T00:00:00|2024-03-18T00:00:00,780,2024-03-18T00:00:00,776,2024-02-26T00:00:00,776,2024-02-19T00:00:00,0,2009-04-13T00:00:00,71,pdsi_severe_drought_in_planting
8,bsr,False,2024-04-22T00:00:00|2024-04-29T00:00:00|2024-05-06T00:00:00|2024-05-13T00:00:00,788,2024-05-13T00:00:00,784,2024-04-22T00:00:00,784,2024-04-15T00:00:00,0,2009-04-13T00:00:00,72,wheat_weekly_rv
8,bsr,False,2024-04-22T00:00:00|2024-04-29T00:00:00|2024-05-06T00:00:00|2024-05-13T00:00:00,788,2024-05-13T00:00:00,784,2024-04-22T00:00:00,784,2024-04-15T00:00:00,0,2009-04-13T00:00:00,72,wheat_monthly_rv
8,bsr,False,2024-04-22T00:00:00|2024-04-29T00:00:00|2024-05-06T00:00:00|2024-05-13T00:00:00,788,2024-05-13T00:00:00,784,2024-04-22T00:00:00,784,2024-04-15T00:00:00,0,2009-04-13T00:00:00,72,wheat_seasonal_rv
8,bsr,False,2024-04-22T00:00:00|2024-04-29T00:00:00|2024-05-06T00:00:00|2024-05-13T00:00:00,788,2024-05-13T00:00:00,784,2024-04-22T00:00:00,784,2024-04-15T00:00:00,0,2009-04-13T00:00:00,72,wheat_weekly_rvb
8,bsr,False,2024-04-22T00:00:00|2024-04-29T00:00:00|2024-05-06T00:00:00|2024-05-13T00:00:00,788,2024-05-13T00:00:00,784,2024-04-22T00:00:00,784,2024-04-15T00:00:00,0,2009-04-13T00:00:00,72,ssta_lanina
8,bsr,False,2024-04-22T00:00:00|2024-04-29T00:00:00|2024-05-06T00:00:00|2024-05-13T00:00:00,788,2024-05-13T00:00:00,784,2024-04-22T00:00:00,784,2024-04-15T00:00:00,0,2009-04-13T00:00:00,72,tmax_hot_in_harvesting
8,bsr,False,2024-04-22T00:00:00|2024-04-29T00:00:00|2024-05-06T00:00:00|2024-05-13T00:00:00,788,2024-05-13T00:00:00,784,2024-04-22T00:00:00,784,2024-04-15T00:00:00,0,2009-04-13T00:00:00,72,tmin_very_cold_in_planting
8,bsr,False,2024-04-22T00:00:00|2024-04-29T00:00:00|2024-05-06T00:00:00|2024-05-13T00:00:00,788,2024-05-13T00:00:00,784,2024-04-22T00:00:00,784,2024-04-15T00:00:00,0,2009-04-13T00:00:00,72,pdsi_severe_drought_in_planting
8,bsr,True,2024-06-17T00:00:00|2024-06-24T00:00:00|2024-07-01T00:00:00|2024-07-08T00:00:00,796,2024-07-08T00:00:00,792,2024-06-17T00:00:00,792,2024-06-10T00:00:00,0,2009-04-13T00:00:00,73,wheat_weekly_rv
8,bsr,True,2024-06-17T00:00:00|2024-06-24T00:00:00|2024-07-01T00:00:00|2024-07-08T00:00:00,796,2024-07-08T00:00:00,792,2024-06-17T00:00:00,792,2024-06-10T00:00:00,0,2009-04-13T00:00:00,73,wheat_monthly_rv
8,bsr,True,2024-06-17T00:00:00|2024-06-24T00:00:00|2024-07-01T00:00:00|2024-07-08T00:00:00,796,2024-07-08T00:00:00,792,2024-06-17T00:00:00,792,2024-06-10T00:00:00,0,2009-04-13T00:00:00,73,wheat_seasonal_rv
8,bsr,True,2024-06-17T00:00:00|2024-06-24T00:00:00|2024-07-01T00:00:00|2024-07-08T00:00:00,796,2024-07-08T00:00:00,792,2024-06-17T00:00:00,792,2024-06-10T00:00:00,0,2009-04-13T00:00:00,73,wheat_weekly_rvb
8,bsr,True,2024-06-17T00:00:00|2024-06-24T00:00:00|2024-07-01T00:00:00|2024-07-08T00:00:00,796,2024-07-08T00:00:00,792,2024-06-17T00:00:00,792,2024-06-10T00:00:00,0,2009-04-13T00:00:00,73,ssta_lanina
8,bsr,True,2024-06-17T00:00:00|2024-06-24T00:00:00|2024-07-01T00:00:00|2024-07-08T00:00:00,796,2024-07-08T00:00:00,792,2024-06-17T00:00:00,792,2024-06-10T00:00:00,0,2009-04-13T00:00:00,73,tmax_hot_in_harvesting
8,bsr,True,2024-06-17T00:00:00|2024-06-24T00:00:00|2024-07-01T00:00:00|2024-07-08T00:00:00,796,2024-07-08T00:00:00,792,2024-06-17T00:00:00,792,2024-06-10T00:00:00,0,2009-04-13T00:00:00,73,tmin_very_cold_in_planting
8,bsr,True,2024-06-17T00:00:00|2024-06-24T00:00:00|2024-07-01T00:00:00|2024-07-08T00:00:00,796,2024-07-08T00:00:00,792,2024-06-17T00:00:00,792,2024-06-10T00:00:00,0,2009-04-13T00:00:00,73,pdsi_severe_drought_in_planting
8,bsr,True,2024-08-12T00:00:00|2024-08-19T00:00:00|2024-08-26T00:00:00|2024-09-02T00:00:00,804,2024-09-02T00:00:00,800,2024-08-12T00:00:00,800,2024-08-05T00:00:00,0,2009-04-13T00:00:00,74,wheat_weekly_rv
8,bsr,True,2024-08-12T00:00:00|2024-08-19T00:00:00|2024-08-26T00:00:00|2024-09-02T00:00:00,804,2024-09-02T00:00:00,800,2024-08-12T00:00:00,800,2024-08-05T00:00:00,0,2009-04-13T00:00:00,74,wheat_monthly_rv
8,bsr,True,2024-08-12T00:00:00|2024-08-19T00:00:00|2024-08-26T00:00:00|2024-09-02T00:00:00,804,2024-09-02T00:00:00,800,2024-08-12T00:00:00,800,2024-08-05T00:00:00,0,2009-04-13T00:00:00,74,wheat_seasonal_rv
8,bsr,True,2024-08-12T00:00:00|2024-08-19T00:00:00|2024-08-26T00:00:00|2024-09-02T00:00:00,804,2024-09-02T00:00:00,800,2024-08-12T00:00:00,800,2024-08-05T00:00:00,0,2009-04-13T00:00:00,74,wheat_weekly_rvb
8,bsr,True,2024-08-12T00:00:00|2024-08-19T00:00:00|2024-08-26T00:00:00|2024-09-02T00:00:00,804,2024-09-02T00:00:00,800,2024-08-12T00:00:00,800,2024-08-05T00:00:00,0,2009-04-13T00:00:00,74,ssta_lanina
8,bsr,True,2024-08-12T00:00:00|2024-08-19T00:00:00|2024-08-26T00:00:00|2024-09-02T00:00:00,804,2024-09-02T00:00:00,800,2024-08-12T00:00:00,800,2024-08-05T00:00:00,0,2009-04-13T00:00:00,74,tmax_hot_in_harvesting
8,bsr,True,2024-08-12T00:00:00|2024-08-19T00:00:00|2024-08-26T00:00:00|2024-09-02T00:00:00,804,2024-09-02T00:00:00,800,2024-08-12T00:00:00,800,2024-08-05T00:00:00,0,2009-04-13T00:00:00,74,tmin_very_cold_in_planting
8,bsr,True,2024-08-12T00:00:00|2024-08-19T00:00:00|2024-08-26T00:00:00|2024-09-02T00:00:00,804,2024-09-02T00:00:00,800,2024-08-12T00:00:00,800,2024-08-05T00:00:00,0,2009-04-13T00:00:00,74,pdsi_severe_drought_in_planting
8,bsr,True,2024-10-07T00:00:00|2024-10-14T00:00:00|2024-10-21T00:00:00|2024-10-28T00:00:00,812,2024-10-28T00:00:00,808,2024-10-07T00:00:00,808,2024-09-30T00:00:00,0,2009-04-13T00:00:00,75,wheat_weekly_rv
8,bsr,True,2024-10-07T00:00:00|2024-10-14T00:00:00|2024-10-21T00:00:00|2024-10-28T00:00:00,812,2024-10-28T00:00:00,808,2024-10-07T00:00:00,808,2024-09-30T00:00:00,0,2009-04-13T00:00:00,75,wheat_monthly_rv
8,bsr,True,2024-10-07T00:00:00|2024-10-14T00:00:00|2024-10-21T00:00:00|2024-10-28T00:00:00,812,2024-10-28T00:00:00,808,2024-10-07T00:00:00,808,2024-09-30T00:00:00,0,2009-04-13T00:00:00,75,wheat_seasonal_rv
8,bsr,True,2024-10-07T00:00:00|2024-10-14T00:00:00|2024-10-21T00:00:00|2024-10-28T00:00:00,812,2024-10-28T00:00:00,808,2024-10-07T00:00:00,808,2024-09-30T00:00:00,0,2009-04-13T00:00:00,75,wheat_weekly_rvb
8,bsr,True,2024-10-07T00:00:00|2024-10-14T00:00:00|2024-10-21T00:00:00|2024-10-28T00:00:00,812,2024-10-28T00:00:00,808,2024-10-07T00:00:00,808,2024-09-30T00:00:00,0,2009-04-13T00:00:00,75,ssta_lanina
8,bsr,True,2024-10-07T00:00:00|2024-10-14T00:00:00|2024-10-21T00:00:00|2024-10-28T00:00:00,812,2024-10-28T00:00:00,808,2024-10-07T00:00:00,808,2024-09-30T00:00:00,0,2009-04-13T00:00:00,75,tmax_hot_in_harvesting
8,bsr,True,2024-10-07T00:00:00|2024-10-14T00:00:00|2024-10-21T00:00:00|2024-10-28T00:00:00,812,2024-10-28T00:00:00,808,2024-10-07T00:00:00,808,2024-09-30T00:00:00,0,2009-04-13T00:00:00,75,tmin_very_cold_in_planting
8,bsr,True,2024-10-07T00:00:00|2024-10-14T00:00:00|2024-10-21T00:00:00|2024-10-28T00:00:00,812,2024-10-28T00:00:00,808,2024-10-07T00:00:00,808,2024-09-30T00:00:00,0,2009-04-13T00:00:00,75,pdsi_severe_drought_in_planting
8,bsr,True,2024-12-02T00:00:00|2024-12-09T00:00:00|2024-12-16T00:00:00|2024-12-23T00:00:00,820,2024-12-23T00:00:00,816,2024-12-02T00:00:00,816,2024-11-25T00:00:00,0,2009-04-13T00:00:00,76,wheat_weekly_rv
8,bsr,True,2024-12-02T00:00:00|2024-12-09T00:00:00|2024-12-16T00:00:00|2024-12-23T00:00:00,820,2024-12-23T00:00:00,816,2024-12-02T00:00:00,816,2024-11-25T00:00:00,0,2009-04-13T00:00:00,76,wheat_monthly_rv
8,bsr,True,2024-12-02T00:00:00|2024-12-09T00:00:00|2024-12-16T00:00:00|2024-12-23T00:00:00,820,2024-12-23T00:00:00,816,2024-12-02T00:00:00,816,2024-11-25T00:00:00,0,2009-04-13T00:00:00,76,wheat_seasonal_rv
8,bsr,True,2024-12-02T00:00:00|2024-12-09T00:00:00|2024-12-16T00:00:00|2024-12-23T00:00:00,820,2024-12-23T00:00:00,816,2024-12-02T00:00:00,816,2024-11-25T00:00:00,0,2009-04-13T00:00:00,76,wheat_weekly_rvb
8,bsr,True,2024-12-02T00:00:00|2024-12-09T00:00:00|2024-12-16T00:00:00|2024-12-23T00:00:00,820,2024-12-23T00:00:00,816,2024-12-02T00:00:00,816,2024-11-25T00:00:00,0,2009-04-13T00:00:00,76,ssta_lanina
8,bsr,True,2024-12-02T00:00:00|2024-12-09T00:00:00|2024-12-16T00:00:00|2024-12-23T00:00:00,820,2024-12-23T00:00:00,816,2024-12-02T00:00:00,816,2024-11-25T00:00:00,0,2009-04-13T00:00:00,76,tmax_hot_in_harvesting
8,bsr,True,2024-12-02T00:00:00|2024-12-09T00:00:00|2024-12-16T00:00:00|2024-12-23T00:00:00,820,2024-12-23T00:00:00,816,2024-12-02T00:00:00,816,2024-11-25T00:00:00,0,2009-04-13T00:00:00,76,tmin_very_cold_in_planting
8,bsr,True,2024-12-02T00:00:00|2024-12-09T00:00:00|2024-12-16T00:00:00|2024-12-23T00:00:00,820,2024-12-23T00:00:00,816,2024-12-02T00:00:00,816,2024-11-25T00:00:00,0,2009-04-13T00:00:00,76,pdsi_severe_drought_in_planting
8,bsr,True,2025-01-27T00:00:00|2025-02-03T00:00:00|2025-02-10T00:00:00|2025-02-17T00:00:00,828,2025-02-17T00:00:00,824,2025-01-27T00:00:00,824,2025-01-20T00:00:00,0,2009-04-13T00:00:00,77,wheat_weekly_rv
8,bsr,True,2025-01-27T00:00:00|2025-02-03T00:00:00|2025-02-10T00:00:00|2025-02-17T00:00:00,828,2025-02-17T00:00:00,824,2025-01-27T00:00:00,824,2025-01-20T00:00:00,0,2009-04-13T00:00:00,77,wheat_monthly_rv
8,bsr,True,2025-01-27T00:00:00|2025-02-03T00:00:00|2025-02-10T00:00:00|2025-02-17T00:00:00,828,2025-02-17T00:00:00,824,2025-01-27T00:00:00,824,2025-01-20T00:00:00,0,2009-04-13T00:00:00,77,wheat_seasonal_rv
8,bsr,True,2025-01-27T00:00:00|2025-02-03T00:00:00|2025-02-10T00:00:00|2025-02-17T00:00:00,828,2025-02-17T00:00:00,824,2025-01-27T00:00:00,824,2025-01-20T00:00:00,0,2009-04-13T00:00:00,77,wheat_weekly_rvb
8,bsr,True,2025-01-27T00:00:00|2025-02-03T00:00:00|2025-02-10T00:00:00|2025-02-17T00:00:00,828,2025-02-17T00:00:00,824,2025-01-27T00:00:00,824,2025-01-20T00:00:00,0,2009-04-13T00:00:00,77,ssta_lanina
8,bsr,True,2025-01-27T00:00:00|2025-02-03T00:00:00|2025-02-10T00:00:00|2025-02-17T00:00:00,828,2025-02-17T00:00:00,824,2025-01-27T00:00:00,824,2025-01-20T00:00:00,0,2009-04-13T00:00:00,77,tmax_hot_in_harvesting
8,bsr,True,2025-01-27T00:00:00|2025-02-03T00:00:00|2025-02-10T00:00:00|2025-02-17T00:00:00,828,2025-02-17T00:00:00,824,2025-01-27T00:00:00,824,2025-01-20T00:00:00,0,2009-04-13T00:00:00,77,tmin_very_cold_in_planting
8,bsr,True,2025-01-27T00:00:00|2025-02-03T00:00:00|2025-02-10T00:00:00|2025-02-17T00:00:00,828,2025-02-17T00:00:00,824,2025-01-27T00:00:00,824,2025-01-20T00:00:00,0,2009-04-13T00:00:00,77,pdsi_severe_drought_in_planting
