n_selected,selection_method,selection_reused,test_dates,test_end,test_end_date,test_start,test_start_date,train_end,train_end_date,train_start,train_start_date,window_id,selected_feature
29,lasso,False,2013-04-08T00:00:00,209,2013-04-08T00:00:00,208,2013-04-08T00:00:00,208,2013-04-01T00:00:00,0,2009-04-13T00:00:00,0,NAO_index
29,lasso,False,2013-04-08T00:00:00,209,2013-04-08T00:00:00,208,2013-04-08T00:00:00,208,2013-04-01T00:00:00,0,2009-04-13T00:00:00,0,SOI_index
29,lasso,False,2013-04-08T00:00:00,209,2013-04-08T00:00:00,208,2013-04-08T00:00:00,208,2013-04-01T00:00:00,0,2009-04-13T00:00:00,0,awnd_extreme_high_wind_in_harvesting
29,lasso,False,2013-04-08T00:00:00,209,2013-04-08T00:00:00,208,2013-04-08T00:00:00,208,2013-04-01T00:00:00,0,2009-04-13T00:00:00,0,awnd_moderate_high_wind_in_harvesting
29,lasso,False,2013-04-08T00:00:00,209,2013-04-08T00:00:00,208,2013-04-08T00:00:00,208,2013-04-01T00:00:00,0,2009-04-13T00:00:00,0,co2_extreme_in_planting
29,lasso,False,2013-04-08T00:00:00,209,2013-04-08T00:00:00,208,2013-04-08T00:00:00,208,2013-04-01T00:00:00,0,2009-04-13T00:00:00,0,corn_weekly_rv
29,lasso,False,2013-04-08T00:00:00,209,2013-04-08T00:00:00,208,2013-04-08T00:00:00,208,2013-04-01T00:00:00,0,2009-04-13T00:00:00,0,pdsi_extreme_drought_in_harvesting
29,lasso,False,2013-04-08T00:00:00,209,2013-04-08T00:00:00,208,2013-04-08T00:00:00,208,2013-04-01T00:00:00,0,2009-04-13T00:00:00,0,pdsi_extreme_drought_in_planting
29,lasso,False,2013-04-08T00:00:00,209,2013-04-08T00:00:00,208,2013-04-08T00:00:00,208,2013-04-01T00:00:00,0,2009-04-13T00:00:00,0,pdsi_extreme_wet_in_harvesting
29,lasso,False,2013-04-08T00:00:00,209,2013-04-08T00:00:00,208,2013-04-08T00:00:00,208,2013-04-01T00:00:00,0,2009-04-13T00:00:00,0,pdsi_severe_drought_in_harvesting
29,lasso,False,2013-04-08T00:00:00,209,2013-04-08T00:00:00,208,2013-04-08T00:00:00,208,2013-04-01T00:00:00,0,2009-04-13T00:00:00,0,pdsi_severe_drought_in_planting
29,lasso,False,2013-04-08T00:00:00,209,2013-04-08T00:00:00,208,2013-04-08T00:00:00,208,2013-04-01T00:00:00,0,2009-04-13T00:00:00,0,pdsi_very_wet_in_harvesting
29,lasso,False,2013-04-08T00:00:00,209,2013-04-08T00:00:00,208,2013-04-08T00:00:00,208,2013-04-01T00:00:00,0,2009-04-13T00:00:00,0,pdsi_very_wet_in_planting
29,lasso,False,2013-04-08T00:00:00,209,2013-04-08T00:00:00,208,2013-04-08T00:00:00,208,2013-04-01T00:00:00,0,2009-04-13T00:00:00,0,soybeans_weekly_rv
29,lasso,False,2013-04-08T00:00:00,209,2013-04-08T00:00:00,208,2013-04-08T00:00:00,208,2013-04-01T00:00:00,0,2009-04-13T00:00:00,0,spi_7d_extreme_dry_in_planting
29,lasso,False,2013-04-08T00:00:00,209,2013-04-08T00:00:00,208,2013-04-08T00:00:00,208,2013-04-01T00:00:00,0,2009-04-13T00:00:00,0,spi_7d_very_dry_in_harvesting
29,lasso,False,2013-04-08T00:00:00,209,2013-04-08T00:00:00,208,2013-04-08T00:00:00,208,2013-04-01T00:00:00,0,2009-04-13T00:00:00,0,spi_7d_very_dry_in_planting
29,lasso,False,2013-04-08T00:00:00,209,2013-04-08T00:00:00,208,2013-04-08T00:00:00,208,2013-04-01T00:00:00,0,2009-04-13T00:00:00,0,spi_7d_very_wet_in_harvesting
29,lasso,False,2013-04-08T00:00:00,209,2013-04-08T00:00:00,208,2013-04-08T00:00:00,208,2013-04-01T00:00:00,0,2009-04-13T00:00:00,0,ssta_elino
29,lasso,False,2013-04-08T00:00:00,209,2013-04-08T00:00:00,208,2013-04-08T00:00:00,208,2013-04-01T00:00:00,0,2009-04-13T00:00:00,0,tmax_hot_in_harvesting
29,lasso,False,2013-04-08T00:00:00,209,2013-04-08T00:00:00,208,2013-04-08T00:00:00,208,2013-04-01T00:00:00,0,2009-04-13T00:00:00,0,tmax_hot_in_planting
29,lasso,False,2013-04-08T00:00:00,209,2013-04-08T00:00:00,208,2013-04-08T00:00:00,208,2013-04-01T00:00:00,0,2009-04-13T00:00:00,0,tmax_very_hot_in_harvesting
29,lasso,False,2013-04-08T00:00:00,209,2013-04-08T00:00:00,208,2013-04-08T00:00:00,208,2013-04-01T00:00:00,0,2009-04-13T00:00:00,0,tmax_very_hot_in_planting
29,lasso,False,2013-04-08T00:00:00,209,2013-04-08T00:00:00,208,2013-04-08T00:00:00,208,2013-04-01T00:00:00,0,2009-04-13T00:00:00,0,tmin_cold_in_planting
29,lasso,False,2013-04-08T00:00:00,209,2013-04-08T00:00:00,208,2013-04-08T00:00:00,208,2013-04-01T00:00:00,0,2009-04-13T00:00:00,0,tmin_very_cold_in_planting
29,lasso,False,2013-04-08T00:00:00,209,2013-04-08T00:00:00,208,2013-04-08T00:00:00,208,2013-04-01T00:00:00,0,2009-04-13T00:00:00,0,wheat_monthly_rv
29,lasso,False,2013-04-08T00:00:00,209,2013-04-08T00:00:00,208,2013-04-08T00:00:00,208,2013-04-01T00:00:00,0,2009-04-13T00:00:00,0,wheat_seasonal_rv
29,lasso,False,2013-04-08T00:00:00,209,2013-04-08T00:00:00,208,2013-04-08T00:00:00,208,2013-04-01T00:00:00,0,2009-04-13T00:00:00,0,wheat_weekly_jumps
29,lasso,False,2013-04-08T00:00:00,209,2013-04-08T00:00:00,208,2013-04-08T00:00:00,208,2013-04-01T00:00:00,0,2009-04-13T00:00:00,0,wheat_weekly_rv
29,lasso,True,2013-06-03T00:00:00,217,2013-06-03T00:00:00,216,2013-06-03T00:00:00,216,2013-05-27T00:00:00,8,2009-06-08T00:00:00,1,NAO_index
29,lasso,True,2013-06-03T00:00:00,217,2013-06-03T00:00:00,216,2013-06-03T00:00:00,216,2013-05-27T00:00:00,8,2009-06-08T00:00:00,1,SOI_index
29,lasso,True,2013-06-03T00:00:00,217,2013-06-03T00:00:00,216,2013-06-03T00:00:00,216,2013-05-27T00:00:00,8,2009-06-08T00:00:00,1,awnd_extreme_high_wind_in_harvesting
29,lasso,True,2013-06-03T00:00:00,217,2013-06-03T00:00:00,216,2013-06-03T00:00:00,216,2013-05-27T00:00:00,8,2009-06-08T00:00:00,1,awnd_moderate_high_wind_in_harvesting
29,lasso,True,2013-06-03T00:00:00,217,2013-06-03T00:00:00,216,2013-06-03T00:00:00,216,2013-05-27T00:00:00,8,2009-06-08T00:00:00,1,co2_extreme_in_planting
29,lasso,True,2013-06-03T00:00:00,217,2013-06-03T00:00:00,216,2013-06-03T00:00:00,216,2013-05-27T00:00:00,8,2009-06-08T00:00:00,1,corn_weekly_rv
29,lasso,True,2013-06-03T00:00:00,217,2013-06-03T00:00:00,216,2013-06-03T00:00:00,216,2013-05-27T00:00:00,8,2009-06-08T00:00:00,1,pdsi_extreme_drought_in_harvesting
29,lasso,True,2013-06-03T00:00:00,217,2013-06-03T00:00:00,216,2013-06-03T00:00:00,216,2013-05-27T00:00:00,8,2009-06-08T00:00:00,1,pdsi_extreme_drought_in_planting
29,lasso,True,2013-06-03T00:00:00,217,2013-06-03T00:00:00,216,2013-06-03T00:00:00,216,2013-05-27T00:00:00,8,2009-06-08T00:00:00,1,pdsi_extreme_wet_in_harvesting
29,lasso,True,2013-06-03T00:00:00,217,2013-06-03T00:00:00,216,2013-06-03T00:00:00,216,2013-05-27T00:00:00,8,2009-06-08T00:00:00,1,pdsi_severe_drought_in_harvesting
29,lasso,True,2013-06-03T00:00:00,217,2013-06-03T00:00:00,216,2013-06-03T00:00:00,216,2013-05-27T00:00:00,8,2009-06-08T00:00:00,1,pdsi_severe_drought_in_planting
29,lasso,True,2013-06-03T00:00:00,217,2013-06-03T00:00:00,216,2013-06-03T00:00:00,216,2013-05-27T00:00:00,8,2009-06-08T00:00:00,1,pdsi_very_wet_in_harvesting
29,lasso,True,2013-06-03T00:00:00,217,2013-06-03T00:00:00,216,2013-06-03T00:00:00,216,2013-05-27T00:00:00,8,2009-06-08T00:00:00,1,pdsi_very_wet_in_planting
29,lasso,True,2013-06-03T00:00:00,217,2013-06-03T00:00:00,216,2013-06-03T00:00:00,216,2013-05-27T00:00:00,8,2009-06-08T00:00:00,1,soybeans_weekly_rv
29,lasso,True,2013-06-03T00:00:00,217,2013-06-03T00:00:00,216,2013-06-03T00:00:00,216,2013-05-27T00:00:00,8,2009-06-08T00:00:00,1,spi_7d_extreme_dry_in_planting
29,lasso,True,2013-06-03T00:00:00,217,2013-06-03T00:00:00,216,2013-06-03T00:00:00,216,2013-05-27T00:00:00,8,2009-06-08T00:00:00,1,spi_7d_very_dry_in_harvesting
29,lasso,True,2013-06-03T00:00:00,217,2013-06-03T00:00:00,216,2013-06-03T00:00:00,216,2013-05-27T00:00:00,8,2009-06-08T00:00:00,1,spi_7d_very_dry_in_planting
29,lasso,True,2013-06-03T00:00:00,217,2013-06-03T00:00:00,216,2013-06-03T00:00:00,216,2013-05-27T00:00:00,8,2009-06-08T00:00:00,1,spi_7d_very_wet_in_harvesting
29,lasso,True,2013-06-03T00:00:00,217,2013-06-03T00:00:00,216,2013-06-03T00:00:00,216,2013-05-27T00:00:00,8,2009-06-08T00:00:00,1,ssta_elino
29,lasso,True,2013-06-03T00:00:00,217,2013-06-03T00:00:00,216,2013-06-03T00:00:00,216,2013-05-27T00:00:00,8,2009-06-08T00:00:00,1,tmax_hot_in_harvesting
29,lasso,True,2013-06-03T00:00:00,217,2013-06-03T00:00:00,216,2013-06-03T00:00:00,216,2013-05-27T00:00:00,8,2009-06-08T00:00:00,1,tmax_hot_in_planting
29,lasso,True,2013-06-03T00:00:00,217,2013-06-03T00:00:00,216,2013-06-03T00:00:00,216,2013-05-27T00:00:00,8,2009-06-08T00:00:00,1,tmax_very_hot_in_harvesting
29,lasso,True,2013-06-03T00:00:00,217,2013-06-03T00:00:00,216,2013-06-03T00:00:00,216,2013-05-27T00:00:00,8,2009-06-08T00:00:00,1,tmax_very_hot_in_planting
29,lasso,True,2013-06-03T00:00:00,217,2013-06-03T00:00:00,216,2013-06-03T00:00:00,216,2013-05-27T00:00:00,8,2009-06-08T00:00:00,1,tmin_cold_in_planting
29,lasso,True,2013-06-03T00:00:00,217,2013-06-03T00:00:00,216,2013-06-03T00:00:00,216,2013-05-27T00:00:00,8,2009-06-08T00:00:00,1,tmin_very_cold_in_planting
29,lasso,True,2013-06-03T00:00:00,217,2013-06-03T00:00:00,216,2013-06-03T00:00:00,216,2013-05-27T00:00:00,8,2009-06-08T00:00:00,1,wheat_monthly_rv
29,lasso,True,2013-06-03T00:00:00,217,2013-06-03T00:00:00,216,2013-06-03T00:00:00,216,2013-05-27T00:00:00,8,2009-06-08T00:00:00,1,wheat_seasonal_rv
29,lasso,True,2013-06-03T00:00:00,217,2013-06-03T00:00:00,216,2013-06-03T00:00:00,216,2013-05-27T00:00:00,8,2009-06-08T00:00:00,1,wheat_weekly_jumps
29,lasso,True,2013-06-03T00:00:00,217,2013-06-03T00:00:00,216,2013-06-03T00:00:00,216,2013-05-27T00:00:00,8,2009-06-08T00:00:00,1,wheat_weekly_rv
29,lasso,True,2013-07-29T00:00:00,225,2013-07-29T00:00:00,224,2013-07-29T00:00:00,224,2013-07-22T00:00:00,16,2009-08-03T00:00:00,2,NAO_index
29,lasso,True,2013-07-29T00:00:00,225,2013-07-29T00:00:00,224,2013-07-29T00:00:00,224,2013-07-22T00:00:00,16,2009-08-03T00:00:00,2,SOI_index
29,lasso,True,2013-07-29T00:00:00,225,2013-07-29T00:00:00,224,2013-07-29T00:00:00,224,2013-07-22T00:00:00,16,2009-08-03T00:00:00,2,awnd_extreme_high_wind_in_harvesting
29,lasso,True,2013-07-29T00:00:00,225,2013-07-29T00:00:00,224,2013-07-29T00:00:00,224,2013-07-22T00:00:00,16,2009-08-03T00:00:00,2,awnd_moderate_high_wind_in_harvesting
29,lasso,True,2013-07-29T00:00:00,225,2013-07-29T00:00:00,224,2013-07-29T00:00:00,224,2013-07-22T00:00:00,16,2009-08-03T00:00:00,2,co2_extreme_in_planting
29,lasso,True,2013-07-29T00:00:00,225,2013-07-29T00:00:00,224,2013-07-29T00:00:00,224,2013-07-22T00:00:00,16,2009-08-03T00:00:00,2,corn_weekly_rv
29,lasso,True,2013-07-29T00:00:00,225,2013-07-29T00:00:00,224,2013-07-29T00:00:00,224,2013-07-22T00:00:00,16,2009-08-03T00:00:00,2,pdsi_extreme_drought_in_harvesting
29,lasso,True,2013-07-29T00:00:00,225,2013-07-29T00:00:00,224,2013-07-29T00:00:00,224,2013-07-22T00:00:00,16,2009-08-03T00:00:00,2,pdsi_extreme_drought_in_planting
29,lasso,True,2013-07-29T00:00:00,225,2013-07-29T00:00:00,224,2013-07-29T00:00:00,224,2013-07-22T00:00:00,16,2009-08-03T00:00:00,2,pdsi_extreme_wet_in_harvesting
29,lasso,True,2013-07-29T00:00:00,225,2013-07-29T00:00:00,224,2013-07-29T00:00:00,224,2013-07-22T00:00:00,16,2009-08-03T00:00:00,2,pdsi_severe_drought_in_harvesting
29,lasso,True,2013-07-29T00:00:00,225,2013-07-29T00:00:00,224,2013-07-29T00:00:00,224,2013-07-22T00:00:00,16,2009-08-03T00:00:00,2,pdsi_severe_drought_in_planting
29,lasso,True,2013-07-29T00:00:00,225,2013-07-29T00:00:00,224,2013-07-29T00:00:00,224,2013-07-22T00:00:00,16,2009-08-03T00:00:00,2,pdsi_very_wet_in_harvesting
29,lasso,True,2013-07-29T00:00:00,225,2013-07-29T00:00:00,224,2013-07-29T00:00:00,224,2013-07-22T00:00:00,16,2009-08-03T00:00:00,2,pdsi_very_wet_in_planting
29,lasso,True,2013-07-29T00:00:00,225,2013-07-29T00:00:00,224,2013-07-29T00:00:00,224,2013-07-22T00:00:00,16,2009-08-03T00:00:00,2,soybeans_weekly_rv
29,lasso,True,2013-07-29T00:00:00,225,2013-07-29T00:00:00,224,2013-07-29T00:00:00,224,2013-07-22T00:00:00,16,2009-08-03T00:00:00,2,spi_7d_extreme_dry_in_planting
29,lasso,True,2013-07-29T00:00:00,225,2013-07-29T00:00:00,224,2013-07-29T00:00:00,224,2013-07-22T00:00:00,16,2009-08-03T00:00:00,2,spi_7d_very_dry_in_harvesting
29,lasso,True,2013-07-29T00:00:00,225,2013-07-29T00:00:00,224,2013-07-29T00:00:00,224,2013-07-22T00:00:00,16,2009-08-03T00:00:00,2,spi_7d_very_dry_in_planting
29,lasso,True,2013-07-29T00:00:00,225,2013-07-29T00:00:00,224,2013-07-29T00:00:00,224,2013-07-22T00:00:00,16,2009-08-03T00:00:00,2,spi_7d_very_wet_in_harvesting
29,lasso,True,2013-07-29T00:00:00,225,2013-07-29T00:00:00,224,2013-07-29T00:00:00,224,2013-07-22T00:00:00,16,2009-08-03T00:00:00,2,ssta_elino
29,lasso,True,2013-07-29T00:00:00,225,2013-07-29T00:00:00,224,2013-07-29T00:00:00,224,2013-07-22T00:00:00,16,2009-08-03T00:00:00,2,tmax_hot_in_harvesting
29,lasso,True,2013-07-29T00:00:00,225,2013-07-29T00:00:00,224,2013-07-29T00:00:00,224,2013-07-22T00:00:00,16,2009-08-03T00:00:00,2,tmax_hot_in_planting
29,lasso,True,2013-07-29T00:00:00,225,2013-07-29T00:00:00,224,2013-07-29T00:00:00,224,2013-07-22T00:00:00,16,2009-08-03T00:00:00,2,tmax_very_hot_in_harvesting
29,lasso,True,2013-07-29T00:00:00,225,2013-07-29T00:00:00,224,2013-07-29T00:00:00,224,2013-07-22T00:00:00,16,2009-08-03T00:00:00,2,tmax_very_hot_in_planting
29,lasso,True,2013-07-29T00:00:00,225,2013-07-29T00:00:00,224,2013-07-29T00:00:00,224,2013-07-22T00:00:00,16,2009-08-03T00:00:00,2,tmin_cold_in_planting
29,lasso,True,2013-07-29T00:00:00,225,2013-07-29T00:00:00,224,2013-07-29T00:00:00,224,2013-07-22T00:00:00,16,2009-08-03T00:00:00,2,tmin_very_cold_in_planting
29,lasso,True,2013-07-29T00:00:00,225,2013-07-29T00:00:00,224,2013-07-29T00:00:00,224,2013-07-22T00:00:00,16,2009-08-03T00:00:00,2,wheat_monthly_rv
29,lasso,True,2013-07-29T00:00:00,225,2013-07-29T00:00:00,224,2013-07-29T00:00:00,224,2013-07-22T00:00:00,16,2009-08-03T00:00:00,2,wheat_seasonal_rv
29,lasso,True,2013-07-29T00:00:00,225,2013-07-29T00:00:00,224,2013-07-29T00:00:00,224,2013-07-22T00:00:00,16,2009-08-03T00:00:00,2,wheat_weekly_jumps
29,lasso,True,2013-07-29T00:00:00,225,2013-07-29T00:00:00,224,2013-07-29T00:00:00,224,2013-07-22T00:00:00,16,2009-08-03T00:00:00,2,wheat_weekly_rv
29,lasso,True,2013-09-23T00:00:00,233,2013-09-23T00:00:00,232,2013-09-23T00:00:00,232,2013-09-16T00:00:00,24,2009-09-28T00:00:00,3,NAO_index
29,lasso,True,2013-09-23T00:00:00,233,2013-09-23T00:00:00,232,2013-09-23T00:00:00,232,2013-09-16T00:00:00,24,2009-09-28T00:00:00,3,SOI_index
29,lasso,True,2013-09-23T00:00:00,233,2013-09-23T00:00:00,232,2013-09-23T00:00:00,232,2013-09-16T00:00:00,24,2009-09-28T00:00:00,3,awnd_extreme_high_wind_in_harvesting
29,lasso,True,2013-09-23T00:00:00,233,2013-09-23T00:00:00,232,2013-09-23T00:00:00,232,2013-09-16T00:00:00,24,2009-09-28T00:00:00,3,awnd_moderate_high_wind_in_harvesting
29,lasso,True,2013-09-23T00:00:00,233,2013-09-23T00:00:00,232,2013-09-23T00:00:00,232,2013-09-16T00:00:00,24,2009-09-28T00:00:00,3,co2_extreme_in_planting
29,lasso,True,2013-09-23T00:00:00,233,2013-09-23T00:00:00,232,2013-09-23T00:00:00,232,2013-09-16T00:00:00,24,2009-09-28T00:00:00,3,corn_weekly_rv
29,lasso,True,2013-09-23T00:00:00,233,2013-09-23T00:00:00,232,2013-09-23T00:00:00,232,2013-09-16T00:00:00,24,2009-09-28T00:00:00,3,pdsi_extreme_drought_in_harvesting
29,lasso,True,2013-09-23T00:00:00,233,2013-09-23T00:00:00,232,2013-09-23T00:00:00,232,2013-09-16T00:00:00,24,2009-09-28T00:00:00,3,pdsi_extreme_drought_in_planting
29,lasso,True,2013-09-23T00:00:00,233,2013-09-23T00:00:00,232,2013-09-23T00:00:00,232,2013-09-16T00:00:00,24,2009-09-28T00:00:00,3,pdsi_extreme_wet_in_harvesting
29,lasso,True,2013-09-23T00:00:00,233,2013-09-23T00:00:00,232,2013-09-23T00:00:00,232,2013-09-16T00:00:00,24,2009-09-28T00:00:00,3,pdsi_severe_drought_in_harvesting
29,lasso,True,2013-09-23T00:00:00,233,2013-09-23T00:00:00,232,2013-09-23T00:00:00,232,2013-09-16T00:00:00,24,2009-09-28T00:00:00,3,pdsi_severe_drought_in_planting
29,lasso,True,2013-09-23T00:00:00,233,2013-09-23T00:00:00,232,2013-09-23T00:00:00,232,2013-09-16T00:00:00,24,2009-09-28T00:00:00,3,pdsi_very_wet_in_harvesting
29,lasso,True,2013-09-23T00:00:00,233,2013-09-23T00:00:00,232,2013-09-23T00:00:00,232,2013-09-16T00:00:00,24,2009-09-28T00:00:00,3,pdsi_very_wet_in_planting
29,lasso,True,2013-09-23T00:00:00,233,2013-09-23T00:00:00,232,2013-09-23T00:00:00,232,2013-09-16T00:00:00,24,2009-09-28T00:00:00,3,soybeans_weekly_rv
29,lasso,True,2013-09-23T00:00:00,233,2013-09-23T00:00:00,232,2013-09-23T00:00:00,232,2013-09-16T00:00:00,24,2009-09-28T00:00:00,3,spi_7d_extreme_dry_in_planting
29,lasso,True,2013-09-23T00:00:00,233,2013-09-23T00:00:00,232,2013-09-23T00:00:00,232,2013-09-16T00:00:00,24,2009-09-28T00:00:00,3,spi_7d_very_dry_in_harvesting
29,lasso,True,2013-09-23T00:00:00,233,2013-09-23T00:00:00,232,2013-09-23T00:00:00,232,2013-09-16T00:00:00,24,2009-09-28T00:00:00,3,spi_7d_very_dry_in_planting
29,lasso,True,2013-09-23T00:00:00,233,2013-09-23T00:00:00,232,2013-09-23T00:00:00,232,2013-09-16T00:00:00,24,2009-09-28T00:00:00,3,spi_7d_very_wet_in_harvesting
29,lasso,True,2013-09-23T00:00:00,233,2013-09-23T00:00:00,232,2013-09-23T00:00:00,232,2013-09-16T00:00:00,24,2009-09-28T00:00:00,3,ssta_elino
29,lasso,True,2013-09-23T00:00:00,233,2013-09-23T00:00:00,232,2013-09-23T00:00:00,232,2013-09-16T00:00:00,24,2009-09-28T00:00:00,3,tmax_hot_in_harvesting
29,lasso,True,2013-09-23T00:00:00,233,2013-09-23T00:00:00,232,2013-09-23T00:00:00,232,2013-09-16T00:00:00,24,2009-09-28T00:00:00,3,tmax_hot_in_planting
29,lasso,True,2013-09-23T00:00:00,233,2013-09-23T00:00:00,232,2013-09-23T00:00:00,232,2013-09-16T00:00:00,24,2009-09-28T00:00:00,3,tmax_very_hot_in_harvesting
29,lasso,True,2013-09-23T00:00:00,233,2013-09-23T00:00:00,232,2013-09-23T00:00:00,232,2013-09-16T00:00:00,24,2009-09-28T00:00:00,3,tmax_very_hot_in_planting
29,lasso,True,2013-09-23T00:00:00,233,2013-09-23T00:00:00,232,2013-09-23T00:00:00,232,2013-09-16T00:00:00,24,2009-09-28T00:00:00,3,tmin_cold_in_planting
29,lasso,True,2013-09-23T00:00:00,233,2013-09-23T00:00:00,232,2013-09-23T00:00:00,232,2013-09-16T00:00:00,24,2009-09-28T00:00:00,3,tmin_very_cold_in_planting
29,lasso,True,2013-09-23T00:00:00,233,2013-09-23T00:00:00,232,2013-09-23T00:00:00,232,2013-09-16T00:00:00,24,2009-09-28T00:00:00,3,wheat_monthly_rv
29,lasso,True,2013-09-23T00:00:00,233,2013-09-23T00:00:00,232,2013-09-23T00:00:00,232,2013-09-16T00:00:00,24,2009-09-28T00:00:00,3,wheat_seasonal_rv
29,lasso,True,2013-09-23T00:00:00,233,2013-09-23T00:00:00,232,2013-09-23T00:00:00,232,2013-09-16T00:00:00,24,2009-09-28T00:00:00,3,wheat_weekly_jumps
29,lasso,True,2013-09-23T00:00:00,233,2013-09-23T00:00:00,232,2013-09-23T00:00:00,232,2013-09-16T00:00:00,24,2009-09-28T00:00:00,3,wheat_weekly_rv
8,lasso,False,2013-11-18T00:00:00,241,2013-11-18T00:00:00,240,2013-11-18T00:00:00,240,2013-11-11T00:00:00,32,2009-11-23T00:00:00,4,SOI_index
8,lasso,False,2013-11-18T00:00:00,241,2013-11-18T00:00:00,240,2013-11-18T00:00:00,240,2013-11-11T00:00:00,32,2009-11-23T00:00:00,4,awnd_extreme_high_wind_in_harvesting
8,lasso,False,2013-11-18T00:00:00,241,2013-11-18T00:00:00,240,2013-11-18T00:00:00,240,2013-11-11T00:00:00,32,2009-11-23T00:00:00,4,pdsi_extreme_wet_in_harvesting
8,lasso,False,2013-11-18T00:00:00,241,2013-11-18T00:00:00,240,2013-11-18T00:00:00,240,2013-11-11T00:00:00,32,2009-11-23T00:00:00,4,pdsi_severe_drought_in_planting
8,lasso,False,2013-11-18T00:00:00,241,2013-11-18T00:00:00,240,2013-11-18T00:00:00,240,2013-11-11T00:00:00,32,2009-11-23T00:00:00,4,ssta_lanina
8,lasso,False,2013-11-18T00:00:00,241,2013-11-18T00:00:00,240,2013-11-18T00:00:00,240,2013-11-11T00:00:00,32,2009-11-23T00:00:00,4,wheat_monthly_rv
8,lasso,False,2013-11-18T00:00:00,241,2013-11-18T00:00:00,240,2013-11-18T00:00:00,240,2013-11-11T00:00:00,32,2009-11-23T00:00:00,4,wheat_seasonal_rv
8,lasso,False,2013-11-18T00:00:00,241,2013-11-18T00:00:00,240,2013-11-18T00:00:00,240,2013-11-11T00:00:00,32,2009-11-23T00:00:00,4,wheat_weekly_rv
8,lasso,True,2014-01-13T00:00:00,249,2014-01-13T00:00:00,248,2014-01-13T00:00:00,248,2014-01-06T00:00:00,40,2010-01-18T00:00:00,5,SOI_index
8,lasso,True,2014-01-13T00:00:00,249,2014-01-13T00:00:00,248,2014-01-13T00:00:00,248,2014-01-06T00:00:00,40,2010-01-18T00:00:00,5,awnd_extreme_high_wind_in_harvesting
8,lasso,True,2014-01-13T00:00:00,249,2014-01-13T00:00:00,248,2014-01-13T00:00:00,248,2014-01-06T00:00:00,40,2010-01-18T00:00:00,5,pdsi_extreme_wet_in_harvesting
8,lasso,True,2014-01-13T00:00:00,249,2014-01-13T00:00:00,248,2014-01-13T00:00:00,248,2014-01-06T00:00:00,40,2010-01-18T00:00:00,5,pdsi_severe_drought_in_planting
8,lasso,True,2014-01-13T00:00:00,249,2014-01-13T00:00:00,248,2014-01-13T00:00:00,248,2014-01-06T00:00:00,40,2010-01-18T00:00:00,5,ssta_lanina
8,lasso,True,2014-01-13T00:00:00,249,2014-01-13T00:00:00,248,2014-01-13T00:00:00,248,2014-01-06T00:00:00,40,2010-01-18T00:00:00,5,wheat_monthly_rv
8,lasso,True,2014-01-13T00:00:00,249,2014-01-13T00:00:00,248,2014-01-13T00:00:00,248,2014-01-06T00:00:00,40,2010-01-18T00:00:00,5,wheat_seasonal_rv
8,lasso,True,2014-01-13T00:00:00,249,2014-01-13T00:00:00,248,2014-01-13T00:00:00,248,2014-01-06T00:00:00,40,2010-01-18T00:00:00,5,wheat_weekly_rv
8,lasso,True,2014-03-10T00:00:00,257,2014-03-10T00:00:00,256,2014-03-10T00:00:00,256,2014-03-03T00:00:00,48,2010-03-15T00:00:00,6,SOI_index
8,lasso,True,2014-03-10T00:00:00,257,2014-03-10T00:00:00,256,2014-03-10T00:00:00,256,2014-03-03T00:00:00,48,2010-03-15T00:00:00,6,awnd_extreme_high_wind_in_harvesting
8,lasso,True,2014-03-10T00:00:00,257,2014-03-10T00:00:00,256,2014-03-10T00:00:00,256,2014-03-03T00:00:00,48,2010-03-15T00:00:00,6,pdsi_extreme_wet_in_harvesting
8,lasso,True,2014-03-10T00:00:00,257,2014-03-10T00:00:00,256,2014-03-10T00:00:00,256,2014-03-03T00:00:00,48,2010-03-15T00:00:00,6,pdsi_severe_drought_in_planting
8,lasso,True,2014-03-10T00:00:00,257,2014-03-10T00:00:00,256,2014-03-10T00:00:00,256,2014-03-03T00:00:00,48,2010-03-15T00:00:00,6,ssta_lanina
8,lasso,True,2014-03-10T00:00:00,257,2014-03-10T00:00:00,256,2014-03-10T00:00:00,256,2014-03-03T00:00:00,48,2010-03-15T00:00:00,6,wheat_monthly_rv
8,lasso,True,2014-03-10T00:00:00,257,2014-03-10T00:00:00,256,2014-03-10T00:00:00,256,2014-03-03T00:00:00,48,2010-03-15T00:00:00,6,wheat_seasonal_rv
8,lasso,True,2014-03-10T00:00:00,257,2014-03-10T00:00:00,256,2014-03-10T00:00:00,256,2014-03-03T00:00:00,48,2010-03-15T00:00:00,6,wheat_weekly_rv
8,lasso,True,2014-05-05T00:00:00,265,2014-05-05T00:00:00,264,2014-05-05T00:00:00,264,2014-04-28T00:00:00,56,2010-05-10T00:00:00,7,SOI_index
8,lasso,True,2014-05-05T00:00:00,265,2014-05-05T00:00:00,264,2014-05-05T00:00:00,264,2014-04-28T00:00:00,56,2010-05-10T00:00:00,7,awnd_extreme_high_wind_in_harvesting
8,lasso,True,2014-05-05T00:00:00,265,2014-05-05T00:00:00,264,2014-05-05T00:00:00,264,2014-04-28T00:00:00,56,2010-05-10T00:00:00,7,pdsi_extreme_wet_in_harvesting
8,lasso,True,2014-05-05T00:00:00,265,2014-05-05T00:00:00,264,2014-05-05T00:00:00,264,2014-04-28T00:00:00,56,2010-05-10T00:00:00,7,pdsi_severe_drought_in_planting
8,lasso,True,2014-05-05T00:00:00,265,2014-05-05T00:00:00,264,2014-05-05T00:00:00,264,2014-04-28T00:00:00,56,2010-05-10T00:00:00,7,ssta_lanina
8,lasso,True,2014-05-05T00:00:00,265,2014-05-05T00:00:00,264,2014-05-05T00:00:00,264,2014-04-28T00:00:00,56,2010-05-10T00:00:00,7,wheat_monthly_rv
8,lasso,True,2014-05-05T00:00:00,265,2014-05-05T00:00:00,264,2014-05-05T00:00:00,264,2014-04-28T00:00:00,56,2010-05-10T00:00:00,7,wheat_seasonal_rv
8,lasso,True,2014-05-05T00:00:00,265,2014-05-05T00:00:00,264,2014-05-05T00:00:00,264,2014-04-28T00:00:00,56,2010-05-10T00:00:00,7,wheat_weekly_rv
8,lasso,False,2014-06-30T00:00:00,273,2014-06-30T00:00:00,272,2014-06-30T00:00:00,272,2014-06-23T00:00:00,64,2010-07-05T00:00:00,8,awnd_moderate_high_wind_in_harvesting
8,lasso,False,2014-06-30T00:00:00,273,2014-06-30T00:00:00,272,2014-06-30T00:00:00,272,2014-06-23T00:00:00,64,2010-07-05T00:00:00,8,pdsi_extreme_wet_in_harvesting
8,lasso,False,2014-06-30T00:00:00,273,2014-06-30T00:00:00,272,2014-06-30T00:00:00,272,2014-06-23T00:00:00,64,2010-07-05T00:00:00,8,pdsi_severe_drought_in_harvesting
8,lasso,False,2014-06-30T00:00:00,273,2014-06-30T00:00:00,272,2014-06-30T00:00:00,272,2014-06-23T00:00:00,64,2010-07-05T00:00:00,8,ssta_elino
8,lasso,False,2014-06-30T00:00:00,273,2014-06-30T00:00:00,272,2014-06-30T00:00:00,272,2014-06-23T00:00:00,64,2010-07-05T00:00:00,8,ssta_lanina
8,lasso,False,2014-06-30T00:00:00,273,2014-06-30T00:00:00,272,2014-06-30T00:00:00,272,2014-06-23T00:00:00,64,2010-07-05T00:00:00,8,wheat_monthly_rv
8,lasso,False,2014-06-30T00:00:00,273,2014-06-30T00:00:00,272,2014-06-30T00:00:00,272,2014-06-23T00:00:00,64,2010-07-05T00:00:00,8,wheat_seasonal_rv
8,lasso,False,2014-06-30T00:00:00,273,2014-06-30T00:00:00,272,2014-06-30T00:00:00,272,2014-06-23T00:00:00,64,2010-07-05T00:00:00,8,wheat_weekly_rv
8,lasso,True,2014-08-25T00:00:00,281,2014-08-25T00:00:00,280,2014-08-25T00:00:00,280,2014-08-18T00:00:00,72,2010-08-30T00:00:00,9,awnd_moderate_high_wind_in_harvesting
8,lasso,True,2014-08-25T00:00:00,281,2014-08-25T00:00:00,280,2014-08-25T00:00:00,280,2014-08-18T00:00:00,72,2010-08-30T00:00:00,9,pdsi_extreme_wet_in_harvesting
8,lasso,True,2014-08-25T00:00:00,281,2014-08-25T00:00:00,280,2014-08-25T00:00:00,280,2014-08-18T00:00:00,72,2010-08-30T00:00:00,9,pdsi_severe_drought_in_harvesting
8,lasso,True,2014-08-25T00:00:00,281,2014-08-25T00:00:00,280,2014-08-25T00:00:00,280,2014-08-18T00:00:00,72,2010-08-30T00:00:00,9,ssta_elino
8,lasso,True,2014-08-25T00:00:00,281,2014-08-25T00:00:00,280,2014-08-25T00:00:00,280,2014-08-18T00:00:00,72,2010-08-30T00:00:00,9,ssta_lanina
8,lasso,True,2014-08-25T00:00:00,281,2014-08-25T00:00:00,280,2014-08-25T00:00:00,280,2014-08-18T00:00:00,72,2010-08-30T00:00:00,9,wheat_monthly_rv
8,lasso,True,2014-08-25T00:00:00,281,2014-08-25T00:00:00,280,2014-08-25T00:00:00,280,2014-08-18T00:00:00,72,2010-08-30T00:00:00,9,wheat_seasonal_rv
8,lasso,True,2014-08-25T00:00:00,281,2014-08-25T00:00:00,280,2014-08-25T00:00:00,280,2014-08-18T00:00:00,72,2010-08-30T00:00:00,9,wheat_weekly_rv
8,lasso,True,2014-10-20T00:00:00,289,2014-10-20T00:00:00,288,2014-10-20T00:00:00,288,2014-10-13T00:00:00,80,2010-10-25T00:00:00,10,awnd_moderate_high_wind_in_harvesting
8,lasso,True,2014-10-20T00:00:00,289,2014-10-20T00:00:00,288,2014-10-20T00:00:00,288,2014-10-13T00:00:00,80,2010-10-25T00:00:00,10,pdsi_extreme_wet_in_harvesting
8,lasso,True,2014-10-20T00:00:00,289,2014-10-20T00:00:00,288,2014-10-20T00:00:00,288,2014-10-13T00:00:00,80,2010-10-25T00:00:00,10,pdsi_severe_drought_in_harvesting
8,lasso,True,2014-10-20T00:00:00,289,2014-10-20T00:00:00,288,2014-10-20T00:00:00,288,2014-10-13T00:00:00,80,2010-10-25T00:00:00,10,ssta_elino
8,lasso,True,2014-10-20T00:00:00,289,2014-10-20T00:00:00,288,2014-10-20T00:00:00,288,2014-10-13T00:00:00,80,2010-10-25T00:00:00,10,ssta_lanina
8,lasso,True,2014-10-20T00:00:00,289,2014-10-20T00:00:00,288,2014-10-20T00:00:00,288,2014-10-13T00:00:00,80,2010-10-25T00:00:00,10,wheat_monthly_rv
8,lasso,True,2014-10-20T00:00:00,289,2014-10-20T00:00:00,288,2014-10-20T00:00:00,288,2014-10-13T00:00:00,80,2010-10-25T00:00:00,10,wheat_seasonal_rv
8,lasso,True,2014-10-20T00:00:00,289,2014-10-20T00:00:00,288,2014-10-20T00:00:00,288,2014-10-13T00:00:00,80,2010-10-25T00:00:00,10,wheat_weekly_rv
8,lasso,True,2014-12-15T00:00:00,297,2014-12-15T00:00:00,296,2014-12-15T00:00:00,296,2014-12-08T00:00:00,88,2010-12-20T00:00:00,11,awnd_moderate_high_wind_in_harvesting
8,lasso,True,2014-12-15T00:00:00,297,2014-12-15T00:00:00,296,2014-12-15T00:00:00,296,2014-12-08T00:00:00,88,2010-12-20T00:00:00,11,pdsi_extreme_wet_in_harvesting
8,lasso,True,2014-12-15T00:00:00,297,2014-12-15T00:00:00,296,2014-12-15T00:00:00,296,2014-12-08T00:00:00,88,2010-12-20T00:00:00,11,pdsi_severe_drought_in_harvesting
8,lasso,True,2014-12-15T00:00:00,297,2014-12-15T00:00:00,296,2014-12-15T00:00:00,296,2014-12-08T00:00:00,88,2010-12-20T00:00:00,11,ssta_elino
8,lasso,True,2014-12-15T00:00:00,297,2014-12-15T00:00:00,296,2014-12-15T00:00:00,296,2014-12-08T00:00:00,88,2010-12-20T00:00:00,11,ssta_lanina
8,lasso,True,2014-12-15T00:00:00,297,2014-12-15T00:00:00,296,2014-12-15T00:00:00,296,2014-12-08T00:00:00,88,2010-12-20T00:00:00,11,wheat_monthly_rv
8,lasso,True,2014-12-15T00:00:00,297,2014-12-15T00:00:00,296,2014-12-15T00:00:00,296,2014-12-08T00:00:00,88,2010-12-20T00:00:00,11,wheat_seasonal_rv
8,lasso,True,2014-12-15T00:00:00,297,2014-12-15T00:00:00,296,2014-12-15T00:00:00,296,2014-12-08T00:00:00,88,2010-12-20T00:00:00,11,wheat_weekly_rv
13,lasso,False,2015-02-09T00:00:00,305,2015-02-09T00:00:00,304,2015-02-09T00:00:00,304,2015-02-02T00:00:00,96,2011-02-14T00:00:00,12,awnd_extreme_high_wind_in_harvesting
13,lasso,False,2015-02-09T00:00:00,305,2015-02-09T00:00:00,304,2015-02-09T00:00:00,304,2015-02-02T00:00:00,96,2011-02-14T00:00:00,12,awnd_moderate_high_wind_in_harvesting
13,lasso,False,2015-02-09T00:00:00,305,2015-02-09T00:00:00,304,2015-02-09T00:00:00,304,2015-02-02T00:00:00,96,2011-02-14T00:00:00,12,pdsi_extreme_wet_in_harvesting
13,lasso,False,2015-02-09T00:00:00,305,2015-02-09T00:00:00,304,2015-02-09T00:00:00,304,2015-02-02T00:00:00,96,2011-02-14T00:00:00,12,pdsi_severe_drought_in_harvesting
13,lasso,False,2015-02-09T00:00:00,305,2015-02-09T00:00:00,304,2015-02-09T00:00:00,304,2015-02-02T00:00:00,96,2011-02-14T00:00:00,12,pdsi_severe_drought_in_planting
13,lasso,False,2015-02-09T00:00:00,305,2015-02-09T00:00:00,304,2015-02-09T00:00:00,304,2015-02-02T00:00:00,96,2011-02-14T00:00:00,12,spi_7d_extreme_dry_in_harvesting
13,lasso,False,2015-02-09T00:00:00,305,2015-02-09T00:00:00,304,2015-02-09T00:00:00,304,2015-02-02T00:00:00,96,2011-02-14T00:00:00,12,spi_7d_very_wet_in_planting
13,lasso,False,2015-02-09T00:00:00,305,2015-02-09T00:00:00,304,2015-02-09T00:00:00,304,2015-02-02T00:00:00,96,2011-02-14T00:00:00,12,ssta_lanina
13,lasso,False,2015-02-09T00:00:00,305,2015-02-09T00:00:00,304,2015-02-09T00:00:00,304,2015-02-02T00:00:00,96,2011-02-14T00:00:00,12,tmin_cold_in_harvesting
13,lasso,False,2015-02-09T00:00:00,305,2015-02-09T00:00:00,304,2015-02-09T00:00:00,304,2015-02-02T00:00:00,96,2011-02-14T00:00:00,12,tmin_very_cold_in_planting
13,lasso,False,2015-02-09T00:00:00,305,2015-02-09T00:00:00,304,2015-02-09T00:00:00,304,2015-02-02T00:00:00,96,2011-02-14T00:00:00,12,wheat_monthly_rv
13,lasso,False,2015-02-09T00:00:00,305,2015-02-09T00:00:00,304,2015-02-09T00:00:00,304,2015-02-02T00:00:00,96,2011-02-14T00:00:00,12,wheat_seasonal_rv
13,lasso,False,2015-02-09T00:00:00,305,2015-02-09T00:00:00,304,2015-02-09T00:00:00,304,2015-02-02T00:00:00,96,2011-02-14T00:00:00,12,wheat_weekly_rv
13,lasso,True,2015-04-06T00:00:00,313,2015-04-06T00:00:00,312,2015-04-06T00:00:00,312,2015-03-30T00:00:00,104,2011-04-11T00:00:00,13,awnd_extreme_high_wind_in_harvesting
13,lasso,True,2015-04-06T00:00:00,313,2015-04-06T00:00:00,312,2015-04-06T00:00:00,312,2015-03-30T00:00:00,104,2011-04-11T00:00:00,13,awnd_moderate_high_wind_in_harvesting
13,lasso,True,2015-04-06T00:00:00,313,2015-04-06T00:00:00,312,2015-04-06T00:00:00,312,2015-03-30T00:00:00,104,2011-04-11T00:00:00,13,pdsi_extreme_wet_in_harvesting
13,lasso,True,2015-04-06T00:00:00,313,2015-04-06T00:00:00,312,2015-04-06T00:00:00,312,2015-03-30T00:00:00,104,2011-04-11T00:00:00,13,pdsi_severe_drought_in_harvesting
13,lasso,True,2015-04-06T00:00:00,313,2015-04-06T00:00:00,312,2015-04-06T00:00:00,312,2015-03-30T00:00:00,104,2011-04-11T00:00:00,13,pdsi_severe_drought_in_planting
13,lasso,True,2015-04-06T00:00:00,313,2015-04-06T00:00:00,312,2015-04-06T00:00:00,312,2015-03-30T00:00:00,104,2011-04-11T00:00:00,13,spi_7d_extreme_dry_in_harvesting
13,lasso,True,2015-04-06T00:00:00,313,2015-04-06T00:00:00,312,2015-04-06T00:00:00,312,2015-03-30T00:00:00,104,2011-04-11T00:00:00,13,spi_7d_very_wet_in_planting
13,lasso,True,2015-04-06T00:00:00,313,2015-04-06T00:00:00,312,2015-04-06T00:00:00,312,2015-03-30T00:00:00,104,2011-04-11T00:00:00,13,ssta_lanina
13,lasso,True,2015-04-06T00:00:00,313,2015-04-06T00:00:00,312,2015-04-06T00:00:00,312,2015-03-30T00:00:00,104,2011-04-11T00:00:00,13,tmin_cold_in_harvesting
13,lasso,True,2015-04-06T00:00:00,313,2015-04-06T00:00:00,312,2015-04-06T00:00:00,312,2015-03-30T00:00:00,104,2011-04-11T00:00:00,13,tmin_very_cold_in_planting
13,lasso,True,2015-04-06T00:00:00,313,2015-04-06T00:00:00,312,2015-04-06T00:00:00,312,2015-03-30T00:00:00,104,2011-04-11T00:00:00,13,wheat_monthly_rv
13,lasso,True,2015-04-06T00:00:00,313,2015-04-06T00:00:00,312,2015-04-06T00:00:00,312,2015-03-30T00:00:00,104,2011-04-11T00:00:00,13,wheat_seasonal_rv
13,lasso,True,2015-04-06T00:00:00,313,2015-04-06T00:00:00,312,2015-04-06T00:00:00,312,2015-03-30T00:00:00,104,2011-04-11T00:00:00,13,wheat_weekly_rv
13,lasso,True,2015-06-01T00:00:00,321,2015-06-01T00:00:00,320,2015-06-01T00:00:00,320,2015-05-25T00:00:00,112,2011-06-06T00:00:00,14,awnd_extreme_high_wind_in_harvesting
13,lasso,True,2015-06-01T00:00:00,321,2015-06-01T00:00:00,320,2015-06-01T00:00:00,320,2015-05-25T00:00:00,112,2011-06-06T00:00:00,14,awnd_moderate_high_wind_in_harvesting
13,lasso,True,2015-06-01T00:00:00,321,2015-06-01T00:00:00,320,2015-06-01T00:00:00,320,2015-05-25T00:00:00,112,2011-06-06T00:00:00,14,pdsi_extreme_wet_in_harvesting
13,lasso,True,2015-06-01T00:00:00,321,2015-06-01T00:00:00,320,2015-06-01T00:00:00,320,2015-05-25T00:00:00,112,2011-06-06T00:00:00,14,pdsi_severe_drought_in_harvesting
13,lasso,True,2015-06-01T00:00:00,321,2015-06-01T00:00:00,320,2015-06-01T00:00:00,320,2015-05-25T00:00:00,112,2011-06-06T00:00:00,14,pdsi_severe_drought_in_planting
13,lasso,True,2015-06-01T00:00:00,321,2015-06-01T00:00:00,320,2015-06-01T00:00:00,320,2015-05-25T00:00:00,112,2011-06-06T00:00:00,14,spi_7d_extreme_dry_in_harvesting
13,lasso,True,2015-06-01T00:00:00,321,2015-06-01T00:00:00,320,2015-06-01T00:00:00,320,2015-05-25T00:00:00,112,2011-06-06T00:00:00,14,spi_7d_very_wet_in_planting
13,lasso,True,2015-06-01T00:00:00,321,2015-06-01T00:00:00,320,2015-06-01T00:00:00,320,2015-05-25T00:00:00,112,2011-06-06T00:00:00,14,ssta_lanina
13,lasso,True,2015-06-01T00:00:00,321,2015-06-01T00:00:00,320,2015-06-01T00:00:00,320,2015-05-25T00:00:00,112,2011-06-06T00:00:00,14,tmin_cold_in_harvesting
13,lasso,True,2015-06-01T00:00:00,321,2015-06-01T00:00:00,320,2015-06-01T00:00:00,320,2015-05-25T00:00:00,112,2011-06-06T00:00:00,14,tmin_very_cold_in_planting
13,lasso,True,2015-06-01T00:00:00,321,2015-06-01T00:00:00,320,2015-06-01T00:00:00,320,2015-05-25T00:00:00,112,2011-06-06T00:00:00,14,wheat_monthly_rv
13,lasso,True,2015-06-01T00:00:00,321,2015-06-01T00:00:00,320,2015-06-01T00:00:00,320,2015-05-25T00:00:00,112,2011-06-06T00:00:00,14,wheat_seasonal_rv
13,lasso,True,2015-06-01T00:00:00,321,2015-06-01T00:00:00,320,2015-06-01T00:00:00,320,2015-05-25T00:00:00,112,2011-06-06T00:00:00,14,wheat_weekly_rv
13,lasso,True,2015-07-27T00:00:00,329,2015-07-27T00:00:00,328,2015-07-27T00:00:00,328,2015-07-20T00:00:00,120,2011-08-01T00:00:00,15,awnd_extreme_high_wind_in_harvesting
13,lasso,True,2015-07-27T00:00:00,329,2015-07-27T00:00:00,328,2015-07-27T00:00:00,328,2015-07-20T00:00:00,120,2011-08-01T00:00:00,15,awnd_moderate_high_wind_in_harvesting
13,lasso,True,2015-07-27T00:00:00,329,2015-07-27T00:00:00,328,2015-07-27T00:00:00,328,2015-07-20T00:00:00,120,2011-08-01T00:00:00,15,pdsi_extreme_wet_in_harvesting
13,lasso,True,2015-07-27T00:00:00,329,2015-07-27T00:00:00,328,2015-07-27T00:00:00,328,2015-07-20T00:00:00,120,2011-08-01T00:00:00,15,pdsi_severe_drought_in_harvesting
13,lasso,True,2015-07-27T00:00:00,329,2015-07-27T00:00:00,328,2015-07-27T00:00:00,328,2015-07-20T00:00:00,120,2011-08-01T00:00:00,15,pdsi_severe_drought_in_planting
13,lasso,True,2015-07-27T00:00:00,329,2015-07-27T00:00:00,328,2015-07-27T00:00:00,328,2015-07-20T00:00:00,120,2011-08-01T00:00:00,15,spi_7d_extreme_dry_in_harvesting
13,lasso,True,2015-07-27T00:00:00,329,2015-07-27T00:00:00,328,2015-07-27T00:00:00,328,2015-07-20T00:00:00,120,2011-08-01T00:00:00,15,spi_7d_very_wet_in_planting
13,lasso,True,2015-07-27T00:00:00,329,2015-07-27T00:00:00,328,2015-07-27T00:00:00,328,2015-07-20T00:00:00,120,2011-08-01T00:00:00,15,ssta_lanina
13,lasso,True,2015-07-27T00:00:00,329,2015-07-27T00:00:00,328,2015-07-27T00:00:00,328,2015-07-20T00:00:00,120,2011-08-01T00:00:00,15,tmin_cold_in_harvesting
13,lasso,True,2015-07-27T00:00:00,329,2015-07-27T00:00:00,328,2015-07-27T00:00:00,328,2015-07-20T00:00:00,120,2011-08-01T00:00:00,15,tmin_very_cold_in_planting
13,lasso,True,2015-07-27T00:00:00,329,2015-07-27T00:00:00,328,2015-07-27T00:00:00,328,2015-07-20T00:00:00,120,2011-08-01T00:00:00,15,wheat_monthly_rv
13,lasso,True,2015-07-27T00:00:00,329,2015-07-27T00:00:00,328,2015-07-27T00:00:00,328,2015-07-20T00:00:00,120,2011-08-01T00:00:00,15,wheat_seasonal_rv
13,lasso,True,2015-07-27T00:00:00,329,2015-07-27T00:00:00,328,2015-07-27T00:00:00,328,2015-07-20T00:00:00,120,2011-08-01T00:00:00,15,wheat_weekly_rv
3,lasso,False,2015-09-21T00:00:00,337,2015-09-21T00:00:00,336,2015-09-21T00:00:00,336,2015-09-14T00:00:00,128,2011-09-26T00:00:00,16,wheat_monthly_rv
3,lasso,False,2015-09-21T00:00:00,337,2015-09-21T00:00:00,336,2015-09-21T00:00:00,336,2015-09-14T00:00:00,128,2011-09-26T00:00:00,16,wheat_seasonal_rv
3,lasso,False,2015-09-21T00:00:00,337,2015-09-21T00:00:00,336,2015-09-21T00:00:00,336,2015-09-14T00:00:00,128,2011-09-26T00:00:00,16,wheat_weekly_rv
3,lasso,True,2015-11-16T00:00:00,345,2015-11-16T00:00:00,344,2015-11-16T00:00:00,344,2015-11-09T00:00:00,136,2011-11-21T00:00:00,17,wheat_monthly_rv
3,lasso,True,2015-11-16T00:00:00,345,2015-11-16T00:00:00,344,2015-11-16T00:00:00,344,2015-11-09T00:00:00,136,2011-11-21T00:00:00,17,wheat_seasonal_rv
3,lasso,True,2015-11-16T00:00:00,345,2015-11-16T00:00:00,344,2015-11-16T00:00:00,344,2015-11-09T00:00:00,136,2011-11-21T00:00:00,17,wheat_weekly_rv
3,lasso,True,2016-01-11T00:00:00,353,2016-01-11T00:00:00,352,2016-01-11T00:00:00,352,2016-01-04T00:00:00,144,2012-01-16T00:00:00,18,wheat_monthly_rv
3,lasso,True,2016-01-11T00:00:00,353,2016-01-11T00:00:00,352,2016-01-11T00:00:00,352,2016-01-04T00:00:00,144,2012-01-16T00:00:00,18,wheat_seasonal_rv
3,lasso,True,2016-01-11T00:00:00,353,2016-01-11T00:00:00,352,2016-01-11T00:00:00,352,2016-01-04T00:00:00,144,2012-01-16T00:00:00,18,wheat_weekly_rv
3,lasso,True,2016-03-07T00:00:00,361,2016-03-07T00:00:00,360,2016-03-07T00:00:00,360,2016-02-29T00:00:00,152,2012-03-12T00:00:00,19,wheat_monthly_rv
3,lasso,True,2016-03-07T00:00:00,361,2016-03-07T00:00:00,360,2016-03-07T00:00:00,360,2016-02-29T00:00:00,152,2012-03-12T00:00:00,19,wheat_seasonal_rv
3,lasso,True,2016-03-07T00:00:00,361,2016-03-07T00:00:00,360,2016-03-07T00:00:00,360,2016-02-29T00:00:00,152,2012-03-12T00:00:00,19,wheat_weekly_rv
3,lasso,False,2016-05-02T00:00:00,369,2016-05-02T00:00:00,368,2016-05-02T00:00:00,368,2016-04-25T00:00:00,160,2012-05-07T00:00:00,20,wheat_monthly_rv
3,lasso,False,2016-05-02T00:00:00,369,2016-05-02T00:00:00,368,2016-05-02T00:00:00,368,2016-04-25T00:00:00,160,2012-05-07T00:00:00,20,wheat_seasonal_rv
3,lasso,False,2016-05-02T00:00:00,369,2016-05-02T00:00:00,368,2016-05-02T00:00:00,368,2016-04-25T00:00:00,160,2012-05-07T00:00:00,20,wheat_weekly_rv
3,lasso,True,2016-06-27T00:00:00,377,2016-06-27T00:00:00,376,2016-06-27T00:00:00,376,2016-06-20T00:00:00,168,2012-07-02T00:00:00,21,wheat_monthly_rv
3,lasso,True,2016-06-27T00:00:00,377,2016-06-27T00:00:00,376,2016-06-27T00:00:00,376,2016-06-20T00:00:00,168,2012-07-02T00:00:00,21,wheat_seasonal_rv
3,lasso,True,2016-06-27T00:00:00,377,2016-06-27T00:00:00,376,2016-06-27T00:00:00,376,2016-06-20T00:00:00,168,2012-07-02T00:00:00,21,wheat_weekly_rv
3,lasso,True,2016-08-22T00:00:00,385,2016-08-22T00:00:00,384,2016-08-22T00:00:00,384,2016-08-15T00:00:00,176,2012-08-27T00:00:00,22,wheat_monthly_rv
3,lasso,True,2016-08-22T00:00:00,385,2016-08-22T00:00:00,384,2016-08-22T00:00:00,384,2016-08-15T00:00:00,176,2012-08-27T00:00:00,22,wheat_seasonal_rv
3,lasso,True,2016-08-22T00:00:00,385,2016-08-22T00:00:00,384,2016-08-22T00:00:00,384,2016-08-15T00:00:00,176,2012-08-27T00:00:00,22,wheat_weekly_rv
3,lasso,True,2016-10-17T00:00:00,393,2016-10-17T00:00:00,392,2016-10-17T00:00:00,392,2016-10-10T00:00:00,184,2012-10-22T00:00:00,23,wheat_monthly_rv
3,lasso,True,2016-10-17T00:00:00,393,2016-10-17T00:00:00,392,2016-10-17T00:00:00,392,2016-10-10T00:00:00,184,2012-10-22T00:00:00,23,wheat_seasonal_rv
3,lasso,True,2016-10-17T00:00:00,393,2016-10-17T00:00:00,392,2016-10-17T00:00:00,392,2016-10-10T00:00:00,184,2012-10-22T00:00:00,23,wheat_weekly_rv
3,lasso,False,2016-12-12T00:00:00,401,2016-12-12T00:00:00,400,2016-12-12T00:00:00,400,2016-12-05T00:00:00,192,2012-12-17T00:00:00,24,wheat_monthly_rv
3,lasso,False,2016-12-12T00:00:00,401,2016-12-12T00:00:00,400,2016-12-12T00:00:00,400,2016-12-05T00:00:00,192,2012-12-17T00:00:00,24,wheat_seasonal_rv
3,lasso,False,2016-12-12T00:00:00,401,2016-12-12T00:00:00,400,2016-12-12T00:00:00,400,2016-12-05T00:00:00,192,2012-12-17T00:00:00,24,wheat_weekly_rv
3,lasso,True,2017-02-06T00:00:00,409,2017-02-06T00:00:00,408,2017-02-06T00:00:00,408,2017-01-30T00:00:00,200,2013-02-11T00:00:00,25,wheat_monthly_rv
3,lasso,True,2017-02-06T00:00:00,409,2017-02-06T00:00:00,408,2017-02-06T00:00:00,408,2017-01-30T00:00:00,200,2013-02-11T00:00:00,25,wheat_seasonal_rv
3,lasso,True,2017-02-06T00:00:00,409,2017-02-06T00:00:00,408,2017-02-06T00:00:00,408,2017-01-30T00:00:00,200,2013-02-11T00:00:00,25,wheat_weekly_rv
3,lasso,True,2017-04-03T00:00:00,417,2017-04-03T00:00:00,416,2017-04-03T00:00:00,416,2017-03-27T00:00:00,208,2013-04-08T00:00:00,26,wheat_monthly_rv
3,lasso,True,2017-04-03T00:00:00,417,2017-04-03T00:00:00,416,2017-04-03T00:00:00,416,2017-03-27T00:00:00,208,2013-04-08T00:00:00,26,wheat_seasonal_rv
3,lasso,True,2017-04-03T00:00:00,417,2017-04-03T00:00:00,416,2017-04-03T00:00:00,416,2017-03-27T00:00:00,208,2013-04-08T00:00:00,26,wheat_weekly_rv
3,lasso,True,2017-05-29T00:00:00,425,2017-05-29T00:00:00,424,2017-05-29T00:00:00,424,2017-05-22T00:00:00,216,2013-06-03T00:00:00,27,wheat_monthly_rv
3,lasso,True,2017-05-29T00:00:00,425,2017-05-29T00:00:00,424,2017-05-29T00:00:00,424,2017-05-22T00:00:00,216,2013-06-03T00:00:00,27,wheat_seasonal_rv
3,lasso,True,2017-05-29T00:00:00,425,2017-05-29T00:00:00,424,2017-05-29T00:00:00,424,2017-05-22T00:00:00,216,2013-06-03T00:00:00,27,wheat_weekly_rv
3,lasso,False,2017-07-24T00:00:00,433,2017-07-24T00:00:00,432,2017-07-24T00:00:00,432,2017-07-17T00:00:00,224,2013-07-29T00:00:00,28,wheat_monthly_rv
3,lasso,False,2017-07-24T00:00:00,433,2017-07-24T00:00:00,432,2017-07-24T00:00:00,432,2017-07-17T00:00:00,224,2013-07-29T00:00:00,28,wheat_seasonal_rv
3,lasso,False,2017-07-24T00:00:00,433,2017-07-24T00:00:00,432,2017-07-24T00:00:00,432,2017-07-17T00:00:00,224,2013-07-29T00:00:00,28,wheat_weekly_rv
3,lasso,True,2017-09-18T00:00:00,441,2017-09-18T00:00:00,440,2017-09-18T00:00:00,440,2017-09-11T00:00:00,232,2013-09-23T00:00:00,29,wheat_monthly_rv
3,lasso,True,2017-09-18T00:00:00,441,2017-09-18T00:00:00,440,2017-09-18T00:00:00,440,2017-09-11T00:00:00,232,2013-09-23T00:00:00,29,wheat_seasonal_rv
3,lasso,True,2017-09-18T00:00:00,441,2017-09-18T00:00:00,440,2017-09-18T00:00:00,440,2017-09-11T00:00:00,232,2013-09-23T00:00:00,29,wheat_weekly_rv
3,lasso,True,2017-11-13T00:00:00,449,2017-11-13T00:00:00,448,2017-11-13T00:00:00,448,2017-11-06T00:00:00,240,2013-11-18T00:00:00,30,wheat_monthly_rv
3,lasso,True,2017-11-13T00:00:00,449,2017-11-13T00:00:00,448,2017-11-13T00:00:00,448,2017-11-06T00:00:00,240,2013-11-18T00:00:00,30,wheat_seasonal_rv
3,lasso,True,2017-11-13T00:00:00,449,2017-11-13T00:00:00,448,2017-11-13T00:00:00,448,2017-11-06T00:00:00,240,2013-11-18T00:00:00,30,wheat_weekly_rv
3,lasso,True,2018-01-08T00:00:00,457,2018-01-08T00:00:00,456,2018-01-08T00:00:00,456,2018-01-01T00:00:00,248,2014-01-13T00:00:00,31,wheat_monthly_rv
3,lasso,True,2018-01-08T00:00:00,457,2018-01-08T00:00:00,456,2018-01-08T00:00:00,456,2018-01-01T00:00:00,248,2014-01-13T00:00:00,31,wheat_seasonal_rv
3,lasso,True,2018-01-08T00:00:00,457,2018-01-08T00:00:00,456,2018-01-08T00:00:00,456,2018-01-01T00:00:00,248,2014-01-13T00:00:00,31,wheat_weekly_rv
8,lasso,False,2018-03-05T00:00:00,465,2018-03-05T00:00:00,464,2018-03-05T00:00:00,464,2018-02-26T00:00:00,256,2014-03-10T00:00:00,32,corn_weekly_rv
8,lasso,False,2018-03-05T00:00:00,465,2018-03-05T00:00:00,464,2018-03-05T00:00:00,464,2018-02-26T00:00:00,256,2014-03-10T00:00:00,32,pdsi_severe_drought_in_planting
8,lasso,False,2018-03-05T00:00:00,465,2018-03-05T00:00:00,464,2018-03-05T00:00:00,464,2018-02-26T00:00:00,256,2014-03-10T00:00:00,32,pdsi_very_wet_in_harvesting
8,lasso,False,2018-03-05T00:00:00,465,2018-03-05T00:00:00,464,2018-03-05T00:00:00,464,2018-02-26T00:00:00,256,2014-03-10T00:00:00,32,soybeans_weekly_rv
8,lasso,False,2018-03-05T00:00:00,465,2018-03-05T00:00:00,464,2018-03-05T00:00:00,464,2018-02-26T00:00:00,256,2014-03-10T00:00:00,32,spi_7d_extreme_wet_in_harvesting
8,lasso,False,2018-03-05T00:00:00,465,2018-03-05T00:00:00,464,2018-03-05T00:00:00,464,2018-02-26T00:00:00,256,2014-03-10T00:00:00,32,wheat_monthly_rv
8,lasso,False,2018-03-05T00:00:00,465,2018-03-05T00:00:00,464,2018-03-05T00:00:00,464,2018-02-26T00:00:00,256,2014-03-10T00:00:00,32,wheat_seasonal_rv
8,lasso,False,2018-03-05T00:00:00,465,2018-03-05T00:00:00,464,2018-03-05T00:00:00,464,2018-02-26T00:00:00,256,2014-03-10T00:00:00,32,wheat_weekly_rv
8,lasso,True,2018-04-30T00:00:00,473,2018-04-30T00:00:00,472,2018-04-30T00:00:00,472,2018-04-23T00:00:00,264,2014-05-05T00:00:00,33,corn_weekly_rv
8,lasso,True,2018-04-30T00:00:00,473,2018-04-30T00:00:00,472,2018-04-30T00:00:00,472,2018-04-23T00:00:00,264,2014-05-05T00:00:00,33,pdsi_severe_drought_in_planting
8,lasso,True,2018-04-30T00:00:00,473,2018-04-30T00:00:00,472,2018-04-30T00:00:00,472,2018-04-23T00:00:00,264,2014-05-05T00:00:00,33,pdsi_very_wet_in_harvesting
8,lasso,True,2018-04-30T00:00:00,473,2018-04-30T00:00:00,472,2018-04-30T00:00:00,472,2018-04-23T00:00:00,264,2014-05-05T00:00:00,33,soybeans_weekly_rv
8,lasso,True,2018-04-30T00:00:00,473,2018-04-30T00:00:00,472,2018-04-30T00:00:00,472,2018-04-23T00:00:00,264,2014-05-05T00:00:00,33,spi_7d_extreme_wet_in_harvesting
8,lasso,True,2018-04-30T00:00:00,473,2018-04-30T00:00:00,472,2018-04-30T00:00:00,472,2018-04-23T00:00:00,264,2014-05-05T00:00:00,33,wheat_monthly_rv
8,lasso,True,2018-04-30T00:00:00,473,2018-04-30T00:00:00,472,2018-04-30T00:00:00,472,2018-04-23T00:00:00,264,2014-05-05T00:00:00,33,wheat_seasonal_rv
8,lasso,True,2018-04-30T00:00:00,473,2018-04-30T00:00:00,472,2018-04-30T00:00:00,472,2018-04-23T00:00:00,264,2014-05-05T00:00:00,33,wheat_weekly_rv
8,lasso,True,2018-06-25T00:00:00,481,2018-06-25T00:00:00,480,2018-06-25T00:00:00,480,2018-06-18T00:00:00,272,2014-06-30T00:00:00,34,corn_weekly_rv
8,lasso,True,2018-06-25T00:00:00,481,2018-06-25T00:00:00,480,2018-06-25T00:00:00,480,2018-06-18T00:00:00,272,2014-06-30T00:00:00,34,pdsi_severe_drought_in_planting
8,lasso,True,2018-06-25T00:00:00,481,2018-06-25T00:00:00,480,2018-06-25T00:00:00,480,2018-06-18T00:00:00,272,2014-06-30T00:00:00,34,pdsi_very_wet_in_harvesting
8,lasso,True,2018-06-25T00:00:00,481,2018-06-25T00:00:00,480,2018-06-25T00:00:00,480,2018-06-18T00:00:00,272,2014-06-30T00:00:00,34,soybeans_weekly_rv
8,lasso,True,2018-06-25T00:00:00,481,2018-06-25T00:00:00,480,2018-06-25T00:00:00,480,2018-06-18T00:00:00,272,2014-06-30T00:00:00,34,spi_7d_extreme_wet_in_harvesting
8,lasso,True,2018-06-25T00:00:00,481,2018-06-25T00:00:00,480,2018-06-25T00:00:00,480,2018-06-18T00:00:00,272,2014-06-30T00:00:00,34,wheat_monthly_rv
8,lasso,True,2018-06-25T00:00:00,481,2018-06-25T00:00:00,480,2018-06-25T00:00:00,480,2018-06-18T00:00:00,272,2014-06-30T00:00:00,34,wheat_seasonal_rv
8,lasso,True,2018-06-25T00:00:00,481,2018-06-25T00:00:00,480,2018-06-25T00:00:00,480,2018-06-18T00:00:00,272,2014-06-30T00:00:00,34,wheat_weekly_rv
8,lasso,True,2018-08-20T00:00:00,489,2018-08-20T00:00:00,488,2018-08-20T00:00:00,488,2018-08-13T00:00:00,280,2014-08-25T00:00:00,35,corn_weekly_rv
8,lasso,True,2018-08-20T00:00:00,489,2018-08-20T00:00:00,488,2018-08-20T00:00:00,488,2018-08-13T00:00:00,280,2014-08-25T00:00:00,35,pdsi_severe_drought_in_planting
8,lasso,True,2018-08-20T00:00:00,489,2018-08-20T00:00:00,488,2018-08-20T00:00:00,488,2018-08-13T00:00:00,280,2014-08-25T00:00:00,35,pdsi_very_wet_in_harvesting
8,lasso,True,2018-08-20T00:00:00,489,2018-08-20T00:00:00,488,2018-08-20T00:00:00,488,2018-08-13T00:00:00,280,2014-08-25T00:00:00,35,soybeans_weekly_rv
8,lasso,True,2018-08-20T00:00:00,489,2018-08-20T00:00:00,488,2018-08-20T00:00:00,488,2018-08-13T00:00:00,280,2014-08-25T00:00:00,35,spi_7d_extreme_wet_in_harvesting
8,lasso,True,2018-08-20T00:00:00,489,2018-08-20T00:00:00,488,2018-08-20T00:00:00,488,2018-08-13T00:00:00,280,2014-08-25T00:00:00,35,wheat_monthly_rv
8,lasso,True,2018-08-20T00:00:00,489,2018-08-20T00:00:00,488,2018-08-20T00:00:00,488,2018-08-13T00:00:00,280,2014-08-25T00:00:00,35,wheat_seasonal_rv
8,lasso,True,2018-08-20T00:00:00,489,2018-08-20T00:00:00,488,2018-08-20T00:00:00,488,2018-08-13T00:00:00,280,2014-08-25T00:00:00,35,wheat_weekly_rv
8,lasso,False,2018-10-15T00:00:00,497,2018-10-15T00:00:00,496,2018-10-15T00:00:00,496,2018-10-08T00:00:00,288,2014-10-20T00:00:00,36,pdsi_extreme_wet_in_planting
8,lasso,False,2018-10-15T00:00:00,497,2018-10-15T00:00:00,496,2018-10-15T00:00:00,496,2018-10-08T00:00:00,288,2014-10-20T00:00:00,36,soybeans_weekly_rv
8,lasso,False,2018-10-15T00:00:00,497,2018-10-15T00:00:00,496,2018-10-15T00:00:00,496,2018-10-08T00:00:00,288,2014-10-20T00:00:00,36,spi_7d_very_wet_in_harvesting
8,lasso,False,2018-10-15T00:00:00,497,2018-10-15T00:00:00,496,2018-10-15T00:00:00,496,2018-10-08T00:00:00,288,2014-10-20T00:00:00,36,tmax_hot_in_harvesting
8,lasso,False,2018-10-15T00:00:00,497,2018-10-15T00:00:00,496,2018-10-15T00:00:00,496,2018-10-08T00:00:00,288,2014-10-20T00:00:00,36,tmax_very_hot_in_harvesting
8,lasso,False,2018-10-15T00:00:00,497,2018-10-15T00:00:00,496,2018-10-15T00:00:00,496,2018-10-08T00:00:00,288,2014-10-20T00:00:00,36,wheat_monthly_rv
8,lasso,False,2018-10-15T00:00:00,497,2018-10-15T00:00:00,496,2018-10-15T00:00:00,496,2018-10-08T00:00:00,288,2014-10-20T00:00:00,36,wheat_seasonal_rv
8,lasso,False,2018-10-15T00:00:00,497,2018-10-15T00:00:00,496,2018-10-15T00:00:00,496,2018-10-08T00:00:00,288,2014-10-20T00:00:00,36,wheat_weekly_rv
8,lasso,True,2018-12-10T00:00:00,505,2018-12-10T00:00:00,504,2018-12-10T00:00:00,504,2018-12-03T00:00:00,296,2014-12-15T00:00:00,37,pdsi_extreme_wet_in_planting
8,lasso,True,2018-12-10T00:00:00,505,2018-12-10T00:00:00,504,2018-12-10T00:00:00,504,2018-12-03T00:00:00,296,2014-12-15T00:00:00,37,soybeans_weekly_rv
8,lasso,True,2018-12-10T00:00:00,505,2018-12-10T00:00:00,504,2018-12-10T00:00:00,504,2018-12-03T00:00:00,296,2014-12-15T00:00:00,37,spi_7d_very_wet_in_harvesting
8,lasso,True,2018-12-10T00:00:00,505,2018-12-10T00:00:00,504,2018-12-10T00:00:00,504,2018-12-03T00:00:00,296,2014-12-15T00:00:00,37,tmax_hot_in_harvesting
8,lasso,True,2018-12-10T00:00:00,505,2018-12-10T00:00:00,504,2018-12-10T00:00:00,504,2018-12-03T00:00:00,296,2014-12-15T00:00:00,37,tmax_very_hot_in_harvesting
8,lasso,True,2018-12-10T00:00:00,505,2018-12-10T00:00:00,504,2018-12-10T00:00:00,504,2018-12-03T00:00:00,296,2014-12-15T00:00:00,37,wheat_monthly_rv
8,lasso,True,2018-12-10T00:00:00,505,2018-12-10T00:00:00,504,2018-12-10T00:00:00,504,2018-12-03T00:00:00,296,2014-12-15T00:00:00,37,wheat_seasonal_rv
8,lasso,True,2018-12-10T00:00:00,505,2018-12-10T00:00:00,504,2018-12-10T00:00:00,504,2018-12-03T00:00:00,296,2014-12-15T00:00:00,37,wheat_weekly_rv
8,lasso,True,2019-02-04T00:00:00,513,2019-02-04T00:00:00,512,2019-02-04T00:00:00,512,2019-01-28T00:00:00,304,2015-02-09T00:00:00,38,pdsi_extreme_wet_in_planting
8,lasso,True,2019-02-04T00:00:00,513,2019-02-04T00:00:00,512,2019-02-04T00:00:00,512,2019-01-28T00:00:00,304,2015-02-09T00:00:00,38,soybeans_weekly_rv
8,lasso,True,2019-02-04T00:00:00,513,2019-02-04T00:00:00,512,2019-02-04T00:00:00,512,2019-01-28T00:00:00,304,2015-02-09T00:00:00,38,spi_7d_very_wet_in_harvesting
8,lasso,True,2019-02-04T00:00:00,513,2019-02-04T00:00:00,512,2019-02-04T00:00:00,512,2019-01-28T00:00:00,304,2015-02-09T00:00:00,38,tmax_hot_in_harvesting
8,lasso,True,2019-02-04T00:00:00,513,2019-02-04T00:00:00,512,2019-02-04T00:00:00,512,2019-01-28T00:00:00,304,2015-02-09T00:00:00,38,tmax_very_hot_in_harvesting
8,lasso,True,2019-02-04T00:00:00,513,2019-02-04T00:00:00,512,2019-02-04T00:00:00,512,2019-01-28T00:00:00,304,2015-02-09T00:00:00,38,wheat_monthly_rv
8,lasso,True,2019-02-04T00:00:00,513,2019-02-04T00:00:00,512,2019-02-04T00:00:00,512,2019-01-28T00:00:00,304,2015-02-09T00:00:00,38,wheat_seasonal_rv
8,lasso,True,2019-02-04T00:00:00,513,2019-02-04T00:00:00,512,2019-02-04T00:00:00,512,2019-01-28T00:00:00,304,2015-02-09T00:00:00,38,wheat_weekly_rv
8,lasso,True,2019-04-01T00:00:00,521,2019-04-01T00:00:00,520,2019-04-01T00:00:00,520,2019-03-25T00:00:00,312,2015-04-06T00:00:00,39,pdsi_extreme_wet_in_planting
8,lasso,True,2019-04-01T00:00:00,521,2019-04-01T00:00:00,520,2019-04-01T00:00:00,520,2019-03-25T00:00:00,312,2015-04-06T00:00:00,39,soybeans_weekly_rv
8,lasso,True,2019-04-01T00:00:00,521,2019-04-01T00:00:00,520,2019-04-01T00:00:00,520,2019-03-25T00:00:00,312,2015-04-06T00:00:00,39,spi_7d_very_wet_in_harvesting
8,lasso,True,2019-04-01T00:00:00,521,2019-04-01T00:00:00,520,2019-04-01T00:00:00,520,2019-03-25T00:00:00,312,2015-04-06T00:00:00,39,tmax_hot_in_harvesting
8,lasso,True,2019-04-01T00:00:00,521,2019-04-01T00:00:00,520,2019-04-01T00:00:00,520,2019-03-25T00:00:00,312,2015-04-06T00:00:00,39,tmax_very_hot_in_harvesting
8,lasso,True,2019-04-01T00:00:00,521,2019-04-01T00:00:00,520,2019-04-01T00:00:00,520,2019-03-25T00:00:00,312,2015-04-06T00:00:00,39,wheat_monthly_rv
8,lasso,True,2019-04-01T00:00:00,521,2019-04-01T00:00:00,520,2019-04-01T00:00:00,520,2019-03-25T00:00:00,312,2015-04-06T00:00:00,39,wheat_seasonal_rv
8,lasso,True,2019-04-01T00:00:00,521,2019-04-01T00:00:00,520,2019-04-01T00:00:00,520,2019-03-25T00:00:00,312,2015-04-06T00:00:00,39,wheat_weekly_rv
10,lasso,False,2019-05-27T00:00:00,529,2019-05-27T00:00:00,528,2019-05-27T00:00:00,528,2019-05-20T00:00:00,320,2015-06-01T00:00:00,40,pdsi_very_wet_in_harvesting
10,lasso,False,2019-05-27T00:00:00,529,2019-05-27T00:00:00,528,2019-05-27T00:00:00,528,2019-05-20T00:00:00,320,2015-06-01T00:00:00,40,spi_7d_very_dry_in_planting
10,lasso,False,2019-05-27T00:00:00,529,2019-05-27T00:00:00,528,2019-05-27T00:00:00,528,2019-05-20T00:00:00,320,2015-06-01T00:00:00,40,spi_7d_very_wet_in_harvesting
10,lasso,False,2019-05-27T00:00:00,529,2019-05-27T00:00:00,528,2019-05-27T00:00:00,528,2019-05-20T00:00:00,320,2015-06-01T00:00:00,40,ssta_elino
10,lasso,False,2019-05-27T00:00:00,529,2019-05-27T00:00:00,528,2019-05-27T00:00:00,528,2019-05-20T00:00:00,320,2015-06-01T00:00:00,40,tmax_hot_in_harvesting
10,lasso,False,2019-05-27T00:00:00,529,2019-05-27T00:00:00,528,2019-05-27T00:00:00,528,2019-05-20T00:00:00,320,2015-06-01T00:00:00,40,tmax_very_hot_in_harvesting
10,lasso,False,2019-05-27T00:00:00,529,2019-05-27T00:00:00,528,2019-05-27T00:00:00,528,2019-05-20T00:00:00,320,2015-06-01T00:00:00,40,tmin_very_cold_in_planting
10,lasso,False,2019-05-27T00:00:00,529,2019-05-27T00:00:00,528,2019-05-27T00:00:00,528,2019-05-20T00:00:00,320,2015-06-01T00:00:00,40,wheat_monthly_rv
10,lasso,False,2019-05-27T00:00:00,529,2019-05-27T00:00:00,528,2019-05-27T00:00:00,528,2019-05-20T00:00:00,320,2015-06-01T00:00:00,40,wheat_seasonal_rv
10,lasso,False,2019-05-27T00:00:00,529,2019-05-27T00:00:00,528,2019-05-27T00:00:00,528,2019-05-20T00:00:00,320,2015-06-01T00:00:00,40,wheat_weekly_rv
10,lasso,True,2019-07-22T00:00:00,537,2019-07-22T00:00:00,536,2019-07-22T00:00:00,536,2019-07-15T00:00:00,328,2015-07-27T00:00:00,41,pdsi_very_wet_in_harvesting
10,lasso,True,2019-07-22T00:00:00,537,2019-07-22T00:00:00,536,2019-07-22T00:00:00,536,2019-07-15T00:00:00,328,2015-07-27T00:00:00,41,spi_7d_very_dry_in_planting
10,lasso,True,2019-07-22T00:00:00,537,2019-07-22T00:00:00,536,2019-07-22T00:00:00,536,2019-07-15T00:00:00,328,2015-07-27T00:00:00,41,spi_7d_very_wet_in_harvesting
10,lasso,True,2019-07-22T00:00:00,537,2019-07-22T00:00:00,536,2019-07-22T00:00:00,536,2019-07-15T00:00:00,328,2015-07-27T00:00:00,41,ssta_elino
10,lasso,True,2019-07-22T00:00:00,537,2019-07-22T00:00:00,536,2019-07-22T00:00:00,536,2019-07-15T00:00:00,328,2015-07-27T00:00:00,41,tmax_hot_in_harvesting
10,lasso,True,2019-07-22T00:00:00,537,2019-07-22T00:00:00,536,2019-07-22T00:00:00,536,2019-07-15T00:00:00,328,2015-07-27T00:00:00,41,tmax_very_hot_in_harvesting
10,lasso,True,2019-07-22T00:00:00,537,2019-07-22T00:00:00,536,2019-07-22T00:00:00,536,2019-07-15T00:00:00,328,2015-07-27T00:00:00,41,tmin_very_cold_in_planting
10,lasso,True,2019-07-22T00:00:00,537,2019-07-22T00:00:00,536,2019-07-22T00:00:00,536,2019-07-15T00:00:00,328,2015-07-27T00:00:00,41,wheat_monthly_rv
10,lasso,True,2019-07-22T00:00:00,537,2019-07-22T00:00:00,536,2019-07-22T00:00:00,536,2019-07-15T00:00:00,328,2015-07-27T00:00:00,41,wheat_seasonal_rv
10,lasso,True,2019-07-22T00:00:00,537,2019-07-22T00:00:00,536,2019-07-22T00:00:00,536,2019-07-15T00:00:00,328,2015-07-27T00:00:00,41,wheat_weekly_rv
10,lasso,True,2019-09-16T00:00:00,545,2019-09-16T00:00:00,544,2019-09-16T00:00:00,544,2019-09-09T00:00:00,336,2015-09-21T00:00:00,42,pdsi_very_wet_in_harvesting
10,lasso,True,2019-09-16T00:00:00,545,2019-09-16T00:00:00,544,2019-09-16T00:00:00,544,2019-09-09T00:00:00,336,2015-09-21T00:00:00,42,spi_7d_very_dry_in_planting
10,lasso,True,2019-09-16T00:00:00,545,2019-09-16T00:00:00,544,2019-09-16T00:00:00,544,2019-09-09T00:00:00,336,2015-09-21T00:00:00,42,spi_7d_very_wet_in_harvesting
10,lasso,True,2019-09-16T00:00:00,545,2019-09-16T00:00:00,544,2019-09-16T00:00:00,544,2019-09-09T00:00:00,336,2015-09-21T00:00:00,42,ssta_elino
10,lasso,True,2019-09-16T00:00:00,545,2019-09-16T00:00:00,544,2019-09-16T00:00:00,544,2019-09-09T00:00:00,336,2015-09-21T00:00:00,42,tmax_hot_in_harvesting
10,lasso,True,2019-09-16T00:00:00,545,2019-09-16T00:00:00,544,2019-09-16T00:00:00,544,2019-09-09T00:00:00,336,2015-09-21T00:00:00,42,tmax_very_hot_in_harvesting
10,lasso,True,2019-09-16T00:00:00,545,2019-09-16T00:00:00,544,2019-09-16T00:00:00,544,2019-09-09T00:00:00,336,2015-09-21T00:00:00,42,tmin_very_cold_in_planting
10,lasso,True,2019-09-16T00:00:00,545,2019-09-16T00:00:00,544,2019-09-16T00:00:00,544,2019-09-09T00:00:00,336,2015-09-21T00:00:00,42,wheat_monthly_rv
10,lasso,True,2019-09-16T00:00:00,545,2019-09-16T00:00:00,544,2019-09-16T00:00:00,544,2019-09-09T00:00:00,336,2015-09-21T00:00:00,42,wheat_seasonal_rv
10,lasso,True,2019-09-16T00:00:00,545,2019-09-16T00:00:00,544,2019-09-16T00:00:00,544,2019-09-09T00:00:00,336,2015-09-21T00:00:00,42,wheat_weekly_rv
10,lasso,True,2019-11-11T00:00:00,553,2019-11-11T00:00:00,552,2019-11-11T00:00:00,552,2019-11-04T00:00:00,344,2015-11-16T00:00:00,43,pdsi_very_wet_in_harvesting
10,lasso,True,2019-11-11T00:00:00,553,2019-11-11T00:00:00,552,2019-11-11T00:00:00,552,2019-11-04T00:00:00,344,2015-11-16T00:00:00,43,spi_7d_very_dry_in_planting
10,lasso,True,2019-11-11T00:00:00,553,2019-11-11T00:00:00,552,2019-11-11T00:00:00,552,2019-11-04T00:00:00,344,2015-11-16T00:00:00,43,spi_7d_very_wet_in_harvesting
10,lasso,True,2019-11-11T00:00:00,553,2019-11-11T00:00:00,552,2019-11-11T00:00:00,552,2019-11-04T00:00:00,344,2015-11-16T00:00:00,43,ssta_elino
10,lasso,True,2019-11-11T00:00:00,553,2019-11-11T00:00:00,552,2019-11-11T00:00:00,552,2019-11-04T00:00:00,344,2015-11-16T00:00:00,43,tmax_hot_in_harvesting
10,lasso,True,2019-11-11T00:00:00,553,2019-11-11T00:00:00,552,2019-11-11T00:00:00,552,2019-11-04T00:00:00,344,2015-11-16T00:00:00,43,tmax_very_hot_in_harvesting
10,lasso,True,2019-11-11T00:00:00,553,2019-11-11T00:00:00,552,2019-11-11T00:00:00,552,2019-11-04T00:00:00,344,2015-11-16T00:00:00,43,tmin_very_cold_in_planting
10,lasso,True,2019-11-11T00:00:00,553,2019-11-11T00:00:00,552,2019-11-11T00:00:00,552,2019-11-04T00:00:00,344,2015-11-16T00:00:00,43,wheat_monthly_rv
10,lasso,True,2019-11-11T00:00:00,553,2019-11-11T00:00:00,552,2019-11-11T00:00:00,552,2019-11-04T00:00:00,344,2015-11-16T00:00:00,43,wheat_seasonal_rv
10,lasso,True,2019-11-11T00:00:00,553,2019-11-11T00:00:00,552,2019-11-11T00:00:00,552,2019-11-04T00:00:00,344,2015-11-16T00:00:00,43,wheat_weekly_rv
4,lasso,False,2020-01-06T00:00:00,561,2020-01-06T00:00:00,560,2020-01-06T00:00:00,560,2019-12-30T00:00:00,352,2016-01-11T00:00:00,44,tmax_hot_in_harvesting
4,lasso,False,2020-01-06T00:00:00,561,2020-01-06T00:00:00,560,2020-01-06T00:00:00,560,2019-12-30T00:00:00,352,2016-01-11T00:00:00,44,wheat_monthly_rv
4,lasso,False,2020-01-06T00:00:00,561,2020-01-06T00:00:00,560,2020-01-06T00:00:00,560,2019-12-30T00:00:00,352,2016-01-11T00:00:00,44,wheat_seasonal_rv
4,lasso,False,2020-01-06T00:00:00,561,2020-01-06T00:00:00,560,2020-01-06T00:00:00,560,2019-12-30T00:00:00,352,2016-01-11T00:00:00,44,wheat_weekly_rv
4,lasso,True,2020-03-02T00:00:00,569,2020-03-02T00:00:00,568,2020-03-02T00:00:00,568,2020-02-24T00:00:00,360,2016-03-07T00:00:00,45,tmax_hot_in_harvesting
4,lasso,True,2020-03-02T00:00:00,569,2020-03-02T00:00:00,568,2020-03-02T00:00:00,568,2020-02-24T00:00:00,360,2016-03-07T00:00:00,45,wheat_monthly_rv
4,lasso,True,2020-03-02T00:00:00,569,2020-03-02T00:00:00,568,2020-03-02T00:00:00,568,2020-02-24T00:00:00,360,2016-03-07T00:00:00,45,wheat_seasonal_rv
4,lasso,True,2020-03-02T00:00:00,569,2020-03-02T00:00:00,568,2020-03-02T00:00:00,568,2020-02-24T00:00:00,360,2016-03-07T00:00:00,45,wheat_weekly_rv
4,lasso,True,2020-04-27T00:00:00,577,2020-04-27T00:00:00,576,2020-04-27T00:00:00,576,2020-04-20T00:00:00,368,2016-05-02T00:00:00,46,tmax_hot_in_harvesting
4,lasso,True,2020-04-27T00:00:00,577,2020-04-27T00:00:00,576,2020-04-27T00:00:00,576,2020-04-20T00:00:00,368,2016-05-02T00:00:00,46,wheat_monthly_rv
4,lasso,True,2020-04-27T00:00:00,577,2020-04-27T00:00:00,576,2020-04-27T00:00:00,576,2020-04-20T00:00:00,368,2016-05-02T00:00:00,46,wheat_seasonal_rv
4,lasso,True,2020-04-27T00:00:00,577,2020-04-27T00:00:00,576,2020-04-27T00:00:00,576,2020-04-20T00:00:00,368,2016-05-02T00:00:00,46,wheat_weekly_rv
4,lasso,True,2020-06-22T00:00:00,585,2020-06-22T00:00:00,584,2020-06-22T00:00:00,584,2020-06-15T00:00:00,376,2016-06-27T00:00:00,47,tmax_hot_in_harvesting
4,lasso,True,2020-06-22T00:00:00,585,2020-06-22T00:00:00,584,2020-06-22T00:00:00,584,2020-06-15T00:00:00,376,2016-06-27T00:00:00,47,wheat_monthly_rv
4,lasso,True,2020-06-22T00:00:00,585,2020-06-22T00:00:00,584,2020-06-22T00:00:00,584,2020-06-15T00:00:00,376,2016-06-27T00:00:00,47,wheat_seasonal_rv
4,lasso,True,2020-06-22T00:00:00,585,2020-06-22T00:00:00,584,2020-06-22T00:00:00,584,2020-06-15T00:00:00,376,2016-06-27T00:00:00,47,wheat_weekly_rv
3,lasso,False,2020-08-17T00:00:00,593,2020-08-17T00:00:00,592,2020-08-17T00:00:00,592,2020-08-10T00:00:00,384,2016-08-22T00:00:00,48,wheat_monthly_rv
3,lasso,False,2020-08-17T00:00:00,593,2020-08-17T00:00:00,592,2020-08-17T00:00:00,592,2020-08-10T00:00:00,384,2016-08-22T00:00:00,48,wheat_seasonal_rv
3,lasso,False,2020-08-17T00:00:00,593,2020-08-17T00:00:00,592,2020-08-17T00:00:00,592,2020-08-10T00:00:00,384,2016-08-22T00:00:00,48,wheat_weekly_rv
3,lasso,True,2020-10-12T00:00:00,601,2020-10-12T00:00:00,600,2020-10-12T00:00:00,600,2020-10-05T00:00:00,392,2016-10-17T00:00:00,49,wheat_monthly_rv
3,lasso,True,2020-10-12T00:00:00,601,2020-10-12T00:00:00,600,2020-10-12T00:00:00,600,2020-10-05T00:00:00,392,2016-10-17T00:00:00,49,wheat_seasonal_rv
3,lasso,True,2020-10-12T00:00:00,601,2020-10-12T00:00:00,600,2020-10-12T00:00:00,600,2020-10-05T00:00:00,392,2016-10-17T00:00:00,49,wheat_weekly_rv
3,lasso,True,2020-12-07T00:00:00,609,2020-12-07T00:00:00,608,2020-12-07T00:00:00,608,2020-11-30T00:00:00,400,2016-12-12T00:00:00,50,wheat_monthly_rv
3,lasso,True,2020-12-07T00:00:00,609,2020-12-07T00:00:00,608,2020-12-07T00:00:00,608,2020-11-30T00:00:00,400,2016-12-12T00:00:00,50,wheat_seasonal_rv
3,lasso,True,2020-12-07T00:00:00,609,2020-12-07T00:00:00,608,2020-12-07T00:00:00,608,2020-11-30T00:00:00,400,2016-12-12T00:00:00,50,wheat_weekly_rv
3,lasso,True,2021-02-01T00:00:00,617,2021-02-01T00:00:00,616,2021-02-01T00:00:00,616,2021-01-25T00:00:00,408,2017-02-06T00:00:00,51,wheat_monthly_rv
3,lasso,True,2021-02-01T00:00:00,617,2021-02-01T00:00:00,616,2021-02-01T00:00:00,616,2021-01-25T00:00:00,408,2017-02-06T00:00:00,51,wheat_seasonal_rv
3,lasso,True,2021-02-01T00:00:00,617,2021-02-01T00:00:00,616,2021-02-01T00:00:00,616,2021-01-25T00:00:00,408,2017-02-06T00:00:00,51,wheat_weekly_rv
3,lasso,False,2021-03-29T00:00:00,625,2021-03-29T00:00:00,624,2021-03-29T00:00:00,624,2021-03-22T00:00:00,416,2017-04-03T00:00:00,52,wheat_monthly_rv
3,lasso,False,2021-03-29T00:00:00,625,2021-03-29T00:00:00,624,2021-03-29T00:00:00,624,2021-03-22T00:00:00,416,2017-04-03T00:00:00,52,wheat_seasonal_rv
3,lasso,False,2021-03-29T00:00:00,625,2021-03-29T00:00:00,624,2021-03-29T00:00:00,624,2021-03-22T00:00:00,416,2017-04-03T00:00:00,52,wheat_weekly_rv
3,lasso,True,2021-05-24T00:00:00,633,2021-05-24T00:00:00,632,2021-05-24T00:00:00,632,2021-05-17T00:00:00,424,2017-05-29T00:00:00,53,wheat_monthly_rv
3,lasso,True,2021-05-24T00:00:00,633,2021-05-24T00:00:00,632,2021-05-24T00:00:00,632,2021-05-17T00:00:00,424,2017-05-29T00:00:00,53,wheat_seasonal_rv
3,lasso,True,2021-05-24T00:00:00,633,2021-05-24T00:00:00,632,2021-05-24T00:00:00,632,2021-05-17T00:00:00,424,2017-05-29T00:00:00,53,wheat_weekly_rv
3,lasso,True,2021-07-19T00:00:00,641,2021-07-19T00:00:00,640,2021-07-19T00:00:00,640,2021-07-12T00:00:00,432,2017-07-24T00:00:00,54,wheat_monthly_rv
3,lasso,True,2021-07-19T00:00:00,641,2021-07-19T00:00:00,640,2021-07-19T00:00:00,640,2021-07-12T00:00:00,432,2017-07-24T00:00:00,54,wheat_seasonal_rv
3,lasso,True,2021-07-19T00:00:00,641,2021-07-19T00:00:00,640,2021-07-19T00:00:00,640,2021-07-12T00:00:00,432,2017-07-24T00:00:00,54,wheat_weekly_rv
3,lasso,True,2021-09-13T00:00:00,649,2021-09-13T00:00:00,648,2021-09-13T00:00:00,648,2021-09-06T00:00:00,440,2017-09-18T00:00:00,55,wheat_monthly_rv
3,lasso,True,2021-09-13T00:00:00,649,2021-09-13T00:00:00,648,2021-09-13T00:00:00,648,2021-09-06T00:00:00,440,2017-09-18T00:00:00,55,wheat_seasonal_rv
3,lasso,True,2021-09-13T00:00:00,649,2021-09-13T00:00:00,648,2021-09-13T00:00:00,648,2021-09-06T00:00:00,440,2017-09-18T00:00:00,55,wheat_weekly_rv
3,lasso,False,2021-11-08T00:00:00,657,2021-11-08T00:00:00,656,2021-11-08T00:00:00,656,2021-11-01T00:00:00,448,2017-11-13T00:00:00,56,wheat_monthly_rv
3,lasso,False,2021-11-08T00:00:00,657,2021-11-08T00:00:00,656,2021-11-08T00:00:00,656,2021-11-01T00:00:00,448,2017-11-13T00:00:00,56,wheat_seasonal_rv
3,lasso,False,2021-11-08T00:00:00,657,2021-11-08T00:00:00,656,2021-11-08T00:00:00,656,2021-11-01T00:00:00,448,2017-11-13T00:00:00,56,wheat_weekly_rv
3,lasso,True,2022-01-03T00:00:00,665,2022-01-03T00:00:00,664,2022-01-03T00:00:00,664,2021-12-27T00:00:00,456,2018-01-08T00:00:00,57,wheat_monthly_rv
3,lasso,True,2022-01-03T00:00:00,665,2022-01-03T00:00:00,664,2022-01-03T00:00:00,664,2021-12-27T00:00:00,456,2018-01-08T00:00:00,57,wheat_seasonal_rv
3,lasso,True,2022-01-03T00:00:00,665,2022-01-03T00:00:00,664,2022-01-03T00:00:00,664,2021-12-27T00:00:00,456,2018-01-08T00:00:00,57,wheat_weekly_rv
3,lasso,True,2022-02-28T00:00:00,673,2022-02-28T00:00:00,672,2022-02-28T00:00:00,672,2022-02-21T00:00:00,464,2018-03-05T00:00:00,58,wheat_monthly_rv
3,lasso,True,2022-02-28T00:00:00,673,2022-02-28T00:00:00,672,2022-02-28T00:00:00,672,2022-02-21T00:00:00,464,2018-03-05T00:00:00,58,wheat_seasonal_rv
3,lasso,True,2022-02-28T00:00:00,673,2022-02-28T00:00:00,672,2022-02-28T00:00:00,672,2022-02-21T00:00:00,464,2018-03-05T00:00:00,58,wheat_weekly_rv
3,lasso,True,2022-04-25T00:00:00,681,2022-04-25T00:00:00,680,2022-04-25T00:00:00,680,2022-04-18T00:00:00,472,2018-04-30T00:00:00,59,wheat_monthly_rv
3,lasso,True,2022-04-25T00:00:00,681,2022-04-25T00:00:00,680,2022-04-25T00:00:00,680,2022-04-18T00:00:00,472,2018-04-30T00:00:00,59,wheat_seasonal_rv
3,lasso,True,2022-04-25T00:00:00,681,2022-04-25T00:00:00,680,2022-04-25T00:00:00,680,2022-04-18T00:00:00,472,2018-04-30T00:00:00,59,wheat_weekly_rv
16,lasso,False,2022-06-20T00:00:00,689,2022-06-20T00:00:00,688,2022-06-20T00:00:00,688,2022-06-13T00:00:00,480,2018-06-25T00:00:00,60,SOI_index
16,lasso,False,2022-06-20T00:00:00,689,2022-06-20T00:00:00,688,2022-06-20T00:00:00,688,2022-06-13T00:00:00,480,2018-06-25T00:00:00,60,awnd_extreme_high_wind_in_harvesting
16,lasso,False,2022-06-20T00:00:00,689,2022-06-20T00:00:00,688,2022-06-20T00:00:00,688,2022-06-13T00:00:00,480,2018-06-25T00:00:00,60,awnd_moderate_high_wind_in_harvesting
16,lasso,False,2022-06-20T00:00:00,689,2022-06-20T00:00:00,688,2022-06-20T00:00:00,688,2022-06-13T00:00:00,480,2018-06-25T00:00:00,60,pdsi_extreme_drought_in_planting
16,lasso,False,2022-06-20T00:00:00,689,2022-06-20T00:00:00,688,2022-06-20T00:00:00,688,2022-06-13T00:00:00,480,2018-06-25T00:00:00,60,pdsi_extreme_wet_in_planting
16,lasso,False,2022-06-20T00:00:00,689,2022-06-20T00:00:00,688,2022-06-20T00:00:00,688,2022-06-13T00:00:00,480,2018-06-25T00:00:00,60,pdsi_severe_drought_in_harvesting
16,lasso,False,2022-06-20T00:00:00,689,2022-06-20T00:00:00,688,2022-06-20T00:00:00,688,2022-06-13T00:00:00,480,2018-06-25T00:00:00,60,pdsi_severe_drought_in_planting
16,lasso,False,2022-06-20T00:00:00,689,2022-06-20T00:00:00,688,2022-06-20T00:00:00,688,2022-06-13T00:00:00,480,2018-06-25T00:00:00,60,spi_7d_very_dry_in_planting
16,lasso,False,2022-06-20T00:00:00,689,2022-06-20T00:00:00,688,2022-06-20T00:00:00,688,2022-06-13T00:00:00,480,2018-06-25T00:00:00,60,spi_7d_very_wet_in_planting
16,lasso,False,2022-06-20T00:00:00,689,2022-06-20T00:00:00,688,2022-06-20T00:00:00,688,2022-06-13T00:00:00,480,2018-06-25T00:00:00,60,ssta_elino
16,lasso,False,2022-06-20T00:00:00,689,2022-06-20T00:00:00,688,2022-06-20T00:00:00,688,2022-06-13T00:00:00,480,2018-06-25T00:00:00,60,ssta_lanina
16,lasso,False,2022-06-20T00:00:00,689,2022-06-20T00:00:00,688,2022-06-20T00:00:00,688,2022-06-13T00:00:00,480,2018-06-25T00:00:00,60,tmin_cold_in_planting
16,lasso,False,2022-06-20T00:00:00,689,2022-06-20T00:00:00,688,2022-06-20T00:00:00,688,2022-06-13T00:00:00,480,2018-06-25T00:00:00,60,tmin_very_cold_in_planting
16,lasso,False,2022-06-20T00:00:00,689,2022-06-20T00:00:00,688,2022-06-20T00:00:00,688,2022-06-13T00:00:00,480,2018-06-25T00:00:00,60,wheat_monthly_rv
16,lasso,False,2022-06-20T00:00:00,689,2022-06-20T00:00:00,688,2022-06-20T00:00:00,688,2022-06-13T00:00:00,480,2018-06-25T00:00:00,60,wheat_seasonal_rv
16,lasso,False,2022-06-20T00:00:00,689,2022-06-20T00:00:00,688,2022-06-20T00:00:00,688,2022-06-13T00:00:00,480,2018-06-25T00:00:00,60,wheat_weekly_rv
16,lasso,True,2022-08-15T00:00:00,697,2022-08-15T00:00:00,696,2022-08-15T00:00:00,696,2022-08-08T00:00:00,488,2018-08-20T00:00:00,61,SOI_index
16,lasso,True,2022-08-15T00:00:00,697,2022-08-15T00:00:00,696,2022-08-15T00:00:00,696,2022-08-08T00:00:00,488,2018-08-20T00:00:00,61,awnd_extreme_high_wind_in_harvesting
16,lasso,True,2022-08-15T00:00:00,697,2022-08-15T00:00:00,696,2022-08-15T00:00:00,696,2022-08-08T00:00:00,488,2018-08-20T00:00:00,61,awnd_moderate_high_wind_in_harvesting
16,lasso,True,2022-08-15T00:00:00,697,2022-08-15T00:00:00,696,2022-08-15T00:00:00,696,2022-08-08T00:00:00,488,2018-08-20T00:00:00,61,pdsi_extreme_drought_in_planting
16,lasso,True,2022-08-15T00:00:00,697,2022-08-15T00:00:00,696,2022-08-15T00:00:00,696,2022-08-08T00:00:00,488,2018-08-20T00:00:00,61,pdsi_extreme_wet_in_planting
16,lasso,True,2022-08-15T00:00:00,697,2022-08-15T00:00:00,696,2022-08-15T00:00:00,696,2022-08-08T00:00:00,488,2018-08-20T00:00:00,61,pdsi_severe_drought_in_harvesting
16,lasso,True,2022-08-15T00:00:00,697,2022-08-15T00:00:00,696,2022-08-15T00:00:00,696,2022-08-08T00:00:00,488,2018-08-20T00:00:00,61,pdsi_severe_drought_in_planting
16,lasso,True,2022-08-15T00:00:00,697,2022-08-15T00:00:00,696,2022-08-15T00:00:00,696,2022-08-08T00:00:00,488,2018-08-20T00:00:00,61,spi_7d_very_dry_in_planting
16,lasso,True,2022-08-15T00:00:00,697,2022-08-15T00:00:00,696,2022-08-15T00:00:00,696,2022-08-08T00:00:00,488,2018-08-20T00:00:00,61,spi_7d_very_wet_in_planting
16,lasso,True,2022-08-15T00:00:00,697,2022-08-15T00:00:00,696,2022-08-15T00:00:00,696,2022-08-08T00:00:00,488,2018-08-20T00:00:00,61,ssta_elino
16,lasso,True,2022-08-15T00:00:00,697,2022-08-15T00:00:00,696,2022-08-15T00:00:00,696,2022-08-08T00:00:00,488,2018-08-20T00:00:00,61,ssta_lanina
16,lasso,True,2022-08-15T00:00:00,697,2022-08-15T00:00:00,696,2022-08-15T00:00:00,696,2022-08-08T00:00:00,488,2018-08-20T00:00:00,61,tmin_cold_in_planting
16,lasso,True,2022-08-15T00:00:00,697,2022-08-15T00:00:00,696,2022-08-15T00:00:00,696,2022-08-08T00:00:00,488,2018-08-20T00:00:00,61,tmin_very_cold_in_planting
16,lasso,True,2022-08-15T00:00:00,697,2022-08-15T00:00:00,696,2022-08-15T00:00:00,696,2022-08-08T00:00:00,488,2018-08-20T00:00:00,61,wheat_monthly_rv
16,lasso,True,2022-08-15T00:00:00,697,2022-08-15T00:00:00,696,2022-08-15T00:00:00,696,2022-08-08T00:00:00,488,2018-08-20T00:00:00,61,wheat_seasonal_rv
16,lasso,True,2022-08-15T00:00:00,697,2022-08-15T00:00:00,696,2022-08-15T00:00:00,696,2022-08-08T00:00:00,488,2018-08-20T00:00:00,61,wheat_weekly_rv
16,lasso,True,2022-10-10T00:00:00,705,2022-10-10T00:00:00,704,2022-10-10T00:00:00,704,2022-10-03T00:00:00,496,2018-10-15T00:00:00,62,SOI_index
16,lasso,True,2022-10-10T00:00:00,705,2022-10-10T00:00:00,704,2022-10-10T00:00:00,704,2022-10-03T00:00:00,496,2018-10-15T00:00:00,62,awnd_extreme_high_wind_in_harvesting
16,lasso,True,2022-10-10T00:00:00,705,2022-10-10T00:00:00,704,2022-10-10T00:00:00,704,2022-10-03T00:00:00,496,2018-10-15T00:00:00,62,awnd_moderate_high_wind_in_harvesting
16,lasso,True,2022-10-10T00:00:00,705,2022-10-10T00:00:00,704,2022-10-10T00:00:00,704,2022-10-03T00:00:00,496,2018-10-15T00:00:00,62,pdsi_extreme_drought_in_planting
16,lasso,True,2022-10-10T00:00:00,705,2022-10-10T00:00:00,704,2022-10-10T00:00:00,704,2022-10-03T00:00:00,496,2018-10-15T00:00:00,62,pdsi_extreme_wet_in_planting
16,lasso,True,2022-10-10T00:00:00,705,2022-10-10T00:00:00,704,2022-10-10T00:00:00,704,2022-10-03T00:00:00,496,2018-10-15T00:00:00,62,pdsi_severe_drought_in_harvesting
16,lasso,True,2022-10-10T00:00:00,705,2022-10-10T00:00:00,704,2022-10-10T00:00:00,704,2022-10-03T00:00:00,496,2018-10-15T00:00:00,62,pdsi_severe_drought_in_planting
16,lasso,True,2022-10-10T00:00:00,705,2022-10-10T00:00:00,704,2022-10-10T00:00:00,704,2022-10-03T00:00:00,496,2018-10-15T00:00:00,62,spi_7d_very_dry_in_planting
16,lasso,True,2022-10-10T00:00:00,705,2022-10-10T00:00:00,704,2022-10-10T00:00:00,704,2022-10-03T00:00:00,496,2018-10-15T00:00:00,62,spi_7d_very_wet_in_planting
16,lasso,True,2022-10-10T00:00:00,705,2022-10-10T00:00:00,704,2022-10-10T00:00:00,704,2022-10-03T00:00:00,496,2018-10-15T00:00:00,62,ssta_elino
16,lasso,True,2022-10-10T00:00:00,705,2022-10-10T00:00:00,704,2022-10-10T00:00:00,704,2022-10-03T00:00:00,496,2018-10-15T00:00:00,62,ssta_lanina
16,lasso,True,2022-10-10T00:00:00,705,2022-10-10T00:00:00,704,2022-10-10T00:00:00,704,2022-10-03T00:00:00,496,2018-10-15T00:00:00,62,tmin_cold_in_planting
16,lasso,True,2022-10-10T00:00:00,705,2022-10-10T00:00:00,704,2022-10-10T00:00:00,704,2022-10-03T00:00:00,496,2018-10-15T00:00:00,62,tmin_very_cold_in_planting
16,lasso,True,2022-10-10T00:00:00,705,2022-10-10T00:00:00,704,2022-10-10T00:00:00,704,2022-10-03T00:00:00,496,2018-10-15T00:00:00,62,wheat_monthly_rv
16,lasso,True,2022-10-10T00:00:00,705,2022-10-10T00:00:00,704,2022-10-10T00:00:00,704,2022-10-03T00:00:00,496,2018-10-15T00:00:00,62,wheat_seasonal_rv
16,lasso,True,2022-10-10T00:00:00,705,2022-10-10T00:00:00,704,2022-10-10T00:00:00,704,2022-10-03T00:00:00,496,2018-10-15T00:00:00,62,wheat_weekly_rv
16,lasso,True,2022-12-05T00:00:00,713,2022-12-05T00:00:00,712,2022-12-05T00:00:00,712,2022-11-28T00:00:00,504,2018-12-10T00:00:00,63,SOI_index
16,lasso,True,2022-12-05T00:00:00,713,2022-12-05T00:00:00,712,2022-12-05T00:00:00,712,2022-11-28T00:00:00,504,2018-12-10T00:00:00,63,awnd_extreme_high_wind_in_harvesting
16,lasso,True,2022-12-05T00:00:00,713,2022-12-05T00:00:00,712,2022-12-05T00:00:00,712,2022-11-28T00:00:00,504,2018-12-10T00:00:00,63,awnd_moderate_high_wind_in_harvesting
16,lasso,True,2022-12-05T00:00:00,713,2022-12-05T00:00:00,712,2022-12-05T00:00:00,712,2022-11-28T00:00:00,504,2018-12-10T00:00:00,63,pdsi_extreme_drought_in_planting
16,lasso,True,2022-12-05T00:00:00,713,2022-12-05T00:00:00,712,2022-12-05T00:00:00,712,2022-11-28T00:00:00,504,2018-12-10T00:00:00,63,pdsi_extreme_wet_in_planting
16,lasso,True,2022-12-05T00:00:00,713,2022-12-05T00:00:00,712,2022-12-05T00:00:00,712,2022-11-28T00:00:00,504,2018-12-10T00:00:00,63,pdsi_severe_drought_in_harvesting
16,lasso,True,2022-12-05T00:00:00,713,2022-12-05T00:00:00,712,2022-12-05T00:00:00,712,2022-11-28T00:00:00,504,2018-12-10T00:00:00,63,pdsi_severe_drought_in_planting
16,lasso,True,2022-12-05T00:00:00,713,2022-12-05T00:00:00,712,2022-12-05T00:00:00,712,2022-11-28T00:00:00,504,2018-12-10T00:00:00,63,spi_7d_very_dry_in_planting
16,lasso,True,2022-12-05T00:00:00,713,2022-12-05T00:00:00,712,2022-12-05T00:00:00,712,2022-11-28T00:00:00,504,2018-12-10T00:00:00,63,spi_7d_very_wet_in_planting
16,lasso,True,2022-12-05T00:00:00,713,2022-12-05T00:00:00,712,2022-12-05T00:00:00,712,2022-11-28T00:00:00,504,2018-12-10T00:00:00,63,ssta_elino
16,lasso,True,2022-12-05T00:00:00,713,2022-12-05T00:00:00,712,2022-12-05T00:00:00,712,2022-11-28T00:00:00,504,2018-12-10T00:00:00,63,ssta_lanina
16,lasso,True,2022-12-05T00:00:00,713,2022-12-05T00:00:00,712,2022-12-05T00:00:00,712,2022-11-28T00:00:00,504,2018-12-10T00:00:00,63,tmin_cold_in_planting
16,lasso,True,2022-12-05T00:00:00,713,2022-12-05T00:00:00,712,2022-12-05T00:00:00,712,2022-11-28T00:00:00,504,2018-12-10T00:00:00,63,tmin_very_cold_in_planting
16,lasso,True,2022-12-05T00:00:00,713,2022-12-05T00:00:00,712,2022-12-05T00:00:00,712,2022-11-28T00:00:00,504,2018-12-10T00:00:00,63,wheat_monthly_rv
16,lasso,True,2022-12-05T00:00:00,713,2022-12-05T00:00:00,712,2022-12-05T00:00:00,712,2022-11-28T00:00:00,504,2018-12-10T00:00:00,63,wheat_seasonal_rv
16,lasso,True,2022-12-05T00:00:00,713,2022-12-05T00:00:00,712,2022-12-05T00:00:00,712,2022-11-28T00:00:00,504,2018-12-10T00:00:00,63,wheat_weekly_rv
25,lasso,False,2023-01-30T00:00:00,721,2023-01-30T00:00:00,720,2023-01-30T00:00:00,720,2023-01-23T00:00:00,512,2019-02-04T00:00:00,64,NAO_index
25,lasso,False,2023-01-30T00:00:00,721,2023-01-30T00:00:00,720,2023-01-30T00:00:00,720,2023-01-23T00:00:00,512,2019-02-04T00:00:00,64,SOI_index
25,lasso,False,2023-01-30T00:00:00,721,2023-01-30T00:00:00,720,2023-01-30T00:00:00,720,2023-01-23T00:00:00,512,2019-02-04T00:00:00,64,awnd_extreme_high_wind_in_harvesting
25,lasso,False,2023-01-30T00:00:00,721,2023-01-30T00:00:00,720,2023-01-30T00:00:00,720,2023-01-23T00:00:00,512,2019-02-04T00:00:00,64,awnd_moderate_high_wind_in_harvesting
25,lasso,False,2023-01-30T00:00:00,721,2023-01-30T00:00:00,720,2023-01-30T00:00:00,720,2023-01-23T00:00:00,512,2019-02-04T00:00:00,64,co2_extreme_in_planting
25,lasso,False,2023-01-30T00:00:00,721,2023-01-30T00:00:00,720,2023-01-30T00:00:00,720,2023-01-23T00:00:00,512,2019-02-04T00:00:00,64,pdsi_extreme_drought_in_harvesting
25,lasso,False,2023-01-30T00:00:00,721,2023-01-30T00:00:00,720,2023-01-30T00:00:00,720,2023-01-23T00:00:00,512,2019-02-04T00:00:00,64,pdsi_extreme_wet_in_harvesting
25,lasso,False,2023-01-30T00:00:00,721,2023-01-30T00:00:00,720,2023-01-30T00:00:00,720,2023-01-23T00:00:00,512,2019-02-04T00:00:00,64,pdsi_extreme_wet_in_planting
25,lasso,False,2023-01-30T00:00:00,721,2023-01-30T00:00:00,720,2023-01-30T00:00:00,720,2023-01-23T00:00:00,512,2019-02-04T00:00:00,64,pdsi_severe_drought_in_harvesting
25,lasso,False,2023-01-30T00:00:00,721,2023-01-30T00:00:00,720,2023-01-30T00:00:00,720,2023-01-23T00:00:00,512,2019-02-04T00:00:00,64,pdsi_severe_drought_in_planting
25,lasso,False,2023-01-30T00:00:00,721,2023-01-30T00:00:00,720,2023-01-30T00:00:00,720,2023-01-23T00:00:00,512,2019-02-04T00:00:00,64,soybeans_weekly_rv
25,lasso,False,2023-01-30T00:00:00,721,2023-01-30T00:00:00,720,2023-01-30T00:00:00,720,2023-01-23T00:00:00,512,2019-02-04T00:00:00,64,spi_7d_extreme_wet_in_planting
25,lasso,False,2023-01-30T00:00:00,721,2023-01-30T00:00:00,720,2023-01-30T00:00:00,720,2023-01-23T00:00:00,512,2019-02-04T00:00:00,64,spi_7d_very_dry_in_planting
25,lasso,False,2023-01-30T00:00:00,721,2023-01-30T00:00:00,720,2023-01-30T00:00:00,720,2023-01-23T00:00:00,512,2019-02-04T00:00:00,64,spi_7d_very_wet_in_planting
25,lasso,False,2023-01-30T00:00:00,721,2023-01-30T00:00:00,720,2023-01-30T00:00:00,720,2023-01-23T00:00:00,512,2019-02-04T00:00:00,64,ssta_elino
25,lasso,False,2023-01-30T00:00:00,721,2023-01-30T00:00:00,720,2023-01-30T00:00:00,720,2023-01-23T00:00:00,512,2019-02-04T00:00:00,64,ssta_lanina
25,lasso,False,2023-01-30T00:00:00,721,2023-01-30T00:00:00,720,2023-01-30T00:00:00,720,2023-01-23T00:00:00,512,2019-02-04T00:00:00,64,tmax_hot_in_harvesting
25,lasso,False,2023-01-30T00:00:00,721,2023-01-30T00:00:00,720,2023-01-30T00:00:00,720,2023-01-23T00:00:00,512,2019-02-04T00:00:00,64,tmax_very_hot_in_harvesting
25,lasso,False,2023-01-30T00:00:00,721,2023-01-30T00:00:00,720,2023-01-30T00:00:00,720,2023-01-23T00:00:00,512,2019-02-04T00:00:00,64,tmax_very_hot_in_planting
25,lasso,False,2023-01-30T00:00:00,721,2023-01-30T00:00:00,720,2023-01-30T00:00:00,720,2023-01-23T00:00:00,512,2019-02-04T00:00:00,64,tmin_cold_in_planting
25,lasso,False,2023-01-30T00:00:00,721,2023-01-30T00:00:00,720,2023-01-30T00:00:00,720,2023-01-23T00:00:00,512,2019-02-04T00:00:00,64,tmin_very_cold_in_planting
25,lasso,False,2023-01-30T00:00:00,721,2023-01-30T00:00:00,720,2023-01-30T00:00:00,720,2023-01-23T00:00:00,512,2019-02-04T00:00:00,64,wheat_monthly_rv
25,lasso,False,2023-01-30T00:00:00,721,2023-01-30T00:00:00,720,2023-01-30T00:00:00,720,2023-01-23T00:00:00,512,2019-02-04T00:00:00,64,wheat_seasonal_rv
25,lasso,False,2023-01-30T00:00:00,721,2023-01-30T00:00:00,720,2023-01-30T00:00:00,720,2023-01-23T00:00:00,512,2019-02-04T00:00:00,64,wheat_weekly_rv
25,lasso,False,2023-01-30T00:00:00,721,2023-01-30T00:00:00,720,2023-01-30T00:00:00,720,2023-01-23T00:00:00,512,2019-02-04T00:00:00,64,wheat_weekly_rvb
25,lasso,True,2023-03-27T00:00:00,729,2023-03-27T00:00:00,728,2023-03-27T00:00:00,728,2023-03-20T00:00:00,520,2019-04-01T00:00:00,65,NAO_index
25,lasso,True,2023-03-27T00:00:00,729,2023-03-27T00:00:00,728,2023-03-27T00:00:00,728,2023-03-20T00:00:00,520,2019-04-01T00:00:00,65,SOI_index
25,lasso,True,2023-03-27T00:00:00,729,2023-03-27T00:00:00,728,2023-03-27T00:00:00,728,2023-03-20T00:00:00,520,2019-04-01T00:00:00,65,awnd_extreme_high_wind_in_harvesting
25,lasso,True,2023-03-27T00:00:00,729,2023-03-27T00:00:00,728,2023-03-27T00:00:00,728,2023-03-20T00:00:00,520,2019-04-01T00:00:00,65,awnd_moderate_high_wind_in_harvesting
25,lasso,True,2023-03-27T00:00:00,729,2023-03-27T00:00:00,728,2023-03-27T00:00:00,728,2023-03-20T00:00:00,520,2019-04-01T00:00:00,65,co2_extreme_in_planting
25,lasso,True,2023-03-27T00:00:00,729,2023-03-27T00:00:00,728,2023-03-27T00:00:00,728,2023-03-20T00:00:00,520,2019-04-01T00:00:00,65,pdsi_extreme_drought_in_harvesting
25,lasso,True,2023-03-27T00:00:00,729,2023-03-27T00:00:00,728,2023-03-27T00:00:00,728,2023-03-20T00:00:00,520,2019-04-01T00:00:00,65,pdsi_extreme_wet_in_harvesting
25,lasso,True,2023-03-27T00:00:00,729,2023-03-27T00:00:00,728,2023-03-27T00:00:00,728,2023-03-20T00:00:00,520,2019-04-01T00:00:00,65,pdsi_extreme_wet_in_planting
25,lasso,True,2023-03-27T00:00:00,729,2023-03-27T00:00:00,728,2023-03-27T00:00:00,728,2023-03-20T00:00:00,520,2019-04-01T00:00:00,65,pdsi_severe_drought_in_harvesting
25,lasso,True,2023-03-27T00:00:00,729,2023-03-27T00:00:00,728,2023-03-27T00:00:00,728,2023-03-20T00:00:00,520,2019-04-01T00:00:00,65,pdsi_severe_drought_in_planting
25,lasso,True,2023-03-27T00:00:00,729,2023-03-27T00:00:00,728,2023-03-27T00:00:00,728,2023-03-20T00:00:00,520,2019-04-01T00:00:00,65,soybeans_weekly_rv
25,lasso,True,2023-03-27T00:00:00,729,2023-03-27T00:00:00,728,2023-03-27T00:00:00,728,2023-03-20T00:00:00,520,2019-04-01T00:00:00,65,spi_7d_extreme_wet_in_planting
25,lasso,True,2023-03-27T00:00:00,729,2023-03-27T00:00:00,728,2023-03-27T00:00:00,728,2023-03-20T00:00:00,520,2019-04-01T00:00:00,65,spi_7d_very_dry_in_planting
25,lasso,True,2023-03-27T00:00:00,729,2023-03-27T00:00:00,728,2023-03-27T00:00:00,728,2023-03-20T00:00:00,520,2019-04-01T00:00:00,65,spi_7d_very_wet_in_planting
25,lasso,True,2023-03-27T00:00:00,729,2023-03-27T00:00:00,728,2023-03-27T00:00:00,728,2023-03-20T00:00:00,520,2019-04-01T00:00:00,65,ssta_elino
25,lasso,True,2023-03-27T00:00:00,729,2023-03-27T00:00:00,728,2023-03-27T00:00:00,728,2023-03-20T00:00:00,520,2019-04-01T00:00:00,65,ssta_lanina
25,lasso,True,2023-03-27T00:00:00,729,2023-03-27T00:00:00,728,2023-03-27T00:00:00,728,2023-03-20T00:00:00,520,2019-04-01T00:00:00,65,tmax_hot_in_harvesting
25,lasso,True,2023-03-27T00:00:00,729,2023-03-27T00:00:00,728,2023-03-27T00:00:00,728,2023-03-20T00:00:00,520,2019-04-01T00:00:00,65,tmax_very_hot_in_harvesting
25,lasso,True,2023-03-27T00:00:00,729,2023-03-27T00:00:00,728,2023-03-27T00:00:00,728,2023-03-20T00:00:00,520,2019-04-01T00:00:00,65,tmax_very_hot_in_planting
25,lasso,True,2023-03-27T00:00:00,729,2023-03-27T00:00:00,728,2023-03-27T00:00:00,728,2023-03-20T00:00:00,520,2019-04-01T00:00:00,65,tmin_cold_in_planting
25,lasso,True,2023-03-27T00:00:00,729,2023-03-27T00:00:00,728,2023-03-27T00:00:00,728,2023-03-20T00:00:00,520,2019-04-01T00:00:00,65,tmin_very_cold_in_planting
25,lasso,True,2023-03-27T00:00:00,729,2023-03-27T00:00:00,728,2023-03-27T00:00:00,728,2023-03-20T00:00:00,520,2019-04-01T00:00:00,65,wheat_monthly_rv
25,lasso,True,2023-03-27T00:00:00,729,2023-03-27T00:00:00,728,2023-03-27T00:00:00,728,2023-03-20T00:00:00,520,2019-04-01T00:00:00,65,wheat_seasonal_rv
25,lasso,True,2023-03-27T00:00:00,729,2023-03-27T00:00:00,728,2023-03-27T00:00:00,728,2023-03-20T00:00:00,520,2019-04-01T00:00:00,65,wheat_weekly_rv
25,lasso,True,2023-03-27T00:00:00,729,2023-03-27T00:00:00,728,2023-03-27T00:00:00,728,2023-03-20T00:00:00,520,2019-04-01T00:00:00,65,wheat_weekly_rvb
25,lasso,True,2023-05-22T00:00:00,737,2023-05-22T00:00:00,736,2023-05-22T00:00:00,736,2023-05-15T00:00:00,528,2019-05-27T00:00:00,66,NAO_index
25,lasso,True,2023-05-22T00:00:00,737,2023-05-22T00:00:00,736,2023-05-22T00:00:00,736,2023-05-15T00:00:00,528,2019-05-27T00:00:00,66,SOI_index
25,lasso,True,2023-05-22T00:00:00,737,2023-05-22T00:00:00,736,2023-05-22T00:00:00,736,2023-05-15T00:00:00,528,2019-05-27T00:00:00,66,awnd_extreme_high_wind_in_harvesting
25,lasso,True,2023-05-22T00:00:00,737,2023-05-22T00:00:00,736,2023-05-22T00:00:00,736,2023-05-15T00:00:00,528,2019-05-27T00:00:00,66,awnd_moderate_high_wind_in_harvesting
25,lasso,True,2023-05-22T00:00:00,737,2023-05-22T00:00:00,736,2023-05-22T00:00:00,736,2023-05-15T00:00:00,528,2019-05-27T00:00:00,66,co2_extreme_in_planting
25,lasso,True,2023-05-22T00:00:00,737,2023-05-22T00:00:00,736,2023-05-22T00:00:00,736,2023-05-15T00:00:00,528,2019-05-27T00:00:00,66,pdsi_extreme_drought_in_harvesting
25,lasso,True,2023-05-22T00:00:00,737,2023-05-22T00:00:00,736,2023-05-22T00:00:00,736,2023-05-15T00:00:00,528,2019-05-27T00:00:00,66,pdsi_extreme_wet_in_harvesting
25,lasso,True,2023-05-22T00:00:00,737,2023-05-22T00:00:00,736,2023-05-22T00:00:00,736,2023-05-15T00:00:00,528,2019-05-27T00:00:00,66,pdsi_extreme_wet_in_planting
25,lasso,True,2023-05-22T00:00:00,737,2023-05-22T00:00:00,736,2023-05-22T00:00:00,736,2023-05-15T00:00:00,528,2019-05-27T00:00:00,66,pdsi_severe_drought_in_harvesting
25,lasso,True,2023-05-22T00:00:00,737,2023-05-22T00:00:00,736,2023-05-22T00:00:00,736,2023-05-15T00:00:00,528,2019-05-27T00:00:00,66,pdsi_severe_drought_in_planting
25,lasso,True,2023-05-22T00:00:00,737,2023-05-22T00:00:00,736,2023-05-22T00:00:00,736,2023-05-15T00:00:00,528,2019-05-27T00:00:00,66,soybeans_weekly_rv
25,lasso,True,2023-05-22T00:00:00,737,2023-05-22T00:00:00,736,2023-05-22T00:00:00,736,2023-05-15T00:00:00,528,2019-05-27T00:00:00,66,spi_7d_extreme_wet_in_planting
25,lasso,True,2023-05-22T00:00:00,737,2023-05-22T00:00:00,736,2023-05-22T00:00:00,736,2023-05-15T00:00:00,528,2019-05-27T00:00:00,66,spi_7d_very_dry_in_planting
25,lasso,True,2023-05-22T00:00:00,737,2023-05-22T00:00:00,736,2023-05-22T00:00:00,736,2023-05-15T00:00:00,528,2019-05-27T00:00:00,66,spi_7d_very_wet_in_planting
25,lasso,True,2023-05-22T00:00:00,737,2023-05-22T00:00:00,736,2023-05-22T00:00:00,736,2023-05-15T00:00:00,528,2019-05-27T00:00:00,66,ssta_elino
25,lasso,True,2023-05-22T00:00:00,737,2023-05-22T00:00:00,736,2023-05-22T00:00:00,736,2023-05-15T00:00:00,528,2019-05-27T00:00:00,66,ssta_lanina
25,lasso,True,2023-05-22T00:00:00,737,2023-05-22T00:00:00,736,2023-05-22T00:00:00,736,2023-05-15T00:00:00,528,2019-05-27T00:00:00,66,tmax_hot_in_harvesting
25,lasso,True,2023-05-22T00:00:00,737,2023-05-22T00:00:00,736,2023-05-22T00:00:00,736,2023-05-15T00:00:00,528,2019-05-27T00:00:00,66,tmax_very_hot_in_harvesting
25,lasso,True,2023-05-22T00:00:00,737,2023-05-22T00:00:00,736,2023-05-22T00:00:00,736,2023-05-15T00:00:00,528,2019-05-27T00:00:00,66,tmax_very_hot_in_planting
25,lasso,True,2023-05-22T00:00:00,737,2023-05-22T00:00:00,736,2023-05-22T00:00:00,736,2023-05-15T00:00:00,528,2019-05-27T00:00:00,66,tmin_cold_in_planting
25,lasso,True,2023-05-22T00:00:00,737,2023-05-22T00:00:00,736,2023-05-22T00:00:00,736,2023-05-15T00:00:00,528,2019-05-27T00:00:00,66,tmin_very_cold_in_planting
25,lasso,True,2023-05-22T00:00:00,737,2023-05-22T00:00:00,736,2023-05-22T00:00:00,736,2023-05-15T00:00:00,528,2019-05-27T00:00:00,66,wheat_monthly_rv
25,lasso,True,2023-05-22T00:00:00,737,2023-05-22T00:00:00,736,2023-05-22T00:00:00,736,2023-05-15T00:00:00,528,2019-05-27T00:00:00,66,wheat_seasonal_rv
25,lasso,True,2023-05-22T00:00:00,737,2023-05-22T00:00:00,736,2023-05-22T00:00:00,736,2023-05-15T00:00:00,528,2019-05-27T00:00:00,66,wheat_weekly_rv
25,lasso,True,2023-05-22T00:00:00,737,2023-05-22T00:00:00,736,2023-05-22T00:00:00,736,2023-05-15T00:00:00,528,2019-05-27T00:00:00,66,wheat_weekly_rvb
25,lasso,True,2023-07-17T00:00:00,745,2023-07-17T00:00:00,744,2023-07-17T00:00:00,744,2023-07-10T00:00:00,536,2019-07-22T00:00:00,67,NAO_index
25,lasso,True,2023-07-17T00:00:00,745,2023-07-17T00:00:00,744,2023-07-17T00:00:00,744,2023-07-10T00:00:00,536,2019-07-22T00:00:00,67,SOI_index
25,lasso,True,2023-07-17T00:00:00,745,2023-07-17T00:00:00,744,2023-07-17T00:00:00,744,2023-07-10T00:00:00,536,2019-07-22T00:00:00,67,awnd_extreme_high_wind_in_harvesting
25,lasso,True,2023-07-17T00:00:00,745,2023-07-17T00:00:00,744,2023-07-17T00:00:00,744,2023-07-10T00:00:00,536,2019-07-22T00:00:00,67,awnd_moderate_high_wind_in_harvesting
25,lasso,True,2023-07-17T00:00:00,745,2023-07-17T00:00:00,744,2023-07-17T00:00:00,744,2023-07-10T00:00:00,536,2019-07-22T00:00:00,67,co2_extreme_in_planting
25,lasso,True,2023-07-17T00:00:00,745,2023-07-17T00:00:00,744,2023-07-17T00:00:00,744,2023-07-10T00:00:00,536,2019-07-22T00:00:00,67,pdsi_extreme_drought_in_harvesting
25,lasso,True,2023-07-17T00:00:00,745,2023-07-17T00:00:00,744,2023-07-17T00:00:00,744,2023-07-10T00:00:00,536,2019-07-22T00:00:00,67,pdsi_extreme_wet_in_harvesting
25,lasso,True,2023-07-17T00:00:00,745,2023-07-17T00:00:00,744,2023-07-17T00:00:00,744,2023-07-10T00:00:00,536,2019-07-22T00:00:00,67,pdsi_extreme_wet_in_planting
25,lasso,True,2023-07-17T00:00:00,745,2023-07-17T00:00:00,744,2023-07-17T00:00:00,744,2023-07-10T00:00:00,536,2019-07-22T00:00:00,67,pdsi_severe_drought_in_harvesting
25,lasso,True,2023-07-17T00:00:00,745,2023-07-17T00:00:00,744,2023-07-17T00:00:00,744,2023-07-10T00:00:00,536,2019-07-22T00:00:00,67,pdsi_severe_drought_in_planting
25,lasso,True,2023-07-17T00:00:00,745,2023-07-17T00:00:00,744,2023-07-17T00:00:00,744,2023-07-10T00:00:00,536,2019-07-22T00:00:00,67,soybeans_weekly_rv
25,lasso,True,2023-07-17T00:00:00,745,2023-07-17T00:00:00,744,2023-07-17T00:00:00,744,2023-07-10T00:00:00,536,2019-07-22T00:00:00,67,spi_7d_extreme_wet_in_planting
25,lasso,True,2023-07-17T00:00:00,745,2023-07-17T00:00:00,744,2023-07-17T00:00:00,744,2023-07-10T00:00:00,536,2019-07-22T00:00:00,67,spi_7d_very_dry_in_planting
25,lasso,True,2023-07-17T00:00:00,745,2023-07-17T00:00:00,744,2023-07-17T00:00:00,744,2023-07-10T00:00:00,536,2019-07-22T00:00:00,67,spi_7d_very_wet_in_planting
25,lasso,True,2023-07-17T00:00:00,745,2023-07-17T00:00:00,744,2023-07-17T00:00:00,744,2023-07-10T00:00:00,536,2019-07-22T00:00:00,67,ssta_elino
25,lasso,True,2023-07-17T00:00:00,745,2023-07-17T00:00:00,744,2023-07-17T00:00:00,744,2023-07-10T00:00:00,536,2019-07-22T00:00:00,67,ssta_lanina
25,lasso,True,2023-07-17T00:00:00,745,2023-07-17T00:00:00,744,2023-07-17T00:00:00,744,2023-07-10T00:00:00,536,2019-07-22T00:00:00,67,tmax_hot_in_harvesting
25,lasso,True,2023-07-17T00:00:00,745,2023-07-17T00:00:00,744,2023-07-17T00:00:00,744,2023-07-10T00:00:00,536,2019-07-22T00:00:00,67,tmax_very_hot_in_harvesting
25,lasso,True,2023-07-17T00:00:00,745,2023-07-17T00:00:00,744,2023-07-17T00:00:00,744,2023-07-10T00:00:00,536,2019-07-22T00:00:00,67,tmax_very_hot_in_planting
25,lasso,True,2023-07-17T00:00:00,745,2023-07-17T00:00:00,744,2023-07-17T00:00:00,744,2023-07-10T00:00:00,536,2019-07-22T00:00:00,67,tmin_cold_in_planting
25,lasso,True,2023-07-17T00:00:00,745,2023-07-17T00:00:00,744,2023-07-17T00:00:00,744,2023-07-10T00:00:00,536,2019-07-22T00:00:00,67,tmin_very_cold_in_planting
25,lasso,True,2023-07-17T00:00:00,745,2023-07-17T00:00:00,744,2023-07-17T00:00:00,744,2023-07-10T00:00:00,536,2019-07-22T00:00:00,67,wheat_monthly_rv
25,lasso,True,2023-07-17T00:00:00,745,2023-07-17T00:00:00,744,2023-07-17T00:00:00,744,2023-07-10T00:00:00,536,2019-07-22T00:00:00,67,wheat_seasonal_rv
25,lasso,True,2023-07-17T00:00:00,745,2023-07-17T00:00:00,744,2023-07-17T00:00:00,744,2023-07-10T00:00:00,536,2019-07-22T00:00:00,67,wheat_weekly_rv
25,lasso,True,2023-07-17T00:00:00,745,2023-07-17T00:00:00,744,2023-07-17T00:00:00,744,2023-07-10T00:00:00,536,2019-07-22T00:00:00,67,wheat_weekly_rvb
18,lasso,False,2023-09-11T00:00:00,753,2023-09-11T00:00:00,752,2023-09-11T00:00:00,752,2023-09-04T00:00:00,544,2019-09-16T00:00:00,68,NAO_index
18,lasso,False,2023-09-11T00:00:00,753,2023-09-11T00:00:00,752,2023-09-11T00:00:00,752,2023-09-04T00:00:00,544,2019-09-16T00:00:00,68,pdsi_extreme_wet_in_harvesting
18,lasso,False,2023-09-11T00:00:00,753,2023-09-11T00:00:00,752,2023-09-11T00:00:00,752,2023-09-04T00:00:00,544,2019-09-16T00:00:00,68,pdsi_extreme_wet_in_planting
18,lasso,False,2023-09-11T00:00:00,753,2023-09-11T00:00:00,752,2023-09-11T00:00:00,752,2023-09-04T00:00:00,544,2019-09-16T00:00:00,68,pdsi_severe_drought_in_harvesting
18,lasso,False,2023-09-11T00:00:00,753,2023-09-11T00:00:00,752,2023-09-11T00:00:00,752,2023-09-04T00:00:00,544,2019-09-16T00:00:00,68,pdsi_severe_drought_in_planting
18,lasso,False,2023-09-11T00:00:00,753,2023-09-11T00:00:00,752,2023-09-11T00:00:00,752,2023-09-04T00:00:00,544,2019-09-16T00:00:00,68,pdsi_very_wet_in_harvesting
18,lasso,False,2023-09-11T00:00:00,753,2023-09-11T00:00:00,752,2023-09-11T00:00:00,752,2023-09-04T00:00:00,544,2019-09-16T00:00:00,68,pdsi_very_wet_in_planting
18,lasso,False,2023-09-11T00:00:00,753,2023-09-11T00:00:00,752,2023-09-11T00:00:00,752,2023-09-04T00:00:00,544,2019-09-16T00:00:00,68,soybeans_weekly_rv
18,lasso,False,2023-09-11T00:00:00,753,2023-09-11T00:00:00,752,2023-09-11T00:00:00,752,2023-09-04T00:00:00,544,2019-09-16T00:00:00,68,spi_7d_extreme_wet_in_planting
18,lasso,False,2023-09-11T00:00:00,753,2023-09-11T00:00:00,752,2023-09-11T00:00:00,752,2023-09-04T00:00:00,544,2019-09-16T00:00:00,68,spi_7d_very_dry_in_planting
18,lasso,False,2023-09-11T00:00:00,753,2023-09-11T00:00:00,752,2023-09-11T00:00:00,752,2023-09-04T00:00:00,544,2019-09-16T00:00:00,68,spi_7d_very_wet_in_harvesting
18,lasso,False,2023-09-11T00:00:00,753,2023-09-11T00:00:00,752,2023-09-11T00:00:00,752,2023-09-04T00:00:00,544,2019-09-16T00:00:00,68,ssta_lanina
18,lasso,False,2023-09-11T00:00:00,753,2023-09-11T00:00:00,752,2023-09-11T00:00:00,752,2023-09-04T00:00:00,544,2019-09-16T00:00:00,68,tmax_hot_in_harvesting
18,lasso,False,2023-09-11T00:00:00,753,2023-09-11T00:00:00,752,2023-09-11T00:00:00,752,2023-09-04T00:00:00,544,2019-09-16T00:00:00,68,tmin_cold_in_harvesting
18,lasso,False,2023-09-11T00:00:00,753,2023-09-11T00:00:00,752,2023-09-11T00:00:00,752,2023-09-04T00:00:00,544,2019-09-16T00:00:00,68,tmin_very_cold_in_planting
18,lasso,False,2023-09-11T00:00:00,753,2023-09-11T00:00:00,752,2023-09-11T00:00:00,752,2023-09-04T00:00:00,544,2019-09-16T00:00:00,68,wheat_monthly_rv
18,lasso,False,2023-09-11T00:00:00,753,2023-09-11T00:00:00,752,2023-09-11T00:00:00,752,2023-09-04T00:00:00,544,2019-09-16T00:00:00,68,wheat_seasonal_rv
18,lasso,False,2023-09-11T00:00:00,753,2023-09-11T00:00:00,752,2023-09-11T00:00:00,752,2023-09-04T00:00:00,544,2019-09-16T00:00:00,68,wheat_weekly_rv
18,lasso,True,2023-11-06T00:00:00,761,2023-11-06T00:00:00,760,2023-11-06T00:00:00,760,2023-10-30T00:00:00,552,2019-11-11T00:00:00,69,NAO_index
18,lasso,True,2023-11-06T00:00:00,761,2023-11-06T00:00:00,760,2023-11-06T00:00:00,760,2023-10-30T00:00:00,552,2019-11-11T00:00:00,69,pdsi_extreme_wet_in_harvesting
18,lasso,True,2023-11-06T00:00:00,761,2023-11-06T00:00:00,760,2023-11-06T00:00:00,760,2023-10-30T00:00:00,552,2019-11-11T00:00:00,69,pdsi_extreme_wet_in_planting
18,lasso,True,2023-11-06T00:00:00,761,2023-11-06T00:00:00,760,2023-11-06T00:00:00,760,2023-10-30T00:00:00,552,2019-11-11T00:00:00,69,pdsi_severe_drought_in_harvesting
18,lasso,True,2023-11-06T00:00:00,761,2023-11-06T00:00:00,760,2023-11-06T00:00:00,760,2023-10-30T00:00:00,552,2019-11-11T00:00:00,69,pdsi_severe_drought_in_planting
18,lasso,True,2023-11-06T00:00:00,761,2023-11-06T00:00:00,760,2023-11-06T00:00:00,760,2023-10-30T00:00:00,552,2019-11-11T00:00:00,69,pdsi_very_wet_in_harvesting
18,lasso,True,2023-11-06T00:00:00,761,2023-11-06T00:00:00,760,2023-11-06T00:00:00,760,2023-10-30T00:00:00,552,2019-11-11T00:00:00,69,pdsi_very_wet_in_planting
18,lasso,True,2023-11-06T00:00:00,761,2023-11-06T00:00:00,760,2023-11-06T00:00:00,760,2023-10-30T00:00:00,552,2019-11-11T00:00:00,69,soybeans_weekly_rv
18,lasso,True,2023-11-06T00:00:00,761,2023-11-06T00:00:00,760,2023-11-06T00:00:00,760,2023-10-30T00:00:00,552,2019-11-11T00:00:00,69,spi_7d_extreme_wet_in_planting
18,lasso,True,2023-11-06T00:00:00,761,2023-11-06T00:00:00,760,2023-11-06T00:00:00,760,2023-10-30T00:00:00,552,2019-11-11T00:00:00,69,spi_7d_very_dry_in_planting
18,lasso,True,2023-11-06T00:00:00,761,2023-11-06T00:00:00,760,2023-11-06T00:00:00,760,2023-10-30T00:00:00,552,2019-11-11T00:00:00,69,spi_7d_very_wet_in_harvesting
18,lasso,True,2023-11-06T00:00:00,761,2023-11-06T00:00:00,760,2023-11-06T00:00:00,760,2023-10-30T00:00:00,552,2019-11-11T00:00:00,69,ssta_lanina
18,lasso,True,2023-11-06T00:00:00,761,2023-11-06T00:00:00,760,2023-11-06T00:00:00,760,2023-10-30T00:00:00,552,2019-11-11T00:00:00,69,tmax_hot_in_harvesting
18,lasso,True,2023-11-06T00:00:00,761,2023-11-06T00:00:00,760,2023-11-06T00:00:00,760,2023-10-30T00:00:00,552,2019-11-11T00:00:00,69,tmin_cold_in_harvesting
18,lasso,True,2023-11-06T00:00:00,761,2023-11-06T00:00:00,760,2023-11-06T00:00:00,760,2023-10-30T00:00:00,552,2019-11-11T00:00:00,69,tmin_very_cold_in_planting
18,lasso,True,2023-11-06T00:00:00,761,2023-11-06T00:00:00,760,2023-11-06T00:00:00,760,2023-10-30T00:00:00,552,2019-11-11T00:00:00,69,wheat_monthly_rv
18,lasso,True,2023-11-06T00:00:00,761,2023-11-06T00:00:00,760,2023-11-06T00:00:00,760,2023-10-30T00:00:00,552,2019-11-11T00:00:00,69,wheat_seasonal_rv
18,lasso,True,2023-11-06T00:00:00,761,2023-11-06T00:00:00,760,2023-11-06T00:00:00,760,2023-10-30T00:00:00,552,2019-11-11T00:00:00,69,wheat_weekly_rv
18,lasso,True,2024-01-01T00:00:00,769,2024-01-01T00:00:00,768,2024-01-01T00:00:00,768,2023-12-25T00:00:00,560,2020-01-06T00:00:00,70,NAO_index
18,lasso,True,2024-01-01T00:00:00,769,2024-01-01T00:00:00,768,2024-01-01T00:00:00,768,2023-12-25T00:00:00,560,2020-01-06T00:00:00,70,pdsi_extreme_wet_in_harvesting
18,lasso,True,2024-01-01T00:00:00,769,2024-01-01T00:00:00,768,2024-01-01T00:00:00,768,2023-12-25T00:00:00,560,2020-01-06T00:00:00,70,pdsi_extreme_wet_in_planting
18,lasso,True,2024-01-01T00:00:00,769,2024-01-01T00:00:00,768,2024-01-01T00:00:00,768,2023-12-25T00:00:00,560,2020-01-06T00:00:00,70,pdsi_severe_drought_in_harvesting
18,lasso,True,2024-01-01T00:00:00,769,2024-01-01T00:00:00,768,2024-01-01T00:00:00,768,2023-12-25T00:00:00,560,2020-01-06T00:00:00,70,pdsi_severe_drought_in_planting
18,lasso,True,2024-01-01T00:00:00,769,2024-01-01T00:00:00,768,2024-01-01T00:00:00,768,2023-12-25T00:00:00,560,2020-01-06T00:00:00,70,pdsi_very_wet_in_harvesting
18,lasso,True,2024-01-01T00:00:00,769,2024-01-01T00:00:00,768,2024-01-01T00:00:00,768,2023-12-25T00:00:00,560,2020-01-06T00:00:00,70,pdsi_very_wet_in_planting
18,lasso,True,2024-01-01T00:00:00,769,2024-01-01T00:00:00,768,2024-01-01T00:00:00,768,2023-12-25T00:00:00,560,2020-01-06T00:00:00,70,soybeans_weekly_rv
18,lasso,True,2024-01-01T00:00:00,769,2024-01-01T00:00:00,768,2024-01-01T00:00:00,768,2023-12-25T00:00:00,560,2020-01-06T00:00:00,70,spi_7d_extreme_wet_in_planting
18,lasso,True,2024-01-01T00:00:00,769,2024-01-01T00:00:00,768,2024-01-01T00:00:00,768,2023-12-25T00:00:00,560,2020-01-06T00:00:00,70,spi_7d_very_dry_in_planting
18,lasso,True,2024-01-01T00:00:00,769,2024-01-01T00:00:00,768,2024-01-01T00:00:00,768,2023-12-25T00:00:00,560,2020-01-06T00:00:00,70,spi_7d_very_wet_in_harvesting
18,lasso,True,2024-01-01T00:00:00,769,2024-01-01T00:00:00,768,2024-01-01T00:00:00,768,2023-12-25T00:00:00,560,2020-01-06T00:00:00,70,ssta_lanina
18,lasso,True,2024-01-01T00:00:00,769,2024-01-01T00:00:00,768,2024-01-01T00:00:00,768,2023-12-25T00:00:00,560,2020-01-06T00:00:00,70,tmax_hot_in_harvesting
18,lasso,True,2024-01-01T00:00:00,769,2024-01-01T00:00:00,768,2024-01-01T00:00:00,768,2023-12-25T00:00:00,560,2020-01-06T00:00:00,70,tmin_cold_in_harvesting
18,lasso,True,2024-01-01T00:00:00,769,2024-01-01T00:00:00,768,2024-01-01T00:00:00,768,2023-12-25T00:00:00,560,2020-01-06T00:00:00,70,tmin_very_cold_in_planting
18,lasso,True,2024-01-01T00:00:00,769,2024-01-01T00:00:00,768,2024-01-01T00:00:00,768,2023-12-25T00:00:00,560,2020-01-06T00:00:00,70,wheat_monthly_rv
18,lasso,True,2024-01-01T00:00:00,769,2024-01-01T00:00:00,768,2024-01-01T00:00:00,768,2023-12-25T00:00:00,560,2020-01-06T00:00:00,70,wheat_seasonal_rv
18,lasso,True,2024-01-01T00:00:00,769,2024-01-01T00:00:00,768,2024-01-01T00:00:00,768,2023-12-25T00:00:00,560,2020-01-06T00:00:00,70,wheat_weekly_rv
18,lasso,True,2024-02-26T00:00:00,777,2024-02-26T00:00:00,776,2024-02-26T00:00:00,776,2024-02-19T00:00:00,568,2020-03-02T00:00:00,71,NAO_index
18,lasso,True,2024-02-26T00:00:00,777,2024-02-26T00:00:00,776,2024-02-26T00:00:00,776,2024-02-19T00:00:00,568,2020-03-02T00:00:00,71,pdsi_extreme_wet_in_harvesting
18,lasso,True,2024-02-26T00:00:00,777,2024-02-26T00:00:00,776,2024-02-26T00:00:00,776,2024-02-19T00:00:00,568,2020-03-02T00:00:00,71,pdsi_extreme_wet_in_planting
18,lasso,True,2024-02-26T00:00:00,777,2024-02-26T00:00:00,776,2024-02-26T00:00:00,776,2024-02-19T00:00:00,568,2020-03-02T00:00:00,71,pdsi_severe_drought_in_harvesting
18,lasso,True,2024-02-26T00:00:00,777,2024-02-26T00:00:00,776,2024-02-26T00:00:00,776,2024-02-19T00:00:00,568,2020-03-02T00:00:00,71,pdsi_severe_drought_in_planting
18,lasso,True,2024-02-26T00:00:00,777,2024-02-26T00:00:00,776,2024-02-26T00:00:00,776,2024-02-19T00:00:00,568,2020-03-02T00:00:00,71,pdsi_very_wet_in_harvesting
18,lasso,True,2024-02-26T00:00:00,777,2024-02-26T00:00:00,776,2024-02-26T00:00:00,776,2024-02-19T00:00:00,568,2020-03-02T00:00:00,71,pdsi_very_wet_in_planting
18,lasso,True,2024-02-26T00:00:00,777,2024-02-26T00:00:00,776,2024-02-26T00:00:00,776,2024-02-19T00:00:00,568,2020-03-02T00:00:00,71,soybeans_weekly_rv
18,lasso,True,2024-02-26T00:00:00,777,2024-02-26T00:00:00,776,2024-02-26T00:00:00,776,2024-02-19T00:00:00,568,2020-03-02T00:00:00,71,spi_7d_extreme_wet_in_planting
18,lasso,True,2024-02-26T00:00:00,777,2024-02-26T00:00:00,776,2024-02-26T00:00:00,776,2024-02-19T00:00:00,568,2020-03-02T00:00:00,71,spi_7d_very_dry_in_planting
18,lasso,True,2024-02-26T00:00:00,777,2024-02-26T00:00:00,776,2024-02-26T00:00:00,776,2024-02-19T00:00:00,568,2020-03-02T00:00:00,71,spi_7d_very_wet_in_harvesting
18,lasso,True,2024-02-26T00:00:00,777,2024-02-26T00:00:00,776,2024-02-26T00:00:00,776,2024-02-19T00:00:00,568,2020-03-02T00:00:00,71,ssta_lanina
18,lasso,True,2024-02-26T00:00:00,777,2024-02-26T00:00:00,776,2024-02-26T00:00:00,776,2024-02-19T00:00:00,568,2020-03-02T00:00:00,71,tmax_hot_in_harvesting
18,lasso,True,2024-02-26T00:00:00,777,2024-02-26T00:00:00,776,2024-02-26T00:00:00,776,2024-02-19T00:00:00,568,2020-03-02T00:00:00,71,tmin_cold_in_harvesting
18,lasso,True,2024-02-26T00:00:00,777,2024-02-26T00:00:00,776,2024-02-26T00:00:00,776,2024-02-19T00:00:00,568,2020-03-02T00:00:00,71,tmin_very_cold_in_planting
18,lasso,True,2024-02-26T00:00:00,777,2024-02-26T00:00:00,776,2024-02-26T00:00:00,776,2024-02-19T00:00:00,568,2020-03-02T00:00:00,71,wheat_monthly_rv
18,lasso,True,2024-02-26T00:00:00,777,2024-02-26T00:00:00,776,2024-02-26T00:00:00,776,2024-02-19T00:00:00,568,2020-03-02T00:00:00,71,wheat_seasonal_rv
18,lasso,True,2024-02-26T00:00:00,777,2024-02-26T00:00:00,776,2024-02-26T00:00:00,776,2024-02-19T00:00:00,568,2020-03-02T00:00:00,71,wheat_weekly_rv
14,lasso,False,2024-04-22T00:00:00,785,2024-04-22T00:00:00,784,2024-04-22T00:00:00,784,2024-04-15T00:00:00,576,2020-04-27T00:00:00,72,NAO_index
14,lasso,False,2024-04-22T00:00:00,785,2024-04-22T00:00:00,784,2024-04-22T00:00:00,784,2024-04-15T00:00:00,576,2020-04-27T00:00:00,72,pdsi_extreme_wet_in_harvesting
14,lasso,False,2024-04-22T00:00:00,785,2024-04-22T00:00:00,784,2024-04-22T00:00:00,784,2024-04-15T00:00:00,576,2020-04-27T00:00:00,72,pdsi_extreme_wet_in_planting
14,lasso,False,2024-04-22T00:00:00,785,2024-04-22T00:00:00,784,2024-04-22T00:00:00,784,2024-04-15T00:00:00,576,2020-04-27T00:00:00,72,pdsi_severe_drought_in_harvesting
14,lasso,False,2024-04-22T00:00:00,785,2024-04-22T00:00:00,784,2024-04-22T00:00:00,784,2024-04-15T00:00:00,576,2020-04-27T00:00:00,72,pdsi_severe_drought_in_planting
14,lasso,False,2024-04-22T00:00:00,785,2024-04-22T00:00:00,784,2024-04-22T00:00:00,784,2024-04-15T00:00:00,576,2020-04-27T00:00:00,72,pdsi_very_wet_in_planting
14,lasso,False,2024-04-22T00:00:00,785,2024-04-22T00:00:00,784,2024-04-22T00:00:00,784,2024-04-15T00:00:00,576,2020-04-27T00:00:00,72,soybeans_weekly_rv
14,lasso,False,2024-04-22T00:00:00,785,2024-04-22T00:00:00,784,2024-04-22T00:00:00,784,2024-04-15T00:00:00,576,2020-04-27T00:00:00,72,spi_7d_very_dry_in_planting
14,lasso,False,2024-04-22T00:00:00,785,2024-04-22T00:00:00,784,2024-04-22T00:00:00,784,2024-04-15T00:00:00,576,2020-04-27T00:00:00,72,ssta_lanina
14,lasso,False,2024-04-22T00:00:00,785,2024-04-22T00:00:00,784,2024-04-22T00:00:00,784,2024-04-15T00:00:00,576,2020-04-27T00:00:00,72,tmax_hot_in_harvesting
14,lasso,False,2024-04-22T00:00:00,785,2024-04-22T00:00:00,784,2024-04-22T00:00:00,784,2024-04-15T00:00:00,576,2020-04-27T00:00:00,72,tmin_cold_in_harvesting
14,lasso,False,2024-04-22T00:00:00,785,2024-04-22T00:00:00,784,2024-04-22T00:00:00,784,2024-04-15T00:00:00,576,2020-04-27T00:00:00,72,wheat_monthly_rv
14,lasso,False,2024-04-22T00:00:00,785,2024-04-22T00:00:00,784,2024-04-22T00:00:00,784,2024-04-15T00:00:00,576,2020-04-27T00:00:00,72,wheat_seasonal_rv
14,lasso,False,2024-04-22T00:00:00,785,2024-04-22T00:00:00,784,2024-04-22T00:00:00,784,2024-04-15T00:00:00,576,2020-04-27T00:00:00,72,wheat_weekly_rv
14,lasso,True,2024-06-17T00:00:00,793,2024-06-17T00:00:00,792,2024-06-17T00:00:00,792,2024-06-10T00:00:00,584,2020-06-22T00:00:00,73,NAO_index
14,lasso,True,2024-06-17T00:00:00,793,2024-06-17T00:00:00,792,2024-06-17T00:00:00,792,2024-06-10T00:00:00,584,2020-06-22T00:00:00,73,pdsi_extreme_wet_in_harvesting
14,lasso,True,2024-06-17T00:00:00,793,2024-06-17T00:00:00,792,2024-06-17T00:00:00,792,2024-06-10T00:00:00,584,2020-06-22T00:00:00,73,pdsi_extreme_wet_in_planting
14,lasso,True,2024-06-17T00:00:00,793,2024-06-17T00:00:00,792,2024-06-17T00:00:00,792,2024-06-10T00:00:00,584,2020-06-22T00:00:00,73,pdsi_severe_drought_in_harvesting
14,lasso,True,2024-06-17T00:00:00,793,2024-06-17T00:00:00,792,2024-06-17T00:00:00,792,2024-06-10T00:00:00,584,2020-06-22T00:00:00,73,pdsi_severe_drought_in_planting
14,lasso,True,2024-06-17T00:00:00,793,2024-06-17T00:00:00,792,2024-06-17T00:00:00,792,2024-06-10T00:00:00,584,2020-06-22T00:00:00,73,pdsi_very_wet_in_planting
14,lasso,True,2024-06-17T00:00:00,793,2024-06-17T00:00:00,792,2024-06-17T00:00:00,792,2024-06-10T00:00:00,584,2020-06-22T00:00:00,73,soybeans_weekly_rv
14,lasso,True,2024-06-17T00:00:00,793,2024-06-17T00:00:00,792,2024-06-17T00:00:00,792,2024-06-10T00:00:00,584,2020-06-22T00:00:00,73,spi_7d_very_dry_in_planting
14,lasso,True,2024-06-17T00:00:00,793,2024-06-17T00:00:00,792,2024-06-17T00:00:00,792,2024-06-10T00:00:00,584,2020-06-22T00:00:00,73,ssta_lanina
14,lasso,True,2024-06-17T00:00:00,793,2024-06-17T00:00:00,792,2024-06-17T00:00:00,792,2024-06-10T00:00:00,584,2020-06-22T00:00:00,73,tmax_hot_in_harvesting
14,lasso,True,2024-06-17T00:00:00,793,2024-06-17T00:00:00,792,2024-06-17T00:00:00,792,2024-06-10T00:00:00,584,2020-06-22T00:00:00,73,tmin_cold_in_harvesting
14,lasso,True,2024-06-17T00:00:00,793,2024-06-17T00:00:00,792,2024-06-17T00:00:00,792,2024-06-10T00:00:00,584,2020-06-22T00:00:00,73,wheat_monthly_rv
14,lasso,True,2024-06-17T00:00:00,793,2024-06-17T00:00:00,792,2024-06-17T00:00:00,792,2024-06-10T00:00:00,584,2020-06-22T00:00:00,73,wheat_seasonal_rv
14,lasso,True,2024-06-17T00:00:00,793,2024-06-17T00:00:00,792,2024-06-17T00:00:00,792,2024-06-10T00:00:00,584,2020-06-22T00:00:00,73,wheat_weekly_rv
14,lasso,True,2024-08-12T00:00:00,801,2024-08-12T00:00:00,800,2024-08-12T00:00:00,800,2024-08-05T00:00:00,592,2020-08-17T00:00:00,74,NAO_index
14,lasso,True,2024-08-12T00:00:00,801,2024-08-12T00:00:00,800,2024-08-12T00:00:00,800,2024-08-05T00:00:00,592,2020-08-17T00:00:00,74,pdsi_extreme_wet_in_harvesting
14,lasso,True,2024-08-12T00:00:00,801,2024-08-12T00:00:00,800,2024-08-12T00:00:00,800,2024-08-05T00:00:00,592,2020-08-17T00:00:00,74,pdsi_extreme_wet_in_planting
14,lasso,True,2024-08-12T00:00:00,801,2024-08-12T00:00:00,800,2024-08-12T00:00:00,800,2024-08-05T00:00:00,592,2020-08-17T00:00:00,74,pdsi_severe_drought_in_harvesting
14,lasso,True,2024-08-12T00:00:00,801,2024-08-12T00:00:00,800,2024-08-12T00:00:00,800,2024-08-05T00:00:00,592,2020-08-17T00:00:00,74,pdsi_severe_drought_in_planting
14,lasso,True,2024-08-12T00:00:00,801,2024-08-12T00:00:00,800,2024-08-12T00:00:00,800,2024-08-05T00:00:00,592,2020-08-17T00:00:00,74,pdsi_very_wet_in_planting
14,lasso,True,2024-08-12T00:00:00,801,2024-08-12T00:00:00,800,2024-08-12T00:00:00,800,2024-08-05T00:00:00,592,2020-08-17T00:00:00,74,soybeans_weekly_rv
14,lasso,True,2024-08-12T00:00:00,801,2024-08-12T00:00:00,800,2024-08-12T00:00:00,800,2024-08-05T00:00:00,592,2020-08-17T00:00:00,74,spi_7d_very_dry_in_planting
14,lasso,True,2024-08-12T00:00:00,801,2024-08-12T00:00:00,800,2024-08-12T00:00:00,800,2024-08-05T00:00:00,592,2020-08-17T00:00:00,74,ssta_lanina
14,lasso,True,2024-08-12T00:00:00,801,2024-08-12T00:00:00,800,2024-08-12T00:00:00,800,2024-08-05T00:00:00,592,2020-08-17T00:00:00,74,tmax_hot_in_harvesting
14,lasso,True,2024-08-12T00:00:00,801,2024-08-12T00:00:00,800,2024-08-12T00:00:00,800,2024-08-05T00:00:00,592,2020-08-17T00:00:00,74,tmin_cold_in_harvesting
14,lasso,True,2024-08-12T00:00:00,801,2024-08-12T00:00:00,800,2024-08-12T00:00:00,800,2024-08-05T00:00:00,592,2020-08-17T00:00:00,74,wheat_monthly_rv
14,lasso,True,2024-08-12T00:00:00,801,2024-08-12T00:00:00,800,2024-08-12T00:00:00,800,2024-08-05T00:00:00,592,2020-08-17T00:00:00,74,wheat_seasonal_rv
14,lasso,True,2024-08-12T00:00:00,801,2024-08-12T00:00:00,800,2024-08-12T00:00:00,800,2024-08-05T00:00:00,592,2020-08-17T00:00:00,74,wheat_weekly_rv
14,lasso,True,2024-10-07T00:00:00,809,2024-10-07T00:00:00,808,2024-10-07T00:00:00,808,2024-09-30T00:00:00,600,2020-10-12T00:00:00,75,NAO_index
14,lasso,True,2024-10-07T00:00:00,809,2024-10-07T00:00:00,808,2024-10-07T00:00:00,808,2024-09-30T00:00:00,600,2020-10-12T00:00:00,75,pdsi_extreme_wet_in_harvesting
14,lasso,True,2024-10-07T00:00:00,809,2024-10-07T00:00:00,808,2024-10-07T00:00:00,808,2024-09-30T00:00:00,600,2020-10-12T00:00:00,75,pdsi_extreme_wet_in_planting
14,lasso,True,2024-10-07T00:00:00,809,2024-10-07T00:00:00,808,2024-10-07T00:00:00,808,2024-09-30T00:00:00,600,2020-10-12T00:00:00,75,pdsi_severe_drought_in_harvesting
14,lasso,True,2024-10-07T00:00:00,809,2024-10-07T00:00:00,808,2024-10-07T00:00:00,808,2024-09-30T00:00:00,600,2020-10-12T00:00:00,75,pdsi_severe_drought_in_planting
14,lasso,True,2024-10-07T00:00:00,809,2024-10-07T00:00:00,808,2024-10-07T00:00:00,808,2024-09-30T00:00:00,600,2020-10-12T00:00:00,75,pdsi_very_wet_in_planting
14,lasso,True,2024-10-07T00:00:00,809,2024-10-07T00:00:00,808,2024-10-07T00:00:00,808,2024-09-30T00:00:00,600,2020-10-12T00:00:00,75,soybeans_weekly_rv
14,lasso,True,2024-10-07T00:00:00,809,2024-10-07T00:00:00,808,2024-10-07T00:00:00,808,2024-09-30T00:00:00,600,2020-10-12T00:00:00,75,spi_7d_very_dry_in_planting
14,lasso,True,2024-10-07T00:00:00,809,2024-10-07T00:00:00,808,2024-10-07T00:00:00,808,2024-09-30T00:00:00,600,2020-10-12T00:00:00,75,ssta_lanina
14,lasso,True,2024-10-07T00:00:00,809,2024-10-07T00:00:00,808,2024-10-07T00:00:00,808,2024-09-30T00:00:00,600,2020-10-12T00:00:00,75,tmax_hot_in_harvesting
14,lasso,True,2024-10-07T00:00:00,809,2024-10-07T00:00:00,808,2024-10-07T00:00:00,808,2024-09-30T00:00:00,600,2020-10-12T00:00:00,75,tmin_cold_in_harvesting
14,lasso,True,2024-10-07T00:00:00,809,2024-10-07T00:00:00,808,2024-10-07T00:00:00,808,2024-09-30T00:00:00,600,2020-10-12T00:00:00,75,wheat_monthly_rv
14,lasso,True,2024-10-07T00:00:00,809,2024-10-07T00:00:00,808,2024-10-07T00:00:00,808,2024-09-30T00:00:00,600,2020-10-12T00:00:00,75,wheat_seasonal_rv
14,lasso,True,2024-10-07T00:00:00,809,2024-10-07T00:00:00,808,2024-10-07T00:00:00,808,2024-09-30T00:00:00,600,2020-10-12T00:00:00,75,wheat_weekly_rv
5,lasso,False,2024-12-02T00:00:00,817,2024-12-02T00:00:00,816,2024-12-02T00:00:00,816,2024-11-25T00:00:00,608,2020-12-07T00:00:00,76,pdsi_extreme_wet_in_harvesting
5,lasso,False,2024-12-02T00:00:00,817,2024-12-02T00:00:00,816,2024-12-02T00:00:00,816,2024-11-25T00:00:00,608,2020-12-07T00:00:00,76,ssta_lanina
5,lasso,False,2024-12-02T00:00:00,817,2024-12-02T00:00:00,816,2024-12-02T00:00:00,816,2024-11-25T00:00:00,608,2020-12-07T00:00:00,76,wheat_monthly_rv
5,lasso,False,2024-12-02T00:00:00,817,2024-12-02T00:00:00,816,2024-12-02T00:00:00,816,2024-11-25T00:00:00,608,2020-12-07T00:00:00,76,wheat_seasonal_rv
5,lasso,False,2024-12-02T00:00:00,817,2024-12-02T00:00:00,816,2024-12-02T00:00:00,816,2024-11-25T00:00:00,608,2020-12-07T00:00:00,76,wheat_weekly_rv
